u,i
0,1351
0,1867
0,749
0,2002
0,3130
0,758
1,2584
1,862
1,2887
1,2713
1,2198
2,1651
2,299
3,1878
3,1584
3,2626
3,2935
4,2357
4,1457
4,1461
4,529
4,985
5,225
5,2855
5,1645
6,2348
6,339
6,540
6,2049
7,525
7,165
7,2728
7,2059
7,2712
7,550
8,3150
8,297
8,178
8,3124
9,2316
9,2992
9,1086
9,2137
9,1647
9,1095
9,144
10,505
10,1989
11,1528
11,2397
11,2334
11,2297
11,2110
12,2031
12,1086
12,520
12,2206
13,982
13,971
13,2263
14,1957
14,1777
14,1799
14,673
14,1915
15,2677
15,1584
15,1836
16,2866
16,480
16,1348
17,756
17,1443
18,2179
18,2806
18,2989
18,2058
18,2233
18,2622
19,636
19,1907
19,1889
19,2825
20,2217
20,1836
20,1719
20,2482
20,1011
20,1673
20,1364
21,2532
21,1272
21,2482
21,2750
21,519
21,514
21,1623
22,824
22,1311
22,2622
22,963
22,2555
22,2462
23,231
23,2055
23,1337
23,22
23,1010
24,2759
24,2622
24,1303
24,1787
25,1925
25,2855
25,2927
25,845
25,256
26,751
26,2349
26,480
26,1830
28,1412
28,1394
28,1802
29,2
29,903
29,2934
29,2806
30,2742
30,384
30,2355
30,1336
30,2488
30,3116
31,2242
31,2268
31,3004
31,2614
31,3024
32,2521
32,329
32,3097
32,2413
32,1781
33,2502
33,587
33,2738
33,2958
33,0
33,520
33,1082
34,3172
34,663
34,1932
34,245
34,1397
34,1866
35,3042
35,1685
35,1713
35,632
36,1919
36,2829
36,983
36,2989
37,2240
37,2698
37,2750
38,1074
38,2125
38,1590
39,365
39,2630
39,1907
39,994
39,1464
40,1285
40,1623
40,734
40,1882
40,2171
40,1923
41,1276
41,2061
41,1661
41,1340
42,727
42,237
43,756
43,2592
43,2640
44,1847
44,3104
44,567
44,3177
45,3017
45,1027
45,704
45,3024
45,720
45,2764
46,1655
46,721
46,99
46,2089
47,736
47,1085
47,2622
47,1921
47,879
47,2393
47,1845
47,514
48,3131
48,962
48,1829
48,1113
48,1253
48,2657
48,1280
49,1279
49,438
49,3190
49,2015
50,1855
50,146
50,463
50,313
51,2376
51,1114
51,1563
52,873
52,2095
52,1048
52,2630
53,1347
53,2793
53,270
53,1071
54,1179
54,1838
54,2085
54,2397
54,1919
55,911
55,2049
55,1896
55,3175
55,870
56,1577
56,968
56,2317
56,1066
57,3012
57,2366
57,2020
57,2495
57,1392
58,2811
58,1939
58,1411
58,1113
58,2659
58,248
59,563
59,303
59,1816
59,1792
59,217
59,992
60,1128
60,1987
60,953
60,240
61,2458
61,946
61,1965
61,810
61,2047
61,460
62,202
62,1934
62,725
62,2614
62,1708
63,1997
63,1127
64,2104
64,782
64,874
64,2068
65,371
65,2818
65,3183
65,758
65,2775
66,3112
66,1332
66,647
66,1671
66,1945
67,1073
67,1232
68,1800
68,2557
68,2194
69,134
69,2398
69,2791
69,1737
69,2152
69,2126
70,2525
70,1195
70,875
70,273
70,979
70,1031
70,2961
71,2377
71,1512
71,1477
71,827
72,655
72,2846
73,2742
73,3024
73,292
73,1345
73,2594
73,1021
74,2574
74,3171
74,2217
74,922
74,1212
75,1406
75,1617
75,447
75,135
75,363
76,1301
76,874
76,2145
76,986
76,2062
77,721
77,876
77,1899
77,272
77,2057
77,3098
78,1698
78,2104
78,3062
78,862
78,2557
79,950
79,2807
79,1203
79,572
79,867
79,8
80,1557
80,1337
80,808
80,942
81,2432
81,572
81,963
82,1844
82,689
82,2110
83,1685
83,2473
83,1218
83,1156
84,2299
84,1383
84,2979
84,1448
84,369
84,3124
85,2934
85,1942
85,434
85,815
86,1104
86,201
86,979
86,2081
87,978
87,1702
87,2785
87,2059
87,464
87,2572
87,2216
87,695
88,120
88,1522
88,229
89,1355
89,334
89,1694
89,1585
89,2989
90,1440
90,379
90,1292
90,1063
90,1255
90,3175
92,2563
92,13
92,2751
92,2269
92,1848
93,176
93,3028
94,1294
94,522
94,1859
94,1523
95,2832
95,2806
95,2990
95,1693
95,1583
96,2062
96,1207
96,1169
96,1595
96,556
96,465
97,1237
97,1522
97,2186
97,1008
97,2889
98,825
98,2480
98,1197
98,1252
98,1683
98,1113
99,1939
99,1705
99,1055
99,2372
99,2560
99,881
99,1628
100,1489
100,2994
101,1562
101,557
101,2205
101,951
101,2246
102,1594
102,2547
102,2884
102,1919
102,3026
102,25
103,514
103,139
103,866
103,748
103,2729
103,456
104,2126
104,374
104,570
104,2296
104,1110
104,226
105,1623
105,574
105,1377
106,736
106,1735
106,2160
106,2409
107,3127
107,267
107,1273
107,1728
108,2467
108,2035
108,892
108,672
108,1030
109,2391
109,954
109,2730
109,765
109,1959
109,2136
110,952
110,2400
110,1719
110,297
110,1650
110,2401
111,1106
111,534
111,821
112,3033
112,2657
112,1188
112,1973
112,810
113,1310
113,3041
113,2525
113,971
114,905
114,692
114,2121
114,1004
115,1683
115,2898
115,1906
115,286
115,49
115,1016
115,1021
116,2052
116,2724
116,1067
116,540
116,1476
117,3173
117,2716
117,2325
117,1627
117,2707
118,1001
118,871
118,652
118,1027
119,1027
119,319
119,1996
119,1915
119,994
119,485
119,3085
120,1748
120,2031
120,961
121,1010
121,1765
122,643
122,1623
122,940
122,3031
123,2472
123,27
123,3035
123,1910
123,1998
124,620
124,928
124,674
124,1289
124,2133
125,2961
125,1030
125,1000
125,1338
125,732
126,2705
126,2168
126,1484
126,848
126,1011
126,609
127,1906
127,3071
128,155
128,2155
128,2026
129,1115
129,2382
129,515
129,922
129,321
130,1557
130,1954
130,180
130,1367
130,211
130,638
131,1655
131,204
131,2269
131,2168
131,2480
132,470
132,1568
132,1624
133,206
133,1908
133,1661
133,2518
133,659
133,2229
134,3124
134,1015
134,2168
135,1024
135,1290
135,557
135,708
136,2699
136,1134
136,1018
136,3147
136,1017
136,99
137,749
137,437
137,2453
137,817
137,836
138,3004
138,722
138,2208
138,2778
138,3075
139,2572
139,871
139,1085
139,2698
140,1671
140,3021
140,3036
140,991
140,79
140,1919
141,55
141,2585
141,2006
142,58
142,2400
142,3125
142,1263
143,2829
143,2030
143,3083
143,961
144,379
144,904
144,1793
144,1594
144,2880
145,1989
145,202
145,1720
145,491
145,2706
146,1528
146,1397
146,1272
146,604
146,1255
146,512
146,1571
146,1135
147,902
147,494
147,1409
147,1010
147,1006
148,1622
148,2829
148,1316
148,2803
149,490
149,895
149,438
149,333
149,584
150,2723
150,2216
150,3147
150,68
150,142
150,63
151,1526
151,211
151,2157
151,1867
151,225
152,922
152,2564
152,561
152,1663
152,2588
153,1938
153,2506
153,3075
153,1995
153,1598
154,3129
154,665
154,2247
154,1732
154,2827
155,3051
155,2310
155,2820
155,3056
155,3129
156,1883
156,1392
156,2199
157,751
157,2521
157,2426
157,233
157,1575
157,2543
157,192
158,2555
158,134
158,597
158,2554
158,1708
158,1704
158,2110
159,2542
159,389
159,1229
159,2195
159,876
160,3056
160,1671
160,3075
160,932
160,1296
161,810
161,70
161,1920
161,334
161,604
162,1417
162,3163
162,2783
162,895
162,2297
162,1863
162,2368
162,637
163,2881
164,270
164,2378
164,2532
164,1816
165,756
165,1031
165,1051
165,2
165,2601
166,3125
166,1851
166,945
166,1255
167,1881
167,2437
168,2357
168,3129
169,722
169,1066
169,2376
170,146
170,991
170,1015
171,2873
171,2310
171,1329
171,1223
172,199
172,6
172,2946
173,1594
173,1078
173,803
173,1940
173,3177
174,2709
174,99
174,39
175,2314
175,3127
175,751
175,2777
176,3091
176,2962
176,1524
176,505
177,2034
177,2254
177,1907
177,2380
177,1490
178,2614
178,508
178,1397
178,202
178,3137
178,213
179,2927
179,1733
179,2557
179,2799
180,3017
180,784
180,1775
180,2110
180,587
180,1626
181,100
181,465
181,1619
182,1279
182,2095
182,3075
182,2425
182,321
182,611
182,1464
183,2057
183,926
183,91
183,2328
184,2854
184,2344
184,2271
184,1793
184,1839
185,338
185,1588
185,333
185,459
185,2759
185,873
186,1179
186,2445
186,676
186,1671
186,179
187,2110
187,1935
188,1937
188,518
188,2057
188,3163
188,1668
189,2636
189,876
190,454
190,457
190,1245
190,666
190,2631
191,980
191,2342
191,2335
191,1102
191,565
192,1703
192,1480
192,49
192,2686
192,1099
193,1187
193,3075
193,2654
193,877
193,2090
193,2372
193,922
193,1896
194,987
194,1822
194,127
194,813
194,2737
194,1479
194,237
194,1860
194,1007
195,3041
195,1995
195,2382
195,8
195,43
196,1299
196,1434
196,1403
196,1130
196,2300
197,448
197,2195
197,194
197,2360
198,49
198,2825
198,2254
199,1848
199,329
199,3024
200,1111
200,788
200,792
200,433
200,245
201,2124
201,1096
201,2410
202,2317
202,2133
202,2195
202,3061
202,705
202,710
202,1107
203,2325
203,201
203,1235
203,736
203,1446
203,1006
204,1530
204,1027
204,67
204,2759
204,2784
204,849
204,1443
204,1461
205,204
205,3061
205,3103
205,1614
206,2546
206,3146
206,1479
206,1608
207,479
207,1837
207,997
208,758
208,749
208,1605
208,2522
208,750
209,1340
209,3053
209,3020
209,878
209,2702
209,131
210,1211
210,2922
210,1131
210,935
210,1369
210,1016
211,2650
211,3078
211,927
212,622
212,1696
212,640
212,1527
212,2220
213,952
213,2214
213,2637
213,2922
213,2521
214,532
215,1820
215,2057
215,733
216,1817
216,323
216,1883
216,2474
216,3065
216,27
217,838
217,920
217,2492
218,2759
218,2515
218,2750
218,1071
218,600
219,2785
219,1626
219,539
219,1752
219,1721
219,2095
220,0
220,2704
220,1446
221,95
221,1082
221,1569
221,2061
221,1282
222,933
222,1813
222,849
222,1904
222,1372
222,334
222,898
223,2114
223,3003
223,2490
223,2081
223,172
224,2477
224,649
224,1290
224,240
225,3067
225,721
225,1380
225,909
225,1874
226,1748
226,2617
226,163
226,1039
226,1482
226,2523
227,2029
227,1693
227,2653
227,434
227,324
227,464
228,2996
228,715
228,2333
228,811
228,2816
228,1134
229,2473
229,2171
229,3103
229,952
230,2832
230,1748
231,438
231,2626
231,477
231,2194
231,472
232,297
232,2766
232,1683
232,1181
233,755
233,272
233,852
233,2296
233,1812
233,304
234,3062
234,92
234,226
234,1280
234,1081
234,390
234,2937
234,1816
235,1292
235,98
235,2749
235,2160
235,3169
236,3004
236,879
236,1921
236,3169
236,294
236,1906
236,2961
236,3185
236,963
237,1397
237,2
237,375
237,172
237,3052
238,1732
238,2772
238,1025
238,1085
238,1557
239,921
239,290
239,1796
239,2815
239,757
239,3078
240,1773
240,1684
240,2719
240,2791
240,21
241,2504
241,1199
241,1790
241,1907
241,2357
241,476
242,2711
242,2786
242,2707
242,2384
242,2371
242,1624
242,2054
243,1934
243,2264
243,573
243,956
243,1928
243,1958
244,1809
244,2341
244,1460
245,1787
245,2442
245,1030
245,1708
245,1041
245,873
245,701
246,1487
246,478
246,2759
246,2613
246,2841
247,2958
247,1037
247,2409
248,2489
248,1813
248,2792
248,1371
248,1082
249,1525
249,962
249,2659
249,2684
249,1377
249,1029
250,540
250,546
250,2962
250,991
250,2982
250,2906
250,1427
251,1623
251,181
251,1179
251,1280
251,1338
251,1455
252,2065
252,2400
252,1639
252,1941
252,1255
252,20
253,46
253,1172
253,2254
253,2659
253,2583
253,81
254,2719
254,2466
254,269
255,325
255,2040
255,98
255,2867
256,761
256,951
256,152
256,373
256,1017
256,1719
257,2044
257,2432
257,274
257,2195
258,199
258,162
258,626
258,2271
258,2799
258,1565
258,2731
259,3020
259,1400
259,3017
259,2860
260,229
260,1933
260,296
260,1761
260,2459
261,2031
261,2493
261,2619
261,2289
261,700
261,2034
262,2047
262,1180
262,2376
262,2554
263,72
263,2990
263,623
264,3042
264,1380
264,315
264,2496
264,1328
264,1195
264,1573
265,989
265,1179
265,802
265,203
265,2975
265,2168
265,252
265,2095
266,918
266,2460
266,1832
266,1173
267,1563
267,1244
267,1632
267,1880
267,3090
267,1323
268,1702
268,1785
268,2284
268,1748
269,2349
269,864
269,1070
269,374
269,2521
269,3183
270,1073
270,2551
270,1356
270,1691
270,2246
271,74
271,1451
271,1118
271,975
271,1326
272,2853
272,1846
272,1306
272,2849
272,638
273,1829
274,1702
274,1800
274,742
274,2353
275,803
275,714
275,416
276,3125
276,70
276,2523
276,2571
276,2140
277,866
277,411
277,2145
277,581
277,1910
278,169
278,2635
278,1651
278,2316
278,3090
278,1796
278,1149
279,710
279,489
279,1085
279,2839
279,1800
279,176
279,2835
280,972
280,250
280,1754
280,1028
280,3041
281,1734
281,2900
281,1974
281,2363
281,704
281,2754
281,2681
282,588
282,1472
282,991
282,162
282,1482
282,2409
283,1281
283,1950
283,297
284,978
284,3146
284,3014
285,1911
285,2449
285,2616
285,237
285,989
285,1631
286,2078
286,2484
286,751
286,1647
286,1167
287,17
287,320
287,1016
287,1770
287,417
288,820
288,2657
288,200
289,254
289,95
289,924
289,649
289,1021
289,75
289,395
290,2204
290,2247
290,1575
290,376
291,1810
291,2555
291,1693
291,1733
291,1028
292,2766
292,3005
292,1650
292,2257
293,1723
293,1519
293,2530
293,2302
293,1138
294,2169
294,930
294,2465
294,2392
295,2176
295,2946
295,2507
295,338
296,2160
296,955
296,1481
296,771
296,2249
296,640
297,2635
297,204
297,202
297,2753
297,2819
298,1033
298,2326
298,108
298,448
299,1876
299,2793
299,3190
300,1577
300,823
301,641
301,1905
301,1610
301,2542
302,1937
302,1929
303,2746
303,367
303,1937
303,728
303,476
304,643
304,1737
304,729
304,2779
304,1251
304,325
304,1118
305,2308
305,334
305,2471
305,409
305,1521
306,1919
306,1699
306,3150
306,1266
307,33
307,2558
307,1010
308,2326
308,2671
308,1730
308,2327
309,3110
309,2822
309,1389
309,2658
309,805
309,384
310,598
310,2485
310,1911
311,1876
311,2862
311,518
311,1923
312,2446
312,789
312,2817
312,901
313,757
313,2386
313,2977
314,2837
314,404
314,2503
314,1995
314,529
315,892
315,2031
315,1499
316,956
316,322
316,1181
316,844
316,2263
316,3004
317,2824
317,2386
317,1285
317,1683
317,1574
317,2195
318,49
318,2220
318,2567
318,2190
319,1296
319,1393
319,2616
320,1104
321,2473
321,2551
321,2430
321,393
321,531
321,1188
322,2151
322,907
322,871
324,2793
324,1925
324,2750
324,1940
324,1626
324,638
324,457
324,614
325,2887
325,260
325,3020
325,1237
326,2271
326,1119
326,1132
327,1935
327,1016
327,588
327,909
327,1848
327,2153
328,1834
328,2589
328,1980
329,882
329,2686
329,2507
330,2378
330,2349
330,1581
330,572
330,2359
330,64
330,2918
331,1974
331,2985
331,1251
331,2919
331,2914
332,37
332,1668
332,2641
332,147
332,1402
333,2003
333,952
333,2898
333,2621
333,3186
333,1977
333,1907
333,1921
334,178
334,86
334,1321
334,878
335,205
335,176
335,1495
336,677
336,880
336,3181
336,1075
337,2467
337,2830
337,1174
338,301
338,1114
338,2759
338,2029
338,123
338,296
339,2509
339,441
339,1827
339,2710
340,1863
340,1333
340,757
340,229
340,3078
340,2367
341,1179
341,1260
341,1778
341,1973
341,723
342,1659
342,2553
342,1496
342,1897
343,1773
343,930
343,598
343,421
343,1941
343,1911
344,1784
344,1105
344,1519
344,130
344,87
344,2829
344,784
344,2962
344,2549
345,2909
345,1030
345,1601
345,1290
345,1620
345,2341
345,790
346,874
346,2758
346,826
346,192
346,2962
346,1948
346,1809
346,423
347,3090
347,2473
347,410
347,2584
347,709
347,1560
348,2214
348,67
348,3020
348,1574
349,1000
349,374
350,1894
350,3183
350,1385
350,2249
351,2125
351,241
351,984
352,1281
352,1717
352,1048
352,1211
352,3083
352,1348
352,1642
353,10
353,106
353,2716
353,1881
353,2572
353,2085
353,2817
353,1961
353,2284
354,2391
354,1421
354,2227
354,1181
354,725
354,1174
355,1020
355,146
355,1709
355,1350
355,2453
355,1095
356,2530
356,2684
356,2785
356,704
357,226
357,2961
357,392
357,2557
357,2512
357,2163
358,981
358,3127
358,1557
358,3181
358,1486
358,2194
359,185
359,1949
360,1015
360,127
361,2079
361,2218
361,2448
361,1359
361,1729
361,2205
362,1740
362,2110
362,1495
362,1395
362,2214
363,2254
363,374
363,2194
363,1305
363,2055
363,2316
363,1919
363,299
364,1580
364,3008
364,284
364,952
365,2349
365,1587
366,272
366,1385
366,2502
366,108
367,2097
367,1440
367,1641
367,673
368,3184
368,1272
368,2806
368,376
368,402
369,1793
369,1923
369,810
369,2353
369,1131
369,170
369,92
369,2623
370,2027
370,1623
370,128
370,524
370,225
371,23
371,354
371,314
371,1591
371,2399
371,2704
372,1575
372,1932
372,1571
373,2081
373,2069
374,1872
374,1642
374,2880
375,2815
375,976
375,2719
375,725
375,1525
375,1399
376,1987
376,2511
376,1937
376,524
376,1298
376,818
376,3152
377,1601
377,1639
377,1574
377,1450
377,2998
377,1929
377,577
378,1159
378,2147
379,556
379,521
379,2133
379,2584
379,1676
379,2381
380,922
380,813
380,705
380,1557
381,1940
381,254
381,2848
381,1005
381,545
381,2309
381,13
382,1658
382,663
382,1606
382,2924
382,879
382,648
383,1251
383,3078
383,1524
384,180
384,178
384,2596
384,1917
384,1462
385,295
385,2422
385,1531
385,3016
385,915
386,3172
386,719
386,2738
387,2597
387,597
387,935
388,1722
388,585
388,1183
388,1765
389,441
389,1131
389,560
389,2266
390,1822
390,2081
390,296
391,1867
391,1642
391,626
391,2446
391,1670
392,1321
392,2160
392,1348
392,2466
392,2518
392,1980
392,1173
392,1136
393,2934
393,1601
393,1095
394,3093
394,1726
394,1524
394,409
394,1478
394,1534
394,2002
395,3157
395,2100
395,2376
395,301
395,373
396,1588
396,1419
396,2036
396,1113
396,1441
396,1950
396,322
397,1216
397,2019
397,1813
397,1811
398,962
398,60
398,72
398,2152
398,1493
398,321
398,1781
399,1937
399,1365
399,2914
399,3161
399,63
399,2498
399,2522
399,305
400,878
400,2622
400,3009
400,2198
400,1931
401,991
401,1015
401,1525
401,1184
401,1252
402,940
402,2630
402,1813
402,2114
402,2954
402,1421
403,2832
403,3139
404,1718
404,676
404,1393
404,1515
404,545
404,1722
405,1195
405,1901
405,870
406,16
406,2360
406,1022
406,305
406,1719
406,3015
406,236
407,2439
407,199
407,2630
408,927
408,2975
408,2095
408,1404
408,1507
409,1341
409,2565
409,1251
409,2052
409,212
409,95
410,266
410,2395
410,934
411,2829
411,260
411,921
411,3163
411,2083
411,377
412,1828
412,1590
412,2521
412,2522
412,2872
413,560
413,2309
413,1027
413,1509
413,2163
414,2830
414,297
414,1014
414,3024
414,1244
414,3093
415,3054
415,1637
415,742
415,2122
415,1272
416,1003
416,120
416,2105
416,454
417,2040
417,252
417,407
417,970
417,1063
417,793
418,2907
418,2546
418,1128
419,725
419,372
419,2168
419,2352
420,816
420,873
420,882
420,969
420,25
420,1290
420,1781
421,1493
421,1991
421,2272
421,1668
422,1572
423,2438
423,3123
423,1690
423,2199
424,2699
424,919
424,992
424,10
424,2751
425,1103
425,2216
425,1694
425,1328
425,2327
426,2632
426,1922
426,276
426,32
427,1355
427,749
427,673
427,226
428,1125
428,260
428,921
428,2621
428,2841
429,952
429,1840
429,2158
429,811
430,2766
430,2243
431,1703
432,604
432,540
432,2704
432,2381
433,1889
433,2623
434,2533
434,2913
434,336
434,2719
434,2518
434,2430
435,2706
435,1779
435,2974
435,2168
435,1719
435,1838
435,2705
436,172
436,1761
436,1048
436,905
436,2118
437,3053
437,176
437,1560
437,963
437,521
438,2478
438,2586
438,711
438,880
438,3033
438,2028
438,1503
438,2823
439,1855
439,303
439,2246
439,2496
439,2630
439,1752
440,1314
440,715
441,2466
441,1689
441,2189
441,533
442,3093
442,570
443,321
443,848
443,614
444,750
444,588
444,1876
444,1298
444,1780
444,1692
444,2887
444,563
445,1691
445,815
445,2740
445,1572
445,296
446,933
446,2473
446,919
446,67
446,679
446,723
447,101
447,809
447,2050
447,1042
447,699
448,3180
448,1655
448,1933
448,1832
448,1023
448,2596
449,1292
449,1127
450,2583
450,756
450,2240
450,2862
450,1730
451,1464
451,2419
451,2901
451,2910
451,2030
451,1118
452,985
452,1913
452,1921
452,1846
452,746
452,1862
452,1461
453,2745
453,1521
453,1575
453,1519
453,1823
453,1431
453,2593
455,1879
455,1982
456,633
456,1922
456,3147
456,366
456,1460
456,1851
457,1613
457,2041
457,3091
457,2601
457,2218
458,467
458,321
458,3190
458,2924
458,1491
458,2624
458,2738
459,1793
459,2849
459,332
459,539
459,3058
459,937
460,2925
460,1021
460,1734
460,2422
460,974
461,1996
461,321
461,714
461,2314
462,1939
462,1298
462,361
462,1280
462,2998
462,355
462,793
463,1730
463,6
463,2800
463,1504
463,2982
463,2496
463,1638
463,1011
463,1704
464,142
464,218
464,1020
464,229
464,1813
464,2501
465,817
465,2252
465,1779
465,1780
465,2565
466,1640
466,463
466,771
466,2186
466,2171
466,1073
467,2550
467,1825
467,1717
467,958
468,1736
468,2371
468,2780
468,753
468,2827
469,199
469,1169
469,2141
469,1930
469,1348
470,240
470,663
470,1029
470,2671
470,648
471,2607
471,2552
471,1168
471,2769
472,2855
472,2790
472,677
473,908
473,120
473,448
473,2641
473,126
474,1635
474,716
474,2031
474,408
474,2029
474,1361
474,757
475,2101
475,1936
475,2019
476,2814
476,604
476,578
476,1515
476,818
476,2162
476,2314
476,2839
477,2505
477,2717
477,325
477,2742
477,1159
478,3126
478,3062
478,480
478,1787
479,21
479,2941
479,1235
480,217
480,1479
480,2764
480,1636
480,2411
481,1718
481,269
481,594
481,647
481,1027
482,860
482,1831
482,550
482,394
482,2109
482,2391
483,2104
483,2030
483,2650
483,2052
484,1655
484,1020
484,3068
484,2049
484,2708
485,2771
485,820
485,737
486,2623
486,892
486,2145
486,467
487,905
487,3187
487,2006
488,2755
488,2827
488,82
488,1324
489,1684
489,1397
489,2104
489,530
489,2195
490,1732
490,230
490,127
491,176
491,1557
491,1127
491,1943
491,1801
492,3090
492,185
492,1906
492,2672
492,2853
493,2216
493,681
493,305
493,2782
493,2151
494,1830
494,1568
494,1120
494,1694
494,1941
495,1700
495,757
495,1642
495,1810
495,2161
495,2240
496,679
496,927
496,865
496,250
496,965
496,514
497,1013
497,784
497,1049
497,663
497,777
497,1728
498,2059
498,3183
498,1501
498,898
499,1102
499,3129
500,718
500,2451
500,1149
500,3089
500,715
500,2159
500,533
500,120
501,2639
501,3093
502,2595
502,2528
502,133
502,858
503,565
503,2478
503,2935
503,3186
503,2384
503,1351
504,1205
504,2328
504,1661
504,1567
504,1041
505,142
505,2724
505,1460
505,1905
505,1592
505,2026
506,2553
506,2779
506,593
507,2769
507,2167
507,2835
507,1290
507,718
507,1195
508,2243
508,489
508,1876
508,2519
509,2871
509,930
509,472
509,2334
509,3173
509,2785
509,1793
510,631
510,2850
510,1068
510,3087
510,1759
511,2026
511,1742
511,142
511,2452
511,1419
511,2666
512,983
512,1665
512,2777
512,3054
512,2094
512,2632
512,905
513,873
513,2628
513,2487
513,867
513,0
513,2489
514,760
514,1462
514,2131
514,3103
515,3033
515,2353
515,1195
515,1159
516,992
516,1573
516,519
516,2592
516,1996
516,2738
517,1886
517,2445
517,1286
517,1798
517,1516
518,2176
518,2914
518,310
518,2415
518,1047
518,2110
519,2729
519,101
519,699
519,2453
519,2970
520,1813
520,139
520,3187
520,1218
521,1809
521,1585
521,45
522,2398
522,538
522,358
522,2368
522,2634
523,1674
523,2724
524,1773
524,1523
524,877
524,736
524,2621
524,910
524,717
525,676
525,1344
525,695
525,573
525,323
525,1493
526,226
526,2557
526,626
526,818
527,1421
527,876
527,1073
527,1173
527,2139
527,2302
528,979
528,1431
528,1450
528,2121
528,806
528,1228
529,1573
529,2094
529,2002
529,756
529,2800
530,2665
530,979
530,2218
530,707
530,2703
531,847
531,1078
531,866
531,1775
532,269
532,1677
532,1805
532,1456
533,1206
533,15
534,1461
534,1907
534,2186
534,821
534,399
535,1338
535,2924
535,1318
535,2183
536,3020
536,2594
536,1001
536,2300
537,2780
537,2355
537,827
538,1816
538,1982
538,1443
538,2622
538,170
538,1921
539,2506
539,357
539,956
539,1491
539,1775
539,3016
539,2078
540,2575
540,882
541,524
541,584
541,103
541,2553
541,329
541,2557
542,1464
542,1623
542,1279
543,1879
543,1554
543,1179
543,1435
543,711
543,2998
543,714
543,2657
544,2764
544,1490
544,720
544,2446
544,1429
544,1659
545,1046
545,1761
545,2118
545,2706
545,2689
545,2774
546,2518
546,1321
546,1006
546,2864
546,2229
546,3126
546,2772
547,2109
547,1248
547,1051
547,2518
547,1127
547,3169
548,2623
548,391
549,2934
549,539
549,1021
549,1835
550,2425
550,2034
550,16
550,727
551,1068
551,727
551,865
551,679
551,1328
551,2
552,2970
552,1924
553,2529
553,374
554,2481
554,428
554,800
554,3068
554,1016
554,2434
554,3105
554,1611
555,25
555,1919
555,234
556,2002
556,1455
556,2023
556,14
556,3017
557,2891
557,2803
557,1851
558,1564
558,2489
558,1296
558,2366
558,1730
558,2595
558,2092
558,2549
558,1823
559,1366
559,29
559,3091
559,2958
560,32
560,3166
560,1483
560,1631
560,41
561,181
561,3133
562,306
562,1019
562,1911
562,940
563,1714
563,217
563,2494
564,1840
564,198
564,2507
564,550
564,245
564,531
564,2729
565,383
565,1209
565,42
565,1298
565,359
566,2979
566,2701
567,1734
567,536
567,3031
567,2574
567,2634
567,1012
567,1344
567,2114
568,714
568,943
568,524
569,1221
569,2327
569,862
569,2466
569,2
569,1703
570,305
570,2478
570,1289
570,2914
570,2140
571,604
571,2955
571,1099
571,2766
571,2677
572,163
572,366
572,1056
572,1288
573,996
573,1580
573,1913
574,1829
574,1886
574,623
575,1537
575,2168
575,1179
575,153
575,2979
575,134
575,1248
576,1965
576,2496
576,321
576,39
577,2150
577,2595
577,2366
577,1392
577,972
578,1450
578,1048
578,3166
578,43
578,2449
579,3004
579,539
579,2473
579,1525
579,2412
580,761
580,2969
580,2975
580,1200
580,739
581,374
581,387
581,875
581,1310
581,2488
582,2455
582,1600
583,2169
583,1172
583,2096
583,1039
583,43
584,859
584,508
584,2614
584,1516
584,310
584,2372
584,810
585,220
585,2771
586,2843
586,222
586,783
587,2019
587,848
587,2159
587,2515
587,1328
588,1305
588,408
588,560
588,38
588,1303
588,250
589,205
589,1147
589,2961
589,2877
589,2512
590,480
590,2581
590,2407
590,598
591,1478
592,1775
592,1526
592,2650
592,788
592,399
592,1381
593,508
593,1702
593,720
593,1817
593,3025
593,454
593,827
594,837
594,306
594,141
594,1370
594,1833
595,1394
595,1013
596,256
596,677
597,3041
597,1325
597,1441
597,2704
597,3050
598,2578
598,2525
598,2802
598,3059
599,374
599,2819
599,1128
599,1605
599,2139
599,2216
600,880
600,716
600,2612
600,1913
600,32
600,2492
601,56
601,344
601,3076
601,2626
601,314
601,563
601,1158
602,455
602,2300
602,2974
602,2901
602,2219
602,622
603,2104
603,160
603,1385
603,2907
603,142
603,325
603,1417
603,2791
604,1022
604,2090
604,1310
604,3008
604,315
604,2584
604,2379
604,1417
605,2488
605,1127
605,1896
605,274
605,2287
605,1266
606,922
606,2519
606,2140
606,448
606,2807
606,2110
606,29
607,836
607,2333
607,2243
607,478
607,1840
607,972
607,147
607,2548
608,2217
608,664
608,1586
608,922
608,1064
608,2150
608,1574
609,951
609,152
609,2959
609,2511
609,1119
609,915
609,2184
609,1239
610,873
610,762
610,971
610,1527
610,2183
611,1677
611,1217
611,2114
611,714
611,2160
611,2425
612,706
612,1514
612,749
612,927
612,1806
612,1557
612,722
612,1577
613,200
613,309
613,676
613,2900
613,2641
614,2593
614,1033
614,64
614,2827
614,2271
615,2622
615,3176
615,2921
615,2473
615,2528
615,3056
616,2263
616,1337
616,1181
616,394
616,1188
617,146
617,1009
617,10
617,2721
617,2833
618,2529
618,932
618,538
618,2296
618,1442
619,2913
619,2426
619,2654
620,2376
620,1971
620,1478
620,1974
620,237
621,2320
621,1647
621,602
621,3112
621,617
621,2078
621,1081
623,944
623,877
623,808
623,1641
624,1881
624,1812
624,330
624,998
624,1708
625,2719
625,1055
625,490
626,1005
626,3118
626,1377
626,2792
626,139
627,2133
627,1000
627,1998
628,810
628,2551
628,1987
628,1848
628,2198
628,2373
629,1915
629,2447
629,2100
630,416
630,2171
630,2717
630,2507
630,899
631,1147
631,1014
631,387
631,1481
631,2308
631,398
631,2040
631,1642
631,1636
632,2842
632,1904
632,956
632,2627
632,2923
633,2256
633,486
633,614
633,260
633,0
634,1799
634,751
634,2481
634,2449
634,214
634,1748
634,1977
634,2026
635,2205
635,531
635,2804
635,563
636,2349
636,1573
636,3089
636,1595
637,185
637,1073
637,2828
637,2448
638,2782
638,1728
638,1331
638,1930
639,749
639,1703
639,927
640,993
640,1306
640,328
640,438
641,3146
641,740
641,1939
641,9
641,836
642,347
642,560
642,369
642,523
642,2029
642,909
642,2913
643,1706
643,1211
643,3176
643,2030
643,2104
643,1980
644,2133
644,1730
644,1676
644,2936
645,351
645,2267
645,3052
645,2490
645,1941
645,2907
646,873
646,2914
646,2661
647,1732
647,2923
647,557
647,1179
648,269
648,882
648,488
648,1162
648,2905
649,2157
649,2928
649,1008
649,0
650,2397
650,2083
650,3091
650,1232
651,2737
651,1517
651,2749
651,2850
651,1696
652,2229
652,826
652,2434
653,3031
653,793
654,1027
654,67
654,1530
654,903
654,1691
654,2445
654,2216
655,694
655,2974
655,1156
655,3167
656,2344
656,1486
656,2258
656,2753
657,1021
657,2777
657,3033
657,2449
658,3095
658,28
658,1103
658,709
659,691
659,1573
659,1179
659,1249
659,1623
659,92
660,11
660,1415
660,2393
660,294
660,3049
661,1973
661,1375
661,2068
661,1855
662,1885
662,1721
662,1195
663,3161
663,844
663,508
663,562
663,16
664,2171
664,2878
665,817
665,1337
665,2318
665,2515
666,1322
666,1009
666,827
666,1628
667,1195
667,792
667,139
667,2105
667,796
667,1521
667,2353
668,2489
668,2997
669,2194
669,1680
669,1182
669,1526
670,2932
670,259
670,272
670,1034
670,41
671,793
671,1907
671,879
671,2705
671,2448
671,3083
671,2522
671,3176
672,984
672,448
672,3067
672,2074
672,1655
672,13
673,1702
673,3035
674,1495
674,761
674,615
674,3180
674,1624
674,748
675,956
675,2709
675,1020
676,1464
676,377
677,1388
677,837
677,1538
678,1252
678,882
678,1885
678,2965
678,2248
678,1629
678,1285
678,793
679,3059
679,25
679,2974
679,1085
679,1254
679,2521
680,531
680,621
680,3103
680,2630
680,2815
680,2629
681,1635
681,3057
682,812
682,976
682,1959
682,1462
682,979
682,1130
682,993
683,1484
684,2742
684,1632
684,2821
684,489
684,256
684,2623
685,2607
685,3068
685,3054
685,2798
685,185
686,1507
686,2835
686,1813
686,998
686,1829
686,2877
686,771
687,449
687,2736
688,18
688,1575
688,2257
688,836
688,205
688,280
688,1323
689,1001
689,704
689,489
689,92
690,1381
690,2639
690,73
690,400
690,1298
690,545
691,1851
691,3160
691,287
691,845
692,421
692,2168
692,6
693,757
693,2065
693,3160
693,674
694,2927
694,720
694,806
694,2990
694,1557
694,147
694,1965
695,1056
695,2456
695,92
695,2267
696,2287
696,1136
696,3075
697,42
697,986
697,2450
698,2784
698,1813
698,1907
698,522
699,3054
699,645
699,228
699,1108
699,2990
699,1386
699,1585
700,864
700,2054
701,1099
701,2247
701,243
701,1006
702,1669
702,2165
702,1274
703,23
703,2835
703,1587
703,363
704,1730
704,2905
704,937
705,2783
705,1143
705,1252
705,1389
706,237
706,3008
706,960
706,226
706,2327
706,480
707,2258
707,1654
707,1143
707,1380
707,1779
707,1791
708,67
708,3130
708,2511
708,878
708,200
709,1965
709,16
709,1431
710,1338
710,1664
710,3016
710,2205
710,3003
710,803
710,1274
711,563
711,2962
711,2910
711,1417
711,1987
711,2659
712,1569
712,1835
712,2366
712,2505
712,1141
712,869
713,2042
713,2040
713,1517
713,2241
713,2145
713,536
714,722
714,2622
714,127
714,386
714,1636
715,718
715,1218
715,730
715,2642
715,1321
715,1849
716,1853
716,3139
716,1012
717,2052
717,1477
717,2988
717,777
718,1133
718,717
718,345
719,317
719,829
719,1029
719,824
719,2489
720,1495
720,299
720,2713
720,3113
721,2058
721,700
721,379
721,1090
722,3183
722,818
722,903
722,3190
722,2492
723,2003
723,711
723,2220
723,330
723,2642
724,2090
724,986
725,134
725,1007
725,1103
725,709
726,266
726,1328
726,400
726,1629
726,3000
727,2789
727,3124
727,1679
728,490
728,2296
728,2357
728,2898
728,1950
729,2320
729,1029
729,1195
729,892
730,703
730,1510
730,448
731,1407
731,44
732,822
732,2068
732,204
732,681
732,881
732,3173
732,1612
732,3089
733,1655
733,2352
733,141
733,1915
733,2496
733,2297
734,208
734,3109
734,1062
735,1922
735,2715
735,313
735,377
736,815
736,1702
736,1737
737,2033
737,2961
737,1534
737,1110
737,2657
738,2706
738,2927
738,2488
738,226
738,1922
739,2055
739,2194
739,1867
740,2654
740,829
740,2970
741,2176
741,2840
741,984
742,649
742,990
742,2526
742,1996
742,1908
743,2631
743,1285
743,120
744,793
744,789
744,2915
745,1976
745,1255
746,1777
746,902
746,1341
746,1799
746,1305
746,641
747,128
747,447
747,681
747,1577
747,1580
747,1320
748,1058
748,746
748,313
748,1845
748,2672
748,3172
749,1991
749,2564
749,1067
749,938
749,951
749,1656
750,823
750,2030
750,355
750,876
750,2910
751,1021
751,1663
751,749
751,3024
751,2208
752,2505
752,1586
752,2959
752,2861
753,2880
753,1097
753,3176
754,3000
754,1720
755,2216
755,2263
755,1048
755,2989
756,1099
756,699
756,2473
756,1941
756,2907
757,2052
757,2632
757,1515
757,1334
757,355
757,2255
758,2539
758,1932
758,2769
758,2427
758,3024
758,1620
758,759
759,1911
759,578
759,1138
759,372
760,2677
760,98
760,1375
760,962
760,2557
760,536
761,1074
761,2564
761,2372
761,717
761,3005
762,1282
762,2835
762,2218
762,824
763,870
763,3096
763,347
763,1635
763,1829
763,2614
764,1967
764,2163
764,1908
764,1194
764,2180
765,2582
766,2594
766,2828
766,2880
766,1531
766,386
767,411
767,1800
767,1585
767,2893
768,1500
768,194
768,1024
768,98
768,2268
768,845
768,573
769,1098
769,2482
769,1885
769,1526
770,1156
770,2613
770,1206
771,452
771,1915
771,2262
772,1513
772,393
772,1603
772,1457
772,2624
772,1576
772,2145
773,2543
773,2780
773,2635
774,1305
774,372
774,117
775,2811
775,2766
775,2040
776,1899
776,1401
776,1337
776,536
776,2780
776,2399
777,1244
777,2878
777,640
777,91
778,352
778,2314
779,1405
779,2661
779,1172
780,1335
780,2409
780,2100
781,1661
781,1820
781,2704
781,3087
781,3172
782,2151
782,1639
782,253
782,3190
783,1642
783,476
783,2366
783,2460
783,469
783,1629
784,1488
784,305
784,1083
784,1525
784,2422
784,3156
785,1298
785,703
785,1043
785,457
785,268
785,2456
785,663
785,135
786,1491
786,2110
786,1002
786,1244
786,448
786,1274
786,1910
787,1523
787,2418
787,749
787,1007
788,1876
788,3079
788,2489
789,742
789,2584
789,300
790,1245
790,2518
790,1659
790,1727
791,2514
791,199
791,3125
792,181
792,858
792,1489
792,757
792,991
792,1747
793,1462
793,1935
793,2553
793,2817
793,1837
793,1636
794,1696
794,4
794,1908
794,881
794,1780
795,2960
795,3025
795,1730
795,1272
795,2446
795,638
796,1769
796,2410
796,722
796,3087
797,1486
797,1620
797,1682
797,2542
797,3127
798,1582
798,1007
798,3155
798,2738
799,2547
799,817
799,1833
799,3125
800,3164
800,1819
800,1009
801,2111
801,1280
801,1393
801,2975
801,1662
801,3053
801,1855
801,1266
802,1296
802,2489
802,2742
802,124
802,1431
802,2705
802,2176
803,1223
803,2630
803,2739
803,737
803,73
803,1199
803,508
804,2465
804,2176
804,2846
804,1392
805,552
805,1724
805,147
805,2871
805,2091
806,1642
806,469
806,1867
806,2220
806,2778
807,2779
807,2637
807,1531
808,2565
808,1779
808,1085
808,2975
808,1667
809,540
809,666
810,2563
810,2739
811,1869
811,2067
812,2309
812,1027
812,1584
812,556
812,1028
813,272
813,1516
813,1976
813,552
813,849
813,2592
814,873
814,1784
814,1052
814,2568
814,1355
815,404
815,535
815,990
815,1848
815,2712
815,1120
816,267
816,540
816,2612
816,185
816,914
817,2328
817,487
817,508
817,3064
817,1032
818,714
818,1071
818,1768
819,2967
819,0
819,32
820,681
820,2616
820,1431
820,372
820,2165
820,384
821,928
821,979
821,981
821,2789
821,1499
821,963
821,1733
822,582
822,1046
822,1221
822,771
822,2159
822,2696
822,867
822,377
823,597
823,2567
823,557
823,878
823,294
824,1180
824,2319
824,1186
824,3052
824,3072
825,1380
825,1521
825,1724
825,2552
825,1732
826,1577
826,2817
826,1516
826,2553
826,1147
827,2521
827,1937
827,1996
827,614
828,2058
828,718
828,508
829,2961
829,711
829,1708
829,2563
829,463
829,330
830,724
830,855
830,910
830,2312
831,935
831,374
831,940
831,3028
831,1919
832,1717
832,2465
832,172
833,358
833,2413
833,565
833,2841
833,1237
833,2593
834,2515
834,1085
834,1421
834,185
834,2062
834,2716
834,2949
835,254
835,1679
835,992
835,245
835,1298
835,2240
835,257
836,2837
836,2003
836,2790
836,1127
836,1976
836,2799
836,2079
836,1961
837,1011
837,2800
837,762
837,1421
837,1388
838,2917
838,2382
838,1389
838,954
838,2386
838,2109
839,1348
839,2509
839,473
839,1965
839,1820
839,942
840,2535
840,2816
840,228
841,1555
841,2736
841,664
841,1335
841,960
841,443
842,990
842,410
842,733
842,265
842,2898
843,2044
843,2546
843,2115
843,718
843,8
844,1840
844,2785
844,1310
844,2509
844,1451
845,304
845,74
845,1310
845,728
845,529
845,86
846,2925
846,1117
846,424
846,680
846,1071
846,909
846,2422
847,1517
847,2123
847,1007
847,599
848,759
848,2028
848,2555
848,1845
848,1677
848,1532
849,2606
849,2979
849,1241
849,1584
850,1883
850,3146
850,224
850,2975
851,1578
851,2594
851,472
851,128
851,1603
851,1612
852,358
852,1223
852,2816
852,565
852,1289
852,2589
853,675
853,1728
853,2894
853,2158
853,394
854,2428
854,2689
854,1399
855,751
855,1855
856,516
856,426
856,2036
856,2152
857,3009
857,864
857,2471
858,1842
858,1878
858,2115
859,838
859,1957
859,1724
859,1787
860,908
860,2471
860,1017
860,1270
860,3085
860,533
861,1221
861,2570
861,2651
861,873
861,2
862,1525
862,1348
862,214
862,563
862,700
863,2114
863,2899
863,1409
863,2455
863,2381
864,2650
864,749
865,1203
865,2593
865,1018
865,1014
866,1732
866,2019
866,1908
866,1403
866,693
866,2097
867,1958
867,374
867,1245
867,1588
867,924
868,1194
868,2422
868,536
868,1383
869,276
869,2884
869,3027
870,2327
870,69
870,453
870,349
870,2146
870,225
870,289
870,1907
870,3058
871,667
871,2842
872,3001
872,2970
873,826
873,2041
873,2807
873,1084
873,1012
873,2865
873,1235
874,1060
874,1113
874,2690
874,822
874,1699
875,3125
875,2803
875,2376
875,1446
875,1888
875,121
875,1336
875,2110
876,1450
876,3026
876,541
877,584
877,2854
877,1248
877,942
877,1173
878,2385
878,1698
879,12
879,2674
879,513
879,3113
879,2327
880,1255
880,2036
880,2456
881,877
881,963
881,1779
881,2636
881,2665
882,1787
882,2712
882,1883
882,2317
882,1501
883,131
883,374
884,2325
884,2040
884,1179
884,2832
884,872
884,1879
884,327
885,1567
885,1110
885,660
885,577
885,1862
885,2102
886,1393
886,1459
886,2577
886,32
887,2593
887,64
887,1557
887,1151
887,2287
888,3004
888,950
888,908
888,1409
888,3076
888,1834
888,2579
888,48
888,2881
889,260
889,1690
889,892
890,749
890,2752
890,470
891,2563
891,1830
891,2698
891,1612
891,2950
892,879
892,198
892,1907
893,2339
893,1132
893,1348
893,1571
893,2023
893,1989
893,2400
894,3028
894,922
894,1665
894,3007
895,714
895,936
895,2755
895,3187
896,1245
896,2426
896,550
896,333
896,1310
897,1277
897,2934
897,2827
897,1006
897,3174
897,573
897,1688
898,2678
898,2384
898,2347
898,3057
898,1713
899,487
899,1690
899,117
899,962
899,210
899,2990
900,1733
900,1063
900,2419
900,2484
901,1668
901,982
901,2019
901,1623
901,1348
901,935
902,67
902,2059
902,2126
902,1158
902,637
903,1298
903,1676
903,1666
903,393
903,2141
903,2720
903,1006
904,812
904,1742
904,1676
905,243
905,1211
905,1849
906,325
906,1020
906,232
906,132
906,1528
906,877
906,922
907,1451
907,3187
907,10
907,2484
908,2100
908,489
908,1699
908,209
908,1971
909,921
909,10
909,1637
909,1122
909,2777
909,1015
909,2927
910,1306
910,1023
910,897
911,512
911,1138
911,214
911,1886
911,2583
911,1524
911,945
912,2856
912,1211
912,1340
912,20
912,1399
913,2083
913,254
913,2391
913,2168
913,545
913,2620
913,2778
914,1810
914,2632
914,1817
914,2708
914,2349
914,945
914,738
915,1520
915,823
915,829
916,1855
916,2502
916,2104
917,1711
917,213
917,574
917,408
917,521
917,1925
917,1123
918,2583
918,1020
918,1199
918,74
918,1732
919,536
919,2484
919,2241
919,2703
920,95
920,1861
920,1102
921,2680
921,1096
921,2736
921,2602
922,31
922,992
922,272
922,178
922,0
922,2779
923,1358
923,1125
924,491
924,161
924,1298
924,531
924,2090
924,306
925,2883
925,1151
925,2601
925,434
926,1787
926,1883
926,1684
927,1779
927,2025
927,1426
928,2218
928,1658
928,2225
928,1097
928,2386
928,2822
928,212
929,1590
929,3183
929,1582
929,2319
929,1823
929,1848
930,530
930,2964
930,270
931,3003
931,2297
931,637
931,1127
931,1903
931,1354
932,2785
932,1564
932,2814
932,1702
932,736
932,1627
933,1724
933,1766
933,1547
933,313
934,1920
934,371
934,2078
934,144
934,1446
935,2811
935,2030
935,574
935,2104
935,2675
936,2586
936,1793
936,48
936,2668
936,3033
936,2478
936,933
937,813
937,2033
937,1179
937,975
938,2825
938,484
938,32
938,2450
938,1298
939,1457
939,314
939,685
939,2866
939,1064
940,2100
940,1527
940,2783
940,1203
940,2094
940,1622
941,2622
941,885
941,1504
941,2026
942,1274
942,1527
942,1009
942,2745
942,1800
942,224
943,2553
943,326
943,1258
943,2964
943,1328
944,730
944,324
944,434
944,3078
945,1221
945,2094
945,2621
946,2027
946,960
946,50
946,1159
946,976
946,2502
946,1048
947,1204
947,2907
947,253
947,1911
947,2724
947,792
948,2271
948,2607
948,740
948,1996
949,3139
949,1012
950,2421
950,2494
950,1834
950,926
951,2801
951,2753
951,1882
951,1341
951,1937
951,757
951,1631
952,700
952,587
952,1361
952,3187
952,2222
952,2438
952,2571
953,1365
953,1796
953,753
953,1031
953,1380
954,3081
954,871
954,2093
954,2549
955,2841
955,170
955,938
955,565
955,2006
955,1078
956,1679
956,1582
956,970
956,676
956,1493
957,1581
957,2305
957,2518
958,2205
958,491
958,848
958,614
958,2601
959,1186
959,1292
959,2635
959,2626
960,593
960,1840
960,921
960,574
960,2668
961,305
961,1910
961,1881
961,2398
961,2085
962,2935
962,774
962,1995
963,1211
963,1451
963,1627
964,127
964,845
964,2393
964,1904
964,1691
965,2715
965,2728
965,714
965,2851
965,2979
965,2310
965,2596
966,86
966,2261
966,3188
966,601
966,2578
967,64
967,816
967,1002
967,2901
968,620
968,529
968,2832
969,112
969,821
969,829
970,1252
970,711
970,1290
970,1169
970,1846
970,2640
971,580
971,2125
971,950
972,1971
972,679
972,1600
972,1306
973,334
973,476
973,419
973,1623
973,851
973,716
974,3081
974,2961
974,1857
974,1066
974,987
974,751
975,2419
975,1096
975,1579
975,1930
975,489
975,2296
976,2195
976,192
976,2978
977,1048
977,2586
977,863
977,2473
978,563
978,1221
978,373
978,643
978,2916
979,281
979,2584
979,2518
979,1048
979,192
980,1696
980,2891
980,1529
980,594
980,2796
980,2542
980,2199
981,2711
981,449
981,2188
982,2584
982,755
982,2175
982,433
982,2458
983,2062
983,1235
983,1658
984,319
984,1940
984,1798
984,243
984,49
984,297
984,792
985,1288
985,1748
985,2407
985,1747
986,1026
986,2521
986,2875
987,2635
987,1397
987,1165
987,1971
987,1121
987,483
988,590
988,1443
988,1107
988,2861
988,989
988,974
989,2161
989,2003
990,2
990,519
990,2584
990,964
991,956
991,2505
991,944
991,1512
992,1786
992,1971
992,1420
992,2554
992,1701
993,2382
993,957
993,45
993,3057
993,2854
993,2568
993,3015
994,1531
994,2980
994,1393
994,2319
994,2547
994,266
995,1245
995,2110
995,1350
996,2349
996,1677
996,2346
996,852
996,3001
996,3025
997,1026
997,862
997,272
997,1655
998,1310
998,315
998,2728
998,1867
998,1765
999,1620
999,1585
999,2546
999,2779
999,1729
1000,573
1000,611
1000,1115
1000,2278
1000,2656
1000,538
1001,823
1001,732
1001,1446
1001,1099
1001,3061
1001,1086
1002,3074
1002,2711
1002,3051
1002,780
1002,948
1002,2659
1002,2921
1002,2778
1003,1862
1003,3024
1003,2616
1003,2451
1004,1116
1004,2780
1004,1431
1004,2719
1004,634
1005,2078
1005,997
1005,2336
1005,1801
1006,774
1006,1907
1006,879
1006,1105
1006,956
1006,705
1007,1575
1007,283
1007,129
1007,2623
1007,433
1008,383
1008,3043
1008,2753
1008,1792
1008,1719
1008,2983
1008,2709
1009,1919
1009,2415
1009,2712
1009,2690
1009,376
1009,778
1009,1737
1010,1773
1010,1517
1010,839
1010,661
1011,1907
1011,2859
1011,131
1012,1664
1012,1882
1012,3086
1012,2846
1012,1930
1012,2709
1013,1925
1013,1305
1013,2399
1014,879
1014,3173
1014,702
1015,1281
1015,498
1015,2984
1015,1132
1015,248
1016,649
1017,533
1017,1092
1017,2656
1017,2920
1017,2370
1017,2471
1018,1587
1019,3098
1019,2637
1019,1557
1019,945
1019,79
1020,1048
1020,2096
1020,716
1020,1281
1020,1228
1021,640
1021,340
1021,354
1021,2242
1022,9
1022,2595
1022,6
1022,1105
1022,1594
1022,39
1022,1346
1023,2601
1023,1852
1023,516
1023,144
1023,908
1024,2031
1024,1013
1024,2856
1024,877
1024,980
1024,2297
1025,3156
1025,2611
1025,2325
1026,32
1026,2365
1026,2153
1027,296
1027,941
1028,1576
1028,71
1028,1939
1029,3004
1029,588
1029,32
1029,957
1029,2405
1030,2087
1030,2594
1030,2568
1030,1464
1030,217
1031,3128
1031,751
1031,710
1031,1442
1032,2853
1032,765
1032,2427
1032,2320
1032,1800
1032,276
1032,2851
1033,68
1033,1274
1033,700
1033,851
1034,557
1034,518
1034,755
1034,1456
1035,2525
1035,1965
1036,2466
1036,3160
1036,2989
1037,1481
1037,1305
1037,1253
1038,1866
1038,371
1038,882
1038,2286
1038,2080
1039,2619
1039,643
1039,2101
1040,2161
1040,1813
1040,822
1040,1160
1040,3187
1041,421
1041,198
1041,2792
1042,2055
1042,2740
1042,1376
1042,475
1043,3123
1043,666
1043,1117
1044,3184
1044,1074
1044,2178
1044,2301
1044,1614
1045,2674
1045,1305
1045,3163
1045,2029
1045,725
1046,2148
1046,34
1046,130
1046,349
1047,16
1047,661
1047,3058
1047,2341
1047,1845
1047,155
1048,188
1048,1113
1048,2030
1049,2396
1049,67
1049,2498
1049,2318
1049,903
1049,3146
1050,253
1050,106
1050,38
1050,3024
1050,776
1050,3129
1051,1015
1051,2363
1051,1575
1051,2076
1051,2427
1051,2139
1051,2396
1052,989
1052,3125
1052,1696
1052,1677
1052,1695
1053,522
1053,73
1054,1421
1054,1639
1054,335
1054,1780
1054,2623
1054,986
1055,829
1055,2326
1056,1274
1056,1098
1056,524
1056,2814
1057,88
1057,1423
1057,1851
1058,2622
1058,1407
1059,742
1059,895
1059,1998
1059,1009
1059,1736
1060,1874
1060,2518
1060,244
1060,1071
1060,1736
1061,1713
1061,2774
1061,879
1061,230
1062,1058
1062,2155
1062,1523
1062,641
1062,2554
1063,1438
1063,1138
1063,2751
1064,435
1064,2320
1064,2785
1064,681
1065,2049
1065,267
1065,520
1065,2775
1065,2148
1065,334
1065,1207
1066,2529
1066,337
1066,522
1067,1421
1067,1171
1067,1626
1068,3063
1068,2391
1068,2448
1068,714
1068,2552
1069,2002
1069,1921
1069,3190
1069,44
1069,1403
1069,1971
1069,299
1070,1130
1070,1268
1070,330
1070,651
1070,530
1071,3008
1071,1505
1071,1688
1071,473
1071,751
1072,1987
1072,700
1072,1953
1073,2644
1073,1039
1073,3051
1073,3121
1073,447
1073,2659
1074,3042
1074,1211
1074,1518
1074,2827
1074,2133
1074,2754
1075,1027
1075,1780
1075,822
1075,2139
1075,2505
1075,1109
1076,1280
1076,2407
1076,2214
1076,2562
1077,2123
1077,720
1077,2318
1077,2905
1077,1099
1077,2370
1077,1272
1078,1935
1078,1920
1078,1073
1078,2771
1078,523
1079,51
1079,608
1079,2000
1079,286
1079,2672
1080,758
1080,1915
1080,770
1080,942
1081,1046
1081,1987
1081,498
1081,563
1081,3126
1081,1747
1081,2634
1082,704
1082,749
1082,2169
1082,2684
1083,1131
1083,1922
1083,1644
1083,1560
1084,421
1084,908
1084,2801
1084,1930
1084,1958
1084,1097
1085,1179
1085,1018
1085,1138
1086,3136
1086,1863
1086,3012
1086,417
1086,1253
1086,2357
1087,1640
1087,2161
1087,642
1087,2487
1087,347
1088,1690
1088,1844
1088,1704
1088,1997
1088,1971
1088,1371
1089,2036
1089,878
1089,1793
1089,1161
1089,2773
1090,2849
1090,2363
1090,2616
1091,974
1091,2028
1091,321
1091,1845
1091,1102
1091,2467
1092,2407
1092,2319
1092,1541
1092,3154
1092,3052
1093,622
1093,1314
1093,881
1093,1612
1093,1620
1093,2583
1093,1701
1093,231
1094,876
1094,2162
1094,2528
1094,700
1094,2684
1094,2064
1095,2871
1095,865
1095,2936
1095,759
1095,1835
1095,272
1095,2000
1095,2445
1096,2163
1096,20
1096,2560
1096,1804
1097,2907
1097,2318
1098,1965
1098,1392
1098,959
1098,1576
1098,1797
1098,3010
1098,204
1099,722
1099,1186
1099,1887
1099,2872
1100,2576
1100,2090
1100,1497
1100,875
1101,167
1101,961
1101,1272
1102,1573
1102,2955
1102,1884
1102,328
1102,1026
1102,2548
1103,1017
1103,1473
1103,319
1103,1388
1103,633
1103,2293
1104,2372
1104,1462
1104,860
1104,1572
1104,1742
1104,2906
1105,2363
1105,2544
1105,955
1105,1278
1105,2058
1106,510
1106,733
1106,1737
1106,1385
1107,986
1107,994
1108,2737
1108,1822
1108,1876
1109,704
1109,12
1109,2296
1109,465
1109,896
1110,736
1110,2835
1110,601
1110,2798
1110,3068
1110,1644
1110,2777
1111,352
1111,1644
1111,1241
1111,928
1111,2553
1111,2159
1111,1372
1111,2246
1112,2871
1112,1725
1112,636
1112,189
1112,1151
1113,2616
1113,2778
1113,1671
1113,1685
1113,788
1113,878
1114,742
1114,1908
1114,2473
1114,1522
1115,92
1115,2976
1115,1244
1115,1285
1115,79
1115,2601
1116,2480
1116,1696
1116,2507
1116,286
1116,110
1116,1039
1117,1381
1117,1688
1117,649
1117,1994
1117,2275
1118,859
1118,1843
1118,827
1118,3051
1118,2820
1118,958
1118,1228
1119,2563
1119,400
1119,2158
1119,1698
1120,87
1120,3185
1120,1348
1120,2955
1120,2019
1120,3103
1121,2182
1121,2918
1122,1179
1122,397
1122,2101
1122,2574
1123,2151
1123,2397
1123,980
1123,706
1123,2095
1124,474
1124,490
1124,1725
1124,1157
1125,86
1125,2269
1125,1186
1126,2716
1126,1770
1126,711
1126,2729
1126,1732
1126,900
1127,557
1127,2247
1127,2791
1127,2659
1127,1478
1127,759
1128,1258
1128,2086
1128,1696
1128,1085
1128,2843
1128,244
1129,521
1129,1009
1129,1042
1129,1527
1129,2999
1129,87
1129,1292
1129,643
1129,758
1130,631
1130,3180
1130,1421
1130,706
1131,2326
1131,682
1131,108
1131,1800
1131,2920
1131,1698
1131,2380
1132,1479
1132,2698
1132,1851
1133,2120
1133,2708
1133,88
1133,2560
1133,1583
1133,1973
1134,2779
1134,2857
1134,1021
1134,2911
1134,438
1134,1723
1135,2382
1135,1281
1136,2791
1136,1745
1136,298
1136,2921
1136,1135
1137,1532
1137,1797
1137,521
1137,2467
1137,1867
1138,2980
1138,685
1138,3097
1138,1632
1139,1376
1140,950
1140,3150
1140,2162
1140,48
1140,2076
1140,937
1140,374
1141,1254
1141,452
1142,2829
1142,667
1142,898
1142,1441
1143,374
1143,1698
1143,1975
1143,874
1143,1692
1143,2451
1144,1365
1144,146
1144,1995
1144,1671
1145,1668
1145,2044
1145,2176
1145,3101
1145,557
1145,963
1146,2325
1146,1235
1146,2469
1147,154
1147,883
1147,755
1147,2940
1148,1823
1148,2627
1149,1519
1149,1055
1149,2631
1149,1919
1150,907
1150,193
1150,839
1150,2837
1150,1138
1151,472
1151,2610
1151,3176
1151,960
1152,2698
1152,2049
1152,1337
1152,1024
1153,972
1153,557
1153,988
1153,2539
1153,3086
1154,646
1154,1816
1154,1171
1154,1223
1154,1393
1154,661
1155,2793
1155,901
1155,803
1155,1512
1155,1102
1155,1499
1155,3025
1156,993
1156,2274
1157,520
1157,940
1157,2892
1157,2100
1157,2272
1157,2661
1157,1991
1158,2001
1158,534
1158,2546
1158,521
1158,26
1159,2530
1159,2507
1159,2863
1160,2424
1160,426
1160,0
1160,1929
1160,2199
1160,1462
1161,2456
1161,826
1161,801
1161,589
1162,2316
1162,1576
1162,1799
1162,2742
1162,380
1163,2595
1163,1097
1163,2126
1163,2052
1164,2233
1164,860
1164,1867
1164,2442
1165,449
1165,1033
1165,1564
1166,1179
1166,2385
1166,2426
1166,1524
1166,2790
1167,1819
1167,1629
1168,2661
1168,915
1168,540
1168,1845
1168,775
1169,892
1169,2555
1169,2814
1169,1995
1169,540
1170,1087
1170,1306
1172,2267
1172,2891
1172,2041
1172,2141
1172,98
1172,2934
1172,810
1173,700
1173,1913
1173,1709
1173,214
1173,490
1174,1568
1174,2712
1174,2754
1174,2172
1174,2397
1174,1771
1174,3061
1175,98
1175,2813
1175,611
1175,2494
1175,1577
1176,524
1176,1442
1177,2489
1177,1071
1177,1279
1177,538
1178,1886
1178,2800
1178,3061
1178,2480
1178,2194
1178,1721
1178,299
1178,1628
1179,6
1179,993
1179,2601
1179,2052
1180,1718
1180,1181
1180,270
1180,2724
1180,490
1181,756
1181,3010
1181,898
1181,1797
1181,2611
1182,2919
1182,1855
1182,3091
1182,1625
1182,2789
1183,1060
1183,2494
1183,336
1184,396
1184,2842
1184,1482
1184,1113
1184,2145
1184,161
1184,480
1184,2360
1185,1260
1185,951
1186,1010
1186,588
1186,2002
1186,2620
1186,812
1186,1538
1186,1385
1187,2675
1187,584
1187,538
1187,1628
1187,2491
1188,267
1188,371
1188,529
1188,1207
1188,1115
1189,1141
1189,315
1189,2381
1189,294
1189,2194
1190,2627
1190,1844
1190,1823
1191,2025
1191,1538
1191,1965
1191,580
1192,733
1192,2005
1192,1388
1192,357
1192,2946
1192,11
1193,2830
1193,945
1193,141
1194,725
1194,1499
1194,1932
1194,99
1194,2031
1195,470
1195,521
1195,1632
1195,1539
1195,1456
1196,3004
1196,512
1196,3002
1197,1820
1197,1331
1198,476
1198,2034
1198,873
1198,1063
1198,1851
1198,1791
1199,2231
1199,703
1199,1754
1199,2759
1200,1780
1200,2791
1200,2851
1200,903
1201,2887
1201,608
1201,2793
1202,267
1202,1590
1202,1207
1202,2165
1202,2219
1203,214
1203,2797
1203,243
1204,1402
1204,2907
1204,1951
1204,827
1204,2626
1204,1104
1205,2419
1205,1775
1205,11
1205,3044
1205,48
1206,270
1206,2300
1206,2233
1206,2491
1207,726
1207,325
1207,2145
1207,540
1207,2837
1207,2995
1207,1478
1208,742
1208,2395
1208,127
1208,253
1209,1365
1209,728
1209,227
1209,825
1209,3161
1209,2086
1210,1802
1210,180
1210,2825
1210,396
1211,1725
1211,3156
1211,391
1211,2611
1211,1137
1212,1128
1212,2914
1212,3091
1213,279
1213,1572
1213,2192
1213,1748
1213,1292
1213,1348
1214,1957
1214,959
1214,876
1214,709
1214,1348
1214,1572
1214,1658
1215,1926
1215,2905
1216,924
1216,1799
1216,3024
1216,2856
1216,1688
1216,2505
1217,924
1217,1677
1217,230
1217,1799
1217,1671
1217,2325
1217,2411
1218,358
1218,858
1218,1573
1218,1770
1218,575
1218,2216
1219,792
1219,103
1220,806
1220,2878
1220,2855
1220,774
1221,2542
1221,1464
1221,2176
1221,87
1222,759
1222,1136
1222,1463
1222,563
1222,1937
1223,2905
1223,218
1224,140
1224,1128
1224,2079
1224,2145
1224,2907
1224,142
1225,3024
1225,2287
1225,2775
1225,2464
1225,673
1226,700
1226,2932
1226,1480
1226,2700
1227,54
1227,2280
1227,1078
1227,1658
1227,3105
1228,2543
1228,130
1228,2739
1229,1392
1229,2749
1229,1529
1229,2778
1229,1480
1230,1197
1230,2631
1230,407
1230,693
1230,3042
1231,286
1231,956
1231,1623
1231,3125
1232,822
1232,2634
1232,2833
1233,2139
1233,1491
1233,2995
1233,2854
1234,756
1234,3185
1234,194
1234,2868
1234,1029
1234,702
1235,1591
1235,746
1235,2347
1236,1531
1236,714
1236,2796
1236,2906
1236,2663
1237,1971
1237,376
1237,1476
1237,965
1237,1408
1237,1186
1238,1321
1238,3021
1238,2518
1238,828
1239,821
1239,1820
1239,2531
1239,2877
1240,2270
1240,374
1240,1521
1240,2630
1240,283
1240,2503
1240,1575
1240,678
1241,1702
1241,1270
1241,1027
1241,314
1241,1203
1241,2466
1242,1530
1243,1088
1243,2671
1243,2635
1243,881
1243,1631
1243,861
1244,1321
1244,2792
1244,1573
1244,2314
1244,260
1244,3006
1244,2927
1245,375
1245,605
1245,2637
1246,1580
1246,838
1246,1235
1246,464
1246,1530
1247,4
1247,1356
1247,423
1247,1127
1247,2978
1248,3083
1248,267
1248,10
1248,2572
1249,2837
1249,1056
1249,408
1249,2348
1249,2422
1250,1830
1250,1669
1250,1652
1250,1690
1250,956
1251,2019
1251,2385
1251,1102
1251,782
1251,987
1251,615
1252,2532
1252,2806
1252,713
1252,2753
1253,1272
1253,2894
1253,1852
1253,3124
1253,2160
1254,1750
1254,957
1254,2875
1254,930
1255,121
1255,739
1255,882
1255,530
1255,952
1256,1971
1256,1399
1256,1129
1256,1639
1256,946
1256,20
1256,1685
1257,2565
1257,1770
1257,751
1257,2472
1257,1823
1257,3183
1258,1717
1258,2876
1258,877
1258,2977
1258,1585
1258,2843
1259,2426
1259,751
1259,818
1259,1494
1259,1581
1259,2348
1259,2080
1260,28
1260,2985
1260,1176
1260,765
1260,2325
1261,1588
1261,3173
1261,1969
1261,3030
1261,1305
1262,1727
1262,871
1262,48
1262,416
1263,1173
1263,2764
1263,1214
1263,953
1263,1954
1264,593
1264,1761
1264,3055
1264,1072
1264,700
1265,3021
1265,266
1265,2410
1266,178
1266,2489
1267,2325
1267,2029
1267,1235
1267,648
1268,1531
1268,1055
1268,2546
1268,3041
1269,1361
1269,155
1269,2519
1269,3004
1269,1965
1269,1787
1270,2647
1270,2396
1270,1010
1270,909
1270,2025
1270,2568
1271,2317
1271,3055
1271,228
1271,175
1271,374
1272,1071
1272,714
1272,1333
1272,487
1272,2355
1273,1356
1273,1419
1273,3015
1273,563
1274,3017
1274,867
1274,3055
1274,927
1275,1630
1275,2821
1275,1723
1275,2393
1275,226
1276,1862
1276,748
1276,2983
1277,2569
1277,2489
1277,871
1277,1531
1277,284
1278,2798
1278,1852
1278,1702
1278,3027
1278,1029
1279,2069
1279,1741
1279,2978
1279,374
1279,1223
1279,943
1280,2829
1280,2801
1280,2478
1280,257
1280,1786
1281,2980
1281,1839
1281,1876
1281,693
1281,200
1282,3024
1282,1713
1282,2594
1282,1280
1283,3131
1283,423
1283,1573
1283,3126
1284,9
1285,1088
1285,452
1285,1733
1285,782
1285,1717
1286,2606
1286,115
1286,254
1286,3024
1286,1281
1286,74
1286,2419
1286,1443
1286,259
1287,1839
1287,1076
1287,1724
1287,2623
1287,1477
1287,637
1288,1810
1288,1590
1288,1819
1288,2017
1288,1353
1289,2541
1289,1848
1289,3156
1290,677
1290,2052
1290,1797
1290,1477
1291,237
1291,2249
1291,2482
1291,2160
1291,2963
1291,2171
1291,952
1292,2521
1292,2588
1292,2935
1292,2247
1292,253
1292,192
1293,2816
1294,834
1294,2979
1294,3042
1295,95
1296,1575
1296,344
1296,453
1296,3059
1296,2753
1296,2448
1296,1658
1296,964
1297,1125
1297,2975
1298,769
1298,736
1298,1620
1298,2090
1298,871
1298,2950
1299,789
1299,3009
1299,2989
1299,1524
1300,2990
1300,2057
1300,1290
1300,765
1301,3127
1301,1514
1301,367
1301,1732
1301,1010
1302,2349
1302,1694
1302,1393
1302,421
1302,393
1303,1773
1303,2456
1303,1742
1303,2791
1303,2906
1303,2247
1304,338
1304,1081
1304,2000
1304,2095
1304,3126
1304,380
1304,2271
1305,718
1305,2019
1305,2314
1305,1612
1305,1623
1306,2549
1306,2505
1306,2614
1306,3021
1306,2980
1306,2463
1307,1937
1307,2062
1307,1096
1307,2654
1307,2430
1308,1499
1308,2684
1308,374
1308,2010
1309,128
1309,945
1309,2111
1309,1041
1309,1426
1310,957
1310,400
1310,1696
1311,1509
1311,2110
1311,373
1311,1298
1311,2372
1312,1372
1312,565
1312,2521
1312,2383
1312,1600
1313,1768
1313,1942
1314,1320
1314,0
1314,103
1315,1775
1315,2555
1315,584
1315,1377
1315,2571
1315,714
1315,2557
1316,2645
1316,815
1316,1050
1316,728
1317,1655
1317,860
1317,79
1317,1298
1318,2488
1318,974
1318,448
1318,1294
1318,2151
1319,120
1319,2490
1319,89
1319,937
1319,1217
1320,2512
1320,1514
1320,2952
1321,373
1321,2141
1321,1973
1322,1932
1322,1703
1322,221
1322,608
1322,2287
1322,2570
1322,3127
1323,2505
1323,2016
1323,2254
1323,2728
1323,1919
1323,139
1324,177
1324,1933
1324,1226
1325,2013
1325,1055
1325,2854
1325,3162
1325,1785
1325,1484
1325,34
1325,2739
1326,979
1326,2946
1326,3042
1326,276
1326,2005
1326,1508
1327,3180
1327,962
1327,1159
1327,2177
1327,998
1327,3010
1327,908
1327,3008
1328,1166
1328,2492
1328,1190
1329,180
1329,2819
1329,211
1329,416
1329,875
1329,2218
1329,1669
1330,1567
1330,2989
1330,1718
1330,2521
1330,844
1331,1274
1331,1761
1331,1868
1331,2652
1331,552
1331,887
1332,2707
1332,1388
1332,1736
1333,1462
1333,1653
1333,2593
1333,2549
1333,1910
1333,3121
1334,2771
1334,874
1334,755
1334,1585
1334,1460
1335,1521
1336,229
1336,704
1336,939
1336,3055
1336,3017
1336,2858
1336,774
1337,1788
1337,1179
1337,956
1338,895
1338,244
1338,44
1338,1272
1339,540
1339,2426
1339,1869
1339,267
1340,2369
1340,1635
1341,2632
1341,679
1341,3071
1341,1287
1341,729
1341,2659
1342,2766
1342,681
1342,467
1343,1443
1343,230
1343,2759
1343,2191
1343,3091
1343,2949
1343,2788
1343,200
1344,871
1344,2529
1344,447
1344,57
1344,1503
1345,2100
1345,2227
1345,236
1345,354
1346,643
1346,463
1346,1688
1346,2802
1347,310
1347,1930
1347,2665
1348,487
1348,1462
1348,2370
1348,1009
1348,1637
1348,3107
1348,2240
1349,1489
1349,3125
1350,421
1350,470
1350,3044
1350,1603
1350,2168
1351,853
1351,2798
1351,700
1351,1417
1351,998
1351,1665
1352,1839
1352,1024
1352,1849
1352,1147
1352,1496
1353,1784
1353,2188
1353,2965
1353,938
1353,640
1353,1965
1353,2549
1354,1248
1354,2828
1354,1229
1354,296
1355,409
1355,1589
1355,1850
1356,2090
1356,2855
1356,1718
1356,1496
1357,1732
1357,1667
1357,1029
1357,1973
1357,2782
1357,2378
1357,2553
1357,704
1358,63
1358,469
1358,2459
1358,132
1359,2908
1359,1813
1360,714
1360,459
1360,964
1360,578
1360,1195
1360,297
1361,2544
1361,2565
1361,570
1361,611
1361,2192
1361,1667
1362,2381
1362,1753
1362,43
1362,2657
1363,3072
1363,1879
1363,2825
1363,225
1364,2036
1364,2793
1364,1481
1365,2705
1366,2904
1366,180
1366,3021
1366,1165
1366,2208
1366,1572
1367,557
1367,2058
1367,1530
1367,2558
1367,2111
1368,438
1368,2023
1368,2961
1368,972
1369,905
1369,1806
1369,771
1369,2665
1369,921
1369,2571
1369,225
1370,2139
1370,982
1370,942
1370,856
1370,873
1371,3137
1371,1042
1371,1337
1371,2391
1372,2216
1372,2408
1372,2678
1372,2855
1372,2339
1372,1817
1372,144
1373,1577
1373,1480
1373,22
1373,1338
1374,3190
1374,194
1374,1821
1374,55
1374,1840
1375,1395
1375,1182
1375,2208
1375,2114
1375,621
1375,2146
1375,2247
1376,127
1376,2191
1376,407
1376,2674
1376,1819
1376,210
1376,237
1376,1737
1376,1860
1377,1395
1377,1734
1377,3004
1377,1147
1377,1356
1377,129
1377,1489
1378,1816
1378,1125
1379,347
1379,323
1379,2778
1379,932
1379,523
1379,937
1379,2791
1379,1742
1379,920
1380,1753
1380,2568
1380,2789
1380,3035
1381,2338
1381,2873
1381,2358
1381,704
1382,1030
1382,267
1382,845
1382,1536
1382,2577
1383,1690
1383,2799
1383,962
1383,2642
1383,994
1383,792
1384,3160
1384,1159
1385,1356
1385,1450
1385,338
1385,1008
1385,3015
1385,1025
1385,2708
1385,1047
1385,2719
1386,536
1386,1577
1386,1074
1387,3098
1387,2569
1387,2449
1387,2663
1388,1051
1388,1748
1388,1110
1388,1490
1389,450
1389,1021
1389,944
1390,2467
1390,3113
1390,2109
1390,1446
1390,2243
1391,2605
1392,2344
1392,3057
1392,3130
1392,2746
1392,1134
1393,209
1393,2768
1394,1186
1395,1255
1395,2549
1395,2188
1395,2742
1395,728
1395,987
1395,2385
1396,1717
1396,1517
1396,2846
1396,626
1396,2214
1397,1849
1397,2317
1397,578
1398,1713
1398,1575
1398,968
1398,87
1399,1102
1399,1692
1399,2801
1400,2515
1400,2601
1400,2271
1401,1042
1401,1642
1401,1944
1401,1933
1402,3064
1402,3088
1402,328
1402,1767
1402,169
1403,2322
1403,131
1403,2793
1403,829
1403,1186
1404,744
1404,928
1404,968
1405,2065
1405,1515
1405,2498
1405,2421
1405,3096
1405,1007
1405,245
1406,2448
1406,915
1406,756
1406,1883
1407,1277
1407,2177
1407,3169
1407,924
1408,3054
1408,1131
1408,181
1408,748
1408,1563
1408,441
1408,2532
1409,793
1409,2946
1409,391
1409,1733
1409,1353
1409,2488
1409,606
1409,447
1410,1800
1410,1861
1410,2749
1410,1845
1410,2961
1411,227
1411,529
1411,925
1411,962
1411,916
1411,941
1412,226
1412,861
1412,2042
1412,1133
1412,1535
1413,3176
1413,821
1413,3024
1413,2797
1413,815
1413,2317
1413,2654
1414,1690
1414,2140
1414,2555
1415,930
1415,253
1416,1980
1416,2179
1416,421
1416,2746
1416,0
1416,967
1416,2785
1416,1934
1418,2783
1418,1845
1419,329
1419,1799
1419,1187
1419,909
1420,749
1420,894
1420,1702
1420,411
1421,2061
1421,551
1421,1581
1422,1733
1422,2739
1423,305
1424,613
1424,2659
1424,2160
1424,1099
1424,274
1425,1195
1425,2940
1426,1512
1426,1102
1426,2582
1427,212
1427,1476
1427,531
1427,1832
1427,2927
1428,2826
1428,1429
1428,827
1428,2190
1428,614
1429,907
1429,0
1429,856
1429,955
1429,1811
1430,1241
1430,2312
1430,1255
1430,1023
1430,2018
1430,2778
1431,2530
1431,1367
1431,1852
1431,994
1431,72
1431,2407
1431,409
1432,2707
1432,1840
1432,127
1432,2772
1432,1866
1432,2419
1432,1915
1432,990
1433,879
1433,1906
1433,3145
1433,1073
1433,530
1433,663
1433,310
1434,1725
1434,75
1434,2168
1434,2393
1434,921
1434,1723
1435,2422
1435,1184
1435,775
1436,1797
1436,2101
1436,2572
1436,879
1437,256
1437,1841
1438,2062
1438,178
1438,142
1438,2522
1439,2055
1439,354
1439,3147
1439,3187
1439,1033
1440,2041
1440,1863
1440,1670
1440,131
1440,557
1441,2031
1441,1732
1441,1690
1441,334
1442,1737
1442,1703
1442,1630
1442,860
1442,1337
1443,1431
1443,2849
1443,531
1444,1258
1444,3112
1444,945
1444,854
1445,2566
1445,793
1445,128
1445,711
1445,1419
1445,2871
1446,1310
1446,483
1446,581
1447,421
1447,306
1447,810
1447,3129
1447,1195
1448,2738
1448,2497
1448,631
1448,1882
1448,2232
1448,2962
1448,2835
1449,557
1449,601
1449,286
1449,2709
1450,274
1450,10
1450,2819
1450,2054
1450,870
1450,1336
1450,2781
1450,2785
1450,2247
1451,1440
1451,94
1451,2769
1451,2071
1452,1640
1452,1728
1453,2218
1453,978
1454,2802
1454,693
1454,2194
1454,998
1454,3022
1454,710
1454,2546
1455,352
1455,2935
1455,1123
1455,2591
1456,641
1456,434
1456,2012
1456,1534
1456,520
1456,2617
1457,565
1457,2750
1457,15
1457,104
1457,32
1458,2500
1458,1450
1458,1303
1459,2800
1459,2126
1459,989
1459,3126
1459,640
1459,2165
1460,1798
1460,1676
1460,211
1460,2297
1461,2133
1461,70
1461,3091
1461,2514
1461,746
1462,1248
1462,520
1462,321
1462,1937
1462,456
1462,2935
1463,374
1463,1344
1463,16
1464,2032
1464,1021
1464,290
1464,1229
1464,2521
1464,308
1465,2488
1465,104
1465,993
1465,1033
1466,878
1466,920
1466,82
1466,3161
1467,646
1467,1381
1467,2551
1467,1248
1467,2779
1467,73
1468,967
1468,2675
1468,34
1468,1356
1468,144
1468,311
1468,581
1469,1525
1469,3172
1469,1127
1469,2528
1469,700
1469,1718
1469,873
1470,2010
1470,950
1470,1732
1470,515
1470,1492
1470,2658
1471,2446
1471,2352
1471,1793
1471,896
1471,1049
1472,717
1472,2991
1472,2880
1472,1477
1472,2623
1472,367
1473,2842
1473,1580
1473,3180
1473,2467
1474,2611
1474,1438
1474,250
1474,240
1474,2856
1474,2267
1474,1402
1474,10
1475,1717
1475,1490
1475,201
1475,2645
1476,110
1476,1346
1476,2880
1476,1623
1476,2376
1476,2195
1476,723
1476,666
1477,818
1477,2758
1477,1022
1477,1530
1477,3026
1478,2146
1478,2834
1478,601
1478,1249
1479,1548
1479,1655
1479,1337
1480,746
1480,519
1480,1490
1480,2949
1480,2298
1480,1096
1481,434
1481,1187
1481,2596
1481,821
1482,253
1482,1415
1482,959
1482,2183
1482,384
1482,928
1483,3180
1483,2965
1483,1618
1483,1832
1484,2028
1484,460
1484,2936
1484,2557
1484,1879
1484,273
1484,3072
1485,667
1485,1136
1486,1305
1486,943
1486,2837
1486,1458
1487,1223
1487,1131
1487,2632
1487,397
1487,1098
1488,2370
1488,2446
1488,2736
1488,1017
1488,1517
1489,1560
1489,190
1489,1625
1489,1571
1489,99
1489,3190
1489,757
1489,996
1490,25
1490,3091
1490,2289
1490,1157
1490,2596
1490,1993
1490,989
1491,827
1491,2328
1491,3019
1492,2034
1492,1671
1493,3000
1493,1082
1493,1044
1493,2803
1493,2335
1494,1921
1494,2139
1494,1480
1494,736
1494,2548
1494,2963
1494,23
1494,879
1495,3140
1495,1908
1495,1301
1495,642
1495,947
1495,2957
1496,1002
1496,2820
1496,1095
1496,757
1497,1020
1497,2574
1497,945
1497,1569
1497,2634
1497,1013
1498,829
1498,2558
1498,2889
1498,818
1498,1148
1499,57
1499,838
1499,2347
1499,1110
1499,64
1499,1096
1499,1933
1500,940
1500,1581
1500,691
1500,927
1500,2397
1501,829
1501,55
1502,950
1502,978
1502,1000
1502,139
1502,74
1503,1997
1503,522
1503,329
1503,2272
1504,621
1504,332
1504,2998
1504,700
1504,2364
1504,3146
1504,1506
1504,1428
1505,812
1505,467
1505,2110
1505,815
1505,2398
1505,1350
1506,2650
1506,1110
1506,881
1507,493
1507,2817
1507,2941
1507,898
1507,46
1507,1933
1507,459
1507,1624
1508,2829
1508,276
1508,259
1508,979
1508,2377
1509,1173
1509,2800
1509,2352
1510,1132
1510,1417
1510,91
1511,645
1511,2880
1511,1141
1511,2942
1511,1932
1511,2474
1512,2862
1512,3070
1512,1015
1512,2195
1513,411
1513,2659
1513,1385
1513,2507
1513,1252
1513,1489
1514,34
1514,907
1514,1798
1514,464
1514,933
1515,270
1515,1173
1515,110
1515,2082
1517,1480
1517,733
1517,1995
1517,2633
1518,1800
1518,63
1518,2558
1518,99
1518,2977
1518,2730
1518,527
1519,49
1519,2385
1519,2383
1519,1838
1519,1179
1519,1073
1520,1590
1520,455
1520,1102
1520,987
1520,1151
1521,2502
1521,2779
1521,1862
1521,2347
1522,253
1522,349
1522,1752
1522,230
1523,3098
1523,1964
1523,1325
1523,3181
1523,1326
1523,2235
1524,1573
1524,3022
1524,2592
1524,2783
1525,2318
1525,2631
1525,806
1525,1487
1525,1027
1525,2607
1525,385
1526,135
1526,2961
1526,1292
1526,2864
1527,267
1527,704
1527,2872
1527,2626
1527,1695
1527,517
1527,3061
1528,922
1528,229
1528,1718
1528,1249
1528,2458
1529,845
1529,1698
1529,932
1529,974
1529,3147
1529,1033
1530,1598
1530,2371
1530,399
1530,2504
1531,1216
1531,2832
1532,2160
1532,1014
1532,2175
1532,2065
1532,461
1533,2564
1533,3021
1534,562
1534,2205
1534,1950
1534,54
1535,2651
1535,2489
1535,2577
1535,2328
1536,1063
1536,1151
1536,2924
1536,1147
1536,43
1537,2351
1537,1462
1537,1221
1537,172
1537,1575
1538,2054
1538,100
1538,715
1538,2707
1538,902
1538,2078
1539,334
1539,3072
1539,2030
1539,2473
1539,1836
1539,1118
1540,1115
1540,133
1540,600
1541,2622
1541,1730
1541,334
1542,1392
1542,748
1542,2477
1542,979
1543,3169
1543,504
1543,470
1543,2746
1543,2807
1543,875
1544,665
1544,1817
1544,1183
1544,894
1544,1461
1545,434
1545,1066
1545,636
1545,2507
1545,584
1545,2802
1546,2530
1546,721
1546,314
1546,3086
1547,3098
1547,172
1547,1413
1547,2793
1548,733
1548,2654
1548,1659
1548,2673
1548,1033
1549,256
1549,1768
1549,2777
1550,151
1550,910
1550,2079
1550,1017
1550,2422
1551,1573
1551,2378
1551,1136
1551,2227
1552,691
1552,2165
1552,1399
1552,2656
1552,2515
1553,2927
1553,2832
1553,1134
1554,1332
1554,2003
1554,1773
1554,2309
1554,1085
1554,2521
1554,539
1555,1613
1555,3021
1555,2601
1556,625
1556,2643
1556,1420
1557,1647
1557,2736
1557,3105
1557,659
1557,534
1557,1564
1557,1780
1558,2157
1558,701
1558,607
1558,1908
1558,2858
1558,2964
1558,305
1559,2391
1559,2665
1559,984
1559,953
1559,971
1560,634
1560,909
1560,748
1560,1937
1560,434
1560,1229
1561,1003
1561,2626
1561,2225
1561,960
1562,822
1562,2984
1562,3033
1562,2690
1562,2441
1562,49
1563,2058
1563,959
1563,867
1563,2319
1564,1630
1564,1337
1564,1347
1564,1037
1564,659
1564,270
1565,1168
1565,952
1565,2769
1565,2676
1565,1406
1565,379
1566,2184
1566,3085
1566,587
1566,200
1566,399
1567,1937
1567,248
1567,1829
1567,2922
1567,1796
1567,2644
1567,91
1567,1594
1567,73
1568,2772
1568,1341
1568,1575
1568,448
1568,1026
1568,1092
1569,945
1569,2959
1569,1346
1569,1867
1569,328
1569,2451
1570,2778
1570,990
1570,681
1570,1529
1570,265
1570,163
1570,2537
1571,390
1571,103
1571,2630
1571,2419
1571,1005
1571,3186
1572,1022
1572,2677
1572,838
1572,250
1572,1823
1572,2607
1572,336
1573,2620
1573,1520
1573,1270
1573,984
1573,1874
1574,1722
1574,1421
1574,20
1574,2395
1575,2407
1575,1580
1575,147
1575,98
1575,775
1575,2509
1575,2558
1575,1579
1576,2477
1576,812
1576,2569
1576,404
1576,1389
1576,2272
1577,1702
1577,1389
1577,962
1577,2694
1577,1480
1577,3008
1577,655
1578,2560
1578,349
1578,2426
1579,1456
1579,2474
1579,10
1579,1024
1580,786
1580,1305
1580,3037
1580,227
1580,1017
1580,960
1581,253
1581,1877
1581,1181
1581,275
1581,1885
1582,2756
1582,7
1582,63
1582,2862
1583,709
1583,1290
1583,1095
1583,2041
1583,276
1583,2934
1583,1021
1583,1733
1584,640
1584,892
1584,1575
1585,2779
1585,945
1585,816
1585,2110
1585,2240
1586,2529
1587,1184
1587,266
1587,520
1587,909
1587,358
1587,1004
1588,2221
1588,128
1588,1918
1588,290
1588,1684
1589,15
1589,149
1589,230
1589,3190
1589,2927
1589,3085
1590,2477
1590,3130
1590,1820
1590,1015
1590,915
1591,748
1591,2788
1591,666
1591,994
1592,2240
1592,1774
1592,1257
1592,305
1592,2614
1592,2832
1593,2071
1593,892
1594,2151
1594,2106
1595,1520
1595,1629
1595,2739
1595,1289
1596,153
1596,416
1596,99
1596,922
1596,600
1597,2442
1597,2769
1597,1515
1597,1103
1598,1599
1598,1345
1598,120
1598,2168
1598,2438
1598,3113
1599,608
1599,2878
1599,98
1599,516
1600,955
1600,932
1600,2774
1600,2546
1601,1848
1601,2774
1601,2842
1601,710
1601,927
1602,1582
1602,1421
1602,1526
1602,681
1602,1532
1603,932
1603,3147
1603,1861
1603,1199
1603,1954
1603,1676
1604,2939
1604,155
1604,1573
1604,2620
1605,2974
1605,32
1605,2779
1605,873
1605,1880
1605,818
1605,2677
1607,1450
1607,279
1607,2860
1607,1472
1608,374
1608,3003
1608,188
1608,1421
1608,2102
1609,2954
1609,1480
1609,260
1609,1884
1609,614
1609,2789
1610,3124
1610,2269
1610,1429
1611,2745
1611,2501
1611,1590
1612,279
1612,1573
1612,272
1612,2379
1612,2577
1613,2509
1613,1919
1613,162
1614,2990
1614,452
1614,1403
1615,462
1615,147
1615,2862
1615,700
1615,3177
1615,1238
1615,2317
1615,211
1616,1004
1616,165
1616,3115
1616,2041
1616,3010
1617,148
1617,1530
1617,1683
1617,3174
1618,1223
1618,2006
1619,1071
1619,89
1619,198
1619,245
1619,2407
1619,1446
1619,2889
1619,1426
1620,1312
1620,638
1620,100
1621,1389
1621,693
1621,108
1621,2158
1621,788
1622,1431
1622,2543
1622,1776
1622,2205
1623,2901
1623,1867
1623,2924
1623,2023
1624,1761
1624,310
1624,296
1624,3188
1625,2227
1625,3121
1625,1818
1625,941
1626,1480
1626,571
1627,1894
1627,2998
1627,584
1627,1404
1627,866
1627,1096
1627,1699
1628,248
1628,2665
1628,1961
1628,1016
1628,1603
1628,2958
1629,1254
1629,1667
1629,823
1629,2117
1630,454
1630,313
1630,1601
1630,3031
1630,2894
1631,2095
1631,2151
1631,873
1631,1802
1631,2978
1631,2163
1632,2601
1632,459
1632,1703
1632,1393
1633,1568
1633,2521
1633,2980
1633,95
1633,2417
1634,1216
1634,2320
1634,2080
1634,1135
1635,1836
1635,790
1635,2491
1635,1850
1636,775
1636,3123
1636,2916
1637,1320
1638,127
1638,1907
1638,1172
1638,435
1638,1532
1638,1428
1639,1923
1639,1250
1640,2849
1640,905
1640,2874
1640,2635
1641,3091
1641,96
1641,292
1641,756
1641,2391
1642,3160
1642,1475
1642,2523
1642,1830
1643,1195
1643,1778
1643,1362
1643,1253
1643,849
1643,1883
1643,315
1644,2195
1645,759
1645,1147
1646,1120
1646,1973
1646,1582
1646,1232
1646,560
1646,1584
1647,2656
1647,979
1647,2502
1648,815
1648,2176
1648,2138
1648,75
1648,2872
1649,666
1649,1997
1649,1477
1649,1129
1649,1526
1649,1205
1649,394
1650,2848
1650,2774
1650,237
1650,2284
1651,818
1651,747
1651,1839
1651,2045
1651,3173
1651,1517
1651,2785
1652,1046
1653,604
1653,1749
1653,677
1654,1515
1654,2524
1655,2822
1655,2104
1655,2835
1655,1551
1655,2182
1656,2180
1656,2024
1657,2271
1657,1197
1658,1533
1658,2494
1658,2840
1658,449
1659,2523
1659,1818
1659,2839
1659,2055
1659,823
1660,1534
1660,262
1660,3078
1660,508
1661,2749
1661,3107
1661,487
1661,2363
1661,319
1661,828
1662,2783
1662,753
1662,828
1662,2362
1663,1683
1663,2742
1663,1333
1663,824
1663,1130
1663,1701
1664,1028
1664,2926
1664,1532
1664,1671
1664,1773
1664,3133
1665,1742
1665,71
1666,2466
1666,2160
1666,2728
1666,720
1666,1331
1667,1631
1667,579
1667,9
1667,951
1667,87
1668,818
1668,1361
1668,135
1668,100
1668,1355
1668,725
1668,2661
1669,2964
1669,2491
1669,3184
1669,1251
1669,1262
1670,786
1670,3020
1670,1910
1670,659
1670,1389
1670,1222
1671,793
1671,2653
1671,1101
1671,199
1671,1408
1672,2565
1672,566
1672,676
1672,791
1672,1581
1672,2959
1673,2785
1673,2488
1673,2806
1673,2521
1673,710
1673,512
1674,2104
1674,3105
1674,2690
1674,2090
1674,1697
1674,1515
1674,3025
1674,1138
1675,2176
1675,2865
1675,2016
1675,1461
1675,1031
1676,777
1676,3181
1676,1936
1676,2568
1677,2392
1677,1245
1677,2578
1677,774
1677,2160
1677,1153
1678,1693
1678,1171
1678,1664
1679,104
1679,1962
1680,829
1680,194
1680,2151
1680,945
1680,1082
1681,162
1681,577
1681,1276
1681,1344
1681,1730
1682,1377
1682,534
1682,3076
1682,137
1682,352
1682,2418
1683,1159
1683,960
1683,969
1683,1084
1684,248
1684,122
1684,2218
1684,1073
1684,128
1684,2620
1685,1968
1685,1216
1685,1935
1685,1154
1686,748
1686,225
1686,2977
1686,1096
1687,2439
1687,2370
1687,227
1687,1039
1687,2659
1687,2631
1687,1311
1687,908
1688,2978
1688,642
1688,2811
1689,1393
1689,2092
1690,1084
1690,1679
1690,2339
1690,1097
1690,1254
1691,1770
1691,3187
1691,1994
1691,1233
1691,1865
1691,533
1692,1325
1692,2798
1692,2856
1692,2684
1693,1883
1693,2030
1693,1879
1693,1849
1694,2353
1694,1006
1694,560
1694,611
1694,2978
1695,2611
1695,423
1695,2766
1695,1173
1695,400
1696,199
1696,3117
1696,805
1696,175
1696,2739
1697,139
1697,1876
1697,1371
1697,962
1697,907
1697,3014
1698,419
1698,199
1699,211
1699,139
1699,1813
1699,2833
1700,2539
1700,1679
1700,2893
1700,1280
1700,1252
1700,1706
1700,490
1702,580
1702,1050
1702,3033
1703,2415
1703,2859
1703,2914
1703,1699
1703,2438
1703,2843
1704,2640
1704,816
1704,1063
1704,1331
1704,1748
1705,928
1705,1302
1705,883
1705,297
1706,2837
1706,1129
1706,941
1707,1698
1707,2124
1707,1656
1707,226
1708,2428
1708,1239
1708,852
1709,1683
1709,623
1709,2901
1709,2914
1709,550
1709,2061
1710,1947
1710,1823
1711,930
1712,1525
1712,1677
1712,1088
1712,2088
1713,2631
1713,447
1713,1718
1713,3110
1713,908
1714,3138
1714,954
1714,2428
1715,984
1715,550
1715,1781
1716,1706
1716,2038
1716,128
1716,968
1717,3190
1717,185
1717,1828
1717,2635
1718,240
1718,92
1718,2816
1718,1512
1718,1131
1718,2790
1718,1476
1718,262
1719,1630
1719,2684
1719,3021
1719,1248
1720,2583
1720,2769
1721,536
1721,614
1721,2422
1721,1634
1722,2217
1722,919
1722,587
1723,433
1723,456
1723,1797
1723,777
1723,802
1724,2
1724,3004
1724,2006
1724,2950
1724,2698
1724,1787
1725,751
1725,2750
1725,2706
1725,1272
1725,828
1725,1740
1726,3143
1726,2859
1726,487
1726,2844
1727,194
1727,1974
1727,1173
1728,1752
1728,571
1728,1158
1729,3029
1729,3037
1729,684
1729,2602
1730,358
1730,1950
1730,704
1730,3180
1730,954
1731,3098
1731,1635
1732,588
1733,521
1733,3044
1733,563
1733,1838
1733,2037
1734,851
1734,2829
1734,43
1734,2624
1734,3180
1734,949
1734,1894
1735,1099
1735,1235
1735,2218
1735,2949
1736,704
1736,2167
1736,2489
1736,86
1736,135
1736,1462
1736,1574
1737,1622
1737,1775
1737,2419
1737,2591
1737,2312
1738,1422
1738,194
1738,450
1738,3065
1739,516
1739,338
1739,229
1739,2173
1739,2163
1739,1517
1740,128
1740,134
1740,1707
1740,1613
1741,345
1741,991
1741,2494
1741,2196
1742,864
1742,1493
1742,810
1742,248
1743,2613
1743,1594
1743,2379
1743,3001
1743,1906
1744,63
1744,3125
1744,284
1744,2606
1745,2494
1745,1901
1745,1809
1745,1832
1745,1579
1745,2430
1746,1184
1746,1703
1747,1671
1747,1577
1747,990
1747,1737
1747,782
1747,1529
1747,2384
1748,434
1749,1730
1749,1281
1749,1589
1749,3013
1749,2625
1749,1250
1749,344
1750,760
1750,704
1750,1547
1750,2665
1750,1625
1750,3020
1750,1734
1750,2942
1751,1505
1751,1095
1752,2326
1752,204
1753,2553
1753,2015
1753,8
1753,2802
1754,1797
1754,2247
1754,276
1754,2293
1755,545
1755,455
1755,588
1755,3174
1755,423
1755,1973
1756,1135
1756,733
1756,2600
1756,2328
1757,415
1757,198
1757,1382
1757,1177
1758,1821
1758,212
1758,849
1758,685
1758,2058
1758,3146
1758,1876
1759,522
1759,199
1759,1067
1759,2934
1759,1159
1760,1181
1760,956
1760,1816
1761,3155
1761,2028
1762,1765
1762,1239
1762,2858
1762,2182
1763,2642
1763,2636
1763,1586
1763,2827
1764,2271
1764,1780
1764,2601
1764,16
1764,455
1765,2096
1765,960
1765,836
1766,2091
1766,2866
1766,3161
1766,2267
1766,2041
1767,269
1767,885
1768,3150
1768,927
1768,940
1768,2949
1769,697
1769,287
1769,2097
1769,757
1769,1575
1769,28
1769,3103
1769,1031
1770,1630
1770,52
1770,1828
1770,2739
1770,2204
1770,1159
1771,2062
1771,1030
1771,2439
1771,1321
1772,2377
1772,1099
1773,2317
1773,2110
1773,273
1773,1766
1773,2151
1774,2634
1774,202
1774,979
1774,2985
1774,937
1775,2885
1775,1514
1775,3013
1775,1531
1775,702
1775,2868
1776,2263
1777,0
1777,1863
1777,864
1777,2290
1778,1114
1778,2984
1778,2396
1778,1456
1778,103
1779,2379
1779,1867
1779,2378
1779,487
1779,1321
1779,1768
1780,2435
1780,276
1780,423
1780,4
1780,187
1781,2737
1781,2995
1781,1085
1781,1331
1782,134
1782,40
1782,1042
1783,2684
1783,3125
1783,1321
1783,1186
1783,1702
1783,3117
1784,16
1784,374
1784,983
1784,1302
1784,916
1785,1147
1785,2924
1785,2553
1785,1848
1785,1245
1785,1801
1786,990
1786,1027
1786,1218
1787,2553
1787,689
1788,2667
1788,2101
1788,2160
1789,2169
1789,1048
1789,2876
1789,2772
1790,765
1790,3178
1790,2488
1791,2456
1791,2548
1791,2005
1791,1165
1791,625
1791,1876
1791,441
1792,2052
1792,2582
1792,1512
1792,20
1792,3180
1793,621
1793,276
1793,3056
1793,1175
1793,2254
1793,566
1794,1048
1794,3090
1794,3126
1794,259
1794,2325
1795,1555
1795,2125
1795,881
1795,859
1795,2123
1796,1813
1796,2079
1796,1450
1796,43
1796,1940
1796,1408
1797,987
1797,1085
1797,2465
1798,2445
1798,2800
1798,782
1798,588
1799,1913
1799,1078
1799,1780
1799,2058
1799,2419
1799,170
1799,990
1801,1649
1801,268
1801,1291
1801,2837
1801,2564
1802,265
1802,909
1802,1980
1802,329
1803,1423
1803,2325
1803,1949
1803,2402
1803,815
1803,2378
1804,2644
1804,3187
1804,2679
1804,979
1804,717
1804,3126
1804,2634
1804,139
1805,1835
1805,337
1805,1694
1805,1858
1806,2601
1806,2139
1806,746
1806,2141
1806,1816
1807,1937
1807,2934
1807,2424
1807,457
1807,681
1807,195
1807,1986
1807,2574
1807,1293
1808,2169
1808,64
1808,528
1808,2391
1809,1920
1809,2934
1809,611
1809,1996
1809,2167
1810,2907
1810,434
1810,1165
1810,421
1810,1159
1811,254
1811,588
1811,1071
1811,3082
1811,505
1811,3016
1811,2796
1811,827
1812,908
1812,404
1812,218
1812,1671
1812,1175
1813,2306
1813,2484
1813,3174
1813,204
1813,1026
1813,1241
1813,1647
1814,1830
1814,2883
1814,981
1814,1635
1815,1218
1815,525
1815,387
1816,1586
1816,2314
1816,410
1816,1719
1816,2703
1816,53
1816,139
1817,2677
1817,827
1817,2216
1817,2775
1817,1409
1817,3004
1817,647
1817,2299
1818,2942
1818,1003
1818,2961
1819,2961
1819,262
1819,402
1819,120
1820,180
1820,2449
1820,188
1820,640
1820,815
1821,1526
1821,985
1822,90
1822,1018
1822,1026
1822,2438
1822,862
1823,265
1823,3033
1823,3115
1824,2438
1824,1399
1824,1820
1824,3171
1825,598
1825,2499
1825,1292
1825,616
1825,2070
1826,1844
1826,514
1826,2110
1826,3004
1826,1523
1826,620
1826,990
1827,1844
1827,2959
1827,306
1828,163
1828,990
1828,3093
1828,1349
1828,2865
1828,1816
1829,905
1829,920
1829,447
1829,985
1829,633
1829,943
1829,2990
1830,1990
1830,2094
1831,823
1831,2990
1831,2755
1831,2398
1831,2297
1831,2458
1831,733
1831,245
1832,895
1832,931
1832,2032
1832,3125
1833,1802
1833,2585
1833,2653
1833,902
1833,2935
1833,2634
1834,2825
1834,484
1834,2314
1834,3090
1835,748
1835,2140
1835,550
1835,2032
1836,2090
1836,806
1836,2407
1836,1965
1836,1945
1836,25
1837,1011
1837,2521
1837,373
1837,2619
1837,2173
1837,821
1838,230
1838,2271
1838,1837
1839,2843
1839,1345
1839,1820
1839,2186
1839,2835
1839,3053
1839,379
1840,848
1840,898
1840,200
1841,952
1841,1511
1841,1223
1841,957
1841,1333
1841,751
1842,2263
1842,413
1843,579
1843,3064
1843,180
1844,806
1844,2426
1844,98
1844,1417
1844,2522
1844,1099
1845,2220
1845,1821
1845,1647
1845,2489
1845,956
1845,985
1846,2940
1847,749
1847,2603
1847,3130
1847,1902
1847,1031
1847,852
1847,778
1848,2150
1848,1521
1848,1582
1848,1590
1848,1773
1849,1395
1849,13
1849,1882
1849,954
1849,1878
1849,3176
1849,2498
1850,1573
1850,1761
1850,1832
1850,2065
1850,1499
1850,2499
1851,1443
1851,2027
1851,2552
1852,2556
1852,1015
1852,447
1852,2249
1852,2515
1852,2300
1853,2229
1853,2846
1853,140
1853,972
1853,2498
1854,2975
1854,1851
1855,2865
1855,3125
1856,1869
1856,1589
1856,2271
1856,409
1857,2030
1857,1188
1857,944
1857,665
1858,860
1858,2124
1858,2837
1858,3020
1858,2347
1858,1253
1858,3009
1859,2095
1859,315
1859,534
1859,590
1859,829
1859,1355
1860,1773
1860,148
1860,1273
1861,2562
1861,1466
1861,2991
1862,3005
1862,2168
1862,881
1862,1636
1862,297
1863,3089
1863,973
1863,1926
1863,780
1863,417
1863,2671
1863,2911
1864,828
1864,2378
1864,3000
1865,2214
1865,1511
1865,1098
1865,2082
1865,1959
1865,1844
1865,1840
1865,2790
1866,1891
1866,1306
1866,352
1866,1063
1867,1785
1867,2865
1867,1971
1867,2184
1867,2999
1867,2381
1867,1989
1868,643
1868,3105
1868,1462
1868,2891
1868,1737
1868,756
1868,384
1868,2705
1869,2791
1869,2859
1869,830
1869,1761
1869,1356
1869,2042
1870,2833
1870,1076
1871,1285
1871,2531
1871,1937
1871,2989
1871,1872
1871,883
1872,2519
1872,1410
1872,2595
1872,1524
1872,2602
1873,1937
1873,13
1873,1020
1873,490
1873,2333
1874,2739
1874,1003
1874,978
1874,2208
1875,233
1875,777
1875,1218
1875,2730
1875,2490
1876,2391
1877,2186
1877,2489
1877,2395
1877,128
1878,1324
1878,204
1878,57
1878,1367
1878,935
1878,1061
1879,2708
1879,1887
1879,1600
1879,2934
1880,2272
1880,2224
1880,2151
1881,1514
1881,1649
1881,3166
1881,1878
1882,952
1882,3098
1882,1010
1882,1516
1882,1659
1882,2509
1882,979
1882,2209
1882,947
1883,3096
1883,299
1883,447
1884,2257
1884,1395
1884,1211
1884,2490
1885,2152
1885,524
1885,2136
1885,1688
1885,1925
1885,2310
1885,2041
1886,2563
1886,296
1886,1834
1886,2379
1886,921
1886,2704
1886,652
1887,79
1887,2494
1887,577
1887,2287
1888,130
1888,1713
1888,2908
1888,72
1889,1659
1889,374
1889,1830
1889,1042
1890,869
1890,2446
1890,1341
1890,1835
1891,2199
1891,826
1891,2472
1891,1102
1891,987
1891,1493
1892,0
1892,2160
1892,2425
1892,3188
1893,3124
1893,2612
1893,2326
1893,2995
1893,1833
1893,940
1894,45
1894,294
1894,193
1894,2825
1894,1291
1895,873
1895,2601
1895,1623
1895,16
1895,110
1896,267
1896,932
1896,1472
1896,2196
1897,1641
1897,2408
1897,3095
1897,554
1898,2594
1898,2656
1898,2551
1898,1594
1898,2502
1899,1341
1899,1636
1899,1356
1899,2659
1899,1625
1899,2359
1899,1099
1900,2519
1900,2244
1900,325
1900,1922
1900,222
1901,1724
1901,523
1901,1056
1902,2218
1902,676
1902,1978
1902,2396
1903,2674
1903,1305
1903,127
1903,1467
1903,568
1903,1798
1904,2555
1904,2549
1904,620
1904,3174
1904,1280
1904,1512
1905,964
1905,3005
1905,1732
1905,2552
1905,751
1905,1157
1906,3090
1906,225
1906,212
1906,1888
1906,1739
1907,3145
1907,990
1907,2173
1907,724
1908,988
1908,598
1908,793
1908,1018
1908,896
1908,280
1909,2137
1909,2186
1909,391
1909,2434
1910,1686
1910,50
1910,718
1911,1796
1911,1214
1911,907
1912,1883
1912,2214
1912,1585
1912,3052
1913,3151
1913,2914
1913,2299
1914,2719
1914,683
1914,465
1914,722
1915,2641
1915,2381
1915,1252
1915,647
1915,1171
1915,10
1915,1364
1915,2964
1915,2666
1916,1272
1916,1487
1916,281
1917,2877
1917,2488
1917,2671
1917,1937
1918,1959
1918,478
1918,2906
1918,2467
1918,2466
1918,2029
1918,2663
1918,1221
1918,952
1919,1235
1919,1676
1919,2150
1919,1296
1919,130
1919,204
1920,736
1920,1708
1920,2663
1920,952
1920,2158
1920,2102
1921,31
1921,2739
1921,2630
1921,2719
1921,2633
1922,2717
1923,2556
1923,758
1923,2729
1923,539
1923,1294
1923,1919
1923,1423
1923,1918
1924,1409
1924,1143
1924,2257
1924,354
1924,2636
1924,1071
1925,1634
1925,1793
1925,1055
1925,2370
1925,2076
1925,2124
1926,372
1926,1996
1926,2981
1926,1
1926,1403
1926,2574
1927,2961
1927,2160
1927,909
1927,471
1927,1693
1927,1110
1928,101
1928,1835
1928,955
1928,2616
1928,1055
1928,2779
1929,3126
1929,2798
1929,275
1929,329
1930,2095
1930,1816
1930,640
1930,2792
1930,879
1930,1779
1930,1623
1931,597
1931,1659
1931,2652
1931,1724
1931,3150
1932,1748
1932,1178
1932,3061
1932,2168
1932,1807
1932,1008
1932,2792
1932,2728
1933,48
1934,1683
1934,2924
1934,604
1934,22
1934,1932
1934,1356
1934,1887
1935,2934
1935,879
1935,1845
1935,330
1935,29
1935,1195
1936,2778
1936,3147
1936,1186
1936,2626
1936,1842
1937,1179
1937,2308
1937,2594
1937,2489
1937,873
1937,2385
1938,3004
1938,2356
1938,2309
1938,2363
1938,185
1938,1021
1939,2524
1939,64
1939,2451
1939,1664
1939,1515
1939,476
1940,2280
1940,1531
1940,328
1940,1795
1940,918
1941,110
1941,512
1941,15
1941,1906
1941,2647
1942,811
1942,2444
1942,1281
1942,2480
1942,1159
1942,545
1942,2976
1943,2146
1943,1835
1943,1587
1943,1047
1943,1306
1943,1858
1943,1834
1944,847
1944,2188
1944,1442
1945,2218
1945,1384
1945,1345
1945,2257
1946,2473
1946,1658
1946,2713
1946,2645
1946,303
1946,727
1947,3035
1947,2909
1947,969
1947,1654
1947,2626
1947,2829
1947,2124
1948,2385
1948,733
1948,1408
1949,1525
1949,1489
1949,298
1949,175
1949,1331
1949,2672
1950,833
1950,1393
1950,827
1950,1217
1950,2907
1951,3185
1951,1530
1951,1336
1951,1573
1951,876
1952,421
1952,2141
1952,2139
1953,1648
1953,92
1953,1008
1953,2407
1953,3053
1953,32
1953,3061
1954,518
1954,1923
1954,2111
1954,2476
1955,447
1955,372
1955,765
1956,809
1956,1346
1956,1655
1957,1252
1957,1159
1957,1298
1957,2657
1957,1705
1957,1505
1957,3180
1958,1367
1958,489
1958,2360
1958,2956
1959,2569
1959,2174
1959,194
1959,3043
1960,244
1960,2078
1960,1842
1960,250
1960,181
1960,86
1960,2766
1961,572
1961,318
1961,3085
1961,3121
1962,1832
1962,1
1962,1178
1962,1457
1962,2335
1962,874
1962,1016
1962,2726
1962,2702
1963,748
1963,962
1963,1335
1963,2557
1963,1392
1964,1272
1964,2407
1964,633
1964,604
1965,1876
1965,266
1965,519
1965,1026
1965,449
1965,1310
1965,984
1966,478
1966,2484
1966,347
1966,782
1967,802
1967,574
1967,3190
1967,1667
1968,1326
1968,1216
1968,2856
1968,467
1969,2446
1969,2076
1969,266
1969,1014
1969,1479
1970,2829
1970,267
1970,994
1970,1522
1971,306
1971,1258
1972,1574
1972,1869
1972,274
1972,1799
1972,1280
1973,2049
1973,920
1973,1849
1973,2424
1973,1211
1973,2829
1973,1524
1973,1099
1974,2035
1974,2591
1974,1643
1974,321
1974,1478
1974,525
1975,1056
1975,1399
1976,2326
1976,2229
1976,2158
1976,2110
1976,3127
1976,327
1977,1655
1977,2314
1977,2049
1978,1207
1978,48
1978,1569
1978,531
1979,2953
1980,1584
1980,1063
1980,1290
1980,2160
1981,991
1981,2898
1981,579
1981,1406
1981,1252
1982,485
1982,2653
1982,1659
1982,1337
1982,1918
1982,1397
1983,212
1983,2221
1983,662
1983,1765
1984,1106
1984,1820
1984,3033
1984,3175
1984,2125
1985,2139
1985,1031
1985,2671
1985,829
1986,1770
1986,292
1986,1435
1986,2961
1986,126
1986,2865
1986,966
1987,956
1988,139
1988,2382
1988,1270
1988,1950
1988,222
1988,1722
1988,400
1989,556
1989,872
1989,1862
1989,2052
1989,431
1989,67
1989,2030
1990,1860
1990,0
1990,2915
1990,790
1990,1694
1991,2527
1991,2119
1991,560
1991,2017
1991,367
1991,193
1991,2865
1991,1138
1992,760
1992,1703
1992,2686
1992,1624
1992,2079
1993,2419
1993,990
1993,814
1993,1523
1993,1590
1993,1971
1994,1855
1994,1505
1994,1147
1994,870
1994,3004
1994,864
1995,622
1995,2257
1995,120
1996,940
1996,3110
1996,825
1996,269
1996,276
1996,1056
1997,2990
1997,2168
1997,921
1997,834
1997,531
1998,2728
1998,2176
1998,2957
1998,2862
1998,828
1999,1114
1999,1921
1999,1055
1999,1147
1999,586
2000,972
2000,2558
2000,2524
2001,16
2001,194
2001,2524
2001,441
2002,714
2002,622
2002,135
2002,1454
2002,1892
2003,1998
2003,63
2003,3020
2003,2326
2003,2427
2004,742
2004,2949
2004,2937
2004,1996
2005,44
2005,2188
2005,1965
2005,810
2006,957
2006,935
2006,1903
2006,1971
2007,660
2007,968
2007,2859
2007,1606
2008,2634
2008,267
2008,1074
2008,1733
2009,280
2009,2778
2009,927
2009,600
2009,1504
2009,1840
2009,2489
2010,205
2010,1608
2010,67
2010,567
2010,900
2010,2622
2010,1879
2011,3124
2011,1474
2011,1728
2011,1987
2012,2095
2012,413
2012,527
2012,1449
2012,463
2012,864
2012,1450
2013,287
2013,1021
2013,327
2013,1228
2013,41
2013,1356
2014,67
2014,2493
2014,746
2014,417
2014,1355
2015,1713
2015,2249
2015,2528
2015,1010
2015,875
2016,1085
2016,522
2016,957
2016,1718
2017,755
2017,2467
2017,991
2017,1793
2017,1704
2018,648
2018,1113
2019,3091
2019,1462
2019,1235
2019,1644
2019,2026
2019,1742
2020,1960
2020,2989
2021,521
2021,2880
2021,2699
2021,950
2021,2862
2022,375
2022,1862
2022,1337
2023,1389
2023,321
2024,147
2024,226
2024,1996
2025,1381
2025,1793
2025,2399
2025,2240
2025,1949
2026,1188
2026,2181
2026,636
2026,3063
2026,2797
2027,1863
2027,1510
2027,2085
2027,1084
2027,1003
2027,1006
2028,1321
2028,559
2028,3022
2028,2199
2029,2532
2029,827
2029,462
2029,181
2029,2521
2029,584
2030,2566
2031,2821
2031,2220
2031,2024
2032,435
2032,1172
2032,967
2032,2006
2032,1907
2032,2460
2032,1772
2032,92
2033,319
2033,3013
2033,2578
2033,2392
2033,2454
2034,1919
2034,2942
2034,1973
2034,1724
2034,1780
2035,2502
2035,589
2035,2491
2035,4
2036,2640
2036,1560
2036,521
2037,951
2038,222
2038,2090
2038,161
2038,2777
2038,2901
2038,1127
2039,2568
2039,267
2039,518
2040,1659
2040,2712
2041,3190
2041,69
2041,2076
2041,681
2042,1361
2042,3177
2042,2500
2042,562
2042,719
2043,147
2043,1636
2043,1584
2043,2530
2043,2751
2043,1940
2044,1995
2044,2247
2044,1885
2045,2790
2045,1463
2045,1758
2045,619
2046,2041
2046,1793
2046,2465
2046,2711
2047,646
2047,896
2047,1366
2047,450
2047,860
2047,1331
2047,640
2047,2126
2048,2737
2048,1350
2048,32
2048,588
2049,1278
2049,248
2049,2684
2049,1884
2050,1590
2050,3081
2050,810
2050,2471
2050,2782
2050,1324
2051,969
2051,1179
2051,2899
2051,1879
2051,2586
2051,27
2052,69
2052,1159
2052,2152
2052,870
2052,2950
2053,2829
2053,2049
2053,488
2053,2905
2054,2393
2054,3062
2054,267
2054,1051
2054,1421
2055,2793
2055,491
2055,2240
2055,1026
2055,32
2055,1701
2056,2036
2056,237
2056,1573
2056,1021
2056,587
2056,1822
2056,1306
2057,2772
2057,181
2057,1063
2057,3162
2057,2246
2057,488
2058,2957
2058,976
2058,1876
2059,2826
2059,701
2059,1294
2060,2467
2060,2173
2060,1478
2060,308
2060,2090
2060,1406
2060,2765
2060,2194
2060,2980
2061,1276
2061,1799
2061,2449
2061,1684
2061,337
2062,1358
2062,1091
2062,190
2063,86
2063,2892
2063,1673
2063,2578
2064,2235
2064,142
2064,139
2064,2240
2065,82
2065,821
2065,214
2066,2521
2066,2811
2066,2544
2067,722
2067,172
2067,1305
2067,2772
2067,3030
2067,1239
2068,1730
2068,2168
2068,2044
2068,441
2068,2552
2068,2439
2069,645
2069,1691
2069,771
2069,1007
2069,1356
2069,296
2070,3012
2070,2305
2070,2507
2070,139
2070,2020
2070,593
2071,194
2071,546
2071,2058
2071,950
2071,190
2071,2613
2071,1291
2072,2716
2072,1821
2072,1484
2072,1305
2072,1930
2072,1573
2072,1015
2072,2504
2072,1761
2073,1136
2073,3076
2073,909
2073,98
2073,2473
2073,1071
2074,1095
2074,2246
2074,989
2074,2325
2074,1696
2074,1945
2075,797
2075,1458
2075,2671
2075,1113
2076,1366
2076,3043
2076,2096
2076,3125
2076,465
2076,469
2076,2918
2076,1004
2077,2139
2077,2133
2077,2871
2077,2076
2077,2785
2078,3085
2078,1605
2078,749
2078,144
2078,491
2078,119
2078,3186
2079,1594
2079,3020
2079,2024
2080,1056
2080,2191
2080,3166
2080,419
2080,1637
2080,3022
2080,1345
2081,2515
2082,3001
2082,2106
2082,260
2082,2465
2083,325
2083,2708
2083,974
2083,41
2083,2862
2083,423
2084,1303
2084,1730
2084,1525
2084,1004
2085,2161
2085,2092
2085,1775
2085,1205
2085,1640
2086,2632
2086,480
2086,250
2086,29
2086,1797
2086,2989
2086,73
2087,818
2087,1809
2087,2363
2087,2271
2087,477
2087,3054
2088,2378
2088,2121
2088,2979
2089,2215
2089,2739
2089,806
2089,2366
2089,829
2089,1975
2089,824
2090,2478
2090,681
2090,540
2090,940
2090,2396
2090,2378
2091,392
2091,1009
2091,2353
2091,1046
2092,1719
2092,1613
2092,2980
2092,2254
2092,871
2092,3001
2093,2079
2093,1603
2093,2949
2093,1450
2093,3163
2093,447
2093,434
2094,374
2094,3042
2094,102
2095,955
2095,1011
2095,1476
2095,2104
2096,1823
2096,2871
2096,314
2096,229
2097,2031
2097,3124
2097,1009
2097,1480
2097,1055
2098,1397
2098,2771
2098,2261
2098,1169
2098,1849
2099,2880
2099,2988
2099,1431
2099,2398
2099,2151
2099,2300
2100,950
2100,3125
2100,3055
2100,2396
2101,2047
2101,135
2101,2656
2101,1404
2102,49
2102,1004
2102,1532
2102,856
2102,277
2103,3186
2103,524
2103,909
2103,1577
2103,861
2104,522
2104,1642
2104,2100
2104,372
2105,1403
2105,952
2105,2141
2105,286
2106,2793
2106,2524
2106,2846
2106,847
2107,1099
2107,2398
2107,2382
2108,1963
2108,3095
2108,1637
2108,2832
2108,1648
2109,139
2109,91
2109,604
2109,2482
2109,2139
2110,2589
2110,2959
2110,1047
2110,1473
2111,1443
2111,2802
2111,1813
2111,2383
2111,1114
2111,1811
2111,101
2112,1321
2112,876
2112,506
2112,2782
2113,849
2113,879
2113,1281
2114,2272
2114,1651
2114,352
2114,2833
2114,380
2114,1613
2114,1674
2115,3026
2115,2771
2115,1100
2116,1298
2116,314
2117,2023
2117,2595
2117,1883
2117,3073
2117,1043
2117,470
2118,1464
2118,2296
2118,2413
2118,1635
2119,921
2119,2775
2119,1690
2120,596
2120,1713
2120,1337
2120,1821
2120,2050
2121,2
2121,827
2122,301
2122,1975
2122,1223
2122,2326
2123,483
2123,2623
2123,1118
2123,902
2123,1581
2124,757
2124,2488
2124,2480
2124,2507
2124,2530
2124,2128
2124,2970
2124,325
2125,1955
2125,714
2125,1774
2125,979
2125,875
2126,1296
2126,2716
2126,2062
2126,751
2126,525
2127,2482
2127,252
2127,1748
2127,1022
2127,2626
2128,1417
2128,1736
2128,2596
2128,2940
2129,2317
2129,2002
2129,1248
2129,491
2129,3097
2129,1172
2130,1535
2130,327
2130,2110
2130,1844
2130,1060
2130,2832
2130,2699
2131,2866
2131,2308
2131,3161
2131,2505
2131,681
2132,2449
2133,2632
2133,751
2133,324
2133,2349
2133,880
2133,2355
2133,3085
2134,1851
2134,1337
2134,429
2134,2704
2134,753
2135,1932
2135,23
2135,1817
2135,865
2136,720
2136,1828
2136,250
2136,3119
2137,813
2137,2366
2137,1691
2137,597
2137,2949
2137,347
2137,1248
2138,1815
2138,1531
2138,861
2138,1823
2138,910
2138,3064
2139,1851
2139,2167
2139,63
2139,1020
2139,808
2139,2585
2139,1102
2140,3146
2140,1009
2140,3059
2140,196
2140,413
2140,2622
2140,1702
2141,1509
2141,2799
2141,1138
2141,1678
2141,2883
2142,3061
2142,2266
2143,94
2143,2927
2143,2634
2144,306
2144,1111
2145,2766
2145,2126
2145,1525
2145,2851
2145,41
2145,2094
2146,2449
2146,1683
2146,1297
2147,1195
2147,1314
2147,856
2147,63
2147,2684
2148,2506
2148,346
2148,303
2148,2551
2148,562
2148,996
2148,1006
2148,894
2148,2979
2149,1670
2149,1350
2149,637
2149,1345
2149,1839
2149,2843
2150,1528
2150,1896
2150,793
2150,2512
2150,2769
2151,3160
2151,2509
2151,709
2151,1659
2151,1331
2151,706
2152,2708
2152,407
2152,2219
2152,2209
2153,2774
2153,2901
2153,1470
2153,244
2153,1223
2153,3028
2154,2502
2154,2829
2154,2713
2154,1110
2154,489
2154,525
2155,2642
2155,1000
2155,2785
2156,181
2156,1084
2156,1159
2156,27
2156,1523
2156,3081
2157,1922
2157,2627
2157,145
2157,2447
2157,1878
2157,1356
2158,454
2158,3119
2158,1688
2158,95
2158,1337
2158,2150
2159,582
2159,516
2159,140
2160,1337
2160,524
2160,2791
2160,2157
2161,939
2161,2980
2161,2636
2161,2997
2161,1564
2161,1727
2161,3035
2162,2124
2162,1625
2162,1647
2162,2981
2162,2894
2162,2487
2163,1006
2163,1325
2163,1113
2163,1659
2163,340
2164,1840
2164,204
2164,3062
2164,1051
2164,1779
2165,2720
2165,2087
2165,1001
2165,951
2165,2750
2166,637
2166,1665
2166,3059
2166,1836
2167,455
2167,221
2167,373
2168,748
2168,2625
2168,2396
2168,2466
2168,1098
2168,3005
2168,2498
2169,1620
2169,2386
2169,1683
2169,2591
2169,1400
2169,954
2170,1573
2170,2426
2170,960
2170,2257
2171,1973
2171,2024
2171,1377
2172,1748
2172,1218
2172,3061
2172,2953
2172,1067
2173,1478
2173,2704
2173,826
2173,3004
2174,1442
2174,2519
2175,636
2175,1650
2175,2040
2175,438
2175,1026
2176,1311
2176,1717
2176,1623
2177,367
2177,1042
2177,306
2177,227
2177,224
2177,321
2178,1934
2178,2240
2178,805
2178,1596
2178,1036
2178,2247
2179,1479
2179,399
2179,449
2179,3121
2179,2346
2179,260
2179,1525
2180,1920
2180,327
2180,478
2181,1838
2181,2242
2181,1068
2182,272
2182,2297
2182,1862
2182,1114
2182,2584
2182,2680
2183,1919
2183,447
2183,1480
2183,54
2183,2789
2184,2317
2184,600
2184,1127
2184,873
2184,1594
2184,100
2185,2110
2185,564
2185,1355
2185,296
2185,1845
2185,710
2186,304
2186,450
2187,1517
2187,2924
2187,3003
2187,2229
2187,821
2188,2556
2188,391
2188,2729
2188,1696
2189,3187
2189,190
2189,2218
2189,319
2189,1121
2190,3093
2190,673
2190,1879
2190,2493
2190,2325
2191,1871
2191,2065
2191,1252
2191,2522
2191,3128
2191,1217
2191,806
2192,1310
2192,1135
2192,557
2192,3003
2192,892
2193,3187
2193,1042
2193,1644
2194,910
2194,1105
2194,1006
2194,1663
2194,838
2195,3005
2195,3180
2195,3061
2195,2825
2195,2730
2195,1655
2196,2754
2196,1698
2196,2989
2196,960
2196,782
2196,3016
2197,1250
2197,1044
2197,181
2197,1971
2197,240
2197,1281
2197,1563
2197,1195
2197,155
2198,2576
2198,3003
2198,940
2198,2625
2198,568
2198,1519
2198,2623
2199,1683
2199,1153
2199,881
2199,3026
2199,1797
2199,213
2199,739
2200,2366
2200,2779
2200,2235
2200,1659
2200,804
2200,903
2200,489
2201,2247
2201,214
2201,714
2202,722
2202,1015
2203,1974
2203,2094
2203,2297
2203,1837
2203,379
2203,2771
2203,2080
2203,1173
2204,976
2204,2656
2204,1659
2205,1823
2205,1564
2205,373
2205,2040
2205,2636
2206,244
2206,2740
2206,2553
2206,2220
2207,1937
2207,1605
2207,631
2208,935
2208,1668
2208,2477
2208,2111
2208,2755
2209,2186
2209,393
2209,1014
2210,2627
2210,788
2210,330
2211,3028
2211,2625
2211,898
2212,1720
2212,3125
2212,540
2213,1816
2213,1311
2213,2673
2213,2524
2213,67
2213,1186
2213,334
2214,1302
2214,2269
2214,1635
2214,2465
2214,3187
2214,2583
2214,1412
2215,1686
2215,25
2216,1963
2216,2100
2216,1334
2216,1850
2216,2023
2216,1939
2217,2126
2217,2176
2217,1476
2217,2742
2217,3107
2217,2162
2218,998
2218,2497
2218,778
2218,986
2218,2555
2219,1489
2219,2269
2219,181
2220,2786
2220,2827
2220,260
2221,2793
2221,1007
2221,2783
2221,1476
2221,2650
2221,1311
2222,2216
2222,2419
2222,182
2223,91
2223,1195
2223,2523
2223,1802
2223,1159
2224,1867
2224,2169
2224,1658
2224,2160
2224,1017
2225,922
2225,2080
2225,1195
2225,2657
2226,979
2226,1009
2226,823
2226,1876
2226,1917
2227,297
2227,3147
2228,2712
2228,1773
2228,1102
2228,994
2228,793
2228,2521
2229,3123
2229,2703
2229,921
2229,1998
2229,1448
2229,1932
2229,2521
2229,329
2230,1811
2230,2355
2230,2618
2230,372
2230,1071
2231,1022
2231,2376
2231,3090
2231,1819
2232,1169
2232,284
2232,1933
2232,2274
2232,2347
2233,2549
2233,954
2233,519
2233,2855
2234,1245
2234,26
2235,2521
2235,2799
2235,2439
2235,972
2235,753
2235,545
2236,782
2236,2889
2236,3147
2236,1737
2237,1965
2237,1216
2237,375
2237,2091
2237,1870
2237,1630
2238,1122
2238,2846
2238,2802
2238,1822
2238,1779
2238,2990
2238,1397
2239,1532
2239,3089
2239,3025
2239,2804
2239,1107
2240,971
2240,2985
2240,1937
2240,1248
2241,871
2241,1576
2241,1698
2241,2705
2241,2405
2242,1305
2242,753
2242,755
2242,189
2242,572
2242,638
2243,1623
2243,1728
2243,2151
2243,1792
2243,446
2244,2488
2244,752
2244,1973
2244,1748
2245,1726
2245,557
2245,2407
2245,400
2246,1009
2246,357
2246,363
2246,408
2246,514
2246,1050
2246,2386
2247,2871
2247,379
2247,2105
2247,1015
2247,1821
2247,2627
2247,1905
2248,2473
2248,1848
2248,2684
2248,2645
2249,1696
2249,705
2249,2334
2249,155
2249,2055
2250,2100
2250,2378
2250,128
2250,2352
2250,2729
2251,1816
2251,1749
2251,1566
2251,2807
2251,547
2251,1984
2252,1446
2252,1523
2252,2398
2252,1928
2252,1024
2253,1525
2253,2811
2253,2585
2253,1768
2253,408
2254,489
2254,1388
2254,3042
2254,2165
2255,397
2255,2349
2255,1554
2255,879
2255,121
2255,1706
2256,2751
2256,2171
2256,1097
2256,2799
2256,2472
2257,397
2257,280
2257,2679
2257,1184
2257,2328
2257,1524
2258,1015
2258,998
2258,2477
2258,710
2258,2419
2258,1961
2259,1532
2259,633
2259,2712
2259,1787
2259,1195
2260,2961
2260,1027
2260,2399
2260,2504
2261,2977
2261,2551
2261,3126
2261,2168
2262,272
2262,1855
2262,151
2263,2194
2263,1393
2263,2906
2263,2512
2264,482
2264,1734
2264,2562
2264,2637
2264,297
2264,1928
2265,2937
2265,3077
2266,227
2266,379
2266,1464
2267,972
2267,1288
2267,1973
2267,725
2267,101
2267,2434
2268,1700
2268,2212
2268,1693
2268,661
2268,614
2269,2453
2269,2314
2269,2837
2269,540
2269,79
2270,1659
2270,2247
2270,875
2270,714
2270,612
2270,557
2270,305
2271,2617
2271,1521
2271,272
2271,2246
2271,2959
2272,2487
2272,968
2272,940
2272,2630
2273,2926
2273,71
2274,3042
2275,1262
2275,1012
2275,978
2275,667
2275,2424
2276,290
2276,737
2276,2644
2276,2583
2276,374
2276,1141
2277,2304
2277,2856
2277,3093
2277,89
2277,2287
2278,1361
2278,1775
2278,2419
2278,1939
2278,3052
2279,303
2279,3053
2279,478
2279,2747
2279,2081
2279,1756
2280,2622
2280,1211
2280,1820
2280,64
2280,303
2280,1932
2280,604
2281,1476
2281,1274
2281,577
2281,2183
2282,2161
2282,1640
2282,2133
2282,1009
2282,2391
2283,329
2283,2647
2283,3123
2283,2299
2283,227
2284,2821
2284,2706
2285,2169
2285,2476
2285,9
2285,531
2285,709
2286,357
2286,328
2286,2632
2286,3009
2286,2877
2286,1125
2287,1622
2287,2754
2287,139
2287,1478
2287,1642
2287,736
2287,1765
2288,2985
2288,2347
2289,997
2289,728
2289,1670
2289,521
2290,1205
2290,1298
2290,1381
2290,260
2291,2080
2291,3143
2291,1044
2291,2239
2291,973
2291,1049
2291,1928
2292,2151
2292,1179
2292,1645
2292,3050
2292,2779
2293,2953
2293,198
2293,41
2293,900
2294,1420
2294,1658
2294,1046
2294,2515
2294,3003
2295,615
2295,2790
2295,2110
2295,2982
2296,253
2296,120
2296,1276
2296,930
2297,441
2297,3172
2297,928
2297,550
2297,2077
2298,2900
2299,909
2299,67
2299,1118
2299,1688
2299,560
2299,99
2299,151
2300,3130
2300,408
2300,2010
2300,3187
2301,2034
2301,1794
2302,1648
2303,1281
2303,2740
2303,357
2303,230
2303,2402
2304,2934
2304,2317
2304,2455
2304,1598
2304,1448
2305,1085
2305,1696
2305,2565
2306,3036
2306,1809
2306,1018
2306,1072
2306,1761
2306,1791
2307,1122
2307,1410
2307,2856
2307,1400
2307,2378
2307,1910
2308,2949
2308,2999
2308,3006
2308,782
2308,907
2308,2458
2309,283
2310,1355
2310,2293
2310,3127
2310,746
2311,3046
2311,765
2311,3185
2312,373
2312,1564
2312,1058
2312,324
2312,1073
2312,989
2312,1323
2313,2819
2313,1460
2313,3075
2313,1669
2313,1397
2313,2766
2313,2320
2313,3027
2314,2562
2314,1718
2314,543
2314,778
2314,1356
2315,2133
2315,2956
2315,54
2315,719
2315,3175
2315,252
2316,1942
2316,3026
2316,3033
2316,2964
2316,810
2317,1919
2317,1674
2317,2342
2317,1530
2317,1941
2317,2758
2317,2940
2318,1515
2318,1635
2318,1708
2318,498
2318,2924
2318,1042
2319,818
2319,2045
2319,803
2319,1113
2320,3073
2320,1340
2322,820
2322,1325
2322,2975
2322,2711
2323,82
2323,3055
2323,3035
2323,755
2323,2091
2324,1066
2324,1760
2324,2901
2324,2146
2324,43
2324,1516
2324,643
2325,2333
2325,2607
2325,815
2325,3124
2325,179
2326,829
2326,965
2326,637
2326,1563
2326,1012
2326,3093
2327,325
2327,222
2327,523
2327,3021
2327,648
2328,2378
2328,1221
2329,1732
2329,262
2329,1761
2329,2793
2329,2469
2329,2394
2330,2632
2330,571
2330,127
2330,2779
2330,761
2330,1490
2331,3185
2331,2901
2331,978
2331,2843
2332,1004
2332,1439
2332,2793
2332,1311
2332,266
2333,1336
2333,155
2333,2300
2333,2633
2334,2305
2334,2782
2334,1120
2334,1742
2334,632
2335,573
2335,371
2335,3127
2336,2058
2336,1560
2336,438
2336,1337
2336,1066
2337,1671
2337,429
2337,1460
2338,1010
2338,1080
2338,2566
2338,1998
2338,2568
2338,3135
2338,99
2338,2173
2339,3185
2339,1881
2339,1292
2339,1071
2339,2940
2339,2750
2340,1987
2340,2778
2340,357
2341,1997
2341,2365
2341,2370
2341,3017
2342,231
2342,1851
2342,1694
2342,56
2342,820
2343,260
2343,2771
2343,315
2343,2453
2343,2991
2344,2101
2344,2140
2344,2543
2344,1389
2344,2801
2344,2647
2345,1623
2345,1280
2345,1773
2345,1867
2345,1298
2346,1840
2346,1099
2346,91
2346,1668
2346,571
2346,3098
2346,2681
2347,1172
2348,1526
2348,1328
2349,126
2349,278
2349,568
2349,1005
2350,211
2350,205
2350,1813
2350,204
2350,1334
2351,2413
2351,1324
2351,2774
2351,2677
2351,2583
2351,2346
2352,1365
2352,2605
2352,1303
2352,708
2352,2379
2352,2751
2353,2659
2353,2301
2353,314
2353,941
2353,3089
2354,2507
2354,3126
2354,1111
2355,2977
2355,1957
2355,905
2355,2096
2355,1019
2355,947
2356,488
2356,932
2356,1785
2356,2666
2356,384
2357,1490
2357,2399
2357,1305
2357,2782
2357,127
2358,1694
2358,1870
2358,1285
2359,379
2359,161
2359,180
2359,2555
2359,1860
2360,2842
2360,736
2360,749
2360,1659
2360,2061
2360,1732
2361,2927
2361,2393
2361,756
2361,1711
2362,134
2362,2057
2362,708
2362,1963
2362,1214
2362,2569
2363,1952
2363,1207
2363,523
2363,2209
2363,2855
2363,2173
2364,409
2364,2509
2364,1500
2364,1701
2364,758
2364,2970
2365,1908
2365,694
2365,2871
2365,1637
2365,55
2365,475
2365,2982
2365,2800
2366,3173
2366,2946
2366,606
2366,2308
2366,997
2366,1918
2367,3021
2368,472
2368,2445
2368,2654
2368,3033
2368,810
2368,2110
2369,1462
2369,1218
2369,2426
2369,344
2370,2220
2370,267
2370,2766
2370,1263
2370,2607
2371,1340
2371,2833
2371,1676
2372,1717
2372,2529
2372,868
2372,384
2372,2635
2372,2515
2373,2393
2373,379
2373,1580
2373,276
2373,91
2373,346
2373,2751
2373,242
2374,3016
2374,2133
2374,3094
2374,1698
2374,2829
2375,1095
2375,1668
2375,486
2376,2522
2376,2502
2376,2935
2376,1843
2377,1477
2377,2584
2377,2214
2377,953
2377,2280
2377,2962
2378,2631
2378,728
2378,2018
2378,227
2378,1910
2378,818
2379,1159
2379,1195
2379,991
2379,266
2380,49
2380,788
2380,1849
2380,1073
2380,1827
2380,694
2380,1813
2380,2568
2381,67
2381,1862
2381,2626
2381,743
2382,1048
2382,723
2382,1014
2382,404
2382,2880
2383,2272
2383,1186
2383,1122
2384,1603
2384,135
2384,16
2384,1860
2384,845
2384,1484
2384,2534
2385,2083
2385,2898
2385,1676
2385,1636
2386,2100
2386,989
2386,584
2386,1361
2386,1713
2386,1017
2387,1096
2387,243
2387,1207
2388,1097
2388,903
2388,2381
2388,1835
2388,758
2388,2511
2388,634
2389,3024
2389,2111
2390,2980
2390,2802
2390,1836
2390,2654
2390,400
2390,2926
2390,908
2391,3091
2391,3149
2392,750
2392,2160
2392,485
2392,1965
2392,2029
2392,2923
2393,987
2393,1602
2394,176
2394,571
2394,1855
2394,840
2394,91
2394,588
2395,972
2395,2439
2395,1920
2395,2589
2396,189
2396,230
2397,2634
2397,421
2397,584
2397,3078
2397,2552
2397,2589
2398,2865
2398,2320
2398,1489
2398,1514
2398,2150
2398,1020
2399,2848
2399,1708
2399,1143
2399,472
2399,746
2400,1030
2400,2566
2400,334
2400,2219
2400,966
2401,747
2401,860
2401,2582
2401,673
2401,2434
2401,1761
2402,969
2402,2628
2402,1599
2402,1879
2403,1881
2403,2131
2403,3077
2403,752
2404,2255
2404,2793
2404,1569
2404,896
2404,1748
2405,2793
2405,1174
2405,1979
2405,2168
2406,1819
2406,1101
2406,786
2407,709
2407,2584
2407,2539
2407,1573
2407,431
2407,1613
2408,1705
2408,758
2408,1282
2408,2804
2409,922
2409,2985
2409,2965
2409,1879
2409,211
2410,1819
2410,456
2410,290
2410,2384
2411,1023
2411,1462
2411,1851
2411,2532
2411,2894
2411,601
2411,2824
2411,2426
2412,2257
2412,786
2412,2699
2412,2759
2413,1457
2413,2829
2413,3127
2413,297
2413,49
2413,949
2414,465
2414,3157
2414,64
2414,1228
2415,2525
2415,1479
2415,469
2415,2320
2415,2126
2415,1070
2416,130
2416,350
2417,1532
2417,2019
2417,1742
2418,2489
2418,1255
2418,274
2418,2549
2419,1588
2419,1353
2419,705
2419,2249
2419,2171
2419,2334
2420,2543
2420,1448
2420,1021
2421,96
2421,2563
2421,2752
2421,1055
2421,2110
2421,1465
2422,2731
2422,2490
2422,2545
2422,2724
2423,2095
2423,1919
2423,1820
2423,1280
2424,2936
2424,1804
2425,1696
2425,1446
2425,989
2426,327
2426,991
2426,2028
2426,2041
2426,1829
2426,520
2426,2218
2427,962
2427,3075
2428,297
2428,2141
2428,525
2428,835
2428,2556
2428,1618
2429,1031
2429,2402
2429,2205
2429,636
2429,1923
2429,1657
2429,751
2430,3020
2430,373
2430,1476
2431,822
2431,193
2431,188
2431,315
2431,1321
2431,450
2431,1289
2432,314
2432,1068
2432,1775
2432,1448
2432,1680
2432,1114
2433,1924
2433,1402
2433,484
2434,270
2435,2407
2435,2504
2435,589
2435,1696
2436,720
2436,2341
2437,329
2437,374
2437,3003
2437,1138
2437,1049
2437,806
2438,2122
2438,1833
2438,2030
2438,1147
2438,3135
2439,2489
2439,1477
2439,874
2439,788
2439,2471
2439,178
2439,755
2440,280
2440,1063
2440,2176
2440,3015
2440,1504
2440,1291
2440,2528
2441,2980
2441,1747
2441,2663
2441,2467
2442,3145
2442,270
2442,325
2443,2050
2443,1
2443,2789
2443,1844
2444,1020
2444,974
2444,2512
2444,1734
2444,2532
2445,10
2445,1207
2445,229
2445,1752
2445,2342
2446,848
2446,1797
2446,1896
2446,423
2446,715
2446,2290
2446,2138
2447,447
2447,1761
2447,1919
2447,882
2447,793
2447,1115
2448,2495
2448,1392
2448,201
2449,1029
2449,3008
2449,25
2449,37
2450,778
2450,2032
2450,1822
2450,3004
2451,1463
2451,1448
2451,2802
2451,1515
2451,2396
2451,1768
2452,1809
2452,749
2452,1764
2452,2169
2453,2829
2453,1973
2453,1073
2453,1950
2454,2850
2454,1011
2454,3143
2454,2090
2454,979
2454,2577
2454,2878
2455,1630
2455,3124
2455,1055
2455,176
2456,2501
2456,2502
2456,777
2456,878
2456,1688
2457,929
2457,2885
2457,106
2457,75
2458,1333
2458,738
2458,1585
2458,1829
2459,1161
2459,2131
2459,1603
2459,1655
2459,415
2459,1838
2460,2531
2460,186
2460,75
2460,722
2460,2848
2460,1359
2460,3190
2460,2139
2461,940
2461,384
2461,1381
2462,2981
2462,263
2462,845
2463,2473
2463,2257
2463,212
2464,290
2464,1389
2464,1517
2464,2284
2464,1910
2464,514
2465,2719
2465,306
2465,2589
2465,2445
2467,2639
2467,2229
2467,1239
2467,1497
2467,2372
2468,2935
2468,2702
2468,947
2468,774
2469,413
2469,2243
2469,1777
2469,2634
2469,1165
2470,431
2470,2864
2471,2507
2471,3024
2471,2484
2471,1383
2471,1003
2472,2891
2472,2369
2472,590
2472,2131
2472,236
2472,2151
2472,984
2473,2936
2473,1812
2473,2704
2473,2558
2474,1520
2474,2502
2474,2719
2474,2859
2474,31
2474,294
2475,1087
2475,40
2475,2936
2475,1401
2475,2606
2476,749
2476,1026
2476,2128
2476,930
2476,1218
2477,1028
2477,2512
2477,3129
2477,3088
2477,1658
2477,3131
2477,2871
2478,3068
2478,1361
2478,1740
2479,2090
2479,1933
2479,1676
2479,2133
2479,3146
2480,945
2480,2793
2480,2162
2480,1272
2480,1775
2481,2159
2481,2871
2481,470
2481,2962
2482,3098
2482,2934
2482,2868
2482,162
2482,228
2482,926
2482,1563
2483,2941
2483,1110
2483,1589
2484,2265
2484,1358
2484,898
2484,2339
2484,3061
2485,816
2485,327
2485,2378
2485,2122
2486,1159
2486,25
2486,712
2486,799
2486,2557
2487,2555
2487,262
2487,1359
2487,2706
2487,1366
2488,754
2488,1828
2488,793
2488,185
2488,1030
2488,2309
2489,3012
2489,1314
2489,1585
2489,1291
2490,1836
2490,1708
2490,2271
2490,830
2490,2511
2491,2800
2491,2546
2491,563
2491,821
2492,41
2493,1048
2493,1659
2493,2607
2493,877
2493,1889
2493,1006
2493,1168
2494,636
2494,1896
2495,2851
2495,2198
2495,1039
2495,1400
2496,614
2496,746
2496,48
2496,1252
2496,319
2496,1885
2497,455
2497,1376
2497,1818
2497,426
2497,3071
2498,1777
2498,2396
2498,330
2499,1594
2499,1908
2499,1044
2499,1389
2499,400
2500,780
2500,2871
2500,1573
2500,2897
2500,1400
2501,2068
2501,2568
2501,2411
2502,1527
2502,2124
2502,1507
2502,2042
2503,3097
2504,1592
2504,1134
2504,193
2504,294
2504,384
2505,2227
2505,1364
2505,1937
2505,2072
2505,701
2506,2369
2506,1449
2506,643
2507,240
2507,2477
2507,66
2507,1289
2508,2249
2508,2159
2508,1512
2509,270
2509,570
2509,710
2509,1186
2509,2459
2509,1695
2510,1417
2510,806
2510,2983
2510,552
2510,3059
2510,76
2511,1347
2511,157
2511,1027
2511,1980
2511,1871
2511,434
2512,2391
2512,3020
2512,1581
2512,1590
2512,1850
2512,1421
2512,2339
2513,3008
2513,3010
2513,2233
2513,994
2514,490
2514,401
2514,1890
2514,1110
2514,2797
2514,2713
2514,2449
2515,334
2515,550
2515,3036
2515,243
2516,622
2516,1783
2516,2775
2516,2273
2516,1816
2516,1647
2517,1995
2517,142
2517,319
2517,253
2517,711
2517,1218
2518,1372
2518,2901
2518,2385
2518,1682
2518,1244
2518,2233
2519,438
2519,512
2519,71
2519,1086
2520,1573
2520,1813
2520,1257
2520,1655
2521,2484
2521,1590
2521,2895
2521,2694
2521,1207
2521,988
2522,1752
2522,827
2522,1873
2523,379
2523,1801
2523,128
2524,720
2524,2214
2524,1577
2524,829
2524,2842
2525,2796
2525,1063
2525,563
2525,718
2525,2115
2525,2453
2526,958
2526,2936
2526,2941
2526,769
2526,830
2527,1918
2527,2829
2527,1800
2527,1516
2527,1274
2527,637
2527,965
2528,1255
2528,3127
2528,441
2528,1614
2528,2742
2529,958
2529,469
2529,38
2529,2339
2529,74
2529,1310
2529,2583
2530,1514
2530,2368
2530,2926
2530,99
2530,2031
2531,2099
2531,845
2531,3024
2531,940
2532,2802
2532,1409
2533,2606
2533,2653
2533,2846
2533,2778
2533,1000
2533,2659
2534,1523
2534,1693
2534,1933
2534,2759
2534,1457
2534,1007
2535,845
2535,179
2535,2269
2535,2161
2536,1773
2536,1991
2536,2981
2536,1532
2537,793
2537,1822
2537,979
2537,1095
2537,99
2538,1784
2538,2824
2538,1406
2538,535
2538,2509
2539,584
2539,3018
2539,244
2539,1278
2539,1233
2539,1816
2540,861
2540,1358
2540,2678
2540,1698
2540,815
2540,226
2540,1483
2541,824
2541,1829
2541,181
2541,2196
2541,2478
2542,1919
2542,3177
2542,1698
2542,2465
2542,3021
2542,324
2543,640
2543,614
2543,1251
2543,993
2544,2553
2544,179
2544,434
2544,1724
2544,1516
2545,940
2545,641
2545,1733
2546,338
2546,2312
2546,3021
2546,3003
2546,1756
2546,2997
2546,1595
2547,1563
2547,1237
2547,2585
2547,1437
2547,2889
2547,1585
2547,828
2547,1172
2548,557
2548,761
2548,1773
2548,2799
2548,2155
2549,2080
2549,1730
2549,1394
2549,323
2549,2961
2549,2747
2550,989
2550,1451
2550,2672
2550,810
2550,1258
2551,421
2551,2724
2551,2168
2552,1585
2552,1203
2552,1199
2552,2918
2552,1848
2553,1918
2553,2602
2553,815
2553,3091
2554,157
2554,756
2554,1376
2554,310
2554,2507
2555,971
2555,1396
2555,1733
2555,2885
2555,892
2556,2686
2556,2674
2556,1013
2557,1437
2557,1624
2557,3174
2557,1733
2558,788
2558,2155
2558,2165
2558,617
2558,1825
2558,305
2558,32
2559,681
2559,2979
2559,1736
2559,2895
2559,1812
2559,2016
2559,1896
2560,1532
2560,2267
2560,791
2560,3173
2561,1102
2561,3024
2561,524
2561,2830
2561,974
2561,2319
2561,2547
2562,2054
2562,414
2562,1691
2563,20
2563,1028
2563,1676
2563,1736
2563,2979
2564,276
2564,1009
2564,1706
2564,2485
2565,972
2565,643
2565,1737
2565,2194
2565,1013
2566,2529
2566,976
2566,491
2566,2554
2566,3098
2567,1131
2567,2484
2567,3024
2567,276
2567,2632
2569,1141
2569,2465
2569,1726
2569,1519
2569,514
2570,449
2570,2547
2570,1096
2571,1691
2571,2209
2571,2494
2571,45
2571,717
2572,718
2572,2910
2572,3043
2572,820
2572,96
2572,1681
2572,800
2572,1186
2573,1877
2573,2040
2573,3164
2573,409
2573,2567
2573,2398
2574,1334
2574,2006
2574,2777
2574,2990
2575,978
2575,2694
2575,421
2575,953
2575,1939
2576,2719
2576,1773
2576,722
2576,1400
2576,896
2576,281
2576,1389
2576,1520
2576,755
2577,1919
2577,1937
2577,2478
2577,2481
2578,3003
2578,120
2578,1047
2578,3035
2578,1314
2578,2032
2579,3041
2579,1811
2579,700
2579,1361
2579,218
2579,899
2580,927
2580,3057
2580,2855
2580,990
2580,867
2580,199
2580,2774
2580,922
2581,1277
2581,518
2581,1819
2581,2977
2581,333
2582,2663
2582,1756
2582,722
2582,725
2582,1822
2582,849
2583,1517
2583,25
2583,338
2583,2920
2584,1928
2584,397
2584,901
2584,1030
2585,1681
2585,2843
2585,1737
2585,659
2585,2936
2585,969
2586,2779
2586,3187
2586,2205
2586,2705
2587,744
2587,991
2587,1400
2587,2935
2587,2454
2588,2841
2588,738
2588,1922
2588,633
2588,1950
2589,873
2589,2101
2589,2284
2590,2934
2590,1508
2590,1647
2590,1120
2590,2895
2590,810
2591,25
2591,2846
2591,1479
2592,2029
2592,661
2592,256
2592,1788
2592,1276
2592,2170
2593,3093
2593,1332
2593,2924
2593,2778
2593,922
2594,423
2594,422
2594,1573
2594,1355
2594,2974
2595,3098
2595,1656
2595,1014
2596,1305
2596,1715
2596,2539
2596,2559
2596,212
2597,2216
2597,1222
2598,271
2598,2980
2598,1834
2598,2109
2598,1026
2598,862
2598,1515
2598,755
2599,600
2599,2953
2599,1028
2599,122
2600,3097
2600,878
2600,510
2600,2264
2600,560
2600,2946
2601,1477
2601,41
2601,1659
2601,612
2601,1858
2602,1775
2602,2140
2602,715
2602,1381
2602,2073
2603,1356
2603,2249
2603,2990
2603,3190
2604,1328
2604,1526
2604,626
2604,279
2604,2739
2604,856
2605,2624
2605,2731
2605,1879
2605,2206
2606,1031
2606,2878
2607,1476
2607,1517
2607,892
2607,2829
2607,980
2607,1509
2608,412
2608,1585
2608,2657
2608,3127
2608,2515
2609,2115
2609,2967
2610,1199
2610,2151
2610,2554
2610,1816
2610,194
2610,155
2611,837
2611,2068
2611,2165
2611,2471
2611,2439
2611,2790
2611,120
2612,303
2612,146
2612,1288
2612,1654
2613,280
2613,2324
2613,2597
2613,235
2613,663
2613,2372
2613,896
2613,1520
2614,898
2614,1337
2614,3059
2614,531
2615,1594
2615,1084
2615,546
2616,1749
2616,201
2616,2095
2616,1111
2616,546
2616,2097
2616,3103
2617,474
2617,714
2617,1923
2617,1048
2617,2168
2617,2041
2618,3087
2618,1305
2618,2981
2618,268
2618,2850
2618,284
2618,2026
2618,448
2619,622
2619,2110
2619,28
2619,2510
2619,1984
2619,1780
2619,1516
2620,1072
2620,1272
2620,1397
2620,2800
2620,222
2620,3056
2620,2176
2621,1195
2621,1525
2621,1380
2621,2864
2621,2152
2622,2589
2622,706
2622,413
2622,3098
2622,605
2622,168
2623,2706
2623,1973
2623,2850
2623,1582
2623,1712
2623,1176
2624,411
2624,810
2624,651
2624,2027
2625,734
2625,2760
2625,2715
2626,903
2626,2590
2626,3124
2626,1516
2626,1793
2627,2308
2627,1599
2627,2864
2627,409
2627,1027
2628,2271
2628,2176
2628,922
2629,493
2629,1858
2629,1002
2629,2216
2630,2991
2630,1748
2630,1335
2630,2466
2631,1298
2631,577
2631,1944
2631,1341
2631,3061
2631,1622
2632,1009
2632,1899
2632,409
2632,2240
2632,1797
2632,1417
2633,2586
2633,2240
2633,539
2633,2247
2633,404
2634,534
2634,1725
2634,1945
2635,2833
2635,1573
2635,998
2635,2927
2636,952
2636,2558
2636,2806
2636,1131
2636,948
2636,1635
2636,121
2636,839
2637,2372
2637,1356
2637,2623
2637,178
2637,892
2637,1605
2637,663
2637,264
2638,614
2638,1580
2638,1513
2638,820
2638,321
2638,1279
2638,900
2639,354
2639,2188
2639,155
2639,2855
2640,1071
2640,128
2640,714
2641,2807
2641,808
2641,1020
2641,1203
2641,713
2641,522
2642,860
2642,1557
2642,301
2642,3166
2642,1239
2642,782
2642,1728
2643,516
2643,2790
2643,2138
2644,3012
2644,1910
2644,41
2644,3091
2644,3001
2644,1829
2644,2353
2644,1773
2645,1298
2645,2949
2645,2564
2646,2038
2646,1479
2646,2488
2646,1025
2646,1705
2647,1858
2647,2065
2648,2095
2648,1671
2648,829
2648,789
2648,252
2648,3157
2648,1830
2649,3022
2649,200
2649,1862
2649,2191
2649,2751
2650,1016
2650,689
2650,0
2650,2384
2650,1853
2651,2909
2651,1033
2651,2556
2651,753
2652,1218
2652,1484
2652,1584
2652,832
2652,409
2652,882
2652,2306
2653,2900
2653,296
2653,1779
2653,1055
2653,539
2654,622
2654,1851
2654,179
2654,2613
2654,945
2654,2859
2655,237
2655,1417
2655,267
2655,736
2655,3008
2655,409
2655,339
2656,1957
2656,1637
2656,2240
2656,445
2656,2702
2656,2578
2657,1442
2657,2366
2657,267
2657,1206
2658,2796
2659,1356
2659,2708
2659,1586
2659,139
2659,508
2659,3087
2659,376
2660,1179
2660,2850
2660,1156
2661,640
2661,2042
2661,478
2661,385
2662,219
2662,1855
2662,2792
2662,2471
2662,2426
2663,1925
2663,1845
2663,2396
2663,1098
2663,1337
2663,953
2663,2214
2664,908
2664,1268
2664,2721
2664,338
2664,297
2664,2508
2664,1006
2665,2924
2665,1328
2665,761
2665,2989
2665,462
2666,139
2666,1939
2666,124
2666,3053
2667,1067
2667,826
2667,2368
2667,2595
2667,411
2668,144
2668,167
2668,637
2668,2164
2668,1917
2668,858
2669,621
2669,1676
2669,25
2670,2396
2670,1456
2670,2705
2671,822
2671,3173
2671,2706
2671,2101
2671,743
2672,1356
2672,269
2672,222
2672,2344
2672,2647
2673,196
2673,142
2673,2381
2673,1861
2674,1328
2674,120
2674,1186
2674,826
2674,2719
2675,932
2675,969
2675,2882
2675,638
2676,1627
2676,2764
2676,1753
2676,2793
2676,949
2677,1421
2677,932
2677,1511
2677,2771
2677,638
2678,2815
2678,11
2678,2855
2679,3087
2679,2961
2679,1683
2679,2167
2679,1290
2680,314
2680,325
2680,1685
2680,1478
2680,2863
2680,1526
2680,564
2682,2647
2682,1048
2683,1211
2683,1643
2683,2830
2683,2450
2683,2407
2683,949
2683,2162
2683,1872
2684,2791
2684,2116
2684,2241
2684,13
2684,546
2684,1496
2684,2010
2685,856
2685,1521
2685,522
2685,2446
2685,1626
2686,2444
2686,634
2686,854
2686,294
2686,1031
2686,3130
2686,3097
2686,2650
2687,1919
2687,637
2687,1923
2687,725
2687,1903
2687,1141
2688,1851
2688,1984
2688,63
2688,2489
2688,1955
2689,765
2689,1632
2689,1676
2689,1658
2689,2344
2690,2355
2690,1991
2690,998
2691,2424
2691,926
2691,2676
2692,2553
2692,930
2692,210
2692,2490
2693,419
2694,1458
2694,844
2694,806
2695,252
2695,774
2695,2914
2695,170
2695,2524
2695,3061
2695,1642
2696,1677
2696,253
2696,631
2696,1484
2697,1058
2697,2195
2697,134
2697,2554
2698,419
2698,1016
2698,2271
2699,2542
2699,2529
2699,45
2699,1421
2700,2783
2700,1905
2701,1206
2701,139
2701,237
2701,998
2701,1188
2701,1351
2701,2458
2702,64
2702,815
2702,417
2702,1922
2702,860
2702,296
2702,2104
2703,2713
2703,2755
2703,2502
2703,2366
2703,1659
2703,465
2704,1067
2704,1314
2704,475
2704,1039
2705,2698
2705,1058
2705,2710
2705,5
2705,2326
2705,1355
2706,447
2706,1272
2706,2504
2706,2686
2706,172
2706,1018
2706,2820
2706,363
2706,313
2707,2489
2707,1590
2707,47
2708,190
2708,2398
2708,499
2708,1138
2709,757
2709,704
2709,1734
2709,1348
2709,1829
2710,1829
2710,352
2710,63
2710,2730
2711,2829
2711,1397
2711,3050
2711,2496
2711,1110
2712,453
2712,512
2712,287
2713,2659
2713,323
2713,920
2713,421
2713,1312
2713,3109
2714,253
2714,1484
2714,2195
2715,1774
2715,15
2715,2719
2716,1169
2716,2511
2716,2140
2717,774
2717,2082
2717,205
2717,2589
2718,1532
2718,3124
2718,874
2718,638
2718,1942
2718,1907
2719,2473
2719,1730
2719,2746
2720,1014
2720,1728
2720,2160
2720,2728
2721,1503
2721,2090
2721,1014
2721,5
2722,813
2722,2551
2722,274
2722,2308
2723,272
2723,1688
2723,1345
2723,994
2723,1421
2723,2413
2723,894
2724,1683
2724,1336
2724,707
2724,1147
2724,963
2724,2708
2725,826
2725,2238
2725,1989
2725,2217
2726,826
2726,908
2726,664
2726,2856
2726,3135
2726,3004
2727,1733
2727,1963
2727,1310
2727,1435
2727,2263
2728,736
2728,1564
2728,2042
2729,2472
2729,1000
2729,2339
2729,3146
2729,2452
2730,2672
2730,1688
2730,1634
2730,1039
2731,237
2731,1491
2731,996
2731,2451
2731,789
2732,3012
2732,2308
2732,2512
2732,1455
2732,1582
2732,1521
2733,1280
2733,3014
2733,1867
2734,2777
2734,1095
2734,2820
2734,2041
2734,181
2734,2793
2734,2728
2735,310
2735,357
2735,2772
2735,328
2735,2738
2735,1921
2736,921
2736,2706
2736,2709
2736,3152
2736,2557
2737,2819
2737,677
2737,2280
2737,1040
2737,860
2737,1178
2738,1820
2738,1776
2738,43
2738,1141
2738,968
2739,1056
2739,2586
2739,1235
2739,3177
2740,1399
2740,1483
2740,2779
2740,272
2741,1056
2741,2862
2741,1901
2741,1809
2741,43
2741,2585
2742,1881
2742,2532
2742,2240
2743,121
2743,2880
2744,1813
2744,1395
2744,902
2744,523
2745,561
2745,2901
2745,2449
2745,1270
2746,2871
2746,662
2746,98
2746,2830
2746,344
2746,2467
2747,1925
2747,2485
2747,2799
2747,1659
2747,647
2748,2084
2748,2528
2748,3189
2748,3021
2749,3175
2749,441
2749,1068
2749,964
2750,2377
2750,1532
2750,170
2750,633
2751,2460
2751,2632
2751,708
2751,2832
2751,374
2751,305
2751,2482
2752,3002
2752,2162
2752,1285
2753,998
2753,1012
2753,2006
2753,1457
2753,2400
2753,214
2754,2326
2754,2248
2754,1095
2754,862
2754,225
2755,1624
2755,188
2755,2549
2755,1653
2755,920
2755,951
2755,725
2755,1427
2756,2560
2756,1614
2756,3087
2756,2391
2756,1026
2757,2635
2757,1078
2757,2588
2757,968
2757,844
2758,1206
2758,3180
2758,1211
2758,2194
2758,722
2759,1575
2759,2833
2759,3077
2759,2486
2760,2910
2760,52
2760,2338
2760,1011
2761,2353
2761,1963
2762,252
2762,2564
2762,1642
2762,2419
2762,506
2763,1809
2763,1073
2763,1056
2763,2465
2763,987
2763,2978
2764,2023
2764,801
2764,2374
2764,3016
2764,2194
2765,1748
2765,1987
2765,1411
2765,400
2765,1525
2765,1073
2765,2027
2765,708
2766,2124
2766,1051
2766,2751
2766,2802
2766,1942
2766,1990
2767,2603
2767,1055
2767,1408
2767,1314
2767,3185
2767,2955
2767,103
2767,948
2768,1919
2768,557
2768,2316
2769,3117
2769,1683
2769,1195
2769,2522
2770,313
2770,3091
2770,870
2770,2893
2770,218
2771,2909
2771,1722
2771,1742
2771,2274
2771,3061
2772,640
2772,1027
2772,2466
2772,1032
2772,577
2772,224
2773,3031
2773,2028
2773,142
2773,3141
2773,135
2773,1822
2774,2031
2774,895
2774,2665
2774,32
2774,1002
2775,953
2775,1280
2775,181
2775,400
2775,2509
2775,1296
2776,128
2776,1082
2776,519
2776,3013
2776,136
2776,2648
2777,933
2777,761
2777,2856
2777,2961
2777,334
2777,620
2778,267
2778,3103
2778,252
2778,1027
2778,1417
2779,416
2779,2926
2779,1668
2780,2331
2780,1761
2780,1717
2781,2601
2781,40
2781,163
2781,565
2781,1405
2781,1838
2781,2753
2782,3035
2782,1911
2782,1186
2782,870
2783,1021
2783,1702
2783,2627
2783,799
2783,1950
2783,844
2783,401
2783,2333
2784,2326
2784,69
2784,933
2784,2706
2785,2247
2785,1340
2785,1869
2786,921
2786,946
2786,1128
2786,188
2786,2684
2787,1298
2787,1005
2787,2049
2787,254
2787,3190
2788,2764
2788,2784
2788,1120
2788,1718
2788,2588
2788,3003
2789,2830
2789,1099
2789,1042
2789,98
2789,1668
2789,2005
2790,330
2790,2298
2790,2582
2790,928
2790,1021
2790,1001
2791,63
2791,224
2791,489
2791,2709
2791,728
2792,1169
2792,1591
2792,2243
2792,194
2792,622
2793,796
2793,1439
2793,3081
2793,141
2793,1899
2793,1696
2793,714
2793,136
2794,1659
2794,2663
2794,3012
2794,2806
2794,573
2795,1195
2795,256
2796,2871
2796,1676
2796,1946
2796,1793
2797,1525
2797,940
2797,3175
2797,616
2797,3172
2798,1159
2798,640
2798,2979
2798,1575
2798,2378
2798,2041
2798,2543
2799,1939
2799,3091
2799,2426
2799,2832
2799,738
2799,2614
2799,170
2800,2605
2800,1475
2800,1690
2800,620
2801,3160
2801,1457
2801,1652
2801,187
2801,566
2802,2231
2802,39
2802,824
2802,1986
2803,1172
2803,2163
2803,701
2804,139
2804,2184
2804,1696
2804,1965
2805,1438
2805,2076
2805,1773
2806,2622
2806,297
2806,1863
2806,2188
2806,2557
2807,1151
2807,2916
2807,1361
2807,321
2807,55
2807,2355
2808,2280
2808,29
2808,2317
2808,1047
2808,1101
2809,1850
2809,1717
2809,1325
2809,1235
2810,748
2810,1699
2810,1591
2810,1926
2810,1620
2810,1041
2810,268
2811,2753
2811,3075
2811,1457
2811,2176
2811,1863
2812,1516
2812,260
2812,2827
2812,2502
2812,1601
2813,3124
2813,771
2813,1186
2813,998
2813,1520
2814,374
2814,100
2814,714
2814,2110
2814,777
2814,1987
2815,769
2815,1919
2815,740
2815,3075
2815,1996
2815,1580
2815,991
2816,2010
2816,2126
2816,3125
2816,1778
2816,852
2816,1573
2817,810
2817,1223
2817,2016
2818,2151
2818,640
2818,1937
2819,810
2819,413
2819,1077
2819,1065
2819,815
2820,2674
2820,2247
2820,2229
2820,1719
2820,337
2820,210
2821,1408
2821,2267
2821,2650
2821,707
2821,2041
2822,2777
2822,605
2822,905
2822,2244
2823,1229
2823,1955
2823,602
2823,531
2823,441
2823,336
2824,1404
2824,2811
2824,642
2825,1989
2825,531
2825,2765
2826,2877
2826,1692
2826,2377
2826,1016
2826,3003
2826,827
2827,1531
2827,2981
2827,821
2827,2594
2827,867
2828,269
2828,1056
2828,2704
2829,661
2829,1109
2829,535
2829,829
2829,716
2830,883
2830,2589
2830,1131
2830,455
2830,1376
2831,2741
2831,577
2831,2325
2832,1276
2832,1677
2832,2842
2832,2095
2832,2259
2832,1819
2832,590
2833,709
2833,771
2833,956
2834,2878
2834,1554
2834,2287
2835,2766
2835,2079
2835,2557
2836,974
2836,2989
2836,423
2836,1563
2836,2554
2836,2623
2837,2002
2837,1024
2837,2908
2837,1665
2838,1666
2838,2217
2838,2036
2838,805
2838,1186
2838,1273
2839,2271
2839,1786
2839,2556
2839,2152
2840,2827
2840,523
2840,1056
2840,2800
2840,481
2841,2370
2841,2668
2841,1837
2841,882
2841,1664
2842,821
2842,2901
2842,1558
2842,1577
2842,2911
2842,3068
2842,1810
2843,1179
2843,2168
2843,2807
2843,153
2843,1011
2844,1936
2844,2835
2844,2684
2844,998
2844,1785
2844,1417
2845,1337
2845,1997
2845,45
2845,1526
2845,1332
2845,2637
2845,1138
2846,721
2846,2456
2846,2484
2846,3022
2846,1684
2847,1839
2847,1361
2847,473
2847,3022
2847,911
2847,463
2847,2550
2848,130
2848,2082
2848,3093
2848,2881
2849,1976
2849,1399
2849,369
2849,441
2850,2316
2850,2783
2850,2857
2850,1919
2850,3051
2850,272
2851,86
2851,1591
2851,812
2851,1642
2851,2300
2851,706
2851,1928
2852,325
2852,1979
2852,1413
2852,879
2852,1849
2852,1971
2852,233
2853,1
2853,2312
2853,2641
2853,240
2853,1797
2854,2317
2854,1659
2854,2623
2854,1331
2855,1781
2855,2778
2855,904
2855,1779
2855,2703
2855,1350
2855,3059
2855,2736
2856,1797
2856,3061
2856,2772
2857,1685
2857,1000
2857,1739
2857,2256
2857,932
2857,225
2858,2347
2858,214
2858,3075
2858,1051
2858,878
2859,3147
2859,2534
2859,1919
2859,1278
2860,236
2860,2126
2860,2990
2860,1033
2860,574
2860,771
2861,2699
2861,641
2862,1855
2862,1937
2862,3031
2863,2814
2863,2413
2863,127
2863,2012
2864,390
2864,1564
2864,2017
2864,792
2864,925
2864,2889
2864,695
2864,2628
2865,1117
2865,2624
2865,702
2865,373
2866,1310
2866,1128
2866,1673
2866,2058
2866,515
2867,2031
2867,2959
2867,1964
2867,708
2867,2030
2868,1923
2868,676
2868,2977
2868,952
2868,2191
2869,2171
2869,2076
2870,393
2871,1067
2871,1478
2872,749
2872,306
2872,1878
2872,3176
2872,878
2872,728
2872,2790
2872,2233
2873,1326
2873,1070
2873,1048
2873,2977
2873,1752
2874,871
2874,2435
2874,276
2874,274
2874,2472
2874,2088
2874,2393
2874,249
2874,1914
2874,384
2875,3078
2875,856
2875,91
2876,1493
2876,2257
2876,796
2876,714
2876,2299
2876,2352
2876,978
2877,70
2877,303
2877,816
2878,2160
2878,3024
2878,2826
2878,3027
2878,950
2878,1014
2878,1835
2879,956
2879,584
2879,1775
2880,1345
2880,278
2880,1118
2880,729
2880,1948
2881,110
2881,203
2881,2449
2881,1887
2881,1639
2881,227
2881,832
2882,1876
2882,1813
2882,2391
2882,1260
2883,1832
2883,716
2883,874
2883,1253
2884,3004
2884,1673
2884,2482
2884,2989
2884,304
2885,1172
2885,565
2885,31
2885,2422
2885,2469
2885,75
2886,865
2886,2933
2886,1128
2886,272
2886,3038
2886,229
2887,34
2887,2962
2887,2905
2887,2820
2887,991
2888,1694
2888,1840
2888,69
2888,980
2888,2624
2889,12
2889,2271
2889,1181
2889,706
2889,523
2889,2590
2889,2769
2890,181
2890,604
2890,1084
2890,1855
2890,955
2890,751
2890,2300
2891,3150
2891,3154
2891,572
2891,489
2891,1338
2892,1605
2893,1531
2893,2627
2893,2489
2893,2494
2893,1894
2893,229
2893,321
2893,1630
2894,738
2894,2731
2894,2843
2895,2079
2895,852
2895,3035
2895,1266
2895,1002
2896,1056
2896,2777
2896,677
2896,1842
2896,1575
2896,2965
2896,922
2897,139
2897,1305
2897,2247
2897,260
2897,1738
2898,491
2898,338
2898,124
2898,1670
2898,91
2898,290
2899,2287
2899,951
2899,1287
2899,1298
2899,1536
2899,252
2900,2866
2900,2601
2900,1399
2900,1932
2900,2632
2900,2372
2901,237
2901,879
2901,2139
2901,317
2901,2482
2901,1819
2901,1356
2902,2024
2902,3004
2902,284
2902,2309
2902,248
2903,3054
2903,2351
2903,2653
2903,1345
2903,3027
2904,2464
2905,358
2905,0
2905,956
2905,2398
2905,294
2905,2232
2905,2300
2905,1128
2906,1690
2906,49
2906,1879
2906,1817
2906,1655
2906,1784
2907,2309
2907,2003
2907,1601
2907,1252
2907,9
2907,1385
2908,1055
2908,200
2908,608
2908,296
2908,67
2908,2306
2908,1147
2909,201
2909,3130
2909,895
2909,2607
2909,2664
2910,2480
2910,2634
2910,2422
2910,1863
2910,2254
2910,536
2910,2128
2911,2961
2911,2258
2911,404
2911,963
2912,1863
2912,2783
2912,1405
2912,2422
2912,1622
2913,1323
2913,2564
2913,336
2913,982
2913,1409
2914,751
2914,1306
2914,1799
2914,3022
2914,329
2915,1906
2915,2837
2916,3187
2916,714
2916,744
2916,2240
2916,2465
2916,3033
2916,1609
2917,415
2917,1310
2917,1973
2917,1462
2917,204
2918,1671
2918,423
2918,2547
2918,974
2918,2960
2919,1068
2919,2027
2919,730
2919,2395
2919,2114
2919,874
2919,66
2920,2622
2920,1117
2920,665
2920,1448
2921,2906
2921,248
2921,1111
2921,1493
2922,830
2922,57
2922,1511
2922,1488
2922,739
2923,3031
2923,2717
2923,2037
2923,31
2923,958
2924,2855
2924,867
2924,1017
2924,951
2925,1547
2925,718
2925,2707
2925,1869
2925,1583
2926,1489
2926,325
2926,2637
2926,1066
2926,1326
2926,909
2927,2622
2927,2802
2927,2057
2928,2240
2928,1809
2928,2742
2928,1862
2929,2271
2929,874
2929,838
2930,2606
2930,2979
2930,1296
2931,970
2931,1479
2931,244
2931,748
2931,433
2932,2709
2932,1718
2932,2984
2932,2317
2932,1355
2932,2173
2932,2293
2933,2090
2933,1029
2933,895
2933,719
2933,2037
2934,1442
2934,2451
2934,839
2935,1645
2935,1346
2935,934
2935,1904
2936,1851
2936,127
2936,838
2936,655
2937,1971
2937,1742
2937,3127
2937,952
2938,257
2938,894
2938,3136
2938,3003
2939,530
2939,730
2939,1375
2939,860
2939,880
2940,871
2940,227
2940,717
2940,2849
2941,2069
2941,2076
2941,1048
2941,2997
2941,805
2941,1582
2941,266
2942,2602
2942,2799
2942,1223
2942,1713
2943,2471
2943,2242
2943,1565
2944,2358
2944,1910
2944,2623
2944,2708
2944,2171
2944,424
2945,742
2945,1338
2945,1796
2946,2709
2946,1513
2946,2705
2946,2254
2947,314
2947,2299
2947,2519
2947,1573
2947,3077
2947,2611
2947,1630
2948,778
2948,1623
2948,1673
2948,2308
2949,1356
2949,621
2949,1660
2949,493
2949,1182
2950,1195
2950,334
2950,2028
2950,1921
2950,847
2950,700
2951,2134
2951,334
2951,749
2951,1021
2952,1200
2952,1718
2953,1280
2953,989
2953,2216
2954,3042
2954,2067
2954,0
2954,2102
2954,2568
2955,2637
2955,1582
2955,643
2955,2785
2955,1493
2956,513
2956,2160
2956,2114
2956,520
2957,895
2957,2607
2957,1361
2957,2017
2957,2519
2958,2158
2958,2596
2959,2182
2959,1420
2959,1937
2959,2272
2959,842
2960,1451
2960,975
2960,704
2960,1835
2960,2407
2960,2656
2961,1882
2961,1451
2961,2586
2961,457
2961,91
2961,1156
2962,2634
2962,2247
2962,721
2962,460
2962,295
2962,1173
2962,878
2963,1698
2963,276
2963,1632
2963,2829
2963,2366
2963,2229
2963,299
2964,2019
2964,1000
2964,1685
2964,312
2964,718
2965,1710
2965,2105
2965,694
2965,383
2965,2029
2966,2985
2966,716
2966,3164
2966,3093
2966,2622
2967,1696
2967,714
2967,2239
2967,2165
2967,2133
2967,459
2968,2657
2968,1722
2968,1415
2968,1478
2968,1354
2968,711
2969,793
2969,1717
2969,1364
2970,20
2970,1399
2970,2550
2970,1303
2970,751
2971,874
2971,1669
2971,810
2971,2134
2972,301
2972,1085
2972,3097
2972,3024
2972,3125
2972,1665
2973,260
2973,2793
2973,792
2973,2865
2973,969
2973,1345
2974,796
2974,1911
2974,121
2975,1886
2975,1940
2975,1662
2976,518
2976,91
2976,128
2976,866
2977,1882
2977,2360
2977,1623
2977,2027
2977,181
2977,2983
2977,951
2978,91
2978,2162
2978,2625
2978,336
2978,1681
2979,409
2979,2473
2979,2551
2979,371
2979,2586
2979,1718
2979,6
2979,2407
2980,1461
2980,2871
2981,139
2981,1006
2981,2075
2982,2327
2982,1372
2982,291
2982,1907
2983,739
2983,2052
2983,1906
2983,881
2983,1525
2984,2317
2984,1608
2984,1836
2984,325
2984,2980
2985,1450
2985,2634
2985,225
2985,2128
2985,1219
2985,1302
2986,2607
2986,1366
2986,1739
2986,1120
2987,979
2987,2850
2987,3152
2987,130
2988,2542
2988,2889
2988,556
2989,614
2989,2355
2989,122
2989,1640
2990,1713
2990,1165
2990,319
2990,297
2990,1235
2990,2100
2991,632
2991,226
2991,2497
2991,1110
2992,3004
2992,1723
2992,3053
2992,2601
2993,2771
2993,1573
2993,1935
2993,951
2994,974
2994,1780
2994,2751
2994,2539
2995,1702
2995,2626
2995,1748
2995,945
2995,512
2995,2979
2996,2600
2996,1798
2996,2601
2997,681
2997,1078
2997,1455
2997,1989
2997,2433
2998,2901
2998,1325
2999,2214
2999,2522
2999,2488
3000,1669
3000,1047
3000,2194
3000,2506
3000,2703
3000,214
3001,2347
3001,2489
3002,2034
3002,2487
3002,3089
3002,892
3002,1937
3003,905
3003,2990
3003,218
3003,2372
3003,685
3003,2371
3003,2347
3003,274
3004,1734
3004,1142
3004,3167
3005,2456
3005,32
3005,2548
3005,1571
3005,1703
3005,708
3005,1989
3006,1343
3006,1852
3006,1730
3006,1396
3007,1997
3007,2696
3007,1509
3007,1268
3007,1290
3008,1631
3008,1006
3008,928
3008,2104
3008,769
3008,1014
3008,393
3008,1254
3008,1840
3009,2171
3009,1737
3009,462
3011,1722
3011,1630
3011,95
3011,961
3011,1328
3011,1280
3011,2482
3012,875
3012,1582
3012,2785
3012,2822
3012,972
3012,2016
3013,2430
3013,940
3013,2429
3013,2772
3014,614
3014,2785
3014,1996
3015,2256
3015,225
3015,366
3015,1577
3015,1573
3015,1525
3015,1026
3015,1375
3015,679
3016,2738
3016,92
3016,1919
3016,1490
3016,1338
3016,1905
3016,201
3017,1453
3017,1987
3017,3185
3017,3152
3018,739
3018,2650
3018,3021
3018,2588
3018,1659
3018,2507
3018,434
3019,2594
3019,1531
3019,1276
3019,2660
3019,2445
3019,1571
3019,1632
3020,2642
3020,2162
3020,1659
3020,2139
3020,463
3021,2086
3021,256
3021,3028
3021,2557
3021,2572
3021,1730
3021,2906
3021,211
3022,677
3022,455
3022,1351
3022,550
3022,199
3023,1039
3023,682
3023,3012
3024,1111
3024,1483
3024,1717
3024,1673
3024,356
3025,3075
3025,2901
3026,1421
3026,1455
3026,667
3026,563
3026,1298
3026,1571
3027,2180
3027,1326
3027,2095
3027,2568
3028,780
3028,2269
3028,723
3028,1883
3028,2349
3028,1512
3028,527
3028,2482
3029,319
3029,877
3029,2826
3029,1235
3029,1371
3029,1940
3029,905
3029,2912
3030,1147
3030,1850
3030,2679
3030,3035
3031,2152
3031,2426
3031,1665
3031,2450
3031,218
3031,1683
3032,3056
3032,15
3032,986
3033,1896
3033,1063
3033,1088
3034,737
3034,76
3034,2515
3034,2041
3034,1025
3035,3113
3035,593
3035,1840
3035,1348
3036,781
3036,1466
3036,449
3036,982
3036,2438
3036,760
3037,1965
3037,1526
3037,1867
3037,354
3037,2171
3037,1235
3038,2347
3038,3121
3038,1082
3038,2859
3038,2997
3038,2227
3038,2872
3039,2019
3039,1623
3039,1001
3039,1937
3039,2667
3039,319
3040,714
3040,2925
3040,1367
3040,2783
3041,3054
3041,2949
3041,457
3041,2065
3041,359
3041,263
3041,1298
3042,256
3042,2393
3042,3054
3042,2855
3042,3125
3042,827
3042,862
3043,2686
3043,384
3043,2131
3043,885
3043,714
3043,259
3043,1926
3044,930
3044,981
3044,2507
3044,2821
3044,2586
3044,2194
3044,139
3044,2492
3045,3095
3045,2326
3045,400
3045,1779
3046,2553
3046,2017
3046,932
3046,469
3046,462
3047,2705
3047,774
3047,204
3047,274
3047,931
3047,1571
3048,3021
3048,1991
3048,718
3048,2798
3048,871
3048,2661
3049,1044
3049,873
3049,3174
3049,211
3049,3143
3049,1188
3050,3058
3051,1677
3051,1907
3051,782
3051,974
3052,1179
3052,2081
3052,2690
3052,564
3053,689
3053,572
3053,2656
3053,2778
3053,730
3053,738
3053,648
3053,996
3054,947
3054,2297
3054,2218
3054,2957
3054,685
3054,2623
3055,2569
3055,1975
3055,1665
3055,411
3056,2659
3056,2233
3057,875
3057,211
3057,3065
3057,1500
3057,447
3058,1029
3058,155
3058,2554
3058,726
3059,454
3059,2141
3059,2179
3059,2490
3059,2150
3060,1896
3060,2352
3060,1114
3060,6
3060,2779
3061,719
3061,998
3062,2339
3062,685
3062,571
3062,2632
3063,1979
3063,520
3063,101
3063,2892
3063,176
3063,2915
3064,1055
3064,2372
3064,922
3064,521
3065,520
3065,998
3065,944
3065,139
3065,270
3066,1876
3066,2637
3066,2062
3066,2970
3067,1016
3067,999
3067,915
3067,2285
3068,227
3068,2901
3068,1581
3068,2804
3069,982
3069,2756
3069,3073
3069,3172
3069,1388
3069,55
3070,2566
3070,1873
3070,2494
3070,908
3070,2728
3071,1635
3071,1957
3071,1244
3071,1899
3072,1577
3072,631
3072,1590
3072,1514
3073,870
3073,1906
3073,1053
3073,1421
3073,919
3073,2184
3074,672
3074,2240
3075,2243
3075,1817
3076,2393
3076,1935
3076,2129
3077,3085
3077,306
3078,1201
3078,3003
3078,253
3078,2512
3078,1718
3078,1587
3079,1515
3079,2895
3079,1876
3079,3162
3079,2411
3079,200
3080,1383
3080,1462
3080,1848
3080,413
3080,2079
3080,1831
3081,2850
3081,1910
3081,560
3081,3041
3081,1385
3081,1991
3081,1417
3081,602
3082,3098
3082,3009
3082,2148
3082,636
3083,638
3083,69
3084,951
3084,307
3084,515
3084,1085
3085,1542
3085,2914
3085,3147
3085,64
3085,2507
3086,400
3086,1400
3086,433
3086,1084
3087,2606
3087,1056
3087,540
3087,1852
3087,1888
3087,1455
3088,878
3088,3016
3088,1683
3088,1848
3088,897
3088,214
3089,205
3089,2719
3089,1696
3089,535
3089,338
3090,2044
3090,952
3090,2408
3091,2518
3091,675
3091,1172
3091,2378
3091,1575
3091,991
3092,2054
3092,1097
3092,2935
3092,633
3092,2171
3092,1829
3092,2391
3092,1937
3093,1784
3093,1127
3093,407
3093,1867
3094,1557
3094,705
3094,786
3094,2924
3094,2212
3095,2934
3095,2146
3095,1011
3096,2458
3096,2964
3096,2623
3096,3051
3097,1590
3097,531
3097,1078
3097,217
3097,2267
3097,134
3098,2556
3098,932
3099,478
3099,2232
3099,2042
3099,1024
3099,2089
3099,813
3100,3021
3100,250
3100,3003
3100,1840
3101,1218
3101,3075
3101,2031
3101,1159
3101,2271
3101,2657
3102,1092
3102,1918
3102,2688
3102,2041
3102,2333
3103,711
3103,1486
3103,615
3103,1774
3104,56
3104,358
3104,1851
3104,454
3105,979
3105,1495
3105,1524
3105,2634
3106,555
3106,648
3106,1071
3107,1623
3107,1122
3107,1493
3107,1940
3107,693
3108,2689
3108,947
3108,1385
3109,922
3109,1756
3109,267
3110,2168
3110,297
3110,2240
3110,825
3110,1115
3110,377
3110,1852
3110,211
3111,2579
3111,3004
3111,185
3111,1774
3111,2766
3111,128
3112,2262
3113,1817
3113,511
3113,127
3113,2675
3113,1804
3114,892
3114,169
3114,1915
3114,760
3114,2041
3114,2785
3115,692
3115,2424
3115,2398
3115,86
3115,1987
3115,2634
3116,2949
3116,928
3116,677
3116,2478
3116,602
3117,803
3117,862
3117,1014
3117,272
3117,874
3117,2597
3118,1908
3118,1676
3118,1188
3118,1448
3119,1842
3119,865
3119,985
3119,1679
3119,2179
3119,2675
3120,991
3120,194
3120,1216
3120,2261
3120,2150
3121,1010
3121,252
3121,1614
3121,2751
3122,2934
3122,2188
3122,352
3122,862
3122,1100
3122,936
3123,2216
3123,2488
3123,1776
3123,881
3123,2059
3124,2624
3124,2555
3124,1036
3125,788
3125,2985
3125,892
3125,256
3126,2582
3126,1382
3126,2620
3126,3190
3127,46
3127,2518
3127,955
3128,3057
3128,1503
3128,1033
3128,1235
3128,2124
3128,921
3128,736
3129,1258
3129,476
3129,1647
3129,1852
3129,43
3130,1218
3130,1665
3130,1575
3131,352
3131,2977
3131,2205
3131,2981
3131,2764
3132,1479
3132,2775
3132,1019
3132,1881
3132,2184
3132,1547
3132,838
3133,1755
3133,267
3133,1775
3134,131
3134,574
3134,1017
3134,2263
3134,459
3135,820
3135,1302
3135,2355
3135,633
3136,409
3136,2272
3136,710
3136,1925
3137,1910
3137,2400
3137,1938
3137,1324
3138,6
3139,1522
3139,1221
3139,222
3139,2380
3139,1005
3139,1482
3139,1950
3140,16
3140,465
3140,757
3141,2131
3141,1749
3141,1728
3141,1686
3141,2096
3141,2160
3141,1748
3141,1993
3142,782
3142,3091
3142,1991
3142,2395
3142,2117
3142,3001
3143,2755
3143,1911
3143,987
3143,1403
3144,1767
3144,1456
3144,608
3145,782
3145,433
3145,2017
3145,2793
3145,134
3145,1075
3145,92
3146,411
3146,1744
3146,1676
3146,652
3147,2636
3147,1800
3147,1730
3147,702
3148,210
3148,568
3148,1258
3148,2191
3148,856
3149,1115
3149,374
3149,1032
3149,1526
3149,1195
3149,1929
3149,2578
3149,296
3149,2711
3150,1694
3150,441
3150,312
3150,1702
3150,2554
3151,640
3151,1084
3151,520
3151,2967
3151,434
3152,545
3152,2028
3152,253
3152,120
3152,2173
3152,481
3153,2645
3153,2209
3153,2174
3153,1006
3153,2854
3153,2866
3153,1332
3154,15
3154,2798
3154,354
3154,3173
3155,908
3155,2159
3155,1732
3155,146
3155,48
3156,2280
3156,139
3156,1074
3156,1023
3156,2703
3156,1270
3157,2601
3157,2174
3157,2372
3157,1920
3157,1904
3158,2498
3158,280
3158,876
3158,1971
3159,1117
3159,1629
3159,2589
3159,1899
3159,905
3159,1903
3160,525
3160,1284
3160,1848
3160,435
3160,459
3160,1029
3161,1725
3161,1260
3161,1201
3162,2186
3162,245
3162,1194
3162,1837
3162,3001
3162,782
3163,445
3163,1295
3163,2271
3164,2554
3164,2889
3164,3163
3165,1971
3165,1658
3165,2897
3165,2978
3165,2473
3166,393
3166,792
3166,1693
3166,918
3166,1683
3167,643
3167,3164
3167,467
3167,860
3168,2438
3168,2314
3168,287
3168,1060
3168,2636
3169,2413
3169,2797
3169,710
3169,1862
3170,3071
3170,1819
3170,217
3171,1021
3171,1290
3171,3087
3172,2586
3172,2927
3172,1239
3172,505
3173,601
3174,2658
3174,243
3174,849
3174,2174
3174,262
3174,2272
3174,2080
3174,991
3174,329
3175,1496
3175,2998
3175,2194
3176,2054
3176,408
3176,1120
3176,2131
3176,978
3176,487
3176,328
3177,1732
3177,2477
3177,2160
3177,89
3177,2429
3177,1417
3178,514
3178,1462
3178,1684
3178,194
3178,2684
3178,1157
3178,1427
3179,2935
3179,2813
3180,31
3180,935
3180,1210
3180,2295
3180,878
3180,2819
3181,1523
3181,1007
3181,3187
3181,3081
3181,2471
3181,853
3181,885
3182,3135
3182,2935
3182,1702
3183,2521
3183,1063
3183,1073
3183,1056
3183,718
3184,1881
3184,2139
3184,1392
3184,1696
3185,2188
3185,1796
3185,2592
3185,2007
3185,3078
3185,793
3186,2590
3186,1002
3186,1708
3186,876
3186,2028
3187,2642
3187,3055
3188,2568
3188,995
3188,301
3188,3171
3188,1040
3188,2141
3188,792
3189,2472
3189,2145
3189,2623
3189,2371
3189,237
3189,2452
3190,3053
3190,258
3190,2676
3190,1840
3190,49
3191,928
3191,3061
3191,2097
3192,1013
3192,2186
3192,531
3192,1644
3192,3103
3192,928
3193,1476
3193,233
3194,704
3194,419
3194,2110
3195,922
3195,2810
3195,2910
3196,2989
3196,2507
3196,2717
3196,2532
3197,1037
3197,535
3197,2396
3197,2705
3198,2191
3198,1206
3199,314
3199,561
3199,1917
3199,1128
3200,1466
3200,2481
3200,2459
3200,783
3200,2438
3200,201
3200,897
3201,1253
3201,1832
3201,845
3202,1431
3202,1941
3202,1348
3202,1780
3202,435
3202,3141
3203,2698
3203,746
3203,1713
3203,1372
3203,903
3203,1810
3203,1599
3203,3190
3204,3026
3204,1298
3204,2407
3204,1853
3204,1116
3205,1779
3205,2511
3205,1883
3205,2659
3205,700
3206,1362
3206,262
3206,1626
3206,796
3206,1015
3206,1329
3206,248
3207,2482
3207,493
3207,3061
3207,1010
3207,2393
3207,2209
3207,2269
3208,748
3208,3022
3208,2372
3208,1755
3209,1517
3209,2898
3209,2936
3210,1037
3210,2627
3210,1488
3210,1334
3210,72
3210,330
3210,1954
3210,161
3211,1576
3211,2796
3212,2208
3212,384
3212,1971
3212,15
3212,860
3213,2026
3213,1862
3213,2777
3213,587
3213,1324
3213,327
3214,1397
3214,1846
3214,311
3214,1957
3214,534
3214,2439
3214,2449
3215,2280
3215,1723
3215,2853
3215,1064
3216,708
3216,717
3216,876
3216,747
3216,1321
3216,2034
3216,924
3217,832
3217,2961
3217,789
3217,1949
3217,956
3217,844
3218,1748
3218,3005
3218,1832
3218,1280
3218,800
3219,746
3219,1058
3219,6
3219,2554
3219,2889
3219,1840
3219,1706
3220,646
3220,2037
3220,2253
3220,1033
3220,1205
3221,1881
3221,1003
3221,1728
3221,2210
3221,1055
3222,2467
3222,1557
3223,426
3223,1813
3223,905
3223,1879
3223,2439
3224,3113
3224,2191
3224,278
3224,1389
3225,3164
3225,327
3225,1409
3225,2280
3225,31
3226,1011
3226,2632
3226,355
3226,2181
3226,1836
3226,2967
3227,2255
3227,2411
3227,3053
3227,2312
3227,2032
3227,2342
3227,716
3228,1009
3228,2171
3228,248
3228,3024
3228,1099
3228,2506
3228,962
3228,2477
3229,813
3229,2139
3229,1840
3229,726
3229,2751
3230,739
3230,374
3230,1336
3230,2088
3231,2654
3231,3067
3232,1851
3232,199
3232,732
3232,1939
3232,1147
3233,717
3233,1402
3233,898
3233,2778
3233,1842
3233,546
3234,204
3234,952
3234,953
3235,1858
3235,1055
3235,2956
3235,1531
3235,280
3235,1785
3236,489
3236,1025
3236,2920
3236,3021
3237,826
3237,2563
3237,32
3237,1266
3237,782
3237,815
3238,1888
3238,327
3238,1819
3238,1355
3238,2280
3239,2171
3239,2989
3239,2293
3240,1813
3241,2030
3241,747
3241,1878
3242,480
3242,2109
3242,419
3242,1102
3242,1321
3242,898
3243,1974
3243,1531
3243,2034
3243,379
3243,1669
3243,871
3244,2180
3244,2139
3244,1902
3244,2850
3245,1733
3245,954
3245,1671
3245,165
3245,988
3245,2818
3245,1840
3246,2921
3246,437
3246,2825
3246,1799
3246,1653
3246,1907
3246,1479
3247,456
3247,2560
3247,1278
3248,2654
3248,1232
3248,3031
3249,1409
3249,760
3249,543
3249,462
3249,2429
3249,3112
3250,1699
3250,1674
3250,3026
3250,1007
3250,854
3251,2473
3251,2456
3251,2104
3251,1836
3251,1922
3251,1462
3252,1400
3252,338
3252,438
3252,2284
3253,2967
3253,441
3253,272
3253,1963
3253,17
3254,273
3254,2554
3254,1779
3254,2336
3254,471
3255,175
3255,2566
3255,1900
3255,31
3256,2214
3256,2076
3256,355
3256,2341
3257,1836
3257,2488
3257,986
3257,1366
3258,2506
3258,2349
3258,1421
3258,23
3258,173
3259,16
3259,691
3259,685
3259,1366
3259,895
3260,2409
3260,2168
3260,2327
3261,1524
3261,1718
3262,1521
3262,1871
3262,972
3262,2534
3262,920
3262,3041
3262,2880
3263,266
3263,2997
3263,588
3264,3055
3264,2195
3264,2625
3264,932
3264,711
3264,1023
3264,2317
3265,797
3265,586
3265,2028
3265,196
3265,1055
3266,1891
3266,1252
3266,2209
3267,1878
3267,878
3267,845
3268,1585
3268,685
3268,1563
3268,1237
3269,1179
3269,1383
3269,1776
3269,238
3269,2452
3270,474
3270,227
3270,864
3270,2631
3271,704
3271,408
3271,878
3271,2811
3271,3161
3271,1915
3271,942
3271,1034
3271,1655
3271,487
3272,1385
3272,793
3272,3091
3272,1977
3272,2195
3273,2765
3273,1337
3273,2643
3273,1951
3274,6
3274,2755
3274,931
3274,2168
3274,2194
3274,1103
3274,2502
3275,2702
3275,2818
3275,924
3275,413
3275,1962
3276,752
3276,2878
3276,845
3276,2515
3276,3012
3277,487
3277,756
3277,2044
3277,2922
3278,1338
3278,1478
3278,79
3278,2145
3278,3093
3278,2657
3278,1475
3279,1771
3279,2044
3279,920
3279,957
3280,1228
3280,1048
3280,352
3280,457
3280,1957
3280,1
3281,1673
3281,2569
3281,334
3282,815
3282,131
3282,2391
3282,2981
3282,1935
3282,1143
3283,3126
3283,572
3283,1008
3283,3157
3283,823
3283,1037
3283,2037
3284,1435
3284,376
3284,397
3284,1587
3284,2728
3284,1879
3285,1584
3285,465
3285,279
3285,824
3285,1014
3285,1305
3286,283
3286,1722
3286,2096
3286,1939
3286,2191
3286,700
3286,1039
3287,1851
3287,3150
3287,1141
3287,2220
3288,3117
3288,1852
3288,2501
3288,3135
3288,1732
3288,3019
3289,181
3289,2908
3289,1692
3289,2529
3290,979
3290,1364
3290,1278
3290,2254
3290,1048
3290,467
3290,1977
3290,714
3290,1899
3291,198
3291,1774
3291,1450
3291,822
3291,3113
3291,373
3291,260
3292,1460
3292,2865
3292,2489
3292,2807
3292,1255
3293,1724
3293,2017
3293,2078
3293,742
3293,1650
3293,3020
3294,244
3294,1458
3294,1014
3294,746
3294,2523
3295,1333
3295,839
3295,935
3295,2803
3295,1113
3296,1518
3296,2244
3296,2091
3296,1513
3296,2595
3296,1000
3296,1417
3297,3024
3297,2959
3297,2445
3297,1671
3297,237
3297,1345
3298,3022
3298,2771
3298,2791
3299,1298
3300,833
3300,1103
3300,864
3300,564
3300,2802
3300,2990
3301,1800
3301,677
3301,911
3301,1967
3301,1009
3301,276
3301,3096
3301,1372
3302,1520
3302,2666
3303,2661
3303,778
3303,2052
3303,2584
3304,1448
3304,2277
3305,328
3305,2621
3305,716
3305,2665
3305,861
3305,2769
3305,204
3306,651
3306,135
3306,1655
3306,2026
3306,2709
3306,560
3307,1717
3307,734
3307,2214
3308,2427
3308,943
3308,419
3308,2554
3309,3187
3309,2025
3309,3001
3310,1310
3310,3163
3310,789
3310,319
3311,2194
3311,676
3311,1829
3311,203
3311,3001
3311,200
3312,3061
3312,0
3312,560
3312,2504
3313,2721
3313,1310
3313,2676
3313,945
3313,924
3313,2815
3314,711
3314,1082
3314,1389
3314,178
3314,918
3314,2419
3315,2709
3315,1932
3315,1736
3315,227
3316,1863
3316,3126
3316,227
3316,757
3316,2898
3316,2507
3316,1663
3317,1708
3317,1683
3317,3051
3317,222
3317,1937
3317,2155
3318,338
3318,297
3318,881
3318,3020
3318,2622
3318,2159
3319,1026
3319,1303
3319,396
3319,138
3319,260
3320,2751
3320,939
3320,3147
3321,2137
3321,434
3321,1907
3321,2926
3322,1666
3322,2606
3323,1497
3323,1436
3323,718
3324,2038
3324,1455
3324,2571
3324,472
3325,708
3325,1671
3325,276
3325,883
3325,2479
3325,2632
3325,301
3326,1493
3326,1560
3326,1056
3326,1041
3327,825
3327,1068
3327,198
3327,741
3327,262
3327,2338
3328,2711
3328,1003
3328,2750
3328,2793
3328,1357
3329,1300
3329,2249
3329,2924
3329,317
3329,2386
3329,445
3329,873
3330,982
3330,950
3330,5
3330,2301
3330,303
3330,3162
3330,875
3330,1788
3331,2721
3331,1562
3331,951
3331,2246
3331,2257
3332,3004
3332,2138
3332,751
3332,2309
3332,201
3332,3087
3333,1261
3333,1836
3334,2168
3334,1730
3334,2392
3334,572
3334,2895
3334,1450
3334,979
3334,373
3335,1799
3335,1067
3335,994
3335,934
3335,748
3335,2846
3335,2842
3336,1289
3336,2052
3336,2529
3336,2584
3336,1519
3336,1305
3337,2409
3338,254
3338,1730
3338,540
3338,2168
3339,419
3339,2824
3339,2558
3339,1911
3339,1582
3339,2712
3339,2627
3339,435
3340,2975
3340,2756
3340,3147
3340,615
3340,1476
3340,1779
3340,1722
3341,2058
3341,1761
3341,2182
3341,1732
3341,1776
3342,1817
3342,1883
3342,205
3342,2915
3342,1526
3342,2445
3342,307
3343,714
3343,3187
3343,2901
3343,1258
3344,3125
3344,2326
3344,137
3344,2740
3344,2632
3344,39
3345,1732
3345,1241
3345,2553
3345,1647
3345,1482
3346,136
3346,211
3346,972
3346,931
3346,2267
3347,1975
3347,2637
3347,2194
3347,839
3348,1523
3349,1096
3349,2512
3350,979
3350,2946
3350,2685
3350,2044
3350,3098
3351,985
3351,1558
3351,5
3351,1574
3351,2058
3352,491
3352,1575
3353,2901
3353,3131
3353,1021
3353,3024
3354,1114
3354,103
3354,3115
3354,1813
3354,908
3355,1573
3355,1413
3355,673
3355,1467
3355,872
3356,2317
3356,1533
3356,1611
3356,637
3356,631
3357,1564
3357,2131
3357,2627
3357,2301
3357,2500
3357,1742
3358,1510
3358,1736
3358,1296
3358,2816
3358,2011
3359,2112
3359,872
3359,2934
3360,2651
3360,1884
3360,469
3360,1692
3360,2036
3361,1084
3361,2309
3361,2999
3361,1400
3361,199
3362,2700
3362,1832
3362,229
3362,2140
3363,181
3363,1623
3363,1281
3363,1095
3363,2360
3363,155
3364,296
3364,1984
3364,1237
3364,560
3365,701
3365,2129
3365,2650
3365,3024
3365,2314
3365,192
3365,20
3365,2820
3366,2785
3366,3031
3366,1015
3367,3033
3367,473
3367,2310
3367,1458
3368,1655
3368,2460
3368,1618
3368,701
3369,904
3369,1779
3369,2458
3370,1302
3370,721
3370,1560
3370,1848
3370,655
3370,2501
3371,2174
3371,188
3371,457
3371,2623
3371,190
3371,1563
3371,546
3371,153
3371,2637
3372,1457
3372,882
3372,816
3372,3054
3373,347
3373,1298
3373,1314
3373,103
3373,1647
3373,345
3373,2253
3374,98
3374,1400
3374,2471
3374,1409
3374,1168
3375,2419
3375,2769
3375,1218
3375,319
3375,1886
3375,299
3376,1655
3376,1971
3376,1682
3377,375
3377,793
3377,2977
3377,2825
3377,2
3378,852
3378,13
3378,2027
3378,2959
3378,1817
3378,1173
3378,2728
3378,138
3379,420
3379,438
3379,151
3379,1270
3380,2439
3380,2412
3380,1928
3380,1775
3380,1696
3381,719
3381,3001
3381,297
3381,76
3382,1321
3382,718
3382,1480
3382,2317
3382,2019
3383,384
3383,245
3383,2208
3383,2481
3383,546
3383,993
3383,2930
3384,915
3384,2188
3384,1289
3384,791
3384,1092
3385,2846
3385,2521
3385,2191
3385,2407
3385,2783
3385,2319
3385,1461
3385,108
3386,1573
3386,742
3387,1195
3387,2994
3387,1835
3387,1876
3388,1350
3388,2218
3389,1813
3389,200
3389,1848
3390,135
3390,2975
3390,989
3390,2176
3390,2380
3390,2271
3391,1020
3391,949
3391,1070
3391,2679
3391,3010
3391,2438
3392,1813
3392,2684
3392,441
3392,1772
3392,718
3392,2911
3393,851
3393,494
3393,1667
3393,1127
3393,2894
3393,975
3393,1950
3393,3119
3393,454
3394,1489
3394,325
3394,1596
3394,1819
3395,2028
3395,1182
3395,1493
3396,1195
3396,1448
3396,1568
3396,1351
3396,1030
3396,2807
3397,306
3397,1348
3397,1395
3397,978
3397,2939
3398,960
3398,3134
3399,3003
3399,2894
3399,976
3399,3119
3399,66
3400,1285
3400,908
3400,2148
3400,2551
3401,1361
3401,1719
3401,2784
3402,1723
3402,179
3402,945
3402,2471
3403,622
3403,550
3403,722
3403,2979
3403,2027
3403,1991
3404,1670
3404,700
3404,2348
3404,2862
3404,1691
3404,1350
3405,673
3405,1630
3405,2160
3406,2704
3406,530
3406,186
3407,1393
3407,421
3407,930
3407,2999
3407,953
3407,2601
3407,2150
3408,2104
3408,32
3408,2044
3408,1742
3408,990
3409,1477
3409,1334
3409,2083
3409,1886
3409,3124
3409,2205
3409,32
3410,1694
3410,2793
3410,2934
3411,1883
3411,2907
3411,527
3412,2065
3412,449
3413,2391
3413,3086
3413,211
3413,1526
3413,400
3413,2418
3414,456
3414,199
3414,2990
3414,449
3414,1157
3414,43
3415,2045
3415,927
3415,857
3415,2854
3415,2746
3415,1987
3415,131
3415,921
3416,728
3416,1730
3416,290
3416,2349
3417,2621
3417,1933
3417,2086
3417,1562
3417,1908
3418,1587
3418,494
3418,2508
3418,2934
3418,1852
3419,725
3420,2872
3420,2632
3420,1647
3420,956
3420,2719
3421,1630
3421,2152
3421,1312
3421,2247
3421,2614
3421,2439
3422,858
3422,2456
3422,2644
3422,25
3423,963
3423,901
3423,2370
3423,2681
3423,2353
3424,1421
3424,1179
3424,2425
3424,2964
3424,2141
3424,2920
3425,1480
3425,433
3425,2076
3425,2240
3425,2729
3425,2539
3425,1015
3425,1
3426,1582
3426,194
3426,2003
3426,2489
3426,2601
3426,1404
3427,962
3427,1911
3427,213
3427,173
3427,74
3427,13
3427,1000
3428,2718
3428,1169
3428,194
3428,2914
3428,1378
3428,1820
3428,1291
3429,2158
3429,1340
3429,2583
3429,2373
3430,2872
3430,1574
3430,1995
3430,704
3430,1713
3430,1428
3431,711
3431,1484
3431,2934
3431,928
3431,2962
3432,733
3432,2990
3432,2785
3432,2139
3432,1509
3432,2214
3433,1235
3433,700
3433,1773
3433,276
3433,2663
3433,939
3434,1409
3434,950
3434,1310
3434,2247
3434,2495
3434,1507
3434,2028
3434,3022
3434,260
3435,1959
3435,1702
3435,1851
3435,2589
3436,2472
3436,2657
3436,2141
3436,1134
3436,1393
3436,2550
3436,1840
3436,2243
3437,979
3437,2946
3437,2829
3437,2624
3438,2017
3438,1186
3438,374
3439,636
3439,2267
3439,2846
3439,1963
3439,2936
3440,1421
3440,1741
3440,3081
3440,2928
3440,2020
3441,868
3441,2587
3441,1464
3441,966
3441,1998
3442,2247
3442,2410
3442,297
3442,2644
3442,2866
3442,2485
3442,704
3442,928
3443,1272
3443,1637
3443,2592
3443,1623
3444,1564
3444,413
3444,524
3444,2263
3444,1355
3445,792
3445,161
3445,2108
3446,940
3446,2764
3446,3118
3447,1668
3447,880
3448,1517
3448,297
3448,1919
3449,1997
3449,1291
3449,45
3449,87
3449,729
3449,2155
3450,1232
3450,2038
3450,912
3450,1793
3450,1963
3451,421
3451,3054
3451,545
3451,1937
3451,1963
3451,1300
3452,2977
3452,1724
3452,1290
3452,1965
3452,2449
3452,322
3453,1965
3453,3017
3453,1098
3453,2245
3453,1916
3453,734
3454,2169
3454,2572
3454,1765
3454,1730
3455,1630
3455,1457
3455,2058
3455,588
3455,2788
3456,243
3456,1084
3456,2515
3456,1281
3456,1211
3456,3113
3457,169
3457,254
3458,1775
3458,2171
3458,131
3458,956
3458,1862
3459,400
3459,1010
3459,2656
3459,1223
3460,2678
3460,1658
3460,1899
3460,3057
3460,1713
3461,484
3462,2977
3462,2411
3462,716
3463,1211
3463,1420
3464,1997
3464,1587
3464,1941
3464,903
3464,2003
3464,2131
3465,584
3465,2494
3465,2126
3465,2627
3465,1114
3466,1564
3466,135
3466,1298
3466,2861
3466,3187
3466,1879
3467,2569
3467,758
3467,950
3467,2549
3467,1009
3467,1450
3468,853
3468,2626
3468,2511
3469,1060
3469,900
3469,284
3469,1973
3469,2981
3469,434
3470,1085
3470,1060
3470,822
3471,1512
3471,1547
3471,64
3471,898
3471,959
3472,2998
3473,1015
3473,473
3473,1722
3473,2370
3473,520
3473,2813
3473,1493
3473,1709
3474,2028
3474,3170
3475,2220
3475,1748
3475,2594
3475,1055
3475,2235
3475,1564
3475,2779
3475,2239
3476,1658
3476,2363
3476,2160
3476,771
3476,2456
3477,2246
3477,1889
3477,1082
3477,994
3477,1270
3477,1866
3477,1773
3477,2430
3478,1851
3478,304
3478,2409
3478,329
3478,2521
3478,830
3479,2797
3479,954
3479,1207
3479,2302
3479,2546
3480,3090
3480,1389
3480,225
3480,1443
3481,211
3481,1975
3481,467
3481,501
3481,3164
3481,804
3482,2298
3482,328
3482,2772
3482,1026
3482,467
3482,2170
3482,659
3483,3054
3483,1073
3483,1113
3483,969
3483,2349
3483,2
3484,2365
3484,1603
3484,2398
3484,2591
3484,1412
3485,2798
3485,2936
3485,1103
3485,1637
3486,637
3486,48
3486,1850
3486,49
3486,1258
3486,1439
3486,952
3487,2940
3487,2293
3487,1314
3487,2349
3487,797
3487,1797
3487,1340
3488,297
3488,274
3488,2476
3489,1276
3489,63
3489,699
3489,2168
3489,1851
3490,1067
3490,111
3490,2567
3491,92
3491,1323
3491,2357
3491,1573
3491,584
3492,2985
3492,1594
3492,826
3492,1974
3492,291
3492,2704
3492,951
3493,693
3493,366
3493,2800
3493,874
3493,2012
3493,1992
3494,3061
3494,303
3494,989
3494,1041
3494,1127
3495,503
3495,2335
3495,437
3495,2163
3496,303
3496,982
3496,2082
3496,3004
3496,48
3496,449
3496,908
3497,1950
3497,1852
3497,2917
3497,755
3497,529
3497,722
3498,1770
3498,2446
3498,1659
3498,2650
3499,3024
3499,2469
3499,1512
3499,43
3500,1437
3500,3005
3500,520
3500,2184
3501,3156
3501,2728
3501,1018
3501,1297
3502,3162
3502,2637
3502,1082
3502,2139
3503,1749
3503,1195
3504,1844
3504,1490
3504,638
3504,3025
3504,314
3505,2128
3505,1908
3505,1642
3505,2133
3505,1724
3506,856
3506,813
3506,560
3506,1305
3506,2058
3507,0
3507,2979
3507,2393
3507,827
3507,1455
3507,1812
3508,1397
3508,2766
3508,140
3508,508
3509,447
3509,1932
3510,136
3510,3010
3510,2742
3511,379
3511,1525
3511,2258
3511,1565
3511,2439
3512,128
3512,1974
3512,1896
3512,249
3512,2959
3513,299
3513,821
3513,1957
3513,1846
3513,1248
3513,682
3514,1858
3514,876
3514,2346
3514,2100
3515,1385
3516,1582
3516,2898
3516,3012
3517,3022
3517,1056
3517,2191
3517,391
3517,2297
3517,1869
3518,3009
3518,2766
3518,1573
3519,1448
3519,2764
3519,728
3519,1718
3519,2283
3519,1708
3520,3187
3520,135
3520,2658
3520,3123
3520,1211
3521,321
3521,909
3521,2140
3521,3005
3521,2444
3522,810
3522,719
3522,1000
3522,452
3523,48
3523,2038
3523,968
3523,2575
3523,633
3524,2309
3524,357
3524,2227
3525,3174
3525,2257
3525,640
3526,356
3526,2217
3526,786
3527,1703
3527,384
3527,972
3527,2596
3527,478
3528,2731
3528,1102
3528,2709
3528,1067
3529,2095
3529,1181
3529,1280
3529,284
3529,1906
3529,128
3529,2257
3530,1594
3531,1850
3531,722
3531,2634
3531,357
3531,3075
3532,1933
3532,828
3532,1237
3533,21
3533,953
3533,606
3533,924
3533,1882
3533,318
3533,2398
3534,2746
3534,131
3534,138
3535,898
3535,2074
3535,2778
3535,305
3535,1092
3535,75
3536,2474
3536,301
3537,1394
3537,485
3537,387
3537,945
3537,1184
3538,821
3538,2124
3539,960
3539,2814
3539,142
3539,2145
3539,1477
3539,299
3540,374
3540,2360
3540,1400
3540,345
3540,2632
3540,2522
3540,3125
3541,1097
3541,838
3541,2905
3541,1251
3541,1422
3542,2496
3542,1013
3542,2785
3542,2160
3542,1400
3542,446
3543,1973
3543,1688
3543,1748
3543,1879
3543,1640
3543,1623
3544,1711
3544,1450
3544,490
3544,374
3544,1484
3544,131
3545,20
3545,3173
3545,253
3545,1263
3546,3085
3546,2848
3546,248
3546,2325
3546,610
3546,1041
3546,647
3547,1706
3547,631
3547,582
3548,1507
3548,1404
3548,2728
3548,640
3548,2257
3548,2823
3549,438
3549,1605
3549,1800
3549,1033
3549,277
3549,1828
3550,1590
3550,2489
3550,2488
3550,1922
3550,2300
3550,1666
3551,194
3552,1573
3552,1046
3552,2221
3552,874
3552,1477
3552,1487
3552,81
3553,975
3553,2672
3553,1981
3553,2880
3553,2645
3554,2501
3554,376
3554,2491
3554,1587
3554,1702
3554,2518
3554,2299
3554,1732
3554,237
3555,1525
3555,2866
3555,876
3555,1657
3555,879
3555,1251
3556,1852
3556,2501
3556,319
3557,3004
3557,489
3557,858
3558,1957
3558,2465
3558,1998
3558,1338
3558,3184
3559,2553
3559,1020
3559,2866
3559,1216
3559,704
3559,297
3559,2708
3559,2131
3560,1888
3560,1106
3560,44
3560,1114
3560,2317
3561,3043
3561,645
3561,820
3561,905
3561,1910
3561,1653
3562,1385
3562,984
3562,793
3562,1982
3562,1336
3562,1245
3563,2316
3563,3000
3563,1919
3563,2289
3564,1835
3564,1925
3564,2927
3564,457
3564,810
3565,2544
3565,979
3565,880
3565,2632
3566,391
3566,704
3566,2663
3567,2637
3567,1908
3567,31
3568,3117
3568,1285
3568,1004
3568,1001
3568,355
3568,2634
3568,1321
3569,1504
3569,2622
3569,1724
3569,2552
3569,2141
3569,1919
3569,3031
3569,3005
3569,2636
3570,131
3570,956
3570,557
3570,284
3570,1642
3570,975
3571,2473
3571,1717
3571,2041
3571,2158
3572,1730
3572,416
3572,1009
3572,2456
3572,1040
3572,2023
3573,6
3573,2247
3573,1749
3573,2269
3573,1884
3574,3146
3574,521
3574,120
3574,1346
3575,954
3576,3113
3576,702
3577,2605
3577,1945
3577,2512
3577,922
3578,3024
3578,2097
3578,99
3578,2593
3579,1965
3579,1305
3579,268
3579,640
3579,1084
3580,2881
3580,2489
3580,139
3580,1082
3580,2062
3581,1724
3581,2444
3581,2247
3581,2509
3581,1106
3581,1009
3581,1659
3582,1696
3582,3004
3582,179
3582,291
3582,2429
3582,736
3582,922
3583,3049
3583,2137
3583,1813
3583,64
3583,1027
3583,1671
3583,1294
3584,1932
3584,2855
3584,1355
3585,2521
3585,935
3585,2115
3585,2484
3585,2552
3586,200
3586,1930
3586,2153
3586,1006
3586,1110
3587,2564
3587,372
3587,844
3587,2866
3587,194
3588,1788
3588,1624
3588,614
3588,1554
3588,2350
3588,1752
3588,1739
3589,2165
3590,2263
3590,2740
3590,301
3590,2996
3590,1775
3590,1350
3590,2773
3591,2716
3591,2998
3591,2995
3591,947
3591,1362
3591,1739
3592,2033
3592,1049
3592,200
3592,2411
3592,2905
3592,2957
3593,1014
3593,777
3593,2220
3593,945
3594,1010
3594,2525
3594,471
3594,243
3594,1562
3594,2016
3595,333
3595,519
3595,2759
3595,2579
3596,1117
3596,2829
3596,1557
3596,1429
3596,2151
3597,2542
3597,1071
3597,2694
3597,2785
3598,528
3598,67
3598,1917
3598,1987
3599,3090
3599,1173
3599,962
3599,374
3600,128
3600,2591
3600,822
3601,1614
3601,2451
3601,2548
3601,0
3602,1954
3602,2267
3602,2059
3602,606
3602,1380
3602,2152
3602,2589
3602,1493
3602,391
3602,2509
3603,3059
3603,428
3603,2155
3603,1364
3603,1924
3604,1879
3604,2626
3604,3187
3605,229
3605,217
3605,2218
3606,1884
3606,875
3606,1973
3606,1600
3607,1885
3607,1779
3607,2499
3607,3004
3607,882
3608,2435
3608,2602
3608,2114
3608,2004
3609,1515
3609,12
3609,608
3609,3078
3609,2963
3609,851
3610,2632
3610,2426
3610,751
3610,1179
3610,3180
3610,1618
3611,2132
3611,1514
3611,2918
3611,2078
3611,49
3611,1147
3612,2033
3612,2656
3612,1034
3613,2280
3613,1774
3613,2048
3613,1779
3614,845
3614,340
3614,760
3614,1092
3614,172
3614,2079
3615,1457
3615,989
3615,2271
3615,1562
3615,2564
3616,714
3616,1737
3616,2110
3616,1610
3616,1573
3616,1682
3616,2355
3616,733
3617,2271
3617,1683
3617,792
3617,3180
3617,3085
3617,2141
3618,1011
3618,2466
3618,900
3618,1536
3618,2627
3619,1575
3619,2753
3619,2625
3619,2906
3620,2887
3620,67
3620,546
3620,1821
3620,2961
3620,1333
3620,587
3620,1773
3621,958
3621,1523
3621,1984
3621,1930
3621,1500
3622,1082
3622,1084
3622,2772
3622,2471
3622,1696
3623,1270
3623,465
3623,574
3623,2336
3623,2967
3623,287
3624,601
3624,1685
3624,2473
3624,3027
3625,1253
3625,2249
3625,1584
3625,57
3626,204
3626,1753
3627,1777
3627,2946
3627,1001
3627,272
3627,564
3627,2970
3628,1340
3628,2095
3628,2901
3628,2792
3628,467
3628,723
3629,782
3629,1628
3629,860
3629,3146
3629,1624
3630,927
3630,821
3630,57
3630,2502
3630,1285
3631,2977
3631,637
3631,2764
3631,954
3632,989
3632,1073
3632,885
3632,1018
3632,2712
3632,1046
3633,2061
3633,1340
3633,3053
3633,2047
3633,2274
3634,3105
3634,1067
3634,3098
3634,1495
3634,1788
3635,1310
3635,3135
3635,2247
3635,2509
3635,1370
3635,924
3636,908
3636,2970
3636,89
3636,1173
3637,3173
3637,2706
3637,1699
3637,565
3637,2555
3637,2165
3637,2186
3638,2137
3638,1991
3638,3190
3639,1390
3639,1006
3639,748
3639,815
3639,2801
3639,2477
3639,1128
3639,1457
3640,155
3640,714
3640,689
3640,305
3641,3036
3641,144
3641,2705
3641,2935
3641,1174
3641,2596
3641,565
3642,2370
3642,969
3642,194
3642,2439
3642,573
3642,521
3643,3176
3643,1464
3643,1353
3643,974
3643,2140
3643,3085
3644,256
3644,1467
3644,1103
3644,598
3645,903
3645,411
3645,1523
3645,2846
3645,945
3646,1785
3646,2482
3646,2299
3646,2274
3646,1773
3646,210
3647,170
3647,210
3647,2066
3647,314
3647,1409
3647,2094
3647,1626
3647,2871
3647,1921
3648,928
3648,276
3648,1525
3648,728
3648,2028
3648,700
3649,920
3649,2651
3649,3042
3650,2694
3650,2519
3650,1412
3650,992
3650,1671
3651,2607
3651,1519
3651,2344
3651,1389
3651,3028
3651,2815
3651,2625
3652,1272
3652,1852
3652,471
3652,1630
3652,967
3653,920
3653,322
3653,383
3653,2059
3653,2067
3654,1340
3654,2176
3654,996
3654,75
3654,811
3655,1073
3655,941
3655,859
3655,1594
3655,2533
3656,265
3656,3024
3657,540
3657,2833
3657,1348
3657,1015
3657,379
3657,521
3657,2509
3658,2642
3658,98
3658,818
3658,747
3658,2100
3659,3089
3659,2439
3659,312
3659,2631
3659,836
3659,3080
3660,1325
3660,539
3660,728
3661,2778
3661,590
3661,1809
3661,523
3661,469
3662,472
3662,2326
3662,374
3662,98
3662,1697
3662,2402
3663,2774
3663,962
3663,1337
3663,1526
3664,737
3664,2535
3664,2935
3664,272
3664,2905
3665,2371
3665,2780
3665,1000
3665,1417
3665,2240
3665,1328
3666,2777
3666,3125
3666,1936
3667,75
3667,1186
3667,1482
3667,417
3667,1748
3667,279
3668,1069
3668,1682
3668,1387
3669,374
3669,46
3669,956
3669,1903
3670,188
3670,1305
3670,2571
3670,2990
3670,813
3671,792
3671,1788
3671,1986
3672,812
3672,2809
3672,984
3672,2355
3673,2786
3673,1919
3673,2758
3673,2347
3673,489
3673,1524
3673,1253
3674,1186
3674,2675
3674,374
3674,2525
3674,445
3674,1683
3675,2194
3675,822
3675,1933
3675,810
3675,2459
3676,2167
3676,946
3676,875
3676,1669
3676,2924
3676,1392
3677,469
3677,2494
3677,2551
3677,2694
3677,284
3677,1037
3678,2358
3678,37
3678,2075
3678,1505
3679,27
3679,1971
3679,1476
3679,2783
3679,1470
3680,896
3680,1651
3680,2592
3680,2566
3680,1231
3680,2309
3681,501
3681,1690
3681,2422
3681,1973
3682,1851
3682,63
3682,2262
3682,827
3682,72
3682,2906
3683,256
3683,411
3683,1095
3683,2248
3683,2554
3684,3091
3684,1788
3684,715
3684,1959
3684,2208
3684,1829
3685,998
3685,2796
3685,852
3686,1748
3686,1932
3686,2059
3686,2830
3686,3019
3686,417
3686,1323
3687,3026
3687,2209
3687,1594
3687,1229
3687,1400
3687,1325
3687,1480
3688,1328
3688,176
3688,1467
3688,1481
3689,2391
3689,2568
3689,1422
3689,738
3689,2460
3690,964
3691,1840
3692,945
3692,1345
3692,2455
3692,2474
3692,199
3692,1692
3692,2853
3692,1051
3693,1685
3693,839
3693,1655
3693,419
3693,476
3693,2653
3693,1345
3694,2489
3694,1532
3694,3163
3694,909
3695,329
3695,709
3695,2391
3695,3166
3695,1381
3695,921
3695,2588
3696,1248
3696,2494
3696,3123
3696,2396
3697,2565
3697,108
3697,1195
3697,2353
3697,2551
3698,1733
3698,1098
3698,498
3698,631
3698,2204
3698,953
3698,1484
3699,1462
3699,958
3699,985
3699,601
3700,141
3700,1008
3700,518
3701,1751
3701,2650
3701,920
3701,1994
3701,2168
3702,874
3702,3027
3702,493
3702,72
3702,2907
3703,1329
3703,2301
3703,2167
3703,286
3703,276
3703,2742
3704,1869
3704,124
3704,3135
3704,1851
3704,2272
3704,313
3705,1288
3705,2949
3705,431
3705,2209
3705,604
3705,152
3706,1018
3706,2563
3706,2214
3706,1039
3707,2110
3707,1306
3707,1577
3707,1843
3707,1881
3707,1066
3708,2684
3709,1195
3709,1147
3709,1925
3709,1238
3710,1000
3710,1095
3710,593
3710,506
3710,3051
3711,1517
3711,2984
3711,2139
3712,823
3712,879
3712,2462
3712,2802
3712,1099
3713,2453
3713,931
3713,725
3714,2547
3714,2398
3714,2672
3714,1393
3714,862
3715,1684
3715,963
3715,1178
3715,2159
3715,1130
3716,2076
3716,2318
3716,1007
3716,2232
3716,877
3716,1646
3718,225
3718,1252
3718,2415
3718,952
3719,2162
3719,593
3719,1602
3719,860
3720,2482
3720,1328
3720,2563
3720,3061
3720,693
3720,2229
3721,2438
3721,1740
3722,2905
3722,2095
3722,1073
3722,227
3722,2990
3723,2244
3723,1100
3723,3072
3724,1016
3724,820
3724,1637
3726,1784
3726,306
3726,3090
3726,969
3726,2467
3726,2982
3727,441
3727,1944
3728,646
3728,217
3728,16
3728,2208
3728,2632
3728,537
3728,587
3728,2360
3728,1777
3729,1733
3729,947
3729,1601
3729,1667
3729,313
3729,319
3729,454
3730,86
3730,2425
3730,939
3730,3123
3730,1622
3731,2399
3731,2160
3731,2574
3731,845
3731,2163
3732,1303
3732,2079
3732,1996
3733,1435
3733,1634
3733,847
3733,1775
3733,375
3733,2370
3733,2171
3733,1337
3734,1817
3734,879
3734,2737
3734,267
3734,2095
3735,13
3735,227
3735,1408
3735,3014
3735,203
3736,2688
3736,2840
3736,992
3737,844
3737,1097
3737,1099
3737,1835
3737,2855
3738,2817
3738,1819
3738,2592
3738,827
3738,2572
3738,1884
3738,1835
3739,1018
3739,2003
3739,1169
3739,191
3739,1779
3739,2974
3740,2853
3740,845
3740,2287
3741,1528
3741,2190
3741,147
3741,2704
3741,2894
3741,1305
3742,2466
3742,2502
3742,873
3742,813
3742,438
3742,1645
3743,2413
3743,2583
3743,1646
3743,2841
3743,1605
3743,1400
3743,737
3743,2669
3743,328
3744,1705
3744,2257
3744,1421
3744,924
3745,950
3745,1389
3745,207
3745,1752
3745,194
3745,3000
3746,1524
3746,1848
3746,1464
3746,1590
3747,2030
3747,2436
3747,1916
3748,1645
3748,2293
3748,3031
3749,829
3749,2924
3749,1031
3749,822
3749,494
3750,3174
3750,1820
3750,1110
3750,535
3750,2811
3751,2854
3752,1337
3753,459
3753,622
3753,453
3753,1451
3753,2018
3754,2182
3754,1127
3754,1683
3754,2082
3754,482
3754,2167
3754,274
3755,1280
3755,994
3755,1451
3756,2977
3756,1287
3756,751
3757,438
3757,101
3757,309
3758,1051
3758,2030
3758,2479
3758,160
3758,1248
3758,908
3758,2351
3758,647
3758,1830
3759,1823
3759,574
3759,2817
3759,2564
3760,706
3760,1975
3760,160
3760,704
3760,2194
3760,2837
3761,1571
3762,1724
3762,1151
3762,1027
3762,1926
3762,2862
3763,1451
3763,248
3763,3068
3763,1486
3763,1748
3764,2110
3764,710
3764,878
3765,69
3765,0
3765,1973
3765,2240
3766,2154
3766,2042
3767,63
3767,225
3767,2165
3767,1348
3767,3073
3767,2878
3768,2906
3768,1011
3768,801
3768,2642
3769,334
3769,1482
3769,1659
3769,1819
3770,757
3770,2515
3770,227
3770,953
3770,922
3770,1866
3770,1557
3771,2568
3771,1570
3771,1006
3771,2961
3771,1908
3771,62
3772,2173
3772,2213
3772,693
3772,379
3772,1974
3772,1107
3773,970
3773,1996
3773,1393
3773,1083
3773,1044
3773,1036
3773,2482
3774,328
3774,330
3774,2788
3774,1773
3775,926
3775,2194
3775,2751
3776,39
3776,2742
3777,3065
3777,1879
3777,1480
3777,2229
3777,1742
3777,2660
3777,448
3778,951
3778,2247
3778,3051
3778,815
3778,825
3778,1626
3779,128
3779,1959
3779,193
3779,2651
3779,1071
3779,1640
3779,550
3780,2140
3780,905
3780,533
3780,1025
3781,2801
3781,1568
3781,1690
3781,564
3782,1930
3782,392
3782,393
3782,1504
3782,1195
3782,200
3783,2956
3783,2146
3784,2934
3784,1694
3784,2677
3785,2504
3785,2371
3785,520
3785,1515
3785,44
3785,2552
3785,1507
3785,2718
3786,1636
3786,2686
3787,861
3787,716
3787,287
3787,2124
3787,2924
3787,821
3787,1583
3788,13
3788,2269
3788,2090
3788,327
3788,2996
3788,1911
3789,392
3789,2436
3789,1098
3790,1766
3790,1068
3790,643
3790,2287
3790,822
3790,1737
3790,2802
3791,1754
3791,2395
3791,803
3791,2400
3791,1937
3792,2907
3792,1877
3792,2205
3792,2702
3793,199
3793,1920
3793,2774
3794,898
3794,792
3794,2267
3794,2374
3794,1443
3795,203
3795,72
3795,78
3795,2889
3795,2145
3796,700
3796,1940
3796,1004
3796,1732
3797,2689
3797,3033
3797,2428
3797,2209
3797,728
3798,3169
3798,1020
3798,236
3798,2712
3798,2619
3798,305
3799,2580
3799,878
3799,2522
3799,23
3799,2091
3799,2866
3799,1470
3800,1971
3800,2272
3800,1681
3800,622
3801,994
3801,366
3801,572
3801,564
3801,2125
3802,1963
3802,2160
3802,2749
3802,984
3802,810
3803,1478
3804,1337
3804,2622
3804,1683
3804,2152
3805,2543
3805,1572
3805,1440
3805,3016
3805,1685
3805,3053
3806,693
3806,1797
3806,2572
3806,1386
3806,423
3806,2704
3807,815
3807,2698
3807,1395
3807,2779
3808,1318
3808,1246
3808,956
3808,1849
3808,1821
3808,458
3809,1294
3809,1219
3809,2240
3809,2793
3809,1876
3809,2924
3810,1321
3810,2176
3810,1333
3810,305
3811,2066
3811,582
3811,1862
3811,1863
3811,1324
3811,2140
3812,1935
3812,1001
3812,2379
3813,622
3813,1172
3813,375
3813,317
3814,2618
3814,2866
3814,87
3814,2049
3814,1917
3815,1667
3815,2892
3815,3062
3816,2699
3816,1018
3816,947
3816,2798
3816,335
3816,2833
3817,2271
3817,822
3817,1921
3817,1195
3817,1525
3818,2856
3818,2410
3818,1718
3818,1326
3819,1661
3819,1573
3819,1266
3819,1287
3819,2456
3819,2138
3819,880
3820,1702
3820,1462
3820,945
3820,1664
3821,873
3821,1083
3821,121
3822,2671
3822,2151
3822,1366
3822,2095
3823,774
3823,1748
3823,1850
3823,124
3824,2402
3824,202
3824,225
3824,1409
3825,546
3825,1853
3825,2829
3825,2675
3826,1211
3826,2214
3826,1932
3826,399
3826,491
3826,1606
3826,400
3827,2146
3827,839
3827,1665
3827,507
3827,1734
3828,314
3828,2141
3828,174
3828,1573
3828,13
3828,777
3828,2492
3829,1674
3829,291
3829,2240
3829,1888
3830,3183
3830,2575
3830,3169
3830,1310
3831,1519
3831,1823
3831,2472
3831,789
3831,404
3831,275
3831,252
3831,1282
3832,666
3832,810
3832,1882
3832,742
3832,2694
3833,1742
3833,2783
3833,2017
3833,1582
3834,204
3834,1475
3834,859
3835,1489
3835,2314
3835,1694
3835,1355
3835,2532
3836,2484
3836,949
3836,729
3836,1733
3836,970
3836,1290
3836,2444
3837,2698
3838,1677
3838,121
3838,2427
3838,1636
3838,2537
3838,1683
3839,1412
3839,2619
3839,1773
3839,2575
3839,2238
3840,1973
3841,1703
3841,1797
3841,3185
3842,1501
3842,756
3842,2448
3842,966
3842,824
3843,933
3843,896
3843,1007
3843,399
3843,520
3843,2935
3844,2205
3844,296
3844,563
3844,2982
3844,2717
3844,459
3844,2543
3845,551
3845,642
3845,1448
3846,1379
3846,2514
3846,1735
3846,1883
3846,284
3847,2642
3847,2139
3847,140
3847,545
3847,1203
3847,2989
3848,882
3848,2141
3848,615
3848,1280
3848,604
3848,140
3848,1388
3849,1099
3849,2199
3849,1925
3849,2487
3849,746
3850,1738
3850,406
3850,1626
3850,1673
3850,1982
3851,1630
3851,525
3851,1195
3852,52
3852,2868
3852,2887
3852,1732
3853,2061
3853,1340
3853,3035
3853,376
3854,1867
3854,2548
3854,1254
3854,2028
3855,170
3855,622
3855,1653
3855,2778
3856,2090
3856,2964
3856,864
3856,491
3857,1084
3857,3105
3857,986
3857,2720
3857,663
3857,969
3857,22
3858,3004
3858,3187
3858,746
3858,982
3858,2412
3858,1403
3859,1099
3859,2891
3859,3090
3859,454
3860,67
3860,2584
3860,1569
3860,2381
3861,1829
3861,2246
3861,965
3862,2856
3862,1740
3862,3164
3862,1866
3862,2114
3862,935
3862,994
3863,15
3863,2593
3863,31
3863,2935
3863,1617
3864,1292
3864,1169
3864,2829
3864,2124
3865,2788
3865,233
3866,1848
3866,2924
3866,1696
3866,1683
3867,2126
3867,1594
3867,2233
3867,2132
3868,2866
3868,704
3868,2505
3868,3003
3868,1557
3869,2102
3869,1748
3869,941
3869,315
3869,2096
3869,3022
3870,1888
3870,458
3870,3174
3870,1630
3870,296
3870,2905
3870,1935
3871,1695
3871,665
3871,1095
3871,2830
3872,2554
3872,952
3872,3184
3872,2194
3873,296
3873,457
3873,709
3873,1573
3873,1018
3873,1097
3873,3078
3874,2240
3874,1507
3874,1244
3874,2349
3874,2218
3874,714
3874,1603
3875,1698
3875,3061
3875,1830
3875,1131
3875,2660
3876,2040
3876,3073
3876,2052
3877,478
3877,1883
3877,2410
3877,1211
3877,1840
3877,1314
3877,1098
3878,2376
3878,756
3878,2396
3878,495
3878,2280
3879,2999
3879,2335
3879,2791
3879,2003
3879,774
3879,419
3879,593
3880,1493
3880,438
3880,2675
3880,950
3880,1302
3880,3121
3880,95
3880,1174
3880,924
3881,373
3881,321
3881,1995
3881,2419
3881,1579
3882,2530
3882,391
3882,3156
3882,2314
3883,1048
3883,680
3883,529
3883,873
3884,384
3884,3187
3884,2487
3884,2098
3884,2280
3885,225
3885,1838
3885,231
3885,2218
3886,2029
3886,1462
3886,1260
3886,1429
3886,1117
3886,2235
3887,2280
3887,1870
3887,940
3887,1172
3887,2659
3887,1475
3887,1987
3887,1414
3888,367
3888,2558
3888,393
3888,1046
3888,1274
3889,724
3889,910
3889,2563
3889,2984
3889,1603
3889,877
3889,328
3889,1754
3889,2424
3890,879
3890,720
3890,3024
3890,3173
3890,1361
3890,2949
3890,1962
3890,2676
3891,2934
3891,3050
3891,1835
3891,369
3892,1645
3892,1048
3892,982
3892,3083
3892,2866
3893,940
3893,1289
3893,1141
3893,170
3893,725
3893,1691
3893,991
3894,2227
3894,1587
3894,602
3894,2072
3894,355
3895,398
3895,2326
3895,810
3895,1579
3896,2312
3896,1045
3896,1945
3896,878
3897,633
3897,1984
3897,2261
3897,1431
3898,2326
3898,2632
3898,1042
3899,337
3899,2722
3899,2867
3899,204
3899,2865
3900,1980
3900,3126
3900,921
3900,2240
3900,3183
3900,1851
3901,1849
3901,2017
3901,1141
3901,1747
3901,2184
3901,355
3901,718
3901,371
3902,7
3903,1055
3903,520
3903,2446
3903,728
3903,1963
3903,268
3904,1693
3904,2977
3904,2167
3904,1853
3904,1724
3904,2716
3906,130
3906,1244
3906,2357
3906,299
3906,633
3907,2722
3907,2825
3907,3039
3907,2627
3908,2312
3908,1478
3909,244
3909,2632
3909,856
3909,1642
3909,882
3909,426
3910,20
3910,95
3910,1218
3910,337
3910,1720
3912,2083
3912,2194
3912,1021
3912,303
3912,3052
3912,2017
3912,2717
3913,2543
3913,2175
3913,3054
3913,2226
3913,1567
3913,1640
3914,254
3914,1443
3914,1992
3914,1021
3914,2677
3914,2532
3915,2029
3915,1096
3915,1014
3916,1573
3916,874
3916,1287
3916,2654
3916,2894
3917,2445
3917,438
3917,128
3917,2391
3917,2376
3918,1922
3918,1644
3918,2551
3918,1336
3919,2466
3919,1527
3919,966
3919,79
3919,3121
3919,2162
3920,1989
3920,214
3920,2459
3920,2212
3920,2977
3921,3091
3921,2467
3921,28
3921,2425
3922,1156
3922,3167
3922,1356
3922,2832
3923,2347
3923,1573
3923,3037
3923,1559
3924,1092
3924,1331
3924,1829
3924,1963
3924,1324
3924,2079
3924,1989
3925,2661
3925,708
3925,2498
3925,1356
3926,2634
3926,2964
3926,2491
3926,2678
3926,10
3926,2152
3926,3026
3927,1918
3927,2055
3927,231
3927,1175
3928,677
3928,1500
3929,104
3929,2229
3929,937
3929,2521
3929,943
3930,1841
3930,1851
3931,606
3931,2574
3931,1932
3932,1479
3932,2473
3932,1626
3932,3127
3932,1095
3933,284
3933,1102
3933,815
3933,2044
3933,1974
3933,325
3934,2325
3934,1255
3934,297
3934,1026
3935,521
3935,709
3935,2769
3935,287
3935,1525
3935,2482
3936,1345
3936,1564
3936,876
3936,2184
3936,454
3937,448
3937,539
3937,916
3937,2151
3937,2560
3938,1272
3938,1389
3938,1372
3938,2698
3938,1143
3938,2672
3939,1920
3939,2439
3939,2631
3939,1869
3939,1694
3940,18
3940,663
3940,873
3941,952
3941,1560
3942,2634
3942,2553
3942,2265
3942,142
3942,2753
3943,2108
3943,2827
3943,1195
3943,2414
3943,1844
3944,79
3944,205
3944,1268
3944,1051
3944,2533
3944,2508
3945,2714
3945,2507
3945,1099
3945,1965
3945,253
3946,122
3946,2546
3946,1073
3946,829
3946,2476
3947,2473
3947,426
3947,545
3948,921
3948,1896
3948,922
3948,2757
3948,871
3948,3135
3949,1845
3949,677
3949,945
3949,1819
3949,2284
3949,2632
3949,221
3950,1882
3950,2104
3950,2068
3950,1855
3950,2815
3950,2003
3951,2880
3951,2645
3951,2489
3952,2210
3952,1630
3952,2029
3952,2494
3952,2199
3953,2455
3953,1458
3953,1229
3953,1348
3953,1417
3953,328
3954,1773
3954,1737
3954,643
3954,1676
3954,2342
3955,2284
3955,1293
3955,274
3955,1922
3955,870
3955,751
3956,1577
3956,1635
3956,1451
3956,367
3956,596
3956,1088
3956,3068
3957,1548
3957,1179
3957,849
3958,954
3958,250
3958,1082
3958,181
3958,3176
3958,1341
3958,2473
3959,1314
3959,793
3959,1525
3959,99
3959,2339
3960,1270
3960,871
3960,1467
3960,1182
3961,2208
3961,3091
3961,383
3961,1829
3961,362
3961,2924
3962,2956
3962,1067
3962,2594
3962,2737
3962,1429
3963,1527
3963,1005
3963,1417
3963,2962
3964,782
3964,861
3964,2769
3964,958
3964,3178
3964,953
3965,2139
3965,1024
3965,575
3965,69
3966,1878
3966,2927
3966,3079
3966,3181
3966,1021
3966,2003
3967,2456
3967,1913
3967,1258
3967,1056
3967,2796
3968,1302
3968,1014
3968,308
3968,2318
3969,749
3969,1345
3969,3024
3969,2935
3969,2959
3969,2963
3970,158
3970,1718
3970,1254
3970,1747
3970,954
3970,2546
3970,31
3971,1892
3971,1148
3971,1973
3971,2593
3972,1676
3972,3000
3972,1010
3972,2898
3973,1099
3973,2855
3973,1945
3973,720
3973,2298
3974,894
3974,1070
3974,2413
3974,936
3975,224
3975,194
3975,1117
3976,157
3976,2640
3976,284
3976,489
3976,1587
3977,2502
3977,821
3977,1571
3977,1078
3977,2366
3978,3053
3978,1056
3978,3141
3978,2061
3978,1182
3978,370
3979,2347
3979,1228
3979,2950
3980,946
3980,2529
3980,1805
3980,910
3981,1263
3981,2837
3982,812
3982,2319
3982,2003
3983,2872
3983,2755
3983,392
3983,3004
3983,2737
3983,1082
3984,3015
3984,460
3984,1719
3984,2300
3984,873
3984,1181
3984,943
3985,706
3985,3172
3985,1371
3985,2466
3985,2037
3985,1157
3985,303
3986,2583
3986,2901
3986,1963
3986,2146
3986,564
3987,780
3987,2584
3987,719
3987,748
3988,1889
3988,1773
3988,2956
3988,1659
3988,816
3989,989
3989,5
3989,1312
3989,124
3990,95
3990,3127
3990,135
3990,3034
3990,2417
3991,1787
3991,2443
3991,1860
3991,1883
3992,448
3992,3015
3992,2992
3993,1582
3993,3012
3993,1942
3993,1366
3994,2773
3994,2977
3994,2824
3994,1696
3994,158
3994,2335
3994,584
3994,1635
3995,1366
3995,2596
3996,82
3996,922
3996,2950
3996,1030
3996,3004
3996,1703
3996,3007
3996,1291
3997,1207
3997,2244
3997,1658
3997,243
3997,761
3997,1131
3998,2150
3998,2532
3998,958
3998,921
3999,1646
3999,3004
3999,1610
3999,3031
3999,467
3999,128
4000,679
4000,237
4000,714
4000,2112
4001,1345
4001,1560
4001,2442
4001,433
4001,100
4002,409
4002,614
4002,2907
4002,536
4002,3073
4002,508
4003,1965
4003,703
4003,958
4003,790
4004,2428
4004,593
4004,2980
4004,205
4004,1635
4004,2802
4005,2454
4005,704
4005,823
4005,20
4005,1047
4005,1165
4005,2755
4006,2199
4006,826
4006,1013
4006,801
4006,1975
4007,730
4007,1683
4007,1915
4007,1685
4007,2218
4007,1829
4007,39
4008,3022
4008,2456
4008,2465
4008,104
4008,2923
4009,704
4009,1813
4009,2218
4010,539
4011,120
4011,2854
4011,2788
4011,385
4011,2176
4012,2798
4012,2543
4013,986
4013,1245
4013,1519
4014,907
4014,2927
4014,1305
4014,930
4014,399
4015,936
4015,20
4015,1105
4015,1832
4015,2011
4016,30
4016,2542
4016,324
4016,2891
4016,1421
4017,2240
4017,2030
4017,195
4017,3078
4017,2750
4017,1302
4018,1636
4018,1915
4018,228
4018,1311
4018,1945
4019,2466
4019,1046
4019,1420
4019,2249
4019,1944
4019,1515
4019,1211
4020,155
4020,714
4020,828
4020,582
4020,981
4020,685
4020,262
4021,3011
4021,1099
4021,2451
4021,903
4021,766
4022,1568
4022,1719
4022,1022
4022,818
4022,16
4023,756
4023,1641
4023,895
4023,1982
4023,2326
4023,1989
4024,2371
4024,9
4024,1305
4024,1910
4024,1907
4024,784
4025,2884
4025,296
4025,3059
4025,98
4025,469
4026,703
4026,1127
4026,990
4026,1085
4026,989
4026,718
4027,79
4027,1120
4027,419
4027,287
4027,1919
4028,2828
4028,1448
4028,2622
4028,2864
4028,1168
4028,95
4028,1882
4028,744
4029,2659
4029,2739
4030,1421
4030,2995
4030,199
4030,1223
4031,1636
4031,2570
4031,1218
4031,3053
4031,2793
4031,2747
4031,2769
4031,1347
4032,2480
4032,2901
4032,1696
4032,2796
4033,2227
4033,103
4033,319
4033,2100
4033,3147
4033,236
4033,2396
4034,1143
4034,3078
4034,646
4034,2642
4035,1919
4035,2622
4035,2818
4035,1458
4035,2489
4035,1366
4035,2121
4035,1141
4036,2489
4036,2779
4036,998
4036,827
4036,450
4036,1251
4037,2317
4037,1409
4037,1712
4038,2176
4038,3026
4038,2477
4038,2650
4039,2626
4039,243
4039,2905
4039,1003
4039,1702
4039,2911
4040,1255
4040,2448
4041,1385
4041,1029
4041,2630
4041,1185
4042,72
4042,895
4042,2627
4042,1256
4042,622
4043,416
4043,1928
4043,1958
4043,1524
4043,633
4043,2563
4044,1127
4044,1732
4044,2265
4044,2195
4044,2901
4044,1650
4044,1976
4045,1041
4045,2560
4045,1480
4045,2188
4045,2124
4045,1952
4046,2017
4046,1940
4046,1973
4046,2333
4046,813
4046,478
4046,792
4046,640
4047,3124
4047,191
4047,3156
4047,1790
4048,3075
4048,1527
4048,457
4048,2347
4048,214
4048,1009
4048,2126
4048,3107
4049,867
4049,2233
4050,2186
4050,966
4050,1127
4051,2811
4051,1491
4051,436
4051,1045
4051,371
4052,1855
4052,1961
4052,565
4052,2607
4052,892
4053,237
4053,1910
4053,1305
4053,2371
4053,1517
4054,170
4054,1779
4054,1965
4054,1048
4054,1961
4055,1885
4055,2707
4055,930
4055,1962
4055,972
4055,703
4056,226
4056,68
4056,1747
4056,2426
4056,935
4056,818
4056,1897
4057,13
4057,2349
4057,2878
4057,2271
4058,3093
4058,2985
4058,2807
4059,1082
4059,139
4059,1581
4059,732
4060,1511
4060,984
4060,2233
4060,1577
4060,2694
4060,2756
4060,2058
4060,1608
4060,374
4061,2065
4061,714
4061,461
4061,2705
4061,2240
4061,2983
4061,2424
4061,2168
4062,790
4062,0
4062,1027
4063,1787
4063,2566
4063,1718
4063,1290
4063,328
4064,982
4064,314
4064,1869
4064,2293
4064,280
4065,2140
4065,2785
4065,1310
4065,905
4065,2731
4065,1885
4066,2141
4066,825
4066,832
4066,454
4066,1800
4066,1906
4067,2730
4067,571
4067,1850
4067,1957
4067,2456
4067,222
4068,614
4068,12
4068,2698
4069,2269
4069,2656
4069,2712
4069,2109
4069,3051
4069,478
4070,2885
4070,2233
4070,73
4070,2588
4071,1338
4071,2068
4071,1179
4071,1748
4071,2104
4072,2668
4072,276
4072,1721
4072,2884
4072,1623
4073,2473
4073,2437
4073,1721
4073,2607
4073,2684
4074,3169
4074,1708
4074,545
4074,3129
4074,1376
4074,1855
4075,1813
4075,710
4075,864
4075,2589
4076,2766
4076,1074
4076,218
4076,1813
4076,829
4077,2861
4077,1634
4077,1982
4077,3187
4077,2880
4078,1708
4078,588
4078,185
4078,2640
4079,194
4079,1906
4079,379
4080,1584
4080,1622
4080,308
4080,250
4081,2269
4081,1787
4081,1957
4081,1661
4081,63
4082,230
4082,943
4083,865
4083,240
4083,800
4083,336
4083,1681
4084,2254
4084,2349
4084,864
4084,2665
4084,337
4085,3093
4085,2780
4085,389
4085,2082
4085,1980
4086,1747
4086,3024
4086,218
4086,43
4086,1913
4086,1082
4087,1147
4087,306
4087,409
4087,564
4087,2153
4087,1820
4088,728
4088,666
4088,895
4088,997
4088,748
4088,703
4089,2094
4089,508
4089,1737
4089,2300
4089,1652
4089,2633
4090,845
4090,778
4090,2835
4090,2155
4090,1151
4090,2216
4091,1280
4091,315
4091,862
4091,272
4092,2895
4092,2839
4092,2887
4092,2562
4093,243
4093,2258
4093,3089
4093,1107
4094,994
4094,1753
4094,2311
4094,1624
4094,374
4095,2180
4095,2220
4096,2030
4096,2712
4096,2593
4097,614
4097,2430
4098,1448
4098,1515
4098,827
4098,2293
4098,1928
4098,1957
4099,11
4099,963
4099,1997
4099,1819
4099,1279
4100,2498
4100,898
4100,484
4101,2546
4101,2921
4101,50
4102,319
4102,211
4102,815
4103,520
4103,2688
4103,1848
4103,947
4103,954
4103,2100
4103,523
4104,914
4104,562
4104,421
4104,1043
4104,539
4104,2095
4105,392
4105,3027
4105,909
4106,2479
4106,1068
4106,1518
4106,2490
4106,714
4106,2872
4106,2376
4107,3146
4107,2208
4107,1186
4107,3147
4107,860
4108,49
4108,989
4108,1453
4109,1919
4109,2575
4109,2045
4109,728
4109,1879
4109,2705
4110,1037
4110,2551
4110,2162
4110,1748
4110,748
4110,1237
4111,1179
4111,2052
4111,2312
4111,2859
4111,1891
4111,2296
4112,1785
4112,1136
4112,2437
4112,325
4112,529
4112,4
4113,1281
4113,2153
4113,744
4113,2715
4114,2091
4114,2370
4114,1253
4114,2272
4114,739
4114,522
4114,1724
4115,706
4115,2982
4115,1632
4115,2785
4115,2376
4115,622
4116,1756
4116,1211
4116,3003
4116,2751
4117,1702
4117,2594
4117,1067
4117,2327
4118,1504
4118,1349
4118,979
4118,1955
4119,1834
4119,1718
4119,2076
4119,139
4119,1608
4119,1850
4120,1629
4120,2783
4120,1915
4121,161
4121,1086
4121,2631
4122,1765
4122,2491
4122,2219
4122,944
4122,1954
4123,2194
4123,2218
4123,2797
4123,2017
4123,2769
4123,1954
4124,1722
4124,3110
4124,1766
4124,2120
4125,824
4125,2357
4125,2797
4125,1258
4125,3121
4125,700
4126,743
4126,1399
4126,2160
4126,1302
4126,1311
4127,1103
4127,1563
4127,373
4127,2793
4127,134
4127,2079
4128,875
4128,3096
4128,279
4128,1331
4128,128
4129,1700
4129,3098
4129,1858
4129,1356
4129,2334
4130,3031
4130,2624
4130,225
4130,1684
4130,700
4131,1341
4131,614
4131,2041
4131,1141
4132,2076
4132,1850
4132,154
4132,1217
4132,86
4132,1807
4133,3190
4133,1492
4133,2482
4133,771
4134,712
4134,778
4134,1664
4134,374
4134,1918
4134,2583
4135,951
4135,845
4135,2918
4135,100
4135,1125
4136,1195
4136,2989
4136,2688
4137,755
4137,3187
4137,1518
4137,1776
4138,373
4138,2975
4138,802
4138,1564
4138,2137
4138,3172
4138,1055
4139,2634
4139,1788
4139,2334
4139,2703
4140,1920
4140,563
4140,2684
4140,1883
4140,2659
4141,2478
4141,2219
4141,896
4141,2837
4141,2151
4141,523
4141,1629
4142,2939
4142,1959
4142,608
4142,2829
4143,2
4143,790
4143,1187
4143,2409
4143,1156
4143,1603
4144,2990
4144,1647
4145,2796
4145,588
4145,1581
4145,1671
4145,2631
4145,1887
4146,2830
4146,1159
4146,2209
4146,2590
4147,3020
4147,525
4148,2797
4148,1719
4148,1801
4148,2880
4148,1896
4149,2197
4149,140
4149,2017
4149,3097
4150,334
4150,2670
4150,5
4150,1510
4150,23
4150,771
4150,3015
4151,2334
4151,402
4152,1698
4152,3080
4152,2102
4152,1635
4153,1249
4153,1511
4153,756
4153,2774
4153,1514
4153,1489
4154,852
4154,481
4154,2482
4154,2411
4154,2456
4154,2173
4154,1934
4154,1563
4154,2895
4155,1389
4155,3103
4155,2712
4155,3148
4155,2728
4156,1492
4156,1228
4156,1431
4156,1116
4156,2829
4156,1519
4156,1711
4157,693
4158,1575
4158,1085
4158,459
4158,45
4158,2978
4159,2621
4159,2110
4159,2778
4159,922
4159,2326
4160,223
4160,1564
4160,2855
4160,206
4161,1547
4161,2178
4161,681
4161,1915
4161,408
4161,3052
4162,1355
4162,1515
4162,2907
4163,1845
4163,2937
4163,16
4163,459
4163,1285
4163,2438
4163,1412
4164,540
4164,302
4164,1661
4164,2704
4164,777
4164,2848
4165,1910
4165,1001
4165,2425
4165,778
4165,749
4165,1508
4166,1207
4166,1409
4166,317
4166,708
4167,1923
4167,704
4167,2471
4167,306
4167,1818
4167,878
4168,2338
4168,998
4168,3098
4168,877
4169,751
4169,454
4169,1099
4169,2153
4170,2398
4170,1171
4170,3065
4170,1599
4170,2842
4170,927
4170,1221
4171,2472
4171,930
4171,980
4171,1627
4171,2111
4171,2256
4172,1623
4172,199
4172,572
4172,1514
4172,1980
4172,839
4172,527
4172,1421
4172,1345
4173,1199
4173,834
4173,642
4173,1203
4173,1965
4173,1397
4174,2594
4174,1025
4174,2494
4174,3090
4174,1706
4174,1943
4174,2839
4175,2038
4175,1980
4175,2318
4175,588
4175,2890
4175,2515
4176,1971
4176,2784
4176,1699
4176,3164
4177,1965
4177,1515
4177,2946
4177,2839
4178,2033
4178,2405
4178,1513
4178,1464
4178,48
4179,1419
4179,952
4179,882
4179,2171
4179,2709
4179,2284
4180,2806
4180,1563
4180,519
4180,986
4181,2772
4182,1377
4182,879
4182,2688
4182,3076
4183,2306
4183,2601
4183,98
4183,2091
4184,2031
4184,130
4184,645
4184,699
4184,2218
4185,2271
4185,1582
4185,2038
4185,2657
4185,1793
4185,2706
4185,135
4186,1231
4186,2320
4186,69
4186,1448
4186,1973
4186,2975
4187,826
4188,1676
4188,1199
4188,932
4188,2569
4189,2819
4189,2328
4189,2635
4189,2825
4189,600
4189,2671
4189,3053
4190,1417
4190,2359
4190,2930
4191,2927
4191,2167
4191,1724
4191,1015
4192,776
4192,1501
4192,2553
4192,745
4192,1954
4193,2717
4193,2079
4193,2688
4193,2301
4193,276
4194,1340
4194,979
4194,299
4194,2772
4195,2878
4195,929
4195,1345
4196,1338
4196,2893
4196,32
4196,2326
4196,1197
4196,2528
4196,8
4197,1957
4197,1655
4197,1631
4197,2015
4197,1379
4197,1086
4197,838
4198,1340
4198,3035
4198,1169
4198,301
4198,1419
4198,878
4199,711
4199,1211
4199,1518
4199,135
4199,3107
4199,2472
4200,2441
4200,1879
4200,2996
4200,2280
4200,2624
4200,1813
4201,1712
4201,2264
4201,141
4201,1838
4202,87
4202,202
4202,521
4203,2914
4203,1251
4203,1172
4203,1169
4204,1221
4204,2111
4205,700
4205,771
4205,587
4205,2509
4205,1526
4206,1073
4206,1025
4206,46
4206,1019
4207,21
4207,1959
4207,1928
4207,877
4208,1858
4208,216
4208,3124
4208,1016
4209,375
4209,2509
4209,2583
4209,2696
4209,508
4209,1918
4210,2564
4210,339
4210,181
4211,1151
4211,3137
4211,2167
4211,1989
4211,2525
4211,2548
4212,2704
4212,2274
4212,1525
4212,2502
4212,1515
4212,1097
4213,1802
4213,1863
4213,1721
4213,0
4213,2647
4213,2843
4214,2846
4214,2247
4214,453
4214,1575
4214,82
4215,2217
4215,3090
4215,1519
4216,379
4216,4
4216,1765
4216,2627
4216,2672
4216,1451
4217,1485
4217,2433
4217,119
4218,2182
4218,1965
4218,1699
4219,3024
4219,708
4220,3184
4220,2216
4220,1747
4220,2426
4221,329
4221,282
4221,1601
4221,309
4222,780
4222,1206
4222,2872
4222,823
4223,1431
4223,607
4223,3038
4223,1181
4223,3024
4223,100
4223,1844
4224,1704
4224,359
4224,2515
4224,1575
4225,1434
4225,1614
4225,1813
4225,1270
4225,449
4225,2585
4225,2980
4225,3007
4226,527
4226,2100
4226,3031
4226,2317
4226,1883
4227,1041
4227,2690
4227,2317
4227,1594
4227,1141
4227,856
4228,2377
4228,1813
4228,2003
4228,2341
4228,478
4229,953
4229,1529
4230,1817
4230,1516
4230,452
4230,317
4230,2110
4230,738
4231,2217
4231,2469
4231,2790
4231,2312
4231,836
4231,1392
4232,626
4232,29
4232,213
4232,749
4232,2446
4233,2862
4233,2368
4234,408
4234,1991
4234,1015
4234,1651
4234,2218
4234,2093
4234,2071
4235,2124
4235,1429
4235,714
4235,2052
4235,573
4236,3012
4237,1639
4237,1136
4237,1169
4237,2451
4238,2721
4238,2934
4238,2961
4238,1974
4238,48
4238,1676
4238,2301
4238,987
4238,2717
4239,1987
4239,1883
4239,3085
4239,1849
4239,2800
4239,1939
4239,2165
4240,2168
4240,2939
4240,2936
4240,1767
4241,1920
4241,1813
4241,3001
4241,2862
4241,2696
4242,2551
4242,2059
4242,2799
4242,1873
4243,1816
4243,2139
4243,1075
4243,2800
4243,1673
4244,1477
4244,661
4244,838
4244,788
4244,1322
4244,2822
4244,2058
4244,489
4244,1245
4245,354
4245,1652
4245,2150
4245,692
4245,1692
4245,1457
4246,2739
4246,2318
4246,1982
4246,984
4246,1647
4246,2311
4247,387
4247,3053
4247,1427
4247,459
4247,1802
4248,2317
4248,2472
4249,1293
4249,2521
4249,1699
4249,1420
4249,2003
4250,2036
4250,1195
4250,200
4250,1095
4250,2992
4250,366
4251,2850
4251,1380
4251,2766
4251,244
4251,230
4251,2549
4252,2216
4252,1450
4252,305
4252,1068
4252,336
4252,2936
4252,3126
4252,493
4253,933
4253,2188
4253,578
4253,1995
4254,2829
4254,101
4254,2825
4254,1524
4255,2194
4255,2466
4255,2802
4255,2797
4255,1659
4256,214
4256,521
4256,2311
4256,1683
4256,1367
4257,3091
4257,685
4257,1974
4257,1658
4257,2982
4257,2838
4258,1560
4258,240
4258,2702
4259,2551
4259,1016
4259,2032
4259,1272
4259,1048
4260,1748
4260,2157
4260,1702
4260,2537
4260,2049
4260,404
4260,2626
4261,2478
4261,226
4261,2512
4261,2557
4261,2271
4261,327
4262,2478
4262,568
4262,2894
4262,824
4262,1338
4262,2068
4262,1241
4262,1050
4263,1723
4263,1355
4263,13
4263,514
4263,815
4263,1266
4264,2742
4264,2489
4264,1477
4264,178
4264,1690
4265,1328
4265,122
4265,1564
4266,1185
4266,2421
4267,354
4267,1557
4267,2709
4267,3167
4268,2940
4268,313
4269,1186
4269,722
4269,1670
4269,849
4269,2049
4269,622
4270,1247
4270,1348
4270,1097
4270,3032
4271,471
4271,2012
4271,955
4271,1546
4271,224
4271,1557
4272,1765
4272,1328
4272,3086
4272,1526
4272,2750
4272,2155
4273,3181
4273,2525
4274,2161
4274,2616
4275,1849
4275,409
4275,411
4275,2310
4275,371
4275,413
4275,2267
4276,1241
4276,2958
4276,2336
4276,2445
4276,1297
4276,465
4277,1241
4277,2092
4277,1034
4277,2553
4277,2914
4278,32
4278,957
4278,87
4278,3185
4278,742
4278,3056
4278,2243
4279,1699
4279,1636
4279,2631
4279,2853
4279,540
4279,1591
4279,748
4280,2707
4280,978
4280,122
4281,193
4281,822
4281,878
4281,2877
4281,1104
4282,1290
4282,1134
4282,1263
4282,1218
4282,509
4283,2407
4283,1940
4283,2041
4283,2900
4283,1516
4283,520
4283,557
4284,2110
4284,1991
4284,1020
4284,2828
4285,1939
4285,2247
4285,2088
4285,1278
4285,1490
4286,1011
4286,1114
4286,3141
4286,2645
4286,253
4287,2242
4287,2139
4287,898
4287,830
4288,1779
4288,2978
4288,1388
4288,809
4289,903
4289,3003
4289,2160
4289,493
4290,1733
4290,2459
4290,858
4290,67
4290,213
4290,520
4291,70
4291,2832
4291,1143
4292,2195
4293,2160
4293,227
4293,3128
4293,2199
4294,2742
4294,2312
4295,858
4295,142
4295,99
4295,1477
4295,2328
4295,133
4296,2632
4296,2130
4296,100
4296,1934
4296,2232
4296,374
4297,1640
4297,1314
4297,375
4297,1940
4297,3036
4297,1612
4298,142
4298,229
4298,130
4298,2347
4298,1018
4298,3038
4299,722
4299,1055
4299,2568
4299,1029
4299,2211
4299,1917
4299,1740
4299,12
4300,2284
4300,951
4300,2740
4300,267
4300,1261
4300,2975
4301,529
4301,232
4301,2104
4301,1138
4302,1138
4302,2586
4302,1054
4302,2867
4302,1524
4302,1918
4302,2159
4302,1679
4303,1479
4303,646
4303,1943
4303,222
4303,2914
4304,2631
4304,1222
4304,1046
4304,1184
4304,2833
4304,966
4304,1032
4305,1879
4305,875
4306,601
4306,381
4306,918
4306,2348
4306,3076
4307,1589
4307,796
4307,1535
4307,122
4308,86
4308,142
4308,600
4308,1574
4309,603
4309,2332
4309,2570
4309,1173
4309,1843
4309,20
4310,1922
4310,2158
4310,477
4310,3020
4310,373
4311,732
4311,233
4311,459
4311,2489
4312,642
4312,1073
4312,1476
4312,338
4312,2901
4313,600
4313,3057
4313,916
4313,2985
4313,1260
4313,2084
4314,1147
4314,497
4314,2754
4314,3166
4314,1696
4314,2153
4315,3087
4315,1179
4315,1991
4315,397
4315,1403
4316,482
4316,1367
4316,1729
4316,2250
4316,1151
4317,842
4317,1355
4317,2643
4318,1729
4318,756
4318,2509
4318,2802
4318,2696
4319,666
4319,2702
4319,1658
4319,1943
4319,480
4319,2140
4320,1298
4320,2374
4320,1348
4320,2348
4320,951
4321,739
4321,895
4321,3031
4321,1925
4322,260
4322,1231
4322,2659
4322,2983
4322,2126
4322,2320
4322,642
4322,1991
4323,2247
4323,970
4323,1332
4323,1178
4324,1819
4324,986
4324,1655
4324,1255
4324,804
4325,2179
4325,2827
4325,471
4325,263
4326,340
4327,2029
4327,366
4327,1278
4327,1853
4328,375
4328,1575
4328,3043
4328,3028
4328,2212
4329,3137
4329,2378
4329,2104
4329,2779
4330,2235
4330,2473
4330,622
4330,2606
4331,128
4331,2297
4331,146
4331,476
4331,43
4331,1907
4332,1514
4332,128
4332,79
4332,2007
4332,1577
4332,1071
4333,106
4333,3178
4333,990
4333,2876
4333,1908
4334,2467
4334,1261
4334,2627
4334,3150
4334,975
4334,749
4335,2214
4335,2554
4335,2482
4335,1997
4335,1810
4335,2570
4336,1003
4336,1779
4336,1698
4336,457
4337,529
4337,722
4337,3022
4337,240
4337,2444
4337,2283
4337,3053
4338,3158
4338,3164
4338,2432
4338,851
4338,1006
4339,325
4339,2522
4339,2177
4339,409
4339,305
4339,3091
4340,2151
4340,2231
4340,860
4340,1421
4340,62
4341,2104
4341,1551
4341,87
4341,1186
4341,1376
4341,141
4342,2092
4342,2339
4342,751
4342,963
4343,139
4343,2633
4343,2961
4343,144
4343,784
4343,947
4343,1023
4344,2040
4344,1400
4344,1399
4344,134
4344,325
4345,1879
4345,2708
4345,594
4346,1179
4346,2740
4346,828
4346,1838
4346,1060
4347,1563
4347,2555
4347,2585
4348,2397
4348,1290
4348,2095
4348,1841
4348,1574
4348,2442
4349,211
4349,1280
4349,2984
4349,2657
4350,1947
4350,892
4351,1560
4351,1326
4351,1119
4352,2115
4352,1636
4352,760
4352,1761
4352,2998
4352,2708
4353,1172
4353,1845
4353,2901
4353,408
4353,2880
4353,521
4354,2311
4354,3180
4354,600
4354,873
4354,1389
4355,685
4355,2137
4355,2778
4355,1779
4355,2158
4356,1702
4356,1182
4356,218
4356,267
4356,120
4356,924
4356,384
4356,1186
4357,1575
4357,2467
4357,194
4357,521
4357,1931
4358,882
4358,713
4358,2158
4358,2415
4358,1699
4358,2438
4358,2187
4358,734
4359,1018
4359,729
4359,793
4359,2353
4359,2
4360,1699
4360,2403
4360,1073
4360,1019
4360,905
4361,291
4361,1467
4361,2453
4362,411
4362,3113
4362,2000
4362,2595
4362,1472
4362,2196
4363,957
4363,588
4363,2530
4364,820
4364,1458
4364,2488
4364,2240
4365,455
4365,2509
4365,1009
4365,1721
4365,3036
4365,2370
4365,895
4365,2218
4366,95
4366,1158
4366,373
4366,984
4366,551
4366,2934
4366,1775
4367,1178
4367,3091
4367,1282
4367,2881
4367,965
4367,1397
4368,2824
4368,1623
4368,736
4368,873
4369,2990
4369,1380
4369,2669
4369,2627
4369,1424
4370,1659
4370,3009
4370,2052
4370,3060
4371,1896
4371,2058
4371,1560
4371,2312
4371,2572
4372,2216
4372,2663
4372,2481
4372,1195
4373,1643
4373,2591
4373,2920
4373,1380
4373,867
4373,2775
4373,2412
4374,765
4374,2605
4374,2544
4374,2521
4374,2198
4374,3083
4375,3091
4375,2298
4376,1855
4377,1484
4377,1377
4377,1252
4377,423
4377,1335
4377,372
4377,2445
4378,2631
4378,441
4378,2159
4378,2385
4378,1151
4379,970
4379,349
4379,3130
4379,2030
4379,1011
4380,813
4380,438
4380,256
4380,3002
4380,67
4380,527
4381,226
4381,308
4381,323
4381,374
4382,2293
4382,2774
4383,2551
4383,2160
4383,1277
4383,2501
4383,3009
4384,3061
4384,1939
4384,876
4384,3152
4384,355
4384,897
4385,210
4385,27
4385,2368
4385,604
4385,529
4386,3051
4386,2575
4386,1200
4386,1676
4387,2263
4387,992
4387,3057
4387,1526
4388,176
4388,984
4388,1413
4389,2356
4389,2713
4389,2562
4389,2271
4390,633
4390,589
4390,1583
4390,805
4390,1015
4391,1779
4391,1879
4391,2095
4391,1601
4392,1179
4392,2297
4392,661
4392,2889
4392,1355
4392,327
4392,1970
4393,297
4393,422
4393,1285
4393,2448
4393,2911
4393,1747
4394,1172
4394,2376
4394,922
4394,2441
4394,2082
4394,521
4394,1585
4395,3059
4395,2990
4395,1575
4395,2622
4395,2546
4395,2953
4396,2140
4396,2367
4396,33
4396,1683
4397,2494
4397,2498
4397,1366
4398,2255
4398,2859
4398,748
4399,1082
4399,490
4399,2872
4399,190
4400,310
4400,1845
4400,2790
4400,1810
4400,330
4400,2110
4401,1623
4401,423
4401,2570
4401,882
4401,2989
4402,491
4402,1665
4402,749
4402,1533
4402,1442
4403,681
4403,384
4403,1920
4404,714
4404,649
4404,1862
4404,1838
4404,2449
4404,2161
4405,1195
4405,1260
4405,1525
4405,2980
4406,122
4406,413
4406,1882
4406,1376
4406,1493
4407,2556
4407,1528
4407,463
4407,3185
4407,1667
4407,733
4408,1881
4408,1422
4408,722
4408,1837
4409,2066
4409,3017
4409,3033
4409,792
4409,2154
4410,14
4410,2777
4410,1764
4410,2543
4411,845
4411,2577
4411,1047
4411,3161
4411,1356
4412,2030
4412,1915
4412,1848
4412,1747
4413,54
4414,2210
4414,1557
4414,99
4414,2564
4414,325
4414,2542
4414,321
4415,1918
4415,572
4415,1517
4415,1822
4415,296
4416,2218
4416,1785
4416,3147
4417,725
4418,2124
4418,2445
4418,2058
4418,3185
4418,755
4418,1114
4419,1811
4419,2580
4419,1665
4419,885
4419,905
4420,829
4420,943
4420,1963
4420,790
4420,963
4421,124
4421,2475
4421,286
4422,3043
4422,2438
4422,805
4422,3022
4422,2961
4423,2961
4423,1770
4423,2363
4423,2057
4423,272
4423,1038
4423,1044
4424,781
4424,2564
4424,1009
4424,259
4425,2026
4425,957
4425,1698
4425,937
4426,230
4426,1115
4426,423
4427,1123
4427,2602
4427,533
4427,529
4428,2676
4428,319
4428,1328
4429,2572
4429,608
4429,1665
4429,263
4429,1821
4429,91
4430,1836
4430,480
4430,1699
4430,2139
4430,23
4431,1071
4431,970
4431,714
4432,1092
4432,1709
4432,1844
4432,75
4432,1020
4433,1463
4433,2376
4433,2460
4433,305
4433,2479
4433,1248
4433,2212
4434,2195
4434,2619
4434,875
4434,993
4435,1703
4435,274
4435,1486
4436,320
4436,1270
4436,1984
4436,1688
4436,1345
4436,640
4437,101
4437,2456
4437,2100
4437,1499
4437,826
4437,516
4438,2684
4438,469
4438,374
4438,2229
4438,1800
4438,1671
4438,2010
4439,1302
4439,409
4439,564
4439,1619
4439,711
4439,95
4439,522
4440,1517
4440,1779
4440,2846
4440,454
4441,1051
4441,1827
4441,2393
4441,323
4441,2049
4442,1006
4442,2552
4442,1737
4442,987
4443,1109
4443,1852
4443,2214
4444,2826
4444,2974
4445,1191
4445,2548
4445,1863
4445,518
4446,272
4446,1919
4446,2485
4446,2932
4446,1251
4446,3001
4446,1752
4447,144
4447,1867
4448,986
4448,2095
4448,2674
4448,128
4448,1696
4448,1305
4448,399
4448,2100
4449,1683
4449,2950
4449,44
4449,203
4449,1064
4449,1971
4449,1779
4450,2684
4450,1321
4450,1752
4450,1426
4450,2799
4450,1325
4451,870
4451,1630
4451,2530
4451,2152
4451,2518
4451,1724
4451,1640
4452,2131
4452,1855
4453,1027
4453,426
4453,22
4453,2249
4453,759
4453,2806
4453,2788
4454,2802
4454,2659
4454,2455
4454,1766
4454,1298
4454,1266
4455,2843
4455,840
4455,1207
4456,778
4457,2829
4457,2569
4457,2640
4458,2162
4458,722
4458,892
4459,1940
4459,2485
4459,2111
4459,2028
4459,462
4459,2105
4460,1292
4460,2078
4460,997
4461,390
4461,374
4461,1919
4462,1697
4462,679
4462,2225
4462,2139
4462,86
4462,970
4462,2624
4463,1450
4463,2726
4463,225
4463,1908
4463,979
4463,475
4463,1177
4463,2254
4464,792
4464,1973
4464,1892
4465,1421
4465,1908
4465,199
4465,663
4465,1355
4466,2451
4466,2936
4466,152
4467,471
4467,2327
4467,2131
4467,2650
4467,417
4467,1078
4467,2366
4468,2044
4468,2309
4469,3033
4469,979
4470,242
4470,1962
4470,3054
4470,1131
4470,1665
4470,1869
4471,818
4471,138
4472,2428
4472,700
4472,1263
4472,1024
4473,2034
4473,2742
4473,1503
4473,2391
4473,2519
4473,3164
4473,1042
4474,3081
4475,2557
4475,170
4475,640
4475,2349
4475,55
4475,2157
4476,1690
4476,2801
4476,1863
4476,3080
4476,260
4476,1298
4477,3095
4477,1102
4477,3000
4477,1405
4477,565
4477,1389
4477,1788
4478,2349
4478,434
4478,1267
4478,1540
4479,702
4479,2589
4479,2287
4479,1488
4479,2441
4479,2049
4480,2383
4480,43
4481,1491
4481,746
4481,337
4481,1807
4481,679
4481,1477
4482,2087
4482,2419
4482,2754
4482,243
4482,2407
4482,2591
4483,1348
4483,2814
4483,523
4483,990
4483,1018
4484,572
4484,470
4484,829
4484,941
4484,1517
4484,2095
4484,491
4485,870
4485,2186
4485,1253
4485,850
4485,2437
4486,147
4486,557
4486,490
4486,3163
4487,828
4487,1840
4487,262
4487,2630
4487,945
4487,741
4488,1287
4488,920
4488,399
4488,1976
4488,2385
4489,456
4489,2726
4489,1006
4489,1084
4489,393
4489,509
4490,467
4490,1748
4490,1482
4490,1642
4490,1274
4490,260
4491,870
4491,1127
4491,565
4491,2214
4491,1326
4491,120
4491,2978
4492,244
4492,871
4492,2185
4492,1823
4492,1719
4492,556
4493,2775
4493,2782
4493,962
4493,2846
4493,2490
4493,907
4494,413
4494,2459
4494,141
4494,491
4494,527
4494,1810
4494,2159
4495,1971
4495,860
4495,2090
4495,600
4495,2715
4496,1873
4496,550
4496,1029
4496,1051
4496,470
4496,1813
4496,3005
4496,1032
4497,1816
4497,1683
4497,1950
4497,1959
4497,3127
4498,1532
4498,784
4498,1948
4498,929
4498,2562
4499,1031
4499,718
4499,2355
4499,275
4500,2766
4500,811
4501,3031
4501,910
4501,250
4501,214
4501,1218
4502,1702
4502,2589
4502,2188
4502,1442
4502,2391
4502,677
4503,1647
4503,1500
4503,3024
4503,1063
4503,757
4504,991
4504,2890
4504,2273
4504,357
4504,1312
4504,2924
4505,1569
4505,2346
4505,2588
4505,2815
4506,250
4506,2398
4506,410
4506,829
4506,367
4506,101
4507,2757
4507,1138
4507,2937
4508,229
4508,2604
4508,178
4508,226
4509,28
4509,1114
4509,3067
4509,1996
4509,1935
4510,495
4510,1939
4510,1456
4510,1911
4511,3121
4511,824
4511,2816
4511,2494
4511,268
4511,1834
4511,2498
4511,9
4512,3012
4512,2832
4512,909
4512,905
4512,2709
4512,1577
4512,2233
4513,3098
4513,2548
4513,699
4514,2126
4514,268
4514,1067
4514,1926
4515,2079
4515,2789
4515,1517
4516,2975
4516,319
4516,2212
4516,411
4516,1274
4517,939
4517,1195
4517,2865
4517,2083
4517,2924
4517,2983
4518,1789
4518,2518
4518,1473
4518,885
4518,2998
4518,1216
4519,1982
4519,163
4519,2867
4519,720
4520,306
4520,2801
4520,445
4521,3129
4521,938
4521,113
4521,1671
4522,1669
4522,1055
4522,751
4522,956
4522,1907
4522,3185
4522,1490
4522,2378
4523,956
4523,2505
4523,1439
4523,2549
4523,2789
4523,2078
4523,2679
4524,2984
4524,274
4524,1583
4524,1811
4524,1266
4525,838
4525,1351
4525,1631
4526,1677
4526,2028
4526,1525
4526,3091
4526,41
4527,478
4527,2666
4527,879
4527,851
4527,386
4527,2124
4527,829
4527,2058
4528,2241
4528,1855
4529,473
4529,1813
4529,3070
4529,522
4529,306
4530,3171
4530,2199
4530,919
4531,818
4531,1699
4531,991
4531,820
4532,2347
4532,1845
4532,2049
4532,1219
4532,878
4533,476
4533,1971
4533,1412
4533,3093
4534,2877
4534,2577
4535,1289
4535,2789
4535,2981
4535,1932
4535,1861
4535,3054
4536,2456
4536,1131
4536,2632
4536,1222
4537,1922
4537,820
4537,2181
4537,2205
4537,2041
4538,2636
4538,1851
4538,1564
4538,2256
4538,218
4538,1073
4539,1403
4539,1902
4540,1730
4540,1626
4540,233
4541,564
4541,253
4541,2412
4542,525
4542,946
4542,1284
4542,638
4542,2905
4542,702
4542,1027
4543,2841
4543,2771
4543,1698
4543,1038
4544,1484
4544,517
4544,2846
4544,2785
4544,1886
4544,2872
4545,1918
4545,367
4545,739
4545,1358
4546,1181
4546,3055
4546,453
4546,1565
4547,873
4547,2700
4547,1110
4547,1356
4547,1205
4547,810
4548,258
4548,2626
4548,228
4549,2146
4549,1838
4550,811
4550,2924
4550,1245
4550,1702
4550,1818
4550,46
4550,2739
4550,1989
4551,430
4551,377
4552,1217
4552,902
4552,493
4553,1103
4553,190
4553,1296
4553,2507
4553,438
4553,1376
4553,909
4554,3093
4554,950
4554,1211
4554,515
4554,2209
4554,248
4554,1049
4555,410
4555,865
4555,2289
4555,2503
4555,927
4555,1587
4555,2003
4555,710
4555,974
4556,2656
4556,327
4556,2651
4557,259
4557,191
4557,1406
4557,260
4558,2525
4558,1901
4558,685
4559,2000
4559,2190
4559,1865
4559,2442
4559,990
4560,920
4560,2632
4560,602
4560,3067
4560,856
4560,2271
4561,1130
4561,1651
4561,1497
4561,990
4561,540
4562,3177
4562,1405
4562,2400
4562,324
4562,2756
4563,1568
4563,434
4563,2611
4563,3183
4563,47
4564,804
4564,1613
4564,2564
4564,2489
4564,1890
4564,1116
4565,1337
4565,1696
4565,1564
4565,806
4565,2549
4566,2901
4566,1696
4566,716
4566,2773
4567,521
4567,1708
4567,1921
4567,1726
4567,2698
4567,2731
4567,1959
4567,5
4567,871
4568,1629
4568,256
4568,1519
4569,2569
4569,1547
4569,86
4569,3043
4569,449
4569,2822
4569,540
4570,3058
4570,2309
4570,244
4570,1402
4570,2446
4570,1852
4571,3055
4571,1323
4571,1009
4571,2351
4571,2306
4571,478
4572,2895
4572,952
4572,1195
4572,1568
4572,1743
4572,2267
4572,738
4572,1858
4573,229
4574,529
4575,1641
4575,290
4576,1580
4576,266
4576,131
4576,2962
4576,1517
4576,2471
4576,358
4577,1338
4577,2842
4577,1818
4577,557
4577,2509
4577,700
4577,1978
4578,3149
4578,2563
4578,260
4578,1900
4579,2460
4579,1364
4579,2478
4579,711
4580,253
4580,489
4581,719
4581,2984
4581,685
4581,867
4581,2612
4582,1491
4582,2320
4582,904
4582,1987
4582,2920
4583,1095
4583,259
4583,1620
4583,204
4583,142
4583,287
4583,757
4584,806
4584,648
4584,960
4585,1022
4585,1810
4585,199
4585,978
4586,377
4586,1993
4586,2101
4586,1389
4586,204
4586,530
4587,48
4587,1421
4587,1879
4587,1098
4587,2964
4587,2386
4588,1647
4588,2855
4588,2220
4588,716
4588,2271
4589,516
4589,2926
4589,433
4589,67
4590,2857
4590,3022
4590,2058
4590,1563
4590,1248
4591,2583
4592,1517
4592,1910
4592,780
4592,1055
4592,1040
4592,1043
4592,1971
4592,1581
4593,1055
4593,2353
4593,1850
4593,1484
4593,2391
4593,200
4593,1883
4593,2631
4594,1392
4594,529
4595,2104
4595,801
4595,1996
4595,2791
4595,2314
4596,2742
4596,2295
4596,1863
4596,751
4597,1022
4597,969
4597,951
4597,3174
4597,2339
4598,2848
4598,422
4598,380
4599,2753
4600,2488
4600,1524
4600,615
4600,2041
4600,930
4600,1397
4600,1576
4601,3096
4601,1348
4601,177
4601,2383
4601,3059
4602,2325
4602,672
4602,1698
4602,2306
4603,2855
4603,2532
4603,1837
4603,199
4604,2716
4604,95
4604,734
4604,703
4604,103
4605,879
4605,1048
4605,998
4606,2263
4606,447
4607,1186
4607,3075
4607,2421
4607,1520
4607,1203
4607,3056
4608,1800
4608,1640
4608,1366
4609,2472
4609,1414
4609,1817
4609,2450
4609,1881
4609,1084
4610,438
4610,1916
4610,2019
4610,2052
4611,1258
4611,429
4611,1421
4611,1025
4611,1810
4612,2110
4612,1395
4612,922
4612,1813
4612,2453
4613,1531
4613,519
4613,934
4613,1086
4614,2347
4614,464
4614,178
4614,1703
4614,29
4615,2504
4615,2961
4615,1888
4615,1780
4615,2775
4616,1780
4616,69
4617,563
4617,1610
4617,651
4617,1083
4617,1662
4617,2717
4617,1880
4618,3025
4618,2000
4618,162
4618,3086
4618,666
4619,1500
4619,1171
4619,2304
4620,1770
4620,2422
4620,3180
4621,2017
4621,1883
4621,1625
4621,2960
4621,2019
4622,1995
4622,1375
4622,375
4622,1188
4623,520
4623,2818
4623,416
4623,2949
4624,2383
4624,2163
4624,1568
4624,430
4624,301
4625,1159
4625,677
4625,235
4625,2146
4625,896
4626,3091
4626,1392
4627,1179
4627,260
4628,1708
4628,334
4628,27
4628,3001
4628,608
4629,1658
4629,2576
4629,1514
4629,1405
4629,2185
4629,2392
4629,296
4630,2893
4630,448
4630,193
4630,2523
4631,903
4631,778
4631,2216
4631,32
4631,1347
4632,2568
4632,909
4633,2924
4633,636
4633,2349
4633,1312
4634,212
4634,1248
4634,2800
4634,2690
4635,1127
4635,2802
4635,1708
4635,1737
4635,1647
4636,2151
4636,873
4636,2366
4636,2016
4636,1381
4637,1585
4637,685
4638,374
4638,2284
4639,859
4639,2572
4639,2505
4640,1455
4640,2002
4640,48
4640,310
4640,2626
4640,413
4641,3166
4641,3116
4642,1404
4642,2333
4642,2297
4642,136
4642,1913
4642,1358
4642,815
4643,2913
4643,2109
4643,2095
4644,2044
4644,1748
4644,1067
4644,21
4644,994
4644,1747
4645,1957
4645,188
4645,1658
4645,2571
4645,2853
4646,3061
4646,636
4646,3173
4646,203
4646,2694
4646,579
4647,2034
4647,1939
4647,2176
4648,2635
4648,1540
4648,2306
4648,2924
4648,2816
4648,2596
4649,336
4649,2171
4650,1949
4650,2603
4650,2322
4650,2152
4651,2855
4651,957
4651,3079
4652,2257
4652,873
4652,1252
4652,1879
4652,2738
4652,2985
4652,1111
4653,276
4653,2642
4653,2286
4653,48
4653,1954
4653,3112
4654,2570
4654,805
4654,968
4655,2829
4655,908
4655,2225
4655,2718
4655,2352
4656,254
4656,2095
4656,2160
4656,2990
4656,457
4656,128
4657,2122
4657,2562
4657,2214
4657,3103
4657,713
4658,800
4658,363
4658,375
4658,2684
4659,1965
4659,1823
4659,2792
4659,3075
4659,2729
4660,1749
4660,421
4660,91
4660,1601
4661,1737
4661,701
4661,1135
4661,2689
4662,882
4662,539
4662,3176
4662,92
4662,158
4663,1722
4663,786
4663,1910
4663,1409
4664,2249
4664,1557
4664,1481
4664,1637
4664,2878
4664,1517
4664,2452
4665,960
4665,896
4666,2402
4666,1298
4666,2396
4667,389
4667,2842
4667,2001
4667,2450
4667,1585
4668,2368
4668,2314
4669,2990
4669,1702
4669,1990
4669,2220
4669,1742
4669,2124
4670,1047
4670,2577
4670,1809
4670,2656
4670,73
4671,1631
4671,1520
4671,400
4671,2478
4671,2460
4672,809
4672,2712
4673,2891
4673,932
4674,1010
4674,1281
4674,598
4674,2978
4674,2568
4675,2240
4675,1323
4675,297
4676,438
4676,991
4676,1517
4676,968
4676,2872
4676,2100
4677,892
4677,1075
4678,1462
4678,2894
4678,705
4678,3136
4678,1527
4679,1309
4679,660
4679,1270
4679,789
4680,2411
4680,3024
4680,225
4680,2450
4680,2052
4681,826
4681,1656
4681,2413
4682,1918
4682,2491
4682,525
4682,1515
4682,3021
4682,2924
4683,1179
4683,20
4683,1832
4683,2224
4683,1457
4683,751
4684,2990
4684,1866
4684,291
4684,1572
4684,3005
4685,910
4685,3187
4685,2625
4686,286
4686,1617
4686,2176
4686,2377
4687,2736
4687,189
4687,463
4687,984
4687,1221
4688,1870
4688,294
4688,963
4688,1620
4688,328
4688,1290
4689,2594
4689,540
4689,512
4689,2385
4689,2590
4690,2654
4690,2062
4690,185
4690,524
4690,1708
4691,2168
4691,2189
4691,1819
4691,2036
4691,1159
4691,978
4691,1467
4692,1018
4692,2297
4692,1581
4692,1865
4692,2212
4693,3125
4693,3024
4693,2851
4694,924
4694,1624
4695,1712
4695,1830
4695,3171
4695,1823
4695,1162
4695,2188
4695,3081
4696,1673
4696,1502
4696,1770
4697,3021
4697,325
4697,1917
4697,757
4698,1525
4698,266
4698,789
4698,3051
4698,2980
4698,939
4699,516
4699,1294
4699,2960
4699,1813
4699,1732
4700,1934
4700,802
4700,1569
4700,1613
4700,2592
4700,2672
4701,194
4701,163
4701,1385
4702,2492
4702,845
4702,321
4702,2054
4702,2798
4702,540
4703,1179
4703,1598
4703,822
4703,1036
4704,2545
4704,646
4704,2206
4704,86
4704,1605
4704,2216
4704,198
4705,2225
4705,1239
4705,2563
4705,513
4705,2626
4705,1461
4705,1021
4705,1519
4705,2322
4706,2370
4706,1626
4706,2680
4707,2850
4707,319
4707,910
4707,3131
4708,1640
4708,2090
4708,2696
4709,2488
4709,1922
4709,1973
4709,3181
4709,2137
4709,435
4710,1959
4710,214
4710,1632
4710,1775
4710,1977
4711,2739
4711,2703
4711,756
4711,895
4711,2637
4711,1009
4711,2622
4711,2385
4712,1138
4712,2293
4712,756
4713,1514
4713,2381
4713,673
4713,1988
4713,2589
4714,2267
4714,1603
4714,1211
4714,67
4714,666
4714,2504
4715,1890
4715,160
4715,1290
4715,1021
4715,878
4715,1014
4716,539
4716,1362
4716,493
4716,139
4716,1919
4716,250
4716,695
4717,1937
4717,925
4717,2211
4717,152
4718,1097
4718,1123
4718,328
4718,1776
4718,3083
4718,859
4718,719
4718,3177
4719,788
4719,1813
4719,1581
4719,518
4719,849
4720,1388
4720,1058
4720,720
4720,2410
4720,814
4721,2591
4721,687
4721,1031
4721,1500
4722,820
4722,1676
4722,2385
4722,1333
4722,1223
4723,694
4723,1210
4723,826
4724,2141
4724,1563
4724,2977
4724,2171
4725,384
4725,2400
4725,706
4725,2208
4725,2194
4726,945
4726,2086
4726,1696
4726,2998
4726,1376
4727,2049
4727,557
4727,1941
4727,2312
4727,878
4727,1588
4728,1884
4728,3156
4728,1911
4728,1272
4728,1652
4728,139
4729,1112
4729,1887
4730,640
4730,321
4730,2557
4730,998
4730,879
4731,1585
4731,2408
4731,1867
4731,222
4731,504
4731,1203
4731,1600
4732,1141
4732,2644
4732,2772
4732,1076
4732,2853
4733,134
4733,2623
4733,1919
4733,2233
4733,661
4734,266
4734,1994
4734,67
4734,1564
4734,945
4734,939
4734,2240
4735,1455
4735,1780
4735,960
4735,1482
4735,2247
4736,1085
4736,585
4736,3021
4736,1159
4737,297
4737,556
4737,2254
4737,1797
4737,573
4738,2622
4738,240
4738,1037
4738,3126
4738,49
4738,904
4739,2634
4739,1867
4739,2564
4739,1014
4739,2254
4739,2830
4740,2905
4740,2911
4740,480
4741,1748
4741,1320
4742,130
4742,2596
4742,1769
4742,67
4742,2793
4743,2451
4743,563
4743,1037
4743,855
4743,2233
4743,748
4743,821
4744,486
4744,2164
4744,518
4744,3085
4745,1292
4745,254
4745,1405
4745,1994
4745,2188
4746,2494
4746,284
4746,1338
4746,803
4747,1305
4747,2126
4748,663
4748,1179
4748,756
4748,784
4748,2133
4749,1837
4749,2378
4749,2469
4749,3126
4750,2802
4750,1115
4750,1490
4750,780
4750,1484
4751,355
4751,2657
4751,1028
4751,1816
4751,1906
4752,2086
4752,1828
4752,471
4753,1276
4753,1037
4753,1334
4753,2218
4754,2846
4754,1575
4754,2446
4754,2635
4754,1351
4755,725
4755,788
4755,1703
4755,792
4755,1581
4756,467
4756,2472
4756,1512
4756,3105
4756,1091
4756,2936
4757,1009
4757,1951
4757,1749
4757,758
4757,2386
4757,864
4758,1797
4758,32
4758,2632
4758,2293
4758,2800
4759,2240
4759,992
4759,802
4759,969
4759,865
4759,1503
4759,1936
4759,722
4760,2591
4760,2003
4760,214
4761,1779
4761,2240
4761,2000
4761,2586
4762,2918
4762,2271
4762,1709
4762,1915
4762,1269
4763,309
4763,969
4763,1207
4763,1637
4763,2671
4763,2240
4764,478
4764,274
4764,2296
4764,992
4764,984
4765,2269
4765,1703
4765,280
4765,2349
4766,438
4766,1338
4766,2593
4766,2862
4766,128
4766,2287
4766,2162
4767,520
4767,877
4767,2005
4767,774
4767,1747
4768,981
4768,2376
4768,1435
4768,2069
4768,2452
4769,2660
4769,2151
4769,2582
4769,1207
4769,1531
4770,1435
4770,2076
4770,471
4770,2912
4770,3162
4771,1640
4771,2771
4771,1260
4771,2300
4771,1370
4771,2481
4772,70
4772,3127
4772,755
4772,3076
4772,303
4772,720
4773,1800
4773,2271
4773,1114
4773,1128
4773,504
4774,249
4774,3010
4774,2684
4774,2590
4774,1125
4775,481
4775,2271
4775,2054
4775,814
4775,1030
4776,2040
4776,2907
4776,560
4776,1541
4777,1703
4777,979
4777,2650
4777,1251
4778,895
4778,588
4778,2081
4778,1049
4778,2396
4778,1646
4778,1021
4778,2477
4779,1832
4779,878
4779,1325
4779,936
4780,1702
4780,693
4780,955
4780,2558
4781,1987
4781,2342
4781,261
4781,1400
4781,983
4782,313
4782,645
4782,393
4782,2424
4782,1009
4782,1181
4782,1683
4782,87
4783,2934
4783,3005
4783,1730
4783,1515
4784,411
4784,2199
4784,2818
4784,1395
4784,334
4784,2595
4784,225
4784,313
4785,839
4785,2916
4785,2188
4785,994
4785,2328
4786,1688
4786,2522
4786,1642
4786,2422
4787,3184
4787,848
4787,1194
4787,974
4787,575
4787,1635
4788,2216
4788,1221
4788,2891
4788,2730
4788,883
4788,2426
4788,1645
4788,135
4789,2560
4789,1575
4789,746
4789,1395
4789,1392
4790,864
4790,1909
4790,874
4790,272
4790,2800
4790,1134
4790,1480
4791,1653
4791,2835
4791,1659
4792,3161
4792,2459
4792,2842
4792,1499
4792,1042
4793,3024
4793,1450
4793,2811
4793,1048
4793,237
4794,2400
4794,2072
4794,1718
4794,672
4794,1377
4795,771
4795,2887
4795,2636
4795,1793
4795,2036
4795,1357
4795,2456
4796,3163
4797,12
4797,1603
4797,441
4797,2676
4797,16
4797,2465
4798,267
4798,924
4798,472
4799,1487
4799,681
4799,394
4799,2796
4799,895
4800,2523
4800,842
4800,2171
4801,1172
4801,487
4801,1802
4801,2675
4801,1031
4802,1451
4802,3113
4802,3022
4802,759
4802,423
4803,2378
4803,720
4803,2614
4803,2090
4804,3146
4804,2479
4804,1519
4804,1495
4804,1667
4804,1676
4804,954
4805,201
4805,214
4805,242
4806,2522
4806,2287
4806,57
4807,1056
4807,1909
4807,1776
4807,1501
4807,267
4807,957
4807,1117
4808,757
4808,1695
4808,2243
4809,20
4809,3093
4809,1524
4809,956
4810,1462
4810,980
4810,593
4810,535
4810,1692
4810,1056
4811,588
4811,815
4811,1055
4812,1048
4812,2095
4812,1975
4812,2842
4812,1171
4812,1180
4812,556
4813,1575
4813,2898
4813,2515
4813,1980
4813,174
4813,2096
4813,765
4813,1625
4813,757
4814,2205
4814,1207
4814,267
4814,845
4814,1044
4814,2625
4814,1030
4815,954
4815,1529
4815,345
4815,1252
4816,717
4816,2790
4816,878
4816,2232
4816,1950
4816,2124
4816,1128
4817,1450
4817,1703
4817,2449
4817,640
4817,463
4817,1270
4818,2058
4818,23
4819,968
4819,2296
4819,1041
4819,2045
4820,2827
4820,2220
4820,254
4820,214
4821,1305
4821,2646
4822,3184
4822,120
4822,2312
4822,1063
4823,463
4823,1637
4823,436
4823,908
4823,2719
4824,972
4824,2190
4824,1027
4824,2990
4824,1493
4825,2850
4825,2456
4825,2247
4825,2623
4825,1301
4826,514
4826,153
4826,212
4826,2176
4826,2024
4826,1821
4827,531
4827,980
4827,2521
4827,711
4827,1420
4828,1652
4828,1939
4828,932
4829,1525
4829,1669
4829,1114
4829,24
4829,2663
4829,1828
4830,1073
4830,3166
4830,1118
4830,2622
4830,67
4830,1564
4830,3009
4830,663
4831,10
4831,2867
4831,1008
4831,2384
4831,1211
4831,2603
4831,1480
4831,2833
4832,2671
4832,477
4832,2534
4833,2325
4833,201
4833,3143
4833,1279
4833,1117
4834,95
4834,941
4834,1205
4834,1131
4834,827
4834,1932
4835,2240
4835,2131
4835,955
4836,1130
4836,2850
4836,611
4836,602
4836,978
4836,2576
4836,647
4837,564
4837,2328
4837,1233
4837,442
4837,1117
4837,1201
4838,2990
4838,3055
4838,2263
4838,1201
4839,1723
4839,1797
4839,2269
4839,993
4839,2996
4839,2704
4839,2880
4839,1127
4840,2392
4840,1579
4840,1581
4840,1528
4840,1943
4840,1933
4840,2302
4841,2063
4841,347
4842,422
4842,2151
4842,724
4842,417
4842,2426
4842,820
4842,1929
4842,2595
4842,101
4843,2254
4843,1575
4843,375
4843,979
4844,1752
4844,809
4844,3080
4844,1078
4845,1499
4845,2370
4845,2135
4845,349
4845,1516
4846,970
4846,987
4846,747
4846,1698
4846,2622
4847,1389
4847,2627
4847,631
4847,2822
4847,1717
4847,31
4848,1835
4848,67
4848,2850
4848,680
4849,25
4849,1088
4849,3051
4849,70
4849,346
4850,1068
4850,2823
4850,0
4850,438
4851,2632
4851,489
4851,1068
4851,2376
4851,1480
4851,984
4851,135
4852,1228
4852,2653
4852,239
4853,2877
4853,1518
4853,1400
4854,1903
4854,2104
4854,960
4855,2426
4855,2456
4855,1668
4856,1733
4856,1932
4856,2409
4856,3128
4856,1834
4856,1235
4856,953
4856,2479
4857,95
4857,2439
4857,606
4857,2363
4857,140
4857,2912
4858,2463
4858,1114
4858,3188
4858,3152
4859,2394
4859,1221
4859,1532
4859,1130
4859,411
4859,3004
4860,2092
4860,2355
4860,203
4860,1034
4860,432
4861,1395
4861,815
4861,2910
4862,1560
4862,3137
4862,792
4862,2739
4862,330
4862,25
4863,2383
4864,3028
4864,954
4864,136
4864,214
4864,2430
4865,408
4865,2859
4865,2811
4865,487
4866,2391
4867,2052
4867,2317
4867,2853
4867,2816
4867,1797
4868,1439
4868,229
4868,671
4868,1690
4868,2092
4868,1626
4869,878
4869,2827
4869,1875
4869,1125
4869,2029
4869,2422
4870,1673
4870,2900
4870,700
4870,139
4870,3093
4870,1945
4871,2937
4871,2409
4871,1367
4872,95
4872,2377
4872,1627
4873,974
4873,3106
4873,3098
4873,250
4874,978
4874,254
4874,954
4874,1984
4875,904
4875,2062
4875,570
4875,237
4875,1971
4875,2960
4876,1752
4876,1280
4876,2394
4876,1073
4876,989
4877,1195
4877,315
4877,1525
4877,397
4877,1336
4877,1776
4877,976
4878,1251
4878,2539
4878,71
4878,1779
4879,813
4879,1248
4879,291
4879,2918
4880,2791
4880,1759
4880,2891
4880,1910
4880,935
4880,2556
4880,1946
4880,1422
4881,2785
4881,1634
4881,1493
4881,1105
4881,1294
4881,895
4882,1004
4882,268
4882,642
4882,2479
4882,746
4882,2599
4882,2068
4883,560
4883,1507
4883,2309
4883,1218
4883,2087
4883,1688
4884,1730
4884,2900
4884,233
4884,1925
4884,1115
4885,2471
4885,1528
4885,2647
4885,2568
4885,198
4886,3041
4886,847
4886,1020
4886,1835
4886,1027
4886,1217
4887,2488
4887,1460
4887,2627
4887,2407
4887,72
4887,1636
4888,2501
4888,2557
4888,1148
4888,1284
4889,2737
4889,1393
4889,2004
4889,1773
4890,826
4890,79
4890,334
4890,540
4891,2104
4891,1737
4891,2194
4891,2368
4892,2502
4892,374
4892,1993
4892,2076
4892,279
4893,1813
4893,3130
4893,949
4893,572
4893,303
4893,941
4894,948
4894,2528
4894,2084
4894,1078
4895,896
4895,99
4895,2536
4895,2488
4896,614
4896,2825
4897,2263
4897,2452
4897,1171
4897,1248
4897,1664
4897,2568
4897,1010
4898,738
4898,2093
4898,878
4898,710
4898,2798
4898,512
4898,2803
4899,387
4899,139
4900,1773
4900,2456
4900,2791
4900,1656
4900,1668
4900,290
4900,314
4901,2271
4901,2708
4901,280
4901,716
4901,2040
4902,2751
4902,1055
4902,2177
4903,711
4903,146
4903,212
4904,2716
4904,2054
4904,2736
4904,2003
4904,565
4905,1784
4905,1389
4905,1627
4905,1577
4906,728
4906,922
4906,2397
4906,2169
4906,2957
4906,687
4906,2875
4906,521
4907,2690
4907,467
4908,2017
4908,952
4908,1821
4908,1886
4908,778
4908,1848
4908,716
4908,308
4909,2304
4909,210
4909,2854
4909,1825
4909,2084
4909,2657
4909,2564
4909,2249
4910,1533
4910,1600
4910,2623
4910,2180
4910,2839
4911,48
4911,1031
4911,2167
4911,2186
4912,1914
4912,3003
4912,2672
4912,374
4912,2162
4912,2216
4913,2509
4913,1768
4913,471
4913,832
4913,506
4913,2647
4914,1404
4914,921
4914,557
4914,2168
4915,757
4915,277
4915,2801
4915,2616
4916,3055
4916,2028
4916,2568
4916,158
4916,856
4916,835
4917,1943
4917,2494
4917,1237
4917,817
4917,1981
4917,1625
4917,1277
4918,2650
4918,2297
4918,222
4918,1392
4918,834
4919,2961
4919,2632
4919,679
4919,2851
4919,1060
4919,2840
4920,1376
4920,1014
4920,1906
4920,248
4920,1048
4921,2201
4921,2381
4921,1250
4921,1385
4921,1733
4921,2041
4921,2569
4922,1425
4922,2573
4922,1458
4922,1397
4922,2646
4923,2616
4923,305
4923,2842
4923,2360
4924,1217
4924,2757
4924,647
4924,960
4924,1252
4924,110
4925,793
4925,2627
4925,792
4925,940
4925,2054
4925,1255
4926,871
4926,1274
4926,2193
4927,2031
4927,336
4927,139
4927,40
4928,3004
4928,2698
4928,1448
4928,2299
4929,2815
4929,2098
4929,3113
4929,2601
4930,637
4930,2546
4930,2498
4930,1605
4930,821
4931,757
4931,2396
4931,1168
4931,2540
4931,971
4932,419
4932,2627
4932,2489
4932,560
4932,1642
4932,845
4933,1575
4933,2429
4933,1734
4933,374
4933,74
4933,2379
4934,1690
4934,1305
4934,948
4934,822
4935,2563
4935,3051
4935,2349
4935,2508
4936,2314
4936,2505
4936,951
4937,895
4937,1718
4937,211
4937,1147
4938,1813
4938,2601
4938,867
4938,2630
4939,2887
4939,1221
4939,1694
4939,2549
4940,815
4940,1520
4940,2327
4940,673
4940,2391
4941,2574
4941,1413
4941,1466
4941,1203
4942,1355
4942,2037
4942,2962
4942,2607
4942,2596
4942,693
4943,746
4943,305
4943,3063
4943,165
4944,2614
4944,907
4944,1362
4944,449
4945,758
4945,153
4945,1989
4945,882
4945,638
4946,3015
4946,2632
4946,1860
4946,2867
4946,910
4946,2772
4946,2254
4946,1915
4946,2713
4947,1679
4947,2843
4947,2498
4947,703
4948,1110
4948,296
4948,2126
4948,1776
4948,2576
4948,1411
4949,2019
4949,2314
4949,2322
4949,986
4949,2409
4949,2151
4950,1082
4950,321
4950,972
4950,1719
4950,3190
4950,433
4951,2212
4951,1959
4951,490
4951,700
4951,645
4951,614
4952,81
4952,1039
4952,1881
4952,1385
4952,751
4952,1915
4953,2058
4953,207
4953,525
4953,1821
4953,2766
4954,2632
4954,600
4954,267
4954,1298
4954,1712
4954,1187
4955,1894
4955,280
4955,2964
4956,248
4956,2111
4956,2487
4956,2906
4956,88
4957,2570
4957,2263
4957,1011
4958,449
4958,1056
4958,43
4958,3127
4958,1638
4958,2426
4959,1199
4959,994
4959,991
4960,1933
4960,1999
4960,1919
4960,2818
4960,1923
4960,2678
4960,979
4960,1664
4960,2709
4961,1027
4961,2989
4961,704
4961,1574
4961,3098
4962,2803
4962,2548
4962,2271
4962,1024
4962,2782
4963,1698
4963,1879
4963,753
4963,1655
4963,1408
4964,408
4964,2664
4964,746
4964,2880
4965,1179
4965,800
4965,950
4965,2385
4965,1553
4966,448
4966,2208
4966,2078
4966,2158
4966,879
4966,1082
4967,1458
4967,399
4967,998
4967,2437
4968,2993
4968,2061
4968,1849
4968,1574
4968,2546
4968,718
4968,213
4969,706
4969,2802
4969,2133
4970,2173
4970,1695
4970,2376
4970,1274
4970,1581
4970,489
4971,845
4971,1148
4971,638
4971,2718
4971,1787
4972,718
4972,2614
4972,213
4972,1851
4973,788
4973,1228
4973,3106
4973,1008
4974,2877
4974,1852
4974,910
4974,1017
4974,1802
4974,2422
4974,1693
4974,2705
4975,2785
4975,2872
4976,1574
4976,2394
4976,1342
4977,735
4977,1705
4978,1748
4978,2835
4978,237
4978,252
4978,1916
4978,3054
4979,2003
4979,1115
4979,3033
4979,2642
4979,1963
4980,2806
4980,2977
4981,2484
4981,1572
4981,2241
4981,2537
4981,1685
4981,1348
4981,838
4982,726
4982,211
4982,1500
4982,879
4982,2095
4982,1219
4983,39
4983,2709
4983,1995
4983,978
4983,2663
4984,873
4984,2954
4984,1952
4984,1096
4984,471
4985,174
4985,631
4985,3060
4985,643
4985,968
4985,1902
4986,1592
4986,1274
4986,384
4986,262
4986,2151
4986,1203
4987,2891
4987,2391
4987,2835
4988,1021
4988,1346
4988,465
4988,594
4988,823
4988,1700
4988,1945
4989,13
4989,2469
4989,2793
4989,2825
4989,782
4990,1863
4990,2151
4990,2557
4990,1780
4990,1697
4990,1499
4990,1510
4990,101
4991,560
4991,2660
4991,3067
4991,2484
4991,4
4991,1050
4992,529
4992,262
4992,2746
4992,950
4992,192
4993,921
4993,2703
4993,2368
4993,1632
4994,524
4994,972
4994,2569
4995,2591
4995,2419
4995,1922
4995,929
4995,2858
4996,2555
4996,160
4996,2620
4996,1029
4997,367
4997,941
4997,2017
4997,2067
4997,2898
4997,3102
4998,1691
4998,560
4998,2428
4998,2398
4998,358
4999,1820
4999,709
4999,1577
4999,1345
4999,2843
4999,179
5000,521
5000,2835
5001,2589
5001,1873
5001,1493
5001,1525
5001,771
5002,816
5002,3113
5002,2404
5002,2240
5002,1324
5003,1649
5003,87
5003,2104
5003,379
5003,706
5003,2498
5003,5
5003,2026
5004,1272
5004,1819
5004,2614
5004,866
5004,1699
5004,1585
5005,1557
5005,711
5005,2772
5005,865
5006,700
5006,2571
5006,3025
5007,2953
5007,2338
5007,1896
5007,1381
5007,2563
5008,2659
5008,2455
5008,43
5008,1708
5008,2209
5009,1605
5009,1257
5010,2850
5010,106
5010,2371
5010,2749
5010,611
5010,838
5011,2650
5011,21
5011,2667
5011,2186
5012,1775
5012,1623
5012,1136
5012,2926
5012,1356
5012,237
5013,953
5013,1734
5013,3065
5013,289
5013,2339
5014,1355
5014,2393
5014,2530
5014,384
5014,2451
5015,487
5015,2642
5015,1510
5015,2473
5015,1337
5016,324
5016,229
5016,3003
5016,2163
5016,2312
5016,1845
5017,512
5017,557
5017,969
5017,457
5018,1131
5018,2183
5018,1761
5018,738
5018,30
5018,205
5019,2173
5019,1629
5019,2163
5019,3169
5019,1719
5019,139
5020,2940
5020,2397
5020,1022
5020,2088
5021,1531
5021,1791
5021,1010
5021,1774
5021,345
5022,2936
5022,2451
5022,1987
5023,758
5023,2028
5023,1097
5024,1943
5024,2801
5024,2
5024,2606
5025,539
5025,2394
5025,2173
5026,485
5026,3181
5026,915
5026,3174
5026,2758
5026,733
5027,2124
5027,120
5027,2211
5027,2838
5027,2797
5028,2484
5028,531
5029,2176
5029,1397
5029,1335
5029,2924
5030,995
5031,697
5031,2613
5031,1821
5031,706
5031,432
5032,1348
5032,1769
5032,1482
5032,1647
5032,676
5032,2589
5032,2617
5033,733
5033,1669
5033,291
5033,1461
5033,1526
5033,922
5033,705
5033,1775
5034,1632
5034,1218
5034,276
5034,2456
5034,2473
5034,299
5034,1658
5034,910
5034,57
5035,838
5035,24
5035,1287
5035,2865
5036,1117
5036,119
5036,910
5036,2488
5036,815
5036,1466
5036,1029
5037,2006
5037,604
5038,2679
5038,3021
5038,268
5038,1331
5038,2476
5038,2358
5038,824
5038,345
5039,10
5039,3000
5039,949
5039,1884
5039,2188
5039,2424
5040,1450
5040,436
5040,268
5040,280
5041,3091
5041,1946
5041,2397
5041,2799
5042,478
5042,2280
5042,667
5042,385
5042,2640
5043,2472
5043,2477
5043,3016
5043,3024
5043,2454
5044,407
5044,472
5044,2961
5044,219
5044,793
5044,1127
5045,1557
5045,139
5045,2254
5045,2966
5045,837
5046,296
5046,1779
5046,2777
5046,2916
5046,24
5047,4
5047,1973
5047,2194
5047,564
5047,2934
5047,2520
5047,2359
5048,1514
5048,280
5048,2102
5048,2568
5048,1296
5048,1523
5049,2574
5049,1132
5049,714
5049,2792
5049,986
5050,1024
5050,1478
5050,2850
5050,2818
5050,308
5050,1451
5050,176
5050,981
5051,2297
5051,864
5051,1769
5051,1753
5052,648
5052,1341
5052,2095
5053,324
5053,828
5053,600
5054,2208
5054,1442
5054,810
5054,384
5054,890
5055,200
5055,2657
5055,472
5055,1375
5056,2963
5056,2784
5056,2487
5056,587
5056,2506
5057,230
5057,2656
5057,249
5058,128
5058,1280
5058,1413
5058,2026
5058,2386
5058,3077
5058,2473
5059,2802
5059,1944
5059,2797
5059,181
5059,714
5059,727
5060,3020
5060,2249
5060,1810
5060,392
5060,661
5060,135
5060,1356
5061,1677
5061,2126
5061,551
5061,1113
5062,2382
5062,938
5062,2660
5062,2563
5062,1457
5062,1115
5062,2311
5063,1667
5063,2544
5063,1931
5064,531
5064,3103
5064,1916
5064,1016
5064,479
5064,1630
5064,1600
5065,2779
5065,1006
5065,1390
5066,1516
5066,1866
5066,1328
5066,1356
5066,2425
5067,524
5067,864
5067,2564
5067,1014
5067,2775
5067,2173
5067,413
5067,372
5067,2624
5068,557
5068,2175
5068,769
5069,2598
5069,538
5069,1630
5069,124
5069,2551
5070,2201
5070,1467
5070,2616
5070,72
5071,844
5071,2635
5071,2996
5071,2324
5071,3166
5071,2184
5072,2497
5072,759
5072,324
5072,447
5073,2830
5073,39
5073,951
5073,1748
5073,816
5074,3105
5074,1919
5074,638
5074,2520
5074,1253
5075,2961
5075,1690
5075,524
5075,2374
5075,814
5076,715
5076,1110
5076,2564
5077,74
5077,2095
5077,1455
5077,2738
5077,2296
5078,3056
5078,1734
5078,1659
5078,101
5078,339
5078,2347
5079,110
5079,1908
5079,1009
5079,3098
5079,952
5079,1513
5080,1813
5080,1732
5080,1485
5080,867
5081,1486
5081,58
5081,2632
5081,389
5081,3112
5082,2426
5082,832
5082,3073
5082,284
5082,1125
5082,407
5083,1314
5083,716
5083,467
5083,861
5083,479
5083,2634
5083,3031
5084,1574
5084,1851
5084,1752
5084,1959
5084,876
5084,718
5084,1067
5085,1011
5085,2027
5085,1328
5085,704
5085,1667
5085,16
5085,2552
5086,28
5086,1732
5086,2647
5086,128
5086,1482
5086,3008
5086,2152
5087,1740
5087,419
5087,2529
5087,1515
5087,434
5088,2267
5088,2473
5088,347
5088,751
5089,1739
5089,211
5090,950
5090,464
5090,128
5090,3093
5091,1844
5091,565
5091,3004
5091,32
5091,2041
5091,3115
5091,1671
5091,3058
5092,719
5092,1004
5092,1123
5092,2392
5092,3041
5093,2684
5093,2247
5093,2772
5093,1765
5093,2906
5093,2790
5094,1780
5094,1276
5094,2865
5094,2030
5094,2553
5095,562
5095,1442
5095,3053
5095,2562
5096,979
5096,3125
5096,2961
5096,879
5096,2684
5096,2049
5097,243
5097,1337
5097,3124
5097,2826
5098,240
5098,1699
5098,2601
5098,2090
5098,2328
5098,2714
5099,882
5099,743
5099,43
5099,587
5099,873
5099,930
5100,827
5100,1011
5100,1356
5100,2189
5100,2219
5100,2452
5100,2287
5101,2632
5101,1326
5102,48
5102,814
5102,1590
5103,2731
5103,2038
5103,2571
5103,1980
5103,1371
5104,1780
5104,317
5104,664
5105,1787
5105,2912
5105,1848
5106,2855
5106,221
5106,2987
5106,1911
5107,614
5107,384
5107,746
5107,1797
5107,909
5108,2797
5108,852
5108,965
5108,401
5109,213
5109,873
5109,452
5109,3
5109,2240
5109,2095
5109,491
5109,1207
5110,870
5110,1724
5110,98
5110,2029
5110,565
5110,1356
5111,123
5111,1431
5111,2133
5111,1694
5111,377
5112,2568
5112,1732
5112,2895
5112,2684
5112,805
5112,2165
5112,2533
5113,518
5113,645
5113,63
5113,2079
5113,1940
5113,1690
5113,2068
5114,2709
5114,2352
5115,1922
5115,1477
5115,1767
5115,2195
5115,2759
5116,1524
5116,1844
5116,2664
5116,2481
5116,2962
5116,404
5116,1671
5117,927
5117,1655
5117,3062
5117,448
5117,2224
5117,374
5117,1396
5118,1919
5118,1885
5118,1905
5119,1727
5119,471
5119,903
5120,1940
5120,1761
5120,1636
5120,2998
5120,2818
5120,1659
5121,2376
5121,2347
5121,1504
5122,2783
5122,1577
5122,2537
5122,2450
5122,1073
5123,3173
5123,2672
5123,2785
5123,3020
5123,2076
5123,2429
5123,2560
5124,262
5124,1732
5124,749
5124,3078
5124,297
5124,834
5124,2815
5125,1310
5125,1568
5125,86
5125,1882
5125,1923
5125,958
5125,339
5126,31
5126,49
5126,3141
5126,1850
5127,296
5127,709
5127,457
5127,1298
5127,214
5127,328
5127,666
5128,2472
5128,432
5128,1899
5128,715
5128,871
5128,649
5129,1307
5129,2839
5129,3183
5129,1935
5130,91
5130,1779
5130,1253
5130,1195
5130,2212
5131,1590
5131,1739
5131,1876
5131,707
5131,211
5131,984
5131,122
5132,1254
5132,545
5132,962
5132,2983
5132,99
5133,728
5133,423
5133,945
5133,1328
5133,856
5133,262
5134,1958
5134,1434
5135,1037
5135,726
5135,1303
5135,3067
5135,72
5135,938
5136,1664
5136,922
5136,3009
5136,1010
5136,2543
5136,1492
5137,1997
5137,297
5137,2698
5138,2771
5138,2271
5138,2125
5138,1195
5138,761
5138,994
5138,2102
5138,199
5139,2047
5139,1106
5139,509
5139,2718
5139,1708
5139,1030
5140,2280
5140,1664
5140,273
5140,681
5140,2759
5141,2271
5141,1702
5141,70
5141,260
5141,832
5141,1769
5141,704
5142,2556
5142,2495
5142,390
5142,2019
5142,2927
5142,1913
5143,2800
5143,2937
5143,75
5143,1819
5143,1906
5143,2778
5144,2750
5144,1298
5144,1442
5144,47
5144,2963
5144,3127
5144,493
5145,1421
5145,3103
5145,2102
5145,3014
5145,1326
5146,2793
5146,1635
5146,638
5146,1010
5146,2240
5147,859
5147,932
5147,2627
5147,384
5147,830
5147,2684
5148,2880
5148,188
5148,1427
5148,153
5149,2719
5149,327
5149,1395
5149,284
5149,1409
5149,1400
5150,2829
5151,2800
5151,762
5151,137
5152,2217
5152,2241
5152,374
5152,1344
5152,1677
5152,1590
5153,2927
5153,1862
5153,2097
5154,2594
5154,2958
5154,2502
5154,3024
5154,284
5154,1429
5155,860
5155,992
5155,771
5155,2427
5155,663
5155,2326
5156,2052
5156,1677
5156,1517
5156,1630
5156,192
5156,1085
5156,736
5156,3004
5157,816
5157,1664
5158,3076
5158,1526
5158,2990
5158,1005
5158,1712
5158,1156
5159,956
5160,758
5160,810
5160,2162
5160,2970
5161,702
5161,905
5161,1169
5161,2946
5161,1748
5161,1870
5161,555
5162,37
5162,3056
5162,1359
5162,2409
5162,1586
5163,2080
5163,1195
5163,2320
5163,2085
5163,1394
5163,2557
5164,482
5164,1479
5164,2981
5165,344
5165,1056
5166,1365
5166,2086
5166,1692
5166,1509
5166,1414
5166,29
5167,2084
5167,214
5167,2549
5167,1632
5168,201
5168,272
5168,1540
5168,1679
5169,3014
5169,2751
5169,1904
5170,63
5170,560
5170,2548
5170,2360
5170,1580
5170,1712
5171,2657
5171,2641
5171,2626
5171,1773
5171,903
5172,1630
5172,2171
5172,1071
5172,1874
5172,2419
5172,172
5172,2686
5172,3125
5173,3110
5173,2758
5173,1530
5173,1820
5174,2349
5174,736
5174,1340
5174,260
5174,448
5175,2817
5175,1329
5175,1204
5175,81
5176,1421
5176,853
5176,608
5176,1695
5176,1943
5176,334
5176,267
5176,2326
5177,32
5177,1067
5177,2157
5177,1577
5177,2473
5178,2815
5178,2729
5179,1907
5179,2003
5179,2007
5179,2478
5180,2026
5180,1590
5180,726
5181,1935
5181,3017
5181,1461
5181,2543
5181,588
5182,1774
5182,2789
5182,1564
5182,2029
5182,714
5182,55
5182,1175
5183,970
5183,1409
5183,1157
5183,2066
5183,2451
5183,1747
5184,827
5184,3017
5184,1042
5184,1623
5184,2799
5185,2981
5185,2148
5185,1585
5185,560
5185,1278
5185,2160
5185,491
5186,722
5186,1203
5186,2831
5186,1844
5187,1820
5187,2866
5187,970
5187,915
5187,1525
5187,799
5187,1006
5188,79
5188,1515
5188,1476
5188,2168
5188,1027
5188,5
5189,2635
5189,409
5189,758
5189,2566
5189,243
5189,227
5190,2086
5190,1514
5190,1206
5190,3003
5190,2530
5191,2574
5191,2160
5191,2703
5191,0
5191,998
5191,760
5191,2490
5192,467
5192,2703
5192,2665
5192,1392
5192,2280
5192,1739
5192,565
5192,1350
5193,631
5193,1832
5193,1767
5193,2824
5193,297
5193,1419
5194,723
5194,1085
5194,2074
5194,1600
5194,3081
5195,69
5195,1915
5195,1823
5195,732
5195,2962
5195,21
5196,180
5196,1855
5196,646
5196,188
5196,2557
5196,204
5197,2399
5197,865
5197,1637
5197,303
5198,2243
5198,3093
5198,1642
5198,1908
5198,1298
5198,2830
5198,701
5198,2778
5199,2100
5199,2811
5199,1813
5199,1849
5199,1244
5199,3187
5199,2358
5200,2617
5200,733
5200,1587
5200,1314
5200,968
5200,397
5200,1274
5200,1290
5201,130
5201,2593
5201,2520
5201,1102
5202,2592
5202,1612
5202,874
5202,426
5202,1991
5203,2898
5203,2
5204,828
5204,2176
5204,2829
5204,1709
5205,565
5205,2589
5205,1671
5205,423
5205,614
5206,3052
5206,2319
5206,2179
5207,1637
5207,2778
5207,230
5207,2918
5207,2191
5207,2058
5207,755
5208,845
5208,2625
5208,192
5208,637
5208,1740
5208,610
5209,1495
5209,1624
5209,412
5209,2589
5209,272
5210,700
5210,2157
5210,1874
5210,1078
5210,165
5210,2302
5211,1768
5211,1039
5211,1462
5211,106
5212,1994
5212,3086
5212,2775
5212,2391
5213,1832
5213,1044
5213,1689
5213,1302
5213,1207
5214,244
5214,879
5214,715
5214,732
5214,1258
5214,1207
5215,861
5215,296
5215,908
5215,3093
5215,1249
5215,879
5216,1151
5216,2619
5216,958
5216,140
5217,2407
5217,1206
5217,3015
5217,738
5217,3143
5217,2736
5218,411
5218,2195
5218,1684
5218,1221
5219,315
5219,665
5219,458
5219,1964
5219,1159
5219,718
5219,980
5220,982
5220,3187
5221,1085
5221,2621
5221,514
5221,3125
5221,357
5221,1730
5222,2426
5222,751
5222,1179
5222,640
5222,3173
5223,1190
5223,1328
5223,2856
5223,1872
5223,2829
5223,552
5223,1128
5224,2397
5224,2286
5224,922
5224,1357
5224,2214
5224,1797
5225,2633
5225,266
5225,3022
5225,2673
5226,1798
5226,2469
5226,2409
5226,95
5226,2059
5226,1742
5226,92
5227,2246
5227,1688
5227,2830
5227,2518
5227,329
5227,1276
5227,1901
5228,520
5228,717
5228,2829
5228,1990
5228,1497
5229,2482
5229,3012
5229,1082
5229,810
5229,3017
5229,2246
5230,2863
5230,2560
5230,832
5230,2083
5231,1603
5231,2041
5231,1571
5232,2961
5232,1733
5232,3156
5233,2659
5233,1078
5233,1039
5233,2709
5234,2146
5234,958
5234,3178
5235,922
5235,637
5235,1222
5235,1462
5236,758
5236,2746
5236,2054
5236,1100
5237,704
5237,824
5237,2271
5237,2553
5237,903
5238,981
5238,2344
5238,2556
5238,2676
5238,2176
5238,1361
5239,521
5239,1535
5239,2194
5239,2490
5239,885
5239,2218
5239,790
5240,640
5240,1233
5240,1095
5240,1867
5241,1219
5241,2827
5241,2381
5241,2160
5241,10
5241,2087
5241,1085
5242,845
5242,1235
5242,1390
5243,1590
5243,73
5243,1963
5244,2771
5244,2050
5244,1173
5244,5
5244,1903
5245,1235
5245,15
5245,2980
5245,788
5246,1637
5246,2247
5246,2675
5246,1340
5246,924
5247,54
5247,2456
5247,3057
5247,458
5247,1273
5247,2857
5247,1791
5247,1219
5247,266
5248,2556
5248,1852
5248,2920
5248,2062
5249,3079
5249,1903
5249,2455
5249,2712
5249,1229
5250,1272
5250,89
5250,2647
5251,1693
5251,2562
5251,433
5251,833
5251,226
5252,1614
5252,2150
5252,99
5252,3061
5253,1291
5253,3086
5253,2145
5253,897
5254,1779
5254,3171
5254,1092
5254,2498
5254,2642
5254,751
5254,2079
5255,1055
5255,380
5255,470
5256,2631
5256,522
5256,409
5256,1619
5256,1567
5257,867
5257,2432
5257,968
5257,146
5257,1813
5258,1594
5258,3177
5258,1940
5258,1920
5259,2518
5259,938
5259,269
5259,1289
5259,1380
5260,2409
5260,471
5260,1106
5260,1575
5260,2515
5260,3009
5260,1562
5261,845
5261,1639
5261,2456
5261,1187
5261,2835
5262,1026
5262,1911
5262,82
5262,193
5262,1431
5262,788
5262,2489
5263,3012
5263,2927
5263,1653
5263,1105
5263,416
5263,1665
5263,514
5264,1479
5264,1696
5265,1344
5265,882
5265,657
5265,3021
5265,965
5266,225
5266,2729
5266,2947
5266,2793
5266,302
5266,2571
5266,1281
5266,1103
5267,571
5267,1812
5267,2349
5268,1683
5268,75
5268,895
5268,1337
5268,815
5268,957
5269,229
5269,1626
5269,1171
5269,2855
5269,3125
5270,1486
5270,744
5270,2225
5270,1532
5270,1598
5271,1333
5271,550
5271,1296
5271,2742
5272,1409
5272,1298
5272,755
5272,2959
5273,2508
5273,434
5273,1742
5273,3026
5274,2843
5274,1581
5274,818
5275,2602
5275,1493
5275,2348
5275,1926
5276,1337
5276,323
5276,951
5276,920
5276,1254
5276,614
5277,387
5277,225
5278,2473
5278,259
5279,2638
5279,1945
5279,1355
5279,339
5280,408
5280,2630
5280,711
5280,2489
5280,1830
5281,1507
5281,963
5281,1813
5281,2711
5281,1732
5281,210
5281,2811
5282,2028
5282,327
5282,470
5282,1335
5282,1838
5282,2982
5282,866
5282,276
5283,700
5283,78
5283,2754
5283,3107
5283,1027
5283,2704
5284,1855
5284,1300
5284,2246
5284,1413
5284,1467
5285,820
5285,1097
5285,291
5285,493
5285,2578
5286,1328
5286,2229
5286,2240
5286,2391
5287,712
5287,1802
5287,2151
5287,2240
5287,969
5287,2915
5288,1636
5288,1263
5288,1076
5288,25
5288,1507
5289,2298
5290,2630
5290,1409
5290,2647
5291,1567
5291,2424
5292,1136
5292,1020
5292,147
5293,1023
5293,1179
5293,3127
5293,982
5294,243
5294,2905
5294,1278
5294,173
5294,905
5294,21
5295,2466
5295,2054
5295,2502
5295,1181
5295,467
5296,2990
5296,2165
5297,1965
5297,2694
5297,2889
5297,1926
5297,2718
5297,2909
5297,753
5298,2267
5298,2641
5298,676
5298,640
5298,2754
5299,1965
5299,1393
5299,725
5299,3050
5299,642
5299,1392
5300,3176
5300,2317
5300,1819
5300,878
5300,2904
5301,552
5301,700
5301,1665
5301,2427
5301,3022
5301,836
5301,1695
5301,1530
5302,720
5302,2090
5302,1058
5302,908
5302,237
5302,508
5302,905
5302,423
5303,1297
5303,2383
5303,32
5304,441
5304,1694
5304,1071
5304,2907
5304,1157
5304,2913
5305,1110
5305,1640
5305,2287
5305,1188
5305,2171
5305,3172
5306,838
5306,260
5306,2827
5306,1379
5307,1095
5307,450
5308,211
5308,29
5308,2326
5309,2797
5309,1748
5309,2297
5309,2661
5309,1973
5310,3147
5310,1820
5311,254
5311,563
5311,31
5311,821
5311,992
5311,185
5311,792
5312,1674
5312,2041
5312,230
5312,1475
5312,1829
5313,737
5313,3059
5313,1389
5313,2105
5314,299
5314,1158
5314,2791
5314,1910
5314,708
5314,1480
5314,2625
5315,2174
5315,908
5315,181
5316,1885
5316,2113
5318,1622
5318,1732
5318,374
5318,1521
5319,314
5319,2709
5319,2557
5319,1237
5319,3086
5319,1619
5320,573
5320,91
5320,1565
5320,2840
5320,1478
5320,3098
5321,2800
5321,749
5321,372
5322,874
5322,850
5322,2964
5322,555
5323,644
5323,622
5323,2539
5323,1855
5324,329
5324,2453
5324,1852
5324,294
5324,2297
5324,994
5325,1735
5325,1980
5325,1355
5325,1811
5325,2789
5326,1017
5326,1926
5326,986
5327,2915
5327,1679
5327,2211
5327,1151
5327,574
5328,2216
5328,100
5328,1222
5328,952
5329,2437
5329,344
5329,2044
5329,116
5330,514
5330,306
5330,2349
5330,121
5330,1159
5330,139
5330,1004
5330,448
5331,2159
5331,1063
5331,1419
5331,2911
5332,1280
5332,2444
5332,818
5333,1614
5333,735
5333,733
5333,2355
5334,3147
5334,2594
5334,958
5334,2917
5334,2822
5334,725
5335,2246
5335,2898
5335,2864
5336,1728
5336,537
5337,1525
5337,266
5337,2999
5337,2214
5337,1325
5337,709
5338,749
5338,1460
5338,527
5338,1014
5338,2878
5339,329
5339,2173
5339,1250
5339,2246
5339,1280
5340,2298
5340,1331
5340,2537
5341,3070
5341,2816
5341,3004
5341,3141
5341,2003
5341,1092
5341,1020
5342,1402
5342,2309
5342,2454
5342,896
5343,404
5343,1195
5343,1407
5343,2765
5343,2459
5343,1568
5343,462
5343,2623
5344,304
5344,832
5344,1117
5344,909
5345,2489
5345,1299
5345,1690
5345,1775
5346,587
5346,989
5346,1257
5346,1713
5346,879
5347,467
5347,2546
5347,2243
5348,1703
5348,1486
5348,828
5348,1916
5348,983
5349,736
5349,1564
5349,17
5349,1865
5350,972
5350,1769
5350,737
5350,1110
5351,2264
5351,2217
5351,597
5351,1664
5351,1911
5351,2880
5352,710
5352,1337
5352,290
5352,2449
5353,528
5353,2911
5353,1021
5353,2532
5353,2866
5354,1026
5354,2482
5354,194
5354,2270
5355,593
5355,756
5355,2816
5355,2739
5355,1000
5355,1511
5355,2578
5356,1047
5356,120
5356,1103
5356,2775
5357,523
5357,1443
5357,1260
5358,1669
5358,140
5358,1513
5358,2029
5359,373
5359,1941
5359,2039
5360,1206
5360,1903
5360,1512
5360,1737
5361,139
5361,947
5361,3012
5362,807
5362,1178
5362,2689
5362,2846
5362,298
5363,1779
5363,3093
5363,950
5363,2603
5363,2900
5363,993
5363,992
5363,322
5363,2754
5364,1195
5364,950
5364,2714
5364,1207
5364,2549
5364,896
5365,1659
5365,2562
5365,2163
5365,1010
5365,1071
5365,2086
5365,1003
5365,1
5366,1325
5366,2308
5366,1408
5366,1499
5366,142
5367,1899
5367,2466
5367,546
5367,1130
5367,2785
5367,198
5367,1138
5368,1287
5368,1305
5368,1862
5368,323
5368,2779
5369,2216
5369,3106
5369,2873
5370,373
5370,1883
5370,1564
5371,1658
5371,713
5371,3131
5371,1971
5372,2042
5372,1777
5372,2804
5372,1919
5372,1631
5372,267
5373,1800
5373,916
5373,845
5373,2855
5373,2918
5373,594
5374,1179
5374,571
5374,1589
5374,155
5374,2779
5375,2519
5375,640
5375,3174
5375,2041
5375,1216
5376,1473
5376,1919
5376,2314
5376,1218
5376,1495
5376,2128
5376,1131
5376,982
5376,1463
5377,1532
5377,460
5377,1403
5377,1666
5378,779
5378,568
5378,1793
5379,2668
5379,1423
5379,2189
5379,743
5379,1627
5379,1421
5380,1095
5380,358
5380,890
5380,640
5380,1028
5381,2041
5381,2560
5381,2666
5381,1524
5382,969
5382,1811
5383,1072
5383,1071
5383,2962
5383,2910
5384,2678
5384,2932
5384,2502
5384,2078
5384,2797
5385,960
5385,1068
5385,1395
5385,2502
5385,204
5385,564
5386,2842
5386,1237
5386,2208
5386,905
5386,2347
5387,1261
5387,172
5387,222
5387,1940
5388,3020
5388,212
5388,1761
5388,1110
5388,878
5388,3080
5389,416
5389,872
5389,2208
5389,1737
5390,922
5390,214
5390,2572
5390,2169
5390,570
5390,1085
5390,1908
5391,69
5391,2078
5391,859
5391,746
5391,706
5391,1696
5392,1099
5392,223
5392,244
5392,2371
5392,2583
5392,1664
5392,1995
5392,1175
5393,1907
5393,1699
5393,1879
5393,1117
5393,905
5394,141
5394,2473
5394,1279
5394,2546
5395,1536
5395,2162
5395,465
5396,2853
5396,225
5396,426
5396,640
5397,2163
5397,2194
5397,3121
5397,1290
5397,856
5397,1147
5397,421
5398,1879
5398,321
5398,1528
5398,2272
5399,879
5399,908
5399,2218
5399,1458
5399,1878
5400,91
5400,1771
5400,557
5400,980
5401,334
5401,551
5401,2632
5401,1691
5401,188
5401,940
5401,2858
5402,1390
5402,2698
5402,2730
5402,165
5402,1765
5402,1067
5403,120
5403,1563
5403,2824
5403,2975
5403,62
5404,963
5404,879
5404,1268
5404,319
5404,1376
5405,2216
5405,1887
5405,1354
5405,2989
5406,540
5406,1462
5406,3105
5406,194
5406,1385
5407,2934
5407,2490
5407,3075
5407,861
5407,99
5408,2198
5408,2079
5408,1
5408,2920
5409,218
5409,2817
5409,560
5409,2970
5410,822
5410,882
5410,2837
5410,2505
5410,1253
5411,922
5411,1147
5411,1724
5411,705
5411,3121
5411,722
5412,765
5412,400
5412,2229
5412,1526
5412,3152
5412,2900
5413,2754
5413,1722
5413,2155
5413,1252
5413,1195
5413,676
5413,1174
5413,1362
5414,2599
5414,2382
5414,569
5414,329
5414,709
5415,2274
5415,3125
5415,1530
5415,165
5415,3147
5416,2505
5416,1281
5416,2873
5416,1450
5416,3021
5416,1276
5416,321
5417,1032
5417,860
5417,2998
5417,3127
5417,675
5418,2095
5418,2240
5418,1637
5418,2779
5419,909
5419,1356
5420,714
5420,2809
5420,1400
5420,1987
5420,897
5420,1411
5420,1940
5421,2418
5421,100
5421,43
5421,725
5421,2396
5422,2006
5422,1800
5423,2546
5423,936
5423,1202
5423,2359
5423,2550
5424,972
5424,101
5424,2097
5424,2563
5424,2145
5424,2280
5424,2914
5424,327
5425,2509
5425,563
5425,2634
5426,1071
5426,663
5426,1292
5426,1420
5426,383
5426,2963
5426,1221
5427,89
5427,298
5427,1122
5427,103
5427,3006
5428,1087
5428,1355
5428,509
5429,397
5429,963
5429,1131
5430,1971
5430,2595
5430,991
5431,732
5431,566
5431,2876
5432,1683
5432,1695
5432,124
5432,961
5433,313
5433,1576
5433,2843
5433,550
5433,2019
5433,993
5434,400
5434,327
5434,1073
5434,822
5434,1742
5434,1732
5435,1376
5435,3089
5435,2467
5435,243
5435,2244
5435,181
5436,565
5436,792
5436,2471
5436,2712
5436,1943
5436,2614
5437,1930
5437,3001
5437,1786
5437,260
5437,2614
5438,328
5438,2625
5438,929
5438,2318
5438,514
5439,860
5439,48
5439,1645
5439,1793
5439,552
5440,778
5440,291
5440,2668
5440,934
5441,3004
5441,2696
5441,2006
5441,1464
5441,348
5441,336
5442,1590
5442,1216
5442,374
5442,2631
5443,557
5443,3151
5443,240
5444,92
5444,99
5444,2589
5444,2633
5444,882
5445,170
5445,1699
5445,1703
5445,3053
5445,892
5446,829
5446,1421
5446,2326
5446,835
5446,2174
5446,294
5446,470
5447,1496
5447,2543
5447,2369
5448,1850
5448,1914
5448,563
5448,1046
5449,1078
5449,467
5449,2699
5449,272
5449,151
5449,2339
5450,2771
5450,3001
5450,968
5450,1965
5451,891
5451,562
5451,110
5451,529
5451,914
5452,2824
5452,3046
5452,1696
5452,1000
5452,1516
5452,139
5453,2790
5453,993
5453,2595
5454,2534
5454,325
5454,127
5454,681
5455,158
5455,2484
5455,1488
5456,2706
5457,2031
5457,614
5458,1732
5458,1836
5459,2176
5459,1690
5459,950
5460,882
5460,1627
5460,140
5460,2875
5461,2606
5461,909
5462,792
5462,1986
5462,1695
5463,2626
5463,2884
5463,742
5464,1973
5464,2385
5464,2714
5464,1270
5464,3103
5464,3169
5464,1734
5465,706
5465,3130
5466,181
5466,2642
5466,2990
5466,1082
5466,45
5467,1298
5467,2384
5467,2010
5467,1395
5468,970
5468,1067
5468,1289
5468,601
5469,2797
5469,214
5469,1684
5469,490
5469,1649
5470,32
5470,170
5470,1617
5470,911
5470,990
5470,2645
5471,560
5471,2857
5471,1056
5471,1290
5471,897
5471,985
5471,328
5471,1717
5471,839
5472,2704
5472,746
5473,1341
5473,1127
5473,1102
5473,1337
5474,2502
5475,1376
5475,676
5475,3052
5475,1343
5475,2907
5476,1753
5476,2848
5476,1356
5476,746
5476,1055
5476,2378
5476,1172
5477,646
5477,391
5477,1331
5477,856
5477,2736
5478,1241
5478,568
5478,1816
5478,1488
5478,1647
5478,1323
5478,781
5479,1490
5479,2926
5479,3093
5480,781
5480,1530
5480,746
5480,3013
5480,2192
5481,1647
5481,2504
5481,870
5482,725
5482,1923
5482,1720
5482,1889
5483,2254
5483,622
5483,1645
5483,1713
5483,934
5483,979
5483,1840
5483,2548
5484,1009
5484,2775
5484,3121
5484,10
5484,825
5485,2990
5485,1658
5485,2160
5485,1417
5486,638
5486,2927
5486,1426
5486,2846
5487,408
5487,1136
5487,2850
5487,2405
5487,1837
5487,722
5487,2348
5488,1013
5488,2959
5488,2801
5488,305
5489,2631
5489,2216
5489,374
5489,1584
5489,2016
5489,168
5490,1411
5490,1276
5490,1235
5490,2987
5491,2240
5491,2928
5491,1683
5491,700
5491,2743
5491,1021
5491,521
5491,1088
5492,2188
5492,810
5492,2080
5492,1933
5492,2
5492,1207
5492,2349
5492,1110
5493,2521
5493,2146
5493,2349
5493,1582
5493,2353
5493,1963
5494,2959
5494,3091
5494,2617
5494,1598
5494,272
5494,1044
5494,2924
5495,2006
5495,2190
5495,746
5495,1371
5495,1797
5496,1859
5496,2862
5496,1354
5496,1043
5497,374
5497,144
5497,1287
5497,1564
5497,272
5497,67
5498,3178
5498,1754
5498,1659
5498,1069
5499,1279
5499,1630
5499,1774
5499,3125
5499,1200
5499,2616
5499,131
5500,565
5500,2793
5500,970
5501,905
5501,1573
5501,3024
5501,3087
5502,2728
5502,2543
5502,1954
5502,3024
5502,1442
5503,2775
5503,10
5503,2522
5503,1324
5503,244
5503,647
5503,2851
5503,2216
5504,32
5504,779
5505,1937
5505,1443
5505,3176
5505,2305
5505,2453
5506,1776
5506,2552
5506,2309
5506,958
5507,1820
5507,2450
5507,812
5507,1179
5507,1879
5507,2097
5507,3097
5508,3130
5508,1820
5508,3057
5508,1127
5509,1331
5509,1048
5509,2216
5509,899
5509,1637
5510,2162
5510,3028
5510,2360
5511,2822
5511,1574
5512,2583
5512,2287
5512,1708
5513,512
5514,2965
5514,1829
5514,1813
5514,1515
5514,3024
5514,2507
5515,1517
5515,565
5515,1389
5515,2728
5515,624
5515,1178
5516,1055
5516,3113
5516,1388
5516,2482
5516,127
5516,2327
5517,834
5517,2758
5518,1045
5518,2855
5518,924
5518,852
5518,2963
5519,471
5519,1055
5519,2037
5519,1667
5520,733
5520,903
5520,467
5520,2628
5520,2209
5520,245
5521,319
5521,393
5521,1576
5522,478
5522,1560
5522,63
5522,178
5522,1279
5522,972
5522,1010
5522,1259
5523,2085
5523,2304
5523,3001
5523,1303
5523,2636
5523,2148
5524,1573
5524,3156
5524,1831
5524,3078
5525,1573
5525,1051
5525,20
5526,2824
5526,1
5526,1901
5526,2038
5527,2507
5527,2530
5527,411
5527,2998
5528,2980
5528,2539
5528,1102
5528,1863
5528,3004
5528,856
5528,1372
5529,1659
5529,1084
5529,62
5529,1863
5529,2823
5529,1830
5529,1858
5529,2198
5530,303
5530,2695
5530,2978
5530,2149
5530,2019
5530,1229
5530,766
5531,2934
5531,3098
5531,1056
5531,1235
5531,1067
5532,3112
5532,2934
5532,1669
5532,1623
5532,140
5532,1311
5533,441
5533,852
5533,1349
5533,2456
5533,141
5534,1911
5534,213
5534,2105
5534,481
5534,3107
5534,1811
5534,205
5535,2353
5535,1908
5535,585
5535,1089
5535,1724
5535,640
5536,1337
5536,2887
5536,3124
5536,3001
5536,732
5537,1534
5537,413
5537,2731
5537,448
5538,759
5538,2606
5538,2934
5538,1451
5538,1341
5539,165
5539,2562
5539,2674
5539,780
5540,1885
5540,2467
5540,361
5540,319
5541,1477
5541,2989
5541,1515
5541,2654
5541,1937
5542,2619
5542,2448
5542,958
5542,1516
5542,2753
5543,947
5543,92
5543,212
5543,1675
5543,932
5544,1937
5544,2802
5544,2182
5544,1908
5544,2209
5545,2124
5545,1510
5545,755
5545,2778
5545,588
5546,2979
5546,2672
5546,2626
5546,244
5547,3172
5547,1461
5547,1519
5547,433
5547,2233
5548,997
5548,930
5548,644
5548,2785
5548,1096
5549,706
5549,2205
5549,3042
5549,959
5549,1644
5549,1072
5549,2584
5549,214
5550,562
5550,313
5550,268
5550,1747
5550,3063
5551,411
5551,1443
5551,1770
5551,2553
5551,2445
5552,2150
5552,74
5552,1303
5552,1120
5552,1276
5552,2631
5553,1450
5553,2914
5553,1732
5553,2622
5553,232
5554,1779
5554,986
5554,1647
5555,279
5555,1659
5555,1248
5555,2208
5555,1481
5555,738
5556,1056
5556,852
5556,692
5556,525
5556,2005
5557,1325
5557,2991
5557,2567
5557,1659
5557,2160
5558,738
5558,2317
5558,2411
5558,1221
5559,2653
5559,1217
5559,1345
5559,930
5559,337
5559,2425
5560,1015
5560,2970
5560,1822
5560,790
5560,1064
5561,637
5561,1645
5561,2632
5561,1665
5561,1221
5561,2409
5562,10
5562,1941
5562,758
5562,3162
5562,2597
5563,892
5563,2801
5563,1480
5563,2909
5563,714
5564,1451
5564,2453
5565,700
5565,67
5565,2194
5565,490
5565,1564
5566,1009
5566,521
5566,299
5566,1467
5566,2194
5567,2872
5567,120
5567,1703
5567,433
5567,2840
5567,2451
5568,994
5568,1367
5568,447
5568,2028
5568,2407
5568,147
5569,146
5569,1776
5569,1233
5569,2325
5570,129
5570,2923
5570,2954
5570,1507
5570,736
5571,597
5571,489
5571,237
5571,796
5572,1493
5572,2543
5572,758
5573,1599
5573,1276
5573,2558
5573,218
5573,2413
5574,1018
5574,352
5574,2654
5574,1393
5575,1298
5575,173
5575,1219
5575,1205
5575,2935
5576,483
5576,199
5577,1594
5577,2341
5577,1477
5577,952
5578,1963
5578,2942
5578,2846
5578,2066
5578,481
5579,2247
5579,128
5579,1517
5579,2964
5579,1516
5579,1737
5579,852
5580,1872
5580,2641
5580,2283
5580,935
5580,186
5581,327
5581,520
5581,2407
5581,676
5581,2577
5582,3008
5582,2383
5582,744
5582,1888
5582,2068
5583,1016
5583,2785
5583,2477
5583,748
5583,338
5583,2356
5584,1765
5584,3068
5584,3028
5584,2176
5584,2271
5585,641
5585,1329
5585,871
5585,793
5585,2542
5585,1014
5585,2775
5585,2480
5586,1490
5586,2846
5586,2584
5586,3052
5586,508
5587,1624
5587,2589
5587,1920
5587,1690
5587,1688
5588,842
5588,73
5588,48
5588,67
5588,3003
5589,1903
5589,2542
5589,1278
5590,3103
5590,1730
5590,536
5590,550
5590,3093
5590,494
5590,1008
5591,2110
5591,248
5592,15
5592,472
5592,3105
5592,1793
5592,1477
5593,20
5593,274
5593,2800
5593,1964
5593,876
5593,2659
5593,225
5594,272
5594,2937
5594,2935
5595,1517
5595,2920
5595,3021
5595,3075
5595,2989
5596,1636
5596,2026
5596,204
5596,2555
5596,3020
5597,1974
5597,68
5597,1375
5598,639
5598,314
5598,2915
5598,263
5598,1842
5599,2278
5599,187
5600,66
5600,2584
5600,465
5600,2654
5600,2577
5601,2058
5601,1573
5601,718
5601,1829
5601,1097
5602,2320
5602,2167
5602,1739
5602,1350
5602,10
5603,1575
5603,1496
5603,1747
5603,2342
5603,2827
5603,3090
5603,1046
5603,1851
5604,2049
5604,2348
5604,1845
5604,2837
5604,845
5605,1982
5605,1245
5605,2985
5605,2622
5605,2444
5605,234
5605,3177
5606,993
5606,1921
5606,2866
5607,211
5607,1333
5607,256
5608,1594
5608,2061
5608,3177
5608,2341
5608,1696
5608,1517
5608,636
5609,1855
5609,2241
5609,1910
5609,2962
5609,2755
5609,3090
5610,2257
5610,986
5610,2019
5610,1608
5610,3103
5611,199
5611,2568
5611,1464
5611,851
5612,873
5612,1626
5612,1866
5612,1159
5613,2376
5613,152
5613,2460
5613,925
5613,2335
5613,947
5614,157
5614,101
5614,1659
5614,2791
5614,3105
5614,1400
5614,59
5614,1881
5615,978
5615,1925
5615,69
5615,2739
5615,1431
5615,266
5615,958
5616,1290
5616,981
5616,2194
5616,313
5616,992
5617,1996
5618,120
5618,2800
5618,2721
5618,1694
5618,1465
5618,2398
5619,2617
5619,1905
5619,2182
5619,856
5620,2446
5620,95
5620,1266
5620,3177
5620,1659
5620,1879
5621,1138
5621,258
5622,1532
5622,2442
5622,2477
5622,349
5622,2157
5623,3124
5623,2003
5623,861
5623,1393
5623,2105
5624,1085
5624,986
5624,2082
5624,1810
5624,1031
5624,2309
5625,1332
5625,1626
5625,1538
5625,219
5625,1093
5625,2578
5626,2596
5626,2124
5626,2502
5626,1143
5626,2466
5626,992
5626,693
5627,2217
5627,1519
5628,3056
5628,522
5628,1178
5628,1278
5629,3073
5629,2195
5629,1127
5629,1594
5629,274
5629,2272
5630,3017
5630,3043
5630,2348
5630,2771
5630,2503
5631,3004
5631,1813
5631,1514
5632,355
5632,217
5632,411
5632,2146
5632,3003
5632,1016
5632,2267
5632,2005
5633,922
5633,1658
5633,2855
5633,3028
5633,2985
5633,1974
5633,1254
5633,3164
5634,32
5634,189
5634,922
5634,472
5634,2807
5635,1068
5635,2161
5635,2851
5635,1637
5635,957
5636,1627
5636,1331
5636,1063
5636,1248
5636,950
5636,2111
5637,1658
5637,237
5637,1011
5638,1211
5638,728
5638,2811
5638,997
5638,751
5638,604
5638,2854
5638,3127
5639,2869
5639,1642
5639,2223
5639,525
5640,976
5640,1515
5640,3004
5640,782
5640,3185
5640,1335
5640,1677
5641,1997
5641,491
5641,67
5641,708
5641,2214
5642,1465
5643,3001
5643,1231
5643,1171
5643,2983
5644,3113
5644,2518
5644,478
5644,2894
5644,900
5644,3021
5644,2859
5645,640
5645,2308
5645,813
5645,1881
5645,1921
5645,2078
5646,312
5646,1039
5646,1574
5646,2563
5646,2835
5646,1810
5647,2216
5647,1683
5647,2016
5647,2370
5647,1566
5648,705
5648,2553
5648,1557
5648,1417
5648,1110
5649,274
5649,2328
5649,1674
5650,742
5650,705
5650,3061
5650,1648
5650,1875
5651,473
5651,498
5651,539
5652,992
5652,1068
5652,588
5652,563
5652,1514
5653,1786
5653,2962
5653,1272
5653,3004
5653,991
5653,3124
5653,820
5654,305
5654,3155
5654,1640
5654,2072
5654,1214
5655,2163
5655,2317
5655,2195
5655,277
5656,1105
5656,2905
5656,767
5656,3021
5657,3006
5657,464
5657,2871
5657,2612
5657,2785
5658,2007
5658,1199
5658,958
5658,142
5658,259
5659,729
5659,2823
5659,2622
5659,1834
5659,328
5659,2456
5660,32
5660,2333
5660,1530
5660,679
5661,272
5661,874
5661,639
5661,604
5661,588
5661,206
5661,1272
5661,1884
5662,584
5662,2766
5662,397
5662,2355
5663,1732
5663,10
5664,1852
5664,1659
5664,990
5664,963
5664,815
5664,2176
5664,2601
5665,881
5665,1648
5666,2789
5666,970
5666,907
5666,718
5666,710
5666,677
5667,1800
5667,3073
5667,2756
5667,2977
5667,1194
5667,1737
5668,2775
5668,459
5668,1618
5668,1451
5668,248
5668,325
5668,2773
5669,2579
5669,824
5669,749
5669,329
5670,739
5670,1696
5670,2038
5670,2590
5670,1381
5671,788
5671,992
5671,2482
5671,631
5672,1998
5672,275
5672,2686
5672,760
5673,2846
5673,1637
5673,3124
5673,2451
5674,146
5674,2817
5674,2832
5674,2624
5674,1216
5675,2990
5675,1103
5676,140
5676,1816
5676,1106
5676,1636
5676,1659
5676,861
5677,20
5677,606
5677,253
5677,3012
5677,751
5677,2256
5677,212
5677,1296
5677,1576
5678,1020
5678,852
5678,259
5679,3125
5679,2547
5680,1533
5680,46
5680,1903
5680,1641
5680,1009
5680,290
5680,1998
5680,1910
5681,2982
5681,2210
5681,1183
5681,189
5681,1107
5681,2173
5682,2559
5682,785
5682,758
5682,2363
5682,2852
5682,3056
5683,367
5683,2797
5683,2626
5683,2078
5683,2921
5684,2635
5684,1219
5684,932
5684,2868
5685,817
5685,2494
5685,1929
5685,1891
5685,1409
5686,2246
5686,950
5686,873
5687,1974
5687,1971
5687,2501
5687,1043
5687,1817
5687,877
5688,1219
5688,1169
5688,3022
5688,458
5688,474
5688,2511
5688,882
5688,2926
5689,2768
5689,438
5689,1599
5689,463
5689,2035
5690,1020
5690,2034
5690,3185
5690,2347
5691,409
5691,857
5691,2493
5691,1147
5692,1775
5692,1056
5692,2079
5692,227
5692,1080
5692,1045
5692,922
5692,1961
5692,1730
5693,2568
5693,820
5693,2140
5693,2613
5693,622
5694,1799
5694,968
5695,1314
5695,1771
5695,243
5695,1524
5695,214
5695,634
5695,3059
5695,2790
5696,2895
5696,206
5696,2159
5696,516
5697,457
5697,1306
5697,1558
5697,3088
5698,299
5698,1143
5698,2518
5698,2626
5698,1904
5698,1218
5698,1027
5699,2473
5699,1971
5699,2708
5699,201
5699,796
5700,817
5700,2564
5700,1457
5700,1523
5700,854
5700,1
5701,305
5701,1886
5701,625
5701,2705
5701,1671
5701,2124
5702,3110
5702,3130
5703,851
5703,2656
5703,478
5703,2182
5704,1767
5704,761
5704,611
5704,385
5705,313
5705,2802
5705,3137
5705,1479
5705,43
5706,1668
5706,3012
5706,766
5706,1991
5706,2045
5707,1813
5707,976
5707,1007
5707,2061
5707,771
5708,905
5708,3128
5708,393
5708,1098
5708,1722
5709,1272
5709,1705
5709,15
5710,1683
5710,2924
5710,536
5710,2708
5711,1110
5711,1097
5711,1250
5711,374
5711,2318
5711,3174
5711,2983
5712,1837
5712,1066
5712,168
5712,908
5712,413
5713,296
5713,2159
5713,1285
5714,2339
5714,3122
5714,2782
5714,2392
5714,1581
5715,2647
5715,447
5715,2140
5715,1719
5715,2906
5716,2818
5716,101
5716,1481
5716,2775
5716,2817
5717,1530
5717,2566
5717,748
5717,1594
5718,260
5718,714
5718,1466
5718,1973
5719,1943
5719,1013
5719,1328
5720,1397
5720,2900
5720,2894
5720,462
5720,1325
5720,2684
5720,2819
5720,465
5721,1769
5721,1636
5721,2887
5721,1703
5721,2446
5721,2747
5721,2907
5722,2477
5722,1989
5722,64
5722,848
5723,803
5723,737
5723,2428
5723,2216
5723,579
5724,1239
5724,2456
5724,2225
5724,2622
5725,2076
5725,1925
5725,1462
5725,3073
5726,2325
5726,2502
5726,1294
5726,789
5726,2793
5726,28
5726,1048
5727,2785
5727,2010
5727,950
5727,669
5727,2489
5728,1018
5728,2216
5728,1642
5728,2674
5728,847
5728,1431
5729,465
5729,2002
5729,950
5729,2699
5729,2049
5729,2593
5730,375
5730,127
5730,2165
5730,1131
5731,715
5731,2772
5731,139
5731,879
5731,448
5731,2384
5731,908
5732,1813
5732,2555
5732,37
5732,0
5732,2589
5733,2800
5733,313
5733,1990
5733,2479
5733,76
5733,3180
5733,2027
5733,520
5734,2607
5734,908
5734,836
5734,1195
5735,2706
5735,1302
5735,2564
5735,2593
5735,3017
5735,804
5736,448
5736,1547
5736,2815
5736,2707
5736,3097
5737,391
5737,200
5737,400
5737,2848
5738,2764
5738,588
5738,1021
5738,2100
5738,3058
5738,1623
5739,1930
5739,572
5739,1324
5739,2709
5739,400
5740,25
5740,2312
5740,1822
5741,1040
5741,761
5741,2312
5742,128
5742,2297
5742,1918
5742,3
5743,2549
5743,2000
5743,1289
5743,186
5743,1623
5744,881
5744,6
5745,2208
5745,3053
5745,2877
5746,1063
5746,2185
5746,1563
5746,1280
5746,2956
5746,732
5747,1296
5747,1852
5747,2489
5747,1521
5747,393
5747,1235
5748,1027
5748,718
5748,1254
5748,8
5748,1940
5749,2751
5749,2393
5749,441
5749,1848
5749,1732
5750,268
5750,1573
5750,490
5750,1601
5750,1484
5751,2216
5751,374
5751,1181
5752,1965
5752,833
5752,557
5752,1860
5753,1665
5753,20
5753,615
5753,1920
5754,1388
5754,2028
5754,1372
5754,882
5754,262
5755,95
5755,2824
5755,334
5756,1016
5756,575
5756,2139
5756,2482
5756,266
5756,3060
5757,815
5757,2232
5757,2473
5757,539
5757,2602
5757,748
5758,408
5758,1229
5758,347
5758,42
5758,574
5759,1222
5759,2694
5759,491
5759,399
5760,2774
5760,2798
5760,733
5760,724
5760,1971
5760,2482
5760,2989
5761,1594
5761,2445
5761,416
5762,980
5762,15
5762,2309
5762,2759
5762,2395
5763,1042
5763,1640
5763,871
5763,2110
5764,2552
5764,7
5764,1125
5764,1573
5764,1537
5765,956
5765,37
5765,2191
5765,1359
5765,1659
5766,714
5766,1987
5766,1161
5766,1392
5766,318
5767,2681
5767,2650
5767,1685
5767,1026
5768,2631
5768,1736
5768,2104
5768,2709
5768,1501
5769,1855
5769,280
5770,3031
5770,2269
5770,1085
5770,98
5770,13
5770,347
5770,488
5771,871
5771,2757
5771,958
5771,1787
5771,1048
5771,3083
5771,1810
5772,747
5772,2880
5773,713
5773,2630
5773,1590
5773,1350
5773,1739
5773,1257
5774,1702
5774,1835
5774,413
5774,2872
5774,2546
5775,3021
5775,1276
5775,991
5775,1644
5775,3087
5775,2267
5775,1522
5776,2492
5776,431
5777,32
5777,1211
5777,192
5778,1759
5778,2190
5778,759
5778,742
5779,225
5779,1525
5779,1366
5779,1699
5780,1939
5780,435
5780,2740
5780,1574
5780,925
5780,1557
5780,2322
5780,1211
5781,2680
5781,467
5781,1223
5781,1625
5781,1737
5781,1765
5782,2571
5782,520
5782,531
5782,254
5782,1345
5782,2374
5783,681
5783,1956
5783,881
5783,1918
5783,289
5784,2989
5784,3059
5784,2083
5784,3147
5784,1021
5784,1800
5785,110
5785,584
5785,816
5785,945
5785,954
5786,1855
5786,821
5786,368
5786,2124
5786,1025
5786,1118
5786,1910
5787,336
5787,2832
5787,1088
5787,3125
5787,909
5788,467
5788,1513
5788,368
5789,1665
5789,882
5789,1779
5790,471
5790,185
5791,584
5791,2765
5791,1819
5791,3113
5791,2076
5792,2738
5792,2233
5792,860
5793,2075
5793,2980
5794,2473
5794,1482
5794,1882
5795,245
5795,777
5795,921
5795,438
5795,2584
5795,2101
5795,63
5796,2917
5796,1228
5796,170
5796,103
5797,2793
5797,589
5797,319
5797,2841
5797,2626
5798,957
5798,2946
5798,187
5798,1195
5799,1393
5799,400
5799,433
5800,1048
5800,2370
5800,1423
5800,1810
5800,1754
5800,904
5801,521
5801,1980
5801,1721
5802,1040
5802,347
5802,1829
5802,1467
5802,855
5802,1708
5802,2349
5803,305
5803,1896
5803,637
5803,1713
5803,187
5803,1002
5803,979
5803,1822
5804,367
5804,955
5804,1334
5804,2359
5804,2197
5804,640
5805,878
5805,369
5805,2124
5805,2934
5805,200
5805,611
5805,1024
5806,1644
5806,3087
5806,1276
5806,968
5806,1902
5806,2325
5807,1869
5807,910
5808,1362
5808,5
5808,1431
5808,391
5809,296
5809,1693
5809,738
5809,821
5809,2551
5810,1759
5810,463
5810,687
5811,1794
5811,2927
5811,1272
5811,1442
5811,3130
5812,727
5812,748
5812,876
5812,1466
5813,1298
5813,1296
5813,2319
5813,895
5813,1963
5813,641
5814,1092
5814,2728
5814,2049
5815,2160
5815,663
5815,227
5815,1833
5815,3090
5815,1866
5816,2634
5816,2766
5816,2314
5816,339
5816,2514
5816,1882
5817,3183
5817,3112
5817,2460
5817,250
5818,2777
5818,1063
5818,2280
5818,871
5819,2082
5819,2400
5819,1908
5819,3059
5819,1048
5820,1517
5820,2191
5820,391
5820,1214
5820,780
5820,2322
5821,2149
5821,2977
5821,259
5821,1574
5821,321
5821,2862
5822,2267
5822,545
5822,2936
5822,13
5822,909
5822,2299
5822,421
5823,79
5823,1452
5823,267
5823,3033
5824,2094
5824,1018
5824,2438
5824,839
5824,756
5824,2297
5825,270
5825,2262
5825,2317
5825,44
5825,952
5825,2280
5826,1276
5826,67
5826,2357
5826,954
5826,1653
5826,2835
5827,1885
5827,260
5827,1105
5827,1519
5828,2227
5828,1250
5828,3166
5829,1097
5829,2467
5829,1842
5829,956
5830,1516
5830,2163
5830,192
5830,520
5830,2961
5830,1862
5830,243
5830,2574
5831,268
5831,101
5831,2796
5831,1499
5831,165
5831,2856
5832,2312
5832,1248
5832,865
5832,1063
5832,2920
5833,87
5833,2386
5833,1173
5833,1078
5834,2656
5834,621
5834,572
5834,1479
5834,2264
5835,2565
5835,1056
5835,1514
5836,1110
5836,1973
5836,402
5836,3103
5836,1280
5837,1007
5837,2099
5837,1423
5837,2631
5837,3157
5837,2208
5837,1366
5838,1737
5838,953
5838,3001
5838,2289
5839,2759
5839,1326
5839,2336
5839,1732
5839,1580
5839,2473
5840,1793
5840,1699
5840,2824
5840,1117
5841,128
5841,3004
5841,2950
5842,426
5842,41
5842,2708
5842,974
5842,604
5842,2244
5843,2194
5843,1484
5843,461
5844,2517
5844,529
5844,1655
5844,867
5845,1851
5845,1334
5845,1780
5846,374
5846,1973
5846,2481
5846,57
5846,2220
5847,972
5847,1499
5847,2557
5847,2206
5847,1708
5847,2934
5847,2798
5848,1987
5848,2326
5848,2981
5849,2254
5849,3041
5849,2867
5849,1011
5849,877
5849,3059
5849,214
5850,520
5850,2407
5850,457
5850,1819
5851,1212
5851,760
5852,2708
5852,2811
5852,2394
5852,1082
5852,2901
5853,1492
5853,1
5853,2721
5853,540
5853,1819
5853,573
5854,20
5854,1218
5854,2349
5854,782
5854,2409
5854,398
5855,1851
5855,2539
5855,621
5855,760
5856,2800
5856,2989
5856,808
5856,290
5856,664
5856,1811
5857,1117
5857,1546
5857,2900
5857,2336
5858,1116
5858,1279
5858,2979
5858,665
5858,533
5858,832
5858,404
5859,3124
5859,2065
5859,2240
5859,840
5859,714
5859,1462
5860,3001
5860,374
5860,2373
5860,729
5860,1919
5860,789
5861,1478
5861,2400
5861,2970
5861,2395
5861,1850
5862,782
5862,622
5862,1576
5862,337
5862,753
5862,20
5862,2446
5863,810
5863,2152
5863,560
5863,1922
5864,2985
5864,2854
5864,1861
5865,749
5865,193
5865,1631
5865,523
5865,1348
5865,1431
5865,2439
5866,2703
5866,10
5866,1009
5866,2775
5866,1620
5866,1640
5867,1849
5867,1620
5867,1266
5868,2019
5868,1385
5868,2363
5868,272
5868,2243
5869,1472
5869,1216
5870,1348
5870,318
5870,421
5870,969
5870,520
5870,1989
5871,1007
5871,1922
5871,1560
5871,1034
5871,259
5872,1929
5872,633
5872,1571
5872,1482
5872,880
5873,1530
5873,1290
5873,134
5873,2071
5873,2036
5873,2176
5874,204
5874,272
5874,1572
5874,815
5875,2601
5875,2832
5875,2926
5875,556
5876,2855
5876,48
5877,2627
5877,2421
5877,2054
5878,2936
5878,1637
5878,711
5878,2664
5878,2999
5878,1812
5878,1135
5878,1084
5879,1027
5879,2553
5880,3068
5880,2588
5880,1971
5880,2044
5880,2379
5881,1591
5881,1528
5881,2864
5881,746
5882,498
5882,1096
5882,1829
5882,2466
5882,2778
5882,2342
5882,918
5883,1415
5883,2474
5884,392
5884,991
5884,3075
5884,1907
5884,2838
5884,34
5884,2551
5885,1699
5885,820
5885,3002
5885,1244
5885,2453
5885,203
5886,228
5886,1467
5886,2855
5886,423
5886,3054
5886,224
5886,647
5887,539
5887,1623
5887,2157
5887,1272
5887,1571
5888,266
5888,1517
5888,1272
5888,3147
5888,1586
5888,2501
5888,2508
5889,2775
5889,1829
5889,2415
5889,2373
5889,2461
5889,2602
5889,2953
5890,748
5890,751
5890,480
5890,2134
5890,1058
5890,1657
5890,1703
5890,334
5891,862
5891,2504
5891,2133
5891,1399
5892,2705
5892,609
5892,664
5892,2999
5892,1971
5892,2353
5893,214
5893,2408
5893,2468
5893,2933
5893,871
5894,1658
5894,1538
5894,2567
5894,1056
5895,1320
5895,803
5895,1881
5895,2537
5895,1024
5895,730
5895,2751
5895,1105
5896,467
5896,1091
5896,450
5896,2595
5896,2397
5896,1690
5896,2482
5897,2209
5897,1832
5897,2848
5897,1512
5898,1105
5898,214
5898,1524
5898,1162
5898,2093
5898,2721
5898,1320
5899,3113
5899,1346
5899,1684
5900,3081
5900,448
5900,2981
5900,585
5900,2176
5901,2721
5901,811
5901,262
5901,3008
5902,1421
5902,1785
5903,1002
5903,2716
5903,1730
5903,1073
5904,2593
5904,2924
5905,2353
5905,2163
5905,1331
5905,728
5906,2385
5906,958
5906,814
5906,3123
5906,1419
5906,2865
5906,1736
5906,2982
5906,1829
5907,2862
5907,2297
5907,1876
5907,2033
5907,128
5907,212
5907,729
5908,2791
5908,3150
5908,2849
5908,947
5908,2754
5908,371
5908,877
5909,3183
5909,1025
5909,821
5909,987
5909,865
5910,878
5910,2445
5910,709
5910,137
5910,1290
5911,2656
5911,101
5911,379
5911,2114
5911,272
5911,2126
5912,2140
5912,3028
5912,2555
5912,1020
5912,2037
5913,333
5913,301
5913,560
5913,2858
5913,67
5913,2396
5914,1294
5914,769
5914,2729
5914,2793
5914,2779
5914,1919
5915,1659
5915,2698
5915,1547
5915,1003
5915,1620
5916,1932
5916,1917
5917,1478
5917,1127
5917,823
5917,198
5917,697
5917,2248
5918,1397
5918,435
5918,2585
5918,535
5919,1882
5919,86
5919,2069
5919,714
5919,2257
5919,2912
5919,2076
5920,1974
5920,2622
5920,374
5920,1131
5921,1732
5921,2044
5921,19
5922,1624
5922,1142
5922,2826
5922,903
5922,2469
5922,963
5922,909
5923,852
5923,2446
5923,374
5923,1839
5924,185
5924,1957
5924,2066
5924,2373
5925,556
5925,3187
5925,2981
5925,3004
5925,2100
5926,998
5926,2811
5926,640
5926,2753
5926,908
5926,3130
5927,805
5927,2140
5927,37
5927,2442
5927,681
5927,2715
5927,2585
5928,540
5928,2866
5928,950
5928,1780
5928,2569
5928,2754
5928,1890
5928,2460
5929,1661
5929,826
5929,2802
5930,32
5930,1457
5930,2254
5930,2975
5930,2386
5930,2985
5931,1479
5931,1376
5931,2248
5931,1138
5931,1821
5931,1014
5932,2473
5932,2078
5932,256
5932,144
5932,334
5933,1719
5933,2100
5933,2924
5933,622
5934,1978
5934,1780
5934,2439
5934,2466
5934,1348
5934,3180
5934,1169
5935,2355
5935,746
5935,2851
5936,1388
5936,1832
5936,3004
5936,3135
5936,2922
5937,1573
5937,2629
5937,1671
5937,1532
5937,1024
5938,1612
5938,199
5938,2519
5938,957
5938,1683
5938,1314
5939,3181
5939,1298
5939,84
5939,1964
5939,1941
5939,1451
5940,2670
5940,1867
5940,2246
5940,147
5941,1755
5941,2293
5941,1573
5941,1355
5941,1735
5942,3004
5942,895
5942,2032
5942,2396
5942,2766
5942,1876
5942,2950
5943,1514
5943,1147
5943,2473
5943,945
5944,870
5944,2372
5944,1465
5944,786
5944,2551
5944,2466
5945,2084
5945,2614
5945,755
5945,2590
5945,2577
5946,921
5946,2508
5946,2138
5946,2556
5947,1014
5947,2444
5947,2092
5947,1138
5947,1840
5948,2862
5948,1042
5948,721
5948,763
5948,871
5949,710
5949,758
5949,2096
5949,174
5949,1052
5949,2749
