u,i
1,2791
2,1674
2,838
3,2377
3,947
3,2980
3,986
3,1519
3,944
3,960
6,604
6,1797
6,1618
6,1272
6,142
6,1867
6,416
6,1724
6,2347
6,252
6,1278
6,838
8,1086
8,848
8,1348
8,276
8,1195
8,260
8,2326
8,533
8,2297
8,1009
8,870
8,24
8,1331
8,959
8,48
8,1840
8,1294
8,467
8,2037
8,34
8,1844
10,848
10,1195
10,498
10,43
10,1844
10,1713
17,822
17,1637
17,1646
17,1235
17,823
17,636
17,826
17,816
17,1658
17,818
17,1642
17,1649
21,2026
21,2027
21,2407
21,1211
21,1676
21,480
21,1099
21,2980
21,2347
21,2981
21,945
21,1487
21,2979
21,518
21,961
21,172
21,535
21,946
22,860
22,1117
22,2349
22,2704
22,2594
22,2481
22,1029
22,2753
22,2840
22,2775
23,1211
23,1084
23,274
23,1097
23,1326
23,1664
23,1905
25,715
25,1000
25,1011
25,1742
25,958
25,761
25,756
25,710
25,736
25,996
25,728
27,2374
32,2455
32,2349
32,1314
32,2594
32,2862
34,2623
34,2455
34,2349
34,1195
34,2704
34,2775
36,525
36,296
36,204
36,478
36,2140
36,6
36,666
36,1460
36,214
36,314
36,2007
36,44
36,589
37,874
37,2225
37,2173
37,2036
37,2003
37,2297
37,2163
37,2150
37,2567
37,193
37,638
37,2419
37,2168
37,2079
37,2183
37,2178
37,2385
40,2026
40,2027
40,2407
40,2841
40,1211
40,2131
40,1664
40,1571
40,1101
40,1326
40,1099
40,984
40,1583
40,274
40,2347
40,1829
40,2980
40,2393
40,2979
40,1905
40,286
40,1096
40,2110
40,535
40,1100
40,946
41,2225
41,2167
41,2150
41,2159
41,1478
41,1203
41,2257
42,822
42,1637
42,1646
43,666
43,6
43,1081
43,308
43,579
44,1539
44,1960
44,1554
44,1541
44,1548
44,2440
44,1542
44,1535
44,1666
44,2973
44,2436
46,1009
46,400
46,956
46,942
52,2821
52,715
52,1038
52,1000
52,1820
52,2706
52,2302
54,1086
54,260
54,256
54,870
54,2326
54,48
54,1793
54,876
54,1361
56,1084
56,1211
56,2841
56,2407
56,2027
56,984
56,730
56,2347
56,480
56,1326
56,1099
56,829
56,2980
56,2393
56,1583
56,952
56,1035
56,2793
56,2981
56,961
56,945
56,1487
56,900
56,2979
56,946
56,2110
56,535
56,2058
57,720
57,705
57,852
57,2371
62,604
62,1484
62,1095
62,1867
62,252
62,2626
62,1483
62,2514
62,1228
62,379
64,1504
70,1326
70,310
70,1114
70,1724
70,961
72,98
72,135
72,636
72,1346
72,1868
72,1648
72,1641
72,1619
78,1510
78,982
78,958
78,998
78,927
78,2536
81,961
84,2415
84,2413
85,883
85,1510
85,2790
85,991
85,1020
85,953
85,715
85,2821
85,2791
85,1517
85,718
85,2589
85,1515
85,882
90,1019
90,1035
90,520
93,1348
93,2481
93,1046
93,2703
93,467
93,976
93,1840
94,1510
94,865
94,715
94,2551
94,2821
94,1000
94,998
94,716
94,958
94,1504
94,760
94,2589
94,755
94,2451
94,756
100,1797
100,639
101,2601
101,2425
101,2283
101,2081
101,2174
101,1991
102,2413
102,2411
102,2374
102,2445
103,705
103,721
104,883
104,1510
104,865
104,2502
104,2584
104,2790
104,953
104,2551
104,2791
104,950
104,998
104,1517
104,958
104,760
104,1515
104,755
107,1361
107,849
107,15
107,1173
108,260
108,1085
108,789
108,2471
108,1456
108,1294
108,1481
108,1290
109,822
109,815
109,524
109,816
109,817
109,1580
111,822
111,815
111,1655
111,1661
111,816
115,9
115,337
115,1356
115,1035
118,2088
118,1064
118,535
118,1490
119,604
119,1019
119,1272
119,1095
119,829
119,1674
119,1618
119,9
119,1797
119,1484
119,518
119,2413
119,416
119,2415
119,310
119,2626
119,984
119,1356
119,1748
119,2377
119,881
119,140
119,1915
119,2058
119,5
119,1564
126,1095
126,1618
126,142
126,1800
126,2439
126,837
126,248
128,1291
128,474
128,1354
128,391
128,789
128,876
128,266
128,631
128,498
128,1024
129,2728
129,2247
136,945
139,1475
139,321
139,826
142,874
142,2036
142,2173
142,1993
142,2165
142,1848
142,2065
142,193
143,720
143,2052
143,1639
143,821
143,705
144,604
144,1095
144,1272
144,1797
144,829
144,1484
144,142
144,1867
144,1800
144,416
144,2626
144,2439
144,633
144,337
144,140
144,1356
144,252
144,5
144,334
144,1241
146,256
146,2326
146,48
146,533
146,493
146,870
146,5
146,2439
146,1173
146,416
146,959
147,1291
147,260
147,456
147,294
147,1085
147,24
147,876
147,1354
147,1328
147,2342
147,1840
147,1348
147,299
147,2297
147,832
147,1290
147,203
147,2079
147,1458
149,95
151,874
151,2225
151,2173
151,2036
151,2168
151,2284
151,2003
151,1993
151,638
151,2165
151,2065
151,193
151,2219
153,525
153,296
153,2140
153,677
156,2225
156,2078
156,1478
156,2216
156,2318
156,2257
156,2081
156,2219
157,974
157,2821
157,1043
157,2551
157,932
157,2753
157,2497
157,976
157,1517
157,876
157,832
158,1797
158,9
158,140
159,140
161,2878
161,2133
161,1490
165,1793
169,2496
169,3005
169,1011
169,709
169,1742
169,958
169,996
169,2961
169,728
172,2455
172,2594
172,2862
172,2346
172,1702
172,2494
172,1883
172,1821
172,1001
172,1935
172,2840
172,1692
172,1670
172,1041
174,2052
174,2371
174,744
174,823
175,2481
177,5
177,493
177,1748
177,248
178,2623
178,848
180,822
180,815
180,1646
180,1639
180,522
180,524
180,1658
180,823
180,523
180,636
180,816
180,1580
186,1117
186,2594
186,2753
186,1032
186,974
188,848
188,1348
188,1086
188,2326
188,1331
188,1009
188,260
188,521
188,533
188,870
188,48
188,493
188,1173
188,959
188,1116
188,1590
188,631
188,2775
188,1393
188,5
188,99
188,1085
189,975
194,1976
199,1323
199,648
200,604
200,306
200,1272
200,252
200,1674
200,1483
200,838
201,1000
204,1677
204,1127
204,1078
204,1056
204,1560
204,2437
204,1717
204,1002
205,1797
205,1484
205,639
205,252
205,435
205,1109
205,87
205,838
205,1228
208,525
208,1936
208,1237
208,478
208,296
208,411
208,2140
208,6
208,1997
208,384
208,441
208,1389
208,833
208,314
208,10
210,274
210,633
211,1038
213,2225
213,2216
215,1623
215,1117
215,860
215,2753
215,1032
215,1840
218,1483
219,2349
219,1776
220,876
220,498
221,1117
221,860
221,2455
221,2349
221,2753
221,2594
221,1051
221,1314
221,2862
221,1032
221,2346
221,1971
221,2840
221,2703
221,2256
221,1776
221,976
221,1523
222,2167
222,2601
222,2150
222,2003
222,2342
222,2036
222,2168
222,2165
222,193
222,2065
222,2194
222,1848
222,2153
222,2590
222,2419
222,2218
222,2078
222,1945
222,2283
222,2171
222,2079
222,2284
222,1851
222,2151
223,3020
226,1099
226,730
226,480
226,2393
226,956
226,952
226,961
228,1639
228,1512
228,705
228,46
231,1086
231,276
231,1348
231,256
231,959
231,467
231,521
231,1590
231,32
231,878
231,1014
232,1936
232,1237
232,478
232,1464
232,144
232,516
232,2140
232,441
232,2617
232,604
232,6
232,384
232,677
232,337
232,2629
232,306
232,1116
233,932
233,1037
234,1051
234,1085
234,1009
234,299
234,932
234,1776
234,718
236,2027
236,1045
236,730
236,2131
236,480
236,1829
236,945
236,2980
236,2979
236,2878
237,2623
237,1179
238,1117
238,1811
238,2704
238,1051
238,2623
238,861
238,905
238,1009
238,1032
238,1195
238,1159
239,1936
239,192
239,478
239,6
239,930
239,645
239,1329
239,10
240,997
240,2793
240,2133
244,1314
244,2349
244,829
244,604
244,1035
244,2775
254,1291
254,789
254,1085
254,1811
254,294
254,1086
254,1354
254,34
254,256
254,24
254,533
254,876
254,1361
254,43
254,875
255,604
255,9
255,1797
255,1095
255,1019
255,1484
255,829
255,1618
255,1674
255,142
255,310
255,639
255,1800
255,1724
255,87
255,252
255,1109
255,1326
255,1035
255,1278
255,1915
255,837
256,1086
256,1811
256,1348
256,260
256,1117
256,860
256,256
256,2623
256,2753
256,631
256,1195
256,2326
256,2349
256,959
256,1046
256,1085
256,876
256,34
256,1793
256,1294
256,2256
256,974
256,1173
256,48
256,521
256,294
256,1361
256,467
256,1291
256,1032
257,1664
257,1905
257,1100
258,1117
258,1032
258,1195
258,1294
258,1776
259,1096
260,2052
260,720
260,821
260,1512
260,828
260,2953
263,1464
263,144
263,1460
263,119
263,2629
263,180
263,531
266,1747
266,1719
266,1035
267,2003
267,638
267,2163
267,193
269,874
269,2173
269,2036
269,2150
269,2167
269,1828
269,2003
269,1945
269,2171
269,2065
269,2409
269,1851
272,276
272,1348
272,1009
272,24
272,521
273,1539
273,2016
273,1075
273,1677
273,1554
273,1547
273,2437
273,2306
273,2041
273,1078
273,1679
273,1706
273,2115
273,1680
273,1967
273,1074
273,1548
273,1073
273,285
273,2124
273,2235
273,2332
273,901
273,2440
273,1562
273,2119
273,1058
273,2973
273,1060
273,2236
273,3095
275,715
275,716
275,761
275,2821
275,1000
275,757
276,1291
277,416
281,533
281,256
281,24
281,959
281,1195
281,1793
281,521
281,1009
281,2256
281,48
282,2342
282,259
282,1828
282,2151
282,201
282,1851
284,3005
284,2961
292,1510
292,2502
292,953
292,729
292,718
292,998
292,982
292,1000
292,716
292,100
296,1009
296,276
296,2326
296,1348
296,1793
296,521
296,400
296,1272
296,2297
296,2218
296,1590
296,533
296,48
296,1393
296,32
297,2623
297,1195
297,1009
297,2037
302,883
302,865
302,2790
302,715
302,2584
302,2551
302,991
302,953
302,982
302,3005
302,1011
302,729
302,1000
302,716
302,2791
302,998
302,950
302,958
302,1504
302,1517
302,2764
302,710
302,760
302,996
302,2589
302,755
302,2451
302,1515
302,756
302,882
302,1004
302,2536
302,761
303,974
303,1117
303,860
303,1032
303,953
303,991
303,1623
303,2349
303,861
303,905
303,679
303,2840
304,604
304,1272
304,1095
304,1211
304,1800
304,416
304,1035
304,984
304,1867
304,2439
304,2841
304,2347
304,2626
304,5
304,956
304,633
304,942
304,1326
304,1241
304,1099
304,1248
309,865
309,2502
309,953
309,2791
309,709
309,1504
309,710
309,760
309,1515
309,882
311,2027
311,1045
311,1583
311,2448
311,1097
311,1829
312,974
312,1020
312,953
312,976
312,2706
312,979
314,1086
314,1811
314,260
314,1348
314,1085
314,456
314,2630
314,1328
320,1936
320,1165
320,1237
320,296
320,1460
320,1997
321,1117
321,860
321,2455
321,2349
321,896
321,1051
321,1038
321,2346
321,2949
321,976
321,1314
321,2862
321,1971
321,2840
321,2728
321,1776
322,982
323,604
323,1797
323,9
323,140
323,838
326,260
326,1671
326,417
326,24
328,705
331,274
331,286
331,1905
333,604
333,478
333,1936
333,337
333,1272
333,516
333,645
333,384
333,1569
333,400
333,1464
333,2140
333,2626
333,296
334,2551
334,2497
334,2630
334,932
337,1019
337,1674
344,1348
344,1086
344,2326
344,48
344,521
344,986
344,533
344,947
344,99
344,400
344,956
344,942
344,829
344,1519
344,944
344,1748
344,1046
344,984
344,871
344,45
344,968
344,225
344,1035
344,959
345,604
345,1797
345,1095
345,1867
345,337
345,1356
345,1569
354,2027
354,2841
354,1583
354,1829
354,2981
354,2393
358,2847
360,180
360,1422
362,852
362,1582
362,2946
362,721
362,1044
364,1702
365,2225
365,2150
365,2167
365,638
365,2036
365,2183
365,1993
365,2078
365,2163
365,2216
365,2284
365,2567
365,2159
365,2065
365,1478
365,2066
365,1203
365,2297
365,1907
365,2257
365,2219
365,2409
365,1906
365,2425
365,2059
366,848
366,2623
366,1117
366,498
366,1159
366,1195
366,1623
366,1009
366,861
366,305
366,1294
366,1456
366,905
366,203
366,876
366,2419
366,2701
366,1032
366,1907
367,1483
367,252
367,274
368,1095
368,1019
368,1797
368,1484
368,1272
368,829
368,142
368,1211
368,1800
368,306
368,518
368,2626
368,416
368,2841
368,1035
368,2347
368,633
368,1724
368,1356
368,984
368,140
368,252
368,87
368,1483
368,881
368,435
368,520
368,1241
368,5
368,334
368,2058
368,838
369,2825
369,527
370,24
370,1348
370,631
370,1354
370,256
370,1082
370,1258
371,2225
371,2078
371,2601
371,2173
371,2590
371,2168
371,2081
371,1945
371,2151
371,1848
371,2167
371,79
371,1851
372,905
372,1117
374,720
375,2455
381,498
381,152
381,1804
383,1773
383,1830
383,2346
385,1547
385,1078
385,2437
385,605
385,1005
385,1535
387,848
387,860
387,2349
387,1117
387,1883
388,3005
389,1724
389,379
390,95
390,2150
390,2167
390,2003
390,638
391,1840
391,305
392,1272
392,1019
392,829
392,1035
392,2413
392,1748
392,984
392,956
392,2377
392,1519
392,400
392,942
392,986
392,99
392,881
392,225
393,848
393,493
393,5
393,1811
393,2037
395,2349
395,1702
395,2775
395,1001
395,1533
397,848
397,1811
397,860
397,1117
397,498
397,2623
397,305
397,2704
397,2594
397,2349
397,2471
397,2753
397,1195
397,1032
397,2840
397,1456
398,604
398,1095
398,1484
398,142
398,1356
398,1565
401,1793
401,1046
401,2481
404,1086
404,848
404,1348
404,2623
404,1195
404,256
404,2349
404,2326
404,533
404,1793
404,870
404,521
404,48
404,1173
404,959
404,45
404,2594
404,2256
404,631
404,493
407,1051
408,1348
408,2481
408,1331
408,1793
408,2703
408,1085
411,874
411,2036
411,2165
411,1848
411,2168
411,2153
411,2590
411,2065
411,1945
411,2284
413,604
413,1095
413,1484
413,1867
413,306
413,2626
413,416
413,252
413,1260
413,838
417,2448
419,1677
419,1557
419,1078
419,1560
419,2306
419,1056
419,1073
419,2118
420,1117
420,860
420,1038
420,979
420,2349
420,2455
420,2346
420,2594
420,2840
420,1971
420,848
422,3177
425,1936
425,525
425,666
425,6
425,2140
425,478
425,721
426,1084
426,1211
426,1664
426,1097
426,2393
426,1248
426,956
426,1583
426,2058
427,192
427,6
430,2413
432,2708
432,2825
432,2352
432,1027
433,1206
433,188
436,2026
436,2027
436,1101
436,1829
436,900
436,1114
437,2455
437,1314
437,2349
437,848
437,2594
437,905
437,2704
437,1029
437,1195
437,2494
437,1009
437,1051
437,1046
437,1623
437,256
437,2775
437,2840
437,1821
437,1001
437,1708
437,2728
437,1533
437,2326
437,1032
437,1159
437,2256
440,1905
443,2153
443,2036
443,2171
443,2066
443,2425
443,2318
444,1075
444,1547
444,1677
444,2306
444,1557
444,1005
444,1073
444,3002
444,1810
445,1020
445,953
445,2821
445,2791
445,1517
445,949
446,883
446,865
446,2502
446,2790
446,2584
446,991
446,982
446,2496
446,729
446,2791
446,998
446,1517
446,718
446,1504
446,760
446,2589
446,882
446,755
448,860
448,1117
448,2349
448,1032
448,861
448,905
448,1623
448,1038
448,896
448,533
448,725
448,679
448,2949
448,2728
449,987
450,711
450,716
450,715
450,761
450,757
450,2451
450,2504
451,718
451,1590
452,848
452,256
452,2349
452,45
452,1117
452,870
452,2862
452,48
452,2594
452,959
452,24
452,631
457,2841
457,2347
457,1101
457,1664
457,1099
457,274
457,1097
457,1248
457,956
457,633
457,1114
457,286
458,2302
462,1936
462,1237
462,478
462,6
462,516
462,1422
462,2629
465,822
465,1637
465,720
465,1640
465,1646
465,1639
465,823
465,744
465,1658
465,98
465,821
465,1642
465,2953
467,730
467,480
467,952
467,2793
467,2393
467,1487
467,1676
467,945
467,1572
467,997
470,1674
472,604
472,1019
472,1095
472,829
472,1674
472,1618
472,142
472,1800
472,306
472,2626
472,416
472,2415
472,2413
472,1035
472,2347
472,1356
472,984
472,435
472,1915
472,334
472,1748
472,1278
474,1046
481,1811
481,1294
481,203
490,1084
490,1101
490,956
491,518
491,1114
491,1724
491,2058
493,1510
493,953
493,729
493,718
493,998
493,2496
493,1517
493,975
493,958
494,1936
494,525
494,478
494,1237
494,6
495,705
495,1646
495,1637
495,822
495,1639
495,815
495,1655
496,828
496,121
500,2347
501,2150
501,2601
501,2168
501,2284
501,2078
501,2066
501,1478
501,2159
501,1203
501,2283
501,2178
501,1945
501,2081
501,2318
501,2425
501,2184
503,2026
503,2027
503,2407
503,2841
503,1571
503,1664
503,480
503,1101
503,1676
503,1099
503,984
503,945
503,2980
503,2448
503,2981
503,2393
503,2979
503,900
503,535
503,172
503,2878
510,266
510,1024
513,16
515,1640
516,2708
518,1020
518,1038
518,715
518,1032
518,1820
518,979
518,1036
518,2302
518,1000
518,716
518,1117
518,2706
518,860
518,2949
519,24
519,876
519,892
519,15
523,1936
523,1165
523,1237
523,204
523,192
523,478
523,1460
523,2140
523,6
523,180
523,1422
523,119
523,531
523,1998
523,441
523,2629
523,1855
523,217
524,865
524,974
524,2790
524,953
524,729
524,982
524,950
524,1517
524,725
524,994
525,2407
525,2027
525,1664
525,480
525,984
525,1676
525,2980
525,2393
525,952
525,2981
525,945
525,2979
525,1487
527,1530
527,945
528,946
528,960
528,961
530,2194
530,1848
530,2601
530,1828
530,2590
530,1524
530,2409
530,1945
530,1575
530,2151
531,900
532,3005
532,998
532,1517
532,1504
532,2589
532,755
532,927
534,2415
534,2413
534,2411
536,1475
536,517
536,822
536,1637
536,1646
536,636
536,2728
536,1642
536,2521
546,932
546,976
546,1773
546,34
546,832
546,1051
546,1037
546,2630
549,2173
549,1848
549,2601
549,2342
549,2590
549,2168
549,1828
549,2165
549,2284
549,259
549,1945
549,201
549,1524
549,2151
549,1851
551,1637
551,815
551,1646
552,2026
552,1211
552,1045
552,1571
552,480
552,1676
552,1101
552,1829
552,2347
552,2448
552,2793
552,1248
552,900
552,997
552,946
553,932
553,1037
567,28
568,1211
570,2623
570,1195
570,2455
570,848
570,1793
570,1117
570,2594
570,2862
570,2625
570,1086
571,256
571,533
571,870
571,959
571,48
572,2455
572,1314
572,2862
572,2349
572,2346
572,1883
572,2494
572,2246
572,2775
572,1890
572,2456
572,1041
572,1533
572,1884
574,1936
578,1487
578,945
579,1045
579,480
579,2131
579,952
579,2793
579,1572
579,997
579,2979
579,2133
579,946
579,1876
581,883
581,2821
581,715
581,991
581,716
581,832
581,988
581,1811
582,1117
582,2349
582,848
582,861
582,905
582,2623
582,1009
582,1195
582,909
582,2256
584,991
584,2551
584,1011
584,709
584,710
586,417
586,1290
590,2225
590,2173
590,2601
590,2036
590,1993
590,638
590,2590
590,1848
590,2078
590,2194
590,2178
590,259
591,874
591,2173
591,2168
591,2167
591,2194
591,1848
592,2790
592,2589
595,1084
595,2027
595,2131
595,1571
595,1101
595,1829
595,1097
595,2448
595,997
595,286
595,1905
595,1876
595,1100
596,57
596,1464
596,1323
596,1355
596,1936
596,525
602,1084
602,518
602,274
602,1097
602,1248
602,286
603,976
603,971
604,276
604,521
604,2218
606,2753
606,2204
606,1773
607,822
607,815
607,1646
607,1655
607,1235
607,1475
607,823
607,1658
607,1661
607,816
607,1644
607,98
607,1642
607,1649
607,818
607,590
607,817
607,825
608,865
608,2584
608,2790
608,1043
608,1038
608,1518
608,1006
608,950
608,979
608,994
608,986
609,1718
609,828
612,2398
613,1195
613,2037
616,518
616,28
618,1290
623,54
623,1582
623,720
623,1512
623,1624
623,1776
623,721
623,1051
623,1773
623,16
624,979
624,860
624,1020
624,1032
624,1117
624,952
624,2349
624,1038
624,861
624,718
624,2704
624,865
624,976
624,905
624,1086
624,2753
624,225
624,2821
624,100
624,942
624,991
624,533
624,1623
624,956
624,48
624,2949
624,953
624,960
624,2455
624,615
624,467
624,984
625,1084
625,1097
625,1905
625,1606
627,1235
627,590
627,135
627,98
627,815
627,1346
627,636
627,1868
627,818
627,1608
627,826
629,1539
629,1542
636,874
636,2167
636,2225
636,2173
636,193
636,2003
636,2218
636,2150
636,2065
636,1907
636,2168
636,638
636,2036
636,2419
636,2165
636,2400
639,2374
640,1797
641,1811
641,1907
643,1095
643,829
643,837
644,947
644,2374
647,604
647,1618
647,1272
647,1867
647,306
647,1800
647,2626
647,416
647,2439
647,337
647,1356
647,1260
647,5
647,334
648,1044
649,2502
649,982
649,953
649,709
649,1000
649,729
649,716
649,2791
649,958
649,710
649,760
649,718
649,761
649,2302
650,1848
650,1828
650,41
650,259
650,201
650,1629
652,2481
654,1547
654,1560
654,1005
654,2118
654,1810
658,1075
658,1547
658,1557
658,1554
658,2306
658,2012
658,1706
658,1842
658,1967
658,1680
658,1548
658,1960
658,1566
658,153
658,1005
658,1562
658,285
658,1070
658,3002
658,600
659,1481
659,1421
660,1539
660,1542
660,1535
662,2623
662,1195
664,974
664,982
668,638
668,2168
668,2590
668,2216
668,1993
668,2078
669,1393
669,1348
669,95
669,1489
669,1186
669,441
670,865
670,1510
670,2551
670,3005
670,1517
670,882
672,986
673,2153
673,2284
673,2150
673,2318
673,2078
673,1828
673,2601
673,1945
673,2590
673,874
673,1478
673,2081
673,2168
673,2173
673,2171
673,1203
673,2036
673,2194
673,2003
673,1851
674,1637
674,822
674,522
674,815
674,524
674,523
674,1475
674,1235
674,1655
674,1661
674,636
674,1642
674,1580
674,1644
674,1026
674,816
674,818
675,883
675,2790
675,991
675,953
675,729
675,2791
675,998
675,950
675,1517
675,718
675,949
676,604
676,1484
676,9
676,1618
676,142
676,1272
676,829
676,1867
676,306
676,2626
676,1800
676,337
676,1356
676,252
676,1109
676,435
676,881
676,1278
676,1241
676,334
677,2153
677,2150
677,2159
677,2318
677,2036
677,2184
677,2425
677,2167
678,3026
681,2584
681,1006
681,950
683,860
683,2455
683,1117
683,2349
683,2594
683,2862
683,2494
683,1051
683,2346
683,1971
683,1046
683,1029
683,2775
683,1821
683,1533
683,2256
683,2728
685,1272
685,829
685,493
685,1618
685,518
685,5
685,1195
685,2439
685,1800
685,984
685,2326
685,1748
685,45
685,521
685,1867
685,1348
685,276
685,2347
685,256
685,2058
687,2173
687,2003
687,2036
687,193
687,638
687,2165
687,2567
689,974
689,1032
689,1623
689,1811
689,2753
689,1117
689,996
689,860
689,975
690,976
690,933
691,2393
695,2790
695,2584
695,1020
695,715
695,2791
695,1038
695,994
695,1006
703,2623
703,493
703,45
703,15
703,870
704,865
704,2821
704,715
704,2496
704,3005
704,709
704,1000
704,729
704,1011
704,716
704,958
704,1742
704,975
704,2438
704,2961
704,710
704,2764
704,988
706,1084
706,2027
706,1097
706,1099
706,1101
706,2131
706,286
707,1186
709,604
709,1019
709,9
709,1095
709,1797
709,274
709,1618
709,1484
709,2347
709,1800
709,142
709,1724
709,87
709,2439
709,252
709,961
709,2058
711,604
714,516
715,1331
715,2002
716,638
716,2003
716,2183
719,296
719,1237
719,204
719,2140
719,589
721,2481
721,1793
722,1084
722,1211
722,2841
722,2407
722,2026
722,1326
722,1099
722,274
722,1097
722,1905
722,633
722,956
722,1114
722,286
722,2110
722,1476
728,518
728,984
728,2841
728,2407
728,956
728,2347
728,1101
728,942
728,633
728,1099
728,2058
729,2558
729,2182
729,3061
730,3005
730,1811
730,729
730,709
730,1011
730,975
730,996
730,1742
730,2961
730,988
733,3180
734,1075
734,1539
734,2016
734,1554
734,1547
734,2012
734,2306
734,2437
734,1679
734,1842
734,1706
734,1680
734,1548
734,153
734,1542
734,1070
734,2332
734,901
734,1562
734,2440
734,1566
734,600
734,1833
734,354
734,1666
735,1211
735,2841
735,2027
735,1664
735,1326
735,1101
735,1099
735,1571
735,1097
735,1583
735,2448
735,633
735,2110
735,1096
735,1476
735,956
735,1100
736,1907
737,2841
737,1326
737,1019
737,2347
737,984
737,2980
737,900
737,1096
738,1348
738,2326
738,276
738,1331
738,1116
738,1272
738,99
738,604
738,519
742,882
744,260
744,876
744,631
744,43
745,2383
747,991
747,1086
747,1043
747,456
747,932
747,2630
747,1085
747,976
747,260
747,789
747,1328
747,1037
749,1314
749,1195
749,2349
749,2862
749,2494
749,1793
749,1883
749,1702
749,1935
749,1179
749,1533
749,1489
750,1348
750,2623
750,860
750,1086
750,1117
750,2349
750,276
750,1314
750,1046
750,2594
750,2862
750,2704
750,2256
750,2494
750,871
750,2775
750,2703
754,1100
756,822
756,823
756,818
757,1084
757,1674
757,274
757,1097
757,1101
757,1035
757,956
761,883
761,1510
761,2502
761,2790
761,1020
761,2584
761,991
761,953
761,715
761,729
761,1011
761,709
761,3005
761,1000
761,2791
761,950
761,716
761,1517
761,718
761,958
761,1742
761,2961
761,1504
761,710
761,996
761,2764
761,1006
761,994
761,725
761,1515
761,2451
761,882
761,711
762,95
762,199
763,1530
764,1940
766,1195
766,45
766,256
766,521
766,48
766,2037
770,604
770,1019
770,1095
770,829
770,1674
770,1618
770,142
770,1867
770,1800
770,2626
770,306
770,2411
770,416
770,1035
770,639
770,2439
770,1109
770,252
770,2445
770,435
770,1915
771,2284
771,2150
771,874
771,1478
771,2601
771,2036
771,2590
771,2168
771,2520
771,2425
771,2318
771,2283
771,1945
771,2194
771,2167
771,79
771,1575
772,1019
772,1035
772,520
773,1797
773,199
777,1797
777,1385
778,1664
778,1583
778,1101
778,1747
778,1606
779,3025
779,3020
779,2163
781,2150
781,874
781,2036
781,2225
781,2171
781,2159
781,2194
781,1993
781,2003
781,638
783,2728
786,1773
786,2840
788,715
788,1011
788,716
788,998
788,2764
788,2706
788,996
788,1752
788,2451
792,1637
792,823
792,818
792,1346
792,98
792,816
793,932
793,877
793,933
794,2455
800,1075
800,2016
800,1539
800,2306
800,1679
800,1706
800,153
800,285
800,1070
803,883
803,865
803,1020
803,2790
803,974
803,2584
803,953
803,2821
803,729
803,982
803,2496
803,3005
803,1043
803,950
803,718
803,2497
803,958
803,1006
803,975
803,760
803,1504
803,996
803,2589
803,1515
803,882
803,927
803,755
803,2536
803,679
804,2153
804,2081
804,2257
805,813
806,1019
806,1674
806,956
806,1035
807,874
807,2036
807,2003
807,2150
807,638
807,2159
807,2171
810,1086
810,256
810,870
810,45
810,1173
812,1211
812,2841
812,1664
812,1045
812,1571
812,1101
812,1097
812,1676
812,1583
812,2981
812,1829
812,2448
812,2393
812,900
812,1096
812,535
812,172
812,2878
813,1646
813,1640
813,1639
814,1314
814,2594
814,1971
815,883
815,2821
815,991
815,953
815,1510
815,932
815,2551
815,2497
815,2753
815,1811
815,1517
815,2496
815,1623
816,883
816,1510
816,2502
816,715
816,2551
816,953
816,729
816,716
816,2791
816,998
816,958
816,1504
816,711
816,755
816,728
816,761
818,974
820,1742
820,709
820,1004
820,1011
820,2764
820,958
820,996
820,736
820,2961
820,756
820,710
820,728
822,121
822,1813
822,993
827,865
827,2790
827,1515
829,860
829,1811
829,1117
829,256
829,848
829,533
829,870
829,1623
829,905
829,2326
829,876
829,24
829,959
829,1195
829,521
829,1029
829,679
830,822
830,1637
830,815
830,1646
830,524
830,522
830,1640
830,1639
830,2728
832,874
832,2601
832,2173
832,2168
832,2167
832,2590
832,2078
832,2284
832,1828
832,1848
832,2194
832,2171
832,1945
832,2081
832,2219
832,2409
832,1575
833,2455
833,1314
833,2862
833,2594
833,1702
833,1971
833,2346
833,2494
833,1883
833,2247
833,1001
833,1821
833,1692
833,1670
833,1041
833,2456
835,848
835,260
835,1348
835,1086
835,2326
835,1331
835,256
835,276
835,533
835,1195
835,45
835,34
835,15
835,1793
835,1116
835,294
835,870
835,631
835,1844
835,959
835,1840
835,376
835,1173
835,521
835,449
835,892
835,876
837,1117
837,860
837,1623
837,1032
837,2753
837,896
837,498
837,2594
837,1036
838,1811
838,498
838,1159
838,1458
838,1481
842,860
842,1117
842,848
842,2455
842,2704
842,2349
842,2753
842,2623
842,1051
842,2594
842,1314
842,861
842,1009
842,1032
842,905
842,2346
842,1195
842,1971
842,2840
842,1159
842,1533
842,1029
842,1702
842,1776
842,2256
842,1294
842,2775
843,2415
843,2413
844,192
844,2140
844,180
844,1422
844,516
844,249
844,531
844,2629
845,498
845,1029
847,2496
847,715
847,2502
847,3005
847,711
847,2551
847,1000
847,756
847,958
847,1504
847,2821
847,761
847,998
847,988
847,2536
847,2451
847,975
847,757
851,2455
851,1314
851,2594
851,2346
851,1702
851,2494
851,1935
851,1821
851,1692
851,1670
851,2017
851,2247
856,1475
856,3053
858,2016
858,1075
858,1554
858,2012
858,1078
858,1960
858,1070
858,2440
858,1833
858,3101
858,1666
866,1272
866,1618
866,1797
866,1800
866,2626
866,1356
866,140
866,334
867,604
867,1019
867,1211
867,142
867,140
867,337
867,1326
867,520
867,837
872,1487
872,28
874,1127
874,1353
877,1811
877,789
877,2471
877,43
877,1294
877,1481
877,1456
878,523
878,636
878,1816
879,715
879,2764
879,716
879,1011
879,996
879,711
879,736
879,728
879,761
879,2684
879,992
879,757
880,636
880,1475
880,1235
882,812
884,1618
884,140
885,2078
886,2159
886,2184
886,2257
886,2066
887,1323
887,645
887,1116
887,1793
887,648
887,260
887,1348
887,1085
887,21
889,720
889,16
889,192
889,1639
889,314
889,1640
889,721
889,1512
889,296
889,478
889,438
889,525
889,2140
892,2590
895,480
895,1676
895,1248
897,1510
897,2502
897,2790
897,2584
897,991
897,953
897,2496
897,729
897,1011
897,1000
897,2791
897,998
897,950
897,716
897,958
897,718
897,710
897,996
897,1006
897,1515
897,2451
897,882
899,1517
906,2753
906,2704
906,1032
906,2481
906,1051
906,2349
906,1776
906,1046
906,1037
906,2594
906,2346
910,2036
910,2150
911,1348
911,276
911,260
911,1793
911,2481
911,1046
911,1331
911,521
911,1009
911,467
911,34
911,1116
911,1840
912,1086
912,1590
912,956
912,1272
912,276
912,256
912,533
912,518
912,521
912,467
917,525
917,1237
917,2140
917,384
917,296
917,441
917,677
917,833
917,1186
917,1389
918,865
918,2551
918,2821
918,1517
919,829
919,1272
919,1674
919,2413
919,2415
919,1800
919,2411
919,1035
919,2377
919,2841
919,2445
919,5
919,2924
919,2407
919,984
919,1748
919,520
919,1915
919,1564
920,5
920,493
920,870
920,1903
921,734
921,2472
921,744
921,2859
924,478
924,384
924,525
924,1393
924,2140
924,1237
924,10
924,1837
924,1294
930,95
932,1296
932,478
932,1085
932,2630
933,2225
933,2194
933,2163
933,2065
933,1907
933,2079
933,2409
934,525
934,1936
934,1237
934,478
934,204
934,144
934,2140
934,384
934,119
934,677
934,10
934,2629
934,1569
936,950
936,1006
936,2451
937,1084
937,1211
937,2026
937,2027
937,2347
937,1097
937,2131
937,1099
937,1045
937,1571
937,1905
937,1829
937,1114
937,2979
937,900
937,2448
938,1084
938,1211
938,518
938,2347
938,1487
938,1905
938,1114
940,1159
942,1811
942,848
942,1086
942,2753
942,1032
942,1348
942,2349
942,2481
942,276
942,260
942,631
942,256
942,498
942,203
942,1840
942,2256
942,1029
942,34
942,1331
942,971
942,1294
943,1328
943,200
945,1354
945,832
945,2630
945,34
946,2961
947,1936
947,1464
947,144
947,645
947,6
947,119
947,180
947,1323
947,2629
947,531
947,1422
947,1855
948,789
948,1082
948,1291
948,294
948,832
948,1354
948,875
948,1290
948,1811
948,876
950,2657
951,984
951,1674
951,1211
951,1019
951,956
951,2841
951,518
951,829
951,2407
951,2393
951,942
951,2347
951,2027
951,1099
951,1664
951,946
951,944
951,945
951,968
951,1326
951,416
951,2058
951,633
951,1487
951,520
951,1905
951,1097
951,274
954,832
954,1024
956,1487
958,2219
958,2081
959,2407
959,1211
959,1326
959,1664
959,1114
959,961
959,172
959,1476
960,121
960,993
961,1085
961,417
961,1481
961,200
964,2150
964,638
964,2590
964,2078
965,952
965,1032
965,965
965,1117
966,2173
972,2584
972,715
972,1038
972,1006
972,994
972,979
973,1211
973,2841
973,1019
973,2407
973,829
973,984
973,518
973,2347
973,1664
973,1099
973,2980
973,1800
973,956
973,2393
973,1724
973,2058
976,2862
976,2346
976,2703
976,1830
976,2505
978,1109
978,140
978,837
979,1582
979,1040
979,720
979,852
984,1019
984,1272
984,1095
984,1674
984,829
984,1618
984,1800
984,2439
984,1867
984,142
984,416
984,140
984,493
984,310
984,400
984,518
984,1035
984,248
984,1748
984,984
984,2347
984,520
985,1348
985,276
985,2623
985,1009
985,1331
985,1590
985,1393
985,0
985,2625
987,252
988,1272
988,2377
988,2413
988,829
988,2415
988,1519
988,1035
988,944
988,2374
988,2411
988,2936
988,1031
990,1291
990,260
990,1085
990,294
990,1811
990,24
990,34
990,2297
990,1348
990,1258
990,1354
990,789
990,456
990,43
990,417
990,474
990,959
991,2502
991,2790
991,1020
991,953
991,974
991,1038
991,2706
998,631
998,870
1003,1811
1005,1547
1005,2012
1005,2041
1005,1554
1005,1056
1005,1078
1005,1074
1005,1073
1005,2235
1005,901
1005,1058
1005,2124
1005,2236
1006,1019
1006,1272
1006,829
1006,1674
1006,604
1006,2413
1006,1095
1006,1618
1006,2415
1006,1800
1006,2377
1006,1035
1006,9
1006,416
1006,2841
1006,984
1006,2411
1006,142
1006,1748
1006,2626
1006,947
1006,306
1006,520
1006,956
1006,1519
1006,881
1006,1564
1006,986
1006,944
1006,1888
1006,2769
1008,1095
1008,1797
1008,9
1008,1618
1008,142
1008,1800
1008,310
1008,416
1008,2439
1008,140
1008,1109
1008,837
1009,1510
1009,2502
1009,1020
1009,2584
1009,953
1009,2551
1009,715
1009,974
1009,2496
1009,729
1009,1011
1009,3005
1009,1000
1009,950
1009,998
1009,1043
1009,1517
1009,2497
1009,958
1009,710
1009,2961
1009,1504
1009,996
1009,1515
1009,882
1009,988
1012,2946
1012,1582
1012,1040
1012,54
1013,2159
1018,604
1018,1019
1018,1095
1018,9
1018,829
1018,1272
1018,1618
1018,1674
1018,1484
1018,142
1018,1800
1018,2626
1018,306
1018,2841
1018,2411
1018,2415
1018,274
1018,639
1018,2407
1018,1724
1018,2439
1018,1356
1018,2347
1018,1109
1018,633
1018,87
1018,2445
1018,337
1018,1915
1018,1483
1018,1565
1018,1888
1018,837
1018,1278
1018,379
1019,639
1019,2411
1019,435
1019,2415
1019,2413
1019,1278
1023,1348
1023,256
1023,631
1023,1173
1024,883
1024,1510
1024,865
1024,2502
1024,2790
1024,2551
1024,2496
1024,991
1024,1020
1024,2821
1024,1011
1024,3005
1024,729
1024,716
1024,998
1024,974
1024,958
1024,2961
1024,1517
1024,2764
1024,710
1024,711
1024,996
1024,1515
1024,756
1024,882
1024,736
1028,2455
1028,2704
1028,2349
1028,2594
1028,2862
1028,2346
1028,2753
1028,2840
1028,1702
1028,1029
1028,2775
1028,1001
1028,2703
1028,2505
1028,2249
1029,2551
1030,2807
1031,1718
1036,1258
1036,1082
1036,1354
1040,2496
1041,141
1043,2216
1043,1203
1043,2078
1044,1075
1044,2016
1044,1554
1044,1706
1044,1842
1044,1548
1044,1960
1044,153
1044,1542
1044,285
1044,1535
1044,1833
1044,536
1045,1572
1046,1084
1046,1211
1046,2026
1046,2407
1046,2027
1046,730
1046,984
1046,480
1046,1101
1046,952
1046,518
1046,2347
1046,2980
1046,1326
1046,1019
1046,956
1046,2793
1046,1097
1046,1035
1046,946
1046,961
1046,2979
1046,900
1046,942
1046,2110
1046,2058
1046,535
1047,1811
1047,2704
1047,1046
1047,2753
1047,260
1047,498
1047,2840
1047,1294
1050,865
1050,2821
1050,953
1050,3005
1050,975
1050,996
1060,710
1060,709
1060,953
1061,734
1061,2504
1063,883
1063,1510
1063,2496
1063,998
1063,958
1063,1504
1063,2764
1063,996
1063,755
1065,1510
1065,2496
1065,3005
1065,1011
1065,1517
1065,2497
1065,996
1065,2438
1069,1195
1069,24
1069,1116
1069,2297
1069,1085
1069,1173
1069,45
1069,10
1074,1272
1074,1674
1074,2623
1074,829
1074,1019
1074,1618
1074,1095
1074,518
1074,1800
1074,2439
1074,9
1074,416
1074,5
1074,1035
1074,1867
1074,310
1074,493
1074,956
1074,2347
1074,1195
1074,140
1074,1748
1074,2058
1074,337
1074,520
1074,248
1074,2349
1074,944
1074,1590
1075,953
1075,725
1075,991
1075,709
1075,1512
1075,710
1076,883
1076,953
1076,991
1076,729
1076,709
1076,725
1076,716
1076,705
1077,1547
1077,2437
1077,1073
1077,1718
1077,1560
1078,1348
1078,2002
1078,1323
1078,645
1078,519
1084,1797
1084,1484
1084,1618
1086,883
1086,100
1088,952
1088,2393
1088,1810
1090,789
1090,464
1093,1936
1093,478
1093,525
1093,1237
1093,2140
1093,2625
1093,296
1093,314
1093,666
1093,2617
1093,411
1093,813
1093,6
1093,441
1093,589
1093,677
1093,833
1098,1331
1098,523
1098,1475
1098,276
1098,822
1098,99
1098,0
1098,521
1098,1348
1098,400
1099,848
1099,870
1101,1075
1101,1547
1101,1557
1101,1078
1101,1005
1101,1073
1102,2398
1105,2026
1105,2027
1105,1571
1105,730
1105,1045
1105,2131
1105,1829
1105,945
1105,2793
1105,2448
1105,1099
1105,997
1105,1096
1106,1816
1106,523
1106,2728
1106,1637
1110,2594
1110,2862
1114,1510
1114,865
1114,883
1116,725
1116,718
1116,979
1116,1518
1116,953
1116,679
1116,986
1116,991
1116,1510
1116,729
1116,950
1116,1011
1116,100
1116,709
1116,1519
1116,759
1117,1510
1117,865
1117,2502
1117,2790
1117,2496
1117,2551
1117,982
1117,2584
1117,3005
1117,1011
1117,729
1117,2791
1117,950
1117,2764
1117,1504
1117,958
1117,1517
1117,710
1117,996
1117,755
1117,927
1117,2589
1117,882
1118,2841
1118,1211
1118,2407
1118,1664
1118,1326
1118,2347
1118,984
1118,1019
1118,2981
1118,2980
1118,961
1118,535
1120,1027
1123,709
1125,2622
1125,260
1130,465
1132,1547
1132,2016
1132,1677
1132,1557
1132,1075
1132,1127
1132,1679
1132,2306
1132,1706
1132,1073
1132,1680
1132,1535
1132,3002
1134,2455
1134,1117
1134,1314
1134,2349
1134,861
1134,2594
1134,2862
1134,2704
1134,1029
1134,2346
1134,1051
1134,1971
1134,1702
1134,2775
1134,2840
1134,1032
1134,1001
1134,2249
1135,874
1135,2173
1135,2036
1135,2167
1135,2003
1135,2183
1135,2078
1135,2163
1135,193
1135,2284
1135,2065
1135,2194
1135,2171
1135,1907
1135,1906
1137,1195
1137,493
1139,2036
1139,2284
1139,2167
1139,2342
1139,1203
1141,493
1144,296
1144,1237
1144,192
1144,478
1144,1460
1144,6
1144,2140
1144,666
1144,180
1144,119
1144,249
1144,1998
1144,44
1144,2629
1144,2007
1144,308
1144,579
1144,589
1148,883
1148,865
1148,2502
1148,2551
1148,953
1148,2496
1148,729
1148,2791
1148,1517
1148,760
1148,710
1148,996
1148,1515
1148,882
1148,755
1149,1484
1149,1797
1149,142
1149,252
1149,1483
1149,1181
1149,87
1149,82
1150,192
1150,1296
1150,16
1150,1332
1151,480
1151,2347
1151,1487
1151,518
1151,945
1153,1328
1153,456
1153,2622
1153,449
1153,1323
1154,110
1158,1116
1158,1389
1158,314
1158,384
1158,478
1158,10
1158,1936
1158,1237
1158,525
1160,296
1160,478
1160,192
1160,6
1160,1460
1160,2140
1160,169
1160,180
1160,119
1160,249
1160,1422
1160,531
1160,1998
1160,2629
1160,44
1160,2007
1160,308
1160,2765
1160,579
1161,2026
1161,2027
1161,2131
1161,2393
1161,1099
1161,2110
1167,883
1167,1020
1167,991
1167,953
1167,1038
1167,718
1167,729
1167,725
1167,979
1167,1518
1167,1011
1167,950
1167,679
1167,1000
1167,1811
1167,998
1167,994
1167,100
1167,1820
1167,996
1167,949
1167,716
1167,760
1167,710
1167,958
1168,2502
1168,991
1168,715
1168,2821
1168,709
1168,1011
1168,1000
1168,716
1168,1517
1168,958
1168,1038
1168,2706
1168,975
1168,760
1168,710
1168,996
1168,2451
1168,711
1168,988
1168,1820
1168,755
1169,1936
1169,144
1169,1237
1169,1464
1169,478
1169,296
1169,2140
1172,523
1172,822
1172,1639
1172,1640
1172,636
1172,1475
1172,522
1172,1642
1172,517
1172,1336
1175,1918
1178,2623
1178,525
1178,1393
1178,1389
1178,1489
1180,1666
1180,2174
1184,2625
1184,478
1184,314
1184,525
1184,2140
1184,516
1186,2225
1186,2167
1186,2150
1186,2163
1186,2003
1186,2036
1186,638
1186,193
1186,2159
1186,1478
1188,260
1188,456
1188,1348
1188,34
1188,24
1188,1328
1188,876
1188,1354
1188,631
1188,1291
1188,294
1188,789
1188,1331
1189,2150
1189,2225
1189,874
1189,2284
1189,2178
1189,1940
1189,1203
1189,2182
1189,2409
1189,2174
1191,1045
1191,2878
1192,523
1192,815
1192,636
1195,2841
1195,2407
1195,2027
1195,984
1195,1664
1195,1101
1195,1099
1195,1326
1195,2347
1195,1019
1195,1097
1195,956
1195,274
1195,633
1195,286
1195,2110
1195,1114
1195,1476
1196,876
1200,730
1200,1045
1200,1676
1200,952
1200,1829
1200,945
1200,2393
1200,1572
1200,1487
1200,997
1200,1248
1201,527
1204,1797
1204,1484
1204,1618
1204,142
1204,1867
1204,1800
1204,310
1204,140
1204,837
1204,1241
1207,952
1207,730
1207,1248
1208,716
1209,883
1209,1510
1209,865
1209,715
1209,2551
1209,991
1209,709
1209,729
1209,2821
1209,716
1209,1517
1209,711
1209,710
1209,760
1209,996
1209,755
1209,975
1209,2589
1209,2451
1209,882
1209,1515
1209,718
1209,728
1212,260
1212,876
1212,256
1212,631
1212,276
1212,34
1212,2326
1212,1354
1212,32
1212,1840
1212,1481
1214,1211
1214,2841
1214,1019
1214,2407
1214,274
1214,2347
1214,1326
1214,1664
1214,1097
1214,1101
1215,1086
1215,276
1215,533
1215,631
1215,876
1215,2326
1215,48
1215,521
1215,2297
1222,2194
1222,2342
1222,259
1222,1828
1222,1629
1222,1851
1223,1354
1228,1354
1228,1085
1228,1811
1228,789
1228,1291
1228,24
1229,2026
1229,2027
1229,2407
1229,730
1229,2841
1229,1045
1229,2131
1229,1571
1229,1664
1229,1101
1229,1676
1229,2980
1229,945
1229,1583
1229,2393
1229,2448
1229,2347
1229,1829
1229,2981
1229,900
1229,997
1229,2110
1229,946
1229,1876
1229,2878
1230,1019
1230,9
1230,1797
1230,1211
1230,1084
1230,518
1230,274
1230,310
1230,2347
1230,633
1230,1724
1230,1326
1230,1097
1230,1664
1230,520
1230,961
1230,2058
1232,498
1232,1159
1232,876
1232,789
1232,1354
1233,480
1233,1045
1233,1571
1233,952
1233,1676
1233,2793
1233,2448
1233,1829
1233,945
1233,1572
1233,997
1233,2979
1233,2133
1233,946
1233,1876
1235,874
1235,2173
1235,2165
1235,2003
1235,638
1235,1907
1235,2079
1237,2753
1237,933
1238,16
1238,192
1239,294
1240,1011
1244,974
1244,1086
1244,2438
1244,1043
1244,48
1246,2455
1246,1314
1246,2862
1246,2494
1246,1883
1246,1821
1246,1935
1246,1001
1246,1692
1246,1041
1246,2247
1247,1206
1247,1125
1247,199
1247,385
1247,2623
1248,984
1248,860
1248,518
1248,829
1248,1019
1248,1195
1248,1211
1248,493
1248,1117
1248,2841
1248,480
1248,2326
1248,952
1248,256
1248,2347
1248,48
1248,905
1248,1800
1248,861
1248,5
1248,2058
1251,1572
1252,865
1252,2551
1252,715
1252,3005
1252,1517
1252,1752
1252,996
1252,2589
1253,2225
1253,2173
1253,2601
1253,2150
1253,2167
1253,2036
1253,2168
1253,1848
1253,638
1253,1828
1253,1993
1253,2078
1253,193
1253,2567
1253,1945
1253,2171
1253,1907
1253,2079
1253,1851
1255,2701
1256,1195
1256,1456
1256,1371
1256,49
1256,1294
1257,883
1257,1510
1257,2790
1257,2551
1257,953
1257,991
1257,1020
1257,2496
1257,2821
1257,982
1257,3005
1257,1011
1257,729
1257,716
1257,998
1257,1742
1257,958
1257,1504
1257,2764
1257,2497
1257,718
1257,1038
1257,996
1257,927
1257,882
1257,988
1257,761
1257,736
1257,2536
1257,728
1257,1820
1257,757
1258,1004
1258,2496
1258,982
1258,958
1258,998
1258,927
1260,1032
1260,2704
1260,860
1260,1036
1260,1623
1261,2016
1261,1075
1261,1539
1261,1547
1261,1554
1261,1127
1261,1070
1261,1073
1261,323
1261,1666
1262,1747
1264,2150
1264,2173
1264,2167
1264,2163
1264,2168
1264,2284
1264,2171
1267,525
1267,478
1267,2140
1267,1422
1267,516
1267,531
1267,2629
1269,974
1269,2438
1269,1032
1269,1623
1269,1117
1269,2704
1269,1773
1269,1862
1269,860
1271,2149
1273,2377
1273,986
1273,947
1273,1272
1273,2413
1273,829
1273,1748
1273,956
1273,225
1273,1035
1273,942
1273,1031
1273,1016
1273,2473
1273,1006
1273,725
1273,1581
1274,874
1274,2225
1274,2601
1274,2590
1274,2153
1274,41
1274,1945
1274,2078
1274,1575
1274,1851
1274,1203
1276,993
1280,2625
1280,1348
1280,1793
1280,1116
1280,1085
1280,34
1283,961
1284,2179
1284,354
1284,1666
1284,1833
1284,1297
1285,2505
1285,1776
1285,1773
1285,521
1285,2775
1285,1866
1285,467
1287,952
1287,945
1287,960
1287,984
1287,946
1288,2407
1288,2026
1288,829
1288,518
1288,1272
1288,2347
1288,604
1288,1326
1288,1099
1288,1101
1288,1035
1288,2980
1288,1095
1288,956
1288,1800
1288,2413
1288,416
1290,2407
1290,984
1290,2347
1290,730
1290,480
1290,1326
1290,1248
1290,2058
1290,942
1290,1487
1290,1114
1290,946
1292,2704
1292,276
1292,1348
1292,256
1292,1046
1292,521
1292,2775
1292,1793
1292,2256
1292,1014
1292,942
1292,467
1292,956
1292,1533
1296,818
1299,2496
1299,958
1299,728
1299,975
1301,860
1301,1117
1301,1086
1301,276
1301,2704
1301,2753
1301,533
1301,1051
1301,1032
1301,2481
1301,2840
1301,1046
1301,24
1301,467
1301,1009
1301,976
1301,521
1301,1014
1301,1331
1301,1773
1303,1019
1303,829
1303,2413
1303,1800
1303,2415
1303,2411
1303,2377
1303,1748
1304,2346
1304,877
1306,1582
1308,716
1308,1000
1308,761
1308,2302
1308,725
1309,848
1309,276
1309,1348
1309,1009
1309,521
1309,467
1309,1294
1311,829
1311,1272
1311,1095
1311,2413
1311,1800
1311,2411
1311,2841
1311,2377
1311,2924
1311,1915
1311,1564
1312,2625
1312,1009
1312,2494
1312,2349
1312,1935
1312,1489
1312,1179
1312,1014
1312,1206
1312,1186
1315,905
1315,2623
1315,2728
1315,2949
1316,480
1316,947
1316,2026
1316,2980
1316,2841
1316,2027
1316,2407
1316,960
1316,518
1316,2374
1316,1518
1318,974
1318,1032
1318,2753
1318,1623
1318,1862
1321,604
1321,1019
1321,1095
1321,1272
1321,829
1321,1867
1321,416
1321,2439
1321,2626
1321,1035
1321,2841
1321,2347
1321,2411
1321,2413
1321,2407
1321,140
1321,5
1321,1748
1321,400
1323,2841
1323,2407
1323,480
1323,984
1323,2980
1323,1019
1323,518
1323,2347
1323,956
1323,829
1323,1272
1323,1035
1323,2979
1323,900
1323,2110
1324,1666
1324,1833
1324,2245
1324,1353
1324,323
1325,1127
1325,1679
1325,1070
1325,1298
1326,865
1326,1020
1326,2821
1326,715
1326,1000
1326,716
1326,975
1326,2706
1326,1820
1326,1036
1326,2302
1326,2589
1327,1646
1327,822
1327,522
1327,815
1327,953
1327,523
1327,759
1327,1580
1327,2728
1328,2054
1331,822
1331,815
1331,523
1331,1646
1331,1639
1331,522
1331,2052
1331,1655
1331,823
1331,524
1331,636
1331,1516
1331,1661
1331,98
1331,1644
1331,816
1331,818
1331,1658
1331,1642
1331,590
1331,46
1331,825
1332,829
1332,2377
1332,2413
1332,947
1332,1519
1332,2411
1332,2374
1332,1031
1332,2445
1334,1348
1334,276
1334,2326
1334,256
1334,533
1334,45
1334,48
1334,400
1334,1294
1334,1840
1334,1272
1334,2218
1340,1075
1340,1677
1340,1539
1340,2041
1340,2306
1340,1078
1340,2115
1340,1056
1340,2437
1340,1560
1340,1074
1340,1073
1340,1967
1340,2018
1340,2235
1340,2124
1340,2119
1341,2841
1341,2026
1341,1326
1341,2347
1341,2980
1341,2981
1341,1829
1341,2448
1341,900
1348,976
1349,2174
1350,2623
1350,1009
1350,860
1350,2455
1350,1314
1350,1051
1350,1702
1351,716
1351,711
1351,757
1351,975
1352,2407
1352,1664
1352,1326
1352,480
1352,984
1352,2980
1352,2393
1352,952
1352,900
1352,961
1352,535
1352,172
1356,1639
1356,522
1356,822
1356,1512
1356,815
1356,1655
1356,1026
1357,1354
1357,456
1357,2630
1357,1024
1357,34
1357,932
1357,1328
1357,391
1357,789
1359,874
1359,2601
1359,2173
1359,2284
1359,2168
1359,2590
1359,1828
1359,1848
1359,2283
1359,2425
1359,1945
1359,2151
1359,2065
1360,1674
1360,87
1360,1483
1360,3015
1361,1742
1361,2764
1361,958
1361,736
1361,996
1366,2821
1366,953
1366,718
1366,1038
1366,932
1366,729
1366,1032
1366,715
1366,2753
1366,975
1366,979
1366,1623
1366,2704
1366,2706
1366,716
1366,860
1366,2302
1366,760
1366,710
1366,1773
1368,1078
1370,2496
1370,958
1370,1004
1370,1742
1370,1011
1372,1793
1372,947
1372,1590
1372,2326
1372,99
1372,942
1372,400
1372,956
1372,1272
1372,986
1373,1051
1379,1032
1379,1159
1379,498
1380,945
1380,1572
1380,997
1382,961
1383,848
1383,1811
1383,1348
1383,24
1383,498
1383,533
1383,1085
1383,1195
1383,631
1383,1291
1383,2326
1383,870
1383,34
1383,876
1383,959
1383,2471
1383,1671
1383,1173
1383,1294
1383,1844
1383,1793
1383,1361
1383,789
1383,48
1385,1086
1385,1348
1385,256
1385,533
1385,1331
1385,48
1385,959
1385,521
1385,32
1385,1590
1385,0
1388,883
1388,1510
1388,2790
1388,953
1388,2821
1388,1517
1388,1504
1392,861
1394,874
1394,2225
1394,2173
1394,1848
1394,2342
1394,2078
1394,1203
1394,41
1394,2216
1394,2194
1394,2178
1394,259
1394,1851
1395,1084
1395,1211
1395,984
1395,2347
1395,1272
1397,604
1397,9
1397,1095
1397,1484
1397,142
1397,639
1397,1356
1397,274
1397,87
1397,1211
1397,1109
1397,1278
1398,991
1398,979
1398,729
1398,725
1398,2502
1398,1006
1398,679
1398,998
1398,950
1398,2791
1398,949
1404,848
1404,1159
1404,1907
1404,1623
1404,2079
1404,1294
1404,305
1404,1804
1405,2494
1407,1127
1409,1637
1409,822
1409,1646
1409,524
1409,523
1409,1580
1409,725
1409,1026
1413,95
1413,848
1413,2037
1413,385
1413,1125
1413,1489
1414,2026
1419,2153
1419,2078
1419,1478
1419,2318
1419,2257
1419,41
1419,1851
1419,1945
1420,865
1420,2790
1420,2551
1420,1043
1420,1517
1420,994
1423,974
1423,2753
1423,2438
1423,876
1423,256
1423,959
1426,883
1426,865
1426,1020
1426,953
1426,729
1426,709
1426,1011
1426,3005
1426,718
1426,1517
1426,975
1426,710
1426,994
1426,1006
1426,996
1426,2589
1426,1036
1427,2671
1427,3161
1427,3113
1429,2764
1429,1000
1429,1011
1429,996
1429,757
1429,728
1429,927
1430,961
1430,1114
1432,865
1432,1032
1432,2497
1432,2753
1432,1518
1432,100
1434,1101
1434,1099
1434,2793
1438,16
1440,1811
1440,1348
1440,260
1440,860
1440,2753
1440,533
1440,256
1440,974
1440,2326
1440,959
1440,631
1440,1046
1440,34
1440,2704
1440,876
1440,2349
1440,2703
1440,1793
1440,1840
1440,32
1440,2256
1440,467
1440,48
1440,932
1440,1173
1440,1294
1440,976
1440,1328
1440,1776
1440,2505
1441,905
1441,861
1441,276
1441,2256
1442,1811
1442,2471
1442,1456
1444,3176
1446,1936
1446,6
1447,604
1447,1019
1447,1272
1447,829
1447,1674
1447,1618
1447,9
1447,1867
1447,1800
1447,416
1447,2626
1447,306
1447,2411
1447,1035
1447,2439
1447,2841
1447,2445
1447,2347
1447,633
1447,1109
1447,2377
1447,252
1447,1915
1447,435
1447,334
1447,1888
1447,1564
1447,2924
1449,604
1449,1019
1449,1797
1449,1484
1449,829
1449,9
1449,1800
1449,310
1449,337
1449,1356
1449,1724
1449,5
1451,604
1451,1797
1451,1484
1451,9
1451,142
1451,1867
1451,2626
1451,1800
1451,639
1451,310
1451,416
1451,1356
1451,252
1451,140
1451,1109
1451,1724
1451,87
1451,837
1451,838
1451,1278
1451,1241
1452,715
1452,716
1452,1000
1452,757
1456,1019
1456,2413
1456,2377
1456,2415
1456,1519
1456,2374
1456,2411
1456,2511
1456,2445
1458,930
1459,705
1459,522
1459,1646
1464,1646
1464,524
1464,1475
1464,523
1464,636
1464,1644
1464,818
1464,1026
1464,1580
1464,1816
1466,2393
1466,1664
1466,1583
1466,28
1466,1372
1467,260
1467,498
1467,256
1467,631
1467,1361
1467,876
1467,1291
1467,789
1467,1354
1467,1481
1468,1298
1474,1082
1474,789
1474,1085
1474,1258
1474,260
1474,875
1474,474
1474,1354
1474,498
1474,1324
1474,1458
1476,1393
1476,1009
1476,1331
1476,1348
1476,1116
1476,384
1476,1294
1476,32
1476,10
1476,1840
1476,2349
1479,1547
1479,2306
1479,2437
1479,1005
1479,605
1481,1006
1481,950
1481,994
1481,978
1483,2419
1483,2802
1483,2150
1483,193
1483,2003
1483,2065
1483,2079
1483,2167
1483,2163
1483,2297
1483,2567
1483,2178
1483,848
1484,1933
1484,1235
1485,188
1485,1850
1486,1020
1486,979
1486,679
1486,1038
1486,1006
1486,2790
1486,976
1486,1519
1486,950
1486,1016
1486,2374
1486,225
1486,1048
1486,2949
1487,1797
1487,310
1487,1800
1487,140
1487,1724
1489,1637
1489,1646
1489,1639
1489,2052
1489,725
1489,953
1489,760
1489,759
1491,1086
1491,276
1491,256
1491,533
1491,467
1493,993
1493,1813
1494,2790
1494,998
1494,950
1494,1742
1494,1504
1494,718
1494,710
1494,2764
1494,996
1494,1752
1494,994
1494,725
1494,1006
1494,1515
1494,927
1494,2451
1496,1504
1496,998
1498,465
1499,140
1505,1045
1505,2027
1505,730
1505,2131
1505,1571
1505,1676
1505,1664
1505,1829
1505,952
1505,2448
1505,2793
1505,1572
1505,2393
1505,2979
1505,1876
1506,1117
1506,860
1506,1038
1506,1020
1506,896
1506,905
1506,1000
1507,1684
1508,1623
1508,152
1508,2398
1508,975
1508,2298
1511,2601
1511,2036
1511,2168
1511,2171
1511,2283
1511,2179
1512,838
1512,1228
1513,2349
1513,2623
1513,2455
1513,1314
1513,942
1513,984
1513,905
1513,861
1513,1195
1513,518
1513,2594
1513,952
1513,480
1513,256
1513,48
1513,944
1513,1086
1513,225
1513,2862
1513,2704
1513,848
1513,1009
1513,2511
1513,870
1513,533
1513,1029
1513,1014
1513,966
1514,3176
1515,848
1515,1195
1524,1510
1524,1020
1525,604
1525,1484
1525,1618
1525,9
1525,1867
1525,2626
1525,252
1525,140
1525,838
1528,2496
1529,2623
1529,1314
1529,604
1531,1848
1531,1828
1531,1851
1535,1811
1535,260
1535,789
1536,1641
1537,1011
1537,710
1537,996
1541,3020
1545,1070
1545,600
1545,1666
1545,237
1546,2342
1546,41
1546,259
1546,2171
1550,2764
1550,1011
1550,958
1550,996
1553,1510
1553,1011
1553,1742
1553,958
1553,710
1554,932
1554,1773
1554,1866
1554,1051
1554,2505
1554,2840
1554,1046
1554,877
1554,1776
1554,933
1555,2153
1555,2284
1555,2425
1559,721
1560,2342
1560,41
1562,1086
1562,1117
1562,1348
1562,276
1562,256
1562,533
1562,2326
1562,974
1562,959
1562,48
1562,2481
1562,1793
1562,521
1562,1046
1562,631
1562,1331
1562,467
1562,1173
1562,976
1562,1840
1562,34
1567,5
1569,979
1572,730
1572,997
1572,1572
1573,932
1575,2821
1575,991
1575,709
1575,725
1575,718
1575,2302
1575,1820
1577,716
1577,711
1581,2027
1581,1045
1581,2026
1581,2878
1581,1962
1583,1971
1583,896
1583,1774
1584,1618
1584,140
1584,5
1584,837
1587,876
1587,34
1587,631
1590,2194
1594,1560
1595,2959
1595,527
1595,2708
1595,1027
1595,955
1595,2825
1596,2623
1596,1195
1596,1272
1596,604
1596,493
1596,1793
1596,2326
1596,1348
1596,45
1596,2349
1596,2439
1596,1331
1596,1800
1596,99
1596,2625
1596,260
1596,1035
1596,1748
1596,1116
1596,2775
1598,95
1599,1084
1599,1211
1599,274
1599,1326
1599,1114
1599,1905
1599,633
1599,1476
1603,1510
1603,2790
1603,953
1603,1043
1603,718
1603,709
1603,950
1603,725
1603,1517
1603,710
1603,996
1603,949
1603,679
1603,100
1609,1086
1609,256
1609,1348
1609,276
1609,1811
1609,260
1609,2326
1609,45
1609,533
1609,1331
1609,870
1609,24
1609,631
1609,521
1609,959
1609,1173
1609,2297
1609,892
1613,982
1613,2497
1613,963
1614,525
1614,1936
1614,1237
1614,296
1614,1997
1614,2617
1614,1464
1614,6
1618,2558
1619,45
1620,604
1620,1618
1620,140
1621,1476
1622,2551
1624,2153
1624,2284
1624,2601
1624,2168
1624,2081
1624,2151
1624,1851
1624,1848
1625,2248
1628,1032
1628,975
1628,1820
1628,1036
1628,896
1629,952
1629,1572
1630,729
1630,1032
1631,2698
1631,2830
1632,121
1632,2777
1632,828
1632,230
1634,2497
1634,2589
1635,1484
1635,95
1635,199
1637,1642
1637,1336
1643,2622
1643,449
1643,1116
1643,1348
1643,57
1643,2002
1643,1015
1644,1640
1644,517
1645,1045
1645,2448
1645,997
1645,2133
1645,1810
1646,15
1646,1793
1646,546
1646,376
1647,2374
1648,883
1648,865
1648,1510
1648,953
1648,2502
1648,2584
1648,1043
1648,718
1648,998
1648,2791
1648,994
1648,932
1648,949
1648,976
1649,1481
1649,305
1649,200
1652,829
1652,2377
1653,1097
1653,1905
1653,1096
1653,286
1653,1100
1656,1697
1657,2153
1657,2081
1657,2425
1657,1828
1657,2555
1659,2225
1659,2284
1659,2173
1659,2078
1659,2036
1659,638
1659,1993
1659,2283
1659,2003
1659,2171
1659,2163
1664,2623
1664,848
1664,2349
1664,1195
1664,2625
1664,1294
1664,32
1664,1840
1665,2821
1665,2694
1665,1044
1665,1773
1665,1862
1669,1664
1672,883
1672,1510
1672,2551
1672,974
1672,982
1672,2497
1672,1517
1672,2589
1673,883
1673,1510
1673,865
1673,2502
1673,2790
1673,1020
1673,2584
1673,991
1673,2821
1673,2496
1673,974
1673,729
1673,982
1673,1011
1673,709
1673,3005
1673,1000
1673,998
1673,1043
1673,1517
1673,718
1673,1038
1673,1742
1673,1504
1673,760
1673,710
1673,725
1673,996
1673,994
1673,1006
1673,2764
1673,1515
1673,2451
1673,882
1673,755
1673,1820
1673,756
1675,1084
1675,2407
1675,2841
1675,1211
1675,1664
1675,1326
1675,1099
1675,984
1675,2980
1675,2981
1675,518
1675,2393
1675,945
1675,2979
1675,900
1675,961
1675,1876
1676,829
1676,1095
1676,142
1676,1800
1676,2413
1676,416
1676,306
1676,2626
1676,2411
1676,2439
1676,2445
1676,1748
1676,5
1676,1915
1677,321
1679,711
1679,761
1679,975
1679,2302
1679,988
1681,16
1682,1478
1682,2066
1687,832
1687,1024
1692,860
1692,1117
1692,905
1692,48
1692,959
1692,2256
1692,1173
1692,2703
1692,871
1692,974
1695,2915
1697,480
1697,1676
1697,1572
1700,813
1701,1075
1701,1539
1701,2016
1701,1547
1701,1677
1701,1554
1701,2041
1701,2306
1701,2012
1701,1056
1701,2437
1701,1706
1701,2018
1701,1074
1701,1680
1701,1960
1701,1073
1701,2235
1701,901
1701,1562
1701,2124
1701,2119
1701,1058
1702,2407
1702,2026
1702,2841
1702,2027
1702,1045
1702,2131
1702,1664
1702,1571
1702,1326
1702,1101
1702,1099
1702,1676
1702,1097
1702,274
1702,1829
1702,2448
1702,286
1702,1905
1702,900
1702,997
1702,1096
1702,1100
1703,525
1703,1237
1703,478
1703,2140
1703,6
1703,645
1703,516
1703,1855
1703,10
1703,2629
1706,2415
1706,2511
1707,822
1707,1637
1707,1655
1707,1235
1707,823
1707,522
1707,1475
1707,1639
1707,1646
1707,524
1707,1661
1707,816
1707,1644
1707,523
1707,818
1707,826
1707,590
1707,1658
1707,821
1707,1649
1707,1642
1707,817
1707,517
1713,1043
1713,976
1713,2821
1713,865
1713,2551
1713,1510
1713,2790
1713,2497
1713,1517
1714,188
1714,565
1716,142
1716,1483
1716,87
1716,1228
1719,883
1719,1510
1719,865
1719,2496
1719,3005
1719,2551
1719,1742
1719,709
1719,1011
1719,2764
1719,958
1719,974
1719,2961
1719,1517
1719,710
1719,2589
1719,882
1719,728
1723,976
1723,2706
1727,1011
1727,998
1727,1742
1727,958
1727,1504
1727,2764
1727,1752
1727,1515
1731,1019
1731,2841
1731,829
1731,984
1731,518
1731,2347
1731,1035
1731,1800
1731,310
1731,2980
1731,1748
1731,952
1735,2066
1736,847
1737,1082
1737,1354
1739,525
1739,296
1741,1272
1741,518
1741,984
1741,1748
1741,5
1742,2150
1742,2225
1742,2623
1742,2349
1743,604
1743,1797
1743,1484
1743,142
1743,1483
1743,1724
1743,838
1743,379
1743,1102
1744,2284
1744,2182
1744,2174
1746,1811
1746,876
1749,2455
1749,860
1749,2594
1749,2862
1749,1702
1749,1971
1749,2346
1749,1029
1749,1883
1749,1935
1749,2840
1749,1708
1750,2027
1750,2026
1750,730
1750,2131
1750,2841
1750,480
1750,1829
1750,2448
1750,1326
1750,952
1750,984
1750,2347
1750,1876
1750,2133
1750,2878
1750,535
1750,518
1750,1476
1750,946
1750,1810
1752,1793
1752,1348
1752,1086
1752,2326
1752,256
1752,260
1752,2002
1752,959
1752,449
1752,2622
1754,974
1754,1117
1754,2438
1754,1623
1754,1043
1754,1020
1754,1518
1754,679
1754,971
1757,604
1757,1484
1757,1483
1757,1186
1757,1228
1759,1038
1759,976
1763,1084
1763,1211
1763,1326
1763,1664
1763,274
1763,1097
1763,1905
1763,286
1766,2167
1766,2150
1766,2003
1766,638
1766,193
1766,1907
1766,2419
1766,2079
1768,2003
1768,638
1768,2163
1768,2567
1768,2065
1768,1835
1769,1314
1769,2594
1769,2494
1769,1883
1769,1821
1769,1001
1769,1014
1769,1692
1769,1670
1770,974
1770,2551
1770,2496
1770,982
1770,2589
1772,860
1772,1117
1772,2455
1772,2349
1772,2623
1772,848
1772,1086
1772,1314
1772,276
1772,1348
1772,2594
1772,861
1772,1051
1772,1195
1772,256
1772,905
1772,2481
1772,1009
1772,2753
1772,533
1772,1623
1772,2326
1772,870
1772,1793
1772,521
1772,24
1772,48
1772,2840
1772,1331
1772,2256
1772,2775
1772,1014
1772,631
1772,1533
1772,1590
1772,32
1772,467
1772,2728
1772,1776
1772,1840
1773,829
1773,1019
1773,1035
1773,1748
1775,2821
1775,715
1775,975
1775,988
1776,1510
1776,2496
1776,3005
1776,982
1776,1011
1776,1000
1776,729
1776,958
1776,2764
1776,1517
1776,1004
1776,1504
1776,998
1776,756
1776,755
1776,2589
1776,927
1778,832
1778,34
1778,1811
1778,876
1778,1258
1778,1082
1778,1291
1779,604
1779,1272
1779,1618
1779,1095
1779,1797
1779,1800
1779,416
1779,9
1779,5
1779,142
1779,1867
1779,400
1779,310
1779,140
1779,1195
1779,248
1779,1241
1779,1356
1782,604
1782,1095
1782,1797
1782,142
1782,310
1782,1724
1782,252
1783,1248
1784,2623
1784,1195
1786,604
1786,1618
1786,1095
1786,5
1786,493
1786,142
1786,1748
1786,140
1787,2871
1798,1718
1803,1348
1803,1793
1803,1116
1803,449
1803,2002
1803,1323
1803,2622
1805,2027
1805,1045
1805,730
1805,2131
1805,1571
1805,480
1805,1101
1805,1829
1805,2448
1805,2393
1805,997
1805,1572
1805,1096
1806,1718
1807,2003
1807,2065
1807,193
1807,848
1809,1019
1809,310
1809,140
1810,2225
1810,2167
1810,2150
1810,2003
1810,1828
1810,2183
1810,2078
1810,2163
1810,2216
1810,2284
1810,193
1810,2065
1810,2159
1810,1478
1810,2283
1810,2059
1812,1086
1812,276
1812,256
1812,45
1812,1793
1812,1331
1812,959
1812,631
1812,1844
1812,15
1812,449
1815,1811
1815,1117
1815,2753
1815,1623
1815,1032
1815,498
1815,1773
1815,2594
1815,1159
1815,203
1816,631
1819,45
1820,1811
1820,1348
1820,256
1820,533
1820,870
1820,631
1820,1331
1820,2326
1820,1159
1820,959
1820,876
1820,521
1820,48
1820,1173
1820,45
1820,2037
1821,2671
1822,2671
1822,3051
1823,498
1823,1804
1823,789
1823,1258
1823,152
1823,43
1823,1713
1823,474
1823,268
1823,1354
1823,1811
1826,121
1827,604
1827,1797
1827,1618
1827,9
1827,1272
1827,829
1827,142
1827,1867
1827,306
1827,1800
1827,2626
1827,416
1827,518
1827,337
1827,1035
1827,252
1827,1211
1827,1356
1827,1109
1827,435
1827,2347
1827,334
1827,400
1827,1241
1828,1235
1828,1475
1828,636
1828,590
1830,1572
1831,1117
1831,2704
1831,1032
1831,2455
1831,2349
1831,2753
1831,905
1831,861
1831,1623
1831,2594
1831,896
1831,2949
1831,1159
1831,2623
1831,1971
1831,1036
1832,1828
1833,604
1833,1797
1833,9
1833,1867
1833,1800
1833,2626
1833,416
1833,140
1833,1356
1833,5
1833,837
1834,2027
1834,2131
1834,1571
1834,1676
1834,1829
1834,2448
1834,997
1834,1876
1834,1096
1837,1020
1838,1272
1838,1674
1838,956
1838,829
1838,984
1838,1019
1838,986
1838,276
1838,1748
1838,518
1838,944
1838,48
1838,1086
1838,1348
1838,2326
1838,1035
1838,400
1838,1519
1838,225
1838,99
1838,968
1838,521
1838,2377
1838,905
1838,2511
1838,533
1838,5
1838,416
1838,1084
1838,480
1838,979
1839,1038
1841,883
1841,1510
1841,2496
1841,729
1841,1000
1841,1517
1841,927
1846,1027
1848,604
1848,1095
1848,1272
1848,9
1848,142
1848,1867
1848,306
1848,2626
1848,2411
1848,2415
1848,639
1848,337
1848,1356
1848,1109
1848,1565
1848,435
1849,2415
1851,604
1851,9
1851,1618
1851,1272
1851,1484
1851,1674
1851,142
1851,1800
1851,2626
1851,416
1851,2411
1851,2439
1851,1356
1851,337
1851,252
1851,1109
1851,520
1852,1510
1852,2790
1852,994
1852,1517
1852,927
1854,2225
1854,874
1854,638
1854,2036
1854,2078
1854,2257
1854,1993
1854,2167
1854,2425
1857,604
1857,1095
1857,1618
1857,1867
1857,2626
1857,2439
1857,252
1858,860
1858,942
1858,1674
1858,968
1858,1748
1858,829
1858,944
1858,1035
1859,2617
1862,715
1862,709
1862,3005
1862,716
1862,1011
1862,1742
1862,2764
1862,958
1862,710
1862,2961
1862,975
1862,1752
1862,996
1867,2481
1867,1046
1867,2349
1867,1348
1867,2594
1867,2840
1867,1793
1867,2775
1867,2703
1867,959
1867,1776
1869,998
1871,3113
1871,3051
1872,932
1872,1044
1872,1024
1872,456
1873,979
1874,883
1874,1510
1874,2502
1874,2496
1874,953
1874,3005
1874,709
1874,1011
1874,729
1874,2791
1874,998
1874,1742
1874,958
1874,1517
1874,2764
1874,710
1874,996
1874,2589
1874,927
1874,755
1874,1515
1874,882
1874,756
1875,1044
1875,932
1875,832
1877,865
1877,1510
1877,2790
1877,1020
1877,953
1877,991
1877,2821
1877,974
1877,715
1877,2496
1877,982
1877,1000
1877,950
1877,1517
1877,998
1877,716
1877,975
1877,2706
1877,996
1877,2302
1877,1820
1877,988
1877,963
1877,2451
1877,711
1878,1848
1880,82
1882,1674
1882,633
1882,1035
1882,956
1882,520
1883,2502
1883,2496
1883,982
1883,729
1883,2536
1886,307
1888,3025
1888,3053
1890,1518
1890,679
1890,865
1890,974
1890,2821
1890,1510
1891,815
1891,1646
1891,524
1891,522
1891,1655
1891,1644
1891,818
1891,816
1891,817
1891,1580
1894,1510
1894,865
1894,2551
1894,2496
1894,3005
1894,1517
1894,2438
1894,988
1897,1070
1897,285
1897,1666
1897,600
1897,609
1897,1588
1897,1833
1900,1009
1900,1294
1900,32
1906,2623
1906,1195
1906,1009
1906,1371
1906,1489
1906,1837
1906,1456
1908,1206
1908,2623
1908,1389
1908,1489
1908,2163
1908,2150
1909,1075
1909,2306
1909,1677
1909,2041
1909,1539
1909,1547
1909,1557
1909,2437
1909,1078
1909,1680
1909,1560
1909,1967
1909,1073
1909,3002
1910,2382
1912,2194
1912,2036
1912,874
1912,2173
1912,2165
1912,1993
1912,2171
1912,2167
1912,2003
1915,2753
1915,991
1915,1032
1915,1117
1915,860
1915,1623
1916,1637
1916,822
1916,815
1916,524
1916,816
1916,818
1918,1043
1918,976
1922,2036
1923,2496
1923,982
1923,2536
1924,1258
1926,1800
1926,518
1926,5
1927,256
1927,1793
1927,1046
1927,959
1927,45
1927,2703
1928,1084
1928,1211
1928,1664
1928,1097
1928,945
1928,1487
1930,1115
1931,1936
1933,2225
1933,1478
1933,2150
1933,2216
1933,1993
1933,2078
1933,1945
1933,2555
1936,21
1938,974
1938,932
1938,2497
1938,976
1938,1032
1938,2753
1938,1811
1941,260
1941,456
1941,417
1941,294
1941,1671
1941,2630
1946,1086
1946,276
1946,256
1946,2326
1946,533
1946,1811
1946,1793
1946,260
1946,959
1946,1173
1946,876
1948,3176
1950,865
1950,2502
1950,953
1950,1020
1950,729
1950,2791
1950,998
1950,1517
1950,1504
1950,2706
1950,994
1950,1006
1950,1515
1950,949
1950,882
1951,993
1958,1811
1958,1085
1958,34
1958,789
1958,203
1958,1328
1958,1294
1958,456
1959,121
1959,993
1960,2167
1962,974
1962,1117
1962,860
1962,2753
1962,1032
1962,1086
1962,1043
1962,976
1962,979
1962,865
1962,870
1962,679
1962,256
1962,959
1963,1084
1963,1211
1963,2841
1963,274
1963,2026
1963,1097
1963,2027
1963,633
1963,1101
1963,2131
1963,1905
1963,1571
1963,286
1963,1583
1965,604
1965,1618
1965,1867
1965,306
1966,1510
1966,865
1966,953
1966,715
1966,2821
1966,729
1966,709
1966,718
1966,716
1966,975
1966,760
1966,710
1966,725
1971,860
1971,1117
1971,861
1971,2349
1971,1032
1971,1623
1971,2753
1971,1051
1971,2728
1971,2840
1971,1708
1971,1009
1974,1019
1974,604
1974,1674
1974,829
1974,1272
1974,1095
1974,518
1974,2347
1974,1035
1974,142
1974,2626
1974,520
1974,306
1975,848
1975,1195
1976,720
1976,725
1976,822
1976,1646
1976,716
1976,711
1976,715
1976,718
1976,2052
1976,760
1976,1639
1976,522
1976,1512
1977,1075
1977,1547
1977,1677
1977,1557
1977,1539
1977,1056
1977,1078
1977,2437
1977,2115
1977,1560
1977,1073
1977,2018
1977,2235
1977,1058
1977,2124
1980,2764
1980,736
1980,728
1981,815
1981,1637
1981,822
1981,1235
1981,1475
1981,1646
1981,1655
1981,524
1981,1346
1981,1649
1981,1658
1981,1642
1981,46
1981,1608
1981,2450
1981,1699
1981,825
1981,1252
1981,1336
1982,1045
1982,1571
1982,1676
1982,1583
1982,1097
1982,1829
1982,2448
1982,1905
1982,286
1982,1096
1982,1606
1983,2173
1983,2165
1983,1848
1983,2284
1983,2171
1983,2065
1983,2178
1983,2283
1983,259
1984,1658
1984,816
1986,974
1988,1084
1988,518
1988,984
1988,956
1988,2347
1988,633
1988,2058
1988,1326
1988,274
1988,961
1988,1097
1988,1724
1989,384
1989,1569
1989,441
1989,1356
1991,2026
1991,2027
1991,1045
1991,2407
1991,2131
1991,480
1991,1571
1991,1676
1991,1664
1991,952
1991,1101
1991,945
1991,1829
1991,2393
1991,2981
1991,997
1991,900
1991,1876
1991,2110
1991,1096
1991,2878
1991,946
1991,535
1991,1810
1991,1100
1991,960
1991,2028
1995,604
1995,1095
1995,9
1995,1797
1995,1484
1995,306
1995,639
1995,252
1995,1109
1995,337
1995,274
1995,1260
1995,87
1995,1565
1995,1483
1995,838
1995,1278
1995,379
1995,458
1995,334
1995,1241
1996,865
1996,2502
1996,2790
1996,2584
1996,2791
1996,1517
1996,1504
1996,760
1996,1752
1996,1515
1996,882
1997,1848
1997,2601
1997,2194
1997,2590
1997,2078
1997,1629
1997,1203
1998,860
1998,2704
1998,276
1998,1020
1998,467
1998,48
1998,959
1998,2949
1998,2256
1998,679
1998,2326
1999,285
1999,1842
1999,1297
1999,1679
2000,1272
2000,956
2000,984
2000,942
2000,829
2000,518
2000,276
2000,2326
2000,256
2000,1348
2000,400
2000,944
2000,521
2000,48
2000,99
2000,480
2000,5
2000,225
2000,2347
2000,533
2000,1800
2000,730
2001,2623
2001,848
2001,385
2001,2037
2001,1206
2005,1348
2005,1533
2005,1331
2005,2840
2005,1523
2005,1116
2007,1713
2008,2764
2008,958
2008,982
2008,998
2010,1484
2010,639
2010,87
2010,633
2010,1483
2010,1565
2010,379
2012,2477
2016,715
2016,716
2016,2821
2016,996
2016,988
2016,975
2016,1515
2017,2502
2017,1020
2017,2584
2017,953
2017,2551
2017,2791
2017,1043
2017,1517
2017,1504
2017,1006
2017,994
2017,1515
2018,2601
2018,2318
2018,2425
2018,1945
2019,720
2019,721
2019,709
2019,710
2019,734
2020,1566
2021,2225
2021,2153
2021,2150
2021,2601
2021,2036
2021,2590
2021,2168
2021,2284
2021,2167
2021,1993
2021,1478
2021,1203
2021,1945
2021,2283
2021,2081
2021,2425
2021,41
2021,2318
2021,2219
2021,2257
2021,1851
2022,715
2022,716
2022,1000
2022,2451
2022,757
2022,1038
2024,975
2024,1820
2025,848
2025,260
2025,1086
2025,1348
2025,256
2025,533
2025,34
2025,631
2025,2297
2025,2326
2025,870
2025,1361
2025,1331
2025,959
2025,48
2028,2342
2028,259
2028,1828
2028,1524
2028,1851
2029,1618
2029,1800
2029,416
2029,140
2030,2150
2030,2225
2030,2036
2030,1993
2030,2159
2030,638
2032,1019
2032,1674
2032,1035
2032,520
2033,950
2034,1326
2034,900
2034,1810
2034,535
2034,2878
2034,961
2034,1338
2036,2214
2042,865
2042,2502
2042,2584
2042,1020
2042,2551
2042,2821
2042,3005
2042,998
2042,958
2042,1504
2042,996
2042,1752
2042,2589
2042,755
2046,1637
2046,815
2046,1646
2046,1475
2046,1235
2046,1639
2046,1693
2055,848
2055,15
2055,849
2055,45
2055,2623
2055,1195
2055,1206
2055,1844
2055,95
2057,1618
2057,142
2057,1867
2057,310
2057,1483
2057,1724
2057,2841
2057,1241
2060,1797
2061,1086
2061,1348
2061,276
2061,533
2061,256
2061,870
2061,48
2061,959
2061,521
2061,1331
2062,974
2062,1086
2062,883
2062,991
2062,2821
2062,276
2062,24
2062,1510
2062,959
2062,729
2062,34
2062,100
2064,2225
2064,2601
2064,2078
2064,2194
2064,1945
2066,2026
2066,1045
2066,2131
2066,1571
2066,1829
2066,2448
2066,997
2066,1876
2066,1096
2068,1674
2068,1888
2070,1510
2070,1020
2070,2821
2070,2584
2070,1000
2070,1038
2070,716
2070,994
2070,1006
2070,996
2070,1820
2070,1515
2073,2739
2076,172
2079,1810
2079,961
2083,848
2083,1086
2083,1117
2083,1348
2083,276
2083,256
2083,260
2083,533
2083,24
2083,2326
2083,2753
2083,631
2083,1623
2083,48
2083,959
2083,45
2083,521
2083,1173
2083,1294
2083,876
2083,2297
2083,34
2086,1840
2090,2622
2090,1323
2090,449
2090,2002
2090,1331
2090,1348
2090,1116
2092,604
2092,1095
2092,1797
2092,1484
2092,142
2092,829
2092,1867
2092,306
2092,2626
2092,1800
2092,310
2092,416
2092,2439
2092,639
2092,518
2092,140
2092,1356
2092,252
2092,1724
2092,1109
2092,435
2092,87
2092,837
2092,5
2092,1241
2092,1278
2092,334
2092,458
2094,1237
2096,1811
2096,1623
2096,1117
2096,1032
2096,2753
2096,2079
2096,1159
2096,1036
2097,986
2097,1043
2097,1519
2097,984
2097,871
2097,2841
2101,1936
2101,1165
2101,296
2101,6
2101,1460
2101,144
2101,249
2101,531
2101,1081
2101,1998
2101,2007
2101,44
2101,2629
2101,2765
2104,1045
2104,1571
2104,480
2104,1829
2104,1583
2104,2448
2104,952
2104,945
2104,2878
2104,2133
2108,3163
2110,1045
2110,730
2110,2131
2110,1571
2110,1676
2110,945
2110,1583
2110,2448
2110,1829
2110,952
2110,1572
2110,1876
2110,2133
2110,2878
2110,1810
2117,1020
2117,953
2117,729
2117,1038
2117,718
2117,1011
2117,709
2117,950
2117,725
2117,1000
2117,3005
2117,1032
2117,979
2117,2706
2117,975
2117,716
2117,710
2117,996
2117,2961
2117,1820
2117,1036
2117,2302
2117,1742
2120,140
2120,5
2120,837
2121,1539
2121,1842
2123,1019
2123,2377
2123,1800
2123,947
2123,1748
2125,2729
2131,2502
2131,953
2131,729
2131,1000
2131,2791
2131,998
2132,600
2132,1842
2132,1539
2132,1679
2132,1833
2132,1297
2132,1588
2132,1554
2133,2393
2138,1354
2138,474
2138,1024
2138,789
2139,1116
2139,2625
2139,2623
2139,1331
2139,1389
2139,37
2139,1837
2140,604
2140,1095
2140,9
2140,1797
2140,1484
2140,1618
2140,1867
2140,306
2140,2626
2140,310
2140,639
2140,337
2140,2439
2140,1724
2140,1260
2140,435
2140,140
2140,87
2140,1565
2140,837
2140,838
2140,1241
2140,5
2140,458
2142,1095
2142,9
2142,1797
2142,1484
2142,829
2142,1618
2142,142
2142,1867
2142,1800
2142,310
2142,1724
2142,87
2142,140
2142,1565
2142,1915
2142,1888
2142,837
2142,1278
2142,3015
2143,1797
2147,932
2147,1773
2147,1866
2147,2346
2147,877
2147,1037
2148,2496
2150,932
2150,1773
2150,1044
2150,933
2151,260
2151,305
2153,1623
2153,945
2154,720
2154,522
2154,705
2154,1512
2154,1516
2154,523
2154,725
2154,821
2154,1026
2156,2622
2156,449
2156,1348
2156,1085
2157,1019
2157,1674
2157,2841
2157,2407
2157,2411
2157,1097
2157,639
2157,2415
2157,1099
2157,87
2157,2413
2157,1101
2157,520
2159,2871
2160,2225
2160,1478
2160,2066
2160,2216
2160,2078
2160,1203
2161,2173
2161,2400
2162,716
2162,711
2162,1000
2162,761
2162,2302
2162,757
2163,604
2163,1095
2163,1797
2163,9
2163,1484
2163,142
2163,1867
2163,639
2163,2626
2163,1800
2163,1356
2163,252
2163,2411
2163,2439
2163,1109
2163,435
2163,140
2163,1724
2163,87
2163,1565
2163,837
2163,1888
2163,379
2163,458
2166,2153
2166,1478
2166,2284
2166,2425
2166,2168
2166,2601
2166,1945
2166,2914
2169,1035
2169,1664
2171,2026
2171,2027
2171,2841
2171,1571
2171,1664
2171,1326
2171,1676
2171,1829
2171,2980
2171,2981
2171,2979
2171,900
2171,1876
2171,535
2171,946
2173,2036
2173,2284
2173,1945
2173,1851
2175,1890
2176,2173
2176,2194
2176,2342
2176,2590
2176,1993
2176,259
2176,2165
2176,1835
2176,201
2176,2102
2177,1097
2177,1114
2177,286
2177,1476
2182,705
2182,1639
2182,1032
2182,1512
2182,522
2183,1348
2183,260
2183,1331
2183,1085
2183,2471
2183,305
2183,34
2185,848
2189,2150
2189,2003
2189,2159
2189,2059
2192,45
2192,1361
2192,2037
2192,248
2192,48
2196,2623
2196,848
2196,1348
2196,1086
2196,260
2196,1195
2196,276
2196,1331
2196,1811
2196,1393
2196,256
2196,24
2196,533
2196,1371
2196,1294
2196,2297
2196,32
2196,1840
2196,1159
2198,1248
2200,860
2200,1117
2200,861
2200,2728
2200,1032
2200,725
2200,1014
2200,2256
2200,1533
2201,1045
2201,952
2201,945
2201,1572
2201,2133
2205,1095
2205,1618
2205,1797
2205,142
2205,310
2205,518
2205,2347
2205,1724
2206,2625
2206,49
2206,2701
2206,1393
2206,305
2206,1294
2206,2471
2206,1667
2208,865
2208,2551
2208,996
2208,2961
2208,1752
2208,2589
2209,518
2209,1211
2209,1618
2209,400
2209,416
2209,45
2209,1800
2209,2347
2209,2058
2209,1867
2209,1241
2212,2525
2214,1085
2214,1328
2214,2630
2215,456
2215,1354
2215,1258
2215,789
2215,260
2215,876
2215,832
2215,391
2215,464
2215,1024
2215,1421
2215,244
2216,1084
2216,1211
2216,984
2216,2347
2216,1326
2216,1099
2216,274
2216,1097
2216,633
2216,2058
2217,2026
2217,1045
2217,2448
2217,286
2217,1905
2219,1235
2219,1606
2220,2790
2220,1517
2221,1020
2221,1510
2221,2584
2221,953
2221,729
2221,1038
2221,718
2221,1011
2221,725
2221,950
2221,1006
2221,998
2221,1000
2221,979
2221,716
2221,710
2221,996
2221,1752
2221,958
2221,2302
2222,3025
2224,883
2224,991
2224,2502
2224,953
2224,2551
2224,715
2224,1517
2224,2791
2224,710
2224,1504
2224,760
2224,2589
2228,865
2228,1020
2228,715
2228,3005
2228,1011
2228,2821
2228,974
2228,2961
2228,1752
2228,1038
2228,2438
2231,1019
2231,829
2231,2415
2231,2377
2231,947
2231,1748
2231,2411
2231,2841
2231,2445
2231,2374
2231,2980
2231,2769
2231,1915
2232,1475
2232,1637
2232,822
2232,815
2232,1640
2232,1646
2232,1639
2232,823
2232,522
2232,1661
2232,816
2232,98
2232,1642
2232,1644
2232,517
2232,821
2232,1608
2232,1576
2232,1252
2233,860
2233,1117
2233,2455
2233,1314
2233,2349
2233,2594
2233,1195
2233,1009
2233,2625
2233,2346
2233,1702
2233,2775
2233,2840
2233,1014
2233,1294
2235,815
2235,1646
2235,1639
2235,522
2235,1475
2235,523
2235,1661
2235,823
2235,821
2235,826
2235,98
2235,818
2235,816
2235,517
2235,1580
2235,1608
2235,1576
2236,991
2236,2821
2236,1517
2236,1043
2236,975
2236,932
2237,848
2237,1195
2237,1009
2237,1371
2237,2037
2237,2701
2237,1294
2237,1489
2239,604
2239,9
2239,1095
2239,1797
2239,1272
2239,1618
2239,1211
2239,142
2239,1867
2239,1800
2239,274
2239,306
2239,2626
2239,2347
2239,1035
2239,633
2239,1356
2239,337
2239,87
2239,252
2239,1326
2239,1483
2239,140
2239,1097
2239,1278
2239,2058
2244,1773
2245,1371
2245,49
2245,2701
2245,1294
2245,1667
2245,299
2247,1084
2247,274
2247,633
2247,286
2253,345
2253,244
2256,3005
2258,998
2258,958
2258,718
2258,716
2258,975
2259,1084
2259,1211
2259,1097
2259,2347
2259,633
2259,1905
2259,286
2259,87
2261,2026
2261,2027
2261,730
2261,1045
2261,480
2261,2131
2261,1571
2261,1664
2261,952
2261,1101
2261,1099
2261,2393
2261,2793
2261,1572
2261,2979
2261,997
2261,900
2261,1876
2261,946
2261,2133
2261,2878
2261,1810
2261,1372
2263,2153
2263,1478
2263,2284
2263,2520
2263,2078
2263,2318
2263,2283
2263,1945
2263,1991
2263,2272
2264,2473
2264,2374
2265,1510
2265,100
2265,982
2267,1046
2269,715
2269,1011
2269,709
2269,998
2269,716
2269,1742
2269,958
2269,996
2269,1752
2269,2764
2269,1515
2270,760
2270,2584
2270,1027
2274,874
2274,2601
2274,2153
2274,2168
2274,2036
2274,2165
2274,1478
2274,1945
2274,2284
2274,1828
2274,2078
2274,1993
2274,1203
2274,2081
2274,2257
2274,2318
2275,1084
2275,1211
2275,2841
2275,274
2275,1326
2275,1097
2275,2027
2275,1664
2275,2347
2275,1099
2275,1101
2275,1045
2275,1571
2275,1114
2275,1583
2275,286
2275,1905
2275,1248
2275,633
2275,1829
2275,1606
2275,172
2278,1095
2278,1797
2278,1484
2278,1618
2278,1272
2278,829
2278,142
2278,1867
2278,1800
2278,306
2278,2626
2278,639
2278,1356
2278,337
2278,1109
2278,87
2278,2413
2278,1565
2278,2347
2278,837
2278,1915
2279,518
2279,942
2279,946
2280,1095
2280,9
2280,142
2280,2626
2280,337
2280,1109
2280,1483
2280,87
2280,2347
2280,1241
2281,1276
2281,1456
2282,16
2282,721
2286,1032
2286,2753
2286,2497
2286,1862
2289,1045
2289,2131
2289,480
2289,1571
2289,1676
2289,2793
2289,1829
2289,1583
2289,997
2290,2173
2290,259
2297,95
2297,199
2297,2150
2297,2167
2298,2168
2298,2425
2298,2153
2298,79
2298,1945
2300,883
2300,1510
2300,865
2300,2790
2300,991
2300,953
2300,974
2300,982
2300,2496
2300,1043
2300,1517
2300,2497
2300,994
2300,882
2303,1211
2303,1326
2303,604
2303,9
2303,1797
2303,1724
2306,2131
2307,2630
2308,2502
2308,2551
2308,1504
2308,2791
2308,1517
2308,1515
2308,882
2313,604
2313,1484
2313,9
2313,306
2313,1867
2313,1356
2313,252
2316,1051
2316,1773
2319,720
2319,815
2319,2371
2319,1658
2319,1512
2319,2859
2319,2953
2319,2472
2324,1043
2327,1811
2327,260
2327,848
2327,533
2327,24
2327,631
2327,2326
2327,959
2327,1085
2327,34
2327,1331
2327,1840
2327,48
2327,1195
2327,498
2327,1116
2327,1291
2328,1075
2328,1677
2328,1547
2328,1539
2328,1557
2328,2306
2328,1554
2328,2012
2328,1078
2328,2437
2328,2115
2328,1706
2328,1074
2328,2018
2328,1967
2328,901
2328,1562
2328,2119
2328,2124
2328,1058
2328,2236
2328,2117
2330,2027
2330,1084
2330,1045
2330,730
2330,2131
2330,2407
2330,2841
2330,480
2330,1664
2330,1101
2330,1583
2330,1829
2330,952
2330,1099
2330,1326
2330,945
2330,2448
2330,984
2330,2980
2330,2793
2330,2393
2330,1097
2330,2981
2330,997
2330,2347
2330,1487
2330,1572
2330,2979
2330,1248
2330,900
2330,286
2330,1905
2330,518
2330,2110
2330,1096
2330,2878
2330,2133
2330,946
2330,1476
2331,716
2331,711
2331,761
2331,736
2331,734
2331,757
2343,2255
2345,709
2345,1011
2345,2764
2345,2961
2345,710
2345,996
2345,728
2345,1752
2346,2584
2346,994
2346,2586
2346,1006
2346,1027
2346,1016
2347,1422
2350,1935
2352,1291
2352,1085
2352,1354
2352,1328
2352,34
2352,24
2352,876
2352,474
2352,345
2352,2507
2352,1421
2354,1797
2356,1348
2356,1793
2356,1116
2361,822
2361,815
2361,1235
2361,1475
2361,823
2361,636
2361,1658
2361,2729
2361,818
2361,2731
2361,590
2361,46
2361,1699
2361,1868
2361,1252
2362,1844
2362,1361
2362,870
2362,631
2362,15
2362,1173
2362,376
2363,947
2363,2377
2363,829
2363,2413
2363,2415
2363,1519
2363,1035
2363,944
2363,2374
2363,2411
2363,1031
2363,2511
2363,966
2363,968
2363,2924
2364,1020
2364,729
2364,982
2364,1000
2364,1032
2364,716
2364,1820
2365,1165
2365,478
2365,296
2365,204
2365,2140
2365,6
2365,2617
2365,516
2365,249
2365,1389
2365,2007
2365,1186
2365,515
2366,1718
2367,2153
2367,2078
2367,2318
2367,2257
2367,1524
2369,1974
2371,1811
2371,1086
2371,876
2371,1348
2371,260
2371,533
2371,34
2371,631
2371,276
2371,256
2371,1354
2371,456
2371,1840
2371,1328
2371,789
2371,32
2371,643
2375,1539
2375,1547
2375,1075
2375,2016
2375,1677
2375,1554
2375,1078
2375,2012
2375,1706
2375,1073
2375,1960
2375,1680
2375,1074
2375,901
2375,1542
2375,1058
2375,1566
2375,354
2379,849
2379,1361
2379,15
2379,870
2379,1173
2379,493
2382,1510
2382,2502
2382,2790
2382,2496
2382,715
2382,2551
2382,3005
2382,1011
2382,2821
2382,1000
2382,729
2382,716
2382,998
2382,1517
2382,1504
2382,2764
2382,996
2382,975
2382,711
2382,2589
2382,1038
2382,755
2382,927
2382,2451
2382,756
2382,736
2382,2536
2382,728
2385,2791
2389,1637
2389,1640
2389,815
2389,822
2389,1475
2389,1646
2389,523
2389,524
2389,826
2389,321
2389,1649
2393,1165
2393,411
2393,1237
2393,204
2393,478
2393,2140
2393,1460
2393,1997
2393,813
2393,2007
2393,441
2393,589
2396,730
2396,1571
2396,2841
2396,2793
2396,1829
2399,9
2399,1019
2399,1095
2399,1797
2399,1484
2399,1618
2399,829
2399,1674
2399,1272
2399,1211
2399,1084
2399,142
2399,274
2399,1867
2399,310
2399,306
2399,2626
2399,2347
2399,639
2399,1724
2399,1035
2399,1356
2399,1326
2399,2439
2399,87
2399,337
2399,1097
2399,1109
2399,140
2399,1278
2399,837
2401,883
2401,2551
2401,1517
2403,761
2408,525
2408,1237
2408,516
2408,10
2408,1389
2408,1116
2409,493
2409,1915
2410,1095
2410,2626
2410,2411
2410,1748
2411,860
2411,2455
2411,1117
2411,2623
2411,2349
2411,2704
2411,2594
2411,2862
2411,1051
2411,1971
2411,1195
2411,2494
2411,1009
2411,2840
2411,2775
2411,1883
2411,1001
2411,1014
2411,1821
2411,1533
2411,2249
2411,2247
2412,45
2412,849
2412,1765
2416,1462
2417,1637
2417,822
2417,720
2417,2052
2417,1640
2417,1646
2417,1639
2417,1655
2417,522
2417,1512
2417,823
2417,744
2417,1658
2417,1693
2417,705
2417,821
2417,2859
2417,828
2417,1580
2417,2472
2418,478
2418,525
2418,1237
2418,1997
2418,441
2418,2034
2419,816
2420,1019
2420,1797
2420,2413
2420,1724
2420,87
2421,1314
2421,2594
2421,2494
2421,1883
2421,1692
2422,2455
2422,1314
2422,2594
2422,2862
2422,1702
2422,1883
2422,2494
2422,1821
2422,1001
2422,1041
2422,2247
2422,2456
2422,1890
2423,2078
2423,1945
2423,2219
2423,1575
2425,34
2425,832
2425,2507
2425,1024
2429,572
2429,1235
2429,1933
2430,2027
2430,2841
2430,2980
2430,1583
2430,2393
2430,2981
2430,2979
2430,900
2430,961
2430,535
2430,2878
2430,946
2433,604
2433,9
2433,1095
2433,1797
2433,1484
2433,1618
2433,1211
2433,142
2433,310
2433,2347
2433,1724
2433,1356
2433,1326
2433,87
2433,1483
2433,252
2433,1565
2434,2622
2434,1323
2436,1206
2437,861
2439,932
2440,865
2440,2790
2440,2584
2440,1011
2440,1043
2440,3005
2440,950
2440,998
2440,1006
2440,994
2440,996
2440,1518
2440,1515
2440,679
2444,2271
2447,1117
2447,1086
2447,974
2447,1348
2447,2349
2447,256
2447,959
2447,2862
2447,1046
2447,2594
2447,48
2447,2623
2447,2256
2447,905
2447,1793
2447,521
2451,883
2451,2551
2451,1043
2451,1517
2451,2589
2453,883
2453,2502
2453,2790
2453,1020
2453,2584
2453,2551
2453,715
2453,1011
2453,3005
2453,998
2453,950
2453,1517
2453,1038
2453,1504
2453,994
2453,1006
2453,1515
2453,927
2453,755
2456,865
2456,1020
2456,2821
2456,1510
2456,953
2456,991
2456,2790
2456,2551
2456,2584
2456,715
2456,1038
2456,725
2456,950
2456,998
2456,1006
2456,2706
2456,760
2456,1820
2456,710
2456,1518
2456,979
2461,883
2461,982
2461,2496
2462,2494
2462,1883
2462,1935
2470,1936
2470,1165
2470,296
2470,204
2470,6
2470,144
2470,119
2470,249
2470,531
2470,2007
2470,2765
2470,217
2470,579
2474,1575
2474,2194
2474,1945
2474,2601
2474,1629
2474,2590
2474,2153
2475,1109
2475,1278
2475,1228
2482,2821
2482,1811
2482,1032
2482,1044
2482,789
2482,1354
2482,1623
2485,1876
2487,1510
2487,1504
2487,882
2499,715
2499,716
2499,711
2499,761
2499,2451
2499,757
2501,865
2501,2551
2501,2791
2501,1752
2501,882
2502,986
2502,947
2502,2377
2502,1519
2502,1272
2502,2374
2502,2413
2502,1748
2502,679
2502,2415
2502,984
2502,829
2502,944
2502,1016
2502,1031
2502,960
2508,525
2508,1936
2508,296
2508,1237
2508,478
2508,6
2508,1997
2508,441
2511,525
2511,1936
2511,2140
2511,384
2511,296
2511,441
2511,10
2511,1393
2512,715
2512,716
2512,711
2512,1000
2512,1020
2512,2706
2512,757
2512,710
2512,2451
2512,1038
2519,883
2519,1510
2519,865
2519,2790
2519,715
2519,2584
2519,991
2519,982
2519,1020
2519,2821
2519,3005
2519,709
2519,729
2519,1000
2519,974
2519,2791
2519,716
2519,998
2519,950
2519,2497
2519,1504
2519,2961
2519,2764
2519,760
2519,975
2519,710
2519,718
2519,996
2519,2589
2519,711
2519,927
2519,994
2519,2451
2519,963
2519,756
2519,2536
2519,2302
2519,1820
2519,728
2519,732
2521,883
2521,865
2521,998
2521,1517
2521,1504
2521,2589
2521,1515
2521,882
2522,1011
2522,2764
2522,1504
2522,996
2522,756
2522,710
2522,1752
2522,736
2522,882
2522,728
2522,1515
2523,2081
2523,2425
2523,2318
2523,1945
2524,604
2524,9
2524,2626
2524,337
2524,1356
2525,2584
2525,950
2525,1518
2525,998
2527,1464
2527,516
2527,813
2527,441
2527,2629
2528,1095
2528,142
2528,2439
2529,1044
2530,2584
2530,2790
2530,710
2533,1614
2534,2284
2534,2520
2534,1618
2534,9
2534,2318
2534,142
2534,306
2534,1867
2534,1483
2534,1272
2534,633
2534,2626
2534,1260
2534,416
2534,1241
2534,1991
2534,1181
2536,2821
2536,2753
2536,932
2536,2497
2537,172
2540,604
2540,9
2540,1095
2540,1674
2540,1867
2540,306
2540,1356
2540,1483
2540,520
2541,730
2541,480
2541,952
2541,986
2541,984
2541,2393
2541,960
2541,2407
2541,956
2541,1019
2541,979
2541,1020
2541,679
2541,945
2541,225
2541,1519
2541,1101
2541,1518
2541,942
2541,1272
2541,946
2541,1748
2541,518
2541,1664
2541,944
2541,1099
2541,829
2541,968
2541,2347
2542,2150
2542,2284
2542,874
2542,2225
2542,2036
2542,2601
2542,2173
2542,2168
2542,2078
2542,1478
2542,638
2542,2159
2542,1828
2542,2283
2542,2003
2542,2081
2542,2425
2542,2194
2542,2183
2542,1945
2542,2165
2542,2163
2542,2178
2542,1203
2542,2065
2542,1906
2542,2182
2544,1328
2544,1290
2546,1086
2546,1811
2546,260
2546,256
2546,34
2546,959
2546,32
2546,48
2546,1840
2546,203
2546,294
2546,521
2548,716
2548,711
2548,2451
2549,2520
2549,2318
2550,2407
2550,1664
2550,2393
2550,961
2550,535
2553,883
2553,1510
2553,2790
2553,991
2553,953
2553,2551
2553,2821
2553,2496
2553,982
2553,1011
2553,3005
2553,2791
2553,950
2553,998
2553,1517
2553,718
2553,958
2553,1504
2553,996
2553,882
2553,963
2555,865
2555,709
2555,710
2555,882
2555,1515
2555,996
2556,1159
2556,2477
2556,1811
2557,1677
2560,3016
2561,1272
2561,1590
2563,974
2563,1811
2563,2438
2563,991
2563,2821
2563,1117
2563,2551
2563,876
2563,533
2564,1547
2564,1539
2564,2437
2564,1078
2564,1560
2564,1127
2564,1067
2564,1562
2564,1535
2568,306
2570,645
2570,411
2570,6
2570,119
2570,478
2572,1095
2572,9
2572,829
2572,2626
2572,306
2572,1278
2573,2841
2573,2407
2573,2026
2573,1664
2573,1326
2573,1101
2573,1097
2573,2347
2573,1019
2573,518
2573,2980
2573,2981
2573,2393
2573,2979
2573,961
2573,2110
2573,535
2573,1096
2573,1876
2578,2455
2578,1314
2578,1001
2579,730
2579,945
2579,2793
2579,946
2579,960
2579,1810
2580,2821
2580,715
2580,1020
2580,716
2580,1000
2580,1038
2580,2706
2580,711
2580,975
2580,2302
2580,1820
2580,1036
2582,2438
2582,932
2582,2753
2582,832
2582,1024
2582,1354
2586,1811
2586,1009
2586,1159
2586,1294
2586,305
2590,932
2590,976
2590,2791
2590,1044
2591,1323
2591,449
2591,1116
2591,2625
2591,1793
2591,648
2591,1015
2591,2507
2591,10
2591,1348
2591,260
2591,1085
2591,2002
2591,1393
2593,979
2594,1095
2594,1484
2594,1867
2594,639
2594,252
2594,435
2594,1483
2594,838
2594,87
2594,1278
2594,379
2596,1332
2603,2439
2603,458
2604,874
2604,2601
2604,2194
2604,2590
2604,1993
2604,1848
2604,1828
2604,2078
2604,1945
2604,259
2604,1851
2605,715
2605,711
2605,2302
2605,2451
2605,1038
2608,1811
2608,456
2608,2630
2608,1294
2608,789
2608,2471
2610,1348
2610,1116
2610,2297
2610,1840
2611,2590
2611,2284
2611,1203
2612,1314
2612,2594
2612,2862
2612,1883
2613,1009
2613,32
2613,1840
2615,2349
2615,871
2615,276
2615,1348
2615,533
2615,2594
2615,467
2615,2862
2615,1046
2618,1963
2619,2623
2619,2455
2619,1314
2619,1195
2619,2594
2619,2349
2619,1009
2619,1051
2619,2704
2619,1116
2619,384
2619,1393
2619,1533
2619,10
2619,2346
2619,2703
2619,2775
2619,2840
2620,1793
2620,276
2620,1116
2620,449
2620,10
2620,2002
2620,99
2620,1590
2625,1019
2625,829
2625,1272
2625,1095
2625,2841
2625,1800
2625,2413
2625,2415
2625,984
2625,2411
2625,2626
2625,2445
2625,1748
2625,2377
2626,2821
2626,1000
2626,1820
2626,1032
2627,2225
2627,2173
2627,2168
2627,1848
2627,2590
2627,2717
2629,874
2629,2601
2629,2168
2629,2036
2629,2590
2629,638
2629,2171
2629,2167
2633,2821
2633,715
2633,1000
2633,1038
2633,975
2633,1820
2633,2451
2634,705
2636,757
2638,2455
2638,1314
2638,2862
2638,2346
2638,2494
2638,1883
2639,2841
2640,2622
2640,1793
2640,2002
2641,720
2641,54
2641,1040
2641,991
2641,705
2644,865
2644,1510
2644,2790
2644,2821
2644,1043
2644,1504
2644,994
2644,1752
2644,1515
2644,882
2647,1623
2652,953
2652,1020
2652,725
2652,991
2652,718
2652,715
2652,705
2652,716
2652,709
2652,760
2652,1011
2652,720
2652,2302
2652,975
2652,1032
2652,759
2653,757
2656,1272
2656,604
2656,829
2656,416
2656,2349
2656,306
2656,2626
2656,1748
2656,2775
2656,944
2656,521
2656,334
2657,1624
2659,964
2660,188
2660,199
2660,1489
2661,860
2661,2349
2661,905
2661,861
2661,276
2661,1051
2661,2728
2661,725
2661,718
2661,1590
2661,467
2661,942
2661,1009
2661,2256
2665,1510
2665,1504
2665,760
2665,1515
2665,882
2667,2821
2667,953
2667,715
2667,709
2667,716
2667,2706
2667,975
2667,710
2667,1036
2667,1820
2667,1515
2668,1298
2668,1462
2668,1071
2669,2153
2671,720
2671,1516
2671,828
2674,1547
2674,2335
2675,1742
2675,2764
2675,728
2676,883
2676,1510
2676,2502
2676,865
2676,2790
2676,2584
2676,953
2676,2791
2676,1504
2676,1517
2676,755
2676,1515
2683,1484
2683,1356
2685,720
2685,1646
2685,2052
2685,1658
2685,2371
2688,1619
2693,848
2693,2623
2693,1393
2693,1159
2693,498
2693,2349
2693,1294
2693,1456
2693,2594
2693,43
2693,385
2696,976
2697,1099
2697,1101
2698,1998
2701,2753
2701,2821
2701,1038
2701,865
2701,979
2701,976
2701,1518
2701,861
2701,2949
2701,1773
2701,2455
2701,1051
2701,2594
2701,2346
2701,2706
2702,1084
2702,1096
2702,1101
2702,286
2702,1100
2702,2110
2703,2497
2705,2425
2707,294
2709,1575
2710,1084
2710,1211
2710,1097
2710,1326
2710,2347
2710,633
2710,2027
2710,1114
2710,1101
2710,1905
2710,1248
2710,286
2713,648
2713,1323
2717,1804
2717,1159
2717,152
2720,1971
2720,2701
2720,49
2724,1038
2724,896
2724,2949
2726,604
2726,1019
2726,9
2726,829
2726,1674
2726,1211
2726,1084
2726,1272
2726,2841
2726,1797
2726,2407
2726,274
2726,2347
2726,1867
2726,984
2726,1035
2726,633
2726,1326
2726,1664
2726,1724
2726,2415
2726,1097
2726,2027
2726,1905
2726,1114
2726,337
2726,2058
2726,3015
2726,961
2726,1483
2726,2980
2727,865
2727,2821
2727,2551
2727,2496
2727,1011
2727,2497
2727,2961
2727,996
2727,1820
2727,2589
2727,988
2727,1036
2728,2455
2728,2349
2728,848
2728,2862
2728,905
2728,1195
2728,1702
2728,1009
2728,1001
2731,1518
2731,1006
2733,883
2733,865
2733,991
2733,2821
2733,1510
2733,718
2733,729
2733,2497
2733,709
2733,1011
2733,982
2733,998
2733,2496
2733,760
2733,716
2733,710
2734,979
2734,896
2734,2949
2734,2706
2734,1519
2734,1036
2735,821
2735,1580
2735,806
2737,1348
2737,276
2737,256
2737,870
2737,631
2737,2326
2737,959
2737,1793
2737,521
2737,1331
2737,1590
2738,815
2738,2052
2738,522
2738,1655
2738,1512
2740,2623
2740,400
2740,1793
2740,848
2740,2625
2740,2326
2740,1331
2740,1489
2741,1888
2745,1935
2745,1179
2745,1883
2746,188
2746,1186
2747,1811
2747,1117
2747,2753
2747,860
2747,2704
2747,2821
2747,1773
2747,1036
2747,715
2748,982
2749,2225
2749,2173
2749,2601
2749,2167
2749,638
2749,193
2749,2168
2749,2065
2749,2165
2749,2079
2749,2567
2749,1993
2749,2590
2749,2216
2752,1045
2752,730
2752,480
2752,1829
2752,2448
2752,952
2752,945
2752,2793
2752,2393
2752,1487
2752,1572
2752,2878
2752,2133
2753,533
2753,1173
2753,876
2755,829
2755,2377
2755,1748
2755,1519
2755,416
2755,1800
2755,5
2755,1095
2755,1618
2755,400
2755,2626
2755,306
2756,2349
2756,2594
2756,2753
2756,1623
2756,1032
2756,974
2756,2438
2757,883
2757,1510
2757,2790
2757,2551
2757,982
2757,2496
2757,2791
2757,950
2757,1517
2757,927
2757,882
2758,2407
2758,2841
2758,1211
2758,1045
2758,480
2758,1664
2758,1101
2758,1099
2758,2347
2758,1097
2758,1829
2758,518
2758,274
2758,1248
2758,1905
2758,2979
2758,956
2758,286
2758,997
2758,1114
2758,2110
2758,946
2758,1096
2758,1876
2758,1476
2758,633
2758,172
2761,2622
2761,1793
2761,1116
2761,1348
2761,1331
2761,1046
2761,276
2761,10
2762,976
2763,3005
2763,1515
2763,996
2767,883
2767,1510
2767,865
2767,2502
2767,2584
2767,991
2767,2551
2767,953
2767,2821
2767,3005
2767,1011
2767,729
2767,974
2767,2791
2767,998
2767,950
2767,716
2767,958
2767,1517
2767,1043
2767,1504
2767,710
2767,718
2767,2764
2767,996
2767,2589
2767,1515
2767,994
2767,927
2767,755
2772,1811
2772,1117
2772,2753
2772,1623
2772,876
2773,9
2773,1797
2773,1484
2773,306
2773,639
2773,87
2773,252
2773,1109
2773,435
2773,838
2773,1278
2774,1510
2774,865
2774,2790
2774,953
2774,3005
2774,998
2774,1517
2774,1504
2774,996
2774,2589
2774,1515
2775,848
2775,1348
2775,276
2775,2326
2775,256
2775,95
2775,48
2778,2455
2778,2704
2778,2349
2778,1314
2778,2481
2778,2862
2778,2753
2778,2346
2778,1971
2778,2840
2778,1533
2778,1702
2778,1029
2778,1032
2778,2775
2778,2494
2778,1883
2778,1773
2778,1774
2778,1821
2779,636
2780,2496
2780,2536
2781,1019
2781,829
2781,1674
2781,1095
2781,1797
2781,1800
2781,1867
2781,416
2781,1035
2781,306
2781,2626
2781,310
2781,2415
2781,2439
2781,1748
2781,1724
2781,5
2781,520
2781,140
2781,956
2781,334
2781,2058
2781,1356
2781,400
2781,947
2781,493
2782,604
2782,9
2782,306
2784,604
2784,1095
2784,829
2784,1272
2784,1674
2784,306
2784,2626
2784,1356
2784,337
2784,1109
2784,416
2784,838
2784,379
2785,400
2785,1569
2785,645
2785,633
2785,1793
2785,1116
2785,2625
2791,1173
2791,959
2793,474
2794,715
2794,2551
2794,2496
2794,3005
2794,2821
2794,1011
2794,1000
2794,958
2794,716
2794,1742
2794,975
2794,996
2794,988
2796,638
2796,193
2796,2167
2799,679
2800,1811
2800,1623
2800,789
2800,1032
2801,1848
2801,874
2801,2173
2804,1195
2804,1009
2804,848
2804,1371
2804,905
2805,982
2807,1331
2807,45
2808,1082
2808,832
2814,848
2814,2297
2814,1907
2814,2419
2814,1331
2814,1840
2814,256
2814,905
2814,2326
2814,2163
2814,2079
2814,2256
2814,631
2816,716
2816,1000
2816,711
2816,1820
2819,285
2819,1005
2824,1095
2824,142
2824,1724
2826,848
2826,1348
2826,2326
2826,1331
2826,2775
2826,2297
2828,1848
2828,1828
2828,1851
2829,2377
2829,2374
2830,1366
2830,1354
2833,1674
2833,2377
2833,829
2833,2413
2833,1519
2833,2415
2833,1748
2833,1035
2833,2374
2833,966
2833,1031
2834,2659
2838,1547
2838,1677
2838,1056
2838,1078
2838,1005
2838,2437
2838,1127
2838,1073
2838,1718
2839,848
2839,1811
2839,260
2839,24
2839,631
2839,533
2839,876
2839,870
2839,305
2839,1291
2839,1195
2839,959
2839,1085
2839,1907
2839,43
2839,2326
2839,2297
2839,2438
2839,2419
2840,1475
2840,1684
2840,636
2840,815
2840,1640
2840,1642
2840,46
2841,715
2841,2496
2841,3005
2841,716
2841,1000
2841,2497
2841,711
2841,988
2841,761
2842,2026
2842,952
2842,2841
2842,2980
2842,984
2842,997
2842,2133
2842,2979
2842,946
2842,1876
2842,2878
2842,535
2842,960
2847,1811
2847,1117
2847,1032
2847,1623
2847,861
2847,905
2847,2753
2847,2438
2848,2163
2852,2623
2852,2247
2853,604
2853,9
2853,1484
2853,1797
2853,1095
2853,142
2853,435
2853,1483
2853,1109
2853,87
2853,838
2853,1565
2853,1278
2853,1228
2853,369
2853,458
2853,1849
2854,604
2854,1095
2854,9
2854,1272
2854,1618
2854,1484
2854,142
2854,1867
2854,306
2854,2626
2854,1035
2854,1356
2854,252
2854,337
2855,1697
2855,1019
2855,1747
2855,1719
2855,1674
2855,1035
2855,1103
2856,720
2856,1512
2856,821
2856,725
2858,2150
2858,2167
2860,949
2861,9
2861,1484
2861,142
2861,639
2861,2415
2861,2413
2861,1356
2861,1109
2861,435
2861,87
2861,1888
2861,1278
2862,860
2862,2349
2862,848
2862,1314
2862,2704
2862,1086
2862,1811
2862,2862
2862,1195
2862,1046
2862,256
2862,1623
2862,2753
2862,533
2862,2346
2862,870
2862,1029
2862,1971
2862,1793
2862,2775
2862,2840
2862,1032
2862,1702
2862,959
2862,1533
2862,2703
2867,604
2867,1272
2867,1674
2867,1095
2867,518
2867,1800
2867,1797
2867,416
2867,1035
2867,1867
2867,1211
2867,142
2867,2439
2867,2841
2867,2347
2867,1748
2867,956
2867,2407
2867,520
2867,493
2867,2058
2867,334
2867,2623
2867,944
2867,1241
2867,248
2868,1518
2868,979
2868,1020
2870,604
2870,1483
2870,274
2870,633
2870,1867
2870,252
2870,1241
2870,1211
2870,2081
2870,1260
2870,1451
2872,1084
2872,984
2872,2407
2872,956
2872,2026
2872,2027
2872,480
2872,2393
2872,1099
2872,1314
2872,2494
2875,1075
2877,1075
2880,1811
2880,1159
2880,932
2880,789
2881,1623
2881,1032
2881,2302
2882,860
2882,1117
2882,2704
2882,2349
2882,1032
2882,1051
2882,2594
2882,861
2882,2840
2882,1009
2882,976
2882,1029
2882,2256
2882,1776
2882,2775
2882,2728
2885,848
2885,1623
2885,256
2885,631
2885,498
2885,203
2886,1084
2886,1211
2886,274
2886,1326
2886,1097
2886,1724
2886,1606
2888,1084
2888,2026
2888,2027
2888,730
2888,2131
2888,1571
2888,480
2888,1664
2888,1101
2888,1099
2888,1676
2888,2980
2888,1583
2888,952
2888,1097
2888,2393
2888,1829
2888,2793
2888,2981
2888,1248
2888,2979
2888,1487
2888,1572
2888,286
2888,997
2888,946
2888,1476
2896,1547
2896,1075
2896,1677
2896,2306
2896,1078
2896,1056
2896,2437
2896,1560
2896,1566
2896,1067
2896,1073
2896,2133
2896,952
2896,1967
2898,2326
2898,1331
2900,1086
2900,1348
2900,256
2900,276
2900,45
2900,24
2900,533
2900,2326
2900,892
2900,631
2900,294
2900,1361
2900,849
2900,1793
2900,48
2900,959
2900,376
2900,876
2901,319
2902,1211
2902,1664
2902,1097
2902,1583
2902,1248
2902,1114
2902,286
2902,1096
2907,2225
2907,2150
2907,2173
2907,193
2907,2167
2907,2003
2907,2065
2907,2036
2907,2163
2907,2183
2907,2297
2907,2171
2907,2271
2909,2496
2909,1517
2909,1504
2909,927
2912,832
2912,789
2914,1159
2914,1811
2914,305
2914,1623
2914,2477
2914,43
2914,789
2914,2079
2914,1029
2916,1478
2916,2150
2916,2257
2916,2225
2916,2182
2916,1203
2916,2066
2916,1906
2916,2555
2917,1936
2917,478
2917,6
2917,119
2917,645
2917,531
2917,1998
2920,2601
2920,2173
2920,2284
2920,1828
2920,2194
2920,2165
2920,1945
2923,1084
2923,1211
2923,2407
2923,2027
2923,1664
2923,1326
2923,274
2923,1905
2923,1114
2923,633
2923,1606
2923,1476
2923,1100
2924,932
2924,991
2924,533
2924,1348
2924,976
2924,876
2924,276
2924,256
2924,467
2924,2481
2924,631
2924,959
2924,971
2924,100
2925,2173
2925,2342
2925,1848
2925,193
2925,1907
2925,2567
2925,2419
2925,41
2925,2079
2925,1851
2925,2151
2926,2225
2926,2153
2926,638
2926,2284
2926,2159
2926,2520
2926,2318
2926,2081
2926,2219
2926,2425
2927,883
2927,1020
2927,1510
2927,991
2927,2790
2927,2502
2927,2584
2927,729
2927,1038
2927,950
2927,1000
2927,998
2927,2791
2927,1517
2927,994
2927,100
2930,709
2931,709
2931,958
2932,1020
2932,953
2932,991
2932,2821
2932,2502
2932,718
2932,1038
2932,950
2932,2791
2932,979
2933,525
2933,478
2933,1237
2933,2625
2933,666
2933,10
2933,1116
2933,37
2933,299
2933,2623
2933,1389
2933,1085
2933,1009
2933,1393
2933,589
2933,1051
2934,2764
2935,1046
2935,2622
2936,2284
2936,2182
2939,2439
2939,493
2939,310
2939,248
2940,2150
2940,2225
2940,874
2940,2036
2940,1828
2940,2066
2940,2555
2941,874
2941,2225
2941,2036
2941,2003
2941,2342
2941,1848
2941,193
2941,2567
2941,2297
2941,2171
2941,2419
2941,2218
2941,2079
2941,1851
2942,883
2942,1510
2942,2790
2942,991
2942,953
2942,974
2942,2551
2942,2821
2942,2496
2942,982
2942,1011
2942,709
2942,3005
2942,998
2942,1517
2942,716
2942,2497
2942,958
2942,2961
2942,975
2942,710
2942,760
2942,1504
2942,996
2942,2589
2942,2764
2942,2302
2942,963
2942,882
2942,1820
2942,927
2942,988
2942,755
2942,1036
2942,2536
2942,100
2946,932
2946,976
2946,877
2948,1004
2948,1742
2948,1011
2948,958
2948,2961
2948,736
2948,728
2949,1484
2949,435
2949,1109
2949,87
2949,1565
2949,1278
2951,1097
2951,286
2951,1606
2952,631
2952,498
2952,1258
2952,294
2952,1085
2952,1082
2953,256
2953,2037
2953,870
2956,865
2956,991
2956,2821
2956,1043
2956,2497
2956,975
2956,932
2957,950
2959,1326
2959,518
2959,2347
2959,310
2959,1487
2961,1019
2961,1674
2961,1035
2961,2841
2961,274
2961,1084
2961,633
2961,2407
2962,604
2962,9
2962,1484
2962,252
2962,1260
2963,16
2963,1296
2963,299
2963,1040
2963,666
2963,1085
2963,1582
2963,438
2963,935
2965,815
2965,1235
2965,823
2965,822
2965,1475
2965,1637
2965,98
2965,1646
2965,1649
2965,2731
2965,1642
2965,1608
2965,1699
2965,1868
2965,818
2965,816
2966,984
2966,480
2966,2623
2966,860
2966,2393
2966,945
2966,1117
2966,946
2966,2347
2966,1195
2966,1487
2967,5
2968,1032
2968,1820
2968,975
2968,716
2968,2398
2969,1698
2971,1575
2972,2167
2972,2150
2972,2003
2972,638
2972,2159
2972,2163
2972,193
2978,1084
2978,2841
2978,2407
2978,2026
2978,2027
2978,1326
2978,274
2978,1097
2978,1114
2978,900
2978,2448
2979,1639
2983,1085
2983,2701
2984,1748
2984,1519
2986,883
2986,1510
2986,2502
2986,2496
2986,2551
2986,953
2986,1504
2986,1517
2986,755
2986,882
2989,604
2989,1095
2989,9
2989,1797
2989,1800
2989,306
2989,2626
2989,416
2989,2415
2989,1565
2989,837
2993,1101
2993,1097
2993,1905
2993,1114
2993,1096
2998,604
2998,1816
2998,9
2998,523
2998,140
3000,1086
3000,260
3000,1348
3000,1085
3000,276
3000,456
3000,1671
3000,2326
3000,294
3000,1116
3000,1331
3000,789
3000,449
3000,1840
3000,1793
3001,883
3001,1510
3001,865
3001,2584
3001,991
3001,953
3001,709
3001,2791
3001,710
3001,1752
3001,994
3001,882
3003,2027
3010,2284
3010,2150
3010,2182
3010,2159
3010,2049
3010,354
3010,2178
3012,1117
3013,721
3013,1511
3014,2027
3014,1045
3014,1676
3014,1829
3014,900
3015,604
3015,142
3015,1867
3015,310
3015,1724
3016,1045
3016,1572
3016,997
3020,1019
3020,1674
3020,142
3020,310
3020,1724
3020,252
3020,1483
3021,848
3021,2625
3021,1348
3021,1195
3021,1393
3021,1371
3021,2297
3021,1085
3021,24
3021,37
3021,314
3021,1840
3021,498
3021,1159
3022,2455
3022,2349
3022,2594
3022,2862
3022,1702
3022,1883
3022,1821
3022,1935
3022,2775
3022,1001
3022,1692
3023,2790
3023,953
3023,950
3024,82
3024,21
3025,881
3028,2739
3028,3020
3033,2036
3033,638
3034,982
3034,2496
3034,1000
3034,716
3034,761
3035,874
3035,2173
3035,1848
3035,2194
3035,2590
3035,1828
3035,1945
3035,2078
3035,259
3035,1907
3035,1835
3035,1851
3037,2407
3037,2027
3037,1019
3037,2980
3037,829
3037,1272
3037,518
3037,1099
3037,2347
3037,1035
3037,947
3037,2413
3037,2377
3037,946
3037,1748
3037,942
3037,960
3039,705
3040,416
3040,1800
3040,2439
3040,248
3041,1211
3041,274
3041,1606
3041,1476
3041,1419
3044,848
3044,498
3044,1159
3044,1811
3044,1117
3044,305
3044,1713
3044,1029
3044,203
3044,152
3046,860
3046,2455
3046,2623
3046,1117
3046,1314
3046,2349
3046,2594
3046,2704
3046,1702
3046,276
3046,1046
3046,2494
3046,2481
3046,1348
3046,2753
3046,2775
3046,2840
3046,1883
3046,1821
3046,1533
3046,1793
3046,959
3046,2256
3049,2841
3049,2347
3049,518
3049,633
3056,2027
3056,1571
3056,1676
3056,1583
3056,2448
3056,2393
3056,1572
3056,1487
3056,1876
3056,2878
3059,1165
3059,1936
3061,1024
3063,1084
3063,1101
3063,274
3063,1097
3063,633
3063,1114
3064,546
3065,1019
3065,604
3065,1674
3065,829
3065,1211
3065,1272
3065,9
3065,1797
3065,1035
3065,1800
3065,310
3065,1724
3065,520
3065,956
3068,1020
3068,718
3068,679
3068,1086
3068,533
3068,870
3068,1011
3068,994
3068,276
3068,709
3068,467
3069,2027
3069,1045
3069,1571
3069,1676
3069,1829
3069,1905
3069,2448
3069,1096
3071,2244
3072,865
3072,2790
3072,2584
3072,950
3072,998
3072,994
3072,1518
3072,1515
3074,950
3075,1186
3075,188
3078,1713
3078,848
3078,498
3084,2173
3084,2150
3084,2036
3084,2168
3084,2165
3084,2065
3084,1945
3084,2218
3084,2425
3084,2219
3086,992
3089,604
3089,1095
3089,1618
3089,9
3089,306
3089,1867
3089,1272
3089,2626
3089,416
3089,1356
3089,400
3089,1270
3089,1569
3090,248
3090,1285
3091,54
3091,2630
3092,1117
3092,2753
3095,974
3095,2589
3100,2342
3100,1848
3100,2165
3100,259
3100,201
3102,2497
3104,604
3104,1095
3104,1797
3104,9
3104,1618
3104,639
3104,1356
3104,337
3104,252
3104,838
3104,274
3104,1211
3105,2438
3105,2497
3105,2753
3108,1032
3108,2477
3109,1038
3111,848
3111,861
3111,1032
3111,2728
3111,203
3117,1512
3117,759
3119,1935
3120,1487
3122,1211
3122,2841
3122,1019
3122,2407
3122,984
3122,829
3122,2347
3122,1272
3122,1326
3122,1101
3122,480
3122,274
3122,2980
3122,1095
3122,633
3122,956
3122,2793
3122,1867
3122,2058
3123,1117
3123,2753
3123,2594
3124,604
3124,1095
3124,1618
3124,1272
3124,1867
3124,1800
3124,306
3124,5
3125,520
3127,1564
3129,905
3129,952
3129,1623
3129,1032
3129,480
3129,2393
3131,1084
3131,2026
3131,2027
3131,2841
3131,1045
3131,1571
3131,1676
3131,1101
3131,1099
3131,1583
3131,1097
3131,1829
3131,2448
3131,2793
3131,2393
3131,1905
3131,286
3131,900
3131,1096
3131,2110
3132,860
3132,2349
3132,276
3132,1348
3132,905
3132,1051
3132,521
3132,1009
3132,2481
3132,1046
3132,942
3132,2256
3132,32
3132,0
3132,2728
3132,2840
3132,467
3132,909
3132,1032
3134,28
3135,1664
3135,2878
3135,1829
3135,1583
3135,2027
3135,1876
3135,2026
3135,900
3136,2629
3136,1422
3140,2027
3140,1045
3140,952
3140,1664
3140,945
3140,1099
3140,2393
3140,997
3140,1876
3140,535
3141,1117
3141,1623
3141,1032
3141,533
3141,870
3141,876
3141,848
3141,959
3142,883
3142,1510
3142,865
3142,2790
3142,953
3142,729
3142,1011
3142,1742
3142,710
3142,2764
3142,996
3142,927
3150,604
3150,1797
3150,142
3150,1356
3150,1724
3150,1483
3150,140
3150,1565
3150,881
3151,2623
3151,95
3151,1206
3151,848
3151,1195
3151,1489
3151,385
3151,188
3152,604
3152,9
3152,1484
3152,1618
3152,142
3152,1867
3152,306
3152,639
3152,2626
3152,310
3152,274
3152,1356
3152,252
3152,1483
3152,1260
3152,435
3152,1109
3152,87
3152,140
3152,1724
3152,633
3152,838
3152,1565
3152,1278
3152,837
3152,379
3153,1211
3153,518
3153,1114
3153,2058
3153,1326
3153,956
3153,1248
3154,2425
3154,2284
3154,1991
3154,1940
3154,2283
3154,2168
3154,2173
3154,2049
3154,354
3155,2173
3155,2153
3155,2036
3155,2590
3155,2078
3155,2284
3155,1828
3155,1945
3155,2194
3155,2283
3155,2171
3155,1851
3155,2219
3155,2081
3155,2425
3155,1906
3156,1883
3160,604
3160,1095
3160,1484
3160,1618
3160,1797
3160,1867
3160,306
3160,140
3160,1483
3160,633
3161,789
3161,1296
3165,896
3166,516
3166,2625
3166,2629
3166,820
3168,1070
3168,600
3169,1314
3169,2455
3169,2349
3169,2594
3169,2862
3169,2775
3169,1883
3169,1001
3170,604
3170,1095
3170,1797
3170,9
3170,142
3170,1867
3170,1356
3170,1109
3170,140
3170,1724
3170,435
3170,87
3170,838
3170,1241
3170,379
3172,2821
3172,2551
3180,2159
3180,2257
3180,2066
3180,2059
3181,2551
3181,3005
3181,1011
3181,958
3181,1517
3181,975
3181,2589
3182,1095
3182,1618
3182,142
3182,1867
3182,306
3182,2626
3182,1800
3182,2411
3182,435
3182,252
3182,337
3182,87
3182,2439
3182,2841
3182,1278
3182,458
3182,2347
3182,1241
3186,2496
3186,2821
3186,1011
3186,716
3186,2961
3186,2497
3186,996
3186,927
3186,988
3186,2536
3187,715
3187,2551
3187,2821
3187,1000
3187,974
3187,2497
3187,2706
3187,988
3189,1031
3191,1084
3191,1211
3191,1326
3191,1097
3191,274
3191,1248
3191,1905
3191,286
3191,1114
3191,633
3191,1606
3191,1476
3194,1811
3196,2283
3196,2036
3196,2167
3196,2159
3196,2081
3196,2425
3198,976
3202,2411
3202,1888
3202,2377
3202,435
3208,883
3208,1510
3208,2502
3208,2790
3208,2584
3208,991
3208,953
3208,709
3208,729
3208,716
3208,998
3208,958
3208,1742
3208,1504
3208,760
3208,710
3208,996
3208,718
3208,755
3208,1515
3208,882
3208,756
3211,2821
3211,715
3211,1820
3215,2218
3215,2150
3215,898
3223,1019
3223,1272
3223,2841
3223,1035
3223,1800
3223,2439
3223,1748
3223,5
3224,2342
3224,1848
3224,259
3225,2225
3225,2003
3225,2183
3225,2150
3225,193
3225,638
3225,1907
3225,2178
3225,2079
3225,2216
3227,3061
3228,883
3228,865
3228,1020
3228,1510
3228,991
3228,2790
3228,2821
3228,953
3228,729
3228,1043
3228,1011
3228,1038
3228,982
3228,709
3228,950
3228,1000
3228,998
3228,725
3228,1006
3228,996
3228,1517
3228,2706
3228,994
3228,716
3228,1032
3228,710
3228,2961
3228,979
3228,679
3228,760
3228,976
3235,1086
3235,34
3235,876
3235,1348
3235,631
3235,533
3235,959
3235,276
3235,892
3236,753
3236,2504
3238,276
3238,256
3238,533
3238,2326
3238,48
3238,870
3238,848
3238,968
3238,959
3238,467
3238,631
3238,493
3238,24
3239,1019
3239,1797
3239,9
3239,1618
3239,829
3239,142
3239,1674
3239,1800
3239,2411
3239,1035
3239,2413
3239,2415
3239,1915
3239,520
3239,1888
3240,2502
3240,2496
3240,1011
3240,709
3240,729
3240,998
3240,958
3240,1742
3240,1504
3240,2764
3240,710
3240,882
3241,2393
3241,945
3243,1348
3243,848
3243,276
3243,256
3243,2326
3243,1793
3243,870
3243,48
3243,959
3243,1173
3243,1590
3243,400
3243,493
3243,2037
3244,720
3244,1646
3244,2052
3244,1640
3244,1639
3244,522
3244,2371
3244,1516
3244,823
3244,744
3244,705
3244,1693
3244,2859
3244,2953
3244,828
3246,982
3250,2706
3252,870
3253,2150
3253,2284
3253,2081
3253,2318
3253,2036
3253,2257
3253,2283
3253,2425
3253,2167
3253,2994
3253,2059
3254,2520
3254,2283
3256,2036
3258,974
3258,865
3258,2438
3258,1032
3258,2753
3258,2497
3258,3005
3258,1518
3258,1117
3258,1036
3258,1773
3258,1862
3259,1082
3259,1258
3260,2081
3266,2729
3266,1532
3267,1708
3271,480
3271,952
3271,2027
3271,2407
3271,2841
3271,984
3271,2393
3271,2980
3271,1101
3271,956
3271,1099
3271,946
3271,2347
3271,942
3271,1019
3271,960
3271,829
3271,1035
3271,947
3271,2979
3271,2110
3271,900
3271,961
3271,225
3273,604
3273,1095
3273,1797
3273,1618
3273,1484
3273,142
3273,310
3273,1260
3273,252
3273,837
3273,1241
3273,334
3274,950
3274,1006
3274,725
3275,2027
3275,2841
3275,730
3275,1571
3275,480
3275,1101
3275,984
3275,1676
3275,952
3275,1829
3275,2393
3275,945
3275,2793
3275,2448
3275,1248
3275,997
3275,946
3276,883
3276,1510
3276,2502
3276,2790
3276,2496
3276,2584
3276,2551
3276,982
3276,1011
3276,729
3276,998
3276,2764
3276,958
3276,950
3276,1504
3276,1517
3276,996
3276,710
3276,755
3276,756
3276,927
3276,882
3276,1515
3276,728
3278,2775
3279,1866
3279,1046
3279,976
3280,1793
3280,45
3280,5
3280,15
3280,1361
3282,480
3282,952
3282,1572
3282,960
3284,2347
3284,1326
3284,1800
3284,310
3284,961
3284,1797
3288,1936
3288,1237
3288,2003
3288,1116
3289,2225
3289,638
3289,2167
3289,2036
3289,2003
3289,2183
3289,1993
3292,199
3293,1206
3294,2153
3294,2284
3294,2078
3294,2225
3294,2520
3294,2425
3294,2168
3294,2182
3294,2283
3294,2173
3294,2003
3294,2167
3294,1993
3295,715
3295,761
3296,1117
3296,2704
3296,2349
3296,2840
3296,1776
3297,2168
3297,2153
3299,2520
3299,2425
3299,2153
3299,2174
3299,2284
3299,2081
3299,2318
3299,2283
3299,1940
3299,2159
3299,2179
3301,883
3301,865
3301,1510
3301,1020
3301,2790
3301,991
3301,2821
3301,2551
3301,1011
3301,982
3301,3005
3301,2791
3301,1043
3301,718
3301,1517
3301,2497
3301,710
3301,975
3301,2589
3301,949
3301,882
3301,927
3301,100
3303,865
3303,2821
3303,2551
3303,3005
3303,2589
3303,996
3306,604
3306,1484
3306,252
3306,1483
3306,838
3307,1907
3307,848
3307,498
3307,193
3309,1075
3309,1677
3309,1554
3309,2041
3309,2306
3309,1078
3309,2437
3309,1706
3309,2018
3309,1960
3309,1967
3309,1073
3309,1074
3309,1680
3309,901
3309,153
3309,2235
3309,1070
3309,285
3309,1562
3309,2440
3309,2973
3309,354
3309,2236
3309,2335
3310,1272
3310,604
3310,1095
3310,2411
3310,1800
3310,2626
3310,306
3310,2439
3310,639
3310,633
3310,1564
3310,1915
3314,1793
3314,1116
3314,525
3314,478
3315,1811
3317,604
3317,1272
3317,829
3317,1674
3317,1095
3317,9
3317,1800
3317,1867
3317,1035
3317,2841
3317,984
3317,2439
3317,306
3317,2626
3317,2411
3317,2347
3317,1748
3317,881
3317,2377
3317,337
3317,334
3317,1356
3317,400
3317,1915
3319,1936
3319,296
3319,1237
3319,192
3319,411
3319,478
3319,2140
3319,6
3319,1460
3319,180
3319,119
3319,1081
3319,2007
3319,44
3319,314
3324,1702
3324,1883
3324,2775
3324,1533
3325,883
3325,1020
3325,865
3325,1510
3325,2790
3325,991
3325,729
3325,953
3325,998
3325,1006
3325,718
3325,679
3325,2706
3325,1517
3325,949
3325,100
3327,865
3327,991
3327,2496
3327,982
3327,3005
3327,729
3327,2497
3327,996
3330,865
3330,974
3330,2821
3330,953
3330,2551
3330,715
3330,1043
3330,3005
3330,1038
3330,975
3330,1036
3330,1032
3330,1518
3330,988
3334,523
3334,98
3334,1699
3335,41
3336,883
3336,865
3336,1510
3336,1020
3336,953
3336,2821
3336,2551
3336,729
3336,982
3336,3005
3336,1000
3336,1038
3336,950
3336,998
3336,716
3336,2706
3336,1006
3336,975
3336,760
3336,994
3336,1504
3336,996
3336,2589
3336,1515
3336,2302
3336,1820
3336,2451
3336,1518
3336,988
3342,1348
3342,2167
3342,2065
3342,1393
3345,1272
3345,829
3345,956
3345,947
3345,984
3345,1748
3345,1590
3345,1035
3345,944
3345,1519
3345,400
3345,1348
3345,225
3345,968
3345,48
3345,256
3345,1086
3345,521
3345,2058
3345,520
3345,905
3346,2497
3347,2623
3347,848
3347,1195
3349,2584
3349,2374
3349,1006
3349,2936
3349,950
3349,2473
3349,1048
3349,960
3351,2049
3351,1940
3352,964
3353,883
3353,2551
3353,953
3353,982
3353,1517
3354,789
3354,464
3355,604
3355,1272
3355,1867
3355,306
3355,1800
3355,2626
3355,2439
3355,252
3355,1084
3356,604
3356,1019
3356,1095
3356,1618
3356,142
3356,1867
3356,2841
3356,306
3356,2626
3356,2411
3356,2413
3356,2347
3356,639
3356,1724
3356,633
3356,984
3356,1109
3356,2445
3356,87
3356,520
3356,1483
3356,881
3356,1915
3356,1888
3356,3015
3356,1278
3356,1748
3356,838
3357,1674
3357,1099
3357,942
3358,1510
3358,865
3358,715
3358,2496
3358,982
3358,3005
3358,1000
3358,2821
3358,729
3358,716
3358,1742
3358,2764
3358,711
3358,975
3358,996
3358,2451
3358,756
3358,761
3358,988
3358,2302
3359,947
3359,679
3359,1590
3363,2352
3364,1298
3364,45
3364,849
3364,15
3364,546
3364,1285
3364,1281
3364,2797
3366,1086
3366,276
3366,1348
3366,256
3366,533
3366,861
3366,905
3366,871
3366,1032
3366,48
3366,1590
3366,467
3366,521
3366,959
3366,631
3366,679
3366,942
3366,968
3366,878
3369,604
3369,1084
3369,1211
3369,1019
3369,9
3369,2841
3369,1095
3369,1674
3369,1797
3369,1326
3369,1484
3369,633
3369,1101
3369,142
3369,1905
3369,87
3369,639
3369,286
3369,1356
3369,306
3369,1606
3369,1483
3369,252
3370,1051
3370,2840
3374,1674
3375,294
3375,24
3377,2455
3377,2349
3377,2704
3377,861
3377,2862
3377,905
3377,2346
3377,2753
3377,1883
3377,1702
3377,1032
3377,2775
3377,2840
3377,1821
3377,1001
3377,896
3377,979
3377,2949
3378,2455
3378,1117
3378,1314
3378,2349
3378,2346
3378,1051
3378,1702
3378,1883
3378,1029
3378,2494
3378,2840
3378,2775
3378,1821
3378,1533
3378,1014
3378,1708
3378,1692
3379,648
3380,848
3380,1086
3380,1811
3380,1195
3380,256
3380,533
3380,870
3380,959
3380,1173
3380,15
3380,48
3380,876
3382,709
3383,1328
3383,456
3385,1522
3389,1211
3389,1326
3389,1797
3389,310
3389,1114
3390,718
3392,2623
3392,848
3392,860
3392,2455
3392,1314
3392,2349
3392,2594
3392,2862
3392,2704
3392,498
3392,861
3392,2494
3392,1702
3392,1971
3392,1029
3392,385
3392,1623
3392,2840
3392,2753
3393,2623
3393,1907
3393,385
3393,193
3394,1568
3394,1747
3394,1035
3394,1099
3394,1019
3394,1674
3401,1677
3401,1547
3401,2306
3401,1539
3401,1056
3401,1078
3401,2437
3401,1560
3401,1706
3401,1074
3401,1073
3401,1967
3401,901
3402,2297
3402,193
3402,2419
3404,982
3404,1000
3404,1011
3404,2961
3404,1742
3404,996
3405,1281
3405,5
3405,45
3405,648
3405,1405
3405,1793
3405,1765
3406,848
3406,1371
3406,49
3406,1804
3406,1159
3406,305
3406,43
3408,986
3408,1006
3408,950
3408,994
3408,998
3408,2377
3408,978
3408,1016
3408,1048
3411,1211
3411,274
3411,1326
3411,1097
3411,2347
3411,1248
3411,1905
3411,633
3411,1829
3411,1606
3411,1476
3411,1096
3411,172
3414,2623
3414,521
3414,905
3414,533
3414,1590
3414,99
3415,974
3415,2496
3415,2497
3415,2438
3417,2623
3417,1348
3417,2625
3417,24
3417,1116
3418,2862
3419,1298
3419,1462
3419,546
3419,1405
3419,21
3420,961
3421,2703
3424,947
3424,986
3424,1519
3424,1748
3424,1035
3424,2374
3424,1031
3424,944
3426,1195
3426,848
3426,45
3426,256
3426,48
3426,870
3426,959
3427,725
3427,2706
3427,976
3428,666
3428,930
3430,1086
3430,1348
3430,24
3430,959
3430,2507
3430,849
3430,1793
3433,2495
3433,705
3436,963
3437,2026
3437,2027
3437,2407
3437,2841
3437,730
3437,1101
3437,1583
3437,984
3437,1829
3437,2448
3437,952
3437,2347
3437,2793
3437,997
3437,2110
3437,946
3437,2133
3438,1272
3438,829
3438,1095
3438,142
3438,1867
3438,416
3438,2626
3438,306
3438,2439
3438,1915
3439,1099
3441,1637
3441,815
3441,822
3441,1646
3441,2052
3441,1655
3441,1640
3441,523
3441,522
3441,1516
3441,1658
3441,1661
3441,98
3441,821
3441,2729
3441,1642
3441,816
3441,818
3441,825
3442,883
3442,1510
3442,729
3442,2438
3442,718
3442,709
3442,1011
3442,2496
3442,975
3442,958
3442,996
3442,710
3442,1742
3443,2349
3444,709
3444,982
3444,1011
3444,1742
3444,2764
3444,958
3444,996
3444,728
3445,2012
3445,2016
3445,1557
3445,1539
3445,1566
3447,1272
3447,947
3447,1035
3447,1748
3447,1519
3447,2411
3447,944
3447,2626
3447,2769
3448,2225
3448,2601
3448,2167
3448,2150
3448,2168
3448,1993
3448,2153
3448,2194
3448,2590
3448,2078
3448,1945
3448,2284
3448,1478
3448,2318
3448,2257
3449,848
3449,2623
3449,1195
3449,1294
3449,1456
3451,15
3452,310
3452,1800
3453,2775
3454,1811
3454,1510
3454,832
3454,3005
3454,789
3454,1011
3454,643
3455,848
3459,2297
3459,1907
3459,2326
3459,2163
3459,2419
3459,2037
3460,256
3460,533
3460,870
3460,959
3460,48
3462,1084
3462,1211
3462,1664
3462,274
3462,1097
3462,1248
3462,1035
3462,633
3462,1114
3462,286
3462,1606
3462,1476
3462,2058
3466,2623
3466,860
3466,1117
3466,1314
3466,2349
3466,1195
3466,848
3466,2594
3466,1348
3466,1046
3466,2704
3466,1009
3466,1793
3466,2326
3466,256
3466,905
3466,861
3466,2494
3466,521
3466,1590
3466,1331
3466,2775
3466,48
3466,1272
3466,1014
3466,870
3466,1883
3466,2256
3466,1702
3466,2037
3466,2840
3466,959
3466,942
3466,966
3466,2753
3466,1029
3466,968
3466,32
3466,2625
3466,956
3468,883
3468,1510
3468,715
3468,2584
3468,953
3468,991
3468,1000
3468,2791
3468,998
3468,711
3468,950
3468,710
3468,761
3468,2451
3468,718
3468,756
3473,974
3473,1117
3473,860
3473,1623
3473,1032
3473,861
3473,2594
3474,715
3474,1011
3474,709
3474,1000
3474,1742
3474,716
3474,710
3474,2764
3474,975
3474,1752
3475,1724
3476,730
3476,480
3476,2026
3476,2027
3476,1045
3476,1571
3476,2131
3476,2841
3476,984
3476,2448
3476,1099
3476,956
3476,946
3476,518
3476,1248
3476,2979
3476,997
3476,942
3476,1810
3481,1075
3481,1547
3481,1677
3481,1557
3481,2306
3481,2016
3481,1539
3481,2437
3481,1566
3481,1706
3481,1560
3481,1073
3481,1967
3481,2235
3481,3002
3481,2124
3484,932
3484,877
3484,1044
3485,2625
3485,525
3485,1116
3485,1348
3485,1237
3485,2140
3485,10
3485,260
3485,1393
3485,1793
3485,192
3485,37
3485,645
3485,1371
3485,449
3485,2622
3485,1671
3485,1323
3485,1294
3487,2377
3487,2415
3487,947
3487,2374
3487,1748
3488,947
3489,2167
3489,2914
3491,848
3491,260
3491,1195
3491,498
3491,1361
3495,982
3495,1004
3495,927
3495,2536
3501,1117
3501,861
3501,905
3501,1623
3501,2297
3501,1907
3501,870
3501,1032
3501,2419
3501,959
3501,2037
3503,1484
3503,142
3503,306
3503,2626
3503,274
3503,1211
3503,416
3503,2439
3503,1724
3503,1109
3503,1260
3503,87
3503,1483
3503,435
3503,2347
3503,1326
3503,334
3503,1241
3503,458
3506,604
3506,1095
3506,1272
3506,829
3506,1674
3506,1618
3506,9
3506,1797
3506,142
3506,1867
3506,1800
3506,306
3506,416
3506,310
3506,2413
3506,1035
3506,2411
3506,2841
3506,2415
3506,2347
3506,984
3506,1356
3506,140
3506,1260
3506,1109
3506,520
3506,5
3506,881
3506,334
3506,1565
3506,1241
3506,2377
3506,1564
3506,956
3506,1099
3507,329
3507,95
3507,290
3507,188
3507,1125
3507,1620
3508,1484
3508,142
3508,1565
3510,1086
3510,1793
3510,1331
3510,959
3510,1840
3514,237
3517,986
3517,1518
3517,1020
3517,974
3517,952
3517,865
3517,1032
3517,1043
3517,871
3517,960
3517,1016
3517,100
3517,944
3517,984
3517,2790
3517,1748
3517,991
3517,968
3517,1117
3518,2131
3518,997
3518,2979
3524,1539
3524,2016
3524,1075
3526,525
3526,296
3526,1165
3526,192
3526,478
3526,2140
3526,180
3526,6
3526,1460
3526,144
3526,645
3526,119
3526,249
3526,531
3526,2007
3526,1998
3526,44
3526,2629
3526,2765
3527,979
3528,9
3528,1797
3528,1724
3530,1211
3530,1101
3530,1097
3530,1905
3530,633
3530,1096
3533,15
3533,870
3533,849
3534,1511
3542,1804
3542,1458
3542,498
3542,43
3543,604
3543,1019
3543,1095
3543,9
3543,1797
3543,829
3543,1618
3543,1674
3543,1272
3543,1211
3543,142
3543,1867
3543,518
3543,310
3543,2841
3543,2347
3543,1035
3543,1724
3543,633
3543,984
3543,520
3544,829
3545,2496
3545,982
3546,1475
3546,1235
3547,274
3547,1326
3547,1419
3547,1211
3547,286
3547,1390
3547,336
3547,830
3547,1483
3547,633
3547,69
3547,1255
3555,2131
3558,1797
3558,369
3560,2623
3560,1314
3560,860
3560,2349
3560,848
3560,2594
3560,1117
3560,1009
3560,2704
3560,1883
3560,2775
3560,829
3560,966
3560,1748
3564,829
3564,2841
3564,2413
3564,2415
3564,947
3564,1748
3564,1099
3564,1519
3564,2445
3568,493
3568,5
3568,48
3568,1173
3568,416
3568,849
3568,959
3569,730
3569,945
3570,705
3570,1032
3572,1097
3572,1326
3573,1618
3574,1484
3574,142
3574,379
3576,2284
3576,2425
3578,188
3578,199
3578,1489
3591,861
3591,2949
3592,2027
3592,480
3592,1571
3592,2131
3592,1676
3592,945
3592,2448
3592,1829
3592,997
3592,2133
3592,2878
3592,1810
3594,95
3594,199
3594,604
3596,604
3596,1095
3596,1797
3596,9
3596,1618
3596,1484
3596,1272
3596,829
3596,142
3596,1800
3596,306
3596,310
3596,416
3596,639
3596,337
3596,2347
3596,252
3596,633
3596,1109
3596,1483
3596,87
3596,435
3596,881
3596,5
3596,1565
3596,520
3596,838
3596,1241
3596,2058
3596,1748
3598,1114
3599,2841
3599,2027
3599,984
3599,1101
3599,1099
3599,480
3599,2393
3599,952
3599,961
3599,1114
3599,2979
3599,2110
3599,946
3600,2407
3600,1211
3600,1019
3600,1326
3600,1114
3600,1800
3600,961
3601,2800
3601,1747
3604,1045
3606,2027
3606,1045
3606,2131
3606,1571
3606,1676
3606,1829
3606,997
3607,2415
3609,604
3609,1095
3609,1797
3609,9
3609,1484
3609,1618
3609,142
3609,829
3609,1867
3609,1674
3609,306
3609,2626
3609,639
3609,416
3609,2411
3609,1356
3609,252
3609,1260
3609,1109
3609,87
3609,2413
3609,838
3609,1278
3609,881
3609,334
3609,379
3610,299
3610,1481
3610,789
3610,200
3610,2471
3611,1701
3611,1675
3611,1658
3611,812
3611,823
3611,818
3611,1646
3611,802
3615,95
3615,1765
3615,15
3615,1793
3617,1019
3617,1272
3617,829
3617,1867
3617,306
3617,2626
3617,416
3617,2411
3617,2841
3617,140
3617,2347
3617,881
3620,865
3620,1043
3620,1518
3620,679
3620,932
3621,1032
3621,2706
3621,2302
3621,896
3621,1117
3621,2704
3622,2131
3623,1539
3623,1842
3623,285
3623,1679
3623,1554
3623,1075
3623,1547
3623,1067
3623,1127
3623,1680
3623,2012
3623,153
3623,1297
3623,1562
3624,1211
3624,2841
3624,2407
3624,1326
3624,1097
3624,274
3624,1676
3624,1583
3624,2981
3624,1829
3624,1905
3624,2448
3624,2393
3624,286
3624,1114
3624,900
3624,1096
3624,1476
3624,1100
3624,172
3625,1095
3625,1272
3625,829
3625,142
3625,1674
3625,306
3625,337
3625,252
3625,881
3625,520
3627,604
3627,1095
3627,1484
3627,1618
3627,1272
3627,142
3627,1867
3627,1800
3627,5
3627,2626
3627,416
3627,310
3627,252
3627,400
3627,1260
3627,633
3627,1241
3627,2347
3628,704
3629,1510
3629,2496
3629,982
3629,1011
3629,729
3629,958
3629,996
3630,2520
3630,2219
3630,2182
3630,2318
3631,1117
3631,848
3631,256
3631,2326
3631,1195
3631,24
3631,959
3631,631
3631,48
3631,2594
3631,876
3631,1029
3631,1032
3634,883
3634,974
3634,865
3634,1510
3634,2821
3634,953
3634,2790
3634,2502
3634,729
3634,718
3634,1011
3634,2496
3634,982
3634,1517
3634,950
3634,2791
3634,998
3634,725
3634,716
3634,996
3634,949
3634,100
3635,376
3637,1797
3637,1019
3637,1272
3637,1674
3637,1800
3637,140
3637,1035
3637,5
3637,881
3639,860
3639,2704
3639,1032
3639,1086
3639,2753
3639,861
3639,2455
3639,905
3639,276
3639,1348
3639,1020
3639,533
3639,1051
3639,976
3639,870
3639,256
3639,2594
3639,48
3639,848
3639,725
3639,876
3639,2862
3639,2256
3639,2623
3639,986
3639,631
3639,2326
3639,971
3639,2728
3639,521
3639,1029
3639,1776
3640,2753
3640,2704
3640,1051
3640,2349
3640,2481
3640,276
3640,2455
3640,533
3640,861
3640,976
3640,1773
3640,905
3640,1046
3640,2703
3640,2840
3640,959
3640,896
3640,2594
3640,979
3640,1020
3640,2862
3640,2256
3640,2346
3640,971
3640,1314
3640,1009
3640,2949
3642,860
3642,1117
3642,2704
3642,1032
3642,1038
3642,896
3642,1020
3642,2821
3647,956
3647,942
3647,986
3647,225
3647,944
3648,1045
3648,1676
3648,945
3651,2821
3651,1773
3652,860
3652,2349
3652,1314
3652,2623
3652,2862
3652,1051
3652,1971
3652,1195
3652,1702
3652,2494
3652,1883
3652,1533
3652,2728
3652,896
3652,2256
3655,1393
3657,274
3657,633
3657,1905
3658,604
3658,1084
3658,1211
3658,9
3658,1674
3658,1095
3658,274
3658,1797
3658,518
3658,2347
3658,1272
3658,1097
3658,633
3658,1099
3658,142
3658,1035
3658,87
3658,286
3658,252
3658,2058
3659,1702
3659,1051
3659,478
3659,10
3659,2494
3659,1936
3659,2840
3659,2775
3661,1606
3663,2455
3663,1314
3663,2349
3663,2346
3663,1051
3663,1533
3663,1014
3664,2496
3664,2536
3665,2225
3665,2036
3665,2159
3665,2078
3665,2167
3665,2003
3665,1993
3665,1203
3665,2066
3665,1945
3665,2194
3667,1258
3667,1291
3667,1354
3667,1811
3667,498
3667,631
3667,876
3667,2438
3668,1075
3668,1539
3668,1677
3668,2016
3668,2012
3668,2306
3668,1547
3668,1078
3668,1706
3668,1967
3668,1073
3668,1058
3669,874
3669,2601
3669,2150
3669,2167
3669,638
3669,2590
3669,2194
3669,193
3669,2078
3669,2284
3669,1203
3669,1478
3669,2409
3669,2318
3670,860
3670,1117
3670,2704
3670,861
3670,2594
3670,979
3670,1314
3670,1038
3670,2949
3670,1020
3670,2862
3670,2728
3672,2623
3672,905
3672,2494
3672,861
3672,1195
3672,942
3672,956
3672,1014
3672,1708
3672,909
3672,2728
3674,2150
3674,2153
3674,2601
3674,2284
3674,2168
3674,1478
3674,2159
3674,2036
3674,2078
3674,2081
3674,2425
3674,1940
3674,1906
3674,2219
3674,2182
3674,2318
3674,2174
3675,1348
3675,1793
3677,2026
3677,2027
3677,1045
3677,1571
3677,2131
3677,480
3677,2407
3677,2841
3677,1676
3677,945
3677,1664
3677,1101
3677,1583
3677,1829
3677,2793
3677,2393
3677,2980
3677,1099
3677,1326
3677,984
3677,1487
3677,2981
3677,2979
3677,900
3677,1876
3677,1096
3677,2878
3677,946
3677,535
3678,705
3678,725
3678,1512
3678,958
3679,1811
3679,2753
3679,2438
3679,533
3679,870
3679,631
3679,256
3679,959
3679,498
3681,974
3681,2438
3681,2753
3681,1011
3681,1117
3681,100
3681,996
3682,1338
3683,1694
3687,1618
3687,1867
3687,1800
3687,2626
3687,416
3687,5
3687,334
3688,95
3688,199
3692,1915
3695,2623
3695,1811
3695,498
3695,1294
3695,1159
3695,2471
3697,721
3697,720
3697,705
3701,953
3701,1510
3702,252
3703,1272
3703,1618
3703,1800
3703,416
3703,1748
3703,5
3703,2626
3703,400
3703,2841
3703,493
3703,2455
3703,881
3707,1084
3707,2027
3707,2407
3707,1211
3707,730
3707,2131
3707,1664
3707,1571
3707,1101
3707,480
3707,1676
3707,1099
3707,984
3707,1583
3707,1829
3707,2980
3707,2981
3707,2448
3707,945
3707,952
3707,2793
3707,2393
3707,2979
3707,900
3707,286
3707,1487
3707,2110
3707,1096
3707,1876
3707,946
3707,1100
3707,956
3708,2018
3708,2133
3708,2119
3708,2124
3709,1019
3709,1109
3709,87
3709,837
3712,525
3712,478
3712,2140
3712,10
3712,1460
3712,813
3712,441
3714,860
3714,1314
3714,2494
3714,871
3715,498
3715,1159
3715,1032
3715,1029
3716,1032
3716,1811
3716,1623
3716,1117
3716,716
3717,2306
3717,1554
3717,1547
3717,1539
3717,2437
3717,2115
3717,899
3719,2455
3719,860
3719,2594
3719,2862
3719,2704
3719,1971
3719,1046
3719,1883
3719,2775
3719,1935
3719,1001
3719,1179
3719,1692
3721,2704
3721,2949
3722,860
3722,1314
3722,1117
3722,2594
3722,2349
3722,2862
3722,1971
3722,2346
3722,2494
3722,1702
3722,1883
3722,1051
3722,1029
3722,1821
3722,1001
3722,2840
3722,1533
3722,1041
3722,2456
3723,953
3723,718
3723,725
3723,1006
3723,950
3723,679
3723,994
3725,721
3725,722
3727,1323
3727,648
3727,1793
3727,1015
3730,276
3730,1348
3730,260
3730,2625
3730,2471
3732,1082
3732,1291
3732,1258
3732,1811
3732,876
3732,1354
3732,832
3732,474
3732,989
3732,789
3735,996
3736,1004
3737,1348
3737,876
3737,34
3737,1085
3737,789
3738,1272
3738,604
3738,1590
3738,956
3738,306
3738,99
3738,1484
3738,2626
3738,9
3739,95
3739,1620
3739,188
3739,1850
3740,874
3740,2225
3740,2036
3740,2003
3740,1993
3740,2150
3740,193
3740,2171
3740,2159
3747,2016
3747,1075
3747,1554
3747,2306
3747,2012
3747,1706
3747,1967
3747,1070
3747,285
3747,1680
3747,153
3747,2332
3747,1548
3747,901
3747,1542
3747,1562
3747,3101
3747,354
3747,2973
3747,1666
3747,536
3747,2236
3747,1534
3747,2436
3747,1843
3751,1075
3751,2016
3751,1539
3751,1547
3751,2012
3751,2437
3751,1679
3751,1706
3751,2018
3751,1548
3751,1960
3751,1967
3751,153
3751,285
3751,1070
3751,2235
3751,901
3751,1562
3751,1535
3751,1833
3751,2973
3751,3101
3751,354
3751,1666
3751,536
3751,237
3752,1075
3752,1547
3752,1677
3752,2306
3752,1566
3752,1557
3752,1056
3752,2016
3752,1127
3752,1073
3752,2235
3752,899
3754,2980
3754,1876
3757,2026
3757,2027
3757,480
3757,2131
3757,952
3757,2980
3757,2393
3757,2448
3757,2981
3757,2979
3757,946
3757,961
3757,960
3758,1510
3758,865
3758,2502
3758,2584
3758,1020
3758,715
3758,953
3758,2821
3758,709
3758,1000
3758,2791
3758,998
3758,950
3758,716
3758,1517
3758,1038
3758,760
3758,710
3758,975
3758,994
3758,1006
3758,2589
3758,725
3758,2302
3758,949
3758,882
3758,755
3758,1820
3760,860
3760,2455
3760,1117
3760,2704
3760,1314
3760,2594
3760,861
3760,2862
3760,2623
3760,848
3760,1032
3760,2494
3760,896
3760,1001
3760,1195
3760,1821
3764,1326
3764,633
3765,2027
3765,2407
3765,2841
3765,1211
3765,1045
3765,1571
3765,1101
3765,1676
3765,1099
3765,1097
3765,274
3765,1829
3765,2448
3765,2980
3765,2393
3765,2979
3765,1905
3765,286
3765,535
3765,2110
3765,1876
3765,2878
3765,1100
3766,982
3766,2496
3766,1004
3766,781
3766,2497
3769,2980
3771,2419
3771,2342
3771,1458
3781,604
3781,1095
3781,142
3781,1272
3781,1867
3781,416
3781,337
3781,1260
3781,334
3782,2623
3782,860
3782,1117
3782,2349
3782,256
3782,1623
3782,1159
3782,2704
3782,24
3782,2594
3782,2753
3782,533
3782,1009
3782,861
3782,905
3782,631
3782,959
3782,1294
3782,1029
3782,876
3782,48
3782,2256
3782,1032
3782,974
3782,521
3784,252
3785,2349
3785,1046
3785,2494
3785,2775
3785,1935
3785,2728
3785,2249
3789,1554
3789,2436
3790,942
3790,480
3790,2393
3790,905
3790,225
3790,945
3790,1101
3790,1099
3790,1664
3792,1019
3792,2841
3792,1326
3792,1724
3794,2026
3794,2027
3794,2131
3794,1571
3794,1676
3794,900
3794,2110
3794,1096
3796,2225
3796,2173
3796,2342
3796,2194
3796,2165
3796,1993
3796,2567
3796,2419
3796,1907
3796,1851
3796,1835
3798,604
3798,1618
3798,829
3798,1674
3798,142
3798,310
3798,2411
3798,337
3798,1035
3798,1109
3798,2415
3798,2413
3798,140
3798,2407
3798,1565
3798,1915
3798,520
3798,3015
3798,1326
3799,1348
3799,870
3799,45
3799,959
3799,1173
3800,604
3800,1211
3800,274
3800,1095
3800,1618
3800,1800
3800,1867
3800,142
3800,2626
3802,2455
3802,1314
3802,2862
3802,1883
3802,2494
3802,1692
3802,1821
3802,1001
3802,2246
3802,1041
3804,274
3804,1483
3804,252
3807,1811
3809,865
3809,1510
3809,2502
3809,1020
3809,991
3809,953
3809,2551
3809,715
3809,729
3809,1011
3809,3005
3809,950
3809,2791
3809,998
3809,1043
3809,1517
3809,718
3809,1038
3809,710
3809,1504
3809,760
3809,994
3809,996
3809,1515
3809,927
3809,882
3809,755
3809,1518
3819,1664
3819,1676
3819,2448
3819,1829
3819,535
3819,1876
3821,3053
3823,2455
3823,2594
3823,2862
3823,2346
3823,1883
3830,2026
3830,1571
3830,2347
3830,2448
3830,2793
3830,1248
3830,1476
3832,883
3832,1510
3832,2502
3832,2790
3832,2496
3832,2551
3832,982
3832,953
3832,2821
3832,3005
3832,729
3832,2791
3832,998
3832,1517
3832,1504
3832,2497
3832,975
3832,2589
3832,988
3832,755
3833,2496
3833,982
3840,1075
3840,2012
3840,2306
3840,2016
3840,1554
3840,1539
3840,1680
3840,1542
3840,1706
3840,901
3842,1510
3842,865
3842,2502
3842,2584
3842,2791
3842,998
3842,996
3842,994
3842,1006
3843,2225
3843,193
3843,2163
3843,2178
3843,1907
3844,337
3846,639
3846,87
3846,435
3846,1278
3846,2411
3846,1397
3848,2623
3848,1206
3850,2377
3850,2374
3850,2473
3850,2413
3850,2415
3850,1031
3851,2625
3851,1393
3851,314
3851,1294
3851,10
3853,2225
3853,2150
3853,2173
3853,2003
3853,2284
3853,2165
3853,2520
3853,2567
3853,2400
3853,2065
3857,1484
3857,337
3857,2623
3864,2150
3864,638
3864,2183
3864,2163
3864,193
3864,2409
3865,546
3865,45
3865,849
3865,1116
3865,1844
3865,15
3865,1489
3867,2027
3867,2131
3867,1571
3867,1676
3867,1101
3867,2448
3867,286
3867,1096
3867,1905
3867,1100
3869,193
3869,2163
3869,2065
3869,2171
3869,2271
3869,2409
3873,2841
3873,984
3873,881
3874,720
3874,705
3874,1646
3874,522
3874,1512
3874,1639
3887,2140
3887,2625
3887,314
3887,1393
3887,1371
3887,441
3888,1314
3888,2346
3888,1971
3888,2840
3888,896
3888,1523
3890,525
3890,1389
3890,1702
3890,1051
3890,2349
3890,1935
3891,1211
3891,1045
3891,730
3891,1571
3891,480
3891,1829
3891,2448
3891,952
3891,2393
3891,1487
3891,1114
3891,535
3891,172
3892,716
3892,711
3892,2302
3892,757
3893,2959
3893,1913
3893,2708
3895,1019
3895,1674
3895,604
3895,9
3895,1724
3895,1797
3895,310
3895,520
3895,1035
3896,738
3898,1084
3898,2027
3898,2841
3898,2407
3898,1211
3898,1664
3898,1101
3898,1326
3898,1099
3898,1097
3898,2980
3898,274
3898,1829
3898,2981
3898,1019
3898,2393
3898,1905
3898,286
3898,900
3898,961
3898,1096
3898,535
3898,633
3898,956
3899,435
3899,1565
3903,720
3904,1064
3904,1490
3906,2502
3906,991
3906,715
3906,953
3906,2821
3906,716
3906,718
3906,760
3906,1038
3906,1515
3906,2451
3907,2411
3907,2626
3907,435
3907,1565
3907,2924
3907,1564
3911,142
3911,1800
3911,310
3911,1724
3911,1109
3911,87
3911,837
3919,1291
3919,2342
3919,2630
3919,294
3919,1037
3922,1235
3922,636
3922,826
3922,818
3922,590
3922,1699
3922,825
3923,1547
3923,1070
3923,237
3924,715
3924,716
3927,604
3927,1095
3927,9
3927,1618
3927,142
3927,1272
3927,1867
3927,306
3927,1800
3927,639
3927,310
3927,416
3927,2439
3927,140
3927,252
3927,1724
3927,435
3927,87
3927,837
3927,838
3927,5
3927,681
3929,1186
3929,1456
3930,2036
3931,1389
3932,2481
3932,1527
3934,2225
3934,2150
3934,2167
3934,2168
3934,2036
3934,638
3934,2078
3934,2159
3935,1483
3935,1888
3936,188
3936,95
3936,1125
3937,1101
3937,286
3938,1211
3938,2841
3938,274
3938,1095
3938,1797
3938,2347
3938,1326
3938,1097
3938,1272
3938,1618
3938,310
3938,1101
3938,633
3938,1800
3938,1867
3938,142
3938,1114
3938,1905
3938,1248
3938,2626
3938,306
3938,87
3938,416
3938,639
3938,1356
3939,604
3939,1797
3939,1095
3939,142
3939,274
3939,1211
3939,639
3939,1084
3939,1356
3939,252
3939,87
3939,1109
3939,1483
3939,435
3939,1326
3939,838
3939,1278
3939,1102
3941,1064
3941,1810
3941,1490
3942,1797
3942,1095
3942,1484
3942,142
3942,2415
3942,1565
3943,1677
3943,2306
3943,2041
3943,1547
3943,1078
3943,1967
3943,1073
3943,1560
3943,2124
3947,9
3947,1095
3947,1484
3947,1618
3947,1084
3947,1272
3947,142
3947,306
3947,2626
3947,633
3947,639
3947,1356
3947,87
3947,252
3947,337
3947,1109
3947,1260
3947,435
3949,1084
3949,1211
3949,2407
3949,2026
3949,1019
3949,1664
3949,1326
3949,1101
3949,1099
3949,1097
3949,518
3949,2980
3949,2981
3949,1829
3949,633
3949,286
3949,2448
3949,2979
3949,900
3949,1096
3949,1724
3949,1100
3951,2994
3951,3025
3954,1075
3954,1547
3954,1677
3954,2041
3954,1557
3954,2306
3954,1539
3954,2016
3954,2437
3954,1566
3954,1073
3954,2235
3956,1272
3956,1035
3956,2841
3956,252
3956,2058
3958,2502
3958,2790
3958,953
3958,2584
3958,2791
3958,1504
3958,760
3958,994
3958,1515
3961,2374
3961,2413
3961,2415
3963,1674
3963,1035
3965,480
3965,1571
3965,2841
3965,1101
3965,984
3965,2793
3965,1099
3965,1583
3965,997
3965,946
3965,1476
3966,1677
3966,2306
3966,1560
3966,1073
3966,2235
3966,2018
3966,1064
3966,1810
3966,2133
3969,986
3969,1590
3969,968
3969,48
3969,276
3969,521
3969,2326
3969,1086
3969,256
3974,1547
3974,1539
3974,2437
3974,1078
3974,1560
3974,1967
3975,1674
3975,9
3975,142
3975,2411
3975,2445
3975,1109
3975,2924
3975,1915
3975,87
3975,3015
3975,2769
3976,848
3976,1195
3976,1702
3977,974
3977,1032
3977,2438
3977,2753
3977,1117
3977,860
3977,1862
3977,2349
3977,2481
3982,3061
3983,1800
3983,2439
3983,5
3984,1326
3984,961
3985,2347
3986,1116
3989,865
3989,1510
3989,2790
3989,2502
3989,729
3989,1011
3989,998
3989,1006
3989,994
3989,100
3990,604
3990,1797
3990,1095
3990,9
3990,1484
3990,1618
3990,142
3990,1867
3990,639
3990,1356
3990,252
3990,435
3990,1109
3990,87
3990,838
3990,1278
3990,837
3990,379
3991,1941
3993,2821
3993,953
3993,729
3993,715
3993,1038
3993,1011
3993,718
3993,709
3993,1518
3993,2706
3993,996
3993,716
3993,710
3993,979
3993,679
3993,949
3993,100
3993,2302
3995,3061
3998,1671
4000,1272
4000,1019
4000,1095
4000,1618
4000,1035
4000,1748
4000,142
4000,2349
4000,2626
4000,2494
4000,520
4000,1519
4000,1793
4000,334
4000,2594
4002,2623
4002,2349
4002,521
4002,1393
4002,2494
4002,1489
4002,604
4006,2821
4006,1000
4007,1084
4007,730
4007,480
4007,1211
4007,1045
4007,984
4007,1664
4007,2393
4007,1101
4007,945
4007,1099
4007,1676
4007,1583
4007,1097
4007,1248
4007,946
4007,1905
4007,274
4007,2110
4007,997
4007,286
4007,1476
4009,2225
4009,2590
4009,2078
4009,1828
4009,1848
4009,41
4009,259
4013,2862
4013,1314
4014,1020
4014,2821
4014,2790
4014,2551
4014,715
4014,1043
4014,1038
4014,1000
4014,2497
4014,1517
4014,2706
4014,994
4014,996
4014,1036
4014,976
4015,2584
4015,2790
4015,1006
4015,950
4015,994
4015,1016
4015,947
4015,2374
4018,1323
4020,1348
4020,2481
4020,876
4020,1046
4020,959
4020,2594
4020,1776
4020,34
4020,1793
4022,986
4022,2377
4022,947
4022,1519
4022,829
4022,1590
4022,979
4022,2374
4022,1518
4022,679
4022,2936
4022,2473
4028,1235
4028,1475
4028,1641
4028,135
4028,636
4028,98
4028,46
4029,874
4029,2601
4029,2284
4029,2168
4029,2036
4029,2159
4029,2520
4029,2283
4029,2081
4029,2003
4029,1203
4029,2167
4029,2171
4029,1940
4029,2400
4029,2174
4032,2790
4032,2584
4032,2791
4032,1504
4034,2455
4034,2594
4034,1314
4034,2862
4034,1971
4034,1702
4034,1883
4034,1001
4035,865
4035,725
4037,604
4037,9
4037,1484
4037,1618
4037,1867
4037,306
4037,2626
4037,416
4037,1356
4037,1260
4037,140
4037,252
4037,881
4038,2377
4038,2415
4038,979
4038,2374
4038,966
4038,1918
4038,2949
4043,1075
4043,1706
4044,1554
4044,2115
4044,2018
4044,2332
4045,865
4045,1510
4045,2551
4045,2496
4045,2497
4045,1517
4045,2438
4045,2589
4045,963
4046,2306
4046,1566
4049,2791
4049,2790
4055,1547
4055,1075
4055,1557
4055,2306
4055,1056
4055,1078
4055,2437
4055,1560
4055,1073
4055,1005
4055,3002
4055,2335
4057,1071
4058,1724
4059,2374
4059,225
4059,1590
4059,968
4061,2704
4061,860
4061,2455
4061,2349
4061,2594
4061,2256
4062,2026
4062,1045
4062,2131
4062,2407
4062,1676
4062,1583
4062,2448
4062,1101
4062,1326
4062,1829
4062,1099
4062,2793
4062,2393
4062,997
4062,2979
4062,1096
4062,2133
4062,2878
4062,535
4062,1810
4063,848
4063,1117
4063,1811
4064,1075
4065,2494
4065,1890
4071,2415
4071,2626
4071,2924
4071,306
4073,2284
4073,2225
4073,2167
4073,2078
4074,2797
4078,848
4078,1371
4078,1811
4078,1294
4079,1084
4079,1099
4079,1905
4081,1314
4081,1272
4081,1674
4081,829
4081,2862
4081,1748
4081,2413
4081,2626
4081,2775
4082,546
4082,1298
4083,1674
4084,2790
4084,1020
4084,950
4084,998
4084,1043
4084,994
4084,1038
4084,1006
4084,2451
4085,2425
4085,2153
4085,2081
4085,2179
4085,79
4086,2790
4086,1043
4086,950
4086,1006
4094,976
4094,2703
4094,1043
4094,2505
4099,478
4099,1936
4099,384
4099,1237
4099,2625
4099,2623
4099,2140
4099,1009
4099,32
4099,2455
4099,314
4099,276
4099,860
4099,1393
4099,521
4099,2349
4100,2026
4100,2131
4100,1571
4100,1676
4100,1829
4100,997
4100,2133
4102,1085
4103,2078
4103,2601
4103,1203
4103,2590
4103,2425
4106,1637
4106,2052
4106,720
4106,1639
4106,1516
4106,1512
4106,705
4106,2953
4106,828
4108,1296
4109,3005
4109,1504
4109,1511
4109,728
4112,1294
4112,1371
4112,203
4112,2471
4115,2455
4115,1314
4115,1971
4115,2862
4115,2346
4115,1883
4115,1702
4115,2494
4115,1001
4115,1670
4115,2456
4115,1041
4115,2017
4115,1890
4115,2247
4116,1045
4116,1571
4116,2131
4116,2133
4116,1572
4116,997
4116,615
4117,2377
4117,947
4117,1810
4121,1389
4124,1075
4124,1539
4124,2306
4124,1056
4124,2437
4124,1566
4124,1074
4124,901
4124,1560
4124,3002
4133,883
4133,1510
4133,2502
4133,982
4133,1504
4133,1517
4133,2536
4135,2704
4135,979
4136,1075
4136,2306
4136,1078
4136,1566
4136,1073
4138,1045
4138,2448
4140,1020
4140,979
4140,860
4140,1038
4140,718
4140,725
4140,861
4140,905
4140,2949
4140,480
4140,950
4140,2511
4140,1623
4140,1011
4140,942
4140,956
4140,615
4141,848
4141,2481
4142,1020
4142,979
4142,865
4142,1518
4142,1043
4142,1038
4142,100
4142,947
4142,1016
4142,1048
4144,822
4144,815
4144,1475
4144,1235
4144,523
4144,1661
4144,816
4144,1580
4144,590
4146,721
4148,1211
4148,1084
4148,274
4148,1097
4148,1326
4148,1905
4148,286
4148,1476
4151,87
4151,379
4151,1565
4151,458
4153,974
4153,1117
4153,2704
4153,2753
4153,1623
4153,976
4153,1043
4153,979
4153,2455
4153,1773
4153,533
4153,876
4153,2594
4153,24
4153,2862
4153,1776
4155,604
4155,1484
4155,1618
4155,142
4155,95
4155,252
4155,1565
4155,1298
4156,1464
4157,2026
4157,2027
4157,1045
4157,2841
4157,2131
4157,1676
4157,1101
4157,1829
4157,2448
4157,2980
4157,2981
4157,997
4157,2979
4157,1876
4157,2878
4157,1100
4158,2623
4161,1084
4161,1045
4161,730
4161,1571
4161,1676
4161,480
4161,1099
4161,1829
4161,1097
4161,2448
4161,2793
4161,1905
4161,286
4161,997
4161,2110
4161,1096
4162,705
4162,2052
4163,1354
4164,2225
4164,2601
4164,2078
4164,2003
4164,1478
4164,2216
4164,2183
4164,193
4164,1203
4164,2163
4164,2178
4164,1906
4164,1907
4165,2026
4165,984
4165,829
4165,1101
4165,2110
4170,1848
4170,2555
4170,2151
4171,974
4171,2496
4171,1000
4171,2438
4171,1517
4171,975
4171,1032
4172,761
4172,2302
4173,417
4174,2601
4176,2841
4176,984
4176,2980
4176,2981
4176,900
4176,535
4180,639
4180,1483
4180,87
4180,1278
4180,379
4180,369
4180,1397
4181,435
4181,1278
4181,2445
4182,2026
4182,2027
4182,2131
4182,2448
4182,997
4182,1876
4185,1272
4185,829
4185,1674
4185,306
4185,2626
4185,1260
4185,881
4185,1915
4185,838
4187,1095
4187,142
4187,306
4187,639
4187,2626
4187,1356
4187,435
4187,87
4187,1260
4187,1565
4187,1278
4189,140
4190,1020
4190,1510
4190,991
4190,953
4190,2584
4190,2790
4190,718
4190,725
4190,1006
4190,998
4190,679
4190,994
4190,996
4190,710
4190,100
4190,1752
4190,949
4190,1515
4190,2267
4190,978
4190,2451
4191,1702
4194,1936
4194,296
4194,6
4194,192
4194,478
4194,119
4194,180
4194,44
4194,579
4195,860
4195,2455
4195,1314
4195,1051
4195,1971
4195,896
4195,1883
4195,1702
4195,2494
4195,2775
4200,874
4200,2225
4200,1907
4200,2167
4200,193
4200,2003
4200,2163
4200,2150
4200,2567
4200,638
4201,478
4201,645
4201,180
4201,516
4201,307
4201,1323
4201,2629
4203,2153
4203,2601
4203,2425
4203,2081
4203,2318
4203,2283
4203,1945
4204,2150
4204,638
4204,1993
4204,2194
4205,720
4205,1639
4205,705
4205,2052
4205,1512
4205,2371
4205,2472
4205,821
4205,2824
4205,716
4205,739
4207,1510
4207,2790
4207,2584
4207,2821
4207,991
4207,715
4207,1000
4207,998
4207,950
4207,1038
4207,718
4207,725
4207,2706
4207,1006
4207,1518
4207,1820
4207,979
4207,2451
4207,711
4208,2131
4208,1045
4208,1571
4208,1829
4208,2448
4208,1876
4208,535
4209,1117
4209,2704
4209,1032
4209,2594
4209,861
4209,2862
4209,905
4209,896
4209,979
4209,2949
4209,1038
4209,1020
4220,1797
4220,1095
4220,1484
4220,9
4220,1618
4220,142
4220,1867
4220,306
4220,1356
4220,1800
4220,1109
4220,1724
4220,1565
4220,416
4220,379
4220,140
4220,837
4220,1278
4223,2841
4223,2407
4223,274
4223,2027
4223,2981
4223,900
4224,2481
4226,1348
4226,1331
4226,276
4226,1116
4226,1489
4227,1019
4227,1674
4227,1084
4227,1211
4227,1095
4227,2841
4227,2407
4227,1797
4227,518
4227,274
4227,984
4227,142
4227,2026
4227,1326
4227,633
4227,2415
4227,1099
4227,2027
4227,2413
4227,306
4227,1097
4227,1724
4227,520
4227,87
4227,1356
4227,1109
4227,3015
4228,2284
4228,2081
4228,2520
4228,2425
4228,2219
4228,2167
4228,2283
4228,1991
4232,988
4234,1237
4234,296
4234,478
4234,645
4234,192
4234,144
4234,6
4234,1460
4234,516
4234,180
4234,1323
4234,1422
4234,531
4234,2629
4234,820
4234,10
4234,648
4237,1527
4238,865
4238,1043
4238,2551
4238,2790
4238,1518
4238,1517
4238,871
4242,705
4242,1512
4245,849
4245,15
4245,45
4245,1765
4245,546
4246,2451
4247,1281
4248,1272
4248,2413
4248,1748
4248,986
4248,2377
4248,860
4248,984
4248,1590
4248,1035
4248,944
4248,942
4248,968
4248,2511
4248,1117
4248,1800
4248,416
4248,966
4248,225
4248,493
4248,5
4248,604
4248,400
4248,1618
4248,99
4248,1095
4248,861
4248,2374
4248,2704
4248,520
4248,1918
4248,1867
4249,2994
4252,2027
4252,1045
4252,2407
4252,1664
4252,1676
4252,952
4252,2448
4252,945
4252,1583
4252,1099
4252,1326
4252,2980
4252,1829
4252,2393
4252,1487
4252,2979
4252,1876
4252,2878
4252,535
4252,1114
4253,290
4255,1019
4255,1674
4255,1272
4255,2413
4255,1800
4255,2411
4255,1035
4255,2377
4255,520
4255,2980
4255,2445
4255,1748
4259,883
4259,1510
4259,865
4259,2790
4259,2496
4259,982
4259,953
4259,998
4259,1742
4259,958
4259,996
4259,755
4259,927
4259,963
4259,2536
4260,1291
4260,2630
4262,865
4262,1510
4262,2790
4262,1020
4262,3005
4262,1038
4262,996
4268,2016
4268,1547
4268,1677
4268,1554
4268,2306
4268,2437
4268,1056
4268,1078
4268,1842
4268,1127
4268,1706
4268,1548
4268,1680
4268,1074
4268,1960
4268,1967
4268,1073
4268,1566
4268,901
4268,1562
4268,1560
4268,600
4268,354
4269,1095
4269,1272
4269,1867
4270,1997
4270,1186
4270,814
4270,1850
4270,2383
4271,1075
4271,1547
4271,1539
4271,2016
4271,1677
4271,2306
4271,1078
4271,2437
4277,849
4278,865
4278,2438
4278,1518
4278,100
4279,1117
4279,860
4279,2753
4279,2704
4279,2349
4279,2840
4279,1773
4279,932
4279,1776
4279,1294
4279,32
4279,1866
4284,2841
4284,274
4284,1664
4284,1326
4284,518
4284,984
4284,1099
4284,1097
4284,633
4284,310
4284,2980
4284,1114
4284,1797
4284,2981
4284,1724
4284,900
4284,520
4285,95
4285,1125
4285,1206
4285,2623
4285,199
4285,188
4285,1850
4285,1179
4286,140
4286,837
4287,2494
4287,1670
4287,2456
4289,1020
4289,2821
4289,2706
4290,1936
4290,1646
4290,1640
4290,720
4290,478
4290,2140
4290,2052
4290,522
4290,2617
4290,516
4290,1655
4290,2371
4294,822
4294,1637
4294,522
4294,321
4294,524
4297,2807
4297,1701
4297,1724
4297,535
4297,2766
4300,1019
4300,2407
4300,1674
4300,829
4300,2027
4300,984
4300,604
4300,518
4300,2347
4300,1664
4300,1326
4300,1272
4300,1099
4300,2980
4300,1035
4300,1095
4300,310
4300,633
4300,1618
4300,2981
4300,1797
4300,2413
4300,956
4300,961
4300,1724
4300,2979
4300,520
4300,1867
4301,3005
4301,2551
4302,1086
4302,1348
4302,276
4302,34
4302,294
4302,1793
4302,1116
4302,1393
4302,1671
4305,1038
4306,1679
4306,1353
4306,1127
4306,218
4309,1797
4309,142
4309,639
4309,1109
4309,87
4309,837
4311,1195
4313,679
4313,1038
4313,991
4313,100
4313,1000
4313,2377
4313,1048
4313,1117
4314,498
4314,256
4314,631
4314,892
4314,870
4314,1364
4316,2594
4316,2862
4316,2494
4316,1179
4318,2841
4318,984
4318,1019
4318,2347
4318,1326
4318,2980
4318,900
4319,1640
4319,1684
4320,1095
4320,1484
4320,306
4320,2626
4320,639
4320,337
4322,604
4322,1095
4322,1797
4322,1484
4322,1618
4322,142
4322,1867
4322,306
4322,2626
4322,337
4322,1356
4322,416
4322,1109
4322,87
4322,837
4322,1241
4325,95
4327,1095
4327,9
4327,142
4327,310
4327,838
4327,1278
4327,2514
4327,1270
4331,515
4332,525
4332,1237
4332,296
4332,204
4332,478
4332,192
4332,1464
4332,2140
4332,1460
4332,144
4332,180
4332,249
4332,1422
4332,531
4332,2629
4332,1998
4332,44
4332,2765
4337,729
4337,710
4340,2551
4340,2791
4340,1517
4340,1504
4340,1511
4341,2425
4341,2284
4341,2153
4341,2182
4341,2283
4341,2078
4341,1940
4341,2601
4341,2225
4341,1993
4344,199
4344,188
4344,290
4344,849
4346,2150
4346,2081
4346,2159
4346,2257
4346,2184
4346,2167
4348,5
4348,2326
4349,604
4349,829
4349,1272
4349,1095
4349,1618
4349,2413
4349,1797
4349,1867
4349,1800
4349,142
4349,416
4349,2626
4349,2411
4349,2841
4349,2439
4349,2407
4349,1748
4349,5
4349,1356
4349,1915
4349,87
4349,140
4349,3015
4350,2496
4351,2914
4351,3053
4356,1019
4356,829
4356,2377
4356,1748
4357,709
4357,759
4357,710
4358,715
4358,716
4358,1742
4358,1000
4358,711
4358,2764
4358,958
4358,1004
4358,756
4358,761
4358,996
4358,757
4362,1291
4362,268
4362,474
4364,666
4364,314
4364,16
4365,2027
4365,2841
4365,730
4365,2131
4365,1571
4365,984
4365,952
4365,2347
4365,1829
4365,2393
4365,2448
4365,2981
4365,2979
4365,900
4365,946
4365,535
4365,2878
4370,2790
4370,1006
4370,2451
4375,1820
4376,874
4376,2601
4376,2168
4376,2078
4376,2425
4378,565
4380,2026
4380,2407
4380,984
4380,2027
4380,480
4380,829
4380,518
4380,2980
4380,2347
4380,1099
4380,946
4380,2981
4383,1811
4383,1117
4383,2753
4383,1623
4383,1032
4383,533
4383,2438
4383,870
4383,876
4383,256
4383,631
4383,861
4383,959
4383,905
4383,48
4383,2326
4383,203
4389,1510
4389,992
4389,3005
4389,865
4389,2790
4389,1011
4389,996
4389,927
4389,2961
4390,303
4391,848
4392,95
4392,290
4392,188
4393,1084
4393,1211
4393,2841
4393,2407
4393,2027
4393,1664
4393,1326
4393,1101
4393,1099
4393,1097
4393,1019
4393,274
4393,2981
4393,1905
4393,2979
4393,961
4393,900
4393,286
4393,1096
4393,535
4396,1082
4396,1354
4399,705
4399,704
4399,2504
4401,604
4401,142
4401,1674
4401,1867
4401,306
4401,2626
4401,639
4401,274
4401,252
4401,633
4401,87
4401,2413
4401,1483
4401,1888
4401,379
4403,306
4403,639
4403,2626
4403,252
4403,435
4403,1278
4406,1084
4406,1211
4406,1097
4406,1905
4406,633
4406,286
4406,1606
4406,1476
4407,982
4407,2496
4407,2497
4409,905
4409,1032
4409,909
4412,1067
4412,1298
4417,604
4417,1095
4417,1618
4417,1797
4417,1484
4417,142
4417,306
4417,2626
4417,416
4417,252
4417,1724
4417,837
4417,458
4418,947
4418,2415
4418,2377
4418,2473
4418,2413
4418,2936
4418,2959
4419,1211
4419,2407
4419,2393
4419,1664
4419,1326
4419,1487
4419,2058
4419,1114
4421,639
4421,252
4421,1228
4423,761
4423,1742
4423,736
4423,958
4423,705
4423,757
4425,604
4425,1272
4425,1674
4425,1211
4425,518
4425,9
4425,1035
4425,2841
4425,984
4425,2347
4425,1867
4425,310
4425,956
4425,2058
4425,520
4425,334
4425,400
4428,2739
4429,45
4429,1361
4429,870
4429,376
4429,48
4429,1765
4431,2027
4431,2407
4431,2841
4431,730
4431,1676
4431,1099
4431,952
4431,2980
4431,2393
4431,2979
4431,900
4431,535
4431,946
4435,2964
4436,2821
4436,1038
4436,1043
4436,865
4436,2551
4436,1518
4437,951
4439,1117
4439,979
4439,986
4439,1519
4439,1032
4439,947
4439,871
4439,679
4439,1020
4439,1590
4439,1086
4439,225
4439,968
4439,276
4439,1748
4439,2949
4439,725
4439,533
4439,966
4439,870
4439,256
4439,1006
4440,522
4440,524
4440,1658
4442,1272
4442,1095
4442,829
4442,1618
4442,9
4442,1484
4442,142
4442,1867
4442,1800
4442,2413
4442,416
4442,2415
4442,2626
4442,2411
4442,2439
4442,1109
4442,1356
4442,1748
4442,337
4442,252
4442,881
4442,5
4442,1915
4442,334
4442,1565
4442,1564
4445,2371
4450,142
4450,1800
4450,310
4450,1724
4450,1241
4450,5
4453,1101
4457,3025
4462,976
4462,2505
4462,1037
4462,2204
4465,2623
4465,1821
4465,1179
4468,2497
4468,2496
4468,1865
4470,1117
4470,2753
4470,860
4470,1032
4470,2704
4470,1051
4470,2349
4470,2840
4470,2594
4473,1117
4473,1623
4473,2704
4473,1032
4473,2455
4473,896
4473,1773
4473,2594
4473,2840
4473,2346
4473,2821
4473,1776
4473,933
4473,1971
4473,1029
4475,2150
4475,2520
4475,2601
4475,2153
4475,2168
4475,1945
4475,2284
4475,2036
4475,2167
4475,2081
4475,2425
4475,2318
4477,285
4477,1666
4477,1679
4477,1297
4477,1833
4477,609
4477,1127
4477,1353
4478,2284
4478,2153
4478,2520
4478,2174
4478,2182
4478,2318
4478,1940
4478,2081
4478,1478
4478,2283
4478,2159
4485,1354
4485,1258
4485,498
4488,2623
4488,848
4488,1117
4488,1009
4488,276
4488,2326
4488,256
4488,1086
4488,1793
4488,1811
4488,521
4488,533
4488,905
4488,2037
4488,870
4488,48
4488,2704
4488,861
4488,959
4490,1811
4490,848
4490,2623
4490,1159
4490,1029
4490,1195
4490,43
4490,1009
4490,1294
4490,305
4490,1907
4491,2455
4491,2349
4491,1314
4491,1702
4491,1971
4491,2840
4497,604
4497,1095
4497,9
4497,1618
4497,1484
4497,142
4497,1867
4497,306
4497,1800
4497,2626
4497,310
4497,639
4497,2439
4497,1356
4497,252
4497,140
4497,435
4497,837
4497,5
4497,1241
4499,523
4499,1475
4499,1393
4499,0
4500,1252
4500,636
4506,604
4506,1095
4506,829
4506,1618
4506,2439
4506,142
4506,416
4506,1867
4506,2626
4506,400
4506,2623
4506,493
4506,337
4506,248
4506,334
4506,1748
4507,716
4507,711
4509,1117
4509,860
4509,1032
4509,2704
4509,1623
4509,896
4509,1820
4509,2455
4509,2594
4512,982
4512,1011
4512,1742
4512,2764
4512,958
4512,729
4512,998
4512,927
4512,728
4512,2536
4513,1211
4514,2225
4514,2150
4514,638
4514,193
4514,2216
4514,1203
4514,1907
4516,1936
4516,525
4516,478
4516,2140
4516,296
4516,1997
4516,516
4516,1464
4516,2625
4516,1389
4516,6
4516,1460
4516,10
4516,441
4516,833
4516,1186
4517,200
4517,299
4519,604
4519,1084
4519,9
4519,1674
4519,274
4519,2347
4519,1797
4519,310
4519,1099
4519,633
4519,1101
4519,1035
4519,1114
4519,286
4523,945
4528,290
4529,604
4529,1095
4529,1797
4529,1618
4529,142
4529,1867
4529,306
4529,2626
4529,1356
4529,2347
4529,252
4529,87
4529,1483
4529,1109
4529,1260
4529,435
4529,838
4529,1278
4529,379
4531,720
4531,815
4531,522
4531,1655
4531,1516
4531,705
4531,1512
4531,2371
4531,744
4531,821
4531,2859
4531,1580
4531,725
4531,1026
4531,2953
4532,1702
4535,876
4535,533
4536,1456
4536,2701
4536,1294
4536,299
4536,1667
4536,314
4536,37
4539,1328
4545,1095
4545,1618
4545,1867
4545,2626
4545,252
4545,1260
4545,1241
4550,1314
4550,2862
4550,1674
4553,2455
4553,1314
4553,2862
4553,2349
4553,2594
4553,1971
4553,2494
4553,1883
4553,2247
4553,1533
4553,1014
4555,2706
4555,1036
4556,2153
4556,2318
4556,2081
4556,2257
4560,932
4560,2753
4560,1044
4561,636
4561,46
4561,12
4561,1941
4562,719
4562,2717
4565,1475
4565,826
4565,321
4565,1649
4567,1084
4567,1097
4567,1664
4567,1099
4567,1101
4568,200
4568,1481
4569,984
4569,2841
4569,518
4569,1019
4569,1664
4569,1326
4569,961
4569,946
4570,200
4570,1481
4575,2159
4575,2257
4575,2179
4580,883
4580,2502
4580,715
4580,2496
4580,729
4580,2791
4580,718
4580,710
4580,755
4581,716
4581,711
4581,2302
4581,1820
4582,705
4582,54
4582,1040
4582,1639
4582,16
4582,1051
4582,991
4582,1776
4583,1272
4583,2623
4583,829
4583,493
4583,400
4583,1195
4583,5
4583,1590
4583,2326
4583,518
4583,276
4583,860
4583,942
4583,1035
4583,984
4583,256
4583,45
4583,416
4583,1117
4583,48
4583,1009
4583,2058
4583,968
4588,947
4588,2374
4588,2936
4588,1006
4588,2584
4589,525
4589,1165
4589,1237
4589,296
4589,1460
4589,1997
4589,2007
4595,2027
4595,1045
4595,730
4595,2131
4595,1571
4595,1676
4595,480
4595,2793
4595,2448
4595,2979
4595,997
4595,1572
4595,1876
4598,274
4598,633
4600,1866
4608,974
4608,2438
4608,2753
4608,1811
4608,2497
4608,876
4608,1862
4613,974
4613,1020
4613,1117
4613,883
4613,1038
4613,865
4613,1043
4613,679
4613,2438
4613,2821
4613,991
4613,2753
4613,1006
4613,861
4613,953
4613,1510
4613,905
4613,100
4613,2790
4613,729
4613,950
4613,1011
4613,971
4613,994
4614,2505
4615,2455
4615,2862
4621,1510
4621,2502
4621,2790
4621,2584
4621,998
4621,2791
4621,1504
4626,1797
4626,1867
4626,1724
4628,860
4628,1348
4628,1117
4628,2623
4628,848
4628,1195
4628,256
4628,1811
4628,1009
4628,1793
4628,533
4628,521
4628,260
4628,1331
4628,2704
4628,24
4628,861
4628,905
4628,959
4628,32
4628,2256
4628,48
4628,2625
4628,1393
4628,1014
4628,1590
4628,1533
4628,467
4628,1294
4628,1840
4630,2168
4630,2167
4630,2284
4630,2425
4632,2052
4635,1086
4635,1811
4635,848
4635,1117
4635,276
4635,256
4635,2753
4635,24
4635,974
4635,870
4635,2326
4635,631
4635,34
4635,1085
4635,48
4635,2438
4635,1776
4636,1046
4636,2703
4636,2775
4638,1679
4639,2502
4639,953
4639,715
4639,2791
4639,2706
4639,882
4642,1095
4642,1797
4642,142
4642,1800
4642,310
4642,140
4642,337
4642,5
4642,493
4642,1724
4642,334
4642,2623
4643,932
4643,832
4645,1235
4645,1637
4645,1640
4645,815
4645,1639
4645,636
4645,517
4645,2729
4645,98
4645,821
4646,274
4648,2601
4651,1082
4651,1354
4651,832
4651,789
4651,1024
4651,2630
4651,268
4658,979
4658,1020
4658,986
4658,860
4658,1518
4658,947
4658,679
4658,1032
4658,1519
4658,2704
4658,2511
4658,905
4658,2949
4658,1272
4658,2374
4658,944
4658,1748
4658,2413
4658,942
4658,984
4659,2407
4659,2980
4659,2979
4659,535
4661,730
4665,720
4665,2052
4665,1658
4671,2502
4671,953
4671,729
4671,998
4671,2791
4671,725
4674,604
4674,1095
4674,9
4674,142
4674,1867
4674,306
4674,2411
4674,274
4674,1724
4674,252
4674,435
4674,1565
4674,1888
4674,838
4674,379
4677,1637
4677,1640
4677,523
4677,2729
4677,517
4677,1608
4679,721
4681,2455
4681,1314
4681,2862
4681,2594
4681,2494
4681,1883
4681,1935
4681,1692
4684,1811
4684,2079
4684,305
4697,2225
4697,1908
4697,2078
4697,1203
4697,2216
4697,2066
4697,1478
4698,1862
4699,1510
4699,2584
4699,715
4699,998
4699,1504
4699,718
4699,975
4699,2451
4705,1510
4705,865
4705,2584
4705,991
4705,1020
4705,2551
4705,715
4705,2821
4705,729
4705,2496
4705,982
4705,1011
4705,974
4705,3005
4705,2791
4705,998
4705,950
4705,716
4705,1517
4705,958
4705,2497
4705,1038
4705,710
4705,975
4705,2764
4705,996
4705,2589
4705,1515
4705,927
4705,2451
4705,882
4705,711
4705,755
4705,2302
4705,988
4705,1820
4705,756
4705,732
4706,2496
4706,3005
4706,1011
4706,2764
4706,958
4706,2961
4706,927
4710,1639
4712,1674
4712,416
4712,400
4712,2626
4714,1919
4716,1291
4716,1258
4716,789
4716,876
4716,24
4716,1024
4716,631
4716,268
4719,1086
4722,200
4724,1326
4724,1338
4725,314
4725,1811
4725,305
4726,1348
4726,2623
4726,1331
4727,1484
4727,142
4727,252
4727,87
4727,379
4728,865
4728,1020
4728,2821
4728,991
4728,715
4728,1038
4728,716
4728,1518
4728,975
4728,996
4728,1752
4728,1820
4728,1036
4728,2302
4729,1945
4734,720
4734,2371
4735,1084
4735,2841
4735,2407
4735,984
4735,1664
4735,2347
4735,1019
4735,1101
4735,518
4735,1099
4735,274
4735,1097
4735,480
4735,2980
4735,1583
4735,2981
4735,2393
4735,633
4735,1035
4735,1114
4735,961
4735,956
4735,2110
4735,1476
4736,2496
4736,2536
4738,296
4738,411
4738,204
4738,6
4738,478
4738,666
4739,2455
4739,1314
4739,2594
4739,2494
4739,1029
4739,1702
4739,1883
4739,1533
4740,730
4740,1829
4743,945
4749,260
4749,1527
4753,525
4753,1936
4753,1165
4753,1237
4753,296
4753,1460
4753,144
4753,478
4753,192
4753,6
4753,119
4753,180
4753,249
4753,1422
4753,531
4753,2629
4753,2007
4753,2765
4754,1211
4754,1084
4755,274
4755,633
4755,1097
4756,883
4756,865
4756,953
4756,2821
4756,2551
4756,718
4756,729
4756,932
4756,1517
4756,976
4756,725
4756,760
4756,710
4757,860
4757,1117
4757,2455
4757,1314
4757,2594
4757,2704
4757,2862
4757,1051
4757,2481
4757,2346
4757,1702
4757,1883
4757,2840
4757,1001
4757,2703
4757,871
4758,1637
4758,1639
4758,522
4758,718
4758,822
4758,760
4758,524
4758,878
4758,759
4758,815
4760,1331
4760,260
4760,32
4762,1547
4762,2012
4762,2306
4762,1554
4762,1539
4762,1056
4762,2437
4762,1706
4762,1960
4762,3002
4766,945
4768,2551
4768,2496
4768,1517
4768,2589
4768,932
4770,54
4770,16
4772,1811
4773,2219
4773,2520
4777,1510
4777,865
4777,2790
4777,1020
4777,2551
4777,3005
4777,2791
4777,998
4777,950
4777,1517
4777,1504
4777,1006
4777,1515
4777,2451
4777,927
4779,756
4779,736
4779,705
4779,757
4781,982
4781,2536
4782,1867
4782,1260
4783,2502
4783,953
4784,1051
4784,1533
4784,2349
4784,1702
4784,2840
4786,266
4787,984
4787,2980
4787,518
4787,900
4787,961
4790,1510
4790,883
4790,982
4792,860
4792,1117
4792,2349
4792,1029
4792,1708
4792,1623
4797,441
4799,3005
4799,1011
4799,2764
4799,2961
4799,996
4801,456
4801,260
4801,294
4801,832
4801,2630
4801,1328
4801,1290
4801,875
4801,473
4804,1742
4804,761
4804,736
4804,728
4806,2173
4806,2194
4806,2165
4806,259
4806,1524
4806,1629
4809,1019
4809,1272
4809,1674
4809,829
4809,984
4809,1211
4809,1084
4809,2841
4809,604
4809,518
4809,2413
4809,2407
4809,1035
4809,1095
4809,2415
4809,1618
4809,1800
4809,956
4809,2347
4809,2026
4809,9
4809,416
4809,2980
4809,2626
4809,1797
4809,142
4809,1099
4809,942
4809,1326
4809,306
4809,274
4809,944
4809,2058
4809,1519
4809,5
4810,2790
4810,976
4811,2081
4811,1940
4812,848
4812,1195
4812,2625
4812,260
4812,1793
4812,1393
4812,1456
4813,715
4813,2551
4813,982
4813,709
4813,716
4813,1742
4813,958
4813,1504
4813,760
4813,2589
4814,1272
4814,1674
4814,829
4814,1019
4814,1590
4814,956
4814,604
4814,1748
4814,1793
4814,518
4814,942
4814,1035
4814,1618
4814,1348
4814,984
4814,2326
4814,2413
4814,944
4814,1095
4814,521
4814,99
4814,905
4814,1046
4814,968
4814,2415
4814,2377
4814,1867
4815,299
4817,730
4817,1045
4817,1571
4817,1829
4817,1487
4817,997
4817,1248
4817,172
4817,1476
4818,274
4818,1097
4818,286
4818,1829
4818,1905
4818,2448
4818,1606
4818,1096
4818,1100
4823,876
4823,643
4823,474
4823,1024
4826,829
4826,1019
4826,1674
4826,984
4826,2841
4826,1035
4826,2407
4826,1748
4826,520
4826,2411
4826,881
4826,2445
4828,1024
4828,789
4829,2027
4829,2131
4829,1045
4829,1571
4829,730
4829,480
4829,2448
4829,2793
4829,945
4829,997
4829,2393
4829,1572
4830,2502
4830,991
4830,953
4830,2551
4830,982
4830,718
4831,1800
4831,2626
4831,306
4832,953
4836,525
4836,192
4836,1237
4836,478
4836,411
4836,314
4836,16
4836,299
4836,214
4836,1085
4836,37
4836,54
4836,589
4836,930
4843,1099
4845,2496
4845,2764
4845,1742
4845,1865
4845,728
4846,1811
4851,1639
4852,274
4852,286
4855,815
4855,2052
4855,2371
4855,1655
4855,1646
4855,1639
4855,522
4855,744
4855,720
4857,1348
4857,260
4857,24
4857,256
4857,876
4857,631
4857,1331
4857,1085
4857,1793
4858,1572
4859,1639
4859,1640
4859,478
4859,1684
4859,16
4861,1348
4861,2704
4861,1046
4861,2840
4861,976
4864,848
4864,860
4864,1117
4864,1009
4864,2297
4864,1051
4864,2349
4864,2326
4864,2704
4864,1907
4864,2218
4864,1533
4867,730
4867,480
4867,2027
4867,1045
4867,1084
4867,2131
4867,2793
4867,1829
4867,1099
4867,615
4867,942
4867,997
4867,2110
4867,1248
4869,1045
4869,730
4869,480
4869,945
4869,2793
4869,1487
4869,1572
4870,2790
4870,1020
4870,953
4870,950
4870,1043
4870,994
4870,1006
4870,949
4870,725
4871,716
4871,705
4871,761
4872,1510
4872,865
4872,2790
4872,2496
4872,2821
4872,729
4872,3005
4872,998
4872,716
4872,1742
4872,2497
4872,710
4872,996
4872,2764
4872,927
4873,1510
4873,2502
4873,715
4873,953
4873,2584
4873,2496
4873,729
4873,1000
4873,2791
4873,950
4873,1504
4873,2451
4875,1811
4875,1020
4875,2821
4875,860
4875,1086
4875,2704
4875,1623
4875,979
4875,861
4875,2949
4875,1011
4876,975
4877,1085
4877,875
4877,2630
4877,34
4877,16
4877,299
4877,54
4878,1086
4878,533
4878,260
4878,876
4878,959
4878,34
4882,705
4882,1032
4882,905
4882,861
4882,1646
4882,991
4889,952
4890,9
4890,1484
4890,142
4890,274
4890,252
4890,1109
4890,1483
4890,435
4890,1724
4890,87
4890,838
4890,1565
4890,633
4890,379
4890,458
4895,883
4895,1510
4895,2502
4895,982
4895,729
4895,998
4895,958
4895,1504
4895,760
4895,927
4895,2536
4896,716
4896,761
4896,1020
4896,1000
4896,2302
4896,757
4896,1038
4897,2448
4897,2133
4897,2088
4897,1876
4897,1064
4897,2878
4898,932
4898,1522
4898,1037
4898,2703
4898,1527
4898,2518
4899,2764
4899,1011
4899,958
4899,736
4899,996
4899,728
4899,2684
4900,1674
4900,1272
4900,1084
4900,1035
4900,1101
4902,1676
4902,1487
4903,2026
4903,1084
4903,2027
4903,1571
4903,952
4903,1676
4903,2393
4903,1583
4903,2448
4903,1829
4903,945
4903,1326
4903,1572
4903,2979
4903,997
4903,2133
4903,946
4903,1876
4903,1114
4903,1810
4903,1372
4903,2028
4904,1019
4904,984
4904,2413
4904,1748
4904,947
4904,2377
4904,2415
4904,860
4904,966
4904,2374
4904,861
4905,1117
4905,2753
4905,976
4905,1773
4905,24
4905,2481
4905,991
4905,971
4905,1776
4905,2840
4906,1811
4906,789
4906,1157
4906,1217
4907,829
4907,984
4907,1035
4907,2841
4907,1748
4909,932
4909,2438
4909,1044
4909,2497
4909,933
4910,1326
4912,604
4912,9
4912,1095
4912,1797
4912,518
4912,2347
4912,310
4912,142
4912,1867
4912,1724
4912,416
4912,87
4912,1356
4912,2439
4912,252
4912,1109
4914,1086
4914,260
4914,34
4914,876
4914,256
4914,1354
4914,1258
4914,2438
4919,1571
4919,1676
4919,1829
4919,2981
4920,957
4920,200
4925,1748
4925,1099
4927,829
4927,1674
4927,1019
4927,520
4928,1211
4928,1326
4928,2347
4928,633
4928,1114
4928,1905
4928,1248
4928,286
4928,1606
4928,1476
4930,1936
4930,1237
4930,478
4930,666
4930,10
4930,314
4933,952
4933,945
4935,2791
4935,1504
4936,1084
4936,1211
4936,1114
4936,633
4936,286
4936,1606
4937,2708
4937,527
4937,2352
4937,2353
4937,2381
4937,1913
4938,865
4938,2790
4938,1517
4938,1518
4938,100
4939,883
4939,2790
4939,2502
4939,2584
4939,953
4939,982
4939,1000
4939,998
4939,2791
4939,718
4939,716
4939,1504
4939,710
4939,760
4939,882
4940,1117
4940,2349
4940,2455
4940,896
4940,979
4940,1051
4940,2346
4940,976
4940,1773
4940,2840
4940,1046
4940,991
4943,1510
4943,865
4943,2502
4943,991
4943,2584
4943,2551
4943,2496
4943,974
4943,1517
4943,1043
4943,1504
4943,760
4943,1515
4943,755
4943,882
4944,1510
4944,865
4944,953
4944,974
4944,2496
4944,982
4944,950
4944,1517
4944,1043
4944,882
4944,963
4949,711
4949,1000
4949,761
4949,2764
4949,736
4950,974
4950,982
4950,2496
4950,2497
4951,2374
4952,1524
4954,1867
4955,874
4955,2225
4955,2150
4955,2003
4955,2036
4955,2165
4955,638
4955,2567
4955,1993
4955,193
4955,2078
4955,1907
4955,2216
4955,2159
4955,1203
4955,1478
4956,299
4956,314
4956,16
4956,456
4956,1582
4956,1811
4956,1481
4956,2477
4956,24
4956,438
4956,935
4956,1044
4956,37
4957,848
4957,1195
4957,1029
4958,721
4959,2377
4959,829
4959,944
4959,1035
4959,400
4961,2284
4961,2601
4961,2078
4961,2590
4961,2168
4961,1828
4961,2194
4961,2081
4961,1945
4961,2283
4961,2425
4961,41
4961,1851
4962,192
4962,54
4962,37
4962,666
4962,935
4962,10
4965,1679
4965,2088
4965,1067
4965,1064
4965,1962
4967,2840
4969,877
4969,1773
4970,716
4970,1000
4970,711
4970,761
4970,1820
4970,1036
4972,1811
4972,305
4972,2471
4972,1294
4972,49
4973,877
4973,1522
4973,1830
4973,2350
4973,1773
4973,1866
4973,1325
4974,1811
4974,1032
4974,2753
4974,1117
4974,1623
4974,860
4974,861
4974,2497
4974,905
4975,1936
4975,525
4975,192
4975,1237
4975,1165
4975,204
4975,478
4975,2140
4975,1422
4975,6
4975,1460
4975,119
4975,249
4975,645
4975,516
4975,531
4975,2765
4975,677
4975,2629
4980,736
4982,1811
4982,832
4982,876
4982,474
4982,789
4982,1258
4982,1291
4985,1661
4988,720
4988,2052
4988,1512
4989,2438
4989,729
4989,982
4989,2496
4989,1517
4989,963
4993,1773
4993,1862
4993,1044
4993,1037
4993,933
4995,2438
4995,1117
4995,1811
4995,2753
4995,860
4995,1623
4995,1862
4995,2840
4997,1101
4997,1905
4997,1829
4997,286
4997,2448
4999,1811
4999,1032
4999,2753
4999,1117
4999,1623
4999,533
4999,870
4999,100
5001,1907
5001,1456
5003,1045
5003,2131
5003,1096
5003,1571
5003,1100
5007,2496
5007,982
5007,2497
5009,95
5009,199
5010,865
5010,2584
5010,2791
5010,1504
5010,760
5010,1515
5011,865
5011,1020
5011,1510
5011,991
5011,2821
5011,953
5011,2790
5011,2502
5011,2551
5011,2584
5011,729
5011,1043
5011,1038
5011,718
5011,1011
5011,709
5011,1000
5011,3005
5011,950
5011,2791
5011,2497
5011,1517
5011,725
5011,1006
5011,975
5011,716
5011,2706
5011,1032
5011,994
5011,760
5011,1820
5011,710
5011,996
5011,2302
5011,1518
5011,949
5011,979
5011,976
5011,100
5013,2026
5013,730
5013,2027
5013,2407
5013,2841
5013,1045
5013,480
5013,1571
5013,2131
5013,952
5013,1664
5013,984
5013,945
5013,1676
5013,1099
5013,2793
5013,1583
5013,2448
5013,2981
5013,900
5013,997
5013,2110
5013,1876
5013,535
5013,2878
5015,860
5015,1117
5015,952
5015,1032
5015,1623
5015,480
5015,730
5015,878
5015,2793
5016,2704
5016,276
5016,2349
5016,1348
5016,1046
5016,2346
5016,2703
5016,976
5016,1331
5016,1793
5016,467
5016,2775
5017,2052
5017,2371
5017,744
5017,1516
5017,720
5019,1019
5019,1272
5019,1095
5019,1618
5019,1800
5019,518
5019,1867
5019,416
5019,2841
5019,984
5019,1724
5019,5
5019,140
5019,1748
5019,2058
5019,1241
5021,2594
5021,2346
5023,2371
5024,1666
5024,285
5024,1833
5024,1353
5025,2821
5027,1314
5027,2455
5027,2349
5027,2862
5027,1046
5027,2346
5027,829
5027,2775
5027,1883
5027,1748
5027,968
5027,1935
5028,274
5028,1326
5028,2347
5028,1095
5028,1797
5028,633
5028,1800
5028,142
5028,87
5031,1475
5031,319
5032,54
5032,200
5032,2630
5032,2477
5032,268
5035,1510
5035,2790
5035,1043
5035,994
5035,1006
5035,927
5039,1646
5039,1639
5039,1637
5039,1235
5039,823
5039,1346
5039,1642
5039,636
5042,604
5042,1484
5042,252
5042,2514
5042,838
5048,1742
5050,860
5050,2704
5050,2349
5050,848
5050,2594
5050,2840
5050,2346
5050,24
5050,1776
5050,1314
5050,1009
5050,1533
5050,2623
5051,2027
5051,730
5051,2407
5051,1571
5051,480
5051,1676
5051,1664
5051,2448
5051,1101
5051,2393
5051,1829
5051,2980
5051,2981
5051,1572
5051,1487
5051,2979
5051,946
5052,709
5052,950
5052,998
5052,1038
5052,1006
5052,2706
5052,725
5052,994
5052,996
5052,1518
5052,679
5054,2502
5054,2790
5055,1237
5055,478
5055,2140
5055,384
5055,204
5055,411
5055,645
5055,516
5055,6
5055,1116
5055,214
5056,883
5056,1510
5056,2502
5056,2790
5056,2496
5056,1517
5056,2536
5058,1348
5058,2204
5058,2703
5062,944
5062,1519
5062,1590
5062,400
5063,1866
5063,1046
5063,2505
5063,2703
5063,2518
5065,1211
5065,1326
5065,1097
5065,274
5065,2347
5065,1829
5065,1114
5065,633
5065,172
5065,1476
5071,260
5071,498
5071,1348
5071,631
5071,1085
5071,1844
5071,294
5071,876
5072,1117
5072,2753
5072,1032
5072,1907
5076,2346
5076,2862
5076,1038
5076,1523
5078,1117
5078,1773
5078,1051
5078,24
5079,715
5079,1011
5079,1000
5079,716
5079,1742
5079,958
5079,710
5079,711
5079,996
5079,756
5079,736
5079,1004
5080,725
5086,2496
5086,982
5086,2665
5086,2536
5089,2225
5089,1393
5089,1186
5089,1489
5093,1811
5093,1481
5096,2173
5096,2003
5096,2567
5096,2150
5096,2218
5096,2419
5099,1820
5099,2949
5101,883
5101,865
5101,2790
5101,2584
5101,2496
5101,953
5101,709
5101,729
5101,2791
5101,998
5101,1742
5101,1043
5101,2764
5101,710
5101,718
5101,760
5101,1515
5101,927
5102,2081
5102,2036
5102,1828
5102,2066
5102,1989
5102,2184
5102,2739
5102,1906
5107,730
5107,480
5107,952
5107,1571
5107,1676
5107,2393
5107,1583
5107,2793
5107,1487
5107,1248
5108,615
5112,645
5112,519
5114,1907
5115,860
5115,1117
5115,848
5115,2594
5115,2349
5115,2704
5115,1195
5115,1811
5115,2840
5115,1001
5115,1029
5115,1623
5115,2753
5115,1708
5115,1032
5116,1865
5116,2496
5116,1004
5116,1510
5116,996
5116,982
5116,2764
5116,2497
5116,958
5116,728
5116,927
5116,2536
5122,1510
5122,2790
5122,2821
5122,2551
5122,1020
5122,974
5122,3005
5122,1000
5122,716
5122,1517
5122,2497
5122,975
5122,2706
5122,2961
5122,996
5122,988
5123,2959
5123,2352
5126,1211
5126,1326
5126,1241
5126,2058
5126,961
5126,1724
5127,478
5127,10
5129,1211
5129,1326
5132,1676
5132,945
5132,2393
5133,1004
5133,2496
5133,996
5133,982
5133,2764
5133,1011
5133,958
5133,2961
5133,729
5133,728
5133,1865
5137,2225
5137,2150
5137,2167
5137,1945
5137,2271
5138,1487
5140,1326
5140,2347
5141,2438
5141,2753
5141,1862
5141,933
5144,498
5144,631
5148,1484
5148,639
5148,142
5148,1109
5148,1278
5153,2407
5153,2841
5153,1211
5153,2027
5153,1664
5153,1326
5153,1099
5153,2347
5153,2980
5153,2981
5153,1114
5153,961
5153,535
5155,498
5155,1159
5155,2477
5155,305
5155,2753
5155,1029
5155,43
5158,1674
5158,604
5158,633
5158,572
5158,9
5158,1747
5159,720
5159,822
5159,1646
5159,2052
5159,522
5159,744
5160,2753
5160,932
5160,1773
5160,2438
5160,1866
5160,2840
5160,2703
5160,976
5160,2346
5160,933
5160,877
5160,1037
5162,666
5164,2027
5164,1097
5164,1114
5164,286
5170,639
5170,2626
5170,334
5175,1867
5177,2703
5178,716
5178,711
5178,761
5178,757
5181,2551
5181,715
5181,2497
5181,2302
5181,1820
5181,2589
5181,932
5185,860
5185,2349
5185,2455
5185,861
5185,905
5185,2704
5185,2594
5185,942
5185,2862
5185,1032
5185,984
5185,1029
5185,848
5185,944
5185,1623
5185,2753
5185,2728
5185,1748
5186,2496
5186,982
5186,2497
5187,1086
5187,1348
5187,24
5187,276
5187,34
5187,294
5187,1840
5187,2297
5187,456
5187,1354
5187,467
5190,498
5192,1624
5194,716
5194,715
5194,761
5194,1000
5194,757
5194,2451
5194,753
5194,704
5198,979
5198,679
5198,947
5198,718
5198,725
5198,225
5198,2377
5199,2027
5202,2862
5202,1702
5202,1971
5202,2494
5202,2346
5202,1883
5202,2775
5202,1692
5202,2505
5203,1637
5203,1661
5203,2729
5203,2730
5205,829
5205,1272
5206,874
5206,2167
5206,2150
5206,2036
5206,2003
5206,638
5206,2283
5206,2159
5206,2284
5206,1478
5208,1314
5208,1883
5208,1692
5212,2496
5212,982
5212,1517
5212,988
5214,1086
5214,276
5214,256
5214,533
5214,870
5214,2326
5214,959
5214,876
5214,48
5217,384
5219,1084
5224,932
5224,2481
5224,1037
5224,1044
5224,1522
5224,1527
5230,2150
5230,2167
5230,2036
5230,2003
5230,2168
5230,638
5230,2165
5230,1993
5230,2163
5230,193
5230,2065
5230,1945
5230,2078
5230,2216
5230,2159
5230,1907
5230,1478
5230,2079
5233,2623
5233,1314
5233,2455
5233,2349
5233,905
5233,861
5233,1009
5233,942
5233,984
5233,1035
5235,1844
5239,2407
5239,1019
5239,961
5239,310
5239,535
5240,2393
5240,1664
5241,974
5241,1020
5241,991
5241,2821
5241,1038
5241,975
5241,2706
5241,1036
5241,1032
5244,260
5244,1086
5244,1348
5244,1361
5244,1844
5244,1793
5244,892
5244,45
5244,1173
5247,2455
5247,860
5247,1314
5247,2594
5247,2862
5247,1971
5247,2494
5247,1702
5247,2840
5247,1670
5247,1774
5248,1082
5248,1291
5248,474
5248,876
5248,345
5249,1866
5250,2496
5251,1046
5251,1051
5251,2481
5251,2775
5251,2703
5252,604
5252,1095
5252,1484
5252,1618
5252,1272
5252,306
5252,2626
5252,1356
5252,2411
5252,140
5253,1936
5253,478
5253,1237
5253,2140
5253,296
5253,204
5253,180
5253,666
5253,10
5253,6
5253,16
5253,214
5253,119
5254,974
5254,1020
5254,2821
5254,991
5254,953
5254,1043
5254,1038
5254,1032
5254,715
5254,1011
5254,2753
5254,1811
5254,1518
5254,979
5254,975
5254,2706
5254,1117
5254,1623
5254,100
5254,716
5254,710
5254,996
5254,860
5255,306
5255,435
5255,838
5255,1278
5257,1084
5257,2027
5257,1045
5257,1211
5257,480
5257,1676
5257,1101
5257,1326
5257,1099
5257,1829
5257,1097
5257,952
5257,2448
5257,2393
5257,274
5257,997
5257,1905
5257,1096
5257,1876
5257,1114
5257,535
5257,172
5258,1019
5258,1095
5258,829
5258,1084
5258,1211
5258,1272
5258,2841
5258,518
5258,2407
5258,274
5258,2347
5258,1800
5258,1867
5258,984
5258,1326
5258,633
5258,1097
5258,1099
5258,1356
5258,1101
5258,520
5258,252
5258,1483
5258,3015
5258,2058
5258,140
5263,932
5267,1075
5267,1547
5267,1539
5267,1554
5267,2012
5267,2437
5267,1056
5267,1078
5267,1706
5267,1680
5267,1073
5267,1967
5267,1960
5267,1070
5267,2335
5268,1085
5268,299
5268,2630
5268,1840
5268,2471
5268,1009
5268,32
5269,1800
5269,947
5271,705
5271,1639
5271,2052
5271,1512
5271,2371
5271,760
5272,1086
5272,1348
5272,276
5272,1793
5272,449
5272,1116
5272,2507
5276,1478
5276,2003
5276,2036
5276,1828
5276,2178
5276,2078
5276,2167
5276,1203
5276,2066
5278,1272
5278,1084
5278,1618
5278,1800
5278,2058
5278,400
5278,1867
5278,944
5278,1590
5280,1619
5285,493
5286,974
5286,1117
5286,1032
5286,533
5286,870
5286,1020
5286,861
5286,256
5286,876
5286,959
5286,905
5286,679
5286,48
5286,631
5287,480
5287,1676
5287,945
5287,1487
5287,172
5288,2511
5289,1811
5289,1086
5289,2753
5289,2438
5289,1117
5289,1032
5289,533
5289,1348
5289,876
5289,24
5289,631
5289,2821
5289,260
5289,256
5289,959
5289,34
5290,2284
5290,2168
5290,2318
5290,2425
5290,2219
5290,2657
5290,2914
5292,874
5292,2601
5292,1993
5292,2590
5292,1945
5292,2216
5292,2194
5292,2078
5292,1478
5294,1019
5294,2393
5294,947
5299,604
5299,1019
5299,1095
5299,829
5299,9
5299,1797
5299,1484
5299,2411
5299,1035
5299,2415
5299,2413
5299,1109
5299,87
5299,140
5299,1565
5299,1915
5299,1888
5302,730
5302,952
5302,945
5302,2793
5302,1099
5303,142
5303,1724
5303,1483
5306,2027
5306,1045
5306,2131
5306,1211
5306,1326
5306,1829
5306,2980
5306,2979
5306,1876
5306,2878
5306,172
5307,2415
5307,2377
5307,1800
5307,2445
5307,2924
5310,244
5311,848
5311,1195
5311,385
5311,498
5313,1664
5313,984
5313,961
5313,1747
5319,2791
5321,1117
5321,860
5321,2455
5321,1051
5321,276
5321,2704
5321,2349
5321,1046
5321,1348
5321,2862
5321,1314
5321,2703
5321,2840
5321,1533
5321,2505
5329,2012
5329,1547
5329,1677
5329,1557
5329,2016
5329,1539
5329,1056
5329,1548
5329,1127
5329,1566
5329,1005
5329,1706
5329,1960
5329,1535
5330,860
5330,2623
5330,1117
5330,2455
5330,2349
5330,2704
5330,1051
5330,1009
5330,2346
5330,1702
5330,2840
5330,896
5330,1393
5330,2728
5330,2701
5332,1701
5332,1583
5332,2800
5334,982
5334,2496
5335,1646
5335,2052
5335,1475
5335,1655
5335,522
5335,523
5335,1516
5335,636
5335,816
5335,1642
5335,817
5335,1608
5336,932
5336,876
5336,933
5336,1044
5339,1348
5339,1908
5339,2218
5339,1331
5339,1009
5339,276
5339,1840
5339,1051
5340,874
5340,2173
5340,1848
5340,2342
5342,1510
5342,865
5342,2502
5342,2790
5342,1020
5342,991
5342,2584
5342,953
5342,2821
5342,715
5342,1011
5342,1000
5342,950
5342,716
5342,1038
5342,2497
5342,2706
5342,760
5342,975
5342,994
5342,1006
5342,996
5342,711
5342,2451
5342,1820
5343,1323
5343,516
5347,2790
5347,715
5347,2496
5347,2551
5347,3005
5347,1517
5347,988
5347,1515
5351,1797
5351,1484
5351,9
5351,1618
5351,1800
5351,252
5351,1109
5351,435
5356,1038
5357,848
5357,874
5357,2297
5357,1195
5357,2225
5357,193
5357,2218
5357,2167
5357,2163
5357,2173
5357,2065
5357,2003
5357,1086
5357,256
5357,45
5357,2601
5357,2326
5357,1907
5357,638
5357,24
5357,2419
5357,521
5359,2153
5359,2283
5359,2179
5360,1020
5360,979
5360,1038
5360,1011
5360,950
5360,1006
5360,3005
5360,1000
5360,998
5360,952
5360,958
5360,1820
5360,710
5360,978
5360,975
5360,947
5360,2961
5360,2267
5361,2496
5361,883
5361,1510
5361,2502
5361,865
5361,2551
5361,982
5361,3005
5361,2790
5361,2764
5361,716
5361,1504
5361,958
5361,1517
5361,2791
5361,755
5361,729
5361,996
5361,998
5361,2536
5364,1888
5364,9
5368,1211
5368,2841
5368,2407
5368,984
5368,518
5368,2347
5368,480
5368,956
5368,2980
5368,1272
5368,1583
5368,633
5368,946
5368,2058
5368,942
5369,883
5369,1510
5369,2502
5369,953
5369,982
5369,2551
5369,2496
5369,998
5369,1504
5369,958
5369,1517
5369,2589
5369,755
5370,2284
5372,1211
5372,1114
5372,961
5373,2326
5377,2871
5377,2059
5379,883
5379,1510
5379,865
5379,2502
5379,2790
5379,991
5379,715
5379,2551
5379,982
5379,2496
5379,953
5379,3005
5379,2821
5379,1011
5379,729
5379,974
5379,2791
5379,998
5379,716
5379,1517
5379,1504
5379,1043
5379,2497
5379,996
5379,2589
5379,882
5379,988
5379,2438
5379,2536
5380,1811
5380,643
5382,2477
5387,1019
5387,1272
5387,829
5387,1095
5387,1035
5387,2415
5387,2413
5387,2626
5387,1748
5387,2377
5387,2445
5388,730
5388,480
5388,945
5388,1676
5388,1572
5388,997
5389,860
5389,2753
5389,1032
5389,2704
5389,1623
5389,2455
5389,2349
5389,1773
5389,848
5389,2346
5389,2862
5389,2594
5389,2840
5389,933
5389,1776
5389,1971
5393,1623
5393,2753
5393,2346
5393,1032
5393,2840
5394,1051
5394,1702
5396,1348
5396,2326
5396,1793
5396,829
5396,2439
5396,48
5396,1116
5396,870
5396,959
5396,1748
5399,730
5399,1045
5399,997
5403,256
5403,848
5403,48
5405,1116
5405,1348
5405,45
5405,1844
5405,1793
5409,874
5409,2173
5409,2167
5409,2150
5409,2003
5409,193
5409,2065
5409,2163
5409,2567
5409,2079
5409,2165
5409,2178
5409,2171
5411,2377
5411,966
5413,260
5413,1348
5413,1085
5413,2625
5413,1331
5413,1793
5413,1393
5413,1294
5413,1328
5413,15
5413,1371
5414,832
5414,1024
5415,2393
5418,1101
5418,2110
5422,2225
5422,2036
5422,2066
5422,2078
5422,1203
5422,1828
5422,2216
5422,1478
5422,1945
5424,604
5424,829
5424,1272
5424,142
5424,1674
5424,306
5424,2626
5424,337
5424,252
5424,435
5424,87
5424,881
5424,838
5424,1278
5426,1936
5426,1237
5426,296
5426,1464
5426,478
5426,6
5426,516
5426,1997
5426,441
5427,932
5427,976
5427,2551
5427,1044
5427,2478
5427,877
5431,1510
5431,2502
5431,1742
5431,958
5431,1504
5431,711
5431,998
5431,1004
5431,756
5431,927
5431,757
5436,2753
5436,1623
5437,1888
5437,1933
5437,490
5440,2497
5440,1510
5440,865
5440,3005
5440,2551
5440,996
5441,2622
5444,1029
5445,604
5445,1095
5445,9
5445,1797
5445,1484
5445,1618
5445,1272
5445,1674
5445,142
5445,1867
5445,1800
5445,306
5445,2626
5445,416
5445,2413
5445,1356
5445,1109
5445,252
5445,87
5445,435
5445,837
5445,838
5445,1278
5445,379
5445,458
5450,959
5450,1793
5450,48
5450,1173
5451,2496
5451,2502
5451,1504
5451,755
5453,1742
5453,761
5453,975
5453,988
5453,757
5454,2584
5454,998
5454,1038
5454,1006
5456,3005
5456,2551
5458,1848
5458,2173
5458,41
5458,1828
5458,2078
5458,1945
5458,2151
5458,1851
5459,932
5459,2821
5461,1116
5461,37
5461,1329
5464,2841
5464,1674
5464,2026
5465,1004
5465,1742
5465,2764
5465,736
5465,728
5465,1753
5468,1676
5468,1829
5468,945
5468,1487
5468,172
5469,1019
5469,9
5469,1272
5469,829
5469,1674
5469,1867
5469,1800
5469,306
5469,2626
5469,310
5469,518
5469,2439
5469,337
5469,1724
5469,1356
5469,633
5469,252
5469,2347
5469,1109
5469,1483
5469,5
5469,520
5469,334
5469,1241
5469,838
5469,2058
5469,1102
5471,860
5471,1117
5471,2623
5471,1032
5471,2753
5471,896
5472,1084
5472,1211
5472,274
5472,1097
5472,1101
5472,1905
5472,1248
5472,286
5472,1606
5474,2026
5474,1084
5474,2407
5474,730
5474,2131
5474,1045
5474,1211
5474,984
5474,2448
5474,2793
5474,2347
5474,1248
5474,997
5474,900
5474,172
5474,946
5474,1476
5475,2622
5475,1323
5477,1086
5477,1195
5477,1348
5477,276
5477,256
5477,24
5477,1009
5477,2326
5477,2625
5477,1840
5477,1294
5477,1085
5477,1393
5477,1371
5481,2791
5482,274
5482,1724
5482,1483
5482,87
5482,1326
5483,525
5483,1165
5483,1237
5483,192
5483,478
5483,6
5483,666
5483,180
5483,531
5483,2007
5484,1019
5484,1095
5484,1797
5484,1674
5484,310
5484,1035
5484,337
5484,520
5485,2496
5485,1011
5485,958
5485,1742
5485,2764
5486,829
5486,2415
5486,1800
5486,1748
5486,5
5486,1564
5487,2551
5490,46
5492,193
5492,874
5492,2349
5492,2326
5492,2163
5492,956
5492,1117
5492,942
5492,2003
5492,829
5492,638
5492,2775
5493,953
5493,100
5493,467
5493,276
5495,1095
5495,1618
5495,142
5495,1800
5495,2439
5495,2626
5495,416
5495,140
5495,2413
5495,2411
5495,5
5495,837
5495,2415
5495,1915
5496,1510
5496,2502
5496,2496
5496,711
5496,761
5496,2791
5496,1504
5496,998
5496,757
5499,2382
5501,874
5501,2173
5501,2601
5501,2036
5501,1848
5501,2590
5501,1945
5501,1828
5501,2078
5501,2284
5506,1084
5506,730
5506,1045
5506,2407
5506,2841
5506,1664
5506,1101
5506,984
5506,1099
5506,1583
5506,2980
5506,1326
5506,945
5506,1487
5506,1097
5506,2347
5506,2981
5506,1248
5506,2979
5506,997
5506,1905
5506,286
5506,2110
5506,946
5506,1096
5506,1476
5506,1100
5506,1372
5507,730
5507,2841
5507,1211
5507,2027
5507,2407
5507,480
5507,984
5507,1045
5507,2131
5507,1101
5507,1664
5507,2980
5507,518
5507,1099
5507,2347
5507,2793
5507,956
5507,1097
5507,1829
5507,1248
5507,2448
5507,2981
5507,1905
5507,946
5507,2979
5507,2110
5507,900
5507,942
5507,633
5507,286
5507,997
5507,1114
5507,1476
5507,1096
5507,960
5510,865
5510,725
5511,1547
5511,1677
5511,1554
5511,2016
5511,1539
5511,2437
5511,1548
5511,1078
5511,1680
5511,1127
5511,1679
5511,1074
5511,1542
5511,1073
5511,1967
5511,2018
5511,1842
5511,2235
5511,1960
5511,901
5511,1535
5511,2440
5511,285
5511,1833
5511,2236
5511,899
5511,1060
5511,237
5511,600
5514,2625
5514,1051
5514,299
5514,314
5514,384
5521,1456
5521,1294
5521,1667
5523,883
5523,1510
5523,982
5523,2502
5523,2496
5529,860
5529,2623
5529,1811
5529,2704
5529,1009
5529,1195
5529,1051
5529,260
5529,1623
5529,2625
5529,1971
5529,2840
5529,1393
5529,1294
5530,2821
5530,1020
5530,715
5530,1038
5530,2706
5531,2027
5531,2841
5531,1101
5531,1099
5531,1097
5531,984
5531,2347
5531,274
5531,633
5532,1195
5532,848
5532,1009
5532,0
5537,2494
5538,1272
5538,1674
5538,829
5538,984
5538,947
5538,2377
5538,518
5538,1035
5538,1748
5538,956
5538,604
5538,1618
5538,1800
5538,416
5538,1095
5538,986
5538,2347
5538,1519
5538,942
5538,944
5538,520
5538,2626
5538,1590
5538,1867
5538,2058
5538,9
5538,306
5538,2374
5541,865
5541,974
5541,953
5541,729
5541,1011
5541,718
5541,950
5541,1518
5541,998
5541,979
5541,725
5541,996
5541,100
5541,976
5543,974
5543,2821
5543,1000
5543,2438
5543,1820
5544,260
5544,305
5545,1043
5545,932
5547,1045
5547,1571
5547,480
5547,2793
5547,997
5548,1389
5550,2438
5550,1032
5550,1811
5550,1518
5550,1117
5555,525
5555,1936
5555,645
5555,478
5555,1237
5555,1323
5555,296
5555,2140
5555,6
5555,1460
5555,192
5555,1116
5555,10
5555,441
5555,249
5555,648
5555,2629
5555,1422
5555,531
5556,1235
5556,826
5556,590
5558,523
5558,1235
5558,517
5558,1336
5558,319
5558,46
5559,1019
5559,1084
5559,1211
5559,2841
5559,1674
5559,518
5559,274
5559,984
5559,1326
5559,310
5559,1664
5559,1035
5559,633
5559,1101
5559,1724
5559,956
5559,2058
5560,2775
5560,1708
5560,1001
5560,1041
5561,2413
5561,2377
5561,1314
5561,2411
5561,1519
5563,1116
5564,1637
5564,1235
5564,1640
5564,1639
5564,1646
5564,2729
5564,1642
5564,46
5564,319
5564,1252
5566,256
5566,1086
5566,849
5566,1173
5566,15
5567,260
5567,34
5567,1085
5567,32
5567,1840
5568,1159
5568,2037
5575,865
5575,1510
5575,2502
5575,2790
5575,953
5575,991
5575,715
5575,729
5575,1011
5575,2791
5575,998
5575,950
5575,716
5575,1038
5575,718
5575,760
5575,710
5575,996
5575,994
5575,2302
5575,1515
5575,2451
5576,1797
5576,1724
5576,1228
5579,953
5579,533
5579,729
5579,679
5579,2502
5579,725
5579,276
5579,100
5579,256
5579,959
5579,709
5581,2821
5581,1032
5581,1811
5581,865
5581,991
5581,2753
5581,860
5581,2704
5581,979
5581,1773
5584,1539
5584,285
5584,354
5584,153
5584,1542
5584,1562
5584,536
5585,860
5585,986
5585,725
5585,1519
5585,944
5590,2623
5590,1159
5591,1348
5591,1793
5591,1085
5591,1046
5591,2703
5591,2505
5591,2507
5591,1328
5593,2415
5593,2411
5593,1800
5593,2445
5593,1109
5593,2377
5593,435
5596,604
5596,1797
5596,1484
5596,1095
5596,1618
5596,142
5596,2439
5596,140
5596,310
5596,252
5596,248
5597,1936
5597,1165
5597,2140
5597,180
5597,2629
5600,730
5600,2027
5600,480
5600,952
5600,945
5600,984
5600,946
5600,2133
5600,960
5601,520
5603,276
5603,2481
5603,1348
5603,1793
5603,1331
5603,521
5607,2496
5607,958
5607,2764
5613,480
5613,952
5615,815
5615,1646
5615,1655
5615,523
5615,816
5615,1816
5615,1580
5616,963
5621,1159
5621,305
5623,1019
5623,829
5623,2841
5623,2413
5623,2411
5623,2407
5623,2439
5623,2377
5623,1748
5623,3015
5623,1915
5626,1019
5626,2415
5629,1019
5630,945
5630,952
5631,1117
5631,1748
5631,829
5631,944
5631,968
5631,966
5631,1035
5632,1086
5632,260
5632,1085
5632,34
5632,876
5632,1328
5632,1481
5634,1019
5634,1211
5634,829
5634,1272
5634,2407
5634,984
5634,2347
5634,2027
5634,1035
5634,274
5634,1664
5634,1326
5634,1101
5634,2415
5634,2413
5634,1097
5634,2980
5634,520
5634,1724
5634,956
5634,1748
5634,306
5634,2981
5634,2377
5634,2058
5634,3015
5635,2502
5635,2496
5637,961
5637,2058
5637,1487
5637,28
5638,974
5638,982
5638,2496
5638,2497
5638,950
5643,285
5643,1554
5643,600
5643,2306
5643,1706
5643,2012
5643,1666
5643,153
5643,2332
5643,1297
5644,2225
5644,2167
5644,2003
5644,1393
5644,2036
5645,2413
5645,2924
5648,991
5648,705
5648,16
5650,1510
5650,2502
5650,2496
5650,998
5650,950
5650,716
5650,958
5650,725
5650,963
5650,2536
5651,1773
5652,1547
5652,1075
5652,1560
5652,1557
5652,1810
5652,960
5652,2437
5652,1002
5655,2026
5655,2131
5655,1571
5655,1676
5655,945
5655,2448
5655,2393
5655,1572
5655,997
5655,2979
5655,2133
5655,1876
5655,960
5657,883
5657,991
5657,953
5657,1043
5657,1510
5657,2551
5657,729
5657,932
5657,976
5657,1517
5657,2791
5657,2496
5657,710
5658,720
5660,1019
5660,2841
5660,984
5660,829
5660,2058
5660,1724
5660,942
5663,789
5663,1354
5664,2496
5665,2555
5666,883
5666,2821
5666,953
5666,2502
5666,729
5666,1517
5667,1724
5667,1915
5667,3015
5671,952
5671,2793
5671,945
5671,1572
5671,2133
5678,736
5678,1761
5679,1211
5679,2841
5679,2407
5679,1019
5679,274
5679,1674
5679,1326
5679,2347
5679,1664
5679,1097
5679,1797
5679,2980
5679,2981
5679,1114
5679,1724
5679,961
5679,142
5679,2979
5679,520
5683,730
5683,952
5683,1571
5683,2793
5683,945
5683,997
5683,1248
5683,1372
5683,1476
5687,1117
5687,860
5687,2704
5687,2349
5687,1032
5687,979
5687,1020
5687,718
5687,1038
5687,861
5687,1043
5687,905
5687,725
5687,976
5687,679
5687,953
5687,467
5687,991
5687,1590
5687,2256
5688,1811
5688,848
5688,2753
5688,2623
5688,1195
5689,1211
5689,2841
5689,2407
5689,518
5689,274
5689,1326
5689,1097
5689,633
5689,1114
5690,1510
5690,1020
5690,2502
5690,2790
5690,991
5690,974
5690,953
5690,2821
5690,729
5690,1011
5690,982
5690,2496
5690,709
5690,998
5690,2791
5690,718
5690,996
5690,1517
5690,994
5690,1504
5690,760
5690,2589
5690,949
5690,100
5690,882
5690,927
5691,2026
5691,2027
5691,2131
5691,1571
5691,1676
5691,1583
5691,945
5691,2448
5691,1829
5691,2981
5691,2393
5691,997
5691,1876
5691,1096
5691,2878
5691,1810
5692,1117
5692,2349
5692,2594
5692,848
5692,1195
5692,1702
5692,2840
5692,870
5694,2173
5694,2342
5696,1936
5696,1165
5696,296
5696,1237
5696,204
5696,478
5696,1460
5696,144
5696,6
5696,2140
5696,180
5696,249
5696,1997
5696,1998
5696,1422
5696,531
5696,1081
5696,2629
5696,2007
5696,579
5696,1855
5697,2225
5697,2066
5697,2150
5697,2159
5697,2059
5697,1478
5697,1203
5701,2455
5701,1029
5701,2494
5701,1821
5701,1001
5704,2065
5704,1907
5705,1258
5711,2704
5711,2455
5711,2594
5711,2346
5711,2862
5711,1971
5711,1051
5711,1523
5711,1773
5713,276
5713,521
5719,498
5719,1195
5719,1907
5721,1032
5721,1117
5721,860
5721,2753
5721,861
5721,1820
5724,666
5724,16
5724,314
5724,1085
5724,473
5724,229
5726,905
5727,958
5727,2764
5729,2168
5734,2018
5734,2235
5736,1211
5736,2407
5736,2347
5736,274
5736,633
5736,956
5736,2110
5738,848
5738,1086
5738,1291
5738,631
5738,498
5738,533
5738,876
5738,256
5738,959
5738,1844
5738,2079
5738,2326
5738,2419
5738,892
5738,1354
5739,142
5739,310
5739,337
5742,860
5742,2775
5746,211
5748,1095
5748,9
5748,1484
5748,1618
5748,1272
5748,142
5748,1867
5748,1800
5748,2626
5748,416
5748,639
5748,2411
5748,2439
5748,337
5748,1356
5748,252
5748,1260
5748,1109
5748,435
5748,87
5748,2445
5748,838
5748,1915
5748,5
5748,458
5749,704
5749,1296
5752,1637
5753,1272
5753,829
5753,2413
5753,947
5753,2415
5753,1519
5753,2374
5753,2626
5755,1211
5755,1487
5757,883
5757,1510
5757,2502
5757,2790
5757,991
5757,953
5757,2496
5757,982
5757,729
5757,709
5757,3005
5757,998
5757,1517
5757,958
5757,1742
5757,718
5757,996
5758,520
5767,725
5767,32
5767,1046
5768,865
5768,1510
5768,2790
5768,2502
5768,991
5768,953
5768,729
5768,2496
5768,1011
5768,709
5768,950
5768,998
5768,718
5768,1517
5768,716
5768,958
5768,725
5768,710
5768,760
5768,994
5768,2589
5768,2764
5768,882
5768,963
5769,883
5769,2502
5769,2790
5769,953
5769,2551
5769,1043
5769,2791
5769,1517
5769,994
5769,882
5770,2704
5770,860
5770,2455
5770,1773
5770,1051
5770,2594
5770,2346
5771,1742
5771,736
5771,710
5772,1484
5772,639
5772,274
5772,252
5772,1483
5772,1278
5776,883
5776,865
5776,1510
5776,2502
5776,1020
5776,2790
5776,991
5776,953
5776,974
5776,2821
5776,729
5776,1011
5776,709
5776,950
5776,2791
5776,1043
5776,998
5776,718
5776,1517
5776,958
5776,1504
5776,710
5776,994
5776,996
5776,2589
5776,1515
5776,882
5776,755
5777,874
5777,1945
5780,848
5780,256
5780,385
5780,2037
5781,832
5781,1024
5783,1484
5783,274
5783,633
5783,1097
5783,252
5783,435
5784,1272
5784,256
5784,2326
5784,521
5784,1800
5784,5
5784,2439
5785,2347
5787,2150
5789,639
5789,435
5789,1109
5789,87
5789,2411
5790,2623
5790,860
5790,1195
5790,848
5790,1117
5790,1009
5790,861
5790,905
5790,2037
5790,1811
5790,870
5792,1084
5792,2841
5792,2407
5792,2026
5792,2027
5792,1664
5792,1326
5792,1101
5792,1099
5792,984
5792,2347
5792,1676
5792,2981
5792,1829
5792,2448
5792,900
5792,633
5792,1096
5792,535
5792,2110
5797,705
5797,1646
5797,725
5797,1639
5797,1637
5797,2052
5797,522
5797,1512
5797,822
5797,759
5797,815
5797,1026
5799,716
5800,932
5800,976
5800,877
5800,1522
5800,1044
5800,1773
5801,2153
5801,2601
5801,2168
5801,2284
5801,2283
5801,2036
5801,2520
5801,2159
5801,2165
5801,2167
5801,2081
5801,2318
5801,2257
5801,2425
5802,952
5802,1011
5802,945
5802,2551
5802,2496
5802,3005
5813,1569
5816,1117
5816,2349
5816,276
5816,1348
5816,2623
5816,256
5816,533
5816,1046
5816,861
5816,870
5816,1009
5816,905
5816,1793
5816,521
5816,48
5816,1331
5816,959
5816,2256
5816,260
5816,1590
5816,32
5816,631
5816,467
5816,2703
5816,0
5818,1019
5818,1674
5818,829
5818,2377
5818,604
5818,1035
5818,1748
5818,2411
5818,9
5818,142
5818,1519
5818,2626
5818,520
5818,306
5818,1484
5818,944
5818,633
5818,2374
5818,1031
5819,2306
5822,1674
5822,2349
5822,400
5822,829
5822,1590
5822,942
5822,1348
5822,521
5822,1035
5822,99
5822,944
5822,1519
5822,968
5823,1086
5823,256
5823,1195
5823,498
5824,1011
5824,2961
5824,996
5825,1618
5825,1272
5825,142
5825,1867
5825,1800
5825,2626
5825,416
5825,310
5825,140
5825,5
5825,400
5826,965
5826,716
5826,760
5829,638
5829,2036
5829,2159
5829,1940
5830,2455
5830,2704
5830,2349
5830,2481
5830,1348
5830,1046
5830,2840
5830,1331
5830,1533
5830,2775
5830,2703
5830,1793
5830,1014
5830,1773
5830,1776
5830,1523
5831,944
5832,709
5832,1011
5832,1742
5832,736
5833,2297
5833,1793
5833,2703
5833,2862
5833,521
5834,1095
5834,9
5834,306
5834,416
5834,2411
5834,2413
5834,2415
5834,1109
5834,435
5836,1095
5836,9
5836,306
5836,1569
5836,337
5836,639
5836,252
5836,1356
5836,2626
5836,838
5837,1290
5837,832
5837,2630
5837,1024
5837,305
5837,1354
5837,1082
5839,1539
5839,1554
5839,2018
5839,2115
5839,901
5839,2235
5840,715
5840,761
5840,1820
5842,1800
5843,2036
5843,1478
5843,2183
5843,1203
5843,2257
5844,865
5844,1510
5844,2502
5844,2790
5845,1206
5845,1186
5845,188
5845,290
5845,1389
5845,385
5845,482
5845,1489
5845,2623
5847,480
5847,2407
5847,2841
5847,984
5847,2980
5847,1664
5847,946
5847,2981
5848,1159
5849,1043
5849,1517
5850,2153
5850,2601
5850,2284
5850,2168
5850,2425
5850,2318
5850,2081
5850,2145
5852,974
5852,865
5852,2821
5852,991
5852,2551
5852,715
5852,1032
5852,2706
5852,896
5852,1036
5852,1820
5852,2753
5852,1811
5852,716
5852,1117
5855,3005
5856,525
5856,1936
5856,1237
5856,296
5856,204
5856,192
5856,478
5856,666
5856,180
5856,2629
5856,44
5856,1684
5857,2133
5857,1490
5858,2821
5858,716
5859,848
5859,631
5859,2167
5859,193
5860,865
5860,2586
5861,860
5861,1117
5861,861
5861,2704
5861,1032
5861,2840
5861,1029
5861,2256
5861,1014
5862,736
5867,1664
5868,2374
5880,1045
5880,1571
5880,1829
5880,2448
5880,997
5880,286
5880,1905
5881,10
5882,860
5882,1117
5882,1314
5882,2349
5882,2594
5882,2862
5882,2346
5882,1051
5882,2481
5882,1046
5882,1702
5882,2494
5882,1883
5882,2840
5882,1029
5882,2775
5882,1001
5882,1533
5882,2703
5882,1523
5882,2249
5882,2256
5882,1692
5884,832
5884,2496
5884,876
5884,643
5885,1331
5885,276
5885,1086
5885,1348
5885,1046
5885,1793
5885,521
5885,1816
5885,822
5890,953
5890,2502
5890,1510
5890,2584
5890,991
5890,718
5890,716
5890,998
5890,760
5890,2791
5890,950
5890,1006
5890,994
5890,1504
5891,1510
5891,2584
5891,2496
5891,1000
5891,2791
5891,998
5891,716
5891,1504
5891,760
5891,711
5891,755
5891,1515
5891,2451
5891,756
5892,9
5892,1618
5892,1797
5892,829
5892,1674
5892,142
5892,1867
5892,1800
5892,416
5892,2411
5892,2413
5892,2439
5892,639
5892,1356
5892,337
5892,1109
5892,252
5892,435
5892,1565
5892,1915
5892,837
5892,1888
5892,334
5892,838
5892,1278
5892,458
5893,1101
5893,1829
5893,1676
5893,1583
5895,2481
5895,2840
5896,2551
5896,882
5898,848
5898,1811
5898,260
5898,498
5898,1086
5898,2623
5898,1348
5898,24
5898,276
5898,256
5898,1009
5898,1195
5898,1159
5898,2297
5898,533
5898,1331
5898,631
5898,876
5898,2471
5898,1085
5898,43
5898,1294
5898,1671
5898,2625
5898,305
5898,34
5898,2326
5898,1371
5898,2419
5902,2153
5902,2520
5902,2425
5902,2036
5902,2168
5902,1828
5902,2219
5902,2081
5902,2318
5902,2165
5902,1991
5905,2601
5905,1203
5905,1575
5905,1851
5907,2027
5907,2026
5907,1045
5907,2841
5907,2448
5907,1326
5907,1876
5907,900
5907,2878
5907,1810
5908,456
5908,1085
5908,260
5908,1354
5908,294
5908,1086
5908,34
5908,24
5908,391
5908,2630
5908,832
5908,1348
5908,2507
5908,1290
5908,1421
5909,1742
5909,2764
5909,1011
5909,996
5909,728
5912,1510
5912,2790
5912,2821
5912,2584
5912,3005
5912,1038
5912,998
5912,1517
5912,994
5912,996
5912,1515
5914,818
5915,1547
5915,1075
5915,1557
5915,2016
5915,1539
5915,1677
5915,2306
5915,2012
5915,1679
5915,1056
5915,2437
5915,1706
5915,1842
5915,1074
5915,1680
5915,2018
5915,1967
5915,1566
5915,1562
5915,285
5915,1070
5915,600
5918,1095
5918,1618
5918,142
5918,1272
5918,829
5918,1867
5918,306
5918,1800
5918,416
5918,2439
5918,140
5918,435
5918,1278
5918,5
5918,334
5918,1241
5919,1462
5920,2413
5921,1084
5921,1211
5921,1019
5921,1674
5921,2347
5921,518
5921,2027
5921,984
5921,274
5921,1326
5921,1664
5921,1099
5921,1101
5921,1097
5921,1272
5921,633
5921,1248
5921,1583
5921,956
5921,286
5921,1606
5921,2058
5924,822
5924,1637
5924,815
5924,1646
5924,517
5924,1639
5924,1642
5924,821
5925,474
5925,2497
5925,789
5925,1811
5929,1004
5929,2764
5929,1742
5929,736
5929,2684
5930,1272
5930,944
5930,1674
5930,986
5930,1019
5930,400
5930,956
5930,1519
5930,2377
5930,942
5930,1748
5930,1035
5930,725
5930,1646
5930,225
5931,1046
5932,1095
5932,1797
5932,1618
5932,1867
5932,2626
5932,1800
5932,639
5932,416
5932,1356
5932,1109
5932,1260
5932,140
5932,87
5932,1565
5932,838
5932,1278
5932,379
5932,458
5935,730
5935,2131
5935,1583
5935,945
5935,1829
5935,2448
5935,997
5935,2133
5939,2027
5939,1084
5939,1045
5939,1211
5939,1664
5939,1101
5939,1583
5939,2448
5939,1326
5939,945
5939,1097
5939,274
5939,2393
5939,286
5939,1096
5939,1905
5939,1876
5939,1114
5939,1606
5939,535
5941,715
5941,2821
5941,1020
5941,2551
5941,1000
5941,2706
5941,1038
5941,2302
5941,761
5941,1820
5941,1036
5946,865
5946,2502
5946,991
5946,2551
5946,709
5946,1011
5946,729
5946,1742
5946,1517
5946,760
5946,710
5946,1515
5946,882
5948,705
5948,761
5948,2302
5949,2438
5949,2497
5949,2496
5949,1517
5949,982
5949,932
5949,2961
5949,2589
