u,i
2995,521
1348,946
923,16
3820,2297
4997,2862
3954,2297
2504,1573
4758,1533
4318,480
5247,943
2726,1393
4995,2385
5625,337
700,1260
2493,633
3919,1902
156,638
5529,225
5126,774
5580,944
123,2568
3390,1908
4858,959
4843,1590
5001,2176
470,3026
675,48
1098,905
1753,2297
1634,2605
3752,984
5711,996
562,521
5746,990
5202,2058
5689,2176
5224,127
3558,337
5521,1811
2649,718
3396,9
1374,557
2791,20
5891,940
1585,1908
5651,729
2768,9
2733,954
5905,996
2076,1364
3373,533
1232,450
2001,631
4399,1279
5252,966
2913,898
4570,2100
1158,127
526,1348
4399,2218
3141,533
1664,2150
8,604
4598,334
1009,943
2820,2777
2775,1314
3591,1119
2038,1206
1326,1000
283,435
4567,3091
4177,2347
3407,2880
3833,1002
739,1590
5303,99
5905,2419
5538,905
3906,2419
848,944
1505,719
3423,730
4562,1003
4454,2409
5474,1270
3303,32
3334,99
4519,525
3542,48
1487,1991
570,1730
1848,2347
2051,986
3388,520
2696,1690
1192,730
1319,313
3936,325
1926,725
3572,48
131,2218
5120,2219
1159,2660
2496,1228
2618,2157
214,940
1356,730
1237,1038
2944,48
5439,2349
3078,48
517,1099
3888,2482
5836,2924
232,1869
5371,875
2521,480
3462,3020
5648,1533
19,2111
469,2347
460,2793
639,1038
3591,3026
1385,2548
5590,1713
3043,942
5703,1590
1122,633
1535,48
3634,2349
879,875
5882,20
3793,127
317,2865
2741,2482
3517,2703
5905,943
4542,1908
4676,1908
28,2173
162,2173
4962,400
4786,2426
2100,557
3805,2739
71,715
4283,1051
4947,1031
4310,1908
5578,1837
822,2569
1971,1086
2105,1840
2511,276
3517,959
158,310
976,942
4730,400
3356,2704
2156,2155
4814,1976
1372,1292
4776,2623
3800,1590
5541,211
1199,1522
3449,20
2462,518
337,968
4946,940
444,276
506,1908
2247,337
2304,871
5380,643
2093,1590
2888,518
4746,478
2669,1908
5372,940
3873,324
4418,2110
2769,45
4553,1022
1103,1009
1502,718
3885,334
5490,2100
2522,518
5454,2793
1075,1031
197,533
5623,2979
279,1097
2298,2880
3904,1084
3998,2439
4328,99
5666,1521
895,1221
2512,2058
3231,991
4387,679
5564,1244
3767,971
498,996
2079,2176
2471,714
5339,2065
2273,729
5946,757
89,10
2698,878
772,225
2067,1011
2842,1007
3282,1279
4137,1793
2036,2829
2082,730
5368,1840
4282,1393
3068,946
485,518
559,467
757,2926
1125,878
1283,2218
1921,31
4185,679
1604,324
4107,988
4886,726
3279,2297
3647,1003
4942,1035
5389,34
270,714
1442,935
1581,1279
1717,2079
2227,2558
1831,2558
4640,2548
180,2110
42,2176
814,935
4723,1270
1471,710
3730,1014
4069,480
1906,638
1652,2219
867,946
3339,2297
1599,2558
2700,95
776,2521
2266,1331
5602,276
483,956
3477,726
5402,1908
4156,1014
4067,942
4922,1456
2029,48
4728,1590
2565,1748
321,32
5766,276
296,2419
4907,3026
4354,2288
1344,480
5590,400
2162,1866
452,2558
2038,2739
3360,275
4890,1867
1693,1014
5284,2171
284,99
1991,829
5021,256
2942,1051
4769,944
1288,1086
5418,2521
1116,979
474,1512
293,942
3672,523
4020,1206
3944,2150
5718,719
745,2914
1624,604
41,2569
891,2739
3062,944
4724,2490
430,1563
609,3026
177,1117
581,978
296,1748
2434,1533
5352,719
2922,533
2395,1016
719,1292
1834,225
5359,2829
5037,334
993,1272
363,876
3583,400
2678,2243
664,989
2975,1483
4052,878
624,1590
606,984
203,1533
4153,1869
4514,1848
1169,1097
2831,2643
4039,2521
558,943
3593,714
4112,1279
5370,2183
3758,0
871,127
3919,2577
5849,905
1315,518
4061,940
4245,2747
3725,991
3054,32
5445,263
4600,2157
4338,2157
1077,2797
740,960
4305,519
1538,940
4313,2100
2734,966
5307,679
1776,704
4986,1038
927,944
3102,611
2253,1043
3442,679
4357,1244
1306,940
5409,3026
1749,2449
2826,1844
5352,48
257,560
5515,978
5090,48
2474,638
3165,2249
1298,1237
2776,976
728,1084
2677,2660
677,2058
4264,2342
1490,2346
3657,3061
5159,942
5200,943
1103,1119
2882,32
208,1206
2978,679
1443,2126
5575,978
5701,1117
2440,1003
943,1022
1046,211
786,1038
3367,1393
211,2793
5424,1748
2661,598
5391,2739
2397,525
4215,1086
68,2865
747,679
106,2568
2848,3026
2862,480
5222,1590
1980,1526
5734,984
109,3024
1186,2419
2017,2347
682,1573
5843,2058
1426,2256
5603,127
4295,45
3307,2385
407,1526
587,2625
2369,2775
1849,1019
4600,1031
1251,2790
3090,2508
3367,2816
3762,871
1939,1851
5261,898
5424,138
2712,1020
4991,256
3002,1533
5483,718
4428,2802
5775,2058
4054,871
321,947
5740,909
1758,1035
5562,2300
3437,2750
2224,276
1962,276
1735,1051
1721,1907
1769,1574
3203,2704
5340,2079
1153,2739
4595,2110
1289,533
3949,1181
5650,211
5027,986
350,321
1695,2914
1380,1590
3558,20
4348,139
1075,954
1469,127
4872,1048
5691,1905
942,1364
4971,2747
1569,708
3465,960
1725,1221
2257,2802
5593,1747
615,1908
1843,718
1605,2058
500,615
3612,606
1148,1590
710,1364
3507,31
3307,909
165,517
5137,2793
3962,611
3944,971
1769,2058
3380,2326
1007,954
3330,519
248,2622
1436,313
2155,0
145,400
5467,1742
452,2802
2914,991
528,2797
3002,57
2702,519
3742,32
4142,905
5078,2347
2139,32
3006,1869
1877,32
1519,324
2622,940
3704,679
1780,99
481,2577
2394,2244
2707,489
2027,730
2841,489
5884,875
5333,1526
1831,37
5284,321
1463,3024
5347,1020
4294,521
2131,679
317,991
4035,2512
270,421
5512,306
4991,2297
1458,2249
2327,1907
1913,2829
4943,2256
1744,3020
5330,450
2753,968
898,1279
3949,994
1299,1973
2767,1024
1308,2466
1958,2548
4582,533
751,828
3750,942
2399,978
2516,1563
3753,1590
4450,1518
367,838
1986,1748
4348,1241
5112,856
4520,944
2563,978
1385,942
192,1372
5733,1324
5284,0
3508,604
3480,276
1759,1533
1382,829
1665,1117
4005,2349
5699,400
5372,5
5206,467
5510,878
2055,521
4410,533
1930,2704
806,1019
56,521
96,2549
5313,714
834,34
4712,1248
350,1907
5558,518
5492,2150
2293,2914
4480,898
1951,1487
2398,2176
5436,2218
3559,518
4247,138
3693,518
3493,2150
3279,878
4084,1837
2575,533
474,1569
2046,943
2653,1355
4330,2243
2995,2058
4294,334
4510,898
599,1456
616,871
2377,898
3120,225
5549,940
346,229
521,984
5302,1248
847,1908
981,1908
3672,1869
5914,2758
1368,856
2629,2058
4155,2777
2603,837
3033,421
333,2626
105,1456
1779,2827
2701,1530
2501,718
3836,2623
1024,1581
1041,996
241,943
1781,1560
5529,2701
136,2058
1681,1329
3795,2218
1416,1031
4924,1022
4715,848
3101,1248
3137,905
5620,725
3187,1022
2443,1248
2887,730
3864,2173
1620,1211
3359,725
4322,3024
4743,48
5835,2949
2610,2300
3838,1110
4251,1279
4371,1573
5859,310
131,909
915,991
1807,2326
4961,99
1757,519
3250,3010
504,898
1698,878
3926,1869
2200,2028
2853,1095
2685,730
4032,952
64,976
5874,1907
4958,1117
1618,710
4708,942
2864,99
2036,2162
1512,2162
5545,1035
4122,1003
617,2249
4314,1173
2691,521
4278,203
2706,48
499,99
1235,2419
2446,2568
5472,533
1035,1018
3000,875
2245,942
267,99
5346,20
2498,1014
4985,953
5544,2637
1175,1563
1230,1270
4632,276
1221,2847
1849,726
4248,1976
2004,1014
2090,34
2327,1667
3622,2453
1446,871
638,1866
5908,1355
5562,718
894,516
290,1533
3702,1816
2048,1851
4620,400
3357,1000
4169,878
1003,1590
3635,944
1847,225
2303,276
5713,2176
3111,944
226,1117
2406,1128
725,306
3032,1590
2309,1195
4272,225
5074,324
3042,965
1514,2802
270,1015
4766,1110
5770,966
4905,3147
4917,2218
5261,2028
5858,32
4990,976
2060,467
363,1364
4664,991
3287,2058
2707,1217
4848,519
5529,99
1970,2802
1598,944
4829,2347
4715,1279
4906,1813
4911,2157
1160,718
2469,648
5053,520
3715,37
4041,961
3354,31
4936,1813
1283,909
2067,991
706,1837
1879,940
580,1324
2171,940
2725,1526
4535,2758
3425,971
4982,1003
1931,2419
1798,2829
4862,1840
5074,942
2588,2167
4016,99
686,2100
95,878
1215,909
2335,940
4663,849
2527,1110
4858,2256
5532,480
160,714
5366,942
887,1228
1969,967
1950,725
2771,2409
3239,942
3668,1055
4230,2256
1978,679
2528,557
3632,994
4451,1851
5884,127
5772,1606
4828,1020
4365,1518
856,1110
2078,2549
662,1244
1307,982
5203,2775
4983,1688
5473,1323
736,2297
2388,2374
2720,861
4335,871
1143,1116
5347,2500
3466,1590
2264,968
2538,978
3506,615
2064,533
4844,2037
3916,2176
3849,954
5483,1206
3455,276
1104,2827
3193,276
2731,1908
3149,1667
5818,1869
4117,2058
5179,421
5412,400
5896,1910
5089,878
1128,1127
1527,1590
5616,3024
5869,2157
853,1272
1305,615
4185,256
1998,20
2758,2926
1474,20
5113,1248
4813,956
5709,1279
2897,991
5429,2393
967,2848
3873,519
2875,2171
1782,2243
2852,467
474,2915
4779,32
5302,1305
362,230
3295,1976
370,1811
5454,1110
2985,996
760,276
319,533
1881,909
389,1272
2342,2058
3421,1526
4002,1279
172,2176
3448,878
1715,2310
3478,2218
3360,2162
2586,324
3019,1869
4643,679
653,944
3327,709
253,421
3042,725
5588,1244
613,1114
329,1355
1184,1869
4647,397
5877,34
2991,736
1210,996
3692,3035
2618,905
398,2249
2961,1244
5705,839
2859,967
321,1248
3003,2409
234,313
4525,942
3083,1614
1307,2218
3827,2297
2225,48
2794,730
2472,679
3858,829
5191,1907
3749,2764
578,99
5724,276
359,1489
1596,2297
5536,225
3397,1908
157,2671
3424,321
5566,225
2519,2349
1364,2297
5822,1908
2434,521
9,679
2584,465
3427,1908
5474,1575
2124,480
5434,2176
4618,1590
2947,1456
4314,1364
5011,1292
1394,2297
5883,1221
4762,965
3296,1051
337,521
2288,480
4215,45
5044,1590
4770,267
385,942
3000,127
3053,1451
3244,2739
34,870
4142,856
5766,2110
463,229
5285,1248
3580,2284
5820,2346
305,3026
3925,225
5072,2079
5306,31
493,229
3528,0
1852,276
16,829
1530,225
406,2704
2045,856
1327,805
408,2750
2977,1590
4570,1279
531,871
1293,2914
5457,1489
5479,1248
2806,2058
2190,1560
1087,944
3869,2521
419,256
941,2058
4308,878
5132,2079
3232,1119
5040,2490
2065,518
2871,2079
1675,1272
814,943
4735,2793
3508,421
3893,2706
106,856
4701,930
5821,961
2636,1623
1247,421
5127,3024
5709,905
2077,878
1373,533
4055,940
1274,2217
1596,16
2604,3024
1782,1869
4194,725
3670,725
985,20
5221,942
5547,1866
5861,521
5688,2256
5562,1393
399,2151
1409,324
5631,1348
808,858
388,272
615,1217
5344,1291
2453,710
3129,2979
5242,1014
4789,480
1618,848
1012,1038
4871,2764
4530,2471
448,2393
5525,521
5659,521
4661,2173
1503,1248
4197,726
5882,943
3108,947
5844,1590
3782,110
5557,1533
37,1869
5828,2750
5547,256
3984,1907
1367,3026
244,253
5813,533
5596,306
859,2219
676,2512
4624,523
2029,1024
4943,276
4320,1051
5803,1134
5161,1667
4300,3028
1709,2739
3978,533
712,829
1570,860
4018,871
521,480
5930,1067
3149,1590
3874,533
1482,639
2000,979
4428,2058
5352,1211
3599,2176
3095,953
3764,2243
4904,2926
3754,774
5462,975
5659,1489
2767,1272
728,3186
2414,1908
3620,959
4499,2059
2741,990
5161,2151
4448,0
1428,2981
3959,775
2846,225
2188,225
2900,2151
4064,1730
4800,832
3406,1730
3812,324
3330,3024
4796,1248
2590,16
1869,256
609,1908
1824,2176
3794,2377
2894,400
2258,1879
458,3028
382,0
2025,2058
3776,643
2103,2880
2584,709
1875,20
5547,2297
426,2150
3564,1110
2340,2419
3424,2793
781,1560
2763,832
56,2058
5941,1820
5879,942
4373,875
5056,905
5315,2297
5053,2297
2121,961
4124,521
441,714
960,1279
3178,1582
4814,1907
4005,48
4882,321
2912,1840
5479,2297
38,2926
384,1119
1589,3143
714,2162
4169,829
2542,967
989,2747
4318,521
3070,1244
5360,861
258,956
437,2419
738,2347
3669,1014
1934,1619
3537,306
292,725
2563,100
1804,48
4660,1574
4746,1348
4706,229
2436,1456
5407,276
1416,2568
1781,1003
5100,533
2307,2739
1519,1003
5272,990
5627,400
5833,276
5328,518
2620,2862
5383,979
2871,229
1549,1003
4632,256
3572,276
2856,860
3372,1908
641,2548
4378,1837
4758,2058
5085,2453
3868,45
177,1101
215,1393
2852,337
5776,1031
709,1147
1077,2297
824,1851
5278,0
75,43
1766,829
4765,943
5926,975
5903,991
5722,421
5064,421
5096,898
5784,518
3418,2037
2728,1590
1877,1195
4826,256
1687,1071
2179,1533
4744,1355
3666,45
1305,1908
5164,2880
3672,991
5361,950
1121,286
3263,5
4942,966
550,2914
1797,276
1609,225
5028,898
5368,966
3676,709
5197,1084
2421,2705
878,127
5845,2059
4722,1730
2939,1355
3314,478
2174,734
766,421
1258,883
3921,1048
1090,518
1529,1908
3696,1869
1020,718
1104,1355
3191,421
3650,935
5948,2133
2047,935
4655,1393
1687,400
21,1364
700,898
321,313
964,944
3992,2927
4243,294
2947,37
4129,946
1620,467
2792,99
5796,557
2926,99
5386,2379
1836,2162
807,2249
721,31
990,421
1069,714
2331,828
1384,725
1850,2218
1387,996
2372,48
4663,829
4090,967
5770,1564
610,2243
5651,1872
396,971
3553,2425
4568,942
5824,1800
1142,37
2781,633
2703,942
5144,2980
581,909
2641,1003
5244,1117
937,1675
522,679
45,1279
3935,1564
2393,120
2673,3143
2733,942
5393,1590
3622,286
146,3024
1254,978
4955,1364
3373,521
3929,1907
3667,1907
4393,321
5161,1590
1446,3026
859,48
4135,2914
5530,898
2540,2775
2364,829
1813,726
5268,1837
4146,979
3626,943
231,1014
296,2163
1029,994
1423,921
1526,1800
3391,2739
4566,225
102,2297
910,521
937,3098
3163,256
4491,990
466,480
2960,1590
3791,1518
4123,5
4656,276
3637,1051
4275,3028
4099,2802
831,1517
4257,944
5119,1848
5657,211
679,2816
2835,1487
3772,313
5941,909
3881,256
4768,1217
1621,2171
979,2704
3849,718
3484,31
2693,441
5687,211
360,1908
5143,1279
1366,871
2028,990
1321,1128
3707,2705
4285,467
5592,324
5709,909
2779,400
4046,2521
1563,1011
602,1010
1670,2571
4049,725
1642,2243
3125,2326
1839,313
5280,1526
39,523
2196,2802
2278,1114
1562,944
5337,1279
211,980
3621,2880
549,975
5375,982
1507,2176
2942,1279
1178,954
1173,960
1440,2243
1716,606
2811,3024
3716,2901
3215,633
3554,99
2843,2747
315,2218
2276,421
3193,1813
1336,1489
5486,947
2953,2326
4870,449
458,991
2734,710
3436,982
804,2567
4665,956
3641,633
1456,1032
3589,2163
5411,2466
3924,921
4301,679
5149,2466
5388,2482
1372,3024
3105,1003
4679,450
3879,397
386,714
2712,2240
4637,978
3843,1117
3688,48
4827,321
449,2167
2052,100
1427,48
26,2249
4191,2739
3361,942
3264,1009
1178,633
2931,2297
1634,2569
2255,967
3903,1117
2202,3026
256,967
1296,480
1068,1003
794,1932
5811,975
3059,738
326,1305
5310,400
3486,24
5444,400
4631,1051
730,2297
3106,3186
1277,2466
33,679
5767,1026
197,521
5484,1869
3336,615
3984,1590
5147,5
441,100
5138,2171
1493,1128
1229,2775
2640,1292
1698,1533
4471,2058
5247,1525
5252,1869
4605,2058
4839,10
5782,2623
3610,975
3425,1195
1257,1009
5387,0
1822,1195
932,1626
4689,1355
4536,2079
3008,533
2773,1390
5156,1006
472,860
4525,2829
5931,1002
2028,1421
3170,1211
3176,467
5211,1063
2303,313
2346,949
4944,719
103,589
1882,256
3229,478
3709,1869
5257,2347
3062,2058
3123,991
526,2385
1118,45
50,1867
4255,1032
165,127
2071,313
4731,961
3365,2217
3387,1976
4774,99
1188,225
4711,1248
3059,1356
79,1292
2221,1011
798,979
3415,991
2974,1248
3627,1813
4045,2326
2646,2880
4910,1084
930,2037
2530,2705
2406,949
2593,775
3436,2218
2436,37
2078,329
2190,1324
5698,726
3862,1279
3714,2347
2196,1489
441,718
3080,489
3896,1048
649,832
1139,467
4518,48
1496,704
785,878
4899,679
3557,2521
3472,1659
4929,521
4626,520
240,31
1026,940
747,1525
30,975
2161,1279
4072,2563
4453,942
4787,64
1619,3147
788,775
34,313
2088,1905
677,944
2936,1248
5649,968
4633,2980
8,31
3609,967
1473,1228
4649,480
4509,2163
1621,2065
2942,100
5007,2790
895,1372
2862,521
5203,1389
951,900
1116,967
4053,203
2743,48
2970,993
3687,2297
4931,1640
182,1099
295,976
1124,2521
4739,881
1167,905
1590,1008
614,2419
1946,643
965,956
5239,2924
5688,276
4113,604
1833,1116
5620,522
4468,953
2016,1008
1662,2173
144,3035
1572,967
5918,337
2370,947
4725,959
432,469
1160,2312
1244,2949
5349,944
3561,225
3442,533
711,1173
1421,3026
4547,1195
1259,978
4886,661
5784,1811
5939,2880
515,480
2046,2297
339,2698
5411,482
306,306
4103,400
4484,1031
5678,1011
5355,1489
5031,611
3823,2453
3496,2058
5686,313
641,942
3039,1590
2777,1590
156,2590
992,2862
3903,877
1845,2549
819,2153
4733,3024
1403,861
3282,1698
3804,467
5929,956
2906,256
4900,1043
1562,517
1685,2802
1060,2750
3738,5
3208,971
5025,930
9,2297
4034,2218
2157,518
2029,1272
5064,1043
296,260
4827,2793
1081,944
5637,1844
883,959
2245,523
1288,2176
5104,2512
4035,2419
2180,1976
5131,1110
1870,996
3305,99
3962,2880
5514,2568
5313,942
127,400
3432,32
968,1016
2229,2218
3731,99
4978,2157
4749,2297
1445,1355
3716,730
4309,1244
1833,3157
2504,1110
3313,1279
1799,1294
1859,32
3939,2091
2500,1526
4632,557
2930,1110
3081,1279
4521,726
5921,3026
3020,1003
1261,1022
855,334
5015,480
5464,306
424,1279
1396,2378
5742,1748
4681,2297
2394,2419
659,3024
4974,829
4275,2548
3879,2548
1589,679
1723,679
3849,1393
254,2157
4320,978
2527,2167
820,2568
390,1294
5823,1713
332,535
1956,99
1634,48
5656,2704
957,1526
4569,1840
118,956
5396,306
5662,1364
5266,1364
1398,2558
725,1526
2237,95
222,905
5803,256
3678,706
1947,521
587,1003
4582,2802
2844,480
4100,1338
3833,994
5341,2827
2906,2297
3716,1348
3934,2739
3732,1292
316,1075
4058,1462
2936,2297
3476,1487
212,321
5090,1272
4823,928
3621,2750
3739,2247
4124,2058
1435,480
3210,1903
5388,2218
5818,1048
81,2847
2506,1908
4411,960
2131,533
4832,990
735,604
707,276
3609,1211
3085,1211
583,1903
5065,2100
1832,1590
5290,2218
3514,1324
2033,533
4698,1525
4601,2346
275,1908
5120,467
5162,878
1600,1590
3102,225
1929,718
2663,3157
3485,1279
5379,704
4711,16
1612,2704
2627,467
3707,1099
4507,1906
1962,1016
2760,996
4692,905
4926,2829
2300,1011
5693,1244
4972,730
4254,679
2117,2058
4536,1331
2,944
384,1046
126,256
1256,975
3515,1279
5768,1014
1048,1211
1151,400
2847,1530
2048,2079
1786,2079
3324,1869
1524,2079
5662,2466
5029,2553
555,2217
4398,966
2942,2706
564,990
4221,515
919,400
1534,3147
2112,909
2404,2249
5358,900
2794,714
2487,971
2585,725
3166,478
3400,1840
320,606
2172,2249
2197,966
4364,1866
5370,2549
4630,2739
5060,1569
1861,643
4674,1533
3513,1851
4836,521
2766,870
92,324
293,48
984,905
1904,2568
2377,2980
3108,984
3081,100
1019,310
4625,1590
2524,2626
5698,1051
178,633
5663,276
1970,2225
2209,521
2343,521
3994,1908
4393,1590
4613,1364
1961,2297
2889,1569
740,871
5556,944
4567,615
112,521
2384,2750
2378,491
1476,1851
2775,127
1320,557
3792,1908
5282,718
5693,252
923,1086
3072,2750
5147,493
2341,959
3540,2037
5448,606
5107,313
62,942
2559,256
1118,1338
4316,2793
3105,954
3485,421
2352,1848
2097,2827
3181,949
5548,32
4851,858
3564,2407
4708,3024
1378,861
5712,2880
2838,960
692,533
2042,1026
2116,975
297,943
3597,2705
2917,2946
2411,334
3376,2706
476,127
3317,32
4062,940
4184,1869
3643,956
4405,1279
3283,421
5938,725
1404,2058
2957,2880
5101,982
1861,2684
2186,0
3264,2249
3639,1372
2104,1099
1777,704
4235,2157
2778,1043
5725,967
2093,940
3658,833
4224,1244
3707,725
5279,99
5392,942
1128,1355
2400,2157
2443,2793
3119,1844
4950,947
333,2777
3764,2548
5743,1522
3765,679
2092,2162
1629,940
5550,2790
2047,2419
3989,3016
2081,2003
2228,710
2268,1048
3950,967
2711,1244
4004,449
1366,314
5810,1939
3299,633
1474,32
1019,2835
1821,1244
5949,943
3185,1635
1218,2671
2708,1481
2759,480
634,930
4228,2385
5060,1195
258,1582
2620,321
3042,953
3114,829
5748,256
5689,615
5747,31
2846,1014
1513,875
4329,2036
5920,898
4555,1036
3156,1590
116,1475
5143,1206
4737,518
1400,1348
4402,979
314,1840
2418,321
1122,64
5571,313
2056,871
1032,521
1913,2256
2044,2739
4523,1097
4258,1580
3943,256
2287,1908
3689,1837
4728,940
4203,2058
4706,400
2460,2775
522,2297
5637,909
2055,1908
2585,1908
5154,940
3698,960
4324,2176
1681,943
5497,1279
1903,2453
222,2385
5568,1869
4282,2300
618,1015
286,276
933,1026
1569,2176
4026,775
5339,2167
5313,946
220,2847
2864,518
5787,48
1797,313
4712,2419
1644,256
3913,1248
2941,1869
3075,1869
1571,909
643,856
51,944
2649,714
3091,1813
3714,1038
4963,725
4283,966
2062,1119
194,821
717,2848
2190,2243
2857,986
2471,950
96,2915
4227,633
999,467
2425,16
187,0
3992,1675
5748,2297
5352,2297
920,709
1311,2028
3080,253
2073,99
1570,1730
2358,1022
5396,310
5454,480
715,2347
2134,725
1229,2568
5721,1009
5327,2775
3035,79
1130,2747
672,1869
335,32
4261,2980
483,2347
718,709
322,709
1323,1048
2966,100
751,68
2465,2558
3943,2297
1098,1869
2085,1748
2326,679
617,253
5548,276
369,905
2755,2482
909,2347
5766,1667
5227,1389
4275,942
5409,871
3046,1907
2688,2199
1207,2162
3860,1831
4773,1569
2124,521
1877,829
3117,1908
2814,1907
4289,1348
3870,1364
5761,518
2550,521
409,438
3217,984
2642,2739
1416,942
62,515
5331,533
2908,1518
2987,1811
4673,533
3115,276
883,2549
57,521
15,2739
2339,994
1745,1009
5630,950
5284,313
1278,2297
2978,1102
3790,980
4831,718
4285,959
1851,1031
2728,2058
830,979
2862,2058
4039,2623
3658,1211
5153,1119
4028,1683
5176,2419
269,1292
5688,1813
722,1045
3172,1294
2425,313
40,1590
2764,718
941,944
2056,631
2885,2176
4425,2793
3134,2880
527,2243
5733,2471
1504,276
3097,719
2690,2058
3357,2521
5621,725
1087,2058
2678,1674
3562,2926
5530,48
413,20
3797,2419
4781,1623
3132,1248
79,1837
2119,1279
2253,1279
2048,2567
5038,875
2651,1325
3062,859
2107,3147
2798,32
4539,2625
3020,633
2792,217
5447,521
5660,1568
42,615
1678,940
701,2880
4709,942
3067,48
3325,2558
1248,16
1574,940
1696,1869
5367,1292
2731,1038
4962,1014
5320,2385
3288,3026
4632,321
3198,100
3712,321
5737,229
4851,1533
2750,2569
1217,679
4374,2133
4072,1014
5532,1867
1633,2994
4348,1851
1188,99
3626,1866
4775,2827
3148,521
2229,2466
374,525
1895,900
4019,979
1930,1086
5268,666
4946,615
2237,1014
3544,871
2303,321
3132,1866
4633,276
2547,2344
3008,1241
5661,718
917,521
3921,979
761,947
4102,990
19,310
2239,2349
1680,2385
1284,2385
4975,1329
3321,1364
3194,1000
5237,898
1875,732
2001,871
1155,1574
4166,759
2844,1533
5232,1493
1906,984
1241,1533
3374,944
2069,2853
5892,950
5680,313
3618,2243
5150,2218
292,953
4172,2802
1673,759
3132,256
2039,2802
3078,959
5657,679
4974,1211
5423,1037
4320,421
5860,1038
4889,2793
3919,1016
5180,2218
4111,1186
4116,1530
5365,1217
4000,1355
3695,719
5687,679
4797,1110
365,276
4286,2880
3544,1489
4048,1022
2846,400
4601,2110
4635,940
3976,2058
3305,1099
4239,940
1940,1237
395,276
1589,256
3858,1248
5341,1331
3684,1095
1502,1011
1949,10
1513,611
5274,1048
4809,2409
5085,1526
969,1837
902,615
1301,324
5398,710
26,944
3427,1038
2463,1520
3356,2326
1900,2346
5831,942
5249,1526
3387,858
1564,1084
1972,909
1989,324
486,2218
419,996
1379,3024
4725,967
4329,967
636,2162
2905,710
5733,942
1921,1479
4773,2297
2486,2419
944,975
1692,2558
1857,905
3348,2569
4463,2256
473,2521
1914,2378
4812,1851
3951,3020
139,1305
5717,947
166,2347
3564,480
2323,2374
2968,2297
1982,3020
781,1869
1586,3020
16,1248
1607,110
813,1003
860,2512
1697,942
3568,2827
4242,1051
2465,521
4424,533
3825,1702
4558,533
2474,984
1426,829
1745,3026
2051,100
2774,1626
4598,1221
1007,1003
4441,2176
1848,306
528,1907
5395,225
2029,2569
2355,2739
3043,861
4526,944
4254,256
5885,991
679,2426
2486,943
4209,2176
3094,45
3371,2797
2209,1574
381,1456
5202,1119
772,2775
2921,467
906,2775
1921,1292
5657,1110
5086,1294
368,2318
715,1867
2070,2704
4697,960
3413,2218
1189,1908
3422,991
2059,1010
4354,971
4008,334
3634,1813
4627,2419
909,928
3586,991
2485,421
52,718
2632,848
4047,2490
2424,1084
3952,940
669,313
2496,960
3702,2455
3714,1526
916,944
2598,2176
439,2453
5327,1840
857,714
4978,905
1364,3147
1102,3147
4046,1110
2639,1022
5438,516
1772,2568
3191,946
3394,1305
5701,337
678,725
3203,956
5135,865
1227,940
5081,1568
2228,1279
3122,967
238,611
2860,967
312,1314
348,971
3388,1086
4544,3026
4654,942
4258,942
3173,905
3828,2297
4535,469
5866,1851
281,1038
5857,984
1264,956
4686,1173
942,905
2130,2568
2099,1003
4356,480
591,2553
393,848
1305,1896
2358,705
3369,978
2133,1526
5247,1590
2094,1009
4705,2704
2833,1348
2196,2225
1122,849
436,521
5539,1590
4090,337
4836,127
2678,2349
5647,719
32,1003
800,3026
2950,1128
5906,606
3271,1708
2579,2878
5416,944
4927,1719
4259,1031
3010,2283
568,3026
5425,2346
3496,2176
1161,1096
5182,898
5918,0
5122,1032
914,1569
2377,276
4458,1217
5936,956
2006,1272
5200,2793
10,789
4108,57
3977,1294
4699,2218
2469,400
3599,1119
4437,2218
1470,861
3569,718
5506,971
1350,944
1830,2335
2208,975
4792,2567
4811,2028
4400,996
571,1364
3284,1084
4550,940
5670,971
5027,1279
3454,714
972,2058
2529,400
433,1780
2896,1325
425,384
3701,32
4580,940
2498,2218
3191,2182
97,518
3737,2880
4112,2003
3701,971
2297,400
1742,2218
5486,988
123,3028
5071,2466
3827,679
5309,1476
4429,905
3210,2558
5469,2862
2513,940
431,2218
1633,2059
2372,2398
76,714
3099,633
2959,64
1828,2126
2022,679
2925,2173
5216,480
474,1110
1021,1279
2786,294
4095,978
2410,946
2145,2183
4748,2297
1432,32
3526,1989
1062,2219
3953,521
3557,521
4438,2256
1394,679
5592,1117
4750,276
333,1228
444,1244
3914,943
3568,306
2814,598
890,3024
2863,490
131,905
5848,1837
2899,1086
758,1003
3860,2750
3827,358
120,2409
2028,978
2681,2297
3772,1590
3572,24
4284,984
5426,2494
3223,1533
4835,1272
1228,521
4358,1872
713,829
2879,1908
1046,480
4313,759
188,2297
553,732
1004,604
2312,871
423,100
480,2297
3811,898
3329,400
216,3190
4605,944
602,193
3864,909
2372,1272
744,276
282,1908
2080,871
5449,518
5711,3147
4773,878
420,337
5287,1099
3967,256
768,1020
4874,2623
757,861
5234,714
3669,1730
5308,2326
1251,615
4635,1294
4492,2706
5741,3147
2057,2176
5386,704
1461,1364
2285,313
3267,2100
5428,1869
5059,1248
5521,1279
4845,730
5505,2466
1086,1837
152,2750
3559,2100
2679,775
1541,138
4027,633
1753,960
1531,2079
5206,1244
1427,975
3347,1813
4689,725
5377,2065
712,2915
4399,397
2200,898
3290,2218
1533,31
2856,421
682,2110
838,2623
5650,480
4669,1547
2533,1084
1403,2028
604,2577
2524,971
3688,520
484,940
2641,967
1648,519
1,971
3500,2162
5494,2949
1707,1099
2445,274
2430,905
4155,521
395,1248
966,2003
908,1244
3941,942
1690,2219
1963,99
3377,2297
3511,2297
4717,1348
4462,829
1679,1279
2205,3015
5137,1907
419,679
3357,2769
1805,829
5278,45
2564,100
4969,229
128,99
5878,979
4491,604
1230,490
5363,533
1648,1003
3265,1086
1262,967
1229,1019
604,967
1022,726
3934,2349
2270,942
1554,1526
186,1393
5001,1241
2385,865
2865,2256
217,679
5404,2385
5029,256
1448,726
3769,1908
4826,1590
1159,34
4180,661
4983,2705
2806,521
1860,1020
79,1280
5447,2058
5844,940
355,2841
787,54
3019,1918
3241,984
1194,2256
3100,944
221,932
3958,975
5493,1248
2378,959
4722,31
3798,878
5208,2176
3002,944
4741,2151
3658,467
5270,960
134,2225
2886,1119
644,2704
382,2704
5511,1022
3389,1181
4546,1279
5353,32
3596,878
2182,400
1951,467
665,898
3366,1355
2664,1837
3803,2110
1155,533
5241,730
4497,986
1921,975
759,718
4243,2567
3714,725
1411,2566
4294,253
1489,944
4166,1007
3682,2880
3360,2829
808,960
546,960
4381,2100
3326,212
4686,1393
5553,978
2641,1048
5602,870
3451,99
5493,1866
3189,99
9,1667
1287,32
4974,520
3114,679
1111,2058
5554,48
4967,480
5694,1748
5778,2385
5692,921
1934,1
1781,1479
3821,2419
1474,16
1317,32
4664,829
4091,967
5408,1512
4735,480
1677,725
2401,756
5546,2385
5949,1866
1731,961
1316,719
1087,859
1377,1372
1852,2419
3858,557
5339,1533
5769,1117
2695,829
5432,943
635,1674
3307,1393
2610,2219
4344,1389
4565,2297
1103,961
5218,1364
1115,971
5036,2821
2930,480
703,64
3284,604
2626,2297
3589,1590
1784,1456
4889,276
481,28
1230,1055
545,952
4094,944
2166,1908
55,2256
2432,337
5888,138
996,1009
1357,988
3473,2704
3798,20
652,2862
4978,856
5607,1027
944,2512
5837,1489
1934,1908
3620,2350
688,1014
4056,2880
2074,1918
5512,2079
5142,1048
2579,1272
5486,1797
3165,615
584,1014
4099,2176
1244,2750
4467,128
623,1908
1455,718
4656,0
3596,20
2213,518
1153,1292
2971,1099
632,1031
4756,1520
3770,2243
1186,1590
5393,1582
1855,2880
2414,400
4256,1355
4762,961
1902,1945
2767,3147
4861,940
487,276
5763,2963
3982,971
3054,1110
2474,2521
1636,2176
3625,1084
579,400
634,861
1301,1324
1738,2079
1405,334
114,421
1351,1037
4341,99
1918,1084
834,518
5889,2297
5493,2297
398,1119
1540,909
2899,956
4060,988
5357,2409
5312,946
3574,2034
5652,1014
1944,211
2962,2409
3832,1511
5523,2297
282,1294
5657,2297
2613,720
1848,99
4951,2256
2285,1793
2567,725
3126,2409
307,950
3166,2747
480,878
4613,921
3594,942
510,2218
2084,2419
4761,2482
4388,1742
4362,521
5117,3083
459,940
4397,2205
5555,276
3034,726
1944,2789
3857,1702
3362,942
4389,2502
4130,521
5045,1086
4394,1533
1195,2297
4799,2750
5112,214
2889,321
554,961
3109,95
3224,2297
3592,1003
4034,1348
5708,2719
3517,2549
3368,2426
4382,718
1397,310
3364,1903
3254,45
4476,1292
3780,276
4285,943
3714,1908
2336,2750
5737,400
1854,2225
2709,2739
5276,944
5014,944
256,2569
490,521
5527,940
1449,2297
4322,20
2016,1590
3409,467
1826,3186
3651,0
5534,956
1642,975
2442,1590
3956,986
3932,400
3623,3028
2296,2704
3299,2150
5417,2249
5721,940
5155,2249
2145,256
2279,256
3345,990
382,533
5924,710
662,2802
2630,2176
5598,725
5192,37
5716,946
2034,1364
3529,518
1860,1211
1882,1724
5172,324
5447,2249
5648,253
4923,2249
1511,276
1130,3028
4014,940
5062,314
5882,1773
1479,1869
2152,1211
832,2058
2423,1674
3111,1294
4336,1341
1731,400
4104,991
862,1119
3916,940
4370,1110
722,2802
2000,975
204,2058
4196,1869
438,949
3463,32
2826,909
986,0
3104,99
3601,905
3611,2347
4755,520
1873,991
3163,679
234,2058
3580,967
2485,966
1754,518
480,20
1278,0
2069,2219
4889,870
5384,2569
5618,521
4041,2466
5823,2616
2058,1279
1134,2880
1015,714
932,679
4746,942
4164,1526
3109,1331
5502,1635
4347,829
2991,521
2628,469
5458,3026
1731,2173
918,2824
665,2378
2932,99
509,1084
262,2146
34,976
877,2419
1574,2347
2088,2568
2453,1003
5639,943
2778,1702
1285,1840
5834,1569
1124,956
2617,1003
5541,943
924,521
553,1517
1663,860
1542,2785
5938,1518
1127,99
3063,127
4348,225
4944,256
21,2568
92,2219
56,310
3295,1574
3890,2915
3828,2037
874,942
1951,337
5469,1016
4046,984
2424,3186
2468,1014
2123,979
2513,2827
3418,2704
5159,1325
3679,759
2715,1241
978,1241
5102,1730
1028,604
3600,1405
3400,31
4284,2037
355,1235
5679,960
1244,1518
633,1364
3169,256
3043,1837
1461,994
516,1718
1416,2914
1778,1051
2213,225
3770,1011
2402,878
4776,940
3439,3126
4516,2521
4006,2419
4694,2793
4785,2157
3386,1021
3417,334
3945,2705
4979,710
617,615
4565,878
1963,400
4757,1048
2002,1294
2432,878
3543,3075
2032,944
4985,2568
1363,31
3591,1022
2923,334
5108,2409
2389,400
5481,705
2663,2100
2521,704
1362,718
2167,1869
4901,2466
501,2079
728,3024
3150,2568
1806,2829
240,991
2544,314
4286,99
4031,1270
686,519
383,518
3366,99
2588,1525
2343,940
1202,971
2021,1828
1083,1279
984,519
675,3147
1793,99
5072,2482
2350,956
2248,679
2371,1244
1738,1331
822,2793
255,467
1908,961
2054,32
4120,2385
5790,604
800,940
588,2747
5266,604
276,940
2566,557
2656,2702
4006,943
4056,306
5845,661
1269,48
1857,218
4691,2739
938,2163
3025,2949
4799,1518
180,2521
3389,193
744,2297
2210,521
445,725
3636,1009
5241,2775
2580,1902
2911,726
1978,521
2105,2548
618,1003
2614,2425
3037,276
4660,1867
1240,942
5462,276
2310,2549
2805,276
287,1963
4748,2037
3999,1195
968,2297
4299,898
4662,950
1102,2297
5785,2218
1538,2827
3315,1667
3031,1908
4125,718
3579,959
1466,480
1564,1015
467,1907
1893,3176
31,2508
375,2318
5654,3024
2865,276
3764,2028
5562,991
3776,1099
5376,2521
3615,400
3048,518
2612,1119
2666,1355
4832,714
1836,1837
5684,930
5125,966
1961,1724
3352,2218
726,400
5060,2419
1604,1837
4517,679
168,1011
2294,971
20,1298
5146,99
659,467
2271,960
194,138
1054,996
4092,1038
3655,2003
4436,2568
5799,1014
4326,2558
1882,976
80,2079
2844,606
3958,2512
1699,3147
3079,99
3835,2297
5692,1840
3555,967
657,905
1274,2567
2788,1963
4679,1117
1449,878
2044,2219
4675,1348
4439,2569
4783,127
414,2059
1054,2419
1771,1279
5666,1908
585,2880
4286,1014
645,679
309,730
598,2553
4101,480
5940,1918
269,3024
5745,861
294,48
777,956
5696,1908
1391,2347
2800,229
413,679
3656,1907
4332,204
2325,875
2514,3026
3956,856
1793,1014
4647,2467
4450,1364
2688,1866
5129,898
3521,1840
3861,1908
4556,1009
1388,1086
3660,871
4626,435
1650,1244
1723,968
5015,2058
2088,1820
1589,1907
782,121
2978,1574
3857,230
4140,518
5334,498
803,1348
144,2466
5149,718
5534,2249
3273,1872
1406,860
1107,978
5721,1294
906,2385
5025,1032
5921,1355
3371,313
2698,1533
5613,421
5692,714
2175,2889
867,1117
5751,1294
5345,606
965,871
4012,467
5415,32
5112,31
4212,2218
4447,3024
4161,940
2464,1837
591,256
5909,1479
2297,384
5369,976
2540,519
3321,1084
1161,759
1265,2802
4639,2793
5463,988
3598,611
4083,2346
4831,519
1766,2037
4668,2218
3260,966
4059,2110
115,276
3366,611
5501,2569
1277,718
5080,2512
2537,2449
207,400
1245,2284
271,1324
782,2028
3340,679
2601,1279
5347,947
5551,942
5685,942
2205,2218
3251,48
243,2100
5533,521
906,909
5887,2739
2693,2157
3921,967
2969,520
5319,942
1747,966
5148,306
4236,978
3341,99
533,519
4101,3005
4338,2194
1973,905
875,633
3965,865
1199,730
1181,1844
1671,725
1826,2548
5863,1348
5414,24
2137,905
1207,971
5810,374
2541,557
2408,967
4006,1000
50,2347
5690,615
5353,1195
623,896
1021,942
701,1526
3681,1590
3553,2344
4697,517
301,1003
4857,1903
1544,875
4506,518
1116,24
4225,2750
3867,3042
4175,943
345,1840
4395,128
3943,1724
3848,898
389,2297
1480,1590
2452,2689
1965,881
4859,2110
2211,533
5554,1211
4845,714
4325,2176
3578,1195
2318,2847
1258,615
5930,909
5498,2218
5102,2218
2573,1272
4627,2110
549,276
664,34
5718,2342
4444,1844
2543,1221
590,2155
2033,1119
1773,256
2634,1524
2373,2880
3644,2326
182,990
2439,467
3297,2218
4664,2126
1830,2079
2984,940
436,533
1487,959
3857,1279
4089,2568
1467,1623
3065,2218
4095,1043
2186,2249
3887,1279
3909,1038
306,2880
3169,2167
5615,2297
1762,2079
2782,2660
502,1479
1735,633
2679,438
1505,1110
3344,828
2125,37
4468,978
1161,519
2076,1084
4151,520
1131,2747
5186,2133
1008,2347
20,1489
238,2880
296,606
1812,48
690,910
201,719
5772,1102
558,956
3006,967
1413,2409
5353,337
2369,2975
5227,1918
1543,947
3316,2297
4937,1590
4365,1364
1713,2297
1267,490
3436,1840
1059,726
2795,2975
3541,321
3045,871
1925,998
1333,1086
696,1963
1145,1035
2147,2508
5396,518
5508,759
4224,2017
1230,3186
5222,2058
1101,1086
3153,1097
1348,963
401,860
892,1851
4610,898
603,1748
3913,1724
4113,1031
2229,604
4990,2058
883,984
652,2549
3264,2217
5790,421
1434,1272
5416,2058
4142,1560
1573,276
1922,2150
2178,615
5345,313
5010,966
1372,2622
2867,1776
5539,2249
5889,3005
1360,518
157,2704
3027,718
1542,0
2631,718
5413,43
4910,1674
5747,2548
3090,2171
5003,1084
5779,1305
402,1195
3767,878
4543,1099
5006,3075
2048,518
3365,1063
3578,2110
1040,2391
2905,324
5204,966
400,718
1926,3157
1987,400
686,2243
5894,100
1554,518
700,606
3679,1007
4381,1279
4813,936
1743,2110
1285,478
722,2058
2047,2521
3855,2926
5840,1907
3369,966
4712,480
5230,2163
2308,1515
1536,2167
3687,1248
2964,99
1283,31
1868,2347
5507,1101
4896,947
5782,3026
2313,519
5333,921
3306,1906
2917,633
1488,32
685,1371
5630,1292
4128,967
3853,2425
164,1110
3822,860
5400,988
5644,1348
881,909
998,905
1999,1244
3317,2980
3724,860
5725,2626
4438,203
2036,2065
3128,48
3643,871
1657,2419
5213,1138
5290,604
2859,947
4813,615
3433,1219
3032,875
3956,994
5127,24
5068,2827
2999,1866
64,1013
444,480
4955,856
4977,615
1324,1963
5212,1421
4147,1851
856,3026
870,480
5804,20
4400,984
4817,1272
140,2297
4598,1908
713,3098
5582,2243
2937,1903
1711,2385
2203,2847
3223,1708
4407,1000
828,2297
4895,0
2852,2704
5776,954
3231,256
272,480
2071,45
4134,2689
2769,2827
3927,898
2414,384
3603,20
4883,2218
5237,272
4966,940
2574,1046
598,276
1256,1939
3412,1364
657,856
5863,1084
2421,400
2624,759
493,1364
3686,31
475,34
4038,2176
2527,45
4906,1582
5733,48
3661,324
115,1569
247,3186
4376,2521
117,861
4055,2880
1741,775
2026,944
4252,3020
4436,2548
4532,2256
5148,310
3232,1099
1602,966
5852,2348
475,518
5530,2297
347,518
4298,520
4862,2548
104,2453
3860,294
5492,2163
315,421
3074,1048
4717,100
11,949
5478,952
1758,324
591,2167
5725,829
2203,2660
1697,48
3999,988
5174,726
131,2182
3143,1003
5409,34
5591,1014
5892,942
1489,1038
4300,1101
3942,1393
2476,725
435,314
221,1294
589,0
2808,905
4454,1918
4932,2482
5826,480
108,2521
3467,726
1631,1279
2933,2482
5526,1908
2506,725
424,2003
5264,1908
4849,2605
3426,321
5096,984
5082,1086
214,99
5647,1272
5690,1908
2703,865
970,2297
3427,896
5531,1097
1131,710
1497,2753
275,725
2999,2297
79,32
4998,984
3127,2482
3541,1533
3405,2426
4292,943
5028,984
274,99
86,48
883,557
3228,2133
5879,975
1113,1019
2590,533
3455,45
5585,878
5447,944
1188,2482
5238,16
4517,256
1318,1020
4391,1837
3764,3028
402,2862
830,276
1248,789
2160,1837
4383,1730
5090,2346
4143,2243
5215,1294
3949,2377
2041,1364
1937,2704
1190,969
2838,2058
2316,1195
4169,57
2174,2243
756,2555
2886,5
9,1574
3620,0
2084,256
5233,314
491,944
625,1698
1000,821
1003,2058
1364,2037
1102,2037
5469,32
5073,32
2898,1119
1244,400
5898,1835
2228,1324
2437,909
2771,31
3208,32
67,774
4846,1157
1262,2110
4610,2378
5725,2065
2774,679
568,9
3434,725
2035,1279
3491,478
34,2704
1599,1099
947,944
3347,2419
2660,1489
4253,1932
5452,2256
550,719
1030,2110
4430,2568
5931,978
3336,725
2930,37
2532,930
255,20
451,898
1803,2218
1056,1237
5131,521
704,31
2968,679
2706,679
2433,520
5352,870
1867,1048
707,1618
1712,1110
1146,2419
1846,1110
5247,2924
3027,2548
3026,633
5301,127
5841,1569
939,32
708,99
1527,956
3841,967
3192,521
681,905
5402,1872
4232,34
5183,2508
312,1038
5636,2453
3112,942
3722,871
872,99
4849,1292
2369,1019
5347,256
4349,1908
3294,3026
4212,856
3505,994
5707,10
2388,480
5802,1590
2880,942
694,1116
2048,2482
3634,1000
3439,2976
3609,943
4059,1903
1676,1563
939,516
3124,871
5631,2243
4627,1606
2701,953
3425,984
4628,518
1513,229
4800,975
5937,421
89,726
2348,276
663,998
5757,2705
2486,1903
1116,943
2943,1590
852,870
4639,276
320,1009
4802,1206
4857,1667
464,2451
4208,1221
1539,2739
5656,2249
5110,2490
2632,1324
4695,935
51,1908
2060,2037
4910,2028
519,1195
2336,400
267,193
4553,478
3267,909
1572,943
4025,709
4772,0
1900,1159
1489,127
3108,1037
3985,2249
1280,138
2763,975
4637,714
2460,974
1078,943
4827,57
3970,2880
3976,416
4748,3147
2895,1279
2396,400
3573,211
3289,1206
364,1041
4294,725
5360,1809
1669,421
5446,48
797,677
1239,1776
2267,2218
4528,905
4132,905
3266,1730
2934,991
4924,2568
3754,730
3351,1279
4092,725
2460,519
211,2623
4383,1840
494,467
2326,704
5012,321
5213,2297
3443,2157
2357,956
3160,1280
4712,968
1136,92
2235,966
2963,1116
4981,2297
200,2218
1568,99
5109,2482
1774,2419
3155,2225
4010,2739
28,421
1803,1844
3238,947
421,2567
428,1294
4073,1748
1672,48
4982,24
1732,99
2344,2548
292,1002
2472,1013
5163,974
943,2625
4415,707
4158,1051
4977,1908
3832,1820
5205,45
3965,2349
877,2163
5092,518
3118,2827
3103,1014
4151,2862
1277,942
4781,225
4614,1051
2347,2549
4298,256
2126,860
86,2549
3737,1128
2296,1456
2482,1811
4007,615
2711,2802
2699,533
5488,1002
4517,313
205,2779
4176,20
2197,2739
1081,2827
4715,1991
1449,1533
2789,3028
907,984
232,1569
2071,533
2224,1529
3834,1195
1230,856
4186,334
5810,2342
2852,2037
4151,313
975,337
4383,848
2837,416
4260,256
1314,3186
4724,2080
3891,2079
5307,940
3984,1489
406,944
2529,421
5372,961
2773,0
2527,533
1062,467
2447,15
1794,2079
5084,679
832,944
1984,2176
1731,1730
290,2058
572,990
1596,0
862,944
2185,3024
3697,2347
1441,1560
3657,1228
28,718
4954,397
3437,2393
1718,1279
5021,2558
4105,48
3404,940
2215,3024
192,718
1917,334
5009,1393
2032,1038
1486,1279
3642,704
4956,978
4531,48
1690,520
2472,2249
4682,1348
3614,726
4080,2219
656,421
5236,1907
112,1489
2722,330
3070,1013
3090,2419
5767,2482
3150,218
1859,305
458,32
5773,984
4443,1116
2803,2739
4993,994
5067,943
4531,2626
1983,2219
1947,310
867,3061
3804,2297
4240,2827
448,633
993,2419
1805,2297
2613,521
3573,2549
3790,1086
5842,1097
1137,2548
5579,1626
2169,480
577,1393
4754,954
3121,1866
5726,1272
5302,944
4904,1837
3345,978
5841,2915
643,2548
5347,313
773,2779
4155,379
674,521
3518,2976
1028,2739
5713,1575
1062,1569
2956,994
5731,2346
3465,871
1142,3026
880,3026
2234,1009
235,1009
3574,225
3708,225
4635,615
5216,2058
3101,944
2798,943
3610,821
1172,3026
799,943
1797,45
3022,1590
5601,2249
5784,421
2985,2058
493,994
567,943
2510,2704
3255,606
3619,1822
2340,980
4874,1489
5810,679
1534,2802
2857,718
3108,2249
2678,975
3383,10
2003,1560
366,256
947,9
5563,960
955,1590
1958,1036
4279,2218
5781,99
8,1487
5576,633
5197,48
4362,940
3393,324
3888,2747
3272,2249
4658,709
3976,2567
5783,1084
1180,2058
5787,1203
2657,2326
2304,518
5701,870
2024,878
3280,2490
867,1719
1929,991
2536,2157
2630,1038
3764,967
5816,978
1752,1294
3028,1084
3415,32
3153,32
3553,905
4554,1244
221,2079
4565,2342
2660,1038
1199,714
5423,875
1476,1022
4834,480
5326,942
1654,1294
3160,48
647,2079
5585,829
216,3024
1087,1038
4397,1014
3848,48
3190,48
1089,1084
5183,2862
1348,32
4255,557
4078,860
4950,789
2608,2702
2952,2512
2824,1014
84,2100
1768,1907
3261,988
3899,521
979,700
1581,3020
2297,2409
2209,310
5039,615
2553,1840
4720,2555
3326,1009
1106,633
3241,1810
2183,967
3542,2704
4103,1051
5717,1590
4538,1918
4646,1451
700,480
560,2163
2372,1024
5438,862
5018,276
4207,1000
921,829
2786,1014
5052,45
1007,2451
2086,229
3078,2704
4625,2802
2721,1908
5214,2793
2520,871
785,1476
3807,2705
1458,229
2879,400
4155,944
2829,1976
2288,871
5174,519
3068,1211
2032,127
5521,2320
3806,2079
4184,719
2318,871
2351,230
3164,518
1407,1364
2817,2100
1024,1037
4907,1063
2109,2171
5071,905
1571,2495
3405,1869
1168,1324
2321,714
2546,832
1678,1022
2540,263
2440,32
3924,1279
2124,1489
3187,2706
4430,2548
2140,679
882,714
4605,859
3719,2163
1477,2028
700,1582
2534,956
4285,1793
1758,1674
5163,978
986,2326
4700,2385
2141,99
2376,905
5117,229
5412,1840
3982,829
1879,1038
2102,521
2436,3026
5571,557
1985,875
2406,905
687,730
1168,1003
3650,598
1299,705
1389,598
5040,2560
1310,1244
531,725
1852,480
4276,2349
452,1563
507,1270
3903,1020
735,905
2808,2739
77,2625
5113,944
3459,225
5417,1355
2184,2508
4183,1195
70,2558
1682,2297
2096,1348
1437,2466
1062,337
2972,2739
4446,1016
1755,2775
362,865
4997,2058
3687,1903
3784,2775
5859,518
5137,533
5913,0
5568,719
261,1348
5565,421
1976,276
5439,1248
937,1338
2967,1590
3061,2915
3799,400
3534,883
3258,2705
4904,2028
1084,984
1538,400
5588,940
987,1051
2408,256
1348,276
4789,1489
3555,2110
3192,2058
3293,2110
3589,940
5366,719
5397,32
2699,2310
4194,2218
474,1590
5911,253
449,1533
1894,1324
2698,2058
542,943
3814,2347
4492,1279
4571,2326
2692,2243
1598,400
1271,5
2439,1016
4593,3024
5329,2126
2925,909
5471,489
4755,2793
4188,2157
4297,2100
2127,1279
5655,956
4099,1526
1551,1119
2693,909
451,20
2249,3147
3701,2419
4552,1279
3292,679
312,615
4591,2173
3848,2065
3982,2065
5319,633
3119,909
4717,942
634,1016
4917,1003
307,1560
2648,1674
3215,967
2088,519
405,1314
5143,942
1494,719
5415,2569
2870,2625
5349,229
4583,726
4213,2297
1780,1840
1286,1305
1536,2419
2914,988
873,2829
859,679
2352,726
5505,718
2206,1840
5158,2862
526,2906
5200,1021
5635,949
182,1002
223,1003
4970,717
340,2342
2141,1014
5799,949
764,3020
4933,276
2395,557
3464,1000
355,2219
3612,871
100,946
819,633
1094,2558
2577,2641
3752,127
536,1476
3312,1518
4305,276
3136,1292
604,829
1978,1908
905,942
2039,871
4346,2155
4470,878
889,1348
5891,1022
4024,10
1098,2626
4234,759
268,856
5754,909
4875,940
5911,334
4224,606
5292,2167
2342,225
1488,313
5027,1869
1554,1872
7,276
198,1564
4160,971
3092,2793
5282,1048
3205,2670
4790,1525
4807,940
4554,1248
5474,2157
4008,1489
3696,2126
925,334
3017,2218
3150,2747
4316,679
1783,2058
3696,971
4476,2065
4290,397
1237,986
4122,32
2718,996
4388,905
4448,956
5249,2173
1090,909
204,2802
5104,1260
1965,2829
5299,947
1950,2706
1212,1279
5291,1244
234,2802
1734,48
2553,905
412,822
2437,730
595,714
2270,967
4159,48
184,2284
393,1869
3523,2466
644,956
5501,276
5301,1908
748,1279
5039,1908
543,1813
2047,521
2088,1084
831,940
3501,24
5793,276
829,1244
3370,480
3734,942
2578,2385
3823,1364
3986,604
4379,2750
3300,276
3983,306
2885,34
2124,875
1657,2163
934,1014
5406,523
1395,2163
2503,871
5519,400
1169,130
2273,1348
4796,944
1119,952
4932,990
2098,943
2376,2385
2933,990
4012,1020
3098,276
4905,2176
5713,400
5816,1279
5616,467
5420,2218
4989,719
424,2739
1221,2494
2637,1355
3430,991
5035,313
5621,2100
4224,1037
1163,45
357,1867
3208,16
1446,518
2976,2110
3272,940
2202,1026
3096,714
2607,2243
4090,2326
5776,1048
5707,2409
5469,1305
5238,1557
225,943
5692,946
4041,2218
4337,1048
5490,438
1868,1099
462,482
2277,3024
966,15
5248,1844
4699,2568
5060,1793
375,2176
4071,2218
886,2880
3958,1752
2888,1084
3758,940
2751,32
1347,996
5786,557
4559,2157
2815,956
4071,2568
303,960
5265,2548
2543,1022
2677,1022
1235,940
5791,1840
405,2176
3452,1018
3130,967
5382,100
1237,2706
1741,519
4401,1167
505,313
2781,32
1124,2802
3139,679
303,2249
5948,861
1742,1279
5212,978
4430,942
736,37
5772,1574
4383,2816
1656,946
3736,3005
4524,2297
4828,988
4262,2297
4894,2739
2493,1793
1433,1813
2937,521
4535,1116
5452,2508
3616,3061
154,971
5699,2385
2638,1393
5071,2816
3637,905
1829,2163
318,32
213,2490
5626,944
2994,1563
3550,2949
828,3143
583,2558
3781,1569
5510,2058
2917,942
5609,2976
3993,1051
4154,1908
399,2225
3142,2349
4733,1211
3039,127
2641,1020
3879,1272
5016,718
888,2739
3152,943
5146,1730
3114,1590
3902,128
5383,138
4749,0
5054,986
1115,1748
2555,1195
5135,1325
54,2297
5843,99
2183,276
1036,1051
5828,730
4582,1526
5198,334
1498,2802
3383,421
5114,2326
2889,1606
3737,949
1309,1590
604,1020
4326,940
795,1719
3493,2659
2327,940
1695,2915
1101,2176
4280,945
2833,519
5849,48
422,2827
4417,2347
4761,2157
5876,1844
3573,679
5343,2512
3096,1279
1459,729
426,1606
470,400
2870,2629
1612,944
3205,633
4314,2003
219,0
3925,730
3888,848
1326,1489
4156,2548
2597,935
5921,1563
4164,2409
5060,480
2639,2100
2572,878
5674,2625
500,400
3970,99
4291,3123
4205,905
4606,2003
3233,1526
1806,32
3356,2091
1327,2249
1998,956
2072,905
2034,421
4710,1013
1262,2793
2979,828
3718,1167
3347,2163
3756,870
621,3147
5263,34
328,2521
5350,942
324,1813
196,2567
2405,310
3243,1409
1100,2219
389,3147
1507,99
5865,2704
955,525
2653,2482
3439,947
1730,521
3342,1014
2440,2374
3102,1527
2486,1029
1537,99
2034,905
1146,2163
545,253
4494,337
1832,3026
1641,48
5930,604
2719,2297
61,32
964,1526
3393,1487
2952,24
125,956
720,2297
5178,1908
1484,1003
5144,45
4357,1355
578,1840
4394,2176
5274,276
5165,1272
2644,968
5334,1458
4611,871
3334,856
4264,2453
4615,990
1248,480
4985,523
1781,943
4705,883
4619,2802
2781,276
413,968
4303,2007
5418,940
5144,2623
5108,714
5163,421
4465,1022
4881,708
3857,385
5897,2079
3397,400
4956,478
4004,31
5450,986
42,1563
4401,606
5215,1119
5488,2409
1675,1590
3013,760
4014,1099
3900,31
3752,1099
5238,2419
2612,1355
910,1908
1284,1560
2440,1248
3889,57
3493,57
5726,638
1286,1606
319,2571
3231,996
5127,1248
5163,905
2550,1766
5751,294
5802,1013
4305,1032
2820,314
239,898
3673,940
1317,3147
3290,2865
3606,2347
1076,991
582,2176
1775,211
2630,725
1918,519
4679,1219
141,898
2152,2793
5560,860
4873,2374
1736,2326
1989,520
2464,32
865,2218
2133,2901
5366,967
5445,1260
5591,2775
5384,984
1519,1695
925,956
1785,2568
783,314
2687,1393
5247,871
5938,2482
5678,276
3970,1014
5578,45
1758,2219
2434,1270
2987,2385
442,2249
166,99
728,3020
5607,2853
4063,1713
678,1563
253,633
2617,2451
806,967
3097,1748
5335,421
4293,1020
1529,2466
3441,1908
1311,1260
1464,2256
503,942
4257,400
3861,400
5533,944
5127,256
3144,759
749,1348
747,521
2706,533
3248,2802
1352,860
5927,1248
1606,1908
2992,2058
5330,211
3530,421
3238,20
662,9
1207,2549
3936,2802
735,2739
2865,943
1636,1908
1917,615
589,1574
5885,32
4524,878
2951,313
5726,719
4024,2218
3593,719
2913,960
5623,971
2663,31
1071,944
5303,966
4957,329
2656,2243
2702,898
1497,5
1989,467
1589,533
1635,878
4016,421
4614,1279
3414,730
4699,828
2512,400
5562,1203
5926,2419
1817,518
3897,325
5579,1557
3473,2249
214,518
2206,478
1173,1355
1906,940
5808,2548
1652,2521
1375,1489
5562,48
455,2243
269,1329
2941,1048
4091,2419
2716,1869
2120,2747
1808,940
1434,2419
1632,714
5016,1393
365,2326
3257,99
5032,1522
1376,909
5837,229
3316,679
4702,829
2668,643
4830,1014
5925,988
4881,952
5003,1881
2060,2830
5411,1117
2182,726
1898,967
3109,1116
140,2342
5694,1590
5177,1071
5158,829
868,48
3842,2549
5229,480
4580,34
4929,1908
1950,726
4633,45
78,2753
1847,978
4545,1918
1642,1512
5439,1606
2634,2297
4763,276
5480,856
2182,860
5888,1590
4646,1569
366,1476
4331,1908
3672,20
141,2297
1208,1004
5638,1011
2254,1086
2140,984
2909,34
1554,860
5037,1575
1494,1748
1711,2914
981,1348
24,557
3494,256
5598,2901
5721,1022
3642,127
1608,2385
4519,400
4878,518
1822,1590
5261,1976
771,2827
3833,1011
911,1117
1659,256
2636,2453
1889,718
3778,2243
2386,1524
4452,467
3127,970
5389,2511
4618,944
2887,759
3950,256
3166,1837
3284,3024
5135,1813
233,276
4204,2243
5014,1294
2126,230
4742,956
1457,256
3484,991
1003,1217
3516,2377
2004,775
980,1206
2234,1237
689,276
1926,1084
2459,1355
3192,940
10,1119
3905,2310
1276,975
4163,848
5075,1896
2230,714
4410,725
3873,520
2811,467
433,2915
5512,1116
2697,1119
2906,704
2644,704
872,518
550,467
2866,1305
3344,1869
575,2217
4525,2553
4836,725
144,718
437,940
546,883
3808,633
5415,28
822,0
2296,2249
542,1114
2942,2589
1175,2747
4757,967
3110,2173
2848,2173
4847,860
2758,967
1925,966
4412,2625
3632,942
810,2218
5182,557
2953,2347
2094,2091
4788,1569
5025,1512
2392,967
2314,1084
3188,1840
4918,2739
578,905
5831,979
2641,516
1703,2219
5488,990
5596,2775
656,946
1316,992
342,32
4442,127
4768,1051
272,956
1267,726
24,1793
5274,1569
779,2076
1951,2297
4968,708
1031,2297
1280,557
4719,943
1013,967
364,521
5582,759
3214,1451
1095,2847
5010,718
1737,1533
393,2548
4668,954
2510,1456
4122,1195
47,598
2271,127
3532,1329
5908,2218
3952,225
4719,138
870,1574
5216,944
1211,1086
2937,2058
2742,1590
2900,2176
3537,518
942,2739
1385,276
5187,714
2888,1011
4068,1093
3760,940
2975,606
511,1590
3131,1119
1023,984
1568,518
5613,714
2423,1032
1702,1272
1349,1908
5664,679
1892,615
1874,975
2311,1730
3807,1294
5571,838
3408,996
5373,99
1742,1206
782,898
4505,1043
5694,679
5298,679
2858,2249
480,533
1173,2217
3184,2419
1943,1869
1530,10
5688,1773
2269,2793
780,421
644,1314
4398,3024
50,2827
1548,0
2235,1869
4160,2297
497,2176
528,1489
5724,1029
5930,905
138,2243
3144,1084
5492,679
802,718
3231,679
4408,1244
408,1730
3515,1377
711,2670
1996,1048
1225,2891
2871,2214
4400,952
735,31
3678,967
5292,1533
1176,905
4533,1481
5771,1918
5812,229
710,324
3251,1280
971,99
1528,956
2959,2569
4582,1908
5639,1590
5797,2176
5088,1487
3298,2385
3359,1348
1098,971
4152,984
343,1038
29,2568
5573,1128
3451,1287
2857,2800
3143,942
5760,954
4269,1919
769,99
54,1285
1055,870
4465,518
268,490
2007,2256
2080,1014
182,2409
2552,1009
1833,2426
4801,975
3021,1837
4475,990
2768,1364
2018,1051
1195,2704
5800,1776
5330,2793
4427,518
2671,276
4700,2747
5029,1525
5360,2793
410,276
915,943
3485,385
956,2637
2439,276
3904,719
4606,991
4406,1869
4277,1489
4875,2347
1318,959
4690,2567
2298,421
5359,2167
4760,2747
3650,960
2762,2218
227,518
5126,1003
2961,334
5558,633
2726,467
2070,1294
3324,1325
4924,2747
5614,942
5345,525
4478,2660
5176,716
1827,31
5268,1244
2927,2793
97,421
2956,2218
3393,2219
421,518
4619,956
2412,253
2224,956
2262,1248
2986,1279
2048,730
4831,438
1928,32
3794,1573
546,940
5742,480
5442,942
12,1006
755,1279
1326,2034
3198,946
3930,2558
5016,726
643,2162
1940,1331
5948,1837
1120,1003
3679,64
57,725
4176,870
2119,865
3202,1014
1259,946
1376,942
5514,1329
1503,525
5052,517
5270,1908
5872,256
946,2297
703,849
324,1203
2645,2385
5781,518
2786,2775
5601,2802
714,2297
4967,944
3179,225
4705,944
2380,3026
434,967
2329,994
3280,2909
4189,1939
3306,1097
5530,2346
1880,959
3870,92
4701,20
5128,996
4755,256
3452,518
4833,324
415,1051
2890,1919
1799,1128
2425,1590
3939,986
5725,878
5299,2167
5669,946
2763,1585
3330,878
4388,31
3402,0
5704,940
3192,944
2983,16
3275,2110
1812,959
2513,1006
2193,1590
3187,950
5261,720
842,1811
3070,2802
5929,2347
2126,718
3735,940
3944,525
1423,975
2758,2126
1334,2623
3074,1581
4660,99
4257,648
1492,1869
4918,515
5434,1563
4766,875
2403,2665
4521,1044
5011,679
589,533
977,1581
5309,521
5455,2790
3072,730
152,909
5477,2549
2810,730
4532,829
1720,2793
2033,1038
1754,2377
3593,3061
4682,1527
3061,2419
2118,1526
2906,37
4979,1117
2029,3147
1179,725
1779,2218
4711,521
638,2249
490,99
302,48
5937,978
785,956
4023,1086
5143,1117
2905,1101
3001,1563
4534,1009
5869,2914
5727,1518
4224,968
5707,1051
3935,276
965,900
2577,1393
2778,1117
1021,1963
5823,2515
2667,2225
5523,533
1065,730
3126,2739
1294,967
3355,2976
5045,127
1609,978
5397,20
3716,861
441,2569
3555,943
1328,1840
954,875
1255,49
5561,20
2030,2297
5615,256
2055,1014
3488,1010
1039,3026
3584,718
2904,959
395,480
3579,2037
3502,127
1942,1487
3867,225
4966,1099
3216,2924
5088,2028
4482,2218
4514,975
3906,2058
1621,533
2667,615
1414,994
3000,266
3722,2880
4372,518
658,1590
5252,2028
4940,975
2697,615
4943,1623
2417,975
4676,1279
5813,725
3418,1314
18,856
3144,2243
1065,1348
5722,48
3359,1084
1819,467
5310,1043
2123,878
631,1241
4783,1526
1978,2217
4840,1279
2090,1869
204,615
4332,314
1203,127
433,1606
3325,1099
5485,643
1577,718
3910,971
2058,991
3610,679
2192,991
2546,930
245,400
3106,3024
336,518
4281,2173
5437,2800
2243,2218
4110,978
2326,940
3470,1557
3611,1038
1694,848
1960,967
3379,99
4531,2297
2007,32
1174,31
905,3024
1910,99
3630,2569
2441,489
1835,679
126,253
2354,1244
4690,1014
891,1813
2740,2219
347,2100
4153,1748
4091,870
116,2167
935,3024
1880,48
109,996
2408,2419
3092,2297
3647,829
4759,1908
1877,2379
1120,710
5302,615
2855,1014
1970,99
3400,1487
3798,1533
833,1003
4909,512
1550,829
4275,2626
4151,870
193,2548
4700,523
689,2163
1593,2569
495,2297
4316,533
3699,2816
359,2409
3101,615
2009,1851
4001,1811
276,839
4104,1000
4164,1051
3596,1533
1687,2739
3755,1031
4078,718
5413,1869
2847,856
1023,480
3194,1903
4498,523
4383,950
1914,1590
2866,2976
2208,2976
5455,940
2419,944
1586,943
5017,714
3967,2176
2295,127
4786,0
3805,313
5140,2218
5869,1869
1669,604
3960,3075
4362,611
5671,2793
5413,2003
917,1908
2565,2058
1482,1128
4305,1016
2690,225
5575,991
3567,2218
3171,2218
941,400
4141,2490
770,518
1038,1272
2595,2058
1206,856
2475,421
878,990
354,990
255,984
800,518
3188,478
612,467
366,1000
3680,940
782,878
4142,971
4238,679
4898,725
780,990
3145,0
2527,1119
2615,966
4306,32
2718,2407
5300,1644
2224,2249
457,2407
4656,37
1187,940
823,2915
1268,1279
1431,519
2206,515
3541,1639
259,2176
304,606
1006,878
3818,2297
5022,521
4772,2790
3639,1019
3083,1326
4905,875
3542,1086
5534,1046
1624,1048
2766,2558
3065,905
5014,229
5034,881
1551,2640
3468,2426
4314,942
3871,2816
5178,229
2561,1348
3727,34
2667,54
3160,337
4171,1364
1781,2297
2329,1348
1603,1244
1372,557
4916,959
3920,1903
2703,1939
402,2163
2640,1590
5236,533
4336,276
5121,960
3228,979
727,2081
394,1117
3840,230
144,942
261,1527
5591,478
4452,959
5424,2058
3698,2217
1521,225
2448,615
3029,2058
5427,2706
3658,2037
2668,1298
784,871
2378,1724
2777,1241
3549,0
4459,975
1129,2976
5160,1022
5630,971
3680,2176
3688,2037
3156,2176
5357,31
761,2176
4470,1110
3448,2176
4416,1813
119,615
4078,478
1502,467
1364,533
2348,3147
2864,31
4077,253
968,533
604,256
4310,986
1274,990
2657,1623
1838,574
4947,1048
4329,2167
3651,37
5831,48
1300,898
1317,313
3369,324
1278,2802
179,615
1741,991
633,31
5941,2256
1434,1248
2055,400
3710,967
3285,37
4245,2065
5599,48
1784,314
3761,905
1967,1869
5567,860
5522,1117
1821,704
3500,2419
1401,1084
4515,1902
3549,1557
323,2218
4335,2466
4178,2482
5454,3026
1428,2880
695,1043
4136,2256
1228,725
5469,301
353,2218
4903,829
2124,489
1122,679
3023,521
2068,557
1935,967
3467,942
2804,598
3764,2626
3640,870
5424,127
4873,963
3592,48
4357,1046
3672,943
5061,1364
4012,984
5196,276
2799,2482
3119,1117
5896,2350
1099,829
138,828
1769,1563
1120,1117
3725,1866
2835,2297
288,1526
372,2163
3471,1195
3075,1195
5933,138
4636,1908
1384,1348
4023,2058
2379,337
3652,1364
4646,2976
3123,1020
5791,31
2807,225
3269,256
2417,979
4278,2176
1239,943
2782,518
5658,1730
3791,718
3722,2079
4410,2453
4742,940
4883,421
314,979
2579,2037
4091,606
2129,2740
4393,944
2531,276
2605,225
388,1086
5220,2793
691,2026
4890,2100
5342,2409
5290,2219
2733,760
3025,2100
2710,3028
2634,0
4094,99
577,3028
21,861
2139,960
4934,1244
1232,1195
5065,946
54,1159
5250,2419
1847,909
5279,2568
1960,32
2431,1869
3187,714
4996,967
2924,489
2879,2409
157,883
643,3028
1553,31
1583,1371
1313,1510
1674,1489
1786,1730
4392,48
90,950
1509,1048
1314,3024
1420,976
2722,489
3517,952
2885,2173
774,2521
3989,947
437,2347
4066,1167
1761,2558
3208,732
3652,2466
699,253
483,2880
5302,1908
3859,2163
302,967
1455,946
2072,2800
1169,525
937,956
706,2521
749,905
1499,2157
2345,865
2959,2256
1379,2240
2223,875
3433,2297
1316,1110
3322,968
779,905
5278,517
4405,1117
4059,480
4988,943
4380,2750
3563,276
5732,1626
766,2548
2273,1527
5710,2217
5285,533
5095,2853
1714,193
5492,45
1054,1086
2545,2750
5224,230
5934,1329
4587,2827
3179,1575
5453,467
4176,2704
1316,1244
2573,984
3557,1908
4159,256
1257,1014
3395,45
4675,2243
982,28
3730,523
4951,606
5885,2167
3755,1519
2356,2827
3715,400
1879,953
5616,996
333,521
5107,2058
2858,944
2992,944
5392,2419
2209,306
3150,2284
1064,1908
5513,467
3885,2100
256,1590
4728,1099
5408,2521
1247,2150
3755,714
3555,2346
93,256
3416,467
4987,397
735,2914
3982,878
3554,1340
835,1051
4969,730
4497,1674
653,1010
5490,3061
4081,2927
1769,518
521,1241
617,949
1047,533
5207,679
1318,996
3310,956
309,954
803,2243
3972,1048
3230,2131
1848,2100
325,898
659,20
342,313
1077,533
3822,730
2880,971
4000,1002
1498,940
359,1421
2534,334
106,975
3714,1547
3692,1007
423,1032
4760,2568
994,1006
4103,726
5392,943
5770,337
4586,321
2789,48
992,2249
3200,521
1001,1022
4889,480
1575,1294
3756,1907
1142,99
873,2126
952,2419
3230,521
4111,2256
3364,521
2968,521
4702,1943
5596,2385
1902,726
5642,286
919,966
3274,978
3150,942
4999,1348
5765,127
5721,1518
3642,3067
873,971
3070,3026
1416,3061
2901,1527
2613,306
4334,3186
5064,1719
4295,225
5821,1698
93,2297
1386,2256
3198,1117
2156,1908
1457,1907
3590,1348
3782,1518
3013,24
1975,557
5715,1837
3072,604
4276,1272
154,829
5467,954
2619,1009
75,1475
4536,2515
1333,127
5240,2079
2356,225
2569,1272
221,896
4769,400
4646,0
5828,909
4604,2218
884,1590
5356,1099
2446,276
887,2827
2520,225
2990,1837
3370,2058
185,276
1754,2385
1379,256
4823,986
1609,718
1213,718
2159,2848
951,718
4872,878
5326,1048
4075,719
200,3186
4878,1043
943,1015
4067,2521
1939,421
2518,1037
1401,2243
5393,1115
2379,878
2933,2218
641,276
1628,2407
3758,611
2608,1869
1500,909
3394,334
2998,334
1303,2058
4212,966
4876,946
4991,704
4566,905
2372,996
5293,2173
1194,960
4934,2240
2346,714
577,991
3895,2548
1163,334
945,2326
1635,329
2449,253
5016,710
2552,940
3219,2157
411,2577
226,2797
4283,2256
2033,725
2547,946
3264,1526
534,1048
5708,829
3703,1573
4971,2256
3779,1568
11,714
2622,2409
26,1022
5948,666
5560,2247
372,878
1968,2558
4516,521
412,2347
885,2567
4081,943
956,2218
5357,1487
5780,1590
5312,24
3476,2297
1874,48
3025,2775
96,956
2904,2256
1264,469
4846,2853
3832,1528
1266,1481
1906,875
3741,2349
2868,2949
5769,276
227,99
3920,1533
3665,2704
4804,533
5832,975
5496,1026
2097,978
4403,1128
2759,1851
4237,1590
1711,942
4885,1811
4344,898
4368,1292
1147,2297
1823,1348
4020,20
2750,984
1044,829
889,726
4344,1837
1249,480
2109,1338
4618,127
694,1389
2921,2155
2185,20
2935,1272
206,2739
3350,2453
3146,2623
3579,1724
5470,878
5408,0
568,95
5657,704
2152,2704
2167,1292
2767,533
3985,1099
5196,1248
796,861
4366,1730
350,3026
3438,1869
3592,2309
3793,1279
2807,2002
1446,2848
1807,2827
3390,1047
5936,2347
3059,3162
2059,15
2529,718
5564,489
2254,2176
2871,832
1880,1211
3361,467
4634,740
2488,313
1459,400
404,1518
3050,16
1689,862
4607,48
4448,1489
5629,2927
3468,714
5648,725
5287,2409
3835,1639
3457,2218
106,898
2761,421
3093,2880
808,1355
4326,2034
2493,606
1785,519
3407,946
1082,3028
2863,324
668,944
4121,1228
189,909
3243,730
271,719
3645,710
2812,1675
4307,829
3204,967
540,2829
2510,2249
3501,557
837,2419
2444,2568
3390,726
4566,1820
464,898
2056,1116
4639,1517
279,2249
5941,276
3573,968
560,956
5753,979
1210,314
3701,1907
2980,1393
267,1084
2695,2163
5067,1590
4284,952
5266,2739
691,99
1581,2297
3047,521
810,730
1926,1019
2270,829
4904,256
5086,1990
4031,856
4835,1590
2897,1866
956,905
3697,229
1379,2728
3009,1518
5196,256
3736,2786
3765,2026
420,521
4195,856
1975,480
3160,2626
3774,45
4956,954
3443,2914
944,679
5711,1237
1480,2379
3639,759
4374,979
4702,256
4972,1837
3143,1117
1448,2841
3371,944
784,3026
1851,979
4452,1020
878,1348
2488,2704
5750,10
4917,975
5406,2829
4986,2243
304,480
837,943
4586,57
4682,519
3983,518
2785,604
4947,975
1946,34
4340,940
4318,400
2652,1364
2435,2827
1786,2381
4391,878
617,953
2057,400
653,1364
2645,1324
3345,15
3702,252
635,943
3443,2243
1982,1919
4110,2706
4673,1099
4451,2218
4055,2218
2331,760
2312,518
1086,1000
4115,956
4538,1813
2139,940
1360,421
1114,954
2117,400
3706,909
2227,945
3921,1248
4759,2347
1302,1355
1865,714
3121,2326
1665,2346
5904,1095
2748,2495
3474,909
5565,2568
4904,2297
107,3028
1285,31
4726,1244
2620,1936
3134,2157
2738,2157
21,975
1479,1967
4782,1526
482,57
5196,2297
123,878
2783,1526
3901,730
5623,829
2123,2419
1720,1248
2840,1279
1345,31
4421,557
1846,956
2326,2347
2852,1639
4034,2548
5930,2800
3087,193
4732,2297
3631,64
2715,1526
1319,99
570,2455
5158,2297
2582,34
4170,2385
2019,860
1692,465
828,2871
2635,2297
3571,521
3392,24
5222,1908
5698,1837
5369,615
1382,3026
2927,2297
3890,1590
3000,2775
3610,2704
5129,0
530,2409
3716,2349
1885,994
524,1840
128,1840
2205,218
1776,1990
1092,2297
2164,1348
4472,2453
3698,615
4683,421
4958,2346
56,1563
3622,970
339,1097
2436,2571
1009,1831
4309,2058
379,2374
4107,611
4619,944
2758,878
4872,2521
2183,943
1154,276
4564,2176
1690,256
1430,1837
148,2976
4169,334
2169,2176
2239,2915
5771,1048
2388,5
3050,878
4170,909
2364,2802
2650,944
165,1051
2976,1114
3215,2793
5464,2409
3573,57
259,871
5546,2219
1124,2827
3046,1294
2020,898
1877,2310
4478,99
5080,2419
1602,1324
3443,1869
157,944
4752,1018
867,2797
139,2058
3049,2100
3345,930
3128,3147
910,400
251,1518
2811,996
4005,976
4058,48
1497,1099
838,2217
1003,1530
2587,2419
3566,1279
1022,991
2142,1022
1567,1279
445,421
266,2176
3397,2409
4746,48
3156,253
3725,935
5282,967
4760,2548
2112,971
2530,730
4498,2548
5312,3061
4038,2563
1865,1279
3021,967
4376,2558
1115,0
2632,633
5324,2482
4264,2502
5326,865
1072,2747
3699,1003
2285,525
4886,2256
5397,516
5751,1014
1895,1279
816,2188
2237,1393
5421,1260
5089,521
32,1325
4567,1348
4565,521
505,956
799,3123
317,1659
1936,2569
2853,2271
106,2378
7,1618
3378,557
1149,2347
5213,533
1348,1244
4731,1698
335,521
3359,2385
5160,2750
597,679
201,679
4073,2078
5401,2058
1658,480
3389,2385
2993,2385
4765,127
4944,1590
2872,1866
2345,2349
3585,984
5142,1016
2900,127
5360,2407
4465,2494
5223,1355
3426,2802
1182,1840
5690,1006
678,994
2320,2827
2912,487
3617,276
3825,979
2647,943
183,1173
3131,2453
3482,990
1930,3022
345,942
664,2385
4499,519
3555,2407
5769,1248
2842,256
5367,679
3364,2058
2235,975
5481,966
4537,2100
5835,905
2872,256
643,1292
3757,2110
3877,714
4720,2157
1692,709
4729,1869
3638,324
3326,961
225,2822
996,1945
3636,2880
1425,2058
387,1837
901,2058
1288,1006
923,127
663,954
1607,5
1648,760
4944,2558
694,1206
1473,944
3477,2419
4547,643
1376,1011
1970,2100
2299,878
4435,1526
2573,858
1503,944
2289,1099
5811,988
1149,1355
5863,2841
2740,971
2661,1644
4173,967
5767,100
2615,710
4860,1116
1497,725
5220,870
3143,48
261,519
4879,2297
4562,2590
2728,1526
404,2490
1567,905
5327,1117
4045,3010
3895,218
5189,1533
523,2747
519,1285
611,1813
972,1038
3776,876
231,1003
5902,1590
1292,1393
4248,871
2812,2297
5747,898
2034,2003
2589,2225
2360,2173
5708,943
947,1331
584,1279
362,2398
1721,725
526,520
5836,1128
3010,942
3987,2385
2701,2816
4131,1575
2842,2297
5128,2704
2580,2297
4008,229
3459,953
5769,256
4709,276
3122,1533
5438,2371
5768,31
761,952
3236,1820
5088,1211
5554,2704
3439,1590
543,2163
1239,1866
4873,276
5671,256
2856,2703
4764,1272
1159,1348
68,557
159,2173
3507,943
642,829
1129,947
1579,1907
1491,3026
508,1014
3737,2344
574,2765
3422,1020
4660,518
4632,944
383,726
3440,256
897,947
404,1014
3403,1128
237,1840
4209,2689
4302,2880
5620,1206
156,1851
4775,67
3416,959
568,1014
1283,959
4429,719
3037,0
4210,1355
5944,1279
2602,45
500,856
843,1195
3878,966
5521,3024
2486,1001
994,1364
1952,313
3756,976
3732,390
3260,3024
5378,2157
149,225
3034,991
2638,991
881,1837
4322,606
2278,2176
779,1560
5364,946
2690,400
1413,1324
5542,2157
1151,1324
364,944
5783,2219
3140,986
3615,1279
1750,313
4047,909
2823,2218
684,518
2675,253
5050,1671
3288,2173
1746,729
1250,1279
4570,1219
1321,930
2205,2182
4194,2625
5131,2949
1776,1510
2300,2419
34,944
469,2003
1880,520
5671,2297
4597,921
4535,43
756,2218
2211,1973
2424,3020
2317,679
1162,2347
3414,726
401,714
3145,2753
2814,1835
765,3061
2083,633
5825,1020
3390,490
5052,2790
631,1526
495,2419
5722,1272
128,905
1812,520
4034,942
264,2671
2805,1907
1360,1527
154,32
4636,229
5277,225
2601,3016
5251,2976
378,679
2279,521
3877,2247
4463,1590
858,1666
5630,878
2576,865
5568,0
3368,276
1537,1173
3939,1031
5419,816
327,875
1665,2297
2737,1348
5861,2100
1814,1831
3722,400
2214,2704
2587,1000
2219,604
3027,1272
4980,2058
3082,979
4852,2058
5077,2176
718,100
2373,1421
5043,313
5799,2511
2435,1518
682,1574
3898,225
1110,2775
425,1918
1165,2482
3379,1323
108,521
4590,718
1167,276
621,517
980,1389
4825,211
2247,127
2615,2243
3589,5
3363,416
5453,719
4651,31
3363,1355
785,517
2796,719
5394,489
4692,971
4778,2243
2097,718
3451,421
4817,858
546,127
3223,944
5825,833
1334,2802
179,2750
3317,956
4475,1279
3738,986
2212,1206
928,20
5520,2829
426,533
3378,2521
1850,975
5661,967
1029,1011
1834,2162
3670,828
4405,1048
2273,519
1494,0
117,313
2735,1489
930,1355
1585,2747
5399,2256
2833,2963
664,832
2276,1325
3081,32
2796,48
1216,32
3980,1003
1380,2880
4896,480
410,2793
4730,942
3084,2558
45,1325
313,2079
1894,1007
75,975
3228,967
2407,1003
3366,1840
2596,875
1269,1305
2494,598
5594,1518
4017,1019
1891,1244
2758,829
4924,942
4416,1667
5488,718
5585,1590
1531,1840
2384,1527
608,633
1021,48
5630,20
1017,2558
3688,1086
3636,2616
1786,1019
2641,1533
1170,521
1963,2409
471,520
2258,1014
4861,1128
4957,1590
694,942
1525,870
3732,984
2830,2344
3291,2739
2422,829
297,525
3996,276
1849,967
2817,604
4997,615
312,998
1444,100
1232,1907
5033,1211
1120,942
3518,1590
4684,276
788,1866
5887,719
1587,2256
2368,2821
2318,1014
2139,517
3002,892
3033,959
5592,20
4380,400
4588,1103
4526,225
2726,435
2366,1031
2440,980
2473,928
3123,256
1009,2750
1093,943
2989,1195
5552,1910
3702,313
5895,2249
3959,878
4293,0
5203,975
165,2775
1672,1000
2355,276
1384,718
415,856
5891,2665
5371,909
5746,32
3622,1084
2338,2150
1548,533
1580,256
922,256
2615,1869
1706,2058
911,2349
1988,990
1931,2176
1989,2346
4664,1582
5813,99
1754,759
4906,1115
3390,1084
4173,32
5588,920
4275,1248
5113,2347
4414,2346
1214,1195
4811,2167
1203,1945
1650,944
519,0
1322,324
1040,611
1716,2880
5852,942
404,400
3669,633
4080,2419
5288,2297
1074,2100
466,2217
2432,956
4787,968
4331,725
5717,875
1175,812
3437,633
933,2218
3615,2625
1430,3024
671,2218
3954,2091
1713,2558
2594,1260
3555,480
1361,1325
602,519
3293,480
3399,2569
1147,992
3327,1003
4029,521
269,1248
2283,967
629,1002
3585,480
1907,1619
3815,942
2421,1840
3949,942
4974,1086
2791,1908
5497,1211
887,1014
2561,2385
1154,2297
5818,1976
4172,1872
1727,3098
4311,718
186,2256
2010,942
3293,1903
1565,1989
5875,2079
5375,975
530,726
1343,1014
2081,943
5825,1211
4395,954
4200,2176
4611,1518
4627,708
4797,1119
2001,1364
2931,2961
4409,256
1200,1086
197,1051
2607,1524
5334,950
2140,2058
1900,127
2338,1292
5736,1869
3760,1099
809,275
831,34
4559,2243
5596,519
5147,2413
1571,975
3465,400
526,337
5502,1823
534,1918
327,127
1429,518
4789,611
617,990
2456,708
231,954
179,1518
1118,225
4903,1248
3243,714
2365,2660
4899,725
2824,730
365,2058
3663,519
884,2623
3732,878
194,2176
1348,1037
684,1811
2232,37
4942,48
1227,518
831,518
673,898
3473,1526
3227,2059
4531,679
2363,493
5344,967
4158,2568
1898,2793
3064,1479
62,313
3215,1244
5813,1014
582,729
666,1366
4742,875
2028,930
3013,736
1020,1305
5691,1963
3998,1481
4791,1117
1630,2173
5490,337
3323,3005
1056,2059
1817,2157
5208,1563
2056,2173
3786,2133
5420,2385
3822,100
3651,1908
1669,946
3879,2297
2444,942
4770,24
877,1131
5841,1102
2914,110
1618,2297
3084,521
5692,979
2927,2789
4639,480
3681,1908
18,2568
2744,988
1402,2830
1405,95
2265,953
3711,1908
285,1003
1659,2082
4613,1487
5343,20
3388,127
3657,517
5627,718
1837,1014
3239,943
5757,949
4318,384
5536,950
4911,898
3022,127
3201,1590
4214,1724
4367,276
3357,2453
2230,1251
136,1014
4671,1037
3998,5
5484,1325
5619,961
1814,225
4081,2110
4000,990
3060,2058
5720,2706
2781,199
4933,2326
3032,949
3123,313
4754,1048
4643,1217
2038,276
1735,467
4286,421
4989,2793
1054,2176
4448,1099
4559,1869
4638,2162
4175,940
2964,1730
5223,2034
3296,971
3356,1022
5312,1325
1793,421
2391,1279
3022,2839
5597,2625
4927,1110
3227,2490
2860,976
2266,991
2736,940
3482,730
3618,1557
2718,334
2200,2623
686,975
3144,1674
2611,2342
2129,878
4286,905
373,2326
3733,2419
20,518
3688,956
3189,1043
5630,829
2085,956
2921,1228
1527,2880
1181,2243
97,1869
4141,1840
1130,211
1529,482
221,400
1669,2182
232,0
3354,679
5045,1465
465,1110
878,1279
3140,1100
4248,3026
251,400
5760,2349
2443,2111
1722,99
4726,557
2846,1003
4071,2548
5210,2821
2584,1003
1271,1331
1405,1331
355,2793
3792,100
5165,2297
5732,1590
889,633
4800,2549
4031,1055
3932,2739
1700,848
312,1002
1886,449
3102,942
5503,2827
2110,1096
7,1305
4270,640
1410,870
5529,1015
689,1110
4290,1292
4954,1272
2794,947
161,3061
5227,276
4984,518
2392,2256
4262,533
5814,975
2900,1908
996,1014
1734,943
4368,2622
4002,20
2011,2914
3305,1031
2031,533
3054,631
2410,337
5716,1325
1333,2827
4239,2750
131,1451
2698,1908
1969,944
5849,2793
703,337
1890,1590
2664,984
4826,1355
2685,1272
1615,604
2487,533
2633,2802
4376,2058
2699,1355
4588,2880
4142,1073
2744,2037
471,337
3136,1329
5397,16
171,45
4803,940
94,1518
2583,2284
1965,959
1546,975
3825,211
4658,966
3202,986
5373,2409
122,718
5681,310
4146,976
3280,2747
1115,2078
2530,714
2019,1730
678,10
4514,32
4417,99
4176,976
4974,956
2515,32
758,878
918,2853
2807,1372
613,2217
188,533
2975,956
3842,2793
4590,966
1517,1869
5196,1907
777,1278
5049,2419
5599,2297
2417,32
4824,988
3750,1110
3500,935
1230,2162
4535,2548
4614,2841
827,991
901,940
1023,2623
4218,397
1568,2157
4484,516
4685,48
4289,48
5767,726
3355,557
5430,3026
4631,1101
2454,48
5186,3016
3011,905
4630,2569
862,961
3417,95
1984,1038
354,905
1046,489
1395,643
3654,947
158,966
4016,2467
733,1840
5544,1569
2525,988
814,489
5266,2914
3134,2385
5530,708
3976,193
2755,2739
4336,1667
2437,1117
3164,2385
2059,942
5716,467
5537,2976
1168,1902
113,3020
3098,984
3183,533
1438,450
1966,2821
2557,1010
5461,1237
5686,1355
2874,313
3231,2802
890,1907
840,100
4886,898
3543,2515
3558,1103
3377,533
474,127
897,984
81,1364
5318,1844
2737,2243
932,1355
5063,1325
4613,2028
5733,1305
2410,313
1060,759
2956,1011
3794,2110
5605,1096
3000,909
3375,32
781,943
4263,2157
4048,2003
4784,1105
3734,1813
1200,2058
3128,313
1837,400
2391,986
4013,2167
2136,467
3770,719
5057,2553
3603,956
580,256
1749,1869
5018,1285
3576,1203
1801,2409
4414,1521
462,1324
3417,1331
5250,480
1323,313
3845,2717
852,139
4467,2471
533,1325
2656,48
1821,940
3433,679
1375,99
2360,2157
5075,1014
4813,1014
2237,1003
1220,2413
494,57
4153,1907
5712,2739
5763,984
1526,1557
1219,848
4973,306
5859,2385
3043,2163
3994,2385
2453,2297
1838,489
898,1557
4516,1908
2055,2409
3540,875
619,829
4158,2385
5579,1590
1277,48
602,633
1780,2739
3648,943
3252,943
1309,875
4514,276
3965,1000
1813,2256
2649,276
5130,400
2985,2827
3807,949
5684,959
899,953
2095,225
5063,467
5123,518
1032,1640
5342,2511
1562,1051
4614,991
1537,994
5427,1279
3019,1606
4544,2100
2008,1518
4152,2249
406,400
1420,944
2248,1355
4137,2880
2726,1919
4161,1022
2476,990
4339,1294
5487,1279
523,3028
622,563
5580,2409
3695,37
124,2915
3688,2249
3961,1095
4057,1557
139,944
240,996
3099,2793
1528,611
4158,2548
4597,905
3065,1869
2307,2419
3420,1279
4323,521
1687,267
1936,971
5277,1014
4382,1101
5013,1907
3942,48
209,878
3299,1110
4749,521
4895,2790
3463,952
5833,306
4909,1907
1280,643
3281,2409
5446,2297
2336,100
2090,633
1637,99
4409,988
4741,229
977,992
2092,679
4475,2739
195,956
1353,1279
4419,1117
3137,2256
4267,2975
5089,1851
2560,905
3363,2949
5197,1569
64,99
5284,225
5115,978
3158,450
2396,100
773,946
1074,1840
5814,1329
5186,979
1068,1244
1635,1476
4634,1590
2409,870
2524,1574
2243,1332
3416,435
2084,521
1824,1348
867,557
481,521
2418,3026
1872,1015
1173,1014
4621,954
775,1907
843,321
4074,1724
1988,1348
403,988
5205,1355
3246,0
3146,2802
2005,1702
664,2426
5031,421
1019,2775
795,1569
5798,714
4748,2176
2749,2176
1372,45
3557,400
4850,2079
199,1292
3366,990
330,994
2651,2176
1491,1026
3394,5
2617,313
475,1348
321,127
1947,518
229,1292
4035,940
5311,730
4547,334
3597,714
4216,2449
3825,2793
2994,421
3696,878
4686,1028
369,898
201,533
514,2750
3365,714
5662,556
2336,986
763,421
615,2243
4990,99
4802,48
2785,31
3998,253
5862,967
1956,1869
3088,971
4645,1003
1310,940
2430,971
4383,1003
5892,3061
5945,2133
3962,946
931,1294
1344,709
1944,704
732,1084
2893,99
503,1032
5600,2256
1797,2347
4049,726
3216,725
329,852
857,971
4901,942
5501,533
377,869
759,971
3856,2374
17,334
4535,942
1426,2188
5541,871
951,2080
2122,1110
3392,1866
451,976
4838,2821
1826,967
375,1331
3510,3026
1970,2409
3310,871
7,1285
5561,533
5865,944
3937,1908
2701,1702
5348,1364
564,48
5910,313
822,2558
1207,679
3754,861
145,1003
3197,943
3109,2816
1491,34
5337,20
4430,1036
672,870
5925,944
4393,1908
5833,1355
2803,2894
4392,1683
4397,2027
5608,2176
4960,2140
3879,2037
2107,1851
2482,974
663,942
4155,400
2756,1708
4301,225
5210,975
4102,15
2083,861
2972,959
1452,994
2630,441
888,2349
677,1348
4028,1355
4883,1869
5184,1043
5849,679
339,979
1051,1939
3322,1314
541,1837
5508,1325
4614,1048
1374,1811
2496,225
1991,1221
5167,2163
4401,940
4989,1110
101,225
1785,2284
357,1908
2380,400
3901,775
5528,48
2209,518
3707,909
2745,2218
3791,2300
515,400
3836,730
2705,2038
5694,875
2550,2100
3603,155
5688,2558
4857,940
2074,2521
5362,294
3911,2378
4229,967
4368,2065
649,2793
2939,2218
2968,704
2562,16
5763,988
5197,2297
5871,521
1565,1489
4125,967
1587,1248
2163,2347
1050,1043
103,940
1581,679
2701,710
1467,1331
4082,516
3813,99
3947,99
5296,1902
3160,2163
5903,1533
3303,936
4990,1014
929,1813
639,519
1738,1393
3298,942
5612,953
510,1048
2734,2297
609,2747
4423,2256
2716,967
2447,2240
5059,1908
3876,3026
624,2466
733,2409
3862,2569
2764,2297
3643,953
5464,1031
3702,1533
2506,726
2231,521
3012,1086
5052,2026
1283,947
1021,947
3261,1009
105,2409
4577,1918
5536,2381
2836,614
1960,943
4183,1590
4680,2396
4002,1020
959,2297
2139,127
4780,533
3554,1015
1323,480
2574,994
4146,2058
4237,2176
561,1096
3582,969
736,1851
2017,2739
1769,193
5306,1114
1949,1292
3924,1837
838,34
5891,986
1601,959
4602,1119
5207,704
3216,1908
4864,2058
182,2739
3246,996
2924,945
3741,975
5604,1279
136,1051
4079,970
5866,2218
4720,966
304,1574
3051,878
4567,909
525,984
4062,1905
1070,518
5170,421
4626,1489
562,1051
2960,2453
2158,1011
4488,966
382,302
3635,2218
3595,1099
3111,2218
5254,2347
378,533
512,533
3770,2793
554,1698
536,2058
4481,1084
5905,1526
3016,1018
72,611
3847,946
69,313
1184,0
2314,719
5910,557
1483,1730
4866,521
842,421
4004,2219
1290,3028
4732,679
752,878
4771,1573
61,960
42,718
1315,991
872,421
3900,2219
3671,2167
2718,2249
4527,2502
468,3162
1167,719
5325,2482
509,719
847,714
2540,1573
4414,1285
4282,2297
5475,1086
1314,715
4411,1364
3628,726
2948,967
1248,2347
988,730
1447,1244
4167,1943
4121,1009
722,961
5230,127
3050,870
2788,870
899,99
1895,1003
4946,718
2742,875
345,48
1819,2297
5372,718
2510,875
509,48
4788,1606
5189,2704
2397,1348
5171,31
1445,1840
3266,1918
4965,313
1137,2626
1075,1748
2666,1364
14,2297
4076,1908
4055,1031
5724,2058
426,521
307,829
3483,990
5312,20
5083,1099
4473,2079
4870,991
1614,1221
4608,991
833,2349
4093,518
45,24
5735,99
938,830
5516,1489
3291,15
3624,2110
4943,1038
4580,986
5018,2151
3927,606
805,1590
2621,1324
2902,31
4084,940
4541,2347
1287,960
1976,1936
3015,847
2379,2326
4665,1043
2263,2151
445,1031
4304,2003
3116,1279
259,1026
2446,3147
844,898
228,400
2955,3024
3945,730
1849,2110
467,2079
1495,2521
2283,1813
1932,832
3475,966
4318,2409
5667,48
2482,710
5830,978
1895,950
439,970
1024,1623
3142,756
2918,1048
755,1206
3466,99
1430,32
321,1099
1935,2419
4212,2548
3351,2219
6,714
312,986
4111,1907
1506,966
4719,1009
5739,1590
425,1048
982,2659
340,940
4600,2256
2621,1003
5941,943
350,2567
1864,1963
2674,1014
5831,24
421,2218
1580,3143
397,1043
5575,943
565,2347
2287,726
869,1038
3228,2512
5740,256
1700,966
263,1228
1034,1105
4294,994
5441,1128
1258,998
4193,2790
4184,984
1876,229
1212,1003
2120,2841
2591,2426
3132,306
3919,127
186,203
4814,225
612,2297
1684,1348
2201,1086
4079,1698
3405,1195
3539,1195
5356,400
3464,1021
1316,521
1137,24
3167,276
4371,944
594,2256
2964,856
403,1907
3720,1364
2991,400
5167,2167
3995,256
4715,2797
5830,1730
5176,940
4517,2058
2882,615
3926,1590
2243,2385
5396,2377
4278,729
2941,2915
1461,2349
4429,898
4129,606
3155,400
4940,821
2796,467
440,984
2642,0
204,2205
2146,2802
966,276
5401,2347
2024,2058
2428,421
12,2385
894,3002
1257,1364
4512,909
3871,324
3449,3075
1915,960
2469,2300
3647,57
5820,1526
927,1206
3921,976
2534,1355
259,518
4397,905
4879,679
2743,940
5883,2979
2933,2003
481,2058
205,2914
3257,2100
395,5
2561,1084
4004,48
395,944
852,631
1170,940
1513,1279
1148,400
5043,1029
2500,966
3965,2163
3103,478
2192,32
1777,1510
2993,2003
988,2747
2001,2157
4885,978
94,965
1281,2218
1355,2167
1778,3024
4637,2569
5435,2549
1290,991
5228,2256
2580,679
1764,1813
3194,1481
1538,2409
2551,99
4532,1590
4473,229
290,99
3734,829
5088,2976
1073,710
1050,726
910,2409
2447,2728
4520,1364
5578,517
5335,759
2408,521
3034,983
5908,1560
1990,947
1248,310
1062,1086
5616,1159
4573,1348
3248,1851
2804,871
219,3026
1969,1009
2509,2451
1368,2297
5359,944
4921,718
430,967
5055,718
1815,1481
51,1348
314,2512
645,3026
5125,898
192,48
5408,2684
1081,2775
2924,949
5063,959
4684,374
2856,2508
1295,1014
1128,1840
3897,2623
2742,127
2659,2344
683,1574
5461,1355
4757,256
2238,1533
3146,1119
2389,1702
2593,943
523,1292
5619,2880
582,1872
2555,1590
2644,127
3456,5
3108,2705
3612,518
3667,225
4766,1099
4511,3024
2281,1206
4297,1560
5253,2880
3016,1022
1338,2915
2439,2704
3832,1581
5633,253
1537,1031
3703,2110
829,944
526,943
653,718
3798,2347
5055,397
2240,400
4342,2218
226,1590
5522,48
977,1000
581,1000
3231,960
3784,1109
2288,1730
1371,2058
2804,334
266,615
713,2058
3659,848
5575,32
174,1026
4069,2409
5290,48
380,313
1338,16
1327,1355
5439,521
1898,2110
2978,1022
354,31
5639,3026
1936,1813
1351,2880
5079,1117
1921,0
489,606
3082,32
4111,2419
1483,2218
1977,1063
3408,956
4399,2297
2212,1869
2891,2157
4501,480
4919,993
5356,994
5389,942
570,1325
4669,1003
5907,2975
1791,2347
2963,2568
3238,521
4311,2426
5634,1096
5648,994
549,2326
5633,871
3310,3026
4258,321
2857,48
4593,2297
2046,1526
3268,521
2064,2482
1522,967
1934,2409
1576,449
2173,2425
5702,2704
4491,276
4229,276
3315,875
2086,1840
4457,2385
1929,321
375,1526
4129,984
3038,193
4521,276
4467,979
3102,1117
2615,2719
3939,1991
5362,1831
5871,2058
4152,944
3484,256
1871,100
5538,313
1627,871
3620,1241
1550,1590
4788,0
440,557
5618,2901
5405,2793
484,1014
3572,611
714,1476
1357,1518
4346,944
3678,256
4066,2058
5499,334
5385,986
5264,2157
1870,2453
1214,1590
5760,1048
2983,0
5025,2521
4949,991
635,2822
4515,2419
4451,714
3544,1730
1677,718
2231,2058
2373,421
3651,1038
3506,2377
3033,467
5942,99
3134,519
940,1364
3008,2100
281,230
1485,898
473,400
1003,400
3072,3024
21,276
933,1324
3574,1730
1464,960
3742,1314
4116,966
258,2848
2727,3147
200,3028
3227,2157
2042,950
3367,2167
1973,3065
2811,0
789,1329
1711,3065
630,518
704,467
1168,1325
889,1910
5741,1640
3531,1228
2414,714
4098,521
5653,480
4703,860
1167,2793
336,421
729,2567
5252,321
5453,2297
3074,1110
4058,1280
5837,193
150,1355
1306,1043
1075,1110
4462,3026
5096,1851
4048,942
610,0
3896,521
302,32
5221,984
281,848
3670,1117
4169,306
3895,1235
780,946
582,961
5499,1086
2089,2569
2546,2256
3750,480
4997,286
637,1018
4092,1348
4130,1640
4814,1518
1488,1009
426,956
2917,2549
3574,604
1523,1003
4274,1015
5321,2453
5911,225
4952,1051
2014,1590
2255,521
2213,2739
3254,225
3710,276
4343,943
5475,45
2598,860
2691,1051
4634,2058
995,860
3557,384
4472,949
2025,1348
3344,276
3235,1272
2882,1908
4799,31
3209,990
896,1389
2470,1590
2148,2478
5353,940
2563,1939
2695,2058
3911,1797
5867,2100
277,943
4628,2377
3263,2515
267,1918
401,1918
3020,313
2835,533
4824,976
2719,2802
1296,518
5114,1489
3042,1011
4881,729
5894,1829
482,944
2822,2176
5471,945
5371,714
1823,1324
4,1292
2394,2079
1246,0
2720,2249
240,256
314,959
3080,2003
5055,2548
1287,940
4188,519
1265,400
1490,518
3174,2577
3460,719
2833,32
4035,2347
2735,2880
225,2176
4014,2409
4096,2219
5101,48
815,729
3514,1305
46,898
932,725
3934,1110
4451,2568
3683,710
5008,1173
2215,935
3223,725
4743,875
1865,2219
3931,438
3705,95
5088,2980
3123,679
669,99
1916,2157
3676,2548
117,2777
3104,1568
3843,1907
1685,2409
3459,978
2569,2163
1095,99
1736,2347
934,905
2092,1228
1102,489
4271,1014
1134,966
3781,2318
5367,1590
5501,1590
5105,1590
1375,274
2121,64
3995,557
803,48
4569,829
1360,905
5831,943
49,1279
5713,2385
943,967
3282,2728
2566,306
3452,2385
2935,1866
3654,2492
2382,2821
2036,2184
1358,54
2639,942
410,480
2911,2569
5781,775
5896,533
5780,2802
213,2568
1104,2739
2234,1014
3137,256
2002,856
2105,2297
1852,1851
3969,759
3423,1000
5015,1026
5394,1022
1512,2318
1281,2385
4123,2515
5310,1324
2556,2704
8,2297
944,521
3999,944
4650,2567
5515,1325
867,1590
2854,1206
4906,1217
3226,31
3071,3126
4530,2623
5827,1038
2883,631
2873,1606
3661,898
4459,878
897,1590
5609,2249
279,615
1023,1298
76,2915
3448,2079
5740,988
421,856
25,856
1280,1489
210,1575
4538,1305
3450,31
1763,1084
4942,2297
2955,991
5644,2569
5384,952
5776,2496
1997,2419
5207,2753
1230,971
2248,725
374,986
3894,48
2569,1305
5368,2297
1449,493
536,940
1618,679
3853,397
5816,1117
1141,1279
879,1279
1994,966
3587,2907
2016,725
2971,2409
4740,2297
5075,2775
2086,905
4183,2379
4460,967
52,719
3296,829
2540,1260
3847,1117
1827,48
4531,968
5708,1533
2593,1244
2899,2482
4580,860
5230,1908
2229,967
5166,203
909,2568
3326,1014
4237,871
4058,2626
489,2167
1426,993
906,2455
639,2865
3227,604
4490,943
496,1244
3046,34
4190,1590
5509,518
4261,1241
788,1244
593,2466
2847,2426
5553,975
5008,128
5241,861
4313,1939
5226,1869
2547,979
5321,416
3550,1364
2123,1590
5613,975
5141,1919
562,1035
1742,1117
3748,975
5532,986
1510,959
4869,1581
311,1574
2634,2802
2935,1976
1058,276
2658,944
3365,1560
1266,225
5446,57
4959,2413
2811,1159
4889,139
84,1918
1554,1015
337,1051
2932,523
2536,2243
5146,1084
3504,1099
2886,2218
1326,225
990,276
1484,1565
5133,1007
2049,31
4081,1110
5534,2482
4436,520
3018,832
4273,2219
1308,935
4358,48
5938,1003
3238,956
3604,1279
3404,2157
1446,2747
1700,385
5203,32
619,1248
270,313
2223,1099
2942,32
3795,2163
1417,2167
626,2577
292,1011
4409,521
5381,2374
1168,1813
3861,2409
4421,1285
723,416
21,898
3933,942
2613,99
4729,2569
983,720
322,1011
1578,1869
4835,521
5351,1569
4207,952
535,2058
3453,1244
4995,1907
2963,2548
1192,1244
4883,942
1537,2218
5127,521
4088,829
4349,604
5870,979
1157,2347
703,679
177,2326
1128,828
5401,127
3449,2949
4070,2478
4340,1026
4435,1071
5893,1097
5282,943
2700,1117
2411,1014
141,521
339,2980
294,1517
3694,2729
1538,860
4708,1021
323,942
2126,1003
2313,829
3870,861
3887,276
3971,1667
5081,256
569,1348
5073,2058
2179,1014
4849,2350
1822,1908
385,480
3509,2171
3476,533
1079,2739
2625,138
5641,421
5711,2880
2796,959
5926,940
4999,2243
3268,2058
3729,2453
2738,2243
4367,2151
4112,878
2656,898
204,953
5524,2249
2185,0
3970,421
4830,1279
3644,2880
1037,2058
3306,606
5899,32
3858,1119
1481,5
4238,1525
3945,714
3278,2880
4720,710
647,718
2256,940
3432,314
4975,2168
2258,986
2445,812
1529,3028
2895,1048
5522,1748
1055,139
74,1206
3866,956
2536,1869
5531,521
4424,725
1443,2880
5414,875
4063,2409
5395,633
1771,467
2142,2100
75,276
3275,2558
3679,2419
872,31
1488,2249
4313,1244
2502,2793
1077,2880
1853,2347
3198,2496
2297,1048
3765,99
198,467
3926,956
1129,976
583,1217
869,1022
1387,2705
1824,2706
4040,2374
4465,860
5571,993
4232,100
550,3147
3423,870
778,2974
4671,1086
5736,2349
1252,1325
5767,881
3920,521
1454,870
4566,861
5637,1939
220,710
695,1003
3420,2800
3891,2385
2215,1907
2434,490
3950,521
4298,2924
5545,256
3244,480
2347,2184
5305,45
4297,1918
4449,2689
4490,1000
4512,759
4455,225
4930,518
649,2297
204,900
2469,2150
137,3061
2232,1456
14,1907
272,253
1927,1574
5203,276
1489,1348
3971,943
5335,3024
4232,718
3290,959
2519,2802
5161,400
4825,2171
581,2297
2900,400
4166,256
4176,944
2314,276
4019,960
3797,2079
5213,940
1553,1117
5092,421
3859,2176
4766,2880
4024,2243
1128,2816
3308,2827
873,2297
1702,1590
2130,2037
4740,878
2893,518
1936,2171
5031,2747
2741,878
5360,1525
2341,944
5782,2157
5379,986
5515,1813
766,1272
5924,520
3725,1021
3380,986
5942,1099
3105,0
3092,704
2541,1355
2891,421
3459,2568
2801,878
3523,1048
4011,48
2309,1355
402,944
4177,1279
3937,1038
5489,726
3653,1279
1237,991
4953,2409
5370,253
566,5
777,225
824,421
3380,2409
2559,725
1941,1844
4054,633
2344,1325
1741,1032
2479,961
1248,1099
1026,2218
1398,1043
5488,450
5909,480
4633,875
5770,321
4140,942
2661,978
4412,2569
778,961
810,2162
5719,2426
398,905
1889,2569
5898,856
4131,1014
2326,99
4731,1918
1219,2747
5099,1563
4289,2862
4580,1348
3150,337
1441,2163
1911,2866
4932,2739
336,1100
5141,984
2598,921
2022,953
1719,952
4702,533
4982,2802
5268,944
1704,829
348,521
2433,2924
482,521
2966,943
2339,2508
5264,421
5023,2052
5759,400
4950,2705
5208,1051
2544,661
5923,996
2198,24
5152,2058
2528,1067
819,1203
5626,2880
3125,10
4787,2310
5158,533
4186,400
2258,1364
4397,31
3463,944
5799,714
815,2750
1611,1903
542,871
750,1574
1501,984
926,2739
1559,400
289,1364
484,1051
5804,2347
4282,57
1403,45
2959,606
4915,909
4349,2218
887,128
5923,2419
4202,2922
5399,2419
5574,730
434,533
2033,1730
958,718
2847,2243
3306,313
4191,2167
1722,2218
533,138
3005,1489
2019,1458
4321,2398
4379,2568
361,31
46,959
2723,1776
4846,2219
3681,725
1783,400
4240,2409
3488,1084
3110,909
4104,2521
5276,2153
2619,1022
4209,1002
3730,967
4614,2219
1337,848
1696,0
3092,2558
4174,2297
3539,1557
3022,1038
5587,860
258,1730
605,2777
2114,1829
3033,638
4538,480
3522,48
3384,2558
4862,2297
59,739
4338,2297
2710,520
3502,685
3273,633
3981,1851
918,32
1694,438
5661,943
3,3035
2887,947
414,2377
50,2100
2963,942
3573,871
1849,2419
3317,127
4645,861
2501,480
3480,2750
3738,1096
2993,942
3127,942
693,48
5349,1364
5507,2704
5905,2750
1887,967
5458,718
3856,943
4726,45
3738,2385
3380,1364
1976,1574
2404,2775
3039,1071
4656,1908
3269,1533
2752,1014
2430,963
2461,276
3228,943
3665,944
1915,517
5214,334
1798,871
3410,1364
4509,518
5684,256
3583,1292
3044,2704
5711,2079
4429,0
5287,31
5514,976
654,604
4792,991
3811,2058
5244,334
5180,2793
3616,1590
4490,2346
1771,337
3125,1730
2424,2622
4917,878
3898,1653
4213,533
5142,996
2193,1908
2620,1221
5160,986
1557,943
4142,2171
4913,1294
393,24
546,266
4443,2284
4140,31
3823,324
4538,2521
644,2494
2748,975
5007,1279
901,615
278,1390
2727,1037
2150,467
1596,847
4232,909
2850,878
3591,324
2316,944
4036,2660
1035,1719
1101,1026
5448,998
3720,1084
3243,930
2200,1119
4350,2419
1121,2028
5842,521
1458,1421
4488,848
2440,956
4057,1793
3785,1105
3626,294
2598,1515
576,400
267,3028
4651,438
1786,324
1403,2249
2866,956
3215,1110
2631,1813
3598,2568
2625,1244
1134,519
4975,1851
1327,1099
4836,726
428,478
5770,1533
1874,679
518,2623
22,2419
1106,2793
473,2880
1498,1331
4867,978
3975,3026
1105,2568
2241,99
2043,2558
3725,757
843,1228
4356,1563
3099,480
1405,1116
2083,48
3027,2297
5319,2549
4493,521
5824,1903
619,557
333,725
2377,875
3756,2298
2542,1851
5192,1811
1308,2472
5093,1051
2881,2256
902,1003
4088,943
4525,944
2644,34
486,2256
2962,1097
456,1101
2221,870
5350,276
1222,2297
3345,1020
2032,1348
2856,2549
5206,2217
3242,1272
680,967
4775,718
4933,2058
5611,990
3623,1903
723,1014
4141,2243
1353,2349
4811,533
4957,2802
2949,1585
3253,276
5097,2058
5368,2521
1183,1564
4269,334
406,1872
4081,1037
5710,945
3564,518
2552,1518
3619,225
4876,719
3174,1272
49,2739
5501,956
2051,943
822,1908
5407,1294
4507,1037
2433,2176
2366,954
433,1574
766,2915
4904,858
819,2549
5397,956
2382,1837
852,1908
4712,1038
3333,1278
5709,2167
3537,519
440,1590
4577,32
5635,905
4623,2659
3061,940
1404,1458
1378,45
3138,2880
4153,643
3800,1279
4335,2377
1857,1211
141,2058
761,2705
3254,961
451,944
1367,2865
1100,2521
1466,400
5067,3026
3092,37
2093,2218
3168,32
4752,921
742,719
62,960
3078,489
1526,2521
5254,3010
3557,2409
3974,253
1232,704
3598,905
3088,1557
1525,956
3983,2409
779,2829
443,2880
457,334
5790,337
5568,1456
4112,1476
1939,946
4283,2297
2394,1526
5869,1569
1712,940
870,99
3873,1086
1832,2173
1806,952
1212,967
2036,2168
2103,946
2577,48
3459,2385
3379,1840
1510,967
1910,1840
4838,24
1016,2502
2728,193
4607,276
5405,256
5581,1421
5689,954
602,3020
5445,944
3334,1292
5269,718
3663,979
4090,1046
4106,990
542,875
4515,2915
2778,1195
3821,225
3124,1051
5939,324
1365,2790
4730,975
3307,943
4468,975
435,604
871,942
5258,313
700,306
304,306
5256,1206
1515,455
5241,1837
1091,127
1931,518
472,829
2972,256
1683,978
5645,2829
2821,1026
2062,974
5154,1279
680,943
4393,400
1255,127
5341,324
5186,975
783,1071
4303,2577
1181,1117
3920,2058
3649,1006
2663,975
139,1908
4944,1038
1233,718
5085,519
239,45
1801,421
4555,704
1588,313
3950,2058
2508,1976
3227,909
3392,976
3973,2419
1518,2176
4234,2167
4981,704
1986,709
4011,3061
2399,878
1603,944
1061,2058
2826,2793
3208,643
1273,2880
2259,467
1386,313
3065,2028
2325,2218
4176,253
629,2027
3909,848
5497,947
1723,1022
2563,2167
3120,3024
1390,31
1491,1022
3417,1116
2276,16
5435,2297
864,2028
2579,956
5025,1086
4128,2790
795,1110
4640,2184
1142,2157
689,1623
2632,967
2392,2419
1602,48
4632,229
5362,1014
2761,946
3198,947
5553,959
2307,1907
149,2409
1894,48
2391,100
5413,1329
4000,2739
3655,2704
2830,1840
4053,2750
701,828
4147,2385
2903,598
5083,1575
1853,3026
1662,48
5404,435
4227,1590
5792,1483
1936,1748
1208,1009
146,956
728,557
3821,2750
3743,615
2651,1851
5107,225
4040,20
509,2297
1975,521
4958,1822
5603,1560
4634,944
1543,1241
46,1260
4750,2058
2934,45
3570,1195
282,978
2637,990
4756,533
2992,400
5356,2218
3418,2494
5823,1869
337,1035
5299,2623
4244,1489
1473,1010
5742,1099
2689,1688
2549,2058
4328,971
4837,848
3551,1279
581,1903
2936,225
1812,2704
4492,32
2050,775
937,225
2943,2335
1153,789
4380,730
2657,2880
1055,631
470,1698
2246,313
1281,1324
5142,679
656,1272
720,533
1100,0
5885,952
3006,940
1760,2490
4635,848
1748,975
3938,1674
4851,99
1445,1324
2591,324
2648,2521
3362,1110
2038,2777
916,421
5012,3026
4490,2163
1484,878
2967,961
1946,909
2359,324
798,2802
1190,1340
1587,976
1451,1869
5933,2066
4707,2548
1757,2326
3522,3061
5667,2297
4476,521
4980,54
5876,2821
5669,276
3396,2548
5569,45
3069,1372
1360,946
5056,988
4691,301
912,32
171,2249
2062,2157
5895,1908
3692,947
254,971
2984,860
4229,3057
1051,2419
519,2558
1915,952
3793,1564
4319,856
5765,1811
613,99
217,99
5768,15
5098,944
3632,276
4895,615
5372,954
1312,1389
5396,759
391,2507
5390,944
5524,944
2639,1117
1954,1014
3115,1046
3600,337
5822,759
5156,898
385,598
250,2625
4278,400
3166,984
4028,225
5075,909
5274,2058
4134,1560
252,604
5700,1119
3592,984
3857,878
4399,3147
5311,31
2451,1015
1069,984
1496,1051
2655,256
5912,2880
4420,991
2267,1837
1283,943
2444,975
2939,954
3715,421
5568,37
1194,871
4839,1325
1150,10
3149,949
1906,518
5746,1248
658,1241
1028,20
4450,991
3207,2058
1488,944
5149,211
4505,1048
974,1073
4840,3024
2070,518
1542,1530
1904,1919
422,718
2770,1279
58,441
5935,1096
2012,1048
2447,976
1664,2058
2049,1869
1374,10
3803,725
3956,967
1218,2880
2567,519
2355,2326
5342,1117
574,334
3745,905
918,1837
2225,940
76,996
2830,1279
2666,2568
5026,480
2488,761
723,965
4954,2297
4103,1902
5896,521
5194,1003
173,2218
1427,2249
4985,829
5484,1708
1702,956
1867,2521
4412,967
3501,521
2138,1294
448,1110
5902,127
5666,1348
4611,2466
1911,2419
672,976
286,940
4446,1086
4096,2959
3366,1393
5532,193
4768,2426
1434,521
391,710
4457,2914
2655,2297
3203,1348
1356,988
2968,1481
834,2569
5842,2058
258,2409
5559,1211
3115,1127
3626,1831
156,2482
3715,718
2563,1903
4452,984
3636,1364
5852,1032
2434,3186
230,2589
3880,943
611,968
1008,604
4007,718
5357,1211
4037,2058
256,1908
669,1323
2393,337
2751,45
4562,1879
4596,709
5472,2100
1843,1590
2504,518
5434,2747
5465,1279
1091,615
2297,1918
5205,416
894,1010
3717,898
219,871
4606,996
2911,276
5913,99
3031,1324
2778,878
5140,1869
590,225
5891,1279
1844,256
1885,1011
5532,2100
5657,294
220,2385
3155,986
5088,1305
4801,1248
2311,1011
1251,1031
571,1272
5767,812
5949,294
2879,714
820,2915
3338,2167
4370,99
2635,704
2093,909
2437,719
4825,679
4071,971
387,0
3725,334
141,533
2405,1181
4370,1038
2909,714
2766,2880
2490,730
3558,571
1208,2623
2968,1294
88,1811
5290,2297
1243,2028
1530,3024
341,944
79,944
3621,519
1203,1848
2890,2111
1197,2218
2430,2126
872,1869
4895,54
303,2880
5093,978
93,37
965,2218
1741,2439
1467,1116
788,2521
57,730
3586,1009
4585,521
483,730
5751,2775
3545,2297
4945,1564
2092,521
3021,984
540,2553
1128,1003
5013,944
1839,1014
2447,870
236,48
4614,1585
5333,1272
2003,829
3973,276
519,521
4222,953
333,1270
4801,256
3741,276
5031,718
510,2256
5513,2155
1508,2297
2241,1128
2471,1590
888,337
4052,518
3528,518
4047,1837
1706,1908
5838,760
3374,990
3402,5
3894,467
3577,760
502,1590
5916,2521
1554,2426
3140,1698
5003,1248
5841,2347
4365,991
2995,31
37,480
2860,2058
3283,2915
532,1590
5327,32
1442,1811
3570,878
2589,1945
3466,2218
1570,276
4395,991
5229,2880
1065,1272
2543,1011
4328,2398
3026,606
2685,313
5753,32
1429,421
3600,878
1371,416
5233,905
1539,0
3134,324
2249,1099
3635,2003
1404,714
1954,400
2979,1325
4017,2455
4005,940
3235,2419
2660,1730
3484,679
5512,2548
5348,1393
3639,967
4872,875
1966,760
3056,2080
2087,2218
462,739
3089,2378
1265,2002
821,1022
1776,2706
3035,48
3293,2558
1804,940
3127,3020
1962,1526
4596,953
976,2249
5716,984
353,3024
4573,942
1716,2409
1446,2548
4770,732
4439,1127
5094,829
3430,1866
2908,1003
3833,2256
4603,1908
5822,1918
3581,2385
1767,253
4246,2775
5215,193
1257,905
2750,952
1325,285
5631,256
1236,967
942,520
3505,1235
2276,480
4709,1903
3065,2626
2600,2297
1972,2728
3370,229
5910,960
710,520
2463,2184
2932,942
3593,1590
4628,759
4774,3028
1585,2036
1796,2256
3449,2750
3168,256
3684,2243
342,1009
1207,521
1299,2739
5248,975
5308,1026
5863,1248
3690,718
1563,533
5776,313
4692,878
4879,704
2243,450
1350,1364
3750,2058
4545,2521
913,959
4552,467
2174,2915
1879,523
4176,1119
107,337
243,1918
4947,996
1118,1364
1410,2704
3519,31
4839,1813
5672,2568
2398,714
3284,2793
5824,2558
5888,1038
800,1031
1450,2079
4022,2880
5486,469
3118,2100
3505,1048
2813,2218
1342,1206
5866,2568
4696,730
2896,940
1836,960
896,2028
3447,1228
623,1869
1889,971
2930,709
118,421
3110,2747
424,878
5262,710
1012,1048
2217,2880
3607,520
3342,1003
403,940
3,1006
20,421
421,1519
284,467
5813,1348
4814,2775
3400,2297
3701,2225
567,940
4643,449
1234,2157
3598,942
5311,1487
3978,1348
5019,1086
89,2419
5097,1908
718,2398
5926,1009
3455,1014
991,1244
4471,2385
1236,1048
4034,2569
1821,920
2027,988
5327,276
3625,829
342,956
2221,1793
240,679
3619,1014
4491,943
4664,871
4965,45
2563,1907
796,2065
2236,1512
2765,321
399,1840
1531,942
2665,871
3667,2344
4830,759
967,2297
4766,774
1312,1019
1521,604
657,2256
1465,480
4290,1195
997,2297
3679,2704
4974,1046
1169,310
3121,871
545,860
4984,421
3966,1606
2252,1590
3057,2549
1567,1487
3480,400
5876,975
2953,856
647,2426
1091,1908
2972,2037
5250,139
337,2385
2815,518
1867,1533
2314,2976
5003,2110
1857,256
4117,970
4569,313
4508,37
1746,1364
4846,32
2855,2926
5329,940
959,984
3381,2218
1887,256
4402,1489
3842,334
375,1872
2171,954
3516,2793
4020,2326
3533,518
5147,1084
4608,2496
1330,523
5738,1525
1705,400
3673,2218
5515,2419
2313,256
5554,2347
339,313
3554,991
2599,1027
5785,967
5533,2409
3790,709
3253,2167
2135,519
961,225
897,2684
472,1000
2683,324
5417,921
2779,32
5062,730
2674,2490
3105,956
4001,1279
5651,2256
23,615
28,959
3983,2393
5817,1013
5104,3026
2946,1084
5924,321
3166,2521
3343,905
2018,2162
4428,1881
5078,1963
372,2058
1117,714
3013,212
1172,421
4279,2512
5898,978
3563,1029
35,1325
3082,2419
90,1032
1323,940
1479,2419
1666,525
4727,2271
4365,2821
2078,469
5256,2800
3141,905
992,961
3880,1244
4052,2482
1008,905
3988,777
844,1248
3516,967
1364,725
2626,2502
5033,2704
5444,1292
4519,1702
2788,1517
1382,900
135,2979
4754,1195
779,48
5063,2704
4242,1020
5544,533
5848,944
5149,943
2697,998
919,967
1319,1840
2873,1574
5562,708
5290,20
2356,2775
833,1573
4437,1272
4493,615
5470,2058
3924,1626
2518,1009
5444,1776
435,2816
3654,984
476,2625
2437,1020
3897,1119
5373,31
4431,1026
5721,714
4594,266
2868,1364
3430,313
2770,1206
70,193
4361,822
1543,2217
502,789
5436,329
2898,1364
2565,400
5233,909
4808,1110
5375,211
4435,1279
1434,2058
1937,400
237,1780
3776,1084
2392,980
4646,940
4088,2110
1586,2802
5385,1279
4039,905
1076,256
4918,1813
4380,1356
4053,961
364,400
2862,2218
102,400
3366,31
108,1908
844,256
1367,31
3011,971
3350,2157
3745,966
964,2243
105,1206
2341,1526
1135,31
1548,200
4212,967
1681,729
461,467
3370,99
436,2100
1506,324
265,2218
769,31
811,2162
4195,2841
5339,1014
5282,480
5512,942
756,1674
491,2157
3927,3026
1401,2378
2804,253
3129,952
4273,1569
5107,1014
430,2793
912,1813
1297,2378
806,2326
5271,856
301,878
2455,2297
4836,1840
385,956
4165,881
1156,1742
1199,2378
4427,100
5664,908
3215,480
312,828
4271,2970
2149,685
1927,2558
4129,1574
4662,2037
1516,2435
2205,967
4944,1908
5749,615
3526,722
5830,954
2458,100
4954,2037
1695,2558
740,1840
1476,942
3721,1348
5626,400
2057,2385
5589,1272
5327,1272
134,2003
405,2466
2760,34
2740,321
3540,1128
2087,2385
4843,1051
4763,533
1149,1055
422,726
5177,523
1963,1918
2205,1451
3979,20
4951,1119
3029,400
2973,276
1386,1533
5557,1279
5263,832
70,1563
4287,2243
524,979
221,978
4784,16
5687,1510
1423,2704
3013,2684
2894,1272
4446,960
4585,2058
5304,991
5252,2521
5701,2347
95,465
4855,606
2485,2915
4197,606
5322,2701
3685,2151
3296,878
5183,822
3101,2100
3368,0
5458,2747
962,400
2610,2802
2896,944
1108,225
1168,276
1988,15
3659,1869
5721,2568
2354,2058
1934,718
3456,2449
2566,2880
1630,2377
5905,3035
3847,2455
2202,324
3427,1869
2502,1525
396,2217
4998,1018
2200,2880
4148,2568
3733,2326
2826,1248
4921,397
1351,2157
4373,942
451,1119
893,2218
1645,1099
1634,940
5558,3061
115,611
2172,966
4367,1285
4167,2163
2922,905
261,32
983,956
4876,1512
4530,875
941,730
2386,521
3697,1840
321,1022
3909,942
1786,2219
4420,1646
1397,946
4855,1574
5073,521
691,905
5629,1907
4679,1533
401,2829
5731,871
194,1038
4782,2385
3637,2297
443,961
5814,2976
36,48
96,99
5529,1272
5197,533
3495,1840
5114,2750
516,2378
3698,856
4719,127
1930,2482
78,2502
5259,256
738,2548
3373,2385
966,870
3132,229
370,1748
5614,16
117,521
733,2739
5559,1248
4940,2704
2825,1590
2301,1590
5243,611
5721,421
179,998
5189,1314
3821,400
1575,2775
3296,20
1981,1211
3756,944
1646,2426
3057,943
2148,1324
1647,3028
747,1051
4123,1869
4461,1110
3043,2176
4247,400
172,2247
4058,878
1630,1519
709,2637
1681,518
1173,1051
1773,1046
2855,31
4259,760
5583,32
3595,945
5486,99
5613,2126
2813,909
5867,730
4917,1110
89,276
3722,905
2944,611
4600,2342
4118,878
3020,2326
1915,883
672,2704
5044,1043
942,313
1059,898
2119,878
2943,2079
797,898
1311,1119
3255,99
245,1324
1006,2176
3050,2326
5680,99
199,1329
4437,2297
2323,2347
2627,1038
2061,2347
662,2901
3301,982
2203,710
2343,2218
3521,2419
5125,2297
1413,32
2581,1043
5895,229
2292,940
4320,557
1656,2419
1790,3173
865,2829
999,1331
1773,725
374,1279
4228,1907
4667,1954
1686,2419
1977,905
1345,2126
5072,727
3908,2841
2454,1244
862,2157
822,1038
3141,1393
560,1038
4782,2816
1850,2419
5344,2704
2796,2297
4348,2739
5299,1241
4725,1908
3408,3026
5664,615
4089,943
2502,480
1926,1101
3866,871
4607,2037
2826,2297
2589,1014
3492,256
1439,3026
4145,1575
53,3061
3776,954
3890,1241
5058,0
2402,225
4014,718
3007,2816
3468,959
4587,1519
222,1907
3015,1364
3144,1020
4264,1051
5948,858
5,337
4743,2217
1335,1117
5132,1211
3079,975
5042,5
5005,2567
464,1009
4784,878
4722,0
2569,2566
2130,984
4067,2176
13,2426
4117,950
929,1903
4714,2926
5249,991
2895,1581
1867,2802
1485,256
2205,2797
1873,2058
2155,990
1200,1026
3326,986
4804,725
369,2037
3493,1099
4726,253
1649,256
630,1031
346,1272
1127,1837
2377,2880
1798,729
3754,1032
3301,2218
3027,3147
3980,32
4541,99
3670,3024
5559,2297
820,0
68,2058
5661,480
998,1211
4661,1305
2673,2218
3989,875
4309,99
1105,519
1058,3147
2417,720
5634,2979
3150,1244
1269,334
1749,971
1769,2377
1703,37
146,944
2239,956
3932,2569
931,2567
4252,480
1567,2219
4791,2451
2108,99
3001,905
1011,991
513,714
4232,1117
3911,1476
1379,1013
5289,984
4864,54
5749,1908
3941,1476
5235,2037
4236,1020
5517,1908
1974,2862
4200,774
1308,557
1459,726
3122,1908
5097,9
1294,1009
5361,2684
3088,984
223,870
5790,2797
3286,1908
5330,2058
3230,286
4897,2176
375,860
158,633
2239,1574
80,942
214,942
3194,225
4846,1837
324,521
917,1035
4425,1026
2998,286
396,3026
1846,717
5808,878
2112,1590
3565,518
3485,0
2727,2802
3317,1355
5440,832
2867,2058
5776,0
2696,2176
1996,2704
494,127
3644,2100
3033,256
5660,956
235,1364
5698,1248
5632,2880
1249,1908
2316,615
2321,959
5296,679
5288,37
4878,324
2772,1016
3207,944
3115,1355
1859,2217
3030,493
5172,212
4296,2793
3760,2409
5854,956
136,2243
2064,2218
3235,1248
3830,2747
4803,1038
4581,2157
733,31
1915,940
5676,1569
1264,421
5185,2271
4947,1167
253,2777
5855,3005
188,847
2158,1048
220,1324
1066,32
2365,1526
5709,1086
204,1730
226,1489
3182,967
1105,1084
5222,1348
1134,324
3888,2297
459,909
4234,1244
3511,95
1294,956
2359,2219
1184,37
4113,321
1107,2419
5130,604
3743,229
3474,2256
5592,1574
1290,32
4155,2775
5566,1292
5946,759
4089,2155
5949,2750
362,1110
1815,2482
3090,172
4408,1908
2601,947
5794,2058
4973,1128
1844,1907
5264,2243
2113,2297
5062,604
1965,1086
5824,2058
1538,2739
2534,1014
4627,1026
1122,3026
2515,1903
3719,127
2612,2775
4687,518
718,2569
175,829
2298,1272
3151,959
2755,959
5751,775
1137,1590
982,521
5495,31
3888,821
4528,1935
4161,421
3227,2243
4796,2100
2972,1724
1258,954
2205,276
3891,718
3326,909
4454,2521
1410,944
4063,421
1922,2058
2322,1211
5011,1099
1069,1590
3318,1206
5326,1110
1747,2407
1440,944
3131,1730
295,856
1350,677
2096,467
1485,313
1977,775
3189,3024
4221,956
4004,2419
4295,905
1521,909
3037,940
3742,729
4255,725
3382,1325
4647,956
4289,1248
3029,648
1215,960
2829,1526
2997,1110
3076,2157
1744,1489
4014,1393
1080,1674
3182,1048
795,0
5524,2518
2090,32
1257,31
4355,1844
5537,2753
3148,2568
178,940
5508,480
4022,99
2382,32
1563,2558
320,1181
4203,2739
342,940
4764,1086
5800,480
1605,1279
5629,598
2637,1840
5319,557
3252,423
3675,1280
5839,1724
1054,1526
338,2110
2112,679
4843,978
2267,967
4347,3026
2169,1563
2564,557
597,2347
4399,533
15,679
2401,3010
2783,860
2435,1840
3259,789
5790,276
1562,2625
5602,225
5462,1908
3201,1908
1106,480
901,1014
3167,45
4374,2704
3479,1071
4651,1292
3722,1206
5665,523
2199,943
5723,878
2801,984
786,1040
3005,225
3065,276
3218,1272
2590,949
269,521
1060,1020
5690,1869
4527,421
5501,2347
2386,2058
3182,1211
4623,1822
3095,276
3212,861
1173,2775
2568,759
2298,898
2848,3028
3415,631
4438,729
527,533
3460,0
1742,20
4650,2490
3156,2218
1685,1206
5155,905
1603,615
4681,1022
2409,2176
4173,57
3033,313
656,1451
3436,3147
5507,956
4923,905
3405,2521
2866,1489
4113,2793
1143,1919
4870,520
4171,519
4181,2927
731,2914
4815,32
4056,946
5931,321
5435,679
4730,2553
3276,956
3350,905
2238,1489
5342,865
3316,1294
3063,848
5241,32
208,2176
3364,961
1061,2802
4925,1866
4119,1244
2188,971
5278,449
372,2176
1807,1279
1466,986
2538,37
393,20
4857,1331
5289,988
2028,874
340,2079
4779,1640
1525,253
3830,710
5309,1051
3393,1086
2342,633
2815,99
5127,229
1725,2162
1918,1244
4855,480
1958,1582
2479,2974
3610,1851
2488,993
712,99
1768,1835
524,48
4405,1533
5219,1292
289,2625
1730,2482
2872,3026
2151,2512
3665,1908
1292,2256
2119,1476
5130,661
404,1043
5849,533
3369,984
4489,1015
5581,718
1878,259
5477,2058
2925,943
456,829
4597,1487
5555,2880
313,2214
2711,1364
1515,557
5561,1355
5294,1011
3005,2750
5785,1248
5007,954
5062,661
208,1989
1778,2256
5816,719
5489,324
1430,984
1812,1086
2090,276
1768,225
534,3098
258,1702
325,480
5712,719
3601,313
2382,276
3369,2407
2636,1324
3471,1371
1969,1046
3531,2176
2406,1020
4398,980
4546,878
4484,0
805,127
3962,1581
2993,1719
3343,31
2871,975
2873,1021
2578,2793
5502,1043
309,1020
1123,944
4117,714
5684,2188
1293,1355
2970,930
523,1329
2582,2511
1403,1119
3361,2249
112,1206
957,1032
5822,967
1008,31
5263,1003
3330,1623
2282,714
5067,310
4132,32
2578,2927
2493,1099
4035,99
3525,2249
3874,905
2931,1510
911,256
4925,2297
2683,2162
105,1324
1568,31
4747,1244
1645,2880
4490,1029
5584,2091
4548,253
3615,48
4955,2297
940,31
2579,2347
1527,730
3196,1003
3977,1568
3534,998
3996,1029
540,2167
426,1099
3857,870
5820,2344
252,946
4190,521
3794,521
5375,947
707,1526
3532,521
5263,2426
5274,306
4696,100
3866,3026
5893,2980
731,3024
865,3024
2576,1244
5413,276
4714,275
2182,2256
2587,1029
3251,1009
1869,978
4458,2914
3797,953
2520,3190
3466,1348
1590,2502
1727,521
950,829
3949,943
3245,598
5046,990
1277,2163
4815,276
1495,521
1648,1517
3555,615
1609,1939
5394,518
4824,2058
4008,718
4562,2058
5881,986
1445,942
4803,400
5028,518
523,337
5302,2218
1317,2827
472,557
4780,1355
4148,324
4172,718
5373,1869
4330,2058
1912,943
5202,2926
387,45
3349,1031
3423,980
3314,1976
2075,533
4030,611
4092,2243
5687,2567
679,45
2733,883
3420,1032
5049,940
3101,2218
2454,2407
2013,944
762,2150
2536,719
4220,334
1420,615
1867,2058
2025,954
447,45
1541,2827
1969,1022
2669,467
4355,909
2113,20
2439,944
4839,2419
5427,2589
3002,2747
1713,1217
1275,991
2037,1314
1113,2915
385,2176
5032,905
1600,909
5273,967
2339,1248
656,2797
324,2058
2230,2244
5840,1014
2999,1294
3267,2240
2532,330
236,898
911,1976
5763,952
3251,956
783,478
2432,1038
1089,935
2627,725
3890,310
1388,1002
2955,32
4178,942
5021,2385
4621,2451
4689,865
4290,1533
2810,967
4507,1009
4452,521
4071,829
5445,1908
3642,2409
4454,1533
5579,1908
3110,2548
2807,2739
1339,1244
3889,34
3580,1908
5095,748
4171,2349
4541,1128
3345,321
3942,2297
4618,1348
4988,127
134,324
5266,1569
452,633
1589,79
601,2419
5388,1000
3348,1908
958,2841
4030,1713
2578,943
1817,64
82,3143
4101,1364
2953,978
2870,943
458,3026
589,99
172,942
5581,775
570,988
5902,1355
704,988
4871,615
113,520
5306,3172
5414,2705
1809,337
2555,127
1716,2775
2824,1483
318,521
3513,15
4564,441
4392,334
5290,1484
4516,400
4357,1279
4083,518
5072,1032
4720,3024
881,984
5931,2419
5471,714
1877,225
1887,1667
5624,956
1615,979
5539,848
3123,2058
4300,2623
2753,1027
3180,313
4597,2028
4720,1869
3019,2058
4932,971
1434,944
5214,1623
1020,2058
2859,1022
5369,2665
1320,815
3271,966
4377,1099
5597,48
2016,518
687,313
5224,971
764,533
4081,956
4865,1038
1233,1011
1238,1355
4376,2567
4106,2706
218,400
2260,2167
3426,99
3880,2521
1865,2577
2527,1730
1424,1114
572,1837
5529,48
1645,709
2990,858
1756,1479
2457,1526
982,2058
655,909
3954,726
1194,2880
5505,943
4806,1881
4811,2225
616,3024
2467,1813
4490,1086
4918,1533
2776,2568
2549,310
5738,521
2086,2471
232,940
1052,679
4211,516
370,1813
1228,1844
3956,2626
4564,2482
1916,905
4247,2775
2424,557
547,520
845,1116
1127,48
708,64
1167,1517
1697,1517
1392,1635
5879,2176
636,2066
5679,1364
3198,1590
2730,24
4894,276
2180,2775
4673,1031
4057,533
1330,1292
1946,100
1663,943
131,1907
3038,3186
5596,1837
633,24
5154,1869
3654,1590
423,1907
4882,400
2083,2037
5027,0
2712,518
1509,2704
2450,518
5196,940
5601,2157
5539,1279
4419,1248
4104,2176
3018,975
4665,523
3334,1211
728,45
1119,1364
1468,20
3488,2028
1758,533
1928,944
262,1908
5045,1279
764,614
4981,1294
3499,1032
5548,1526
3712,2079
3055,991
5873,2979
129,2853
2691,714
3606,1279
4663,961
4406,1305
2763,940
123,944
3089,1110
3502,1279
293,1355
2054,2880
2774,725
2918,2167
495,708
4674,1096
121,467
2435,478
2268,2058
4924,1244
5502,726
56,1011
4513,2841
5261,1014
545,421
2408,725
5259,1907
1803,1325
1950,32
1506,3024
1853,99
5394,2482
3267,2297
5949,1014
952,2623
9,10
2060,1331
844,57
1738,2219
2364,961
3297,2297
377,32
430,2110
5541,34
2755,967
2106,521
1167,2753
3723,2297
376,719
4493,229
565,1372
3347,2949
5590,276
5172,1456
5886,45
932,2482
668,2409
2559,1563
5926,2827
709,905
1904,521
2038,521
3755,276
2839,2492
3689,1908
688,967
4387,718
2983,928
1486,947
3228,732
1989,1009
3650,1364
4459,1533
5737,2150
5589,0
4529,20
3507,1086
2440,127
4685,533
3719,1908
2939,979
4238,2473
4971,2058
5070,2037
5804,1278
4386,92
3972,2704
1424,2297
5880,2027
2253,1590
3743,400
678,1918
1447,968
5585,1355
4739,2058
5594,128
5673,421
37,3026
281,942
1027,732
911,557
3414,467
525,521
4611,718
4595,1905
2353,1016
3184,944
1513,1564
5135,314
2827,1811
1356,45
3687,225
4225,1032
4700,1325
4489,324
3644,2218
1748,276
5407,2880
3931,935
3062,2243
3796,518
3610,1294
2512,1776
714,1867
550,3156
889,2622
1494,2961
3354,2802
5277,905
1851,0
2971,31
3745,1869
4758,1279
2844,421
4029,2567
1164,2453
2631,313
4362,2218
4403,2219
3024,15
4073,1526
4241,1110
741,256
3349,714
3442,905
4326,2157
4248,2466
945,2880
1924,986
1664,2567
4263,2747
873,533
2264,1027
1940,1869
3430,679
5417,2739
1430,2521
1954,986
2609,2378
1370,935
2746,397
1503,2218
2941,2558
298,1325
3967,2173
4155,2409
757,334
3568,2841
1963,1048
1741,2167
5749,229
2832,679
93,704
504,2490
1593,956
2852,1331
5101,947
2325,2568
2394,2173
3276,2790
967,679
1471,212
2353,829
5770,1456
1231,725
5350,870
1771,2167
2085,1014
4050,3123
5132,2862
4793,952
4075,1086
3330,932
4510,1014
146,1038
4415,1908
2121,829
1174,2419
5699,1000
3218,2569
2405,2466
5715,944
1196,865
1600,726
111,828
988,1101
3011,2626
3438,1939
3794,1574
2042,2764
1132,99
662,1116
5541,949
55,1835
2233,1019
2016,2482
5837,718
331,952
1182,2256
107,1244
825,706
4321,1626
3771,1159
5266,313
3363,1364
2151,24
4462,518
1459,470
5581,324
1123,521
1321,2980
5856,2249
2829,1026
2846,1195
2331,749
4304,467
732,491
1260,2862
1822,1811
316,24
2608,276
2346,276
2024,225
4190,2058
5089,400
1145,256
4851,986
2246,45
113,2297
4796,2218
2529,1272
3371,2490
1843,944
55,225
4060,1022
1788,2176
1413,20
819,1533
4697,2747
4635,1869
3902,32
3317,1099
4130,421
2862,1458
341,1908
1266,909
3900,898
5286,1048
2400,57
1481,2002
2175,878
2717,3147
3670,32
690,1099
1489,2243
1573,2880
4049,967
3721,909
3199,2490
170,1221
5385,1003
3566,971
3447,525
2325,421
4362,1844
1746,714
3704,1844
2007,489
2863,2167
5596,1573
104,759
3210,2625
2131,905
4913,2482
4243,967
4415,2205
4423,3005
3034,305
138,878
3507,525
726,1048
501,1869
1153,334
1380,1279
4181,3098
2940,828
4387,2385
256,725
756,1048
1117,2747
1223,3143
541,1244
2,966
5287,1487
154,956
1145,2297
749,2297
929,952
5534,990
4035,1128
473,1840
1739,942
2236,1748
5243,225
3042,276
1754,1573
5272,0
2629,2739
281,865
2884,979
3947,661
1380,958
5330,1294
4900,20
2950,2915
5476,1119
4306,944
4963,719
4684,2058
2230,2976
2679,2802
1049,979
4550,2243
821,563
2362,1590
5515,1582
2073,898
1295,604
4091,2079
2867,944
5124,421
764,1907
2295,718
3373,523
1277,1903
2392,1590
4994,1479
3297,878
1540,1724
5695,1526
3589,2218
2066,1016
1054,518
4901,2419
808,1051
713,225
546,1051
4357,1043
3276,940
874,2802
5612,710
2355,2058
636,944
2422,1590
3753,1279
2772,2346
2267,898
4598,324
4343,2249
4795,2558
5877,2297
6,898
3464,1526
4522,679
2918,2521
3121,2880
1524,975
4179,1279
5916,720
5735,1840
3183,725
146,127
1839,986
3783,2218
3453,1525
3257,832
2245,334
529,1181
899,714
5503,1840
556,533
4088,1110
5269,2548
318,2058
3542,2482
1382,2157
2191,2326
1117,950
172,1674
2697,1905
3020,2558
2426,99
1586,3091
1951,1526
2485,679
895,2419
881,2521
2292,1038
2567,2963
5187,2492
5935,2385
1839,2409
4132,2297
1107,16
4266,2297
4345,2590
4004,2297
5076,1348
4050,952
5032,2739
195,99
4546,1533
2417,521
208,334
4951,2750
1966,2342
2203,942
12,3024
2980,1573
1044,956
214,2569
2327,604
4962,1195
50,633
5666,759
5704,1051
5787,2217
1656,557
5248,1939
3429,1907
2012,2821
2216,2816
1442,978
3570,984
5940,2058
1148,100
2022,856
3287,2739
4541,518
4582,519
2309,1071
3219,1292
5447,31
231,24
3290,943
1624,1907
1121,2976
2510,953
3629,759
4135,1119
3895,878
1835,225
4877,975
1829,1908
3739,2058
1841,979
5688,2880
1524,1272
449,1014
2009,563
2144,1919
1474,2848
5535,1325
5816,32
3525,944
2059,276
4812,1869
4562,940
5778,679
1392,944
903,1719
3585,2880
1429,1011
463,666
2615,2793
5763,2249
0,2827
2545,519
896,898
4733,2111
3733,2936
4199,2177
4338,2521
1346,1134
1839,478
2653,991
896,1837
3903,314
3851,1844
3527,966
3519,324
2278,2218
54,1908
2745,1869
5692,1793
1440,2058
2221,2623
4776,1003
1978,2865
620,1730
1320,421
4811,997
5605,1235
2704,2218
2046,2218
404,1324
366,1217
4005,725
3675,32
108,400
2303,2409
770,519
4935,2702
608,2793
1604,314
881,858
3632,870
1159,48
1004,3143
4364,2482
324,940
2922,710
3703,521
3561,2508
3599,2800
4275,1851
364,2409
393,3147
3724,1748
3392,1009
122,3061
5,32
4134,865
70,1181
5531,615
3956,943
1615,48
568,2747
1258,942
280,1526
1117,710
1789,1517
5796,1421
4760,337
534,480
3664,1831
3899,2637
4200,1811
2413,2256
3015,604
4453,944
2956,963
5707,975
3046,856
3464,615
4151,1518
3382,24
5351,0
3895,20
1455,1590
3974,1067
748,947
1252,480
603,34
881,1476
4612,950
5658,1032
5443,878
2259,984
3356,1031
5143,1525
524,276
1004,1667
5257,2162
327,1051
292,276
366,225
2864,2797
238,979
5811,469
1352,1195
2348,2880
3404,1206
319,759
4539,956
5461,1002
969,1026
2032,2243
963,1211
2580,1294
3621,1032
5634,1869
676,400
2560,1581
2203,31
3694,2449
2608,1248
1644,1730
5833,1116
465,2058
5203,720
4143,740
1240,334
5512,1475
4099,633
5331,905
1100,704
3209,2003
2813,2003
495,2058
200,2110
4968,449
5475,253
5129,3026
4089,480
2817,3061
773,467
1101,2218
3026,956
3205,2419
1864,3143
30,2079
4825,521
2946,438
922,940
1894,2793
3310,900
978,2003
2232,2034
2707,48
210,1084
2868,905
3408,2347
2383,2553
110,99
2585,967
4765,978
1091,725
4757,521
2353,1748
5321,1051
1953,2568
461,679
402,1038
3149,1840
432,2378
5025,127
329,910
3020,871
5303,1569
5846,276
304,99
2788,521
2528,1348
3569,1086
1896,2569
4540,994
4614,943
2291,3098
3118,1564
1686,480
2636,1820
670,48
3091,1811
4491,1667
2756,3026
4643,718
948,1840
5834,400
4516,384
1587,1009
5388,313
5599,533
2940,2739
5088,960
3484,2802
2862,15
780,1101
3918,2505
2957,2504
2726,127
5501,725
3675,276
2071,1364
3544,759
4396,975
391,1117
4907,898
772,1748
1884,2827
1189,2036
4402,2079
4428,1048
5735,905
4148,2162
5559,679
404,1702
1517,0
1524,979
1341,2026
5539,966
1980,1195
2976,2880
4022,518
4132,878
3546,0
67,2467
4162,2218
4263,3024
3470,944
560,1811
5429,956
1943,0
3849,940
5065,679
5103,971
3990,421
4831,1037
3318,2243
2526,1489
4517,2567
5618,2548
1986,986
1865,467
2398,930
1711,0
2784,1905
3037,99
843,944
3625,2521
4396,2398
309,256
2336,991
4612,710
121,959
1772,2346
1087,2243
1269,5
849,2829
4352,756
2621,1325
1635,1294
888,313
5239,1747
1902,2577
4020,956
5542,967
1123,2058
1052,313
23,400
408,211
5016,520
2208,940
521,1027
1409,1489
1295,421
4387,726
2005,1520
914,729
1156,2706
5736,1748
2496,2511
290,1279
2599,946
3758,905
2010,1305
5041,1866
5375,988
5127,1640
3473,921
1611,253
391,3024
1461,1248
1359,971
2258,1003
4137,1840
835,971
3939,1101
4588,958
5333,1866
4806,2349
3280,2569
3910,521
2400,1244
2004,1244
4325,2426
634,1038
4507,1908
210,710
301,2326
2776,942
1325,3026
855,633
3814,1348
2633,1014
3783,2385
1498,860
3367,1009
1224,99
4811,2827
2583,2590
1376,870
3065,829
5835,1837
2918,1533
426,469
5400,1128
3826,2058
3631,1590
3455,1364
407,2297
4228,533
3864,256
4014,954
3,1840
3795,1590
3327,24
5371,1837
2781,615
295,1840
5284,1279
3860,1776
1010,250
4888,2218
2804,225
4330,944
3946,15
730,1364
546,2775
2664,1908
30,229
3662,256
3851,909
2161,533
282,450
5732,1038
5030,1520
4241,313
4498,878
5823,1341
107,45
4730,2167
369,984
2571,0
2791,2218
5449,2793
5295,2326
2862,1869
5719,1341
2984,519
298,2622
2359,467
616,1211
4682,32
354,1211
4285,2059
3686,976
3976,2243
1448,960
1849,2058
854,975
2882,400
2914,2567
3148,519
2248,2706
1417,334
126,421
4367,2249
1567,1032
708,3028
2463,1355
685,1324
2598,991
17,636
5834,2738
5482,1532
5019,310
3271,710
2265,966
2693,2167
4356,905
5352,900
324,944
3842,1623
5384,34
5771,480
5017,2492
3272,2409
5928,2349
410,314
5041,2297
5805,1003
3304,2297
3061,2347
4728,2739
3522,1244
3850,521
1181,2793
5501,1908
167,714
1244,1048
4520,881
4157,829
3761,829
5531,1908
1107,935
4499,943
490,966
5587,2190
170,961
1801,942
3282,952
1900,921
5701,225
4426,2508
5842,615
3395,1014
3429,598
1746,1393
3652,1020
4692,533
2560,2256
5368,2802
76,521
4950,949
3453,968
5760,0
3984,604
1845,1348
4850,718
2141,1117
4971,2176
3868,1560
2066,943
5383,400
2840,337
4792,898
4299,965
3347,518
2861,1564
5527,714
2261,1010
1976,1026
2769,2914
2924,950
4097,615
602,2549
2291,256
2064,1031
2783,718
2387,718
606,978
3436,2037
3737,1211
2484,1590
2496,661
735,45
3785,878
223,1590
2346,313
5063,2249
4178,3024
5771,2521
2455,256
1663,1976
5336,314
5112,606
5222,966
1267,2915
4995,960
2923,2926
1877,400
2391,3065
1216,883
4576,976
943,2976
1130,2802
1020,944
2012,975
608,1939
1468,2797
1459,991
4659,48
882,606
1060,878
5700,725
2083,976
3377,2880
2981,2880
5944,1085
1675,400
35,2777
1917,2377
1935,704
3550,714
3906,726
635,2176
5540,978
5182,1270
2730,1325
3148,1084
1575,519
3943,1547
735,313
5389,1748
982,944
3120,2419
3066,870
5072,2980
1398,1007
5308,978
5660,871
598,1331
5419,1748
314,2326
2191,1582
448,2326
1912,2167
3206,99
3763,956
667,909
5302,1348
570,976
1764,956
683,99
3322,1563
3048,48
5011,1522
1036,2065
1456,961
301,155
3902,337
1109,99
4809,2704
948,905
4814,604
4190,1908
1585,967
1189,967
2024,1014
1967,480
2674,2816
4988,2827
4938,1020
2553,2297
555,48
4772,1482
3361,521
4220,1908
3667,978
5606,2058
3382,1748
5914,898
1650,1311
3303,1051
3217,718
3354,989
3379,2739
4414,1908
3729,1051
2989,1241
4527,1031
5800,2058
2336,861
5102,2659
3151,256
498,1718
1499,337
4645,878
3545,533
1750,2026
3703,2058
5893,313
1691,2385
3592,2981
2902,1780
4571,2218
5472,633
3472,31
4612,714
5393,1279
2313,45
5270,2377
730,1421
839,1364
4684,940
2979,1976
3763,2058
4544,1869
2978,31
1023,892
4765,1279
4936,2100
3560,1325
4754,1305
5545,2558
3787,1489
103,518
237,1272
3623,334
3588,1279
194,1575
4094,2548
5830,633
5618,942
170,400
2563,704
2568,1048
2783,478
1497,909
963,975
456,2110
1971,950
4285,961
4094,1393
4066,99
7,5
5480,2297
239,1294
3201,1526
1423,2249
3095,2793
1804,2880
2645,1244
3985,2739
4766,860
4499,516
4533,100
2951,1701
1513,48
2332,905
1996,956
1779,2419
4706,967
4310,967
4453,521
2396,1829
1138,1110
2096,32
1115,1099
2422,956
1341,99
2640,95
1168,1110
5676,276
3444,829
235,905
4089,1533
3407,947
1638,2163
2785,2297
3,905
1594,521
685,710
4251,871
1871,48
36,1203
3778,1590
5271,1637
5078,276
4589,1051
5387,1031
3625,1533
808,1840
713,1014
2621,337
4978,984
5679,1031
604,2949
2921,225
4447,944
722,726
2585,276
4691,2058
1860,774
3782,2247
1225,34
5291,518
2172,2739
2213,2740
3288,3028
825,450
5112,2623
2041,943
5393,421
4422,2176
5046,2003
3351,2037
5190,1001
1537,2349
4388,313
2423,2176
5948,1582
2969,400
2719,225
5532,1869
2459,1991
2204,718
19,1117
942,45
1076,45
2687,313
2387,775
119,2637
4095,976
5113,730
3639,1110
3895,2793
5887,2753
3203,1869
2790,10
2394,1730
265,718
43,1837
3983,519
1216,940
5577,1372
437,421
2666,324
4628,1573
605,944
2104,971
3214,314
2154,334
5626,860
844,2623
1966,1037
665,2880
1723,1279
2860,725
4506,48
5149,3123
805,1355
3038,438
4008,710
1496,714
3567,967
1815,2157
2154,1623
906,2346
1692,1003
1619,2218
1450,2409
1801,946
2799,48
5101,988
3282,956
3676,321
4273,2297
92,493
3977,434
3335,967
4568,875
5387,978
1722,1003
657,679
2099,761
751,314
649,37
2342,869
4029,193
1508,643
2148,1003
1535,2466
4066,1014
18,520
2960,100
715,633
3662,557
1155,905
2732,1939
502,875
1319,905
4381,1533
1202,2949
2668,1173
3707,276
2531,875
3400,533
5827,421
2657,1364
1461,557
1668,1035
1719,34
1643,978
285,1533
164,1014
3259,1590
1449,2775
5816,16
5191,718
213,2569
5483,2058
3478,2802
1902,276
5739,1489
5477,1489
1393,1338
5412,313
367,942
1528,974
270,1009
4084,518
2747,2704
5856,2424
3145,2750
1932,276
5665,2829
4173,940
4629,991
1978,1560
438,943
5046,1279
3726,2880
990,1456
5404,960
304,1128
4912,2218
3812,1119
2024,400
2895,858
2439,615
2893,31
4161,714
4389,2793
4480,2157
4215,950
1682,1575
5876,1305
2632,2326
4318,1048
4051,704
1829,1221
1727,944
1321,256
3129,1038
4489,2219
4059,945
655,2243
108,384
1455,606
1895,878
3067,1099
773,20
2946,3024
1361,944
4710,2568
3667,2003
1874,940
5721,2841
4552,2167
5262,48
3097,1099
3133,756
56,759
4276,956
1338,2249
4042,725
3952,1963
3009,2568
3045,2979
615,2793
2351,878
279,400
3074,1623
1749,2126
3628,2963
1165,2829
1891,489
4664,1014
383,2793
3574,633
5741,1348
321,2100
674,2218
150,2218
5358,829
2149,905
3066,2297
5619,604
5612,2816
2005,2065
513,930
3355,306
3618,127
4206,1051
4567,276
3240,706
2162,1840
2472,726
3720,942
3760,718
5303,1606
2693,321
65,1840
5371,959
4338,2802
2743,34
2139,1051
755,947
189,2256
1184,306
4884,467
5078,1272
5346,2218
148,1851
2642,2961
3986,256
3860,1837
3462,1010
1275,959
5471,1324
5156,0
1503,1348
2052,1590
1656,1590
2117,2739
2956,276
5781,991
1763,898
5802,1279
2290,1354
454,1907
5441,519
5214,1294
5938,1325
1220,2349
4467,313
4223,1084
2743,518
272,2775
4756,1355
4306,2058
3288,991
1620,1128
2924,714
1126,970
2998,636
3947,31
3343,1048
4093,2300
84,1569
2837,3162
4912,905
5294,1007
4733,2660
266,1051
171,225
2441,718
520,2853
1917,718
1664,1026
3706,2793
2153,2880
237,2915
259,230
2988,1237
1943,37
354,467
1878,2833
3236,935
3735,2568
502,2058
4666,633
888,0
2008,31
2794,940
3516,1110
5792,829
4161,2568
4823,967
2691,438
1965,334
2824,967
3216,2511
2244,2378
4317,48
4451,48
2468,1305
584,878
1534,2218
950,2167
3546,1110
318,944
3530,2297
4466,521
3085,900
3138,726
32,1489
1692,710
3280,3061
1814,2393
2086,48
2185,993
1288,1007
606,421
382,905
2643,1844
1383,1244
1722,710
4735,2385
4957,2205
5122,1518
5719,276
177,99
4409,2750
4271,2816
693,1305
5447,877
3079,1569
127,520
2635,3026
2930,2385
2188,1748
2959,871
4419,1724
5162,1051
3772,1913
2333,1348
2813,2739
981,967
428,983
1066,516
5651,2346
367,515
475,48
1457,1835
144,2163
5359,1945
118,942
5258,2802
3420,276
320,2739
1664,34
3894,2037
323,943
4182,225
3865,518
5040,256
284,988
4874,718
350,2739
3459,15
4171,975
4995,2176
5583,2346
5901,935
3388,714
2667,954
3804,400
3633,518
3041,606
4125,980
1079,2740
5110,32
4900,976
5832,956
3251,1355
3301,718
3844,1869
4444,1110
5471,950
5166,314
1678,975
4133,467
83,1590
5432,1372
303,1364
1156,1051
1718,0
4887,525
3505,1248
5681,3015
4595,2568
1411,230
783,661
4625,2218
5566,32
5304,32
901,128
5405,2558
1676,878
1368,533
2203,3024
1004,256
3414,2419
830,2705
2132,2218
4131,905
5727,865
3619,730
3693,679
1880,2347
4516,2409
3714,967
5660,3026
2333,2100
2453,704
4390,203
3825,956
258,1324
3723,679
2119,2521
5381,1517
5818,1518
1449,1006
3744,967
4938,947
1410,489
5412,49
2265,1003
63,1206
3900,2419
1377,2419
1812,2347
14,940
2429,1003
2404,946
3961,978
5450,2569
5904,2739
2615,2297
3055,2569
2526,2225
5035,1014
2895,1533
472,2326
622,3024
1167,2558
516,1285
196,1869
4936,604
2616,24
4512,276
5357,2704
3223,1348
3989,127
1384,2569
1356,521
2524,34
5885,729
1924,978
2577,2297
4799,467
4122,225
1257,865
5892,2058
4300,2217
5008,991
4490,1001
3641,1241
4475,878
3011,256
1783,2385
2877,1195
4616,709
2695,400
2433,400
2505,276
1634,949
5264,1869
4806,991
1941,877
4754,2521
5485,1279
1312,1837
3237,2827
1050,1837
2127,2171
3066,878
2608,0
1990,1119
5634,971
5760,1110
4536,2419
4887,956
1468,256
4472,714
5946,2963
4031,971
333,856
1594,2058
1332,2058
4457,3065
2889,400
2953,1324
3860,2028
2858,2218
2245,1237
46,984
853,518
2038,944
1903,719
2400,1525
5543,829
3022,1279
2693,57
2256,1022
951,1211
4359,32
3866,99
5829,1573
239,416
1095,1340
45,2802
3442,710
1401,1797
2841,1244
5439,1014
1187,2218
5603,829
1260,976
5448,726
4119,521
5731,1014
5808,480
1017,2157
1927,99
5865,1364
2838,3174
4545,521
630,1869
1492,1110
3768,829
5342,276
254,2521
3597,947
4455,978
2507,2256
5303,321
3973,480
4141,2508
3771,1285
2427,48
2528,100
1903,48
4974,2482
4832,1086
5110,276
4251,3026
3019,310
747,710
2608,1907
1148,2747
4109,2569
4876,984
5140,276
2955,1614
2275,1101
2376,1907
286,99
5170,276
2303,1055
4757,1046
104,967
2814,978
238,967
2148,1117
1093,1481
561,2374
2791,994
2904,871
1468,2297
2035,1590
5461,990
5736,2915
1627,1014
3528,856
4813,954
3671,2827
5853,467
1441,1009
3079,2915
3151,2037
5739,1119
2199,1590
1529,829
1912,1533
4558,31
3424,856
3213,821
703,871
2229,1590
5467,0
3469,225
2216,604
4502,1011
3468,0
3130,944
814,860
2877,471
5784,996
1974,1606
1091,1518
4814,909
63,2739
3258,1479
5546,2521
2519,2079
54,1872
5085,32
802,984
1481,518
5619,905
1899,1031
823,518
2702,1355
4904,2091
4330,1038
4442,1279
4674,2568
3146,1022
2175,2777
2488,1022
5702,3010
1286,400
578,313
5473,679
2757,99
5494,967
2672,1489
4132,2342
1217,421
380,2176
5679,905
3402,961
2971,1906
2150,976
727,944
3478,956
4703,1003
3376,679
5464,1101
2236,935
1119,421
5699,1907
1536,709
2141,1048
1886,2219
3008,633
2951,99
1916,1869
350,31
1563,253
1113,956
4487,193
3571,2409
2131,710
2265,710
3517,860
3802,1029
1946,1869
3591,967
705,730
4043,310
5224,1748
1998,2409
3672,3026
1474,2409
4764,1009
4163,2297
2301,875
2204,942
4688,1364
958,48
5519,1292
820,2558
3630,521
2519,953
4165,276
4336,1851
1128,3061
3329,943
2630,942
3835,522
3133,1004
2506,2569
2740,521
2767,2344
4653,1154
2139,2775
1072,2378
5881,718
228,710
107,2635
146,2563
944,99
4273,2037
909,1044
3187,1590
661,942
260,598
1841,1024
2224,2482
5307,954
2578,1667
3811,1575
5781,1776
3255,1128
4437,2037
5736,313
167,942
5638,2407
4220,1221
3948,533
5404,2176
1887,1907
3515,1590
2424,45
5181,976
2232,225
435,2426
5138,1279
1466,2385
5108,878
1308,2176
188,1364
1303,1051
123,1908
3119,1724
4285,2100
2317,1221
3015,31
31,225
1003,1324
5302,2568
5192,710
5494,1048
3357,1084
1679,533
2221,2802
4497,2521
2298,16
3087,2162
2582,714
21,45
1435,2243
1696,1237
5225,2297
4963,2297
1312,2028
2838,2747
2318,991
5771,521
948,31
3825,155
5065,480
5510,2816
5420,829
3262,1331
4814,1019
5681,604
3496,1003
1900,2706
3426,1173
347,2793
5648,2349
5043,2949
5578,1014
2353,557
1054,3035
5575,716
2926,2297
3486,1173
3730,1533
4196,3026
1997,521
5794,615
4603,1872
4916,871
1185,993
957,2297
575,2003
5672,975
4973,974
4248,718
867,310
2762,337
1383,2297
4364,1051
4412,533
4878,1272
3695,892
3374,1251
3487,1128
4330,127
4365,313
5170,1272
3037,518
4776,2284
4466,2058
741,1086
2242,1748
5568,5
953,1908
2474,2283
2656,984
3244,1908
2061,774
3764,3075
5430,421
5286,1581
3152,225
4216,324
4333,909
4794,2058
4061,975
2417,944
328,1051
234,1389
2228,2176
3073,467
5507,1526
4294,3024
5505,2419
4840,1248
1653,1837
2825,2058
1830,975
4586,1331
3990,519
444,421
3169,2218
939,400
3666,3024
2202,739
3433,1510
2098,2079
2385,1355
1320,1031
3631,1525
2476,719
783,1580
4468,679
5175,3015
175,943
2735,421
3700,2793
332,2058
2126,313
3678,940
2000,2079
5042,1331
635,2217
380,944
5158,725
2835,2880
1283,940
3919,1002
4505,2789
3792,638
4210,397
5816,321
1036,467
1468,878
5244,95
5700,900
672,944
2267,679
3342,967
766,956
1642,2347
5901,2472
226,2705
5136,1851
2372,99
1477,940
3570,952
4389,1809
4079,829
2420,520
2039,828
485,313
3682,2297
538,324
1245,940
3862,952
5140,1569
1410,253
5157,984
5553,984
1702,2347
141,99
779,2830
1046,730
1778,2342
312,1674
3278,1840
5132,1866
2642,875
5170,1569
5187,984
5039,2052
285,1167
5778,2391
845,43
2087,1003
5708,871
5529,2037
3464,286
597,99
1820,1009
254,3143
1565,490
2777,2739
1050,983
2170,1014
5733,3156
1211,1840
3682,337
1850,1009
5740,1294
889,2728
3927,518
3908,276
143,2349
4840,256
5332,718
3805,2026
1938,1014
5370,421
3622,821
1060,516
3191,1574
112,942
5800,944
5132,256
4165,467
2973,533
5410,2829
5360,1022
974,533
3064,1590
2737,1195
835,2626
5905,714
3035,256
1294,1046
3252,2176
2877,3053
5562,725
4462,2100
5890,32
4529,878
4205,0
526,127
4508,940
5650,730
5214,1331
3233,971
1058,2058
144,1903
271,3176
3861,1479
4291,1063
5796,905
4958,1526
842,898
5244,1331
4590,2793
683,1026
1443,714
5619,1393
1300,2880
5386,633
3980,16
4938,2163
738,898
4592,1526
4330,1526
1508,2802
639,138
85,518
3925,1248
569,2028
1790,421
129,975
1464,2880
3466,1084
1502,139
1509,2249
3195,971
25,975
136,991
3291,1618
3128,99
4760,1244
2783,1003
5227,306
2145,2409
2274,2065
3611,633
3366,48
5102,2297
2048,32
4857,2466
804,874
1296,1336
5389,260
2133,1244
2135,2256
4736,2297
3932,1748
5205,2775
1323,99
2495,2949
5766,718
4231,2165
2634,1014
4973,2775
1834,1338
4268,2205
4921,1272
1342,2569
5055,1272
4565,856
3858,994
5917,2176
2044,3026
4318,1918
1341,1563
972,942
3343,1487
4227,1241
5826,718
2799,276
5123,975
2611,225
2258,861
1212,1533
835,829
2728,1564
4844,1560
3014,615
3924,1590
5129,416
921,953
1980,516
2513,979
5675,2777
3111,1837
1366,2508
5083,421
5030,760
2306,127
5060,2100
3537,898
2750,518
4854,719
1153,306
4019,1022
3829,898
5023,878
2914,518
1890,949
4144,909
236,984
3954,31
2362,944
3137,940
3258,2398
5572,2409
4424,1084
267,455
4140,1325
4840,16
2660,759
2864,0
5054,2419
945,518
1996,944
1269,615
4269,1331
2586,2880
1813,2176
2907,986
3857,2326
2781,2567
1643,1206
304,1811
653,467
3695,1217
2707,1305
2418,421
2734,2347
119,718
2037,729
2519,99
3504,2157
2146,1022
1104,1813
3793,947
548,1366
1900,966
3639,480
2259,1838
584,996
3305,2297
1056,991
1950,679
5162,1840
1578,2793
4669,1907
1443,2568
3669,480
2289,1084
1239,294
772,2521
1560,1813
3884,2512
5168,2385
2019,2512
491,966
117,725
2092,1270
5918,604
2561,1748
1500,2297
4019,1774
1188,1244
5198,2385
2480,978
4673,2914
5848,400
4944,933
4955,533
2558,2739
5433,1097
2124,942
4784,1590
4900,2704
5841,518
1923,2349
5199,1051
5289,944
3452,1272
1853,1014
1333,978
1232,1835
4938,313
4884,1016
1797,2775
5762,2453
4912,31
5100,267
1130,1908
5301,2243
2331,615
2843,9
4442,1206
2506,589
4574,1325
4668,960
397,983
4779,1730
11,947
3630,2058
3609,1181
3510,421
4941,2034
2006,400
5101,976
1232,225
4379,991
1749,1683
718,943
3372,1776
1656,2623
2278,2377
1858,1037
5580,48
153,2827
2520,1910
1555,2167
3640,2880
5376,1157
5720,967
324,615
1614,2747
1960,940
129,1837
877,10
4504,2167
2699,1279
5729,679
3409,99
1385,1355
3334,679
4249,1244
2578,1110
4073,1018
93,1217
2388,986
5786,1563
2799,520
4029,2409
897,2705
1871,467
107,334
3161,909
2228,704
2233,1048
2708,1341
1985,946
4663,2173
5439,1640
2080,991
937,1730
1980,760
2114,952
5045,2625
4389,1008
63,1324
1838,2747
685,324
757,1331
5652,943
4122,1014
5450,1748
302,936
1962,2409
5307,881
4188,1260
4669,1533
4653,276
3136,3026
1499,32
2554,2297
3844,2739
4549,276
1075,54
1322,870
618,525
3374,881
3918,944
5038,975
3615,943
5442,1590
5569,611
5913,421
5566,313
3534,954
189,203
2476,1020
2678,1908
4240,2284
384,829
5943,421
2173,2150
4027,2176
2924,1560
551,942
3211,1590
4859,986
380,306
4585,225
2936,604
3151,1724
2755,1724
4737,996
2720,225
2384,276
2994,959
3966,2058
2249,990
4966,2926
3878,898
5821,2659
2829,518
3153,615
3734,2058
5365,2793
3758,954
3757,729
5114,2393
2372,400
1260,2704
3765,31
2841,878
4947,940
3241,31
579,276
4585,709
3955,313
741,45
2303,421
3163,1279
1939,898
3071,0
366,518
1825,15
1219,959
1038,2079
1621,1905
2835,1571
30,10
3336,2496
72,421
829,400
2022,909
5557,1003
3848,1331
4379,967
4076,966
1228,267
2780,709
3017,2342
1888,313
3805,99
2698,2747
809,1976
5702,953
5774,829
989,631
3357,2568
2259,606
132,421
4483,1855
5364,557
5038,3016
5635,1020
2123,1095
4320,521
1075,940
4454,521
837,1526
425,2521
1440,1038
1156,1279
1230,1228
408,1012
2605,438
4385,2205
216,253
200,1248
2089,521
3670,947
270,489
4311,943
1114,2342
3703,306
3706,2297
1786,870
1134,715
5647,225
528,905
2515,521
3246,1908
238,2240
3474,2297
2728,1918
61,99
4273,435
4658,1000
3462,193
3078,2482
5676,0
2899,2739
1655,952
5796,856
773,1244
1095,2426
1406,598
5368,5
1243,2297
3230,1913
4525,1945
4453,379
3353,34
3506,276
3986,1667
78,1742
4553,960
4655,2176
1004,1907
4904,2880
2655,1574
4621,313
186,871
3872,225
2352,2704
4912,2182
5243,1006
5394,421
996,861
4432,1730
4506,898
5529,996
1962,1364
4940,1355
2692,1590
3253,2566
3849,1099
234,2739
1335,276
786,1000
5333,2346
2917,2058
4792,679
2789,2058
4588,2377
2289,954
4854,2496
154,127
656,1277
1308,708
4186,2747
4860,971
874,1355
2525,1022
1482,1211
229,1590
700,421
1237,2346
5316,1372
5746,956
1785,2151
274,20
1696,2079
2326,31
400,1822
4206,2409
164,1730
4589,1393
762,898
3189,32
1009,775
5016,679
3040,848
1472,2347
5063,875
5469,1563
5212,1907
3598,3061
3276,3010
4212,480
4564,2625
4536,2297
5606,521
5430,2739
2157,1110
750,1022
5448,2914
4864,1173
495,99
2998,3015
3375,521
4153,34
574,1331
1446,1260
181,2568
2183,1526
5882,523
733,48
1082,956
1478,956
2157,1244
5415,2750
4831,1009
406,942
5698,944
5832,944
4440,979
4562,1908
1561,967
3462,1563
2791,604
912,521
2813,1117
3387,1389
5777,2176
4528,45
4914,1020
1156,100
4470,225
2164,2549
5464,1837
374,1003
2135,276
5545,2176
832,1292
5314,2243
4274,2915
3138,661
3081,127
4750,400
3242,2704
399,2349
2935,1241
3728,877
1216,127
1350,881
119,1019
3935,1355
3539,1355
1703,1908
5824,2880
5358,606
1065,870
4518,400
3795,5
3376,960
1992,856
1400,944
3740,2176
3509,1489
5479,909
4813,1048
4326,1869
5808,37
3903,2705
1284,2058
3949,606
4359,2167
898,1241
5750,971
4690,991
4764,940
3591,1248
5205,2568
289,2853
1052,2058
5007,1048
5122,998
4117,1479
5887,2558
1360,898
3295,324
1939,16
4024,2419
311,518
2711,2747
1090,256
5341,520
4011,679
2987,1110
3742,2706
4294,967
221,975
407,1919
4789,946
4861,2512
5072,480
4874,2747
2188,878
3704,909
3683,32
3721,324
5925,921
5799,1748
2813,1869
3645,679
2198,253
5546,521
2189,2419
4062,967
2577,57
1076,334
1120,2326
5599,2225
291,0
4226,967
2534,710
5612,1117
1333,1279
4364,1840
3025,947
215,1294
1995,3061
1604,961
675,2218
1725,2419
4540,726
251,1109
2198,1326
3693,480
5925,2344
1549,99
1986,100
838,2747
1223,2558
3830,1101
2025,967
4642,979
5285,856
2425,1840
3357,1820
1911,2558
1253,2558
73,32
200,1305
4155,2739
3914,1364
2888,968
3669,1533
2325,2548
869,2568
2089,1517
3095,480
2589,1840
3382,1476
4197,871
1559,1702
3157,2297
1352,2163
3659,1195
4238,1811
5125,2802
4795,1355
1466,2800
3658,1128
5390,225
9,905
2216,2739
5851,31
1468,1533
4195,959
581,1481
2250,2508
2007,2750
5573,467
956,2297
1239,1831
2539,517
4017,256
3105,928
890,1835
5407,2218
5703,1048
4715,944
2626,1051
5129,961
4528,2249
710,1086
3542,2218
1184,1908
3065,2037
2795,2176
1692,1560
4844,950
3677,2793
3207,400
3294,3028
4513,32
5175,905
1816,256
5833,2568
2046,718
1562,1837
2338,2058
896,1976
4940,2701
4675,740
5057,253
297,1051
4243,679
3957,2567
2134,1073
785,990
366,1006
1567,467
890,225
1043,467
1079,878
1213,878
3924,525
5632,726
721,1355
2880,489
2388,966
1899,2495
932,2706
5137,905
3000,32
2674,2491
1011,878
815,966
2745,48
2087,48
1937,1043
2864,679
768,2059
5847,1014
3414,557
1709,2347
2053,2157
5690,276
3766,2702
1997,2225
97,2793
4058,1009
4615,1866
3591,2297
26,1048
4033,952
4757,229
1537,2398
2359,520
4146,1014
522,848
732,2378
1456,2409
1879,2512
2951,1563
4484,1009
4279,2297
1956,480
4295,1487
1041,100
4897,774
4081,1908
3026,3026
1080,967
3621,203
3120,1907
2502,3026
3210,1800
5784,984
1522,3005
5842,400
5687,1051
5671,518
2615,1590
4311,276
3292,1051
991,521
1644,1840
4602,1364
3130,127
1669,557
292,870
1627,2775
3038,1292
4079,276
4684,615
103,1348
5003,2058
3649,2385
2423,615
4735,2243
3071,1590
5667,533
3499,2976
5691,2058
3430,2058
3989,709
1177,229
3436,533
3642,2853
402,1364
536,1364
2074,1908
4515,940
4631,334
2525,1026
4963,2793
343,942
2930,2243
29,2472
1004,1590
4758,1048
96,661
576,2052
4803,1730
5472,3020
3321,2249
3506,1248
1942,45
1034,1590
4139,2100
2781,965
364,1206
1584,2407
3074,2880
4053,2706
4279,16
1873,416
5505,2163
1552,775
847,959
3336,971
2134,2793
5866,48
3927,99
2237,2167
3605,48
4088,956
1355,961
2277,253
1385,611
4202,2374
3154,2219
991,1623
5712,870
268,1228
5741,2739
194,2218
2075,2347
1644,848
281,1813
5102,1476
358,1279
5344,1009
1801,1963
3939,1748
1625,956
2619,2568
4302,2739
2304,1244
5471,942
3738,2374
784,1279
4545,1908
3992,978
2641,1014
5736,1590
5822,2862
1237,2163
495,1526
1333,2625
3088,952
2103,557
1335,2671
4442,1564
2019,2549
1091,998
905,993
5013,225
2909,963
4839,45
2901,321
1175,480
3203,2349
973,1285
3760,954
1308,1009
5540,1031
1721,2841
3921,2750
3447,615
169,1086
1012,2529
1065,2163
294,34
5189,400
1338,1009
5152,518
4466,944
3901,943
1151,1533
2718,563
147,2616
4858,421
802,598
5353,400
2603,990
2386,2453
5030,878
2696,400
5471,1560
3972,944
360,1569
5783,334
4626,421
5415,2567
4910,1119
4932,878
5333,1976
5426,2167
5934,99
2933,878
3435,2028
4293,2059
520,861
3257,975
349,225
5311,1813
4862,489
2515,2058
3121,2218
5395,1110
4858,905
379,225
1788,2079
4360,2880
640,0
2283,2058
1026,975
2157,606
3903,1099
4226,32
750,518
2551,3162
2105,1355
3368,940
3130,1526
344,15
3315,1279
5646,705
2588,950
3386,930
5699,716
1158,878
3833,2558
3167,253
5604,829
2619,421
3881,2979
456,956
1942,2249
5634,829
5461,1840
1572,2157
2237,1793
956,878
2451,32
3839,1009
1296,946
1894,2558
257,1254
4739,2205
2838,2548
5679,1487
2821,100
2198,875
4346,1348
4084,1348
385,99
2993,557
3389,557
2499,988
2612,865
2498,1517
14,2034
2913,978
3458,2764
1377,480
5885,400
4890,1569
5043,1811
5564,759
3690,1020
3723,968
4645,2704
928,95
2509,521
2598,2256
1122,900
5729,45
4335,943
1561,947
4596,718
4540,1348
2356,2349
4121,1364
2280,1573
2763,229
1073,2297
1837,1003
1988,2862
5290,533
5436,2802
2893,2739
329,2553
4792,256
2886,1918
2724,1590
5094,944
3139,1051
3205,2802
2456,994
3662,45
3603,2848
2106,615
3444,2037
5767,821
2525,949
340,1348
4809,2249
4816,976
2548,1872
5516,421
1615,1667
1727,1908
5056,2880
3375,2058
5654,1294
3517,421
330,2508
427,1128
5420,1248
1299,276
5588,832
3074,2453
2300,615
4116,2793
4418,2377
5727,3061
4543,1325
2938,498
5708,725
2389,1195
5861,967
1759,991
912,2058
977,2453
4986,740
4743,982
1512,518
2018,878
5891,967
3790,2003
3079,679
418,2058
103,734
4649,946
5010,521
5502,983
3926,709
1491,1869
3303,730
3762,1244
536,1905
5884,1085
1382,2865
4700,480
2807,2219
2137,704
5600,1676
3348,99
3284,2558
613,31
5544,54
2200,2157
5517,860
486,2326
3450,2419
2777,633
1469,1305
4511,557
3160,2091
4502,1003
4944,1348
2020,2347
3745,1963
2637,1003
1062,1331
2464,294
1070,633
2632,1009
3975,2775
3211,2379
5719,943
185,2347
4181,1338
5157,1590
5243,1364
1278,905
3003,521
1255,921
608,1110
4895,1031
2132,2133
5187,1590
2001,337
5528,2822
2801,952
3539,127
5205,856
102,726
1323,1563
4749,990
1647,2626
3921,1518
390,2297
1198,521
1332,521
1558,275
1929,1908
5406,334
1421,943
1904,1851
1799,337
1303,2385
1905,2453
1179,2349
5593,1099
436,1487
391,24
2619,1015
2757,225
606,1117
3068,1026
4418,1519
4651,0
4785,0
5400,1027
4087,1355
1962,1051
3875,718
3350,2028
452,276
648,1908
988,256
5594,519
5045,2906
971,1780
2829,986
5391,1099
4773,2218
4847,2167
726,1195
5504,976
1820,5
2386,416
3881,324
4500,2059
2311,996
4348,2419
5021,1007
4833,956
4218,2346
5104,2173
2078,421
2859,986
3332,1206
2239,1278
5160,2455
3279,2511
2777,3024
3271,1869
1674,718
5199,2568
2895,2521
52,2920
1672,1022
4421,961
2005,2171
5766,2800
2928,1099
4152,921
4529,679
3282,1038
3399,1623
4968,726
3913,1844
1600,2243
5647,1014
372,400
15,1294
2336,32
5174,952
4461,521
2998,2568
484,991
2851,828
303,421
2628,32
2619,478
3161,2747
4024,870
3437,1110
1558,1027
2692,956
1943,2558
4438,860
5100,979
3389,480
104,719
669,905
2535,726
3784,1167
5661,615
5614,45
1221,829
4942,1867
4697,2036
2957,2297
1769,1573
3200,3186
3895,1533
2551,2548
5063,1046
209,489
1042,1244
3021,1908
1111,2512
1704,3026
1584,480
4164,2862
3021,2847
1851,1009
5512,276
5269,1272
3018,2549
4833,1119
4845,944
3909,1939
4473,1523
2422,3026
391,2549
3624,615
5202,1524
1263,34
2589,2385
2823,337
820,1908
3683,1195
5500,400
4913,832
2175,301
806,2949
1035,557
4777,944
5897,975
4243,256
903,1569
5290,940
5510,714
80,943
2437,1590
5681,946
1193,3186
2376,533
3,881
1288,979
1114,45
4742,1084
846,230
3275,945
5589,956
3025,16
2710,944
5229,421
3682,2797
4401,1730
801,2150
4793,1022
3189,2110
577,944
4195,2793
408,943
3047,714
2904,2880
5293,32
5415,961
5427,32
4769,32
1233,467
769,1272
1777,2028
875,944
42,943
2998,421
854,821
2410,2880
4122,571
673,2880
4227,1526
3941,940
3545,940
4037,648
4412,525
2180,324
247,944
5797,450
2853,797
1242,714
3249,16
4341,2163
5511,1557
2520,3024
4298,2466
4284,2568
4748,982
393,2058
5524,449
1074,2419
2490,1280
2154,1331
1423,883
4836,48
1446,1244
4861,1044
1469,2167
5767,557
2239,99
3132,905
5638,1086
3111,967
253,334
2250,638
5340,870
4765,2625
2986,679
3834,2466
4372,829
4110,2549
5632,2560
532,1038
2771,875
3194,978
793,32
3072,988
2244,2297
3799,2256
1879,829
1609,1907
3405,989
4822,2704
3082,521
5340,1354
4484,615
425,521
4728,975
1778,3005
3557,1918
4857,604
4171,276
5795,2284
1650,726
2067,1014
1287,1051
2106,1908
1006,1563
1958,2949
2216,1487
2639,1590
3386,881
4013,225
3068,949
3080,20
1366,2256
100,306
2622,1020
3742,1051
3372,20
3568,898
5861,32
5417,3024
2982,774
1970,276
3478,1355
3334,1606
2347,384
1149,2914
5000,992
1997,944
3824,837
4518,2157
4881,519
4392,1294
1546,2176
5632,2373
5921,32
1215,127
2238,225
1503,759
1780,313
150,3186
1485,2058
5571,2255
1706,714
2159,467
4074,961
3428,32
2141,1581
3741,2249
4016,956
449,1324
3508,1489
1114,960
1793,1248
1042,2777
1444,313
4243,1305
5339,942
3697,48
1334,1084
862,2028
770,2439
491,3024
5035,2409
4629,967
993,1730
224,990
477,1813
5406,1009
1760,1084
4939,2297
5374,2225
420,2218
3677,870
2390,2419
4943,726
2083,956
2167,2347
357,1869
1143,334
5231,2297
5365,2297
5566,301
2933,1476
1818,99
1174,2249
3261,3035
1896,2419
3104,2297
5919,604
537,1813
580,2449
2810,480
2382,972
4737,984
1506,520
1096,2342
2897,1014
2143,3026
947,2219
3466,942
1750,99
773,1285
2235,521
1747,932
1783,397
3933,943
4157,1590
2386,286
2325,3016
3353,1014
1757,465
1915,1051
143,865
5363,991
2399,871
2438,45
2908,748
701,2297
3089,2257
4388,533
2855,1272
2127,533
5896,2551
5743,57
1644,2816
4460,944
3431,1031
4630,1355
5035,128
4550,1776
4248,2377
1390,24
3024,276
5923,940
3049,1272
3935,1099
2491,944
4569,2176
1561,256
2187,718
3403,1211
1240,615
2902,2915
3936,1674
2735,523
1321,45
5286,2167
1995,898
2731,0
1189,276
5084,905
989,1908
5624,2347
3546,334
3878,2793
3573,2157
2774,2706
4171,1325
4617,99
152,256
4016,2326
399,2577
5794,1014
2809,606
503,2176
695,2346
4814,2491
502,2705
5016,1659
3691,2162
2832,940
826,2802
2266,2249
5385,967
3279,905
5880,946
3784,2326
439,821
570,2058
2033,1674
1785,2326
2571,37
3486,1356
848,467
1481,2100
1572,2218
4963,870
2678,99
1028,253
5631,1908
3833,2753
522,832
214,679
976,1002
3842,1526
2173,2219
1851,2168
1784,946
5358,968
1149,1869
3602,726
5861,276
384,1248
4415,1014
1839,1003
3962,480
5920,856
4286,2297
3236,3005
5015,1918
3038,3020
5094,521
4175,2466
2990,2949
2653,1866
5153,1101
4962,1533
810,1248
1518,2466
5344,1046
2138,1393
3826,1908
5017,1590
5899,517
40,633
379,99
5298,1051
5480,533
176,679
2949,2924
3152,1563
5242,2058
1255,1840
993,1840
3364,2385
5354,1518
70,633
4213,1364
5629,225
2631,521
4348,276
115,3035
608,2379
1019,967
5631,2176
5492,1051
2536,2704
1034,2379
1975,193
423,2225
2267,1533
470,2980
5566,1350
3453,871
3057,871
1835,563
5595,775
2539,127
4340,519
2693,1533
4171,1272
2786,943
3350,719
1682,856
2772,2176
3802,1001
4700,2151
3777,944
3235,2058
3644,950
3281,898
5357,2249
3148,719
3003,2058
1260,2802
1673,2217
4768,2793
3677,1248
3620,714
5140,1618
1462,2155
1312,898
4350,940
1067,313
4076,1869
4938,1110
2077,1869
1827,940
3246,1038
1078,2515
2043,945
3276,99
5590,110
1648,1355
1321,960
3919,730
2169,2747
2277,1526
2953,385
2527,1674
4432,726
1980,0
110,2100
4530,2173
2283,940
705,31
1887,940
4440,967
2626,1279
2858,2568
400,334
5817,2502
4488,2297
4990,1003
3577,2790
4385,1014
5569,306
2690,1048
4914,2297
4993,2590
5481,1590
395,2218
3452,1748
4945,829
4683,2549
3201,1348
1817,1244
5461,2816
4017,1907
1985,2548
3017,480
192,704
4946,276
1129,469
1688,2153
1230,521
2111,2256
266,1003
5445,1128
4450,45
1373,48
1870,100
920,480
434,1526
399,2471
94,2589
3807,1292
5001,1272
1260,521
526,1465
2300,34
5705,1590
2253,1908
708,947
1692,1117
881,875
1015,875
349,1014
3864,2176
2242,968
5031,1272
4437,533
106,2949
1966,2790
2941,1908
437,1019
1047,1702
2542,856
4207,421
3212,1590
767,2816
4531,518
3171,276
3969,256
4095,2058
2968,856
5528,334
1901,1590
4864,1458
4143,944
3329,2151
175,968
4256,821
2931,1324
1974,533
1996,1046
1010,1015
3729,2243
4450,313
2755,2037
1311,1128
4907,0
277,871
5103,878
5127,2218
4781,1581
3394,1206
2800,467
2908,0
1848,20
4567,1248
1755,960
2000,10
324,286
2890,518
4495,32
3796,31
3426,2218
3670,858
5304,1110
550,225
672,1908
1919,960
1614,324
2058,2058
1656,1489
3123,2567
2573,2100
4385,961
4824,99
2731,996
1418,1324
1465,2079
5894,952
4739,900
4715,314
5322,726
4062,2378
4757,725
15,1355
1536,1730
3437,2326
2017,313
3527,2219
5161,2471
498,950
5348,2297
4565,905
1674,324
2935,1526
2911,940
567,2218
408,2346
835,878
3225,2419
1934,32
5792,1533
5050,2616
1078,986
1995,2378
4431,100
4464,48
5613,1009
4837,2508
1714,638
2622,32
918,704
2525,99
3909,1866
4821,2914
414,2110
2188,679
3170,2466
5820,2426
5606,1908
3312,829
263,2880
703,900
736,848
4219,2472
3969,2297
1558,633
129,32
4339,2739
5861,1272
5846,1903
5483,1851
5882,1560
635,2994
2760,100
1676,480
810,1305
421,32
4262,1364
664,2419
5913,1031
2528,881
4372,943
2038,465
4754,2176
1577,1009
1114,3005
4513,20
5869,2802
3491,1086
2534,2739
56,1573
2197,875
3174,2318
1102,1840
5214,1006
4425,2243
4281,20
731,557
5175,2182
3349,979
5422,2059
4948,2176
3699,45
538,1101
560,860
3906,523
4081,1278
2590,2243
2653,313
1325,518
2717,2176
3460,5
3525,400
4012,518
5610,1305
5739,961
4422,2079
1922,400
2196,1134
5451,679
2918,2058
4757,1022
803,944
2881,2176
2768,20
1976,986
1574,979
569,898
4027,1526
5184,2378
3499,2346
569,1837
949,2058
5868,2256
1879,1211
4084,2218
1821,1206
1642,709
2048,2151
3288,32
354,313
3659,2419
1756,996
4359,1110
4346,2568
2482,2793
2220,2793
1841,3147
2839,2249
4040,956
4157,952
3508,314
1023,421
4951,998
2511,2568
4928,48
2657,2393
3047,2548
5392,1872
999,966
1620,2747
450,909
4347,2173
4247,1003
4949,521
5921,2374
1413,956
5884,2492
5149,3026
3752,1963
4824,1014
4767,480
388,970
2223,946
2402,2409
1992,2511
2052,310
1513,32
298,3147
2674,1003
3259,875
2601,875
5119,127
4585,193
1567,1557
4961,480
3663,1086
4524,856
2757,1014
4262,856
4365,45
404,1048
283,2219
2729,2349
904,2502
1915,2775
2864,480
5224,1590
5632,661
2591,321
5482,313
631,1747
5307,1251
5706,960
3901,45
895,480
2560,2297
2307,1851
3785,1590
5621,256
3064,1241
3797,1011
1321,2924
1405,1117
3194,718
990,875
3061,1128
3377,1364
5727,1032
4610,518
5840,909
1158,1590
5440,975
3652,256
1549,465
4182,421
5751,1776
614,2816
4736,980
1015,127
5638,2249
3682,256
2878,2151
3250,976
4480,2865
5607,1623
4915,2793
5001,1813
4877,57
5393,1105
420,856
3676,976
5567,1793
450,856
109,563
188,856
4970,756
1319,487
5214,1116
4567,1305
3507,2079
2579,2218
4316,905
3980,956
3046,1869
334,1031
4140,679
1972,493
4274,679
411,2217
22,944
4587,3061
5244,1116
2474,1828
5245,1526
775,400
866,518
4668,956
4055,2419
1101,1324
3076,1869
142,2150
744,2218
2967,2865
415,996
1477,1022
1821,832
5818,1014
1289,971
2805,1002
558,523
4728,3077
3210,2219
3511,1393
5760,1009
5830,1748
465,709
2064,1906
1715,971
1771,314
4146,978
542,2218
676,2218
2279,905
1707,679
3241,2979
2239,725
3560,480
4215,2626
4836,1024
3485,306
5720,24
1886,48
4301,865
416,2644
4034,521
4254,2739
3653,829
268,679
5413,631
4892,2622
1515,643
5188,2391
1146,2466
5862,615
5844,975
2199,871
4073,1364
3410,1020
5226,0
2318,2256
4572,1462
1265,1003
5821,1903
2112,875
1019,947
2010,3042
4675,1590
4833,2176
1357,942
4017,1590
340,100
37,99
4790,759
1624,2225
4308,1015
1799,2980
384,557
2330,172
1610,1014
2895,2802
3717,3176
3062,2915
4829,313
3225,2155
3092,1811
1773,604
2383,533
3673,975
233,2616
334,978
1542,856
884,856
5228,1119
725,45
3265,3028
50,1569
1098,34
203,121
4896,730
3115,990
297,2385
5689,1305
4367,2079
4339,31
3735,1048
959,225
5276,2829
3510,1869
1829,266
5464,32
1250,0
742,533
2631,2058
1619,1560
3738,2793
340,718
4882,966
3149,2398
5675,602
231,960
266,954
5236,905
4269,1116
5328,3123
4712,2625
1938,909
3454,940
2230,2249
418,944
657,960
2635,1022
1074,1248
4107,946
1865,57
2529,37
4979,875
947,2577
976,1063
5231,2789
1359,2521
1928,2449
2780,2665
5446,95
2350,48
1303,2747
2519,1173
4814,942
1949,1582
887,967
1274,2167
4116,2297
1287,1840
5910,1518
1441,1526
5409,943
5543,943
4013,1014
1179,967
5686,2914
2845,942
2449,942
1129,99
807,48
4822,1533
4956,1533
5885,2750
1344,438
3312,2256
4082,1908
694,521
4832,127
3901,557
709,48
1858,1009
5934,518
5650,759
3809,968
2489,2569
2270,953
157,474
2080,829
3687,978
3893,1046
5861,2110
290,1003
4259,615
3224,2385
297,1393
5230,2243
1976,856
1826,1851
3245,229
2300,953
4020,225
5014,1837
1024,1348
4855,1026
255,2271
487,1116
5836,898
837,1872
3351,1005
5949,775
4562,400
5425,775
2555,1071
3864,1001
2389,1533
2953,1117
1585,984
5898,2126
269,1014
608,480
2956,2704
4403,878
5847,1006
270,1774
1304,533
5898,971
1043,943
647,943
678,256
874,2827
2783,1032
2425,1324
2452,3147
978,1837
4656,519
3252,729
4532,2173
4167,1294
5208,1032
5733,99
1476,20
1918,1119
3194,909
4400,714
3238,2901
4318,1813
1364,718
3733,2880
1065,1590
827,2176
3263,1618
3736,1084
1838,759
1568,898
4092,719
2658,2218
3442,48
1174,944
197,467
2929,991
17,1031
5454,633
2859,2100
5906,942
4396,2419
227,467
383,980
5620,521
959,2079
1987,2521
3039,1105
2671,709
4789,2471
317,518
1413,155
4976,2297
2539,940
2236,1131
3683,1557
591,2218
3406,525
829,1043
3229,2518
330,2793
5626,1251
2874,1014
1382,1377
5140,2297
3273,1285
5380,1195
1118,3024
1784,633
1828,905
46,940
2644,710
369,2347
1047,1279
785,1279
5637,1009
3908,870
389,2218
3737,988
5853,2704
1992,905
3979,521
3583,521
1816,679
3392,953
5314,2426
2720,2775
4416,1811
5221,518
4923,861
34,2003
75,2758
784,1003
5285,2381
2320,1097
140,1840
4175,1348
4373,20
530,1244
395,1019
3738,943
2541,2385
4695,421
217,905
1701,1590
252,337
1420,1348
3199,1015
3263,276
3001,276
1768,718
5125,1294
305,321
4644,2684
1519,953
2959,400
5198,991
5372,2110
721,1323
3647,400
4887,725
5293,2167
2029,2344
4644,1529
5822,976
4282,2079
4870,2249
2266,944
4864,714
2486,718
4617,1022
5422,2173
2677,2915
3415,400
3244,518
4123,1618
2903,225
4878,16
3055,996
5396,1110
4623,2880
903,0
5598,1244
3213,2521
5489,2240
5809,2218
5100,967
3484,1294
3501,709
285,2058
398,1935
4080,2079
3293,945
4788,99
2081,2079
5109,679
733,878
2995,2419
3683,2793
5229,946
572,2623
5505,1029
1439,518
781,518
1039,3028
5053,905
501,878
3564,1007
4799,988
624,719
4636,967
1004,940
2234,2829
962,714
1877,1279
46,2176
4452,99
4061,2163
3199,478
393,944
2652,1248
654,719
1793,992
3743,726
1311,2157
3938,1167
5090,921
377,37
1099,961
4577,521
3949,952
3800,829
4911,3026
3532,1014
2240,2219
1358,259
5089,2739
4667,1703
4297,480
4393,942
5236,2385
4556,2626
3963,2297
5253,2739
2823,2553
494,921
609,679
4311,1667
1432,2409
5299,990
5175,954
883,100
1077,905
3597,984
2100,1003
4285,604
1451,557
4123,276
5327,944
3599,276
2902,1102
2740,3026
28,875
97,480
2310,1348
4689,256
1311,2775
4914,374
4697,1837
972,865
1187,2739
698,2548
2183,1014
2926,533
2397,943
1366,203
5657,832
877,978
2525,1128
4426,1724
5154,211
410,953
5257,1248
2404,959
1509,1046
3737,2037
5299,2413
3501,1006
3617,400
2359,435
4600,1099
4847,976
499,1533
244,2704
5863,2347
2830,959
3406,2058
3378,10
4305,400
302,615
2054,1088
4848,2490
5192,48
2652,256
1074,313
5537,1022
2913,31
210,2719
797,944
4276,2449
2074,400
3710,725
1844,2567
5705,956
3630,961
1274,2976
1623,878
4283,1526
5096,2568
1283,2880
1202,1006
2343,1325
1195,966
4310,1228
572,960
4056,557
1815,832
885,898
2897,1510
4079,2419
1148,719
2380,991
4601,1003
5186,875
2056,1244
1674,950
820,1038
3139,1393
3932,1029
3302,633
3713,2419
4921,2297
5055,2297
4282,95
80,2167
3084,2625
1260,2249
2280,1110
1642,99
4952,829
4005,726
1246,1038
4207,860
4857,942
5750,1748
1307,725
3158,480
4436,1851
244,2167
1417,1270
4896,2775
5458,943
5112,306
1228,967
3394,2800
104,1756
3156,942
5237,193
3662,521
2698,1003
5257,256
5379,1939
3489,943
624,829
4029,2385
3621,870
61,2409
2226,2297
3946,2508
3684,256
5191,1487
1467,1117
4971,400
3976,1569
4459,225
4934,518
1681,2739
5659,959
2080,2256
3972,1046
689,1173
1082,875
179,2764
524,732
5448,2028
1384,1590
4758,1581
4491,1237
3888,944
3578,718
4058,1355
4956,2505
5565,334
3579,1128
4732,518
2125,2914
5700,909
1631,127
4714,878
2545,467
2526,225
4620,2936
3458,959
3418,1560
5150,2347
3504,2243
2256,714
5033,2701
4985,940
4745,2419
4142,2880
5928,520
3938,606
2905,2449
2847,0
4321,2249
647,276
2021,1355
1572,31
2628,2521
114,944
5795,2219
1961,2243
1673,1022
4309,1084
4887,3010
3629,1325
4805,2419
5259,1835
4978,2347
2120,960
1012,0
3240,991
354,0
2926,2521
3628,2793
1297,334
5289,1835
722,3028
672,1221
2664,1181
1583,324
4977,967
3261,2568
796,883
3119,2111
2150,2249
4080,1331
2633,905
5007,967
4960,2841
5407,1840
596,421
1122,2157
1590,1279
1099,2173
4859,2385
1578,2558
4543,1748
3367,95
2047,942
5807,1908
5411,1908
4308,1292
5545,1908
5376,2853
1248,710
642,900
2944,1840
3292,860
1967,3026
515,2256
318,961
2704,1040
2258,2451
1958,469
5538,2026
3363,861
3380,276
4700,2058
3404,1020
2485,521
477,1748
1001,967
4882,1698
3409,990
5592,518
4714,20
457,2385
2735,2739
2769,1569
5803,1869
4633,31
5689,2521
2895,2058
1028,1046
5671,2100
81,943
4190,400
5668,139
2940,2740
3532,400
5204,944
5947,1217
5754,822
1442,1036
3035,533
1739,276
5948,2758
3086,2915
5926,2218
2292,1364
5613,940
3065,533
5071,391
3235,944
4355,975
1346,2802
5229,950
3622,2521
931,2560
4635,211
3762,57
4773,1084
3003,944
5182,730
3504,1869
4779,1279
2865,421
5076,2963
2739,1248
5324,32
4417,1048
174,1776
3425,421
4347,2157
5331,48
5770,95
1198,944
5786,978
5858,100
4264,2630
5245,2502
4711,2568
621,909
965,719
658,1730
5542,1907
2753,2569
4280,480
452,2793
5927,994
2155,930
3059,3026
3080,870
1128,1248
3540,2548
3151,521
511,1279
2456,1393
4912,1487
5552,127
2453,2815
637,48
250,2793
1975,2409
3064,875
3425,100
179,1048
1822,100
5352,604
4344,225
371,2157
4056,2976
5410,959
4280,1903
3578,2385
5746,127
350,2219
1943,1908
5764,898
5915,313
5403,138
5900,944
3250,2704
980,521
5620,2058
3068,1128
1376,871
4617,518
4276,225
180,1003
5600,2880
3748,2176
4104,1811
4325,467
3182,2704
1174,521
2103,984
2629,276
2102,759
3561,256
4399,1355
2977,959
4596,1869
525,1014
4353,421
5631,1038
4851,1048
4125,944
2822,1206
4167,1355
2498,2802
398,276
875,615
5811,982
2256,421
2355,400
689,1364
2236,708
4668,940
43,2155
4645,956
4840,643
3811,730
4842,2409
5193,946
1264,898
2792,0
4458,2419
2305,821
130,1908
2363,991
2571,940
3025,1110
4872,2409
1683,2171
1356,1022
993,970
1366,20
5602,942
1942,1119
2196,2167
651,1206
2552,1048
2566,946
1681,31
4341,679
1372,1905
2578,956
4758,967
2314,883
4875,1902
4216,3020
2631,940
3481,1110
2692,2347
2454,489
5062,947
766,940
3025,1244
2706,710
1734,1331
1133,1865
2652,2167
226,2100
608,704
1903,736
5255,968
383,1525
3097,2409
17,421
5844,959
2215,449
3392,1014
2118,516
2856,253
5731,2775
4071,521
5554,604
5688,604
1947,1573
2812,2775
2084,1844
740,2297
1744,2153
5039,1097
4106,1646
5575,1831
618,1526
1569,1748
4506,984
115,905
2635,2482
1974,521
624,967
372,2409
498,2548
3457,2297
2519,994
2916,1569
2153,994
3792,1590
2400,871
2909,748
2403,2862
3489,276
4823,236
2722,1272
950,1086
2180,2975
4638,2176
4175,954
4375,2705
2418,2739
3538,518
5618,2577
3672,518
5827,2162
5882,1869
199,521
157,2739
4577,2058
5579,1279
4980,950
14,1872
3792,1724
781,95
2121,1590
2761,984
1257,24
3284,5
5281,1063
5004,31
4566,2249
5154,2419
966,225
5589,2347
1140,563
2413,1590
2151,1590
4859,966
4824,2665
3070,3028
236,2981
217,2739
5868,2297
708,2976
3697,1813
5567,2342
3314,1294
139,954
4755,1905
4734,1028
1907,1206
1501,518
1998,1324
27,898
4958,921
3492,253
2418,1129
5458,1244
2225,734
3995,2567
2866,730
803,2058
3889,828
370,2176
2221,965
958,2346
1081,467
1451,0
3365,2521
2612,971
3670,2753
3269,2409
3521,940
4929,2569
1248,1869
1737,1279
5128,685
1415,2167
2356,2455
2371,1043
1695,2157
1091,730
447,2880
4537,1533
4952,1748
2873,99
2086,2163
2401,1043
2132,64
3611,967
4827,706
5696,337
4089,1908
4388,1009
3429,1835
4170,557
1065,956
2694,110
3118,1569
5785,944
4807,1528
3982,856
2863,1989
5117,1195
2969,2385
5087,1518
5808,2217
2775,829
1952,2482
5417,1837
563,2034
394,2225
2245,1014
5035,954
1164,1096
2817,1590
5898,16
1825,24
617,1866
5123,959
5541,718
4519,1195
1179,2508
5494,313
845,942
803,127
5265,611
4944,970
704,2750
1762,1903
4068,518
5947,1355
1844,400
1990,225
3948,1355
4603,2747
1600,979
1295,1097
1080,943
3461,2176
818,943
3378,421
5627,37
5773,2491
4238,2218
3891,2110
3883,714
4142,416
2765,729
5585,1100
5867,32
4123,1305
2263,518
3985,3061
3861,1305
2794,908
3565,31
4412,2347
5090,1279
3228,611
192,615
4471,2927
2750,986
3271,2378
3548,966
2646,2326
5538,99
1706,950
5781,988
294,518
1596,31
5527,2569
2859,1279
4314,253
5817,1742
2966,1526
424,1099
598,2218
4281,1244
2627,1279
2083,2347
1331,1022
3005,2393
5577,942
423,2567
4751,2297
1026,1325
5821,521
1077,324
3164,1110
4627,726
2312,1244
903,1110
317,986
2755,2753
5212,598
4245,1563
3181,875
4915,2297
1849,961
3110,2163
5878,2344
2932,1110
1438,2558
90,2111
2409,2466
3978,1569
5872,994
2735,946
5238,856
5908,1590
2183,1372
5863,127
1532,99
430,3091
271,1526
1573,1039
4747,1908
5819,959
3367,1014
3105,1014
3132,1117
2172,3061
923,930
2843,1014
5542,1590
1965,1270
5233,1020
2461,1851
4451,984
189,3005
3897,1364
1856,172
1309,942
3707,1590
1291,521
5903,1730
698,946
2805,856
1941,2508
1473,942
1670,1456
1472,717
1888,2847
3478,2827
4092,1000
3591,2704
5580,3147
5776,615
3663,2176
4995,400
327,979
2782,2915
5098,2218
3014,225
543,2482
4929,719
5732,1043
5107,991
401,1086
5007,760
5347,828
5461,1869
3642,1837
3305,0
5533,991
4949,940
2005,533
5319,473
2950,940
5251,2409
2307,2002
5583,704
3726,2100
2092,1067
5001,2419
813,225
4314,1489
432,533
3952,2793
4552,314
2284,2176
73,1354
151,2176
202,421
4285,909
2280,2407
5843,2297
1816,960
4488,679
5660,900
1805,986
4855,99
5352,905
254,1119
4256,679
4186,2569
5867,947
2653,679
4703,1748
1740,1099
5727,2256
4711,2548
647,2110
2967,1377
439,2346
4370,942
8,847
2829,100
1024,905
1968,710
94,971
1191,1018
1838,48
2165,2163
642,961
1053,2747
1423,1526
3859,2466
5589,928
1313,2297
2077,1003
4564,942
5154,1939
5337,2555
1939,480
3403,321
3604,2297
2466,2626
399,48
3258,2976
2702,1563
754,2841
3273,2318
2405,2508
3650,1487
1172,321
1373,2297
4310,1533
4364,1015
3619,861
1629,947
3582,979
3265,1272
4380,959
932,2739
4630,2827
5528,5
199,875
3150,9
5056,949
4877,2704
2743,1348
744,1348
3357,2150
3359,533
1601,1908
953,1872
1605,337
2530,1590
701,870
3527,467
5285,31
704,1518
3736,991
4742,1674
296,942
1082,1851
877,2385
4628,2326
218,1251
3996,1103
4603,1515
1356,518
3549,10
1176,2802
3010,2176
3500,1811
3331,2002
40,1487
5920,905
818,1000
188,604
3487,421
3770,709
3620,950
1175,2176
5730,1131
5114,633
2348,2218
481,1206
3615,956
3640,2706
1499,2623
3493,966
4613,997
2013,400
3095,139
1558,759
3698,3061
909,313
5373,870
5833,2548
1769,2110
1803,940
3131,1674
3960,967
1286,421
4873,705
5449,2558
4741,2471
3514,99
1012,37
4289,2347
1376,1253
2229,940
1174,2058
248,3024
313,975
2572,1279
1144,314
1483,719
5836,2980
3475,679
1974,956
3340,1393
1874,725
2247,2219
3487,100
49,878
4345,1851
1282,32
5492,2739
4341,2082
4657,1564
1927,1840
4432,2385
5731,661
5507,953
4554,1035
433,63
5575,2750
3708,984
2371,726
2166,1260
3988,1563
1661,2256
2827,942
3524,1055
1721,967
2428,2549
5846,2058
825,829
5258,2827
762,480
3850,1575
5659,138
4783,467
1634,1348
4309,3028
239,2775
3227,256
3877,2058
1188,480
4506,2037
4553,1294
4074,1067
4583,944
4321,944
2399,225
4582,719
340,2426
4445,421
3955,944
3675,2058
4468,940
1641,1872
4553,489
2044,10
3983,898
3208,1279
1977,2171
5082,991
5579,1043
4980,714
2120,944
5203,2449
5166,2567
2947,2793
3451,2326
3139,519
4410,719
4812,2419
2150,944
3473,3024
758,225
623,0
38,286
801,1211
1334,1674
3268,2218
3006,2218
4052,48
1980,1822
283,467
2169,31
4290,2091
1872,976
3926,848
5268,726
1850,2880
1874,1022
2037,2706
4988,1840
1414,1037
3654,1099
4793,1372
4639,905
5294,2297
4058,2091
2857,940
2143,99
83,944
2834,956
1266,2455
5888,942
1670,37
3591,1285
1513,992
2521,967
1575,2028
1043,2167
2706,905
1603,1043
5092,984
2946,557
5298,860
664,2521
5356,276
237,956
5115,1907
479,489
3483,947
4653,533
2163,2548
1917,48
4725,1348
4327,521
120,2249
5460,225
5582,1908
3115,1840
2387,1101
2221,1563
5402,1159
1687,875
1756,480
1360,480
3767,2934
458,1840
2433,2385
210,48
1584,1127
3008,1569
4568,1872
5149,871
4975,718
4357,1837
3476,856
2168,3026
1060,2066
3959,1010
65,983
603,100
3691,1195
403,978
2858,2914
452,870
1596,1487
2636,1000
5882,991
1873,1014
5800,400
5898,935
4383,1314
3368,518
2704,1292
4949,944
2158,1533
3636,1272
2646,533
283,1569
1350,276
2544,256
5321,2243
2692,127
250,870
3472,467
237,1574
791,2914
2546,1241
5283,1355
5620,940
5890,2521
709,1569
4229,3075
2694,2802
4083,1560
5335,956
1835,856
2925,2176
5631,725
3502,467
2891,313
84,1867
3374,467
705,2739
3993,704
2840,533
5039,32
4369,991
659,1051
951,2391
2283,615
5782,1244
252,138
3397,2521
2626,954
2389,2704
3055,313
5816,1013
745,421
1593,518
4972,99
1386,225
345,1241
1465,518
5207,905
3937,1869
1827,1099
1637,975
4734,2378
5943,946
3012,966
1928,400
5398,99
2325,975
3909,1110
4040,2347
4384,2157
3224,1007
4881,2963
3778,2347
3838,2398
1200,950
2098,2100
1707,0
1111,878
4201,1110
4614,525
3402,905
594,2079
3546,2347
304,31
5282,1563
5311,49
1252,709
1462,704
490,1325
584,960
3063,2728
5642,2256
730,31
5082,1101
2153,1002
1655,725
5556,2862
4002,95
1459,32
478,1099
1523,956
2118,2297
2926,521
1221,1557
2411,829
1375,2374
1318,1840
48,2804
5684,2616
3172,1866
2148,2297
1685,321
1886,2297
3424,2841
4425,2426
4005,1840
679,1331
2839,875
2512,480
2250,480
5798,1590
5889,954
1054,1393
3041,1009
4223,1918
5033,969
4853,1533
1654,2297
2860,1348
5208,943
1275,988
987,521
1248,2548
2280,480
344,829
3353,2385
4117,337
2547,1009
969,100
2595,491
5937,944
3947,276
889,521
2140,1035
2289,2821
2540,1908
2735,2349
3597,1590
4825,400
1490,337
3930,2150
1406,3083
5694,31
5821,2058
2174,1908
2308,1908
4081,1006
4197,400
2006,230
3174,1241
3566,533
3617,2750
3949,2176
1688,1991
5384,1279
4452,518
4830,878
1292,2176
1268,1590
2362,400
2368,1908
3627,31
5257,2793
3224,2243
1409,1421
3404,898
5600,99
2403,0
2568,1565
1496,1016
3601,99
3625,493
4816,956
5466,1038
1675,1698
2915,2777
396,856
1177,1421
3467,1038
5619,2219
5216,1048
4857,1869
3546,1489
179,979
320,2150
1426,31
2329,1525
5868,829
2922,2793
3544,1793
4998,946
1008,1211
1383,334
3846,2131
5293,305
3627,515
4057,99
1372,1084
2234,2577
1256,909
5638,875
4972,1014
3277,1048
421,2151
1565,324
2081,1372
4449,865
51,1305
5833,942
1473,1674
2113,314
3422,998
610,518
5269,2297
3407,875
1930,48
2017,956
571,940
349,2059
450,2865
2123,978
4134,988
3172,2297
4596,2739
3176,726
1140,2157
1078,1279
5684,953
2225,100
2806,2297
5405,225
250,1248
1892,48
1754,2558
4061,1590
2094,2626
2350,337
564,253
5495,276
709,2297
2175,521
5442,615
397,1244
4294,256
2554,1456
5126,5
5860,0
5216,2150
4730,944
2427,533
1119,2703
1415,1533
2561,533
682,450
5059,3105
2478,2750
1003,276
5777,2567
553,979
769,2297
4092,256
5064,1355
3830,256
4749,31
5199,991
4839,2176
2538,1811
3252,400
1077,1487
5161,2577
4748,718
2267,944
1713,1324
2776,821
692,1272
1881,908
689,974
5780,2218
1215,266
3503,3028
3427,0
2785,533
2467,1355
4886,2880
694,944
3549,1279
2857,5
2325,898
5736,956
1350,467
935,225
4272,334
4867,1675
200,944
3653,1228
2598,2346
1163,991
2753,971
1135,2915
3616,2100
4975,1393
5178,32
1937,1324
2863,1489
2214,1043
5557,967
2764,3173
3045,971
3065,2347
1401,940
769,2915
1173,524
884,421
686,2880
474,2243
1299,2326
1390,0
2228,1099
2951,905
5334,521
1839,2455
813,2059
2573,730
2019,1110
2911,725
533,729
457,1084
1233,1305
3898,2297
2093,2163
4729,2225
4746,1640
4706,521
5830,2549
5090,2739
593,2419
884,905
960,900
4697,943
5093,943
1923,947
3079,1574
615,2558
2273,952
256,2625
1851,2949
5560,944
5627,2920
3667,963
4699,615
1469,2066
4855,1128
5762,1051
4385,1364
2623,1866
2532,250
4064,225
1603,726
3924,1908
1756,968
5440,1939
5444,2058
1963,480
5535,2176
70,2219
4811,1364
4659,1724
2318,829
3911,518
1450,2739
3831,0
5474,2058
5699,2176
1573,860
4403,1919
4944,2243
1078,100
5880,467
2839,127
1596,2914
2289,2878
1525,230
866,1348
564,229
5872,10
3892,2504
5222,1032
3518,950
4025,0
1881,400
5709,2059
5747,99
5790,1489
5908,956
5217,1038
22,1908
624,256
2569,400
4117,878
3955,2802
3583,944
5455,48
1721,276
1795,225
4106,719
3224,1011
5930,314
847,1590
802,127
963,2704
3631,961
5545,1038
238,1667
5430,2219
2888,1038
4562,2409
1986,2398
4781,992
3129,1100
5479,3020
5151,710
5292,1881
3001,2793
812,1730
5571,515
3798,2548
4952,2163
4990,2455
652,2946
1313,211
3192,1048
4581,715
1783,2577
2583,940
5291,2568
3644,3020
3141,679
1092,1905
708,976
4882,828
2221,709
1665,2706
438,334
5789,943
3306,1685
2712,946
3873,978
178,2100
1594,961
3829,679
1021,1099
1187,48
1247,99
3954,2256
5115,598
3669,3026
596,519
3851,2508
5086,2297
2025,1305
5896,1348
1673,99
5373,2704
231,956
5752,256
801,520
3189,480
3887,229
2782,1260
3501,193
1544,2671
3219,480
2618,1014
4600,286
17,946
5701,1206
4684,2616
1683,1675
4391,1051
4049,533
2910,1014
5901,2176
2884,732
4343,229
387,1014
3044,1364
1063,1004
5841,31
2583,1908
2201,860
4176,1405
1246,896
344,2256
244,1086
1018,480
813,1014
5296,2567
4349,20
1754,521
4675,944
2966,518
3619,1837
86,1035
1402,2698
4750,714
3865,2243
4752,760
586,45
2893,1329
730,1487
4577,944
3627,1324
2868,1272
5144,991
3387,1837
4830,2521
3356,1211
2411,1935
332,286
4827,3162
2502,518
3075,2100
845,1036
2020,774
4327,2058
5413,253
2623,1976
5703,1520
2459,821
3243,2623
490,2915
4149,3075
2717,1237
5399,1644
4817,730
1312,1976
2464,10
5633,2979
5719,2753
2127,2310
3135,2100
1392,400
3797,2219
5023,956
5428,2173
4301,971
5300,2927
2807,2419
315,1355
1178,1730
1943,1038
5067,100
3674,2162
3970,992
2029,31
709,878
5566,952
5748,434
5543,968
345,1355
5904,947
4357,2569
1996,1022
3479,1105
3627,1003
369,2880
2430,725
2554,37
4210,48
2017,2249
1060,704
258,16
5270,967
3803,828
1719,1279
2896,1844
3880,294
5690,1903
4145,942
1165,878
2825,99
140,1084
3977,2297
2333,3020
4785,521
2264,971
3612,829
361,679
2579,982
3478,1014
1429,2240
5648,337
1492,310
1535,946
4815,521
3995,193
4318,3098
1568,1244
2437,875
420,2548
5495,1569
4431,881
859,905
1380,2297
2557,2862
1156,2589
1598,1244
1336,1244
2068,604
576,967
4760,9
2838,2508
523,3026
5350,225
1397,557
4867,256
3638,1221
4731,2058
5184,313
3248,2914
4256,2704
255,336
962,1918
3856,518
3441,276
5437,944
1772,969
1854,1533
947,2549
4635,1195
2363,2349
2987,2176
4554,1206
4094,467
1546,225
3376,1355
2926,2058
3666,2622
321,1117
4359,334
4050,518
2776,20
1960,400
5898,2419
5295,2880
951,2802
1646,1903
2761,1590
2434,1195
3800,878
4428,2167
238,1590
5078,2249
1332,400
5532,2419
107,2827
5534,48
1383,1119
1005,944
3524,421
4439,986
987,2058
5765,1085
1917,1211
2056,57
2086,2151
3715,1305
4205,940
4906,987
5726,726
4465,1244
1634,714
2762,2326
3849,2409
4589,2219
1017,2243
2147,2962
3097,1084
5001,2163
2944,1027
5635,988
5481,521
1828,1869
4300,2466
396,31
4966,829
1452,2521
2560,1037
3716,725
3454,725
4626,946
3495,2419
4837,2297
3658,905
192,2079
226,909
5538,1563
4543,480
7,986
348,2218
3136,1331
1353,956
689,1730
4106,2549
5555,604
3634,2739
2074,2409
1441,961
1356,99
413,869
5270,943
359,2326
5686,2349
2177,2133
4073,2385
2092,490
3348,1348
1475,521
5010,615
3127,3042
2649,34
3629,1748
1898,1563
5333,1241
5033,225
4235,1908
4247,979
5818,909
5441,959
1600,2256
91,952
3465,943
1933,1907
3115,2816
128,1773
1315,3026
293,1840
599,2297
3891,943
629,2297
5554,31
4795,945
3952,256
1873,1051
2778,928
3262,718
3074,1421
2936,1487
3286,2243
882,1026
2299,1051
4504,2058
3846,2058
3553,493
5568,2157
4031,2777
5407,519
1384,1021
3087,878
2407,1119
4103,2249
647,1667
241,979
1488,31
4412,725
4971,2409
3176,519
2873,518
2598,1976
4676,956
1546,2079
3288,1110
5397,2409
769,1606
4642,32
4387,1203
813,400
58,467
35,1237
90,944
2065,1489
173,2110
2232,848
2715,1756
1775,2824
1489,740
1344,1325
3867,1675
1017,1869
332,1766
3091,141
685,2793
5495,2297
4170,521
5185,2256
4,2058
5341,2769
3018,952
2490,2553
3457,2342
5773,2426
3994,480
5163,2847
4074,1348
4838,54
1019,1110
439,2521
4632,1117
2986,1013
42,606
5403,1903
2829,275
4498,521
5434,2155
1978,1573
3405,34
4762,944
2604,2385
3980,127
4240,1020
5399,225
1538,2590
5146,533
5560,2802
427,1332
268,521
5269,2037
1657,942
5710,467
5128,1051
439,3005
2297,521
5690,0
2867,1051
783,2256
1865,1241
432,521
5334,2058
1937,1117
1648,1014
5921,1037
5575,400
4110,334
4134,728
5001,313
2220,1590
2897,1051
806,2775
2514,2976
320,1569
5096,2243
797,1908
5320,416
4160,986
3703,518
4200,1324
4523,1011
5774,1525
4743,31
4409,909
510,2790
2585,533
1551,276
1894,615
2348,31
1064,1097
4432,519
2437,2705
5350,1355
2125,898
5076,32
19,1590
2794,2750
5185,2419
5476,905
5214,905
971,2976
1906,975
3518,714
3325,1073
4959,1325
3935,1002
3831,2342
950,5
3986,940
554,944
4611,211
4660,1793
5387,3061
1532,518
3146,1084
4911,99
4589,48
5379,2419
258,20
888,1355
2911,2880
1161,2453
1947,1110
694,1489
334,954
1569,935
3487,946
6,334
367,313
1678,878
2765,961
2231,2747
403,909
3515,900
2586,2157
2183,986
2719,966
1802,1294
4907,2558
1161,709
1070,32
546,32
5630,1051
2693,1623
4926,706
4642,947
5786,1564
4679,1014
3292,1393
1727,2409
5839,1575
3892,2297
576,32
3216,967
1330,3123
4998,1117
1737,1003
2733,998
2370,946
5358,871
896,1326
919,2249
4056,984
5399,2750
4582,276
1820,1014
5664,954
5238,2243
5286,1533
4412,1908
487,2568
636,1348
241,2512
1464,978
757,1116
4277,2622
452,480
1292,871
4380,276
3125,20
5052,1837
1232,978
3529,1574
5307,1016
2989,1071
4473,975
1290,3026
5832,1022
5921,313
4135,421
655,943
4904,2100
1141,1590
4760,631
726,1533
4428,2521
1343,943
5494,976
3141,256
1420,759
2282,0
1786,2802
2505,45
4989,2157
4949,1038
677,1590
2563,400
3781,966
3588,1325
2206,1294
1805,950
3284,1099
2270,2218
3163,3024
4161,2126
448,225
5323,2568
3325,2793
5782,638
2753,1813
1261,2176
4957,2218
5050,2409
5741,48
2496,467
2666,878
5071,253
5117,598
5445,2157
216,225
2653,2521
932,3024
2647,986
3122,1279
4674,967
3280,2619
3581,1793
3782,1325
4046,3061
5262,1110
3,467
636,2100
2033,719
5190,2173
35,944
1960,1372
2756,1279
2346,2347
4278,2256
4261,397
2051,709
293,421
5840,942
5747,1128
203,878
13,0
2055,2521
1836,905
1041,2162
2859,1003
1893,2378
4496,2492
1999,1084
2637,3061
1705,48
2524,905
1164,633
3179,2297
3698,2862
3848,1116
2132,1963
5580,1903
3212,875
2131,48
1456,633
2614,956
2947,2297
510,940
5076,276
702,1110
571,2347
2805,1840
2356,516
3274,598
4883,1574
951,2753
5445,2775
3182,1009
4697,1569
5576,225
4879,1051
4809,1221
877,710
2840,2184
477,968
1583,1101
4878,45
184,2409
492,310
1385,1116
1080,480
4232,1590
5184,2976
4086,2704
5161,1272
2944,2133
466,967
2362,465
2386,1051
5044,1626
2656,1851
776,2297
2352,127
1804,2739
4767,944
3192,1272
4809,1355
5676,940
600,2256
669,1272
744,2385
86,2385
4097,718
365,2739
4262,31
2500,533
20,984
2353,2176
2518,523
5391,2218
3920,1206
5078,940
5521,2449
2617,128
3556,1279
175,871
3593,2100
5924,1526
2940,0
1357,2719
5830,1110
2846,2058
1337,0
2213,3054
4701,966
2394,3065
1618,400
2664,482
4833,1270
1447,518
4898,2419
5153,1248
5409,3123
863,467
2456,718
709,0
2508,319
4378,2568
3569,709
4222,2028
2482,37
3134,1131
2248,3024
4025,1110
401,944
1304,940
225,718
2916,679
4461,1640
105,20
769,0
2690,1248
3552,489
4986,1619
1239,299
4871,2800
1316,519
5323,1389
4237,942
5659,557
2259,99
3257,2419
5093,1866
2890,905
2002,2163
116,909
887,32
188,31
4024,1773
2869,967
2616,521
406,2553
892,2419
1065,2347
2674,2569
288,211
2046,2219
3187,875
4334,1009
1187,1963
2828,942
5866,984
444,1101
3812,2775
3072,521
4281,1533
281,1110
2414,521
3295,2256
3869,276
3454,34
1592,1086
5593,421
455,859
2629,301
4295,276
799,2739
5024,1590
3258,2350
460,48
3242,127
3006,1348
5487,533
4063,276
164,2349
4125,1908
5218,493
1205,3026
5079,334
4545,400
1026,1748
3887,400
2775,2704
3349,2976
5928,252
5251,1730
5193,971
2168,2827
3682,533
4913,3024
4499,940
665,1718
5717,1479
1868,2915
547,127
5814,99
3030,324
1731,2802
5457,212
2613,975
3616,421
474,1719
1475,2058
4476,2218
3330,966
2149,467
4198,961
3377,31
4964,2157
57,276
4975,1003
2998,385
981,2058
4417,2927
1521,1248
2641,1279
1400,729
2173,2342
3844,32
2379,2218
4096,253
3266,1489
5826,967
1890,714
3586,1844
1824,2346
5712,2558
5359,942
940,313
3409,1393
2762,1582
2409,2218
5765,2569
5035,1003
2550,1110
4093,1244
3460,1331
442,975
419,991
3022,1105
3091,710
5224,875
5689,480
231,940
1313,679
2392,709
2658,828
3642,32
3755,875
5216,2862
2848,1110
1473,3004
3914,2036
2587,2466
5291,942
2038,2409
5751,1866
3249,2558
379,2100
4613,2949
3643,2862
2550,1244
4582,1569
2448,967
1205,2034
1032,1325
1837,32
5772,1780
5393,1195
1799,679
5155,276
3637,172
703,2173
593,2163
4923,276
5076,1272
4473,979
767,1003
572,2225
1988,1086
4097,2385
1905,1051
1866,1096
2303,1097
2728,337
228,321
4448,1272
678,557
4816,944
3150,1908
1911,465
1895,871
459,2297
2900,1329
2949,1221
4429,1006
523,1908
1946,1748
4579,950
1502,953
3946,256
4784,1355
5389,940
227,984
5263,2521
371,2426
5732,1279
2652,45
425,1908
3054,991
2469,2058
158,2318
1616,1590
2801,518
711,400
2630,821
5034,725
1515,2827
5499,2747
3209,878
5449,940
875,400
3239,2218
5426,956
5030,956
3268,1458
4135,1043
3972,1022
416,990
2880,945
851,1103
5634,1228
2351,1355
5114,438
874,2218
2799,956
4031,1228
2757,730
4741,48
442,467
4458,3143
1300,2218
4464,679
978,2167
2034,493
399,16
1223,1217
120,1355
3957,2568
4628,521
4325,520
1464,1279
4569,99
3174,1526
5012,2739
39,2490
515,2419
5762,958
4348,480
1137,2173
1028,725
2536,2558
1601,1526
5472,1569
2120,2091
451,2003
917,1244
5781,45
553,967
959,2409
3067,100
5854,2775
2046,48
5284,2622
554,2131
1020,1372
4330,1348
5123,984
4480,1292
5342,533
226,730
2934,860
5067,1991
2449,2508
637,1203
673,860
2249,942
1853,942
3403,557
3240,2256
2961,2841
4903,994
487,2548
1958,1116
2049,480
2966,1872
2541,942
5771,400
1569,2472
1453,2297
5782,0
5140,533
5286,2802
5673,996
3844,276
3918,225
4611,943
3303,861
3778,1908
4588,959
389,2548
2643,2508
2996,1872
867,860
5745,1811
1517,1908
1483,2297
708,988
294,1348
5328,2058
2468,3042
4333,975
5074,421
901,979
2476,1590
3966,400
5845,1237
5504,944
2038,1364
3505,944
3461,2335
4658,334
1836,856
3458,2037
1939,45
689,2385
2506,1590
439,1456
2613,898
1223,225
4444,940
3927,2865
42,480
4185,1211
4787,1279
3533,467
3733,2218
4158,704
5025,1043
1829,1324
1292,1119
3695,421
4159,1279
508,256
4813,756
1620,3028
1221,313
1940,0
5742,438
2412,2439
810,944
4189,1279
3931,489
5051,520
4431,812
4142,709
4020,2409
343,138
3182,2249
382,1032
2636,992
433,31
569,858
1615,940
2750,1279
4442,947
5137,48
5133,2558
885,313
3834,2003
1779,940
951,2249
980,1489
1783,1813
3548,2548
5069,2923
4336,1840
4836,2163
803,1038
1112,1793
3314,1563
1774,946
2832,99
2906,48
4380,2297
5082,2569
123,2218
215,2157
3332,48
509,1099
3691,516
3327,993
1255,515
3615,871
5796,1292
3149,2569
482,942
3899,1569
4312,984
4900,1908
710,1331
5376,1837
2559,2703
1819,449
445,2753
3785,127
5245,2478
2898,829
4546,225
2861,947
5278,1837
4815,615
4531,856
842,480
5323,1206
2547,2827
1802,229
2092,3186
5822,2058
4103,944
5794,1730
5256,334
1698,2508
533,1014
872,480
1321,306
4805,2155
4710,1329
3039,1195
599,321
3698,1016
759,953
4563,2218
215,2775
3473,1837
3726,31
1964,533
1000,1015
1375,138
1881,2750
1831,943
1975,2385
1579,2385
1909,45
3719,2243
639,1009
2745,2037
1397,1590
1486,127
1216,266
188,1487
5060,1869
306,984
2150,1046
2775,2037
3873,966
5323,2629
3535,1910
4357,32
540,225
5811,2568
2667,760
958,334
5199,2162
87,1569
5603,525
2096,944
5327,2347
435,0
3133,940
1742,1355
1415,960
4409,730
5207,710
1217,975
2879,2521
1445,3054
3343,935
3580,2568
2352,725
3214,2218
660,276
4293,905
2209,2110
499,2802
5499,710
2909,2521
3611,2793
2022,971
3317,1003
4069,638
2608,314
1088,2793
618,400
1714,37
3692,99
3601,1701
2179,1305
2652,1525
520,996
4281,679
4033,1331
2720,905
2324,905
3408,1279
4121,397
4511,3026
89,2880
2747,2701
3910,1116
2595,3061
234,760
4217,1044
2076,961
2676,956
3271,2297
5534,276
3261,828
2576,725
1172,935
4031,480
4115,1117
4243,521
637,2065
4902,2385
528,967
4377,2914
4675,127
5698,225
5758,276
1908,521
2872,978
2914,1389
5665,2155
4443,127
1781,2816
4415,2243
4095,2827
1519,2816
3084,2150
4533,959
293,2739
17,2841
5368,1006
4256,1590
2045,953
1950,127
3435,1976
4144,975
1492,1908
5160,2346
4955,2880
1832,256
1906,959
943,1851
3597,2684
5357,1355
5104,909
2862,20
2519,31
3203,2915
1651,975
3188,1294
371,2914
1207,3186
190,1590
5374,2059
145,127
5647,905
545,1000
2730,1355
2518,718
1155,1683
2505,2176
4401,1674
4470,1279
2833,729
3587,2100
4881,32
3039,16
2627,1011
2799,2249
2083,2079
972,821
1758,1730
3,959
579,2058
5710,1203
3376,725
3092,966
5613,489
1709,2218
2687,99
1513,1525
936,2453
213,2058
1147,421
4182,946
5415,100
5112,99
1285,1294
3599,1305
1257,0
919,944
5454,967
2979,1038
910,2521
5695,275
5036,1393
2756,966
2200,519
4340,2821
4290,1014
5936,337
2761,2249
3143,99
2747,99
2485,99
3899,2297
5105,1348
3926,710
3490,557
5424,1101
3223,967
4553,1774
4398,705
2660,1793
3520,2651
1927,710
773,314
2363,1048
3014,978
4178,557
2064,2297
2432,1003
1490,1244
4919,942
1039,32
3501,2385
3093,870
3979,2949
71,3024
1012,2558
1001,679
3045,829
4035,979
2961,1101
5332,1646
1574,2419
5455,898
1341,905
5567,2802
25,935
1273,2841
5116,1590
1313,927
1366,3005
483,2163
3743,2052
5873,256
2674,1020
3759,276
5791,1355
1359,521
1317,2739
4476,856
5737,2058
2961,1235
1178,860
1648,1563
487,942
616,598
1493,871
319,2297
1817,968
3744,533
2042,1086
3390,944
883,1292
5696,313
2511,975
3407,1298
5463,2963
4539,400
2303,1211
5942,719
4892,3147
1115,2739
1428,984
5296,1510
3420,944
2350,276
1675,861
2162,979
1487,1564
3190,1421
208,722
4019,714
3814,1248
2504,1093
5534,520
3599,313
887,1195
5718,48
3450,944
1125,20
4629,2521
1409,718
729,959
2517,2617
4377,1869
2804,3024
5743,643
1919,1355
40,1272
2648,1730
4584,2347
2116,1869
1560,2176
4732,2218
4806,2167
5178,992
5442,1038
4546,900
2615,2347
1075,1730
5944,875
3860,1326
4265,99
2124,16
290,1581
2196,2521
272,975
1941,1248
2467,1294
928,1279
3969,2558
2664,2747
5859,521
928,2218
962,1048
3723,2502
1772,99
603,1869
3860,521
3426,1003
667,2793
1376,1038
4812,1907
434,2218
508,2167
371,1869
803,1526
3497,1004
4525,2385
4628,1574
2722,2297
4190,1348
4935,2256
173,2419
918,294
2037,100
545,2183
1434,1527
2739,557
2343,557
232,905
1823,521
4949,1908
3091,450
993,1003
3771,1872
4585,2385
1895,3026
1810,2164
2586,2385
5722,518
1177,1470
1316,2568
1987,521
5046,878
1195,1487
4512,944
1041,1020
1281,480
2843,856
1249,942
2431,1851
5486,3028
3163,1211
5030,533
3455,861
335,1918
4239,943
3029,2150
933,1086
5451,940
4792,2058
3723,1026
1111,2297
2202,1590
4951,775
3168,400
1285,2827
3494,1324
1398,2704
118,2980
5880,1211
1578,2298
5757,996
1577,2827
2356,313
4735,719
2737,944
4875,2419
687,225
3238,1869
2522,2453
3989,1279
5854,2218
4768,1017
4458,37
874,990
3890,519
4046,1032
1069,677
2258,313
4899,719
1979,898
4233,858
5425,2455
3627,1048
2901,944
985,979
1837,1195
3727,878
3998,1341
4459,2490
2930,719
3494,2747
1142,0
3048,940
880,0
1429,996
4264,679
4019,2568
3991,520
3641,2393
1497,2793
911,225
838,878
4952,679
868,2218
1988,2249
3189,956
255,1991
2729,971
554,2058
5289,449
5459,860
1485,2567
1264,878
5044,1557
2196,858
1663,1526
3631,900
5924,34
5423,2492
782,730
2268,1084
1586,2218
4989,2385
5619,337
141,1084
3978,2297
893,719
5134,2739
490,679
5560,1046
296,3065
3425,2471
2134,2558
5298,2739
669,48
3079,521
119,520
4716,1421
2154,1116
2603,942
1209,1840
326,32
5515,1811
4864,1292
684,679
4302,276
5110,944
1245,2409
5063,1128
4545,384
2012,1009
2540,1128
3493,2739
3527,1569
5908,2802
5581,2407
2234,829
3029,1292
5813,2915
3528,1390
5188,611
5700,759
5738,1051
5294,256
3251,1462
5286,2058
1165,1086
1216,1051
2035,1908
4454,400
3555,718
5477,848
1468,871
375,943
3993,1294
3029,1776
3380,313
4809,1099
4191,2218
1500,5
5751,2521
1980,615
4148,2521
4019,421
1909,1903
3413,611
405,943
4187,5
4174,709
3181,2705
5065,99
1875,979
887,313
5842,730
4356,2793
4810,519
1253,1575
1970,2155
1266,1248
3513,37
2945,519
5548,633
5592,905
5726,905
4754,1526
3938,940
4347,2865
5532,1793
1018,2058
4937,829
1231,1011
3903,730
5045,520
3109,1623
1042,1489
3695,966
1635,2003
5434,480
5763,921
3686,99
2872,1279
4162,967
2823,2326
4306,2409
4544,480
5158,2625
349,1279
4153,100
3394,48
5362,1866
5544,1348
1115,31
5638,229
3293,2625
1818,905
5653,1291
1616,956
2435,1813
2502,3035
5818,604
1702,730
5840,1117
5561,1702
1536,438
703,2157
2174,725
2327,967
5497,1128
5,314
4898,2297
5944,127
1186,32
1704,961
3987,1851
1499,2249
5551,1364
2507,3005
5700,706
4533,2549
5178,1533
1678,679
4766,276
641,2568
3001,480
4279,1851
5757,1590
5915,2176
457,946
1327,48
3295,1866
1750,905
3426,2349
5143,384
5349,2704
5936,20
2960,829
5728,256
4350,2441
2013,726
1476,521
713,2979
5825,1128
679,1116
3721,1866
5634,1533
3615,127
3386,829
1684,1574
3539,1071
1534,2569
280,1003
4165,944
985,2512
5495,1724
2007,2385
4668,225
4924,1908
1429,1590
683,1019
1154,604
4674,2110
1553,875
711,34
1255,2349
527,856
4627,759
2099,230
1440,1348
5160,1976
4984,996
2297,1908
498,276
694,1908
2441,2037
5051,878
1489,1590
398,45
2562,1051
2467,225
3721,256
5548,1869
3748,2079
88,2256
924,276
5404,400
462,1908
5544,2100
5464,1582
2953,276
2650,467
1698,20
1777,313
3262,1031
4012,31
5037,956
5386,1110
4274,2660
1228,256
638,979
4075,730
4543,606
1807,313
2335,2684
1528,898
5663,987
1654,256
5933,2568
3104,2111
1908,2058
2184,421
2233,313
1723,211
2581,996
2589,2577
4385,905
4373,521
2623,2346
3287,2326
3633,519
740,2521
2324,966
4576,99
539,518
1432,1324
4123,1285
5879,2466
4635,679
3611,1110
1209,2218
467,1581
3533,638
2638,725
4284,48
2890,946
4401,633
4497,1095
267,2058
2791,2256
1805,2979
2472,32
3817,2625
2977,2419
5527,455
1774,633
5654,2482
3923,2297
1006,2747
5670,2426
1351,715
1266,2297
3629,480
3953,2297
5771,384
5620,1908
88,2419
4961,3026
5711,1272
513,1659
337,679
1869,3098
3330,978
2834,3026
2733,2385
1570,1526
570,99
3009,748
4404,2704
2998,2841
1875,2512
3910,856
2151,875
5313,421
4711,1292
2827,865
3124,2549
2754,1518
3862,34
5481,944
1713,2719
1938,1117
4340,975
3955,2827
2582,2350
2902,1574
1143,95
4277,1565
3857,225
2057,435
3103,517
2196,1533
5104,31
4904,909
1388,276
2673,2626
1870,959
3052,2622
3203,2037
5032,313
5807,1063
2238,604
2929,2407
3617,2027
5537,421
1273,861
3396,2058
5288,848
5324,313
5115,139
1467,2797
3596,3028
4002,2218
4358,1099
4407,991
282,2529
1001,2216
1967,1026
936,286
5031,37
3308,467
3323,775
50,1590
5661,1372
5621,253
5769,905
2565,1325
8,1364
3382,1355
3012,324
1637,1272
3853,940
3421,2249
3727,2521
4711,971
1461,1046
3074,421
4263,57
352,615
3144,2880
933,2058
1714,2623
2844,898
5537,905
1533,518
4017,940
1969,1048
847,944
981,944
4756,1279
1501,421
4012,946
4884,875
4694,751
3673,2419
815,1032
5088,1055
3818,2019
1867,1279
4665,1110
3171,2558
2267,3091
4459,2173
5197,1348
1442,2419
3947,1244
2233,1228
2090,2640
1749,2347
2198,2173
2437,469
372,970
1948,1244
3935,860
225,1674
264,2568
457,519
3500,905
5380,1590
5621,521
5865,881
1210,2419
4844,829
2336,952
1704,2173
3879,1840
5364,306
608,1038
1505,1963
1062,1393
4467,2949
3942,95
4038,557
1374,2419
1403,905
1007,905
200,3091
3390,521
878,525
260,1644
5131,1020
2612,2297
4372,968
4064,815
3024,521
2396,952
5683,944
4217,276
1255,983
1838,3061
644,829
297,2219
453,480
3216,2569
3450,521
2673,829
4282,1051
4582,0
927,521
4590,615
4935,276
1793,1574
3401,605
1219,521
2,557
1285,1518
2565,1272
2760,959
570,1014
4219,2176
2216,337
4712,1520
3644,898
4862,2218
4533,996
1535,1292
2341,2853
5457,334
181,276
162,34
4804,2398
2295,1919
3083,1211
4979,709
218,1097
3691,313
1153,1348
4188,1119
2483,2155
5600,2490
3593,909
3927,31
4847,940
5586,1279
8,856
1622,2176
3370,1776
2259,518
1292,729
4272,1355
2837,0
2219,1119
928,1206
3264,976
2616,940
3390,334
1299,2058
5776,2665
2930,2793
3641,1084
5099,1110
2212,1237
1870,719
2314,2453
2208,714
1775,832
2267,1294
1599,606
3030,2219
1629,256
662,467
5353,1003
2197,3157
3,996
1451,334
5258,1116
5406,1014
800,0
746,3147
3294,1110
4345,2502
1729,2126
2204,2419
1392,1043
5775,480
2736,967
5079,1908
4318,1029
2573,946
56,606
1621,2219
3028,1526
1968,48
3046,2297
221,2521
4989,860
1007,986
4133,875
4874,321
2807,1907
1045,2409
3472,2297
2456,2589
2967,849
2003,1331
193,99
616,956
4569,1563
2542,2548
4909,2385
1640,875
1366,2558
41,3061
4845,1811
827,1526
2255,2841
1983,2153
3738,480
4955,1575
2842,1096
1204,321
1948,1004
2534,1101
4562,718
5753,400
2164,1009
2888,286
4001,1590
1902,1009
5241,225
5394,467
4766,898
4464,533
1534,24
3578,2426
2204,943
3417,1919
2264,1748
428,49
2722,2037
1639,2827
2661,256
1267,1908
4873,714
2099,718
2923,1919
1882,491
285,2750
3540,1329
775,2385
3363,878
2320,313
2939,2802
4419,924
5929,1110
4876,611
6,1241
4209,2777
2978,2915
2238,661
987,1867
1675,1487
2182,729
1205,225
4990,1248
3506,940
4870,1331
3068,714
1809,1278
4145,1048
3076,16
1011,517
88,1000
5014,679
4124,1110
324,718
1154,421
1723,2793
3151,725
5220,905
1880,2218
1002,0
4782,679
1974,1099
3588,2419
4985,1038
151,2079
3193,2829
3353,832
257,31
871,2176
2306,1279
2672,848
5733,1840
182,611
2872,909
4988,2625
34,898
4976,521
1469,940
897,714
1088,1248
1926,2347
1903,643
2440,2568
2784,2378
4993,875
1612,467
5768,871
86,2377
5323,1918
3341,956
5476,2914
4070,2297
5140,521
2087,1110
2937,1280
1154,905
2879,521
284,1022
1893,1244
5089,2626
548,2034
3005,633
1659,259
3312,3005
3034,2502
1609,1835
814,2126
1318,905
3842,726
1885,952
239,2568
1703,2409
1697,1840
4264,2297
3293,1800
5554,2739
5867,984
1610,905
2265,2297
3734,2482
4806,1533
230,920
4194,1908
455,1038
269,2568
5580,2058
1779,310
177,2979
4796,1195
553,2512
2154,2816
3365,521
3258,1590
3898,984
2056,968
5744,2058
1065,3010
4602,1487
723,48
2904,661
4528,225
3245,173
4913,975
5341,2176
95,829
1161,1563
1706,1097
3485,10
1652,1800
5822,944
4356,276
2038,2775
5162,1837
5917,1181
592,480
3110,2176
3086,1590
4479,467
5818,2491
404,1533
3895,1355
2869,959
2468,615
4498,867
3851,1248
924,256
4610,519
3898,313
288,2297
3295,20
5012,2219
3871,1119
1107,1811
1241,313
3476,31
4384,1869
750,1015
911,1872
895,615
5930,961
3387,898
4477,2218
1863,225
5507,1043
3366,960
2149,996
1380,256
930,959
663,615
1244,2058
2044,421
1781,950
4841,2471
2449,2577
693,615
2521,1110
2643,2793
2729,1813
1772,1022
1816,1294
2526,2393
4040,99
2305,704
3778,99
399,3147
5375,469
1407,493
4509,2240
4934,726
1582,1248
173,1114
4042,1084
765,2157
1517,1038
3469,633
4771,2775
4031,521
2293,828
465,710
3827,1630
2235,99
2756,710
4022,2256
3418,829
3540,2512
4439,100
1597,1101
3936,2862
223,961
742,1526
5593,1031
706,2219
3038,557
3051,2482
4986,1908
1336,521
1952,2739
3385,1015
4028,1646
1670,3026
1240,998
1875,48
4555,759
171,905
4223,20
2247,2256
424,2482
5872,2243
2381,943
2787,2385
5698,400
2899,2037
3241,1020
4375,949
4616,1011
464,726
2078,1292
270,860
5898,57
2188,871
2379,1405
5666,2151
4417,20
2546,1518
985,24
5191,2797
4336,31
356,230
2179,943
1212,1908
4492,729
5703,878
3132,1211
5890,704
4053,1032
5168,719
3560,1099
2512,944
2153,1011
5041,1294
632,1575
1733,1364
172,1590
1,954
1771,1067
26,2704
2634,3162
3573,1869
2561,1371
4472,211
5690,777
2410,421
3926,1206
4263,37
5089,2065
3072,1294
3070,467
673,421
2142,606
2068,2377
4316,48
1137,2218
159,2802
2647,714
2624,730
2751,2003
1925,729
4668,99
3695,2747
1496,996
1523,1099
2613,2419
1090,1217
517,1355
3886,1002
3631,2173
5410,1086
1110,2623
1047,1520
1656,2567
4114,48
606,996
2898,1248
3068,905
3885,1127
5387,1260
1868,1110
1466,2793
2060,2219
1039,2167
4356,870
1474,1341
2922,679
1609,253
2753,870
4580,1517
3933,952
4308,829
667,1248
5682,1908
255,2243
325,730
3128,905
3396,1851
4815,229
766,99
531,956
3764,3186
2854,521
2024,1003
5550,45
816,2256
3813,2297
4642,1590
5738,1035
3666,557
837,100
3681,276
623,521
937,2374
149,638
2845,943
2062,305
2103,306
752,1840
2753,1354
430,99
2969,1918
4519,1533
885,679
3378,1564
5399,10
4681,898
952,3190
5737,944
3809,1908
1119,2549
4579,1560
3080,944
382,943
3895,1278
3506,5
2459,2704
4855,1027
3069,943
4364,975
1578,1908
5187,2705
4595,2793
3408,759
3138,898
500,9
5815,961
1148,984
3098,718
5016,729
3390,2058
3359,493
4971,986
3157,1298
4392,1279
995,2058
5461,32
4654,2218
755,127
276,1590
5555,633
1215,1051
1516,225
5745,730
263,604
5557,679
3024,2058
1796,400
2586,519
1383,2705
5428,2901
1942,225
4109,940
3450,2058
1165,533
2431,2079
626,1945
4509,1813
635,718
927,2058
3379,313
4755,2219
4974,48
5301,2163
2441,3147
3908,253
1449,1581
3693,99
2524,1869
3812,730
2012,940
3754,725
2830,2326
2434,2326
4308,2065
5798,875
1890,950
2718,3024
3696,905
5575,1742
1528,719
2727,1043
2291,1644
5906,943
2096,1526
2811,1279
73,940
2488,1003
4668,1014
1665,966
3726,2975
4003,1563
105,2326
3238,942
1345,961
1003,2163
1838,1244
2967,829
1260,1038
380,2157
3988,100
1348,2548
2173,1907
2838,2297
2665,2719
5275,1560
2465,1907
3646,871
4255,1918
1132,48
941,480
775,942
66,253
5024,379
103,2764
3293,194
473,2297
2417,2775
3393,1364
2498,2205
4364,1272
713,1003
4912,2797
2687,1323
2248,1626
899,2297
4238,759
5019,1324
5504,615
3929,943
1179,1533
1232,413
5463,991
1617,2698
5484,1279
5215,862
4734,0
2404,984
4300,482
1397,830
4134,944
1567,1241
1350,2704
2425,1272
1831,533
769,480
4684,2515
4391,950
2978,1606
4826,878
930,24
4403,960
5261,991
2413,1046
2017,1046
4037,2300
4620,2880
5211,2567
5445,519
2051,815
1781,954
5840,1048
4950,1479
5615,1869
2287,533
4351,2059
882,518
1379,1324
1588,909
66,871
4584,725
4673,16
3301,3147
4213,31
425,400
2789,2218
494,759
893,276
590,467
1147,1324
1584,2079
3000,940
4786,832
498,878
2005,1355
2014,909
1236,615
3512,334
2612,2521
5131,1244
4432,2963
3640,519
5935,480
1168,2551
2893,2167
1721,256
284,518
2756,1869
2479,837
2745,956
5059,967
3245,1279
686,3157
5760,1014
1677,334
3673,1167
844,518
3782,1110
5769,726
5796,829
2471,730
4655,860
3585,946
381,1366
1311,519
2964,1013
165,960
218,32
544,956
2100,1325
5601,337
2224,48
2220,2558
1115,1869
4982,450
16,2126
4554,942
791,3061
1527,2163
1483,1110
5330,759
237,2660
2626,2256
4289,994
3396,1908
5510,2797
2647,100
2447,978
2227,480
62,2255
3868,1903
4839,1811
1497,2297
2921,2739
64,988
3935,1031
4038,2472
297,967
4946,2058
1221,1086
1599,480
2394,943
2440,2816
3260,2555
170,633
3917,1364
4908,2705
5882,467
661,870
4838,1185
985,967
4684,718
1117,1086
5695,991
2995,944
2327,256
2677,1574
2419,784
2737,127
295,870
5024,944
3632,225
500,521
2143,327
4872,2243
2587,718
2303,959
4003,518
288,988
9,1573
5946,1525
488,2739
4385,31
5567,940
3045,256
2963,1355
4484,1730
14,604
4074,519
2704,313
715,1590
5061,960
434,1348
5867,2521
2993,1355
4337,1279
5771,2409
3842,519
2639,2705
1464,523
4559,1099
3291,1355
3317,324
4024,940
592,944
716,256
1158,1355
1698,2797
984,421
263,661
4401,1048
5473,99
34,20
3593,730
3271,679
4470,1003
318,718
5268,983
1801,2521
5241,99
3300,2548
2432,1048
2902,2660
5101,469
763,960
367,960
1561,940
728,1905
908,560
3427,37
2117,2326
3491,961
1938,1048
5035,2451
3010,99
3507,905
2822,48
4558,2297
4530,1003
1153,714
2330,1279
1306,956
3634,865
3315,1085
450,971
4660,480
3595,910
4850,2297
5396,521
2209,1110
254,1217
1496,679
3397,521
3137,1348
5881,943
466,2793
3308,1203
692,1793
2447,120
662,638
3356,870
431,705
2926,2225
5649,943
2221,2409
2778,1014
2081,1840
1129,1393
1672,100
5735,313
3457,521
690,942
2567,952
1845,967
1196,521
1330,521
1587,1840
959,2271
3156,943
4249,871
1228,1907
2551,2297
2298,1851
1592,871
631,870
4401,861
5874,256
552,2297
1875,967
5350,1010
4364,979
5866,2058
3409,1015
160,726
1932,1851
5650,898
2231,1918
1395,865
5913,719
553,24
2449,276
2736,1272
1946,1907
1280,1292
1987,1908
5762,2243
5563,313
1351,943
652,942
4705,467
3674,2171
5011,739
5525,960
4803,975
3987,1355
4343,990
3604,1590
1961,2915
1763,2176
5157,1099
2059,225
1474,1292
3146,2028
4758,2521
4708,714
1672,718
23,1097
1445,3156
3720,960
3719,1674
1906,898
5818,942
2929,996
2956,1099
1908,944
4690,2521
4733,905
5082,1813
355,1031
1950,1355
1645,719
1762,2058
4277,1793
4712,967
5945,875
2431,2567
1280,971
534,400
2768,3091
5022,2297
2847,940
3324,1279
4043,966
4070,2789
5386,480
4584,3010
1398,37
4075,100
4531,905
1998,32
4938,2949
1858,961
4308,2553
1925,493
2100,1248
3861,521
1662,1022
1070,1110
886,2521
1283,2157
2511,967
516,709
3647,942
4185,1557
569,720
4507,2739
706,991
2277,921
5241,1014
972,1110
841,2347
2279,967
4445,2800
4248,943
2044,1100
4392,2385
4046,1748
2652,956
1511,48
4523,2841
3353,1003
4984,984
5188,225
4403,2924
989,2568
3611,480
4674,943
5410,45
5126,286
3752,2590
3015,2297
1590,2569
117,730
5416,1903
2534,2374
4046,943
348,2548
1860,1117
504,3061
874,1840
5803,1036
2898,557
3615,2827
4520,2704
4117,1533
5509,0
1651,2821
4108,666
4629,2058
508,1086
2762,1046
5924,400
948,2297
5073,1698
3292,2150
3273,1908
4078,615
5142,714
1012,1908
3479,1195
5597,1294
4509,20
2554,2571
5923,2218
1807,1590
2772,1518
1211,24
361,1574
4877,1355
3132,1272
2956,1046
1875,943
846,276
3471,1869
2731,1867
4415,1674
2881,1811
4999,944
3104,1294
3548,3028
4224,1325
309,229
688,225
5217,1022
1882,959
2696,718
2854,2058
871,871
3634,2398
500,1867
3134,1294
3958,2495
2214,1324
3447,478
5417,679
5365,489
3403,2623
3869,1110
2834,2880
5485,32
166,1590
4980,1028
1271,0
2840,1355
1205,2571
3950,1048
5096,48
4572,48
41,898
2059,2079
3499,1526
4063,1110
3392,905
4142,2157
3665,2003
566,719
5602,2256
3802,2466
4184,2568
3081,2706
574,2300
3562,535
3411,1305
414,1237
5808,2482
4490,2466
4887,1348
2910,730
2948,1022
5538,1840
1701,2347
1983,1279
341,2829
3409,2548
4506,875
1624,2100
4628,306
5517,1902
2948,1372
3121,3020
5275,1056
779,961
750,31
3533,1244
3876,829
2942,1742
2975,1101
4826,829
1355,905
1261,489
1775,710
2565,829
1478,2409
5820,2976
5738,2385
1508,2409
2896,942
1889,34
3807,45
992,48
3872,2914
3116,127
399,2163
5495,533
1988,952
5362,943
5519,2058
243,310
4989,2243
3063,1590
5169,1837
4706,615
3905,337
4228,990
2371,666
3553,1575
263,531
4583,400
5868,2188
5286,493
4456,975
397,1635
4258,990
5815,1022
5889,971
2535,666
5683,314
3594,421
1638,1811
106,2775
815,1020
1700,1908
148,3186
2001,2802
3021,909
4141,940
506,615
2279,1211
3454,949
5687,32
3336,139
1199,1518
3566,1355
1742,225
4094,720
5613,1022
1647,1119
1683,1338
4950,2398
5368,2157
4509,935
2503,2797
4674,248
4188,1294
3212,2705
1412,2915
2966,986
5294,2558
2557,0
4189,1869
3551,858
285,400
2984,976
2127,1355
443,959
2062,2623
2388,2793
4528,961
3646,1253
278,518
712,975
5944,172
5145,2219
2380,57
5446,1393
4539,2409
4399,1840
3900,961
2363,1581
3493,48
314,2218
2456,991
819,441
1687,2880
2477,2218
2525,946
3261,48
3242,1526
4735,2297
5100,732
5545,1348
1924,2419
1819,905
33,821
4914,1481
165,940
3021,2466
1777,679
2680,2173
5766,943
5657,1939
3464,942
3961,1748
5846,2750
934,525
4022,2374
5687,1939
5372,615
4436,1051
5826,943
4797,276
669,2297
849,952
3596,2508
3542,959
1525,942
809,1526
4319,1590
3140,952
1947,1574
3942,1051
1769,521
3991,943
2500,1908
3632,1010
1211,2630
2539,2775
467,2297
4720,944
3066,225
3912,1939
1283,604
5221,1869
5873,334
5355,2623
4737,1298
893,2297
1963,521
5022,878
3265,1724
4884,944
3000,517
4216,256
617,1086
5933,1674
2698,337
4914,5
1390,1009
5144,467
3050,230
5742,1325
2559,2622
3301,980
4335,2176
4631,1006
5933,519
4914,1294
2195,1005
341,1918
3216,276
2913,467
2973,518
5731,2455
4585,1011
4220,324
3597,1099
4978,3157
2299,15
895,225
2025,944
4658,1489
4825,848
3510,2793
1851,1730
4877,2701
2711,898
3172,704
5099,2521
3488,940
1810,2079
1650,666
1521,1976
4393,2480
2103,611
2299,2243
5638,705
4259,2665
3149,878
3355,946
235,313
4675,1038
3451,2347
3189,2347
2096,729
2175,1022
2453,966
5363,2728
1734,2218
452,139
1472,2218
3612,1110
1159,940
500,2058
259,2346
261,729
4480,1455
2552,2419
5028,1260
4766,2980
2620,2553
5087,1840
2574,2558
4860,521
25,960
685,252
1980,1038
