u,i
3248,967
3480,2256
1666,2568
4293,824
874,1844
126,638
506,859
2371,1044
5244,2739
4518,1292
2931,2549
1355,23
4782,1338
369,746
2726,1393
3197,978
2099,706
3954,203
5929,748
70,1618
1718,1014
3409,1800
3421,871
1629,1696
2914,1040
4163,1481
5014,533
1399,2173
2882,2256
1433,1003
3037,881
3530,225
3652,1908
4772,1939
350,1793
1148,1773
2695,1117
1471,2426
3394,337
761,1512
1936,1250
4907,2514
1557,665
660,679
2647,2739
5711,996
258,110
3405,876
3391,978
2033,1533
1721,480
5897,1159
3481,871
2937,1939
3682,2847
500,3026
772,1270
2038,2816
2245,665
3396,9
5097,1483
1387,2297
3419,2622
1234,3021
5114,898
2746,1590
645,2626
5774,944
3198,933
2353,2827
957,1400
1877,2309
4895,975
2663,774
5619,252
4628,631
5061,2176
458,706
315,2872
1221,1631
2315,441
3003,815
111,598
4290,986
4321,2551
2471,954
5707,2701
3699,518
4950,1032
538,1574
3623,1462
5172,852
5736,2880
235,2704
414,757
978,533
4443,2140
1112,533
2739,2058
321,943
3721,2155
2212,851
5343,1084
1401,1575
5402,1664
5679,252
3526,2818
107,1364
5612,1659
4146,991
2769,2058
178,1015
3003,10
3936,1935
1009,943
1050,944
4674,1110
254,1010
2945,971
3466,2171
4803,739
2815,898
5549,2249
5528,1372
4124,1582
1734,2515
1875,276
2749,1032
2673,256
3545,185
4166,2747
3330,31
3820,2110
4391,2865
827,2750
1070,256
4817,987
1868,236
1723,821
2905,1730
224,959
4234,2100
172,45
1577,2689
1204,606
1257,2684
1295,2976
2730,2079
3850,1356
5816,95
2232,1048
2614,1904
1506,944
3599,956
606,2350
5885,1393
4172,1757
46,441
2405,1915
2003,2100
2332,878
2478,2393
358,3187
936,949
5345,2553
2000,1048
3595,2126
2366,3091
3923,3123
881,2181
3243,920
5175,829
570,1730
4985,705
5809,1906
2204,1228
3198,2840
2429,1346
4631,1116
2888,1860
763,2310
448,986
4572,1475
2724,705
4527,12
3582,736
5478,988
4650,2297
749,1099
4489,659
736,2557
4084,2825
4514,2409
960,730
666,283
4028,1203
1237,1038
3403,1151
4502,305
2239,2511
3206,48
193,1002
332,2100
5254,2569
5624,1348
2267,1526
529,2614
2117,2521
2232,2471
5902,1292
3073,3087
5222,1533
2173,2830
1008,2090
5089,1943
4065,1620
5101,1014
5128,1117
1212,1331
4300,2426
325,1279
738,1448
4580,3005
3721,1029
1190,37
1820,1372
5203,2580
2278,2415
2872,710
3138,829
600,1110
3680,3098
2453,726
718,1331
1823,330
1470,966
4035,2508
1161,2840
266,2927
1592,3026
1115,1906
739,2558
3026,2466
3055,952
178,1767
3383,229
2435,1244
2204,557
2703,2190
5936,256
1937,967
2355,726
2900,260
4557,2216
3894,1872
3832,994
5144,1195
474,947
3151,1010
4025,1574
5121,1211
336,1013
1571,994
1147,2918
2936,829
49,956
4706,1908
4792,928
296,833
1056,521
557,608
4299,995
193,2775
23,674
1294,2564
201,946
669,260
2675,2370
2914,666
4286,9
5816,847
1067,306
1927,1918
3085,1487
4755,2150
5906,740
3452,2412
4431,1272
1919,522
5324,2078
3772,138
1815,1862
2725,2083
3,557
4263,2627
4516,821
5051,1919
1675,1101
364,2256
4393,1919
5238,991
5577,1211
3462,2349
915,824
1696,1389
3270,1590
214,1908
1817,2847
205,664
2758,2381
4857,1272
4469,2853
4913,1581
3921,15
1101,2118
2591,928
891,2308
3320,1303
4872,991
5330,1869
924,1667
2247,337
5927,812
832,2078
3411,1606
2449,2915
5331,0
320,2842
2574,2802
5750,334
8,1035
5646,1674
1276,1718
5319,1279
5789,1228
2631,2555
4876,709
2479,2915
5817,2495
5882,638
1052,1421
4132,965
1203,1590
5057,2218
1776,728
4864,2577
466,3017
4112,498
3659,1684
3287,2078
5014,2521
2366,944
3238,873
3683,1489
4559,2880
4756,950
5258,2100
1149,199
5017,725
5378,704
5161,2167
3757,2377
4710,16
2268,759
1998,898
2760,467
4328,99
3087,1993
2261,719
683,3028
2976,2162
358,2679
644,821
2182,611
3357,2793
5349,2753
1956,1022
2585,1001
4749,2199
3864,2974
120,2514
376,225
3996,2901
3585,1869
5906,2297
742,1514
1287,1048
2708,253
4155,679
1046,2679
4568,848
4788,2312
1438,1217
4411,110
753,1114
3132,1520
4281,37
3179,777
1639,160
942,986
1398,1037
1630,2326
881,518
3415,2747
3506,2111
1909,960
3344,63
4600,921
1604,324
2523,99
5885,1019
17,1581
2288,956
1962,971
1270,2141
5136,1840
5511,1717
3754,2563
4189,2491
4552,99
5691,372
3643,480
3961,3041
564,2100
1392,2511
1717,2079
2013,909
2185,1393
2298,1270
1969,48
5160,1086
650,2059
4189,397
3227,952
498,2419
971,2639
3173,2409
1870,2671
1034,709
1266,1244
5472,45
3295,305
1003,1773
838,16
4810,865
3077,2297
118,858
5272,2616
1218,2866
3665,23
1925,1038
4397,1635
5094,1563
5493,1272
4206,2821
441,730
3276,2133
2288,2029
3100,1907
806,828
99,966
4194,717
2771,685
2425,48
766,1429
3241,2297
4344,661
4946,2981
4206,727
3818,2308
4929,533
2931,2256
5887,1734
2270,2739
40,1675
4097,942
5285,2797
2596,1219
1018,310
5292,1524
832,1086
646,2424
3722,2196
5513,3186
632,274
4859,1642
4709,2637
4547,589
5286,928
1521,557
3415,2426
4552,1872
2561,2514
5376,821
1583,3098
4071,1010
3883,959
2286,1528
3807,1903
1527,1476
4065,441
3689,1093
284,99
2247,1573
3508,2775
3902,2140
1698,2297
1302,2297
4380,2704
4616,1483
2162,711
2265,1590
2092,881
5280,1648
1333,2549
1422,1086
47,2980
1026,1086
2509,1169
778,984
353,54
4539,1421
5027,421
2885,1456
2902,871
4724,2490
166,1517
2786,1046
2528,256
1084,101
4916,970
5736,709
1383,168
2325,1590
1038,2385
3488,5
2906,589
3396,416
5108,2079
2434,1533
2828,898
1914,3187
2845,313
2172,1533
2619,2976
2888,949
3271,2407
4640,1422
4714,1371
1342,517
2420,2766
2432,1837
2533,1889
4123,2623
1337,2802
4857,898
354,3042
3210,1350
266,943
5560,1018
4670,2203
5692,945
2858,898
1576,2037
445,127
624,1590
1264,984
3948,2218
5402,1371
1468,225
1547,518
1132,276
321,1000
4658,1038
3593,714
2939,2176
4281,334
5289,1844
3150,144
4445,930
3342,314
3844,1464
4012,1048
2663,965
2432,1032
4202,2111
5406,2779
924,138
2214,3024
4800,1279
5949,2240
4956,1038
1019,2627
2454,1730
3840,1880
5261,1085
617,2058
889,302
992,1935
5718,2492
1900,1329
802,1811
5248,99
2022,760
3334,961
1327,878
305,1944
1829,2028
4434,525
1230,945
3320,2002
4851,813
587,2007
2080,334
2569,1279
4339,638
1187,1248
3838,2342
3378,2357
3108,2496
408,729
3068,1377
5303,1095
2099,1515
5067,64
2852,32
3091,48
2473,1167
998,945
5544,1157
5676,522
2018,1526
2962,1331
5582,860
5425,2374
5602,1512
4105,1531
4982,1804
4994,875
245,334
5823,168
1721,0
5520,921
4054,253
3493,1906
2297,1099
3097,1906
4069,3005
645,1207
2601,1510
5092,3103
2051,1043
647,1253
5609,2841
1269,1007
1522,3173
3356,1793
5276,2631
4018,192
3118,2379
5759,2785
1813,2568
777,1484
2079,997
3080,3026
1688,3061
1450,1203
994,960
2255,2162
2592,993
2630,1285
4846,953
4908,1831
2731,2091
5653,2739
4216,557
902,1371
2839,1624
5432,296
5492,1101
886,2558
4664,2410
732,2091
3791,3010
31,2983
925,2671
5340,2400
601,2547
177,2219
1801,1029
4364,24
4577,1071
4470,450
2322,1640
1954,1244
2835,2979
2549,2585
2640,2703
2462,896
2510,2630
1424,1429
1023,1085
2957,875
4385,1251
3764,409
3245,1507
728,413
2961,1748
3336,871
309,2681
4638,384
5476,1483
5906,313
2972,1348
4799,2961
5769,15
1488,1040
4621,1908
749,1640
2633,2821
5164,615
2872,1117
3639,2750
2512,2302
806,1393
5009,677
1411,1732
3259,250
2326,2297
5432,1719
3627,1585
5617,718
2401,2821
1654,1086
307,2584
2690,480
4054,871
5077,2659
5762,1072
1469,3026
3050,1954
3546,815
41,2061
3274,127
3410,1708
3408,881
3246,2243
4485,276
3614,949
1862,2139
3705,313
5483,2007
1409,881
1046,829
2665,1739
2202,517
4037,1991
1311,2975
3460,1421
3475,9
4053,1935
2365,2386
381,789
3959,1519
4864,2150
4141,1001
3198,2360
3869,313
4378,2634
4366,1119
2239,3186
4479,996
4116,944
5060,2439
5213,991
5901,611
3361,1011
3194,1837
5368,1279
1987,871
4048,2880
302,1031
3548,1776
3849,950
2727,92
4348,139
5404,909
4912,2167
5578,2028
5948,807
5696,2249
3884,944
1919,2807
2516,811
4388,477
26,574
5623,458
662,1724
1825,2391
3317,2028
5875,679
3817,3105
4240,956
97,225
896,615
3681,211
3538,2377
4606,2218
4935,996
1154,92
5397,2747
1713,1776
2845,878
5011,991
2125,0
2261,1581
1230,87
4306,2865
2138,2679
261,225
4488,2347
842,1668
2721,2505
5343,417
2644,1504
5212,2563
4123,155
3849,1084
2013,1637
632,518
1817,944
1176,2079
3452,1798
3593,1279
1615,2880
5920,2626
2969,1048
4643,2419
5009,490
2872,1869
2951,2162
1428,960
5867,521
4986,2758
1562,960
3360,869
2231,3004
968,975
344,1525
2161,730
1185,2141
2591,314
240,421
1511,3065
704,1279
3314,120
4957,2178
2044,1084
4096,1095
2853,664
4778,900
2210,972
979,1110
1414,1038
1051,986
2692,2409
4187,1563
1656,571
897,519
3631,1116
766,1002
5107,28
3725,751
387,1356
2763,2999
1659,2158
1719,2963
222,730
3812,2975
1909,2306
5768,1026
4527,2728
4325,1281
4743,1040
3853,2225
3863,2913
4634,2036
5088,2206
19,2249
616,253
409,714
1909,212
2742,967
2093,521
2055,37
4109,875
1500,2636
2541,2374
1026,2753
4207,2349
2222,2779
2440,1918
3830,1810
810,2347
3797,1138
839,833
1958,1393
511,967
345,1429
2623,1029
1045,1840
4209,301
5840,1036
5931,400
2362,2385
2577,95
4936,1569
2241,1866
3578,434
1279,3175
3440,2190
1998,2862
3414,969
3596,2703
2589,2549
2896,979
2975,1272
4219,3059
545,1086
889,896
2061,1117
2279,2508
2164,306
5125,128
3751,2432
5891,570
3453,2775
5371,2786
2162,2862
3361,3186
3980,949
2588,984
4448,825
3226,517
3231,861
5868,1525
4049,1493
1525,2426
1655,1718
5753,986
419,1512
5768,1294
4519,826
4383,965
5861,704
645,1451
2057,2822
491,984
3053,1097
602,34
4938,2880
306,2924
2833,10
5498,1002
1924,199
5557,1582
2233,1708
1923,728
3153,2617
3227,2566
1134,1965
2956,1514
5549,940
2875,2114
1164,861
2956,2453
5812,761
800,1338
2850,714
2905,421
3046,2346
4553,571
1779,2827
5184,2131
536,1642
3369,2218
5783,181
84,1518
5512,2347
2635,3162
474,1703
3027,10
291,2750
2937,1248
4157,2449
2861,472
4972,1844
730,2797
2198,1848
2117,728
485,522
4795,1393
2652,1237
919,225
824,1119
1228,980
3408,991
4979,921
5772,557
3834,3085
3899,1228
5678,141
3677,2347
1731,1042
1679,852
2209,1606
562,2058
1197,354
5572,2374
2123,519
4068,633
3430,376
3920,2455
4302,305
3543,253
5143,921
738,944
3074,714
5118,864
11,615
4974,1085
349,2300
1651,1813
789,128
288,2586
5018,633
3373,1131
3311,253
1010,2167
3593,905
1610,2162
2386,1629
789,478
787,1371
3696,1003
5575,1840
4580,757
3157,725
2935,1844
4731,172
724,1022
5550,1029
3670,721
5539,870
1466,878
1624,2218
5605,1867
2239,2491
157,1325
2569,2625
1319,2521
4309,829
2760,2378
5420,3026
4612,1769
596,3065
3259,978
4121,2471
4308,2297
4901,2811
691,858
5897,1086
5575,1035
1220,2111
4966,1708
1101,2419
5827,2976
3518,865
2459,521
1757,1003
3636,1086
3883,963
3914,276
2484,2271
1868,1773
1933,2168
1344,1773
1012,1034
2266,1819
2343,1285
2814,870
210,1285
1032,1659
5196,1015
2964,814
5513,2385
3104,2514
5186,1990
5229,2626
268,1640
3707,2026
823,1670
5941,1519
4480,1195
102,3041
2626,2862
105,2558
4092,1086
5137,943
5379,2920
4436,2027
217,520
3658,979
1158,54
3460,994
139,829
1742,1014
703,413
708,757
4008,45
451,1101
3128,1918
3672,1816
4116,2961
3049,1810
4078,225
2289,1533
1286,2841
4459,856
422,521
4338,2027
2956,2750
1843,1446
4620,400
258,305
2188,1831
3357,1000
1910,574
1655,55
261,953
4319,822
3641,1698
296,947
1182,3026
3517,1073
3723,949
4958,930
2420,1965
5453,909
2724,2376
4580,1509
247,2344
285,384
1768,467
1868,2391
4335,924
5178,2367
2703,2438
5160,1037
464,1820
2974,1211
4212,709
4990,976
1206,2807
5542,1489
5144,2382
3683,2058
4,2185
5052,2793
3874,313
4582,777
2422,1206
4855,2629
1866,759
1596,898
1334,898
666,210
2381,1582
4246,2521
920,1258
4239,1350
5526,1521
3529,2880
977,1011
4569,2393
2783,57
3008,2619
5181,705
3075,1397
5895,48
2355,519
2100,0
5240,1285
291,2376
1005,965
3066,2974
1762,944
5074,1747
2999,971
1299,2351
3968,2553
5690,932
2155,57
1891,950
273,642
2591,1526
851,1787
3425,971
4608,2482
4160,1568
70,2915
3591,859
2944,1048
3023,1341
75,226
5348,952
1526,2491
3098,1865
4823,1481
3253,2153
1833,140
546,935
993,2378
301,1104
2770,2184
1237,294
405,3147
3657,1455
5881,2704
5019,1019
1261,99
255,1109
5191,1476
3945,3026
1980,725
364,1244
914,930
3531,942
5396,1127
5776,1348
4764,96
870,69
374,2871
3363,2297
1606,3143
2917,490
100,1356
2452,1851
3379,521
272,1813
1740,864
2378,2841
1872,229
1514,521
5638,1010
3069,480
5108,286
56,2188
4574,2042
5130,45
556,2511
3627,1939
2125,1614
4932,969
3152,2585
4585,861
5025,2853
4345,2340
5537,2247
2113,449
3888,1872
2417,860
5309,2797
5577,333
3754,2811
1464,942
748,1526
5218,400
2336,871
4450,2514
3104,2140
5826,256
5015,980
5927,2028
4721,533
2620,1569
1611,588
1473,3098
4004,892
1824,1635
4093,2627
5791,2140
2253,994
3044,2247
3715,200
5288,1519
3508,661
1001,1009
3716,1364
629,3123
4049,2705
2437,522
4138,1996
3379,1944
5079,1530
5512,3075
5820,976
4854,2351
3572,272
5662,3019
3352,1437
167,1907
3752,2310
5777,2218
5947,909
584,2949
5811,1048
2430,640
2827,276
4093,1822
1972,1482
3652,2079
4281,2058
4711,1642
5602,1813
2238,820
2111,2176
5283,2218
4984,838
689,2719
2654,1822
2628,1355
2218,703
4749,971
4112,1848
2228,1421
3483,334
542,1918
3767,1032
3976,1371
211,1000
1257,1082
572,225
5642,1346
2739,940
5337,710
3909,334
474,821
997,2848
5205,32
4626,325
4483,2491
718,400
1664,1032
603,1581
1976,3024
732,1237
604,1991
2727,714
4291,227
2952,832
4624,1568
632,1006
3309,1069
421,5
2926,2994
2580,2357
2988,2182
1046,996
5550,952
5746,2584
1348,3024
2514,956
14,31
3508,2568
1624,2141
3572,1829
1980,1022
2772,433
4701,633
5077,2610
4227,942
5094,2779
723,878
2633,1028
881,2218
5222,2964
287,1479
2214,1044
173,2131
1763,2111
5534,984
814,1935
779,2880
591,2829
1604,2963
5739,1389
3992,2923
2103,2152
3049,310
5941,2247
1161,2393
5251,1800
1130,828
3083,1614
5546,2657
1790,874
2483,2558
2087,2558
3644,2590
5036,865
1810,1526
237,961
1806,64
880,838
1733,1279
2595,520
1989,710
2004,1742
2539,2840
3210,793
4805,1871
2979,860
3667,480
4288,3042
4954,1405
3588,1907
4458,1009
3809,2815
4912,1179
4614,1522
2697,1147
749,2425
1148,2696
5157,229
1451,253
5255,1518
5260,1862
4212,953
4993,1518
1046,2419
4284,829
2666,521
2872,2841
5883,2026
2372,983
4585,942
2857,274
3729,203
3820,321
1094,1305
2559,1748
2650,1866
1309,1085
1054,2256
2683,2164
480,1203
4594,1004
640,172
645,516
1521,1907
5187,1518
4331,1533
5045,122
2694,229
2034,1876
3166,978
241,813
1266,984
2593,527
2003,1250
4964,1072
4045,3017
5252,950
3053,1451
3161,984
2712,2878
2647,1702
3760,0
5170,1298
4800,267
5820,2346
2888,1010
2388,2350
215,1820
5717,878
3668,2104
4303,400
3284,421
1469,1851
536,1646
3791,225
3376,949
2980,949
3241,2976
3279,1016
4089,67
1674,1667
406,2704
2388,256
2319,2371
3667,2037
4837,1623
1910,631
2868,2586
3919,760
1957,2140
608,2811
4694,3008
2156,1037
800,2981
2550,964
2241,2838
3614,1063
4913,2557
4450,1335
4940,970
4002,421
3000,611
419,256
2778,1730
2738,611
1678,631
374,2765
3703,2983
1530,2453
761,959
4708,812
4582,1639
4804,520
2971,2310
4308,878
5395,961
990,230
3366,1119
2043,759
208,194
5058,2507
529,20
1525,15
1373,2627
5767,725
5149,1844
1661,2505
460,1354
4732,2495
1074,493
3663,709
4962,705
2028,986
958,318
2325,980
5886,43
450,1016
920,965
4722,2157
2292,1971
862,960
2890,385
3579,1361
5358,274
5590,1563
4900,1116
2561,294
4727,407
3581,3127
3639,99
5187,1331
3024,1489
1219,1355
154,1031
5493,2569
2244,1526
1159,1489
5665,3026
1962,1813
4519,1582
5744,875
1215,832
5692,685
1010,1366
580,92
301,677
934,2310
2725,294
2076,2100
619,986
1845,2167
5935,1574
3508,905
2238,1869
660,960
1837,1525
414,1493
290,3147
868,909
5233,521
4049,2949
2946,643
2049,2347
220,1627
5447,480
3129,2979
2471,2979
2493,1048
1639,1136
5763,1625
3046,2163
1528,1305
277,2511
5591,1518
890,267
1897,1552
21,986
1568,330
3526,1460
2137,2702
4989,1076
3609,2626
5403,127
1525,633
4231,1626
867,633
3656,1691
4478,2257
457,2455
491,1285
5104,2719
563,1161
2352,2482
1151,1331
4549,1908
4700,1323
992,520
2480,947
1481,2374
2935,1527
3152,64
2258,3005
1351,49
2528,614
1011,920
5185,964
1260,1624
5167,1324
2496,2769
5049,1076
4099,1456
933,2168
1350,2456
5448,1724
3913,1451
4405,1913
1890,865
3187,2478
1755,640
2696,2426
3711,943
5268,975
3542,1134
2878,1908
4636,2196
5830,2176
374,1773
2311,2026
2590,1626
3321,384
5585,1032
3040,142
5077,1565
1498,2862
4872,2853
1391,521
4154,2802
1270,2446
5694,975
4312,944
1402,121
2625,1031
2267,1323
4879,991
3194,959
2561,1046
3782,1883
2020,2385
5015,1037
5562,1206
161,2954
2728,1159
976,2349
2703,2792
1927,881
4270,1822
3585,1719
3583,892
4796,1114
38,1019
3861,82
2993,1026
3802,441
5861,1623
3958,954
4234,2515
3729,313
5718,756
4226,1119
5501,2219
2416,641
4417,2407
363,2657
5093,704
1010,24
3976,944
5783,1905
4960,1114
4215,960
1023,2703
3941,1889
2745,2802
150,2549
3639,2490
4613,1006
3208,991
4501,950
273,1801
3229,1279
399,1159
901,2309
2021,2340
1995,1119
3162,996
2393,1165
1481,1837
1995,2058
1649,1421
5554,1048
5301,602
5306,946
3141,277
5113,1305
2169,898
568,2257
3159,1048
3935,515
4967,2419
705,276
2,533
5707,1640
282,2802
791,2679
2993,2449
5111,828
909,456
4023,520
3374,2326
5676,1014
242,2622
401,400
1560,2079
5861,952
5592,2979
4042,1674
821,2679
3057,1279
1369,1730
5550,2753
3392,1003
1950,729
4288,1326
1519,1674
1113,986
915,1910
1003,1757
3752,1696
756,1099
2769,1936
1661,976
236,1063
4592,2841
3160,1003
3922,3046
919,1278
1351,935
5471,716
526,2515
4755,3020
814,3147
118,2131
630,1525
5688,2821
917,2521
5409,1908
2542,967
448,730
5668,856
2870,274
5313,2385
2052,2271
193,2840
1278,2850
4320,1348
4968,1569
928,2471
1986,870
3032,952
3271,968
1992,2378
4910,1564
1942,571
4393,1045
3130,2426
4941,1816
243,274
5539,984
2538,43
3720,952
4635,1517
1013,2178
2346,2502
4784,1051
4460,173
1781,1003
640,95
2968,2256
1825,521
4910,409
1257,1757
5837,2489
1199,998
3522,563
927,310
1844,1702
5767,969
4488,127
565,1614
1475,1835
4274,2827
5549,517
4253,2704
4700,949
1107,2348
3700,1774
5135,877
3555,861
5158,1800
2267,465
4225,1595
2685,978
4600,718
3552,563
3736,2370
117,2548
3028,563
3460,974
177,1101
1383,152
2231,1939
3764,1385
1077,2297
4742,20
5487,928
1968,24
5509,2407
209,43
1289,3119
4216,1667
822,1963
1214,1255
5290,10
4407,2366
5460,421
1648,958
2123,1251
3418,2037
1138,856
1482,1420
1680,3125
1474,24
2656,933
3628,2786
5060,837
932,2858
5094,421
462,465
104,757
3939,1335
3994,1042
2961,1919
4520,334
4960,606
3922,2859
5785,2409
1401,2555
375,2159
1634,1036
586,127
596,1569
5474,1766
2667,1822
328,1000
4461,1043
5307,313
296,2216
2538,661
3393,421
1173,45
1049,2453
5439,3061
2784,313
1141,2981
2531,2873
3312,2684
4014,704
2343,2822
913,1811
5424,1248
3314,478
1915,1032
5129,3020
2758,31
3544,940
717,1872
813,1580
2879,1489
1266,1525
199,1128
1319,1159
973,522
5651,99
943,1811
2698,138
3947,2269
1316,861
5352,971
649,775
5833,1244
3443,2177
19,379
4857,211
2775,1489
5178,37
4985,2840
5343,2548
3151,1022
802,990
570,1421
2745,334
4255,520
4547,2614
4645,705
5469,1906
1585,2567
616,2705
5913,2297
1142,1997
5216,679
1723,996
5818,747
3920,422
568,944
3364,2419
1509,478
5380,521
4984,521
4282,1003
3621,1294
2117,334
2619,1484
1167,714
5857,1614
1158,2880
2617,2377
2937,1793
881,128
5261,48
5376,752
4190,2353
3727,1131
3546,2059
3611,956
2766,2850
1565,1699
2205,339
4548,1280
31,2028
1903,940
4124,952
1777,2521
3504,1244
1000,2829
2082,124
3334,274
2549,2219
3053,32
5527,1456
766,1844
4128,2764
533,1084
3661,1608
2162,992
5646,2841
2860,3020
2404,525
2901,1331
1118,956
1495,714
942,730
5807,2385
208,1674
2591,1290
1192,1844
490,2326
1649,1531
4974,2569
5452,881
3991,557
3858,967
1674,248
5454,927
1046,679
4134,1774
1106,730
5157,1872
1489,2188
5169,943
883,2378
4635,1009
5189,2349
4461,856
2298,1014
1897,670
546,2204
5942,866
986,32
1413,99
3544,2847
889,99
5751,517
1417,218
3447,2914
816,752
4279,34
238,2209
441,2568
1748,2425
3635,871
1458,1131
2225,2764
4792,969
64,716
4443,34
100,181
3479,516
638,988
3292,1821
2872,1235
3540,2862
3588,1590
3405,2637
3222,2930
4323,467
3681,1000
1788,2739
4502,1903
2365,276
4383,1457
4541,2797
3379,1574
806,2800
5192,1037
5682,3116
3072,1831
2748,953
5462,1837
5515,909
4080,2560
5520,2007
2870,1323
3260,1478
2591,1908
376,1876
3913,2797
1189,2164
514,2749
4972,108
3793,2880
4839,518
3827,20
4043,3028
4112,2633
5115,2079
3437,774
5553,2490
3223,256
5604,1489
2630,2371
5949,211
455,1014
2745,631
4990,1037
766,2596
5083,1228
2865,1487
1084,1939
4700,709
1513,1298
2779,400
3738,1237
2389,1908
4163,477
680,1482
2590,878
5071,63
1910,1119
5418,1110
526,1015
2983,3024
2558,2094
4891,2347
4882,2793
5591,1038
5845,2840
1375,960
387,856
5607,982
5113,2167
5343,2629
2316,467
2820,0
4922,1818
3898,2249
4321,2352
4739,2865
4790,1110
55,467
5289,299
4635,1761
913,498
3282,970
2715,334
1738,611
4886,2511
4407,32
2902,1099
3447,633
5307,1228
5900,1742
1447,31
1667,2249
2782,1936
3168,2157
5666,757
2784,1228
5857,2045
1335,729
5631,1702
4081,397
624,2623
4025,2717
1434,1674
2146,2634
608,400
5310,2815
346,400
2605,704
4950,28
571,518
5626,2297
5629,2568
406,1582
4320,3015
2740,1279
2196,2347
2280,1294
5241,1116
1435,3188
1681,211
904,519
1480,1618
1868,976
3798,1748
3433,869
2894,3035
1762,1489
1476,1095
3821,2671
416,1869
2350,1659
3367,1003
3833,1742
1847,1038
2991,1655
2392,2824
2667,777
5334,152
3508,1393
1137,2568
4709,100
1068,519
4108,634
4227,2800
2115,1203
3927,64
509,2218
2479,2419
622,2095
3166,2568
1318,1044
2189,2091
4618,1086
5521,2580
2285,2553
70,2521
505,1695
1773,2378
364,2244
3913,516
3623,942
4126,2502
228,1013
2219,2091
5830,1241
4782,1086
1838,679
5701,861
1106,2450
1672,2861
4020,1702
4364,1512
3362,1702
1557,1568
5031,2729
1481,2512
2824,2026
3223,2297
2204,2318
4073,2467
382,325
5010,2791
1358,2297
3462,1532
2178,2790
2238,2841
1775,865
1068,1003
3021,1035
3091,276
1167,2702
1423,413
5865,1211
1176,721
188,3061
745,1666
805,2471
3224,24
4511,949
4561,312
4631,1051
5372,2217
4986,461
2924,2391
66,38
4261,959
4679,718
420,2256
370,449
4212,2006
2344,1523
2834,2848
2591,1400
5896,1032
536,337
4712,1016
4460,2458
5086,2920
2412,122
5782,2623
2593,2385
5186,1811
158,1855
1658,1353
5011,467
3254,3033
3276,2792
3558,1724
4635,1119
3639,400
3243,400
1577,1364
4140,2079
5794,2983
4911,421
1820,718
2792,2571
2396,127
3273,400
692,45
3696,503
4969,1530
2510,2858
5490,478
4170,2079
4452,1011
940,1086
2922,2802
3525,1560
4182,2089
3459,940
4579,971
3462,1211
4742,211
2467,128
4724,571
797,2848
669,1350
1992,20
4731,961
2157,87
5653,1007
4347,971
4495,1623
1050,2920
3276,832
3372,1294
2759,313
2378,3065
112,1590
3470,1048
4612,2558
5501,1902
2228,1027
2429,2249
3919,1813
2723,1006
3714,2347
992,821
4106,1639
3166,2515
4764,2548
2493,1483
3637,2100
428,2176
1216,714
820,714
1620,1329
38,2930
4384,48
877,467
5161,679
2998,837
3670,1644
3286,715
4576,1157
624,960
1770,1623
2546,1844
643,421
3979,120
3843,259
147,971
341,1776
4582,598
34,313
920,140
2878,1270
2279,2439
1341,170
2423,1629
4959,521
979,720
2156,1285
215,324
3558,248
1230,2059
1326,2521
937,1248
493,2705
340,211
4674,1476
3120,961
3901,1526
4312,306
3326,1029
2901,99
2579,48
4542,1522
5870,1502
503,2080
3772,557
626,201
3358,725
1648,828
545,212
1174,945
3754,1075
4587,1830
5481,1518
61,3024
4,2490
4087,726
4863,193
2330,1572
2524,2569
3154,521
1868,952
317,1674
1853,829
4852,943
1564,726
1020,2548
2083,1291
691,1326
5233,1574
4954,661
3835,1040
5539,533
458,751
5626,2407
5715,1698
2998,516
914,967
5010,1128
3267,1872
5063,954
1678,2302
3911,1385
5595,1000
2613,301
4569,604
5496,2684
700,1573
5435,718
2534,947
2528,2822
3482,871
5459,2243
1,2703
5939,2880
5596,2514
983,2800
4365,400
3535,882
3662,2909
1372,1040
3552,1051
1475,229
1770,1086
5593,149
3403,1867
77,604
5294,1021
1371,2508
2439,2349
5488,2018
4974,1016
3716,1051
4175,1565
1267,815
5782,960
5363,976
2231,1272
3012,1837
4555,1971
2144,2027
179,480
2481,666
3687,2915
1168,994
4547,1329
3137,970
3555,1483
2840,949
3310,898
3399,2633
4442,0
3545,2458
1255,589
3848,15
370,1364
884,1585
3952,2058
5731,971
3924,10
2154,1560
3768,2880
65,1667
130,2816
1830,3156
5401,2907
2281,2274
3091,1325
5121,1577
3452,1489
468,717
3259,1848
3634,971
5881,2204
788,1072
4793,1869
1472,950
2649,1515
4550,2111
3899,838
243,225
4864,1520
1461,10
3763,950
3558,1484
3100,2326
3458,1253
911,482
2229,2218
4882,1695
2758,2747
4571,1244
4705,1244
1795,421
5668,1291
3770,966
4752,2753
640,1335
5523,2630
5552,1116
4607,1840
3792,1664
2453,771
3177,48
4101,2419
2998,2557
4712,321
139,1699
3081,1279
403,991
1624,1828
2059,1002
3000,1290
4068,377
3603,48
4053,2728
686,2218
5721,1810
974,2096
1268,99
1899,1659
2526,1003
5859,993
1715,2481
5484,2247
5809,2569
5778,250
4083,2728
320,1464
2083,1372
1041,2163
2062,2188
752,1279
5327,2421
929,2861
3159,2235
1619,1618
3539,1702
3141,875
2231,2374
5106,732
1633,2425
3440,942
3634,1939
5485,728
1469,1270
3686,1348
2757,2605
5281,2426
5520,722
3260,193
3678,706
5460,856
607,1655
908,829
1648,1393
1496,1753
5644,384
520,720
3269,2349
5231,1908
5389,2494
2515,1328
2914,845
1823,54
467,1244
4266,2165
2765,722
570,433
4277,1765
3929,301
3442,1903
23,1203
3180,2657
5389,400
5158,2719
3143,2775
383,957
2081,2914
3065,1364
3509,92
4359,2514
968,829
9,1655
5699,1730
4312,1355
3966,718
3677,615
1877,825
5172,523
53,449
4215,2176
4855,816
1876,1354
4425,2171
5841,1032
3542,1329
1253,1348
3211,2478
1757,881
829,1020
2849,3028
2405,1102
1517,2360
3862,718
4015,960
2962,461
1212,34
3049,615
5055,473
602,1014
3002,2489
5187,400
204,1907
4828,467
4889,1874
2012,2689
4894,2218
565,573
518,727
4441,960
29,1502
3585,975
1554,2750
1900,943
5320,1279
1701,3177
1906,199
2687,10
2814,2037
4436,966
5186,2218
5704,3147
4071,87
1357,2586
5490,2629
526,214
3181,518
2995,1294
2473,431
3677,1099
2978,1098
3367,873
1971,944
5803,1813
737,1565
3068,991
542,1097
2966,714
5932,880
2986,400
5646,1048
3260,2100
3735,3147
3834,3126
5850,1228
3312,1509
1084,1272
5571,1813
2240,960
2018,2079
5600,299
2747,10
4039,525
2251,2058
4195,1038
831,45
2995,489
596,2622
1174,384
2163,898
2410,775
2330,1011
4814,679
4340,988
5883,1876
470,1355
487,1524
2097,2880
3876,1793
2659,139
4011,705
2510,16
2804,2183
500,416
3075,202
1318,1048
2047,3143
586,2819
5008,521
3629,761
5905,480
3871,294
1099,1125
4068,808
1233,1879
818,883
5541,203
5632,321
3292,3061
3796,874
2653,859
4258,2625
5159,1040
1409,2455
989,1869
4420,1640
1001,940
1985,1110
2002,525
2382,746
5321,1748
3564,2594
2853,1270
2503,3143
4621,1522
4768,229
5427,3083
2643,679
800,253
2400,921
4914,54
2971,1676
4081,1019
5581,517
5665,1908
5121,2976
563,2003
5759,789
3326,1086
5079,2750
2410,2548
901,1244
1340,2634
4789,1456
926,2994
4639,2451
3513,1851
4497,1055
4297,1933
1668,598
3020,1918
3888,193
5433,1908
3673,793
54,971
2798,2256
1728,2342
5301,2920
258,212
1091,967
2894,274
4955,2283
5736,2848
414,725
290,2379
4700,1010
3918,974
4716,954
1825,1871
2856,921
3592,23
4583,1364
4625,2529
232,869
5512,1046
5675,2730
4290,738
3796,203
5434,1355
3357,2785
5912,1919
2488,121
2968,1512
344,521
130,2255
883,2492
1600,598
2032,1009
2381,2883
2188,1522
2910,2446
444,2041
2906,984
5160,944
2854,2514
3153,861
2592,2514
2855,2924
1050,2790
2693,876
870,1102
381,2631
606,1029
2539,1348
2224,24
393,921
2748,933
3689,467
4143,2889
1687,1482
975,1276
3452,2217
2853,1888
3677,2335
2966,1011
1032,1029
3026,1816
2341,959
3299,2914
3292,1935
413,1923
4224,1915
1351,1159
2882,2976
1270,39
4403,1099
2646,1945
4807,960
192,1173
4034,2730
4330,1560
5467,1006
5202,1489
5844,956
398,1241
4726,971
2752,1590
694,1010
1814,1041
5878,1479
3181,949
4067,3028
5548,32
3373,1119
4211,2218
4507,1048
4345,2218
1010,2155
2177,2032
1060,1518
4360,1560
2307,1324
598,898
874,15
5898,2481
2116,975
4079,2449
4588,2326
1394,1744
5141,31
4731,1099
4574,1115
1356,1637
234,1533
3121,3126
1118,533
4254,1110
5883,1018
764,1698
3135,2243
1792,2140
3404,1879
2469,2567
4189,873
3726,3061
4092,940
4250,1526
2536,1510
1056,944
4435,525
4801,2568
3001,2778
1117,2351
1511,1524
5755,3061
1144,10
2436,525
5435,1393
3354,1361
3163,1793
4548,1341
1786,416
1954,0
2614,2490
4690,643
5559,1055
385,2028
1137,909
4965,2568
3377,971
5001,2225
749,2490
2769,334
5513,2373
5845,860
1676,2880
1161,714
3119,1844
4352,998
2119,417
4975,1943
644,1915
3615,2425
5898,871
2555,755
3215,2491
2508,2629
2354,2162
3558,2830
2635,869
921,853
3290,3015
1819,2003
348,991
2180,1228
3890,2256
5566,290
3069,1326
3618,1568
4485,187
4046,2769
1244,725
4396,1835
5436,1348
403,1048
2364,1695
2250,2347
1596,1557
2289,1521
2392,710
2423,23
2161,23
504,2793
1951,967
2186,1773
4452,3056
484,2326
1566,2065
2917,531
38,519
236,2978
3125,480
356,828
2319,2302
2620,1476
4036,337
1474,32
1257,2249
646,2095
663,1510
2521,716
380,633
1693,2779
4852,142
3575,2379
4394,984
4380,1086
3767,2549
3793,1518
2239,1003
272,2793
4945,306
2687,604
3251,942
2915,993
1299,3010
3844,1456
1538,3026
2813,716
4499,2848
126,2594
4399,2617
904,2861
2459,2066
4102,1872
1803,449
2235,860
574,1414
5056,2365
302,726
23,2065
1216,1820
3898,2981
2839,193
4439,861
1552,988
1156,988
3527,1533
1304,1640
5746,718
434,1003
1143,2
1246,881
303,2240
877,2512
1078,516
2391,1908
481,260
4062,2981
3908,2514
4505,518
3698,2704
2254,2549
1865,522
3840,1067
4712,996
2765,1718
3166,2816
31,2841
4131,2936
4146,1524
5443,3137
5780,1776
5090,1329
4790,1037
119,1907
3539,2243
1448,1523
4906,2151
4379,944
5012,2577
1118,830
870,728
1086,1292
1778,876
1650,1630
5559,2157
4511,2002
1073,306
4227,2243
1188,1010
4758,1879
3758,2704
3030,1211
2009,1159
1902,538
4204,1478
3555,1032
2154,759
2567,928
3687,959
2319,826
2599,3095
2559,1976
2148,944
4350,714
136,517
5865,520
3666,1021
3483,1314
2012,302
1368,954
1925,1811
4234,1478
3041,2100
4469,2284
2300,1873
4564,2521
1916,944
469,518
5395,2449
128,225
3599,334
3757,1674
4656,16
1392,385
2033,1879
2439,877
2251,826
3911,2491
4140,99
1849,1011
2086,200
3565,2793
5418,1655
3551,643
2076,421
5464,310
333,1919
405,1041
4975,1085
5566,1526
34,2037
4215,1562
3965,633
4727,956
5322,2297
4195,1095
907,878
2909,1526
5058,3190
5087,710
3670,1624
612,1869
1897,1967
2702,2926
5881,1887
502,950
935,2495
5736,193
1128,3075
2200,2126
3277,1521
2358,1022
3271,952
5034,860
723,3147
5641,2184
4844,1086
2968,2240
4157,1876
1509,299
3162,793
3874,1753
4383,876
639,416
4606,921
3783,2574
4872,1040
5448,2139
1098,1869
1141,253
3859,2569
2085,1748
295,956
5797,980
3009,1086
3692,1116
3706,1014
3518,963
3896,357
5147,871
1127,705
2734,100
4423,2503
1644,2163
3564,3001
3834,2862
5597,518
4933,1292
5338,2509
2822,2549
3173,1840
5380,2920
773,2994
2774,2508
3782,2298
4914,1400
2044,942
717,1372
1947,1009
5573,1221
5633,1272
2907,2256
424,3190
1771,2
881,433
4153,1837
2561,2750
3753,1903
1869,1476
4121,3053
5186,933
5566,400
3986,384
5725,2150
2359,522
3689,1329
4590,2750
2090,1071
3080,1221
3142,2853
3493,1390
3720,615
344,1517
5235,421
2187,1354
346,1563
5821,518
4637,2946
2708,302
2773,1451
3640,1036
3015,984
2978,1102
2516,482
1635,2719
5933,1109
2863,2283
958,225
297,516
5052,313
2550,1005
894,1903
2226,127
5736,945
5541,2167
4736,1770
3094,2566
2364,1000
1805,1036
2949,1653
2389,2750
269,1292
1196,928
2892,2058
724,1872
371,2508
2157,148
3387,2037
4877,847
780,461
4782,21
5359,3065
3834,1036
1750,1487
5893,2218
1882,1606
3840,1982
1326,1159
2150,2360
391,127
5932,79
507,1241
2408,1837
1760,1801
4137,2326
4249,2567
4157,2978
5,441
329,538
5007,2367
3429,1458
5003,905
1839,0
5149,730
1716,1098
3405,2003
3940,2347
3109,729
5910,2548
1375,1936
5692,376
5432,1203
258,2176
2820,37
2169,2736
302,970
1384,709
324,1483
663,949
304,1016
844,2458
341,1837
4035,1244
4140,2758
2372,971
4500,2512
4018,294
3389,1254
185,1674
947,1997
3681,2594
2819,909
4582,1009
526,1186
254,498
3680,679
5185,521
820,909
128,2079
4161,952
42,615
3082,730
4809,1173
1106,714
177,1971
1240,714
1961,1228
3941,2117
3578,2065
4189,2219
761,679
1444,709
4099,1013
4735,2163
4467,2348
4904,2349
1937,992
2419,12
2790,679
3769,2949
1018,493
1955,817
2313,1279
4302,968
839,1659
2021,2568
2458,879
4346,2179
5562,1918
495,2788
89,2100
4571,2297
5534,1590
742,2665
1769,253
276,391
4374,2133
363,3019
1082,2706
3637,1840
3723,860
4502,598
1054,2378
238,1038
2559,2220
448,2568
2566,947
5238,666
685,37
5194,2811
1295,720
1866,1475
4225,2949
56,997
4560,953
231,998
246,340
177,2455
3150,1348
2389,469
5286,2750
4190,861
4625,789
1032,2188
3757,979
4915,1302
228,1639
3466,49
1379,983
4849,2934
1881,2133
119,2635
2934,942
5289,954
5027,954
41,2163
327,305
5511,774
1469,95
3506,1518
3284,2637
3936,1102
1257,212
5536,1770
33,1521
3572,825
4086,1046
4581,1025
2697,598
1260,860
2702,942
138,2
1177,3077
3823,1575
3603,2740
1652,337
3973,1519
4456,2427
5013,1032
2692,604
1083,1348
1432,2256
5207,1837
5926,1524
453,952
2154,2426
2823,306
2819,2816
5035,2484
363,1409
3749,471
2040,45
5108,518
1195,1939
780,1697
1062,2349
5232,1493
877,2569
3698,1822
944,1512
3519,1298
5828,965
3400,852
3004,852
4554,467
2151,384
3149,2704
3758,533
507,2827
510,2344
5357,1730
1649,173
1759,533
1824,928
4412,10
960,2580
3436,1421
2097,2026
5464,1038
4003,714
4923,1623
5637,966
4713,2567
2244,2453
1791,1919
1803,990
2569,523
3133,2551
2626,276
4757,3024
1097,949
4175,2110
2382,1047
4219,904
4404,2347
5576,2568
3974,1073
3719,2244
2709,2381
4226,1294
642,2247
2584,400
1283,2243
3631,1084
5831,1747
1215,15
5465,643
4614,1002
5063,828
1897,1540
2614,400
2374,1879
2577,518
2618,519
5508,1629
2791,2167
4155,838
3109,1510
2123,1479
3561,99
961,256
178,3028
116,2150
4598,2347
1714,493
5155,952
414,1026
5808,2271
3356,2326
3647,812
1546,1848
2265,781
4037,967
4190,1963
1179,334
3978,1326
4967,2594
4499,274
2747,2218
3103,1099
3535,756
5272,2641
3250,1526
3950,971
2592,1526
5721,932
2832,986
1987,2880
557,1869
5496,1753
1284,3137
4329,1906
4041,685
376,518
3812,633
1570,498
946,1048
2585,1644
4641,865
874,2865
2460,417
109,524
3600,1100
3034,2409
1461,1844
1078,1325
5173,1076
3132,2163
96,2167
1686,2901
3981,2862
1388,992
787,1526
2614,2173
270,1007
48,2126
1051,1572
1197,643
4006,825
3629,875
1626,2446
504,2342
1268,294
1584,2974
293,3061
5121,1451
365,2183
3642,521
951,1526
507,546
3974,2980
4700,640
837,2178
3082,2584
1499,1331
4018,54
5293,1908
2426,967
5762,666
354,489
1262,829
3266,2112
3357,1476
814,2167
1520,2558
5054,1518
1301,942
4040,2637
5057,1035
3790,1708
1184,1296
3825,1702
1239,1003
2560,3010
5290,2145
3697,204
993,947
199,1840
3105,450
5107,1098
5878,975
1857,1173
3436,1718
5705,266
2269,1117
3435,1493
773,18
4374,954
1237,152
2962,522
5675,2494
3333,435
1977,127
4040,2771
5836,1099
1577,193
3196,1103
2227,1241
4066,959
882,2031
2872,1918
582,49
2278,1179
285,994
2945,1642
2826,230
2905,523
5090,878
503,2385
1881,954
1798,3171
27,1867
2902,225
1021,1035
3760,1976
2736,2407
2042,2750
3888,441
3392,991
428,871
2736,313
1782,1483
2971,1119
4313,31
5495,940
450,1569
591,2740
83,55
5114,1248
4852,1248
3071,10
3917,970
5202,314
842,1046
3939,2449
5042,3065
100,409
3437,518
4712,1618
2370,313
3922,1
722,1102
4321,2901
3910,1869
5326,730
3672,2455
4646,971
1841,908
3751,1058
4198,1747
2532,267
1645,2659
4940,2357
2779,144
2911,2515
4559,2665
194,3053
4331,2249
5599,2178
1542,467
4613,2901
2006,1325
4002,2747
4065,63
2397,200
4119,299
4172,1623
1771,677
4007,997
3468,2409
3105,2357
4951,48
3120,945
1199,3080
2254,272
5717,1244
2878,99
3566,473
684,944
1121,945
5259,1332
4317,2327
635,1991
714,2284
5323,2256
3464,2825
5639,2492
482,2126
2998,1305
1406,2218
5749,2256
965,940
676,837
2653,2209
1906,1228
620,1659
458,2829
1103,2567
3777,3113
2314,1962
3047,793
542,1776
480,898
3317,2374
3935,1255
180,606
5568,2036
2911,905
5518,229
2424,2507
5546,3186
2131,1696
1449,1110
4639,2512
2200,520
2924,1517
2466,639
3550,1013
2626,2614
4448,2163
3104,172
4597,1697
1006,1479
4928,521
3028,2779
874,2491
5590,640
2747,1039
4238,2703
3548,2256
3909,1481
4279,1014
3317,1569
4005,1943
1997,726
3079,465
4163,839
4949,994
5042,1939
2860,1101
3352,1563
5736,815
4031,1851
2439,1044
2560,2502
609,99
683,48
4814,1708
5177,2514
3387,968
3122,1451
2057,1127
5698,1462
2807,127
5162,2391
2583,1173
3565,2960
5399,1580
5738,1800
3267,1051
4736,1990
846,2671
1596,1671
1613,1086
914,1085
2218,2923
4090,337
5709,2910
451,48
591,1748
5369,1529
1379,1040
4340,862
940,212
2464,296
2977,1635
876,2671
518,2963
4489,204
244,1640
679,1568
4402,959
5682,713
3144,994
1640,34
943,860
2385,942
3462,337
3257,871
4852,1195
5693,313
1821,2297
5888,0
2784,1590
5451,965
2653,2827
1125,1281
3327,1051
2778,1775
2081,2601
3975,1272
1384,229
1965,2426
3059,482
4143,856
4898,200
5108,1730
3500,1918
5392,1674
4996,1674
2771,954
1723,45
735,2385
4073,467
215,2349
248,2297
972,1574
2008,968
5497,909
2138,260
3277,533
5252,324
3411,533
3485,482
1812,2719
4422,1560
3264,2176
3045,1314
2655,2068
3285,20
3821,0
3528,2407
1238,1292
4290,478
3325,1489
5830,314
3459,1489
3877,2002
707,1252
839,1179
396,3053
660,3099
2308,2495
3000,2079
2652,615
4928,334
4035,1248
3489,1489
4349,2347
1283,1011
3707,2880
4988,1516
3718,2480
3721,1997
1553,1811
5284,1285
987,87
3129,3024
4206,2419
1010,2700
3138,1797
3924,2706
3239,1849
2236,3157
5400,1618
665,975
5885,1101
5439,2512
5404,2491
4709,946
3668,1962
5851,736
3490,155
2144,535
5344,2625
2758,1926
36,400
2735,976
3506,99
5122,711
4569,535
4837,1481
559,2777
2763,930
4669,1116
2098,1479
3529,1372
5155,1009
3331,633
5056,1003
2736,423
2827,2793
3262,1967
2527,57
3456,520
2017,709
334,1504
3883,1496
5913,1748
5581,1009
2034,1063
2872,2162
5088,1076
1108,2029
449,3147
5208,1932
1543,1203
319,822
1511,2419
2581,643
2407,490
5533,2631
1290,730
1364,679
4399,450
2984,2753
4183,3077
5114,203
2717,2409
2276,946
5349,1009
182,709
1623,3010
5761,953
3548,1748
3620,870
336,1526
2977,1932
4005,2374
2747,2409
2769,2168
2867,2703
874,828
1727,2959
3914,943
1271,464
2749,203
3118,1009
5389,384
5523,1138
5885,1719
3575,1635
5786,959
2341,2256
3635,188
4839,856
5818,3126
3072,1014
496,1003
1568,54
1648,1511
1737,2492
1467,2631
4344,1816
2886,1009
2681,2297
3414,1128
2428,1851
530,1526
5688,20
3208,2191
3043,434
2944,2118
5939,2490
944,1516
3366,306
1089,1116
2312,2026
555,2872
911,2507
30,2492
4942,1519
1378,2158
5590,2494
2062,2790
5210,2438
4035,256
2694,34
5178,2900
1004,604
4791,10
3128,491
4379,1005
2725,2730
1378,64
3831,611
372,2764
4073,898
4835,467
4301,533
1061,1296
333,557
835,953
1262,1020
3276,739
2686,1462
4919,2797
244,2205
2122,1097
1815,1354
4635,5
5760,2100
4237,898
4973,0
5723,2218
1607,1590
5660,1869
2199,2633
1065,1014
932,862
4633,1248
987,1323
4631,421
2819,1560
4479,781
1229,856
4529,144
3558,1899
411,2853
2097,1575
5626,2635
3196,2449
1661,2176
5221,2357
5866,2095
4768,1823
2256,1073
4427,1530
3030,467
5363,720
4573,1355
4669,1063
443,2549
5121,2126
3259,1458
4401,1248
4833,905
5884,1331
5753,2568
5505,2466
2414,2571
3918,1279
5591,705
4249,2547
5264,310
1601,970
1181,384
2220,2705
3579,1032
1077,1724
1791,313
4410,960
3232,924
3111,2095
1227,1668
2493,1524
942,2438
2559,2521
5713,294
3686,1279
5644,2409
3381,643
2104,2880
5144,1305
452,1298
3132,878
1060,400
4336,48
46,1519
1588,519
707,2167
2382,730
4397,859
1205,1104
2399,1084
5900,2348
1378,1032
999,2167
4270,525
3392,2471
4407,988
2619,2521
816,16
5609,829
1392,1869
5172,2548
2830,489
5217,978
385,2654
3991,1460
4194,1819
3853,1526
1017,2342
1308,828
2806,253
3473,716
3232,2347
2536,1331
2083,43
2902,900
4118,1393
5364,1563
3089,726
1836,1105
3078,2065
3890,1943
1398,879
3091,2492
587,2357
1232,1341
1480,3163
2519,1512
5100,1867
5845,2775
772,1356
719,32
2969,28
4805,229
4982,865
4218,469
3965,23
4346,3098
655,956
868,2003
42,729
2860,1963
2256,2980
1060,2173
1714,1465
2533,1568
2973,1840
2782,3026
1586,2219
734,2942
2518,2199
4438,593
3830,2400
339,1100
1782,64
5648,517
4665,757
3302,968
1576,1127
5032,928
2785,449
1969,829
664,1018
2392,2625
5308,984
208,1906
760,2419
1894,2348
5591,518
3552,3186
3910,450
5393,533
5549,1046
2450,2980
3373,1908
5565,990
4928,1867
1740,2820
5345,2155
3172,871
1637,598
572,274
3884,1831
453,3026
150,3025
2626,1866
3078,455
5321,256
5527,1822
1468,2482
563,161
3687,1667
1915,727
3888,2889
4535,1010
1967,2580
5348,1298
1633,1014
888,860
4752,2176
3019,1918
3353,1040
3189,1575
590,2334
5571,0
2546,2637
3303,1862
4402,1016
5644,478
420,2862
194,829
937,1102
2585,2750
2900,1822
3709,1991
1198,3129
4885,611
5255,144
5372,729
3541,1626
4956,262
2141,2709
5421,2284
1664,276
2868,944
3088,718
1790,2078
2425,374
1095,533
4823,1022
597,2508
5910,2825
2539,661
5022,858
5383,837
345,2637
5941,2296
4069,940
2171,615
4220,1109
5414,1089
3681,2521
1542,821
2724,1730
3028,421
5399,966
4733,1105
4709,519
4254,878
1048,2915
3569,775
3408,1581
1708,2961
5724,2419
2816,1669
5434,2091
5711,679
3202,2644
2734,324
2777,960
4463,1402
5713,725
2910,2243
5935,1326
889,10
1183,2177
2599,1038
1411,2566
2041,518
3749,3163
5521,905
3133,2665
567,898
2628,1217
1709,3162
3333,252
2853,1335
1581,3162
4884,469
228,2371
1181,10
5816,449
4114,1756
1287,2126
5695,2374
2410,1674
261,1730
3267,571
5474,685
1227,1294
1024,211
3274,961
5454,972
4722,299
1542,1305
5229,1793
1559,720
5673,521
5194,2738
2742,2793
1826,2003
2218,2793
5119,120
3888,2702
2533,2804
3295,3127
3830,253
621,329
4633,2297
510,498
2246,2747
3266,1608
4343,1003
410,1048
2227,253
752,31
705,2659
2200,1813
2919,746
1119,956
1601,730
5042,1943
3615,449
4965,942
4159,2764
9,862
155,2377
3254,2163
834,2665
522,858
1624,2003
2436,1127
3472,521
2049,489
2012,3051
3466,2204
1065,1258
5032,1009
3006,2569
1361,438
1327,1793
931,1793
1447,2841
4436,2267
4754,856
3257,875
1076,1393
3147,2400
5413,677
2376,79
2957,1522
5211,1482
3776,127
25,940
3545,2446
959,1747
3937,984
4703,517
2770,2827
4403,225
3160,1292
4671,979
5491,718
114,608
2075,1255
4895,1626
5674,1364
2435,1009
5525,1241
2727,2349
795,942
944,284
5949,256
3074,1117
1706,984
3261,943
5941,2243
1316,48
3997,984
776,1989
3042,266
4332,708
4428,416
5634,2473
4858,0
1986,1159
1024,24
3785,1478
5263,1217
4690,574
366,963
2637,338
1067,1010
3742,1000
4640,2150
4688,878
5242,2218
1848,2514
2223,2391
1361,706
540,3186
3542,565
3165,615
1851,718
2193,455
4182,898
3223,1724
4172,1119
2737,518
194,455
1472,1072
2172,517
5343,1869
389,142
2743,1272
3128,1837
1256,666
5834,1325
5648,2855
2664,1329
798,3171
886,3018
1120,970
1825,5
3482,1961
2355,759
1391,1241
5123,940
4099,1371
1027,1718
5502,936
421,1908
3290,2141
2175,10
5363,777
2345,421
5843,2168
889,441
4586,1085
2476,2567
1712,2171
4251,2300
634,861
2827,2797
1679,718
2630,940
1151,1730
3458,570
3717,1962
5568,2471
2567,1530
2656,2511
4079,99
5892,2568
2989,2162
2645,2352
3345,1043
1466,960
924,411
1832,2249
3238,422
4578,2671
3418,1521
190,1355
5083,1086
2662,2706
1855,920
127,1006
1505,2793
4858,1907
3226,1701
1120,2393
4473,3005
5662,2641
3394,1285
615,945
3691,525
470,1530
977,3024
135,493
437,2521
1430,1279
3040,2635
5110,34
1727,2963
2083,1844
1093,1105
3966,2800
1743,2907
979,1757
712,2167
2069,633
2259,730
4659,2205
4972,450
5569,2426
3466,2635
474,1248
4990,1029
1858,3015
3491,413
3570,706
4934,1097
5364,681
5369,1025
2626,2594
878,2994
2581,1131
3362,942
2083,100
5779,142
3537,2636
1193,2224
4832,978
5556,2729
3483,306
323,274
3375,214
3870,193
518,715
4871,2976
2601,978
3151,856
549,1906
3890,1195
1147,2764
3900,193
4738,538
3452,969
4262,20
1853,711
3384,276
3501,861
317,967
4928,1574
4929,2176
37,2081
4316,1195
3448,2139
5640,467
4182,2134
3385,1036
5312,2853
5319,1580
5321,2407
5665,2217
2072,1364
4465,1668
1803,193
1269,2703
4569,1991
4648,2284
940,1481
4777,2694
5016,990
4811,1524
1246,2719
4697,2176
2460,2385
2572,2626
1087,1908
428,3026
3052,45
2310,2626
4216,1314
5004,606
1449,2297
4797,313
46,1389
4523,1996
5736,2218
3537,1965
3902,400
1035,2657
1969,1020
822,2549
1113,1035
452,1518
5381,714
995,225
344,2924
3683,2140
5099,1001
279,1748
5172,1479
43,717
2694,1811
4268,2012
5753,478
1467,1159
4928,2058
5482,2644
881,1035
3145,1683
380,2739
5468,1248
3026,1991
3117,1355
1312,1221
3154,2176
3589,1350
405,1456
3192,1879
2046,435
2579,898
5775,1526
3839,2629
1936,1206
1647,1103
3214,2577
4556,1489
1450,0
3473,1525
4151,1211
4175,1797
3760,2521
2956,1006
4698,37
3363,606
3380,21
5038,859
2443,606
1397,1278
3833,2218
3105,1479
3487,1581
1634,467
3906,2696
4071,1043
1239,877
5875,952
4369,1639
301,1991
387,1011
2360,729
2231,2793
3695,2634
5207,1203
3758,704
174,903
3911,946
5394,1029
906,2515
4364,3143
551,826
5738,2532
227,1668
3740,2003
753,960
1799,1042
234,2058
1514,1058
755,1006
2656,848
3681,1773
5553,685
2270,812
5133,99
3808,1356
359,1945
4381,2157
5613,1840
885,2176
1831,2054
4746,942
5241,921
5413,1405
3641,438
5740,2739
4506,1640
5160,932
538,1664
5834,2374
1491,2521
4464,2168
1458,883
4603,260
3331,2841
4067,1943
4038,1013
3150,2271
3468,860
4951,943
5075,1009
5725,337
3920,203
1924,2753
4635,2400
2188,2799
4380,1127
85,756
3574,2949
833,2901
1853,1008
5948,759
1388,679
5190,1117
5711,2509
4467,722
1679,828
5664,1939
4874,2574
2293,2219
1928,1532
2341,947
1311,3061
3429,2194
3537,973
3248,870
395,3025
3320,3190
5851,984
2153,2589
4663,260
2963,1640
3525,2841
1450,2846
2542,829
4858,1667
356,1003
1118,1326
815,1517
806,1963
2740,2507
5722,954
1372,2374
5241,2344
996,3026
447,340
3248,2159
792,752
3620,984
4888,1667
827,746
5476,1837
1088,521
396,1691
33,1639
2460,1527
92,2219
5460,2243
5506,898
1624,2194
5758,1119
4774,225
381,1009
5425,2407
4725,1272
2307,2601
120,2173
3473,533
4428,2217
5258,954
2632,856
111,1306
3240,712
5034,2377
4822,2494
4359,518
3402,2171
4075,759
5214,1032
4873,739
2832,2580
4922,3075
1528,927
3890,2110
1845,45
5323,1325
920,1421
4698,1273
648,1487
3929,533
2234,2257
4445,1581
4471,2802
4858,996
1449,984
4596,996
1397,2514
535,829
1930,533
3036,666
5336,971
3927,837
3925,10
2168,856
799,1252
635,2349
4809,2393
3324,1483
1082,1348
493,953
1439,1585
1530,949
1978,2802
3294,493
4852,935
3785,730
2088,2381
1804,2622
5125,535
4913,2342
4562,1361
186,1560
4396,1823
2524,467
3384,1325
2002,1294
1730,606
3206,272
4732,991
3665,32
3298,2490
244,225
3633,1248
4949,2157
2776,1627
2411,940
5062,2034
5076,1932
931,374
2607,2572
5088,1003
2923,334
2221,816
3721,314
5397,2512
4846,2409
5682,2681
1618,2243
1024,1504
2888,2218
1413,498
2635,991
2998,1797
2344,1007
2060,1248
4881,2753
4055,725
1190,611
4695,1085
2864,1982
2946,294
984,1674
4702,1475
1008,570
4125,905
4674,1147
135,416
4259,905
3687,679
4864,1244
4886,1003
4784,726
895,1043
3985,521
3222,2979
75,523
1350,1623
5369,598
1162,2326
227,1294
3212,1510
361,1294
1575,960
3421,2815
3895,1917
4161,2790
1590,679
2767,1244
5704,480
3812,1101
925,1228
1479,2568
1083,2568
2695,3061
749,1002
5885,491
5822,1640
5937,2344
4302,1867
3944,2159
526,1869
2396,900
3855,397
2965,828
5659,306
2839,2409
316,2409
3327,2348
3798,1179
4908,522
3947,521
283,956
881,2568
1447,2979
1748,2153
2942,2133
4430,2560
5798,441
5457,148
457,2240
3428,306
2208,3077
4720,1575
1646,1095
335,1496
147,2199
498,736
3765,830
3949,2637
4004,2344
4785,2909
5256,2494
4487,1000
3389,1482
75,2296
3153,2703
1276,1003
5073,1097
3419,2822
4154,3042
1843,296
912,726
3926,2626
376,2409
3552,1661
2454,1389
4031,2827
1756,1990
5159,467
4839,1051
343,956
1941,989
1032,1932
1128,1640
2310,2549
4545,15
1103,1583
3737,1010
662,1086
3308,2590
796,1840
2217,1045
3375,1560
5618,2859
4643,708
4316,313
4450,1067
1585,953
4788,308
598,1451
5075,2058
885,1481
5472,940
3087,2217
5084,2521
3556,975
5099,1863
4440,729
2683,1575
4173,385
3916,729
4028,1724
4067,898
1768,1195
1696,1292
2811,979
2737,2750
1207,2821
3982,975
4837,1489
5554,2793
377,1051
5883,1571
934,1908
5796,2326
5385,1294
3712,2777
753,1338
837,1975
2715,867
2827,1862
2988,467
2406,1051
2982,2150
4238,3008
504,984
621,1569
1347,2427
1760,1842
4318,493
5321,1659
4309,2659
1265,1082
3956,1043
2454,718
2058,718
65,533
1314,974
4374,2495
690,1524
3711,2151
1543,1211
1961,1724
2279,313
3456,878
111,127
3562,2028
2487,1016
1031,1036
3211,1047
3849,3024
5322,2419
5277,956
473,708
4523,1248
1450,2151
4867,2778
2263,719
1781,975
1385,975
3835,1813
2656,421
2792,2002
4417,448
210,2176
430,230
3382,2218
4872,1028
1649,1206
2769,1237
4226,99
1055,467
1583,2838
1483,1668
2593,1011
2973,478
2637,2249
5447,212
895,185
542,821
295,1883
3717,2100
3546,2218
578,1417
3819,1064
1915,2614
2550,1664
4773,1557
831,2802
2993,3173
2327,2558
4741,521
4173,1003
91,3177
3886,946
1644,57
143,2778
1800,570
1395,2736
3176,32
1955,858
1485,2629
5425,557
5635,2087
3504,248
4120,2466
3884,469
5830,1774
4075,1003
4443,2153
174,2249
4836,1855
3167,2548
445,1022
4225,1701
4691,942
4520,306
2090,120
3585,28
787,1136
1200,1305
5790,1035
5468,984
4743,2980
5825,2719
2157,3035
3323,967
906,2706
3518,2374
4158,1014
173,1623
1707,705
1285,2702
115,1618
4631,645
1749,1116
3070,3123
5379,2790
5701,589
234,2249
4102,2775
3620,557
5874,517
1529,3035
4583,604
3920,260
1093,438
2378,2980
2061,829
395,1793
5290,1405
4567,1010
5422,1524
5840,2037
2189,1014
709,448
1256,3061
3467,2385
5148,9
879,859
3573,337
4717,954
5395,640
4450,1364
1248,2419
4997,1533
2896,2569
2094,1127
1978,952
257,1455
4323,276
2094,2066
1371,1671
2269,2821
3045,3042
1286,3061
2555,2626
5743,949
4218,1364
488,48
5634,225
2898,521
2615,1364
4607,1324
2091,2118
420,1984
1535,1671
5380,493
256,829
595,295
5002,1072
524,994
1220,2949
1656,1035
5828,1006
5635,611
1576,517
3455,1354
1363,409
4814,2310
2524,1195
4014,5
490,1009
2816,2535
5715,1479
5647,32
2835,1996
5898,1371
1481,1569
4066,2797
437,1533
2799,1026
3244,1642
3039,2176
4608,1279
5286,965
2212,677
1016,1590
4212,2218
5666,1371
3491,2458
2073,518
2453,739
3192,1078
3013,2833
372,1646
1998,2037
594,2247
1286,2740
42,953
1656,1519
2590,2326
603,1020
2043,467
4614,1043
1678,2217
3598,611
1903,2335
4112,832
2740,2243
5058,710
3540,606
2232,524
4940,2906
1167,954
3374,314
822,3171
5030,2799
1200,313
140,333
2800,981
4812,2347
4070,956
1047,256
4414,1520
1973,2865
4416,2532
2096,986
3866,2065
838,1021
3078,329
3243,2840
5413,1409
3757,3061
4029,1305
1011,949
4889,2163
1116,211
806,1483
1700,1925
936,775
4508,2471
3443,2901
3677,99
404,1668
5264,2225
5582,1568
2394,2521
5656,1517
3543,1038
2052,2003
4027,2548
5782,875
4820,2184
2521,761
721,971
1230,848
2185,2532
2424,828
657,986
237,400
1900,1582
107,519
921,1032
3211,2901
507,1392
1064,2249
2112,714
2942,2861
5822,1563
3776,54
3946,2717
1439,3065
5052,598
2619,3147
1167,2377
3068,2219
4711,305
5618,1009
1787,2994
5910,2349
170,467
3743,1045
2297,63
1675,1248
782,2162
2974,1244
441,1869
1177,971
3737,449
333,57
3853,1563
5924,1816
2486,2594
1799,1664
1962,2594
2196,546
406,720
903,1526
4583,1035
4796,2082
3696,983
3938,1270
4017,1563
4454,1564
2757,963
5662,661
5748,435
4063,2847
238,705
1193,3143
4603,2037
1623,1973
2063,2245
2868,952
4056,2807
2944,947
1249,2671
316,2466
4273,2283
5408,902
1206,2974
1815,49
2601,958
1751,2508
3511,1179
685,993
662,1009
3394,1533
1219,2620
3433,707
3364,2822
4558,2802
310,557
2576,1840
1144,2
4485,45
5667,954
1114,1291
3748,718
2779,856
4152,3053
4324,127
53,1840
4473,1159
1773,1866
5073,1154
4308,533
2613,2257
5796,960
4046,533
2641,1272
2164,1872
3690,2591
5389,986
4260,2155
2550,2847
2388,45
3570,954
906,2816
796,958
5109,2100
4326,708
2970,400
4642,944
3578,256
4392,15
2867,2150
4900,421
1496,2473
1057,891
2239,1800
2292,1626
4410,5
4902,467
4346,20
3346,1037
2647,1036
4882,0
4660,1119
1036,953
1480,435
1323,2703
4702,2284
311,1451
3848,3126
5584,1211
623,225
4965,2105
221,1908
3669,1848
608,856
1470,2349
4863,1828
5809,740
5103,2978
4155,21
5151,16
2728,1001
2079,2807
2807,1294
1201,2309
4840,1063
4470,32
4628,1372
3445,2490
3858,2659
5091,1813
1519,1837
2718,2915
3788,385
2831,2038
3893,401
4020,1674
3297,1279
5250,2065
4830,725
5854,1048
5258,1926
1569,611
4185,960
4743,2419
1131,1324
536,1114
4887,2548
4326,37
2605,1294
67,1575
2462,2706
523,128
2360,709
1047,1037
5825,64
112,5
5172,438
1156,980
4733,3020
5605,2949
1477,1560
1513,1217
1494,975
4608,1039
3887,1279
747,2623
26,611
3441,2855
3895,2271
4533,2558
5615,2297
1659,638
3343,253
4502,212
5345,1655
3884,1331
2571,905
3560,2173
2791,679
3317,2415
3267,608
345,714
2019,1331
3003,535
2511,1793
3896,1341
1869,2326
3811,2923
5905,716
5588,1009
36,144
3702,1475
1069,930
4942,1800
2060,3025
1782,48
1894,1043
1689,1577
4808,2739
937,252
5830,1481
1676,3035
2902,1018
82,3121
2236,1157
3814,2066
1995,2034
1716,2619
3989,2821
3939,1014
144,966
1143,478
5422,2036
4356,521
5146,640
2682,870
3370,1244
3466,952
1406,299
4556,3026
4891,2750
2145,638
2221,633
5469,1451
2888,1096
1446,1014
2094,1989
4516,1533
5598,518
5641,1908
2000,1573
2989,2841
1497,952
3475,1014
4774,1010
756,725
5208,2965
4631,1641
779,2779
2976,1451
3857,3186
1334,557
2493,516
3410,1908
1925,998
2434,875
1952,2821
4051,958
1262,2374
4558,200
2378,943
4759,2176
3510,45
4735,1590
96,2907
4268,2878
5359,2171
40,1285
2581,521
4933,1016
2205,1173
4668,718
5618,2058
1149,2066
1175,1035
120,2153
853,984
888,978
1180,2318
4423,1072
4227,1914
3144,230
2984,2981
4056,1278
4491,1206
38,1747
5428,2284
2594,1483
5536,1063
3743,0
4386,631
5530,1248
951,2616
502,1292
5266,421
3466,631
918,978
5130,1314
2936,2159
3543,2571
246,2800
4543,965
317,2451
1079,522
5583,478
4881,960
5796,1525
2138,2529
4349,1099
634,1569
3497,1822
2942,1011
2984,2176
3792,400
244,1010
1164,1919
3874,2684
2867,1776
5439,325
5119,909
879,2689
5287,493
2515,1324
359,1872
1985,1509
470,1888
1251,2453
2667,1314
2703,971
5593,2081
5924,905
1507,1103
5431,972
319,379
1454,3162
3985,956
700,256
2267,1730
2941,1674
2896,211
1278,2155
1416,3028
2622,2079
5476,1280
1064,1822
606,944
5009,2568
3429,832
4702,1105
3045,1623
803,734
856,2058
2879,1331
4217,2753
2758,812
177,1211
448,1674
1432,878
2452,705
2529,925
4927,1573
3600,2003
5448,521
5255,880
516,1027
2947,1623
328,976
4509,2753
1883,935
752,2243
4681,2456
5407,870
3946,546
4641,3057
3003,1905
3693,100
3736,736
4844,1696
700,740
3718,1850
5213,1004
3160,3020
4636,1932
284,1027
1492,905
334,390
2371,1813
2109,1813
3702,2256
2162,1639
995,1038
2180,1464
1731,140
2352,2702
3140,274
3723,100
1190,725
2267,120
1997,259
3549,2199
5342,1010
5371,2502
2929,993
5644,1348
477,294
5451,953
2147,2455
3271,1696
5067,24
5612,1810
5913,984
4958,1020
5713,2616
2115,1419
5587,1753
3508,2548
1505,1675
763,1038
1396,2671
3245,3077
683,520
464,1910
975,2614
4151,146
3068,2626
5520,881
5683,1811
253,2629
3303,988
5920,1000
3617,2841
3149,521
2786,469
5729,1405
3967,1907
2637,2066
479,2568
1635,2256
231,2466
2724,722
3867,1676
4858,3017
2146,2179
3674,1281
3219,1640
3372,2636
5531,1016
5469,138
3306,296
3877,1051
2755,193
4391,1272
1115,2378
1180,521
421,469
3731,2165
5247,2196
1537,3010
3342,892
1426,927
4146,1626
3093,1127
42,823
1288,993
4913,980
4598,1908
147,1024
5489,2079
2139,984
4140,2750
2605,2477
3281,774
3677,774
1103,1563
1299,2441
3608,2108
2735,2708
2256,1919
5769,3008
1085,2862
2152,1569
3203,1241
4633,0
5648,2489
1212,193
2765,1015
2020,861
2379,979
4600,991
1372,825
1463,943
4969,2551
3542,2777
3380,1668
384,1071
2433,1565
1498,533
3237,3053
5219,1571
5413,2568
5647,520
1268,1010
984,1251
1123,2349
4719,467
5484,2219
931,1590
616,266
3596,138
1084,142
4831,873
175,2775
1966,759
3274,1026
1372,959
2894,970
4755,2167
3072,2962
5773,1167
5645,1921
3417,1684
4881,1525
1978,1119
75,450
3454,31
3244,975
4904,2825
5513,2906
1292,1730
2001,729
2546,2515
2755,2100
3610,2614
5924,2625
1875,1529
4905,956
4151,1248
1259,1031
1403,1719
357,2391
5740,1003
2940,2038
5490,828
1087,924
3817,3065
5930,1100
326,45
1824,2880
12,1575
377,10
3692,1084
3232,1099
3132,3147
1074,2567
179,1688
5340,2173
3617,1849
5243,2240
3371,130
2576,421
650,1458
3406,2568
3843,2569
3714,469
3144,2568
3430,710
2335,709
4816,860
1548,329
1472,2963
2857,2511
3917,2491
52,950
950,2100
2433,2183
5762,711
2116,32
5744,1071
2442,956
3999,988
2684,489
466,940
2758,438
3408,520
4786,3061
2488,2240
2920,2651
5100,1908
4470,1512
421,416
3182,1116
1451,1685
2134,961
4460,2487
2729,2302
1193,3147
487,2167
3491,2625
3804,870
1596,1285
2432,1557
3600,2568
4207,2980
419,1659
5214,101
5651,856
1499,571
2791,1086
2951,3061
1664,638
4809,2267
2964,1014
3315,305
89,966
4059,988
1753,2558
4041,1348
806,2455
4949,742
4768,2616
711,905
1103,2449
4523,2785
1548,813
2185,121
4588,1867
3333,1419
2540,2914
5341,1323
3129,276
5123,871
5140,286
458,967
673,2841
3873,959
690,2256
2549,2626
269,2199
3727,2827
1196,1835
2686,645
3737,1071
3116,229
5803,980
4082,1483
5493,0
5555,878
2192,2739
2519,882
4804,2407
4749,256
1622,896
4753,1129
1420,947
1917,1753
1299,2872
3966,2247
4630,2227
1275,34
1285,722
3601,1560
4497,2637
5290,1519
1164,203
2067,2451
1086,2764
5914,2100
5869,637
2266,1348
5106,651
3342,518
1840,193
5212,1047
5814,1869
5948,1869
1567,34
1577,722
1625,1702
3211,974
4393,1883
2823,2555
5263,2705
22,1702
3702,1211
479,1389
5353,878
1074,286
2963,1811
2968,2155
3350,5
2276,881
2417,2052
194,3098
3831,1217
3463,821
2674,2058
430,1096
1285,856
3231,2915
3442,883
464,865
2586,1837
2830,477
3394,2505
3685,991
1604,959
872,286
3337,2910
4975,1618
4173,930
2982,467
530,522
4826,2249
5239,1664
603,1000
890,276
4603,3143
5349,489
729,2802
256,138
4743,679
1023,805
3146,1248
4187,986
2578,1730
3386,708
2876,606
770,1298
2812,3065
1179,5
5360,1028
1469,518
4773,679
4162,525
4301,1623
3184,2829
3798,248
2774,679
3199,2171
3526,314
4436,2979
3689,1244
3675,2100
2204,334
3797,777
779,421
2090,986
918,1519
369,2243
4507,2630
4820,875
2404,2839
5637,905
1220,1103
2142,2839
1433,2150
1474,2151
2384,2372
3302,956
3725,1813
550,719
3924,710
1377,3157
1351,1936
3744,2994
4062,1583
5578,1614
4407,305
174,2310
876,2582
5115,1331
5330,2451
5006,2327
1069,3162
2941,3020
539,718
795,2593
5616,2256
924,2249
2582,643
5073,516
2960,37
5740,979
5711,49
4348,1014
1865,1002
5703,1851
3172,859
599,2839
1834,2820
3502,212
1712,1110
3809,2584
1925,2157
4095,726
5753,1564
3943,1086
2573,2378
1133,679
2399,2979
1825,1172
3730,978
4084,1476
4638,2816
548,1157
3189,1563
3815,2779
843,324
4141,2949
2262,2866
765,633
1587,1007
5396,2616
5726,276
2882,1793
648,987
5474,994
5496,753
4702,1646
1129,2199
377,120
1101,151
643,2491
4972,194
5072,1364
118,2111
109,2557
3397,522
2063,2225
1996,1003
931,679
3684,1518
367,2034
174,1639
3317,943
4014,871
1628,203
4773,142
953,2508
3386,521
5741,533
3344,2739
3992,2960
3439,2976
3425,3078
4242,856
4904,975
1676,1563
5634,2514
2437,1661
649,942
4852,1724
4638,1206
5668,31
3183,138
2307,2719
5873,2880
1489,3026
4763,1093
2995,1026
4595,2448
706,1045
3430,954
2898,127
5492,2407
1944,3017
1980,2482
5760,909
2752,1241
4268,1272
3244,1703
1835,1569
5520,1422
881,2739
4757,3126
1720,276
2336,2494
3315,1354
3843,719
2860,959
5040,970
5537,1776
4735,334
814,2456
5380,1038
3496,611
4695,935
622,1697
2274,2555
3717,1519
4040,2926
3589,21
5454,960
4553,478
1201,1000
4907,1730
3990,2058
4783,940
4786,1211
1560,1872
4247,2623
5489,1331
4172,2449
1213,1010
672,2349
4094,314
47,45
683,1195
1610,1585
1269,1292
2821,980
1365,1000
2141,1221
2485,1031
2941,2028
3619,960
1869,533
4666,1644
1801,1530
2441,924
3623,1833
5107,2326
986,1354
3381,2485
5640,2789
4740,812
2073,3157
4688,2342
1264,1298
5598,2563
4032,725
3237,1016
164,1919
4942,946
647,2827
2166,2567
2137,1637
3790,2131
2541,0
13,969
5285,1285
1050,965
652,138
3979,2003
1985,2936
2896,2793
2065,421
3288,1331
1667,1314
94,749
5351,942
5411,1747
339,1519
1517,966
4380,253
68,467
5028,1228
3801,3020
4686,710
5336,2512
164,1114
2488,1813
3555,520
5076,895
729,334
4547,1305
5342,1014
4409,3061
3039,2855
3325,997
2650,1582
2772,2511
587,2910
826,1206
3792,1372
5750,2502
1348,3008
1656,909
1260,909
694,2218
1635,32
702,2079
2261,1248
2990,869
5170,880
1603,1248
3537,1038
1324,1833
1699,956
4693,726
1912,2003
4329,1203
1705,212
2505,827
5132,1527
4681,2594
2631,2629
4178,1973
2914,2163
944,272
293,3163
5701,142
577,478
4305,967
2973,299
3119,2568
4186,521
4839,1840
5790,2816
1433,3065
3671,48
1859,2907
3643,2164
3345,2507
713,874
1255,3143
2289,956
2433,146
4735,1086
2968,1244
1858,2840
3291,1116
1190,2152
3684,1010
1442,875
129,2701
1819,633
1139,874
2249,2846
2223,2379
5595,789
2384,2482
209,1125
737,1244
1936,1568
4257,2750
5205,45
5939,1730
5077,45
4855,1918
2552,3005
1604,48
3321,2247
1178,1337
2381,871
4277,1123
911,1747
4904,467
5867,2766
2617,2841
4470,1703
1316,520
5132,856
729,952
5720,1026
1028,1019
764,946
198,2255
956,1116
1770,875
3848,3053
3784,1348
4276,1056
1913,2846
4900,1637
1235,716
829,28
4323,313
4135,1016
2712,984
1741,2739
2902,327
1894,1291
2353,1051
4679,2577
106,572
2776,1908
3977,615
4462,2350
5102,990
3137,2853
3715,615
4330,1642
2298,2283
3791,1364
4057,1483
5722,1048
1238,24
1487,2980
2079,640
1785,193
4443,2458
2872,276
2428,2514
2556,979
37,2256
2308,877
467,1086
4975,252
2256,2407
1497,2355
4666,2880
2128,3161
5645,986
1029,974
645,45
2171,1518
3602,3131
1986,2704
4231,858
3431,805
4356,2058
5781,473
5834,1797
2126,994
1979,944
575,1908
4804,1659
4852,2639
4626,606
4383,848
5066,878
3312,2961
4531,719
5374,2162
546,574
4316,565
1774,138
752,450
5616,1695
1980,2458
2727,995
688,2909
3962,1730
5870,299
570,2853
415,2750
2359,10
1392,975
113,2385
1778,1950
3273,1104
4047,498
678,2571
4728,859
2835,878
4289,31
2969,878
238,1518
732,2807
3495,924
647,225
3794,991
1223,1324
1794,2079
2534,2643
5207,1244
2411,1489
5795,2168
5912,2753
3353,467
1214,1211
3986,2100
3464,2927
3261,878
52,954
3498,2511
1827,2377
3587,1048
3186,704
3945,1510
1455,519
3012,1305
4778,730
1292,2218
91,1067
4710,37
4420,2153
5055,449
1266,1936
1684,2449
52,2243
360,144
134,2807
5287,957
1256,467
3441,822
292,949
3270,940
5596,2466
5899,23
3610,1008
2166,99
4045,936
3465,2347
1529,1730
3905,2619
271,1011
5219,449
3555,2240
2534,2188
5290,100
5868,2026
5876,2641
5303,2779
3763,2162
311,2480
2515,633
2580,1028
3433,715
1205,478
943,478
651,2521
3409,1260
1142,314
3428,721
2285,1460
382,37
1168,946
3843,1902
4082,198
725,376
5884,34
226,2126
5400,1907
5016,978
3849,2821
1306,2758
2443,2204
5067,943
1488,2240
5497,527
625,1084
3107,3123
2732,994
2369,942
4535,1055
1992,992
488,32
712,679
5534,944
3371,1102
3169,1907
5908,2848
2756,48
3993,856
181,639
2634,1748
1975,2866
937,1147
2347,1691
4645,2889
2511,1533
603,520
52,2861
4446,959
382,521
3406,2385
944,32
2602,870
2930,1867
246,633
2228,2349
3801,2914
1145,2385
2637,1241
2279,1533
1028,2739
3364,2509
2158,1014
1413,860
1285,860
3191,1800
4772,728
1676,681
4826,964
5799,945
3896,276
3970,225
28,1470
5406,2182
321,1692
3320,2560
4855,2833
5581,493
18,193
61,829
5452,1776
5390,898
4774,400
2626,1590
5009,1206
915,337
4843,1668
3129,898
4515,1048
5339,2249
108,244
219,2704
1188,876
1974,1031
1141,2750
3905,1277
3743,2639
3128,1585
2957,949
44,609
4383,2218
1802,2617
2110,518
4840,1905
1710,3028
2340,980
3599,1355
5562,2829
5858,1659
5355,1038
2987,1730
4809,1279
4229,2690
762,1010
3143,2243
137,958
1694,990
4213,467
3547,606
5241,909
5354,32
3267,966
2546,1206
376,2637
3843,2065
4314,1458
4412,2747
5862,438
3888,2747
1951,996
2730,734
3924,714
1934,46
1041,960
767,2643
2979,2377
2559,1037
205,661
5558,1905
4097,1581
4274,2409
4840,1100
1679,2910
1743,2171
3750,719
3781,32
3464,325
5064,1747
2901,1905
4369,956
708,908
3347,679
2756,211
4655,946
5713,99
2146,467
5927,1748
244,400
1085,1016
3920,2419
3452,99
2295,940
113,856
1637,940
1527,3054
4811,1809
2779,2450
5161,875
1868,314
3060,1911
1344,314
3598,274
432,986
4705,1009
1830,961
1950,1063
5415,2862
5074,2569
4785,2466
2863,1747
5800,983
1209,1028
2085,2419
2255,1110
5323,829
5832,706
5587,875
1946,1294
4907,1116
4492,1840
493,2551
5350,2625
1534,37
1967,828
3860,1563
1272,37
3586,48
3326,875
5855,1040
5762,2569
1969,2594
4221,1727
3367,2569
4134,2482
4067,1260
1968,679
5383,2923
3110,469
2418,1639
3693,2739
5085,1014
1874,2707
3921,2374
5473,2816
2133,2409
328,1521
2952,2512
5860,1010
4314,2076
916,1
3369,2800
3393,942
2938,1301
1095,875
928,2455
4878,1071
3899,521
4146,2842
4122,2256
2902,1055
2685,828
1002,1623
2175,726
4523,321
1472,983
5605,1026
4266,2385
234,704
1385,48
3718,301
932,480
2745,2949
5695,138
2883,789
770,310
2003,218
3085,142
2623,1774
3048,1014
1544,54
4023,1822
4355,871
1177,2512
1779,860
5158,1195
5731,2777
3193,3058
1944,927
2811,2764
5607,267
923,875
3712,1179
2824,2437
2949,1385
3463,1606
4383,2515
3206,260
848,1640
20,2949
4850,2920
5502,631
507,3067
3659,205
2550,2026
4145,2350
86,2256
5214,2793
1833,2385
5140,400
2669,2657
685,306
3493,1606
3560,384
5533,2546
4755,0
1365,1004
5200,1582
1466,1810
2232,589
3804,2407
4654,2577
5079,1063
146,967
1670,1051
541,3186
4088,3105
1779,994
5488,709
4677,467
5174,519
169,2267
4200,313
4810,996
1248,1708
2182,2515
5618,940
3028,1031
5096,2521
5180,714
1537,2750
1823,892
4130,2176
4918,714
3039,631
5360,1813
4775,2880
513,737
5912,2326
4117,2880
2209,1867
5941,812
5204,519
2201,2915
2561,1006
3255,2326
3079,2100
954,2550
3937,2131
4973,1525
2980,1340
4750,2419
2362,15
619,759
5642,2034
327,2802
3909,1022
5657,2342
3473,1623
5629,1048
2932,518
1127,384
2326,708
4387,2717
5404,1869
4263,961
4516,3127
3282,2028
882,1519
3146,2167
899,1688
4073,2557
5912,1521
409,1272
884,1565
2881,1869
357,2802
5436,1003
1929,1422
1996,954
3134,1002
3082,812
2728,314
2776,1294
1863,775
4795,3077
292,1811
944,276
5161,956
1952,1032
5756,2297
1029,1515
251,1221
4665,725
100,1991
4909,1085
186,1011
4957,2065
4132,1393
3910,2512
5465,1717
5337,2471
3912,2558
2921,2183
4201,217
1109,878
1833,909
451,878
186,1361
277,1479
280,996
5163,39
5837,1481
816,2696
5644,1840
814,2623
4986,1840
571,421
4069,2168
3707,998
1601,1690
2951,2183
2402,2907
158,1945
3425,1285
4332,1989
2814,1131
1595,340
1521,2111
906,2747
474,838
5016,1840
331,560
722,1879
333,606
718,417
5929,2709
1139,2167
4456,870
4912,1867
4485,110
923,822
5014,3083
2717,43
2794,2707
337,1664
1923,936
5338,928
310,972
360,335
418,2003
4647,2508
1925,982
1066,726
455,2824
1575,2855
3084,1907
4132,2816
4810,1748
4639,1866
4241,2759
3487,2297
433,32
37,32
3098,1024
1642,2764
2583,1332
3570,1019
2563,865
5775,2026
5119,2853
5141,922
511,1793
2835,2492
5254,45
782,2256
83,2255
2454,2800
1005,1547
1870,2749
2069,1646
3617,434
1879,1522
480,2830
1696,2569
5786,1976
1008,2949
3459,225
3101,517
327,521
3448,2318
5597,10
1727,2821
80,1583
2416,1353
4699,2243
2149,1009
5449,1051
2603,1179
1407,372
70,2558
5619,708
4364,2704
2999,2842
4881,944
4914,892
5831,2284
3301,928
3645,738
4817,959
711,2739
731,2425
3821,1903
4173,1796
4491,385
5005,606
1987,250
5060,313
3999,862
5035,256
4385,1837
3287,2319
2409,1821
4191,1971
1529,1250
1312,461
5135,1776
1162,1456
3025,1006
4582,1038
2722,1005
3842,1036
3983,2961
2559,2704
2812,898
5833,1525
4468,909
399,127
879,1518
1180,692
2713,138
5476,2419
4344,873
4767,1730
789,1975
543,2508
2052,1560
2182,852
3750,2736
4046,1566
1375,5
585,640
3677,945
5535,905
2894,307
3659,2059
2117,615
3486,1350
2082,1560
979,944
5165,3065
3038,2880
1238,646
3309,899
3030,1484
590,3054
5048,2665
5566,376
3441,826
3332,1822
3270,944
673,1776
1220,225
3670,1063
2610,1837
3417,1371
4984,2091
1701,2218
3975,1110
2841,2901
4121,935
5666,1896
3336,2880
406,2371
3683,709
4812,294
5204,1084
3151,848
4333,1757
1088,2176
3319,432
4387,1993
3843,3061
773,2515
2215,345
4629,1526
2022,704
1781,1581
3330,971
3426,679
4217,1932
4494,520
1132,354
2000,2793
4244,2065
3853,2409
4889,1049
4135,3061
2973,1084
2429,2152
2619,2249
2710,1613
193,519
1046,960
2682,1285
5619,521
3382,730
4376,2342
3342,1331
5537,2374
4262,2240
1237,905
885,2705
1212,848
2745,294
4677,2455
1743,484
5590,2385
4375,3056
204,277
5281,2569
881,2182
3689,2728
4336,849
1882,2521
3604,900
3172,2209
4032,3067
1174,714
2093,489
5423,1871
2102,952
5632,1456
3393,1804
2064,1599
228,2152
2804,2163
5933,1569
4393,952
3575,2949
289,1115
3974,968
4699,3129
516,1279
2553,2702
5474,1405
4710,1009
2241,895
18,1002
71,2326
2098,3061
4156,1389
4000,95
5419,2637
2494,2472
3419,1281
210,2111
3214,2569
3296,881
1938,1244
2824,1071
2142,485
3484,1117
3475,1563
1052,2548
816,1517
2576,942
3543,1697
179,704
2089,100
5805,1518
2151,2641
4828,260
2431,2466
4051,568
3729,517
3464,1000
3302,2924
3573,943
1694,860
3583,2385
4175,45
4741,456
3686,820
2693,2816
4620,2381
3493,1179
5,1840
1500,994
5254,2704
2865,829
3816,1051
4117,225
5010,1031
5089,2078
5560,909
3409,138
3056,774
4764,975
2828,2078
3506,1010
414,705
3165,717
2602,2297
4183,2915
193,2426
3169,1590
2262,2606
2580,1195
1589,1574
116,2179
541,665
3166,1292
4859,2151
5081,1032
3028,604
1223,470
4368,2853
1107,2739
686,1019
3948,15
3651,960
462,722
935,942
603,203
2096,974
2610,1195
2682,2037
4751,2217
5148,1099
5289,3024
2562,1154
2337,1975
3620,2936
5463,1110
5218,1279
4758,1294
3284,1674
4222,533
4268,878
1119,1005
164,1041
652,2293
1805,20
4774,2177
3177,272
4517,2521
465,1154
2772,2438
3844,1489
3560,1730
168,2853
1957,10
2485,2381
4216,314
4264,1294
4943,1582
1023,2586
2661,1294
4710,822
1311,20
4960,1936
3456,976
2932,1730
5186,1690
1492,31
126,533
3794,971
1154,975
2093,2880
4264,2583
5114,2753
1831,2880
5200,1773
5513,3024
1776,729
1280,2777
1269,898
2463,878
4711,2521
4754,905
2233,1355
2692,1869
4256,2880
2974,2521
1382,960
2292,1935
5618,192
788,975
3102,986
5378,705
734,1678
4500,207
5460,2235
5434,1014
5855,1044
4790,720
3425,858
579,986
2745,2819
4928,2347
3802,1747
94,944
3325,2347
3211,1279
2168,714
4501,967
213,1575
4622,2425
5117,152
3193,2578
1778,909
4438,1557
4398,438
688,2218
994,2490
4303,1332
20,1530
1785,3019
5725,947
2437,730
3519,469
3037,2415
1872,921
3025,900
4076,1326
2775,725
3736,1635
3027,946
463,6
5740,666
5848,199
1321,2511
4194,234
4383,2385
3243,2641
736,2989
49,2059
2867,849
3536,1173
4207,3098
805,1813
4189,48
5267,45
5752,1026
5736,2775
3790,716
579,2409
1468,2507
2141,1095
2744,2297
4012,2980
578,494
1431,2625
710,2865
2859,557
4034,2739
5514,861
3394,1655
5512,34
1169,935
2344,865
5818,1272
1113,1003
2001,1465
2960,2302
5945,266
4887,2052
2686,1918
3505,2775
4842,589
4664,1980
4750,1000
3067,2549
422,489
2454,1568
3880,1117
750,2240
2610,2081
2179,3026
4536,1421
2454,1918
3223,968
3563,1036
4208,774
5099,753
4930,944
4128,256
1585,193
2959,1272
4932,990
1064,2184
3638,1560
2942,2796
304,1907
4810,1000
3688,142
5501,2049
4441,379
4129,1016
2405,1810
953,1040
4411,1668
992,968
3929,204
1919,604
2337,1117
5007,2453
2699,944
116,516
1769,1010
3080,1575
49,2677
2594,369
885,2949
1962,1590
5417,2701
5009,1186
1991,830
5427,945
4095,1031
2696,1585
3193,2391
3931,2320
3595,2371
689,2256
5639,2521
157,2395
4472,200
614,2082
3043,2797
1799,1010
4855,1658
3079,10
2987,421
2345,954
466,871
2388,1590
4659,965
5712,2218
3316,862
4928,1355
5516,1525
4967,2249
1283,2032
3879,975
5876,1279
709,225
1227,1908
2405,1355
5502,314
1,138
3151,421
3025,2002
946,2797
5094,2182
2263,898
4511,1043
730,2391
2494,272
396,825
1172,1046
480,2216
1648,975
4466,519
2382,970
286,2350
2866,2480
4344,2219
5409,99
5441,546
439,1811
1153,1154
4017,1043
1426,0
426,825
704,15
2209,611
461,1011
1228,924
3379,5
1131,991
3311,1002
217,1590
4117,2563
5208,1664
3501,2065
1118,5
4179,997
5837,1835
603,313
23,1724
4462,1285
5520,438
3911,1182
4890,42
5780,2240
3500,1813
2598,729
1772,2865
3885,900
3676,726
4978,2491
3880,2219
1615,2100
5395,2779
794,416
3179,859
414,949
923,826
2781,32
4818,1455
2354,2439
2946,99
2507,2681
5554,557
4879,2862
756,1063
4204,1003
2743,679
4259,710
1836,1695
812,2126
2629,1331
5266,275
2179,2034
1165,709
2473,1757
5303,1096
972,314
3401,1029
5751,2949
3800,546
4938,1348
5294,229
5804,2960
3072,746
527,48
3977,34
5565,2385
1984,2855
1813,2219
5461,1281
5835,933
4991,1517
2842,1573
5798,1051
553,2558
1673,2589
2031,2297
1045,3020
2344,1296
5047,2580
4016,1840
4451,1014
1271,330
4443,2816
4388,665
4904,959
117,2378
717,2373
4824,1195
1006,32
200,1100
2294,3057
4840,2637
2720,1179
2061,2297
5445,2976
3786,1913
4159,963
234,1623
1084,1793
2603,1533
5480,718
822,1793
5810,2350
5763,2504
5407,1179
2509,1117
1496,1737
4193,3176
2309,305
2061,203
1204,3026
3665,1744
394,942
1287,1748
3914,4
4201,34
2633,1533
1167,865
3333,224
3437,2267
1940,34
5345,1590
2741,1251
5865,313
3860,1811
5869,1186
1089,1332
1163,1281
4458,225
1761,2139
1449,1086
5224,1421
1662,2133
5146,1730
5856,2829
3280,1128
4711,1021
740,774
3453,1056
612,1528
1343,286
2506,953
373,199
97,2775
3357,944
350,188
4468,108
5588,139
5536,1669
2475,677
5135,1325
5558,2182
4942,930
5461,2249
5375,31
275,953
812,2878
3795,15
5080,2557
5646,1248
3042,909
1218,533
5041,1848
4286,1006
5490,1674
2565,1509
5529,848
689,943
2235,816
127,681
4113,2926
1645,2448
3858,2407
4577,1340
3145,256
3637,718
722,1241
3891,1766
3658,252
880,2766
202,1390
3507,1776
1497,2176
4143,2926
793,1831
2567,400
5763,1028
5546,2491
3726,1325
5675,2901
2144,2926
5399,751
669,452
3661,149
1627,2407
3688,252
4879,715
4364,2521
3691,1489
5010,2861
4358,2706
5631,2979
2613,2623
1157,2643
388,1903
3877,1844
4658,2409
2142,2449
4792,2409
4516,1013
5486,1285
4056,274
4806,1526
5339,1989
967,1206
165,518
4012,2419
5462,110
4815,299
2850,2162
5766,521
3453,1674
1326,1489
1940,2880
4164,2409
2060,1484
3262,1325
4920,2163
1596,37
3104,1116
815,2855
2971,1526
897,975
2636,489
5192,2477
973,970
957,2157
3202,2563
2022,37
1810,1844
2987,2409
1567,2840
1901,1962
3738,99
1843,1203
2631,2747
4494,2297
533,1048
2472,1936
5517,2395
3846,3015
3531,1691
2445,490
1776,920
1834,336
4933,2374
5884,876
5034,2426
2097,2409
4585,321
2006,1732
1847,921
2617,2825
4062,172
1909,1018
598,1419
1028,1003
3631,1117
1229,2979
5532,1713
5334,974
1388,757
99,1479
19,961
3895,1348
545,253
2408,557
2397,1896
2500,2775
43,2486
1526,2569
3639,604
3988,1512
5483,666
2675,1086
4850,753
1251,1583
2132,285
3393,1487
3663,1348
4396,933
4792,933
1348,1866
2967,1086
2282,229
105,489
344,2949
5721,615
1008,485
1887,1393
2267,860
3201,1667
3910,666
3655,1837
3369,1251
5148,1103
1180,1127
4502,928
5046,826
233,1024
3471,1154
3409,276
249,968
767,2651
1305,1014
5391,1211
67,2425
3742,1590
2661,2453
2637,1867
4464,2514
4851,708
3028,3186
60,2385
2913,984
3730,1206
2269,882
2618,1036
1608,1173
844,23
1341,829
4796,1940
5740,991
5144,2623
5796,334
345,275
462,860
716,1908
4491,2243
1922,959
3713,1949
4905,1294
944,2297
1556,3053
1188,2657
4522,775
5038,1823
4176,138
1743,435
5770,991
2370,533
5052,940
5644,2572
4004,31
2667,2217
5067,1248
946,276
4289,954
1142,1908
944,203
1159,1323
3375,991
1630,908
3432,744
2117,2689
2026,127
3572,0
3384,3147
5538,991
3616,272
1166,400
13,229
1873,1016
54,984
1069,2719
4842,2419
4140,2901
1497,1668
296,517
5015,2347
3091,2521
1546,1560
1885,1026
3433,1504
3457,400
1796,954
5,718
3833,2377
4831,1479
125,1574
319,2571
869,2257
3916,1099
628,882
5268,2419
3738,2490
702,2494
1167,2853
4689,1022
669,1822
5426,726
5892,2219
119,1355
2524,1484
1844,971
3103,2100
895,2515
1208,760
3327,2747
1104,2100
4617,2435
4889,679
2824,1372
5852,726
2768,2002
4189,1207
4448,155
881,523
4108,464
2895,1962
1874,1910
2710,2182
4291,1110
720,16
1654,3075
2860,2126
4900,1568
5815,2133
5696,721
381,1489
2941,967
1628,2793
4875,757
1578,986
203,2880
2725,2840
5684,2589
1947,294
2781,2183
3577,3056
872,945
343,1355
2767,972
4809,2739
4088,2979
5122,984
4932,860
5006,1563
2939,1429
2982,2065
3135,3061
5161,1851
4909,2569
1144,478
4886,865
3133,921
4385,2569
5613,2133
1430,2003
3983,310
2235,710
3718,793
2389,2840
4089,2426
255,1484
4830,1872
2963,860
1564,1414
4803,988
3378,321
1774,2163
3505,1035
2445,1055
5382,291
2025,469
3723,2426
524,746
1401,1019
3056,2148
2715,1855
4234,2349
146,1325
5586,2915
5682,933
1889,958
4129,1020
1644,1127
2776,229
1528,952
1822,3119
2438,1173
2885,172
5665,1868
5193,2058
1459,34
5335,421
5736,1519
211,757
2399,2349
2820,127
557,2333
1506,2482
62,1573
32,2862
5610,1006
1637,2184
3208,2114
5930,230
5028,1590
4537,1730
877,1907
5469,20
656,218
4754,1206
5182,2407
750,1573
4285,1667
4677,959
4818,2130
5114,960
2842,2114
2835,943
5216,2176
85,1533
3944,2505
2963,1128
132,598
2440,2484
4107,2684
2606,1241
1603,2549
4600,2028
3896,1683
2915,2750
1948,2961
3302,944
2842,959
4861,1022
928,1821
1406,2385
380,1235
4079,986
4475,986
5186,31
917,127
657,954
2601,2186
1467,5
3485,1186
921,1000
2150,974
5132,1084
1706,2623
5844,3010
1615,815
2819,1483
2836,898
5690,99
4833,2922
2059,1206
450,2704
3843,2183
2432,1976
4241,2983
4962,299
1694,1458
1976,2110
3046,334
2615,1279
2778,519
4835,874
3422,32
1788,719
1182,3161
2624,991
3494,2537
2329,1043
763,3177
1621,956
2710,1674
4890,1685
1901,1535
5591,978
2807,294
1725,2218
2456,976
3776,1095
3305,921
1808,940
1118,493
2331,715
4724,1019
3615,2840
633,2141
1743,1484
2314,519
5860,994
5660,2626
2754,2511
2401,3147
4206,1029
4519,1526
150,452
1492,1084
1376,909
3931,43
3578,679
4493,1244
1323,1248
1662,714
1039,1489
2701,3035
5266,413
2781,520
5078,1116
1807,314
3119,515
3551,172
4382,100
2538,2455
312,1510
332,2162
853,1110
777,334
5732,943
539,1674
2690,1
2783,192
341,935
84,1279
3737,685
882,2979
127,1356
4927,142
1897,2435
4110,1051
89,2003
3826,1292
4533,1908
510,1279
2685,946
5890,1128
5440,1831
5736,661
276,294
3301,131
424,946
4223,1867
921,1752
1125,993
5782,1945
4712,1277
52,2471
372,1695
1036,921
3785,2580
741,1003
1183,1348
3798,533
2998,480
4809,1560
1380,172
2436,1908
80,2425
1133,480
4646,1569
1425,2574
70,956
3485,194
872,1055
2527,2184
3433,943
4305,1626
2569,1097
3336,1010
5908,498
4724,2926
1396,1590
4796,2802
718,2466
3992,533
1528,1517
4671,821
3440,959
97,1035
2829,805
2034,1096
3242,974
4302,200
4458,3157
5370,41
1464,943
903,2596
2210,2453
2092,1451
1008,1831
2563,1036
2200,984
875,1487
4913,704
959,2878
4211,1186
2139,708
5260,2505
2474,2684
590,2257
4967,940
5337,1971
5949,1037
5768,2157
382,2493
1471,959
4850,1294
5170,518
4705,1879
4008,2705
5238,2342
1795,1056
5678,2614
1614,2176
3426,1037
7,337
4401,2407
4380,1530
4435,1237
57,3083
1206,1600
244,2909
2357,944
3838,200
4082,560
1912,1991
3421,1043
4968,2639
5437,1397
4107,2310
282,168
2615,421
1837,127
3251,2325
420,1041
2811,1272
4765,940
2750,996
4214,837
2125,944
4654,2829
593,1908
1300,272
5414,73
2934,524
1003,1217
5196,2065
4781,1823
1577,2243
3903,1325
2528,21
3414,2100
5838,751
2,127
4936,2111
3270,3075
3344,3024
5730,2157
5454,761
552,944
3905,2310
240,1581
5462,2342
2060,2777
991,991
3358,3080
1911,2654
2659,827
3977,2563
2435,1119
2192,1361
3726,2163
5613,2861
5375,1003
972,1099
2579,1248
1837,611
3473,936
4698,2481
5221,2256
2256,972
2700,2706
535,2037
4647,1203
1438,1279
2553,966
4855,1906
2981,2167
835,986
896,2393
1895,1905
350,944
5504,2702
433,2110
2663,730
3394,1932
5720,1014
4135,3098
4861,3010
5458,1014
2498,2548
2016,330
763,709
2769,2819
3798,480
2313,324
5451,974
2092,325
4487,1456
2615,100
3170,130
4897,573
3051,438
5076,2790
5726,2118
3491,710
4766,1810
2109,679
440,2126
1341,2793
1088,2347
1370,1279
969,935
64,2778
3921,2923
4058,942
2156,875
2839,905
4104,2980
413,838
1758,987
4511,2580
5755,203
1673,2569
3480,1086
4321,1702
5420,856
654,900
3321,275
5561,337
3186,2302
2790,2302
1102,2753
3991,1009
1771,633
3066,2385
4709,471
4213,829
252,1270
828,3123
881,2003
2801,2841
4950,533
5290,2853
3939,445
3326,1908
1013,3061
3984,1127
4760,1348
3414,974
366,1907
3761,2775
4084,1708
5194,1051
772,905
3542,1159
4448,2924
1201,2708
4719,943
5274,1919
5004,2058
745,398
3417,871
4486,1314
1323,2297
237,1096
270,1044
5811,996
1903,1071
4384,256
3002,225
533,865
987,1035
5302,2058
4928,127
3128,337
342,516
452,876
2561,1421
1528,2298
5126,2182
4644,718
3324,1565
3689,0
5198,2058
4599,975
2004,722
2549,256
50,465
3995,1211
4814,1314
1988,1128
2480,1590
680,1800
1547,1385
4102,519
1632,3186
3363,1119
1503,1086
2681,533
3593,1581
1050,1518
955,692
3271,1530
3439,1114
172,1774
839,517
283,2514
5464,1022
238,1051
2967,2058
962,2802
1118,871
495,1646
5436,2357
3641,467
511,1590
3379,1221
4353,3147
3707,2218
5462,545
469,1364
818,1518
1188,1051
5370,956
4928,611
2161,1032
1536,980
4826,334
2960,2176
2619,1883
766,15
3125,1489
5824,2065
5567,2409
4562,638
2067,2309
5732,32
331,1780
3646,2100
793,1811
5313,48
3598,2059
5922,2758
2226,1026
4772,2326
5162,37
2753,920
84,718
2297,677
1409,1935
5853,1840
32,2248
1868,5
978,2880
1366,518
996,2705
829,313
567,313
4507,715
4651,2157
1363,1186
3990,196
1577,1869
1257,2453
3115,1659
3485,438
1649,991
1327,940
5513,3061
5040,397
432,1027
4635,2563
1008,2880
2541,2326
3193,37
988,2413
3643,2717
902,949
3018,2665
5647,1748
318,898
1749,2511
2114,946
3258,1563
1415,945
3152,386
408,1730
3918,2548
3522,2548
4143,946
4014,3010
970,679
2090,710
2133,2100
2649,2394
4385,2923
5180,942
2886,802
5028,521
1337,99
1498,956
383,2962
1467,330
5183,1748
5329,1573
2863,1922
5626,1005
907,2558
5344,1292
2419,1127
2430,2979
4978,942
3403,1270
4189,2179
3229,1117
5224,1348
5262,1640
5558,470
198,2219
5091,1004
1822,1029
2502,2451
744,2163
4840,604
3952,2616
1097,746
2318,1583
4850,733
2255,480
4265,1800
3184,943
1022,1511
2183,2297
2252,1902
4738,677
166,1526
188,1285
219,598
3641,1569
3037,142
867,1573
4219,1051
1856,2841
5051,615
3564,3042
5451,734
1937,3180
2859,2472
1271,875
4553,523
2094,1851
3131,127
1436,1851
5225,2084
1575,2949
5742,1822
2545,969
4167,2150
2085,984
1087,2636
5870,2007
3378,943
4190,821
664,998
3673,302
937,3042
5780,20
3223,1005
4438,1862
1284,1056
4639,805
1144,2739
3121,1667
538,485
4364,1509
333,1773
1124,3026
3251,959
4118,2796
5716,2829
2407,230
4156,1186
1299,933
4429,2284
2483,225
3491,15
5934,2126
4010,2300
3313,3126
3844,318
2524,1919
1476,1010
2658,1919
4946,709
1886,2571
5181,1515
3013,1329
3950,2407
4786,2679
653,384
3695,1134
2196,518
3264,2079
3935,32
4802,1869
423,861
5371,2551
5162,1623
783,615
1743,2643
3575,2880
3921,1073
3666,2998
2252,2520
2902,1848
2091,882
5052,704
3257,1258
5596,3019
830,2309
1955,2684
2208,878
4832,1869
4653,1372
3569,971
1401,31
1086,959
5243,2342
4427,1002
2603,2346
385,2797
2847,986
1918,2243
5132,2511
2100,5
5104,2183
2464,467
4626,838
5345,525
1487,2407
1155,1668
2275,945
3560,1043
3634,992
1197,2079
1431,31
1651,2249
4994,2173
637,924
2633,2346
1246,1971
3687,37
1319,729
2765,930
3890,3025
2288,1530
4385,3004
665,878
2693,2747
5359,2651
457,1114
5732,947
5737,1291
5527,1481
551,749
5334,1840
1229,812
3701,2163
2245,2183
2522,771
4499,1389
1178,1032
329,2218
1449,2249
453,1530
2299,2419
1915,736
2254,956
51,961
236,714
1129,1520
5442,942
1003,2347
3482,705
5553,958
5274,2297
446,709
1397,1685
1696,32
2033,2835
3951,2846
5572,2139
2122,2126
2812,321
1609,2507
5566,604
3424,1639
103,720
2885,3051
4788,1276
1900,212
5472,1908
1747,1690
55,679
1035,2393
4870,527
136,1018
2132,2440
4036,301
636,3061
1441,48
474,1013
497,1936
3871,1173
127,905
2200,1793
1804,1793
4185,3026
3029,1086
4221,239
4658,994
604,1244
2519,984
221,725
2542,1907
4586,2057
8,3061
704,2764
5885,1272
4157,3048
2872,1260
418,2178
2763,2256
2090,470
3616,1943
4531,2508
4935,871
1412,757
670,1840
4419,954
2159,2677
323,978
3924,194
1997,2349
1372,2297
4816,775
2656,450
1670,1173
3909,1010
1736,480
4650,2176
4306,1585
4240,965
3280,2909
5360,996
2048,193
3684,518
4463,256
720,2842
2299,943
2025,1872
767,1907
1880,959
5157,2515
2862,302
1179,1851
4902,1996
5813,1099
4755,256
1919,1072
4696,3059
3238,0
717,450
3155,2217
2549,2407
761,1688
878,3027
2677,872
576,1908
2939,1811
846,456
3912,2546
5584,3090
3268,0
644,2981
5797,1131
265,2396
3971,3126
5339,253
263,1569
4079,1905
4356,493
2957,1047
2869,2920
4347,2659
2740,820
343,3026
5767,2393
2728,2880
3483,1278
916,1575
5482,2409
2713,313
85,2586
1680,2910
3681,704
5706,3056
5213,679
384,1872
1814,631
4241,519
2162,1314
1596,2623
4512,982
1237,2690
4052,997
5573,1372
1383,2515
3075,2183
4293,2557
4807,2778
3241,940
1488,996
741,15
5063,2963
5682,726
4660,1038
2922,2880
5933,2065
1430,991
2550,1022
2624,971
3020,971
3299,2049
895,832
2120,2377
998,1519
3625,2219
1521,1294
1032,1103
1918,930
443,708
5842,2297
5333,730
5063,869
3564,253
2190,2557
4101,643
1982,2793
884,2521
2254,1037
1806,1813
2931,2188
3593,3061
2344,930
107,385
1306,709
4367,2455
4699,942
2305,2665
443,1997
772,775
2353,1393
5739,455
3958,715
3804,248
1333,253
1008,493
5553,450
1866,524
1683,1571
5721,34
375,1489
3732,2065
5449,100
2510,37
2924,54
4820,306
2683,1685
3634,1907
3303,2302
3584,100
284,31
1466,940
1576,546
2548,679
5925,1907
1059,27
4538,1532
4499,1015
2656,397
4235,942
5718,2745
1244,2409
2032,1701
2727,48
779,2080
1083,2491
5874,225
1089,27
2097,3035
1295,2347
3138,521
2587,2862
2678,2980
4871,2472
2285,1773
3150,2975
2499,1702
3194,49
360,2
800,274
1357,1131
5150,1483
3959,1020
1158,921
4320,2719
2114,1487
1658,1244
3160,1569
5906,1237
5044,306
5367,959
4668,958
4418,2473
645,521
1168,2548
2230,1820
3811,748
4189,142
5576,1483
4803,1533
2112,2703
2573,3098
937,521
1742,726
3529,1974
599,1465
2185,2427
1008,172
724,413
3728,871
1401,1564
618,926
3643,9
1851,1800
5634,2750
1222,1040
5425,1822
3596,1102
2949,1483
3152,122
3990,1221
4804,980
1882,1086
605,2569
495,711
961,2204
5305,2659
5673,611
4725,1037
2844,127
3866,3033
2555,24
4466,3028
2327,574
4586,878
347,1348
1968,1395
5351,1849
2672,959
4425,2623
2202,2730
4187,1519
3947,1278
5062,965
3896,0
747,127
298,2775
2032,225
4697,1217
4884,1043
3903,2110
107,2426
1662,2385
2739,1026
3752,2880
6,1031
703,959
4470,2342
1803,523
5648,99
1931,708
2347,2838
4195,1356
3412,718
3343,2079
5423,920
5798,43
51,400
5513,3065
595,2715
3404,2705
4481,2100
2229,523
2239,1211
2288,1103
2456,3131
1207,1000
1596,21
4712,720
1760,2115
4074,2126
1577,718
3550,2880
1576,493
3700,2824
3998,37
4548,2167
3144,2377
463,852
2794,1032
2737,2218
2816,2511
2771,1048
2153,2167
3748,2491
4431,2521
341,862
1583,1822
1503,2058
4882,1639
4951,1244
5260,2753
1581,2126
1956,2003
3890,1793
4093,432
5548,2631
4686,946
5684,48
592,2551
1311,1484
3204,2219
1777,725
4531,1008
2590,1013
3225,63
62,2736
5537,1691
5833,521
2746,1526
2350,1526
3923,2091
1789,735
2623,2624
2518,1110
5409,193
2731,2157
5262,705
3297,2568
1483,2880
5794,943
4828,598
4257,1563
5249,2348
1152,1962
2673,3091
3750,1732
2322,1356
837,638
1477,32
3122,2163
5445,8
905,3024
2574,79
3573,1281
3747,3154
1546,3020
491,940
632,2865
3832,983
5504,1527
4074,516
3674,3026
2086,1429
5207,2472
1434,520
742,1690
1960,2256
554,2393
5413,96
719,2460
4988,2549
1383,2625
4120,2739
2989,829
988,3035
1148,1038
1306,1624
664,2157
1323,1793
201,935
5757,1010
596,1464
4412,1800
4794,1902
4245,2626
425,828
1906,2558
3459,1128
5042,3135
4628,1051
4232,1051
465,2297
3283,121
1535,521
2020,2256
4141,1872
4559,2385
4751,2555
286,1773
4078,1523
5050,2622
3396,2657
2840,490
3779,1641
2743,557
4408,122
5368,2150
4979,877
4046,2924
4354,825
3061,2529
1710,121
1087,896
1565,1460
1988,1563
4605,1575
4701,2037
889,1820
3464,1606
3576,2601
4216,1241
2920,984
678,95
4838,995
1403,2980
2553,2853
1383,1015
2202,1872
2241,1046
4629,1006
1468,2816
403,2492
4582,2880
5210,759
4984,416
1756,250
5718,2855
2765,450
3288,225
982,829
4462,2936
2502,979
3672,565
2249,533
2715,2026
571,2426
1265,1302
4960,1119
4559,775
569,286
5140,2218
1420,1590
4813,1823
491,2847
1373,1774
4020,3126
190,640
360,1051
533,979
5743,417
1727,959
2988,2915
4755,313
3065,2381
1630,1026
5902,2167
958,2848
1670,1364
2310,4
2081,898
424,2914
3239,467
3402,2151
3667,1668
5127,2521
2207,256
2523,2182
4360,1073
1817,1010
2395,2936
389,45
921,1626
829,2037
1128,384
4235,31
749,1519
439,2791
351,692
1232,2427
912,759
5755,935
1431,1324
1747,1560
4990,314
375,2217
1562,1026
3203,2449
2124,729
2599,1022
1778,92
2650,21
243,1539
201,2037
640,421
2615,966
4734,2953
3472,1526
3226,2059
1992,960
5761,726
2941,2829
3925,1279
3663,1279
5368,1963
1586,1211
4431,858
2336,2840
994,518
4504,1336
61,313
5856,1902
5016,730
2867,32
4422,2435
34,1119
466,1530
3238,2419
3408,1110
3714,2348
5099,1896
449,3054
829,2521
4093,2152
3862,2219
548,27
4840,100
1034,2926
944,0
2298,1393
2807,1270
4651,1332
1812,2439
272,1822
3223,956
3658,130
5683,2482
5163,2446
5524,1671
2463,679
723,940
3639,1019
4279,413
1462,1279
2618,967
1887,519
3977,1014
2648,3061
2915,961
4406,2625
2043,2163
3982,2297
3197,1024
1065,2747
4174,2467
4494,1691
1125,546
5781,2616
3439,557
5705,1840
3669,1019
1554,2157
1409,1244
1813,1105
3745,1014
161,1967
5885,1626
3381,737
1103,945
2343,1270
4349,1128
4579,1590
5615,984
4930,127
5427,933
2605,2209
706,1659
4758,774
5129,2407
4635,1872
5084,944
3155,3026
2776,2441
2896,1045
4539,2349
5549,522
4416,1195
670,100
3223,2379
2856,865
433,1850
3360,398
1603,1244
2525,2980
3179,1518
4066,789
2996,121
3458,152
22,1003
1183,1035
3819,1097
3060,1045
834,100
5495,2514
2774,1590
3481,2206
2359,1348
5236,533
3491,450
3627,1277
1214,1260
4914,1421
690,2980
1827,2426
1075,1101
73,1291
1942,2349
2085,1903
235,306
4873,1016
3995,1272
4640,256
1312,640
5393,493
4837,2490
1843,276
5898,2880
1804,321
1671,2421
2698,9
3,306
557,1646
3289,2170
888,2914
1609,230
2777,1241
5093,2079
4611,615
3339,944
3194,1529
3364,1940
2256,980
5160,1022
1161,979
523,722
2066,856
3356,1298
1511,45
2841,852
2560,1364
4069,416
4129,467
4853,498
940,229
4579,3147
2631,1015
4155,1099
5690,1372
2761,307
2341,3131
3769,1063
5944,730
2700,31
3223,2058
3326,493
5593,2378
1150,1355
448,1837
95,2473
465,1252
446,1010
3493,606
3620,1879
5738,1012
5449,909
3836,945
5352,976
300,2878
1428,518
1218,708
4286,1181
4096,2747
2755,1027
3913,1350
2701,1730
4518,935
4960,2034
154,959
4428,2173
3280,848
2633,1037
5886,2199
230,954
1698,5
1532,467
2786,498
2199,930
3672,325
1614,1997
3537,2352
383,2889
372,256
536,98
1694,421
2989,1207
186,1971
4002,3061
1030,606
1534,139
1762,2218
3787,2126
5264,1640
3375,869
5183,520
642,3126
1351,1371
4307,849
1966,2398
975,2777
2067,760
2097,2100
2933,120
1413,909
1077,960
2221,1577
5805,1563
5483,1512
4110,1035
4867,1014
1988,1002
897,211
2707,2409
375,1038
4446,203
2049,2409
4991,1989
3072,2507
1188,2080
3538,1748
3835,988
531,2490
3914,1281
3635,2620
2401,1521
367,1335
1980,710
2615,726
4158,860
3321,1117
2125,310
800,1567
4936,1127
70,1
328,1757
1417,223
5596,1173
1563,48
1647,685
2683,79
965,99
3238,301
1118,1095
3215,2569
2201,1244
5079,1031
3,2347
4399,1272
4567,856
2800,1014
1413,1393
3663,1389
3672,943
1193,2558
3968,3156
3877,1348
366,305
4285,2082
3164,2580
2133,1840
3695,2216
1142,1465
4978,1487
2170,1907
578,2820
3914,1765
4277,2571
4950,1159
5311,384
2773,1419
1862,973
1938,968
3559,1015
1344,229
5882,1489
1057,172
835,1291
164,1086
4090,1590
2677,2246
5392,2793
1603,870
4751,518
3063,969
4175,2802
2807,225
2490,518
635,829
1848,1051
1734,1703
4380,2453
2755,974
936,942
2192,1800
2097,974
94,855
1066,1954
2270,2622
3753,2705
3982,313
1117,953
2299,1862
4752,2217
4308,1237
5015,1099
22,1918
4742,940
5600,971
5724,1037
5370,1448
726,2421
4754,950
3255,334
3415,2309
1990,1642
235,871
4333,139
1234,2827
4405,15
2032,2807
2662,759
4585,1114
4048,909
3986,31
4230,2643
4906,940
1879,2750
466,1908
2768,2848
4325,2880
3979,2243
3731,2141
3029,2623
169,2853
5785,2979
1640,1421
4957,878
5347,2753
3050,467
2896,0
1927,138
533,1036
3860,2901
35,759
2987,2747
3360,1797
3857,1849
4643,314
2578,1007
5935,1583
2469,2003
4444,2548
5151,720
4755,720
3843,638
4949,771
5782,1526
483,518
465,878
5224,417
2736,253
141,0
5129,557
2243,128
4489,1136
3739,638
4014,2563
2656,2926
1880,1207
3485,2219
4973,956
716,2567
5191,2347
3573,1285
2828,1131
5467,710
357,944
5881,1481
4917,1963
3387,2034
1449,2310
3708,1860
4422,1203
2350,725
3606,1583
116,2171
1292,2511
3780,423
2668,253
1398,1217
1420,976
504,940
3102,710
1343,2449
3600,1926
1521,469
3090,2578
2733,1028
1592,120
678,2409
914,996
1316,976
5628,2482
5311,2775
4599,2569
629,1766
1542,1696
5224,1840
4190,829
4611,859
376,2983
1102,643
548,1023
1255,1639
2066,1100
2983,2492
1104,2409
4268,870
1455,946
5751,953
3459,2421
3665,2297
729,253
2871,3190
1459,2758
1772,1003
3151,2426
953,1085
1677,1116
3504,1009
1544,1526
4875,127
4217,127
2529,1332
4485,1635
3770,2821
3075,1276
1065,710
2727,2256
5325,2026
1593,829
3497,1908
5076,2453
5885,2622
2579,1045
3432,732
409,32
2525,1748
4861,1518
50,99
1697,24
3011,860
1529,413
5,706
5330,2346
1648,2764
3196,990
5431,708
3557,969
5025,20
5274,2976
5238,313
3214,1569
3637,2426
519,1866
3344,861
2738,1051
4159,256
2476,1051
1129,2549
5131,1355
3181,2560
3952,2437
3091,1354
5342,2706
5787,878
1365,732
3977,400
408,2385
3515,2032
3673,928
472,865
5107,2058
5902,2521
444,2981
4038,1026
3114,2627
3150,2284
5533,180
4839,2243
300,1512
2265,615
1874,959
2619,1867
4541,334
3221,1935
616,994
467,871
3574,518
2624,898
1158,230
3174,3028
5137,2058
2322,718
3239,2110
3289,2227
718,2560
5651,966
3146,606
2526,898
3218,482
3811,996
3415,996
1008,2514
2202,2494
402,2704
5620,2003
1458,1030
1525,0
2707,909
3433,821
3565,940
3131,2176
414,994
3153,1935
92,943
2482,1730
4588,1038
4875,2034
2929,729
4608,1690
5490,3061
4358,1515
1202,2915
5593,1496
2202,400
5833,956
2978,1530
3501,1305
1193,2802
3474,421
1269,2797
2865,313
1079,421
4597,1100
5134,3025
5865,1029
1577,1637
4337,2866
5130,2502
2783,99
4111,833
2077,3091
2505,1848
4423,1105
316,31
2993,848
4746,2512
4811,2907
1377,421
5601,3026
1063,2705
1104,2706
4841,305
219,1037
1024,2188
5177,1917
4910,1573
3370,956
5887,3016
4813,1640
3006,679
2378,1110
564,1422
3146,2379
3120,966
3722,1034
234,729
1908,2100
1725,2393
5875,1851
3153,325
3796,956
4475,490
834,909
1233,1372
3638,747
2683,3035
4993,1584
497,1489
2657,2753
268,2568
4918,2349
3414,1389
1690,2183
3940,681
5119,1292
1127,730
5378,994
3707,860
5221,256
5477,1939
3574,1270
2777,172
5208,1522
4189,2297
2723,1629
2754,942
2871,1527
3862,1902
5801,2036
3447,2626
5133,1348
910,99
3642,3067
2754,1881
5056,2821
1374,1896
789,2963
5192,615
897,2496
434,520
1447,2374
3274,2267
664,982
3677,994
1333,3026
5655,1810
846,464
2742,716
947,1270
3545,1040
441,2630
735,633
4603,1159
883,1285
3269,2862
4726,1724
2902,1348
2680,2467
4842,2838
4506,2889
2703,1138
612,2862
273,952
2453,963
4421,337
3111,1872
5370,2176
5735,611
1356,1101
2452,738
5523,728
1059,2800
1898,337
363,64
2434,1071
3611,1636
1448,1040
751,1866
3022,1241
4004,3028
2001,2909
5276,2140
883,480
1080,994
818,994
3466,127
989,2569
3556,20
4755,1098
1873,1569
2020,276
1091,1533
17,1655
4619,456
648,963
2125,2729
3721,2689
3864,2243
1169,1574
3292,2017
5828,909
3650,944
2380,1908
1325,20
2990,1837
2465,1457
5085,986
4727,1278
4823,986
2433,1919
4568,467
1193,1005
1310,1590
904,902
4990,1099
1892,225
2747,739
4136,2126
4334,421
1192,1719
5590,1279
5770,2378
890,1354
3364,334
2242,230
3508,1776
5736,515
4543,945
4627,1582
5766,1855
1813,467
435,400
4755,2521
3729,1371
4536,905
2760,1509
3672,2557
210,1221
2620,940
1928,2110
1219,1421
3853,848
17,45
2173,2880
4397,2409
746,2140
5271,721
1246,211
5043,305
3501,3025
424,3028
4364,956
2215,1012
1910,376
819,1837
5305,1244
2784,940
2262,2521
1567,1730
5252,829
563,1093
1831,1022
5700,992
3934,32
4448,253
903,2100
4163,1023
5271,2949
1036,909
5717,757
4019,520
419,940
3196,2173
5672,1014
3968,932
5100,34
2125,314
1720,2480
4666,1270
5384,732
662,294
5442,710
3778,1747
4227,1573
178,2167
226,3147
5806,1364
3987,1332
4885,2482
1705,1798
4568,1085
2009,489
4877,1840
407,714
5613,942
866,1228
1210,1038
2762,726
1898,2378
1872,1157
1034,812
5948,666
3640,2163
3294,1526
3664,305
3152,130
426,1114
5272,2719
2390,3190
487,2521
689,935
2953,1583
4,832
1623,1742
3305,722
1918,1101
1713,1635
4801,1040
5286,2775
3973,2349
3510,1127
1142,1819
4843,2205
844,2162
687,2178
2933,3186
4171,994
2952,203
3826,959
555,2409
1516,1629
3792,1348
3097,557
4406,2739
5705,1015
2587,455
5264,518
5376,1513
3262,1533
2011,2739
3059,450
4779,2920
2833,861
4529,1991
2125,3026
2699,1046
4877,230
4753,194
4262,2586
5003,2032
2525,866
1036,2466
4336,256
1951,1533
1269,947
3160,101
1403,947
4183,2643
2366,994
5273,1519
5233,400
1036,2816
5761,519
4582,847
538,95
2155,932
5426,421
1754,1527
766,861
3367,2622
4081,1211
724,1389
4793,2171
101,2164
4850,2705
457,1045
940,1953
2375,1056
5071,1361
5191,2217
2605,1518
5924,1048
3489,518
3282,979
5019,2110
2013,825
1168,2719
1803,1015
5196,1248
2215,959
3842,2484
1804,1590
2901,1637
2538,1585
1519,1606
3091,2700
4099,2490
3894,3024
594,1292
4907,714
917,225
5234,2829
5881,2640
1761,2078
5720,1002
4171,2551
5363,1896
4632,1448
5736,946
462,1523
3361,467
5405,3061
3156,1001
2075,898
3864,2219
1904,1016
3050,16
5298,1659
2297,718
3091,956
5596,535
4980,37
365,1940
2285,334
1008,2571
815,2176
2666,965
1647,986
4754,633
2601,1479
519,313
2153,565
1357,631
2675,2367
3950,57
4249,2568
1764,2675
1086,2797
4221,520
449,2176
3064,1361
3155,725
579,714
1651,704
4813,2502
2466,99
1256,1114
189,909
1851,2455
3702,1244
3645,710
4827,1619
4889,2497
5398,2374
5143,1101
2854,2840
4212,942
5394,1851
3147,1372
4969,921
4322,1110
5629,967
1480,2111
4852,521
3828,952
2419,818
5286,978
3608,2117
1954,2152
3024,376
2660,99
5944,1328
1596,1131
880,961
1704,2162
5868,1518
661,99
5012,1533
3764,2256
1004,438
2124,469
758,971
5887,979
5620,1389
4971,943
3701,1907
399,1038
4406,942
2639,1100
3115,1029
3251,2610
787,2840
990,1479
3842,2297
5841,984
479,1906
503,48
5862,1272
2871,2739
2842,1809
5870,2853
984,1260
4981,476
2553,1117
2002,1014
360,120
2410,1748
1008,1095
4194,1035
1124,489
5141,2801
36,2625
3489,2909
2735,757
2740,1101
3153,516
3669,1564
4030,789
446,1742
4539,666
1731,1840
2166,1014
5681,2176
1938,598
2007,203
687,1804
3292,301
5647,313
2341,2708
200,2625
4240,225
2025,193
2937,1241
3850,979
3357,1046
4852,200
2445,1718
4568,1195
1676,978
333,875
529,1753
3410,1811
5645,775
3403,640
3119,881
3325,949
3825,1272
838,229
4759,2079
812,2980
1684,2909
267,413
1182,978
2753,908
4586,57
4682,519
3465,2807
860,1866
4631,739
2888,1483
5541,960
4553,1048
390,604
5520,1776
2371,1903
779,2816
4402,1037
90,1251
4683,2218
1269,1862
1341,984
2148,518
1960,467
3498,1011
5451,1043
3267,324
5586,679
4882,334
1730,944
2437,1560
3670,714
1189,2283
1065,527
4370,1879
3621,2515
1210,127
3976,1925
3425,1822
4400,940
4584,2747
1395,2509
5275,2106
5581,1624
4058,422
438,1718
4528,1125
54,789
2523,1869
3071,1674
5712,2080
1939,128
447,491
4750,2635
4421,2167
446,266
5709,1028
2020,467
1877,1879
275,384
4614,2747
130,1723
1843,16
2001,1356
77,3028
5596,2255
3385,679
1613,493
3932,848
3672,1675
387,975
550,2659
4955,946
5555,2631
2184,467
4735,2111
5872,1557
3151,633
348,2151
107,3028
427,0
1576,961
3873,1557
2904,1695
2943,1623
3610,2086
1562,2002
3754,1084
1396,212
4770,203
2411,2701
2791,2168
482,57
1832,2994
5559,2349
2427,2645
2564,2162
1356,32
466,1217
5588,54
1102,2367
2186,489
102,940
5014,721
960,971
4697,1014
4198,1101
2776,705
3056,2974
3249,925
1480,448
3293,2163
1424,324
3100,2522
3922,644
3648,1573
528,940
3563,711
5529,1702
4906,2477
4741,1851
680,930
1357,391
3683,1917
5292,2139
4367,2549
456,2353
3350,953
84,2747
4717,861
1019,746
3029,2066
97,730
1280,521
5070,198
1221,880
1153,2439
2968,1009
328,1013
4178,933
5026,276
5217,1564
2942,727
5707,2889
4636,1030
4467,1975
2325,3010
1196,1173
3422,3057
1176,706
3394,1009
1876,1871
1053,2558
5520,1723
3637,1117
4912,2217
5381,975
226,1244
792,1655
3013,1667
334,777
5055,990
5652,2377
1065,474
1920,988
4201,1051
1873,2862
1912,2036
1544,1640
3703,20
2433,984
2541,517
1338,2703
1930,363
5073,1919
4030,1354
5200,940
3698,615
5840,334
5050,1935
5098,2915
5910,2793
4058,369
4163,2637
2733,1626
4928,225
4685,467
5409,2218
2423,1585
3787,256
4625,1355
2527,1908
803,450
2151,2560
2588,871
3876,2176
4783,2880
5932,1397
1764,3053
2493,984
4102,1206
743,557
3941,2012
2160,20
690,1862
4339,2058
2054,533
5455,2347
4560,714
3631,1971
4355,2002
4155,2880
4484,1658
1524,718
4279,2946
2460,2914
2735,867
3111,400
2894,2617
5086,945
1481,1021
416,1451
1178,1020
4583,324
4598,1356
1466,1652
802,2426
4534,1371
5303,2865
5261,2639
3714,1043
5596,1397
3007,400
5667,1048
2439,882
362,2504
3232,518
90,1816
3324,2736
2756,0
4478,99
2401,1529
4020,2439
4671,679
5321,2481
5123,961
3345,930
660,225
2795,2183
2437,31
4847,2194
5045,489
1497,1099
1571,1048
3890,1403
1307,975
1441,975
5641,2994
5262,2409
1012,2747
1356,2557
5396,2409
4151,1151
4818,1614
3118,2994
2534,1253
3721,2506
3750,992
4426,43
3316,1639
3021,967
149,2880
2069,520
3746,2162
2939,376
449,139
3119,1475
1469,2218
3186,253
2466,1095
4331,2034
666,1305
1922,2163
1156,940
2978,489
127,1027
1871,3137
61,2659
3863,3097
4171,998
1469,2568
1154,1244
510,950
4321,942
3161,546
1413,946
2679,2492
93,1793
2612,1270
5609,557
194,155
3791,1881
2940,2425
1104,726
5328,2385
1661,1583
3545,2764
902,1531
3679,2764
540,2081
1956,942
4993,1348
2424,64
2342,1917
4329,1533
48,2558
3,1095
1560,1881
5409,2165
5691,1097
3189,1035
21,1674
3935,101
4325,1010
5120,1281
1224,2871
3932,2247
1211,1131
478,48
1952,2297
2554,645
470,1096
3553,2601
4279,1015
5583,2853
641,2671
1007,2240
4753,1837
2698,3026
2932,978
2899,2750
1278,1013
3466,1851
3230,1574
151,942
5827,1119
2819,1451
2504,127
5613,2853
1350,2205
887,229
1528,2477
1571,861
862,172
1381,737
3433,748
3865,1159
5879,878
4566,1206
113,1747
5720,67
1831,384
3135,2976
4262,980
3938,856
452,2344
4600,975
2288,1010
2544,441
4483,1329
2896,2586
518,870
664,2385
1347,163
3501,2171
4447,329
5405,32
5938,2747
4833,3024
4776,2490
1648,276
3248,944
2864,15
4080,508
2755,1011
3889,940
1759,1046
2409,374
1286,45
3442,2880
5634,1181
3335,1478
5458,201
4031,1181
5457,730
3000,441
1315,2853
1764,2679
2156,1217
4754,987
5311,1844
2792,3121
3936,1294
4097,2151
1246,1935
5516,2249
1673,467
2793,498
3861,2059
198,2719
1581,878
2498,3024
4130,2449
3622,730
3727,2998
4499,1003
442,2298
5378,2665
1331,1642
2117,2551
302,975
3743,2188
4863,2219
5116,2665
1375,2880
1681,708
4855,1577
2956,1027
1932,1458
1986,940
4384,2342
2954,1331
2329,1279
980,1950
5696,99
742,2536
3782,961
5043,2163
5079,1820
4385,2163
3174,324
4889,1696
3301,99
1195,37
3089,1906
5138,2400
231,519
649,1032
1848,1356
1175,324
5830,449
792,2249
1635,1248
4658,2702
967,560
2987,2568
1111,2002
841,2141
5672,994
1019,2413
289,2567
160,467
3539,48
2654,823
1270,719
234,2079
943,324
461,3024
3446,988
4910,829
1351,2778
1659,679
1738,1726
4420,2133
4105,3061
1524,2706
2281,433
1350,274
4995,2980
100,170
3202,1917
5891,1051
218,2111
2468,2861
5426,722
3426,1810
4405,670
5512,1405
2981,1167
3132,3026
4677,2297
3206,1285
1848,1840
4248,871
2068,1614
669,2168
1398,99
1924,1835
2712,1127
2354,1419
685,1331
2158,726
5551,959
2650,1188
3713,685
2185,2549
373,1244
3396,2698
3853,2385
5625,127
1301,516
3359,2816
1559,3026
1478,1906
4831,1020
4712,574
1145,942
3626,127
9,940
1487,679
3049,1055
984,1748
4387,225
1111,1331
5280,1031
1446,1055
1857,2841
5683,1421
3265,306
610,756
3697,717
1069,516
1458,99
5484,1211
4468,1503
5266,1483
3105,24
5426,1206
3392,1020
2784,2827
5690,498
4432,533
4036,533
255,2635
4076,871
4191,821
903,604
99,3061
1162,306
451,480
5343,1329
3524,1297
5822,775
1588,1646
1178,1748
4903,276
3540,1241
648,1024
3266,2170
1733,280
2640,984
2755,3186
5174,739
821,952
4274,482
4981,1098
5381,1971
2399,1272
5393,1042
5876,1950
4711,456
103,1086
4189,2037
4215,1006
5440,2551
5543,986
5147,986
372,1476
1186,1989
2586,2037
4552,3028
906,2349
2458,2791
290,1851
5448,1099
2466,400
3123,2427
5559,1869
2506,738
940,2872
1956,1991
495,1667
1338,666
2917,1211
1974,1816
5310,1515
3011,92
3274,2946
5213,1582
5651,2747
4694,236
2660,2494
26,815
1703,1703
847,1718
2154,821
2819,1211
2086,128
1783,127
4890,2218
843,1195
881,1487
5122,2753
2503,416
2029,533
3421,2218
3756,976
3935,2439
490,518
2824,1181
2586,2521
2610,2915
3706,2552
5196,1362
796,975
3900,324
825,400
3629,2490
1413,1324
5158,1228
4900,438
2066,1889
2802,991
706,2371
1138,2028
3726,1110
2042,714
77,2577
3045,1880
803,991
3382,519
3865,2558
5584,1228
5477,2297
1512,1838
1961,1664
2016,1371
2749,956
5333,828
5866,1291
4801,967
313,2453
3243,710
2235,1674
4327,1084
5557,721
2190,211
969,1037
5477,203
3598,120
1332,2028
272,2802
3154,79
4045,2502
1882,2660
2966,28
3358,1572
3766,643
2773,2639
1622,1043
4082,2569
759,1577
2614,1828
4603,1517
1053,334
5365,1840
4341,2271
4081,3098
4707,1840
5024,1547
3774,1635
5925,716
2482,2840
1733,1032
4995,28
2240,274
2842,2594
1854,2490
1785,633
4483,1573
4221,1573
2473,1973
2411,1095
3842,988
2851,1367
5626,1965
2505,730
772,2162
2899,95
4922,1620
5471,896
443,940
5696,1014
5522,861
1162,2347
237,2003
1176,710
4528,942
5262,1661
1320,2152
2872,2594
2429,1270
4705,989
919,2747
1554,1043
3808,1003
3224,952
4000,1173
786,905
3026,967
5364,1564
5369,1908
2764,967
3562,947
3104,1035
5469,45
5602,574
1204,1014
1992,2558
2747,1902
1341,1285
2270,1748
5137,1908
2847,39
378,679
4285,2631
2559,2790
919,1003
620,212
5895,45
2231,2924
4392,1939
1405,896
4008,1010
3101,2026
5150,2520
1311,480
2851,1851
1529,2625
5390,1980
5402,1051
584,905
3101,2965
4183,2704
4757,2976
1390,2466
2190,829
5431,2920
2017,2564
3939,1031
4684,1939
5663,45
697,967
795,2256
3653,445
2639,1564
1472,963
835,1840
1828,598
1744,2590
4934,20
1028,922
3013,2155
1989,142
1593,142
1426,968
340,521
104,1742
615,2446
4560,718
5895,2623
2629,2165
2216,306
2663,995
1269,203
4639,2704
2507,1421
5043,313
3639,523
2353,954
4667,965
1038,455
425,1918
1497,969
79,1281
4207,980
218,127
335,712
440,2980
4110,1047
405,2205
3354,512
5811,2521
4636,2002
5023,950
2196,1128
2075,3053
119,306
5579,1582
1849,1020
5063,3008
4056,2100
84,2914
1521,400
3787,1683
3164,2458
1593,276
2809,15
1546,2150
1143,979
3440,821
5329,2346
4311,1279
2480,2176
4316,1623
4846,2377
4971,1325
4086,2100
3843,2342
3903,3147
343,522
1355,2740
5307,493
4340,704
2872,2407
969,984
5188,2491
2961,944
1173,225
5529,2003
300,825
2653,1730
4141,2157
1634,2505
3499,2690
3227,2002
128,718
1009,2453
3557,416
3391,878
1001,1811
992,5
3690,945
4209,1510
1048,2566
4436,2455
1757,1565
2512,909
5588,489
4886,971
5001,921
3172,201
2131,1217
3555,1659
4971,520
5177,2840
3777,1479
5265,1906
5272,633
874,1073
5029,875
5330,49
5605,1974
3306,1305
1294,878
2488,858
4035,956
4401,525
3437,1007
1797,940
4739,520
4608,1003
3971,2634
306,1905
1643,473
1469,2572
5509,172
1493,714
1873,935
3127,966
664,832
370,385
1787,2100
5111,2728
2253,1341
2714,2490
4764,1866
1471,1305
5182,2379
4900,1003
5350,1963
5945,860
3441,725
510,2243
4273,1255
1272,314
2075,638
4362,546
1956,946
1030,1720
1052,1479
441,1325
5752,815
3854,490
2519,305
839,1371
1310,956
2910,2378
946,679
2123,1244
5882,1046
4760,942
4350,2764
530,966
420,2326
1872,844
3675,905
3496,408
1167,1028
3085,285
5881,2514
3654,967
3074,2378
3698,2205
3023,2790
5537,1923
1621,1383
4267,2133
3517,1635
3508,2081
4772,1302
703,520
5613,1918
1544,1136
1270,2065
2094,1014
58,1
3401,1810
3239,2980
653,3035
3151,881
3149,54
1920,1773
237,2568
4243,2247
4524,45
647,1685
3565,871
2586,321
1152,100
2871,2934
942,1044
5554,533
1946,900
1385,2553
4382,2032
564,869
5507,2407
4239,34
4073,2216
5301,1026
1987,1840
4253,871
937,1050
1821,2302
391,1291
735,1101
1640,978
1578,100
4095,2914
5855,1585
4714,677
2573,1533
4827,1493
3915,2165
4252,996
4899,615
4293,805
5948,2126
194,2066
4836,266
5409,1848
3557,2807
5104,2151
4985,739
3393,898
1958,2549
1003,1831
956,2739
3506,775
2191,276
2602,2062
186,1020
1079,2580
4754,991
285,2719
324,203
897,1004
5668,3024
4809,1048
4494,1976
2355,276
5827,802
4428,1356
1955,2786
3280,31
3361,959
3457,1421
2623,441
2833,1971
4015,2880
1384,718
1747,1524
3342,1848
4741,1294
336,563
84,1251
4714,2100
2776,2376
2817,2377
5445,1797
4686,991
5555,1403
2843,565
4634,2521
2767,1509
911,2349
5799,982
4390,848
1569,1006
4318,945
3413,2788
3717,1479
2879,2100
14,2740
2250,1340
3370,1371
2331,16
569,518
5395,1279
285,759
458,3131
1881,719
960,1837
4654,1244
5342,2584
3989,1793
4677,2167
2557,709
480,2139
4320,3061
1546,3065
3296,1048
5859,43
2342,2218
3574,2490
5463,1009
957,226
5392,2297
438,1324
5409,2466
3619,920
4417,900
427,411
5440,998
3630,520
2301,1813
2831,2567
998,385
2973,930
750,1037
2756,3147
3766,566
4094,1563
3686,48
1981,1084
2839,1869
2591,1767
1931,2660
3835,521
4437,2841
3267,1003
5447,1014
4514,3061
1124,847
3264,705
4112,2492
4184,1614
2076,1479
4551,95
1447,2439
160,16
3407,2861
5611,1014
2799,726
457,2639
3356,1583
4471,1270
4612,2441
5949,1009
4627,1029
3887,1219
3486,875
1356,227
4157,2800
1312,120
4106,1522
3508,1573
3795,2569
1189,2157
3343,193
1908,1844
2283,967
3749,1635
4585,1907
1198,930
3476,1476
3815,942
5483,24
2759,1835
3871,470
2941,2256
2538,1085
1536,521
3109,1840
545,900
144,556
550,1244
5457,681
4020,943
2394,3026
3471,1667
4878,974
5513,24
349,2651
2627,3005
3016,2026
72,1619
4321,1056
5078,1035
2610,557
1329,3052
5556,2730
1065,2979
2567,860
1974,2975
2344,2508
3546,2349
4685,2622
5399,1211
2825,337
2909,974
3526,384
3569,1020
2598,2775
5707,2495
1968,127
4719,2391
5452,1976
1976,1708
2774,1688
5150,2577
260,865
2985,1908
4057,959
874,2256
4729,2520
544,1563
1975,1456
1357,131
2654,990
5011,2391
1205,491
2394,127
3319,1380
3731,1324
5644,991
5382,991
3677,2027
3959,959
257,1102
2402,2058
328,753
2948,1036
4711,944
3725,1667
1049,2206
493,39
3519,2730
1003,518
263,516
2381,3059
1961,2473
2536,718
4447,1248
2482,1421
3347,2623
2540,837
2066,954
3428,2962
5517,411
534,1918
1227,384
1012,230
5681,253
4344,2439
5395,2865
1,2586
1988,482
40,2514
465,1000
2297,1991
3243,1869
5841,1639
4375,971
1832,908
5908,417
2292,2586
5301,1136
4080,272
4164,909
3572,997
977,744
1197,518
4497,560
1040,2786
4019,935
4810,2188
5939,1019
4996,2378
2902,421
2858,314
4919,2131
2307,211
1417,642
2832,2284
411,898
3814,1819
4270,2624
481,139
1587,272
4993,2430
4172,746
2522,2243
2126,2243
4748,155
418,2227
2734,32
3921,1285
4814,2091
5896,1830
705,944
1988,1905
3936,2347
2000,976
5861,2775
5508,967
747,1355
397,10
5538,3061
1078,2623
2938,212
799,956
2019,2157
3892,705
1776,709
839,1294
502,211
1269,878
0,724
2667,99
4752,2502
3298,905
3277,782
966,2008
420,2249
2877,848
4993,2564
3683,2409
2733,2789
1005,2121
2125,2152
1846,2737
3446,1907
2787,3025
404,965
3153,2594
3924,2471
5513,1260
707,1151
2756,679
2909,921
5053,521
5194,2446
5538,2256
1181,1007
5396,860
635,1248
3622,39
2291,2979
2451,982
3294,2425
5529,1389
1857,243
2394,2168
1770,998
3129,1045
5300,1502
1754,2747
4018,2641
4863,2467
2108,993
5606,2740
3049,2779
5327,881
1243,3174
2053,2225
3438,2739
4731,2698
2971,994
5648,1811
5634,1913
5299,122
5400,928
3688,793
3075,4
100,284
2075,829
1368,967
1120,865
4831,1939
182,2568
1372,1086
2203,1014
5651,954
4776,2417
5942,1103
2807,1128
1812,2297
3037,1590
5334,2186
2660,1640
5916,821
3230,2924
2366,604
623,1348
5486,2176
3540,871
1249,1029
2001,856
2317,2590
2762,954
4658,1206
2911,296
3532,2858
5808,2577
906,1040
5748,82
4829,2027
5291,2058
1803,2719
2443,1359
4081,821
5527,1022
4768,970
1970,2832
3443,2227
4859,334
3737,230
1708,2832
5905,416
2969,1590
3149,2689
5372,1084
212,1009
671,1523
4494,2838
5143,1032
2338,1723
5631,32
3647,2407
701,1173
3323,1529
1874,276
549,1533
3560,718
683,1533
3298,718
2336,2027
1327,1046
1265,168
4933,2326
3731,950
3674,416
1489,815
4300,878
4078,2751
4139,1684
3007,892
5770,2419
2401,1082
696,2118
317,1533
2941,272
5587,1022
5750,2706
3349,1006
3480,1489
3517,2310
1643,2571
4678,2342
4248,314
4886,1325
5383,2131
1013,2175
2740,898
2508,1329
5679,961
2027,467
3802,1890
1446,1653
4453,130
1588,16
4210,180
1443,1355
3714,730
1176,1011
1587,2797
3752,1022
2313,1211
3259,1089
4143,2341
3594,3065
3754,1068
5342,413
3867,945
5259,2630
2554,519
2191,467
1786,2633
5762,972
1414,775
3790,1664
27,400
4927,1110
2266,991
4733,1244
446,734
1301,1248
2483,2157
2713,2619
3133,1515
1610,313
1651,314
658,2310
97,1519
2510,1509
221,2494
4302,95
1332,719
5828,1568
5685,2980
5178,705
4147,2409
4167,3061
2263,2167
3063,2974
5367,2297
4736,710
2726,1110
2951,1228
5731,2924
2164,848
2155,1294
3450,2080
5303,942
3625,2081
215,935
3637,1906
5872,870
2319,1136
5135,2297
1812,1305
3042,942
354,2218
2451,474
689,976
4662,3016
4615,726
3192,1640
3548,521
4700,2719
2802,2394
5686,306
2069,557
5667,64
708,2157
1103,966
3827,875
5236,1009
5074,2179
910,571
818,982
4328,1800
687,2219
699,1290
3369,2626
881,3024
3453,1573
3382,2861
5579,1533
3473,2225
2017,2999
1709,2846
4928,1014
3637,1101
1220,2840
2070,3010
2032,274
1704,1906
2110,1096
5527,969
1525,2163
3665,301
495,305
4670,1513
1877,521
4136,825
1966,2256
5409,1852
3703,943
1775,1907
3062,2832
1193,993
1267,942
3756,1708
4654,2858
2775,2775
5882,1668
3998,1241
4524,533
2392,2256
2762,1035
5308,615
910,1055
726,2466
5499,1903
2861,1014
4492,995
4753,1524
1482,2974
5786,2310
2613,1851
1200,1009
793,2348
719,147
605,2297
1541,521
5221,996
3130,276
366,968
1490,1872
1405,1010
5771,1032
1860,1590
3735,965
1684,1364
2372,984
3378,1667
239,984
116,2082
5054,832
4135,2777
4024,2946
4220,606
2205,2914
4373,848
5056,878
3726,1037
1847,954
5243,704
2103,2637
2557,2807
2551,518
3021,467
3549,2838
795,276
3940,1905
5569,1813
5744,2568
1203,1010
988,856
2633,708
5599,874
912,1211
3775,498
4988,720
5167,2183
1703,20
2074,2407
899,225
4957,2346
5733,1813
4642,1022
3661,2089
1018,856
3825,211
3634,643
1459,1730
5852,946
4883,1084
3840,519
4146,37
2816,950
1193,2550
1609,1674
2657,139
3940,1100
1008,518
2914,704
3088,2577
667,225
751,862
2850,3163
2048,31
2633,2936
286,533
3068,2110
5707,1881
93,138
2278,493
2382,2536
3366,986
4495,571
5007,2409
5721,998
4117,2840
886,3157
3744,2100
569,1006
5686,253
2124,965
4450,2491
3371,17
358,5
1246,467
1918,2028
5794,2415
496,878
5675,1003
3502,473
5771,711
3218,714
1366,734
3828,643
5128,1773
755,1519
1209,935
3172,2409
5733,2297
4981,972
2042,909
5297,2898
1344,1510
3357,2347
3971,520
523,2300
170,2936
1833,1674
2948,1361
2824,3015
5298,1029
1177,57
2853,2255
4480,3026
1300,2342
5013,1045
3932,942
5897,3051
3696,2163
2626,2249
1621,2168
979,2701
3095,1007
4972,455
4605,2913
2692,967
3092,1086
2317,2029
606,1530
284,1479
4553,2349
2594,1748
5620,2719
3311,608
3328,23
891,2830
894,2347
2319,762
462,438
4201,1116
2437,983
307,1089
1093,1244
4728,1010
1486,946
2585,100
3858,1127
904,32
3696,2297
1411,1526
380,32
2300,870
35,751
1396,3123
5711,928
1700,2568
1738,608
3444,2426
1947,193
3647,2785
633,2548
5175,1298
1013,325
5591,230
928,1907
207,1393
1636,2933
414,905
1645,952
3233,1051
1161,2825
5481,2694
173,469
200,572
3087,2165
2751,2216
4630,3053
1242,912
5351,369
4476,2586
4908,2243
157,875
1495,2297
4181,1914
3186,3083
999,2847
3900,2426
5748,944
2717,1292
5616,236
4914,718
5530,2936
2512,2580
4773,2176
3166,337
1571,979
738,978
1495,203
165,1116
4705,729
5044,949
3012,1590
4856,898
4873,313
4673,1945
721,1748
4389,2186
3718,1981
5103,775
4566,1324
218,1127
3407,3028
4116,2027
1996,2821
2195,1718
3703,2797
3257,990
4814,1022
5141,2171
1870,615
5165,313
1102,2729
2876,1298
4767,1206
1193,2847
1941,266
263,2159
2032,384
5738,1114
5569,1305
3100,1945
1300,2155
2934,2407
3013,2700
5902,956
1497,225
3764,2110
1900,615
4676,2377
624,1010
1162,127
2999,708
1459,1811
1501,2976
4465,63
2114,170
4362,2567
695,1011
4518,2326
4107,1294
5227,1325
249,3176
3439,606
5063,2614
1862,2551
3928,16
4514,2557
4939,1043
5443,3020
3082,719
5300,1022
661,87
4078,714
3484,2419
1280,1822
4525,1403
4137,1294
5403,2840
5516,2717
645,493
1476,421
1701,2983
2379,1915
1248,5
3676,1084
5045,99
5671,3005
5377,2558
3092,1033
3770,719
4670,2696
5576,1455
4223,664
2853,458
2939,1730
2312,1043
3427,730
588,1837
3449,489
1598,10
3823,730
4569,520
5740,516
1046,2880
5456,757
4684,2163
5637,3020
5514,1866
4421,248
1957,478
5694,521
5857,2205
3116,2157
705,493
4184,1244
3621,2824
68,3090
1182,832
5031,1116
4203,2425
502,2793
5290,2508
1988,2393
3473,859
12,2377
298,519
3572,2558
533,1325
951,1084
2914,2558
3702,1850
1986,253
2737,417
1338,971
1644,489
5620,2800
465,817
3933,2133
4969,1527
165,1279
5030,2934
3404,99
5417,1128
3536,218
4864,952
903,1393
2725,942
2563,2866
4275,557
5758,640
3361,2846
1979,2815
2423,2297
4252,573
3889,521
3187,1003
5182,2924
1495,2244
2529,1003
3852,3083
1849,1244
3074,2789
5861,2458
959,1675
656,1674
1879,2584
5217,666
258,2567
3198,1512
2071,310
4798,2934
2993,2800
5581,1128
5811,1590
551,1099
5370,127
5592,2980
1428,1372
5287,2344
1354,3143
3198,2451
1064,1095
1549,2830
451,2558
1778,438
2898,469
4202,55
5471,1872
846,3087
3229,2703
4994,1718
3406,121
3729,3026
3772,2164
1191,1809
1787,1840
3623,2041
1054,757
1596,3026
295,705
5579,1590
4319,990
5355,384
1060,1511
602,633
3651,302
4740,1020
1865,218
3595,932
3450,2271
4257,1051
1963,726
356,2297
280,1521
5927,960
3327,1117
402,952
2872,1476
4372,974
7,1362
4494,1903
5032,266
4613,1036
1041,306
3276,24
3439,1708
4001,2909
3330,2704
4262,2684
4115,944
3495,1990
603,1773
1877,928
559,3164
5939,2259
937,306
5575,1016
979,717
2572,968
4232,2633
5369,2079
1444,2739
1831,933
3794,2407
5581,2901
672,947
3586,2643
1373,994
3400,975
4403,421
1247,1821
2566,749
1088,1010
367,1250
1876,302
1902,1523
4782,225
3128,2704
2156,2571
4673,1221
5901,31
4285,2802
2554,2617
2278,1221
3092,980
4303,1129
3506,31
1744,533
2188,2267
5567,1848
1537,994
2523,1991
1246,256
5852,519
2574,990
1077,1009
4950,1879
5896,37
5870,2788
5125,2634
5555,1464
3741,1776
4739,878
5563,2079
5241,2028
3063,400
2346,759
5102,1869
2975,1684
2713,1684
5195,1279
3925,2243
253,1097
4635,124
3201,1623
5061,2218
4734,1823
4789,1530
3369,1207
2996,467
1989,313
1804,533
832,400
1723,2823
2580,0
5744,2625
4756,2521
4799,905
2980,873
1882,1355
4013,1659
4760,950
169,995
5649,294
1526,2659
4294,2840
3695,37
5312,874
1093,2777
3703,1618
5586,2574
2864,1048
4755,956
1754,15
128,1344
2444,2182
5434,490
4248,2091
4055,730
240,996
2198,2126
3239,1110
5488,726
4887,1260
5370,2168
5303,946
5797,1481
1521,571
533,467
667,1221
4366,218
3843,2163
1029,1048
3548,525
4310,848
2278,1489
120,1991
1904,1248
5108,2548
1395,2310
858,2105
3334,946
5040,2764
5749,1009
1628,37
5174,2764
3529,633
2216,961
4800,2553
3836,3035
2748,1007
678,1356
5836,604
4559,2841
218,1371
329,421
408,714
1817,848
4709,2785
2570,1085
5240,2421
5708,2297
2659,376
3057,2866
2381,1563
2405,1957
5545,24
5743,39
2936,2347
1188,2747
4741,229
3538,2415
4221,1691
4644,2548
3859,521
3627,952
2136,2671
4260,2558
440,2480
321,314
5252,337
3944,1009
4305,988
363,1479
3484,1024
5743,1328
5634,604
3734,2862
410,736
64,99
3090,1070
3634,968
5814,979
1746,1331
2809,2548
2564,1963
2939,1840
4530,1456
1067,3113
5855,1138
5564,400
4227,142
252,685
3901,881
5601,1221
1266,2949
3334,275
806,1244
3375,276
592,726
568,140
14,520
2417,1512
1348,480
503,2374
3409,45
5254,517
5491,2150
2700,2739
2956,450
2188,2564
5175,1355
4110,1031
481,521
3450,958
3887,959
4768,2694
432,1568
3679,1195
3044,455
3429,1020
2433,301
1123,2590
5,942
5686,2217
2224,127
2716,589
2086,193
3579,964
3247,225
29,747
3917,959
4755,2058
2988,2216
5293,421
2034,942
4282,2777
629,1681
369,2508
3786,2381
5508,760
699,168
4135,1037
5933,0
5024,2633
4014,518
4306,138
2363,2514
2590,2705
5900,991
5282,2110
581,2549
4676,2300
4748,2176
4882,2176
5393,2880
5372,2003
888,979
1579,2590
5395,2926
562,994
4729,3065
2463,1590
1280,456
1412,2827
3520,518
5576,2183
4800,272
154,2862
5708,2110
598,1590
3466,1221
3895,3024
2689,1529
461,1292
4067,98
3504,924
3609,940
3669,991
4789,1022
3918,1695
1664,45
3226,421
4403,986
5528,1361
4695,2326
3275,313
3020,1484
1318,2037
3510,1119
622,55
1639,2617
5646,2521
5833,2347
3264,1063
2307,272
2945,2249
589,1046
1618,2679
2996,1248
3863,3085
3959,2793
669,2880
3599,945
1333,416
2933,1084
1472,760
3803,940
1581,3147
313,774
2223,924
4910,1675
8,138
4746,520
5661,1085
5915,2133
2252,2793
2202,986
746,1006
2019,1279
3216,1530
459,949
1976,1582
1623,2218
3999,3107
2048,1458
5043,110
2990,2126
4428,2466
3132,489
3922,608
1191,1248
2000,2326
4768,2507
4970,921
1181,3162
1278,62
2011,2865
1036,714
5344,1512
818,2706
1169,1997
1690,2635
5578,2847
2525,992
2500,2625
5399,1569
3532,557
2510,1623
3683,726
4803,757
1694,2003
5496,2441
3028,1963
4575,2061
506,1279
2202,2409
3203,274
5240,1697
3151,1804
721,1618
5330,1590
4588,953
4178,2775
5513,516
4969,1584
2887,2862
4664,948
5863,1272
1061,1659
3695,1086
4165,1035
5333,2800
2666,1173
1950,1003
5167,256
1331,207
2664,1285
1300,2025
1541,956
4956,194
1353,905
5570,2339
1585,2194
957,2625
3799,1035
5812,1872
4990,717
752,2378
93,1244
380,520
5481,954
355,2907
1723,34
2979,1646
4557,2555
4252,1919
1568,685
1585,100
3370,521
3084,127
1155,2209
793,1039
5166,2232
770,1055
2313,1943
451,521
4226,856
3670,2853
1034,1101
588,2512
2124,2421
5510,729
1867,321
3209,953
5146,1206
3807,1811
2403,2775
5842,2407
897,988
1246,2862
3028,1292
5621,718
1213,470
2938,2530
677,2153
4645,816
1654,563
5842,313
2882,127
3938,2617
583,424
1567,1348
644,1831
1702,984
3646,1462
4436,1581
3515,2699
1908,860
4943,631
85,1086
5687,1314
5377,334
2063,1148
955,188
3271,1026
5521,1776
5925,139
4094,2002
324,321
2698,2827
4606,2150
5108,1048
1868,1811
2872,1667
5167,874
3749,1940
1137,20
1223,1292
199,1723
1583,1046
5334,987
5896,2188
1051,1939
4588,416
3975,1879
1103,1348
800,1539
4949,3024
3863,2577
89,1154
295,1030
50,445
4489,6
905,959
5800,1325
572,2247
4842,2753
4422,2167
4840,1926
1295,2807
4461,3061
4313,719
5947,971
2053,944
36,2617
4898,3035
5244,1228
1742,1991
465,1976
4993,828
5115,2511
2966,1813
4316,2306
3218,2788
635,1606
3025,2393
4167,2183
4453,325
5318,1527
3119,2028
4239,2059
4277,99
3676,633
5262,2157
1046,2079
2183,1525
4712,2656
646,2145
2062,1006
5465,1173
2996,1813
284,975
3426,643
1989,1659
4382,1963
3143,520
1777,1022
1604,313
2421,535
5783,1455
1490,965
3339,3091
5197,2297
2117,1063
814,2079
97,775
3370,1623
3891,571
2798,643
4756,1773
250,990
3909,2840
877,334
3229,829
2456,879
4192,3128
1805,1326
3965,870
5011,952
4178,1917
4298,521
794,2901
887,648
3072,1003
1253,971
1762,848
1457,212
3114,2168
232,2639
689,2326
2604,2066
3791,1629
126,900
5391,2297
5105,1903
2080,376
290,2994
2208,3005
799,2871
2079,905
5537,1533
4424,229
1760,2091
2422,1244
4158,2739
644,489
4900,1097
1018,2393
4712,1046
2222,3061
5543,974
4545,2626
1912,2081
3328,942
809,2219
186,2240
3392,203
4759,2555
1820,48
727,874
536,1306
185,325
639,2747
3600,2569
1370,751
1740,284
2366,3190
5551,276
4967,225
4822,1564
3798,1241
1210,469
2060,639
4066,2749
356,557
2923,1014
350,2994
4255,1867
1659,480
5043,1159
631,1701
1039,1526
5256,2206
3149,953
3836,193
5475,789
1600,2502
204,1075
2279,2790
2618,2256
5531,1098
3922,2596
4957,45
4498,2914
4541,1298
129,1840
2104,2385
5055,1519
3467,861
2088,1101
518,1773
243,1568
3321,1975
945,1086
3570,959
5946,1848
1553,942
1291,942
5344,467
5418,416
3021,2622
2188,2621
385,870
3514,276
3307,2427
4797,1237
4845,719
2695,2802
2144,2699
2443,1046
5394,180
803,979
5200,314
2734,2915
4207,2310
1342,2950
5282,878
4659,1653
4795,2480
5242,1479
3664,570
1277,1020
5931,2455
224,521
1625,1703
2833,1581
5743,714
3289,2386
3681,924
5847,1037
251,1563
3926,728
5937,930
390,409
168,1528
4899,709
4691,2480
3283,1036
1872,267
3727,518
4876,1479
605,748
1673,2309
5613,991
5138,1664
3202,1047
5313,2419
5473,422
5763,935
4844,2880
2371,2058
2314,1524
5024,1535
5473,1361
359,2385
3411,1571
2939,2515
1765,3187
273,1298
2396,775
3769,2218
535,517
2013,256
5782,2466
190,482
1105,1047
3665,525
5050,1793
554,1698
865,1560
2363,2705
687,2227
4995,1305
46,1642
3403,2218
3895,1926
4184,2029
4905,99
5342,100
5171,218
322,759
5632,1367
2051,1837
4568,679
3207,1525
5588,2758
3886,1813
4195,2568
2354,2777
2157,1674
1104,421
2239,1484
3509,2240
4223,1583
5522,3077
4928,1372
5886,321
1290,3028
2275,2080
1165,1047
5609,952
480,944
1419,2095
2193,1489
3891,1002
5811,1086
2867,679
3369,1829
5549,1840
1598,1279
80,2141
3840,2353
5115,43
4915,921
1009,1823
2148,2096
2366,1043
2450,1680
1748,2162
2185,2163
5213,1517
5579,1086
5071,121
4814,465
846,489
1799,2100
5395,218
4560,2800
1833,930
2318,2665
2540,2512
1366,2218
2608,926
5696,2775
3199,1367
2734,2728
4664,1810
3733,2240
474,2953
672,1248
4958,1533
1883,643
3307,1085
2792,1393
2308,2512
2599,998
100,1207
802,1479
222,638
1385,1305
1625,2455
4533,953
887,274
4071,2585
5224,2564
5344,2858
2734,1573
5191,172
5638,861
297,2660
662,1095
2231,952
1967,2569
1215,1244
1633,1003
3943,2026
2602,2558
1934,1116
1376,788
3799,3186
3307,280
103,700
1336,608
3628,860
5548,944
5665,2283
1289,2482
1683,2409
5538,1919
889,2548
4225,2247
3224,2847
2573,1574
2227,2657
3512,1035
3326,1811
2944,1517
2233,193
538,1917
3790,225
4628,1324
3943,1221
4330,1667
4827,2473
56,2173
1618,2549
5171,31
4012,45
5574,421
99,2220
4270,2555
2842,1590
1137,2626
2765,589
4683,2320
4917,272
5371,2694
3155,774
3141,876
4393,1026
3667,168
3935,1114
1827,979
2491,959
1596,1046
666,358
4035,5
805,1456
4972,329
2501,2586
2933,2243
521,2636
5832,2126
2819,2114
1926,3028
3597,718
5308,2880
470,604
1992,615
2243,1954
2236,975
376,942
4588,1278
4531,744
582,1010
2701,2243
4582,709
5368,1618
4666,2100
3422,313
3865,1822
5601,99
4420,2044
1796,861
1966,1272
2881,1837
976,533
2605,441
4968,2034
5765,99
3318,498
5262,1730
881,1585
1738,482
2930,2079
5409,2157
1584,15
5596,263
2029,631
4689,1279
3223,611
5303,2670
5604,1844
1557,821
1230,426
1749,991
1188,954
2824,1279
5919,1855
4806,2214
2960,2079
210,225
4019,1834
1269,2232
4163,832
2561,2747
5057,520
3505,2552
2498,2398
1756,1007
5801,1203
5512,1100
2361,1346
5358,633
3976,1356
5863,3020
2735,806
2184,3147
2927,976
5814,2569
3611,1608
5328,2861
5603,1568
2906,1038
3799,1844
2068,1659
2900,469
3428,2840
4490,1203
5420,2800
907,1038
2968,2855
1581,2480
3917,3004
992,2839
1575,945
3406,48
4338,28
4907,710
3697,1917
467,924
3574,3015
2622,2568
36,1869
2686,1829
2987,1003
5301,1014
5506,480
822,334
4325,2425
4294,860
5419,1235
648,935
3652,1393
3324,3025
5350,2569
2363,1526
5775,1055
4770,1728
649,756
341,411
1958,1248
1278,1489
4091,2379
3981,521
340,940
1575,3173
78,940
1604,1659
2755,1003
3350,2344
2228,2240
3795,516
2633,1013
4553,1097
2665,3180
1801,860
5576,1195
94,1823
1908,730
1720,679
4318,449
513,2157
2130,2240
4754,979
342,1521
3821,3026
1266,1640
1711,2256
4347,2318
5703,1128
1831,860
4768,96
2328,1666
821,997
683,2753
2094,1270
220,1531
934,120
2601,2764
20,2409
5722,2309
2709,2297
42,478
3312,1055
5385,2889
3141,1173
1611,2964
4510,1908
1876,229
4918,979
1024,952
4485,1851
3871,645
2570,44
5357,2719
2946,2775
1652,1810
69,557
4044,2643
3901,645
4718,867
4128,1590
5222,400
1161,2862
2197,2256
1978,640
3965,256
5090,631
1432,1635
2583,979
4940,1626
2400,1272
359,3113
2904,805
667,1014
1260,1528
231,861
1050,1718
3550,953
4628,950
3464,2310
1714,2637
4613,1581
2656,861
3528,790
5548,2798
540,276
4017,954
818,1718
4963,832
2841,991
3620,729
2412,2571
5464,2511
4196,138
5370,2095
332,1451
77,2622
2185,313
1128,604
4410,1006
1179,1323
5344,1813
1772,1837
3630,1797
4490,211
4661,1756
5931,2512
3501,2326
218,9
4438,960
2996,878
5286,2747
4491,32
198,2740
2176,2802
4848,2521
3604,734
1159,1206
4294,2901
5491,2398
272,1908
31,533
2594,1248
2394,2880
3051,935
4379,1669
89,1642
1906,847
3662,2028
4037,1151
4228,2439
470,1519
4820,99
5243,956
2727,996
2274,2182
1792,718
148,2407
4506,848
3537,986
3141,986
4001,1844
2635,2346
2626,1294
205,2914
3128,0
5460,28
3157,1869
1046,2217
1014,2679
5095,2532
5771,829
2588,2880
2340,2778
437,1355
2612,1022
3675,519
3809,2963
5289,1085
1470,2895
3335,828
5558,1475
3204,2065
2680,2065
4845,1044
440,313
4667,1681
1305,1515
3799,2625
593,2218
2914,956
5949,1481
1200,940
2726,1659
4216,469
5064,2256
3615,1003
2000,212
2748,2357
2954,2425
3231,1013
1622,2511
5730,2467
885,2218
949,1479
1651,997
2533,1614
2206,1219
1552,2681
3830,3035
4105,988
180,1648
3335,23
3531,1655
318,2521
4009,2219
3756,1773
359,832
1567,710
1689,1639
3473,896
3027,3061
1134,828
3327,2764
321,725
2551,99
4006,2298
1512,407
3282,2240
5484,2976
5862,2370
2269,1517
1665,2342
4254,306
4981,1574
3136,321
4514,2862
4562,1590
5730,2601
243,633
406,1563
344,685
1156,2815
1860,716
3057,967
3855,947
5701,2802
948,3051
1103,710
5026,943
1137,1260
4800,1354
89,1105
2453,2923
3992,1595
1382,310
5544,2037
4133,1076
564,3061
2314,1044
160,756
5366,984
2625,2626
5502,1811
3387,2949
2970,1348
4439,1533
3105,984
5529,2853
3249,2426
1815,1481
3346,1046
414,1962
608,2959
5338,1006
4429,1195
4045,266
5832,760
4431,1241
1633,2349
97,942
568,2779
246,2728
1996,711
4348,1206
5895,2802
2611,2704
2351,121
1747,1138
3342,1462
5718,2351
79,521
1657,2184
934,1035
170,639
3695,45
2110,2129
4028,2140
5287,2515
218,306
5128,1704
758,1748
1160,1728
4087,276
3899,225
2885,1344
5407,2058
1069,2549
749,881
3278,1046
5289,1248
1753,3181
5822,1519
2138,1302
5116,539
5343,1484
1178,1903
4467,1032
1941,384
1318,1159
5325,1063
5110,909
3310,1119
4382,170
3685,996
5058,2439
3805,1098
5677,956
1105,1051
4083,1042
4858,1038
4099,986
539,2333
3192,2002
4475,519
3735,709
4681,2839
188,9
4400,1099
415,954
1851,467
2035,3028
3865,940
2187,2079
986,928
4121,2623
4351,3085
5385,1844
557,256
3086,421
4397,986
2654,1730
2867,2777
3101,729
1217,302
4771,638
1395,574
5717,489
2857,719
5939,336
2444,3024
3025,2023
1636,1575
2322,560
2881,2244
3246,679
1859,1997
625,898
5141,679
3441,2059
5573,336
2761,2300
5655,900
1042,1186
3139,2660
2012,1458
4214,1228
3596,2347
1101,1766
5256,1568
669,3075
5106,2563
2141,1279
2996,1793
1886,6
5182,2558
5194,1629
4798,1629
5794,870
1483,2218
3138,1095
3986,438
5212,865
3457,848
3608,2707
3959,1244
2706,1623
5118,2923
5412,926
3244,740
752,1366
2865,155
3303,3010
3508,32
2546,1341
5598,527
2406,3024
3966,321
2256,1013
1413,324
3732,679
569,1100
4053,2949
4213,952
4743,952
773,2593
1356,2419
3909,726
3382,1963
5617,927
5342,722
5731,2749
4927,480
3595,3010
2598,1100
3727,685
5920,1867
1414,1084
2138,1115
42,2495
393,1032
5448,2811
4928,1055
3799,3190
776,2490
3430,2569
4579,1086
3006,521
3622,2739
881,971
5898,2458
2075,951
5540,306
4141,860
2257,433
3735,172
166,2157
5572,2473
608,812
1263,2204
1920,1013
3341,218
3071,357
2558,2990
5125,1195
2198,203
4355,2482
2758,2297
605,3143
2814,1640
3891,1035
1026,921
1007,679
4584,2719
401,869
2915,2
1368,2378
2123,968
4843,2421
5204,1646
4944,2473
5720,2694
524,710
1649,1085
2086,1840
2726,480
3206,1871
2884,1820
1017,54
1643,1270
773,633
2726,1419
4052,1518
2770,2657
3310,127
4900,861
3182,881
2547,2585
4274,3028
1600,2482
1555,2739
686,829
2890,480
993,757
4725,456
5000,2381
951,2975
404,1116
3010,2467
1074,2816
1971,2775
4587,872
2424,276
803,2703
5064,1211
716,1014
423,203
2735,1831
1778,1040
334,131
5501,2151
3522,898
4298,1119
808,953
3817,2509
1988,1035
2203,2909
1141,604
2741,1272
3460,959
1537,2267
446,722
5434,1279
2266,1918
2047,302
1496,953
1984,2205
4776,2218
5218,873
3000,1324
3677,31
2474,2217
3379,1128
4172,10
18,1564
3798,1489
4505,2105
4512,832
3844,144
4928,518
203,563
1543,2058
3995,313
4514,878
4383,1361
4608,1479
2686,760
3200,981
4623,821
2587,0
2392,1976
3524,1078
253,276
5371,2377
1756,1011
923,1010
5436,520
5610,2393
394,2386
4702,1464
5607,1341
2528,709
1579,533
5324,2157
2449,1355
3528,42
3368,2793
4818,484
5341,2511
3092,643
5050,1773
5170,2629
2279,1294
1849,20
3376,1341
3720,1905
4852,253
4447,2419
696,980
5701,952
1736,493
2512,714
2908,714
698,1026
2448,3173
5340,946
2564,1813
4356,961
3384,1582
87,1811
1988,1653
5415,716
5551,2297
506,2926
4798,2999
5133,1003
2331,679
2458,2706
4533,449
1160,1622
1013,2326
4096,633
5183,716
3420,1747
4191,870
4613,2256
1306,1043
4632,54
495,2521
1093,935
3811,1753
4155,1563
3709,1476
4844,95
3262,1696
1333,1526
4982,968
4650,229
1296,1644
4262,1810
70,2880
932,1367
4920,1029
1181,1105
5109,1682
3878,1820
1035,2219
968,997
4259,2451
1843,2163
4458,1348
263,427
5736,2719
5395,2426
3485,24
3275,968
3352,434
4171,1291
4467,121
2087,1742
2584,2548
1947,1173
2831,2425
489,366
1074,1019
1072,946
5226,523
3956,1487
3298,1487
1409,716
3965,2704
1921,110
5830,2889
5384,2802
98,336
4866,2058
3971,1179
2636,994
4797,9
4933,1590
617,1840
2962,1918
3698,266
5649,225
2393,455
2228,2862
1754,2979
5350,1097
2499,881
5176,944
917,2482
5084,1355
4454,959
4058,959
1011,3056
1116,2318
1766,2400
2236,2349
5130,949
862,681
5726,980
3140,1035
3852,2961
5268,1822
25,746
2855,1051
976,968
2115,1241
4787,960
3364,928
1158,450
6,881
1195,517
2943,871
2411,1010
318,1907
3269,1041
107,2626
5289,16
581,1728
2764,2976
3958,2956
4663,493
2926,1991
592,2267
4064,2793
5800,878
3990,400
2384,3105
89,1646
4519,1653
3528,1278
4840,1479
950,2914
1228,384
194,127
56,2637
4335,31
1361,1667
3353,1627
1163,928
4590,2243
2016,615
276,876
3870,3085
2657,611
4658,2377
252,1421
959,2037
2559,2705
914,574
4777,3008
4887,2614
2939,482
5578,253
1999,1550
227,1364
4492,3024
5421,2521
1460,518
4156,1577
5742,2347
866,533
1642,0
936,1272
397,994
2403,852
2796,2244
4494,37
309,1524
5581,1840
297,9
756,523
5381,1028
2368,1016
4357,705
5164,2491
2531,256
788,1000
3405,1012
1873,1976
3204,2419
664,1873
1096,2284
1736,924
1259,1524
500,718
2869,2880
396,2058
487,2176
4415,2753
1641,1037
3351,2065
1453,986
5235,48
546,2002
4579,875
4899,99
5635,921
4117,63
1345,3146
1727,996
3659,905
4421,1228
706,944
1867,976
5903,1086
1469,1869
5335,1568
3916,2409
5015,1563
3671,2578
727,2171
5947,2297
2358,2906
5195,218
4006,2302
4078,2178
1875,1217
4705,1522
5192,1640
4918,2569
5620,2841
5358,2841
451,960
1519,2521
5495,860
4146,777
2800,1157
4722,2630
5780,1029
2660,2840
3570,3061
5509,1697
51,2157
1788,1598
399,2840
3806,2779
4874,2620
755,31
2724,2451
1172,319
643,2419
934,905
4635,1291
1107,833
2069,1244
3600,3061
2318,982
1248,314
255,2310
4560,1117
5405,943
303,1038
2215,480
1803,1475
1813,2163
5080,1533
799,2558
1339,28
2581,1742
1184,679
3782,449
4902,480
5903,2509
1441,1244
183,1279
3059,239
3282,2728
4189,2651
2029,74
3871,2719
5361,1529
4127,2150
5180,959
510,2963
2053,1599
2013,480
5561,1590
4112,337
4222,2949
2866,1887
997,2492
2962,2349
148,480
967,1337
213,1629
2910,3098
3942,276
4756,789
3754,979
5344,959
1285,865
5803,1473
5928,421
4615,2247
503,829
3032,994
5286,954
520,998
5341,661
5805,1519
3696,1159
3745,1051
5653,374
3937,1221
649,1004
2068,1102
3537,1287
3573,944
2654,2889
5524,903
1929,1667
2032,856
3596,1867
1738,409
824,2698
2250,2247
238,1820
3558,2514
3933,1637
419,1831
837,1590
2800,620
2409,964
3111,482
5296,2557
3427,718
3585,2058
4194,3105
1613,2750
1900,2026
4541,180
4002,2346
168,2370
1622,1523
1936,2622
4393,1221
776,2226
2703,1037
5361,858
822,127
5077,1099
1811,1395
820,1020
1556,122
4992,991
3591,718
4475,2162
1860,533
102,1908
4914,519
3219,2243
4019,606
5789,1685
1162,2827
4419,1479
5107,1099
5158,98
5669,48
2350,518
2933,2788
2023,123
1121,1483
1888,2150
4057,1248
517,1719
2819,2659
845,1026
321,1026
4165,966
3781,37
2086,2515
4350,719
4174,2183
1287,2310
3682,31
461,1036
1920,533
4220,838
4467,715
4985,2398
4425,489
1543,960
92,2078
4919,997
4597,946
5605,1702
2506,226
4266,3061
5288,305
5150,2061
3742,1371
3914,1855
2307,16
1429,1962
1047,1668
5558,1105
3541,2778
117,980
1189,31
698,3177
1703,252
5285,2636
4657,3067
3201,643
1977,2706
366,2623
2866,2989
1274,2182
4275,679
4771,1260
4566,2548
4170,2548
3418,469
885,1848
2848,2568
998,971
4972,203
4815,2471
4002,870
4043,679
827,2028
932,1290
1009,1510
4407,2087
1766,1489
287,1525
3860,413
1043,1279
1187,469
3623,2163
3566,1629
4336,1281
2212,613
4347,2379
603,2111
3273,1003
4591,2739
609,2865
4411,1051
3843,1533
847,1690
5718,908
2237,2548
5929,1128
2557,274
3353,1871
3470,2456
5707,2247
1677,1393
3941,2041
3277,2815
817,885
4155,465
4332,2047
4963,2853
5563,1128
3512,1527
406,2482
4814,286
5390,2139
3160,321
3258,856
188,310
2819,28
4734,522
2966,455
3673,1071
371,956
4261,1241
3507,1533
3104,1328
5067,2802
1512,521
4580,994
2775,860
5500,1903
4896,2920
735,829
5776,1020
5397,2155
4581,815
4316,1298
3313,2606
4284,2514
4344,313
4409,708
1704,2569
615,2605
1236,1003
1673,1004
4472,2750
1650,54
4737,15
5640,1509
2259,1101
2675,225
3924,666
1687,121
768,2066
597,2184
2183,1456
3807,266
529,737
1127,2349
4553,1776
141,2318
4940,2976
2708,523
5027,878
5054,1011
3993,1560
2356,1010
1504,13
1187,2026
4915,2515
5930,1032
2427,661
5873,2218
776,2657
3857,329
3717,2012
5415,1525
5568,2521
2488,533
2651,2217
4480,493
5698,1813
5746,2793
1701,153
5011,883
4243,2243
2856,2622
1961,2709
5300,1925
2012,954
2244,2243
4852,2701
4790,1823
2622,1637
79,1574
84,1918
4296,3008
5748,1526
545,815
1150,400
575,2909
2354,1822
5088,2419
5143,2126
203,1051
5805,1279
5890,828
2684,421
3339,2567
2286,1314
4125,1032
188,1867
3321,2927
3336,1515
4150,2028
3782,1043
4594,729
3331,2110
5471,1002
3055,714
2432,1489
281,718
3233,2706
1314,1504
2945,1485
2119,211
4278,2563
849,421
1857,211
3870,1048
4827,2778
883,944
3548,1936
154,2232
3817,2326
988,1869
3643,2173
971,10
4506,2548
1091,1058
4814,449
1141,421
2968,314
2066,1674
304,2176
4975,3026
5543,100
4711,2953
616,950
5399,321
2861,1356
2608,910
1238,704
1016,1823
1286,1684
3313,2419
2148,925
2242,560
5320,967
4924,967
1844,3143
1164,940
205,2520
647,421
1824,986
3675,2219
5220,736
3203,2409
1326,709
4560,1629
2354,1151
623,966
4690,921
5254,2949
2136,3143
2370,1095
3041,3020
4874,449
4652,1568
2914,212
2754,2963
111,1730
1671,1279
2543,1962
1094,709
5598,2385
5541,1851
5145,1851
1409,720
1689,2989
2702,679
3970,608
0,2249
20,2901
2241,469
4954,943
144,2378
1665,2753
4554,1009
5034,1646
1398,2409
1659,2184
2698,1095
3572,1851
4370,1831
5767,450
361,1100
643,32
4302,384
969,956
5843,2165
1605,608
2372,521
3465,449
2202,2584
5302,2750
3390,275
5182,1867
5600,1626
1803,2471
576,99
3363,522
2564,2569
926,2548
4632,1026
5055,1129
500,1393
737,3026
1105,978
606,99
5826,225
1392,2728
4635,1482
2935,2862
5598,775
4407,2786
2540,1020
5482,600
1004,1276
2808,1939
5779,5
887,876
1105,2267
989,2846
2661,384
3674,518
3428,1051
1213,2739
5110,31
5471,10
925,1518
5400,1298
2819,943
940,860
5898,2706
1746,2421
245,2698
5314,965
993,871
3900,2150
4449,2392
4354,1566
4046,1221
3632,1581
4974,493
1283,825
4999,2243
1384,877
3402,2058
3544,421
1265,404
4357,709
1960,2915
5499,1253
2935,313
4093,636
550,1590
5192,1510
773,881
5575,1248
4711,2900
3893,955
5833,725
1750,45
3947,2100
1156,2689
1032,933
4619,1217
1633,3028
4632,1644
2173,2218
4993,869
5881,1331
984,138
3718,1489
4041,422
388,1770
835,15
1343,421
1460,1006
1725,523
3394,961
851,898
3406,32
1713,139
3736,1664
157,2961
465,862
5382,987
236,975
5267,2168
5323,757
2026,986
5674,48
2554,1105
3707,1084
1000,2310
881,898
3134,633
2724,2455
2736,1526
638,2079
3022,1331
4321,2825
110,3091
1715,2413
2840,2788
5464,1527
3659,1393
2655,756
3560,633
5179,2297
5824,1281
3141,2901
851,1032
4349,2779
3547,2091
1300,858
5824,2220
2885,2157
4320,1260
1873,1659
2953,571
952,2777
4928,1116
5835,1820
4117,1840
2673,1685
1348,2188
4030,151
2989,1167
3799,218
3572,993
20,2393
1797,2953
5504,121
1989,679
3260,2569
1369,971
2451,710
3633,1619
5133,1117
131,130
2895,2821
5889,2591
369,2927
3965,1045
5080,732
4353,2847
4473,2949
5550,2344
1537,905
29,2455
3902,881
4717,276
3719,1928
4870,1272
2196,726
4925,979
367,6
4603,928
1390,2548
4552,1902
1716,274
1721,1372
1385,3143
3243,2349
635,1110
36,2471
1487,1326
40,900
4374,2919
3135,1476
483,2409
741,947
2807,856
1432,2558
4768,1503
1413,64
1648,870
2085,871
22,2199
1719,521
800,2466
2599,2031
3392,1667
1325,1533
116,2184
919,64
3727,1364
5227,862
4900,467
4894,2150
2397,3186
3366,604
100,146
2235,2858
2617,2960
5891,1027
2267,861
1197,193
1603,1635
5429,2659
1661,1051
3948,959
5476,2505
3681,615
2356,1872
1972,943
2173,2165
2106,943
825,1718
1988,2385
5321,2567
3478,1195
5823,519
444,2026
4174,898
4664,2977
1383,1487
71,2949
97,1918
4887,16
2519,708
4886,2797
3783,2181
3315,615
408,2719
692,34
2761,214
3640,1314
3529,1483
387,337
3339,3079
2241,2807
2456,517
2960,2494
5078,873
3787,960
5948,1695
2045,2114
419,225
1935,256
5725,1623
5804,1916
2655,2797
4828,883
1388,1026
2613,2571
1405,441
44,2041
1470,1590
5,1524
2221,1000
2527,518
3024,1324
1790,1945
3459,2218
4527,2059
5394,1644
4757,2521
5122,956
1775,1822
5245,1521
954,2612
5011,1879
570,1683
3460,2793
3588,2978
2366,950
2020,313
3730,1341
2819,3147
271,2740
3576,874
1716,87
927,1324
5774,710
2902,1869
1021,2679
921,1509
4186,1742
4209,2665
5764,372
4699,48
4045,1510
2202,1084
1864,2028
642,0
1741,3126
2410,252
3549,525
3654,2793
2525,956
3474,1105
4016,930
5034,2374
4645,1101
703,2346
1561,2377
2705,2994
4418,1095
3394,1526
1410,3147
2132,99
3713,1279
5667,947
5529,2703
3683,2568
2080,848
3288,726
330,421
5080,2318
252,730
2628,2373
286,314
4462,993
1244,1515
1662,2028
1667,120
2685,2126
5042,521
714,2639
1882,2152
4232,1820
5409,2385
4407,131
3429,715
2541,1973
944,822
1267,1475
603,2249
1322,1182
1611,1285
4314,2569
5585,517
4186,1071
122,633
5588,34
1104,3174
302,1732
2563,2671
5116,978
3324,2769
554,263
3241,1014
4002,203
1761,2168
1886,1116
2261,993
169,48
4957,517
1509,2297
1264,2466
4502,876
3046,2616
2922,860
4885,1580
1612,705
5547,2453
3401,2026
4949,2504
4309,1420
3359,1800
944,956
1940,2641
5596,1564
4572,1241
3192,2791
5138,1652
2863,1569
2942,1862
4881,2750
5313,2407
2228,829
2233,1173
1469,23
3239,1102
4467,666
282,2153
256,932
1302,1014
3952,974
667,274
407,1101
4951,2176
1238,1029
1613,152
4950,2705
4655,313
3363,1518
1064,95
5817,1509
5602,1355
540,2569
5013,960
586,470
1466,1014
98,881
2162,717
2379,1883
397,921
5717,2217
3022,2514
458,1574
5673,1356
5370,1355
5767,991
1469,2601
5619,2059
1298,275
110,1241
3816,1971
4664,1314
3396,3105
3012,2176
3442,1006
2320,148
659,1456
3627,5
3830,2027
5745,2521
5848,956
2183,789
5624,1248
928,533
1060,2150
795,943
3489,421
2847,954
4774,519
5931,3061
5869,2183
5506,2131
452,954
4534,1217
3431,1355
928,1822
1305,1580
4112,935
4972,1793
1936,1797
3743,314
3202,1653
2512,1206
3298,1361
5607,1028
3045,1669
3666,67
3275,2131
4852,1095
5186,971
1681,2217
3145,2058
533,138
2580,2249
1467,945
4221,1228
5451,865
2538,2777
5506,1326
5837,1840
3189,263
4092,2511
700,2880
712,2705
5065,48
3439,2131
5863,28
462,1776
3089,32
1480,1530
1860,997
4026,1110
5108,2569
5751,726
5603,2548
3657,489
3509,1557
4367,2342
1228,3157
3874,2409
4662,947
4316,310
38,1606
3777,32
4969,1629
2457,879
1587,996
3602,2660
5434,645
3199,1489
2612,1921
2946,1043
4570,2297
543,960
975,1371
2995,2625
2945,818
5897,1840
491,2490
1316,883
3451,397
3342,1393
2242,1048
3558,1957
798,139
69,3147
5884,450
2167,1813
2938,936
2676,1690
2500,710
3723,2374
1078,314
5295,1748
3163,465
540,638
4368,2297
2823,1336
272,3075
4954,142
1799,2706
3717,1963
124,1110
332,1813
1567,2548
2188,946
2886,2974
685,2840
3512,218
969,155
1433,1013
3515,1455
1035,1906
985,99
1368,1557
3966,573
3403,2153
3098,1517
5842,2802
4266,276
3904,3078
2654,722
4232,2385
3848,1456
3084,306
269,2753
5742,127
0,1582
3153,1574
3111,1348
1764,2846
4165,759
3103,706
3521,1219
5431,615
1831,1035
3782,994
3818,651
2025,1840
2326,1014
4303,2386
5576,2659
2422,1476
1649,2492
2664,1009
3562,2159
587,187
1158,942
853,306
852,3087
1143,1573
3909,2617
3892,758
1810,2036
1686,280
5528,1837
3766,2339
4024,877
5581,909
42,1003
1673,984
4751,2145
5465,734
5752,1730
1077,172
3972,1626
357,1014
2867,1903
2305,2365
5311,1206
2434,2775
2164,2914
2931,2827
2881,1020
2131,522
4321,467
4563,0
146,952
3557,1010
3252,374
2550,856
5640,334
4215,421
3354,1590
389,306
1413,2349
201,1009
3857,898
1704,1744
233,732
4493,2802
747,953
76,748
3508,2407
5253,46
576,1071
3210,498
390,2601
5247,1921
3065,1837
4799,1007
2125,461
2978,148
1008,2421
144,101
930,1010
2630,2848
5560,1105
4517,1294
4878,519
2008,815
5745,858
1474,127
4151,944
596,2827
302,1626
3705,2547
3636,498
1884,1688
4439,822
5284,648
1011,2288
121,2719
5489,299
315,1272
2137,821
4285,1294
3647,1037
1573,2176
2392,3033
2959,2326
4958,1013
4600,1305
2392,0
1411,1067
4135,976
5757,2157
3599,1905
5810,1229
2943,1042
4233,730
5568,2635
3143,2793
853,924
4614,1361
2033,1006
488,45
2050,421
3194,1038
5474,2219
1986,2880
3436,1325
1273,729
3095,1032
5562,1285
3468,1048
546,400
5882,1640
610,2078
1343,909
2585,1869
4075,679
1131,272
1635,2249
5442,1341
3415,2326
777,1437
1069,2777
1881,211
1337,1279
941,1279
4349,100
4261,1973
9,518
5737,885
5464,726
228,67
3791,2963
2154,1659
3683,397
4588,274
1846,725
1318,2326
934,1397
4709,1732
1008,2100
1290,1032
8,2171
2515,325
2167,1305
3225,2178
1468,3024
3353,643
3838,1624
2847,2003
5171,450
3316,761
2626,314
3394,1583
1527,571
2561,2548
5121,2026
558,709
1172,2100
1141,535
1677,515
639,1048
4889,1676
721,2578
4439,2379
4155,2620
748,991
2226,730
2300,679
414,1869
5200,225
2729,2482
1122,643
2440,2379
5740,1667
1531,2568
2546,1085
2970,100
4480,286
2412,1270
2476,2194
1070,79
414,714
1028,2297
2260,2569
5904,2421
4976,2560
3078,1481
3174,1943
1023,1172
1455,829
3683,1820
5094,337
5495,681
890,1582
2394,290
1843,2631
4840,1918
1149,2974
5585,574
1579,2558
2253,1748
477,100
5413,467
5901,1719
2372,2379
4879,533
4922,1169
4746,943
2734,2960
526,1655
5185,990
1940,1409
5184,1519
456,1101
1481,306
3525,2708
4838,882
2047,717
732,218
2964,1328
3251,3078
2578,1292
1337,3186
1614,1774
633,2841
1132,310
1335,3113
2977,974
2125,1697
5179,20
4946,950
4949,467
5092,775
3906,2376
4088,138
3455,225
2221,3098
5653,2505
4583,1837
5816,991
1700,1117
3663,1837
3992,615
3792,2247
3126,2386
5239,421
5598,2983
3153,45
818,3129
2767,2453
5637,467
5372,950
1803,491
4425,847
3857,1329
3146,5
1227,2775
110,9
5454,2453
3174,1272
183,2739
5585,2347
4035,1042
1440,789
2604,2058
4280,92
1797,1026
1081,856
4507,1037
3572,2449
2771,2171
267,2036
876,3083
4217,2372
4966,2490
972,2791
4046,2490
2580,1822
825,1051
4827,611
5692,1813
883,1221
2373,31
2495,960
4809,971
2209,1128
4294,1279
701,2678
2222,3053
3313,2346
5169,725
2282,852
3333,1278
5308,1823
4305,3131
676,1867
3933,519
2228,2309
3721,3080
4577,32
1175,467
5695,956
459,1051
2902,3162
3141,1458
5512,2003
5197,679
23,1652
2683,2300
2898,10
1029,1581
1378,45
427,200
934,1694
3085,21
4752,2665
3544,535
5201,2491
3700,1048
5892,130
2148,3080
3132,1530
4369,648
387,20
2458,1027
3583,1402
352,1719
2597,1371
4075,1110
4132,2398
3968,2933
2772,2126
2364,611
2985,3173
5129,521
5430,449
4628,2979
4831,1618
285,3126
488,1765
1367,2865
971,421
52,2366
4332,1116
3151,3061
1950,1910
2521,2665
1682,2095
3172,905
345,1837
3056,730
4195,1003
5088,1809
1137,1248
1333,2880
2816,2963
1093,2639
2290,638
4926,700
624,848
1193,1530
5783,1260
1459,1649
2548,2367
4927,521
2742,920
4299,952
980,1422
2813,571
4239,120
4227,2769
2365,1347
3960,2425
1967,520
2244,828
5531,1574
2280,458
4389,1003
1474,1526
884,2249
505,1664
2014,716
3404,608
4180,829
5291,3026
3345,967
5891,2267
4538,1476
3225,1804
2956,3077
659,37
1228,2409
2252,480
5072,2349
5345,229
29,3024
1027,2126
3455,2616
4306,1476
4855,2472
4343,2297
4322,1420
1910,1840
2908,942
1149,961
4196,557
937,1270
954,685
4333,266
5288,2704
3488,2914
5187,1117
3396,881
5811,944
2872,1635
2631,2512
4102,1272
769,1844
3668,2508
524,2979
1671,3113
3257,2385
3019,1281
5013,1314
2735,1522
2191,2590
1356,2728
912,1748
2328,609
3880,2549
3906,1518
2083,24
3695,517
4946,1031
1174,967
5818,960
3818,358
941,1173
3143,943
5825,1350
1022,1512
5836,950
3552,589
4018,1328
5174,1016
4467,1154
5005,1961
1421,2914
3661,2976
5452,960
1356,984
4207,2920
5688,2176
4058,2797
1,1086
4544,970
4855,862
2313,435
4054,3028
3266,1292
5181,1032
1514,230
3866,533
1648,984
1008,2344
4036,944
1527,2909
2721,2889
4913,1217
3368,256
5850,2295
1650,1030
2875,323
72,1087
639,942
1198,2626
439,1820
4452,980
190,2247
5646,960
4980,1099
5794,858
190,3186
3407,719
4566,2398
3602,2880
3447,2777
1733,1041
2203,990
5007,3080
4697,2100
5863,32
1174,296
2387,518
1991,518
4271,945
4434,2629
4770,2578
1915,708
1641,2391
3153,960
3755,1028
5288,1228
1573,944
2379,2505
1837,990
3468,971
1449,2571
2633,1863
4635,2511
1003,1730
3926,1822
4301,945
2568,2377
5101,1752
4101,1823
4528,1890
3406,1032
4646,2111
4295,376
5924,2728
5082,2449
5894,1573
3424,1022
1318,960
3324,37
2020,2171
373,2623
10,2571
2630,2100
503,1915
5756,1989
1996,996
86,2566
3988,956
1857,837
3409,525
3130,1110
2519,956
2825,1228
2104,714
3169,1038
801,1730
1399,898
1853,314
3188,2219
4991,1526
4253,99
4832,715
416,2269
3857,2728
4619,3051
5032,2466
5607,711
3160,1110
5527,193
2581,2157
506,2162
4699,2256
978,2157
3554,633
2119,32
5288,557
38,0
2928,1110
5161,193
787,2747
826,2675
5382,2821
5537,480
4757,2769
1438,987
5581,1718
536,2347
2993,946
4175,1855
4572,737
647,1397
5086,958
4349,2385
987,2219
4583,337
1,2188
1343,1100
5089,2949
1797,1270
5773,2827
4176,1676
3904,988
8,2578
5187,2703
3750,521
274,1007
1777,1742
1424,2378
5869,1195
3627,306
3971,870
5148,681
863,998
5142,866
458,720
5609,1241
2902,23
4577,276
2867,968
4407,2339
286,1367
2124,860
5899,1195
575,2409
2935,321
1266,1014
5617,728
3748,3053
3380,2657
923,648
4741,1811
3357,953
2311,1625
4190,1708
5745,1667
1137,2297
3315,1481
5030,2853
2019,470
4859,2217
2851,34
5839,1679
2933,1564
3931,666
2586,1456
1032,941
2620,286
5584,379
3696,1708
1812,1281
2407,2622
3782,1482
3133,1036
4197,943
4433,3105
1,1517
1852,2750
768,2184
2371,871
201,2302
306,1564
2109,871
1407,1353
5369,1514
4679,313
1771,2569
4780,1119
5767,1560
1873,1533
1181,2703
103,3083
1292,2719
4867,714
5753,2793
4185,128
386,927
4575,313
5738,980
3231,574
851,2195
5856,2167
1007,2708
3552,1154
5714,771
3860,2438
2695,944
5852,2398
1726,1082
5120,5
536,1221
3093,990
3629,970
2631,2622
3087,421
2309,127
5084,725
1334,2140
4990,1063
3655,878
471,984
4151,493
732,759
1071,225
186,1000
3634,940
4536,2963
1055,631
3220,519
3151,2634
4784,32
3158,1361
5045,2059
353,2052
4093,1612
4499,48
901,1103
839,225
238,759
1852,2079
866,2802
3006,940
2371,200
222,256
5615,310
2538,313
4385,858
4596,1270
5521,833
1967,3126
2917,1248
3732,643
2075,2659
3909,1279
3714,1003
3497,2466
3826,1244
3428,417
520,421
1038,1350
2058,211
1915,1623
4888,1270
4984,978
1847,930
5490,557
1479,3163
4870,2569
384,3162
797,2577
5379,726
1940,1279
2399,1793
4281,1393
1497,709
2350,2840
2374,982
2754,1203
2389,324
4925,2626
1623,2511
5425,2949
3448,79
2388,99
3145,78
2541,1095
433,960
4232,1881
2002,63
3102,2825
5191,274
2909,2430
3561,141
784,2880
4877,1804
4453,1476
700,900
1395,1
144,1207
235,571
1905,480
1179,376
1681,1526
5399,573
2185,305
2966,870
254,32
4781,2446
4259,829
5773,225
4904,1533
5592,1907
4962,1703
5736,1097
2897,2204
987,556
5002,2041
315,2378
5115,1918
5583,1040
5859,2601
1031,1013
1867,1285
2237,64
955,1957
523,48
244,633
4096,2878
3623,968
5529,1154
4096,434
5947,1667
4550,604
3475,1255
3165,275
1760,1014
5073,2981
3597,1625
2098,1009
3402,2847
4369,384
4596,2827
819,2419
2133,1003
3764,984
1332,2415
3004,707
2854,1702
3046,1872
2400,943
934,275
4435,1539
2117,2348
5119,2171
470,2800
1232,3123
3198,1862
3039,1051
5367,960
3245,927
1137,984
5731,2176
870,640
1257,1840
2900,892
5659,1519
5248,487
4611,1364
5269,775
2237,1487
3620,400
4520,2377
2369,1606
2780,948
5156,1837
3717,1272
854,2739
1489,1035
4715,374
3541,1046
5419,1658
357,2872
274,1117
5050,1037
4115,2449
2434,661
4308,400
4118,276
4290,760
3278,2514
387,1179
442,1640
2470,1257
1004,589
1465,984
1888,1841
3123,1822
1318,1688
3622,1011
5623,2188
2094,2848
4800,2151
1339,471
1683,1035
1361,984
4052,945
590,2827
2302,518
2631,959
3854,1869
4262,940
3644,2059
1101,2750
3033,2659
4165,1007
2198,2797
5470,37
1149,697
1285,1524
4349,535
5137,2079
5827,274
4293,2855
3887,2167
2717,329
728,1606
4067,822
4411,2352
2198,3147
4352,991
2244,1048
778,380
1306,2751
4635,1279
4709,1228
3151,971
3132,729
4904,2635
2374,1279
3749,139
1220,1637
5256,1747
3869,1372
4032,3056
2067,1509
2093,478
2650,1335
3443,971
2928,2777
4975,192
3280,2670
1824,2690
1134,2243
4494,1582
5566,633
3265,2547
990,20
869,1945
2478,2167
4957,525
1469,1186
1596,961
3805,956
2091,940
2366,2865
76,996
726,324
3430,2964
4063,433
2745,417
4703,1547
5026,480
614,1022
4525,2184
2348,192
3568,1393
5837,2385
2592,2804
3703,1029
3803,2953
3872,2558
4726,1127
1980,2398
1376,971
2458,710
3762,2548
5452,480
4276,2769
1580,212
2930,705
8,57
2033,2409
45,878
3219,1747
5509,1364
632,1577
1012,1044
649,992
2598,2568
3878,1568
5323,1359
2938,2636
5813,994
3998,172
2442,2994
3632,1512
2317,1013
4183,2554
3537,1625
2491,2297
5562,1533
5057,2529
3543,881
3271,193
5172,789
1687,967
3605,2698
378,2168
808,998
742,2630
4861,2775
1160,3143
4897,2432
4005,2790
3734,984
4980,1908
3911,122
5454,1010
4032,1580
990,638
1179,1291
4322,2847
4067,1574
5163,1211
2819,2297
4684,984
272,1526
5616,964
1208,716
4908,877
1232,521
2715,604
4401,1046
3642,994
120,2825
1971,860
3454,943
5334,2382
2612,856
3594,2643
5192,986
3750,712
1399,1573
2839,1020
454,2297
2665,867
5803,2079
5541,2079
5726,1078
881,829
4749,1355
1922,944
4059,127
2267,1918
4562,1879
4814,2100
3343,1088
1497,953
2980,1036
72,286
4559,1581
1959,984
168,748
4347,944
3316,204
3909,718
5122,940
1760,774
3625,959
3189,1560
3799,2243
2625,2915
469,1800
3192,518
1440,1708
5516,1217
5538,976
3167,2151
5414,940
4833,2126
4733,956
5738,1037
2202,718
25,978
983,2371
1623,1011
3540,2140
5754,227
5881,2
5395,1048
5529,1048
1155,384
628,867
2832,1272
5590,2455
2527,636
3320,272
2000,1119
1513,1031
5186,1813
437,518
1478,256
3441,1730
5270,6
230,979
5643,2466
5151,314
2838,3157
5868,2584
5121,1603
4023,1331
4706,1361
1495,3054
4535,1479
2224,2705
3258,710
1365,729
1516,898
4207,859
587,2155
3620,1099
3659,2747
5350,1813
4691,679
3890,2091
469,2284
1823,267
5759,705
1003,3157
2038,606
3032,2218
814,225
2777,945
4170,3020
4781,730
2420,2593
3182,2162
2029,493
2607,2419
5112,1244
4279,2963
1304,991
4641,2790
85,200
5437,1943
1916,966
5350,1008
309,1756
2239,838
2771,2419
1196,2747
1540,2557
3210,2466
3433,1757
1628,1623
4536,121
1946,966
3493,310
3730,1943
3701,1013
2050,2255
2819,1305
4892,2385
1141,946
1621,1583
2326,1372
4733,1574
4528,2862
138,719
4025,706
842,2003
645,900
4638,2626
438,1361
1088,2409
4126,2451
1972,2163
3558,2933
3005,2949
4817,1810
1067,2471
5797,518
4734,994
3626,34
1215,2342
2421,1393
722,2409
3690,958
257,1326
3283,2297
4904,1590
122,1101
2283,870
5185,1051
3137,1159
1368,1244
1106,1244
1725,2979
1093,1948
237,1963
287,1326
2536,942
3678,732
2231,306
2685,2728
3485,337
4672,1590
3166,557
1519,1009
1247,321
3470,968
1744,1127
2821,522
1804,1932
2062,470
2122,521
2454,2980
5269,1287
4606,943
1676,434
3074,1907
5818,940
4813,1421
1163,34
2118,1718
5418,1006
4084,2709
3569,3017
4,48
3746,435
2237,2349
881,321
3288,523
2384,1056
5044,2458
3075,415
5377,1355
5831,1525
1567,2719
2824,15
4859,611
5247,2413
3048,2914
2308,2350
2506,645
3012,1005
2879,3105
5252,313
5899,878
884,2847
4361,1273
5837,185
3300,1822
4788,2249
2976,944
5495,421
2702,2627
109,757
5193,1022
4496,1848
5277,2413
2968,302
862,994
1529,491
600,994
5887,2342
5116,775
3330,883
3192,949
5050,155
2808,20
3310,416
598,1298
1596,400
732,2052
4534,2490
177,1241
1371,1221
1159,3028
4127,1577
4103,991
3343,714
4515,935
5936,140
77,256
4034,2325
1448,1626
1618,2037
5642,1356
87,2637
2831,1478
2086,1324
3170,944
5551,679
1103,1564
581,2391
5349,730
2320,1905
1633,975
3825,57
3947,986
5100,1157
4717,638
479,3053
2619,1945
3426,725
4584,1048
1619,518
2653,2495
5891,905
154,2704
345,20
3857,130
446,1011
2447,2777
1640,991
659,2058
4508,2342
1538,714
999,2880
4139,1
5679,1372
5102,48
3708,946
2373,1515
2094,2100
4279,2455
3938,2162
5745,679
1369,878
643,20
2864,32
5180,870
3017,1028
5257,336
2031,997
4768,1865
702,600
2056,2747
1484,2521
518,2176
2149,2157
2087,1279
5100,1291
5060,172
4000,946
1723,1002
4455,1526
752,313
2894,32
3909,1767
3577,1028
4024,2471
242,965
5874,1035
4950,2636
5467,2374
429,1730
735,1248
1993,489
895,971
3693,2492
3199,1957
3297,48
2639,48
5067,1127
4058,146
18,1048
1366,714
1519,956
4970,413
2559,469
4739,480
5656,1872
3201,875
1844,2594
5717,54
1114,1028
5305,1241
3149,1624
4923,193
4871,2477
2608,711
5748,2750
5765,2165
2057,608
5436,943
1547,1260
3613,1169
2121,1532
4514,2590
3893,1748
3977,2385
1050,1393
3949,337
5650,1811
98,946
1237,1219
5894,2171
3167,301
2561,491
5254,2750
997,2671
5848,2176
1304,1101
1827,2374
4241,337
1666,3180
5931,898
5153,604
276,2507
2821,953
942,870
4579,2961
4000,1564
1316,330
1008,177
1868,1035
3943,2750
104,710
250,2979
1516,2081
4382,2797
3203,1405
2138,1835
5930,1585
4004,2622
3593,1590
1055,1871
659,1871
3331,1590
444,1717
4088,1569
4425,400
2589,953
624,2816
970,1009
4497,276
1355,1574
4371,1103
3644,774
3950,1046
1839,640
3807,2458
5480,975
452,1019
1511,3026
5186,2191
4570,939
605,480
3578,127
5172,980
4423,862
3716,1000
2052,2037
4466,0
4996,0
5075,1047
3479,2750
1273,1518
2615,2150
37,2066
393,947
835,1292
1267,1703
1673,2391
1882,286
5400,965
3526,2946
21,28
4759,2100
676,1420
1130,1590
2288,1913
2243,450
865,1292
5067,940
2123,533
3542,3075
3017,975
4495,714
1678,1580
5692,211
3722,1730
1497,1010
1507,1698
4171,775
571,1195
3926,944
2046,636
2621,2853
377,1329
3310,3075
4301,1006
407,979
965,718
5015,2978
607,2730
3807,848
3153,2310
3179,1279
1541,127
5555,2168
918,902
4260,1355
1340,1534
2059,467
3179,2218
5603,869
3903,2249
4066,1489
800,1031
1806,960
369,1976
933,1560
3264,986
4062,966
4801,1305
346,1211
5666,2507
1793,324
728,0
4960,2466
3296,1813
4015,746
5424,880
5503,1173
1489,852
3765,571
1707,2243
4673,2409
5308,705
2636,2706
1340,729
376,1211
1214,2310
3444,930
3715,1393
2707,2357
3697,2507
15,2171
5858,1522
3349,1043
2652,1869
1200,1099
3973,870
375,1925
676,1099
1447,976
5736,1532
2201,2347
2277,679
1449,1022
3677,2979
3353,2855
4244,3026
5914,491
4520,1389
3282,1110
2716,2419
5252,557
1377,3024
3108,957
2013,956
3228,1813
4814,2775
5543,2426
5145,1599
4443,2081
4522,2374
4813,860
5094,321
3977,1527
5258,2415
5511,609
2228,736
3895,2626
588,2167
1935,3143
83,719
4004,2569
2791,95
366,253
4201,1393
1103,519
3639,2821
2049,397
5185,974
3614,2764
3360,1127
1951,993
1567,64
4762,1056
4027,1590
3442,2657
604,956
4327,1101
5065,276
1399,638
3854,1820
5089,2555
4827,2555
2986,2764
5672,2381
243,2081
1744,1989
5035,225
1936,2159
5565,979
3123,968
1916,2446
2324,1517
3387,1014
4648,2216
942,2240
5102,2386
217,1018
0,2481
1280,1481
4236,959
4251,301
3392,45
577,2492
4221,1590
2619,95
2668,1677
1202,1009
2025,2739
910,608
1643,193
146,212
5144,1457
5055,3105
218,465
2198,1354
5322,416
5800,980
1567,1487
4235,1996
4261,965
5684,805
615,1040
353,1040
1196,39
2247,465
3286,2786
5134,2058
5519,1869
4402,1355
3012,2217
4199,1026
5276,421
2204,2458
3324,45
4801,313
3772,400
2373,954
2428,661
4291,965
232,871
3675,2719
5290,2167
1315,1020
2435,1051
4309,790
4904,2131
5487,991
1965,2822
3013,533
2617,533
5683,1869
5003,2110
3293,2802
2534,2750
2966,2407
5767,816
100,1102
5408,883
812,1338
4614,1776
5746,878
4995,2407
1263,456
2699,2413
2382,1016
146,1635
5514,1659
3714,1869
253,943
1385,45
413,1575
3746,1565
967,2915
2259,20
1330,523
3577,1756
5533,2059
1125,1811
5631,2594
3807,2218
3404,1047
928,708
64,2360
5855,1521
5578,489
146,2924
3167,545
4560,1674
448,256
5370,725
349,1940
5533,2409
836,2058
178,2058
3132,709
3658,1
79,1298
3770,996
2185,2326
1342,1637
5366,956
1114,467
424,20
1557,1976
750,944
4063,2157
5192,1742
4393,571
334,477
2645,971
5359,1855
2690,1653
5825,2594
1100,2639
1084,416
879,950
1648,0
2486,1099
1386,0
3166,2521
2120,2439
575,1478
518,944
4692,988
3269,956
1084,1355
3759,3035
5684,1773
476,718
1415,1869
5565,2081
625,252
1143,1935
776,421
1736,2449
1965,57
3065,2065
5806,1389
1826,2342
5028,1095
1898,1464
4955,1748
1119,945
4185,3035
5314,2620
5710,2031
344,3019
1963,519
4053,1014
1078,1294
2110,946
2580,2558
5923,984
5563,449
532,976
2089,1008
2075,1110
3479,900
1281,2003
2881,2671
2733,521
5140,2975
2994,2548
4780,188
4083,1014
3742,721
4709,1476
5603,1918
536,2034
1311,310
268,2219
2062,474
1306,905
2567,2861
2899,1348
858,2435
3893,2960
2833,2980
3891,2133
5307,994
1248,900
2848,1568
3124,685
4118,2297
1838,1116
5792,2914
157,294
5038,954
93,2753
3506,1918
2480,1522
3980,1020
3543,2739
3555,1810
3842,1086
5848,944
3964,517
1837,2584
5464,15
5284,2299
1436,2425
2439,1871
3282,870
1294,1029
2075,1594
4085,2914
5869,2171
2906,1522
2021,2297
1574,1019
5593,960
4290,1976
4209,856
2872,3042
1265,449
3529,1097
1483,1840
5299,2176
1173,860
4813,970
3853,2914
5655,2750
4570,2151
3085,1241
5469,493
5336,903
77,260
3160,1765
3726,2176
2583,1195
5738,1822
3683,759
4617,1566
5727,909
5011,1493
4283,0
3424,2750
4200,2217
1161,984
476,881
3616,2920
2145,1908
3413,1837
1883,1908
5682,2829
4338,3090
5484,2090
3269,2058
4611,970
5934,606
414,942
2917,1606
1513,1816
2405,677
4764,2151
1092,1005
1097,1349
3144,1016
3598,1186
2266,1272
404,604
1529,979
4750,940
5155,2157
1397,1991
5552,1793
1135,1991
218,225
4001,421
1941,1458
5298,2034
1647,1011
5406,813
2553,524
3637,898
4039,1844
3025,519
2326,518
1586,708
3308,3059
5271,1527
37,2257
2382,1581
102,400
2404,1340
3605,2491
1387,2750
2125,1925
4183,253
5210,1813
5215,2157
889,1719
1971,1458
5623,639
4928,2100
1977,714
3176,1038
5485,705
3312,1084
3687,961
2718,1099
1754,1581
319,226
2051,821
3627,1095
5457,2979
2141,714
4496,726
5014,2409
2455,1813
4267,674
5903,1753
1947,848
1537,950
661,1279
5296,2472
4377,253
4191,1029
1455,1325
3543,1747
2125,2059
339,2167
3026,1228
2800,885
5890,1117
2607,1244
3832,2789
1346,2671
1720,2131
3215,1285
97,1479
2657,957
1454,3143
5695,245
1039,2901
3286,936
2980,829
2071,1018
2642,1773
1482,1377
85,314
971,2393
3672,3042
3939,942
2789,480
4214,1147
4141,1800
5595,953
5211,24
1961,99
1095,1116
1946,730
4642,1035
3233,901
416,2521
2478,968
40,3173
680,1813
2581,2409
562,1003
1787,2548
3748,943
604,2168
1125,1116
4662,2037
25,771
2819,1419
3710,1590
5200,400
1115,2091
4202,2052
1941,921
4944,1908
3003,947
2772,260
1769,1568
3020,2082
1569,2446
874,1655
5657,1026
2520,978
3244,1009
1437,48
5785,1211
2214,871
5321,518
2143,2159
5455,518
1578,2158
4551,1051
5939,2028
388,3051
4516,2750
3055,2426
522,3051
3858,306
4436,2232
370,967
4,3061
2614,1902
5692,2309
246,2594
3508,1590
5857,2376
2111,527
4501,533
2090,589
4275,944
3741,256
4661,1919
4403,1129
1808,876
839,1014
3129,631
3528,148
4710,1811
942,203
5943,965
1996,1866
4002,1724
5901,739
4610,826
2689,2961
810,434
681,963
1471,1082
533,2785
1510,256
2160,2058
4830,950
788,1025
2739,230
521,681
1623,1072
2394,949
3280,3028
1810,898
2942,0
478,984
1359,2719
4239,1421
4385,2936
5281,1761
1810,1837
3367,2623
4461,679
5008,848
5379,1515
1626,2659
1824,954
2741,2346
79,871
2056,2243
3227,519
3536,2028
3892,909
2283,2407
2197,943
755,861
3504,2490
4285,611
4813,730
4581,2824
4605,966
783,815
2379,21
4249,3024
3015,1925
2767,1823
4959,905
2132,1083
4122,2660
748,979
3365,991
5803,2758
4977,730
3020,956
186,2407
5413,1260
227,718
2183,1021
1019,2381
5234,736
5536,2764
4824,2558
1592,930
3355,838
2252,976
2656,837
4607,988
2365,99
4192,746
2690,421
2146,1489
1466,1730
1208,940
5368,1086
3649,2978
4812,1393
147,1489
2244,2963
5002,736
5304,2764
4075,1285
3791,2280
2744,253
56,31
937,1766
1026,2747
902,991
3736,2758
4285,2034
4878,2548
3133,967
3394,2994
3010,2065
5302,1563
1270,2326
4367,1285
4766,994
5614,337
1716,1100
3289,2419
1105,946
3945,1003
1807,2157
3245,777
1006,1879
4402,875
2559,449
1828,1
3734,187
3187,2492
4608,943
5852,1040
3816,2471
3045,1096
1807,63
4435,1173
1508,935
5379,978
4412,1943
4847,1117
5208,1096
2422,2029
2169,1583
1736,1701
2188,1044
2038,1285
455,32
372,2249
224,99
960,2419
4635,1584
2608,2569
1806,1127
2778,2980
1537,710
2688,54
1803,829
1077,725
1951,1481
63,1844
4861,1523
263,1151
4502,2344
5321,949
5364,1585
1733,248
3491,2256
1822,2949
581,679
2709,2220
1130,1086
2299,1009
2519,2473
2603,1420
3275,2981
2259,829
5154,31
140,2225
2478,2822
3512,1389
1314,2492
1756,2837
5725,5
4417,677
4207,867
5690,950
3279,1006
3802,3033
3547,2514
5644,16
3166,1102
5936,1356
5428,2643
5445,2058
756,1568
5666,714
3843,940
329,942
4966,2962
420,306
3085,1298
328,717
5264,1084
1043,2914
4281,1324
1831,2206
545,2637
4626,2490
472,3098
580,2631
1669,1097
1371,2571
4449,2978
3143,313
3260,898
4862,3147
4774,1048
4958,2855
4882,2079
3600,0
3474,1581
582,1364
1480,2514
5839,1557
209,1533
2561,2028
391,1015
5532,848
3456,2880
724,666
729,1010
2647,1021
2986,487
4259,760
5181,2496
1478,2037
1208,2176
867,1883
1882,400
3595,945
5269,2316
465,1314
2392,3131
3063,1084
2813,909
1927,2802
1665,2802
2062,2438
2781,1371
1778,2679
3686,1248
5661,1793
1206,1699
4981,2034
4975,1465
2115,2449
5312,858
2827,965
3040,1258
825,2946
2547,1325
4543,2747
1051,256
4989,1521
5466,2614
4519,2511
3858,2994
3279,2563
2277,2753
2294,2168
3681,99
4419,28
838,498
3344,679
1988,1869
1387,3157
2872,1623
3364,1331
3369,1675
509,2659
2768,519
5390,875
3301,982
577,2793
4295,1840
5489,1820
2772,638
2980,1341
3926,253
4984,2816
2639,1048
4672,1009
4109,2589
5537,521
2650,648
4090,95
4454,557
2269,956
4414,192
2528,2348
4985,947
4331,2409
3228,1793
5623,2924
1103,2243
755,971
4888,1014
4569,480
5383,993
740,2568
3134,64
5114,953
1084,99
2402,1835
1020,2558
264,2989
4006,932
3862,1907
3378,3026
3342,1117
592,1515
4783,974
3228,988
2373,2194
1318,2558
5178,722
4908,861
1289,1039
5931,959
4700,1097
684,2393
3724,2508
5503,1421
5279,2467
1409,3026
5745,1708
5430,384
2887,321
2243,2471
1441,1029
3000,198
3485,1179
4187,1451
4366,2914
4691,984
3037,2709
5852,1016
2851,75
1710,3139
2209,608
3484,1708
4275,517
4846,1272
5491,256
4849,789
1877,2498
387,1244
4356,856
4862,1216
3511,2750
2838,1718
5374,610
1009,998
4073,9
5060,2140
3401,1831
4932,2894
3843,2176
4519,1035
365,1835
461,2297
4480,518
2285,229
5351,1565
1007,521
5444,975
2077,465
2524,1908
3983,1405
3396,1837
2685,321
319,1840
1740,1045
4462,2571
5339,400
4492,878
5469,3075
271,2708
4774,2284
3686,256
1332,3098
3412,1939
2779,1272
4940,1041
2443,1323
3632,959
2401,1851
1298,1235
190,275
5551,2326
1829,871
3343,267
3255,2140
3267,1211
2498,471
3924,20
5643,2100
5646,2371
5338,2218
1225,2827
2319,1637
2537,3028
4025,1011
4757,2623
2123,944
4115,904
5584,1843
4132,1073
3672,334
1187,441
948,1364
1373,604
1772,313
4074,1253
2245,533
1874,1529
4830,1007
3407,975
965,1718
4726,2347
2551,990
264,2802
4882,416
890,2298
2397,523
1485,1195
721,45
5184,946
3164,2910
3554,3065
2924,417
4322,2644
3393,3147
27,1519
3506,3024
3845,2490
42,861
589,1030
3792,385
4530,314
2140,493
5462,294
1613,1730
229,1626
4010,2907
285,1935
572,1211
3980,32
5854,525
4878,1182
3596,3075
8,2566
4306,956
2292,2176
3417,299
2847,2398
4621,967
3241,1571
5156,2065
5758,413
3407,520
1363,2090
3259,2342
3889,294
1813,606
3797,705
3513,946
4712,1270
3058,1305
3777,992
1375,2100
1409,1684
1474,2079
5567,1003
431,16
3970,1572
3975,1916
3357,3035
2383,2829
4532,521
232,2058
2033,730
3685,2342
546,3157
4425,1563
235,2706
3738,633
5868,2247
5307,490
1528,2665
2686,736
449,945
2524,2660
1469,3024
2078,99
2205,2126
4949,967
647,1869
3785,829
5650,1014
1722,2157
1257,108
3356,2409
4472,978
3746,874
1258,710
5735,563
1137,2635
3631,1301
4632,1640
570,1248
513,714
3325,2133
1083,1244
3486,546
4747,1748
347,1361
4032,2934
5143,1159
1586,525
139,99
4774,1292
627,1351
479,2419
54,1489
3844,604
1101,2173
2930,449
4566,1528
5830,2247
1246,1773
2496,1096
5564,815
4941,1590
2403,2625
26,1511
5585,1103
4881,758
4960,1051
944,2347
4712,949
4209,2580
3827,34
912,557
4747,943
1266,2775
1634,1481
783,1840
5556,523
5541,400
474,1270
4691,2704
2082,301
5552,0
5753,1976
2441,1173
5476,944
314,988
52,988
919,2825
4906,10
401,2081
2538,1456
5640,5
5798,1345
2222,2159
4170,2601
4846,898
5716,0
690,871
2856,984
4485,892
2979,825
678,2739
5055,1422
4860,954
892,978
5025,1021
952,1029
5895,2567
5822,3028
982,3123
2508,1590
2224,1831
2236,902
5768,1479
2027,728
4928,307
2434,2580
3132,636
5221,2249
3532,1509
5843,2003
3112,2643
4402,611
3009,421
2532,1021
5279,2577
3168,2171
1996,2704
2815,2807
547,1451
301,1984
669,128
4836,2007
476,2739
2790,2750
3335,2284
3885,2162
2316,615
4836,2946
3473,3157
1828,1026
817,938
2737,1776
2712,965
136,954
5432,1664
2794,1529
5607,2419
4309,1335
5417,43
4104,2623
1318,2802
1932,975
3152,2176
4721,1279
4918,1793
928,2058
2397,2243
5489,2548
5790,32
2935,606
3463,725
4297,170
3715,946
4773,99
1528,518
1668,2218
4832,679
1831,1458
5005,2327
3549,2347
1930,3157
419,1026
2263,334
1867,334
2356,1279
4985,2614
3276,2188
972,421
1491,986
1370,467
3708,1064
5542,438
1256,1119
2438,2028
1426,1530
3604,714
3579,2347
1781,940
4489,2568
337,31
2068,1936
2756,2310
3410,848
2656,1325
240,1037
5544,110
2968,99
523,1325
3738,2003
364,514
5396,2841
3949,2415
1392,956
750,1489
1574,2690
1687,1813
3182,967
4316,896
5142,480
2989,1326
525,2310
2892,1393
2529,1341
3208,875
5248,2569
3725,1367
1768,839
751,2249
1556,956
4594,998
2987,2569
5554,3026
750,2778
5698,2216
2463,879
2359,2219
526,37
309,1500
5901,1040
3098,2558
2652,751
5320,2980
540,874
1586,956
457,3091
4846,845
3815,2549
2755,2569
518,334
5896,1046
53,1695
5667,1748
1202,212
2611,2066
4787,615
2657,721
4955,199
3752,2385
428,2511
66,1341
5393,1364
2785,2569
4044,692
3323,932
3620,2616
2376,829
2887,1533
5581,1011
4781,958
4882,1010
1360,2841
2843,480
64,2584
2914,2575
2258,958
4142,2139
4106,230
3922,1641
4185,2775
3106,301
5800,533
2961,1640
5473,138
872,1747
3064,829
4316,225
2755,2703
4572,1908
4981,615
2608,963
801,2
558,998
1166,1820
2661,974
2265,974
3784,1276
5580,1324
4900,1565
2205,142
2895,2309
1257,1157
1088,1348
4348,1991
3090,306
5607,2366
662,193
2298,1272
1930,876
3252,1765
4575,2155
5113,518
4037,5
3305,1776
1863,2256
2233,1035
5254,908
5696,2007
5710,1905
890,932
606,1173
3519,15
2847,1837
3213,3126
5699,211
2882,1831
4559,467
4540,225
4722,2151
5063,0
5078,1032
1246,1883
3882,1945
5840,3075
4747,3147
4452,1509
1921,517
5522,3143
5393,1043
1576,482
5774,1674
1023,2750
4454,2521
1047,892
688,959
5187,1325
5142,1582
1723,128
5085,1048
2356,2515
3746,2407
2066,467
5576,1285
3819,2131
4355,421
98,2032
2703,529
1042,1837
3767,2880
3753,730
4579,314
5286,930
5583,2614
5855,858
89,1919
388,266
1528,949
1672,139
4118,2521
5703,2157
5307,2157
97,467
1072,1837
3742,729
4380,2706
5464,828
5555,192
3039,986
3049,1674
1294,903
3693,2907
4811,2111
5045,63
3804,1957
2823,3024
2054,1530
4034,2419
2088,1114
4755,489
745,1977
493,975
5758,120
2232,489
2116,314
5927,306
2957,930
27,421
4972,2594
3655,1460
4677,956
3777,3143
3243,2455
5378,1003
5524,2518
1873,2249
3717,1557
481,1530
424,996
5083,2775
1918,679
4263,2255
1634,920
715,2865
1257,970
5696,531
1179,1279
3782,1393
3620,2563
5206,1835
3468,2923
3697,531
5799,2349
754,2978
5430,2482
528,945
5074,2066
4764,1086
3637,638
5557,722
2062,966
23,2880
969,1038
1038,643
2128,1963
4817,1851
2052,2907
5352,2949
1589,1685
85,725
4264,921
365,2994
5852,1020
1497,2096
5724,1774
4965,968
4712,522
3724,2862
4159,2790
1807,43
3935,830
5814,1667
1029,715
4884,979
3874,1116
2650,2425
2187,449
2642,1029
118,1962
1981,1512
1499,48
5126,1451
2527,490
3833,711
4294,2052
653,2471
3547,1071
3533,1173
3717,2980
3359,1020
2044,521
3221,1086
2250,2841
1061,761
517,1829
2042,3077
4024,2349
5242,2915
1392,716
5364,1565
4247,1051
3383,2703
2056,881
5805,2247
5223,579
2172,275
2437,1512
1038,2066
3213,979
5114,1575
1624,2163
765,1907
1004,203
3669,1195
5665,2617
2841,2504
1239,1009
510,2297
3188,1272
5676,1813
3984,1364
4455,949
5341,3028
1349,2466
3255,400
5938,1971
917,3186
2724,1703
466,1035
3534,754
4000,2247
5576,2521
2544,15
1833,943
5864,709
4972,313
4660,950
5911,2218
366,989
4072,1719
3050,533
37,521
997,2549
1974,20
2728,482
551,742
4758,734
2309,2750
2345,2407
1230,276
1426,1908
4743,611
990,789
2604,1355
5353,1294
3735,986
5813,2218
3485,57
5861,946
62,1867
1831,92
2297,1585
5279,2284
4346,2079
5762,940
1128,2601
1909,3166
4283,976
3629,2438
5487,2398
1932,1837
5053,2880
4638,386
78,2750
4567,1674
4240,1279
5802,2409
5881,2702
1796,1195
5584,237
4311,930
1444,3187
2872,1119
1162,1811
709,523
4688,99
3697,478
1503,1323
3715,2747
2872,2058
325,533
456,1016
1591,2833
953,1822
3186,3157
5662,1244
1615,975
4008,1279
4796,571
4477,37
5790,2183
2873,1879
2140,42
5302,1840
2114,2793
3466,2393
656,2740
3619,945
4400,1510
1960,2326
2961,945
5328,28
2804,961
3981,1526
3366,2162
1692,2511
2239,960
1917,909
904,1529
5523,2189
3276,956
4797,1331
2656,1248
1622,991
4679,521
2912,679
1451,1109
2321,211
4632,705
719,2880
4795,1635
232,318
5626,1563
591,2880
5329,1542
1759,2393
3910,720
2490,397
5733,3123
3133,1028
3338,3123
1430,2110
972,478
1605,2865
1039,10
130,2643
218,2490
235,1905
178,1371
240,2249
3222,2948
3905,2978
1659,2347
1758,2326
3144,2476
3321,1614
743,1530
4597,2158
3532,1834
5691,968
501,2182
2556,212
5469,3026
952,2054
3176,859
4397,942
691,966
5870,337
185,2326
1470,704
2621,48
2290,2163
2641,700
3833,2297
108,2079
5436,984
4438,2636
5683,861
5351,122
3730,2549
1968,3051
1058,386
3747,1964
4459,480
2702,1326
2855,1568
4823,942
2980,516
4375,2472
1314,1480
3148,100
4488,2349
118,2393
4711,1640
943,32
53,2907
1108,99
1314,2419
2638,1691
3476,2790
2149,2466
4944,2750
4607,1667
794,848
2807,2816
3941,1964
715,2625
1219,438
4015,1913
329,869
1449,900
2008,2584
2674,193
3897,1103
1357,1311
4896,615
1616,259
771,2153
458,875
4577,1020
5353,1241
5589,20
5375,1000
4801,1667
5215,718
4268,615
1042,1276
2654,1015
2347,306
3143,1179
4490,2155
3815,2740
5370,1945
344,2816
5879,1822
5204,2407
3843,1001
190,2349
393,988
1807,3186
5067,3075
4676,975
1467,1051
4075,1509
1506,979
5319,1606
3510,10
275,1117
2322,784
1654,96
5350,138
1506,1918
117,716
3510,949
3890,416
588,301
1469,2036
5562,960
1596,1811
5648,734
4725,1217
5826,1006
1798,225
153,2066
144,260
1131,2391
1596,2750
374,722
3531,2176
4966,1279
4699,935
4401,1278
4784,2736
5127,3075
1364,1811
2601,2427
2968,908
4561,1351
151,276
5457,1674
5016,211
64,1031
4205,935
5678,330
2527,384
3623,21
3557,1653
4734,2218
752,1590
5406,3025
1643,2515
2071,518
309,1020
1551,482
1630,775
3309,2490
906,2407
2220,991
5778,2789
3604,1068
1233,2243
682,2140
31,867
2097,3028
1887,0
328,2551
3243,2028
4461,2594
654,1031
4826,1002
545,2027
882,858
5772,880
646,2833
3916,966
4998,705
3656,2547
5356,413
89,2915
2205,467
3344,740
5811,993
1394,1945
3474,32
3610,859
2701,1048
5662,870
2076,996
3874,905
3843,2558
2891,2865
5535,2980
4814,2466
265,1047
2519,253
3971,1777
2559,3035
4527,2409
5618,1702
1992,709
5385,942
5214,306
2368,996
3202,633
5318,2349
5529,2569
1742,719
4075,972
1148,734
1067,3024
2579,2347
5874,1291
4380,1019
173,2747
3861,1393
5244,306
4728,978
2256,3010
740,535
4874,2466
3019,525
3298,2569
4709,1086
5934,2631
4461,984
4843,1840
5942,994
954,2157
3588,1584
3834,859
5411,2297
2100,376
3056,942
2601,1301
1276,2558
4729,2842
2492,2297
79,1526
1261,2435
5666,722
1646,556
5937,1939
835,1280
3860,1117
563,1346
1264,1393
4803,2949
634,997
708,946
3327,1004
3438,1020
764,1228
2242,967
4938,1272
5705,1939
2852,896
5813,718
1697,1810
2728,860
2815,1014
1123,757
3181,3057
1283,480
2962,2195
881,2163
2140,286
2579,1676
3265,661
4000,881
2487,2087
3430,1667
4586,1355
3813,1405
859,310
4057,1765
4814,990
4554,2571
3795,1765
2537,1800
5035,400
1703,1574
1679,988
3193,384
4370,949
887,1954
1745,2739
2514,1035
1509,1708
5271,2747
4925,2110
508,2308
399,860
4485,1811
2312,527
3031,214
5364,467
5861,519
4025,1072
625,614
1972,1590
5302,2218
1962,1811
2545,1637
2180,758
1875,876
545,1035
3554,1837
3934,2058
2604,2217
4555,2176
4455,1006
4324,2243
1743,1888
1488,615
4855,1879
3807,970
425,337
4306,1822
4511,3008
452,2914
2909,759
672,968
957,1329
4453,2249
3816,3126
4604,2418
5261,473
932,518
451,1908
3541,2140
4234,606
5631,2635
65,1872
1063,974
5404,0
1028,1919
2511,2002
5470,997
324,1574
5119,16
5616,822
1304,1036
5469,1526
3755,756
5183,940
1630,1206
5064,1248
4928,421
3570,976
2252,960
1749,1837
1718,272
5164,1829
3565,1571
2603,2880
256,477
4165,812
449,1811
588,2155
1264,1206
2742,945
3967,2490
1388,518
992,518
4619,201
5452,956
3049,873
2481,1355
5088,679
2154,960
524,1581
63,994
104,995
1713,1217
5090,725
136,718
3224,2567
1075,2623
3666,1222
419,1006
4557,1393
2005,1776
1991,380
4189,2660
834,467
2090,1325
4567,3020
3275,253
169,1016
1793,3024
2020,2249
2452,1906
387,2407
4336,643
5132,2240
4005,1038
5440,141
3120,1813
534,1114
5708,895
386,2936
4530,859
3267,2240
2859,725
4380,1100
140,2880
3163,1136
5629,952
5763,952
2955,2126
2092,2660
5831,1086
2229,679
44,1078
2573,489
3208,2949
2297,3065
2168,211
1833,1618
4104,993
210,966
5600,557
3153,956
5539,1035
5360,2790
2630,2312
3797,2189
1372,2347
2676,967
2423,521
4135,2184
5296,2216
4714,2800
2782,1393
1470,2855
1902,2512
1155,1531
2650,685
3770,716
5019,2847
2203,2625
4682,2703
2083,988
3642,2409
1775,643
4929,2580
42,2829
2291,1691
1668,2466
3151,2549
1690,2225
5069,2560
5062,1389
3321,516
2061,2168
3138,1563
5894,1919
470,1963
2299,993
4553,199
4757,1692
529,99
656,2126
3357,2775
2230,1573
2884,865
944,2758
5786,1046
1400,557
4108,2185
5101,943
5223,1872
4577,943
1877,896
5392,2058
4268,1127
2167,2163
2079,64
119,2271
5575,984
3443,455
2336,2349
3334,1451
1711,2297
4360,1066
2369,1708
4869,943
4298,1908
1167,1086
5656,10
1915,2477
5564,421
5703,1519
462,516
2286,1831
1090,1024
4491,2838
2414,296
3030,2514
2125,193
2741,2411
3804,1908
1624,2651
3408,1908
4933,1493
242,2620
629,1568
2585,1117
45,1517
1852,34
5347,729
5312,708
136,1820
437,994
3510,1811
5541,945
5737,2577
496,1574
582,1348
72,1246
464,2790
3215,2802
2852,2750
1448,2960
4941,391
4796,1730
811,1585
2638,2232
3851,10
1372,871
1525,1867
2175,1195
3097,1241
3499,467
3621,2150
2809,20
3490,2633
3961,2218
1915,2961
4403,873
5424,144
4933,1038
4492,2793
729,2283
3017,1073
3404,1519
529,717
3388,2706
2321,2309
5153,31
3391,533
3148,775
4330,1684
246,1533
1686,980
2548,2473
3546,821
2384,3008
3934,2623
5357,211
2153,631
3438,2419
2946,267
3721,2515
4053,1002
1282,523
3192,673
697,1590
4055,1048
4265,2578
1190,934
1326,2515
5684,956
1057,1344
1754,1272
2156,2218
5530,2209
408,1837
3515,1484
944,127
921,2587
945,729
1024,1022
2023,534
3074,960
5746,679
999,965
2270,2855
3426,99
3839,268
1006,1355
4882,1742
2329,991
4223,608
952,2058
4732,2737
5147,2979
3292,1038
5062,397
17,1026
4901,2923
4995,2558
664,1776
248,400
602,898
633,211
3271,1100
5869,870
3470,2249
2384,1048
3622,3020
2037,940
2343,458
536,1217
5794,1635
1692,905
1134,2829
1110,2243
1777,2706
2479,2978
5029,1014
1823,1361
381,1279
3033,1285
452,930
5340,2569
586,930
1283,858
984,976
452,1869
3354,330
5494,942
2283,2635
5354,1871
3417,120
1025,2670
1145,520
2863,2163
1469,3061
220,930
3,2393
232,1
1051,858
137,3147
2944,2502
5126,142
5363,1775
2954,2466
2876,1055
4565,1014
532,643
4429,1907
246,57
1440,37
5275,615
3115,290
2757,2302
5651,902
5425,2811
3802,2159
1883,957
2543,1003
939,2091
538,1747
61,2347
575,2568
919,2378
2082,793
394,1244
2536,963
2047,1738
703,2753
2769,942
1797,1563
1081,1393
5411,2704
2226,3174
5736,20
3394,1933
770,942
4466,984
2498,2549
641,2225
4402,1908
1372,229
4087,1338
5899,199
5002,1903
466,2409
3151,81
3980,1626
5553,2191
3390,2349
1031,875
3280,491
996,1820
1369,870
304,546
1099,1009
5813,775
2461,3017
4149,122
4673,1031
2923,604
2056,2739
812,952
5237,615
1653,1568
3511,774
401,829
3827,1010
1552,173
5776,2586
2519,928
4568,456
788,716
2123,1867
4924,276
400,2297
3748,313
5091,2079
1581,2981
3847,2012
827,829
2052,122
173,39
2881,1667
4856,2212
2015,994
1357,994
1584,1939
5006,2910
1012,959
2434,1328
2224,1518
3264,1031
4451,2284
2942,980
3036,615
3982,493
2757,2920
3397,1560
5351,1228
3406,2777
3447,334
3822,211
5188,2927
1089,24
1875,933
2580,1688
5276,2747
2614,1272
1332,2411
3221,1684
4336,1371
5738,334
2386,1822
1940,15
2081,1940
4753,1659
293,1221
2633,2453
3753,1730
3265,2141
3141,385
3416,2310
400,337
1272,266
4248,2840
5748,648
1028,1037
2430,0
2583,996
3890,99
2964,873
1036,1837
3210,1279
5865,1583
5082,945
5840,1526
984,334
2985,2100
490,1519
450,400
3934,2249
1761,965
5075,905
615,467
1977,31
5898,1881
225,1221
2957,991
4636,2706
4473,433
4669,2065
1603,729
5156,2183
773,1211
5608,1526
4997,1372
3462,1099
3236,756
779,467
4282,2558
178,1001
1703,2249
3270,1279
1050,1869
5088,1086
3312,1690
4145,2445
2197,313
3136,1464
3969,2219
4698,1840
1114,2793
5696,942
4460,736
5723,321
3928,875
5924,2297
1615,2028
5312,952
663,1581
1845,2490
5515,557
4217,1917
5471,2702
581,236
1075,1525
4115,1640
4337,521
422,1869
4310,2081
654,714
4038,1393
4845,927
844,57
5462,1835
5921,2349
1145,951
3130,2184
881,878
1481,2563
1278,514
4055,1747
870,2409
234,478
5544,1086
2264,730
4886,1086
3161,2409
4770,2631
2106,521
5492,1835
3021,1086
1481,469
3320,187
2759,1840
2950,2374
1422,828
1244,2219
5371,727
4215,2759
1837,1043
3461,2297
90,325
3845,193
3855,1635
5123,1564
1830,1003
3099,2066
4358,943
4432,892
3329,276
1326,2409
3485,789
5498,1626
398,2548
4106,1661
1215,2578
2894,321
5260,522
2056,942
516,325
3888,1179
581,720
4459,2688
4452,1517
4940,517
14,2558
4317,1292
3754,2118
1629,2568
2916,2739
3962,2821
1276,952
2902,2841
1035,1829
5178,2560
3032,2133
4844,994
1523,829
5343,2627
1216,1086
3404,958
3156,856
578,2492
4241,142
2451,1040
1735,2590
4529,20
1308,1025
5506,2217
5081,533
4979,256
1529,243
5345,579
1002,726
2846,2508
2868,2267
4430,2643
5762,867
2861,1096
722,1840
2807,1991
5833,518
2049,2349
5645,467
1223,321
1878,2467
5553,878
5185,482
5456,945
3466,1031
3599,1560
37,3026
3802,1919
2256,3177
1230,337
4903,1119
3657,225
448,301
3854,739
4804,2079
4378,924
845,876
3993,524
2647,3156
5862,1582
2537,1483
339,2586
1688,225
5908,422
4827,319
4003,3090
929,2802
120,943
3895,524
4253,986
794,2385
97,959
5558,16
3636,2515
3947,2377
2197,2704
3766,1807
3382,878
3936,2218
1054,2689
2697,775
5637,1248
3851,1356
4814,2901
5411,1659
3745,1869
2502,2936
5823,849
5217,1793
4852,160
4888,571
4635,2377
5371,1479
321,1010
5842,310
5620,2183
3937,2978
5640,2835
2398,2963
3045,1084
5587,730
917,482
2664,611
3715,2003
2598,2243
1922,940
798,2453
2968,1022
5249,1085
5263,983
130,1765
2155,1673
4908,2512
1823,934
5377,1270
2470,1684
5601,1917
4551,2625
1903,1048
5858,2482
703,1253
3296,679
4963,2569
91,3126
5215,1100
4535,1341
5887,1907
5258,1147
4659,64
5381,988
2006,1526
3091,2502
1346,2419
1148,714
936,2521
3591,2825
3918,968
3615,967
406,1043
5130,1527
4507,2302
453,2552
4715,1285
1480,140
3438,516
1839,2702
1950,1752
4665,2861
4150,2415
471,98
908,99
412,2901
1489,2296
4302,3186
4305,1013
4816,963
1061,314
5758,2385
2439,2855
1083,1793
1414,3061
2429,824
3563,753
526,155
4846,24
988,1906
878,48
1022,736
4715,480
2218,762
4305,2302
5050,204
3360,3026
1763,2841
2377,1014
2101,1116
3697,2796
5796,933
1231,2953
5037,2601
2891,2174
2694,2569
2226,1003
3518,1518
2100,2584
5806,308
2552,1173
3128,3026
544,710
1679,1773
361,1003
5660,2176
99,1757
5508,1590
5423,1482
414,48
4743,969
1587,3123
2330,952
5648,1011
911,1793
1713,229
1785,2549
653,1003
959,521
5837,718
2428,2426
2657,34
1414,1101
2919,943
751,757
4658,1211
4792,1211
4028,815
745,188
5249,898
2200,2949
441,716
394,2590
4389,979
5249,1837
92,2225
3936,2165
3910,944
3674,2165
4715,1903
5726,2176
2811,1009
187,18
1868,2560
5613,20
1829,1851
3176,2827
4888,518
550,1009
4151,225
4431,2494
4164,2150
924,661
4336,944
786,727
579,2878
2231,518
725,2703
902,121
1750,1908
4931,1504
5227,334
5404,1724
1448,2509
2933,975
2427,3089
4290,2639
5192,2218
706,2811
1014,712
4818,1977
2176,1908
2215,2802
721,86
4917,1582
5600,858
5736,2439
1429,2243
3105,277
2084,225
4164,2284
193,2037
5357,2793
3817,2176
3705,2901
5319,57
3586,1489
341,1908
5124,1279
1065,1939
1519,1355
2059,2797
555,1837
1727,2058
4643,417
3879,21
832,2145
3662,1484
3046,986
3605,2670
3844,966
943,1195
4699,1480
4843,2922
4256,3162
2547,2736
3932,32
4303,2419
4728,905
306,759
1303,1888
3670,971
459,974
1496,970
4536,1085
1311,2880
53,2915
2183,1119
5915,64
815,986
2955,817
2127,2126
2740,2326
4762,1963
1241,986
4902,253
4029,99
1671,1479
630,2495
4457,3020
1547,1443
2634,1526
3895,2728
4909,2363
521,1047
5746,1517
4127,1573
2953,1279
5312,2753
5723,1533
4324,2841
13,991
5027,2769
5362,1527
2903,2855
5574,2349
2145,961
680,3147
4995,952
936,858
3254,79
1423,976
5339,2482
5919,1071
3250,2589
3415,936
5524,1481
4543,2548
2380,2706
222,956
4838,1907
1118,1279
1088,2568
3075,2184
3436,2163
3770,1285
4592,1851
2459,905
3042,3175
3214,249
745,135
3484,1830
3432,1640
4409,3083
4700,1569
5109,276
735,1110
5212,963
2003,1793
4606,1907
4642,1564
5908,666
1002,2393
1852,2563
1823,1044
3356,490
4586,127
1313,942
4293,814
2928,952
1956,1573
5256,861
1257,1572
4552,516
3289,2651
4328,1000
3154,2426
5043,753
1051,2635
4786,1851
2289,2133
4920,1851
3003,1476
3903,1009
36,1085
1006,2111
2236,1748
1081,942
5499,1908
633,28
4719,225
2408,2205
4182,774
4741,2458
4523,286
1357,998
2489,100
3824,1251
1829,993
3444,1195
5420,2150
4630,533
4437,138
4140,1837
924,3186
3756,908
2049,1117
3183,1046
1474,2872
5712,1211
271,1086
4779,1006
5271,714
4221,2176
2605,2503
4924,2858
3857,1899
4332,2946
4962,898
1350,2247
2513,2914
5770,1566
1754,2862
2826,1159
4923,2633
1513,1487
3872,2961
4794,533
4114,774
2230,2976
3501,924
4318,954
259,860
4351,313
2011,3053
117,2847
3197,2391
4452,2058
871,276
3020,1940
1977,2129
2948,2037
417,1045
920,2797
3150,2171
1780,1211
940,39
1112,523
1128,2719
5584,2449
3358,1504
5612,710
2893,421
4574,2963
5921,2219
193,374
4675,1325
3293,1294
2386,2310
2625,606
1601,1037
3129,139
4094,2511
5441,1767
1139,225
5065,2419
1205,1976
4214,334
2872,2176
544,15
1995,560
3943,1002
765,2643
749,2110
1819,334
3839,2342
3880,2151
1705,986
2811,1119
5225,2492
4755,99
4646,1095
630,1637
4023,1116
2827,1063
4816,752
1430,0
3732,940
4530,920
4007,2865
1885,3024
5099,848
5773,2482
3927,2347
5417,1157
4482,2569
154,2058
4407,705
401,1935
2247,380
3644,2409
3281,2357
722,2515
83,313
4338,1285
1497,2511
1230,2167
5882,2775
844,411
2979,679
5752,450
358,3177
2097,971
3066,2553
1706,3035
5698,1907
1577,935
4501,875
5015,1096
2773,961
4421,1111
3581,905
3389,146
2470,2091
5512,2841
1936,1403
5644,516
881,2521
5406,1102
5600,1907
25,2536
4929,1702
2752,1962
1466,2393
2638,2614
2436,413
1443,2409
2718,99
5593,1867
3774,1835
281,2906
1702,2111
1202,253
3602,2482
2693,2671
838,730
1977,1003
5230,2165
1916,2979
1453,1003
801,848
766,1793
3307,1029
3699,321
4358,3175
321,2840
1467,1840
5125,1590
3344,1850
3259,988
1089,2419
5208,2564
4314,1533
2645,2980
3459,2739
3758,1840
2462,829
5471,2385
4110,979
400,1793
5811,2453
506,2219
4055,491
1548,839
4299,851
2819,285
5642,2617
3802,984
2358,829
1703,2066
3991,856
2563,480
3707,1097
806,1326
4827,1128
1380,100
2819,1574
2086,491
4094,230
4782,604
3129,1241
1000,229
5143,960
1564,2257
3253,2216
662,1173
3848,1867
4112,1159
987,2626
1966,732
302,1769
1348,1851
1391,2487
3851,2515
809,1573
5592,944
4126,276
5416,718
4065,0
546,1348
5859,2227
914,54
5141,2176
3078,2750
2866,615
5906,730
708,1117
23,1014
3660,3105
3880,1159
4766,986
5934,1997
4309,518
2552,1364
588,419
5342,3024
3614,3110
4720,991
5914,971
4520,1869
5518,971
4143,1919
2056,2853
2216,856
163,2872
4532,940
5606,37
5437,2480
3209,2243
3238,729
298,1195
4374,704
838,2637
798,1518
2441,1324
3630,960
3349,718
3046,909
3271,1027
3319,2007
707,87
1744,2335
3141,954
3664,729
2977,2243
4223,2413
2688,2140
1741,2037
218,2555
5302,1100
3817,944
427,2140
1908,2150
2068,1119
2236,3147
5063,525
3480,2490
2733,1509
241,2889
2067,867
1986,3157
4073,725
4976,2219
4494,1
5910,3026
1372,2705
2652,739
2368,980
3507,1253
5436,110
3245,2192
397,2247
3864,1675
5011,2563
2759,986
2542,2449
4185,535
5393,413
5104,310
3579,725
3935,1326
2739,519
2387,2511
3841,1664
919,1016
1308,37
3488,48
355,2371
439,3008
609,975
2663,1813
4879,1481
815,1043
3721,966
2722,2393
1722,966
4189,253
3998,685
4374,972
5805,865
5578,1640
2555,940
1414,32
4814,490
2852,2624
1974,2126
3810,2327
3333,453
5365,1532
4403,2841
292,2557
2840,520
5665,1235
3860,1101
1317,1038
3992,274
2078,1136
1176,2496
4507,1851
637,2218
4369,1917
881,858
4556,23
5602,1071
4969,2821
1256,920
4516,1563
1243,2378
178,2054
3366,1101
152,833
983,761
2474,2425
5058,45
1037,997
2938,839
3662,870
16,945
2080,2471
1863,2244
1607,3190
3792,1101
232,2640
2825,2066
2298,2549
5113,856
832,1881
4345,2216
113,2167
2028,1907
1333,1116
766,480
35,32
878,1475
3529,2569
3541,1640
581,700
5311,2719
3879,1635
2287,2548
2121,2256
4745,995
5099,2247
5211,2488
1023,294
1537,2959
362,777
3538,2473
1155,413
1210,120
647,946
5903,729
5753,1724
5868,1674
1669,1573
5502,1324
565,1486
2662,2960
571,2240
3512,2349
979,722
10,860
4588,1519
2141,1918
4847,467
3011,1020
1455,1590
345,557
4221,944
4854,2577
4730,821
1576,604
5156,2915
5949,2551
4779,713
1950,2508
5341,1914
1958,871
4909,944
4647,944
4726,1237
247,557
1762,1117
4268,1298
1004,1667
3681,1730
61,3026
5503,1279
4608,1366
1445,2349
4136,2310
4113,606
5503,2218
5809,2490
1578,2878
3304,467
2889,225
3411,2027
2270,1119
5881,299
1486,256
5765,2568
1978,718
364,1872
3108,3157
3612,970
4677,1294
5486,709
5483,411
238,1918
3242,878
5143,720
3023,1514
2295,775
4258,2249
2403,308
4039,633
2729,478
4773,2880
3321,2110
5065,248
879,2853
1825,1011
4960,2706
4643,2999
5806,1414
3258,1007
5075,966
5807,2578
3253,2326
1500,2382
321,990
1833,313
1198,2956
2813,714
5713,2512
1382,1730
3679,2326
4429,1326
3023,709
965,2381
3826,2753
1193,518
5236,79
3820,2157
549,1355
3245,879
4506,2081
5825,1009
3695,1115
207,1776
1232,981
3172,2471
3788,525
2547,2419
2662,679
4222,982
590,201
2902,1829
2778,1793
2014,643
4119,480
495,314
1515,3147
3891,64
2839,2419
1019,2162
3569,952
983,253
4078,829
4212,829
715,438
1976,1640
207,971
5004,994
4045,1820
4912,1405
3716,598
4055,64
4972,1456
4777,988
2535,99
3195,2589
1782,993
5944,276
5799,861
1449,3035
62,2660
427,1095
939,489
551,2824
4778,1748
4934,9
1276,1013
3093,218
4942,1590
3305,1040
3969,1020
2267,1573
5223,1051
510,2419
909,438
1547,2415
2130,521
1540,1244
2886,275
3793,979
5797,10
4793,127
1625,2456
3755,1626
4385,1241
51,942
2217,1055
2005,2862
954,3190
1346,1728
3598,861
5071,256
1094,726
4905,718
4943,1010
5560,2110
5422,2176
298,2512
5879,1863
1181,321
1444,3175
5859,2150
530,3020
1664,2949
2321,1004
3720,450
2965,517
1223,1671
5305,2880
4988,729
3534,2515
780,1451
3600,1041
3046,1421
4868,970
232,306
3272,421
3315,1811
2610,1241
5239,324
3778,0
3998,2218
5512,1422
3296,256
2547,138
503,1708
5692,2521
1855,3028
2868,718
94,722
3023,1006
3572,2002
3523,3049
2716,2017
5620,1305
5771,720
528,1364
4332,2629
560,1811
4189,631
4772,2901
5359,217
5474,2419
3916,2162
3558,10
822,2750
3857,2521
2633,2140
4320,1464
51,1560
622,1349
406,970
5368,2558
1892,1324
911,2391
4063,2747
3051,2249
3333,1181
408,1016
5384,2502
3812,2347
1893,2865
1468,1935
4126,1756
5536,48
2357,2218
2701,2028
502,277
2826,976
3292,217
1287,961
2498,1110
3926,1294
3387,2706
1541,2571
2711,2157
3015,848
5845,1907
5487,2199
5062,515
1388,2706
1925,467
2597,1274
1833,878
1771,0
2166,2219
3577,736
1870,945
3153,2660
126,2218
2941,525
1621,1372
4852,1055
3140,1674
1383,268
469,2557
2993,2378
2050,2983
1613,730
5355,1117
914,729
2557,535
98,1109
3798,1270
2660,633
4138,372
5750,865
2171,2162
1978,1767
4497,1244
603,1217
1850,2521
5193,193
4991,998
3680,2153
2289,2568
3010,638
2629,946
2369,1773
3482,3077
1763,1963
4056,1097
40,2393
3221,1989
1441,1131
3939,1451
1999,900
4005,3010
5667,1338
5462,1872
5736,943
2961,2974
292,520
3434,942
4225,2195
569,828
5352,953
5613,2980
3935,1867
3048,2569
3060,1640
2430,1244
714,2091
3254,193
5158,306
453,1003
5632,1128
5797,441
1328,1203
10,433
159,2219
2530,2764
4419,2037
3844,1348
3931,4
4483,517
262,2347
5835,1837
5533,718
2656,1533
552,608
2040,1035
4401,2555
2794,716
1202,875
5350,2704
1542,1697
79,546
4914,861
4628,467
407,2297
4822,1272
3662,122
955,1348
5311,3126
3341,1235
4065,2232
97,2256
5666,2536
5654,1021
3431,1128
2710,614
4702,574
5789,2377
2956,1020
4318,3028
1093,127
2681,34
695,1020
2634,1908
4645,2110
92,1481
2299,871
3508,1883
3095,24
4069,1950
1467,718
4151,2514
1988,1918
5554,2079
5588,909
5932,2439
4330,944
2621,1272
4875,478
5850,1848
4583,2521
3041,2797
5781,930
3544,385
2546,2037
3955,2171
4721,950
3108,986
43,2504
5683,3024
894,1364
2064,950
3449,498
3557,31
1795,533
138,2549
3190,2489
4454,956
4554,2880
2759,990
5186,878
4186,1141
5860,2512
1976,729
4161,1084
3983,31
3563,2855
1469,898
4903,940
4905,2706
1231,3177
928,924
5840,705
2264,1519
2515,606
80,2520
4641,3010
5615,1526
5942,1921
5172,956
524,467
699,1222
4164,2829
1874,960
967,1976
2808,2521
5550,2979
3282,1623
949,3090
4906,433
2385,883
1144,2777
1230,1797
3986,2907
1517,2793
4633,274
5863,2163
2196,1361
3753,1393
4505,1028
1187,2100
4645,2728
414,2150
5713,2569
2576,2521
2244,1028
451,2217
4320,2379
3198,1521
961,1730
5083,860
4100,1100
884,2449
2732,967
3217,2702
5158,253
218,144
947,519
262,416
869,3080
1882,2490
5386,1019
5169,2482
793,991
1775,2778
4306,1326
1018,1109
2152,1038
1267,1813
1786,2378
1373,519
2441,2080
802,3147
2808,3005
3460,716
4910,2379
1291,2557
4157,829
874,956
911,57
288,832
1148,1690
3271,2133
1870,1860
3857,1476
2317,859
3800,942
5775,1487
1673,757
2983,1851
1011,1577
5627,276
85,99
2560,967
5299,1908
4989,928
1489,828
5637,1903
258,966
3995,1009
1409,310
1906,1116
173,2548
1701,1650
5157,1451
1093,1013
3240,1076
833,2594
4694,229
3132,2482
4340,2360
2839,1671
2560,2256
2856,1086
2223,1173
2228,1517
4372,1117
2723,1496
5794,924
3208,225
2671,3026
1924,1291
494,1034
1977,1117
3078,152
5346,10
5930,1724
5606,2566
5561,1103
5932,2736
2503,1348
1897,1538
4327,943
2997,1102
796,968
4299,615
5620,2622
5162,990
4971,2176
3429,732
178,3026
320,1389
4458,1776
1848,491
2503,2637
5266,0
3306,517
3167,2802
4626,2299
5765,2572
171,2205
5856,1936
5135,2176
4290,98
5868,1007
3710,1509
5052,421
4202,1971
5322,2002
4063,92
4194,1329
97,943
2545,954
387,1456
2016,1364
603,522
3313,533
859,2205
4124,2438
748,2374
2872,2453
606,978
442,2267
5158,416
3475,1211
3568,1402
4359,211
2008,1072
19,2349
4439,1668
3742,2494
3785,878
1615,2309
2905,1997
4207,1510
3202,1991
184,1635
2135,1032
5309,1901
388,876
1423,45
4507,2152
5818,2717
2368,2704
411,2176
4895,1510
5736,2126
598,2002
5347,99
1553,276
4989,391
1706,518
272,1051
4164,1971
895,1996
1492,0
2612,31
4733,2091
1003,775
3788,2623
2200,1026
5615,1018
4211,1228
1716,2145
508,15
1742,2777
5097,274
5538,956
724,20
3864,1305
4328,2163
541,313
4758,1747
2502,960
4111,1936
2433,3075
66,959
1819,2623
3677,1829
2877,1776
26,1560
508,2243
2373,930
3517,1547
5189,2091
5163,870
5920,95
1866,1099
4855,525
5493,2502
3600,2521
735,2407
2877,2126
3550,714
4315,2466
1314,1525
4736,2496
5070,1618
1601,2521
2315,1110
5608,2425
1382,3157
3758,828
2003,57
1452,2398
1803,935
2880,330
5278,978
1575,519
5255,1748
1098,1119
2760,2665
5377,2677
2854,48
5621,2256
213,2833
2962,520
5749,2441
1200,1022
4552,2163
1634,725
3098,566
2537,2219
2611,2168
952,139
4350,716
1929,1582
3085,1270
3381,100
3097,1095
2455,874
1854,2162
3468,2728
3843,1851
885,2300
4142,952
5047,829
5895,2616
4169,2775
2548,1038
239,3091
1562,1007
5705,2492
1214,489
3390,2256
742,679
4221,2184
1647,556
5449,1748
4621,3057
5409,2349
4734,2934
2435,1511
3737,1024
631,1787
1006,1664
880,2491
1181,2419
3947,1019
2708,1296
2470,192
3212,2492
772,1618
173,2979
4182,1266
3084,994
2956,1748
717,2850
587,525
58,2625
58,181
1207,1896
5710,718
639,2378
1754,2065
1568,2841
398,1003
802,1618
2173,2426
5500,127
500,2219
3290,2159
108,648
4645,744
448,716
1251,1040
2715,881
3596,2616
4406,1667
4079,1272
4122,1908
1672,2790
1973,1964
1689,2205
2339,1533
5013,2079
5575,1590
5910,1314
1952,2026
3483,3089
3306,9
5548,144
4293,2140
3180,1590
654,942
5437,313
418,2163
2510,75
5366,2355
3929,2617
4196,517
4075,1688
2535,1071
317,1522
439,2451
990,110
3370,1872
1654,275
3670,821
4262,2453
3935,2058
4857,384
1383,943
3764,2176
3082,1590
5091,965
2560,727
2596,384
3840,2171
4421,1924
4142,2509
3753,482
5463,1510
645,1364
4078,1935
3028,2643
2655,1903
3380,92
2048,2622
3202,1483
3921,416
5523,2665
1874,1688
2225,225
5322,1628
1607,1344
3608,3110
282,2601
927,1585
2438,1272
4654,940
1784,482
5700,1022
587,204
5267,2860
4213,416
2621,1329
389,1128
5563,909
2791,986
5463,705
2274,467
2778,0
1160,1944
1638,256
5132,2793
5939,1573
3079,2557
897,2473
2545,1869
624,1560
2364,518
1352,20
470,2032
1910,1479
5714,300
5108,1244
1467,909
808,2027
5512,1105
2199,2521
666,631
3976,1361
5153,1926
4277,2255
5696,633
5644,2163
3140,2028
3238,2563
2642,997
3781,1270
3903,2953
5312,643
2355,940
4137,1844
2807,2003
4057,1326
1882,2413
4938,3061
5213,1014
3659,2219
5821,870
912,2326
2433,2701
1335,3183
366,2567
1414,1032
3413,2163
5276,23
1485,3127
5907,829
4582,1332
3095,2793
3523,988
1047,2901
4060,2913
5772,604
5906,604
303,3157
3209,828
4753,2318
1076,2326
5489,666
3534,1527
1075,2855
5904,881
1981,1614
1198,976
3033,952
5746,480
1370,679
3676,829
3558,2271
3152,1583
4809,2785
5382,203
2336,1963
395,1002
5294,1487
934,2219
225,1530
1641,391
4827,2775
1838,905
4262,522
4418,1035
122,1028
906,1110
1778,1793
1155,2568
1785,520
2361,1619
3637,2163
2467,325
3399,305
4393,1917
2655,3005
4446,989
677,2162
448,2302
2542,95
372,1526
5735,1206
2546,968
1820,110
3179,2601
935,1639
2862,450
5320,1903
237,2240
4251,871
4385,871
2680,1907
3282,1009
1673,1753
5188,2915
2144,1338
17,961
1749,1748
5190,2961
2157,1573
3602,1364
950,2297
407,557
57,2430
38,2188
3013,1908
4623,1574
5077,990
3272,856
808,1840
713,1014
2234,1389
2988,1851
4068,9
4249,3053
1678,942
3932,902
3526,214
2097,337
3620,2478
951,24
4822,821
224,449
2,1568
1929,2631
5587,2381
4719,2571
584,203
212,1563
1144,2297
1487,2636
1831,194
2089,2704
3974,323
472,1086
3784,199
4422,2176
3734,1021
5391,2977
2423,2176
3605,3085
5437,878
5948,1582
5132,996
4072,1016
3396,467
103,815
2849,1237
1304,276
3413,821
954,2149
1692,1324
5711,299
2048,959
4293,611
636,2217
355,2729
658,286
3068,5
3238,416
3983,1324
4817,961
1735,2310
2410,944
3742,2551
752,456
1096,2740
3790,2218
5350,2521
4259,976
578,1996
662,2633
3477,940
2749,201
5462,2173
265,718
4084,571
4959,2491
5266,2419
1116,709
2690,3162
438,1585
1921,1668
3678,822
5169,2486
5571,2466
1302,872
5101,1793
3662,1228
5768,2256
5322,449
167,718
530,1524
5919,2425
4928,1084
2665,1038
4946,1101
4980,685
293,1022
3414,2065
3980,756
3567,3061
2056,930
4241,1285
4130,1454
837,139
2956,2126
3778,248
3420,540
5281,1737
5656,860
3567,967
215,1489
4456,2563
2202,1105
371,2002
1570,2326
2017,1325
3273,2183
1450,2409
5729,557
3676,321
4273,2297
640,325
5936,1035
3642,710
146,729
3394,1547
1050,2825
2163,1685
3192,100
57,2377
1500,3061
1494,1526
1449,63
19,3024
1796,1110
4435,881
550,2660
519,1095
4502,413
1417,2245
2454,521
5026,3042
2405,1568
3625,2769
4909,13
689,725
3184,3026
5720,1918
2743,1563
359,32
1269,253
715,633
3662,557
711,3143
2003,248
5079,20
5364,943
947,1141
3920,34
1910,434
3030,465
1156,726
4913,1421
976,3010
1060,1203
320,1393
1187,978
3405,1281
5170,296
2463,1522
2236,2297
4784,2704
2621,2862
3710,574
809,1557
2758,127
1613,39
43,711
81,1003
5406,2643
3907,337
236,2045
5535,20
5297,606
5345,2340
2833,1590
2924,954
1494,2949
5945,1581
1992,193
887,470
1033,2739
5092,2833
5028,1128
5475,2571
1199,1496
364,2580
1329,2508
85,721
3932,2622
4986,313
2264,2759
3473,1519
240,1009
4159,2786
5222,31
547,1691
4415,2217
4437,1976
517,2980
460,2446
3776,15
673,1241
234,413
4621,1504
221,1117
3051,2176
1924,974
2765,1590
4190,5
3580,2705
5816,1305
369,2708
36,24
5738,2176
4173,940
1220,979
4656,1848
5745,314
2819,2176
529,307
1652,1575
944,522
3466,482
2358,276
2271,1031
3539,960
1720,928
3022,441
97,276
3869,2003
440,615
1348,2453
3941,1879
4870,2342
5575,2131
3028,606
4313,704
4786,924
1692,950
3037,1099
2923,31
3539,2249
4815,2793
1316,1575
4831,2737
5844,1393
2230,1915
4954,2578
5236,1510
3087,812
2746,519
4298,961
5082,1043
4996,2989
4185,2747
4658,715
5141,1623
3732,1489
523,1565
1622,719
5178,1690
4734,710
5078,520
147,2217
5303,638
4437,1655
1178,2176
2613,1279
4425,140
5089,120
3466,966
3173,155
5111,818
350,1206
836,1099
5474,1809
1821,3157
5255,947
4195,967
5253,120
3505,520
3183,469
1481,1022
2726,1
4701,546
3544,633
5855,2790
5836,296
3977,865
3333,3015
5023,947
1165,2829
4116,1963
4887,1086
1891,489
1834,1675
1090,211
1999,961
1608,1305
2857,992
3904,1676
5855,1635
5449,947
1120,992
1770,320
545,2747
3506,2569
5925,876
460,165
2201,2758
3013,192
848,1967
780,520
745,1465
3895,1748
4082,1574
1370,736
3323,1522
465,135
4207,522
1824,1845
1468,520
523,1244
941,1003
3875,2385
2411,100
2622,2764
2149,100
2856,716
2369,2318
2990,716
5254,1364
4886,968
1602,870
3608,2980
1558,3015
2289,1019
4992,805
4320,2627
684,946
589,120
4641,2453
3257,2349
3928,302
5100,523
5823,329
4739,517
1325,1127
1230,301
2919,260
4755,461
1188,829
5343,631
5086,975
3790,718
1104,2821
5402,1211
1155,1820
2388,974
4350,533
5695,2372
4637,1529
1999,640
106,2379
5245,631
697,2066
2089,533
4081,493
1914,3161
749,1667
1867,871
4764,708
2890,969
827,2297
5482,170
2887,2391
165,865
2768,979
1799,1117
357,1035
2459,2853
4038,954
4619,2397
5441,519
3273,333
5885,1
2772,2037
208,1851
2510,2791
1641,127
5144,2218
1441,1005
724,455
589,2482
4980,1063
398,2914
2343,3028
4456,1063
1074,2150
4458,2829
4766,730
2183,302
4965,1879
151,943
589,2832
2214,2998
4751,2300
4995,940
2562,1237
3823,2439
540,2566
1524,1016
28,2391
3378,1042
4267,386
1832,2300
4279,211
3797,2157
3757,1038
3394,986
3134,1813
1666,318
3443,878
232,2571
2825,1997
3453,1566
357,1519
3430,1582
1031,2961
2739,3162
2894,821
810,1272
271,2684
3993,1695
4242,679
3168,2521
1263,1217
1669,2659
848,975
5339,726
5721,828
5750,2512
4007,812
27,1011
5030,910
2894,2110
1617,2095
1016,185
324,1355
4601,2840
2794,1879
2811,1294
2926,1244
1596,2157
1630,987
2824,967
2213,3065
2901,1187
1208,1294
414,467
1804,2079
2014,2855
4777,972
1494,1099
429,775
5495,434
4309,2035
5142,2790
3488,2825
1364,2157
1861,2963
2613,1844
5290,1907
402,1022
959,1879
3280,3061
914,416
1779,1618
2001,2219
244,3065
5553,1728
3373,2471
826,1700
497,478
4062,1003
5249,2256
4511,829
1723,2625
1288,1007
4758,706
2622,967
1340,2860
4253,1702
2508,1619
2963,2199
1089,2460
5867,1487
2233,633
4497,1281
4665,865
5276,2739
5253,1035
5389,1862
5666,450
2092,2091
344,2491
1882,3035
808,905
1938,1624
140,217
5752,2853
1235,1881
4869,1045
5067,2750
4755,1697
4644,1866
5076,1523
2900,2385
2912,1456
2583,988
3301,450
5484,944
1048,900
4938,1939
1598,1532
4554,1010
4351,1590
5523,1811
2235,1594
3637,557
3939,333
2333,1348
1942,2631
3449,856
4151,1128
2420,943
4373,975
5362,523
5651,2346
2280,2626
5389,2346
3538,1867
5700,518
5634,2150
2363,1348
964,1902
2227,1487
1999,1071
818,3016
127,3098
63,1393
1446,1272
5565,2171
14,188
2942,1590
2615,1195
3048,2740
2793,1467
709,1918
4102,2151
711,301
4921,3008
3677,467
11,829
2268,306
5217,2777
2913,1010
3711,990
5818,900
295,1527
5656,2824
1485,45
3129,2705
3767,518
2755,20
5845,252
3380,1011
2674,31
4611,92
1008,995
810,2508
3776,1361
1119,230
5489,1906
1170,949
4392,2798
5488,2435
4878,971
1351,2458
1896,272
4759,1279
5307,1084
3149,832
1100,2058
3667,2515
1411,230
5554,961
5543,48
1642,1294
960,708
4434,1869
1968,2218
4789,1279
1193,3161
5644,1793
752,944
4291,1002
1371,1181
2825,334
3790,2706
5802,100
4045,946
1440,5
3513,1085
2169,2100
369,2310
4147,2162
1991,1047
2092,1099
4102,2419
3587,253
1519,1237
3444,2419
5221,2225
1607,2747
2133,2793
2162,1279
5644,49
2325,519
699,1848
2459,519
1569,950
1512,416
3083,1100
113,1724
4256,2455
4268,1526
4583,598
2458,1048
2232,705
3426,685
869,1478
3338,2558
1404,324
1899,2747
433,2079
4311,849
811,2439
79,2490
5618,706
1342,2829
4110,2256
2852,571
2986,1325
3065,1618
5386,2800
3687,1372
5412,988
329,1325
577,3147
2450,941
1070,2491
2940,3020
1164,1372
505,2490
3530,1573
5004,604
422,1674
3046,413
5343,1009
3140,48
2740,2558
5904,2739
1881,2302
4892,1487
1812,253
2020,956
2541,2348
4929,2308
4170,2256
4144,1035
5778,533
632,1110
862,1572
4198,517
2737,947
1376,1793
4052,2385
1451,2317
76,1013
196,1869
669,1527
4055,2841
2138,2466
3191,521
4130,2426
3966,517
3049,64
1748,1907
918,3143
3992,2088
2593,952
3331,127
4687,2909
4965,379
3203,881
4851,1031
1618,521
5501,2079
5704,718
3947,1564
1447,639
3790,1580
3840,943
2611,1908
4834,2555
3390,1646
4492,2037
1068,993
2353,337
1095,2816
2650,2775
1569,1918
316,2297
2971,2601
2162,742
3108,620
4855,749
4393,2381
5579,965
4995,1668
4675,0
4102,138
788,952
2073,2740
4943,754
1252,1810
3950,2750
414,711
4337,944
5372,2557
1590,1051
2366,1272
1865,2976
65,3186
459,3113
3747,1078
4314,2623
2583,748
98,101
1703,1867
4635,759
1823,471
4082,21
5415,1099
5313,822
2723,1667
4698,1458
4746,940
2960,856
4544,991
3389,2659
724,1667
4968,6
2504,990
3525,2705
5755,2079
3623,1550
2532,5
3784,2407
4550,1186
1650,1051
1755,313
86,225
5129,489
1455,960
5893,858
3108,2393
4099,324
45,574
948,2068
3187,996
1875,2458
853,518
5646,1331
5426,833
1624,2058
2417,940
1347,1026
3611,1674
2993,2793
4369,2255
2476,1520
4582,2548
3319,519
4468,1480
2730,878
5512,2455
3363,2511
439,1036
4423,956
1971,1011
4531,489
5780,2620
5386,1003
3925,679
4701,900
331,944
3152,2449
773,508
2726,1294
2953,519
1762,1776
3615,638
1292,2793
1918,37
2300,139
610,2961
679,2566
4760,2419
5515,1009
4302,2507
5797,1661
3510,63
5884,2569
1634,1217
2485,2521
3653,1280
3844,2568
2906,299
1357,1848
3616,2152
1763,284
3356,2979
3010,2342
4906,1840
1534,986
1845,848
293,2880
2799,3061
2016,1669
3597,3041
5181,732
1217,2218
1165,2028
3345,1285
4078,870
1377,2850
5028,1429
1512,42
125,421
4046,2271
5039,275
1451,520
760,2100
1331,2855
935,2855
4949,732
3792,1573
4974,2482
5619,3186
3642,2568
4619,39
3433,1640
5037,2272
3482,1532
2731,3061
4099,942
2297,325
5676,1626
1491,1393
794,2219
2384,2199
1935,875
1002,2922
3636,2349
5649,3186
4945,2841
1777,2918
1290,1110
5353,1323
926,833
2288,2841
1230,1244
3114,2425
5015,2267
2735,1840
2198,1635
2955,1614
1838,1100
1926,947
3046,978
5389,1919
344,2548
3952,491
4108,250
1666,993
4627,815
1344,942
2388,1917
3962,2118
5329,2026
2765,1086
1028,1086
1026,259
4462,1128
4763,302
5212,1626
1559,722
2008,2800
2791,994
5439,2571
5454,1913
402,1563
815,978
2205,870
3187,1159
1368,1127
4143,1533
5621,1272
5335,878
3172,1036
5654,631
502,3083
276,2548
5455,421
4405,1883
3737,1195
2393,1456
244,1512
158,48
3396,2622
4375,728
2229,301
4963,898
5195,467
4405,2822
346,2728
307,521
4830,719
2994,1272
943,1671
2334,2165
3473,2438
5653,5
1038,1908
2924,718
5203,708
5272,313
1202,969
5364,252
1530,276
5198,714
4425,1730
3653,2382
635,2026
5821,878
3174,2155
588,1456
1470,2827
3863,3131
3553,2151
4319,930
4384,2079
829,1518
3088,1822
4292,2490
5412,2521
4163,390
2005,138
3851,2747
389,465
468,1512
3606,2162
2037,615
2880,2058
3114,10
268,138
3413,2521
2019,975
2678,611
3022,421
4300,1038
5005,2547
1376,2037
3924,0
5243,1372
4277,2747
1267,0
2798,1063
1067,878
1621,2218
437,482
480,1872
4289,1037
3728,2690
746,1991
944,286
1601,2505
3659,833
4,1354
491,718
3548,1002
4377,2547
5590,325
1107,2155
1451,467
2619,1478
1511,518
3452,1479
1688,2100
530,1585
869,1051
2579,2079
4497,2090
808,775
3211,2521
4813,1572
828,2181
26,739
441,200
2177,2449
3493,140
4735,1100
2653,2378
4712,1116
627,2807
2062,1910
11,2309
1083,606
5513,1367
84,313
5072,870
3843,1835
2622,971
2544,1280
3960,141
1260,2346
4226,2512
3541,2409
5014,1804
4852,2974
1380,950
1746,519
4480,1116
5736,2728
772,313
1620,2100
3170,961
1759,946
2965,2249
4988,1522
4229,716
5411,2379
2202,2455
570,2249
5131,2739
4663,1173
3947,1003
4614,2220
4251,2168
5254,860
1319,832
823,2880
1621,608
3548,2425
2257,2512
3988,253
3418,100
536,571
3890,95
4776,2174
217,1730
4043,310
5335,825
629,1674
584,211
3548,1270
5072,1354
3231,1563
1474,2409
2255,2974
643,37
4459,1127
4658,24
4582,214
2703,131
1352,2419
5863,1102
2974,1348
374,751
1833,248
3106,521
3754,1496
5254,994
1620,140
5493,1010
2860,465
744,469
3118,2975
5843,2520
2443,1116
5796,230
5386,2052
454,2558
5010,2704
1930,3190
2530,711
2620,604
2963,943
2660,942
5320,1590
891,465
3320,988
3022,1523
1119,100
1895,321
4278,2381
2829,1128
2767,250
5444,313
363,1285
3883,2791
5521,533
4318,2719
663,988
157,2348
905,521
3957,461
1061,1034
737,1876
5157,1195
4207,1575
244,1943
5297,2895
4514,2257
4925,1037
4223,1519
4615,2309
5756,965
4372,861
1187,1523
3004,728
4905,1324
2107,3186
2418,604
1069,521
413,1348
3402,774
3882,2165
3814,718
5703,2243
2715,194
4434,3028
3132,482
5842,493
749,142
1478,517
1915,518
3491,1354
3226,1837
3159,615
2964,1837
5271,869
4278,421
4847,2793
4021,1519
2285,990
2694,1195
5301,519
4523,225
2451,2191
2448,230
2131,523
1778,1159
5610,2028
3748,606
5083,2511
4658,1581
4699,1582
4742,2218
3238,1258
5382,858
4480,2218
4638,1114
579,1020
2000,225
5739,1095
2497,1031
4677,1042
3171,975
4308,421
3912,421
5116,1089
5233,1674
2036,1575
4214,5
4614,878
911,419
1496,1072
5935,633
895,1606
662,92
5254,2901
4220,2644
4746,1936
1665,477
2435,2381
1764,2176
1502,2176
3615,211
1044,1298
2522,1037
1536,1006
3675,1016
1985,832
3463,571
2755,2736
5785,2163
451,969
3528,1905
5090,3035
195,225
5222,710
5373,2569
2758,940
5566,520
2816,1110
1441,2058
5718,1291
1230,2777
2541,1063
2279,1063
400,980
5768,1004
3722,1747
2271,421
5089,2409
651,1730
1549,2880
527,940
3938,32
1061,847
3045,946
3982,1270
4047,2419
2650,1356
134,2150
655,2788
4222,730
5013,2949
3218,1813
1079,2557
3482,1105
4287,2256
4875,2426
3259,2753
3455,413
3135,997
5241,305
176,467
1676,2439
2781,2347
1635,1095
3999,2913
3832,521
2132,1901
4223,177
3570,521
127,955
4872,34
1506,2378
1335,2496
5920,1128
3321,1887
279,945
3309,372
3851,2641
5287,2878
209,1115
3296,1830
4851,1035
3486,1173
198,956
2856,777
1367,2569
5589,1903
3061,2872
465,1485
2,263
5217,45
2393,2184
3124,942
4908,1919
4532,2571
1223,1285
2816,1728
1324,2091
3198,1830
3998,2637
2547,557
4850,2853
1716,1568
551,828
2098,172
1703,3026
5271,816
2170,2677
4730,2155
2,2491
5189,225
5865,2494
1506,2862
4505,2976
5140,1272
1568,1296
2388,1035
1428,2979
4702,1046
5201,2679
4108,307
548,1846
1663,1533
3406,789
3860,959
4570,2058
449,1840
1075,2302
352,1907
4586,2002
1554,1748
4468,1000
2114,1590
4722,2802
2696,225
3599,1719
2556,1908
3843,2079
240,2790
2048,943
2588,2385
1683,64
953,1908
3838,954
1386,1009
2215,302
5562,1099
5636,1048
3473,1206
2081,1241
1322,435
5157,821
2677,1272
220,983
3721,2247
5598,1695
438,2374
4185,3105
4490,1489
1193,1718
3559,1919
558,978
5024,642
2538,1867
2792,2915
1326,2247
5034,606
5736,878
1867,127
2748,1862
4944,1063
603,2791
5307,1869
5453,940
281,296
5924,525
2417,944
2849,1355
3667,267
1743,441
1538,975
4838,1017
3535,1279
703,1867
5226,2065
2677,467
4714,1890
5745,940
2801,533
5228,2111
2237,1134
4962,679
3907,1797
4585,729
3967,1848
242,876
703,2217
5751,1105
1847,390
1743,1730
4611,1361
1877,1730
2713,2002
3222,1879
2685,708
4782,2182
1124,3186
5515,1013
62,127
1738,2325
3243,2167
5918,2157
5443,2830
214,898
1658,1026
2169,1730
5147,967
3207,416
2014,1038
1943,2326
482,2002
1134,467
2902,3163
5082,730
326,1462
3709,253
5279,1244
551,1580
2130,1371
4542,2671
619,960
1467,2747
1539,2623
4937,2446
16,1421
3536,2927
979,714
3343,2532
4981,274
574,2880
761,2706
3364,376
346,20
2605,324
3453,2111
3816,2163
3900,1110
5521,2066
344,324
5908,260
5655,2820
5022,2153
1959,334
5868,861
613,714
1449,986
1234,832
4031,1943
1187,2706
3258,2959
5689,337
1747,1582
5537,2949
4085,2179
1199,996
3453,956
2312,48
985,478
2597,217
1803,1110
5896,34
1276,2347
154,1489
3454,777
708,2829
372,2880
732,971
3022,2840
3078,1429
3549,1014
3750,546
2055,3024
2459,633
2004,992
2637,2625
4426,536
1148,1007
1702,2347
2717,110
4243,829
518,611
602,1248
1039,2003
4287,2821
2561,2980
5816,805
3975,1014
312,1674
3278,1840
1167,2188
4410,942
2022,2702
86,1331
4472,1820
165,2378
277,2619
1920,705
2830,926
5099,1918
383,1325
1976,1014
5699,1159
3866,2949
1780,321
4309,486
324,1095
3871,260
4838,1769
2420,3098
3910,1908
2523,1533
5227,9
683,1563
1731,28
4946,898
2578,1590
1721,1003
3308,3129
1491,726
1570,1773
3278,1974
3360,286
4065,1041
3108,2694
4431,1364
854,1044
1841,3175
2032,491
1187,2385
2608,1590
3446,2689
903,2626
2524,953
722,336
1725,3000
2561,1020
3705,1637
5250,908
2557,1251
2708,666
987,1923
5577,1653
683,1697
3449,1051
2819,3099
3545,1513
5362,718
5847,2453
0,1640
3539,944
452,2703
2743,1010
5821,2171
2844,1816
3393,2058
5738,416
2741,1314
2847,20
5149,960
5240,324
1365,2791
3703,944
874,1241
1598,1272
1806,1221
5598,971
5148,1674
2470,2140
3943,1535
4267,878
5843,1906
5065,858
5127,2490
54,1071
4374,940
2180,1031
5650,730
3909,1520
1192,2058
1768,3157
3989,725
5396,32
1829,400
3384,2079
3151,565
1356,1119
4412,2521
3104,2439
4119,956
4628,833
1095,31
5196,1290
1498,421
54,266
3359,1618
40,2088
5143,875
5072,2163
3186,909
2298,2167
4703,2296
2142,873
2691,1869
1648,2058
451,1026
3111,1674
4959,946
5031,2512
5286,1341
304,1730
4232,3061
3254,1393
3273,1443
2872,1099
1067,211
3508,2249
115,518
3265,2491
3132,2901
2364,1043
1082,2936
4122,3051
4819,2979
4898,828
5292,193
4571,433
1511,2295
5162,120
4716,2477
3350,2979
2761,1618
3508,155
239,180
1813,1879
5824,993
3035,874
5695,1522
2121,3163
5536,711
5942,2153
5171,24
4146,2482
4628,2256
5648,1117
3941,1326
5040,480
5174,480
1129,1038
5532,942
3859,2425
1607,848
2025,1361
583,1279
3940,1101
4738,1081
3611,633
1187,1393
5624,127
5407,2344
5684,932
3390,1573
1669,386
232,648
2887,952
2935,1932
3310,1055
2625,952
94,714
1372,1331
3626,1291
4140,1512
5222,1251
3759,100
4031,2508
1295,1084
2269,3010
2565,1840
5101,732
5385,491
5014,1487
444,2409
5091,953
1323,99
367,2162
3340,1055
1227,3020
1516,679
2655,952
2431,1244
1801,1040
643,525
3320,1342
2882,1116
3737,1630
3465,942
2066,1496
1617,172
2723,305
2886,1235
732,947
2962,321
5427,2191
2540,2318
726,2630
4981,384
5583,2704
2608,732
476,2455
3468,1590
4826,1035
5263,1036
1840,2846
2371,2482
4145,1051
1963,967
4420,2976
4318,979
264,2949
832,23
1067,829
2016,978
4392,1867
5247,2381
4801,574
5303,1724
4757,1965
3681,1482
3629,1292
928,1774
3166,1009
5418,519
5552,1273
5653,2079
3490,1483
2800,1036
4691,944
4539,2802
2775,979
5930,1606
1962,876
3784,1179
2896,2437
4826,1519
1469,943
2066,2919
5144,108
932,738
2038,871
1119,2816
965,2349
1772,1883
1918,1708
5257,170
2318,861
852,193
4181,2131
4016,374
1744,774
1,1518
4273,2659
2627,2555
5648,930
1637,1816
4892,1361
3020,5
3844,1206
5666,755
995,1036
57,2739
5328,1110
5746,1623
2995,2577
617,861
1694,256
4183,1022
301,2318
2401,1811
2944,518
1614,677
763,1036
2757,1823
4658,2419
5549,2398
2669,2915
3476,2449
527,944
3777,1623
2966,2347
416,1867
1567,1211
3411,519
3122,416
4706,1305
2323,965
2276,1119
4956,2419
97,20
253,533
1237,3147
72,1653
4067,42
1491,31
1207,1026
2105,2176
3545,1623
1716,149
4880,2774
5847,2563
3969,638
2461,2188
914,400
3672,1583
5532,2178
3713,2146
1939,1325
1667,637
3993,2163
5706,2708
4505,1557
3082,1525
2020,1664
3546,2383
1608,2659
452,719
2723,2346
2764,2347
3901,1793
646,1524
3982,469
4155,397
270,2176
4012,2563
2625,2188
2174,37
173,2243
2212,329
4350,2558
1084,2100
2137,155
1471,294
3379,1869
3694,941
970,1998
3267,2594
3380,2471
4555,2209
2972,956
5513,192
3808,1228
2710,956
957,1012
3608,2106
4799,2569
3716,1639
5280,398
4679,932
2141,1967
558,714
4489,808
528,2003
5015,100
1116,2173
6,386
4013,290
3956,1476
4295,942
349,725
822,945
1713,1116
4774,2862
2483,3020
602,2110
5015,450
1486,1110
741,956
3853,947
1576,1003
1927,294
1670,638
4124,2349
958,3061
932,1840
445,32
4705,1348
3792,829
609,2126
979,905
1211,474
1385,2347
4303,1533
5781,1272
5838,1025
4258,1009
5116,1040
4851,1523
16,1962
1525,1014
5252,1867
4754,1590
5158,2205
5218,4
2005,870
3686,968
4563,1241
3472,450
2954,2739
1534,726
5596,337
2060,18
1541,1116
2888,1338
1150,2426
1785,1476
907,978
535,1372
2625,1867
2035,2590
1983,2400
4860,1585
1947,491
2523,1590
4247,604
5919,1340
4530,892
3757,1908
1467,39
4144,856
2226,64
426,274
3335,1626
613,100
1879,1646
3763,2827
5418,950
669,409
3036,2498
5023,2114
5799,1581
2017,829
3816,2838
4366,272
5692,2623
4905,2243
1718,2078
4271,385
3843,2567
5374,1940
3782,2853
2579,1067
3761,1976
3659,1699
1642,928
623,1703
2388,718
4969,1073
1075,1046
2680,2058
932,2458
2269,1026
3938,333
5679,2926
953,302
2854,898
2157,1724
947,2739
1986,1088
4646,46
4809,976
4632,1279
2224,852
4170,467
2860,2002
3429,2684
3097,1945
4805,2146
5101,976
4827,1905
3380,1479
5771,956
2221,1493
2675,909
1609,1114
4467,57
5881,2255
4805,2496
5737,32
4494,1099
1887,277
2405,1206
3554,2167
5667,956
1957,2736
2554,740
5743,2671
1849,924
2038,3075
1752,991
5690,2256
5303,1618
2169,1279
5264,1101
5348,48
3030,2547
2792,1443
586,211
2248,2511
4589,2625
1561,1581
1160,1237
3877,2419
1215,944
4512,715
623,1032
1259,2936
1582,1869
5691,1326
1768,2059
1021,1078
4140,2240
5831,3026
2808,2326
5569,3026
4119,2302
5652,1748
1550,1018
1304,2305
5691,1676
1801,2357
4529,1419
5881,2739
1275,32
452,2439
2730,2793
5515,1635
971,560
5554,1563
3606,2841
543,1022
617,971
2797,982
164,2157
5348,2626
2409,2563
3887,2302
3675,2419
366,571
5619,645
5693,1348
1968,376
2910,1798
5229,2153
826,2249
4211,1086
1716,2003
2511,2466
2509,1639
1309,1844
1692,2548
1375,2841
5530,953
2954,942
4884,24
3941,1383
2010,2830
2013,2347
3,2747
1558,2706
3084,1173
2430,2635
3908,2374
976,1038
5062,1235
4651,203
5454,527
2307,1481
221,1105
4904,1026
1889,1907
3162,2934
2872,1640
1749,557
830,2502
3060,1876
4682,805
4050,2026
3138,2698
5330,1026
5020,2298
1326,1393
1007,859
4173,1867
938,2974
1652,1563
491,942
3371,1364
1655,521
295,1003
5033,631
404,946
3506,1939
579,947
1069,3026
1620,685
2352,45
3834,2909
5047,3131
91,2297
3458,1117
2090,984
2556,2477
3189,138
2917,204
881,1635
3286,1010
1939,2508
5414,2551
3943,1539
2989,2709
305,1475
5271,930
4908,878
5902,2490
575,23
1082,1517
2285,1051
4619,2438
4984,873
1283,1241
125,726
505,193
2994,959
1227,1117
1676,943
146,1014
4618,523
3396,2659
5631,1623
772,1476
4247,1519
5823,1793
311,1266
1589,2637
1823,589
3091,518
5699,976
138,557
2507,467
2235,533
1577,533
629,1548
4716,2347
1731,1939
4533,950
3925,313
5205,2511
2304,2740
2556,2961
4476,1355
3452,1032
835,1020
840,2118
1969,949
1741,533
3241,31
4509,714
5075,1125
5162,1279
4423,1879
32,1046
1849,1005
4271,2239
3242,2326
3864,1326
2701,467
2804,2100
4270,324
4861,2455
3407,858
5387,1747
762,1272
409,1908
2188,821
5314,710
2724,2521
1475,390
4790,710
5248,2342
2397,1345
2065,606
4888,494
829,400
1030,2376
567,400
3977,48
3049,2439
5558,1228
2443,2629
4024,1557
5794,2636
2230,2521
5186,2753
1962,2706
498,421
4419,3025
2562,2701
3905,2023
3714,2455
2437,720
422,3028
4156,521
178,1355
5436,1773
1033,1869
4417,2548
5776,875
5289,2477
5339,1840
268,1248
3635,2512
3647,1583
5743,203
1047,986
2767,2702
2822,2409
2574,3061
5048,321
2312,3061
5612,2349
718,3147
1008,2162
3284,1127
4939,2256
1895,679
5052,2133
1963,3065
2852,2409
3000,3061
1150,710
157,2706
4267,1045
2898,2003
4708,229
1528,1043
3090,2173
158,837
2121,1557
2907,2466
4385,2205
5409,276
4421,172
4565,860
2233,1963
2209,1377
4227,306
3882,2523
1201,998
3706,2297
1704,2558
615,2594
3958,2518
132,905
1770,1865
4344,1241
672,2347
911,643
1623,2569
2712,1035
2045,757
3851,2247
1167,1013
4175,2344
2728,1918
1986,527
3042,3017
5337,2786
2899,2739
3301,2719
4619,291
4755,1872
5911,1560
1506,829
5945,390
5831,1042
5132,1041
3060,563
5214,2571
4959,2052
2405,1800
4993,882
4841,1242
3688,1071
5381,2684
1974,301
981,2297
2872,2205
5606,2802
3727,2719
2980,984
5657,1047
4929,308
572,557
4863,1940
453,865
1504,1291
3169,856
2907,856
519,2616
844,2184
2384,2801
603,1563
446,3077
5475,225
2729,1523
2006,1128
3489,1211
1020,1851
3005,640
186,871
3271,759
3348,225
4522,2936
3130,2217
2942,2920
996,861
2565,718
2993,1919
2432,1128
4071,1724
765,1867
369,1867
1499,142
2063,2170
3916,1032
2422,3042
5388,956
2361,2766
3284,940
3427,467
3239,416
1148,450
5709,940
5814,956
4141,2439
885,979
2363,718
2917,2058
4494,1022
540,944
4096,1915
2137,1314
676,990
5571,1356
2948,1529
5613,2521
1592,467
3123,1530
3327,1525
2799,3126
2819,2058
138,533
3223,421
1423,631
1836,46
2099,2900
292,1939
3981,1002
5252,448
4928,324
5350,956
2504,1084
4813,751
711,21
3770,940
1206,0
4113,525
1038,1355
642,1355
1831,991
53,960
5323,449
5118,1737
1467,714
4445,705
5675,2594
4254,356
1371,1356
4219,2240
3919,2702
5407,685
2772,1033
2361,1
2178,1048
2257,1341
4339,63
3045,633
3927,1250
1571,1013
178,3075
2488,1624
3202,967
2228,761
5034,2924
502,920
5125,3042
166,971
5493,994
3440,3010
3832,2302
831,1361
2161,2168
5557,1918
3747,1440
2256,2405
217,909
4852,1348
4335,829
1996,761
4117,2821
4124,1548
757,1038
408,1793
5525,1040
1936,895
4460,716
5115,2862
3326,1918
1082,956
249,1921
5939,1996
1064,1316
4359,260
3780,3027
3045,1117
2833,2924
5825,1867
5866,2622
3988,2949
958,516
3089,1574
5269,1585
4226,1020
5528,533
748,679
4232,276
1807,434
1561,967
210,1003
1872,2549
5031,666
1266,2739
4129,2026
1216,932
5443,3054
3530,943
4378,2730
3140,2451
4256,1020
1183,1923
4884,2309
5536,20
3992,1913
2249,2657
2488,953
5907,2407
3319,881
9,2568
1482,1963
1101,2271
2902,943
416,2168
3733,871
3837,2914
3732,1400
2376,2590
800,64
1939,337
1932,2549
5202,3126
1449,860
2963,256
1122,465
1395,1563
3631,1883
5823,211
630,942
319,491
1835,522
1645,2088
2189,2740
3887,533
4033,2802
915,522
4002,1237
5423,442
3389,256
314,1086
1492,533
3388,31
5705,313
5803,848
2205,1903
3684,2244
5539,2495
5296,2737
5936,1377
4688,2100
3321,3131
4632,478
3172,3008
5816,679
3285,441
5601,1279
5175,2568
2327,1869
3084,1848
842,959
2960,92
4448,519
4844,519
5367,294
3397,1032
764,1241
5404,334
502,2961
1188,256
2540,822
4023,905
5205,2568
2295,991
1646,2797
3773,730
4189,416
5830,1085
2231,1006
5178,930
5672,2219
2707,935
4023,1844
1464,2002
4358,602
3914,2840
2122,1221
3985,2491
3453,1664
4241,956
5903,2502
92,1908
2778,1525
5417,1296
2297,2915
3109,2793
1163,734
2357,714
5767,2614
3993,1793
2337,1001
257,1571
3154,2162
3821,905
3187,1521
2624,2347
1729,714
2204,1007
3307,1623
5217,1773
2095,2003
3771,37
5844,1117
5011,1116
1016,283
1437,313
1220,1776
5785,1476
623,1520
524,760
3569,1973
1129,1099
511,2218
4585,900
4031,1280
3132,2157
2599,2825
2215,1896
4597,321
755,2736
2391,3061
4208,3020
2219,325
1233,1048
1482,32
5811,953
1385,99
5198,726
36,16
3067,3051
5642,1117
1578,679
3634,2344
4509,100
4956,789
3559,480
3206,1116
3080,1943
1562,1085
5072,1903
5882,954
779,2167
4589,214
5007,727
5862,1241
3637,521
4905,450
992,181
3390,829
4603,1051
993,3035
4658,1512
2462,968
1070,1003
2988,1014
3065,480
3583,2163
1716,397
1513,2512
521,946
51,1963
1383,187
5605,1211
2731,2297
3512,2862
3903,2518
3610,953
4391,1518
4972,517
3573,1071
4402,2616
5013,518
3595,1584
1876,470
5021,2853
3861,1703
4205,1513
5031,1097
4185,1800
4746,1867
5234,867
1357,2507
5161,1328
3244,953
4702,225
5177,1272
2656,968
5426,1976
2172,2841
958,142
3764,615
5687,970
4735,523
3024,24
4431,1051
4579,949
3049,1020
1335,1004
228,2898
5754,98
2984,1564
616,2256
3702,1026
3466,2247
78,860
3858,1539
4407,2535
2431,45
5662,1448
2422,2965
3017,1862
1592,1195
4450,138
5673,1048
5812,2146
5626,2922
2942,1688
901,2775
1856,1241
5674,2212
5395,2797
5104,2059
284,1086
444,55
5418,714
2040,15
4951,2002
1890,1010
673,1046
2851,230
1598,3053
762,337
5748,2511
120,870
3217,1519
5536,1874
939,384
4225,2248
3982,2490
2516,1822
4078,508
79,465
669,1462
617,1272
2933,2110
285,533
1047,856
651,856
193,944
3677,2793
3615,1915
3336,2500
4645,740
4775,32
1504,1482
2734,1119
3572,2218
1965,379
3050,1355
1950,256
577,533
1077,856
2713,1181
1388,2438
2619,1519
5513,119
3553,2326
2154,2880
4134,1325
161,1005
3559,1582
5334,3005
1294,2961
4914,2419
3193,478
1737,498
3015,1869
711,1822
3574,1109
3400,956
2799,2244
932,478
2580,2880
5195,2065
2927,709
3543,2927
3298,2342
5822,2163
3196,2065
755,0
3430,956
1344,3024
5632,726
3168,956
5785,968
1192,940
4929,983
3454,761
424,3054
1473,401
1073,467
789,708
1535,2218
4664,1624
753,2182
4507,1640
241,2007
5917,2184
5856,1908
2141,2378
5868,979
1260,1582
1303,2218
3273,2419
2877,2419
2409,99
4756,2502
1175,720
4169,490
2083,2558
3255,2779
5294,865
4824,2636
5426,984
990,940
1143,1936
859,2177
2332,1572
3469,1018
1815,299
2406,740
969,1002
3181,736
3666,2471
944,945
5259,2160
1312,3061
3311,28
5852,984
5020,3083
4731,2980
2580,2209
5832,517
1676,1244
2732,2980
4719,876
5396,337
5707,1919
3876,2816
2642,993
5627,2155
5677,1518
823,961
2817,1748
5415,1518
4302,214
1831,2471
1514,2764
745,1270
4117,434
5204,517
782,2091
401,679
1540,952
5048,943
4726,892
1140,1018
1370,1480
2741,3042
3455,2385
3618,871
765,3026
3312,3016
5631,1119
1768,2657
5381,944
470,1573
4202,1272
5243,1010
5824,2453
1834,1964
5822,1626
1114,1086
219,1173
286,705
5258,2981
4967,2243
738,48
1823,1024
4204,2257
5625,1462
3049,1451
5399,1119
3293,1811
5538,2217
2890,640
3542,2515
4615,256
4684,615
262,469
5791,1350
3284,944
4330,1026
1102,860
5541,421
3670,1919
4742,970
5115,20
5844,1361
2201,953
2332,2190
5358,2407
2154,2827
3466,3028
3738,1272
4048,0
987,2980
572,1984
2652,825
4908,858
1807,2719
2001,1272
1383,2391
5450,2346
5839,2306
2580,2827
4213,225
1585,1744
819,521
1594,517
2086,979
4407,2161
1812,1908
2221,615
3102,2350
4552,41
3726,2177
2162,974
3681,714
3328,1350
4567,2793
5241,1017
3832,883
1041,718
3071,1724
3869,950
4956,1033
614,2344
3430,1253
2652,959
1339,533
5057,334
3393,1371
4390,248
2960,2243
2218,852
2698,2243
5286,1325
688,2643
1749,3033
2578,2326
3901,996
4598,170
1677,878
5252,2091
73,276
943,1822
17,2596
4451,1813
5578,571
221,1837
1059,2936
5209,2394
1679,1863
4334,2167
2534,2377
3780,2547
1703,5
5890,2728
1671,467
647,898
3283,960
2689,2665
4570,1131
2066,996
3186,1027
629,2012
4037,79
4273,2830
2633,1043
2533,3091
556,2473
1337,32
3262,1022
1906,714
2826,1623
5398,172
5060,1116
4375,1013
4877,2163
4501,2815
5215,2158
29,862
5349,2158
3160,1095
1900,2747
1258,1028
673,2095
1940,833
1988,1813
3483,967
5720,1512
738,211
3635,48
687,2151
3949,1147
1793,32
5657,1348
175,1976
2482,1008
825,3024
2452,2297
3916,2138
3522,521
5465,1528
4515,1908
4090,978
5762,1522
5240,2349
1816,1305
78,2393
3428,1044
563,1684
2906,2625
2908,1008
5886,245
1488,1624
3611,1101
4726,34
3326,1117
1206,1911
5543,1195
164,2702
458,705
91,3163
3427,2862
779,1285
2257,1024
3678,229
4332,2739
2430,952
4378,640
2944,1173
1946,2825
3683,1512
3473,1702
202,900
3559,1476
4326,1389
3369,3042
678,829
3677,943
1091,998
749,480
4887,867
97,325
2631,834
5671,949
246,2111
104,715
964,1573
1817,1260
4966,2853
1179,1003
826,1639
2328,1964
5260,856
2486,860
4318,1097
2272,1840
80,1260
4247,2385
553,726
5487,1020
1519,290
4027,1298
547,130
1770,1040
1721,2841
4061,1821
2256,933
1134,829
738,829
944,705
388,2702
2496,393
2711,2267
1012,2529
1289,1117
2113,2318
4119,2176
4793,400
4970,1036
763,2764
2912,456
1786,2862
220,1024
1438,1590
4459,2217
4545,1237
1413,1533
2476,276
2405,1564
3215,615
973,480
1432,994
2772,45
3790,2243
4764,5
5466,277
1713,1421
3535,970
3495,605
1494,2811
281,337
1444,1004
2405,1914
4160,1961
2205,1102
2009,2853
4112,200
2355,1046
3948,1489
5770,1038
2179,820
2215,477
4216,2243
883,563
1726,2006
2414,1626
5721,3024
2367,467
4241,960
2164,138
264,2396
275,276
1187,1324
1281,959
1341,1010
4390,679
5689,2927
814,2247
5824,2563
5777,1993
2444,313
4419,858
4451,1305
4740,2347
972,739
1366,666
3724,1915
3333,2259
4338,2717
3230,2511
4226,32
5398,253
1877,966
3027,3091
4791,972
723,1324
2861,1109
982,1026
314,2058
4517,2840
1831,971
2872,709
1963,898
4253,515
3542,2409
3230,1356
286,949
1774,1376
3191,3091
1794,2028
1728,442
2631,1936
2657,905
4635,967
2233,2829
8,1355
3642,519
5698,2184
5510,2133
2313,314
303,714
1535,986
3133,1773
1801,1105
944,518
5467,716
3741,875
3906,942
4403,1748
1521,2219
5024,146
5578,1486
1961,2491
5424,1019
5148,2841
3747,1070
5605,276
4778,1029
5566,321
4481,2728
943,1582
2735,730
5709,2477
4195,829
1144,525
5635,276
5752,861
5172,3026
2704,2548
3767,1291
937,2706
226,2880
4063,121
539,1879
2253,3026
4911,2847
1835,823
3741,1009
114,1326
1022,720
2522,972
5765,1446
606,1007
4892,1292
1688,2466
2068,1933
4642,1117
2649,932
1558,2393
3385,34
4470,1010
1447,310
2066,2045
3929,2349
3020,286
2166,2626
153,99
1930,2349
5903,225
5816,980
5090,876
4331,824
2605,983
2140,2344
3974,1718
689,1018
1570,2753
2738,1512
167,1845
4555,717
4023,856
5461,230
4117,491
2730,870
1936,1009
2280,1573
1958,1522
4690,1292
1469,2297
2012,1004
5028,1287
4035,1031
4972,1355
3136,1908
4142,2591
5575,867
2426,994
433,1563
5720,467
178,290
5174,708
5601,775
1545,198
5908,3147
2078,661
5600,2802
5273,2407
3688,327
4844,15
2578,2704
2158,2118
3331,1221
5010,2936
5607,940
250,516
1086,34
3832,456
457,994
4006,986
2230,1590
2314,2981
3651,2515
5082,718
4978,2058
296,2739
3622,996
3689,2218
5595,714
2799,959
4428,2557
2559,718
3770,867
2457,441
2942,2176
4797,1084
2629,898
3391,1221
204,1056
472,1810
1351,2910
1580,518
3089,1822
4641,1510
3869,2162
3580,2059
3652,1935
5388,212
1019,1390
3945,467
2661,971
3449,2515
3144,1879
1315,1159
5114,2080
788,2396
3981,1063
5450,1248
407,2704
5882,905
5546,956
5224,1659
1717,2078
349,1945
2223,2438
3145,10
1178,1046
1515,631
3647,2880
3970,1813
5147,2378
317,717
2727,2880
3849,1294
4272,2151
1342,1642
5829,2183
741,2176
3423,139
2330,965
5028,1905
1774,518
3749,1063
5340,679
3996,940
1847,996
3622,2419
3338,2660
2831,2829
3117,971
5522,2790
5431,982
295,2247
3674,1828
3216,950
3703,314
4109,1756
2395,986
4635,1048
2995,2671
988,898
291,1724
1299,760
3288,1203
392,1776
4460,643
5346,470
327,2320
1775,1628
428,3126
519,2490
4120,952
1193,714
4718,120
449,970
5564,2800
3318,1203
2370,2218
3311,32
4990,1747
3228,2249
1538,2065
5037,1004
2241,2747
1721,991
2237,1285
2645,1110
5370,2153
4821,2877
2861,1674
2902,1675
1008,560
457,2901
5512,516
978,1849
2879,1691
4073,2425
139,1279
1670,2342
1918,1131
2017,1110
1105,1028
451,2490
3061,1331
3458,967
4357,2719
5415,1872
274,2793
587,1038
2569,310
2961,1100
5555,1128
878,2907
4202,337
2553,716
2902,870
5102,1533
2610,469
4490,1908
128,1813
71,1279
5365,1354
1072,1618
4953,2349
3449,1389
5400,1348
665,705
2497,942
4061,455
4443,557
5255,435
5659,296
4946,2309
4533,450
4877,260
5658,825
5924,944
4330,1030
765,2225
2573,1876
5486,718
5463,734
3738,337
5212,2586
4937,2381
3655,302
52,1013
5437,2704
2469,1903
3405,127
5041,2704
3757,1518
4371,2909
3559,1533
4350,2786
3999,1051
1211,1157
2345,1086
2637,2426
3583,1338
5778,903
1474,978
5307,1483
1033,1235
4336,2514
194,665
701,3098
396,18
5668,334
342,721
1221,1821
3382,1590
3408,2811
3451,1195
5134,400
1193,527
4701,518
303,958
4083,1637
1693,2570
5032,1032
3299,774
4512,996
2421,276
1746,861
2221,1908
4912,1869
4265,2058
4280,3090
3068,1026
843,306
2653,2504
4800,2567
4956,2326
4177,898
1396,1421
5482,1618
3942,1001
1571,2176
1547,1590
3825,1355
3498,960
2080,1272
3510,31
2794,615
3771,2058
4686,2623
5431,1279
2528,873
542,2421
3157,1606
3186,92
2200,815
5016,1976
726,1195
729,3186
4911,3091
3770,493
148,400
235,3028
3115,1730
2609,3090
5735,2979
876,2832
994,3053
4053,966
5047,2578
1731,313
776,2601
2660,3028
523,2155
3766,909
2616,2167
4875,2471
2910,924
477,467
5007,2398
2359,821
337,2150
4499,679
1190,1837
3320,41
4364,2706
2110,1248
1511,2417
4804,726
5840,120
5101,720
4827,1649
1878,898
3069,3024
414,276
1326,1324
5419,248
503,2977
4527,2296
1239,2079
1607,31
1078,441
98,2110
4470,449
4955,2184
669,2865
2386,900
1104,2793
5820,942
241,1637
5182,2348
5652,2297
4473,905
507,1756
3501,1526
2912,1131
1482,3126
1740,1664
4390,870
5205,1019
4145,1039
3152,3035
2340,905
2995,2297
2618,2347
3831,2569
803,1525
3144,1639
4950,685
3931,1460
2010,1151
5172,2949
3745,1455
844,1684
940,2146
2134,2126
2910,2347
783,2162
619,253
4550,1101
200,2521
4598,2081
4985,1029
122,2830
4248,1702
1536,864
4189,1095
2251,3061
1883,2665
4596,2385
1469,3025
366,2409
4442,1918
2993,1419
4689,2549
4852,1035
4864,860
2541,3015
595,956
3738,2512
2931,726
150,2003
5661,615
97,679
3553,480
4339,1389
792,2409
1972,993
158,1305
717,2989
455,2989
3067,2657
202,99
3865,193
1074,28
4896,1872
282,967
3021,1908
1327,824
1987,870
1555,2179
3938,829
4493,1051
1384,2297
5403,1272
4787,774
676,490
543,900
1249,1291
4699,2058
3599,959
4408,1128
1395,1116
1891,1697
4066,1364
5253,2617
4239,1292
756,2297
2198,127
2368,2790
2757,1811
2206,1708
5069,995
3739,1908
4347,1010
5350,456
1439,1014
5394,1694
1965,306
4055,3053
5366,400
3303,974
1649,1009
1253,1009
3760,2381
3410,1036
108,921
2587,2689
5825,1099
378,2502
2496,881
4020,965
5536,996
5560,1582
3538,1221
1984,706
3976,666
712,1035
1168,1086
1937,2580
5376,714
736,2560
2902,1919
4852,1653
1228,1487
1023,2775
3996,1668
1754,1533
419,1348
4858,909
4596,909
4630,493
1187,2617
3988,1026
4886,2176
5182,1006
2766,718
2544,1837
5186,1879
1345,3176
2394,2243
3507,1103
3983,1032
46,1867
5120,478
3064,533
1203,2719
3827,1458
1580,225
3844,873
2844,1698
5545,2347
777,1564
1988,959
2430,2058
1360,1390
699,1873
5532,1361
3837,3085
2677,1935
4943,966
2998,2515
4169,2511
1722,2910
5536,2419
4672,99
281,20
5704,2003
2729,31
5512,1244
3062,2126
5634,2927
1937,970
473,2068
2723,2818
2090,2151
2525,2079
509,944
4805,2671
1668,1869
4488,520
5465,1963
625,2058
5403,1085
456,2249
3929,2219
3504,535
2060,2100
519,1258
1599,170
26,1325
1881,822
3665,79
3018,268
5645,968
5478,2548
2534,2141
1448,940
2315,525
1613,1007
5449,1029
3121,2840
5299,1270
961,2515
987,1484
3111,3061
5286,2728
2490,2219
1791,2218
5898,1040
1839,946
5409,2569
4598,1573
3851,2312
3737,1244
3074,900
2498,1521
2501,1038
565,2141
2528,2861
4723,1460
3477,3010
3886,1717
240,1038
5816,45
1513,2065
1162,1084
2393,1855
631,2357
1223,956
3537,967
1405,438
854,1089
4630,306
2904,465
2329,2220
4662,2473
3132,100
1406,1013
1560,2419
1441,253
3048,2846
5749,1051
3658,2775
5835,825
4305,896
399,1044
3799,2256
1472,2949
5190,2750
340,2157
1852,726
16,1279
3634,876
3224,978
3513,2801
4516,2247
3658,681
5609,640
3522,1574
2083,1009
4516,3186
796,2558
1742,716
2635,1522
106,2111
678,1748
2870,830
3415,2616
4384,34
4599,1908
5340,1354
3073,2098
2376,480
4910,2709
4918,318
257,1876
5496,2052
1707,321
3844,2914
4921,2309
5464,1016
2249,2775
3823,2976
4458,1272
1761,3186
4576,1493
1472,3083
5753,2058
3743,2458
5097,441
5599,1591
2297,1476
5831,2880
2042,203
2880,1302
2133,321
5663,2515
4144,523
773,49
5816,313
3297,1590
2992,954
3007,296
4312,2736
5666,719
1998,1035
5704,1011
1488,933
3838,2853
4944,734
5715,611
3626,718
198,2184
1237,533
4000,2622
2486,974
2498,45
3784,1277
4085,2171
2004,2139
218,2247
3372,20
3434,898
3847,313
2544,1329
1527,2739
2490,2032
3493,1478
3832,944
5781,268
414,3098
2601,1082
1377,2391
3132,718
5582,2310
2674,1560
3028,2058
5017,57
4189,400
3702,2002
3860,898
2884,2309
1139,2226
1483,2036
1309,2637
1847,1000
1812,225
3668,1078
3454,2058
5028,2259
2968,852
3366,898
5771,2717
1215,127
1187,2243
2202,760
822,1364
2735,1031
5505,1285
3325,2028
1105,898
3667,1011
3302,324
1065,533
220,2427
2506,390
2079,2797
2065,647
5571,2255
3716,314
5227,1
2506,1329
2421,467
678,1211
1135,898
1469,20
4187,838
3428,32
1132,600
2620,2747
1154,2079
2182,2521
2779,525
3568,2671
1801,2829
5837,1219
4928,2162
3851,515
3680,633
1849,1530
4805,1008
452,467
5534,2349
2225,1063
3935,2091
990,493
3321,1639
1781,1022
738,1211
5330,1014
5894,3042
1257,1776
4001,3061
4,2155
4438,1372
5272,1009
5406,1009
4014,1044
1772,155
5851,1625
952,2079
267,1976
783,3024
2901,1403
1817,837
1208,1510
1421,2557
3647,469
3445,2964
2356,556
41,2572
104,1581
498,946
5440,2821
2814,1003
3284,952
1353,679
2991,141
5389,789
2032,967
2013,725
688,1228
1686,330
4057,875
4084,978
2348,449
2590,2426
14,725
1817,32
4733,2555
5015,1487
5127,2482
2140,685
73,1305
902,2850
5030,2549
2683,146
4424,2739
1344,751
4140,2980
1034,525
2604,2482
2537,1260
5197,1908
1809,521
1022,1639
3102,480
366,2466
3943,2816
2168,2302
1168,875
1304,2456
3823,1179
1001,2455
2515,1851
4234,521
4712,523
3647,953
1042,12
1900,43
228,438
1711,521
3244,721
4030,876
907,726
3441,1235
837,896
5850,1483
129,3061
5260,2206
4439,522
4169,661
4924,2257
1932,870
2389,557
1692,2349
1862,1040
3877,2704
282,1024
1001,711
2243,1671
4225,943
5068,2386
1179,2703
2297,1907
5399,2900
4707,1626
2279,2267
2962,45
2896,1677
3749,1364
5184,467
5607,570
4760,2391
5654,2079
2335,2549
4286,256
4432,1771
3410,2837
4771,1237
5812,975
5624,924
2389,2785
5078,1919
1654,121
1831,1703
5131,991
1920,994
1752,2349
2696,1400
4079,313
2307,127
4932,0
2587,2396
2566,1519
465,2555
1676,2704
3639,980
1001,845
2959,1221
4259,2351
4340,1027
5902,2157
5497,1879
3277,1503
400,2318
3134,2915
895,45
4740,1119
2583,533
3534,755
242,1328
5810,474
402,1051
3688,441
4316,1730
392,1272
3410,2382
619,2217
2566,714
5241,704
3463,2393
1716,1483
2351,533
5016,1525
5594,1007
2753,1479
5690,715
4368,1489
2017,2350
269,2750
5712,2167
2141,1073
742,1627
3251,416
482,10
5229,478
2142,1483
3468,1582
546,934
3419,2629
2932,821
2531,477
120,533
2632,2249
2236,2249
1166,1581
5870,659
3027,1058
1875,2243
3704,519
589,230
129,1935
38,127
3145,2218
3935,1583
4046,633
3003,822
1188,0
5883,1244
1898,1099
1196,1581
1989,1217
3938,2793
204,15
3803,2568
865,2915
1961,2552
698,523
1207,400
1076,883
3402,2409
5079,1045
244,1484
4891,1748
459,2577
4905,865
4256,2671
1776,2398
678,2126
4339,1393
4346,120
550,2880
3318,3061
2543,32
84,606
1462,3147
5581,1040
2093,2455
439,16
1709,1526
296,2182
3692,1932
3116,2553
3931,1948
80,2557
2208,1624
4030,1173
1867,1331
2681,1844
1023,417
3117,2374
2649,54
4096,480
1807,2219
581,2701
3236,3005
4256,1866
5476,815
2634,1624
1474,474
4666,2703
5170,516
5147,2976
5825,1908
5797,1580
1206,659
1822,2877
927,1244
1075,1896
390,1793
3127,1907
400,37
5329,1677
1095,2548
929,3010
1225,1840
1865,480
3792,2297
4864,1348
4269,384
3518,1913
3561,2549
572,679
2275,2980
5258,871
581,1896
2200,1116
4605,2935
2024,2580
714,2425
3598,337
683,860
3672,286
4305,953
5409,2171
1857,1127
1337,337
2567,2980
2512,829
4096,964
2250,829
3428,276
2862,1585
4830,959
4076,1251
5089,661
3049,1569
1061,2482
2909,1000
3506,2976
2279,604
5040,2058
1814,2719
3617,2026
3104,2407
5657,714
5316,421
4399,749
1358,2853
2846,1590
3212,1159
1877,974
5595,775
3647,2807
3528,641
1879,1020
1046,2739
3601,1119
304,1348
1070,881
853,2344
54,1173
3151,1822
1053,685
1975,2421
1173,979
3205,2058
1338,1046
1479,2217
3478,3156
3330,1006
3101,954
5069,2772
3911,5
253,1009
5177,2305
3592,225
1849,969
3117,898
4875,2906
1019,1451
1504,3186
5876,1525
281,24
3109,256
2546,1082
2002,2150
5336,1022
3663,2505
3460,2176
4960,1674
3131,954
555,943
5904,1479
2024,2848
2823,20
247,9
4633,2218
472,127
2788,965
3307,1530
1208,949
2044,1221
3623,1766
3633,10
4930,869
5800,725
5239,2378
2381,991
1257,2504
624,1837
3342,211
905,1298
4341,2167
5757,1028
1844,5
1644,1637
2019,760
5245,99
267,2704
3593,961
2934,2079
4718,1336
5418,1747
3962,2521
669,1206
2931,1027
4431,1279
2721,1971
3240,2536
330,959
8,908
5169,1393
449,92
1839,950
3688,1356
3569,1664
2941,2095
4921,2984
2303,2747
2236,1525
1845,1869
1681,714
4146,2584
2735,2377
5359,1116
656,3172
1812,416
1564,314
232,400
2274,2167
3829,2126
3440,99
1442,324
161,1099
2296,2865
408,976
3877,1793
683,2901
4279,1773
1335,1366
1710,489
409,2140
1761,2706
608,1037
735,2310
420,986
3034,700
3791,679
2545,1475
3771,212
1472,2953
2050,715
4171,1085
5093,2821
4766,2426
3317,1173
4743,722
4084,1840
853,2157
4776,670
5901,1045
2697,2219
2202,2240
3053,1100
2024,433
5818,1010
293,1002
4644,716
84,2326
1982,961
321,1515
1737,376
181,946
4964,1071
3240,1865
1841,2419
2406,1639
1886,849
3364,588
1743,3015
3386,1101
616,1813
4053,1564
498,1003
1033,2101
2516,2184
1836,2425
3828,2385
2056,2199
1388,1511
734,2973
4742,1035
3864,2981
1214,1331
1165,2378
1535,1157
5685,615
3176,2580
361,1829
5937,1590
1883,1840
2635,721
4254,2385
141,2994
2918,1009
1474,100
2054,2661
5524,2360
5529,2704
1936,1851
3493,193
1834,1574
4788,225
2093,1276
4419,2802
408,1244
3732,1872
3890,2458
2696,34
4592,286
1419,2271
4614,45
2649,1908
5371,24
1458,2199
5923,729
1544,1219
1487,685
881,875
1399,2558
5907,1724
4425,523
1190,1630
2688,2775
3755,728
2478,2965
4279,2391
4697,2150
1290,521
3166,306
2180,275
2412,1564
1362,3026
2486,2267
309,1773
4185,2914
1373,2626
2579,1677
4836,1154
3535,2243
851,1009
384,2297
2628,1569
5575,1493
1115,1055
1960,127
2254,1328
4301,995
1986,759
365,3186
1053,1116
3422,1026
920,964
5464,2793
194,860
3905,1934
881,1009
4370,950
1543,1128
3762,313
4877,0
3483,898
4450,2407
4097,3043
4508,1823
2770,467
5626,2747
1221,2016
4259,2058
2829,1047
4797,421
3926,128
5657,1279
5517,2962
5746,570
2922,1211
2232,10
2385,225
2458,703
1888,2802
2164,256
1695,3161
3387,385
584,1903
1934,1642
3565,2377
3861,1207
1906,2068
813,2140
1238,1380
3326,1048
5583,525
3081,1217
956,1667
3210,873
2041,2643
5372,1244
2426,10
5280,1655
5409,2065
5400,2511
3223,519
578,2623
5882,942
2902,878
4817,1372
2024,2824
3034,997
5054,3005
4911,253
4548,201
2888,2111
4569,489
2628,1248
4878,1244
1820,1489
4457,2907
1050,524
5174,1013
2698,2926
2166,3065
3181,1582
4196,99
1694,37
5744,2297
5511,1537
4389,679
502,1823
2735,714
1857,2660
3650,1279
5527,727
4419,521
2060,3019
1395,1848
3958,2563
1537,211
4011,1635
926,57
2907,1356
3667,1044
5625,2174
1490,3024
4062,1573
1498,633
4535,1793
4323,1348
527,1664
165,1248
3769,947
5603,321
4185,633
5059,1389
1074,1244
5542,2297
3675,1285
3109,2594
2360,32
1314,704
5166,2949
4906,1332
5274,2482
5083,2914
4260,1157
4874,2548
2584,679
414,2110
4237,1173
5479,2133
2079,1675
761,905
4331,808
1975,571
2479,2548
5247,1975
3003,1013
2428,516
577,37
2139,413
143,2963
3011,2594
842,2183
1167,253
4974,1035
3095,952
3503,23
4709,1518
3422,3067
4136,1656
3098,2189
5027,1046
4258,306
5435,871
3375,1908
3752,1666
5474,45
5732,2555
3858,2816
5809,2775
2908,752
4994,2037
1706,1820
4020,1831
3361,2949
5400,1035
1318,957
5282,225
2042,988
3752,2016
2202,711
2776,983
5482,1976
4809,944
192,330
5343,2571
4288,2935
1024,860
682,1096
2803,3156
1451,146
2421,2862
2424,127
244,870
3243,984
5767,805
4963,256
231,1574
2862,1292
93,1640
5351,2058
2792,2216
5479,523
4577,1883
809,1029
5718,539
3622,1919
4754,1021
5738,225
4949,708
5486,2633
1293,95
2314,1810
731,557
3799,276
3215,225
4543,959
878,984
1077,2133
3107,2385
3437,45
1684,101
3647,1575
3939,2915
5255,606
5901,2444
2529,1590
5865,535
724,1456
729,1800
762,1748
2224,954
3550,861
3982,518
4400,1031
550,522
2076,1241
3010,2802
4209,3126
2010,1375
3622,1114
1743,1031
4855,1022
2312,959
5629,416
1145,2802
3609,128
4477,847
3360,2807
1947,1211
4132,1566
3144,708
5804,1356
4658,858
3166,1221
5081,961
5257,2126
4940,729
965,1272
3577,940
1791,856
5760,2188
4860,211
1050,821
3804,1104
3317,2706
3355,2998
3449,2633
3798,535
1759,759
2735,1011
2831,719
785,1462
3082,2058
816,775
869,2853
1229,944
2911,2176
705,1698
1312,2110
1074,252
4484,2152
5549,32
1533,574
3484,725
1775,2551
2763,965
2773,1653
5562,1957
3939,1305
2156,930
3677,1305
399,1776
1089,533
2057,170
2117,975
1239,477
1366,2504
1113,2058
2262,3019
13,959
1427,3157
1031,3157
103,852
321,2243
5543,752
3287,719
1205,1997
2377,2218
5563,438
5585,1917
2644,1027
844,1237
932,1084
2740,1489
648,2079
3996,2347
1137,1489
3998,141
3394,966
2012,935
3562,2994
613,2243
1819,1294
4737,480
315,334
2967,340
231,2326
4171,1008
932,2373
3444,679
3829,1244
4665,1516
5092,829
2593,1038
2904,2620
1498,2003
801,2829
2279,2568
4767,480
4414,1116
1587,1294
489,1022
4300,1014
2223,946
3818,1270
4900,1009
1961,946
567,1844
5820,1918
5178,2451
3089,2558
4952,2862
2705,1629
4613,952
2474,942
1153,2880
1819,489
5848,1872
5132,2456
1364,848
703,1331
5202,943
4653,1667
3927,1563
2777,1101
5064,1009
943,37
2156,259
1338,3010
5708,522
5011,1348
18,2167
5241,1810
3243,1281
4877,1533
5701,482
3677,984
3957,1563
2616,1533
1938,2409
644,2979
1339,1326
3555,994
3293,994
5511,1297
4012,681
2663,598
4860,24
5837,1467
2801,2225
222,253
1135,2435
5163,964
3445,984
4006,1051
3326,1292
4520,1272
4563,1908
2696,896
2814,1117
1700,2594
1247,3026
342,705
815,1117
3647,2811
4710,2308
3737,984
3090,1173
4113,517
2427,2549
4078,2216
3487,994
3153,1872
3967,2385
2198,1908
3012,2421
3452,1939
3567,2643
3341,2862
3747,1298
902,870
3818,949
5418,1617
2145,3186
606,2979
3677,2407
5869,1489
4244,10
4173,1298
821,1820
1155,942
3515,1298
1195,718
1255,1523
3846,122
5702,2665
4205,2684
4169,775
5067,1925
4750,2218
4034,2802
973,1810
4705,755
536,2775
2592,276
4180,2627
2411,2150
2008,979
4040,2058
3021,2079
5869,334
1446,2407
197,276
2695,2848
5895,966
5301,227
2486,230
1131,302
2590,1519
3704,15
4547,1458
2360,276
1737,1051
2270,1514
2774,1047
659,2185
5664,2157
4282,2880
5572,2568
2793,508
1874,2453
5907,1326
4981,2100
3099,965
1825,467
4136,961
3936,2593
5827,1747
364,2617
3676,976
260,1513
5053,1572
156,2853
5309,1003
4956,1639
1315,2058
4374,725
5072,2753
989,2827
4755,1356
28,574
5919,2625
695,1037
5799,988
334,1031
1934,1699
1602,960
2937,2865
4998,710
5884,2789
2794,867
5471,930
5347,2584
3000,935
3829,2480
5307,2219
4918,192
2882,2377
4399,3010
4597,1305
5827,942
2731,3147
623,760
5263,2297
4170,679
5837,2569
255,2027
1983,2880
3700,915
5240,1532
1289,971
2180,950
4138,2080
5657,1820
2703,725
5395,2574
4399,1855
334,226
1284,1566
5461,1881
220,878
5910,953
5029,3190
2482,2419
5720,829
5458,829
2655,2347
4913,2426
1301,1331
4708,1270
4742,100
705,519
1749,740
35,724
3018,305
1022,2855
5903,1071
5841,193
2205,956
1613,1044
2819,2347
1769,1557
4907,2769
3498,2635
2258,967
4560,1907
164,730
5347,974
4705,1507
1117,1752
1941,2199
1585,874
3988,2620
657,1013
2202,2728
1118,2162
679,1526
2262,2779
3800,2569
2286,921
4195,3098
3914,604
362,314
2354,274
1091,2409
1899,633
976,1116
797,2871
2994,2297
129,2183
4335,984
4046,881
4271,999
2846,1086
246,489
4337,2750
5526,2386
4565,2385
597,2409
2431,1029
2047,1820
5792,1724
5835,862
2359,2846
4434,589
2782,1451
3181,968
5025,2750
2748,1086
2288,1101
1221,142
209,1896
1184,1014
5260,523
2512,1748
3018,3017
5005,2633
3932,1667
3187,1513
3854,256
5375,631
2985,1564
1106,1481
2579,876
5333,1159
1348,1014
1291,480
2086,943
1609,789
1290,1009
361,1512
5724,226
3485,574
3422,225
3511,1206
1731,2822
1576,2719
5547,714
2207,307
4631,2176
26,825
984,2026
2768,2037
3465,1211
2933,1350
1950,1590
2019,1195
1967,1005
105,337
690,990
3252,1103
2209,1292
2548,758
2947,467
3504,1324
4015,2028
973,1086
5814,2347
1251,276
1536,2889
3785,2505
5619,1125
3230,1694
1240,1026
189,1354
1347,1677
531,337
2198,729
2236,1021
5007,719
607,2052
5409,2419
3998,1458
1112,467
566,1462
707,2633
2393,1355
5896,1002
944,856
4459,2018
3965,2449
3939,1228
2564,2176
2860,1006
3500,400
5284,1377
4506,329
773,1159
785,230
3632,704
4151,2023
2499,2131
3278,1869
3390,2110
4162,869
1285,1684
371,2283
419,1011
2593,2705
461,2176
120,1883
3726,2409
1847,2326
4551,48
376,533
3080,2419
4138,1572
3921,3035
3248,2003
1630,1695
205,1590
5852,1029
5530,978
4845,875
126,1674
1738,2167
3515,253
1476,2167
2804,2901
1264,2284
3308,714
4643,1865
2578,2558
3980,1521
3225,679
5351,639
3220,1244
4392,1465
2112,1038
1823,935
4531,2563
3653,2065
325,729
3117,1496
3018,736
3536,2419
117,965
996,2065
4590,110
5423,865
4528,952
1236,1525
2824,870
1552,1007
4857,1393
4368,2168
5450,1907
763,2244
439,1366
2528,2979
2793,2496
450,966
1274,2167
3239,1270
653,1325
5515,989
3230,218
3312,28
5678,229
3403,146
1354,1372
4420,2708
5166,54
1206,1659
276,971
1410,900
1895,2635
45,1038
4047,598
2863,3026
2808,875
2907,100
1577,1013
4847,1590
4268,193
80,2163
4439,1014
2713,1173
3155,2272
1751,2482
5476,1010
2201,998
1172,1085
4570,908
4229,615
1001,1203
3721,1902
847,736
577,875
630,2199
3297,1574
4701,1364
1858,1009
975,921
3141,280
653,870
3363,881
2550,1532
4633,856
2759,1117
2327,2426
2643,942
3772,527
4031,1919
2076,306
5132,1708
1892,2471
4295,1211
2884,1004
4076,2601
1230,2729
3667,861
3755,708
5288,908
1810,2257
4845,2782
626,521
1930,861
4929,975
2468,1476
5238,1730
1439,1563
946,876
3480,3105
5930,533
4797,1206
2283,2827
2233,1020
1198,2790
1537,2256
2755,2822
5926,10
4489,272
3443,944
3825,1046
4781,2366
851,1928
4938,1037
5621,313
638,1820
345,1009
4431,1206
3860,2171
2018,2155
4079,0
2081,225
3407,1822
2156,3028
2856,2473
2618,615
474,1015
2671,441
3059,1489
2686,749
4518,986
5077,2670
5616,1258
4189,518
266,1251
1102,1523
3423,2705
3254,1206
4833,997
4456,1047
3365,256
5819,1967
3372,2366
2408,2848
4708,709
1492,2058
4859,2568
1297,1590
1937,230
4743,2393
5395,858
4755,2218
1693,1001
4502,991
584,2822
5770,920
5940,1331
5010,643
1781,1006
2087,524
4451,2342
5141,1099
3336,211
2425,519
2252,1530
2865,1730
1831,719
3525,1022
1486,2936
3673,1674
4666,3061
5032,2630
2878,2342
2759,930
5376,942
2974,2804
5632,2625
4396,2419
3532,99
2163,2747
5124,2569
5448,1003
2871,1521
1675,714
1907,2003
1243,2777
938,2141
2132,2121
2550,2634
3358,858
2549,2409
2124,1479
1258,2496
3240,48
2311,1305
1629,719
1818,1372
3406,525
2392,1644
709,2439
4061,2671
5914,1533
5803,1702
5096,1840
5751,1512
5772,137
494,6
3558,515
1584,1326
1422,2496
2148,910
3596,218
1225,1393
843,1099
3339,3036
2909,1008
1405,48
4187,2379
1069,99
2502,2347
3030,2466
2859,2584
1066,1521
1323,2840
248,1828
3735,942
183,2342
4218,1850
4424,1918
685,1048
1781,685
1798,100
5251,384
1152,3143
3583,521
3392,953
4142,2205
1647,870
4446,2616
19,2126
315,956
1440,1331
4415,1051
4850,979
5941,1770
3917,3026
4106,1235
1873,1563
3129,2421
3327,716
467,946
1576,64
874,546
3422,953
1653,284
4527,861
2488,2775
2288,1963
5741,2247
500,1244
3905,2800
1768,1173
5078,1903
1602,1635
800,947
4516,1641
3405,2827
5172,225
4553,1119
2371,1035
2930,2719
1930,1292
1575,1101
2358,49
158,325
4096,1590
3717,1005
3891,2878
864,716
3687,604
1586,1640
4141,20
5803,2320
2758,518
342,2482
3805,1010
140,1035
220,2492
3664,970
5682,2151
5656,930
2891,2740
1781,953
1149,2174
2591,4
975,2775
1429,2191
2124,1292
2862,467
883,3186
1676,2822
4993,1525
2887,2217
2969,2027
5266,2623
4185,2520
5804,986
4506,2346
545,1097
3378,1673
5195,878
50,337
2727,400
5919,2629
844,2827
4282,2079
4242,960
596,1035
2311,2407
893,2719
5423,2398
4998,714
5700,986
3695,1730
5264,833
3836,1211
3959,1022
738,337
5719,2167
1659,1848
433,640
942,2961
2754,1822
1033,2325
5369,1007
721,518
898,1908
2372,185
3065,2623
1778,200
2624,2880
1762,1195
1168,2900
263,579
3603,986
4083,2377
4468,2188
5588,2219
5879,705
114,2176
1191,1571
3426,535
2094,3065
3226,2167
3021,2701
691,467
4915,2126
1062,2100
2277,2957
986,1324
2995,2419
2640,730
4854,2789
1134,2915
3836,756
131,2880
3876,340
5896,2348
3315,2747
5200,1332
2894,1936
4061,1813
5141,725
1524,976
5430,2548
907,1007
5547,100
238,2346
4032,2923
363,1294
4907,679
5834,2759
3613,495
338,1237
1360,1110
780,2521
3471,2482
773,1350
1289,2398
2440,1742
3424,946
4200,413
2954,1963
5468,1096
2202,638
4674,1235
4333,942
4102,1009
2221,99
345,1253
1320,1869
5432,1035
1738,130
5153,2374
1603,2157
2169,2568
2747,330
2444,521
597,2413
3231,1840
2145,1393
1116,726
2279,1393
4990,1040
2442,633
5126,1867
2948,212
174,1906
4092,829
3797,2601
1978,2569
1617,900
935,2758
2905,2205
5202,2801
5479,1389
5661,871
727,2994
5223,645
4226,1179
1896,2163
3587,2949
2327,2349
3067,2913
1193,3174
5196,892
5175,15
3404,963
168,936
1420,2584
4027,1908
247,448
2279,1527
474,1393
4560,1590
711,3026
1403,1075
930,2548
57,2394
3652,1041
713,978
2853,1590
5473,1119
2940,1744
3103,984
4660,1016
2408,193
4111,2494
4823,256
1535,39
678,2862
3878,980
175,521
3201,2458
5601,2243
4078,1041
4152,990
5368,729
1309,1389
3630,2571
5154,211
737,409
5286,138
4023,1519
3627,1519
2183,1364
4571,1324
973,2379
3126,944
2714,1939
207,1533
188,1291
3903,1575
5136,729
3071,2176
2990,302
562,943
3339,2930
2451,24
1131,871
4697,1032
2116,677
759,2396
1287,2515
2736,1324
561,2411
177,1482
5445,144
1012,1529
504,2816
4184,1571
273,2129
5748,1084
364,2247
4044,1002
391,2350
3431,775
1458,276
2941,2079
5633,730
4652,1797
3554,1525
968,1580
3452,1248
2829,2023
4339,519
4628,2342
5794,274
4875,2219
4472,1048
3255,1084
1274,2976
1181,533
2703,1510
2916,2557
555,256
2569,2449
4151,2511
2480,2377
1846,519
1982,2100
5825,95
5264,1748
3447,99
2689,2901
1593,1766
973,2058
1479,1664
5718,2857
1970,935
2445,1228
2971,520
3031,1325
2704,930
2590,828
1036,313
3396,3143
1503,3162
5028,2568
2416,648
1889,1131
935,611
2592,1813
5637,3026
5169,706
2736,1003
2717,761
616,1797
1625,1997
2401,2218
5666,2451
5919,645
1593,961
1715,1890
5495,2569
259,1910
5870,1692
1714,2419
5353,1173
2065,956
714,2490
3558,1727
4470,2775
3926,433
226,2901
5653,876
233,1628
2425,710
3426,2739
2774,2584
4143,1599
5692,989
2259,2111
3114,2625
5772,194
3287,2553
465,823
2512,1244
3728,983
4479,2837
3574,516
5458,943
3104,1533
783,1105
2684,947
4924,1009
5944,1590
2189,1907
4799,748
657,2871
1675,905
5861,20
3860,2980
747,1044
4195,984
3827,588
2450,901
4702,34
2580,193
3431,1527
1230,639
177,140
335,726
457,2409
1544,2492
3621,870
1735,3026
3643,2349
731,3143
2622,2297
951,2163
555,2163
4284,1564
5527,3126
3550,2508
1382,1568
4711,96
2424,1908
3422,1010
5803,2243
4399,2453
3657,1816
345,1013
4228,2571
5289,2961
5946,1016
5758,1719
5868,1325
3189,435
5090,1031
5527,1032
3290,1241
4405,928
4584,2391
2365,2617
2711,1564
1938,860
255,2409
1767,978
5650,2536
1566,2385
1630,1646
4661,2961
3555,384
4836,1272
5309,930
990,2225
2406,1086
5207,2905
5601,3024
4412,944
4491,1237
1110,829
4169,1186
3952,959
5309,1869
2540,2217
4656,523
1452,943
4093,1349
2510,96
5323,986
3186,2365
3857,318
3239,1437
364,1389
3765,1483
4178,898
1676,1590
5936,2906
5134,2218
471,2949
729,1487
3631,1668
2392,225
396,2775
5136,1510
4397,2110
333,2426
3843,2490
2965,1026
131,225
5409,2049
3996,2705
3318,1329
1540,1298
1182,1590
4152,966
4909,945
4957,1925
4714,2167
2745,878
1623,20
582,1036
2160,1945
3598,565
5143,1526
3594,3075
4330,2177
5746,1038
1415,256
1979,2284
5019,709
1379,1730
5541,2511
2371,2515
1676,1724
5831,1526
5879,2506
4824,1372
5149,940
4583,2249
3287,272
5603,1110
441,400
1962,775
2729,3162
2894,1509
5409,1244
1967,2058
1308,924
4086,1793
500,1919
3421,2342
3763,2079
573,2397
3310,2511
892,2150
1193,1324
1664,909
4360,1022
1736,31
5931,952
1956,2249
3642,971
970,2218
2439,3157
2088,2176
2425,1007
1155,1971
4388,37
3377,2393
4977,3061
1348,2551
536,421
2001,1618
5096,2194
672,1221
1962,909
4928,1829
3123,941
933,996
1356,1099
2973,1936
3153,3035
1634,1043
173,719
5781,203
3661,997
4607,875
1589,519
4999,2419
5269,28
5200,1389
1542,2393
4093,2317
3940,3041
1072,0
1422,756
1931,633
5348,1260
3610,2348
931,1458
3656,1003
2436,3020
3573,2466
4032,2980
5407,1840
1513,1813
793,935
3939,1476
1265,930
4278,942
2115,1100
5857,1487
1273,2511
3527,2471
2386,1563
3392,2246
1578,2558
4668,2790
5434,1569
3788,1465
1866,746
3091,39
1298,1228
4278,1292
5393,979
1982,1860
3017,1029
5393,1918
1203,1341
1012,1773
614,946
2381,2508
550,961
4311,1590
3732,193
443,2003
5104,2165
983,1193
3742,1820
3109,1907
5249,45
2842,1563
1253,1993
313,3061
5578,2206
4836,1569
4694,173
4202,1431
4494,1051
2279,2739
2255,2153
4349,138
4670,718
5457,2037
2532,1872
4722,127
4505,1590
403,860
4856,127
616,1907
4831,2514
4215,2016
1988,2159
3134,1159
281,870
2244,1590
4706,533
2199,127
1488,2775
2637,1292
5388,2058
5768,1525
2046,824
1536,722
4191,1026
562,516
1148,3057
5949,755
1293,2657
4221,87
694,1574
4107,739
3460,928
3534,877
4500,441
3149,1975
2130,2750
3254,1991
3751,2797
3291,338
5085,313
5112,416
1980,712
3826,2567
3454,2961
5947,1217
4180,1375
2598,2976
3443,2802
3281,0
1343,276
4722,611
5288,1022
582,1117
167,121
4468,2192
4754,334
1167,989
2501,949
412,1056
5264,32
1344,1036
1824,2427
284,1810
144,1241
63,121
2231,2027
1066,533
2148,272
4868,971
3992,519
5287,1305
2904,965
26,2309
652,1051
1738,0
3675,2505
2052,1099
4636,971
3184,201
2819,1766
1083,1237
2124,975
3755,956
3261,421
5673,967
5,2371
5324,32
2598,1016
3527,1479
1821,1324
434,949
2605,3126
762,256
1553,1509
3389,956
942,1355
1360,1114
2590,751
4286,2635
779,3054
2830,211
302,2900
1888,452
3982,2409
2199,2034
1826,1294
380,2002
103,970
860,949
2274,3147
4698,1044
45,965
4992,1521
2755,976
3291,956
1906,2162
2235,940
3661,489
3208,921
1585,2521
881,2176
1624,5
3014,274
1658,2218
3096,2558
4312,2297
2803,993
821,31
5322,470
5184,2980
5941,2205
4471,829
1248,1007
764,2880
5537,1563
3490,2081
4758,2764
2180,1926
5657,2796
779,155
5414,1348
3182,1147
1298,720
4796,2467
5945,984
2269,2348
8,1217
4101,141
2721,1691
3091,470
5025,1014
4628,789
1037,571
4451,2590
1569,3061
2221,1526
5299,1933
156,2219
3698,1040
4513,435
2524,2466
1070,869
4581,2821
4736,480
3956,517
3331,465
4536,45
3560,1456
2104,1476
263,1685
2653,2472
2008,2707
2605,711
3683,516
3781,1051
842,988
4421,445
4056,2976
303,710
2396,1476
5529,1590
627,807
1506,1907
1943,1908
4608,456
1072,3143
5048,728
4062,1451
5619,1483
4885,2427
4535,1082
3210,1585
1573,1035
2619,1117
1327,1568
5341,199
733,829
3083,1251
288,2630
799,2580
4176,2088
4420,2448
1376,871
4314,2961
3989,949
437,2349
4551,2150
1629,2256
526,1640
1240,229
3193,1015
5784,2058
616,1533
4010,2176
735,2164
2605,1195
3952,2171
2138,39
104,2297
5453,2079
653,260
3373,959
4391,3157
3990,369
2553,631
5194,1037
4452,400
2469,2623
1078,1348
5675,2249
2356,467
5392,648
2933,1976
4760,2623
403,620
4226,1935
5248,1623
5898,2671
1758,1457
4514,2567
1285,2176
5418,2219
1828,1637
823,1364
1805,1653
4852,2747
4035,1027
1044,774
2374,1581
5107,987
4544,1813
1676,2936
3453,1022
220,512
1711,2176
3225,2326
764,2827
370,456
459,2191
409,384
4621,720
2026,467
2426,1340
1882,718
2305,821
1570,1355
732,1976
5229,1515
1237,391
521,975
4709,725
1092,1730
2919,1623
507,2797
3039,227
1683,2171
5895,2507
3615,1326
1915,2706
5664,1820
3800,325
1054,2377
2611,2409
2552,1048
319,467
4680,2589
117,518
3548,1043
1187,2906
4005,730
89,944
5298,2409
1545,1833
3859,1844
2995,1244
664,1037
93,2002
1002,1032
138,2684
1167,1099
819,2079
1215,2079
3558,3020
3966,2091
4228,2091
4618,556
2097,252
5330,2482
3466,987
1370,2367
4073,2153
148,2059
5060,1840
3646,3025
5494,2297
5266,1127
613,1048
787,2167
2081,99
3266,525
2287,2419
5718,2190
1497,48
4993,968
2450,905
5263,2549
1844,1095
5908,1533
5266,2066
2274,679
2401,2706
3782,2512
1557,1038
3694,413
3742,1393
2544,1671
2693,1013
1965,274
1923,48
1785,2558
5769,2478
4882,2426
553,2471
3123,193
2429,2256
3408,1116
1646,1618
3948,306
4536,476
2404,2199
2416,1270
2801,1835
695,1773
5884,2586
3976,1573
48,1962
2202,752
383,720
505,1649
4237,1348
4973,450
3579,1348
3280,557
363,253
1963,1675
5313,518
2718,1019
1832,2158
546,2589
224,848
4852,2560
812,1018
717,192
3647,2421
1370,757
5159,990
5866,1606
4164,2159
1530,480
3498,2298
210,2081
4346,1641
5898,1329
4896,1519
1518,2348
5136,225
4318,2976
2785,1086
2945,55
756,1244
4925,944
4529,944
3880,306
289,280
1753,121
2560,1907
4836,1626
1785,598
5279,3135
5752,2793
4126,712
5600,2961
4855,2807
3901,1533
3563,225
1506,1533
5238,478
4517,718
2332,1117
2765,1908
604,449
5736,2448
2667,2504
5385,878
1479,1026
5519,878
3060,2206
3447,400
3631,2961
2464,640
5186,2920
3148,1272
4700,960
3196,0
2232,482
1010,2426
1008,101
796,1908
4889,832
952,2421
4753,1725
3012,2515
2998,2617
5930,1509
1148,1020
2490,898
5790,940
3823,1976
748,1086
3919,2438
1350,1154
2571,1237
1026,276
5067,730
5278,950
5680,930
5052,1361
1149,1780
934,1626
1751,1848
501,1744
2473,2772
2918,944
4390,2558
3165,821
3679,1042
895,2802
547,1338
4598,2480
2504,2243
2093,1211
3751,2049
2288,898
182,1590
4643,910
674,2052
4755,1905
5157,1131
656,692
5596,2521
1652,2377
4952,2419
5783,2347
5437,956
1321,2802
452,138
4939,679
2418,1129
4429,1331
19,256
3455,1125
5356,967
4380,2378
2195,2777
5381,2717
3579,2100
4756,2665
587,713
4066,2218
5590,2302
4318,2439
2203,1325
2237,155
1251,878
3918,253
2524,1905
621,482
2012,976
1218,1869
4993,2204
3269,2409
845,1479
62,87
485,944
746,719
1706,2747
3082,489
4494,1860
5222,1101
3181,2188
5497,3026
2718,966
5452,1563
2203,520
1143,1294
78,970
181,1849
4055,2163
5559,871
2650,458
1736,2747
1099,1372
2625,2091
3657,23
3416,900
1401,956
2739,2378
958,2830
1164,2706
1645,2979
881,139
3891,2297
3095,2363
5889,759
2962,521
2733,469
5907,1338
4169,2426
4002,34
259,1674
3793,3078
1754,1582
2186,1239
1516,2168
809,2306
1232,2409
5303,1574
1540,310
240,2563
474,515
3657,3190
2719,921
3679,2949
2177,372
50,2439
2593,2502
4459,1599
2178,947
4131,979
4378,856
3561,45
4867,1020
672,99
5646,758
2276,1640
5529,2802
2604,193
3068,1051
1759,2841
2832,3026
4230,2247
3117,943
3862,1851
5056,1831
3727,1626
788,1563
4635,1020
650,875
2625,1420
5898,16
3246,949
5185,1837
5560,960
5565,2058
57,711
287,1173
2527,1235
3430,477
4175,1385
1303,100
482,2580
2617,1128
4169,816
4936,1483
1426,2385
2763,953
3707,2448
5625,15
1091,1348
3350,898
1118,1451
5521,1355
322,1517
1564,225
2116,738
2887,615
1524,45
4344,416
2530,728
2568,1020
773,1574
3442,1776
3111,2171
2411,1036
616,1590
3543,138
977,815
4016,2802
5110,858
5073,1730
5749,27
2922,959
4298,421
2811,1128
5321,519
1019,2919
5138,812
180,2349
999,954
3165,313
384,1590
4930,1048
3591,2407
5521,1489
887,898
5604,211
2727,1026
400,2473
2239,1437
2313,2140
745,441
4107,1361
5222,1048
2381,1520
5354,2665
5409,874
2063,2150
4230,2865
5472,1573
415,3131
4106,2829
3338,217
5220,571
311,2027
2231,2865
2661,1695
2695,1279
5398,2563
998,2176
5404,99
5414,2507
5409,2163
725,2017
3624,961
1413,139
2433,2218
2777,2028
5182,2157
1584,960
214,0
1966,473
5593,1876
4772,946
3452,1793
4441,3061
955,385
2579,2393
2930,930
1390,313
397,2309
4081,274
3802,859
445,1037
4569,1526
4862,839
3230,633
1392,2079
3114,458
2546,940
3592,1022
3542,2625
1988,2110
1038,2490
2946,1813
1485,1489
3809,2188
3489,520
1252,729
4209,3061
4099,1203
3728,2199
5266,1989
5409,2297
4710,2296
5534,491
5931,127
1063,2146
5044,829
2336,2419
5259,1949
1372,2901
3956,521
298,1525
3197,469
3350,711
2792,2635
70,1109
3003,2855
845,1105
1849,961
5744,1590
5362,1296
4423,2774
1257,268
4096,2379
2974,23
2700,952
2500,1830
353,2521
4085,2220
688,525
144,2347
4287,3078
2518,2409
5885,1421
4091,2385
5908,1590
2384,2594
4232,1866
2502,2815
444,2235
4179,1451
4112,229
884,63
5801,188
835,1110
3226,1533
46,2347
612,2758
646,2342
3777,2575
1905,465
2323,978
984,1583
8,2994
4602,214
5233,1020
2824,1903
2848,2297
3209,24
4391,933
4852,1328
459,2866
4826,861
944,2157
252,321
1525,1348
2428,2842
4536,533
297,1003
536,1019
2301,34
5806,508
4393,1918
3475,301
2202,1748
4,1131
1119,64
4985,2961
2425,450
4782,1097
1325,1071
2899,1272
5732,1848
393,310
2800,512
980,1009
5108,708
4538,2807
5949,1324
2807,2622
2640,230
4928,1272
3916,20
4468,533
3434,276
90,2379
3713,1354
2722,979
177,1035
1940,943
1055,1718
5919,519
1436,2349
2172,1451
5320,1099
2154,1811
3622,862
4322,307
603,1035
1748,2062
1784,1719
2520,821
2699,2284
3062,3090
2550,2915
2853,472
5494,878
5469,2511
5881,2455
4260,718
443,2601
1940,138
5319,473
2571,944
3534,991
3688,677
4949,1879
4226,1484
3880,847
5088,725
1734,2140
247,2847
2776,760
5469,1356
952,384
4279,2249
5636,715
630,1272
2645,2936
740,878
1483,959
5700,2393
1927,441
617,1976
3142,709
253,9
1118,1211
4117,1325
1854,313
3218,704
2254,1186
1280,226
485,517
719,2633
1596,2906
1837,1837
4889,1023
868,1221
3547,2865
2473,735
1094,975
4695,1157
5796,946
5400,946
3968,828
4189,2490
118,1073
2723,1822
918,1688
1288,467
2836,945
2578,155
165,138
1448,1099
703,945
3836,1813
147,498
5336,1311
5062,2240
303,1011
2579,730
2617,1022
1598,1797
1318,2157
4783,1512
680,1119
1244,3147
3455,2471
3876,1747
879,16
5200,2739
530,1525
3603,1588
2443,438
5657,2426
5402,1907
2982,2409
5866,321
3111,2065
3747,1717
3091,100
1401,2168
152,37
293,1962
3544,2297
3890,490
4034,1932
3264,967
2868,967
4062,947
4485,1804
3817,1116
5522,1046
230,1017
4581,2451
1396,3113
1838,48
709,2183
780,1834
4381,1050
4534,1292
2779,521
5552,1046
1125,556
3733,1014
4727,2626
959,1018
732,1793
1578,2753
2354,2974
4205,1009
3974,1076
4115,2247
3776,337
2289,1044
2142,1748
2233,1866
5545,225
2009,2158
381,1162
2151,521
129,1850
5451,1529
3427,2785
2623,516
3019,1270
1886,1943
1937,942
3668,2847
1116,978
4476,1071
5596,1102
5654,518
5434,20
3007,2549
4888,1015
1371,3190
142,2435
1971,711
785,2312
2196,829
3498,2786
4642,959
5705,456
3910,2730
1389,2426
635,274
4914,2586
2123,2421
1579,79
5378,1000
5202,20
683,2385
2154,953
3384,1344
2379,1071
3862,1908
2833,1241
744,1348
2405,1703
5786,421
1997,1908
4300,1730
2471,1010
3744,2037
1899,784
1374,1902
1108,2914
5898,1012
5626,324
596,2739
909,984
4340,755
3589,2284
944,978
3683,1919
5108,334
3798,1869
3736,991
2091,2832
5024,606
5790,139
5664,966
34,942
5933,1356
3791,2391
4807,3008
1469,984
517,2981
1238,1051
5943,2983
654,1000
5618,971
3042,960
5325,1658
2126,3176
388,1820
4861,211
5148,1207
5261,1084
5431,1495
983,128
2734,965
2200,1031
2384,2838
1176,708
4316,2747
2810,960
1910,3147
1881,2217
664,533
2405,3126
4580,2793
1937,1560
834,944
2594,1335
3798,2003
1012,2936
3849,1002
2300,2551
5538,961
932,2418
70,1487
3891,2167
5090,2491
4407,771
168,2961
2466,2439
1697,945
5663,848
3715,2126
4835,2157
3694,2003
2324,1043
3544,2244
2035,940
4564,1105
3378,2706
3827,2532
2022,2398
1834,2347
4377,2218
5738,1372
903,2777
1216,1022
5226,2163
3312,1305
5322,2625
2548,909
5802,983
209,1026
5438,706
2984,2378
3679,725
4193,946
5127,2507
452,1915
3277,910
5096,1881
95,2028
4379,2240
2634,2157
4251,2994
3227,2671
2886,2378
3557,1085
4484,721
5609,1096
5557,2626
1008,1207
2848,3025
1077,31
533,1099
856,32
2585,1110
2277,957
1778,78
1862,715
1974,956
2965,1331
4562,2482
287,1043
3370,2548
452,1110
772,334
708,2793
2134,2342
4871,958
847,858
1769,2594
2051,1526
4484,2949
4589,491
3262,921
1175,1855
5600,1518
1071,751
5004,2426
3044,469
4188,1086
2092,2466
960,920
4807,2821
4031,1102
2331,2482
2064,2138
524,1521
2607,1599
4207,2267
199,1172
3284,306
5563,296
1875,2589
762,1285
4425,1564
1233,1809
5307,491
4293,856
230,1582
1047,1804
3418,2349
5778,2705
3352,9
1695,2779
5867,1996
4716,400
5170,2822
5822,533
5631,965
4178,2976
2939,1533
1280,470
4113,1046
5037,1919
1320,808
0,2409
3756,2694
2302,1097
2902,2590
1799,2728
2174,1851
2537,1903
3595,1056
3712,1641
4272,517
4468,1395
2408,3186
4407,1873
1829,1035
5430,1971
3489,256
1727,758
818,947
5620,1314
1872,358
2290,871
2233,337
4001,3033
3746,2514
1351,2349
1799,984
1176,1005
3695,482
1768,2637
5352,2438
2137,225
1134,1533
5414,283
2914,856
4565,523
5476,2100
5080,2100
5815,1566
5117,2167
2608,1688
3406,1668
3960,3008
4790,991
4040,493
98,984
4889,2690
1823,1354
5597,1464
4927,2393
5001,2342
5409,2167
5073,2218
298,456
2538,518
2056,20
3062,3147
3478,2079
3932,2249
4773,2865
370,2961
332,225
5158,986
1579,2283
5323,299
1479,2079
4025,1659
2621,2623
549,2145
4945,878
4140,858
4358,2249
2580,2218
219,1637
5501,2641
5583,761
4141,679
956,1903
1064,3126
3421,1521
1580,1730
3851,1105
5389,895
2751,6
3995,2547
1369,729
3656,637
2425,775
3216,2028
3268,2218
5119,253
726,1037
165,1000
4347,905
1513,858
4300,2779
3887,920
5074,2173
4468,2363
1212,2623
1864,334
4036,1393
4175,2491
5925,474
3528,1926
4961,956
2753,3061
5294,2297
523,1997
115,482
2580,2352
2143,99
2962,956
852,2438
2774,905
1409,1043
712,1869
1995,386
775,3157
2566,1141
2039,2378
4200,1393
5294,203
161,2705
1012,1757
3295,2455
1010,930
834,704
2095,1906
2307,99
1133,771
4505,2379
1970,679
3843,193
307,2880
4338,172
3871,1460
2835,2820
2056,638
3714,1476
3489,2297
290,3061
1603,1043
2396,679
1839,2451
4031,1533
1536,2450
3310,1019
2289,967
115,966
3425,942
3702,1250
4584,1867
2156,2508
3257,2297
599,32
4833,127
3002,1024
5182,1035
5261,1328
5576,400
3600,2636
5582,1908
4157,1241
3474,1773
5242,2217
1617,3169
4872,994
2409,860
494,2840
5077,3089
350,3061
4774,1590
5279,2257
4947,1518
5540,2032
5266,517
911,2347
4281,122
2686,1518
3136,34
3267,517
484,967
97,521
4295,959
1497,2821
4391,1421
4320,2709
416,274
4970,2037
990,546
4794,1811
2858,2914
3418,1036
2819,2205
3507,327
3777,1908
1440,193
5070,1867
2869,979
3430,1046
4023,1560
2348,718
1379,856
5460,709
2093,199
3292,523
2939,1159
3219,984
1087,455
4232,2838
1009,3016
1303,1019
1604,193
293,1348
2242,2924
136,2862
230,2497
5869,1294
1827,615
3716,2140
1068,563
5867,467
5946,760
4225,2017
278,2164
2225,661
2727,1811
4024,980
5144,1011
5283,1355
1219,1671
988,984
4083,1560
1230,517
2663,2176
3513,2346
4657,2963
4230,1206
1654,1195
1915,970
4864,31
5027,961
5039,32
2125,1719
5580,2830
3314,1355
4807,2126
1554,1903
2626,954
3921,986
1508,969
2057,1211
4660,1325
4395,2562
5458,1305
3574,878
4835,2080
5363,2199
2627,775
581,1518
5046,48
2725,2249
2117,2366
2364,2243
4067,2100
44,2417
1692,1813
1848,2326
5519,1557
3683,2110
1976,2511
1041,1479
901,3162
4292,2568
5532,1203
1463,421
1330,2521
2890,2824
3926,2218
4024,2753
679,2002
961,934
2792,37
2193,1206
179,898
702,2171
3264,32
251,20
350,1719
4319,2297
4606,2327
693,2058
366,909
5710,1101
2487,1279
5945,1907
1829,1279
1915,299
3508,2994
3471,860
771,3065
4038,715
3009,48
2613,48
4561,490
5264,2862
4770,75
4794,469
4202,557
4618,243
5762,860
1493,956
2749,2568
4867,947
5357,3026
3760,2841
492,2310
3029,1804
1005,2306
5342,1590
5340,1517
5515,1518
1721,1695
5618,707
3673,2256
5703,2508
2805,2446
3120,1326
4142,1014
2696,998
2239,2974
3137,1872
5558,814
5372,1590
1996,1526
3331,2677
1180,1906
4793,193
2638,1932
2254,1003
3441,2256
3632,2790
3993,517
4084,2133
3452,1102
916,520
5439,718
3028,3026
5198,2349
4456,958
5402,1590
1434,860
2280,130
979,1219
4957,193
2042,716
5374,481
5487,358
2854,1533
1040,1845
3201,2580
3462,1389
788,2563
5523,954
1951,978
5261,954
534,172
606,48
3376,302
5937,944
947,1280
3663,517
2105,1014
333,828
4279,456
2880,1010
36,1773
2651,958
2735,2349
3239,1128
4044,2279
4082,2571
4237,230
1886,337
2140,1385
2133,968
1510,989
1115,2153
2352,2961
3299,2283
2596,96
3595,2052
4262,2515
201,2348
3599,2171
5608,2300
2528,2032
3860,256
5697,2557
2338,1908
4112,477
5741,2829
4227,1181
2747,615
4777,867
723,1117
5921,1484
1098,994
5358,2310
3224,954
1449,2914
3357,1483
1268,1590
545,1195
5022,1048
5445,1905
4859,2747
5905,2829
3219,960
3558,426
3898,1248
173,276
3966,2880
4286,606
3387,1483
3824,1484
1976,714
5018,2218
5498,2855
2497,1914
2422,2494
1756,1879
5101,940
2141,0
2342,1976
1572,1011
4519,935
4636,1520
2444,940
658,856
4007,2480
4454,725
3072,1448
3390,37
4261,1084
778,2089
4513,1305
3133,2855
4592,2352
877,2068
3057,2079
204,1036
2895,997
2936,1560
1917,1581
3426,633
4226,1248
2187,3162
4658,1659
5024,1228
5280,659
1083,3075
742,2782
3629,211
5260,946
3866,1844
2161,2880
2902,2326
4048,1326
3846,2131
4099,325
3591,858
1368,965
5946,870
2300,945
5209,2297
1196,858
3061,1043
5819,2980
3508,42
2279,1007
3085,2568
57,1524
5786,1527
715,935
4080,1372
439,1037
613,2910
2060,1084
2861,581
398,2167
898,2490
239,1356
3943,2979
3043,1002
3480,1003
2019,679
4254,2841
5660,1014
1413,1623
1208,2157
1574,2480
3818,998
5524,2816
1116,2568
2933,1773
3137,1014
5158,2466
4480,336
3953,1573
4054,2379
4418,2841
450,2865
1804,848
4809,1908
3633,2507
3540,64
410,433
902,3147
3822,716
1407,1562
1877,1511
3612,2569
2213,3123
2115,336
2994,1244
4852,450
1140,2157
4839,1908
2896,1840
2211,983
619,1896
1036,464
1357,1044
767,1767
2336,870
2826,2949
5484,518
3844,2703
2530,1086
2607,3026
177,2840
142,2065
3223,491
1561,2163
3092,974
3959,2811
275,2594
4758,1703
4938,2802
12,679
5934,323
820,3067
4421,2283
4999,45
5348,1919
3118,101
3,2256
1815,1117
2804,2385
868,1014
4294,1195
1191,2421
814,2471
2945,523
4985,2217
5422,2218
4730,944
2691,2858
3264,276
4189,2283
2680,225
1959,465
374,2549
2777,1097
2825,579
3688,954
5919,930
769,2297
1579,1348
1309,1487
1648,953
4760,944
4839,1237
2619,861
661,1451
5535,940
2288,2976
5529,2623
307,2616
1625,188
5088,2880
700,1564
3033,2571
4850,1776
1274,2590
942,1851
2203,3053
3775,2427
4590,1822
5452,1063
2439,1051
4765,2577
2819,518
460,3016
2327,1776
4431,1011
4832,1355
4841,909
5867,524
992,1564
3020,1181
3843,2157
689,974
3165,3033
4803,775
1458,24
4054,3131
3176,2633
5736,2111
1283,400
5450,1525
4839,1371
5864,2296
547,517
3730,940
4872,730
1575,959
3232,2915
3590,2623
3950,2377
3021,2880
5082,1479
3712,519
3485,1294
4386,463
3408,1047
5543,3005
209,1811
5736,956
1069,225
3027,1355
4902,730
2369,3075
3785,1936
1596,873
4125,1038
4523,1084
706,523
897,1811
3980,2562
5692,253
3610,1531
628,832
5122,100
3360,1356
1355,2100
2783,32
4116,1110
1612,975
547,651
230,944
1142,1992
779,1940
4793,571
1255,1869
1334,2162
3932,1932
711,493
5251,860
5257,1614
1052,5
162,2880
3163,1377
3326,3061
4432,942
2639,2131
2966,274
5753,2949
1331,2803
4202,1419
3104,1147
2573,730
1988,1797
4651,464
3732,2409
5191,1906
392,1248
1569,1813
1744,2568
4982,978
3346,2373
4426,1285
439,313
2082,2563
2581,32
2619,324
4957,921
5258,95
1426,946
4327,525
4103,1009
4958,1523
5075,2862
2158,2558
771,2183
5666,2549
2088,1038
4803,1393
2320,1573
3500,2409
5062,2785
2330,571
5453,2441
1922,2466
4374,721
5262,2846
5872,2775
5206,2914
4756,1173
3653,557
293,2157
5124,2508
728,1331
776,3065
1826,1014
631,3061
4909,75
1479,152
481,1804
3454,2949
4780,604
5556,825
5618,1703
1134,679
3799,1671
158,2090
3568,984
2071,1003
5445,994
5377,1991
169,936
2577,3026
3468,753
3511,1389
5708,815
2389,1285
414,740
2640,2816
5537,933
4501,2478
5590,944
1622,968
1778,1481
9,812
344,2980
5586,421
5684,1518
3082,286
4512,3017
3169,2914
323,598
5469,775
3099,640
4838,908
130,2620
5699,2176
4403,1919
3115,1523
3638,1298
2093,337
4720,1037
5155,211
1915,974
4750,2377
4411,467
5400,15
4176,1324
4403,2269
1562,2549
1531,984
3451,1822
1207,860
4294,821
1194,1564
4000,2037
1087,943
5319,965
4460,2961
2562,384
2305,728
5684,1063
5173,2079
3227,20
1004,127
5147,858
3099,774
4613,924
2106,518
3456,1011
1257,1512
5314,971
4032,2110
1301,2750
3102,2176
5394,1674
3267,1489
371,2816
4338,2567
275,2704
3145,718
4237,2865
4645,1936
5406,2034
3501,730
5497,2152
2083,1042
2257,2915
5749,2373
1962,523
1198,127
666,266
1193,3166
2552,739
3285,324
1602,1119
2779,1684
3508,2059
1328,2802
4126,940
2472,975
4836,2793
402,1324
422,256
1320,1406
2951,2141
4725,710
4585,2393
4540,930
2767,519
1397,313
1481,950
5626,64
228,1329
3380,2439
2984,2439
1934,3147
5157,525
2722,2439
3314,99
2541,1869
2515,648
5816,2790
3920,848
957,391
3655,1331
1361,1006
26,821
4530,1531
3153,1844
1259,729
2169,950
5384,1820
3677,2029
1815,1361
2856,1099
2228,1530
5590,1696
139,1637
536,519
749,1566
5267,2174
4318,1244
1933,2521
1465,201
1831,2244
4439,2702
3374,2378
1032,1073
3133,1757
192,867
3674,2081
2621,1582
878,2326
2705,2219
5463,958
222,709
3565,633
5884,988
3372,992
5730,521
250,1976
5143,953
826,3075
79,1340
4117,557
56,2110
5214,604
4254,2548
1210,971
4470,860
5516,942
171,1279
2162,2357
809,1566
4690,2297
786,1582
1374,32
2617,2348
3443,1932
3121,1881
4633,450
1737,1023
4810,1840
1487,848
97,956
3524,2271
301,2449
208,6
5302,959
4607,168
5116,2297
1167,2563
4322,3190
2093,2728
4023,1056
4546,3083
2610,2466
1562,1557
5180,1908
689,2157
1986,3016
5511,3176
5146,45
5890,728
5136,266
1390,3143
5567,2704
1503,3020
4490,1811
2296,1902
3368,953
3495,2980
2738,557
2562,2775
2627,726
1221,301
3306,1014
2910,1014
1652,2739
4467,1046
5286,1903
864,1757
564,1465
1266,2703
3382,1009
2798,958
4059,2914
5121,523
3923,3053
3700,2981
5555,226
715,321
3860,2704
566,198
2160,1051
5238,1458
2917,1030
5503,975
2727,152
3506,1021
1675,1918
4215,20
5323,226
4349,20
818,2297
4675,944
1736,881
4017,944
1431,245
5268,1458
3062,980
3528,1719
5376,991
3614,1493
4914,2623
4501,10
1631,306
5347,2690
3764,1437
4839,5
4441,898
4950,775
1496,1020
2688,2617
3051,225
4709,1063
2233,2976
1656,1652
4956,940
2012,533
5097,2865
1423,892
5127,2515
1417,323
3767,2243
2053,2227
2863,1278
315,871
258,337
1002,1020
3619,1032
1874,949
2423,1945
3663,1489
1932,2058
1784,3126
100,286
3572,812
4473,1479
1904,949
1257,1138
4149,3075
3323,1047
2765,2217
227,1000
4748,1125
2279,1011
231,1119
5312,709
3068,3157
2634,421
5655,1048
3645,1448
4814,3061
3341,1976
4552,1371
1627,1206
603,1637
5678,2348
4981,730
1737,31
1730,3024
5701,1019
5833,946
5342,1086
3425,519
1298,334
1525,1279
3135,945
5182,3056
667,467
5581,321
3848,63
687,1119
5492,1003
867,2218
729,2284
3662,58
2036,2141
4154,520
2947,1244
2692,725
4667,516
3669,2168
1167,416
1390,2151
261,314
247,416
205,944
2402,1336
5837,260
333,1129
4512,1517
1838,971
1200,714
988,2521
1695,3137
5360,860
5249,1029
3528,1532
1311,2393
480,775
71,1479
3338,95
5707,2257
4948,2205
2264,971
779,253
4767,1635
4142,1583
2765,1896
3894,1481
5382,1908
1341,2393
4734,2626
1585,2753
2667,2492
2896,100
4210,2626
5181,871
5303,2554
5555,523
5949,450
5343,640
2519,527
433,905
4547,706
1830,1244
4601,942
5424,1918
4357,959
4398,1522
5779,1328
665,100
3366,557
2800,1866
88,1028
5661,518
5425,1739
1380,2297
4317,1533
733,1732
5145,2853
3886,34
1340,2117
729,1963
2471,994
661,516
1366,305
3410,455
1040,2764
5445,1051
5062,2976
2482,1533
3557,101
1179,2549
5921,1919
549,2153
3221,1872
1703,1014
2409,1405
2125,1646
3417,471
4843,20
2310,645
3227,2037
1479,2437
3967,2601
2318,2980
4099,276
3049,984
4410,138
786,1692
4769,256
3327,928
4843,959
5216,1699
2850,774
685,2549
5520,2864
4763,441
3438,944
4993,903
2604,718
3349,1626
3392,10
4057,400
4554,1206
2734,949
3513,2407
1528,2837
5289,1022
160,1014
1321,1046
3318,1350
3906,1520
5723,725
3425,2910
4468,277
2258,2309
713,1348
4400,2028
4897,2080
3587,1925
695,1708
2885,2407
2840,944
4824,1043
4815,1489
5591,956
326,121
4398,2140
2598,2350
1433,856
2610,1421
3890,2865
4681,1674
5949,2357
2384,2017
457,954
1778,2961
5666,2419
2452,2151
3732,185
996,2171
2001,0
2847,960
5185,1557
4943,2963
1121,2058
5278,1906
1257,2858
4946,1167
2647,498
4627,633
3958,1063
2079,980
3273,960
256,1206
934,138
3464,905
2060,1869
5857,1963
616,960
3610,730
880,252
5388,172
1083,611
4635,874
1426,950
1844,709
3094,32
2054,1458
1153,10
2381,2984
4938,2753
5841,275
1654,935
2786,37
4635,2163
5898,1748
3891,2419
1950,704
219,519
5251,1348
1094,719
1574,2110
5607,229
1828,714
1585,956
327,991
1008,386
3212,37
2002,1244
2388,2219
165,2326
3537,736
3271,1748
932,926
5870,1928
49,3090
4892,260
597,2141
4969,480
3671,1840
847,37
5440,1004
3433,921
217,3024
659,925
1863,2347
750,1043
3210,2569
4794,1014
3342,244
866,2157
4868,963
5928,943
2405,829
1968,2548
366,299
3153,2974
5660,1128
4496,2488
4289,2949
3613,1646
4476,2775
3445,1281
733,2163
3805,1035
1721,2240
3626,1292
3046,2703
663,643
769,1793
4217,979
5478,2935
4487,2560
5908,1765
5353,954
255,2511
5840,1072
5191,2878
4532,990
1077,633
3403,2159
1568,870
280,474
20,1301
693,643
4893,1908
1565,572
1953,2374
3405,892
4341,2334
3496,256
600,829
944,1393
4201,45
2857,306
4345,2453
2664,665
2908,1025
2636,337
3390,1708
1383,127
1837,2549
2202,984
2051,34
1275,1533
2016,979
834,1009
1684,1179
572,1009
689,2348
4183,2633
5542,960
427,96
1478,522
1364,1174
2157,810
2212,517
2736,3146
4515,2059
1972,2750
2780,974
1465,2165
216,34
1429,256
157,2837
2745,1919
3548,2243
2863,2140
4040,2705
4752,467
2524,230
794,1179
937,1487
5053,3024
4951,2747
4627,1869
1910,2407
234,963
5457,2326
2666,2915
4388,1294
2044,128
3926,482
3330,3080
3410,565
108,450
1782,1067
2902,1098
1883,1873
412,861
1974,1237
2096,2920
5329,986
683,1324
5461,1105
5874,520
4831,709
5347,1003
187,1682
2604,2572
4937,2825
749,631
4388,139
4952,2167
5881,2630
1481,2243
3545,2079
317,1913
5346,2471
4380,2126
137,225
4063,2419
1859,324
842,980
1967,1355
5904,520
5081,2173
3202,2090
3367,2157
3661,160
522,975
2253,2880
2972,2567
255,1385
1931,2829
3803,2495
389,1385
826,2140
1414,2310
2665,2824
5411,1526
457,1519
5381,2815
3569,1510
1913,3162
58,467
3867,386
5145,1003
2991,715
5747,1071
826,46
5256,1773
5901,757
3800,1793
4941,449
3411,520
529,991
3772,2219
2175,314
134,2155
2345,725
5465,2297
2177,2080
4434,1557
4028,869
5907,952
569,16
4352,212
3108,2589
5021,2256
2299,730
1337,1285
236,2058
2455,489
297,991
5023,2302
3313,2994
238,1350
3547,946
3617,1685
635,986
2889,946
1309,930
2429,207
230,708
1181,1684
1312,2167
2707,151
580,2218
2096,2249
1743,633
3525,3035
4584,2790
5341,2769
2650,556
2032,1675
2529,2481
4642,516
1372,2568
3791,875
5818,856
5446,1250
5208,2590
4587,1748
1653,2029
1479,1876
2112,99
5513,193
2361,803
263,1356
3432,1881
209,2059
5431,568
2693,2481
3842,998
4623,1563
2200,2548
1567,2635
2714,325
2411,516
2528,1101
5415,974
1655,1701
1993,942
2918,2949
4831,2616
4516,1292
5753,1908
5394,1975
2859,275
644,1963
2261,2800
1180,1943
2006,1527
1613,2764
348,100
3935,384
602,956
734,1075
3738,1533
5436,1046
2249,881
26,988
1977,947
4755,1816
1754,875
2110,1476
4317,1590
74,2907
1560,1009
5112,518
3909,2704
4867,2407
326,849
3941,3181
988,968
783,2256
1910,260
2644,979
5834,2381
259,2256
3549,856
5724,523
2347,234
5800,518
2870,9
4487,92
5426,1997
1800,1004
3269,2909
5039,16
2649,949
4264,959
2550,943
2338,2750
5346,2418
1469,86
4700,1489
5810,832
3991,800
2544,374
1536,2247
5023,2115
5742,1048
1251,3017
1337,2037
700,2914
3317,2926
3964,1047
1008,1569
2594,87
109,2446
5934,2157
1089,1908
1617,2027
3914,1869
4448,1776
379,994
5307,719
5035,31
0,1348
2381,329
1054,759
313,2976
2058,615
5561,2706
3746,1103
55,3125
183,1590
5398,1372
1350,878
4089,1819
4082,648
5221,921
2347,2007
3350,2419
1003,16
4024,643
2601,611
378,718
5194,37
3600,2567
2867,730
3092,848
5576,1270
1868,467
3388,3061
284,1241
1118,878
5254,438
2977,1248
4493,1279
2440,1043
2267,334
572,2058
990,2571
1713,714
3893,725
2237,1623
4904,998
2993,2131
546,1776
2664,909
2394,1048
649,965
2612,2439
5363,2451
748,944
3365,956
3819,372
4585,2157
2231,2747
4755,2568
4930,2569
1311,2747
5668,54
4038,2927
2529,1623
1971,2793
4084,828
870,560
608,1314
4078,1013
3062,3025
2886,325
3383,1131
796,961
438,1253
1694,2111
493,960
2057,2163
5560,1810
5861,984
2210,715
2813,2671
1743,2003
3592,2409
5440,927
5230,1117
734,1022
2000,2568
4815,875
5211,875
1750,2393
5482,1338
2228,705
170,2377
884,966
1658,2804
2938,1804
1878,2578
88,1032
3938,952
2747,2209
932,633
104,976
3597,2379
553,48
1372,905
5825,2616
3861,1671
879,972
4358,2477
4914,480
5843,943
1594,725
3660,3078
867,2840
3931,1851
1806,1547
4801,953
1857,546
4971,1364
5659,984
2211,2764
325,1510
1474,2471
2615,1127
3155,2569
3089,229
5652,944
3986,1908
1897,2015
2817,2924
2726,1116
3961,1097
5492,2914
4831,953
3548,2621
198,1526
2166,2590
2138,1296
5512,533
1221,870
104,1110
3399,54
4156,225
4290,225
4886,1010
172,1244
1677,1086
3537,927
1148,1496
5365,2176
4228,286
5776,1518
4611,24
4277,2622
3413,302
2862,199
5642,1703
5938,533
2734,953
3009,2878
481,2349
51,321
2138,141
3875,1272
2827,1117
5936,837
3148,943
3583,871
4851,800
1098,978
2698,1646
5723,729
263,1116
4396,1159
2892,199
712,942
3530,2176
1713,527
2758,384
667,2862
2000,3186
3442,1016
1433,860
3640,2694
3177,718
2888,615
4123,1350
2813,1195
2563,266
820,1010
3495,1000
2994,2704
5840,324
3381,898
843,1933
1149,1451
4279,2802
3747,2941
1587,2616
2634,856
3895,2058
4294,2521
705,2349
1734,10
4471,878
4951,1515
3442,211
5902,2491
5482,1151
1872,883
5394,3024
2302,467
2343,276
4846,940
1635,2633
3925,2058
616,964
1373,943
3293,1027
1008,256
3692,1298
4705,2398
4643,1520
2014,185
369,2026
3407,1314
1184,1421
4635,878
4812,16
4906,1341
1112,2484
5375,99
2130,518
793,2704
4248,3061
397,260
4712,1475
4048,2249
5830,679
899,3130
1852,15
167,2427
210,1565
339,1221
3711,2829
5120,519
2737,2623
5593,177
5409,2342
37,856
2929,2793
5561,1393
3097,2377
5695,1393
910,1195
1426,2243
5627,700
3521,611
5474,643
2761,334
1980,708
4239,1012
4313,961
5796,1044
1683,2407
3723,1095
5550,988
3138,2162
283,2736
569,878
1324,2474
3891,679
5011,710
1532,3177
2633,714
2400,1644
2947,1813
4141,1793
4531,2702
5239,1476
3000,2578
1900,1479
5747,1128
4520,2728
786,704
4867,557
1207,734
5018,726
2098,905
5534,1020
482,478
3080,248
3517,1003
4102,875
4105,392
2765,1526
2753,203
4249,521
329,1525
1750,730
4128,2446
5322,2426
2239,140
1951,1393
4332,2626
2482,1029
4142,2502
1917,1028
3343,2297
1469,2558
2496,146
4727,2374
1189,1228
91,956
306,2830
2881,896
3351,1599
1976,2739
1131,469
1062,2584
5372,45
2147,1840
1593,2974
2324,978
2697,28
1172,2163
1905,994
1729,3020
902,1521
205,2347
867,2466
2006,2739
4468,928
2439,1840
2919,2477
1186,2219
2476,1907
4348,1765
2561,1456
1609,1009
2729,1040
5389,1688
5363,467
5606,225
5204,1908
1050,2708
542,23
4172,943
4277,959
4325,1939
1002,947
5372,2623
1301,1014
330,2769
2341,527
985,2471
4333,487
1475,2298
3335,2139
5035,759
487,2194
2412,2622
5509,1581
961,1296
5071,1355
3230,1564
4840,2920
5759,975
4329,718
4852,1991
2542,2853
314,2616
453,2960
5654,400
3575,1195
4461,1022
61,1389
4877,708
5534,2927
5665,0
5885,2218
5702,2511
194,1918
4714,2407
2202,2411
3084,3028
3356,1272
945,1328
1084,2426
4389,2058
1413,615
1153,1250
4255,2243
2546,2571
746,337
3216,861
2908,708
5487,236
442,865
285,127
2554,1119
4834,2300
1525,1206
50,984
2414,2802
4257,976
2858,2284
1120,928
2255,1991
906,1908
295,2508
5472,1244
1867,1128
2617,128
5138,3061
3593,2100
3672,2393
857,2396
3341,1098
2233,138
1264,276
4443,1489
5873,248
5303,2347
57,1000
38,758
2426,3162
2371,1011
5898,1244
2584,2058
5896,417
4175,1674
4526,211
4985,725
783,2797
3245,986
5542,1582
3537,2326
4788,2840
4817,2080
4527,32
3259,1823
3687,3024
1906,1032
3543,2521
862,996
5700,828
2756,421
1087,1114
2890,421
925,2284
3756,535
1307,2551
4712,1101
2573,1653
3843,2409
563,2807
967,416
5521,489
20,313
5738,2409
2460,2880
5767,895
5206,2548
2781,2706
4961,2717
3658,2979
4985,859
5771,1014
5413,3026
42,2704
5589,973
1991,2028
1669,1977
3783,2866
5263,988
777,1581
4067,181
4163,643
5725,1019
716,1305
3691,833
4093,813
5122,2446
538,252
3203,1244
1606,1813
4973,3077
5573,2318
738,313
2061,2393
4633,942
4619,1044
4755,2625
3257,2419
4877,521
4276,1055
988,838
5748,979
1675,987
4490,1014
5916,563
21,1022
3832,1014
4589,239
4725,1820
2605,2614
1140,828
2088,2095
1162,3061
4861,1866
4541,198
3460,95
917,32
2837,870
5631,1518
1811,474
3062,988
4941,1071
1685,1301
3502,1260
3550,2240
5126,2514
2674,2569
4988,2580
4664,1702
538,386
2532,1173
97,643
1960,193
5604,45
201,966
2613,1512
4146,958
2804,2800
1785,1131
2227,1476
2523,306
5866,984
5509,1878
4357,2309
1344,2297
231,993
4973,1117
1363,95
2973,2205
3405,2616
461,2209
3124,2374
3088,465
911,725
3144,3026
5394,1524
597,2255
1464,1840
5223,1642
2637,943
512,1393
3917,2949
4598,1590
2924,1939
704,1563
389,2491
759,1270
2202,2708
5919,2284
2937,1585
4439,1718
2739,3098
4771,205
5555,2007
2527,2626
5213,2243
1531,1907
4581,1020
2005,1009
615,1871
5672,313
5131,898
3242,127
652,218
5700,1580
273,1353
3991,1154
751,1917
164,2349
1207,2133
3530,944
5758,1935
591,881
3479,1918
5278,1483
5233,20
529,942
4787,2377
3625,400
5568,498
5939,2131
5402,960
3051,1067
1308,1811
2688,1015
4878,960
5525,20
462,1009
4290,416
3209,313
3682,533
2405,2016
3024,533
5241,611
2660,256
614,999
5163,920
2549,2145
250,1476
3073,3054
1621,2284
1122,1405
4608,294
5188,2855
3207,775
2717,2079
2667,272
2440,1047
3085,31
1395,2853
5490,160
2924,2557
5537,1669
3436,2705
5566,155
4991,1910
4550,2167
5582,99
5377,633
3976,1114
1230,2412
3199,1422
3725,714
494,1031
2486,991
3903,2706
5299,1100
5600,274
4686,2563
5555,531
4116,720
5461,869
3365,2249
1925,2802
2324,2511
2322,1684
3360,1905
5770,1624
3232,2659
213,2078
1407,2058
2780,283
2795,3035
5136,705
2209,467
1944,950
204,1211
940,313
410,1279
3612,32
477,57
2106,2409
2092,2511
2447,1921
3896,730
2492,940
5300,520
5742,865
833,3075
4520,557
4649,967
3594,1331
4750,1019
3688,966
219,1869
2733,1002
3845,2081
2398,1655
233,986
71,2910
3619,48
4776,2590
576,1325
4320,95
1596,1906
675,3024
5405,1071
4980,141
1963,2639
506,1525
1665,730
1307,1022
4856,1014
453,1110
4458,1907
3995,685
777,1207
3946,1732
3018,1871
4534,1902
5210,953
1280,515
2942,2815
256,946
1751,100
1769,679
1452,972
3823,1517
4886,1014
5543,789
305,57
105,935
1872,2497
2216,3061
2613,1943
27,1244
801,638
3165,2456
682,946
1946,2419
2630,2297
4125,2205
4759,276
2651,141
715,1244
2640,2426
5214,856
3286,1820
1758,274
1598,3025
1303,633
4864,450
3962,1810
3709,1364
4262,759
4275,994
2583,737
3851,666
3921,1405
1975,100
1866,1096
4177,1590
3597,3001
885,2163
1389,942
3653,1590
461,1835
619,2421
5046,467
3172,728
1601,2518
4116,533
881,1640
2032,984
4682,944
2166,984
2541,861
281,1086
102,2841
2182,928
4140,2058
2072,3042
93,1035
5616,970
2580,974
5104,2515
4417,1585
4816,1294
4186,898
3941,1067
2547,1965
1135,1533
3332,959
5603,334
4837,2521
444,861
3221,2848
220,1907
3485,2140
5338,1756
5672,878
664,2298
5803,3024
1593,1071
5439,2747
3424,1837
1596,1719
1983,2165
4214,421
1759,959
740,980
2605,1919
5507,2100
1264,199
2298,2176
2008,882
2383,5
3491,965
106,815
3829,960
2485,1221
160,1051
330,2960
5285,1125
1890,1011
1663,1786
1826,1026
1841,2058
4749,556
2379,421
1736,1483
5738,1043
3998,3024
1463,1324
485,1908
695,2684
2417,1063
5501,726
4658,37
4000,37
4920,946
396,523
4472,32
1070,467
5902,2174
5311,952
4301,1089
1873,1730
295,821
5680,2512
3459,248
5857,1650
3252,709
5934,1116
1801,2793
3466,638
1891,966
1311,2377
1681,1910
578,1294
3288,1305
227,313
2229,961
2279,324
3144,1526
116,482
5513,1998
5148,557
3312,1110
2641,905
4881,967
2785,2347
5247,2256
3743,1296
446,1525
5439,2426
966,1002
737,950
5124,321
2612,325
1102,1048
837,1531
1699,3024
2570,99
551,1699
5539,2256
2586,43
3353,710
5268,450
230,2058
920,253
2515,1331
2253,1331
678,1659
3145,946
1772,469
3033,2425
3690,480
2437,859
2660,2594
3326,203
4556,2846
3507,2466
4100,2980
1579,986
1028,1075
5116,1907
3442,2256
3612,947
4109,1753
4833,2750
5769,974
3950,942
1572,946
697,2409
57,1325
5215,573
4277,24
4686,229
383,2249
5742,2719
5288,1051
575,2419
4589,296
4938,2924
5414,2853
290,2435
2893,2549
5363,821
944,946
5273,1867
2012,1753
1950,875
3008,1748
2660,2728
5270,1569
147,2507
3223,2841
1635,490
3061,39
5454,1097
710,900
158,1326
1436,1943
4831,2811
2382,131
769,2419
5540,467
2496,2862
4614,1241
3378,1035
3689,2617
1003,748
4781,1354
4845,615
5213,1011
1379,1035
2941,2165
5589,1298
1826,34
3851,2386
3744,45
2773,1800
2899,1939
4189,661
5292,2243
3394,1918
2723,932
3874,276
4486,1032
1506,968
3323,173
5055,960
2603,1015
5677,714
843,1563
1777,2370
4597,1021
3714,2623
2905,10
4963,2310
2411,1195
1055,2385
2693,127
4935,1016
5583,1237
1899,1020
500,1574
2547,1241
3390,2684
561,2981
542,2739
1657,2426
3092,775
2455,1652
915,1035
2746,138
4231,1048
2313,1010
1050,2391
4276,1730
1411,2370
2963,2058
4367,1848
5361,2706
3124,2915
545,943
3618,1006
4989,848
164,1251
1351,2504
4038,1565
3881,1581
2819,774
3218,1237
1019,984
4269,2629
1528,861
1127,517
5270,1248
5609,714
1698,1272
4499,3091
1720,1031
1357,979
2757,1027
897,994
1497,2679
5506,966
3205,2880
5662,725
3294,2171
3976,1976
3327,1530
2403,3131
5837,2419
4259,1510
5792,956
5840,438
5220,730
1917,390
5274,966
4374,709
1319,2915
5804,377
5534,516
5876,253
4207,946
5406,1270
657,729
46,2827
3351,961
3913,2162
4189,1279
4774,1932
4293,2568
3501,1844
4941,1291
5369,48
3515,961
2090,294
2486,1048
2224,1048
310,1910
4061,1659
5905,967
2536,761
426,2243
796,1022
4096,310
1288,1484
3189,1326
5469,2507
3020,2271
2695,2511
2467,2095
3186,1028
3666,2419
3211,2778
3637,900
3484,1624
1283,1490
1900,2398
5643,943
4662,2010
4163,1131
5297,306
1814,2065
2628,2578
726,37
2998,3020
3509,2970
1094,2126
3386,2378
2885,110
4900,1774
1462,78
3217,2569
4934,604
185,63
4366,1086
4801,1014
2757,2584
4104,1840
1664,966
5454,2333
392,2793
5927,1991
729,2378
767,2670
89,1294
3072,875
368,1618
1478,961
891,1393
669,2512
908,808
5202,1708
4171,968
291,3091
2851,2569
3947,1260
794,679
519,474
3557,516
1036,212
5315,2524
4594,2764
81,248
4224,979
1147,982
5185,199
4465,1041
3427,1574
970,531
2282,732
4663,2719
4312,984
2923,2980
4328,928
3525,2267
4318,1903
2768,598
5512,1883
5144,1487
954,2630
1673,1563
1611,685
3865,645
155,705
5852,2705
1665,921
130,648
4455,861
2655,1071
1839,1451
2235,2205
1541,2548
2749,2426
4934,2027
2617,1718
1878,2318
1217,357
1724,1851
3202,1590
4917,518
4898,276
4960,1154
5815,1668
1360,1574
2134,968
1337,1590
3479,1117
2315,225
4056,2818
3145,2934
1959,563
560,1117
1321,306
782,1718
797,306
3061,954
5040,2961
3591,1708
4970,3131
1174,229
5491,2079
3380,2427
2141,984
3799,1822
3832,1770
3279,1032
4177,2936
3853,2058
1568,533
3574,2643
3908,1765
5647,1279
2935,441
1434,718
3306,384
2784,1211
5413,294
210,337
4064,965
4535,2802
3819,380
1026,2586
159,557
2974,3028
2628,2391
2872,1031
1468,1241
4864,991
5899,160
18,517
489,1600
5768,643
5816,1623
1810,1355
4473,1520
5531,2393
4405,827
1165,1590
4855,1063
4588,719
5804,458
4189,421
379,1031
2445,940
3331,3019
3377,1674
4882,2455
2346,1119
71,1036
570,225
3663,1664
4181,1095
2871,940
639,1493
3595,971
4476,2706
5591,1639
97,944
3877,1623
881,1026
1700,1883
886,3090
4989,2702
221,1919
3285,930
1466,898
5472,2297
4985,489
2941,2059
4336,43
874,1925
853,1048
1536,324
5056,2584
1004,1217
5680,2219
5575,705
3201,828
1057,447
3531,181
4033,1331
1230,2095
5488,1086
3612,520
1924,971
1075,2157
1404,935
1409,1279
1930,2671
4067,1100
4234,274
223,2880
1604,966
1184,2100
4857,438
1954,32
4330,921
1195,946
5584,1706
3562,3035
4305,864
3202,248
1901,2091
2596,438
3377,1003
5008,984
3454,469
1372,1747
1716,1557
3564,829
4551,516
3801,18
1908,37
657,489
2253,449
5086,1025
2747,957
633,253
357,2829
1917,2378
3668,1717
5116,1025
5014,748
2839,1835
1447,1116
2720,1389
4318,1984
1398,2163
992,1475
2692,95
4645,127
1585,1989
1592,716
2890,1019
3542,450
2447,449
5241,1851
1975,1393
806,2409
1243,3164
3271,337
1562,2163
2613,337
3537,2708
918,2815
2434,2846
3215,2657
5385,1980
3879,193
4398,758
537,3123
2527,2256
1221,557
3722,2838
3314,1323
3010,1851
43,1460
3387,1020
3901,1241
5117,2700
1235,24
3250,1688
22,1522
4862,2181
2788,876
4756,2694
334,2548
3608,615
1509,34
2621,1867
5410,2171
107,290
5007,1000
4327,1241
356,994
2295,1882
3631,225
3314,518
1574,1533
2830,2391
3644,2150
619,815
3952,805
5462,991
5756,714
859,275
790,1636
3785,1042
1906,959
409,978
5488,899
895,871
58,2626
2363,1585
5104,909
3612,1272
4708,909
2301,892
5642,935
950,928
41,1117
5177,606
5090,1361
3063,2346
2013,1364
650,1575
1008,2037
4146,2495
2783,1016
5730,940
2368,774
5150,99
1168,225
1715,2838
3476,421
1798,1560
1106,2730
3735,1813
4989,1844
3923,2049
316,1298
3757,2511
5097,2316
4596,48
680,2514
5253,2829
4881,971
2933,2249
787,1822
5321,2963
5637,725
5241,725
4005,519
1398,2915
4973,910
4741,1341
983,421
3782,2167
5697,1907
3756,946
1409,2515
2155,2305
4686,99
1169,3028
2759,3008
3046,32
4916,3035
4309,2219
3134,37
4770,1116
1733,518
5112,99
1127,708
1386,2100
5240,2728
5551,2620
2080,976
1610,2747
4268,2568
4705,2569
1145,1664
126,2439
203,2659
2200,519
553,971
5707,2729
1951,946
4094,321
5076,2862
5501,1348
3331,2779
3546,489
1359,253
3766,2707
844,2059
1567,956
5248,875
845,971
941,679
5915,1338
3621,1013
4755,942
1613,2240
4946,1476
484,211
5924,2555
5062,870
2591,875
5254,1040
1556,2645
5609,450
5726,1035
3009,1573
1892,1813
1763,3123
3506,2379
3261,2548
4400,2821
1232,2706
3873,860
5767,2729
5054,2298
5651,302
2619,48
914,1084
2550,2163
2634,2800
2627,1629
956,2249
264,413
1016,48
3536,2379
5781,533
3387,2256
3435,984
4588,963
603,1572
456,1522
1115,966
5251,718
2196,480
4171,1025
5177,1708
5342,1021
2143,95
3268,470
2872,470
4462,450
4368,34
92,2157
2716,896
2800,1533
4730,615
103,1003
1237,932
362,705
1212,875
1366,3005
4368,384
1312,1456
4213,1035
3989,1519
2783,24
1232,3190
5499,15
3794,1051
1294,1035
3216,2508
1507,2082
1357,3077
266,1532
911,1270
3298,1005
3399,1811
4894,965
4381,1908
4520,0
867,1348
3809,928
108,1296
309,2518
4048,944
823,2739
3003,2750
3306,307
3843,1478
4913,2146
5941,2588
3751,2643
977,173
2379,856
1410,994
5885,966
3954,878
5308,2833
1240,933
763,1533
3244,718
3418,1837
4517,991
1991,1097
3670,2058
2591,338
4643,2793
4082,2002
4811,2377
4078,1294
5337,1669
3984,878
4187,1237
1719,759
5384,1865
584,2298
2196,2037
2107,467
2241,467
2211,1756
2569,2218
3742,1129
4277,2419
5758,1675
665,1324
4188,2347
5384,710
1469,2058
361,1098
519,2438
5386,756
3982,966
5212,2855
3393,571
2593,518
3621,960
3662,961
369,400
2471,2218
3966,1372
5482,1403
332,518
5115,643
1906,719
1887,477
5083,2825
2959,2157
4853,1582
1697,730
3161,1325
4042,3060
5153,1285
1576,211
2410,2100
3857,274
2322,1
617,1037
5051,1008
4060,633
5226,1009
372,1206
3507,2901
4759,2297
1674,719
2176,1869
5643,1297
4442,146
5275,901
1360,2249
2196,2521
3899,2378
4998,1532
1008,1797
5737,1871
59,867
2180,2927
5427,1830
4389,2363
5705,54
5392,2775
717,1217
4770,742
2796,3051
3804,397
4332,516
2303,674
3442,947
5336,2816
5119,1835
5141,2348
3780,942
3105,1527
4189,1901
1656,274
2886,2163
422,3147
307,945
102,1479
1480,48
1528,1028
3782,988
5530,2308
4978,1014
4419,1050
783,1813
1841,212
2944,828
3002,244
5079,2786
655,1813
259,1813
1689,572
400,1294
2024,2548
2678,1840
1936,449
3509,1014
5946,1590
423,2409
3451,1009
1959,1372
209,945
3347,2349
732,720
1227,3143
1513,1285
2657,1902
1648,921
5127,2426
1345,920
5932,379
1214,2157
4660,2960
4737,928
2978,947
2004,741
283,1244
5400,491
126,1260
1148,756
1865,3026
10,1085
4626,2036
5001,1159
3296,2949
601,1526
2022,2451
4988,2617
3132,2703
4997,1390
518,710
3102,2302
2295,516
4614,871
1637,516
3686,1010
3359,615
5929,2309
213,1013
3886,1071
3307,1364
4436,949
917,2297
4535,928
5507,2027
5106,1683
2743,2719
5160,1919
901,2703
5674,2140
3981,2247
1415,480
4529,1298
3792,1005
3090,1487
5085,2684
3846,1241
257,1096
1081,2297
2225,2914
4216,20
4768,2977
5276,0
5327,2217
2345,1518
1576,24
1686,2636
2288,984
2587,1051
3325,980
18,521
2743,1564
1156,2821
5588,1211
409,1840
3963,2176
5510,1520
4715,1811
5613,2961
3890,385
1921,1348
140,1800
1210,24
2221,1051
2701,1688
3458,1667
9,2256
5221,2706
5460,1002
3318,2037
3137,3157
69,994
5156,1530
5343,1356
5914,2111
1877,1776
5005,2300
3809,1493
1252,2478
1978,138
5615,2983
613,276
5207,714
282,2391
1531,2078
2825,10
5545,709
3110,2623
2420,2176
5075,2480
214,944
5388,725
3455,1345
2369,144
1087,2037
3697,878
4899,719
4720,976
3264,996
2942,945
3771,2490
5630,608
2796,2059
4153,1279
281,1765
5601,3061
2237,1314
3658,519
655,2915
5705,940
2785,1119
4053,1048
33,882
520,1000
5511,1074
2534,719
2577,1355
488,1462
3444,940
2614,2176
1289,2679
2,256
3787,1279
3861,1228
1144,46
2405,1248
4140,643
5521,2701
3991,520
1183,940
2755,314
3641,2393
1287,2983
1744,2670
1030,1637
2903,185
4644,2778
838,878
1705,463
2250,2249
2579,1027
42,944
586,842
255,1991
2955,725
5911,203
2122,909
1155,1874
1098,1340
3407,253
1868,992
751,478
223,2079
2924,2728
3065,489
3994,952
3772,2825
4369,829
5205,1101
824,956
3897,1019
3119,725
574,27
2448,520
4851,1512
202,2141
1690,2568
2521,2496
2858,2081
4396,1871
34,1776
1137,140
2867,100
5272,229
227,858
4461,953
2582,870
200,1664
928,905
3927,1019
432,2953
4768,1635
2422,2840
572,489
3363,2374
3702,1840
4099,1476
4176,942
5387,337
643,140
2880,1624
756,956
794,1248
2444,2225
2377,1003
916,679
1260,489
976,730
2889,2841
5434,533
4456,1117
1593,140
5897,1728
434,1844
1850,705
4467,717
3656,2195
2966,994
2176,1629
75,2665
667,325
3580,2385
565,48
3849,2775
5598,533
2728,829
1188,212
4961,2164
1060,2656
5458,2216
1245,2409
4535,1009
2633,942
153,1393
972,1496
2190,2816
2699,1939
4435,24
94,1752
443,1906
467,48
3085,2914
2770,1590
355,746
1497,2256
404,638
450,983
1295,3061
937,1101
2230,306
2092,2816
688,3026
5944,1119
1718,1851
1562,557
4034,1908
2344,2478
943,2205
3350,2407
4000,45
3330,2694
1069,1563
4467,2140
5846,1119
575,2159
234,1866
4384,1324
4943,3008
619,953
1333,296
3239,482
3344,2750
2306,1031
4601,800
1392,876
5915,1074
4989,1848
5930,416
966,2165
5250,2377
437,1821
4419,5
1485,286
5318,37
1066,302
1933,2139
2394,1036
3118,313
950,127
5346,3024
4191,2218
1507,984
4900,1217
5311,2249
3664,1011
1528,1272
3594,1181
4812,57
1360,2627
1337,2643
1772,2571
1527,2740
150,3053
1926,5
869,296
1506,2802
45,2478
3916,2521
2400,46
2121,631
200,2766
4963,761
5811,2548
5804,1377
2180,1211
1483,2037
1034,713
4355,878
5251,1393
3929,2167
3342,155
2457,930
972,20
1990,2218
4311,956
749,1668
3871,2347
1135,2643
756,2058
3543,37
3443,2839
4628,1013
2090,1294
75,384
2735,1032
2552,1325
4262,2353
1486,1530
2828,2162
5426,1932
2549,2747
2989,3019
2581,1504
2328,1058
2864,1038
2179,935
1730,2829
3046,520
1327,1658
5038,480
5294,2163
2355,2100
4294,736
2215,1531
4830,716
4448,422
5732,2739
4997,829
1497,2419
4857,2512
2689,1572
2744,1279
2780,1690
1806,730
4851,1943
4658,2302
750,2377
1204,1793
5943,865
1251,858
5920,881
1818,905
4990,947
4458,1086
1576,1557
607,1695
4705,963
1554,1017
3463,942
290,2927
4383,1851
3987,1851
3832,2502
996,874
5581,2704
3418,2862
5672,2822
3005,1003
5665,1651
5725,1702
3658,1568
980,2034
1119,2378
5687,2349
2932,875
482,1003
2072,1737
2063,2183
3293,1820
4365,871
5273,2709
5930,1518
3208,958
238,1582
3588,1179
2929,2297
480,1869
4649,1569
5304,1241
650,1526
5083,1272
2978,3098
4468,1908
103,2296
2430,1014
4412,286
2099,3129
275,2753
915,1393
1195,2349
362,2348
4433,1513
5854,718
2693,1774
5105,2320
3654,994
4949,1026
5508,266
3087,2078
3806,1765
800,480
277,2425
4618,1451
4031,1883
4082,128
2824,163
2276,2775
1487,1568
1244,1810
4577,1046
208,726
631,829
4045,1939
324,1840
3636,199
2474,2386
1285,306
2541,1918
2441,748
4433,708
892,2297
5410,2151
5711,1325
1294,1523
377,1851
4883,944
1283,1364
2759,276
1934,1102
2388,1272
994,480
3908,2176
1661,943
4313,949
660,2297
4104,775
1299,712
251,557
1118,142
2052,949
2220,533
4933,1007
4334,2176
1722,256
736,979
4187,2880
5739,2568
5720,2326
5866,2151
5905,1325
1872,200
1039,199
4513,606
163,2780
276,1903
1425,2894
327,2622
2715,862
5578,1869
4418,719
290,2740
2578,1530
1721,943
4544,2521
888,1908
946,1324
2422,990
3277,1504
4810,950
4787,966
5537,2218
2935,986
5263,895
2157,2412
5279,3091
2660,0
5389,253
1669,379
3759,3126
323,5
5261,1007
4185,1248
2427,960
747,1272
5327,2758
578,2217
1831,2777
3971,1669
3730,294
4994,1013
3316,2906
1160,1791
845,467
3486,873
430,225
2123,1084
1323,1031
5187,2347
777,1272
2396,2936
4724,2091
1151,924
2343,2521
1215,1848
4928,1305
740,2521
5088,274
4862,685
485,1221
263,2340
4662,2502
425,1355
1982,2141
3150,900
3155,1244
5247,2374
3447,2584
4954,1563
3589,947
4002,1116
4139,633
3927,942
5606,2657
2564,961
1077,170
1868,3143
2368,1022
4773,2841
714,2747
2927,2706
3677,952
1091,1007
1536,869
488,714
2950,3067
3366,2753
331,730
4116,1753
4813,927
1148,760
1366,2151
4117,2163
2143,2974
3134,151
2214,2625
4101,2569
4431,983
3049,952
2930,1260
4255,942
5389,871
2851,1906
3491,546
4024,1009
2580,100
1673,1116
1831,2456
2034,1095
2545,1045
279,324
994,2521
350,2419
1323,710
1502,2173
1257,2342
1341,2979
4588,943
4491,1010
3295,203
4365,2591
1916,2163
3764,681
4288,1590
4553,2827
5272,2514
5695,2617
3415,2190
3744,968
3879,604
1496,2708
5474,928
5288,2458
3204,2909
5437,1046
1125,1260
3785,1908
135,521
5171,2058
3861,1903
5067,954
2217,2626
2745,301
5833,2150
2249,2349
1743,491
86,2507
3300,523
5330,775
23,2158
2325,3098
5651,1355
2791,1585
2746,122
3589,1565
2166,1533
4657,3126
3700,615
3557,337
2424,1010
266,1512
5240,2171
1885,732
36,1989
2240,142
5249,944
987,2965
4789,959
5688,991
3152,409
4048,924
1868,1667
309,54
1584,1908
1666,1718
1189,2318
3104,2058
1586,1954
3504,1211
3294,2155
4104,1206
3082,1518
558,2451
3672,2515
1471,2381
102,2585
1552,276
645,1292
5459,730
1634,2560
5309,971
1495,3125
2639,1298
3693,709
2191,384
2984,20
1929,384
4981,324
237,127
4069,996
4084,2028
5194,1371
5591,253
4145,991
5361,730
4681,971
4528,2449
5190,848
381,256
5343,1844
4300,1279
4895,930
1722,2915
414,1867
4237,930
753,3053
3289,1945
911,229
1143,1518
50,1590
3493,1186
536,1483
3129,909
606,2976
807,256
5719,37
5360,2548
5167,2153
5024,155
3271,211
3317,556
1397,472
3642,878
4184,2393
5158,909
1314,2689
149,1195
567,954
4409,2511
4705,1341
4970,858
5859,956
1211,467
917,20
2331,2218
3665,2178
5482,1383
2763,1848
3237,950
1673,3157
4173,140
2534,1207
803,1022
4941,1409
1403,2515
2000,519
3755,3010
4729,1526
5544,921
2479,2439
5813,557
1,519
4927,2450
3192,1557
5167,1348
1786,940
2531,1848
3988,710
1978,1110
3936,2240
2456,1674
5949,3077
448,2901
883,2829
1191,730
1437,5
3125,520
3510,1085
929,730
1003,679
1553,1119
2038,2100
4066,2471
1698,3163
1018,960
3012,1747
3356,1557
5811,2739
5439,881
1397,956
1562,2521
839,2126
2090,2640
1892,935
2656,1331
5409,480
3540,1085
1193,2654
2727,982
5146,1009
3322,633
1655,1372
763,976
3101,1573
2036,2003
2307,2466
1063,679
1877,438
1567,212
952,848
5346,666
222,1002
5834,1918
1068,1962
5259,1421
1430,99
1054,751
2903,1157
3610,2739
5516,1235
5600,1872
1496,2789
458,2568
4190,2267
4756,958
366,2979
5440,1590
5927,954
2852,64
1534,48
2421,1009
3374,1866
5345,1703
1556,3190
646,525
2203,557
2530,952
3039,829
3044,1173
5673,256
3474,757
4279,1908
1266,2862
1426,865
2318,480
201,2511
3109,1009
1727,978
990,685
4295,2037
5905,1703
3804,2739
1763,1574
584,936
4042,1564
2628,1086
203,1244
2702,2698
4949,733
644,2118
2800,789
5890,1021
2770,2078
5299,2243
3169,2349
4676,574
1771,95
112,1476
4935,276
1494,2446
1812,1035
3491,2750
2340,1154
1820,2616
5089,1093
647,480
46,1014
2819,1539
1647,3038
2917,384
5291,2890
3326,2309
5636,858
1207,2739
1916,984
2867,1206
1915,759
2135,533
51,984
3784,127
3262,954
3687,194
4900,416
2028,1575
3160,677
2153,523
1926,1298
3691,313
4904,535
1184,661
1645,1056
803,969
1701,2119
4581,821
4221,478
3693,2079
2288,1098
3905,1935
2938,2146
4834,2398
1976,1011
100,445
5659,37
1793,2058
550,3125
2183,523
4939,879
1816,2981
3624,380
4828,1048
791,3187
2885,980
2615,1119
615,2961
1210,138
2706,2146
1999,2284
590,2150
5638,1038
5622,2979
5536,761
5135,417
300,856
4245,848
3591,2310
4027,2840
2363,467
2554,1001
821,3187
3357,1325
825,862
4622,956
520,980
57,2976
4009,729
2314,2453
2310,991
4643,1244
3652,1623
2208,714
2431,2449
1046,1211
2524,950
2014,848
3251,2218
1129,2377
2946,1582
3037,946
3804,1613
4095,99
5509,2297
4834,438
174,878
1024,1048
3016,1008
2634,714
4912,1260
3019,1279
119,2110
2292,950
2154,2706
1946,313
4339,3061
2593,1063
3806,1285
829,930
2773,2162
1020,2218
5851,2569
5555,2426
1554,2310
5224,1131
2863,2994
2556,1531
5054,1851
1163,1341
3415,474
4488,2379
2483,3123
3197,2466
330,1525
1844,921
4473,2256
5144,963
2370,967
3970,1635
4684,978
3166,120
1941,1793
3641,413
3851,1943
1287,1003
1648,982
230,1294
610,1515
5013,2385
1872,875
3336,716
3912,2569
2263,2194
1513,1696
4634,2739
4772,983
4298,1292
5151,979
5533,1081
1008,248
952,2568
3681,2821
252,679
1372,710
379,2706
2633,2666
5885,974
2932,1013
5571,784
5351,286
3203,1476
5534,2622
767,1475
3136,1193
2184,3190
3886,193
4094,2586
203,2830
5752,980
361,972
667,1244
1532,2
983,726
4811,2385
0,966
301,140
494,2255
3737,1009
5172,1051
1995,1574
2549,2914
5298,2853
1115,1003
873,2409
3089,1323
4059,2349
4755,2052
3595,902
2639,2965
4819,2976
2615,127
4464,533
641,3190
4533,138
2437,1518
930,849
5164,944
427,1918
3376,225
4635,1354
5029,719
2805,2853
4856,10
1272,963
5759,1504
4866,2418
4511,729
5328,5
2566,1524
5886,2218
349,2385
1698,24
3444,2961
1988,2981
334,3016
1862,2118
4774,1489
2100,943
1392,856
3733,970
4581,313
5794,535
3948,400
2017,127
1525,1385
1991,2878
5688,1048
3455,467
994,968
1610,3186
2635,1637
2699,898
5364,2644
4792,1664
1101,276
2713,15
4810,2243
5241,709
1471,2438
4323,812
5673,1305
4925,99
943,225
2555,718
2386,909
3659,1936
33,943
1647,1509
5248,725
2863,2002
2697,20
1528,1036
5012,633
4261,2162
881,636
2476,960
2154,909
2737,1489
4013,1279
2621,1314
4042,519
4135,710
4173,1002
4001,3147
3151,725
5119,99
93,970
1975,1324
3000,2249
379,775
5286,212
1853,3024
3677,956
2411,2793
4682,2168
4141,2753
5411,99
882,1022
2721,740
2860,1084
810,1119
1811,1458
2965,319
2060,2162
1041,2183
493,2351
1899,524
4484,998
3904,2409
2949,2445
3656,3061
5655,28
4838,937
451,31
5406,640
784,2126
2212,58
3917,2994
990,2002
4739,1116
974,3189
3558,3061
607,1675
2224,2512
2152,946
2262,2804
3476,218
1581,2820
3350,1045
5939,2981
4407,727
1008,679
2410,2271
5383,1918
1257,602
1,710
967,274
1668,321
3073,521
4974,1117
669,1748
3958,3129
4790,1939
2233,480
2785,993
2900,943
3239,409
3383,1851
1931,1081
2844,1573
2656,1522
276,3143
2528,24
828,2158
1886,557
2677,1810
5841,1991
2921,2170
3642,2492
2534,1532
37,2568
1663,2205
446,521
594,1173
4487,975
4602,1487
5044,2586
2754,717
723,48
5769,775
5884,533
925,2626
42,818
5025,1031
1790,2138
4326,276
1506,2379
5748,837
5598,1078
3168,892
5590,2880
2062,732
4092,984
2672,661
129,598
631,1748
1476,1574
2553,969
4177,533
4357,878
1074,1005
5905,2110
2989,718
542,1117
1538,2802
1773,1918
1031,527
5579,31
2494,2617
1002,2980
5420,1664
320,142
158,2066
3549,718
136,964
1029,1770
260,1030
5268,2963
2591,456
3879,2515
2465,2037
4569,518
2494,523
4806,2151
3080,2310
828,1487
855,1590
5671,909
5349,858
2570,518
4507,771
2945,3024
1706,1581
364,979
5454,1032
1971,2037
4417,2167
4553,2994
2641,519
1524,5
4239,1114
4872,2747
3681,32
5165,1279
5208,1915
1763,960
4383,489
3770,2706
2421,2623
3711,3065
698,3053
5882,516
4058,140
656,2827
1554,5
2941,2100
5687,48
2741,2978
490,1037
624,1037
4111,905
5632,1280
4608,957
2748,924
2641,2747
2615,1526
760,1837
3045,1110
5890,757
1473,955
984,1730
215,990
1820,2002
3525,966
61,523
5324,1285
728,986
2908,997
1404,37
5763,1332
1804,3162
1754,1355
4627,2296
2426,2162
3355,2625
1407,493
5340,2168
5885,1702
4955,1014
1008,1915
219,2398
3999,3077
3865,633
1206,2839
5400,2569
5075,557
3397,1696
3797,2569
3399,1742
3466,520
4083,2374
4897,2133
5769,2816
5354,1820
5287,598
5688,942
4527,321
2947,305
4843,557
827,1099
5844,2586
1372,633
2953,1813
1760,2435
3735,2980
4788,1035
2969,1003
2711,967
4839,34
4792,1908
3596,1101
2277,860
4561,2914
1281,2558
111,720
3722,1590
389,2162
2746,557
4800,2149
4531,978
1728,2496
370,3051
3166,1116
1117,2342
1201,2979
1922,2739
4069,358
4597,2729
2886,1476
5271,1919
479,2994
4132,2400
4237,881
4441,122
1158,249
4167,1051
4864,979
4943,1272
2453,1035
2296,2549
484,1244
59,314
3954,943
2001,2631
3818,1836
4948,2555
5296,1575
3857,1010
412,3061
4589,2622
3589,1195
3995,2637
3697,728
4949,2376
491,321
2896,450
1540,1640
4840,928
5141,856
2933,517
1596,2703
2532,173
2072,2632
909,1773
2953,203
3822,615
1034,721
516,3010
414,1013
3619,1195
1499,1989
2101,337
5287,277
4623,1051
5500,1324
2334,2036
460,2297
1174,1640
3960,2427
2781,1035
2264,2960
1271,260
5214,1869
3447,2027
747,260
604,2426
1650,2508
664,2477
1679,994
3976,1590
5070,400
4189,2637
4383,2880
5498,2567
1353,1009
2247,1451
1760,3053
5502,996
2150,1518
5555,68
2449,1585
1831,2704
2022,20
3426,3028
3643,1565
356,230
738,1086
5182,991
5356,2110
5361,2454
3131,1390
1288,964
5125,2177
1286,137
107,465
4909,832
5275,2121
966,1852
2862,1350
2461,1006
1745,1590
5379,0
578,989
4284,1719
4132,2079
689,39
97,127
916,984
520,984
4226,960
5506,714
1887,892
5039,1248
1838,1939
210,943
2469,493
5041,1294
5540,2927
3864,2449
4941,1844
4946,2188
5262,704
5759,756
2538,2515
3228,518
2482,139
3734,1787
2760,1581
5365,78
4814,2419
1190,2253
4252,2157
1612,1195
5266,2701
679,990
5932,310
3700,863
2652,708
3754,1099
5311,1131
588,1811
1259,518
4695,633
3927,2747
3511,2280
4220,1279
3409,2003
26,960
2004,1022
856,2915
6,493
1066,473
1440,2377
1115,2617
4742,48
1079,708
1237,1294
3434,720
3150,961
1076,2100
5011,438
1664,3024
5604,952
475,944
5884,777
3850,3035
736,719
5376,2256
653,2936
1038,2747
202,31
5544,1840
4494,2548
3075,1726
3283,709
4262,2979
2116,2552
3169,1361
550,714
2909,2188
5925,2471
345,2002
1546,709
1229,1002
4577,1270
957,314
330,1879
5869,95
5679,2415
1380,2110
5660,860
5312,1840
897,421
5114,1101
673,905
1418,1813
2703,1157
2123,2568
3895,310
648,848
1131,1002
5026,2385
2020,1100
1039,2167
4356,870
1844,120
5772,1451
1615,822
687,961
4467,1640
5735,1569
3431,556
4659,1810
610,714
3038,1793
2153,2568
843,2413
1484,2409
3282,1372
2263,1393
4300,2816
5310,989
1148,16
2185,1702
5898,1159
1892,3143
1216,1840
9,3126
360,1855
1129,905
2273,1522
5289,1051
2510,2963
3764,3186
746,2830
5858,979
2300,2564
5354,2385
5946,45
4927,820
4970,1456
5820,1626
2532,1409
159,37
1533,1116
4687,3053
3221,2385
4821,3053
1746,2163
4260,1296
1374,305
5239,533
4912,138
3397,517
2221,1116
4158,615
4643,2350
3323,1507
262,515
5781,708
225,633
4478,1724
1169,438
978,870
1206,2949
5707,944
4831,307
787,521
1263,450
5418,252
2099,722
1392,860
5557,1350
433,2625
1262,1918
716,2159
556,746
2901,2514
3326,1000
4369,1565
3706,1221
4391,1324
4670,739
1368,1563
5848,1125
512,824
2141,3176
176,875
5307,20
255,1922
3218,127
5883,1119
3964,1637
5820,16
536,2349
5916,478
1692,2037
1993,1211
5902,2300
3978,0
1440,1035
3506,944
2166,2078
5461,1776
3528,1642
2800,903
568,1456
3438,2880
5537,1771
3751,1879
776,2159
4102,416
5141,1771
2967,1016
1470,1035
4161,996
2070,276
4480,2439
283,2411
3535,719
4920,267
4183,1694
982,2385
5507,966
553,959
1752,2037
4756,2495
5470,1084
2675,211
3573,1361
911,640
1554,2961
5704,2419
4897,633
392,2704
4475,940
4942,3035
4897,1572
5886,2840
5480,2152
2202,2623
4375,709
4872,1515
4520,2753
5662,99
4330,2629
2117,980
2265,878
4959,1110
1380,2407
1887,1457
255,1251
1394,1524
1836,1869
2531,970
3211,729
4623,2100
5252,2271
5689,3026
1126,955
1969,2398
73,456
582,2777
5768,875
1803,416
2362,2100
3382,961
2172,1976
1728,996
2965,1612
1523,1530
4623,2450
2298,1526
376,615
5534,829
3883,2825
3083,520
4948,705
5798,875
335,991
1477,1535
4813,480
683,1674
3938,253
376,965
156,467
1291,1530
312,980
57,2151
3008,1285
4630,2466
1244,960
4697,1244
3124,679
4800,2877
4855,2584
1327,2126
2786,1623
2237,2347
3847,2205
5079,2477
5426,306
4070,1496
1969,2532
4173,685
2882,3024
4831,2348
839,1032
5758,1984
5522,953
5033,2482
3370,2963
1499,489
3937,2256
269,2572
989,2080
5404,1055
5515,1071
1809,1095
771,874
5623,604
5772,138
3220,521
2394,967
2473,1260
943,1331
4928,1476
1497,2671
2538,2409
4425,101
1106,571
3592,100
1790,1203
2571,1014
5007,2708
1555,3026
101,2183
3903,2621
4424,1569
5074,897
2462,2949
1436,2553
2506,777
2115,2841
1647,521
3584,774
2665,2719
1137,1173
2300,1840
3533,1748
5830,1590
563,120
1409,2800
3601,1128
4408,2914
5550,2704
3697,1590
5166,1775
2248,337
2358,2949
3749,999
5380,980
1804,2548
1991,2374
3899,943
2010,172
4635,45
3291,306
1644,1512
1028,1014
564,1819
4896,759
4481,517
248,1024
5449,908
2641,1328
1973,640
3657,2699
5104,873
4231,719
3288,2078
3248,959
2183,1389
5519,334
3936,3053
3161,24
1134,1009
3186,1020
5716,1787
5009,1925
3202,964
4833,945
5617,1027
4292,2284
1047,2703
4753,1181
4345,2295
5811,519
2048,9
2877,1554
4424,898
234,321
5084,2634
4738,1997
1080,3001
4265,87
918,953
2291,2396
5209,1582
2561,5
5252,2218
2438,1103
3343,980
2764,2027
5945,1623
3708,1078
2393,579
2019,2058
5715,2100
3264,1037
2696,1519
115,1918
4498,1355
2619,1272
4897,1064
1148,260
5884,1505
5473,473
3805,2300
3794,2141
2830,2623
366,2853
3241,1211
2728,2346
5143,2409
5115,1115
2831,0
208,2617
912,518
2224,719
5677,1003
2738,940
3364,1402
2451,883
2186,1366
5548,1532
3244,519
5887,998
439,456
370,2571
717,400
870,642
1548,328
2912,2409
3194,1341
4519,838
3018,1115
779,2217
1090,2079
1593,2141
2802,709
4565,3061
372,523
4183,515
1662,965
5836,1009
1749,2839
2685,1063
5943,2569
728,535
3078,2455
1490,858
2811,2865
2274,2660
2439,1007
2587,905
288,236
162,1063
1050,1525
4439,2548
2011,3189
3699,294
5614,34
4275,1393
1388,1520
271,1006
1410,1279
2248,2378
5241,957
965,2326
313,2171
2699,1496
5156,95
856,878
1995,1151
5499,434
2677,956
1414,3091
4342,521
2698,1244
1633,920
1373,57
5032,1907
5058,876
1749,2034
2878,1619
4677,218
5297,2555
5417,1159
248,32
2605,679
3739,608
5039,984
1424,2624
5524,2719
5808,34
1833,1331
1248,2398
4646,2975
4119,1014
3857,1014
5498,2437
608,725
2430,274
4195,1009
4024,1127
3802,2246
3843,2247
3466,2297
548,859
3015,146
3218,2949
4628,1241
5622,2853
1439,1003
1513,952
5281,2560
5577,1390
1220,1639
1153,417
2873,2133
2687,465
761,2256
3792,1127
4924,229
3060,2898
419,48
83,99
685,2419
1423,2348
5076,1000
4112,1482
1909,521
923,1244
4364,1703
3364,276
3438,225
1531,2066
1897,137
4285,2349
5522,3157
4290,441
723,3061
2906,337
3164,2847
4284,2878
4924,1518
5452,1637
5748,467
3294,2139
301,2779
2431,229
4081,1206
4831,2458
856,557
4252,2027
2691,533
1325,1035
1003,984
2121,188
3802,2730
4459,1539
2327,256
2504,1646
5022,898
3998,1329
937,337
2236,1831
3296,1811
4347,1483
3421,5
1772,384
2322,2514
5001,960
5044,2350
706,2841
124,1173
3458,45
806,978
5816,1294
3104,2176
5005,2772
3479,1272
3985,878
5273,493
1589,276
2776,1529
3199,2386
1932,615
1488,2853
2066,615
5132,2705
1486,2026
2365,3126
424,2165
4023,1520
3369,2982
7,2816
2814,2171
3449,467
5859,940
3860,940
3018,2351
5136,730
3727,1350
860,2853
4969,2310
4638,453
1212,302
5143,2840
3492,140
2086,277
4165,2111
2019,1684
2733,1027
2817,1664
2533,1905
702,2802
592,944
2471,1027
5322,2963
5601,2378
2298,2038
5602,2199
5884,1131
3237,3162
4892,1285
2872,31
5270,679
1739,704
3671,2865
2938,1028
5156,1331
3769,956
3848,2003
4531,1279
4990,1793
5124,1793
337,960
4186,1244
5808,2425
3024,21
3103,314
5906,516
5618,49
673,1848
5055,875
1474,1345
3466,1305
3473,32
4326,2163
3369,1372
2662,1510
641,31
532,1027
1836,2865
2846,1038
1569,2521
4965,2271
3162,520
663,729
2075,2100
4757,2507
2603,2219
4124,2594
1849,2511
2733,1511
5749,1040
4825,2641
4864,2569
3737,1367
5077,2862
2597,869
1642,905
3923,968
2464,1279
4831,1116
5748,2508
2143,140
3980,721
3426,1101
907,2378
4135,100
3045,2163
2202,720
1053,1422
4582,1728
1732,956
1816,2347
2628,2225
4431,1532
184,2141
3262,2548
5473,1872
786,2209
1328,314
1567,330
1054,2963
3953,1907
4114,2764
4029,1902
2587,1820
140,2219
147,946
3156,1748
1193,1028
5766,589
2242,2347
2706,2451
5600,1051
4712,2309
4910,604
624,1285
266,1577
3449,280
5882,1703
5540,1939
5514,718
932,2569
729,520
2778,1014
2081,1840
5011,2349
4037,1389
5885,661
3490,2159
3331,1348
4119,640
789,921
3033,193
3167,193
2814,829
2511,1020
4140,928
2717,896
2080,1773
2245,1840
2983,1015
1983,1840
5198,1020
805,1804
934,1460
3217,2350
660,3143
4029,2036
1391,1147
5185,1724
2277,974
2987,2827
2479,142
1184,2739
1874,742
0,1003
3770,994
597,2979
4957,2247
5876,302
5567,2176
2840,306
5905,2171
226,942
2231,1918
4507,1637
2967,1020
3068,1072
683,2349
1390,521
1875,2256
44,901
2769,1944
1661,984
902,932
3381,256
3097,1251
385,2133
4428,940
4530,2910
5306,2377
5486,1032
1325,661
3692,2750
3740,1478
2035,2514
1102,589
1534,1000
2200,861
3411,256
188,434
4854,940
4186,252
2756,2247
5077,2675
113,1014
3506,493
4029,2520
4046,1935
1818,1698
5598,1623
4331,2858
4473,467
4060,2772
2886,1724
614,2878
5915,1680
1056,1533
660,1533
2529,928
5292,2455
5742,971
3677,1664
2555,1560
3028,1026
1388,959
1838,1919
3860,2310
1592,200
100,563
1855,3054
2755,867
881,1128
5485,756
1069,1364
2412,878
5502,1110
395,861
150,276
666,1324
5647,710
1186,3053
3414,1038
1105,2310
1086,2068
1762,1119
4687,3004
4921,956
4002,2901
5380,716
180,276
3931,217
4034,904
4158,2660
1489,960
4209,1659
145,1221
1645,719
3457,334
919,615
3899,679
5415,710
5456,711
2324,1007
4722,2409
1556,3121
3617,966
463,749
1592,334
3188,294
2868,878
3702,515
1680,1844
5446,2625
5489,1009
1480,1032
1819,498
4047,1489
4279,2778
371,2853
1000,3024
1339,2490
4171,212
552,2110
132,1524
3105,417
3115,1105
3929,1618
424,2864
1256,1674
1386,1905
4918,2482
1554,1489
1764,3019
2060,1849
616,940
3233,952
777,1797
1050,643
2946,895
2274,2717
3045,2594
1823,566
97,725
4216,870
5711,24
4369,1866
4840,2949
5869,1364
5905,829
2243,371
5517,2410
3669,1640
3244,710
4171,2790
4644,3010
3871,54
2223,2378
959,2568
940,2326
2731,310
644,1244
3977,480
778,1244
4818,1096
4360,218
5050,2385
3749,64
727,2218
3452,1009
1576,2163
1082,1628
675,715
4677,275
4398,860
2999,1414
5310,1908
2317,2548
3088,2425
87,1484
5712,2827
2283,685
5418,1626
4089,1421
364,1203
1654,3143
582,2594
4656,1276
3651,1195
5802,276
1404,716
3484,2775
329,1367
5762,96
1692,1533
570,1429
444,2256
590,2081
302,860
3065,2949
436,1614
3625,1071
1620,2569
5496,2956
255,263
2872,275
256,865
3712,666
5947,384
508,1086
2500,1046
4651,127
728,860
4757,523
4678,1950
5291,2150
5728,2151
2524,881
1723,2293
3557,1667
3705,1565
4267,2766
638,2256
4115,3126
2652,2729
352,172
2955,286
4464,1590
90,172
5427,883
4141,1314
3528,333
5441,0
5651,1530
5740,2511
3214,2617
1882,2703
5732,1869
978,984
3643,1976
1122,2426
2684,2802
4797,837
1308,2027
5831,535
4504,965
5940,478
2364,1292
989,3186
1500,3136
5361,771
5156,2059
4798,2351
686,933
993,861
2476,944
4362,508
4917,730
333,2508
1802,441
2202,1314
2270,2946
3369,2100
2988,3162
3334,1355
4755,560
4622,2660
1241,0
5089,3065
3170,1109
1422,1509
2843,714
446,2920
5553,725
4445,519
5721,2753
2423,1848
4565,32
5816,546
1757,1206
4787,633
3295,996
5767,2347
5509,1557
3351,2059
763,533
5148,797
1786,631
2406,2002
2122,2243
3904,2393
2183,1206
4760,99
835,5
1272,760
1826,2100
4140,2111
4325,1110
963,944
5751,659
5603,2481
1155,1114
439,944
4886,2840
250,2176
2774,2963
5236,1906
3775,1582
3890,1532
1385,2515
5413,290
1801,1639
1357,467
4531,1336
2647,909
1872,1290
3835,2764
5363,1866
3059,99
5780,434
4887,1348
5651,54
303,3126
1366,2623
2057,1228
2345,1860
4933,942
5034,994
2983,1393
1919,705
3920,2471
1635,946
948,16
1999,2162
1187,32
3272,2435
5400,2256
2215,474
5466,1563
2479,520
2606,1793
4044,2133
380,848
3210,1907
4320,1250
1724,1526
258,858
1326,2419
4782,2220
4818,1877
463,2953
5308,1512
5903,2853
1200,967
2425,2512
1552,2358
1994,1013
5183,2914
3843,2385
495,1336
3578,2841
5534,138
3582,2960
2811,1393
5309,959
3003,1563
2313,1116
2949,14
2033,1476
3807,45
2515,1250
2119,1250
713,633
5401,898
2510,2569
1899,2415
5001,964
5350,1872
5362,943
2590,1020
3658,861
3837,3078
5205,959
5724,1524
2601,2872
4,294
5482,2176
5062,1590
4064,990
3403,1281
4989,2243
3700,2965
665,942
1838,2297
1511,1902
647,521
5712,1298
2945,1719
5125,1730
5450,1298
3296,1010
2781,2816
1838,203
439,757
4790,2191
1567,871
4989,1088
4448,2427
1996,2482
497,1866
1772,522
3124,122
4803,1837
1293,2739
3903,1580
3872,15
2464,1015
1714,517
4792,924
3856,421
5790,965
1746,1903
5831,966
766,1128
3364,898
5907,961
2388,2309
79,198
1772,1811
971,1533
3021,909
2221,856
381,1667
5291,3065
4697,2326
2190,230
123,96
5840,1028
2266,225
2345,518
5949,971
3512,2058
5835,1623
2987,924
4184,2865
4929,1521
5772,520
1093,718
4746,124
1516,1575
4966,2342
181,1390
5885,397
1476,2176
3022,329
4533,16
2449,467
1975,3028
5020,1043
2582,996
3754,2880
1216,909
1154,31
4648,2568
3194,971
4304,314
1621,2126
3476,2377
3802,2547
3452,448
1267,847
3908,1253
4223,325
5527,2163
3961,325
499,2961
2612,996
1427,1479
5600,1860
4055,899
846,975
44,287
2709,1279
2425,1520
4657,967
4813,1480
4286,2717
3391,1084
5745,2214
3259,2096
5852,1522
5471,110
2446,2747
6,1119
1912,2059
4161,1675
1284,2490
4897,23
876,975
1887,2002
3117,1639
1761,2829
959,2141
5396,875
979,2793
3935,2271
5294,598
3882,2610
5742,2451
4661,2348
1108,170
4910,608
173,1582
3323,1865
878,3091
2356,2830
4892,968
5119,193
5579,1117
1567,1623
4185,325
303,1813
2120,1018
4035,1512
2598,1582
2990,120
1605,1326
5061,1127
5892,1055
3815,2677
2731,2111
3402,64
4356,557
5211,1071
2465,3123
2284,79
3403,639
1008,1228
2642,726
5484,856
5676,1026
4762,871
2661,1907
369,2409
439,704
4369,2862
4110,127
1644,2728
4528,640
3180,193
3228,1173
5482,379
3713,464
5079,928
1114,469
2380,2769
649,2584
568,1464
4658,871
1139,2219
1392,413
5578,1780
5617,954
514,2167
5708,1072
3165,1009
1620,48
3325,732
3796,2569
186,1547
119,325
146,1182
4810,861
414,1936
2165,521
4852,1272
4451,928
646,192
2652,2302
4500,820
1583,516
1464,824
317,2353
5635,570
5346,467
4490,482
486,95
2459,2257
4467,2750
3961,138
3790,256
3311,29
1022,1014
2300,2385
4980,467
4961,225
3613,744
106,1917
3000,517
4185,943
4216,256
1457,1292
5208,1041
4160,324
5426,180
1528,943
5387,1915
695,1908
2183,645
5751,3131
3055,574
5767,3075
2654,2859
1006,1019
2506,517
4997,2110
1277,1482
4011,2079
5335,1351
5414,2398
5825,986
4863,2295
2215,718
3589,1797
5506,2926
583,512
2195,1005
2336,2176
1873,954
3480,2793
2528,2346
3672,519
5900,1510
51,1590
3113,2218
914,2719
1590,1016
3959,734
258,1102
671,517
690,759
3716,1730
4196,3121
1887,1010
5770,2568
5078,1294
5250,2532
2941,421
3426,1402
3856,986
5700,1048
2522,2689
5452,946
5446,2629
5057,1356
1882,1016
5696,525
2609,1530
589,276
3084,2577
5202,956
2996,478
4928,2639
3214,1869
452,944
2134,2176
2356,2777
3374,57
540,10
4394,638
3480,2927
1986,211
1521,2326
1430,518
712,467
962,1581
5411,140
3377,2398
4210,1618
973,400
3707,997
393,1811
1107,400
2678,1084
446,883
3820,874
1029,709
4967,2728
5160,679
2238,31
1446,997
312,1822
2444,99
4099,1228
5896,2410
2847,489
5581,1086
5794,2133
2131,2793
1062,1007
1764,1279
3930,638
2355,966
4972,978
3616,2922
3882,3041
4190,942
844,2218
3884,643
1874,1043
4200,2569
4630,2153
915,1869
688,2644
1249,991
5824,2133
77,2490
3974,536
3750,828
1193,1813
2160,2568
473,211
3150,274
2230,274
186,1844
1270,2218
1904,1043
3881,2415
5166,39
5214,2739
4174,193
