u,i
2773,674
729,2244
2687,2620
340,971
5178,49
5398,2267
2824,639
291,2018
2540,880
3269,1255
4768,1871
507,330
2248,2923
4727,1281
2755,1973
210,2029
327,2614
4983,712
5764,1277
116,1613
4223,435
1238,27
183,391
2502,746
2951,572
4568,1409
3888,896
1883,2394
1180,2651
1536,1532
786,1034
2016,2923
2307,1409
1923,480
4389,131
2494,1235
5935,2448
2232,1235
1437,1526
3011,973
4145,902
373,1804
2952,1332
2623,110
26,1696
5571,1390
1149,1244
5836,2627
612,1039
1023,2825
5548,1406
990,433
446,1501
4954,1421
5076,2350
4788,1129
5204,815
3049,2554
5905,862
3582,3017
2417,1523
1295,1419
5863,636
4144,276
3992,2134
4415,739
258,110
953,2621
1636,2651
5158,820
2830,2631
244,1932
1749,1774
417,1860
2633,1528
2989,409
5583,2689
3341,2554
2016,3057
2047,2370
2245,665
4672,2243
4185,435
2447,1523
2153,1076
317,1629
1891,1076
3861,1277
3606,2448
5351,87
1613,3017
751,1332
3650,276
472,1917
4445,739
5259,498
5336,718
1855,2550
2557,2822
4322,1837
1870,1138
4160,755
3153,409
1389,276
1363,3027
2715,2627
4140,1042
315,2872
5805,2859
1980,717
2412,374
8,1409
3661,815
61,1235
3982,3085
997,2677
4674,1915
3922,590
4956,847
3166,55
5289,498
612,1523
3764,2633
4748,1837
3447,2926
2277,1088
897,2446
4288,1098
3403,2627
1959,1718
3127,477
3371,837
5599,1828
4508,283
4062,2448
3387,3033
4053,642
4175,2325
2002,1041
118,614
1238,645
3873,2926
1970,2257
4738,1684
3150,87
4318,1098
3471,2357
1494,1739
4144,1699
1845,276
2731,2355
1311,2032
1707,2786
4336,1869
1261,225
5678,27
1452,1513
1526,1462
397,2631
3389,1766
4800,283
1214,409
3975,1109
3830,2448
2825,3121
256,1837
2207,1796
309,717
2931,1073
5581,1033
4803,739
5665,2424
1594,815
3151,847
5059,2614
5148,1151
1341,2032
283,435
4425,1695
4401,1109
5497,746
10,276
4643,3086
5159,1690
2785,847
3805,2926
4490,1531
5367,1804
4566,1526
1221,21
3333,837
5399,746
2870,1335
3656,2244
118,1098
5912,1496
4119,433
5650,1496
2405,1915
5397,1804
1388,1073
1467,1366
3172,330
830,2243
4605,2578
1702,2926
1707,826
2560,2957
194,2032
4660,1696
52,3080
5733,1157
4533,1362
2697,1915
3887,433
5809,1906
1776,781
4859,1532
4943,2923
1536,540
4239,2578
4972,1409
3153,1377
2888,1860
4058,1254
3662,1254
2079,1
4171,1131
1143,87
282,1448
626,1258
2357,3163
2579,2044
3016,2045
1087,155
1978,2578
13,277
1699,3163
5910,645
759,1787
2192,63
848,1078
3207,2552
3601,1917
5369,2923
2745,1932
5443,2872
3106,1157
1265,1366
4627,1532
193,63
3899,793
3403,1151
5323,1235
2790,2614
2864,2563
2184,2804
5892,1917
4388,957
5740,1523
1392,2080
529,2614
1678,1131
3588,1281
4027,1917
2388,2984
494,1869
968,971
4008,1086
4421,1255
3667,793
5615,1235
3452,639
5274,942
5389,892
4943,3057
5617,527
718,981
1590,910
745,2804
435,2578
1271,2850
3483,2554
5369,2118
324,2747
205,1335
4644,896
14,1767
714,458
845,1695
387,63
2059,3051
5029,2427
989,3137
1259,746
674,1813
5598,2355
5909,527
2846,2872
1299,330
60,3051
2228,1547
1512,1377
4081,409
3901,973
3333,1455
4471,2257
5144,845
3352,2636
630,1110
4436,758
4530,2837
5234,738
526,2450
552,1419
980,2620
2465,1086
2234,2651
3428,2631
1647,639
967,880
4069,2627
94,1480
1868,49
3468,717
3958,2796
4472,3017
5441,435
1693,2677
1982,336
2637,1728
660,1110
5259,2084
1947,1281
563,1177
2784,435
4057,1462
3795,1462
4361,1873
3397,2355
1019,639
3237,942
329,192
463,192
779,2872
2675,2370
2966,856
1374,49
3236,717
5944,847
3951,2914
257,1255
1372,942
5816,847
3636,1590
4410,984
3312,712
4093,1277
2345,1677
5401,2325
1727,2796
4540,276
4490,2633
2456,727
4228,2633
5207,739
4584,1514
5934,2007
4263,2627
5548,1971
5718,2382
5134,3085
1390,1871
1383,892
1782,409
3382,1831
3980,2689
1208,1076
5521,498
946,1076
3563,1088
4392,2633
3418,2427
300,901
2433,2032
2443,276
4781,1627
4915,1627
4151,1231
5876,847
366,2837
2262,3089
5252,1397
3750,1072
503,856
2853,1278
4897,2926
4040,87
5208,1098
5303,1335
3140,1493
3787,2243
4229,2588
1958,1523
3709,2552
765,2145
1537,712
4112,498
3716,498
89,815
777,435
3454,498
367,2257
804,2258
1217,2427
1809,87
1547,87
504,276
65,2858
2226,2627
242,276
2219,1648
4850,1366
4254,2244
565,1683
5446,1397
2320,2639
5911,1167
792,1093
1986,1073
4245,1377
3880,498
5411,63
4932,1526
272,276
3801,1336
4479,268
1041,2736
1223,498
4289,2588
5055,1367
4709,730
5053,540
5423,73
2215,3003
2564,3157
636,1869
3237,1910
2726,2926
2330,2926
5427,1131
2003,87
3090,170
719,1345
1911,498
1515,498
3239,2922
3528,581
331,2926
1649,498
2564,1063
3789,1110
1621,170
934,1684
3131,1110
727,2145
4411,110
4490,1157
474,1699
4512,916
4705,1496
2599,2188
5842,942
3002,2578
2286,910
3344,63
3127,1526
1298,806
3662,2624
4753,1917
4770,1332
2882,1695
4508,1332
4484,746
4909,2430
5662,193
2068,458
4031,1932
5870,896
773,1335
489,1576
1702,2552
2808,433
3754,2563
846,1813
2964,192
894,2793
4929,49
4208,289
3020,1255
3508,63
3611,1696
4284,284
1866,1613
1033,2578
2244,1973
5697,2257
5900,896
3403,1932
1247,63
4320,880
1866,2552
773,2624
3779,1465
971,2639
2841,916
623,1367
5093,49
2622,2306
4100,2045
4702,393
5901,717
4645,1579
2463,1495
305,1997
699,1362
2232,808
2994,1131
1491,3025
4736,916
3411,1419
1021,2352
2762,973
5181,2498
1277,63
4088,880
2307,1332
2381,1281
3169,2825
5390,2837
5602,276
2458,1501
648,1023
4065,896
2143,177
3669,896
1693,880
1810,1465
4062,3042
5449,973
2288,2029
2862,49
1036,1290
5525,968
19,448
136,1033
5361,1503
2016,752
1696,1336
3623,901
1300,3056
4206,727
1678,1696
2096,2209
921,27
659,27
5614,636
4222,2923
2141,639
1857,880
1695,2804
5860,1042
60,2327
2183,1804
4795,718
3226,2554
2088,1917
4332,435
5796,276
2647,1157
3526,2257
1031,3174
5007,1513
2990,742
1615,2636
1713,727
2437,758
1057,1362
255,674
263,2255
5817,1503
1402,2528
2286,1528
4627,1642
2471,527
5083,195
1106,665
3742,727
2006,198
5118,2633
5593,2926
3294,2257
2748,2498
5642,1098
2707,245
3555,2032
5709,2320
666,1332
1877,727
3413,636
2776,1513
190,814
4032,2371
5260,1935
2421,3042
2292,942
2410,409
717,1270
2807,1765
1174,957
1776,1025
5623,2926
3912,2427
1749,1831
2685,55
367,2554
3106,1051
4262,739
1349,2651
1022,1502
3021,2633
5483,1576
2551,240
3411,1098
3053,1390
1334,276
2583,717
5351,144
56,3042
1305,2729
3564,3033
4223,1915
5391,2926
661,2627
5071,1258
5425,1756
4508,2084
757,645
404,1281
538,1281
696,2621
3313,2633
1511,2016
5577,837
1102,276
5381,2588
3710,2454
2722,2350
867,409
354,3042
471,409
4535,847
4800,2084
3745,2448
2678,2243
2650,195
4589,329
587,1523
4424,2736
721,1523
3739,2633
5213,910
5861,1131
1859,2325
5781,1367
512,2288
1866,271
2769,1765
4627,971
4400,2500
415,2355
4897,2552
5396,21
370,892
4155,1915
3150,144
1102,2504
3263,21
3507,2633
2863,87
4227,2922
2205,87
880,590
1246,2633
10,2427
4,892
2432,1971
4185,1915
5804,2825
3672,2296
5062,2188
587,718
2182,1042
5348,330
5692,140
5160,1033
5771,433
5430,2614
3616,2926
5887,1547
4906,2614
3863,2803
5050,1804
1236,1514
2511,2614
2086,1684
4703,1696
5389,2209
3534,268
2157,1335
983,2007
4196,2804
2062,1448
5527,49
372,1072
4219,721
5745,2194
5117,1871
534,87
4345,79
5544,1157
1586,1869
2018,1526
4041,3051
1035,1766
763,1078
2726,2552
2330,2552
5804,2959
5759,1496
3276,2430
4566,2872
3396,1034
3721,602
4982,1804
522,1366
119,1915
3720,1131
4897,942
5764,1281
430,87
5099,110
5020,2446
4478,2651
4438,1532
1561,2347
854,2485
5759,2785
5343,1409
4730,2872
948,1366
1017,971
1760,1244
5189,942
5347,1528
4927,942
2752,2029
4610,1235
2019,192
2129,2804
5359,1353
2751,1804
867,1377
1342,2424
4167,665
92,2320
3922,2554
3360,572
2854,1932
1257,781
1895,2758
4715,1409
1308,746
1003,110
1743,674
5824,527
3043,1804
3177,1804
2559,2923
647,448
3824,2554
4985,896
2803,250
594,63
5543,2355
5011,1528
3679,860
633,2620
1244,330
2462,896
3782,49
5879,1523
770,639
3463,1235
3764,409
3593,527
3727,1281
1521,49
3160,645
4807,2822
1113,1917
339,79
2341,727
2358,896
4032,1513
2096,896
2261,963
2264,480
1825,3062
2890,942
2969,1235
3702,820
1723,2785
1327,2785
2755,717
580,1804
2990,1523
5597,847
2238,198
5364,87
3442,2586
4483,2324
1143,1917
2633,727
5668,498
2767,727
5879,718
1672,2446
5465,1078
1404,2631
5366,1072
388,2923
2599,1493
4581,3017
691,480
202,1255
890,1629
5365,847
1000,1235
3546,815
1101,2041
786,717
3384,487
3167,1950
4485,276
2582,3017
5039,862
235,614
5436,498
5909,718
4166,1462
2483,2257
2665,1739
2269,1739
4648,2145
112,2651
2691,2371
4847,1042
3861,1765
3804,1231
5593,2552
1030,1235
4867,2448
5247,1915
1635,820
3772,195
3338,3121
664,2575
127,3124
1519,645
223,2832
5856,2373
4631,636
1422,712
2203,1277
2254,276
3140,2355
3491,892
5218,1335
3117,2371
1028,2478
5771,730
4217,1935
1927,820
2866,1971
388,3057
3971,2633
5468,170
4561,1186
1009,2586
3065,87
4820,2578
3235,498
2266,636
2400,636
1703,1462
3952,1078
2654,1684
5321,1813
4849,283
1048,2699
5482,1916
998,892
1264,1765
5039,1346
5815,1567
5894,1860
1093,1129
5766,2614
110,3089
4685,67
5884,391
722,435
4273,1254
4847,1526
3371,170
4802,63
5260,1695
1230,87
1335,2355
311,2032
2424,67
187,276
1116,739
1873,718
431,636
565,1390
1743,837
246,856
3818,2552
5597,1465
5743,1290
1388,2366
1126,2366
2136,539
1874,539
5456,2923
4618,2578
2056,21
1340,605
4812,1131
2038,2633
4108,32
835,847
2492,2803
5203,2450
1168,498
3193,2850
3766,268
5385,1932
3967,2244
5746,1157
1154,2320
369,1047
3151,2624
4223,1675
1153,1129
1623,1078
3939,1916
5062,1464
965,1078
3577,746
3654,966
2429,2639
5046,2651
4220,1377
5445,2922
1785,847
5885,942
3505,2563
865,847
2909,997
111,2859
2766,3163
4997,1419
1079,806
2863,63
3393,63
3107,2675
2028,201
5488,1656
352,477
2394,2244
854,1627
4460,433
673,2747
4171,330
2027,730
4995,1531
5389,896
349,1869
5456,2118
5738,1804
5912,2923
3396,1465
629,2448
2067,1068
4878,1131
1910,330
4907,2815
607,1346
440,2926
1049,1
4273,2677
190,1997
2961,1695
5530,727
5815,896
5325,480
2183,2532
2861,1464
3305,192
3437,2563
1849,966
2022,2614
3897,1235
5361,1076
1248,2439
2313,319
1418,2850
3942,1917
4646,572
805,1869
4105,1157
4664,2841
5583,896
992,1695
5063,860
2757,2430
356,3174
3007,2578
5684,2641
1713,2394
744,2532
485,2803
172,2306
1132,170
1519,808
3512,1932
4611,1086
4468,2498
2369,1917
2816,916
782,3174
5207,2837
2136,1157
4324,2749
3745,3042
4392,409
5006,2554
2120,1563
14,2255
472,2352
446,1131
2399,1917
2483,2554
5499,2837
3797,1138
2305,1501
5693,1390
1508,1157
2136,2446
4094,2822
1785,1465
2292,2959
5134,3089
588,433
192,433
4726,820
3645,717
1508,2096
2332,1045
2017,1973
4379,712
1464,1235
4070,2586
5345,276
5479,276
3371,333
1191,1076
1626,250
4764,1462
252,2554
2605,49
4325,1765
2397,2729
2361,820
5887,3080
1121,3124
1429,1025
3595,1138
4149,2478
3233,1688
3895,87
5120,2386
2852,276
1164,727
1577,896
3920,1837
1778,2872
5477,1869
2232,2288
3393,2320
3047,1683
4515,734
2419,2114
2104,3042
2352,892
5753,986
627,495
1279,2370
5167,1828
5306,2926
2589,1744
3403,2257
4910,2926
2723,2498
438,973
4328,1258
176,973
4207,739
590,1744
798,727
5569,2747
1142,2257
4805,2351
3688,1837
3356,1098
2396,3042
1014,3011
5804,1109
1910,1082
5462,1345
3404,3017
3333,333
3348,3085
2735,2858
3511,2325
1716,435
632,815
2996,2633
3392,2633
3552,636
5834,1109
5610,2347
785,276
969,2837
1671,2355
5298,540
2564,3161
2603,837
2245,1129
115,1235
1257,1025
3547,642
4512,3014
379,527
62,820
4374,3080
117,527
406,2350
2219,847
3160,2633
4032,2562
5692,63
64,2586
2120,87
5888,1695
3763,2145
1910,277
5172,27
4552,319
5423,1366
5440,781
1517,1514
3702,1869
3700,1042
4708,2552
666,1873
3603,1109
4699,746
2016,2366
2849,3121
5001,330
3130,1828
3135,2926
5031,2424
5707,721
1705,1915
3248,2049
564,815
5065,1254
2623,1997
4862,925
1503,276
539,758
1739,1684
1677,806
3857,63
3779,2624
4610,2552
5706,2189
5329,2239
3784,1278
568,2627
3486,1813
5033,1157
3319,2639
2863,144
3674,2049
4694,910
5866,1131
1590,2500
4536,1290
765,1828
4879,1629
1823,981
2590,2614
1507,1684
2961,837
4542,2209
4900,1917
4258,2450
4850,110
5034,1917
651,1699
3423,2588
4178,1932
4818,572
5897,602
5767,721
1350,2639
3485,433
4610,808
4044,2117
699,1366
1000,540
1679,3080
316,847
4901,2677
5014,110
4396,1229
3528,1419
2052,63
1656,63
992,837
2458,1505
2143,181
2615,2620
4862,1409
2573,674
5078,1973
2564,2840
2189,1465
4830,1871
5929,1025
2066,2563
5815,1677
1271,602
254,1258
5228,1917
1193,3163
2903,27
3976,1932
5471,1086
3850,2759
3133,2209
1701,2815
4136,901
4497,880
2833,1917
3679,433
4078,896
5532,49
4957,1804
559,2244
430,144
4764,1409
4182,2939
1040,73
2057,2635
2993,859
1974,880
1272,1362
1568,192
4293,1235
5252,409
2230,2563
3883,3057
5258,1917
4972,1523
3597,973
3984,1419
436,2029
553,2614
501,2424
2834,2677
1332,2352
3605,2554
3071,2620
4268,2117
5943,2370
4902,942
1149,366
5117,2062
5413,892
2862,2631
1012,1034
702,2306
1846,2923
714,1377
3973,856
3687,1024
2964,814
2401,2394
3944,276
2256,727
759,746
3376,758
172,1932
5817,2796
306,1932
1304,1034
1436,2651
1749,896
1018,448
3709,409
1366,1131
3355,820
3403,2554
2797,2744
4056,867
2794,2446
5473,892
2761,54
2286,727
5944,477
534,1917
1508,433
1384,2087
847,916
2437,896
3144,758
2590,1138
5002,718
2175,896
3739,409
1982,1255
2823,1871
4206,2504
2910,527
3137,718
1635,393
4300,1385
5415,1072
659,1804
1923,1025
863,1045
4782,2822
3073,2396
5286,2355
581,1332
989,1157
3045,2822
3826,2633
5362,2350
3896,1682
2139,276
647,639
5614,319
1665,2837
1087,2631
3153,820
5364,144
2468,717
5462,487
995,3042
5048,847
3625,815
2742,3171
4619,2427
2131,3017
2850,1950
2265,3017
2180,435
3594,2633
4666,1684
2166,2257
4459,2145
2659,2355
5369,2366
424,193
1907,276
5718,268
181,435
4718,1093
4792,1042
4862,283
629,3042
2117,1025
1754,973
3474,2689
4288,2448
2457,1093
3212,2689
977,527
669,374
1278,455
4836,2253
4227,2926
5330,2788
887,1765
4282,2633
3965,2926
3879,1462
4665,2371
4434,1684
2071,276
4560,1042
2392,856
2545,1098
3627,837
2130,856
4826,1915
5306,2552
531,3042
4323,540
2148,1627
3626,1366
3681,1073
2325,3017
3123,2243
2563,1088
1176,713
3029,329
3312,2115
2273,1514
2634,739
4628,1526
4717,63
1981,2803
1743,1699
3718,2244
4910,1397
3273,847
5711,2614
2345,986
2727,1088
4919,170
3380,155
1100,2946
5405,63
1012,847
2598,2371
449,2427
3687,837
583,2427
3947,2639
2742,2500
4607,433
639,2709
1148,2586
5054,718
1438,847
2635,2788
118,2448
3101,2029
4597,2347
3239,458
5202,1932
2263,1869
5938,1034
3531,2552
3135,2552
2873,2552
2937,1813
5055,192
4492,1018
5431,2923
92,1385
1716,2639
1160,2946
2712,2634
3833,1547
810,847
3131,2029
5203,63
4846,957
1277,498
5838,1742
201,739
5855,1157
1488,910
2725,1526
46,636
851,1787
4361,2605
1620,837
4176,2825
2077,2244
3243,2620
3458,330
5072,896
1770,781
32,1869
1983,1828
4180,1254
3352,2563
5470,942
3556,1804
2965,1336
2972,63
2906,1695
3857,1917
5347,727
4151,674
5431,2118
3922,814
2172,2639
2215,1023
1800,781
2558,1362
3502,1167
2841,896
3655,1409
4804,2370
5934,645
1178,1377
5244,198
3943,2041
4240,1281
5243,727
3625,1917
5132,896
4067,572
4290,55
4176,2959
1881,746
5200,276
2954,2651
3267,896
1257,330
3929,49
2661,1086
3354,1804
4063,49
3667,49
3660,3042
5014,1025
3911,409
623,192
1743,223
1930,49
612,1531
5011,727
2767,3175
4109,2087
5778,2360
1244,1973
4697,2257
5612,2822
705,1695
1782,336
4572,276
1468,2620
2516,331
778,1419
3245,706
4770,291
934,1932
237,2758
4709,2267
2023,398
5178,1025
797,880
4271,2041
919,2563
4804,2504
1163,2923
258,602
3009,614
1985,1045
3069,1419
930,2163
2931,3175
2609,3124
4417,1277
4864,276
5705,892
4602,276
4920,2837
1587,1157
5625,374
3713,1871
3971,409
4102,892
3804,1235
5032,2489
5934,1129
753,2651
1133,2118
2124,49
1496,480
2777,614
745,1255
5626,1915
5939,160
1190,1871
3320,75
5937,87
5097,2325
5435,2320
2496,2257
2630,2257
472,2759
4093,2627
5392,1869
3358,717
572,896
5049,1503
990,1409
785,1943
1609,892
915,1235
4045,2586
2641,2796
5127,2325
289,49
5576,1397
5216,862
766,2832
2979,2791
714,198
951,1831
3496,277
5286,1042
1260,896
5007,1627
4854,2351
258,1086
3252,856
2634,1975
3388,1683
1812,820
2989,1385
3421,1042
3895,144
5204,636
3423,1088
3949,380
3030,2325
93,645
2720,1345
5450,1042
4500,1422
3435,1098
4713,2469
566,276
1803,892
3766,2366
2238,820
5039,2639
502,291
4187,144
1807,1765
4942,2706
3737,847
1533,250
5031,1997
3601,986
2289,2448
3020,2926
5217,2352
2538,1462
2758,2926
41,1744
593,2257
3781,3024
5632,1813
1437,892
3968,2850
3803,1093
3935,458
277,1462
3615,1042
4648,1828
341,2386
3357,1915
3727,1448
3935,1397
215,1523
342,2796
4019,2788
2914,1345
4349,448
460,3017
4206,2614
885,2257
83,815
3397,1
4290,807
1669,87
2144,380
4227,458
75,173
1489,2371
1217,1683
5642,1346
3152,1109
5896,2394
1185,2145
4120,746
4650,1500
4916,2373
3078,1345
1670,847
2498,1258
1138,986
1048,2032
1168,3080
4831,730
3802,63
5830,1932
4553,1917
1929,734
4150,746
4957,2532
5382,1018
4716,1157
5223,207
4163,981
5006,2424
2294,2552
4093,1151
4060,2923
4416,1804
2881,1531
5264,1147
3041,1254
4421,458
4562,1629
3784,1335
2483,2424
289,1017
1743,170
4862,1332
1548,2146
4576,746
992,1699
2268,2243
4257,1932
4993,1034
645,837
3384,2532
1157,2675
763,1058
2392,966
2772,433
4293,808
4582,2631
5155,49
4705,752
5708,198
3600,63
527,966
5759,2415
2185,1804
1125,2578
4442,1281
3420,2347
2138,268
5194,916
1780,1526
2764,730
413,837
17,837
814,1935
3749,536
3064,433
3680,2651
4664,1101
2422,966
474,2244
546,1366
3672,1255
490,2188
161,966
3664,3057
2215,1804
3765,1419
1729,2850
2928,3174
2092,458
1178,2747
4180,880
5694,276
2516,1917
2862,110
4006,727
587,27
929,3174
1903,936
838,1366
5215,49
4288,3042
2760,1496
2101,2614
659,2532
4816,717
2245,1804
4396,131
5251,645
5383,3016
2697,1147
2544,1871
2525,1629
761,1496
5332,984
220,391
5598,1103
751,27
3791,896
2879,814
4926,1235
4318,3042
3380,49
2344,1409
1991,2045
2190,942
5112,55
1564,665
2405,1281
1332,2759
3889,276
4023,276
4386,1082
612,1157
1633,2872
4159,1076
5637,815
2904,820
5612,2448
2716,1523
3520,2257
3131,984
3919,276
1573,727
2382,896
4644,717
4439,1251
5251,1129
2059,2872
1789,3011
144,880
4971,2243
5243,487
3214,3089
4964,1072
2727,527
2794,2503
3939,1278
2657,3171
4152,2325
643,1917
3425,276
1754,896
4849,718
4142,856
4319,1684
2204,2822
1822,276
5746,2397
3134,477
1429,1513
3246,718
3617,1385
5508,539
3820,1744
2388,2350
3842,1503
3394,3033
1880,1385
983,645
2471,1072
1552,3017
745,1231
3539,2633
4378,170
126,435
1017,2858
2693,892
1022,758
2319,2371
2415,2833
3146,837
3170,1231
5818,556
694,892
4104,2792
1800,1025
5157,847
0,1235
974,3161
788,527
5380,330
1782,1385
2642,2243
385,1076
751,645
3158,847
3526,1997
3519,826
1349,2257
1161,2206
5571,837
3962,2335
5570,1366
4243,1042
3310,837
426,1235
3951,3085
4247,1915
5357,1258
742,3161
2244,1042
2008,3017
979,2350
5239,448
321,2350
1775,1503
3812,2926
4624,2804
3380,1017
1060,2689
2285,2736
3259,498
2601,498
1593,1462
3320,185
3229,1787
1257,1513
686,2478
5691,730
47,276
2655,734
3035,201
5010,746
4298,540
5440,330
5445,674
3160,3121
2836,2243
3218,847
2686,986
5394,2614
2419,642
328,2366
765,3121
2520,1448
2594,1397
4221,2922
1447,2926
5393,110
5534,1281
3020,458
2361,1576
5308,1500
10,1683
5347,2394
25,1025
489,1129
162,734
5162,2614
1129,2243
5568,1804
3343,330
3057,498
5452,1629
1737,1345
5431,752
5111,1336
2808,925
5423,110
1882,1699
3678,27
796,498
410,2906
3705,1850
2674,1110
3763,1828
660,3054
192,734
3924,433
4738,192
4980,2923
1730,2244
797,319
1229,730
3416,966
1327,1073
5188,2872
1010,1366
4436,1547
5802,1045
5635,1871
5335,1579
2429,1464
889,847
619,986
794,21
4762,1717
2506,1684
715,1448
3471,1804
656,87
1239,2357
1325,1377
1743,1890
1834,1254
932,2614
3893,746
1303,837
5030,192
4350,433
4255,2825
1295,2639
220,1627
1498,2244
1040,1366
307,283
3010,1567
5759,752
5857,2041
2639,2563
2978,2029
990,498
4393,1419
4148,2554
4896,727
3144,1917
5312,413
358,2850
267,1042
3307,1157
5308,2923
1101,679
72,12
2792,1465
5574,3042
1568,330
5048,717
3047,2923
3983,1147
3172,1871
4989,1076
228,1464
5560,1831
83,2803
3782,110
3265,1281
1357,268
4478,2257
4749,276
5208,3042
1034,746
3121,1532
1887,433
2816,896
2859,1532
3339,2923
1341,674
1979,2651
4393,614
2019,737
183,1290
4438,3016
4479,3017
711,1409
1351,49
5448,435
3935,1641
4151,2959
4206,2858
5634,3042
847,2209
4517,276
1155,110
5799,2355
1289,110
936,746
221,1932
1749,1034
3863,2677
3954,2041
915,808
2460,79
2742,3175
1441,100
2218,3175
2464,198
4632,2858
440,3174
3863,3027
3166,1409
5819,1078
2682,276
2564,1718
816,2118
950,2872
4821,2915
5173,1088
5350,2478
3992,3033
1012,717
4711,276
5924,498
557,1076
2553,2498
4392,1462
2179,2257
2852,845
4824,1873
4278,2114
1024,727
3291,892
4547,2504
383,896
5028,333
5255,1278
1256,1235
1176,717
2024,2504
5584,1719
2053,1744
4825,2633
4904,2926
1776,712
4167,2633
4327,636
3389,87
3542,329
2349,1513
4969,1042
4298,837
621,845
4322,1231
481,276
219,276
3758,2586
3787,1072
4769,2859
2501,1503
4276,2926
988,2709
1005,2124
3949,87
4119,498
5046,2578
4681,1699
4285,1699
5197,2747
4433,2351
3533,374
3608,3177
511,276
1090,892
4612,781
1117,1025
4623,2633
741,1677
5259,1531
2965,1206
219,2504
3491,498
2021,2340
5352,1695
1584,87
1014,2186
1778,892
1561,2355
3283,734
4701,422
5372,2347
4508,27
201,2837
1307,718
2902,1042
2231,837
2012,1473
3564,1915
4543,21
4768,2583
398,2627
5434,192
1980,2689
867,1385
3850,966
4344,2255
1639,144
2544,21
4870,1547
2745,1997
2507,2583
568,2257
745,3085
1082,2478
1238,739
4484,730
1337,1684
588,2320
1999,837
259,1098
3812,2552
1776,2485
5532,2578
1495,2243
1767,487
4874,2578
4270,1151
5837,1871
4297,1254
5529,1526
126,195
4909,320
597,2032
1347,1032
1686,498
1820,498
416,1462
2322,1648
2415,2593
971,1684
2029,837
2163,837
480,2386
2558,1366
5481,896
627,1093
1969,971
5627,721
2041,847
3319,1464
437,1935
1581,2552
4656,32
3943,2045
2045,966
2198,1962
1081,1448
5885,198
485,636
2837,1131
3119,63
3618,942
3752,1696
5011,2825
3158,957
4679,1332
4259,746
1876,2850
2113,319
4212,2620
17,1699
1447,458
2677,2347
2715,2639
4241,1860
5707,1774
4215,639
4349,639
1104,1058
5004,2785
100,421
2717,433
614,642
1447,1397
65,1366
4843,1147
2379,1377
3960,2749
3263,1131
3648,942
38,2926
1802,807
3032,2696
4818,336
3804,1455
4504,2620
3103,2347
2418,2244
4610,572
2703,2605
4513,639
2453,2430
2747,433
2198,1157
792,540
5269,1147
4011,2872
5907,3124
2144,1860
4019,1235
4244,1353
1410,2804
5068,2554
4417,1281
843,2922
559,3163
2873,3174
5767,1774
1412,2850
4000,1932
1493,1526
3738,1932
1947,1696
4445,296
5011,2959
2344,1332
5639,276
2065,1917
187,2244
3265,2651
4502,49
4063,2631
3667,2631
4183,1235
934,192
2586,1804
5533,1728
3344,665
4044,1076
286,910
5079,2689
5014,1513
217,2244
3474,896
2004,2738
796,608
4910,409
713,2825
4370,2350
1870,2923
5696,2257
2163,1455
4369,435
5394,2858
1247,665
1068,3174
672,3174
5178,1513
703,43
23,284
4293,2288
2342,639
4456,1528
423,1157
3098,2837
5629,1385
930,2651
25,330
3736,2370
1234,3062
2875,2041
2670,2575
3630,1385
1909,1696
2012,2575
2769,2554
3959,1072
4886,1462
812,336
4380,2822
3602,276
1518,727
3340,276
1459,1086
1608,2872
1214,1255
713,2959
2843,409
1645,2939
2934,527
289,2631
829,101
4762,1022
3905,435
5806,1997
5057,2633
2008,712
4809,87
3370,276
1124,2651
5859,1042
1590,1138
831,1086
932,2858
3939,1335
3994,1042
3758,3017
234,49
2729,2350
2746,1765
5688,1345
568,2554
2521,2586
3796,276
1497,3017
4436,3080
3088,2633
5736,1766
5474,1766
5090,837
5502,781
2398,2371
1238,1975
2759,2350
3883,2500
416,820
3236,2689
261,717
434,645
2870,87
2615,1258
4105,2320
3415,1873
2365,329
4030,2146
5642,2639
4176,1971
3792,1042
5053,2244
2825,2007
56,2355
2174,734
4588,1915
4290,2450
3132,1935
3846,1278
1846,2366
1915,1971
29,717
3972,3080
5810,910
5498,1547
355,1641
2060,2325
2715,1997
5666,1131
356,2243
2808,498
1851,1397
4449,1167
2546,498
2458,2371
3547,837
1624,2145
4356,1915
4547,2614
1961,1915
3525,2926
4151,170
4631,807
4285,170
5854,27
4327,1335
1142,1997
3831,1131
145,87
2800,391
1086,1873
4768,2209
5714,2087
788,718
4666,1932
810,477
5287,330
2852,2244
2463,971
4529,880
4973,2614
5033,413
1846,2500
4895,2923
5602,2785
3367,1377
3716,1531
1548,1345
5058,1409
4268,2044
3239,1377
200,144
5752,2729
3727,1131
4405,63
2266,807
2830,391
5194,2209
2766,2850
947,2818
3495,781
5518,54
5239,639
5003,1860
3695,2532
3075,572
2619,329
580,2243
4954,1409
5155,2631
3819,1255
4934,942
857,1962
494,1910
5532,110
3308,2244
1121,1254
2239,458
5453,2446
3966,901
4327,880
4537,1656
4895,2118
5948,173
3372,916
3484,1157
3771,433
5163,2872
610,2243
3698,1086
2239,1397
5086,1871
5122,1528
4895,3057
5696,2554
1701,1721
472,966
1649,1531
2067,2044
2566,2923
3823,973
3561,973
1398,1131
54,2146
3082,746
3245,2430
3531,572
4417,2651
4804,845
2011,3051
552,1110
5073,1235
5257,3042
38,2552
5940,820
2472,1167
2556,1804
2952,1804
4046,614
2086,1131
1562,1131
4871,727
2190,3174
2857,1917
622,509
1666,3174
816,752
5864,2114
303,1695
5153,3042
1672,2430
1966,433
238,2209
2804,1532
1286,674
2499,896
3380,2631
3557,49
5023,717
5133,2575
2722,2631
3295,49
5394,2350
628,2394
523,880
1782,1255
4017,973
517,2563
4627,902
761,2923
5010,2360
526,1336
2451,2518
4462,276
4596,276
4200,276
5413,498
3410,2631
4867,1493
3485,1462
3721,49
5820,2350
3056,3042
1528,1496
1311,2959
2519,2837
5748,195
4392,1385
2530,717
1064,49
745,1235
4093,2257
4888,276
2938,3171
436,1419
40,1419
4173,1462
2693,896
2159,2652
1003,712
1041,1004
3009,2822
4771,2320
1341,2959
1969,276
2153,2837
537,3164
4222,3017
862,480
3057,1523
588,1409
3967,1744
204,480
4646,2032
5303,87
3947,1277
2600,2775
4463,2325
695,717
4260,276
5437,87
5473,498
5869,498
2782,2257
4344,2633
5323,739
2723,896
3296,2478
4294,826
5916,2007
5520,2007
5949,1366
4624,1869
3951,3089
3636,1765
618,1409
514,2749
2419,1801
1727,527
3277,2586
4755,2325
40,614
463,717
5241,498
5375,498
4112,2633
1347,471
1016,2586
1133,3171
1716,1277
2912,2084
3311,2355
1802,1051
1199,758
4019,1129
5794,2552
1019,3042
164,276
4369,2639
4374,539
4181,144
619,856
4087,2926
300,1076
4099,1997
2142,1277
5538,1027
3406,498
2143,2633
2566,2736
5078,1042
5071,63
3376,1787
2691,1684
4267,1766
1431,892
2164,477
4206,2244
960,718
2581,3017
1552,2350
1512,1231
5803,2614
4306,2633
4385,2926
3103,847
1257,712
2432,642
1642,2243
5463,2923
5425,2439
5456,1752
3436,498
2529,1514
1990,2926
5562,458
606,2822
3913,837
620,276
358,276
3109,1042
913,498
2847,1042
3712,2244
3480,2675
2585,1042
436,1098
3593,2552
2824,1058
4391,2532
2092,1109
4014,330
5741,3025
4972,1531
1032,2822
719,2325
773,87
2143,2767
4331,2639
5112,2450
5704,110
2751,1869
2066,1766
3478,3137
4467,433
1764,3121
3935,572
4379,2306
5657,2923
5552,1409
1870,1073
5058,1840
4638,1254
4285,1890
2105,2633
1298,847
3676,2563
3357,2029
3789,2440
5026,3056
5463,3057
3159,2044
621,2325
5072,957
5947,1157
3168,63
1091,2439
1032,1078
5177,192
3525,2552
194,1699
4619,1362
1959,714
691,2505
3946,330
4421,1377
2282,1367
4613,1547
5812,1871
3251,2922
2989,2922
5718,3175
1038,519
1831,155
5456,3175
4936,1419
989,2320
622,806
472,1047
4295,110
1041,1167
5852,896
4112,1157
1526,458
1875,1366
3093,1932
2071,2244
3716,1157
4189,1377
5194,896
5256,1774
5655,2045
3323,2394
3736,1809
1982,674
1662,1258
5523,3057
5853,717
4392,393
4333,752
5336,198
3672,1235
1036,981
726,1
3599,1696
1324,1613
4113,1917
887,2578
1193,2850
1484,1336
3667,110
4063,110
4421,572
3880,1157
89,319
5837,2062
364,2244
1019,1916
1874,2430
3249,1290
2753,1086
2092,1377
4148,3042
4019,942
4307,820
582,602
5912,2586
4453,645
5499,727
3131,1419
3563,1076
3363,2708
715,1131
1106,2450
1872,1229
2300,2430
870,1419
1721,1033
4178,3042
4272,2677
461,433
311,674
4896,2504
4483,645
5625,435
1067,2872
1843,3093
2011,2677
5407,2427
1066,957
5090,276
1929,1332
1567,2636
4208,3042
794,1932
4763,820
2751,393
3131,614
2162,752
622,135
5516,276
870,614
2828,1744
3528,435
489,3174
331,336
850,901
1679,2446
5053,1683
5332,1098
5127,2386
5812,2489
2291,758
3980,717
4217,2350
865,2872
867,1255
3709,1385
691,1029
4973,2858
2344,1523
4608,1417
826,665
2421,989
2858,1744
3276,1503
1392,1076
3088,2206
5751,2371
2934,1739
4193,2114
5512,1042
3101,1098
946,2837
2221,527
2617,527
416,393
3472,1041
3513,1042
545,49
4301,2586
2112,1523
1479,856
4576,539
3254,3033
3009,2448
3766,2427
1044,901
452,989
3315,276
4096,87
329,2087
5203,1576
5931,63
917,2257
3131,1098
2171,3042
4731,1766
4805,2469
5445,1109
1324,137
1054,276
1713,3130
1678,2355
3543,1042
3677,1042
5136,539
5507,2926
2117,712
2332,2586
386,527
2106,2243
2510,2858
3219,1103
947,2257
663,2498
778,2448
1862,2822
3707,1042
5892,1397
4906,1366
5537,2926
3069,2448
5815,2116
3712,2325
3197,2633
2630,1997
2461,498
4723,319
2956,477
4057,458
4623,3121
4893,730
1040,2956
4870,746
4947,966
4057,1397
4339,329
4724,1860
3318,1997
1621,642
3680,2578
3507,1869
3638,2352
3703,2747
1819,2320
3846,1335
3894,63
1190,806
5034,746
792,1699
1628,1971
45,718
1244,1042
2276,2946
3446,2532
1221,1058
505,1642
1508,1088
479,421
4770,1804
1752,1448
4508,1804
4100,289
4397,1973
825,1997
4058,63
3662,63
3144,2352
5593,336
1332,1047
3386,2639
5521,433
4540,1500
4576,1157
4972,1157
1121,1766
523,319
4072,2563
736,1366
3480,2651
145,144
819,2340
4191,942
2372,910
619,966
595,380
4965,336
2279,2439
4223,1419
2423,1629
4923,110
3161,1366
4623,572
4871,2394
3420,2758
4958,296
2833,746
4677,808
5539,49
3713,1290
4568,1804
5485,752
5611,2554
1643,2578
1982,2044
4095,79
5215,110
3499,957
626,201
3716,433
1959,1279
3454,433
3170,674
5446,393
5045,49
4988,1235
1739,192
4385,942
3046,49
1807,2578
3887,665
5487,2087
1230,1254
2386,942
1887,63
1081,1131
2638,1917
3118,2554
1709,3174
2722,110
3197,1157
4279,896
1581,3174
977,27
3814,2257
3807,1086
4483,137
331,1572
4494,1235
1211,1362
3210,49
1957,2872
5565,815
4912,435
4705,2586
5803,2858
1477,3174
3844,2257
3981,276
1515,433
2531,1804
3259,291
1987,2872
5299,1231
5337,1523
2830,1871
2971,3042
5178,712
5288,1072
928,1804
1563,100
3911,1385
2841,717
666,1804
4284,435
4005,1020
5248,892
917,110
3430,1462
121,2620
4223,1098
2528,2822
4973,2350
2951,1235
1082,1840
5767,2396
5693,195
3160,820
4299,1093
3583,1677
5452,1072
3306,645
4500,625
5055,847
3990,1277
1696,198
4244,2325
2883,3171
5218,87
3958,1739
1980,896
3260,2340
3594,1462
5469,837
720,296
4605,2489
5885,2243
4141,1042
5220,1072
610,1629
1417,409
1489,2729
4161,2448
4937,1915
379,942
4121,1329
2581,712
15,665
4511,1514
1267,815
2062,1086
5883,1766
874,2052
430,880
1727,1739
5625,195
5069,2192
234,2631
456,2478
5437,144
5313,2552
3668,421
2332,3017
3268,487
4544,277
1999,333
1419,1744
3611,826
3955,636
5346,2850
5523,268
3798,837
4980,2500
4076,3033
5461,329
2336,1042
2673,435
2029,333
4030,1345
2163,333
3904,2926
1813,2206
3200,329
863,2586
2138,276
2401,3130
4617,2044
5665,509
5949,268
4763,1869
3682,1766
4105,1869
120,2478
3544,1078
139,276
5543,2209
3170,837
410,739
5668,1157
1153,820
1695,3089
2488,1971
2104,1042
5495,448
5696,2424
3855,2633
816,2366
5835,2209
2433,170
2543,2782
3596,837
3312,1078
1101,256
970,739
3896,540
374,2371
2794,1088
1020,267
44,1678
3038,1448
5176,2923
1564,1828
2088,1047
4748,1695
4882,1695
5437,1917
5855,2430
4083,2244
2038,1869
5364,880
2924,1696
3770,966
640,1335
5079,896
1102,1366
4944,2923
5247,480
5312,1629
3475,1957
5371,2209
768,739
2717,63
3372,2209
4530,2532
3723,746
77,67
2331,27
4347,2825
2141,2347
4796,2651
819,3121
2746,1932
1624,1828
4370,1496
5111,942
4307,393
1826,1962
5009,665
3381,1167
3016,480
5313,1076
1054,2614
3143,63
367,1684
3624,336
4156,1917
2082,3056
10,2578
5122,727
4944,2118
3664,2394
4615,896
3211,1860
4818,1255
210,2639
631,1915
5798,717
2083,433
3296,1409
3430,1409
2471,2235
1877,1496
3002,1871
4965,901
5772,435
4512,2087
3753,1281
957,1526
4704,2257
5727,2355
1522,746
1663,1917
2759,1362
5646,1235
5861,2355
539,986
1824,330
5203,665
3159,2235
655,1346
1362,1962
385,2239
1854,2424
3435,3042
4374,2503
4088,1917
194,1890
4075,2621
1903,973
5450,892
106,3174
3535,2118
2012,916
971,1932
981,2620
2862,1086
3599,3042
1278,2614
3470,942
1295,2029
5450,1831
3679,527
5759,2586
2319,2729
3661,1641
5876,892
1807,110
2689,727
4205,758
1328,2327
5091,2837
4058,1462
2110,1050
570,433
2877,1717
690,727
5423,3017
4277,1765
5748,333
226,1532
5056,1503
1556,3093
4376,1744
3734,1523
1981,1579
3741,250
1528,1045
2171,1676
2240,1281
3377,727
1716,1281
3696,2170
4919,1390
3200,276
3924,307
4163,2575
4500,1406
5654,267
3610,1837
4646,1231
2844,614
3771,250
1257,1871
5051,2448
4782,1277
2564,974
3503,435
841,3124
3675,892
3854,2355
3859,2699
1949,1051
3697,2371
4280,477
5197,1869
3813,1765
3529,2006
5098,1109
2075,409
3728,903
1596,374
3547,333
3557,1021
3907,87
4832,1340
2726,2032
1515,193
4839,67
518,727
4026,718
459,1086
4239,1765
4554,837
1544,2062
263,393
1462,717
1701,3177
2485,815
5606,2804
3371,642
795,1385
1261,2124
2042,2689
3493,2325
5050,2357
2716,2633
5605,135
5596,1335
90,815
2533,2926
3307,2320
1676,87
5578,1695
3002,1684
58,1277
4862,27
901,276
5407,1813
1496,2371
3652,1042
5372,2758
3360,3085
2477,523
3394,1915
2752,2448
2143,3121
3528,1915
4600,966
4963,1018
4295,330
2590,1366
3832,3080
5728,2578
2453,1068
4115,2614
3337,2320
5591,1526
5596,2624
1859,329
3428,1684
3230,1699
931,276
535,276
894,2838
4485,1366
4619,1366
216,1462
1929,2007
5642,1464
3904,2552
2613,2639
5161,602
4063,330
2404,21
2989,2926
4489,2424
5294,1131
5032,1131
961,276
4068,1613
1778,498
1494,739
3192,2696
728,2926
3529,1335
3508,458
1459,1684
3324,1869
4740,730
2146,1833
3624,1572
5436,433
4274,2620
5284,793
2013,2243
1770,2485
5908,2872
4301,1033
1293,3085
778,2639
3265,2578
2057,448
2840,1648
3652,1526
5686,2651
505,1699
1800,2485
697,1869
1542,1695
3374,1932
4842,983
3895,880
157,1366
3999,2923
1961,2029
3816,1526
4910,336
4994,973
1286,170
2062,391
4801,1332
4777,746
883,3163
4770,706
1910,936
845,1366
583,1366
5047,2677
2767,1496
1764,2804
2361,808
5286,973
5556,2554
3257,1131
5647,1918
3802,665
5063,2621
1585,1526
4489,814
1540,63
3670,896
4580,1871
1374,1464
1004,433
2289,2029
4,1258
1666,2804
4928,2554
5709,2365
1514,3164
5595,3017
4764,645
4136,1076
552,2029
1570,63
5212,2498
4207,727
3713,192
5896,3130
2909,2087
5576,1462
3700,896
2142,639
4960,2627
10,110
2119,1409
5207,2504
2253,1409
1124,2578
1857,1409
2265,480
2893,49
3471,1975
2519,1528
3904,1076
4346,2175
1971,1696
3782,1086
2835,983
882,1917
4243,892
4692,718
4470,1837
2340,1943
3818,1682
1887,1409
397,155
677,2424
1126,1496
1323,2764
215,1804
924,49
3276,2796
2606,1281
99,1629
1611,198
1795,2759
444,2041
5372,1766
2211,2822
2261,2939
2610,3093
2288,3042
5772,2639
5906,2639
2816,717
2158,717
2657,2350
5411,2633
779,2677
1899,2708
1441,1076
4571,2427
4295,277
539,746
5071,498
1170,1744
5566,477
469,2636
3146,2699
768,983
2268,1235
5367,267
3319,2627
2560,2575
1481,101
1849,1251
5777,1828
94,480
2951,1642
4224,1915
5738,1873
929,527
271,527
1102,455
1938,727
69,3052
4100,1098
152,1774
1283,1405
4042,2032
4121,2325
581,2796
4788,2788
3344,2633
3819,2926
4791,807
2962,87
1712,2427
3708,3095
4198,2922
4518,2146
1791,276
2608,498
3081,718
4416,1869
3609,837
2898,1765
3085,837
4284,1915
633,892
3938,1278
385,1544
5581,330
383,717
1231,2504
2447,2243
3576,1828
618,1523
1394,1744
5148,448
2963,847
437,199
3508,2633
3587,2926
5180,925
2124,277
3296,498
3034,498
5558,319
2772,498
5833,2244
4310,1042
1459,826
1247,2633
4437,63
2295,1098
1899,1098
204,2822
5576,336
2626,2366
3503,2639
1770,1627
2510,2191
5641,2424
1747,2397
2533,2552
761,2366
3617,2926
5169,2614
4723,807
5408,910
3350,330
442,2586
1509,539
1278,2858
3064,498
5063,1629
1143,2633
3529,1766
5048,1506
5220,2552
4549,2347
541,498
2420,1335
5379,330
5628,1034
547,2006
3931,433
4803,2614
5216,2029
5273,2563
3380,330
5477,1804
1017,1366
1197,21
4018,1526
2156,2578
5545,1157
5414,2394
4331,1464
1048,837
4479,1362
759,734
3376,746
5513,2373
4623,2804
3410,330
3623,1377
3659,1034
2437,2978
644,1915
5026,942
5855,2487
5884,973
3162,1167
3867,956
3251,458
317,739
3051,1336
2989,458
513,2371
1996,2454
4138,1419
4952,1932
2875,1110
2200,1695
5495,639
472,1027
2014,27
3132,1675
3144,746
2516,1177
4658,896
5646,808
1098,2243
1211,1366
5344,1409
5588,49
5397,1235
335,1695
686,986
5178,1871
5279,2677
2282,192
3851,49
4310,2815
998,1258
1526,1377
3427,1973
2737,1526
4227,336
754,2029
1752,1131
5575,2446
5525,639
2364,1695
146,2146
1928,2296
1332,730
788,2552
2708,192
3941,100
3046,2631
3044,1804
5716,1523
4702,198
586,1290
3607,1917
4797,435
3921,3016
4986,896
4803,1943
3134,2636
681,746
1292,2620
1240,2430
1512,674
3405,1409
3472,2631
3732,1804
2456,2923
3788,393
1324,1377
4717,856
5856,1129
3369,409
5587,712
1946,1131
485,807
3250,717
4081,645
589,2850
2184,3174
5589,2478
4133,2498
4554,276
2506,192
2755,896
392,1932
2235,860
5287,2298
4904,1971
5243,2191
5456,2484
893,1167
5354,487
4029,1744
1048,1455
2622,1656
302,1076
2320,2257
4381,856
1673,2446
926,1465
2051,1840
2457,276
5523,2366
786,896
3833,1990
4910,1385
2456,3057
5763,1072
867,1235
2331,2796
4435,1277
1176,1990
5617,2186
3509,2243
4748,276
4753,2340
5699,498
3200,2427
1961,984
3265,2822
2749,276
4053,2114
1391,639
3947,2627
2147,2837
3474,717
1612,49
5443,3137
5772,1915
940,1871
1132,2041
14,393
2099,2796
2068,1231
430,79
1976,1642
3942,2633
2466,1277
2340,2858
2913,276
3730,498
2040,122
5639,2675
468,721
4576,2397
835,892
1716,2627
847,717
2843,1385
2849,3085
4368,2633
1563,1072
3187,3080
4811,170
3894,498
5382,925
201,727
807,2257
3867,2058
4648,1869
2532,1873
3975,837
420,276
3555,1971
2457,1699
4515,27
1696,820
3907,144
5564,1346
4108,1366
5646,1910
4489,1997
160,2796
2573,2032
3244,739
2478,2926
575,2257
1500,1258
1834,380
2923,1098
712,276
4401,837
4679,27
4813,781
57,1513
4229,730
1414,3177
2140,837
5161,1464
3784,87
5007,997
4057,1377
5220,2044
4270,2424
436,2448
3968,3025
2715,1684
1280,329
480,276
4081,458
3365,1042
1909,1062
1444,3177
1578,3177
4909,2532
5217,433
2462,2177
4236,746
2379,422
2190,2243
450,2504
1532,2243
4710,602
842,1042
3768,2563
1901,1551
1128,847
3709,2922
374,2859
3522,63
3305,1526
5328,3051
3060,1695
2557,1074
2326,2639
4570,1157
850,1283
5077,2651
4779,1496
2301,1828
1136,1088
3472,2578
1887,498
4485,268
5460,1076
3617,458
3290,63
3804,284
4221,572
3319,1932
5621,2872
4943,1496
1754,1258
3502,2578
4875,49
2285,2614
2367,2424
1716,1151
5859,2636
4071,1917
4551,2554
2618,3174
2594,336
842,1526
2244,2209
1141,2347
4525,2272
5702,2837
194,2244
259,2639
4509,49
3270,2578
3899,2749
344,2188
1713,2923
4941,645
1134,1526
2961,1419
163,837
3931,193
2320,2554
2012,2209
1974,1917
441,27
1924,110
157,268
1306,1229
2194,1691
965,936
4362,2631
1416,1397
3771,1409
2305,741
2384,1034
1639,880
641,2532
2057,639
4390,892
439,2583
2218,1496
3286,3057
3423,1076
3860,1831
1515,63
3846,1933
2266,1917
1512,1455
1278,1813
5010,758
75,27
3974,2118
364,1850
2936,2651
627,540
3961,2822
4696,3042
2065,880
4866,2699
3682,1717
5251,820
717,433
2735,1614
5063,1523
1470,2922
2461,291
5570,3017
1134,721
196,2424
3787,198
4578,3171
1713,3057
3098,2605
5169,2858
5742,276
4644,758
3018,2087
447,3174
3347,276
5840,2504
2906,2785
1877,2118
3742,3057
4064,856
2011,2872
302,2446
2062,1871
959,1255
675,1496
656,1254
1891,1235
3854,2709
5048,2689
4803,2858
4046,435
873,3174
5909,739
5620,636
3888,2478
4659,2355
5614,67
4106,2371
362,1157
3445,1908
2361,2288
2333,240
4473,2350
4691,2243
3168,287
2276,645
3248,1744
1326,1025
4984,21
1687,250
5880,1098
4185,2822
3803,276
186,527
3348,2325
3541,276
4960,2818
4492,498
4831,718
3045,826
5634,1042
5505,2352
3571,2370
4505,3177
5933,1109
3357,1098
5881,2639
3360,3089
4031,1042
5223,2639
5784,986
5300,2859
405,49
2702,645
3131,2448
4388,498
847,2087
3180,2340
3655,2633
4695,2146
586,245
5873,2347
1800,2355
5253,2639
1232,2837
425,1051
5695,540
3152,1231
4757,2243
751,1975
3060,1642
5818,2825
1735,2145
745,1406
4389,1258
769,2554
3804,2325
4375,3080
2150,2360
622,814
3383,1514
3819,2044
1873,739
4545,458
5374,2003
2368,718
5162,1366
1795,856
5556,1485
2813,3054
2345,734
4181,181
3112,3121
1883,2366
2962,144
2392,2243
1289,1627
1728,3017
1361,1503
3794,2926
886,2176
5347,1496
1360,1278
3392,2357
4176,2439
4302,2578
4983,1973
1244,1103
2717,498
3938,1335
2835,719
2307,2320
4113,1336
4393,1915
5583,433
2222,3121
2456,1073
746,1765
345,1421
1195,837
4223,2635
4727,448
5818,2959
1187,2639
2899,330
4160,1532
2747,498
5142,1629
2067,739
658,605
4016,63
917,1997
3090,837
3346,268
3766,73
3592,2926
4822,2563
78,2366
2562,2788
4680,1167
4423,1511
3389,1254
2561,2563
4813,1696
5539,110
4969,2209
1999,581
3532,27
254,498
2010,181
597,837
3732,2532
4499,193
2663,746
177,1971
2878,2620
2616,2620
3521,1531
3301,1033
4130,2578
4794,1804
1222,1828
4971,942
3632,1547
2904,808
3360,1613
4581,1696
269,1910
465,2788
582,155
1607,2578
2390,1526
3405,43
4239,1932
2023,12
1324,11
3975,2825
1747,2588
3225,2327
1905,3174
277,458
1149,2639
2949,177
3624,1255
3445,3010
5721,2729
3856,100
1686,1531
4279,957
5941,2503
2341,2923
1584,1254
1756,957
3210,110
4712,435
2404,1932
96,2675
2372,2394
4903,942
539,966
2244,896
2767,2923
4871,845
617,1973
275,2209
1022,746
2519,727
2536,896
5483,820
3523,3027
5194,717
606,1033
3063,3042
4813,1025
2341,3057
1154,1804
1467,49
3296,1523
3430,1523
3757,1918
3800,2554
399,1871
26,1131
5015,2822
4614,2478
4633,276
5123,2355
3815,3027
2767,2118
1760,1964
2615,2478
1792,721
2781,1235
5685,2243
199,1409
3532,645
4223,2448
4966,277
4663,276
4129,2032
4005,276
5330,739
4934,739
4645,636
4734,2371
3545,291
616,2636
3990,2627
3508,409
3243,892
1350,2631
3626,2350
952,1804
5312,1072
334,2923
1079,1579
5573,847
4556,2257
5311,847
550,1235
5144,2427
4748,2427
4378,642
4779,1740
1599,2554
2760,2586
5248,498
5360,739
5382,498
5117,981
3857,2633
808,712
656,880
687,193
2566,276
5544,267
4397,1042
5259,283
1143,409
2622,3002
1077,2041
238,717
5412,498
4149,2633
4732,739
1511,1744
5128,739
3887,2633
5031,806
5898,391
2463,3130
2334,276
3151,498
1649,173
341,845
3646,477
1036,2575
334,3057
563,665
1559,2350
5227,2788
4915,981
3917,2633
2681,2427
3273,87
5738,267
2635,739
1508,291
2435,2371
5438,1695
3658,837
1468,892
1072,892
810,892
5705,1258
2580,1971
2518,1093
3719,2244
4354,540
5840,2614
2958,3085
3728,1017
3234,1448
210,1277
1407,774
2964,806
1042,87
1286,2699
1587,1873
257,2032
1212,498
3922,509
5711,110
2872,1971
1062,739
1423,718
2424,2747
3756,971
2780,2382
5474,1860
1897,1540
3755,746
5668,413
4608,433
5530,2923
5886,1804
2183,1345
3002,1448
3735,1033
4903,2044
132,1744
5624,1804
3691,2424
2225,1756
811,1278
1475,1258
4892,1131
1609,1258
5781,1229
2400,67
3050,1869
2786,1042
599,806
1034,734
5,67
5428,2804
1713,268
2938,1813
2265,781
3128,1910
5831,942
3990,1151
4146,910
3189,2563
744,1345
1406,498
2818,1869
4762,95
825,1684
9,1098
1487,837
4374,2430
886,3091
4626,2651
1720,2536
3342,1465
4467,1840
1284,3137
3803,2614
1499,847
1103,847
2598,1
263,3085
2691,192
4432,2785
2820,602
2830,1290
5530,3057
3401,2045
3201,2923
2296,602
1174,498
5343,198
3344,2450
2974,1419
1929,27
3887,1157
5819,1066
456,2352
5681,2822
1061,971
4910,1255
519,422
2721,192
5890,717
1965,1377
3231,2923
1834,1860
15,1828
3733,1629
5173,1076
4249,2677
5245,198
229,67
4795,2621
5700,1532
1338,1629
679,2747
5414,1138
653,1526
997,1336
3521,1157
5810,1138
5817,1528
4747,860
5908,892
4850,49
3261,2923
3564,480
3073,2872
1676,2563
3398,942
294,2532
4344,820
2014,1804
4768,2087
1041,480
1877,752
4960,2257
120,2352
968,1695
1405,1696
4051,2446
5493,276
5281,2837
2507,2087
1607,110
3560,896
330,2347
5330,1975
4349,3042
3942,409
4219,717
5485,3017
1500,2872
1537,1973
1289,1871
5127,276
937,1419
2501,2430
2112,1157
496,3174
2841,2498
1686,2446
4716,1873
4067,1235
5290,2145
2559,2785
1223,1409
3109,973
2902,3124
4736,2498
2239,336
4718,2858
5098,2325
3961,435
2204,1281
2305,2087
4022,122
3155,2257
75,1023
648,2605
5107,1098
2457,2858
3737,892
3871,892
5915,1042
1515,1409
111,1619
5257,1042
4610,1231
4214,1231
1036,2872
2399,409
5818,1109
652,1943
2605,2729
1836,1235
5765,1448
5445,2032
3258,1042
937,614
3609,333
1563,1076
3333,435
5088,2926
1602,250
2779,815
241,1850
3016,2448
5335,2803
1634,3171
302,2503
4163,892
4782,2627
3732,1837
1179,1086
2667,1513
5000,1766
805,845
2164,892
1866,1235
1379,2837
5023,2689
3672,1971
582,49
2634,2504
5435,2633
5772,1464
5118,2926
2146,471
1862,712
4529,87
3145,2427
3486,276
4377,2699
2467,1051
22,1523
5280,1941
3334,636
5335,1648
5715,1869
2516,2633
5042,837
4646,837
685,1086
3253,2145
5564,2639
4777,539
1852,374
4913,1366
5718,73
88,49
2051,1523
1662,250
2840,636
2033,2822
4118,2007
2206,498
4936,2639
29,758
2537,1766
792,1683
5288,2532
3966,2552
100,409
2978,2448
4327,87
5686,2578
1221,1042
416,645
5513,1869
3266,636
57,712
1474,2427
450,2858
1023,276
3060,1699
5460,3174
3910,1869
570,1462
2975,837
560,1683
4046,1915
4818,674
382,2350
5576,1255
3320,1222
772,815
1355,3085
5713,1526
329,2689
3851,2578
4255,2439
4781,2485
1685,1684
5354,2532
4683,2327
1007,1971
3397,2758
4267,1860
5303,1254
5456,1496
5812,1131
2582,330
3406,1531
481,1366
3922,135
5866,1367
1199,3080
5334,1506
127,87
1295,1098
2773,837
5259,1332
4611,330
2510,1366
4934,983
1372,1695
5105,1804
5896,3057
3592,2044
2959,1377
4059,1695
1512,170
461,498
1687,925
627,1699
4698,110
4550,1932
263,1422
676,837
1928,987
3528,1655
999,2244
3636,1188
3388,1086
2013,2788
4916,942
3935,1255
2066,1860
158,847
4733,1235
2217,2029
2256,2923
3894,665
4778,1917
2624,1629
841,1254
1677,1526
2131,1696
4777,2446
5128,983
1454,3174
2808,1157
3491,433
3711,2651
5650,2785
2546,1157
4905,2631
460,781
3211,1547
1876,1362
40,1915
812,674
5079,717
545,330
770,448
4918,1523
792,207
2313,1336
4295,2298
4768,2518
5857,984
320,1151
103,2614
342,910
2975,1455
5936,1277
4201,192
2900,1281
5023,758
3521,433
2576,1157
3851,2257
960,3174
2942,2446
4843,3042
4356,480
5094,409
1544,192
1260,433
3023,2785
2390,2872
5344,1523
4886,645
2083,1409
1035,1254
1148,1131
5840,2858
2452,717
2668,1281
416,458
2389,2620
5496,1513
1633,3051
5258,409
220,2209
1686,433
5087,527
4340,2956
4142,1251
928,983
2218,2923
243,880
5585,1935
3375,1523
837,1804
3003,1917
3841,3016
4942,2243
1991,1419
2440,491
5222,2822
1703,198
3642,1086
868,336
608,1917
3920,276
4726,1837
390,1465
145,880
2884,2575
2908,717
2512,717
1442,49
2935,820
3379,2554
3279,2350
5039,1021
209,1804
2131,1025
5226,847
465,1235
5255,87
1244,973
3503,1277
3899,1277
2966,1072
4731,87
772,1917
856,2554
789,1332
2620,435
4970,2355
5187,892
2163,2411
759,2621
2218,2118
4813,2371
4582,1684
1066,1051
627,223
570,1409
1991,614
4740,2243
948,49
4401,333
4838,1088
1035,2677
3148,712
85,3057
3803,2858
4376,276
2650,435
3145,2858
893,1281
5043,739
3802,2633
1837,1086
2754,2478
4544,2489
4143,2145
5948,27
4344,1869
5803,1366
2881,718
740,2355
817,2575
886,2180
3826,1125
3874,2859
5476,1910
942,1523
5357,498
2136,1503
3588,21
1874,1503
5834,837
3986,67
2145,276
4426,339
1198,173
5900,2588
5528,730
4506,1042
416,137
5801,1828
1341,1390
3010,2417
4522,986
3593,2243
3827,195
1361,2796
1330,477
1853,2504
2075,1385
4618,1448
1125,1765
5383,3008
94,1025
3055,847
2793,847
1869,2448
2910,2186
4600,2747
1171,605
5252,458
1991,1098
5121,1695
798,1528
5409,2327
4285,642
4030,1813
3361,2243
627,1646
5074,2788
5600,2080
4836,1684
3442,330
1601,539
4818,2044
2679,2788
2877,1083
4886,458
1715,826
5168,1110
340,276
3175,925
2569,1869
3694,2244
4045,781
5607,1157
3766,1366
552,1098
1909,1042
3177,971
5789,639
3447,2552
2758,987
1963,1278
3868,330
5347,2923
2625,1397
1042,144
1997,1828
5534,2749
98,1278
4523,1695
2047,602
108,276
5490,2450
4748,1813
5467,746
5607,2446
2949,181
5001,2636
3468,746
171,975
3502,330
811,1335
1993,2244
1836,540
2581,1448
3199,329
5337,1804
5599,1804
3861,448
5733,1804
5745,1629
3186,1033
3191,1377
4738,721
5858,752
5898,1871
2296,1464
5892,336
1188,1258
2769,1684
511,2736
3484,1629
409,739
343,2371
374,1684
5303,880
881,734
2863,2450
5437,880
1402,2126
989,267
2312,2347
3007,1448
3406,1157
5011,2923
880,509
1761,2244
5935,3042
4479,3062
3617,1377
5666,1871
3725,910
3642,3127
4344,393
1880,1377
1613,1033
4560,957
5088,1076
1108,2029
5208,1932
1149,1838
1899,838
3741,1039
883,2850
2681,1813
2519,3175
3832,1157
518,1971
3615,2620
2008,781
4339,2651
984,458
4957,1532
3356,639
4770,2837
5823,892
1702,674
1958,2357
222,1828
2009,602
1782,1377
1121,1860
1255,2614
4095,1917
812,2044
886,1993
4186,1281
3454,1332
5068,2652
2977,1932
3832,2446
5719,892
2138,1362
2434,192
2477,828
3602,2923
3556,1235
4471,2554
4198,1641
130,2747
844,1336
1856,336
1206,1917
4212,758
1199,746
3109,896
3048,2872
3466,2631
3898,3042
5742,2350
3848,1235
1836,808
1846,1496
3372,717
1906,49
1467,2631
1004,1409
3636,9
4656,2842
3582,712
5915,965
1978,2554
460,1696
2024,455
2499,1502
3980,758
754,1419
2944,2118
4350,291
4491,1462
2027,2446
4813,1513
5418,1098
5003,856
3616,1235
5862,2243
1077,2045
3670,717
1276,942
2819,1076
4966,2859
1633,2677
2027,2796
5236,276
1772,1523
3114,435
2675,3017
3303,2586
3952,1534
502,2487
4528,2633
5910,1910
3830,3042
2534,2785
729,2651
4399,718
4421,1231
3803,2350
2453,2796
1305,717
2172,2554
1381,712
4803,1683
233,2605
3495,2355
4030,2699
476,1774
600,1086
1630,2355
2466,2627
4890,1278
3286,2366
5770,2788
2230,815
5270,1684
4157,380
2176,2272
3647,1032
1085,727
1479,92
5682,1628
5064,2747
1033,2257
2199,2633
771,2257
375,2257
5585,1695
1285,2478
4067,837
335,2858
2496,2627
5400,1915
2945,1699
4851,2639
3825,2243
4529,144
979,2371
2354,1231
2794,1503
5881,1464
1756,3002
185,820
4383,1258
1826,2243
1528,2586
3357,862
1473,435
3181,3080
5077,2578
2381,21
5615,1695
2779,67
2832,2145
542,276
414,1030
1083,2320
3075,2280
5253,1464
5427,2583
5105,2532
5413,433
1877,2366
2923,2448
5891,997
3320,2084
4545,1377
472,1385
3211,3080
4042,3008
2600,2926
5494,1526
291,815
2734,2926
2393,2633
1756,1258
4801,27
5615,540
4080,267
3911,458
4260,1366
2524,837
4327,144
2657,1366
5401,2651
3911,1397
2154,2243
5533,2578
5809,1695
3935,2922
1734,2788
2577,67
2083,498
1687,498
503,2926
2965,1869
878,2803
4620,746
5487,2583
3661,1572
4949,433
1100,1869
4212,1860
4556,2424
3905,1151
1018,1278
4490,1804
795,2926
4508,1629
3971,458
588,2633
3778,63
2864,2352
4791,1917
4529,1917
4171,2209
4522,746
1941,391
320,2818
2255,2244
841,1766
5658,721
5388,860
5431,1496
3526,192
4646,223
4763,808
112,3054
5363,49
4967,49
3733,2922
4399,531
2774,1496
1853,2614
4972,1332
1341,2439
4297,1917
627,1406
2943,2244
1413,63
4243,2620
4460,1157
4348,2636
4969,1034
1743,1695
1233,2347
2291,746
3406,433
3428,192
2461,1157
4684,1804
3364,2651
5393,49
4274,2872
4107,480
4473,49
404,21
3165,721
3941,942
837,2532
1702,2044
1662,925
4327,1917
5817,727
822,3163
2050,1973
5085,2498
4460,2446
255,837
2724,1917
389,837
1122,422
4114,1809
2462,1917
944,1813
1933,2327
44,1556
2461,2446
4271,480
5009,409
444,1675
299,3014
1257,997
1592,721
1645,2045
4190,491
1550,2939
5788,1086
1459,1131
4280,2636
2358,1917
2230,1917
4061,1774
3233,3083
3957,670
4301,480
4660,3042
4214,1235
2073,2872
1266,1086
1417,1255
2516,409
1489,1131
2218,752
465,808
1600,1871
3797,3017
2656,1917
2473,712
2211,712
1006,2825
961,1362
5892,1385
1107,433
28,1157
1506,896
2647,1804
236,1860
2557,3042
1445,2872
5129,837
5855,1503
1257,1131
648,1804
126,2631
3020,1231
437,49
2955,55
1033,2554
4310,892
29,1917
1915,727
5939,1766
1871,2872
2707,892
4655,2243
5171,847
711,409
3658,333
2667,712
1304,1677
4846,498
405,110
3321,2633
1752,1086
1700,896
4570,2320
5189,837
2656,1462
1691,3062
2085,2427
2787,2699
1006,2959
538,639
2737,892
5880,2448
3306,820
2698,2627
4947,2243
1155,49
1607,1082
3245,2796
5255,144
253,1409
2596,2350
2460,1523
4731,144
5691,2926
4281,847
1879,2709
4847,1258
3866,2325
4876,498
3556,1345
4330,739
3485,2633
3386,2627
4807,1078
1536,276
1140,276
913,1051
5479,2639
4027,1869
1780,636
1614,1098
179,2749
4838,2084
247,409
5593,674
5631,966
3846,518
1038,938
2970,847
370,250
3104,847
5299,1890
4368,2320
5340,201
2475,87
157,2586
186,1072
4305,1971
4444,63
4220,1109
2838,1078
2633,2366
5923,966
408,892
2767,2366
857,718
789,1523
3354,1345
5438,2614
3134,847
2540,2552
3624,2926
1530,2689
91,2124
1982,2032
4257,1526
1136,291
2094,1684
3152,837
640,87
5691,966
548,498
3545,539
2944,1073
3727,21
3253,1828
4029,2049
4452,2906
2506,847
4607,1531
711,3121
2839,498
1655,2926
4549,1526
1667,1997
3446,910
2270,755
4193,1110
2853,1335
4136,2296
5,636
1536,1699
2914,268
3511,2244
5550,330
228,2371
4135,2825
1915,1695
3551,330
1075,2243
1314,539
2100,1448
987,144
1145,730
1546,1828
4937,480
3118,448
3610,910
3754,2352
5301,1696
719,329
4003,3056
5906,1281
2327,2578
5186,1157
520,2371
789,2007
2764,2552
2800,2209
5544,1804
5284,2631
4623,2922
1849,2926
5166,1629
4025,721
3295,3127
5487,2209
2665,2923
621,329
3021,1804
2771,1629
4545,198
510,498
2246,2747
319,1684
4861,1932
1936,1767
3805,2825
1685,1367
852,1366
2862,1932
986,1366
1191,2552
5912,1045
5650,1045
194,642
1778,1531
4027,393
9,862
2108,3163
5463,2350
2276,2747
2966,942
3960,2554
331,2044
2444,79
1278,1366
4899,480
5379,1871
5470,1235
1509,2430
1065,1258
5256,717
459,1448
1593,1377
4994,717
3929,1147
2143,1255
4567,3124
5377,2175
513,1684
2414,1526
2734,942
3152,1455
2665,3057
1216,1804
3545,1157
5141,1117
5586,2699
5682,717
3906,1513
2908,721
3893,527
2502,942
4154,2554
1024,2923
3546,1917
2904,198
1959,3174
4595,984
3545,2446
4326,2257
5250,3130
243,79
2292,2825
4725,276
793,2209
4859,276
1285,1917
4909,2837
5566,892
5947,1523
921,2394
864,1860
3044,1117
3531,1235
5150,2145
248,1362
2923,3042
688,880
5664,2366
2928,942
130,2804
5424,435
5028,435
482,1943
819,1336
4308,1277
5555,329
5932,87
5288,739
565,1419
919,1917
2147,727
865,2620
2095,2257
2871,2478
5221,2146
2494,276
4426,2437
305,1465
3600,409
410,727
4634,2386
1024,2118
3558,2627
1442,2631
3508,820
695,896
5915,1022
1038,1235
5907,380
4416,1345
5452,739
691,1127
4607,2633
3072,2360
1981,815
4997,1098
4601,1098
5922,2351
4508,1873
2920,276
913,193
1188,2872
4493,2504
150,2651
814,2631
1387,49
1041,2822
1323,2508
3224,2350
1118,3042
2381,2627
5681,1915
1971,2729
806,1235
5596,87
5737,1258
4006,1073
1874,2796
5885,1910
2961,435
4332,1997
1508,2446
3836,2355
1237,2360
4067,1699
3716,718
156,2257
911,1409
3638,1027
293,276
5589,986
1098,1235
5859,847
4623,3085
5399,2552
4432,1073
949,2832
3354,487
2049,2396
3914,329
2501,1739
3931,498
756,1656
2962,636
2829,2736
3906,2131
4890,1335
2003,1462
4420,2352
719,276
5691,2552
3867,2176
4180,421
591,276
1747,718
4608,2588
1881,718
5430,1464
2773,333
4024,847
5564,1464
4770,2357
5071,1531
3529,87
798,3171
5688,2439
4965,2044
4729,1767
1926,87
883,276
3293,2439
621,276
94,1513
5236,1756
79,1390
210,2627
3214,3085
3374,334
5057,2922
1375,334
721,1796
3978,448
2429,1997
5201,3051
418,2145
798,2366
867,1971
4198,572
1307,2243
3458,570
617,1042
4392,1377
5882,2631
4618,1131
3558,1151
1827,966
1125,1448
2764,2044
5859,2620
2645,2352
1975,837
655,1684
3238,422
5829,1465
2969,1695
4848,2532
5756,2118
116,1406
1396,2850
5369,1480
2101,2639
3722,1932
3386,2737
1655,2552
4561,223
249,1935
388,3033
5598,1717
5365,957
313,2859
4260,268
1519,1910
5751,1932
1081,1684
1721,1078
4338,336
1191,2044
4205,746
1822,2850
1018,1335
2138,1366
691,940
813,1869
4980,1496
1048,2675
3187,433
1161,2552
2203,448
2619,2578
1528,1033
4252,942
3935,1235
3233,1717
1058,2804
3491,63
1536,2614
3400,1076
905,2747
1492,63
170,837
3907,880
3606,952
1006,1109
4352,742
2647,2532
627,524
2693,433
654,2347
2715,192
5343,393
4052,480
2517,207
3883,2923
4105,1804
5521,665
5488,2437
5369,1025
1447,2922
5292,1744
4768,2498
1043,1526
2533,336
998,63
2555,849
4181,486
3007,192
722,2639
3941,999
2174,1157
4882,2785
4710,49
4703,3042
4448,49
4441,3042
724,433
1142,192
3007,1131
1701,1876
2532,1804
4259,527
3552,665
3495,131
1330,2872
5194,2498
1073,1526
1923,1696
4340,2586
2437,1917
2528,1281
2175,1917
2686,2621
3107,2651
5335,636
1715,1932
2814,1086
580,2532
1172,192
1010,1362
1464,1532
1820,413
5918,435
4118,645
1420,2923
3886,1076
5804,333
3166,198
1941,1871
2467,1917
3284,1385
1563,198
5071,2633
2540,1641
4763,2288
5578,1683
3780,276
5273,1047
918,433
362,2430
3044,2837
2048,2872
2834,3027
4109,717
1316,2923
1536,1943
5834,333
1928,1235
2229,409
382,49
1655,1076
2083,1523
4839,2633
3270,1086
4182,2134
4527,826
320,2554
1877,2586
366,455
2188,758
2890,276
416,572
1302,2651
747,1086
4966,903
1775,1528
2012,717
2901,815
3250,2689
5655,1098
691,2847
2286,3171
3265,1277
5157,67
3316,276
1628,727
2863,1462
1180,2257
3394,1098
2122,1235
1552,1082
1973,2832
3709,1109
1711,2832
2798,471
43,717
430,1917
2278,435
2603,195
4192,2956
3390,1514
3887,2320
3145,1683
1481,276
2673,2627
5715,1125
2509,718
2311,3177
4790,781
1345,2832
4370,1915
5538,2926
5593,2825
2198,267
4875,330
2046,435
4305,739
4270,1684
4645,807
2420,87
1513,1103
4320,458
4000,1042
3372,1473
5852,433
136,2355
3749,642
2866,2244
526,820
4320,1397
2938,1366
2475,144
3695,1345
5247,1033
179,712
1397,1278
803,539
2096,498
3419,2578
833,2633
4828,268
3097,837
323,87
4910,2552
166,2355
4627,1675
3292,2244
5071,1157
1769,1042
143,2371
2968,1366
2068,1109
5015,1033
5593,2959
3700,2978
594,2243
174,903
5033,1804
5167,1804
2820,155
3711,2578
3016,1033
4521,1629
168,1088
5696,1367
4366,1526
5553,2779
2232,2614
551,826
5738,2532
4931,746
2682,2850
3745,2347
3752,1074
4063,936
5711,1086
866,837
4410,2737
5434,54
5669,860
1286,642
5376,49
1857,1397
5201,2677
2732,2563
2897,910
5436,1039
1965,1869
2054,2850
3095,2588
3861,1367
5101,2446
1828,817
5422,2272
4226,1465
2142,1916
1464,540
4561,1943
4967,2631
2606,330
1511,2049
384,847
1003,330
4752,1696
3117,1973
1033,2424
4908,896
3034,1157
5393,2631
4302,1086
5772,2627
5032,1871
2398,192
5906,2627
5381,527
3392,1804
374,1448
2774,2923
2996,1804
3705,49
2388,1167
4284,1419
2489,1973
3045,1696
1888,63
262,2146
2901,1917
2639,1917
624,1973
2585,2620
5111,824
3034,2446
2962,880
5331,3042
5417,2062
3250,758
4055,1717
1090,433
1197,330
2864,2974
4939,717
5436,1523
1795,1942
2552,1167
3992,614
573,1634
3537,973
5213,3171
3191,336
1823,957
2258,131
4555,727
3156,1281
2619,110
4369,2257
4639,2118
1058,336
1959,1003
894,679
4824,2837
1778,433
2774,2118
5575,527
3508,393
1032,2306
5488,3002
890,910
5470,1642
2526,1235
3655,820
2217,1419
4889,1138
5365,1067
1846,2415
3835,2858
1230,1917
827,746
572,1917
5832,718
5271,2371
1607,1086
3119,409
3372,2575
281,2872
4400,3017
437,2631
370,1409
557,1235
2718,1004
2767,2586
5651,498
902,2209
2488,3171
5389,498
1072,2620
404,1932
3217,2822
3992,1098
4472,2489
4863,2145
3899,2627
3503,2627
3770,527
989,1804
2479,614
2506,717
5932,144
2217,614
2401,3175
1974,856
3240,712
1416,336
865,2677
1588,820
1636,2554
1789,2796
2780,3171
3229,2243
4155,1277
2876,435
5553,498
4106,826
3491,1462
4284,1098
5129,170
302,2190
3893,718
2786,892
4813,1627
1155,2631
3431,2350
3885,1766
989,3093
3955,815
5512,847
4588,2448
355,1235
1484,820
4185,1277
2524,333
2548,727
1149,1281
5187,498
4320,2633
906,1523
4003,2926
5583,498
3277,2822
1298,815
3662,2633
2234,2257
5772,1151
3421,1258
4964,2146
3188,498
1536,2858
786,2360
5576,458
101,2257
2219,636
3399,718
5663,1366
2380,1493
3595,2350
3927,837
862,2355
5542,847
1335,2575
2780,2366
629,1595
973,1405
2582,1627
431,856
4644,3080
5613,498
1996,1503
3259,1088
5323,2614
1388,2586
3182,87
5837,391
759,1072
2934,739
413,435
4365,2352
2217,1098
4951,1695
402,276
1183,87
2944,2366
2629,1042
3453,2243
3253,3121
4851,1464
5854,910
5749,2614
2645,986
1991,2448
251,2709
2089,539
3935,674
1156,2586
2613,1448
3418,155
1446,847
1857,2633
5890,1506
2545,1
4585,1695
2756,975
1383,498
4399,27
1233,1493
4316,2244
2776,1627
4321,2588
5076,1932
711,2320
4293,540
2374,1058
4227,674
5517,2614
4667,192
4063,1017
1680,3121
2146,642
4911,2804
5682,2681
3911,1377
5807,1629
263,625
1887,2633
2885,981
552,2448
1930,1017
5550,1973
4151,837
3901,2352
5582,2450
91,518
3405,458
2167,1869
393,856
2726,1109
5071,433
2961,1915
4105,2532
4386,330
3405,1397
5342,896
1386,2243
5166,2922
255,333
4207,1496
3204,2804
3548,2614
5370,2163
3338,2804
3935,808
3208,2923
228,2859
2900,2578
3977,1973
2846,63
4852,1419
5679,639
4421,674
2046,2639
1215,267
2180,2639
3971,1377
4895,1496
3396,880
1202,971
2021,1828
5256,721
3316,2614
181,2639
3135,2044
2534,2578
2668,2578
3055,1526
2387,838
2113,1767
3658,284
2703,320
3358,746
3895,1917
3449,110
5798,896
5192,1086
2518,540
1821,1366
1993,1850
749,63
5536,896
5737,2872
1743,1675
3608,1860
3288,192
3742,2614
2379,2825
2608,433
3136,2804
5483,1235
5538,942
717,1279
1098,1910
4187,1917
4350,1157
2734,3174
115,837
5288,2837
3433,2394
3254,2651
48,2244
44,1536
3949,409
4436,527
1898,808
3739,1353
4427,973
4790,1025
215,2357
2847,957
472,2922
1250,1526
4350,2446
726,1526
2302,2554
4198,2052
1906,110
5190,2837
9,2639
2117,330
4080,1804
3491,1409
1738,1465
3979,409
4941,820
825,192
5484,1971
257,674
4453,1231
1574,1973
1307,1629
849,1717
5298,276
1366,2209
3310,435
5676,636
4838,291
531,2347
271,3174
5135,1975
3316,1943
1409,1532
2825,393
3628,717
2162,49
4521,1523
1900,49
4221,1231
2540,409
5418,2448
5003,2206
335,2785
1756,1990
2503,1281
5462,276
4627,2858
981,2933
4833,2926
287,1024
3384,2427
307,2430
2499,758
3201,276
3646,892
57,1501
4623,3089
5258,1385
5294,1042
2864,856
5593,1109
4006,2366
5246,1001
65,49
5125,2926
5763,739
2542,1744
2979,55
3168,2206
2784,1277
3300,2325
4821,2700
4117,2355
3415,2837
4122,2699
902,896
4513,1766
444,984
5623,1109
5124,2859
5150,1828
1299,717
5900,3080
3152,333
798,3175
872,3124
5027,2926
168,527
2989,2032
5401,2578
2999,276
3532,739
4289,718
3718,1683
3406,2320
2815,1098
3846,148
1000,276
432,758
2574,477
3873,1971
285,1462
4705,781
118,3042
5074,2341
4833,966
2997,1519
2305,2689
2016,2586
1126,3017
1303,435
5582,2747
5916,1869
3765,1098
1347,2427
3174,2320
1916,2355
5643,956
2005,892
3880,267
5523,73
5383,1756
5456,1480
5461,2578
4766,1033
1743,333
2952,1345
3143,2633
3222,2926
4265,458
1727,739
5423,781
5101,730
5183,540
5949,73
83,1462
2158,3177
1325,170
4033,2552
4850,330
4535,1258
4428,2327
2883,1366
5412,1531
5892,2922
768,2504
5625,2578
4348,2563
1686,1088
5423,1131
1293,2325
3364,2578
4436,1629
1898,1910
595,2926
1617,170
2902,1766
1107,2320
6,87
66,892
5286,1018
1397,1335
2586,971
2317,2244
2753,330
953,540
2121,1551
1894,3080
4132,63
1033,1997
4998,1675
4967,110
4113,2450
4777,2430
2594,458
5751,192
1222,1869
1936,458
339,1027
4492,2446
2353,746
4610,223
2430,966
2540,572
4262,2923
4871,752
650,1828
691,139
73,1258
4271,1696
5635,2087
370,498
2990,27
4473,110
1052,2747
1095,1131
1170,2244
5172,1804
5261,2785
1140,1813
3389,1429
3026,1377
887,1367
3855,2922
894,2346
5267,2041
1631,2804
3782,1131
5650,1025
3931,665
1990,2922
5722,2621
5326,2621
5207,455
799,207
4,498
320,2424
1125,1131
1913,2675
2950,1917
2554,1917
30,2850
2571,1332
5868,1103
2356,1932
3882,2651
4195,896
5413,1462
301,3121
4857,49
1407,1002
1940,1465
4538,1235
2401,2614
3036,910
5405,820
1406,1531
1621,2651
3312,1717
5217,1523
1491,2578
2582,1871
919,2352
2710,336
1676,79
3004,2503
5323,2858
5194,758
2322,1917
89,1336
1393,3174
789,27
3229,2621
317,971
623,2209
5881,2627
989,2532
1044,2239
2007,1532
1174,1531
2487,2923
3557,1147
709,448
2593,1629
1870,480
2598,1973
923,1131
54,2439
2967,1281
3490,2554
2960,110
5221,487
4456,2118
5044,3042
4323,276
2564,2739
608,746
391,2209
1461,433
1784,1086
254,1157
3045,3042
710,1962
1157,2651
4256,717
4459,1076
460,1033
1903,1717
3687,1728
4943,2586
2653,717
2601,527
612,1804
4626,435
3772,1277
3820,2257
3558,2257
4260,2529
5024,481
2949,486
3819,2032
1873,727
3695,276
987,2620
942,1157
2244,2360
2232,845
2014,2837
5584,2740
355,808
489,808
5778,539
2529,250
557,942
1307,2194
5426,87
5269,2355
809,1917
4410,379
943,1917
4506,87
5334,498
5072,498
1775,727
2188,896
4199,1098
3937,1098
5597,319
4537,339
5810,1366
5644,1828
1919,856
4572,333
1363,409
191,942
967,409
4403,1278
4833,2552
4864,2427
5533,1997
2742,2586
3316,2858
2163,435
1299,2087
1335,2498
514,814
5445,837
5483,1129
1663,1051
2798,2114
2024,276
3860,477
4323,1699
4498,734
838,2631
2913,374
2345,856
2033,1493
5808,1828
3244,1642
1888,2832
854,2575
4255,1915
3742,2858
2644,2586
1240,2796
789,645
161,1076
4003,2633
1993,3033
4393,1098
5871,837
4071,1047
1920,276
2453,739
5105,2872
3872,837
1296,826
2622,3177
55,276
4559,986
4729,1397
4985,3080
3850,2926
3750,1756
3134,1258
675,2586
2504,862
2084,276
5296,1629
4575,1869
3613,2424
1772,2633
1455,2926
1107,1462
2654,806
627,825
1188,892
5706,746
5148,1916
3197,267
1464,1699
4198,2296
1920,2504
4859,1813
4497,1397
4530,1345
1763,1766
4142,2926
4582,192
5053,2029
2558,1448
4459,2044
3327,498
5326,1629
5947,27
3939,1254
5663,268
4723,1336
3804,837
631,2822
3664,268
386,739
2683,1335
4288,2347
3966,2296
5778,1157
2476,1042
2469,63
2975,2675
4416,2532
1931,2639
852,3171
1363,3121
1079,144
1301,2243
3381,330
5413,1409
3594,1377
2830,981
4612,1131
231,986
5888,1675
5645,1917
5638,746
3716,27
4318,2347
5195,2620
2146,699
1439,837
2237,63
2829,1695
5659,1034
1311,837
631,1078
3807,330
935,2243
4448,2578
3636,448
5551,942
5685,942
2185,2532
2381,192
249,1915
3475,1254
5027,942
887,1448
835,1258
3781,48
1260,498
2574,1526
4401,1419
970,2614
1985,1131
3408,971
1011,3177
1725,1766
1417,1613
3282,2552
954,391
3676,1917
4080,2532
1785,319
4388,433
5598,2636
5182,2923
411,1869
15,1869
1474,1366
5473,1409
1883,73
3951,3061
2215,2532
4338,1255
759,2552
2999,2614
1552,2188
5191,1696
3857,393
2919,2096
106,2926
4574,973
161,2044
4934,727
3182,1917
1649,27
1828,2244
3741,1157
1504,1366
249,1110
5216,3042
1868,330
3307,1804
4723,665
2689,2923
5702,2935
3222,942
4705,1025
3946,973
5598,1831
2757,3057
5854,296
5530,1138
822,2850
4897,2134
2583,433
621,1813
3250,896
4409,101
3406,1409
2533,1255
461,1531
1149,1151
5748,435
4344,645
4913,3017
3333,1281
3233,1831
4957,845
1245,2552
1639,1917
1406,1157
2705,2651
3801,2288
0,540
5050,1975
5456,2663
259,1932
4320,409
5517,2350
4058,409
3662,409
374,192
623,896
5862,1072
2689,3057
1815,49
747,1871
5694,2427
759,942
3498,2637
1669,1917
4804,2858
5005,862
2763,727
2875,968
5431,2956
1174,1157
2652,896
3364,2822
3561,892
242,1362
4258,820
254,433
2508,393
4638,287
4555,2504
465,845
943,1409
2944,3175
2548,3175
1051,942
5462,2427
2179,2554
3547,435
3108,3017
3075,625
401,79
246,3174
2082,2621
3159,2016
2613,2257
4862,1873
4827,1098
2719,963
2934,2837
4436,718
273,1964
3516,718
4698,1627
4068,1231
4557,2176
1477,942
78,1496
4997,2448
100,1255
4699,539
5881,1448
1863,1917
10,49
1966,2796
2451,2087
210,2554
3176,276
2523,2340
847,896
4293,1699
5482,1335
3742,2350
4155,1765
519,276
302,1739
2241,2627
1007,1528
5859,1258
4603,1366
1996,2796
5182,2736
779,2832
5483,1910
3112,3085
894,2590
1879,2396
4114,2114
3618,1910
3499,498
882,2206
3485,2320
823,845
4591,201
945,276
1569,2355
287,276
1128,892
4863,1828
3720,847
979,2489
1810,2417
2512,2689
5896,2614
2236,539
2702,2032
3903,739
2741,2926
3441,2371
5590,63
5046,1131
975,276
1360,87
317,276
451,276
5783,1397
5881,1932
1323,959
2186,3054
3239,1109
2943,3033
247,1385
3817,3008
2019,847
1984,826
1786,87
4045,391
607,2859
2352,498
617,1103
1116,2736
4082,458
2433,837
4956,433
3120,986
5431,1480
4794,2357
62,1231
3458,981
5502,1131
5567,1526
1473,3131
5905,1521
3434,1526
4757,2825
5206,2651
1851,458
1455,458
5309,1086
1959,2243
460,1627
3939,880
3725,2614
3933,2563
4874,1131
1643,1448
1987,1258
3282,2044
1470,739
4302,1871
5054,1506
1079,2803
3546,1336
5046,2554
4774,2620
5696,192
3746,1397
3844,1932
1738,2624
5370,2651
263,2402
354,1766
4810,1496
4944,1496
5672,737
890,2500
4607,413
5009,393
2206,1157
3684,896
4207,2923
3749,2045
3107,2578
4234,1336
472,2926
1680,2804
1284,2804
2024,2614
5472,2554
1581,2044
5920,435
2803,1039
3861,192
5079,758
882,3174
457,2244
3714,896
4944,2785
2239,674
4906,49
5307,1147
2113,2255
5045,1147
2316,2614
3465,1131
1052,2804
2344,1629
1010,2578
5086,2087
655,135
1531,1526
4185,639
4486,1533
1159,3051
106,2552
4483,1235
97,746
4264,1871
5534,2627
1346,433
3718,614
3450,3051
5915,225
2737,2620
3199,2651
651,2244
3191,1255
4433,717
5200,2350
3546,665
2949,409
913,1840
1990,1235
4631,1641
5424,1277
4544,2396
3832,2190
3078,1728
4508,487
1368,3174
5475,276
5609,276
2505,2620
710,3174
5297,2633
5223,240
345,43
3163,1277
4677,1235
1406,433
5296,718
2820,2631
1739,1774
5820,1627
4834,2350
169,2446
2678,1235
5620,815
2204,3042
5857,2448
423,1804
4198,1385
736,49
4800,487
5223,590
3736,3017
2571,1523
312,1973
1196,973
1070,2554
4298,276
4036,276
462,1917
4877,892
1458,192
200,1917
4842,1837
1915,845
3699,856
127,880
154,983
2917,820
1162,49
5322,195
4423,1072
4812,847
1639,2832
235,3042
1795,901
790,820
2686,1072
4066,276
5183,1699
4125,856
1728,3062
5069,2351
5482,1766
4871,2366
5280,319
5371,2689
5426,144
3600,1385
2571,718
5090,195
2065,2832
3935,1109
5466,2926
3157,815
5521,2633
3372,2689
1028,1523
4651,498
5809,821
4785,498
3613,1997
1302,2257
2479,2822
5801,1869
1436,2257
4120,1047
1835,276
1439,276
2325,2355
1573,276
4403,1335
4045,1627
5523,1366
4227,1109
2867,837
4462,1915
5886,2357
5576,1377
932,2350
400,1523
4815,498
5689,1254
4531,739
3369,2926
879,2689
3754,1047
2054,2427
4129,170
5810,268
5414,268
1737,276
2270,739
4228,1869
1981,636
5570,781
3677,1766
4415,1695
55,2427
5129,284
3547,2639
5340,1258
539,527
329,717
1552,1627
3661,2926
2231,1915
4891,2563
1305,2689
4421,170
2280,87
1800,2668
4436,2922
1029,539
30,276
811,87
4740,2552
1409,1699
138,718
644,1078
1100,1129
4659,2563
4786,2146
333,435
3269,1890
2663,2080
2429,1684
5426,1917
5376,110
2406,734
615,498
5023,746
5876,433
465,739
3181,730
3224,1366
808,1078
3764,556
2163,1915
3307,2532
1614,2639
5289,1804
3405,1377
5528,100
5440,1973
5044,1973
1515,2633
4942,942
2488,2614
2529,925
1803,67
5681,1281
5144,110
3905,2639
99,739
5374,572
40,1098
1122,837
1160,1129
3345,730
5255,880
3733,2532
3812,2825
1042,319
56,1042
5193,2631
926,144
2113,1397
3682,1254
1660,2583
4641,3057
2122,170
1941,1290
2796,1804
5358,1917
2863,1336
5566,2620
3718,1850
5946,2087
2257,1526
4898,1932
5297,1641
4280,3051
4636,1932
228,1684
5307,639
1286,837
257,170
5441,639
4489,192
4029,2651
5201,2872
1040,781
823,2244
1253,1828
2180,1464
2206,433
2961,2029
3835,2785
1101,2188
144,1397
434,1910
3515,336
3473,110
3545,2430
1728,781
1115,2244
1053,1366
4101,3062
1066,1039
472,2552
5766,2627
1289,330
4838,1076
1536,207
844,1377
94,879
975,2614
3039,1696
5456,2586
3510,1281
1705,1147
2665,3175
5213,1138
1097,510
603,1695
5513,3093
778,1696
2163,1244
755,746
5311,892
5257,1595
2327,1086
1828,207
4925,856
174,1932
2693,1409
1029,2446
1306,1034
1447,2959
5177,1831
3485,820
1596,49
3867,1676
4858,3017
663,2096
3636,989
4773,435
5310,2360
826,1336
564,1336
452,2815
109,1695
1322,1917
4634,276
1776,2087
5425,1529
3670,758
5487,717
3164,2872
1223,1157
2701,896
4241,2267
987,880
5510,1078
3342,892
3149,2749
2022,49
5254,2586
507,2872
1102,49
954,1871
1740,336
1824,973
5243,2427
4138,984
5743,498
4402,276
4211,1462
4250,636
3110,892
410,845
3056,1595
3390,717
3426,374
3887,1523
3608,2108
1955,1025
1286,1455
3992,2448
5438,1740
5341,87
4818,2032
3230,435
3023,2586
4839,2320
2155,1086
2750,2427
1024,2586
2695,276
4379,2335
513,192
950,193
4643,1627
5350,2243
3540,1765
4660,1042
238,896
2888,856
5866,847
843,1235
631,3042
1318,1528
1340,2041
4134,2689
2625,1385
2036,1744
5675,498
3187,1088
5618,1684
4960,1684
3513,1258
5335,807
5848,2146
3506,87
2647,2837
2024,2858
2841,3080
2656,856
414,721
648,2837
5352,1915
5090,1915
4541,2639
5705,498
5648,1684
5203,2731
3133,3080
4102,498
2627,276
2668,277
328,3017
5032,2095
235,574
5505,63
181,1277
494,276
366,276
1918,718
1940,477
4175,195
5534,1932
4333,781
3283,2243
1416,1231
29,856
3601,2552
2217,2448
1055,2191
3343,981
3417,1684
2083,2633
4959,2347
580,2837
3021,1869
457,1683
269,2386
2910,2792
4331,1997
2896,642
5609,2614
1552,903
1710,2243
5490,2922
624,1042
4478,2424
1360,144
3736,1033
5558,1336
5892,458
3610,2614
3319,1684
3780,3025
812,2032
665,2736
3051,1869
3369,458
2378,837
4606,1828
2104,1766
3661,2552
3067,1813
2504,2639
2607,1828
3369,1397
1598,847
1763,160
3991,1151
3333,1151
1499,87
5468,1419
4838,1023
144,2633
2035,1787
4423,27
651,1683
2872,1695
4219,1917
922,2146
4212,746
2534,2639
5202,896
1883,1366
1480,1915
5306,2939
1548,329
2594,1377
3340,1167
1936,1377
2232,207
570,2633
1856,1613
1097,807
548,1531
1265,391
1451,1335
0,1699
3799,2620
588,1869
177,837
2114,336
3700,1860
565,2639
1332,2552
4500,223
2832,2804
2920,2651
2839,1531
5468,614
4112,1804
5891,717
2319,741
2398,1034
3862,1629
940,981
417,2926
1969,2614
1647,2563
3765,1696
4699,2503
4236,527
3088,3174
534,2922
1601,1629
2540,336
2144,336
1559,1403
2273,746
3403,1465
5330,276
3964,1532
402,2244
3084,2651
3793,896
4608,291
4045,1871
2142,448
3291,1409
5301,2729
2623,721
887,192
4662,527
1004,1531
4849,2605
816,1480
3405,198
2145,1850
4838,2446
5619,2257
4273,2637
887,1131
773,63
2390,2620
3823,896
3427,896
3248,2651
4705,1513
1687,1157
3165,896
4337,1117
2559,1086
1451,880
2710,1255
5862,2365
75,2357
1190,1290
1649,1804
5524,276
2162,110
1021,3174
759,3174
2199,2621
4301,2749
4380,3042
2456,1496
947,192
883,2651
1719,2923
3854,717
623,1034
1815,2631
3606,615
5445,333
2069,1235
1274,1526
1332,942
685,1131
2242,1917
2326,2554
2352,1523
3308,2651
2604,1744
3932,2478
4577,1462
4362,2062
2608,173
65,110
4208,1595
1622,896
2456,2785
4316,374
1038,845
389,2651
2638,2267
4517,2350
5871,333
2361,1235
5480,2397
3112,3089
4180,486
2256,2350
3710,1503
3023,3017
3448,2257
3138,1277
844,198
753,2554
5173,1873
3719,276
145,1917
4536,498
1941,245
3061,276
1719,2118
4274,498
2870,1462
2912,1873
2311,717
1719,3057
845,49
5005,195
10,2631
8,1804
2189,2417
251,973
4566,498
44,3154
1007,727
3894,2320
2808,1873
3608,1734
645,1277
4752,2351
1354,276
2591,892
3977,1042
613,49
2316,2350
2333,1765
3982,2325
3586,2325
5919,2578
4592,3008
5564,135
3064,1462
2398,847
2809,2633
2888,2926
3807,981
5808,2747
1518,276
458,296
2008,2355
5485,781
2171,1595
1190,1908
2150,718
2635,1699
2279,374
3485,1869
1721,2298
3765,2448
220,2575
672,1918
4470,2614
1108,2448
1149,2257
1548,276
5744,79
4974,1366
3377,1935
5627,433
3230,2639
471,1231
5140,1254
1702,2032
2156,1448
1361,1739
5626,1147
3291,67
75,2170
2005,498
797,2340
4947,2552
98,87
4938,746
3695,1813
1546,1869
4846,1157
2760,781
4677,1910
1447,1109
750,1935
3749,2049
4301,2562
2382,3080
742,539
623,847
3706,2352
3693,3056
694,498
1621,2578
4253,1932
1574,1042
5082,1033
775,837
5398,2959
5596,1254
2652,847
4136,1532
4972,1804
1954,1448
3912,2578
271,2243
3909,1526
158,87
5139,1917
5273,1917
724,498
4103,79
4631,2450
4815,1039
3258,1973
2091,2850
5006,2327
4909,2394
2088,2552
4082,141
3514,1377
5071,1409
5711,49
4458,2872
3288,1034
5179,942
5301,1871
4643,1871
4655,942
159,847
2141,2563
2597,2614
4149,3056
4393,1696
2519,2923
1798,3163
4857,110
1407,1063
1613,1131
1895,63
202,170
284,734
2648,2552
3391,2825
5256,758
4287,896
4025,896
4906,2631
3392,983
3529,1254
2171,2563
5065,409
5805,973
851,966
548,1157
3881,1147
4261,614
5333,1917
5716,2621
494,2614
3567,2677
1970,1526
1643,1131
3680,2554
3072,1917
2265,131
3717,901
2626,110
3280,2620
2350,1932
1732,3051
3449,1086
4256,2872
2475,880
2519,2118
2257,2872
2391,2872
825,1034
937,2029
4259,1076
4333,1025
4407,1728
1807,1131
5571,1277
146,2439
352,63
83,1336
1936,198
2380,1932
3512,1034
745,1455
3391,2959
2923,639
4153,276
4127,3027
1004,1157
1417,572
1687,433
1511,2651
2287,2872
3271,3042
5248,250
2159,2872
3009,3042
813,808
2819,2918
2516,665
3883,3017
4993,2360
5729,1462
1655,336
735,336
2512,896
1452,916
510,1157
4378,1683
5739,837
5250,2366
2777,3042
1922,276
3892,2729
5122,2366
4411,1042
4941,1796
1047,49
3406,1523
510,2096
1981,856
2454,1076
4694,1138
1091,2041
783,1696
1120,527
4530,2427
4678,2325
1756,1677
639,1917
5142,739
1659,1744
2132,1964
4406,856
3069,3042
2214,276
510,2446
4703,1042
5781,847
1020,1235
5519,847
4595,2448
417,942
5823,1258
1149,2554
1944,3017
4117,1103
3931,2633
1257,2087
4065,2633
4710,2371
5400,374
4851,1098
1979,2257
4196,3089
5341,144
1160,3093
3672,837
5719,1258
5815,966
3991,590
2344,1796
1143,645
5355,981
649,1076
2433,333
5330,2614
5676,807
5280,807
5039,1684
2453,1739
3225,498
3249,892
3720,477
3436,718
5351,458
2417,739
4762,63
954,2062
5768,746
4393,2448
5351,1397
476,717
3808,2926
3753,21
3863,2633
4338,2926
1452,2689
2245,2325
2816,3080
3991,2818
302,1503
2119,1462
329,2360
2717,2320
126,1277
1347,2114
2066,1047
2863,2145
5581,2209
4516,2639
5297,2450
4323,2244
4331,2859
3362,2243
681,718
5464,2563
5128,2614
4490,2357
5004,2578
3476,1032
2704,1684
2322,636
331,2032
386,1739
3216,1078
2230,1047
5707,1917
2116,1699
2422,1971
3150,458
3957,2244
3700,2588
402,1683
109,2370
4770,2532
4508,2532
2689,2500
3735,330
1894,539
1634,1366
4158,433
797,3121
2748,3080
5485,1696
4072,2352
748,2478
1018,87
1159,1258
178,2325
553,1448
1188,498
664,498
4494,540
3754,730
4800,2532
1119,1078
2239,1109
4846,433
4188,433
5580,2872
337,1042
2290,1828
5547,480
2028,1828
5765,1871
3466,448
5006,1819
737,1915
5255,79
5767,1917
4014,1973
956,498
5643,1127
813,1910
1090,498
2079,1766
1683,1766
2951,1695
1411,1078
3269,284
4568,2532
3902,1917
5170,880
4898,192
5096,2651
629,1042
5543,896
5264,1481
3046,1932
4178,1034
4312,1034
4093,2424
2307,2532
2235,966
218,2639
2637,192
4206,49
1436,2424
1505,2029
3747,2918
5870,1641
4194,1917
4674,2554
5596,880
1372,2439
293,3163
2628,79
5835,896
3744,2620
3472,1932
4967,1086
5796,2631
2895,608
3318,1465
112,1058
4771,393
5115,957
3922,1579
2420,1254
4457,2677
4871,1728
5452,727
417,2044
3650,110
1883,268
563,1869
3646,2620
711,1767
2853,1486
3976,1034
2689,1829
4473,1086
3867,2030
2143,572
2535,1362
1862,330
2072,1860
4919,614
3941,2918
548,433
4290,820
3068,2764
4076,2554
4743,3017
5371,896
3048,3051
5622,2427
105,1526
4255,984
2839,433
3317,435
1815,110
2766,1086
2900,1086
1370,1157
3765,3042
5876,250
2598,721
977,2394
3701,3057
5461,1728
4855,1918
4247,1281
1370,2096
3309,3176
5692,1072
1082,1629
1588,1235
2254,1850
600,1131
2157,1917
4896,2858
3609,435
1778,1332
5073,276
5593,2032
4388,173
4505,758
4995,2837
5047,3027
5740,739
2727,727
2010,177
3159,1138
2930,1086
1370,2446
4180,409
5102,2145
4746,820
1067,193
64,1501
5043,2504
172,1034
700,2651
4034,1523
2659,973
2848,3124
4696,2396
3968,903
654,1717
4926,2858
1529,1917
5237,276
5770,739
338,3174
849,3124
1479,1076
3244,845
2705,2257
2058,2446
3401,1960
4812,477
1570,413
1305,896
1379,845
4662,718
4818,1231
2813,2729
3186,1025
4805,2689
4089,267
5682,2962
364,49
1306,717
2003,645
2199,1523
2968,3017
5217,2633
2451,2498
4046,2822
90,1917
1318,3171
3653,87
1318,727
865,193
2042,758
760,2651
3654,1251
1849,1117
4278,1078
3708,3177
4300,837
4011,734
1497,2355
3818,1093
848,1717
2359,815
3338,3085
5842,2439
4383,498
5589,2747
360,815
446,2087
1048,435
497,1086
5106,1058
1923,2355
1300,3130
152,1051
1616,892
2313,820
2745,477
2812,1699
4725,1366
1366,717
1077,614
1161,1251
1307,1076
4268,898
804,2145
3798,1915
4302,1448
649,2796
1726,2191
4279,498
2833,2926
4309,1838
890,1138
668,2257
1578,2478
1463,276
1848,87
5616,1695
1646,892
1734,739
3826,1869
1346,2320
2072,734
2199,2007
5258,2926
3976,847
4972,2532
5837,1290
2153,1073
5632,2578
1850,1072
3474,3080
2918,2633
1550,2500
2613,1997
3771,2320
5846,63
0,2858
4040,458
1211,2253
1982,2130
120,1462
73,892
3858,1915
1284,287
3596,1915
260,718
4040,1397
5583,1531
416,1231
4445,2614
4353,3025
275,2689
3200,602
294,487
1961,3131
2824,1254
1802,2320
680,1462
3942,458
5166,2532
2155,903
2571,27
3942,1397
965,1042
2606,21
5388,100
448,2243
439,2689
2533,674
3904,2044
98,144
4637,1629
5889,1025
851,2633
455,2633
2731,2352
3779,63
5584,951
1976,1695
3538,2825
4527,1619
3197,2532
1637,1448
3600,2922
5294,973
3174,1767
1383,1531
4822,1917
4906,110
2003,458
2519,752
1027,1869
1803,1336
459,2351
872,1766
3919,1362
204,1078
4679,296
3493,2651
2003,1397
2722,330
246,2243
158,144
4370,480
3974,480
3747,1255
4254,2749
2647,910
3428,721
1012,433
1588,1532
2054,3025
4900,645
32,1910
648,910
5178,2087
2308,1629
4082,198
2529,1039
2608,1332
4057,141
5330,2858
1971,2209
4648,2272
4232,896
3395,2651
4097,2923
4400,480
3538,2959
5162,49
3911,1255
3515,1255
3854,721
2310,2614
887,330
3029,49
5016,1917
1459,721
5748,1277
5116,2498
3779,1486
100,1613
1948,131
1585,79
2755,1917
1034,730
2295,1932
3821,2651
4134,896
603,1675
2420,880
257,284
2468,1860
4393,3042
2180,639
1886,192
3455,49
1801,1774
4669,1405
1008,448
5163,250
5663,3017
2528,3042
2368,1629
341,2614
2896,1748
1581,2939
4117,1831
1672,3057
3069,1676
3265,2554
937,1147
3975,435
5486,122
5424,2627
1214,674
5522,718
5112,820
1970,2872
4138,614
776,448
4924,1523
3401,2041
3048,2677
2251,1579
4641,2366
2800,2575
1124,1131
4899,712
4456,2586
5886,1345
2235,1076
4401,435
533,1629
3189,815
3547,1277
554,1917
645,1281
688,1917
2140,435
4356,2355
1620,2651
2007,845
5818,837
1740,1255
2581,1871
2708,892
2458,717
3700,1677
2693,1523
2487,2586
3624,2032
3299,2272
632,645
403,593
1306,2087
2541,2822
1775,845
1505,984
2752,3042
3000,892
3672,1699
3605,477
4088,1385
4051,1503
4641,2500
477,892
234,1696
623,717
1447,1918
3926,276
4184,2032
4363,277
4855,739
4877,498
2807,847
3705,1997
3748,2633
446,2518
205,177
4121,1683
4212,1047
3104,87
1927,276
2652,717
4276,1971
2206,2320
2177,1390
5091,1366
3355,837
3628,2689
3905,1277
4040,2633
403,3171
2091,276
1695,276
1874,1739
3470,1699
4318,1042
359,2872
2100,1493
3363,1078
2012,2612
4507,1695
1106,820
3384,1366
5698,1377
1955,3017
2440,2500
5382,2080
485,1641
5423,391
4848,2146
741,1072
2014,1345
3896,1699
1413,2633
4746,1869
3823,2352
3811,837
3561,2352
2429,806
1030,2114
1675,1098
3153,837
2468,734
5228,2552
627,943
484,2355
5911,330
2332,1627
1568,477
5406,572
1082,1523
3303,781
5207,2614
4813,997
1165,2689
2354,2325
1299,2689
4687,2578
5248,925
946,1073
4029,2578
1315,2633
3163,1151
3591,2352
2125,1684
4243,63
4439,1695
1237,498
4277,1367
3378,2244
5904,448
1497,3054
4749,1362
3250,746
3819,674
118,1042
1076,2243
2311,2978
3369,1377
3448,2424
5265,1629
276,847
474,862
4978,1572
3059,1336
1610,837
1214,837
5696,1034
228,806
5770,983
1527,3054
4383,608
3027,2552
167,2782
2779,2450
1736,2639
3582,330
3186,330
1018,144
2723,3080
3795,1377
40,2448
2359,2803
2625,2922
4676,79
751,739
5343,1296
551,2371
5682,762
320,1684
693,734
698,1078
1512,837
3444,746
2026,1058
4163,433
5711,2631
3369,572
1528,781
5709,1804
2854,880
3938,1254
913,3137
534,2552
5025,3057
954,1448
5838,1625
2254,2578
1065,498
2114,1255
3198,1629
2582,1131
5269,2636
1289,391
3474,746
5518,896
5256,896
5383,2923
3913,793
1086,971
1383,1157
27,2347
1777,330
3062,2872
3060,2045
2182,1547
1141,2563
5296,2365
3907,1917
1496,1973
2112,27
2089,2487
5765,2062
2974,2651
2096,433
430,1397
593,2327
3286,2923
3425,49
2797,480
2931,480
1183,880
4065,409
4772,1025
4950,3017
4845,1503
3857,645
2088,3174
1150,1871
267,63
4448,1086
4415,2858
4988,276
1011,746
2721,1774
5104,1390
4071,2267
4958,2504
4426,1677
4980,3017
921,2923
4329,1744
3625,645
5898,847
2601,1076
2073,2677
4074,471
894,1285
4445,2858
4421,2272
3330,727
2934,727
5859,892
3286,2118
1128,2620
645,2651
3482,717
1047,2631
1159,2872
4777,1503
4507,1642
1126,480
5237,2427
698,1696
4910,2032
233,3057
4920,276
5737,498
570,198
4044,605
7,1024
5284,1684
3105,2837
921,2118
1055,2118
4145,2350
5872,1073
2720,1683
5696,847
1331,1235
4505,2104
4474,539
5367,1345
3973,2243
1595,527
2920,1744
5194,3080
2942,1503
5879,739
4497,1462
3036,1138
2418,2257
3268,2427
2437,55
5544,2146
2744,2427
4988,1699
5423,1627
4330,1699
2162,1513
2298,2340
525,963
5778,283
3405,1385
5364,1397
3980,539
4123,847
2299,471
3861,847
5110,2978
638,1025
4286,87
5521,2320
3432,2427
4607,2357
5606,1869
4494,1699
886,2258
2400,1462
1823,892
720,276
3010,2145
3328,734
1265,2062
2046,2627
4401,2639
4033,2243
3609,1915
3170,333
181,2627
4157,966
5033,2357
3135,2032
3214,2325
5738,2146
2175,2633
4701,837
1132,2822
750,276
543,2427
2472,2627
488,276
5051,2347
4827,2639
2977,1042
3111,1042
3538,1109
4110,746
5577,2578
458,2504
1177,2191
5315,2578
487,1744
111,2396
2951,1699
652,276
3857,458
199,1462
973,856
3726,1695
5651,433
4699,2430
5389,433
3320,226
5345,2578
5672,721
618,1796
2086,847
3230,1464
2710,2926
3441,1684
674,2859
2066,380
944,276
2389,67
3480,2578
4211,1336
5432,1419
5246,2949
5696,1465
1687,734
5639,2651
2371,1366
2780,73
1458,847
2776,2583
5465,1717
2473,330
4770,926
3028,2804
2211,330
4570,1804
5361,3057
4487,49
180,2859
5698,198
2537,1254
3442,1131
3724,63
1647,1685
1981,807
5867,2636
4279,1039
3262,1695
1951,2850
1427,2850
1019,1335
4474,2446
5876,1409
2082,2552
843,1109
1347,642
2503,330
3284,141
4862,1804
1804,329
4068,223
4517,49
1714,1567
1559,1464
4198,1235
622,2803
2814,1131
5488,1677
4918,1332
5817,2118
1404,1526
1538,1526
835,63
5109,2031
3502,192
3044,2532
2694,433
5269,973
622,1648
1862,1973
1343,2347
5374,393
396,2244
4654,1235
3967,2749
1383,433
5045,2554
5693,1277
5815,2206
5075,2396
1336,1526
233,910
639,2352
2962,1917
5043,2858
2438,1917
5356,1103
3683,896
4261,2822
2989,2959
432,746
3405,393
1331,1532
2518,2785
4631,820
4686,527
2394,2749
138,1962
286,2614
3847,1677
481,49
3846,486
5207,2858
1143,3174
2163,1281
5780,276
3658,435
4682,2478
5186,291
595,336
89,2450
4488,892
4226,892
3123,276
1139,2651
4052,1493
1452,896
2531,926
2510,49
5284,1765
1623,1717
5625,1277
965,1717
1522,1076
5720,1514
3674,2257
625,336
3364,1277
2901,55
3935,2032
4914,892
4664,2407
4981,2114
4628,498
175,1039
49,2620
4,1157
1065,1547
1982,2939
4420,734
1720,2939
5431,1761
2403,717
2791,1765
2772,1523
3832,1503
3159,471
3308,2257
5223,1997
5266,2633
4227,2032
4030,2427
377,1523
5257,1766
3586,2386
2839,1405
2603,374
5268,1366
2305,717
436,3042
40,3042
2519,2366
3565,2448
4336,2325
516,527
3432,2858
5646,1699
4956,498
3693,2633
632,1641
4066,1683
5153,1766
4838,442
5299,837
2055,892
4722,267
230,291
4160,1695
789,1975
416,1235
5823,433
413,2627
2965,2052
284,527
3636,5
2655,1072
573,2350
3104,144
5351,1377
4590,498
2188,2360
3750,2736
4958,2614
56,1831
3144,2926
4137,1684
2683,87
4181,2922
1774,276
3914,2578
5815,3174
5815,730
5462,1366
2602,2350
2609,323
3056,1766
1299,2612
5807,2532
220,892
2386,1971
2168,2243
3035,1828
4988,2614
3491,2633
2140,1915
2621,498
3949,2922
1175,2926
3768,2352
1101,533
5209,2209
384,892
3180,3121
5334,1157
5621,433
5709,2532
4673,1448
406,2371
5082,155
4557,1465
3600,2926
976,1935
1305,713
4032,2583
523,3121
4637,2922
5334,2096
991,2243
3284,1377
4108,2578
383,2360
4099,1526
169,1088
4302,1131
3988,1695
2670,925
4889,110
1802,1869
1525,837
174,2371
4217,1932
5334,2446
867,837
4081,2825
784,3054
4332,192
75,2365
949,3121
2704,1448
3144,966
5200,2631
4718,1167
4802,1804
1980,3080
4705,1871
2540,2922
5007,2209
2457,1167
3570,27
1190,1648
5426,880
3359,746
5229,2029
1079,319
4078,433
5294,172
1092,2244
5803,49
5223,1460
3230,2029
5484,1235
5628,2677
5783,336
3121,3025
5748,1281
4645,665
5412,1332
3545,320
2225,1167
1635,1890
728,2906
4673,1932
5891,2498
2121,63
3172,2209
2776,2209
3879,2825
2843,987
3804,2651
5394,2631
4081,2959
4330,1943
3124,448
5423,1871
5038,717
3393,1804
5473,645
2398,721
2002,721
3148,1973
2900,1871
720,2614
2131,1131
4151,1419
2196,1526
458,2614
4255,2708
3839,1332
1607,1131
5678,296
55,3163
2861,1916
4260,1362
1973,3174
2852,110
4872,2118
1542,1675
5845,409
2689,1809
5318,892
5474,1405
3998,49
1522,1962
1835,207
814,155
3078,49
2450,480
3360,1455
94,997
3547,1281
1480,1147
4969,896
182,63
2341,2415
3411,639
890,1089
3455,2631
4970,717
3101,3042
4715,198
3343,2575
4437,1385
5657,2586
1508,320
5481,2360
699,1871
4534,2257
4919,2822
129,1526
3700,2031
2587,727
4249,3027
4770,1975
5499,2350
4129,1390
3131,3042
3718,358
3513,892
3974,2041
228,192
5949,2586
5589,2243
4130,2554
4505,1677
1936,393
5733,487
4033,2621
2942,1076
371,2163
4261,2448
5121,862
5482,87
205,181
485,2450
1175,645
459,1229
5106,1493
1766,1086
1900,1086
926,880
3326,2355
3331,2699
3165,717
990,1804
4051,2796
3280,1421
4460,1503
401,1409
2834,2832
1547,409
1663,1523
5816,498
3636,1241
4412,1462
5155,981
2689,1138
4762,2218
224,2651
275,896
4148,1766
1973,409
3951,2915
4433,2689
1150,2062
4176,3033
2020,1918
5050,1345
2773,435
4805,1514
2219,815
3776,847
1945,1744
1656,1641
4775,2803
2101,2257
3939,87
3543,87
946,3171
2634,276
908,435
2556,2837
4863,1869
439,896
2433,1683
373,276
4712,2639
2862,1042
4340,781
4527,2859
5876,498
537,3124
4272,2340
4704,1997
1725,815
1040,712
3049,87
676,435
1304,2478
2735,2371
1025,3063
4208,1766
4220,837
2122,1390
269,276
5065,1572
2632,1869
3638,2552
1105,3177
3376,2552
4570,2532
1891,1642
5096,2578
3475,87
5565,1336
18,815
5778,1629
1029,1088
1080,87
696,3130
5563,1448
2796,1869
2123,837
3940,42
4862,2532
1438,734
3322,1915
2382,539
1781,1073
4040,1377
4864,2578
1877,781
5702,2923
5924,1804
1187,334
3236,3080
3528,448
5039,135
4822,2352
2698,1684
1004,2320
937,1098
2862,1526
3696,971
5618,192
4764,2532
1973,3121
5605,896
2286,1366
1711,3121
4500,207
3942,1377
3677,1860
1507,847
946,2500
4198,808
4984,1717
3288,1526
2656,2747
1909,1766
1878,201
5648,192
2110,1490
3932,1039
3806,2620
442,1627
1920,1366
2443,2639
4365,1860
2284,1828
2685,2926
100,1109
2707,433
301,3085
597,1915
2841,433
3242,1531
5518,1250
3398,2044
3193,2578
4915,957
2535,2578
1976,2614
3273,63
2877,63
2660,1526
3125,1131
2097,2352
5321,1086
1267,1336
1750,2244
4369,639
1037,1813
474,2639
107,1125
3887,1804
2003,1377
2665,1496
5908,250
2759,1131
2893,1131
4541,1281
5463,3017
967,2922
401,67
3546,2450
3572,1419
700,2578
1402,2850
607,135
4845,2446
5230,2257
2339,3174
1885,1506
4812,54
3466,1932
4968,2257
5501,276
2884,1018
5105,276
2243,433
3255,2651
4888,49
3373,2872
4223,3042
4364,49
2829,1496
4960,2554
913,1531
2291,100
4309,1281
1036,2096
4467,2621
5804,435
1072,63
4857,1086
5848,2427
1982,284
5793,276
5397,276
4958,2858
5135,276
2427,2620
1950,746
5090,2785
5136,3130
5838,958
2992,1086
3336,896
5330,1683
4972,1975
5590,856
4638,409
1360,880
2583,100
743,3163
3668,1076
5834,435
4333,712
4852,1277
3379,192
5832,739
2943,793
2382,2446
2626,1086
5284,2627
4141,892
1494,2923
4025,717
4784,1523
2633,752
100,1377
1357,1871
1032,2111
4652,815
2489,973
909,957
826,3174
5413,2633
3415,1138
4614,1462
2909,2498
11,746
635,2825
1029,2190
5941,1971
2608,291
5717,3017
1687,1409
3232,3124
1478,1235
1910,892
5695,1915
1770,2575
2942,2796
5428,2325
2491,645
2618,1918
4194,2946
3781,333
5047,2633
5102,2340
4403,87
4388,718
4161,1493
1358,2257
2619,49
1762,2872
3572,1098
4544,477
4339,1765
5721,1042
1940,892
837,276
3588,1042
5042,195
3722,1042
4405,1072
284,100
5070,1462
49,2677
3846,2771
3901,2478
169,527
3931,2320
2809,1462
3595,2371
1348,1138
1792,2872
3676,1047
3867,615
1580,2427
723,1086
4918,2007
5213,1366
2539,820
5937,1397
3492,1869
75,1804
1031,2370
3545,1503
5599,2341
5203,2341
1484,625
5665,1648
878,815
2846,2633
3321,2926
3959,739
1433,845
5708,1695
720,2858
3299,2386
458,2858
3746,1385
2321,718
3508,1971
1061,2370
4081,1109
1505,1098
5350,2926
3371,2639
4358,3080
4912,448
3700,3080
2609,1535
2900,21
2536,498
5268,268
749,2633
1105,1514
3397,1766
3722,1526
1559,1684
430,409
2393,1129
5079,746
5798,433
5082,1017
5820,192
4557,2327
3817,2325
5675,1531
2683,144
2488,1366
2668,21
2857,2926
4626,1151
2236,2084
4080,2146
3966,2044
4954,458
1202,2736
3847,2352
3969,63
4561,1695
3189,2352
3903,1695
2781,837
4047,3137
1516,2145
3732,1813
5539,330
5010,2430
1061,2504
2914,1366
4829,1860
5146,1567
4431,1033
5336,910
3259,2532
4315,2578
5488,1681
5130,1973
1984,2371
3219,2352
1782,170
73,498
4264,2209
1728,1627
5181,1157
1485,1869
3806,3051
5160,1034
2617,971
4270,1465
4277,192
4088,2922
5160,1973
681,539
3425,2578
1864,2804
3550,1526
2163,1151
4811,284
3661,2296
2687,1336
2625,458
5181,2446
2908,746
1185,422
2816,1157
1658,642
1171,2244
4032,896
2552,330
2634,2614
4045,1131
5746,2605
2566,1167
766,1377
4773,1281
5666,2087
437,155
2259,458
1006,837
1221,1957
519,2439
2685,2552
4949,2446
3029,110
3072,746
293,2850
1611,422
926,319
3242,1157
4720,896
2863,572
342,268
5509,3042
2396,1860
2673,448
5247,3042
5474,2267
3904,2939
814,1017
4983,717
1268,433
5461,1281
216,2788
4956,1523
3977,973
2540,1235
5334,2637
1483,1526
3369,336
3505,1917
4488,896
1447,556
5748,2627
5266,409
120,986
990,2532
2895,1584
1429,916
5582,645
821,1033
1822,3062
4234,198
5485,712
89,2804
3661,336
223,2804
2848,2677
3364,1281
1999,1419
1424,3174
2155,1932
3928,276
3305,1051
1328,433
2653,896
5763,2504
3449,49
2151,1409
4761,250
2655,942
4944,2586
1510,100
2189,2832
3665,1744
1877,1025
4933,2427
1304,1917
639,746
1484,572
3390,758
4670,2956
3567,2340
4887,739
320,1932
4499,2320
1949,1840
3437,2267
3547,2627
2277,2837
3532,2504
3935,1231
1599,3124
5675,2633
546,1871
5689,87
2375,901
1089,1332
2524,435
194,1419
1257,916
2762,2478
3159,2114
2978,3042
2830,892
264,845
2578,856
3321,1129
5482,144
1492,409
795,1235
798,752
1230,409
1574,973
691,2575
4144,2859
4483,2325
1680,3089
4414,276
4102,2633
4181,2926
4423,739
4903,2130
3394,826
5046,1684
2686,739
1278,49
3709,837
1109,240
3485,1129
699,2062
4658,986
4138,2448
4028,590
3400,267
2369,1971
4888,1448
3460,1072
879,717
827,527
4251,2325
4647,2325
2508,625
5529,498
2308,1503
3870,2633
3949,2926
2183,276
3762,67
99,727
3905,2627
4354,1699
5754,27
1468,1462
1633,3027
3873,837
2870,2145
3188,734
1424,409
1159,892
4151,3033
4421,642
1212,718
3672,2244
3939,144
4105,1345
1082,645
4186,21
3900,2633
3263,1258
1403,471
5508,910
4536,1531
1645,2448
1996,1739
5088,2044
5290,458
3891,1766
3641,837
348,276
5752,2209
86,276
1335,3161
2056,477
2635,1093
1289,1473
1425,3054
3024,87
2532,1345
78,3017
255,435
2144,2926
4531,1695
1219,892
1067,498
3470,2244
921,2366
702,3002
3911,674
2851,1448
2092,642
2562,1345
2610,2325
3857,1377
2389,636
5491,1629
1437,2633
4806,1526
4843,2347
1075,739
835,498
1174,718
2714,1335
3500,2244
334,2956
1802,2007
2098,837
2853,181
4667,1367
2696,1695
1178,837
2835,2793
894,1078
2410,1109
5281,2923
1635,2244
936,2243
3622,1860
4711,2578
3503,448
3625,1377
1144,2946
5425,1167
4836,1526
5464,2815
524,986
510,1088
4643,1131
2299,3163
5876,1039
174,2859
5705,1157
2726,1695
3939,1917
5341,880
3670,746
3274,746
5803,2631
1362,2243
1737,1366
2971,2815
1591,201
3962,746
2514,2347
1433,2244
1834,336
495,1695
4836,721
2704,192
1305,746
2816,433
3528,639
2554,433
465,540
2693,1531
4986,665
3243,1409
3320,1629
2961,1696
374,1526
3245,2394
5050,276
5220,2939
1894,2430
488,1813
598,1419
4571,49
2542,2651
5186,1076
3895,409
189,433
1061,2614
3413,665
3858,1281
1747,1629
5339,2257
827,1629
624,546
5476,276
4505,2031
315,3174
5466,1251
3408,2923
3086,2872
3747,137
1243,2
4753,820
4541,2627
331,674
3137,2837
485,2804
4150,527
108,602
443,2578
1926,409
1363,1235
3166,1296
5244,276
4848,276
1687,1332
137,27
345,3174
5166,2837
4100,3042
209,2532
4309,2627
3129,101
3836,717
1050,896
4467,1523
4207,2350
4974,3017
1956,409
595,1255
3952,1831
2797,1025
691,1717
1040,1871
2382,2503
530,79
2794,727
2305,1502
1646,2620
3098,1138
5906,1684
5073,1683
4056,87
97,1917
2416,2272
3720,892
5817,2366
767,2651
371,2651
1154,845
2587,2504
4319,847
4809,2926
3400,2792
5709,739
3756,2427
2319,2689
1634,2586
127,1917
3463,862
5280,67
3043,276
3824,87
57,2087
1896,1051
4053,1078
4859,2639
4470,1366
4403,144
4468,539
4303,2946
2802,1503
4851,1997
1126,1025
3146,3033
2282,713
5642,806
1743,435
2634,2858
4024,498
5823,63
184,2959
1392,2837
3532,975
2534,2627
550,276
5509,2347
2014,1837
1671,3161
1537,717
5680,1448
71,49
1005,856
5003,2926
5261,1464
3833,1088
249,2041
2117,2689
2224,2586
5639,2578
3392,1345
3237,276
5773,2578
549,1744
5719,63
2823,636
5309,1131
1238,276
1728,2355
580,276
5885,540
4993,2588
4181,458
4883,730
4943,781
1383,2320
5882,1932
2570,1129
1119,1493
3949,2552
2961,2448
2861,1278
3219,986
4181,1397
772,1385
2735,2859
2614,2340
2282,847
2297,2633
2693,2633
4534,2424
4541,1151
3441,806
4776,1957
610,276
1823,498
3146,2578
3542,2578
5345,2639
3574,1335
3949,458
4694,1366
2550,1766
4828,1366
2039,2782
4241,2552
4208,160
3337,3085
5192,330
2688,2639
4137,1448
5632,602
3500,2325
3949,1397
301,3089
2925,1828
2266,2946
103,2350
1894,1088
495,1642
4218,1787
2418,1997
4309,1151
1876,1448
1824,1258
3176,2578
717,1462
51,847
622,636
3652,63
412,826
3831,1526
2726,837
4658,746
781,2386
4487,110
4561,813
2950,3174
4965,674
2723,539
35,2007
355,1231
849,1766
3664,73
150,1765
4890,1254
5642,135
2495,1089
3534,192
1834,1572
4401,2029
4265,2922
1687,2084
1322,1397
1802,2788
3206,2578
35,2946
4030,3025
1229,2926
2151,498
1342,2803
3534,1131
3816,63
691,1530
4567,1917
384,67
1640,925
3034,27
5014,916
5563,192
5675,433
1032,1042
2293,2244
4468,1157
3691,1465
1184,1813
5563,1131
366,1366
1255,1464
3208,1496
735,2926
2540,808
5255,1917
5077,2554
2835,2419
3781,2297
479,2182
5632,1086
1695,2675
4468,2446
4886,2959
2059,3137
2286,110
3036,1362
458,2244
1614,1932
2311,1860
3842,2923
3871,1409
5858,1025
3819,2939
3752,1717
691,725
1711,2804
2177,2045
711,1377
646,201
4457,193
2574,2620
2529,1157
4163,1409
4803,49
2136,2394
1874,2394
1246,2825
984,2825
3634,2785
2269,2923
2164,1409
2804,49
2365,2631
345,1377
1038,3061
2891,2677
5186,2446
1562,1526
5708,276
3175,2621
3187,2446
4171,896
5222,3042
4826,3042
3819,2134
4812,892
5693,2627
524,746
959,674
298,1157
2657,2631
4840,1405
3842,3057
5258,1918
2968,49
4172,717
643,1377
2558,1871
452,2563
3717,1076
310,1167
5738,276
5872,276
3184,1744
2723,1157
5709,1975
561,1917
1760,2241
2665,2118
292,746
2202,896
1011,433
2269,2118
326,330
3017,291
2067,2923
4340,2371
4679,1837
2256,2822
3672,1683
98,880
984,2959
327,1871
1004,1332
5625,2627
4878,892
4452,2935
5593,837
2745,892
1642,276
3230,2627
3312,2437
3314,820
588,1804
1775,3057
4686,1072
5279,2340
4384,2427
2603,435
3671,276
1038,1451
4818,2130
5623,837
5423,2469
230,2446
1935,3130
3344,820
2354,81
2634,2350
4198,1109
2221,491
187,2749
3420,815
2016,1025
4087,2032
5140,87
2583,1072
4479,570
2495,2191
2089,1503
4914,498
5775,1766
3896,1683
93,1020
1440,276
476,758
919,2267
1205,409
248,2062
5893,2926
1559,2627
1865,2145
4074,642
5170,87
1314,2796
918,2796
1417,1231
3636,416
5050,2614
4272,2320
4788,2614
3445,67
4739,1971
1982,1390
3272,1078
2478,1971
4339,1448
5144,155
1615,815
4331,806
3438,966
4298,2578
516,1072
657,2243
2185,1345
170,435
1061,2858
2670,3080
2847,498
3871,67
4833,2922
1322,2633
2444,1047
2218,2956
738,892
521,2355
5691,674
586,498
911,820
1470,2504
4765,1448
4080,1345
3061,1366
1325,837
2894,2946
846,3054
2900,1448
2215,1345
284,1072
3851,2424
4761,925
3885,1254
3484,910
5015,1973
4063,1526
4011,3056
699,2253
2144,2044
1836,1699
2870,458
2550,1042
2290,1869
3610,268
3353,1366
4490,2532
5613,2080
1289,2469
1743,2639
1366,2689
2433,642
779,3121
2930,1448
5607,1511
2245,1345
851,2243
455,2243
1377,1535
3013,2614
3333,1838
2407,2804
2326,1684
146,2427
473,570
3067,2850
2962,1336
758,739
5899,572
4009,1828
4566,433
703,1971
5622,2923
3624,674
5360,2923
1984,2859
4656,2578
4260,2578
3303,1033
1663,966
5706,527
788,739
810,498
1684,1254
2835,2850
2737,63
1363,1613
5740,296
468,734
5024,880
2322,2450
89,1869
471,1971
5390,2923
5925,49
1243,730
221,1042
5663,49
3595,1033
5157,1409
1516,1828
2013,2634
2746,1465
2419,1070
4262,1496
1655,674
5053,2749
92,2325
1884,3163
0,2736
4270,798
30,2578
3645,746
3390,1917
2065,3174
3078,110
1378,2244
122,2352
4180,1255
2783,192
5429,942
255,1915
988,746
5453,1528
497,1448
669,1932
894,330
5529,1523
1238,2614
474,1464
2654,721
4028,2554
2646,79
1706,1147
1967,3174
4903,2939
3747,999
868,987
1188,1157
1718,1157
1871,433
2800,896
958,880
2441,1717
1859,49
224,2578
4940,727
4626,2257
4619,1086
1214,284
4645,55
5159,276
852,3086
311,1419
1090,1157
5465,3177
4560,856
3357,3042
826,2804
564,2804
1383,1409
4889,3017
3034,1076
3108,1025
5673,847
5836,87
4848,2427
5392,2325
2336,1677
4566,1051
3867,1050
5394,2371
5733,1837
3649,3042
1018,880
2532,276
3635,892
1554,860
2721,737
5021,1042
995,896
3546,820
1877,1513
5354,2191
2792,2832
3888,1523
1639,409
5797,1448
1602,527
4957,276
2553,1503
5908,498
1500,250
4249,2633
4724,2926
505,1419
3799,892
3587,2699
1994,758
2880,2837
1248,2631
4923,1042
4290,1129
2065,409
1669,409
4085,2417
5585,1915
5702,2500
1106,1235
2023,2627
5634,87
2143,1231
2119,645
5881,1684
719,1728
5619,1684
4031,87
3043,2427
5199,1098
1713,2586
2860,276
2464,276
5413,2747
2598,1030
5337,1971
590,2257
397,896
5349,1042
209,845
3676,1027
1613,2355
5252,1109
5420,3137
876,2062
4689,2689
3839,267
1010,2062
5437,2552
5805,1258
2954,1042
1452,717
464,3057
932,2371
1889,718
1949,1523
5837,981
3636,847
4577,2633
5678,2614
5229,1098
3221,2325
621,1728
3403,87
5297,2922
2578,2633
5372,63
2465,477
4841,1366
4968,2639
3380,1042
890,3057
4579,1366
5303,1397
2722,1042
5437,1397
1853,2350
2625,1109
218,2627
2458,2689
3251,2325
1232,3171
5322,2578
3737,498
5003,2044
5211,2747
4657,3127
3445,1787
3827,391
4214,837
704,1739
1323,256
4077,1505
5414,73
737,1098
5897,981
2633,1350
4978,2926
3152,1915
3202,1278
2235,2243
4972,2357
137,2796
99,2504
4877,1531
4163,498
2394,21
1086,2191
4004,1377
2638,2633
1038,1211
4513,1254
3491,2320
2568,2803
1066,226
417,2032
4918,27
1062,2736
1640,498
1702,2130
1356,739
2861,1335
3819,284
3239,1695
4741,330
465,1699
4954,1377
5824,2923
3358,3080
4442,448
937,2448
3903,2614
4216,859
5596,63
2101,1997
4790,1131
3121,2578
1932,498
3255,2578
5335,665
364,1997
882,2926
861,2049
2277,910
2215,32
4058,458
5855,2394
1094,2782
4910,674
5861,896
1743,1915
4177,2974
25,2689
5108,100
4607,1804
147,1366
4261,1167
3638,1942
3624,2044
2182,1962
26,847
2703,910
3095,2454
4088,458
639,1047
4505,746
4200,110
3926,1793
1175,2747
1202,2850
2608,1023
5316,2651
5498,2133
3514,536
3636,1465
819,3085
2780,1480
2016,330
2757,1496
601,2633
2115,2029
5771,198
1237,1531
1655,2044
1455,2922
4868,2087
627,821
1857,458
4226,2620
4399,296
2764,2825
3722,1774
3085,2651
432,730
2259,1377
5817,3175
3554,1409
1150,192
2344,926
621,602
543,3163
4645,1641
218,1151
5763,845
5885,276
2657,110
2445,1917
5807,2837
2042,746
2140,1281
1070,1367
433,2244
3115,2651
1723,1932
2528,639
3992,480
1848,880
3369,1255
4573,2677
4900,820
120,966
1734,1532
1429,896
2883,49
4918,645
5372,815
3083,2554
2305,1506
5653,276
2475,1917
3927,435
4304,193
5174,1739
3661,1255
4022,480
1482,880
3392,276
1188,433
5064,820
4379,717
4614,1523
228,1034
1739,721
4880,1642
1991,1696
4193,712
3004,2796
5421,276
5395,3027
3592,2939
3556,276
4781,2575
956,433
1472,727
1048,2651
1875,1871
3766,1025
5044,2396
1728,131
2282,717
2224,712
183,1799
5885,1699
3586,276
4515,739
1240,727
1309,1086
803,2446
4810,2350
785,1086
2392,1235
4742,903
2863,820
4040,1385
361,758
3778,1385
2802,2796
2427,1421
2050,717
1780,856
4151,435
4608,1088
3195,2498
3592,2134
717,1332
2341,2586
4416,329
3354,276
5682,185
1614,2257
4910,837
2525,2114
1751,276
1049,758
2196,892
5432,2639
5043,1366
3303,1627
682,2627
1809,1385
2633,2586
5104,329
3333,1277
1547,1385
309,2796
2068,333
4313,739
1114,1503
703,471
3922,2803
4340,2562
2043,276
2824,87
587,296
676,1277
1385,276
5536,2588
3337,3089
234,1871
1810,2145
2106,975
2401,2586
3307,1345
3851,1997
2691,847
1505,2448
2854,87
1811,276
3848,1699
3922,1648
3367,837
5170,144
3239,837
622,1579
2843,837
656,409
4586,1813
4176,1915
3935,540
3233,1022
564,820
5218,2255
5547,1033
4889,1033
2143,3085
3607,2926
4852,1151
2285,1448
5650,1131
115,435
2647,1837
1850,739
5329,2244
3137,910
2543,3177
3269,837
466,2355
2687,1613
4939,746
3657,2639
3664,1366
1528,1627
5468,2029
2291,2552
2659,1258
2793,1258
5071,1804
334,2586
3054,1033
2694,498
3969,2352
228,847
773,2633
4359,63
3839,27
957,498
2949,458
4516,1932
1711,1869
708,3177
2836,2244
4880,2394
5938,1547
3955,2804
3561,433
2157,1397
696,1073
4175,2578
138,2243
5381,1629
3608,1942
2562,2614
4754,942
1536,1464
1787,2803
5178,2209
2031,3163
2779,1336
4814,1932
5927,984
89,2731
1928,1695
4922,1465
82,1560
4137,192
2485,2552
3679,2532
5112,808
666,268
5840,49
5845,393
867,2244
3040,330
3515,1377
4385,2923
612,971
4906,1871
4522,942
5170,1917
2078,2578
359,498
2754,1629
725,1787
4868,2518
5532,54
583,391
1760,956
4855,1532
89,1576
4815,413
969,1366
3042,2446
3792,1254
4172,721
2835,2907
4762,1718
4142,2764
2707,1409
2091,3163
2772,1804
1397,1254
1834,1255
4358,1076
2233,1526
4492,1076
507,1685
2599,2815
2110,372
1733,422
1802,27
1831,957
2932,746
5858,1513
5932,1462
2391,3051
3468,2446
5107,3042
4818,2939
1390,433
3549,2785
1744,2651
5870,1523
656,1377
5437,1641
5530,2586
3711,2554
5767,55
139,2578
2219,665
5901,55
1174,27
4921,2478
456,942
3102,2446
4282,276
4110,758
1508,2532
4416,276
2234,192
3208,2118
2170,2651
2949,137
886,1465
3272,3042
3389,409
3143,942
5589,1072
3090,1281
2553,1076
4818,2134
1134,1917
1614,2554
1621,1281
889,1332
1980,433
1517,2621
4234,393
2117,896
3564,3042
5408,2350
4243,856
4475,2145
3749,2041
2833,1251
2776,717
408,1409
5618,847
5334,1088
4069,2396
1046,1696
5225,2084
5254,2822
3903,2858
548,665
5823,498
1922,1744
3517,2822
5870,2007
3764,2699
4483,2386
2611,276
2215,276
3238,374
3625,820
5836,144
937,3042
5648,847
2609,2832
2485,1076
2089,2796
3441,2396
4957,2427
5346,1448
5719,498
1023,1281
5457,498
4187,1462
4973,2371
4011,2926
3529,1462
4711,2371
1065,2446
3833,1873
5049,2366
312,896
3517,1078
2010,409
3935,837
812,2939
5275,642
4884,986
3693,2243
3417,847
5621,498
3133,1088
2534,2257
4961,2145
2671,276
3452,87
2533,2032
530,193
5160,1042
5239,1335
2018,2340
5676,1336
2016,1513
476,896
2866,1683
4227,837
233,1138
3703,837
3723,2243
2205,1385
1238,2350
4071,2926
2261,2448
3037,1915
4936,1684
2756,2427
3833,1068
4018,67
169,1503
4307,1890
2846,2320
41,2257
3995,837
307,3130
178,276
1191,2130
1165,717
3300,2675
2405,1042
3403,144
4795,1829
4607,2532
5443,2804
4653,433
2991,2859
3257,1258
5005,2578
4421,837
4462,838
5546,458
1662,1873
728,2032
2443,1684
604,276
4699,27
5026,422
1159,498
4855,540
4354,2244
5737,1157
1236,718
2746,2624
1144,1129
3284,987
3998,330
3781,1793
157,1627
534,1385
2523,1828
4223,448
563,625
4028,2424
4189,837
2737,67
4705,1131
1019,87
3636,99
100,2032
2013,1699
3607,2552
5769,2923
3766,330
5903,2923
5204,2922
2503,21
4261,2029
1544,847
3930,2424
4838,320
1219,498
5548,1419
2366,2352
2092,837
4165,1917
5359,2651
5672,896
709,1335
4380,3010
2482,433
4765,1131
3017,1531
2010,1377
60,1828
5578,1419
1749,1787
1093,2614
2900,1131
3244,1695
1211,391
2188,2588
4975,2257
3483,2620
1293,2675
4305,1496
115,2639
2006,1793
5769,3057
557,540
2604,2651
3743,480
2440,1496
241,1997
3192,1131
3973,942
5456,1025
779,2804
1156,2562
2085,3025
4225,1917
4309,2554
4316,1281
3963,1917
4813,2087
5453,727
2951,1419
4212,2621
3085,1419
5208,896
4358,2446
600,1526
4046,639
1238,1813
2382,2430
3445,1173
1640,1039
3773,480
2938,3062
5123,973
3395,2749
4421,1455
4870,527
3345,942
5943,712
627,878
3276,3057
4735,2554
1335,2096
5745,727
5664,3017
5896,2586
2885,957
4504,2621
5593,333
156,2424
4126,2446
3484,727
5017,173
355,540
3111,896
5364,1385
4791,1523
3440,3057
4032,717
5871,435
4467,645
107,1377
3085,614
2156,1871
2420,1917
5159,2858
2017,746
4651,173
2990,727
4762,2633
2553,2446
3141,896
4574,892
246,2825
4401,2627
4668,527
1225,2651
2863,393
1887,1804
3134,856
2186,1871
3228,491
5577,1277
2159,2677
2534,2554
1042,665
4531,2858
5500,276
5771,739
3079,3027
3423,2837
2626,49
1340,480
5330,1935
5260,2859
2698,2554
2724,1523
5394,2859
1569,717
103,49
3656,2257
5218,2633
3334,2206
3608,2186
4305,2114
3057,2837
3229,877
1991,3042
40,639
1702,2939
4625,2469
5831,1520
1813,1235
2391,3161
4970,2689
2754,1523
3065,1385
845,2729
5065,2926
581,1902
1715,1831
4012,2427
5402,67
383,1917
3354,2427
3304,2340
1029,1503
1311,435
4102,2320
5590,2747
1366,896
4162,2371
5266,1869
3189,1047
5909,2500
1434,276
878,3027
5250,1366
5735,2347
106,1235
111,1579
3927,1915
1440,1195
1230,1385
2345,1072
1775,3171
1999,435
1,2350
1902,2946
4142,3008
3151,2633
4004,2320
5019,837
495,2858
1464,276
2281,498
4108,391
4215,1042
1042,3027
4273,458
3020,837
3618,1695
4239,847
3969,986
2635,1935
2778,2243
2029,435
1858,2243
5633,2578
1079,815
3443,2633
5296,1495
1978,847
2735,826
3991,1684
5090,838
85,2586
2537,87
1098,276
2707,498
3531,1699
4909,268
4499,1336
5535,730
2195,323
3857,1869
4854,746
5311,433
1775,2366
3181,539
3907,1397
2894,2926
5482,1254
2970,1258
3488,2352
2156,1684
4274,63
4929,2209
3812,1695
4151,1915
1871,734
4249,2450
3275,2244
5181,2430
819,3089
1292,2747
3613,1485
4277,1465
736,3054
3296,2532
2585,2706
4998,1033
3000,1258
4849,910
2416,1207
5941,3057
2221,739
4497,458
3953,1526
4818,284
5401,2554
5371,433
880,1648
1995,1335
5054,2446
1060,2747
425,2007
5518,860
4919,2029
3372,433
975,2639
4566,413
4631,808
782,2244
5553,100
3863,2922
1320,2859
2650,448
3305,1840
2641,2614
1746,981
4327,1336
5275,2041
839,1997
3132,1131
1859,2578
2695,2850
1098,1699
5248,1157
2430,2552
4465,896
4895,480
5266,393
3941,1650
1263,1362
5413,820
1803,2804
3036,268
2590,1871
4804,712
5382,2446
2854,1917
5538,2959
3200,110
3690,2189
1176,612
4099,896
2404,2620
601,3121
539,2243
3526,1034
5584,1614
587,971
595,2552
3721,721
4893,942
1995,880
5008,892
4235,942
3614,100
4,2084
4758,717
5651,1523
2717,1804
2099,2923
5389,1523
457,2029
5584,1964
5379,2498
3371,1281
5890,758
4587,1774
523,1336
5707,1051
2964,2620
2919,1157
460,2485
718,1023
2683,880
5303,409
5437,409
5261,2627
2331,2118
2747,1804
2525,2923
3676,2267
3194,49
4407,1025
1129,1496
4986,1641
342,2614
3695,1728
1491,1131
5347,2586
5259,487
3693,2621
3240,2087
4157,1035
4678,2427
812,284
2919,2446
1066,1332
2757,2118
3703,276
3173,1804
3819,1390
777,448
887,54
2062,546
3249,1799
3558,2554
4516,2257
622,510
553,1871
157,1871
2767,712
2853,486
4131,1103
3733,276
414,746
5770,1699
1859,2257
5488,323
4536,2320
5935,1766
2185,2427
4225,1677
5011,2586
942,1804
2721,717
4627,903
420,2631
1700,665
2894,645
4969,2360
583,1871
3962,2206
1171,2041
2931,712
4228,2325
2433,435
4102,1462
127,2759
1101,521
3943,3095
4633,1098
1761,2257
3313,2699
2965,1235
2294,276
3935,1699
4771,1971
5769,1073
361,896
2489,717
5632,21
754,3042
2034,1076
2189,2145
2430,1076
4214,333
160,3057
3867,225
169,1076
3615,2633
4011,2633
4730,2320
1743,1277
2147,1138
2586,276
2190,276
3031,892
1622,758
5040,267
5616,1366
1046,3042
3508,1231
4320,1109
1725,856
1035,409
4951,1915
773,409
3550,2396
5718,330
520,717
2120,1385
3947,1278
4508,1345
1285,1523
889,1523
3907,2633
4041,2633
4760,2320
4589,1684
1958,276
2596,2253
1558,2786
218,2257
3199,1765
2237,2320
3316,2350
4088,1109
93,276
3525,1935
581,1528
276,892
1517,718
498,1493
1181,1523
3144,2243
3440,1073
2197,2894
3754,2926
4943,2562
404,1831
2849,2325
4062,1766
342,1138
4922,2624
770,87
3846,421
2146,1801
1898,1699
3804,2639
5729,1377
553,2489
2898,847
2366,986
1065,2637
4688,2578
4030,2578
2693,2320
5907,336
5797,1696
4506,63
538,87
5321,1932
842,498
3507,2244
5059,1932
2175,1576
5437,572
1447,837
889,2007
5762,2614
2222,3085
2365,2639
3681,330
5644,1804
4278,2306
4985,2922
828,41
1318,1366
4661,2044
1810,1828
2560,3080
1459,847
568,87
1934,2803
4308,1367
2608,2747
5089,1932
2298,1767
4605,3051
1599,1766
5482,880
807,1042
1999,2639
3754,966
5743,1409
285,1869
1410,2244
5548,2631
4058,1377
3662,1377
627,1606
1019,144
4190,1496
4415,1614
3599,274
3074,2146
902,498
3636,1095
114,2926
1036,498
2638,2747
1509,910
3225,63
4210,1367
5634,2563
2387,2347
5489,896
1836,2244
3728,1034
1455,2552
5753,942
3958,1496
2143,674
4448,1131
5752,717
1693,1377
1152,1962
2492,1767
3782,2209
2574,79
595,2044
3828,110
2840,2450
4590,433
1321,458
5801,2272
3022,1932
4490,983
515,1526
3156,1932
4223,639
3961,639
1464,1675
5898,892
1887,2532
5941,1528
891,1813
194,2639
1906,330
5204,1235
5648,717
3258,896
2862,896
1444,1962
1857,1377
2519,1496
3394,1696
3483,2677
1384,2096
5227,845
523,1767
5705,1409
1417,1455
300,1695
830,1695
4825,276
5221,276
1289,2209
2621,433
5812,717
5946,717
3771,1804
5431,1025
1896,1840
3369,1235
3713,1799
4699,2796
4358,2503
3938,1917
4423,2898
2485,3174
5494,2478
5568,2427
4145,2395
2352,1332
5251,276
3110,193
4025,758
2965,1532
1614,814
3661,1235
1070,192
4712,2627
4321,527
1406,1804
3708,1990
4078,1523
5243,3017
1609,1409
4708,2858
1462,1332
4757,276
113,2003
1025,3051
3105,1138
2236,2446
3727,892
5509,1042
2145,49
1174,1804
3784,645
1191,2939
1211,1871
1727,2919
2259,336
2706,1025
597,1419
234,1367
5881,806
2906,1086
3823,2478
5576,170
844,1296
3050,276
64,2087
704,727
1513,896
3090,614
5015,1042
1474,2631
846,3062
1001,721
5877,283
5028,1277
5919,1448
2247,2554
2622,1677
4972,1345
5108,2926
1756,250
4901,2633
663,1076
2903,1138
3858,2822
2109,1277
2512,758
2952,276
4561,1252
2825,2386
2056,892
4341,2417
5445,1915
1754,527
1148,717
4711,2859
3467,2792
53,1682
2319,713
2016,712
5345,1684
3313,2325
2258,2689
5479,1684
2671,2858
2710,2032
3918,1910
3799,498
5869,1869
5471,1042
3858,1078
410,2858
983,276
2566,1529
4472,2469
1562,892
4950,781
4955,1125
328,1513
2132,2176
3739,2325
2689,3033
4336,329
5404,170
144,645
742,1503
2601,1873
5710,2347
2978,1042
4456,781
2419,1078
474,2627
5627,1531
5703,1526
2547,2926
3278,1684
57,2689
5396,63
4479,391
915,276
2252,3008
5428,540
1467,981
5531,1419
4822,730
462,1462
4961,1828
2872,1935
4324,453
3754,2552
3902,2450
557,1699
4982,1362
4994,433
1331,1093
973,1385
751,2504
100,1231
5144,1131
4882,1131
4180,1613
3542,602
3075,1890
1497,981
1896,498
3472,1526
237,2633
3561,63
2239,837
5682,433
3190,1813
2701,2588
473,2351
1161,1971
4473,330
2372,1366
3003,2926
2619,1997
2717,2532
1311,1915
1681,1448
4040,2922
2235,2788
2949,1377
2687,1377
3115,2578
4180,458
252,847
267,2633
1265,981
4321,1629
401,2633
4554,110
189,498
4738,1917
355,1699
4605,2327
5721,896
4374,2394
1330,63
4403,880
3840,1706
2747,2532
1054,2639
1341,1915
2413,966
3177,1362
663,539
403,1366
4536,1409
2042,1962
1034,2926
1691,981
5607,2487
1825,981
4108,1871
3846,181
2206,1804
4651,1332
1280,2578
5548,2257
3252,2825
3343,2189
4014,896
3372,1429
2668,330
4182,480
1634,73
114,2552
3923,1717
4815,1332
4182,1419
1005,1942
41,2424
1786,63
5335,55
2933,1917
5715,276
1341,1110
2745,2620
1549,1813
3782,896
4305,2923
5456,1513
2670,2446
5617,2370
4084,480
2440,2923
1982,2045
5272,645
3816,665
5399,1918
877,602
4614,645
629,1254
2150,1629
4779,712
362,910
1919,942
3608,901
5296,2170
853,1147
2723,2430
2775,2620
144,458
3602,1086
5909,2370
331,284
4257,2478
4262,2822
2650,639
4997,3042
2715,1034
4735,3042
1447,2825
435,2327
4908,718
1768,2651
153,2614
1230,1255
2314,1629
3754,1076
2707,1523
2731,1917
3935,333
2980,2621
3511,2257
732,1917
1136,2532
470,1917
2165,193
5582,820
5007,2575
4611,2575
4938,718
5879,2504
5067,374
2596,2631
1061,2358
3969,856
686,983
1142,1034
4365,856
5094,1231
5490,1231
1021,2959
3151,409
317,2614
4909,3171
2636,717
1648,3057
3107,2554
3205,3089
2871,1523
1124,1367
4391,2427
3627,1277
2665,2586
4485,2062
918,2430
2050,778
3922,636
1258,2498
877,1086
5300,2396
298,1409
2115,614
5098,195
4186,867
5736,2926
619,1235
3855,2016
302,1528
2599,2124
5474,2926
3657,1277
656,336
143,717
738,2620
1175,2621
4182,1098
4299,1683
663,2446
1038,1569
1843,276
2727,1528
172,896
5920,2639
2248,1493
3084,1765
66,1409
5276,847
1170,2627
3990,1278
5318,1258
4519,87
1066,1523
1004,645
408,1523
785,1281
4823,498
3560,2633
4632,1684
3291,1462
3950,1098
4108,1684
2384,2478
4822,1027
2136,3130
1305,758
1611,276
4479,1627
2340,2371
2598,717
958,2340
5930,2926
3497,2469
5004,1448
4651,2084
3689,2639
676,2627
4367,2325
5924,2357
4162,2859
681,527
5115,498
1894,1503
4831,739
5249,498
4853,498
1243,230
1370,1503
3724,2633
5367,2439
4382,2044
1641,276
2067,2370
2115,1098
3947,1335
4740,971
1626,1873
583,2062
4416,1813
3392,2244
1833,1385
2265,1042
5940,207
5365,1962
740,3177
4095,2926
5251,2614
1973,3085
2714,87
2884,498
3018,498
3935,1890
1834,2926
1787,636
2516,2731
623,498
3529,421
834,718
612,1837
3358,539
4540,1448
1066,2007
3784,2633
4121,1464
2715,847
2885,1258
1782,642
4423,1048
5275,2045
2652,498
2595,1684
2975,1151
1614,1997
4847,63
3933,2352
3537,2352
5464,1917
4268,1110
4080,1813
787,498
5627,1157
5234,2394
1118,1766
1526,837
3071,2552
52,1971
3369,674
186,1971
4957,3025
1359,1828
4552,2747
1522,1068
1644,1997
5839,2918
3369,1613
5840,110
817,498
5276,1465
5136,2394
2154,1695
614,1078
1342,319
3771,2532
1438,27
1617,2244
1622,2588
1780,3174
3437,966
3535,1501
4917,1532
910,847
5271,717
46,1910
4181,336
1020,2146
1988,63
3659,1917
3356,1916
4142,2825
3390,746
2359,2450
611,2850
1342,1608
2204,2347
394,1869
5521,1804
1061,1366
5162,1871
108,1448
5798,1523
242,1448
2835,874
1804,2578
3277,1973
5443,3052
5047,3052
983,2614
3949,336
3749,1968
3823,1917
3165,1917
3499,1039
3635,2620
3941,2138
4497,141
1370,27
4462,1086
5224,1409
5857,3042
2443,1932
5199,3042
3850,2959
2558,192
438,986
3903,2785
2012,433
1112,2620
1067,1157
3030,2631
3426,2631
2691,721
4876,1076
115,1464
3668,2918
1,1362
4686,198
3667,973
4468,2190
543,2850
4970,896
4371,2257
5221,2427
4142,2959
1592,1917
4508,276
1280,110
5798,718
2262,2651
5099,717
474,1932
5930,645
4273,409
4980,1025
702,1567
915,2614
1171,2045
5469,435
3358,2446
1360,1917
4672,276
4407,1513
5797,2371
2605,896
5740,1837
2806,2872
2761,1409
3320,3093
5870,1129
4509,2729
3380,892
1129,2923
430,2922
3914,1765
2835,2297
5089,2257
228,721
1138,942
2984,1831
4771,2325
4568,276
5387,379
5454,2355
5781,498
5777,3008
5431,2371
5770,1837
2148,2498
5200,1684
1473,639
4277,477
1515,1804
4113,820
1430,942
4151,1277
5197,2325
1429,717
3091,3017
4555,2858
532,3175
2858,2257
5399,739
4158,2633
5564,806
4877,2320
1553,2446
2334,2257
2382,1739
38,2825
487,2651
4045,477
4943,1627
4962,1869
5222,1042
5356,1042
3931,1129
5882,334
1129,3057
5148,1278
4709,642
3353,2586
5550,1258
2004,2503
5536,3080
3170,435
4925,2926
112,3124
680,198
816,1025
2903,845
4267,2926
4443,1462
4957,1683
5394,1684
5456,2562
1488,2586
5593,581
2635,276
365,2257
5313,1695
617,2478
2926,2145
636,276
1126,2355
4975,2639
4273,3121
5632,1448
2522,1503
1990,1642
4297,2926
5068,2803
3977,1258
732,1677
3574,87
5654,2146
4239,477
3332,1493
3005,1098
4483,837
3163,1684
928,276
5172,1813
43,1051
1211,2062
3417,1042
2759,1042
1257,717
2222,3089
673,2386
5879,2614
2154,1642
4141,1258
1552,2705
1576,847
5311,63
1605,87
1073,2478
765,2325
2890,1683
123,2858
434,276
4773,2639
1581,2130
3766,2485
812,1390
932,1684
5259,2532
5129,2651
977,2366
2185,2244
4119,2788
5127,2578
2230,2926
3514,170
5537,1695
1910,1258
413,1277
1213,2084
5578,1696
4127,1336
2666,1766
3342,63
1200,1098
3125,1526
4589,1367
2416,837
3672,1695
31,2114
5881,192
3074,2500
5729,2804
1007,2366
5868,896
1834,2552
4738,1840
1805,1033
3030,2578
1841,498
2828,1131
706,1098
3624,284
4536,1332
5398,2825
4603,110
3854,746
2450,956
2379,2244
4497,1377
4032,2738
2062,847
3708,1860
4857,1131
977,2500
867,642
4330,1614
2761,67
3500,2850
5136,3175
3581,1526
5021,973
205,1462
5101,2430
3600,987
4584,1157
2409,2244
2013,2244
4816,2446
5700,480
1075,1695
1090,283
1885,746
3000,433
2711,330
4151,2029
5159,2785
5930,942
4190,2923
4066,1167
2419,1619
4483,1455
5941,727
4263,2620
252,1254
629,1766
1298,1336
3991,1932
5770,845
5830,896
3052,192
1402,935
440,2244
2126,966
1596,1932
4316,2631
3958,2923
1693,2804
1035,2804
5223,2554
4070,131
4529,645
465,207
3187,2487
4572,1281
4876,2446
5516,1086
5254,1086
5431,2668
4696,758
3121,1086
3988,2923
2234,1034
326,21
3992,3042
4379,1990
1067,433
2696,2785
2524,49
5010,2796
1727,2923
894,2168
2083,1804
1341,1167
307,910
2984,973
2483,2677
2722,973
3254,2554
5007,2498
2529,1332
2384,1917
5006,3027
2802,2430
5431,1513
3292,2257
3307,845
4284,3042
4108,2062
472,2825
417,674
4374,2935
5174,2796
2841,291
623,742
3892,717
363,1377
2235,1235
4327,645
3410,973
2895,527
2226,2620
4736,291
2067,1809
5434,67
3567,3027
674,1619
2852,49
3392,1683
4555,2350
4815,1523
921,1496
4945,815
2896,2041
4819,2396
2319,717
5646,862
2554,1523
5260,826
4401,2822
3310,1277
3446,2858
3592,963
66,1332
42,746
837,455
1673,727
2153,2118
3361,276
3679,2837
3818,1683
5753,1109
2217,3042
765,2272
472,2959
1941,892
4639,2586
5439,2639
3949,1385
1328,665
2324,2350
2656,645
2774,2586
432,527
5917,170
3515,2032
3828,277
5428,1699
4815,718
5783,1109
1788,276
953,2858
3114,2627
1789,3130
2198,1837
2117,717
5212,539
1662,1076
237,409
1555,2145
2331,2366
3773,2448
717,1800
949,3089
4282,2325
3244,2858
2578,2243
742,2796
3817,276
4598,87
4484,739
425,645
5478,2351
1371,1277
3991,806
1294,276
5031,319
3990,1335
2285,2371
5523,781
4982,1366
639,2267
1353,856
4267,2552
2782,144
2983,1366
1038,2915
4770,2614
3273,2633
3748,2926
3407,2633
5148,1254
2961,826
3436,1873
5657,1131
751,2858
2933,498
1508,2837
4529,458
1172,636
3684,2352
1702,1390
3985,1526
4136,1695
4423,971
4297,2552
3760,2347
3330,1073
131,1837
2834,3121
1851,1109
1455,1109
1572,2448
1819,2325
4723,1613
4152,2578
3895,2922
5655,2347
1121,2926
2318,3177
4500,817
398,87
1729,2782
1834,2044
4391,1813
3501,2244
3401,1074
1780,2747
2057,1335
5393,1034
317,2350
453,3177
2378,1915
4981,2029
4380,2563
2429,160
4306,170
3406,2357
5131,1973
1468,2633
1072,2633
3608,771
2942,910
4561,130
3135,2244
5083,1932
3129,1675
4550,880
2888,2552
2230,2552
4407,602
5668,1804
175,2243
2336,2978
4894,1629
4925,942
919,2926
2046,1684
5303,336
284,2186
5437,336
5177,1917
913,2357
2787,2850
619,1910
1410,3163
1042,2767
1806,3163
4643,1229
238,498
5212,1157
1647,2352
3837,3051
821,1078
198,1853
1753,1058
4163,1531
5436,1804
4376,2578
3722,1034
4924,1629
5803,2729
5039,1579
2971,2563
2513,1685
2635,2614
5341,1917
4945,1917
1256,602
2529,1629
1939,2352
2322,1336
2962,2450
5028,639
5212,2446
4436,727
1493,3174
889,27
2620,1932
806,2244
4063,896
5517,49
5369,1871
2163,1464
805,329
1548,602
627,1720
2616,1409
3605,2677
2462,942
1746,1526
3506,1917
154,2439
1132,1074
5094,1235
1811,1362
2234,1465
1823,433
4607,2837
5672,717
1332,2825
2965,223
2096,1531
1299,433
2839,1804
2691,2872
4594,131
4895,1025
5249,1523
2389,63
434,2614
3822,2503
9,1684
5879,2858
82,2162
390,63
1291,3174
1621,2554
2961,639
5258,1235
1225,110
4191,276
4452,3057
3979,393
1470,2358
5178,717
5675,1523
678,880
2510,1871
2453,3057
4202,815
1142,2677
1305,1917
2137,727
1485,572
2703,1138
5488,734
992,639
5694,3054
3108,2355
4228,2386
1332,2959
3548,2627
4807,3002
5931,2243
110,2651
3358,2503
4198,1231
5643,1022
183,1409
823,49
3980,1503
2292,2708
4964,2427
5705,1873
1383,645
1157,2554
4385,276
457,1419
4918,739
2511,2257
4708,1683
2915,2872
1712,1086
4842,1683
2252,276
2114,2032
273,2241
5056,2366
5718,2485
2385,3057
1108,3042
2049,856
851,942
3664,2586
4768,2084
2727,3171
889,645
2897,1138
5309,1684
2678,276
3063,87
2540,2032
5682,734
537,193
3257,892
234,192
4191,1699
3069,1595
5027,1971
221,896
1102,2631
2494,1098
3244,2350
4921,986
4862,1345
1486,527
2531,1138
3090,2822
4919,1098
1999,1277
2446,276
2599,518
758,727
2979,739
5071,1869
1091,2822
3247,1493
5148,1335
4807,1042
1402,240
5772,1916
3055,734
2191,2386
1857,820
2991,749
2727,2366
4133,539
5255,1397
5423,981
4516,1997
5462,155
4711,1684
2163,1277
2340,2859
1536,590
1955,1513
597,2822
2013,1683
3312,3177
611,276
5335,2450
5345,1448
3574,144
1573,2350
4272,2926
1760,2176
4841,602
1663,2243
1828,590
5047,2922
2380,1103
3314,1910
4518,2578
4093,1648
1749,2926
3604,3177
4712,1131
1684,87
2678,1699
1196,498
1308,739
1330,498
5908,1157
450,2371
2057,1766
3738,144
2449,1058
4247,21
5854,2614
2593,2500
4458,433
1626,267
2298,1828
3344,1910
109,3017
5754,1629
711,3085
1685,847
1700,2633
5024,63
409,276
1226,498
2888,2044
5711,1932
2111,2352
485,271
2047,2367
3745,160
4340,1501
1036,3003
4338,674
4412,1377
4513,1429
5220,2045
3876,2306
4303,2373
4762,2133
1121,2552
1482,87
1390,498
4561,1850
3451,63
5794,1004
4724,336
28,1873
4202,1917
3123,1695
1154,2850
5581,896
4177,1860
118,1766
1883,781
1666,2244
4180,1377
4803,602
5924,1235
1065,1088
2653,433
953,1813
2083,2532
3931,1804
987,1397
2804,602
847,3080
5589,198
2937,1131
1973,1613
443,1684
935,2146
5665,193
5818,435
5362,192
986,391
1547,458
2777,2347
4169,814
4640,2651
5416,2872
1725,730
1195,1696
4872,1496
1351,2209
682,2639
3477,2923
5246,1148
2694,1531
1057,981
3352,942
4658,1917
764,170
688,2804
4000,1917
1639,1336
952,2850
1718,1629
3550,2620
5453,845
1060,1629
3278,1932
4133,2446
1994,746
4872,2785
751,1813
3445,1291
78,781
3932,1409
1509,2394
5148,1148
3120,942
4536,1523
126,448
4666,815
5206,2257
2157,336
3355,435
3410,896
2835,2651
3544,896
5536,856
4199,3042
4918,1975
3832,1528
3887,1235
220,433
4017,527
144,1377
4285,1281
1535,1871
5370,2257
831,1526
504,1131
3983,2636
2145,110
5247,1103
5245,276
5508,3130
2521,2087
2096,1157
2278,639
3563,2427
3736,2355
4572,2627
2633,49
100,674
1418,3164
5394,749
2371,49
1975,49
4334,1523
4470,2350
1656,1235
5488,2104
272,1131
1552,131
3133,1503
2407,645
2096,2446
1005,901
98,1917
2178,758
3766,2355
1672,2118
3504,2355
4566,718
3567,2145
1736,3042
2097,2267
2687,820
4581,2689
4862,487
2346,527
4328,2243
536,49
4582,847
977,3175
5084,1997
4215,87
4349,87
3726,862
2853,1462
2591,1462
1529,1409
598,1277
3103,856
656,1255
2522,2796
2467,645
4386,1258
1846,712
4513,87
5815,2044
2635,2858
3447,2736
5565,1869
3803,2371
1392,2427
2574,892
2039,3177
4434,144
3423,2500
2189,3121
580,455
1512,435
3267,2926
5464,2352
3664,2562
5892,1109
174,2396
5334,27
1423,2837
2080,892
2569,1837
3730,1869
5316,2639
3728,1042
4884,730
2175,1129
3309,1058
4212,2552
4632,1448
700,2627
2291,2243
3903,2736
969,3017
3689,1464
2149,847
2639,2926
4028,1684
5602,1131
696,2858
2482,498
830,2858
735,2032
2086,498
2965,1406
3560,2747
3894,1869
4890,144
2959,837
4504,2552
5223,1485
3609,2639
5040,2532
5727,1018
1747,1971
5766,192
2951,2639
5260,2306
5621,1531
4626,448
4743,1033
4879,2614
5223,2424
2179,847
5257,1254
5563,1526
5632,1131
2342,87
2228,739
4511,1629
4982,268
682,1997
4311,63
1038,878
1931,1684
2989,837
3869,2347
5008,2620
25,717
2986,539
1764,2675
2137,971
5153,1254
2209,847
5796,1131
527,2244
2693,2357
3041,1377
5587,957
62,195
2858,2424
5721,957
36,2946
1565,1684
1856,170
2384,1787
1637,806
281,498
4857,330
655,1648
4827,1619
1356,1695
5150,2272
1707,986
495,1366
3900,2922
1689,1346
2809,1377
4075,2923
5594,973
1869,1
282,1258
5256,1917
2138,391
4877,1332
4598,1917
183,498
2219,2450
2458,746
648,268
5732,2785
4725,2631
5119,1804
659,1366
4504,942
1004,2532
5224,1039
4719,1281
2346,1629
834,27
3191,674
489,2244
4438,480
131,284
361,746
5614,820
1608,2804
4929,717
438,966
4075,3057
2270,2923
5556,815
1908,63
27,2563
2541,1696
3189,1917
1864,3174
2177,1419
4038,896
1889,198
3859,2651
2694,1157
4172,896
4385,1943
2592,880
5171,600
1284,1552
344,2620
2591,1409
1622,1547
3189,2267
5446,1744
1528,1131
5122,2586
5337,296
1632,3174
3843,1744
2769,2620
5823,2633
2127,901
2560,2446
444,1696
4547,2062
2564,121
5224,1523
5709,2504
3933,856
3983,973
3199,2554
5854,2858
1874,3057
4128,3017
2177,614
2963,1523
2099,3175
4909,1138
430,458
5046,847
4029,2257
2757,2586
3101,2396
4166,276
988,1917
5074,2114
5200,2253
330,1917
404,2620
3336,758
3451,1462
1658,2651
1971,896
5037,734
2943,2749
362,2394
5128,2350
1494,1496
3273,409
4738,852
4096,1385
1959,2764
455,1804
773,393
1981,271
3466,989
606,1973
3519,815
1129,1748
5239,87
5082,2355
1018,1917
2055,193
1776,2498
2397,896
4632,806
1679,845
493,2446
1494,2785
717,3093
1042,409
4182,2448
1883,1025
4844,847
3913,1277
5835,498
1903,1677
4088,2032
5311,498
4915,498
3907,1462
3652,2633
4042,1098
1311,984
2510,2062
428,896
1947,636
4645,1576
5211,267
2566,2371
2177,1098
2294,1683
105,2872
1206,409
1278,2729
2157,1385
1895,1385
2382,1503
1062,2350
4768,3080
5809,2818
4078,2633
4157,2926
3816,2633
3895,2926
3511,1997
1660,1518
4364,1684
2586,1683
385,1549
2365,1684
3411,1766
2738,734
2934,2366
4508,1813
2741,1971
1065,527
4623,2325
1199,527
5736,1377
335,2371
1371,1765
4798,3080
5748,448
3697,847
3017,1088
3202,87
5364,458
3712,2818
312,2360
4727,1335
4784,1869
3075,1443
4623,2675
5248,283
280,2822
3191,837
1090,1873
3783,2469
4595,2347
3045,1042
5949,330
2466,1335
5427,1157
5425,330
103,2371
91,856
2799,986
597,435
2856,739
4148,1254
1837,1514
4287,2352
1749,2633
641,2427
4326,1526
3617,837
2614,2145
324,276
117,2427
709,87
1275,498
5719,1157
5096,1932
3969,730
3974,1074
5851,330
1880,837
3354,1366
3017,283
4990,1
2314,2792
2567,986
2475,1397
3547,448
2535,1448
1585,1828
4221,1890
5718,1871
3555,2029
5041,1629
2851,1684
1397,87
2527,806
2964,807
1154,329
932,1448
4160,1614
4791,3174
909,498
2429,648
4762,901
1782,837
1709,2244
2731,986
4589,192
3486,330
1581,2244
5361,2923
4903,2045
4208,1254
5760,942
2707,1531
2834,2804
4974,1696
4819,2347
789,739
3072,1629
2783,1526
3134,63
2590,1131
1811,1366
4524,1086
4040,2959
3387,859
5334,1076
838,981
1419,2424
2224,1131
4822,901
2382,27
5143,727
5160,896
1237,1629
3809,2430
5361,2118
4587,1034
1245,2244
5450,1409
878,2450
864,2552
5637,1235
270,1813
3625,808
1815,330
5557,717
235,2758
3939,409
1105,1860
341,1464
4687,2554
1383,1804
4029,2554
44,3163
1357,391
3683,1917
5531,435
11,771
2430,2296
3223,1932
346,2747
3309,952
1326,2209
5837,892
1768,110
4032,758
68,2244
1847,1157
5587,717
5463,2371
5325,717
2870,1255
1221,880
1656,808
553,192
2838,1717
5250,3017
5384,3017
4181,1231
4219,1523
1524,100
5299,435
2126,3174
2835,1419
5906,847
2573,1419
5288,276
1707,746
1848,1917
282,79
1149,1916
2319,1502
2942,727
1264,2620
1875,330
5854,2350
4529,409
3441,1579
4620,527
979,192
4358,527
4187,645
2024,49
2029,1147
4723,625
2727,3175
1199,1629
4268,984
4879,2858
4092,758
1220,1917
1554,1039
291,3174
29,3174
3545,1528
1303,639
4297,409
1019,880
3636,892
549,2651
4351,3089
4279,1523
4773,1277
3374,1831
1999,1281
4987,2926
5627,2320
3084,2257
1981,1641
3004,1739
2747,2837
2881,2837
831,2872
5351,1109
5468,2448
1290,942
4512,539
5057,2325
2540,1231
2689,3017
5655,1493
5529,2320
23,2554
1888,2739
3555,3131
5279,2145
2500,1051
5705,267
5932,458
3463,1098
4545,837
54,1086
1105,2478
2600,2386
4145,903
2266,820
2400,820
2214,2350
5932,1397
1823,250
5947,739
1554,1523
5047,2926
5059,1997
4310,2633
3074,2427
789,902
1780,2243
3800,87
5894,2044
3904,2130
3135,1390
2835,1098
2969,1098
127,409
1460,3177
4127,2552
5089,1997
3793,986
431,820
711,3089
1609,267
4396,498
5674,1869
5878,1110
79,1277
1184,276
1674,2355
2025,892
5261,2639
4736,539
1067,2320
1490,3177
4157,2552
115,2627
3895,2552
199,820
2215,1366
4529,1377
1204,1278
1995,87
4020,2439
4651,27
640,2633
244,2633
4597,730
1030,1098
3647,1110
1479,170
4440,746
2965,524
5119,2532
2641,1366
4681,2306
4920,602
2124,847
2277,1089
5859,63
2823,67
1622,3080
4949,27
2538,837
2066,1027
2410,837
5719,433
3060,2639
4772,330
4908,1157
4023,1932
5855,2923
4062,1860
4456,1033
3847,1706
1727,2500
4330,2614
5505,100
1038,935
3810,2578
5021,1973
517,2926
1320,806
2300,268
4325,2620
5555,2257
2396,730
2635,2244
4512,2446
419,1078
5303,1255
1512,1915
2281,1157
3580,2651
2675,330
3184,2651
5218,393
75,487
804,1828
5797,2729
943,2926
1982,2029
3792,63
5848,1728
4425,1696
5065,336
4956,1332
128,498
3531,1419
5771,727
1072,2747
1495,2850
4083,1932
1144,1869
2582,2209
2186,2209
3929,1465
4863,2272
5856,276
1879,746
28,267
597,2639
2710,674
270,2244
2841,1157
3214,2651
1096,1828
342,1366
3348,2651
1536,1346
1942,2788
973,2926
5068,2677
5315,2554
4582,717
4611,2209
2720,49
1068,3163
1660,823
5605,815
3442,973
926,1767
3481,901
4706,2446
4799,2637
2591,1332
5624,276
3867,1876
1331,540
439,2588
2841,2446
2094,1465
4375,1528
902,1531
3151,393
5090,1281
5616,3017
2488,49
5148,697
538,1254
311,2029
4736,2446
5469,1277
3480,2554
83,1613
3832,727
2433,1281
5654,276
2853,177
4864,2631
3721,896
4722,1235
3662,1255
3266,1255
1177,1362
3393,276
108,330
4246,717
638,330
4879,2350
1116,1086
2914,49
4980,712
4220,435
2554,645
5879,1683
719,110
903,1917
104,746
3244,2785
2548,49
3878,856
1646,1409
5421,1744
306,880
354,1860
1035,1255
2138,1871
2792,409
2962,820
4646,435
4207,3017
1345,3174
3712,2257
2440,2586
2132,2241
4260,2062
1550,3017
621,110
947,1034
3708,1734
1409,2785
975,49
5608,2859
4,1804
4498,1072
1917,717
1356,2370
921,752
1101,1851
2208,2586
2912,487
2549,435
3879,276
5226,498
4418,1493
4022,1493
789,983
3908,2145
1618,276
1721,1717
3636,1457
2605,717
4162,749
2379,374
3232,815
5596,2633
1327,2729
3899,1278
3596,1277
3751,3100
1347,163
4547,2253
4917,1032
1751,1744
3676,2926
586,250
3328,1462
2794,1528
2885,892
2676,718
2409,374
4040,1109
5553,2532
4490,1345
2700,2243
3471,1366
401,820
1356,2504
5286,498
1363,1231
4540,2371
1257,2498
4151,1098
5629,837
2143,2325
2862,1258
4340,997
4338,170
3630,837
3752,1766
3036,2350
3764,837
3779,1869
264,2427
5730,1828
4439,1915
4043,1915
1125,477
2792,3121
4198,540
5046,2327
5645,966
5693,448
1393,1231
3335,1828
3870,2926
4764,2614
898,471
3317,2188
3632,1068
5054,1629
2793,498
3871,2747
2078,1684
2840,2007
5605,1917
4046,1058
4932,3137
5632,330
3658,2639
1810,1869
2431,267
1084,1765
3286,781
1137,837
1175,1129
1579,1744
4397,2978
4811,2029
895,2243
1530,539
4809,2922
3575,1823
4987,942
4488,63
2151,2320
2046,806
4859,1696
1065,1873
5890,746
2708,925
5232,746
2878,1336
5400,330
548,2320
1566,354
2361,817
2399,1109
4632,192
5490,223
5142,2923
1713,781
2420,1397
5238,2631
4880,2923
971,144
5911,1973
1669,2926
2689,1033
3508,1890
1328,2633
3198,910
5682,1332
4978,987
5532,2327
1593,837
4681,1932
5536,2446
1776,3173
2115,2639
5062,2563
2715,160
5,1869
1242,2485
3303,330
868,2244
1560,1828
947,847
663,1088
1038,211
2383,2804
2190,3163
2909,2096
1104,1962
82,3028
2291,771
1048,1838
2421,63
1877,1131
332,170
1278,3054
3384,110
414,734
3153,1675
4542,433
4662,727
35,1869
231,2747
1232,1366
5468,3042
5814,1235
5817,752
517,2552
2281,433
5142,3057
5465,1990
3397,2974
4880,3057
3610,49
5876,1332
5707,1523
1799,2352
460,2957
2585,63
100,170
919,1027
3202,1917
523,2747
550,2850
452,63
5462,2631
935,971
5582,1235
4515,276
547,2552
2577,2804
3000,1409
2230,1942
1184,2614
1701,100
4641,3017
4663,1086
3546,572
4005,1086
4941,276
2769,880
2101,192
4066,49
3491,1804
5764,2006
5767,1523
3718,2749
2157,1255
2269,1496
1873,1496
770,880
3144,942
4379,1677
4933,3017
4117,1677
5328,1072
488,1167
5096,2257
2122,1419
5288,2427
384,63
1743,2554
4833,2032
2527,192
4447,276
823,110
257,1419
2776,896
1480,639
5005,2489
3417,892
3697,717
3277,131
162,1532
3932,1523
4992,1503
1091,2749
4468,1503
4198,1642
5619,847
63,1526
2656,198
3330,2586
5190,2427
1016,131
5690,498
4891,1047
4538,1683
3846,409
3804,2627
4967,1042
2429,1323
5020,2366
4320,1231
5166,2191
1200,3042
2122,614
3445,2694
3311,250
931,1871
2748,1076
2958,2606
4322,1277
1077,1696
4330,2858
1286,1281
4188,1462
4981,1098
5810,391
3790,2355
5381,1971
4985,1971
5393,1042
4735,1042
3670,718
4456,1627
1767,49
3047,1493
4198,837
5531,1915
2365,2627
3571,712
4586,2639
2382,2796
5133,1088
5599,329
1182,527
3187,1503
122,2267
5466,739
2372,3017
5600,739
5884,498
1983,1744
5856,2614
2564,3187
3123,2427
3775,892
2672,276
5764,1335
3819,2130
4194,2007
940,2872
4228,837
673,276
5645,2552
461,2837
4919,2448
5299,1915
3724,2243
2374,2689
3855,2699
3431,2371
5191,1042
2383,1462
4986,1576
2400,877
1020,2427
5428,2675
581,845
311,984
3984,1766
4392,837
2635,1683
417,2134
5042,2639
441,276
4646,2639
986,2062
5074,642
4191,2244
5366,2736
1269,2350
2723,1503
5431,879
5200,192
3372,3080
3021,1345
3258,2978
5419,2747
5937,458
2511,1997
2554,2633
5157,2747
1896,2633
1602,2186
2574,67
1925,1873
595,2032
4762,905
5118,540
3096,1869
4221,2244
928,1683
2313,1231
3706,2552
731,2832
846,2782
4968,192
3249,2084
267,1385
437,1042
5437,2922
1184,333
3964,2029
2998,1684
2067,2114
1597,3131
1714,498
5155,957
3260,1869
2599,2352
3182,458
4223,1916
3608,2552
2975,2639
5394,192
2011,3121
1204,1335
75,2504
918,1503
1995,144
3182,1397
3609,1464
4111,2614
1525,1915
2951,1464
5508,2923
2321,1068
3804,1151
3191,170
646,226
1613,981
5651,198
5451,1076
5833,1932
3543,63
4706,730
894,2957
4232,1039
5522,727
3333,1916
2215,268
5162,192
2347,2639
2020,2244
4966,1034
4284,448
4215,2563
4934,1496
534,1109
4470,49
588,1345
3029,1131
3120,2747
3094,1526
3383,1629
3725,3086
5948,727
2529,27
3131,2347
2773,2639
2425,1367
2609,3174
1095,1526
2184,2244
4820,54
112,1766
2531,73
124,837
430,1109
3851,192
5915,1718
2133,966
44,1073
3569,2923
5508,3057
2999,2578
5511,1076
5356,973
5096,2554
932,192
3475,63
1042,360
1823,925
4968,2554
305,67
4560,1039
2722,957
2211,1973
5471,896
1101,940
2259,674
4530,49
5464,856
4261,3042
2418,2424
2714,1254
666,1362
3381,1717
3410,957
1578,1629
3041,336
330,2352
1877,1696
2512,746
5435,276
724,27
1995,1917
2203,2620
1807,2620
334,781
1896,1157
4687,3042
2104,1860
4296,942
2501,1496
2506,1840
4411,892
4223,1595
842,433
157,330
1005,2117
1702,2045
240,1496
2169,1696
1377,942
334,1131
2244,527
2841,2503
4269,435
1975,110
698,2347
772,2296
2816,2446
5763,2370
4350,1528
1807,1465
2636,758
5810,1627
1405,896
174,1034
2089,1528
3608,1076
3286,1025
1675,1696
3545,727
4159,2118
1029,2487
3486,1086
5374,2386
5090,2627
615,1157
742,2430
902,433
4658,718
1831,896
4396,718
3835,2371
1053,602
1569,896
3823,856
5337,2504
567,1086
2779,820
4706,2637
3059,3089
2949,1231
2591,1523
366,49
2329,1523
3098,3017
5006,2340
5164,2926
1341,1419
3609,1277
1814,1831
4176,2822
1552,1831
5248,1873
3085,1277
2519,2586
3904,2134
700,2554
2068,435
4239,892
3136,276
4635,892
1286,2651
615,2446
5484,837
4085,2145
4515,975
5476,2639
5815,2105
5085,539
2621,1523
219,2631
797,393
1862,717
1361,3175
416,1455
598,2627
3518,2448
596,2554
3947,87
3243,1462
5423,1473
5240,1766
1618,2427
5252,837
3853,2145
1747,2837
5718,78
1301,276
4436,1971
748,100
1727,2370
4989,1366
560,49
1341,614
3392,1935
4956,2357
1880,333
135,250
916,815
3280,2633
3273,1462
4028,806
1574,2478
2138,2062
3942,1971
1536,2371
5461,21
2033,3177
2938,3054
1054,2627
2136,2366
5806,433
1838,2709
1874,2366
4042,862
57,717
690,2350
1342,815
1782,333
3127,2926
4163,2320
4679,2614
5324,2352
1048,1277
2142,87
2235,1032
3902,2922
3984,1042
1032,2437
1407,1560
3446,1366
2850,2244
3908,1397
1671,852
2547,2243
2172,87
3000,498
2600,3008
1435,1514
2080,498
2285,1684
3069,1766
4141,63
3929,2624
2134,734
4751,746
4842,110
4260,1448
3938,1397
462,1129
2895,2552
3638,2825
1149,1278
2751,329
5330,49
4096,2922
585,2633
4752,1506
5667,2825
397,892
1331,1699
5085,1157
5212,2430
4462,1932
984,837
2663,2552
106,1093
2425,1448
847,539
804,3121
1671,986
2731,966
4785,1804
4458,1409
5346,1871
3859,2578
2847,2080
3683,2352
2886,1254
367,87
2562,2850
275,498
2381,1526
507,1787
3365,730
218,1684
1940,63
5085,2446
5582,808
4728,896
2365,1932
3638,2959
4273,1255
2538,2614
234,847
5676,820
500,966
2157,2922
5426,645
1477,3163
5469,1281
1484,1890
4173,1024
2359,1336
5103,2621
1926,3174
360,1336
802,2243
3018,1157
4664,480
4268,480
3308,2424
82,3085
1568,433
1922,2651
1492,1377
2720,2631
1338,910
4822,2759
5926,2257
3493,2554
3238,1281
2623,1917
3230,639
3018,2446
4919,3042
5609,1045
2121,1706
5920,2627
3406,1804
787,1157
164,1932
5771,2504
2108,3164
5358,645
523,2804
4072,1076
3657,2554
90,2922
158,1336
165,63
3444,2446
4490,276
5596,409
2714,880
1446,1917
1795,2825
1475,1157
1762,433
1213,1157
2085,1086
2914,2631
4287,856
5929,2689
1808,1717
5488,2946
586,1409
3075,2175
2619,1932
4121,2257
5105,2427
3668,999
3690,758
467,936
847,1157
2054,3062
3815,3089
4450,1385
1444,100
1996,3057
3075,81
5444,2243
1256,49
4684,276
5217,739
5373,498
5225,2320
847,2446
4481,856
4627,2371
2423,276
1872,173
3002,892
2295,1030
5361,2366
5535,267
624,896
3148,717
2566,1493
5467,1072
5446,195
5503,729
374,721
1323,870
4110,539
5495,87
4607,1345
4588,1103
2153,3017
4985,739
2516,625
4536,2633
5346,1684
1770,2498
2140,1277
2191,276
345,141
2898,892
1356,2858
1335,291
459,2872
810,1409
3758,2689
4176,2448
1289,2575
3892,2689
2794,3171
3152,435
5932,1377
5345,2371
2177,2448
2158,2206
5778,910
2708,2084
1512,1277
2741,2032
3241,2355
3172,498
5696,319
307,1138
3911,837
5090,1448
386,2370
551,717
5582,1910
3011,2243
616,2832
724,2365
452,1677
1835,590
2666,518
3398,2130
3857,1890
2792,2320
1099,2427
5350,971
1136,1528
2794,2366
4067,2639
3699,2243
3740,2244
3112,2675
4170,1828
1348,2350
4610,1346
5337,2614
2068,2639
4943,997
4822,2922
3971,837
4117,2352
209,2427
5820,2209
4314,422
425,739
1182,718
1514,3177
5127,1464
347,856
5307,2563
5309,192
2494,2639
5369,997
644,1042
3949,674
652,903
1602,2243
3756,1033
4719,2578
2966,2634
2957,3080
3592,2130
5810,1871
3707,2080
5560,942
5061,63
253,2325
2710,170
4890,181
1637,1648
682,1684
1038,565
2524,2639
1032,3002
5070,2219
5867,2563
2336,2588
4187,1377
5675,1804
3161,981
3532,2614
4943,1131
2114,674
1713,330
629,518
2178,2352
3226,63
5120,1932
2312,2352
500,1047
3836,746
3696,1675
4133,2430
4711,192
5752,896
5356,896
1994,730
3895,572
5705,1804
5908,1409
4211,808
2010,674
5437,1235
5160,957
1877,330
3222,2923
3359,942
916,2803
4479,973
4403,1917
4886,2825
2971,79
5593,435
3695,110
5849,2118
1322,458
606,1042
477,2352
4116,1860
4914,1840
5065,1255
5058,276
457,2639
2196,433
1405,2563
4297,336
828,1993
1609,1804
4682,2621
989,2850
2584,3174
3545,2394
3574,880
2877,1706
5191,1717
32,2244
2282,742
1623,1860
597,1464
2906,1131
4201,1917
4284,639
2202,1917
5514,276
2336,1917
770,79
3034,727
5436,2837
5663,2062
1752,2620
3006,2651
91,3174
1841,1157
3393,845
3737,1409
3749,480
1727,1809
1064,1465
4106,717
4992,2796
349,2651
3582,717
5569,333
2974,2554
5544,276
4931,1739
3198,727
1329,3052
4500,240
2743,1086
1841,2446
4138,3042
5573,2145
1350,896
3874,717
1193,3164
2552,737
5169,749
5408,3017
220,1840
5031,815
4850,2689
1474,1871
1351,717
1728,1229
2151,1332
5896,2956
5163,1873
5548,1684
4338,2699
3710,3130
4773,2627
4327,820
4100,1595
1161,1532
5335,1576
1737,2631
2420,409
1645,3042
4902,2448
4620,1072
4795,1073
2540,1642
4506,2633
5621,2320
1789,3171
3477,276
5949,1627
66,1157
3555,1098
1767,2631
2010,137
1483,2872
4305,2350
4771,837
1051,963
5631,1695
5681,1058
5555,2639
4457,3121
5236,2859
4768,539
2818,1744
385,2041
4295,1258
3369,2032
4436,739
43,1523
1574,896
5051,1766
3316,2371
5197,837
3933,1027
5079,27
1825,892
2310,2627
3857,1971
4559,2243
4798,539
4800,1366
3901,2243
1014,2370
2540,837
2256,1078
798,1025
707,2627
2417,1935
3090,1277
3661,2032
2573,2448
3781,2326
443,2554
54,1281
599,815
1139,2257
1083,2325
2057,87
837,2858
2162,2355
618,276
3734,975
4489,319
4568,1366
2636,3177
2447,1935
3514,642
790,1699
4367,329
2703,1366
3508,2325
5183,2578
4483,1443
1169,2257
2688,1997
3127,2633
3803,1684
4963,2080
4968,2424
5269,2352
4532,3025
1034,2032
1247,2325
1577,739
3931,1869
725,1462
282,892
1765,975
5245,1362
2029,1021
1872,283
781,1744
2852,1997
4011,2922
2206,2788
4682,1629
762,2633
4348,63
5146,43
1190,636
3026,837
2752,1766
2886,1766
4338,284
4696,746
4818,1675
26,498
3152,2639
4172,746
1686,1971
2780,781
4115,1932
753,1766
4946,1860
2568,144
4748,155
4288,1860
4928,1254
1640,283
3658,1464
4773,1151
502,1366
3907,2922
4036,2578
2186,981
3163,2424
5255,336
802,877
621,1997
4731,336
856,2803
4643,2209
5075,2620
4768,1157
4145,1932
2944,781
1149,1335
4270,880
3406,2532
3318,433
1618,1813
2633,330
4374,2923
2767,330
728,2244
666,1366
4360,3025
4797,3026
5043,49
3804,2578
5838,2764
2866,2029
1035,2926
639,2926
2587,2614
5639,2554
50,87
5048,1332
5485,2087
220,498
4019,1419
3236,27
4719,110
5676,2621
4968,814
2242,2552
3732,1362
3119,2825
5769,2785
1237,27
4411,896
254,267
1049,730
5207,49
367,144
3276,1496
3921,480
4665,1917
749,1377
2237,1804
2388,1973
4601,1932
707,1151
5194,2446
3146,2554
4464,880
5672,758
2497,1916
3495,1018
4374,2118
5900,2837
2488,110
2453,1809
11,2552
2385,2614
3954,1717
566,330
5879,455
3298,100
5438,712
2552,1973
1535,1131
2450,1696
1901,3174
2964,1917
1639,3174
1243,3174
2914,110
2986,2430
952,2244
4209,896
5731,2627
586,1332
519,110
4734,717
2628,1409
730,330
2693,1804
2471,2923
3273,393
5692,1918
979,1034
1001,1547
5025,2586
2473,717
2598,1917
5337,2858
3085,1281
1982,1419
5939,2926
1011,3174
4946,2478
1121,336
3688,793
5028,3042
100,284
599,1917
1012,1332
2089,727
3833,2837
2763,2923
4232,856
5135,2350
386,1809
2979,1235
977,1496
3109,527
240,2923
2136,3175
3922,815
4214,435
4610,435
4200,2257
1695,2651
1664,1086
664,1157
3699,1682
5029,2489
1680,276
3597,1405
5317,3121
4553,1971
2667,717
143,896
3011,527
1982,614
366,2631
2286,1025
1183,409
4223,1278
5148,87
17,1696
3400,487
3532,2858
5296,739
5318,498
531,1917
5034,739
3659,2633
2797,948
956,1157
664,2446
1834,2032
2961,3042
5437,1129
5849,1073
1750,614
4126,1503
655,1579
1565,2554
847,2503
3149,2689
4782,87
5257,380
769,2620
3914,1997
3561,2633
52,727
532,2118
2364,2355
3596,2627
1323,927
2279,1493
1693,3089
2106,2504
2285,749
5349,1258
4368,2325
5529,2357
345,198
3853,2633
3944,1997
3548,1997
979,713
5088,170
1331,2858
3007,892
3191,2699
2833,739
648,1138
696,2118
5279,3121
1982,1098
3594,837
5139,2552
39,276
4151,2448
3655,2244
1129,2350
4085,1828
1485,1231
3381,729
4969,3080
1245,1744
5514,2614
4096,2926
3380,1258
2996,329
866,435
4866,2578
1536,2859
2467,739
2885,498
4812,63
194,2257
1219,1462
978,87
4880,1695
205,137
1038,138
5456,2794
2121,287
4306,642
3048,3121
3987,1828
1363,837
103,2489
2560,1088
127,1385
1183,3121
4201,67
4901,2922
845,847
5303,458
1786,2633
979,847
1280,21
5103,1336
2596,1684
1008,87
476,2478
5720,746
1807,477
4138,2347
3749,1074
311,1098
1061,2350
4574,433
1079,3121
5437,808
2075,642
1813,642
1285,2243
1887,1345
5340,1629
2157,2926
3182,1377
5883,336
4940,1695
580,2427
4255,838
566,277
2830,925
5750,746
5908,1332
400,739
4617,1419
3251,2675
1320,1648
2745,63
702,323
2417,1695
4364,192
4875,896
811,458
1513,730
5136,2923
5523,1871
5504,1629
5657,1871
4888,1131
2365,192
5011,1696
2609,2804
1396,330
3662,1613
5525,1917
1093,329
5921,1917
275,3080
583,981
2775,63
529,1684
4056,1917
5045,1465
4474,2430
2538,1813
2192,422
3687,330
5949,1871
110,2639
1747,910
90,2926
4811,1419
3572,1696
4492,2605
3945,746
472,2439
598,2578
2363,2347
3980,2430
1841,730
5688,2631
5884,291
2802,2394
2773,1464
3611,2563
5414,2062
1379,110
5594,717
3135,2045
2361,207
3871,393
5767,645
3463,3042
3413,1235
5347,1025
2296,721
4588,973
1673,1496
3194,1871
4044,2041
2944,1696
3804,2554
3737,1332
4664,968
2976,1419
3079,3052
357,1526
5099,896
5292,2257
4634,2257
3132,1932
842,63
642,1695
1079,2450
1872,1332
2861,880
5167,276
5488,856
5496,717
2628,1840
3041,1255
1449,448
3486,1871
5604,250
339,2825
2099,1496
719,602
4237,1281
5682,1072
2115,1440
5484,333
91,1942
2223,973
3042,1076
5203,845
2847,608
5063,276
4801,276
4937,1103
4985,2837
4775,3027
2048,1157
4670,1513
1669,572
1390,1157
5824,374
2293,2651
369,2825
2991,737
4024,1523
1171,480
2442,3124
5042,1277
4646,1277
224,1131
5227,276
5717,2355
4542,173
3239,435
2881,727
1642,1004
5321,1042
238,433
1778,1804
1234,2872
3295,717
4190,2350
2794,3175
339,2959
3532,2350
5091,3017
5939,2552
5120,2257
5593,1915
4929,2689
1272,131
3531,435
1512,1281
3597,2186
5498,2028
2597,2257
1308,727
4322,2627
4194,1129
4180,1231
2012,291
369,2959
2571,1975
4484,1642
5905,847
2457,2627
5738,2427
523,393
2792,1385
1326,717
4627,2859
1005,1076
5261,1684
2713,1277
2797,2668
3917,2699
2587,2858
3977,498
627,1655
1929,2858
2633,1513
3715,498
225,1086
3219,856
1728,2575
2540,1699
2175,820
4212,2243
1490,717
3181,1503
4332,847
268,409
4822,2926
4968,1997
2070,2689
2784,1278
2072,1072
5117,1531
5031,67
3190,276
2872,1098
852,3062
1679,1528
1909,1990
4610,2639
3022,1042
5345,2859
54,49
824,2145
1065,1076
958,2145
2417,1642
4208,380
4008,1258
4500,1720
1444,1072
921,3017
4171,498
3775,498
3336,3080
5184,2352
2243,1462
257,2448
3631,2439
4770,268
2877,287
5267,1074
4508,268
4909,1366
5000,730
4948,540
622,856
400,1975
5056,73
417,1390
1647,1027
2073,3121
4915,1531
3506,1397
3788,329
1749,2243
689,3017
5649,1526
4928,1766
1607,847
1872,2084
3515,170
989,276
4072,1027
2850,3163
1940,498
1243,1324
1260,739
1678,498
4739,2244
5895,1932
4484,971
3962,2552
4913,330
5554,2578
5881,721
5239,1254
3790,1
273,2176
5090,1131
429,2689
5539,957
1970,498
4884,2194
3635,63
4096,458
4612,1506
1036,2320
1284,170
3111,63
4866,2554
5148,1486
5616,1362
2703,268
607,1648
5371,1531
2246,2244
5704,2872
1308,1695
4809,2959
2949,674
3255,192
3372,1531
777,1278
2286,330
4485,391
4958,49
5665,665
554,2926
1211,981
1328,2320
4850,2209
548,2357
1792,734
4550,1917
5429,2825
4090,1932
5869,845
4224,1932
2701,730
4523,1033
5323,1086
2157,2552
1064,2624
2693,2532
4279,1804
215,1366
898,642
3221,207
4043,3025
5471,957
1053,1684
3023,1131
4714,1917
4318,1917
6,1377
1532,2850
2157,458
2219,1336
1666,2850
4427,1860
1846,1505
4797,639
3711,192
502,268
5734,1717
2007,110
703,2244
3092,1086
3959,2923
213,1828
3281,1547
4437,1235
2317,2029
1298,2804
4333,2575
659,602
2531,268
4993,2621
660,1766
1336,63
2628,1332
157,391
3780,1086
1627,1932
3466,896
3874,721
5426,409
2860,1086
2564,2256
90,2552
2593,1496
1196,433
626,2532
5901,2365
5194,2503
1930,2872
2608,1804
4101,2575
2759,1973
4629,250
69,2614
709,1254
1110,2352
3381,973
3749,2123
5363,2689
3255,2554
3556,1728
4227,435
2561,645
5665,3027
3758,896
3548,1086
3892,896
4533,892
1226,433
4235,1235
735,2825
4813,717
158,2255
4375,2935
443,2424
818,1547
1883,1871
1895,942
3547,2554
4278,3002
4737,1072
2653,1523
2591,645
2677,1917
1789,3175
3316,1086
4878,1462
678,1917
2063,1465
4581,717
200,572
5016,645
788,1496
1206,1255
2266,1235
3317,2627
385,2045
3053,2554
541,1804
458,49
5628,2340
5,1235
1803,198
4268,2822
3573,1277
3289,2272
708,1917
1093,1728
4772,2355
329,1332
4837,498
4911,2699
3362,276
1892,2872
5576,837
2243,1409
2993,409
3609,2627
3915,2145
2862,892
2901,820
177,2631
4669,1072
1527,3124
35,1235
5596,1462
470,409
3331,3033
4040,2032
4427,2478
602,336
4105,2427
2228,727
3857,2325
476,1917
1384,1503
4779,2371
3080,2633
4341,2145
4821,2782
1131,276
4223,1335
4278,1042
2380,717
1984,717
3030,1765
3369,1231
4181,1109
5148,144
762,409
108,1871
2398,734
896,409
2916,2417
3809,1503
1102,2729
4727,87
4080,276
965,1677
1788,1744
1996,727
2092,435
3847,2926
4635,498
4965,2130
4516,806
1682,2257
2466,87
5556,319
4535,267
2847,718
3949,1109
1817,2832
5153,87
3563,1073
2468,1072
3342,1828
3536,2633
1805,2448
2496,87
4724,2044
2800,498
4417,1335
5556,1608
4465,63
3816,1869
798,1513
1268,1462
3131,1766
3405,837
4822,2552
2274,2145
3531,2639
1048,2627
5117,1157
179,717
4561,1464
5063,2614
4457,2804
1578,2792
3075,329
664,2637
2830,498
5280,1336
2218,2371
661,87
1896,2320
2360,734
343,717
1296,1766
3090,21
1341,2448
1470,2858
4993,1629
662,847
1176,1068
4001,63
5672,1917
1939,2747
3732,1366
3353,781
3427,730
5543,2446
2871,283
5257,1860
4534,1465
3481,966
1758,642
693,1072
2914,330
3389,1377
880,144
1043,1828
702,1535
5836,1917
2076,170
2348,2578
2103,2747
2237,2747
1700,1576
3217,2209
844,837
2248,2347
2191,1813
5701,2631
4947,2923
5699,1804
1239,1366
5043,2631
5041,1804
4377,2578
5072,1117
4072,1942
414,2946
1613,1018
286,1448
1038,329
2640,2578
5208,1917
98,1397
397,498
691,2665
4068,1419
503,170
2710,284
4699,727
387,2439
282,925
3692,2825
5898,1051
4850,896
1959,1813
2198,1829
5632,1871
4529,1255
3333,448
4878,1409
554,2552
2746,880
5327,1235
2078,192
4339,1131
1584,1377
1484,207
2745,1409
1596,448
1322,1377
1733,3163
5634,1917
2987,942
812,2029
1979,2815
3149,2209
878,1336
3372,2446
4542,1840
959,1675
1778,2532
4297,1255
4608,2837
1535,330
5673,717
3276,2923
877,330
4165,2267
689,1033
1565,2424
2986,1629
5455,2709
1599,1254
3495,1506
334,2562
1048,1151
3529,336
1237,1804
691,2799
1042,1336
3390,2621
4722,845
4269,1277
129,63
3572,3042
4212,1682
3623,2041
4175,2554
128,1531
4446,3017
5019,435
79,2578
1959,2297
139,1131
5789,87
3020,435
2,79
1165,746
1256,110
3276,2118
1335,1157
4031,1462
2238,2651
5769,374
3074,2923
281,433
3028,1235
3186,2575
5412,487
5445,435
3017,1076
174,721
5394,847
4773,2257
426,1696
1219,1332
4514,276
1335,2446
1975,1086
4745,1340
5643,2490
333,192
2253,276
5453,2366
649,2118
5365,267
3240,717
4126,2796
738,1409
1360,409
5009,2325
4995,2427
979,717
2641,3017
1101,2400
5614,1910
2252,1744
4628,2633
3088,2016
5691,2130
4588,1514
4366,2633
5743,2320
2542,2257
2941,276
1552,1518
148,1728
5265,975
2679,276
461,727
573,968
2601,2837
37,2651
4889,1627
4223,1766
3903,2350
484,896
88,896
1299,291
1786,409
1125,892
1168,1528
2140,2627
4268,2448
5058,1813
2090,820
5435,2325
2475,1385
2146,163
2805,3017
3356,87
2447,276
2051,276
1879,758
2390,1462
977,2118
4265,837
4303,1129
2835,2078
2716,2386
5420,2552
4561,606
5870,2788
4277,847
322,1076
4121,1997
1934,815
5370,1684
2522,1739
2561,2633
1026,2360
341,2257
2975,1684
2713,1684
3749,1078
1149,481
478,276
968,2355
5087,2500
4101,2469
4421,2639
4824,1366
1057,892
85,1513
3205,3085
5431,997
3458,498
5853,1629
371,2257
5534,2815
5045,2624
3168,170
5544,1813
3343,925
3119,1971
228,636
703,1683
2594,837
1902,2007
5548,1932
5847,1033
4164,1828
5071,2532
5074,2049
5117,433
4860,1531
1935,1366
1316,2822
4743,1131
916,636
3425,334
209,1683
4032,746
5279,2804
3317,1932
3752,1860
1933,1828
4521,910
2468,2926
255,1277
430,2032
3818,1167
1228,1258
958,1397
3907,458
390,2633
121,1462
2856,1695
4071,2552
2990,1695
5461,192
2670,27
4915,433
930,1042
967,1109
2608,2532
4731,1255
5846,942
3048,2804
4829,100
5381,3057
4182,289
3006,2578
2610,2578
2761,2747
2804,1131
1183,2804
4092,746
1843,2850
1676,458
1096,1869
4396,1157
5948,845
1087,63
777,1335
1266,1526
1221,63
4208,1860
5496,721
4873,1496
5334,2837
2772,2532
1569,746
4062,2974
1018,1397
3635,1409
3647,480
3750,1167
1702,2029
5005,2554
4542,1332
5887,727
1162,1526
1513,63
5642,896
4747,983
5246,2616
282,201
2398,1917
2019,1332
3098,1362
4388,1804
3799,1409
4298,3042
1639,2804
3710,3057
3906,717
4377,2554
5702,3017
1581,2045
3133,2487
2016,1973
4239,2620
5130,2791
1780,942
2420,336
1941,1799
2707,1332
2032,1917
5740,276
1629,746
1101,2347
5607,3130
5347,1513
2266,808
4938,527
595,674
4359,820
2635,1614
4414,1281
1673,2923
1568,1409
4548,1281
4918,2504
3481,1076
1676,942
36,2373
5751,2478
3631,1020
609,3174
3926,2631
1044,3102
5433,856
1078,1932
5665,2145
3375,276
3509,276
2545,758
4472,2575
2224,1871
1121,1255
1509,3057
4420,1072
3716,727
973,2296
2850,1744
5011,1513
4178,2478
361,1917
1673,2118
1762,1409
2261,3042
2381,892
5887,2500
2962,645
3822,1503
2500,1523
4282,2427
5646,1098
2277,3171
1747,727
5509,1766
4531,2350
4906,1473
897,1496
2280,409
2882,2729
1411,1717
4883,2243
160,2923
3438,1109
3555,2448
4981,1997
5024,2633
3152,1277
5896,2562
4022,379
505,2554
4812,498
2915,3027
5566,1869
4169,806
1734,276
1601,3130
916,3027
1260,2837
133,1635
4026,2191
2713,1765
4201,2946
4227,1915
4080,2427
1926,1385
1679,3171
4167,329
2128,2243
1679,727
3413,2341
1508,845
4168,1493
4304,2320
5730,1869
322,2446
5057,837
2027,3130
1502,276
1342,3027
1686,2837
1765,3130
1992,2355
5056,1366
3595,1042
4002,642
2990,1642
4389,1088
1338,2504
94,717
1596,1042
3258,2588
4791,2788
797,3089
4171,3080
4479,981
5786,838
502,3171
1587,2427
3662,170
1532,276
2745,498
5627,27
513,1051
856,636
5699,2532
597,2627
5349,433
5065,674
1877,1627
4631,1910
2564,1776
4274,2804
5820,957
3514,837
3634,1131
2844,1766
2894,1129
2978,1766
1536,1684
1937,2782
4910,1675
404,892
4879,110
5363,2209
5481,2430
3664,781
5090,330
4828,330
463,718
2727,1366
4699,2394
5203,207
5303,1377
1827,1109
5545,910
2661,746
1716,1278
5367,49
1848,1397
2724,2788
4267,2922
4943,1973
2400,1910
3441,1648
4695,1871
5588,957
381,1258
1172,67
260,739
4860,1157
5254,330
1947,63
4940,2614
2106,1813
1316,2448
2092,1915
1505,2347
3396,2255
3695,602
1515,1345
4956,1804
1649,1345
4973,1973
4871,1696
2073,2804
2417,2614
3759,1526
431,1910
35,1910
2962,458
5207,110
5303,572
1724,1869
1328,1869
2111,63
4516,192
3117,746
1478,1813
1246,2244
5248,1804
915,2639
4590,1804
991,971
4436,3057
5263,1523
889,2357
1782,3163
4008,1075
2939,43
2063,2624
1701,3174
4929,896
3234,2620
5596,393
1721,2860
2793,1157
320,335
4575,2061
2285,192
5046,892
2558,1290
2428,1409
425,2788
1118,1254
476,1787
1954,1526
2804,1696
4552,1296
334,391
1991,2347
3104,645
5549,173
2044,1419
1044,2244
581,268
4091,1086
3695,1086
5352,3042
3846,1255
4030,3062
1461,2532
5695,2627
3972,3057
3346,1871
2196,1409
4206,2729
3041,1235
327,1290
127,2922
550,3025
4989,2586
4361,3017
302,2923
2898,2620
381,1526
4202,2206
3933,1035
825,1917
2728,896
1537,433
3958,2785
4990,717
2070,896
2593,2923
3242,1117
726,1157
4871,1025
908,639
1727,1496
3597,527
4483,2606
3445,2385
1212,1804
2991,717
3740,1744
2670,1076
4244,1277
1859,2554
4691,276
4033,276
4874,892
805,110
5380,498
4896,2371
395,1932
2649,1138
4490,1683
5591,718
2380,721
3054,2355
4399,2504
302,2118
3645,2796
5789,144
300,2045
718,1804
787,1409
1647,2267
5499,2822
977,752
1669,336
5764,87
856,2677
1190,1799
5806,498
1019,1917
1036,1332
2509,727
2264,896
1942,845
2198,276
972,758
2593,3057
3312,1990
4425,1042
5886,1366
3573,1765
3934,1744
1525,2627
1943,2386
1934,2832
346,1235
4954,2325
3904,3033
4430,2325
5178,498
1947,815
2239,435
1685,815
3653,2633
3908,1462
1702,984
4859,1684
2624,276
3515,2699
4948,975
2362,276
1002,758
3865,1765
2199,1975
1034,1235
2226,2832
772,1235
204,1717
2420,1385
5493,1448
5151,1684
5347,2562
276,250
309,198
4033,1699
3343,498
2933,2320
3346,2489
3892,713
4757,1915
5127,1448
5483,329
2884,1088
5740,2614
3018,1088
1982,2448
5418,2563
1720,2448
5462,391
3373,498
3225,2320
4100,1766
4776,63
1204,87
1264,892
4500,2639
3046,1042
4341,1828
2949,1109
5261,2737
354,856
555,2832
5770,2614
4610,1464
704,2366
1750,2448
1862,2689
702,1539
2393,2325
3141,498
1393,898
5541,1973
2365,1997
1404,498
724,739
1054,2371
3313,2675
2143,837
3131,160
1438,267
419,1042
1243,2243
2014,1366
4316,2306
2012,539
3218,2788
4331,1648
5941,752
2264,1514
311,2448
3919,391
4134,3174
5261,1932
3370,334
4388,2532
5804,639
284,975
2433,2639
4255,2188
5363,896
2195,1535
2274,1828
1878,1828
949,3085
451,334
5262,63
332,642
2720,602
2787,2578
940,498
5834,639
264,2578
4340,2087
4180,674
5393,896
3292,1932
5527,896
5876,1804
1213,283
662,2624
2110,1962
5031,665
1115,3131
1053,2253
1743,448
1366,498
889,2788
3580,2749
4903,1419
1338,2614
2513,2352
1716,1254
1649,32
2814,1526
4,1873
4178,1917
3873,1281
2493,2639
1130,2850
4468,2430
104,2454
5868,2478
2012,1023
4071,2959
494,2639
2233,433
1023,1448
3791,1629
1628,1033
4202,409
4136,2041
3938,336
3797,131
3320,2394
385,1541
2202,746
5691,2939
5259,276
5930,1235
3483,880
2385,1362
2793,433
2397,433
3756,480
1529,1377
4903,614
5335,271
2453,1496
5431,733
2836,480
5133,1076
1919,808
2331,752
1713,1871
5488,2206
2143,1455
5508,1138
286,1131
4897,984
702,63
1715,1917
4471,3027
784,2347
3423,2118
2960,896
637,3051
2750,1086
4171,291
4312,1462
2221,1496
2453,2785
3423,3057
5281,3017
5938,1072
652,2578
1755,942
1323,1285
994,63
870,1717
5013,2448
5691,2134
54,1131
2403,1917
188,1131
5319,276
4484,2858
1879,1917
1211,1229
2921,2257
5039,636
4856,1683
2012,2446
4646,2627
2221,2785
1187,1774
4931,2796
1648,2923
4542,1523
5681,1042
1921,49
2836,614
386,1496
367,1254
1523,942
5483,276
933,1076
4506,1462
172,1917
3133,1739
5517,2489
2826,276
3667,892
3755,739
73,1157
1155,896
2748,2837
5437,1971
1094,2872
4463,1765
5607,2382
4850,713
3358,1076
2453,2919
1948,3161
3777,2191
3842,2586
5803,981
2188,2621
3307,2427
3899,87
5392,2578
2417,2858
1168,727
4542,718
3726,1098
2975,2627
5504,2792
4752,713
2713,2627
698,1717
4679,1366
5145,2859
1824,250
98,409
1261,1076
2842,2448
2976,2448
2397,1051
2453,2114
5832,1695
111,55
2124,892
453,758
759,276
5250,781
3854,852
2008,717
146,49
2990,2504
2262,1765
390,409
168,1528
386,2919
4056,986
320,579
1082,902
4093,87
1775,2586
3253,2325
5586,2578
383,2621
4421,1838
3736,981
1502,2427
3288,67
5617,1110
1314,3130
918,3130
1429,3080
5211,422
477,2633
4498,2243
2147,2350
289,892
3399,2500
4956,2532
2757,781
2540,2244
200,820
2903,2858
1786,92
4399,2614
2597,1997
2265,1258
3316,1684
1712,1082
4286,458
5602,1367
4044,1110
4419,987
2133,2243
1680,2675
3531,1464
5042,1151
3285,1997
1841,1088
4184,2029
1727,1740
2062,498
1981,2788
1919,1910
2196,498
5451,2487
2139,1684
2923,1766
3661,1695
5412,2532
4309,1916
4020,1813
2437,560
759,1699
2338,2244
3276,1480
4105,3025
3420,2922
2603,448
701,2633
2571,910
5129,1281
227,498
1567,2747
3026,2244
161,2130
3960,3051
4316,1932
5446,2651
1716,1335
5811,1086
3020,1675
5373,860
1725,2552
837,1366
4617,2045
439,539
2359,1377
4651,1629
1966,2614
923,2803
1066,2357
2294,1167
5900,727
391,498
1787,1336
5579,1086
1990,1695
1594,1695
1243,714
3930,1465
5067,2631
2467,2788
3215,2651
5464,2267
4982,49
1176,2121
4529,1235
1346,2532
5819,1677
3171,100
4449,717
5316,2554
923,1648
5231,2446
3647,968
3000,1157
5708,2785
1587,1813
4290,845
988,730
568,144
330,730
2864,2959
3057,910
264,110
718,2532
1823,1531
1284,2943
4875,717
4250,665
2751,49
5249,2621
440,2029
3735,973
1503,1526
2353,942
3389,336
111,807
5335,1641
5133,2446
5740,2858
5344,2858
2598,746
2343,1917
3250,2621
1414,3174
4246,896
1152,3174
3671,2651
2619,1034
66,283
1406,2532
3918,276
5024,409
2142,880
1452,433
2186,2872
1723,896
5142,2350
2645,942
1891,480
587,2614
2371,1871
1078,1131
5223,245
5947,276
3230,814
122,942
770,1917
3922,3027
546,2209
4345,3130
4923,892
4997,1595
2411,896
1954,2872
5676,1129
2401,1871
2535,1871
2924,892
2547,942
3152,1281
4264,2360
49,63
3927,1277
4825,2427
934,1917
538,1917
3253,2272
1897,1964
5947,2504
4498,1251
1583,1774
5336,2350
320,1465
307,2923
381,2872
3273,645
4133,1503
5284,847
311,3042
3964,2448
182,942
1725,1076
3683,2206
4586,1448
5355,498
1048,2554
3880,276
2333,2652
514,2620
5304,718
1744,2257
1207,1086
4766,1042
5590,2243
5636,2588
2472,717
3291,820
737,3042
5859,2633
396,2749
334,1871
5809,826
425,1235
3582,2689
4592,862
2501,2586
211,717
3979,2325
2594,333
842,1523
3860,2633
3939,2926
2036,2257
3677,2926
3689,1997
2555,2822
1338,2858
2307,276
2797,2355
1649,276
2308,3130
5668,971
5733,1366
3305,2007
1500,1873
3661,1642
1018,409
887,892
4259,2500
307,3057
926,820
2839,487
1134,1523
3336,539
4494,862
4246,1514
3707,2926
1097,1641
3287,2340
691,953
5892,837
1351,2689
3118,87
4420,2044
4802,2146
5449,267
3649,477
1723,1514
3369,837
962,2355
4229,1695
4019,2639
2169,1042
2286,1627
3175,971
4670,879
4054,2633
3548,21
1777,2689
259,1831
3318,498
4245,2578
4057,837
2310,2371
4497,1109
5376,2209
3189,1027
5876,2532
685,892
5499,330
5635,1157
595,2130
808,3177
5882,1034
4068,1346
649,2366
4293,1464
1000,903
4458,1531
2259,2032
2909,3080
4760,1869
4930,1526
77,2325
5848,110
1087,498
137,3130
5925,330
2747,1971
5799,1157
341,2371
5635,2446
110,1684
3505,2552
5010,2394
5284,1465
5483,2614
2239,1915
5627,1804
2683,1397
5682,1511
181,1335
2361,1346
3608,2650
1299,539
3615,1377
4248,3010
1531,1828
4093,1941
5254,1973
2066,2926
5268,1871
5676,942
3855,837
5885,1281
386,1740
2564,170
536,1684
5799,2446
3264,746
2736,2347
1872,27
2283,1813
528,1042
3907,1377
4822,1942
1054,334
4505,2235
3135,2029
4663,1131
5511,2918
664,1088
2990,2614
5696,1917
2007,602
5830,1917
4818,1419
3273,458
2297,1869
444,1
3697,1917
3690,746
106,1699
2081,2244
5338,896
3247,2620
4367,2651
5076,896
36,1869
4470,1086
3711,1034
1591,1828
3148,1860
5419,1235
2231,2188
5462,1871
2544,433
2265,1018
2942,2923
2238,2578
3014,2045
127,2926
1959,3163
3960,2677
2057,1254
625,170
1206,1613
356,3163
4110,2621
276,925
3779,572
2743,1932
1363,284
3336,2446
3312,1860
3754,2959
5633,3042
3616,3025
3590,1804
1654,433
3263,1409
3659,1409
4777,3057
2991,721
1657,2424
2729,721
5122,1025
841,2804
789,2614
1226,925
4770,3017
5343,435
4985,727
1067,1804
5381,727
2438,3174
4530,1086
5259,2427
801,2624
4402,1086
1489,746
4106,758
2724,727
1318,110
2942,2118
1576,2620
2080,433
4060,3042
5068,2832
2420,1255
742,2394
4154,2677
1874,1496
5265,902
103,192
2942,3057
220,1531
2469,393
4401,2554
4139,2554
873,2850
1248,1973
5443,2894
3199,1932
4795,2858
4399,2858
622,2450
3874,758
2988,2651
4154,3027
4531,2785
4653,1462
3778,1235
507,433
233,1362
529,192
2270,2785
4037,2627
262,602
4061,1523
2232,49
5360,3017
3895,1231
2847,1076
499,3174
4038,758
812,1419
4871,1513
4172,758
5676,1910
2599,1913
2604,2257
2881,845
3688,2631
4818,1098
627,1639
1299,2446
5941,2366
275,433
1271,2872
808,896
4244,1765
4187,1231
3901,645
1848,409
2825,2606
889,1235
5679,87
4855,2858
3793,2243
4680,1514
5506,1098
3167,276
2771,276
5491,975
2509,276
1516,2272
2483,3027
5260,1042
1361,2923
2297,393
2966,1683
3196,2145
4519,815
5381,2500
1320,1579
5518,519
3823,2243
4057,195
812,614
5178,3080
4488,2633
5467,739
4975,1997
4147,2340
5737,2320
981,3052
2211,2689
3321,2032
2092,1277
3197,276
2801,276
3844,87
3978,87
0,1086
3968,2782
3389,1385
4641,781
5482,1397
2531,3017
377,1975
3646,1950
5119,1345
5724,1684
4762,2239
4411,1258
2829,2859
4646,2818
411,1744
15,1744
844,845
3256,2145
966,276
1807,892
5148,181
3455,1042
2780,1627
5930,1910
1902,1129
2986,1503
4137,847
4572,21
3875,847
2137,1935
2667,2689
523,3089
5330,602
3795,329
5474,2044
319,815
1196,1088
2414,1462
3604,734
5225,27
3939,458
281,1462
36,877
812,1098
86,240
1273,1493
4093,144
4365,2552
5947,2614
5949,997
501,2145
1673,2366
2812,2639
3865,1448
4529,674
5167,2651
2094,144
93,2350
5165,2578
1447,333
619,1642
1644,847
4037,1151
4529,1613
2999,1684
587,2858
967,2325
3380,63
1000,1684
2192,837
5919,192
4100,160
3525,1915
4554,330
5261,192
4297,674
2451,539
3633,1448
4815,2357
4030,330
5394,721
5523,1131
1054,2859
116,590
2554,2357
5806,665
561,2926
1483,498
3455,1526
3806,63
3475,458
3291,1869
1905,2850
2941,2244
4456,330
5330,1086
5830,1409
758,1935
4529,808
2366,966
3746,170
745,2639
2885,1531
4260,391
1080,1397
4158,1804
1668,1567
4304,1629
341,1997
759,1756
3574,63
4477,1557
2,87
4587,1917
2185,3025
4397,1039
1176,2044
1188,1869
2647,1366
926,1869
4696,1860
2066,2552
1787,3137
3172,433
648,1366
2776,433
4846,1804
11,2243
2962,1377
3705,896
403,781
3832,2923
4288,2974
1278,981
2773,135
928,602
4768,1332
4489,1917
4943,2087
5668,276
3486,192
2806,433
2257,1157
3473,896
2337,2614
4596,2164
3486,1131
915,1464
1276,3163
4519,1917
5584,2241
5369,2087
5613,727
829,1131
567,1131
142,201
1441,1695
2162,2209
2117,746
2513,746
2962,572
463,27
642,2244
246,2244
4026,2923
4957,49
3293,1086
1574,2978
127,2552
2603,639
2809,2959
2122,2029
3901,942
2165,413
4162,717
5048,2796
2056,1409
1981,1235
257,2029
2963,1332
3563,3017
2379,1281
1097,3174
701,3174
2451,1157
5682,2560
5896,2489
1347,1070
4850,717
2453,2923
1355,2651
54,330
4192,717
1062,1086
267,1377
4056,856
1607,2872
5599,1744
4133,1076
4575,2175
5246,128
1023,1131
1601,3057
548,1804
1702,1419
841,336
4674,87
5488,600
3631,276
2571,296
3605,3027
2027,2118
4026,3057
4392,374
3399,2370
414,1962
4853,1523
2382,1528
2567,527
5689,2926
5665,2340
5341,1462
4305,2822
5439,1997
4181,2032
4442,87
894,2949
1577,727
221,1917
1747,1138
1659,2257
4823,718
1256,1086
5351,837
1669,1255
1612,721
170,639
1390,1840
2899,892
4091,2489
2902,409
4731,1129
2110,2129
281,1409
1702,614
3223,989
607,1579
903,409
1794,2832
5512,2633
1160,1728
3894,2325
1012,2796
3474,1739
597,2554
623,1523
3825,276
3949,2032
2990,2858
2398,2946
5115,718
1941,2478
50,880
2840,820
5173,1073
3091,2351
5116,539
5744,1828
2659,250
1586,1728
787,1523
3622,2926
3441,636
5411,837
5246,2490
3611,1047
4382,170
168,3171
3805,1098
3831,67
630,758
3150,837
3284,837
3312,2104
4403,1397
664,527
1032,1677
4836,498
1217,2396
4121,1684
3727,67
2405,87
5853,27
1312,2633
5770,2244
4247,1042
1702,1098
1475,1873
4351,3085
600,892
3396,3121
3905,1278
4397,986
5837,433
460,2575
3113,2244
3748,540
88,717
587,2350
547,1231
3341,2633
886,2417
3420,2926
168,2366
1326,2689
3100,1258
4547,1684
4180,170
415,2243
3715,1531
4586,2578
4267,2044
1738,2633
5255,458
5621,27
4666,63
5939,336
3322,1078
5672,746
4254,1058
3858,1058
3526,319
5105,110
1882,1042
2881,2244
751,2350
1083,837
80,2145
3846,2926
2698,847
3474,1068
5399,1496
5568,3025
4093,2803
1216,1366
3129,1033
3963,2922
92,435
5030,1629
1859,1997
1095,847
4768,1629
5573,336
3090,1078
1,1448
5897,433
3992,2347
286,2371
5086,1157
4463,1932
1101,1766
3258,1039
1888,3085
5231,1511
4171,1531
5444,1804
609,2243
1101,2705
347,2243
4122,2578
2138,981
729,847
4798,1629
3411,1254
2509,2614
1710,3163
3897,1147
2066,2044
2465,63
276,498
5116,1157
1527,1766
508,1787
219,1684
5086,2446
2235,540
4485,1290
2900,2620
5118,2923
4414,2578
4808,1943
5224,1629
4897,480
2433,1464
3152,1151
2429,2
2420,2922
2533,2045
5100,250
2732,942
5378,2446
2085,1131
1959,992
5116,2446
278,170
5021,896
731,3121
1106,2244
2885,1157
5177,1409
4153,1086
1274,1828
5011,1871
5419,942
183,283
2511,192
379,1915
5181,1528
1831,433
2218,879
5591,645
2704,1526
4641,1025
2659,63
3544,1917
2260,3175
4270,331
987,458
496,2850
3094,2620
3311,1157
2292,1932
3803,1619
3938,1255
2257,433
1861,433
4949,1528
1587,1362
2081,2651
2437,1532
5505,1251
914,330
494,1464
2914,1871
5643,2124
4932,3052
3781,1456
3927,1281
1356,1614
3574,1917
4668,727
4213,1086
5130,2478
4753,276
4491,276
4661,2939
2008,1018
2467,1532
1983,2651
2348,1086
2704,721
3598,409
1160,2614
3085,3042
3837,2677
5798,1072
820,2923
5947,2858
4512,1503
4192,2087
2726,1419
2473,973
241,1526
2211,973
1044,1850
5462,2062
331,1419
3837,3027
5549,718
4988,2371
4286,409
3065,1235
14,2651
4133,2796
4909,3017
3484,2350
4144,2396
2115,2554
3276,2586
1373,1917
1390,1332
5898,498
4373,2633
5446,374
4859,806
2290,276
3792,409
4110,718
1238,2631
147,1086
1306,291
647,1409
2144,1390
1397,409
595,2939
1230,1235
1636,2677
1622,527
1756,527
3597,1072
5532,498
2989,435
129,665
299,1076
4141,2633
2771,2427
2850,276
575,193
3837,3161
2192,276
783,896
5767,2243
5553,971
405,721
5778,1089
2266,1918
2610,1728
3074,2586
3365,1072
753,3124
1219,645
4426,1462
4331,636
403,1025
2022,2689
2347,2257
1540,471
3258,3080
551,896
1934,3027
4040,837
595,2134
3423,2366
4171,539
1669,1231
3274,2243
4280,2926
4693,2341
493,1076
4335,2633
5345,806
4536,2357
4837,1531
2232,590
4489,67
222,1744
378,2257
5309,1526
3874,3177
116,2257
3041,170
2726,1098
2330,1098
5613,971
1752,892
387,276
125,1030
5555,1932
708,856
4807,2978
394,2386
4566,2357
4304,2357
1007,2586
360,1462
5585,1932
5323,1932
1381,3177
5420,2804
4603,330
2519,781
5244,2578
4848,2578
2310,2859
4921,3056
1182,2186
3369,170
4967,957
3459,63
1991,1766
2399,837
1411,3177
2003,837
2519,1131
2555,1350
2532,1366
4224,1034
5361,480
55,3054
1335,1088
4548,1131
2800,1531
5393,957
341,2859
506,2926
4965,1419
3489,63
975,1684
2575,2352
2840,1869
3337,2675
4586,2554
1981,1613
3846,2552
4670,1501
1454,2850
4663,330
4690,433
1101,1042
3845,2327
552,1766
3024,1397
4727,1254
84,1109
179,2689
2691,433
2049,966
2830,1531
4974,1131
3819,2045
3361,1167
4736,27
3846,458
3519,63
3453,1695
2943,2347
1618,2850
1451,458
4171,1157
5723,845
5776,2923
4799,2446
2130,2244
1335,283
1615,2552
1868,746
4504,808
2151,2532
2215,1793
2230,2825
1451,1397
2941,2651
5104,49
4842,49
2383,1377
1999,448
2928,3163
5791,198
4526,1506
1169,1684
1981,808
2965,12
2743,1131
4646,2554
1776,2096
5042,2554
4038,1917
2185,49
4172,1917
1622,1629
271,3163
2422,2244
5073,1086
3712,1932
4171,2446
100,837
2020,1675
2839,2532
3558,1465
1815,2209
5747,276
2885,433
2489,433
2623,433
4163,1804
1678,1157
3641,2631
5109,1682
2029,448
2163,448
67,1828
1077,1
3895,1235
5801,2175
724,2357
4421,1281
3318,665
4839,1040
1640,1804
5521,845
4151,639
5777,276
2153,110
2628,1157
1191,1419
3199,192
4106,896
4940,2785
5119,276
614,2347
5776,3057
1491,2620
359,1828
4956,1975
4479,2575
1932,1804
397,1531
805,602
1211,1290
2417,2785
1448,2923
2641,49
4738,1523
1176,2235
2325,1506
869,1526
542,1131
1963,336
2975,2554
5031,55
5098,1277
2233,1917
1875,2209
5852,1739
5149,276
1617,1419
3246,3017
1921,110
2019,645
959,1419
1773,1932
3299,2651
3552,845
2605,742
98,336
1667,193
3955,1235
3545,3057
5023,2796
1418,2872
1874,2923
2096,1804
4229,2935
4871,712
5531,2448
2234,2677
2984,1677
5303,2032
1191,614
1590,131
5437,2032
2092,1281
414,3174
3642,896
2384,2621
3716,845
4423,707
2365,127
5374,1683
3631,2427
5391,1098
3846,137
4431,3042
398,1917
2,1917
5770,1683
3314,276
328,2087
5892,333
2683,409
3610,2489
869,721
5539,2689
2600,2626
1237,2837
2591,820
5731,2859
5674,2325
894,1717
2773,2554
2403,1523
3506,1385
4674,144
178,49
959,614
3521,727
4762,2243
3617,435
3369,333
554,336
1880,435
2721,1051
183,1332
1260,727
2380,758
2509,2858
5016,820
1874,2118
3549,2371
1746,2872
299,2446
543,1086
4738,2007
1924,892
4658,2243
2359,820
3572,1042
2070,717
4374,2484
3312,1677
4792,2243
4833,2244
4057,333
3074,3017
5427,539
1615,1076
5140,2926
2248,2709
3722,986
415,527
4417,87
5609,1684
2598,55
4155,87
1686,727
146,110
1782,435
1042,625
3062,2633
3055,1462
5710,1766
1575,896
1826,2427
3403,2145
2389,820
2986,2796
1976,2371
3323,1627
4560,2243
2473,3177
4801,1366
800,2970
4719,21
329,2796
2158,1072
408,645
1416,435
977,3017
4212,1910
4587,1787
5094,837
460,2498
2327,1258
1539,276
881,276
1065,2837
1015,276
5924,540
3353,1627
3568,2747
3902,1869
562,1462
1336,856
1914,2782
381,892
4300,1915
3558,1278
2555,2586
1488,1627
5359,2424
4753,2614
238,1523
848,2206
2753,1258
4241,2439
5258,837
1789,1740
1035,2032
911,276
288,1051
5646,2639
3271,2352
263,240
2579,1078
4396,283
4051,2500
33,717
5738,2578
2159,3121
4019,1464
741,1935
2963,2357
3905,1335
923,636
3762,2747
4421,2383
119,87
4959,746
289,498
3305,27
3088,2244
2437,971
3256,1828
766,837
2311,2552
2207,1448
4108,1290
190,3121
5584,956
4,487
4980,1973
4906,2209
5718,2087
2452,1629
1656,1695
534,837
878,3121
1184,2639
1867,1915
3715,433
5389,1804
4762,1117
3671,2578
2716,2614
501,1828
3865,1131
2246,2850
2475,458
417,2130
4856,1691
3450,1828
2519,1696
3668,967
1431,422
1021,2244
1656,540
4278,896
5341,393
3273,1377
5322,1871
4162,721
4402,1871
5400,973
489,1602
5062,1917
1743,135
2357,1526
1529,1869
1699,1526
4727,880
503,2439
3020,1281
3063,1917
2751,110
3995,2651
2603,1932
4831,2923
796,971
2800,2446
4828,1871
4637,3057
4375,3057
2308,2923
4512,1076
5832,2858
2057,79
4421,2651
3667,2189
4957,2631
848,730
595,284
736,2209
2496,880
5863,1390
429,746
1544,433
1764,2651
4658,1251
5487,2796
5131,717
2694,1804
810,1377
5170,645
957,1804
236,2044
2861,1917
4747,727
4189,2651
2441,3051
156,1526
209,2850
4230,2652
2141,2759
3208,712
4030,1086
855,746
1042,572
3490,3027
2368,2923
2110,2133
3187,1528
3543,409
4203,2145
1472,2785
4824,3017
2308,3057
1038,49
1917,957
1311,1147
1335,2487
2383,198
2519,1025
4045,2498
4329,2257
1018,336
4466,276
4600,276
2382,727
5417,498
5441,892
580,110
721,1281
5155,498
2667,896
5232,718
1206,572
1302,1034
3322,3042
3060,3042
4736,1076
3046,892
919,2959
150,1465
1943,276
3049,409
3531,2627
3927,2627
3615,820
4345,2386
4432,1042
473,2872
5256,2243
1173,1563
3165,1523
3103,645
1312,409
1341,1147
2079,1076
3720,55
4368,276
168,3175
440,1419
302,3175
3090,3042
2235,276
3475,409
3210,892
5524,903
1422,173
3748,1699
659,2631
1232,49
1738,409
3446,3054
5144,847
1718,2386
5142,1740
5307,87
4701,277
1592,1523
2727,2586
5038,3080
2794,2118
5349,498
2410,435
4165,2926
5201,2320
3824,2633
613,2636
2784,87
2137,276
4143,2386
1569,758
113,1532
1529,393
4529,1109
809,1235
852,1871
5069,2551
2166,2145
2942,2366
3613,319
1166,718
440,614
2525,3017
4926,1684
4666,67
2157,2032
3750,1529
3380,498
2301,276
5776,1073
2634,2371
3857,837
918,1528
5173,2500
1196,718
2010,1231
3219,2243
497,717
70,3124
4970,3080
4225,2926
5144,981
1379,3054
1656,1642
3963,2926
5398,2029
3655,329
3393,329
2197,276
2978,87
3410,498
5032,925
3991,1941
2883,981
3000,2320
3621,718
3491,837
594,276
2235,1699
1622,718
5140,1397
5935,1860
4178,2706
1294,2350
5823,1804
3939,1377
5663,391
2225,2859
3636,1376
5170,458
1417,1602
2513,1047
4942,1008
4379,2588
1175,3008
423,1683
440,1098
1197,323
598,1684
536,806
5789,880
4837,433
1475,267
4859,192
1738,3121
4157,674
590,1042
66,1796
5596,458
2502,2736
2435,1514
353,2792
2493,1684
4859,1131
5758,1917
1959,996
3545,268
2602,1627
5891,2446
5285,2636
717,975
4163,2532
5679,2563
2432,2347
3939,572
1444,2243
1182,2243
4957,2578
5621,1804
669,2624
3475,1377
4346,2424
1999,21
3984,1254
4627,1131
5738,110
5306,1419
4910,1419
5871,639
3739,110
1587,1366
5503,2872
239,2639
5101,3057
44,2171
1509,2614
2851,1526
3529,458
5048,198
5492,1932
5903,712
4349,1917
5345,192
3550,746
5181,727
2366,3174
4623,2651
352,422
3356,880
3490,880
2096,2532
2688,192
2800,433
4078,1804
3398,2045
3816,1804
5306,614
4910,614
1801,1860
3726,3042
3566,1629
5830,1523
3700,1629
4216,2677
4455,973
3341,2450
4031,645
4074,1281
1792,27
4705,2087
4949,727
536,135
2105,2244
5018,1086
384,2747
358,1526
709,63
2022,2209
915,2383
1342,2450
4869,963
5079,1739
5034,276
3155,193
2830,433
4855,2785
3050,2651
4956,2837
135,730
3101,896
1000,1932
5759,717
3353,1871
3761,942
4294,1405
3103,942
4755,2554
4512,2796
4257,1523
5241,727
5451,1503
3135,1419
5167,1744
5351,333
2909,1076
5545,1138
1128,1336
1701,2918
5722,276
3636,2344
382,957
4802,276
5382,2837
3654,2923
3592,2045
5125,1683
5825,374
4182,3042
3070,2872
1578,983
2490,2031
1996,1496
4567,409
1311,639
2624,2785
5296,2504
3766,2575
5807,2427
2178,1917
5297,2325
4108,245
5068,3027
1611,1281
2748,727
3873,2822
3749,1066
5306,1098
4421,2627
1341,639
3017,2837
4436,2935
4336,1765
3135,614
1915,2631
841,1255
5772,1278
4314,471
2552,973
4988,2859
1903,527
5709,2427
838,957
2405,1677
4423,2858
4812,2633
5636,3080
4543,1462
2029,639
4362,892
430,2825
1571,727
3487,2355
397,433
1326,896
2544,1462
5882,1042
1981,2288
3959,2350
1669,1235
5506,2448
1101,1717
2571,2504
4921,2926
1468,198
1653,1641
1154,1728
457,2554
781,2651
3699,1837
4339,477
1028,276
2354,2627
3832,2366
1607,892
2008,1990
2092,2627
3517,1042
5836,1397
5473,1345
5521,2325
3415,3017
3275,2448
1648,2586
5380,1531
3260,2325
3057,276
3000,1462
2745,2633
899,2498
995,2206
3135,1098
4735,1766
2149,1067
430,2959
94,758
5531,2639
2766,477
3664,1627
2220,718
1824,718
4243,2243
4625,847
109,2729
3435,986
2874,2639
3168,642
281,1523
5628,2922
3725,2253
1091,574
3699,1032
2775,2633
4664,960
5637,1695
1222,276
1406,2837
5172,1366
4031,458
507,1462
3528,1335
5926,2737
5090,21
2027,2366
2328,1540
3933,2552
1676,1385
3503,1278
1018,1385
3406,1345
145,1231
847,1503
1115,2257
812,2448
4248,2563
5191,1766
990,276
1174,2837
1807,498
1941,498
1074,2633
3615,1869
3558,1335
4064,1695
4456,2485
3963,2552
3617,1915
2607,2244
2741,2244
14,374
215,2350
4069,2978
3346,2583
3289,2049
4421,1151
1900,847
5749,1131
5353,1131
2519,330
3343,1531
4157,2044
5091,1131
5741,2933
913,1345
4232,1629
1971,498
3380,2352
842,2633
2984,2352
3558,2624
1192,1699
3456,2347
5099,433
2702,2639
2776,2588
3105,1366
565,1766
1248,1042
205,1231
31,1078
1547,1109
2326,847
920,422
5942,2815
3373,1531
5221,49
446,539
3586,2578
3449,1526
2860,1131
3643,79
4974,330
4845,2394
5342,2446
2420,2552
539,1642
2590,2209
4398,2614
2545,746
2694,2532
540,2244
612,1366
3141,1531
2945,1619
3616,2578
4268,289
4137,1526
4560,1629
4579,1871
5938,198
2354,1151
1003,433
2092,1151
3735,957
1154,602
4227,1419
4915,1039
2420,458
2903,1366
1369,1695
643,837
247,837
5319,2785
2394,2620
3316,192
3712,192
635,2639
2557,1860
2543,1962
1383,2532
3069,1254
1957,2804
2707,1804
4957,110
690,1033
4129,1419
366,155
2329,1629
2348,1871
892,201
1055,1131
2232,1696
3008,1917
4198,435
3458,433
3931,845
2909,1157
5851,737
629,730
5906,636
1866,1346
3385,1086
3123,1086
4730,1235
740,746
2639,2959
5251,2627
4965,2041
3924,3057
2322,808
5335,820
940,1531
952,602
4887,2350
1834,2939
3933,1076
3871,198
4890,177
385,2440
1481,1131
2902,336
2380,1917
764,2244
927,3174
2909,2446
3549,1086
5529,1975
3693,276
157,2209
5286,527
2022,896
282,1157
2574,1409
1185,2651
3615,393
2556,49
1699,2872
646,2373
362,2614
3104,820
5000,1072
2854,645
2654,1523
49,1336
147,1871
3586,2257
4570,2427
2419,1656
283,1917
1257,433
4698,892
439,2430
5437,1231
1834,2134
2794,752
2317,3042
4507,3017
1379,49
5162,2689
5709,2858
1686,3175
971,1917
909,1039
3887,276
5924,1699
5609,2627
1170,814
1245,2651
2797,2339
3568,1462
1288,1035
4227,1098
3965,1098
3005,3042
4849,2350
2955,1235
3034,1528
3320,1333
1928,614
4261,867
2158,1076
2555,712
91,942
2799,1072
4960,87
1183,3089
5798,1186
343,1917
5264,498
3605,2633
5857,1766
4458,2320
2295,2478
3693,1699
2836,358
4460,2366
2946,718
1977,856
5361,781
3016,3177
4662,2500
5393,1258
52,3057
4983,3080
4031,2633
3635,2633
3714,2926
5032,498
4352,739
4377,2489
1760,225
1820,276
1451,409
1879,856
2691,734
388,2575
808,717
5257,966
2003,333
3403,2633
5034,2614
5655,1766
3991,2803
4638,170
2900,1258
5414,391
2112,276
2497,87
1850,276
3625,1699
4284,1335
3233,909
4473,1042
3846,1109
692,892
5907,674
5469,448
4340,2583
1702,2448
1351,713
1161,3033
2923,87
4282,2578
4416,2578
1568,2633
3708,771
3488,1027
2052,1699
109,2355
1625,2386
1656,1699
2824,458
2932,2243
5220,1033
2708,283
897,2586
3932,2357
2824,1397
5014,2096
5088,2045
3257,498
1598,2633
1558,1514
1689,1997
3600,837
2681,2782
4897,1696
712,1493
3690,730
106,1683
257,1098
4078,2532
4508,1362
1989,2639
2424,1813
1025,3121
4399,2358
3334,2788
701,2243
5949,1973
4080,2578
3798,448
5682,1629
100,333
5425,1973
722,87
3280,458
4510,2347
2789,2850
2474,1526
707,1684
1347,1078
2887,1695
3346,2209
5920,639
5223,1465
5529,983
1188,267
3388,2620
2192,1813
1127,2243
3343,1157
3682,1377
5879,49
1049,2552
3170,448
4765,1526
4863,2061
1647,966
945,1448
2159,2804
5091,1696
146,277
5884,1332
2855,63
341,1684
3369,284
3556,110
3320,2085
5400,172
5247,896
3077,2327
3373,1157
4851,896
5837,173
1623,730
5506,3042
4374,1496
48,1058
3623,3025
1634,330
3970,100
317,1448
1069,329
465,1346
1451,1377
2030,1993
1639,1613
2685,1695
5484,435
14,2578
3374,1917
5539,896
2445,3174
5363,2360
2758,1419
2518,1932
4805,1840
4013,1086
1496,746
5663,1871
162,1695
599,2450
291,2105
1669,674
1404,1157
1707,966
4475,393
2004,2650
502,73
3623,1281
1276,2850
2654,665
5252,435
5119,845
772,284
1002,746
2955,1532
1093,110
3476,480
2853,1255
4062,2267
3439,3042
3824,409
3681,2575
4042,2554
4512,2503
3713,1332
561,1942
4924,727
3796,54
3187,727
4802,2427
1526,1281
1569,1917
1190,1332
2016,916
985,2620
2611,2257
5202,856
3469,3042
4374,2919
1963,1255
4594,973
5948,2366
636,2651
2007,49
1036,1804
2576,3175
2884,1076
4768,1503
3018,1076
98,1255
2622,1076
4714,2206
3709,435
527,614
4209,758
2507,1503
4465,2633
3259,1138
1550,712
3800,1462
4972,1683
4277,892
4,2532
3061,2062
334,192
5267,1042
4926,749
2519,1513
1328,1804
373,1086
321,896
1775,49
5490,333
522,2872
1243,942
5065,2032
1324,1281
355,1419
4586,1997
5408,2371
2808,276
110,2554
43,1332
5772,1335
5815,1971
2758,1098
3775,250
5695,334
497,721
5576,642
4624,2639
3860,2243
3958,2586
2934,3017
4398,2858
2557,815
5707,2788
4604,2926
5922,498
5024,287
5583,1971
574,2257
1995,1462
4304,1129
577,276
4004,837
2433,2627
4788,2639
2859,749
2157,1231
5818,1464
921,1025
5895,1684
1660,1364
3387,87
5031,2747
208,2257
881,845
2326,636
3145,1493
4284,1766
3545,2366
742,3130
5475,1448
3364,1042
1079,271
595,1390
1739,2007
2429,10
3630,1915
739,2832
4308,847
44,2041
2330,2448
5642,807
5907,2044
5130,2352
2275,2926
62,1277
2493,2627
5404,642
4559,2536
1176,739
1238,2371
3394,1042
1310,1493
570,1683
3132,1042
5936,880
494,2627
5072,2532
4676,2532
5380,433
5397,602
1508,3171
737,1042
2693,1345
3321,2634
260,1642
990,2427
1055,570
3503,1335
1228,498
655,636
2625,837
868,1683
3922,2450
5646,1464
964,2145
5014,433
3713,2084
2424,2244
1966,1366
5837,1409
3887,2614
2347,1997
122,2243
3088,3163
1190,2084
3506,2922
5350,2984
732,2926
1654,498
2143,1443
3908,458
470,2926
129,2633
2259,837
3119,1695
5724,192
4072,2552
1508,2366
5178,433
5711,896
919,1971
1067,1869
1834,284
36,1129
2621,2357
4770,49
5778,3057
915,1448
2863,1890
3608,2044
4105,2850
5607,3175
3938,458
10,847
3848,1696
118,380
1169,806
1461,2146
5852,727
2963,27
2106,2850
1710,2850
5428,2651
1359,1869
2305,27
3640,1932
622,1576
2556,1366
3378,1932
1823,283
3899,880
1877,2209
2813,433
2185,110
416,2639
3343,433
5597,393
3167,2651
182,2243
223,2244
4399,2923
2475,1377
1019,1397
2344,2614
3713,1629
1342,2804
3878,942
5247,1677
2677,3174
4210,2620
899,3173
2282,1332
3373,433
5271,758
5442,3057
3331,2651
4568,49
4354,2749
4645,1235
2747,910
5451,2796
1770,2096
4738,645
753,1254
4507,712
2557,1917
2295,1917
2708,1332
4093,880
2245,110
5034,2858
1104,3174
2451,2430
3141,433
4846,1117
1969,1932
391,1023
5840,2729
4981,753
2806,1840
1091,2188
4358,1528
5817,1025
517,2825
5280,820
4199,717
2659,100
5763,1728
3832,3175
403,1033
5606,1744
1559,721
5222,815
220,2080
3000,1332
2416,1281
3911,435
2271,2620
4807,758
1581,1419
447,2244
4781,291
5449,1918
1839,896
837,1086
2635,49
2506,1332
775,1147
3113,1744
2688,814
1948,250
2884,2446
3128,1086
3665,2257
1044,1537
4950,2355
3406,276
228,1917
940,433
816,2087
656,674
1996,2923
5463,2351
2658,3042
4738,1129
1018,1255
5932,1109
4720,2243
928,49
3018,2796
2027,3175
1705,3124
1581,614
5464,2926
2619,54
258,1917
251,746
3372,291
4242,1837
4373,2320
1031,1086
1571,276
4286,1385
4375,2366
2162,717
5259,1366
2227,2832
2397,1523
1841,1076
1746,250
4480,847
886,1112
2453,2586
3931,2325
5441,67
732,645
3684,2633
5829,1869
4005,1493
25,2446
3812,1098
4328,2146
2793,1873
3792,1385
4960,144
1794,856
3296,1935
3611,815
5792,2926
2908,1072
428,1523
5555,2424
1040,2087
5859,1869
2082,2427
2582,498
3339,477
5453,1366
3309,1766
2209,1421
1581,1098
4540,847
5801,2049
5927,2188
3996,1915
4805,2084
5464,966
847,2796
926,3089
2483,3121
3863,2325
3288,1828
3823,2926
4081,1464
4202,2922
2180,87
2724,739
1533,276
4160,2696
1142,2340
5574,730
4187,1109
181,87
4997,160
3109,2243
4874,1258
5029,2327
2847,2243
758,2350
2585,2243
5896,1131
3765,1766
1970,2320
4224,1526
4506,458
3515,837
712,2355
385,1960
1854,2145
5211,1967
2437,1971
2053,1042
5093,1157
1108,1766
1158,1129
5170,1377
836,1078
5323,1619
5679,1254
1540,642
5399,1614
2393,329
277,333
2675,981
5482,336
5568,110
898,2114
5781,1157
5596,1377
4992,2394
286,2489
2540,1695
2120,1109
4468,2394
3350,746
3840,2825
4069,433
4807,1860
5743,1804
3807,433
5832,2785
3609,448
2934,1033
348,334
3696,602
4892,1409
4310,2747
2161,2049
1637,2803
4254,2815
5549,1157
29,739
2222,2675
656,837
3791,2532
2731,2552
4558,193
4656,1290
4260,1290
3575,433
5115,1804
3795,2651
1247,2244
414,2243
4189,2578
4965,2045
5414,1871
3676,2959
586,283
4756,1871
4699,3057
2429,120
588,329
2476,1629
3939,336
2187,1526
2780,2794
254,2146
3105,110
1866,2639
1143,2244
1277,2244
3529,1377
745,2383
3840,2959
2002,433
166,986
262,1448
2285,721
1696,2578
3680,2677
3303,1973
5924,2858
3257,1039
5511,999
5812,173
1390,27
4251,2651
911,2244
2599,2759
5142,2822
1446,336
1313,746
3291,808
5512,820
2183,602
2736,1717
2236,3057
3611,1917
933,1629
2158,3174
4990,896
599,63
337,63
2723,2394
5383,3042
2146,1070
1038,110
1304,983
2952,2631
2272,2872
3334,1235
5754,1642
2084,1131
1191,2045
3859,2554
2236,1902
1976,2729
4421,2257
5336,2822
1590,973
3904,984
3040,2636
2510,192
4430,276
930,2620
2160,2257
5159,2371
2153,1086
1117,2446
3378,2631
4479,2612
3403,409
4019,2627
4249,3089
5602,847
488,1871
500,942
1823,1332
4722,276
761,717
3758,758
4656,1908
1232,110
1743,814
4403,1462
5323,2371
4643,2612
5414,2489
3266,1235
2199,276
3659,1129
3779,1231
2490,2145
5370,847
1574,1917
5023,739
5837,498
2332,2498
2354,2257
4988,1684
2314,1138
5031,2320
2546,2427
1782,1277
2491,276
3442,498
25,433
5737,267
3252,374
4181,837
5640,334
1598,409
2916,2145
5598,2552
5796,847
1035,1235
1467,892
3034,2366
2817,1385
5071,1345
3281,2243
5256,2788
886,2832
5471,498
4287,2926
1978,815
4201,1462
1704,1744
5589,2439
5000,2044
2042,1739
2522,3130
3472,498
3210,498
5144,1042
5280,1869
546,2360
3949,837
3566,1072
1422,718
622,665
5524,1448
5897,498
1635,1765
5420,2788
664,1076
1672,2586
648,3017
3485,329
5092,2922
4825,2578
3636,498
5556,1336
153,2257
424,276
1265,892
4508,1366
2639,1971
1252,2350
2310,749
1360,1129
4505,1068
5322,1290
3180,2325
260,2504
4031,1377
3785,1910
1090,487
1596,847
5114,1526
523,2325
5203,817
5399,1695
5810,1229
192,276
4209,2588
921,2371
4233,730
2010,837
3947,144
3207,334
4943,2583
2422,3033
4929,433
5751,807
2277,1366
1778,487
1244,2243
4699,910
2524,1997
440,2448
2384,2926
2859,1
5223,1819
818,1088
2595,1648
1831,498
4919,2347
4093,319
889,739
5524,1932
4397,730
38,1098
5355,433
3582,746
5093,433
2228,1073
1973,2244
4055,966
572,1971
1649,1366
1711,2244
5398,480
1716,144
3975,448
5267,1717
1246,1915
2361,1602
984,1915
2123,2188
2042,1068
3644,2563
4719,1131
3050,2578
75,2858
770,1397
1697,1033
558,1514
2612,2352
3336,1629
5158,1932
3874,746
2809,422
677,2145
4171,2430
4849,1362
878,1869
3531,1346
1996,1073
1679,1366
5011,1131
3734,2614
4536,1804
3775,925
934,1397
3563,480
2952,2578
2140,448
3339,1526
1102,981
3793,942
5598,1076
2681,1526
4703,1917
43,2357
4038,746
3912,2327
3981,1932
2592,3174
1042,1869
1360,458
3719,1932
5214,1086
5592,480
3844,880
1743,1916
3978,880
5767,1235
757,2639
4072,2959
5822,942
880,2450
4879,49
2420,1377
1360,1397
3319,1409
2306,2029
5702,1025
3823,942
5304,198
3781,716
3017,320
1289,2096
3947,1917
721,2578
2622,3174
4155,2620
3199,1465
319,319
1172,2450
2371,330
2486,1034
1869,2563
4076,2677
1655,2045
1018,2922
3397,1076
40,1254
2010,1455
5156,276
2016,2209
3504,2636
3468,727
5025,1513
3935,2822
2724,983
3379,1409
5215,856
5843,2145
1032,2978
975,192
1087,433
1899,2563
4459,2041
121,2532
4768,2796
5482,1385
986,1290
764,3163
70,1254
5582,276
1029,3057
5716,276
3498,727
2142,1917
3236,727
5564,636
5280,877
868,1419
25,730
452,43
2754,983
3387,896
4176,3042
143,1917
4344,374
3707,1251
646,259
4679,2350
2177,3042
649,1496
5306,2448
5736,2032
2047,717
627,956
4319,2946
3491,845
2519,712
2811,1086
5641,2145
1169,192
329,2430
205,674
2157,1235
627,1306
2327,892
3939,1385
3543,1385
4711,2396
215,49
2211,717
2305,2796
92,1147
5147,2926
5555,1997
5202,2633
4544,2633
1285,902
5521,2386
4805,718
2096,1117
3689,806
4809,837
2708,1873
29,983
5645,1109
1075,2785
1821,2575
2962,1231
1418,3124
1691,250
1825,250
3360,1277
161,2041
3862,2427
1874,2586
281,645
4362,498
4431,2355
1903,1072
5124,67
5582,1699
1013,2257
1686,845
4019,1098
4578,2782
4350,2366
4035,1042
5117,27
5227,2639
3475,1385
2112,2350
1324,614
3249,1796
4806,1828
90,1235
4477,606
2089,2366
3135,2448
3911,1915
4589,847
4945,2926
5898,1531
2300,2586
4012,277
717,1333
2329,1072
2311,2186
781,2257
3549,1684
328,2689
1961,87
3840,170
2200,2355
4585,1078
2155,892
2955,1699
2265,498
3663,1971
2870,837
4807,2588
1149,1148
889,1975
987,820
4445,1448
5527,433
5544,602
3137,1366
3861,1397
4690,498
5307,2352
5811,1131
1533,2427
3119,1699
126,87
3775,283
5557,433
3160,2639
4872,330
2180,144
5752,1840
3085,21
5579,1131
2148,3080
181,144
4720,1629
4854,1629
2078,806
5427,2430
3491,1813
1738,1869
3159,1074
5303,674
5901,1532
4485,981
4674,880
4975,54
5381,1496
5109,808
52,2366
2640,1448
5475,1131
2722,1258
4336,2578
2338,329
3379,67
2199,2614
5705,2532
5039,1917
4094,2641
3027,2244
5038,2446
2217,160
1093,2639
3280,1377
1552,709
2491,2614
113,898
1320,2803
1826,3163
5487,2430
5523,2087
2679,2850
5657,2087
1968,1526
574,2424
1405,2352
5044,1860
3325,746
5575,1496
4589,1465
879,27
1058,2244
2837,1157
5330,2631
4053,896
4576,2923
555,3121
3478,2651
3344,207
5109,942
5453,752
4451,942
841,674
4585,1696
1787,2804
4950,131
3595,957
2282,531
4221,1419
260,2614
2280,458
1953,63
2870,1455
4970,2446
3404,608
4956,296
2064,79
2435,746
5575,2785
1850,1813
1153,2639
1934,2450
4135,1086
3090,448
175,971
4239,1409
3317,639
3334,808
3225,1804
5890,2796
251,966
2345,2923
5573,645
552,1860
750,155
2451,1629
3526,1917
3214,2554
2051,1695
2510,2209
4358,727
2959,1281
5557,1051
2556,110
4509,896
5128,2631
4902,3042
3770,1496
862,746
466,746
2405,880
4986,1235
1006,2188
2138,1290
4576,3057
5209,718
1642,1086
2091,3164
3044,49
5143,2350
5341,645
4055,1076
1603,1131
1207,1131
2883,2575
3755,2504
1066,926
2122,1696
3753,1677
3608,3016
5898,2633
2997,2862
5817,1513
20,63
630,746
1079,572
573,1932
2016,896
2830,1409
276,1157
2506,531
1900,721
4105,1728
4074,163
4910,435
238,1804
3941,573
2655,1004
5284,87
3195,2446
4163,2837
2129,2651
1843,2257
1196,2446
1440,1086
4095,1390
2835,3042
2969,3042
2389,1235
2573,3042
1002,860
1188,1804
928,2631
1673,2785
4379,2088
1221,409
3965,2448
1324,1850
5044,2478
3340,2396
5618,498
4267,2032
2660,193
922,1281
3994,1873
2458,2129
211,896
956,1804
2735,717
1,1086
3554,820
4777,2484
5887,1073
1623,2267
1029,1528
2173,2145
2747,3171
2136,3017
4297,2032
4942,2736
415,1076
4217,1514
5163,2146
5863,837
2174,276
5584,2176
691,193
3896,2627
933,2170
2096,2837
2961,1595
5535,971
1197,1462
397,1409
5075,986
5479,847
3266,1642
1019,409
3636,421
1506,527
1244,527
4272,2325
1001,1523
5335,2788
137,3175
4366,2926
5006,2320
5359,1684
3309,965
5126,170
4982,391
68,2257
2671,2371
2629,2145
5347,2209
2367,2145
2816,1971
1460,3161
1040,2575
4388,1345
5007,3080
2259,333
4788,1464
1295,815
1407,1056
3411,87
3015,87
1174,296
2232,2859
2056,2633
5055,2747
163,2652
232,2257
708,2186
1823,1873
4058,837
3662,837
5269,986
1210,892
107,276
948,892
1094,3161
5805,966
3990,144
4184,2639
970,2371
5818,639
3540,847
1580,3054
4536,2532
4570,1362
2782,1397
4800,2578
3452,1377
4223,1254
5665,1336
1769,2926
3123,155
5059,1526
5341,458
2634,1684
4088,837
127,2032
2310,806
5803,2209
4270,319
5715,110
1000,2371
4117,2706
1827,837
2830,283
4566,2532
4862,1362
3227,3137
749,1971
2514,986
4105,602
4702,2578
5774,1629
3306,1151
785,847
2664,1684
5921,336
2307,2578
1942,1699
5772,1933
3506,458
5469,1932
2592,2747
799,1684
341,806
4809,2825
4926,192
2109,1058
383,1971
3480,2620
2052,2244
1656,2244
3695,330
2714,1397
3831,1157
3908,1377
5023,1064
5174,2923
3020,2635
3646,1377
3381,1860
4121,2424
2655,1756
1963,2926
4436,1496
3458,2080
4857,1526
5914,1235
5839,1061
4294,100
5810,131
2434,67
1544,498
4720,2194
468,739
3281,1629
4432,973
1899,2352
2033,2352
5466,2923
280,1627
1424,2244
3938,1377
577,1813
5420,1235
3357,2563
3467,2923
2562,602
5010,3057
1672,1033
2618,3163
2566,721
1568,2373
859,1684
678,2804
2132,1957
289,1531
4336,110
5576,435
2799,3174
223,3163
3466,1917
1660,2901
4973,896
5174,2118
40,1766
647,458
826,2675
1230,284
3592,2029
1871,2532
2157,674
4963,2837
343,986
5174,3057
1232,330
647,1397
5556,1661
3002,1409
2596,721
4876,1902
656,170
3775,1332
3004,3175
1877,1973
8,2578
3704,2620
4949,845
5071,276
2638,2825
5568,1082
5389,2837
4582,1051
2605,433
208,2639
4715,614
355,1346
3428,1409
3822,1528
489,1346
1487,448
5857,2124
1082,2614
3879,1281
2074,1147
3280,198
4957,1086
1653,336
1916,746
2086,1157
4407,2339
286,1367
5640,1493
3107,2872
5049,1025
4171,527
4250,820
5855,2586
1390,1804
4807,1677
5404,435
846,2872
4000,645
3014,614
4043,1281
3738,645
302,1496
262,1131
4467,296
4489,55
4692,2858
5265,276
3935,435
4731,2032
1739,645
1782,1281
1775,110
417,1419
1243,1003
4018,820
876,2872
4245,1765
3140,1076
1679,752
2336,527
2838,1677
5295,276
742,3057
1831,1523
5304,739
5507,1098
629,901
4151,3042
598,2554
2070,758
2593,2785
130,2651
4256,1523
3734,2350
1007,480
780,1255
4348,2243
614,1717
4086,2243
4320,195
5266,2325
1861,1523
1102,717
3045,815
5092,2926
5147,2633
2125,815
2758,2448
5939,2044
4411,498
2745,1462
520,742
1447,2822
3672,1098
5138,1766
1082,1943
3014,1098
2831,2145
2143,81
4553,2244
4388,487
5558,2325
4632,847
2801,1744
5256,2926
801,2832
4673,67
2264,758
5440,2454
629,1035
4521,1366
3196,1869
252,1462
92,49
1288,856
4328,971
4202,2552
3476,2448
4098,1448
3905,87
4194,1910
4032,3080
966,1744
3132,1103
4093,2767
4525,2424
5874,63
5518,1182
3890,1684
471,984
1121,2032
3234,67
993,2786
2144,2130
5007,1417
2949,837
2964,1869
586,1873
300,2041
4696,966
1451,1385
408,820
5349,1531
5428,2578
220,1523
4239,498
5509,1254
2565,847
3189,2926
5124,2352
2132,965
714,1277
4838,268
5440,2588
4039,63
3333,1335
4849,1366
50,1462
4649,746
5886,1362
4927,2188
1634,1627
3574,1397
360,1129
444,1766
2595,847
4506,1377
4068,1151
71,2689
618,2858
3331,2578
1865,1910
1746,498
2067,1078
5699,2825
1342,1576
2880,1366
1023,1042
1159,1869
870,1766
5482,1255
5425,721
2853,674
3689,192
5246,978
3410,1531
285,2244
2537,1377
988,2926
5718,973
2010,170
2853,1613
4821,2677
10,1258
1061,1684
4151,1916
4762,3036
5684,1362
4885,1157
1576,63
5273,2959
3991,880
73,267
5288,49
2750,330
4054,2922
320,144
1018,2926
2570,2614
3912,1526
1700,2731
1691,925
2002,63
4885,2446
680,837
5931,276
1963,2552
4953,860
3817,2578
1635,1932
1174,1345
3939,1255
3904,480
4776,409
72,1331
1980,2906
2978,1254
3353,1131
519,330
2482,1804
4657,717
1093,602
1681,1526
5418,815
4781,2446
5562,2257
698,1766
3045,1917
5132,983
4407,1481
2946,1157
1927,1932
4224,1774
643,2244
4101,2872
2518,1619
677,1828
1234,433
3608,2939
554,674
2686,2923
5158,2554
4229,3057
287,330
5554,2554
1845,1526
3708,1076
62,1151
1256,1131
2830,1332
4259,2118
4981,3042
249,1916
3162,758
5870,2386
1090,2532
990,1362
446,2430
4350,3175
1323,1013
2183,1871
5037,1072
18,2922
2093,665
3426,989
3025,645
2715,1917
4181,333
3613,815
158,458
5168,774
4607,2427
4276,2822
5047,2699
8,110
3112,240
4299,1493
2776,291
2962,1235
1894,3057
1154,49
161,2045
2721,1523
183,1804
2062,2641
3794,984
2594,435
2236,727
5646,2627
343,746
4875,498
5596,820
4374,2956
5437,1699
926,572
1922,2257
2853,137
24,1932
4119,1683
3669,2386
2900,892
804,2272
4212,1093
1184,49
5248,487
2388,717
5843,1828
65,2872
2623,1523
257,3042
3648,2448
4974,2355
5301,498
4905,498
2780,948
3635,1462
3380,2633
5156,1837
3433,1513
3904,1098
1431,276
863,758
5068,3121
5379,539
3371,1766
2552,717
5174,1073
4109,1503
5695,21
2875,2124
538,409
669,892
717,2626
3105,2586
763,527
3846,2032
5563,67
52,3175
2540,333
1913,2652
3403,1462
4924,1837
4592,1098
1054,2396
2119,276
3311,1873
5756,2367
1461,276
5934,2639
1916,856
1095,892
568,409
699,892
5623,2188
3935,2639
4988,1448
3405,195
2085,1042
624,718
4762,1105
1391,1385
321,717
4177,2926
3574,2633
4646,1684
921,712
5088,2029
1581,2448
2534,87
2554,739
2003,1390
2082,1683
3159,1078
2844,2006
22,276
4910,1915
3855,3033
1596,477
5018,1448
1298,820
1721,1677
3309,1022
1206,1231
1149,697
2042,1503
4079,2926
5040,2146
1313,539
4028,1648
3749,2233
932,847
1637,636
4598,458
3333,1766
778,380
4205,1695
5277,746
5399,1675
5418,1917
5807,1500
1003,498
5886,1793
287,1082
2541,1042
3365,2243
3802,2244
4129,2639
4464,1397
197,2320
2769,3121
4871,997
2295,986
3405,329
3069,380
228,852
5004,1526
4890,458
3343,2080
700,847
2606,1787
3637,837
4893,1695
519,277
5315,2327
3320,2069
3189,2552
4968,1465
4975,192
4273,674
1898,2639
444,1042
5311,1804
476,2243
4647,2578
4376,1526
1220,2926
2481,1684
405,498
2458,2454
4235,540
4338,1419
317,2371
2213,1869
5379,1157
482,1684
5325,1860
3651,2209
571,975
5046,193
4096,2825
4063,433
5381,2923
1666,2639
214,1869
1339,2244
5737,1804
5739,2631
3400,1809
5487,1629
282,283
4100,1254
5256,942
5335,1235
490,986
870,453
4982,1871
2592,2804
520,3080
5752,1523
3713,27
3360,2383
75,1683
116,1684
2418,2624
5379,2446
1452,27
2369,1419
1696,2639
244,1869
958,458
1190,27
5761,1235
2784,880
2245,602
488,1448
3110,1804
780,2788
3025,942
3428,1332
916,1336
2533,1419
2507,198
4983,3011
3200,2636
2004,1829
4540,721
1018,2552
622,2552
739,3137
4096,2959
756,2552
4051,1496
5752,718
1786,1377
1128,1377
4183,2554
1514,100
595,2045
1342,1336
2123,1147
3690,2621
1018,458
2599,1076
4483,2257
4476,1086
238,2747
1174,971
3966,984
205,1109
4754,276
43,27
153,2639
1173,746
2670,727
192,1813
2310,192
3217,896
5072,2837
3476,3042
4081,2627
289,433
4031,820
555,2804
3817,2554
2014,49
5508,2586
4880,3017
2533,614
5575,2118
4202,1641
332,1419
750,1932
3007,1409
3499,1117
3991,1579
3378,3042
585,2804
5800,2586
411,2651
791,2872
1708,100
529,2872
1634,1871
2733,1025
1593,1281
2909,2190
4246,758
4736,2837
2224,2087
2619,896
5269,856
652,1932
4406,1390
120,2825
777,880
5426,1971
3946,1405
5560,1971
5140,1385
2074,49
3999,477
1635,2631
4529,1231
4437,1642
756,942
5047,2325
5023,1739
3514,435
3296,2427
4815,1975
3870,2699
2583,276
2717,276
5726,1078
5852,1971
5194,1971
3518,1493
4273,837
2554,1975
821,1717
3769,2243
3105,3017
5150,2049
2610,2257
1101,953
3900,2699
3528,87
5061,287
3698,498
4433,718
5817,2485
4327,1231
5559,1695
1341,3042
1988,409
1370,1528
4570,1366
3833,1073
1448,2350
5462,981
3765,380
2361,590
5303,170
1074,1385
4618,67
5504,2146
1447,435
586,1796
2465,2633
3244,2371
5202,2747
2559,1514
1891,826
893,2478
4821,3055
3921,1078
3599,1027
254,276
1467,498
4862,1366
176,2837
983,2371
2903,3017
807,2145
3940,2259
3984,87
1936,195
5477,2578
3474,739
2173,1828
5891,1629
2312,2926
1701,2772
4497,837
4316,1957
680,276
4121,1489
1497,498
4909,781
2429,478
5643,2466
266,636
2964,1576
1904,2350
622,271
3905,144
135,1873
4177,2552
4713,2532
5155,433
5296,2358
3174,2325
1732,2243
4500,2424
811,1109
878,3085
3743,1
2156,1258
3382,2439
710,276
4805,27
398,2633
3653,458
915,2371
4822,2825
4877,2532
2282,27
599,1576
2132,1022
3653,1397
2367,1828
3924,2614
2912,1362
5073,1131
2134,1068
1924,1258
1000,2859
3481,2044
2500,2357
2068,448
5490,1419
1825,498
1238,1684
4273,1455
3094,63
4758,746
714,1684
5041,2532
449,477
1679,2366
2708,27
4530,330
5882,896
2229,2244
44,2643
2563,1366
4911,2651
1967,2244
3007,67
2616,1377
5690,1076
153,1997
1811,391
4526,746
3283,1813
5568,1086
1848,458
3821,2620
2684,730
5301,742
3549,1932
4332,880
4681,1034
4822,2959
2131,746
629,421
4777,1496
3380,433
3204,2651
4436,2923
3338,2651
3651,896
4396,1804
3341,2922
4959,1917
1454,3163
1080,2922
1911,2850
3819,1419
1551,63
1334,1526
4973,1034
2824,336
3410,433
1574,986
3432,192
5536,2837
4777,2785
849,3174
355,2639
362,1366
489,2639
1850,1793
453,730
2147,1033
2923,1254
2942,1496
4578,2575
4206,717
4811,2554
4837,1523
3782,2641
19,1377
5635,1503
5500,1086
393,837
2812,2554
3822,727
2325,746
4680,758
4107,896
4418,758
3026,793
1971,1157
2236,2394
1991,2563
2330,2029
3090,1717
4380,1405
5777,1744
331,2029
5119,1744
1394,1526
5933,2257
1483,63
1517,3057
5808,276
2630,1917
5106,758
4268,3042
3413,276
4772,2575
2965,1614
1504,1290
2538,49
5033,2350
5908,1796
5376,2689
5398,2448
969,1131
3307,1728
2600,1866
3381,1677
1877,717
5399,2858
3358,727
1985,250
5116,291
5558,1390
2760,2498
745,2554
3973,276
5392,2818
1593,2651
5634,1385
5063,2350
2115,481
3376,1683
255,448
2854,820
3396,3089
4803,2396
5815,642
3000,645
128,1804
837,49
3576,1744
3746,435
1416,1419
3336,1503
1128,198
4912,87
2819,984
1308,3017
847,2430
3741,276
4448,892
4536,739
4420,3008
5817,1627
1278,896
4831,2350
4062,856
2630,1462
3406,1683
3819,1098
5275,1078
2410,2627
2374,718
209,49
18,1235
3312,2206
4102,2325
879,2503
416,1281
3377,1103
4850,498
1472,3017
4665,718
410,712
1232,1086
5065,837
1772,276
3360,2627
808,758
2702,2627
2751,1765
5607,73
3506,1109
182,1235
3757,2448
708,527
4266,2325
4004,2325
5050,155
3093,2633
4279,1971
5483,2639
5156,2244
1221,1462
3492,837
5458,1828
5609,1997
4349,1397
4557,2100
4209,3080
5355,2080
3202,2926
1299,1503
5437,1890
1433,2257
1770,1088
4067,1684
2479,87
2718,2355
1174,276
1611,277
2499,739
3540,477
2306,1098
5737,2532
5100,1157
3259,1366
731,3089
3276,781
865,3089
793,1523
397,1523
2534,144
622,1641
4918,2614
4596,2563
3441,67
361,2243
2813,498
5347,1973
1684,2633
3564,2352
219,847
2485,2130
1320,636
3999,1526
5096,2327
5433,966
2303,1335
1174,2504
5899,207
2848,3121
2786,2243
5341,1377
2698,144
2906,847
5335,808
1417,2639
2673,87
5226,1804
5031,1336
5110,1629
4642,63
5257,336
5789,1917
5386,746
582,498
702,600
494,2371
2598,852
1980,1971
3057,1366
3119,2244
5032,1157
1321,837
1455,837
3287,1828
374,734
3202,966
5380,527
282,2084
2771,2850
1077,1766
3821,3051
5148,177
5690,2446
1999,1058
5326,2923
4228,2651
2342,1397
3968,1034
5337,49
3152,448
3009,1860
3360,1151
2747,2614
3189,2959
443,847
1233,966
2764,2029
4474,3057
7,1448
5325,1917
3171,1629
5949,2498
1940,1767
61,1684
5675,983
4816,727
1007,781
2457,192
2596,1290
4031,393
4115,1030
4471,665
2793,1804
4185,79
2249,2872
647,1377
580,155
2254,1526
1927,1131
3193,2677
2061,1131
3356,1917
3428,1039
3044,110
5059,1774
599,1336
3257,1157
3689,814
416,2383
4473,896
3069,1860
4853,1117
319,2450
2497,880
1122,330
3386,1917
459,925
3346,2518
367,1336
3892,742
1380,746
2527,880
4131,758
5144,892
5162,717
3555,3042
4157,1390
3505,1235
1046,2563
1097,808
4174,1744
5210,1138
404,63
3934,2257
5772,87
5584,3042
3557,55
1019,336
4512,1739
4467,276
5091,2355
984,1281
631,1917
2601,2118
4304,1975
5446,1765
3574,409
286,192
24,192
222,2651
1989,49
3599,1405
3914,477
3428,1523
4204,1744
659,1871
1915,2729
444,1717
5936,87
4948,2427
169,3175
3842,1513
1958,1086
4649,1047
1006,639
2632,276
3127,2699
3523,2699
4109,2796
5924,1366
437,896
963,942
2234,2832
479,2061
3433,712
2824,1385
3684,2243
4730,2325
599,665
5501,1448
2949,333
5034,2736
5075,1047
2263,2257
614,2636
1280,245
3286,2355
4081,2818
5641,3121
3690,718
553,2360
4889,1042
5646,1021
3211,2935
2478,1098
5571,847
1206,1235
5027,1915
3513,267
4118,2858
4293,2859
5761,1910
4062,2926
5564,807
5323,1684
4903,1098
2420,2032
5300,734
4114,2335
2168,276
2963,739
1347,1066
1775,1513
1418,3161
3878,2243
490,856
2451,1503
3528,144
1131,2350
4500,1997
606,250
3503,87
2875,518
4862,2578
510,3171
2833,2736
3807,498
4235,1699
5147,2747
5028,1335
2046,636
14,1277
4138,1766
1885,718
3311,267
5800,1033
3558,144
4028,847
886,2145
1178,1765
2792,3085
5015,2978
3222,1915
4958,192
2162,2689
5068,2804
706,2709
2148,539
2297,2325
2051,2858
1244,1072
4764,2578
2914,981
4824,1131
1885,1068
1269,2822
4968,1819
4844,63
4180,837
1442,498
4246,2588
607,636
773,1837
3041,1695
1645,1766
5377,1465
4988,192
457,1042
5488,2235
2151,1345
5532,63
3922,1336
5833,2620
1344,498
948,498
3202,458
4696,730
5561,1932
5695,1932
3467,1695
4148,336
5922,1157
1675,1766
3664,2209
5424,880
1403,1078
4015,746
2772,1813
5797,896
4611,1531
1686,1366
2839,1345
3202,1397
4000,1377
4423,1480
5886,2631
1565,847
1169,847
5018,1131
1105,2552
3624,2029
3980,910
2707,2357
1607,1258
3221,2578
1061,2253
56,2926
1472,1033
3110,2747
3084,1526
2387,2352
3672,1696
4213,330
3765,1860
4945,1942
2292,21
554,1109
1515,329
3251,2578
709,1397
354,2926
2434,1767
4208,336
627,806
3003,1695
4173,1281
1397,458
1538,1629
591,1526
2667,433
2507,2430
571,1813
182,540
1397,1397
5858,717
1257,3080
3060,135
3939,1235
5640,2709
5838,1004
1330,2804
4246,1917
5887,2586
1057,925
883,1526
2710,1419
647,2747
5778,1138
4752,742
4757,1086
772,1695
2864,2825
2148,1157
3760,896
2657,1034
3398,480
4019,3042
4380,2267
1221,1706
2219,808
627,1
4180,1455
5699,1195
5057,1728
2906,957
5714,1503
526,2578
5638,727
1362,2850
3991,1933
2537,336
2275,336
2008,746
5115,2837
5008,1462
75,1366
5665,271
2148,2446
2843,793
4410,2267
1522,2923
5892,435
3125,856
5357,276
4918,2858
5491,276
3369,435
1029,3175
2359,572
5898,2320
3976,1409
2524,639
5156,1683
1565,1465
3492,276
4598,409
5835,1971
5513,1728
170,448
5116,1503
5706,2500
5735,986
914,1131
4374,2586
2951,2554
5907,2032
4057,435
2668,1677
4948,2858
5521,276
168,752
1995,645
5159,826
210,1917
623,1332
4890,409
5336,1627
2647,49
2963,1975
5507,2448
944,1131
1725,942
73,1804
3452,1385
5184,2926
62,2554
4219,739
4415,2371
1044,2651
2394,892
1132,1717
3833,2366
2016,717
3678,3017
2475,1231
2850,354
1088,856
5482,2926
4033,2427
3014,2448
3771,2427
2336,1072
1804,245
5672,771
2881,2858
4445,2371
1370,727
1191,984
3794,1098
545,55
3616,2489
4259,2366
1060,3130
4608,268
580,49
4364,847
1007,1025
4393,87
640,1231
2365,847
5704,63
2528,87
5056,781
3700,1971
4507,1505
4577,2244
4307,2383
4324,2552
416,2627
5184,966
25,527
1238,749
2905,2639
3172,539
1778,2191
1019,1385
5837,1531
2657,847
3935,1464
64,2360
2543,718
404,1462
2599,1027
2547,837
4142,1915
2628,267
4909,330
4594,1258
2601,1073
3800,1397
4467,2614
4205,2614
1313,2397
1230,642
5803,957
5197,1147
5392,2554
5746,1362
4414,1448
2638,2244
3409,1367
334,477
5897,1531
4890,1377
1676,1109
2940,1828
3752,1706
772,1642
4910,2029
1663,1813
3117,966
3497,433
135,267
1100,2639
1656,642
5623,1147
2379,448
1080,2926
4397,1629
4063,63
40,380
1551,67
3660,3056
4713,1865
4814,1917
3259,268
5284,2620
2527,319
1529,1971
2780,2485
4581,1157
2697,730
3545,73
2058,2500
3549,192
2183,1448
4679,2631
2365,176
2266,2614
1898,1464
769,2633
5077,2677
1775,2562
5586,2554
923,67
3736,957
5190,110
5314,2620
5007,1157
2832,2244
1111,2747
772,837
5751,1840
3249,2532
1160,2639
5367,2631
833,2244
5544,49
4632,721
2365,1465
5264,409
5460,2041
2110,946
1831,1531
5635,2796
392,966
2381,1409
1806,3164
459,498
5858,2087
5906,815
4414,1932
5007,2446
5776,1496
3754,2825
3721,433
359,267
4516,896
3910,1086
4739,2631
5135,2631
5907,1390
2963,983
5910,2627
1326,433
4779,717
5123,527
460,1258
866,448
2641,1871
4062,1076
5946,1503
5889,2689
5776,2785
5764,1462
1032,2588
2589,2620
2726,639
4811,3042
778,1917
1018,1377
5512,645
4918,2350
4426,198
3063,409
181,880
2841,1528
5281,712
3716,1728
1216,49
4710,896
5021,2478
3608,3134
1977,901
3935,1277
5103,2288
2637,193
1154,110
2382,2118
4973,717
4703,856
3507,49
96,2620
2617,480
4284,3124
3133,1528
1959,480
3659,820
49,2804
2382,3057
2331,1025
4698,2360
1360,336
3624,984
4016,276
4857,892
3888,276
5173,374
2872,3042
3218,1235
5260,3002
2861,409
4857,1831
5772,144
4378,1042
5202,2243
5498,1073
417,2045
2294,1493
2218,717
5060,847
342,1871
4249,2325
1909,901
3194,2689
1881,3017
4314,276
952,110
5527,498
3727,1462
5117,2320
1655,984
5736,837
4767,975
5930,1642
2315,276
5494,2243
3343,718
5504,487
4105,1041
404,1409
583,2872
3160,1765
1684,409
3289,2175
4018,1796
3904,2448
5280,1910
4385,277
3091,847
334,2518
2607,276
2796,2427
5643,2901
261,727
1687,276
2900,498
4176,1042
5396,2243
1714,409
2641,2489
3324,1765
836,2355
1323,753
273,3181
5476,1448
5080,1448
2537,1385
1299,2796
2598,1072
3255,847
3745,2926
1651,2689
1802,2858
5062,1027
2908,739
29,727
1097,2288
1257,291
2518,1493
5837,1023
1482,409
302,2956
1338,2350
4163,1345
2741,1915
3419,847
3455,1258
3392,155
5482,458
5893,2244
2835,2489
1035,2699
5906,1917
5773,2327
2755,1971
5050,1932
869,717
2243,1796
5593,639
5827,2563
3939,674
2163,1278
4112,602
3885,1377
447,435
4965,289
5230,1526
37,2257
4271,2352
4923,63
4985,1695
4754,1008
5936,1917
5929,746
5623,639
786,1971
5140,2922
2385,1448
3927,448
702,2243
1172,2946
3653,1377
4646,135
3935,2029
820,1740
4288,3056
2827,1042
2820,63
366,981
409,2371
2040,2352
970,1684
4767,2532
2948,2500
4801,1362
2230,1695
5212,2394
3393,110
1693,2244
4267,674
4568,602
5084,896
5898,1409
2396,2926
5610,942
2055,2633
1248,847
5616,1696
459,2084
2904,2578
2599,1942
2246,2578
1967,3163
1057,498
5897,1157
1738,1613
1335,442
3938,556
4131,1917
4963,727
5376,896
4281,141
5859,1804
4682,2959
4286,2959
5896,1871
5457,1235
276,283
2186,433
2012,2532
472,1915
2848,2804
3994,1804
3362,3025
0,2859
4994,198
3765,1917
1234,925
3758,746
4993,727
411,2578
4611,433
5196,1086
3666,1157
1080,458
5741,2872
880,1336
1625,2244
5763,2631
1236,971
4054,2959
4085,2272
3302,880
5542,942
2634,192
1684,572
3279,896
5803,717
4762,979
1482,1377
2822,2872
5778,2350
1012,2394
2824,1255
5086,1076
4275,2554
2372,1131
973,2439
302,1480
4268,1383
4178,2621
1277,2850
4986,845
4836,1840
1035,284
4846,276
4121,3026
1831,1157
3727,1409
2338,2651
3971,49
4349,409
2819,480
2150,910
355,1464
5909,712
4307,2627
4574,527
4403,645
4093,1917
5297,333
3055,198
1420,1973
269,1131
7,1131
1698,1917
1347,936
4831,2785
3026,2651
245,3174
976,1932
5697,2145
3420,1235
1823,1804
3946,527
5159,749
2748,3057
2655,614
5427,1503
3678,712
5040,276
5707,739
5476,806
2594,1277
3418,2478
5911,734
286,2774
179,433
695,727
113,2065
1025,3113
3807,718
4352,2504
4399,2350
5166,3017
4008,250
1110,942
2238,2554
742,3175
2218,2087
800,901
2295,55
673,2257
411,2257
1187,2478
1743,481
4499,837
8,1086
5487,1503
681,3057
1168,3175
27,2267
5901,739
2680,1744
4605,2926
3970,2186
3617,2822
644,1677
3708,2186
2181,1996
2760,2612
4529,837
1471,1082
1815,892
3847,1971
5612,986
1699,3161
2451,2796
4163,487
2420,1231
4025,2243
4264,539
1819,1765
2196,1523
2972,1744
3974,965
770,1385
2993,2032
4046,87
3670,739
3274,739
3408,1493
5032,2747
1811,2062
1004,276
3294,2145
3041,1699
4727,421
5892,1915
5014,1417
5910,1932
1342,271
3893,1915
2833,1935
200,1390
3495,1088
2067,712
771,2145
3369,1915
5611,2804
5435,2578
3566,739
352,471
5458,2747
4694,2351
5501,1131
1903,2186
3725,2489
4439,1078
1223,2427
4043,1078
2059,2699
3459,2747
4777,1073
5940,1932
3316,749
4460,1366
4556,1828
977,2371
2440,1078
55,2355
5483,1464
10,892
3320,1622
4562,330
4209,966
2461,1366
14,1765
3488,2926
4513,1377
2694,1345
5724,1526
1660,1088
5397,1131
1986,1258
802,276
2149,498
569,2926
4424,746
2512,2243
4853,2357
5634,2922
4975,1034
178,1765
2915,2633
4651,910
2598,2926
3888,2614
1383,1345
1057,2084
773,2325
1902,1910
995,2926
3978,63
817,1873
1070,67
1536,806
2656,837
3516,1695
4588,746
3523,422
646,1991
4801,1793
1693,2675
645,1766
3159,899
5101,1496
4459,2029
5257,1255
3442,433
3992,2563
5355,100
886,1828
3136,2578
4604,1629
139,847
629,2926
4263,1336
4910,1147
2960,2352
4008,63
40,87
4222,746
4356,746
937,1766
3903,1932
4133,2394
3243,2825
543,1058
4490,2631
813,2639
2473,1860
5642,665
3283,3163
3004,1496
805,1997
5884,198
531,2926
3425,1526
1658,1684
70,87
1728,925
1284,3163
2373,1629
4339,2620
1577,1695
2396,2552
2528,1917
4990,860
4035,896
843,2639
2555,330
5050,2631
5227,49
545,730
4392,2631
4300,3042
5038,527
5425,973
1507,2804
5165,2554
4836,1332
4929,1523
4762,2349
1069,2578
1807,63
1934,1336
4339,1465
2232,1932
4995,49
5014,291
4592,3042
2422,2029
3974,1717
4335,942
1121,674
3392,49
2356,1409
5891,1503
3833,3175
803,1496
5223,815
383,910
5438,2689
5619,815
2984,1917
2626,2209
1001,3174
3346,2498
710,2244
5178,291
1072,2825
4494,3042
1423,1362
5177,820
4929,718
4762,1544
1706,896
2191,2631
2520,1409
2769,393
3086,100
436,1860
40,1860
4364,717
4861,1523
1347,1717
3004,2919
263,1151
3016,1990
3212,1902
3360,2554
3795,1728
4946,1072
5792,2032
2862,1523
5823,1345
1740,1419
1776,1076
4343,1533
3101,758
1697,968
5341,820
1819,2651
1392,1086
2333,2872
2816,1528
3244,2729
2215,2062
5594,2397
220,1804
1278,957
4234,435
2568,645
4643,2360
4975,847
1370,3175
1678,1076
2256,3002
2459,1641
3514,1277
5074,826
5243,2355
783,1917
1149,1486
874,1281
3699,276
3902,2325
2735,758
209,110
2162,896
2506,706
508,2621
3659,877
3932,1975
320,880
5251,903
3160,2627
1756,2837
4959,2946
3819,2448
4125,276
947,1917
551,1917
2399,435
2003,435
4658,739
4134,739
4330,2371
900,758
5110,267
1661,856
4180,333
4457,3085
2492,784
2134,1076
2712,3002
709,409
4541,1278
1196,527
1176,2504
367,645
3581,2633
3660,2926
4169,2803
2028,276
1326,758
5402,267
35,845
4653,1869
580,2631
3572,1766
4286,1109
3384,2469
4781,1088
42,1235
226,3042
5374,1602
4309,1278
5689,674
2244,1971
4763,1448
2256,1042
4874,498
4561,1
2804,847
3483,2633
4785,2146
3699,1699
1796,276
5607,268
4626,1335
5746,1366
4285,1042
2201,1493
2232,806
468,1235
242,892
5190,330
3151,2244
2748,1073
1399,1744
2306,2448
3854,2926
4270,360
4624,2578
4228,2578
3039,498
100,435
2755,739
5449,971
1464,826
3778,837
5847,1017
1153,2627
5525,966
3777,1366
1206,1699
160,2371
3436,1073
3606,730
5445,448
4975,1465
2998,847
1776,539
55,1042
5318,1804
825,2946
2938,981
4586,1131
308,2427
5881,1917
2121,170
5576,1281
4504,540
3428,27
546,498
3545,1366
331,1098
821,3177
1809,837
93,1684
1547,837
2163,1335
5707,983
4365,2825
5466,2614
4464,2804
2031,2347
4992,2923
1981,540
5682,926
2142,1397
4148,1255
2345,1756
1653,2926
5171,1353
5599,110
5387,1917
838,498
5337,110
1854,1869
2365,1819
4146,1367
2833,1695
2437,1695
666,391
1010,201
3369,1675
1703,2639
1772,2244
3415,330
3811,330
4058,2651
4344,793
3101,1860
5372,1235
3632,1496
4711,1526
4384,1131
5679,1917
3826,49
276,2084
5527,1523
5625,2620
2600,1285
1012,2906
2405,63
5798,296
3623,1383
5901,983
1816,422
4414,192
3194,2209
5321,896
2019,27
2227,3174
2540,1419
3846,674
2168,1813
1540,2244
4208,1255
4547,721
1823,2532
2943,2563
3239,639
4438,1717
35,1813
4992,3057
1318,330
5946,2796
1746,1531
4673,79
5557,1523
4473,957
3024,458
4543,198
4106,1917
3844,1917
5072,727
2460,1813
2464,1932
4711,721
5602,892
3249,926
3555,2164
3610,1871
4470,2729
707,1465
4064,2041
824,2804
5672,1072
3874,1917
4056,645
3703,1281
4257,2621
5738,2631
213,1869
3442,2637
4082,1277
5632,892
2841,727
1048,1916
2347,192
2481,192
757,1932
2021,2651
5751,1523
2537,1255
1198,2614
434,1464
4873,1025
3966,2041
5941,2586
4122,2554
5490,435
5132,727
4736,727
887,1409
3428,645
2377,973
995,942
2564,2297
5217,276
249,2815
4955,276
140,1367
2626,896
1776,2446
263,1932
4356,856
4304,2386
3495,527
5575,2586
1246,2631
1179,1409
2522,3175
2076,614
5040,2427
3636,2637
3710,2586
1024,717
3534,2360
2035,1744
5947,2350
4273,2699
1917,742
3827,892
2724,276
4298,477
2723,3057
3738,820
2764,614
2093,409
4849,3017
685,1409
5317,3085
1177,1871
1458,1332
5489,2788
5682,739
3481,605
4837,2633
2751,2257
2489,3011
4041,2699
4791,1699
792,1656
4969,1971
3293,1493
3716,2350
1770,291
127,2959
3446,2489
5070,333
1995,409
1795,2041
2703,1627
2909,1503
4471,2633
4464,1462
4605,2633
4288,2926
4223,87
3961,87
3735,498
1558,758
3473,498
2621,1975
117,1086
657,276
4903,2448
1747,2350
4924,2736
4556,2340
4318,2926
5870,2614
3592,2822
4827,2803
116,2554
1673,2586
1964,1072
2707,1345
649,3017
3151,2325
1707,2170
1593,2822
5495,458
3323,2782
4018,1129
425,276
2402,1648
5320,642
1412,3161
1834,2130
1278,717
2916,1869
5495,1397
2047,3177
3974,1022
2778,1935
503,1098
5663,981
2437,1642
1141,1385
783,1677
4124,966
1686,3171
4100,380
5705,2146
970,749
1684,92
718,2191
3667,498
4565,1648
5773,1526
4418,2352
4062,1027
717,276
1930,498
104,1739
3547,1335
4056,458
398,1462
2261,1766
1191,1098
3078,1042
1999,1766
3690,2552
5476,192
2533,2639
2003,195
5153,2922
5881,1409
29,2504
1091,867
4391,155
3828,981
5407,1526
1183,3085
4309,1254
5476,1131
5214,1131
3622,2044
3021,2578
3110,1869
3542,1526
983,1684
1609,2146
776,2145
4914,2532
1686,2366
2825,2639
3508,1915
3119,642
2195,2243
5694,2872
1974,2244
1174,2191
4524,1034
5923,480
4735,1254
2677,2926
3227,2804
4003,3025
3313,2578
3755,2923
4524,1973
599,2633
3176,1526
337,2633
1409,1684
2892,1767
4640,1367
751,1684
2205,837
4674,1917
780,170
3975,1916
2461,268
5606,2651
4701,330
1626,2850
2641,1367
1742,2244
385,3054
1885,2552
1522,2500
1606,3137
1284,642
1385,1448
2636,1962
1190,226
1995,1377
2470,2424
3215,2578
3602,1526
5691,1419
5727,1076
5809,1640
1003,1531
4442,1917
4046,1917
5875,193
4254,2620
1685,1336
2034,2244
5365,845
5425,896
3324,1932
1230,1695
5543,2837
3113,2651
100,2639
1153,1448
2433,448
1082,2736
476,2926
104,1068
4598,336
1320,807
4429,1281
485,1699
588,2578
1109,1526
2079,2552
3980,2394
5331,860
5835,2837
3801,2651
320,319
58,319
5691,614
3854,942
2445,808
3624,1419
430,837
5939,2032
2594,1281
5553,276
1838,746
654,3174
1425,3051
3971,2631
1746,1157
342,1367
1519,1932
2880,1086
942,1362
1238,192
1822,2872
1068,3164
5440,1503
2153,1696
4436,2586
2381,1523
2362,1281
1655,1419
2405,1917
4881,758
5187,276
1429,1076
3337,2651
422,3174
5333,101
265,746
3,746
5426,1231
3922,271
5575,3017
3624,614
1941,1409
3517,2437
2835,1851
230,910
4545,435
2435,1917
5177,877
4561,379
3215,2257
5691,1098
4901,2699
436,1917
40,1917
174,1917
919,2825
2729,1051
201,330
1815,896
2233,1409
808,742
1841,1528
2211,307
612,49
961,957
1885,1076
1924,250
5148,2926
3699,2427
4485,892
252,645
4507,2371
4591,3008
4846,1837
4405,374
1583,896
607,55
4845,2366
1384,3130
5856,2639
3574,1385
5697,1828
1846,717
323,1235
3623,1277
4273,2325
1578,902
513,1332
5364,837
3867,856
3624,1098
1413,276
1285,276
5490,2639
3776,1869
359,1804
1577,2370
128,1117
262,1871
1361,1025
3794,2448
3398,2448
12,942
850,2041
3119,3033
1605,1385
5208,2926
2563,2586
617,527
5716,2578
4505,739
1296,815
1662,1138
5540,2352
4033,1683
4836,2007
512,2396
302,2586
1181,276
1444,3130
2201,2355
2924,498
4541,1335
2605,718
2066,2130
953,826
1655,1098
5020,781
359,3093
882,2114
5634,2926
2382,2366
42,942
4882,847
5584,1119
5778,1362
1411,1677
2593,2586
5607,1480
889,2504
5614,207
1959,728
4791,2614
4144,2803
21,1004
4909,391
4267,170
2820,498
277,435
1323,517
5646,2347
4309,1335
3895,1695
230,1528
3592,2448
1042,1406
4380,986
1577,2504
3034,1366
5482,1377
5881,1840
5217,2614
5098,448
689,2981
1324,1277
5186,268
2722,498
2042,739
3774,1526
3065,837
5417,1332
3536,422
7,1082
43,739
5005,2327
5344,1793
889,1699
822,477
1603,1042
3851,433
5738,1131
270,903
2403,2788
166,2243
2057,1397
4643,2096
5001,1804
5715,1147
2867,448
682,847
286,847
2724,2614
721,21
2741,2029
4155,63
5430,1917
1643,67
5065,284
1157,2803
291,2130
3290,2244
1230,837
3162,746
374,852
2934,330
2977,966
164,1042
1289,1417
3543,1377
3832,1480
4947,1167
5740,49
2754,2614
3528,1254
188,847
2311,2044
2686,1167
5544,110
3828,957
3737,2532
2429,2450
5719,1804
5101,2923
1672,781
1257,539
252,458
4316,896
4791,1943
5770,49
2910,1033
3032,1962
3020,639
3488,2959
3577,1496
2574,2804
3558,1254
5213,131
2800,1804
2079,2044
3636,2076
2703,1871
1206,1890
494,1684
3725,1367
2343,1336
3885,336
1672,1131
607,807
5445,639
3082,1675
315,2850
690,1973
1416,2639
1514,3174
4429,2651
3403,2255
127,1109
3074,1033
3115,1034
3577,2785
2830,1804
2966,2631
2682,2872
5898,1523
2346,2923
42,1910
2795,2749
4410,2759
425,2614
3350,527
3386,746
5101,2118
2095,79
30,1526
381,63
3433,1501
4995,2631
50,458
2844,1860
4105,3062
4903,3042
5194,1528
5431,717
4328,101
1905,1086
50,1397
3307,49
4415,2729
3233,1820
3656,2677
669,880
2897,1871
4951,2709
5749,2689
899,2096
4278,1677
5682,1467
3514,1281
3507,110
3252,1281
1660,2194
5247,2478
2599,901
489,2383
5360,2355
3906,758
280,2209
1738,572
588,110
5805,527
1429,2446
3545,752
537,2804
3935,2627
829,172
2914,2575
5517,2689
803,2923
2313,1419
666,1871
4057,1277
3458,2446
4693,2427
5395,2699
2816,727
4560,2837
3159,1066
1063,2446
2964,2288
5600,2350
5932,837
3084,892
3483,409
4457,3089
5181,2366
309,2923
600,1409
1159,3093
3966,2448
5119,2427
1257,1157
2735,896
1867,1086
3510,892
803,2118
736,896
4949,2366
474,896
4009,1744
951,1235
4901,2325
3459,2243
479,2179
2748,3171
5627,739
1748,1744
4084,1514
4910,1098
1257,2446
3540,892
615,727
4212,1699
4909,1627
672,480
635,3042
2256,2335
1163,717
1190,820
3086,1072
1360,1231
3277,2360
4154,2633
1912,1744
1877,2689
977,712
581,712
2467,276
1500,487
4504,1699
4731,170
383,727
4946,2044
5443,2850
324,1086
4419,837
4773,1335
5148,458
984,2822
1182,1117
3895,837
2897,2489
5574,2552
4366,422
1047,892
128,2837
1981,1699
2748,2366
43,1975
2656,333
4920,981
2833,1915
1513,1072
4570,602
2631,276
1612,1051
3186,498
5836,458
3038,2320
2671,806
2531,2489
98,2032
5258,1915
3121,1042
1749,1699
1121,2130
1398,718
3991,144
1458,1523
1926,837
429,856
2834,2675
5583,2614
4850,1531
5268,1290
4862,602
1252,2586
204,1677
4544,2922
5634,2552
4426,422
1613,498
4596,79
5759,746
4350,1366
1129,2371
5555,192
4875,433
1614,319
3491,329
4912,1254
717,333
2735,1514
1028,1915
1611,21
4610,135
3369,2029
1473,87
3046,63
2120,837
3790,746
5323,192
2508,2639
5639,2872
1874,781
4699,1496
4284,1254
3661,2029
1474,847
3161,925
790,1346
4904,1147
3403,458
180,636
2814,63
1121,170
3961,1917
2636,3174
2374,3174
958,1869
4263,2255
5407,2872
1417,2383
987,1109
926,3085
1008,1397
1727,330
3468,2923
5144,957
2351,3163
4978,1419
2829,721
5348,198
1943,2614
1285,2614
2627,1526
2300,1131
4513,336
4733,2554
3083,79
4246,746
3991,1917
2666,3174
3679,110
5288,1086
5026,1086
3665,1932
5444,845
4100,1860
4502,1840
4280,2959
3528,880
2420,674
2796,2651
4167,49
282,1828
2769,1767
5534,1677
3641,1696
3133,3175
4105,110
5724,1774
3967,2620
4354,814
5081,2082
485,817
623,27
2639,2825
5072,276
3468,2118
2606,433
4612,291
4241,2041
3914,892
5020,1025
739,2804
2281,1804
3072,3057
4696,2621
4943,2498
495,1131
1672,1696
3198,2415
233,1131
973,1695
3583,536
1941,1332
802,1813
1917,746
1953,1157
733,3174
3565,896
1923,2446
2563,1086
4471,409
4899,856
659,192
4344,1765
177,448
1966,49
1054,721
1472,480
116,2424
5088,2448
5776,2822
4807,2206
5597,2325
2350,1917
2398,645
1508,110
3130,2257
5325,856
3757,2355
4182,1595
4648,2334
2318,100
1752,1409
3192,856
3722,856
1199,2923
103,1034
5421,2257
2594,2627
1732,942
1336,942
2988,2554
3846,2585
4574,1072
4985,2858
853,973
2331,712
2838,2206
5837,2320
2499,296
2724,2858
3297,276
5621,975
2856,2785
2835,1908
146,330
1102,896
2142,409
3423,3017
2347,814
2099,712
819,2651
3532,2371
989,3062
1839,2478
2243,3093
1066,276
2172,409
3877,1093
5303,642
4651,487
587,49
1199,3057
5257,2926
5854,1684
2633,2689
2767,2689
5883,170
2118,2243
263,2554
3491,276
1889,2191
1355,2257
3958,2371
3636,2320
1093,2257
697,2257
2004,2114
2489,1405
1522,2370
3048,3089
2258,718
5276,1828
4663,847
599,409
5153,2926
337,409
4131,986
3857,1915
3986,2325
446,2796
1117,1503
4472,498
3431,1514
4019,1684
3666,2320
727,2257
2303,87
5329,1058
5705,1345
4891,2552
1520,2832
2693,1935
5823,2532
1079,3089
2178,2243
4473,1258
555,3089
4502,498
3056,2926
5387,2352
103,713
447,1277
3159,2115
5282,838
1018,2032
5781,27
5725,2347
3846,2264
1033,2340
5719,2532
4659,2552
5503,433
3662,642
3266,642
4558,1157
5305,448
1032,2088
5643,2133
3007,2633
307,2586
651,2396
2849,2424
968,1514
2048,2146
3524,1058
1349,2145
4680,746
5635,2430
10,498
2608,268
3071,2244
3136,2639
1665,1627
2747,1366
4850,1157
2074,334
5515,793
749,837
1451,1109
3807,1531
5942,79
5794,1147
1461,2736
3531,135
4489,1336
103,847
5447,1039
5106,746
4851,1917
5247,1917
5059,2620
3524,2347
2794,781
5347,2498
228,734
4620,2923
5289,49
3611,1942
1713,2583
4495,942
1019,2926
2571,2614
1442,1531
93,1448
1878,1869
3041,284
5014,2446
852,1473
2268,334
2226,2552
4074,1070
2966,110
4146,192
1632,1813
4657,896
942,1366
3999,896
1898,1932
4126,2923
776,1828
4909,1871
3503,1254
2467,2614
3102,910
3606,2133
5383,973
4793,1696
1467,433
1599,2804
928,155
2110,1064
2156,1409
4995,110
234,498
5160,2621
3004,752
1237,910
4215,901
913,32
4438,2636
668,201
2996,110
2784,1917
2722,1039
4358,2118
3336,2430
2811,330
3747,1964
5275,1066
218,2624
3024,1377
4770,2062
4818,3042
4508,2062
4267,2939
5294,527
5440,2796
5798,2504
946,330
2291,2923
3929,665
3034,752
2043,1131
3202,336
1608,422
5730,276
319,1336
3022,2620
3849,1086
4800,2062
5431,2868
4980,717
3075,2631
4126,3057
93,1932
4117,1251
2228,480
2340,721
2746,1409
4093,665
4659,1076
5729,1744
400,2614
4438,1831
190,2804
1153,1131
1940,198
1713,973
3879,1086
1241,1917
1655,968
2553,2118
321,1917
3991,738
3604,100
1618,1086
2879,2288
3275,3042
1351,742
4594,250
2066,2939
1999,1717
3107,2677
1579,1131
273,1876
2553,3057
4215,1385
4349,1385
4777,2586
5173,2586
842,1804
2382,3175
3099,1281
1770,1076
1106,1850
1397,336
3766,2498
3788,2257
495,1696
4965,2822
1355,2554
1429,2503
2499,727
3925,276
3357,758
1407,1963
963,983
2993,1235
3029,892
2244,2837
4513,1385
516,2923
2448,2832
5359,847
1800,1076
3187,3171
5413,329
2942,2586
2625,435
825,645
2081,2257
3502,1462
940,1157
317,1932
2803,2427
5354,2351
3455,892
2066,2134
5645,837
4060,477
2535,892
2012,2837
3664,477
902,1804
284,2923
358,2872
812,3042
1302,2677
801,409
2859,2709
5424,87
5028,87
4536,1345
1306,2796
2259,435
4069,2633
5937,837
5386,734
4293,806
2531,2062
4993,1971
3405,374
5877,971
2308,2956
400,1943
503,2822
3187,2366
666,2062
4611,1088
2336,1971
4218,2325
450,717
954,250
4099,2633
4178,2926
3030,847
3575,2633
4664,1099
1577,2858
1537,1739
3497,498
1736,636
2691,2320
5249,971
3182,837
691,1718
775,2355
5257,2552
3263,267
852,2575
2337,1041
1313,718
5325,966
5495,1377
3623,21
4208,2926
4001,2633
1740,2448
4677,1684
3722,966
2961,87
1213,487
230,3171
817,487
3955,1699
230,727
2654,2788
2678,1684
2385,2371
315,276
2723,2366
4065,2244
4727,1397
3366,2243
3741,1366
3278,144
1325,1078
4165,2825
868,3054
3050,1448
5806,1804
307,3017
4703,1942
5188,2923
3161,498
2032,2633
4635,2747
1715,2926
5032,1629
3900,837
992,87
4,2427
5711,1917
969,2355
5251,1932
1536,1648
3771,1366
4838,73
5772,880
5085,2394
646,2833
2475,1109
5097,1465
3933,2825
177,1042
695,1971
2496,1397
104,1503
183,1796
5324,1629
859,847
331,2448
1879,2926
4293,135
4446,1131
5517,2209
930,498
1828,1648
745,1684
4757,1932
4850,433
717,390
3826,110
4576,1362
4032,2430
64,2454
1406,1366
1065,1073
4945,2922
430,333
2171,2926
4165,2959
2281,2532
1023,847
2941,2578
4833,614
1417,1151
2474,79
3718,2620
3938,674
3807,1157
5947,49
5441,1409
432,1695
3030,1465
3933,2959
2641,192
3441,807
521,986
1715,966
3373,1804
4765,79
1356,1033
3283,2850
3800,336
861,1993
996,1629
5442,2923
5934,2631
4803,721
1713,2209
3521,2614
1236,1089
4598,1255
4696,100
1442,1157
5840,717
3181,2923
4949,3175
5642,1641
2953,63
5389,1195
2039,100
4057,1281
4184,2554
2596,957
2816,3175
1990,1147
3788,110
1026,1629
1019,458
1721,730
1552,921
4890,1255
5072,2427
1206,284
5017,276
3033,2651
4449,758
1868,1157
4302,1462
2067,2306
3211,2923
1817,1377
3873,3042
4344,2627
2310,721
5361,1025
970,192
574,192
1677,808
1660,1393
3743,717
4202,1231
2543,3174
4648,2257
959,1696
1599,336
1473,1917
595,1419
1374,1157
1868,2446
2852,896
3666,1409
5125,1098
4844,856
489,1932
847,2394
2189,2272
334,2583
1000,192
2278,1563
342,192
540,2651
5239,1385
5015,1677
5173,3017
1114,2923
209,602
2845,856
4027,1765
4309,697
5364,333
2748,3175
4279,296
5473,276
1899,1917
4815,276
2487,2087
1587,110
625,1419
4264,173
2882,896
2672,1086
1770,2446
3919,892
1324,639
2248,758
2554,276
3211,3057
88,433
4436,2350
3795,1765
2181,2919
3024,198
4779,2689
658,1717
634,1131
3159,1554
5003,862
4565,636
5477,1684
1800,2446
5556,2731
2846,276
3627,87
2980,276
1235,193
1047,896
1702,3042
986,2872
2794,1025
4965,2448
3086,2365
2458,2796
3831,267
5789,1397
890,131
4025,1072
1117,1076
1941,1523
1552,250
3890,847
3095,1138
419,1677
2057,2637
2437,2858
5737,2146
2571,2858
764,2651
72,815
1789,2822
5548,2624
5560,1695
4954,195
2853,1231
3202,1385
4301,539
111,1682
5202,2926
458,2729
4544,2926
4102,329
2902,2032
5257,2044
2862,2633
3903,2371
5403,1869
1552,2478
1175,276
2620,67
5667,1915
211,758
4791,2244
4488,2243
2527,815
2764,2448
98,1231
3186,3080
650,1744
2971,2926
3702,1684
3306,1684
503,2448
100,1277
2156,498
2627,2335
3694,1042
3814,1336
156,2340
50,409
5598,1532
3356,1397
185,1765
4300,448
1191,2448
2751,1997
2278,87
1882,87
1042,2325
3375,2578
400,2858
2186,498
1924,498
4064,1110
4208,2552
3134,422
2917,2639
4333,746
434,2627
1337,1869
1318,1627
2393,2639
4449,1860
6,837
101,2417
4956,910
3925,2614
4338,2029
790,2639
3529,170
3405,2578
1803,329
4836,27
770,2926
2143,1151
3363,2352
1470,2371
4221,2383
3863,2675
915,806
5896,192
4316,2620
5159,1619
1048,1335
2230,2244
2537,674
1917,966
2397,2357
4302,1409
3307,2578
5635,2487
5294,2194
934,2926
3105,1131
3387,63
381,498
4350,110
2531,78
547,1699
1784,63
2289,730
3676,2825
5883,2939
1795,1915
3235,1362
4331,807
5174,1496
2985,433
461,1366
4699,2923
5294,100
4810,1973
2824,2959
742,73
2965,720
2533,2029
5160,1039
4960,1917
4898,1039
5075,2621
149,498
252,1377
2174,2850
861,2424
4763,814
3882,3051
769,1869
5456,2498
4346,1465
2171,2552
1892,3137
4206,896
3149,433
5174,2785
4362,1409
3809,2923
4863,2334
1150,433
2929,100
2072,2923
4990,1917
2144,2045
786,910
4181,435
3725,192
1149,181
5325,860
3712,896
885,1828
2743,1034
4749,892
5148,409
1442,433
3749,1717
4294,1251
3645,3057
1737,1290
50,1377
5375,3017
5666,1503
263,2424
1464,1131
3597,3016
3595,2189
4973,758
3949,435
2192,1281
4078,845
3809,2118
3742,896
4793,3042
4824,2355
5827,1047
3101,2031
902,2532
1036,2532
1877,896
3809,3057
4898,1523
4836,645
5034,2350
1684,1255
4636,1523
5438,713
732,808
1098,1131
227,1804
2527,1917
521,746
612,110
1756,727
1856,2651
689,330
2517,1579
2567,942
5691,2448
3299,2554
2566,717
391,1804
129,1804
3570,3017
1977,1076
3895,333
2461,2586
4290,862
4770,2253
3636,2324
255,1916
2540,435
4133,3130
4508,2253
4898,718
4557,2145
2726,3042
2330,3042
1609,276
331,3042
787,3093
978,409
2571,2350
2934,712
3763,2257
4252,2448
4950,1258
335,717
722,1917
2570,435
3588,2633
5578,1766
72,1246
2035,276
5882,2177
1823,2837
5389,2244
587,2631
481,892
1909,1076
2403,2365
3624,2448
1117,2796
4054,2032
103,717
3441,1051
1980,727
992,815
2150,1138
1880,1277
2265,1088
3435,2926
3490,2633
4531,2371
5074,1078
2689,2355
5815,2244
522,1051
4428,1869
4956,268
3664,1473
2270,2371
5424,144
38,480
236,2939
3157,1642
5896,2583
2128,975
3004,2366
4050,2448
5144,1258
4748,1258
3117,2243
343,527
3163,144
3388,2706
5148,1377
2713,847
3599,2926
4330,1684
453,1072
3046,498
2211,3080
1521,2633
2646,3008
3773,1766
3389,837
1840,2386
2140,1335
1018,1231
2427,3085
2545,2552
1161,2448
4265,2578
1725,2032
2530,739
3130,2424
2361,1684
4279,1695
5232,2552
5268,2209
3697,27
5199,160
5300,966
3211,1073
465,2371
4680,2978
874,1078
1806,1058
5355,1804
2942,1033
3355,448
442,2360
2780,2957
4554,1526
937,87
4247,63
694,329
413,87
845,498
5394,1917
5387,746
583,498
5070,1793
5161,1157
3805,2347
1572,1766
106,1098
1584,837
1322,837
4768,2394
642,1078
3199,847
256,1042
746,3121
1142,3121
3635,1377
5149,3025
3736,1429
4598,2922
3684,2959
3555,859
542,847
846,1258
2864,2439
5424,1917
5837,1332
1095,1962
1637,67
1936,2578
1621,1254
494,806
2025,1869
2343,458
2457,1526
4702,1932
672,1078
4521,1362
2435,986
3799,1377
1082,195
2343,1397
5927,2164
5056,1871
4748,1526
5706,2919
5456,1990
5463,717
246,862
8,1448
1909,2044
5414,2518
3935,2554
5079,727
4072,2825
4762,1020
82,3090
2881,110
541,2850
770,458
949,2675
2249,3051
2538,1464
2713,1465
2434,2804
1701,967
2599,2117
3318,1804
4142,3005
3631,49
1717,3163
2517,1526
3105,1696
3881,1917
954,925
3173,110
3314,1281
3357,1917
3307,110
4931,2118
1121,284
4536,276
1217,746
4945,1235
2908,1532
370,1813
1170,2620
2730,2923
2341,896
1610,448
622,2788
3399,49
2554,1943
5830,645
5503,250
1647,2959
4744,198
2727,1871
93,192
3135,1696
4002,1281
1087,1804
1722,100
4129,2554
1460,100
2048,1024
241,63
4167,2257
375,63
850,1110
4962,276
5407,892
5663,2575
3445,2272
2633,896
2423,1086
2841,845
4226,393
5425,717
3542,892
1639,223
4421,2554
1277,3025
3187,3175
2226,3174
2012,1902
405,63
5465,2186
4785,2427
894,1917
3143,1533
1319,1157
2222,2651
4791,1683
4789,856
1506,983
4057,2627
223,2651
89,207
885,1804
3404,527
4729,1744
4460,3017
3295,1523
4083,815
5211,2427
1157,2677
806,1696
3380,1072
2461,3017
3925,2858
4760,276
5907,2130
4076,3027
740,1076
2355,1086
3998,892
4483,2627
4221,2627
317,192
415,727
2237,276
5776,2586
3909,820
5349,267
5805,1072
5910,334
827,2923
3721,1523
543,3164
3332,250
1569,527
3410,1072
1696,2554
3102,727
1467,250
338,1419
683,1831
3310,87
2847,2837
4633,477
2005,276
663,2118
5536,1971
1193,2872
2724,1683
2500,1975
2032,409
4910,2448
3468,2366
2499,2504
969,2575
4364,2689
3708,1072
1882,815
3573,847
1727,712
2955,276
3510,498
1032,1584
2240,1462
2381,2633
3251,2489
3533,1421
2836,1493
1239,2062
1535,892
2416,2627
220,2837
3498,2366
3236,2366
1918,2350
1260,2350
1458,645
1654,1523
4751,2926
1265,250
3603,847
1361,712
2975,1278
3458,2186
2792,2325
2986,3130
2411,2633
3390,739
4952,1869
4687,2352
5410,2747
3608,2130
5139,1695
1240,2822
5146,422
462,276
1490,718
5822,1910
3838,498
2575,2633
5868,942
2234,2340
3163,2803
489,2257
5790,1813
249,518
4509,2588
4927,2347
5223,1177
1033,2320
4950,1018
5251,192
5363,433
2570,2639
724,2504
2773,1278
104,2796
5057,2578
984,334
4480,1254
5275,1717
3019,1684
1271,2084
4989,1131
5333,1695
3748,3025
1303,87
1211,498
3861,458
27,2926
4301,730
5562,1932
455,1683
3636,1279
1636,3121
4473,433
5707,1532
3351,2049
4483,1151
5608,1526
4221,1151
2527,67
1326,3080
2915,1869
2244,910
5543,727
3334,540
2236,268
536,1648
4612,1157
2437,2244
902,1971
5161,433
5239,1255
3445,2219
2094,2255
2861,2922
4699,752
404,2633
1782,448
2670,910
3050,1131
5835,727
4897,1676
3725,2209
1552,925
4217,1917
5609,192
4167,110
5767,1532
1142,2747
4263,572
2339,2244
4612,2446
1065,2500
3214,192
3610,192
1199,2500
4344,2631
4252,3042
4202,1235
749,1890
2973,1419
1280,1526
839,63
2286,2209
4046,880
1628,2209
3576,2651
563,2639
3180,2651
4770,2631
3274,1532
4150,2923
4287,942
2893,1840
5116,2487
983,192
3822,3057
838,1531
4623,2554
5948,3017
1357,2096
1185,2578
3661,1419
1107,1167
2750,973
1846,1506
2278,1917
5017,2858
5590,276
5301,173
4643,173
825,3174
691,730
1991,1860
762,2825
4184,3042
817,2532
809,1890
4093,645
208,2424
5819,2206
2004,752
944,1526
3050,2554
1928,1696
2265,527
854,320
2180,1917
1010,79
3670,727
894,2348
3602,34
4727,409
1876,193
1155,433
1015,1362
4456,2575
2880,49
5746,3017
1649,2631
5379,1503
3495,1076
4462,1831
709,1255
5513,2257
5705,2427
1102,957
4157,2134
4933,2355
3785,276
423,110
1906,193
4409,2355
1305,727
2559,758
4106,856
1246,1086
4630,1765
979,742
762,2959
1397,1255
3814,2145
2012,1528
2325,527
3545,1728
2564,2041
3001,2796
4713,487
1853,717
4088,435
5311,1345
225,1973
1660,1076
837,2729
4132,2427
3376,2858
1827,435
187,2620
218,1933
1417,2257
4314,374
1609,2427
752,1086
2660,409
3587,2489
4358,2366
2964,820
2778,2350
5888,1514
4181,1915
5227,1997
98,1235
2419,2417
4626,87
355,2554
2308,2586
4116,739
2794,1513
1328,845
3988,1493
5177,1129
2606,1462
92,639
1446,2032
1718,276
3306,2627
5668,1366
1574,1251
2150,2350
440,3042
581,49
3569,2448
3949,1915
4663,1258
205,1455
4997,380
310,717
5071,329
4883,1032
4698,498
386,712
628,2689
5303,837
4821,2783
1825,2186
3320,2094
4225,1971
2019,739
1730,636
1800,2129
2314,2350
5939,674
3717,1915
367,820
1580,1042
3899,1397
4198,1464
705,815
2262,847
3203,2633
4877,32
2155,2478
2022,3080
4479,925
5594,612
3157,1699
5767,540
3060,1766
1990,1098
1575,856
1315,1683
403,2355
1707,975
3670,1695
4021,986
4405,1915
5568,330
4857,1258
2234,3121
1508,3017
811,837
1325,1058
2540,1915
3608,1756
4969,910
3938,170
4614,2439
4724,2045
3891,2044
3371,1254
4541,648
3090,1766
5325,730
194,87
3938,1109
2839,1366
5141,2306
5464,2959
130,1765
2895,1675
3583,2049
3445,1361
5673,100
3154,1377
3842,997
2499,2614
4388,1695
5601,1917
5618,1332
5735,1917
4945,2552
5198,746
5289,110
201,2355
662,498
2188,1971
2663,1675
4924,2614
777,421
3105,330
4741,1409
3667,1531
4584,2923
105,2243
413,144
4336,1131
1930,1531
4989,1696
3115,1957
5648,1332
4331,2450
1970,1869
648,391
2955,1675
1895,1695
3101,746
3049,556
1313,27
2796,110
4792,1532
4487,896
4972,2631
5010,2923
1768,3051
510,1366
5092,1235
3299,2424
453,2552
682,160
3333,1254
4104,1131
2710,2029
2483,2804
5250,2575
5356,527
5605,1231
1221,1377
460,498
4677,1932
2735,746
2914,2209
3301,1157
319,458
4644,2923
2010,1244
640,284
4910,3042
483,2552
2262,1465
285,1813
5438,717
319,1397
179,3080
867,448
462,2614
3514,2554
4658,727
2906,1917
3319,1332
1977,3174
5518,1585
4134,727
3664,2498
4337,1086
4681,896
90,1695
2989,639
5550,527
2286,896
3750,737
1711,2651
2024,896
4053,1677
4560,727
520,1629
1745,3174
582,63
5027,2822
1417,2554
1387,433
2712,896
838,1157
4644,3057
1464,1619
1911,3062
4781,1076
3490,409
3526,820
5090,1831
4637,3017
3472,1523
1247,49
3888,455
689,1973
5555,847
350,63
2949,435
839,1917
1257,2430
2143,2257
2816,845
1771,2651
5080,1493
2564,1533
3135,3042
4267,1390
494,192
2823,1235
1555,2272
5901,1642
1940,393
2017,3057
4247,1677
5156,2427
5748,87
1133,1990
2857,1004
3017,3171
1544,1332
3438,195
4047,276
2755,727
3990,1462
5115,1837
820,712
4679,1684
1365,2498
2444,276
2934,2355
3419,892
4219,1699
3508,2627
3431,717
5294,267
2318,1076
988,1235
4066,2396
4809,1915
726,1235
5857,380
3198,2586
1295,1917
1883,2087
3899,2633
3343,2186
786,727
5042,1335
2417,2371
2066,1390
1099,2355
622,1235
756,1235
2427,3089
4290,2639
3228,2586
1507,3089
2142,1385
2708,1796
3384,847
2105,2257
4063,2633
3547,87
1014,712
4677,806
3455,498
2450,225
2560,2837
3305,739
1092,1534
3847,3008
4182,1766
2697,856
2970,2146
3381,734
1951,477
4366,540
3490,3121
4557,1828
3760,730
21,614
4038,2926
5091,981
3788,1997
2165,1345
5503,925
2356,2633
5031,1869
5284,63
2904,1684
4822,1695
4096,837
407,276
2896,1042
1831,718
3257,267
3371,1335
3520,3121
4052,730
4631,1346
5555,1465
3879,21
4574,2532
3316,847
1406,3171
3894,329
5155,1531
1846,2689
5898,1804
4843,2922
899,1088
3638,2029
5314,63
1480,87
260,2858
3876,2352
626,2427
2647,1627
3118,458
2115,1766
3749,2018
648,1627
1926,2244
1857,195
3118,1397
5716,1167
4312,1377
1323,2705
3849,155
1832,1828
1173,2946
5196,1131
3360,1684
3389,170
954,2084
465,2859
1134,739
2773,1335
3955,2244
2699,2352
2157,837
892,2145
1067,2146
4038,966
1956,2244
829,1042
1565,144
2872,1
4202,808
1249,847
2820,1531
3508,1151
316,642
3167,2578
1981,207
1055,981
1497,2080
3574,458
5948,712
2746,1767
1346,2850
886,2865
4146,1034
5488,1666
5799,1528
3980,1496
57,539
3202,2922
2733,1131
940,2320
3015,63
4424,1917
5000,3016
1242,2096
4871,916
3716,110
5488,2016
5803,896
2441,730
3702,1932
1484,2383
4063,1157
3667,1157
2822,3051
90,837
4539,1086
3854,983
5855,2749
731,3085
5034,2785
717,935
3631,2631
947,1397
5045,665
4818,1440
3935,3042
208,1997
3544,942
1142,2804
1265,925
308,2578
3042,3175
3470,1932
1283,1696
5505,276
1528,746
2519,2087
246,2639
2863,2651
3219,1532
4821,3027
5688,892
4227,3042
3965,3042
3082,480
5878,2709
5453,1025
1442,413
3085,1717
3923,2816
98,674
3415,131
4681,1677
1040,2096
2888,614
23,1254
4954,1277
8,1131
1961,1917
1942,1675
5328,2427
1911,110
1558,746
5920,87
4820,1462
4753,240
112,3174
883,3051
3018,845
3984,409
546,433
4209,527
93,1619
5399,3017
3236,3175
1343,942
1023,1526
4075,712
3034,1728
1948,527
2125,1917
5041,276
1061,1229
2566,2791
871,2825
289,1157
1894,2923
5495,1385
2489,100
2582,291
3447,1493
2387,2267
1255,721
5931,1915
2369,2627
4991,2791
2374,527
2404,2621
1941,645
3933,605
2499,2858
5109,1699
1474,2872
1799,942
2375,2041
2745,820
2896,989
4924,2858
4941,21
1343,1076
5345,636
4142,2822
4782,1462
4923,2633
1874,712
3567,2325
3608,2134
277,1281
4339,892
1747,2822
5329,1042
1100,2257
3693,1683
57,2446
3714,1971
367,393
235,1405
3913,87
4479,498
2581,173
2820,2633
5468,1766
4289,374
3994,2146
5816,1695
1891,2355
3756,1042
1894,374
1472,2371
1527,2832
3152,1278
5855,2562
5426,1890
4070,3080
1322,333
1160,2257
4219,2614
5659,1869
2715,1462
3532,1684
2085,1258
2885,1873
1090,2427
3334,1699
2721,718
2325,718
2743,477
5112,2639
3603,1335
2853,837
1230,1683
139,892
4602,847
3662,1915
100,2627
2583,195
3844,1397
3978,1397
1875,2360
5635,320
3277,2454
5032,27
4696,2552
2471,1078
4470,2209
5160,966
1672,1627
2950,2244
288,1523
4279,2614
2672,21
2861,2926
3901,2439
3266,1699
3312,2044
3708,2044
4152,1526
1273,1514
5854,192
5417,1157
2361,509
520,718
4890,674
2584,2244
4532,1932
920,837
1360,1109
1857,1915
169,2366
4255,2563
5117,1804
1328,2325
1703,1448
4057,2578
5356,100
3795,2578
1811,981
1288,2926
1792,739
2069,2737
536,847
140,847
4464,458
3357,2352
2734,3127
4838,110
4881,746
4965,1383
5440,2430
3277,2588
4314,110
5558,207
4997,1860
938,1766
1068,1058
1825,283
1145,2244
2788,330
4006,896
2343,1377
3649,2352
340,1258
4782,336
4206,957
1351,1531
5052,1917
2508,2383
2040,63
2487,1506
4330,1932
3781,2656
97,2439
4445,192
3536,2825
2820,1157
4432,896
4915,1804
2296,1157
5629,1147
2781,448
4696,942
1196,2532
5428,2554
2327,1409
2853,1455
2147,1973
1392,1131
824,1613
2429,2625
4124,901
3167,110
2,458
5081,2631
547,2244
3506,2959
2214,192
5465,527
4133,3057
3393,49
4358,3175
538,1377
1388,1547
3946,198
100,1151
3331,2554
5946,1739
2181,2122
1867,1932
3536,2959
1018,674
1000,1034
5482,1231
4374,1025
5062,645
5058,903
3264,2621
2557,2759
4194,276
4383,2427
4328,276
570,110
2244,727
2522,2923
4399,2371
2155,1409
1131,1086
1522,1496
140,1465
2868,527
4497,435
648,1871
1637,665
5104,847
4221,2257
4862,2253
5648,718
1564,2257
62,1932
1134,983
2741,2822
2429,1015
2768,1235
3200,892
3203,409
622,808
2198,1082
5672,2243
164,896
3939,1231
4350,3017
2063,665
5518,1776
1168,752
903,1235
5693,87
5123,2186
3874,55
4479,2084
4388,276
4773,87
4632,636
5767,1699
3680,2633
1856,2257
4855,2371
4624,1684
1587,1086
489,814
4338,1098
4155,2145
5354,2469
2128,3130
3403,820
3007,820
5748,144
2456,717
4990,2946
1679,1025
1316,973
2670,2366
330,942
880,820
2057,1385
4674,1397
5488,1910
2148,1503
5503,498
699,250
136,1076
3978,2633
4988,806
915,814
4788,1684
2602,892
3865,477
4506,1971
5208,2243
163,2872
2656,374
1694,1683
5462,847
1902,2386
4142,2448
5632,1258
1172,820
5644,329
5764,1377
965,527
4442,1397
1644,815
1795,984
3775,1873
860,2396
2059,276
5675,2244
4261,1766
1210,1462
5047,2675
2361,806
5212,268
1984,856
3319,2007
1910,1873
1208,2355
707,87
2930,734
60,276
3888,1935
4566,1813
2136,1627
2153,1042
1537,2796
2977,2243
5923,1033
5399,1033
2949,1915
134,198
3413,329
663,3171
4491,2578
1896,2325
2622,739
5922,27
1436,2340
1331,826
3907,837
737,87
2762,2439
864,2114
1678,1873
585,2699
931,892
2579,1042
5392,1932
5617,330
2709,334
1069,1765
389,2006
1029,2366
3885,674
3070,498
145,333
2540,1464
1191,2135
571,2427
5748,1917
120,276
5820,1039
4280,422
4712,79
1835,1648
3736,1490
3991,319
5436,110
2745,1869
5882,1917
1676,837
5857,1860
1082,2350
663,2366
732,1971
4123,1377
3861,1377
5349,1804
2178,2926
5099,1629
3807,2080
3524,1957
3796,201
5004,79
4638,1419
5008,198
2945,1526
2248,2352
751,2371
2900,63
4500,1485
599,2731
3906,746
898,1078
1901,2244
4912,1429
1639,2244
4502,1531
4896,896
1336,2243
233,1627
238,1971
5023,2923
5326,480
1807,1828
1038,334
5000,2939
583,3137
4909,1131
3380,1804
1544,2357
3354,391
1265,498
2192,2578
1743,1254
2361,135
5881,1641
1872,910
2861,458
4406,1419
416,1684
1383,2439
3466,43
1150,925
3631,110
2065,2244
3842,330
4241,793
2861,1397
669,63
717,1797
2561,2825
298,1813
3410,1804
4119,49
1777,1962
5820,1523
756,1910
4369,1917
3921,973
10,1531
3795,110
255,1335
4061,983
977,1505
1488,2209
2546,1362
2162,433
1613,1157
2296,433
3614,2923
1611,330
2829,896
5023,3057
5749,717
1178,448
1959,1013
4213,973
3867,336
4483,2554
1482,1613
5673,1072
919,2439
4969,727
4895,2498
404,2747
1216,1871
2238,1367
2026,3174
856,1336
3153,1932
5095,2529
1480,1917
4219,2858
4792,276
1614,1917
1552,1039
2097,2825
2933,845
5113,856
5517,717
5247,856
2382,1496
3899,409
2896,1717
2481,721
3245,1871
65,433
4251,2554
4984,1385
3905,1917
3098,131
3626,250
1494,1973
4813,1503
1628,1973
1669,284
789,1403
4533,173
5663,892
453,3174
2972,2651
4369,1462
2283,1086
3508,2631
1777,2446
1799,2959
3929,409
3232,1235
183,2532
4403,1231
1225,2872
1686,49
5783,435
4955,1744
1672,1871
1370,752
804,2061
3868,1072
4279,2858
5041,2427
483,3174
5319,2371
2540,1277
1473,880
4093,409
2986,3057
2112,49
1210,1409
5303,333
5765,2084
4294,1072
5856,1448
4665,1739
2210,1523
5016,276
2078,815
5483,2371
1789,712
3320,2529
5161,2320
5939,170
1792,983
5228,1098
5744,2146
3798,87
2810,2427
3818,1493
1237,1138
3422,1493
3742,717
3076,856
3783,718
629,1255
1828,1579
367,1255
3822,2366
1220,942
72,3027
4069,2243
493,3057
5171,2634
5940,1684
704,1025
862,2365
2116,2396
1321,435
1455,435
3736,498
2466,1462
652,1774
1053,2872
2990,2371
3749,3177
901,2478
2926,2386
708,2837
5133,2500
4729,195
4233,2243
1948,718
4608,1366
5279,2325
1612,1523
5239,2926
4843,2926
784,2832
495,2729
493,1902
3946,2186
4837,2357
3596,87
2677,2032
1569,1072
2899,2633
5423,2454
3678,2371
734,1964
3101,1047
1212,276
2369,2818
3358,2366
3666,267
4631,2639
4922,1125
536,636
1559,734
3725,847
5117,2532
1340,2124
1008,1385
4284,87
4490,155
687,1744
5532,2747
783,2206
2405,2633
2374,1068
2830,1873
1768,1258
718,276
2327,498
3605,1869
4589,319
661,1462
3152,1335
4182,160
4885,2532
3357,986
4393,380
1996,2586
4325,1377
1011,2191
3683,1910
4194,2614
4963,910
2514,2926
5566,422
5328,1008
1025,3028
5784,1813
2389,1699
4581,27
4349,458
5051,730
1660,1324
2962,837
3760,63
3364,63
4379,2552
5884,2394
4370,746
5311,2532
4915,2532
4323,2620
976,1042
1738,3085
4702,2424
4993,910
1658,847
2448,966
3490,2804
4177,2044
4849,1131
1265,2084
652,1103
2114,2029
3272,2352
218,87
3712,2624
2215,391
3476,2347
4964,330
1743,1335
2904,1367
4081,1932
2365,335
2831,1828
3992,1860
5028,1254
442,2397
2703,330
466,539
832,1828
3478,2578
5558,1419
5014,2487
1232,981
2144,2029
3558,63
5371,2532
5438,1502
5799,727
2693,2244
1041,2352
2099,1505
5767,1943
2699,746
3189,2825
5329,1717
625,2639
2733,330
3994,1532
4474,2923
3307,602
2599,2959
2866,859
4727,336
489,1997
3851,665
4601,1917
5389,455
1101,1063
2324,1973
1978,1336
1398,2747
5770,1086
3717,3102
267,837
4109,2394
2763,330
3719,896
4,1366
892,1828
3980,2923
4283,480
3312,2235
3983,942
2961,1254
5499,973
4588,527
319,1377
3861,198
5523,2498
1075,1131
1536,1526
1140,1526
2192,110
492,2244
1230,1419
3549,1774
2217,1860
5479,856
4276,3042
1351,433
4804,717
1951,2872
397,2357
4905,1523
4146,717
2004,1752
87,1377
4886,1281
5044,2621
2136,1871
5142,712
4154,3052
1874,1871
3517,1677
4699,2586
581,1131
4187,2411
5453,1513
1812,1932
661,336
1497,608
4554,892
4652,1235
3279,758
5904,1385
627,725
343,966
864,2358
3980,3057
4954,1765
5838,3017
1442,1840
2300,1871
1536,721
2312,942
1916,942
4117,1076
5731,2396
3306,2554
2698,1917
3584,1744
51,942
3700,1138
5675,1683
3877,276
558,746
5914,1699
3047,758
466,1157
3403,393
4905,718
600,1157
2900,1462
2683,1235
3118,409
681,1496
5634,2032
5770,2859
4901,195
5584,225
4180,435
2380,645
2148,1076
3230,815
4032,1503
4620,2427
3508,2257
333,1917
4041,276
4440,739
4748,892
4679,2253
2590,2360
4374,2371
1299,727
1399,2651
5353,477
5420,1699
1913,2872
466,2446
1780,276
5570,2397
2633,717
5334,1366
236,2923
2472,1523
753,409
3394,815
3874,2206
491,409
1537,491
245,942
2091,1831
1144,1728
4852,87
5099,718
3657,636
3780,477
450,758
4773,144
4202,1109
3104,837
1347,2437
4040,3033
256,892
4301,1088
4941,1448
2721,1072
5680,67
1800,2190
1925,1138
3124,1462
3877,1699
1182,276
5917,2639
2949,1838
5485,730
1125,1462
1899,856
5075,2552
460,291
2449,734
828,3161
1189,2386
1871,2191
2157,333
405,1523
3898,2926
4657,2978
5341,1890
5593,448
904,712
3374,2926
2797,2356
2403,739
1871,3130
4099,1869
5365,971
3454,1350
188,892
1451,1231
5210,1033
3721,2633
5605,808
4956,2614
4598,2906
5037,2044
4441,2922
4379,2044
707,144
2016,3080
4277,1767
3179,1495
622,2288
2628,2146
5656,746
5538,2188
3785,2244
5824,330
4185,1397
971,1129
5484,639
5003,2029
3852,433
1066,1366
44,2432
1823,1345
3776,1377
3118,1377
5415,1973
5827,1917
5119,110
39,1684
5360,172
5838,736
4938,2923
5869,49
4234,2578
5032,1804
4368,2578
5075,942
1520,2633
1599,2926
4448,63
388,498
3179,1629
522,498
4739,1932
465,1684
5609,1034
5683,983
3202,2552
3683,2825
548,2850
3146,2620
4266,2651
947,3121
4004,2651
4706,2923
3574,1377
5717,1506
2047,433
5844,527
4512,3057
4517,957
1308,1033
814,498
1325,448
3209,1629
5817,2087
786,2614
5564,1641
3389,284
1673,1131
4271,901
699,925
5334,2118
1777,3174
4430,2651
3709,639
3736,742
3163,880
962,746
1397,674
1815,433
2211,433
2900,1409
2232,721
263,1684
1703,1131
438,2439
3728,1039
3528,1917
1004,2850
2406,1813
2244,3175
293,1526
3161,1157
3574,572
4639,896
709,458
2328,2122
2410,1932
459,283
5679,409
3683,2959
1150,1332
1126,746
1845,433
55,3051
3257,1804
1094,1962
2057,1255
4581,1076
381,1531
735,2029
5356,1072
3515,1281
669,1409
4069,2621
5901,2858
2653,727
901,1917
1875,433
655,2450
1247,110
4397,2837
4536,1683
3543,1235
246,1464
3978,409
2579,1717
1161,2029
10,433
5431,2535
1028,2631
699,1409
427,721
2042,3175
5480,2427
1770,2487
4058,1277
4767,276
3717,984
5548,87
4199,758
2762,1020
4768,3130
3670,2858
1375,645
2958,2652
4243,276
4374,1513
4186,1462
4826,856
1228,1157
4270,409
596,880
439,2394
720,192
3347,892
2507,3130
1125,1409
5070,435
1367,942
4207,2689
4535,276
946,131
3889,1067
4990,856
3317,87
1706,758
5543,1971
4727,1385
4094,718
3261,717
5533,2946
989,1871
5423,1088
1634,2575
1224,2677
3896,2396
4388,2858
4439,1103
2825,2257
846,250
1472,712
1883,2498
1976,2689
3609,87
2824,2032
2884,2837
5153,1385
2381,1462
92,1481
4378,1766
5563,2946
5871,847
5609,847
2147,2729
4855,2859
1663,2350
768,717
3349,1072
5658,739
663,3175
4417,2633
5532,2320
1010,250
4155,2633
4711,636
4874,2320
514,3052
5719,2146
1240,712
1133,2535
3681,498
5341,1971
2698,738
1679,1513
3095,374
4286,837
3155,2145
469,276
207,276
1497,718
3978,3121
4914,1345
2159,3089
4660,2926
43,2504
5024,170
3446,981
3165,739
1979,2340
4054,837
2693,1683
950,2427
4450,837
1825,1873
817,2837
1474,892
3105,1627
3784,195
2177,1766
4551,1828
4468,73
1347,3002
2864,1915
1823,487
2557,2926
3978,1377
2949,1464
1409,847
2295,2926
5736,1695
335,2689
980,2427
1048,87
4474,268
573,1514
210,1462
2756,1042
724,1683
722,856
1231,3177
3523,2675
3564,986
5893,2029
3136,1448
4619,1531
1453,2243
5159,721
1289,1088
103,2689
586,1345
3318,1869
3705,63
17,636
4062,2552
4449,746
4906,433
5701,896
1370,2366
4470,1034
5323,721
1025,3085
4285,1254
1176,2500
3991,807
417,2448
21,2448
5575,1696
1278,498
5643,1076
106,1997
3800,458
2691,27
4664,2189
1438,2850
5865,896
5207,896
4199,1860
4992,1496
4214,448
3911,639
5148,1255
1569,2552
29,1935
278,2639
218,144
2203,1377
2974,1254
30,847
3842,1973
3548,1526
4136,1696
4516,1917
2301,1131
4338,2554
5289,1086
891,1526
4386,2872
593,1869
894,1043
1479,1696
1018,1109
2248,746
1057,283
72,1608
3857,2631
4294,942
5816,199
477,2825
3374,942
845,1531
583,1531
1834,2045
4418,1917
3776,198
3380,198
5856,2257
3638,2708
2776,1023
3971,639
84,837
691,2003
4060,896
3707,1532
4827,1563
4722,49
3865,2872
5044,100
3259,3062
5867,1076
5941,1025
903,2825
736,433
5008,820
5789,1385
4813,2796
5,2614
645,1254
1801,942
3752,901
4581,2446
4851,55
5365,276
3161,433
2891,572
3281,727
4090,896
3372,845
3405,793
3253,2651
2826,1086
4643,291
4142,2749
4512,1528
3316,721
4940,2729
1299,2394
1184,192
5521,1728
1768,2872
1654,1804
2215,1871
477,2959
3240,1076
5463,2689
1569,942
2825,2554
1811,1229
2155,1039
4827,758
5257,2032
4436,2822
210,336
5454,856
218,1917
4856,2627
2566,758
2552,860
1284,2651
1201,896
1091,3010
1402,2872
2393,49
1140,2872
1530,3057
5876,2427
5628,2325
1968,250
2429,645
3101,2206
4317,2699
5850,2145
4886,2627
4850,718
1052,2651
5787,1042
2405,409
5404,1277
335,758
3356,1385
2836,2847
1628,717
3405,1277
1506,727
2895,2114
3335,2386
1067,276
4202,1971
5203,590
1982,1595
3613,1576
2813,1523
3907,333
2155,1523
5386,2926
4401,87
4967,498
228,645
3046,2633
4025,739
2705,2340
1215,1086
3343,1873
3654,2489
2140,87
4124,2438
1493,276
3067,477
835,276
2338,1765
1753,2832
2981,2396
691,527
3853,2325
2096,3171
1776,1503
3161,1051
4473,498
2673,1462
3929,2320
5486,2352
627,2205
5618,27
1127,276
4000,1971
4134,1971
1204,1462
5070,195
4249,2675
2817,837
4424,986
4150,1915
3754,1915
3279,2588
1148,1503
2923,2926
5624,1131
4989,391
4089,2578
3693,2578
5648,27
1797,636
4914,971
2835,1766
3243,837
2573,1766
4051,1505
4194,1813
5632,433
5754,1362
3163,319
1769,1971
3369,2639
5482,674
3897,2758
2739,2243
4222,3080
5521,602
3611,2926
1613,2397
4851,807
5916,1131
5654,1131
1323,1103
4062,2044
2138,498
4151,1335
598,847
3612,2747
1671,1032
1100,1997
5446,1367
2681,3177
1869,1047
3273,837
4019,2347
3661,2639
1799,1971
3423,781
5682,1085
5281,741
616,837
301,1765
1848,1109
3552,602
4154,2922
508,2243
2151,329
3491,2578
2072,1756
1118,2926
1899,1047
5772,1917
5414,2209
717,138
548,329
2578,3025
4388,1813
4852,1917
5666,2430
437,498
5060,2620
3131,730
4505,1809
3827,433
4362,1531
404,2243
913,1366
3917,2578
4717,2631
3239,448
1802,1464
5639,2677
3849,1131
5490,2554
5798,455
5557,1332
1377,3163
3295,3174
403,2957
148,1684
1588,1131
810,837
1324,1058
1066,268
4211,2651
3815,2651
2965,37
4262,896
3880,602
4389,2923
5172,1871
5488,1353
5498,2041
3381,100
2126,2850
5896,2087
2649,1871
882,2029
1971,2747
2375,1110
4054,2825
4799,727
2118,3174
3074,330
907,746
2894,2614
3336,2959
4621,3057
3673,100
1038,448
2741,2749
1648,1131
3069,336
2169,79
4529,435
3168,1281
4171,727
1062,1973
1490,3174
5425,758
3716,1086
3857,2257
841,284
2451,2394
3165,983
3867,1255
2470,192
1028,110
675,746
2597,1465
4390,276
4574,2837
1748,2651
5836,1231
581,330
5730,1744
5453,712
1812,1131
5010,2586
3064,1281
3191,2554
3587,2554
717,2850
1520,3174
2265,1076
3433,2087
563,2383
3880,1086
5537,3042
4158,276
1271,1157
522,1039
5801,2334
1269,330
5844,718
2134,1532
396,2620
1007,330
4887,2371
821,1860
1323,3010
3014,3042
239,192
5868,2243
5174,2586
291,2045
5465,1072
2125,665
514,1336
569,1235
5163,2427
4767,2427
1678,2605
4584,276
4188,276
1149,3015
3976,393
5896,477
4352,2370
2566,2478
413,880
3727,820
2825,2180
1137,2631
2188,3057
5569,1021
5548,144
3149,1523
2896,1831
392,942
4535,2427
2419,1677
4208,2032
4683,2325
5366,2355
233,131
2181,573
4302,2633
5417,2320
4178,877
3899,1462
1278,742
4423,2371
693,1809
2615,276
3501,2355
2192,1082
883,2872
420,896
2548,717
4349,1109
1064,409
422,942
5694,1258
1416,2554
5461,498
2560,727
4888,636
2656,435
94,1076
1567,471
2508,2257
3936,2633
302,1025
804,2175
1936,1277
2645,276
3486,892
1987,276
3200,498
1508,49
3149,718
3939,837
3319,1129
3751,1540
3609,144
4703,2926
4441,2926
1724,1744
654,1076
1736,815
3293,847
2458,1739
742,2586
15,2257
3363,1027
4753,2639
4095,2639
3002,267
4762,3102
3499,1073
2171,2032
4331,1576
3475,837
578,276
1023,892
5541,746
2147,1042
5282,2737
4941,192
4631,1464
5345,807
3931,329
4015,966
5192,1531
2917,1448
5589,1167
5570,925
465,749
3460,155
3735,2080
4571,2352
4941,1131
3571,3177
699,2084
470,2032
346,276
3613,1336
3311,971
9,856
4080,21
3445,971
5377,880
2386,2347
3850,2188
3277,3080
4349,1377
5837,1804
5496,1511
1048,144
2142,2926
3238,2563
5886,1696
3045,2922
2902,170
5228,1696
5742,1917
666,981
3388,63
4585,2758
2343,1869
1340,3177
3611,2552
4805,2532
3349,2552
2184,1058
3700,1089
5135,192
5451,2118
1870,2588
5122,896
1323,729
2468,1756
1449,87
3204,2578
1357,498
961,498
3418,63
1177,2782
4169,1917
4582,1332
846,925
182,1699
4485,433
2162,2588
5897,1804
1506,971
1633,2244
4473,1547
1747,1033
1881,1033
1999,1254
5896,2518
4199,1917
3803,1917
3937,1917
876,925
3321,1419
3491,110
5840,896
127,837
4727,1255
1318,2209
809,642
2870,2651
1273,746
3979,49
4223,409
3581,942
2163,1254
5695,1831
3250,3057
4093,336
655,2804
1121,2045
4557,2914
4591,1744
5682,845
1000,1526
2875,901
3558,177
5153,1255
1706,1917
5101,2785
307,781
1246,1932
3608,2923
4007,942
2188,910
947,2804
2437,1614
2182,2785
1831,1804
4393,1917
5487,727
3725,1229
848,2044
970,721
1350,942
307,1131
985,63
1736,1917
1686,110
366,957
1820,110
1424,110
2381,2621
3377,896
3444,2118
3511,896
2131,2446
2408,1034
4417,409
3904,3042
2999,721
845,433
4155,409
1395,2563
2467,1614
4113,2627
2179,393
656,3163
2382,752
1459,1235
4797,815
5464,2032
5340,276
2119,1281
1900,1917
2361,814
2832,2651
3197,1086
3338,2257
4423,1513
2680,2257
1169,880
250,2825
3920,892
613,433
57,2430
4093,820
1942,49
768,721
4426,471
2356,820
2540,2627
1282,942
3932,902
4040,435
2379,989
3630,2257
656,1419
5940,806
2519,2689
3298,2427
5851,734
139,2620
1061,192
2585,276
997,2651
570,1086
4467,2350
3321,1098
1249,2872
3852,734
2350,409
1653,1235
2085,892
4291,2124
847,3057
3808,435
4960,2633
3342,2325
3658,87
1547,435
4652,1699
4817,1766
2993,1390
1196,2837
4587,2243
5719,1345
4063,2243
1176,2370
3010,1744
3968,3137
5343,1997
119,409
5934,1684
1894,2586
3688,87
3060,518
3836,739
1429,1503
2417,826
4709,1078
4335,837
3026,2627
4417,3121
4401,144
1302,2832
4173,1448
2087,1072
1063,1503
5696,1869
5405,1131
2115,87
3357,1047
1468,276
1072,276
5301,27
1739,739
3683,1971
2585,1699
4777,781
4087,334
1888,81
4703,2552
3202,1109
5368,2188
2561,2244
4448,498
5569,1131
4800,391
3067,1823
4651,268
5186,1366
3804,1335
1734,1684
4698,1023
1763,170
620,3161
5711,433
3187,1366
2656,2639
2942,781
2004,2484
2656,195
1257,1503
2408,847
1728,1088
3328,1756
2177,160
5229,2352
1469,2325
5431,2486
3947,458
2703,391
3420,1695
3964,2347
3991,2450
780,1699
1220,1971
4307,1932
4670,2738
167,718
2388,730
3947,1397
1397,1109
3172,2532
3020,448
5492,79
2825,2424
3174,2578
4246,1629
3695,1526
5393,1039
5052,746
4790,746
1870,925
2011,2850
903,1890
2240,458
1999,1335
1264,1869
5729,2651
5436,1086
1716,458
3532,192
282,267
1412,986
383,1073
1219,1345
3547,1254
2447,155
5181,752
3424,2352
1643,2804
79,847
4179,942
523,329
4110,3057
5734,901
5379,2430
3949,1419
5869,2257
623,910
2142,458
901,2352
1615,1695
4910,639
4626,880
2566,1917
5565,2785
2640,2620
2559,746
4207,896
2727,330
230,1366
3468,1496
2365,880
4949,752
2531,391
2345,1167
165,1910
3575,3056
4967,1523
5106,2621
2816,752
5488,471
152,2614
1167,1131
1449,63
5454,860
1667,3174
2350,2450
5908,276
2114,1419
918,1366
5696,393
3631,1086
4498,2923
4553,2822
1999,880
1047,433
3781,1030
472,2188
1976,896
4896,717
4281,1353
2772,49
3949,614
709,1377
5638,3017
5234,712
3255,2677
3494,973
3931,1728
889,32
5801,2257
3764,2554
5894,2448
367,1613
4512,727
4992,2118
2144,1419
3966,968
5941,1513
10,63
2843,639
5045,409
2163,880
4518,892
1693,2651
2885,1804
1660,259
2533,3042
2665,717
4461,3017
4228,2257
1886,198
3969,276
4103,276
546,1332
3629,2837
4331,665
1975,2872
1080,2959
3320,3021
5381,2586
236,2045
833,49
327,1409
2144,614
886,3093
4229,3017
3002,645
173,942
5042,87
4395,276
3431,758
3737,276
767,2620
3680,1462
1997,2257
2377,2478
1735,2257
2012,845
5689,837
3949,1098
329,2394
2978,409
5246,267
2859,717
5044,1072
4259,3017
3133,3171
2836,2396
5376,498
589,1917
3851,2633
535,2620
3589,2633
578,1004
5831,1078
5457,837
2279,2478
2164,276
460,2446
1902,276
4271,2438
1065,2785
1509,1513
3405,1765
744,892
2841,2366
1776,2796
2830,487
4867,1910
5144,498
2205,435
4882,498
5856,2424
369,2708
3753,2633
4398,2371
3371,87
4169,67
4736,2366
2329,3130
2883,498
1991,856
2144,1098
5850,1828
4938,2500
3133,2366
777,409
5837,2532
4297,1915
947,820
5899,1720
2277,1627
1148,2796
2058,3017
1662,3017
3238,847
3649,2633
4420,1756
242,250
3387,2633
5280,2614
376,1004
3542,1258
2358,276
632,435
1320,55
4325,1869
2637,2320
4908,1695
847,1528
3137,391
4807,2552
798,2575
5643,572
2324,1042
1019,1231
1905,1058
3703,21
2462,1915
5065,2029
2773,87
4091,1823
2281,1345
4004,2578
2256,2978
4090,2352
3047,1787
578,2427
1057,1873
4309,181
5897,2532
4278,2588
2356,1869
2094,1869
3906,730
827,2350
2558,283
1934,3085
2230,1915
3302,966
4479,1531
4954,2578
3078,1258
5618,1804
1980,1740
430,435
4430,2578
4034,2578
5259,1871
3050,1684
5374,2383
3846,837
3992,2352
5869,110
5650,746
139,636
5063,1932
1451,837
4116,1829
38,1493
5427,2394
4458,2532
5050,192
502,1627
87,1385
519,1042
3636,1377
1703,1997
4022,2352
390,2325
5425,1917
2586,1526
3785,1850
5588,1157
1892,1869
5748,880
1341,1766
3397,987
3023,746
3909,2825
1090,1366
3800,1377
4321,2769
5331,942
3922,808
3913,1254
1831,2532
158,2325
4743,957
118,2926
2967,63
1012,2614
2698,1336
2942,1696
1094,734
5342,727
5402,1532
715,1869
1778,1366
2257,2532
469,1813
5030,3057
176,2500
2523,2651
4768,3057
3894,49
5832,712
2869,63
4624,2554
4228,2554
1555,2610
4045,1157
1770,320
4227,639
2366,2825
4126,1496
3013,192
2025,2532
1218,746
2866,896
4798,3057
3924,49
3067,2872
83,1346
3660,942
4131,527
1550,172
2276,838
5364,435
28,2578
3008,198
465,135
1407,1557
2385,192
2059,2651
3052,1409
4081,3042
2553,1496
3819,3042
3936,409
1176,1809
4781,2487
4290,2627
3846,1455
2385,1131
3608,2041
2094,393
4117,1918
4587,2621
1190,926
1269,1973
4412,1277
4915,2837
3679,2631
3228,480
3885,2699
220,2532
4666,820
3974,1990
5536,2366
5605,1971
4784,1041
1544,1804
3158,2370
1396,2872
193,1086
3827,250
4709,867
2942,1025
743,1526
713,2815
5804,87
3381,1072
1583,1917
4442,1462
426,2758
3497,2186
3865,892
2500,276
975,721
2986,3175
5504,2427
4069,1072
3673,1072
5834,87
22,49
2521,1503
735,1419
3827,2478
3565,2478
5003,1098
3962,2114
708,727
326,433
5415,1042
394,2257
418,2651
4757,1042
24,1034
3484,2489
538,1255
3941,2176
1336,1235
1862,527
3137,1627
2717,1041
4945,2032
3890,144
4423,2859
1063,1076
3179,2792
4855,826
5319,1684
1320,1641
2430,984
4407,2356
2113,1277
3218,276
3603,87
850,968
2503,1462
3361,1493
1224,2872
5372,1695
2397,1975
568,1255
957,276
2063,409
5449,1915
4900,2639
4638,2639
113,1614
3972,2586
302,1513
4643,539
4429,21
146,973
965,1076
3186,1088
280,973
416,2554
724,455
5223,67
3230,636
2412,2633
5602,63
1722,2186
3525,1493
595,984
4268,1766
4280,837
725,276
2695,477
4935,539
4406,2639
4038,2243
4424,966
3045,2926
4461,1033
5106,771
474,815
3910,1684
3557,2320
3939,170
334,2498
2060,87
3677,170
3823,2439
1175,862
755,276
359,276
3852,925
889,276
4850,27
1229,1098
5110,1829
1041,1047
3608,1504
4365,1675
5920,880
3389,642
4956,1362
2465,2243
3170,1278
1379,1042
2461,781
463,2504
3732,981
4575,2424
2061,847
1777,1088
3060,2803
2600,2818
3990,458
4752,27
1474,498
4468,268
4745,3020
505,636
937,1047
1417,1684
799,2803
2475,837
3993,1695
5825,1932
5678,192
4690,2532
3157,642
3599,987
2608,1366
4836,2357
3100,1828
202,1766
4395,2614
5030,910
5544,1131
2715,2926
3052,67
3475,170
2835,1530
3356,2922
2162,498
3485,2578
842,1345
5207,957
627,225
5437,1419
2913,2352
375,2633
3647,2347
276,1873
4297,1675
4868,2430
2700,2244
4479,1157
2660,1125
917,1869
2438,2244
1335,2382
5695,896
5764,1255
244,837
632,2639
4837,1804
4479,2096
2508,2424
1902,2614
405,2633
2871,32
3966,1696
3558,181
65,498
4688,2620
5839,1964
1286,1335
2057,458
658,1766
2136,1505
374,2007
4020,1932
3362,1932
3488,2825
4479,2446
5119,1086
5253,1840
5515,1086
5609,721
2885,2532
3914,193
5581,2837
4607,2631
3354,1290
4770,1871
4508,1871
5607,1025
526,1997
3081,1131
1467,1531
609,3163
1039,2747
15,2424
1364,63
5070,793
5149,1086
426,1766
5823,276
2827,433
1846,746
2061,2620
528,730
5939,1390
4686,49
1212,1362
1635,1465
2239,448
2313,1151
3880,1871
4928,336
4415,717
3656,665
717,602
627,1648
737,1254
2258,1629
3266,1419
3063,336
5719,276
2558,1332
5016,2785
1463,3051
5534,1462
4568,1871
3069,1255
4960,409
1520,2804
1124,2804
1811,1290
4445,717
5682,1333
2307,1871
4124,1076
524,1496
4958,713
1661,942
752,1131
893,3056
5423,291
2508,814
4657,2478
4904,2355
4871,717
473,1157
5679,1385
1689,896
2747,49
2881,49
4584,2350
4782,645
2478,3042
3758,1076
3832,1025
2032,1235
2861,336
1622,3057
2735,1917
2783,645
3939,333
1497,1076
474,1917
4603,498
1306,727
1920,2872
473,2446
1980,2923
2054,2872
2723,752
2497,409
5892,1277
502,1871
1923,1076
5856,1997
3369,1277
4202,2032
5893,1098
3816,276
3656,3027
199,1281
3554,276
2456,758
1950,2118
3845,2145
4664,3002
2780,2575
1725,2939
1422,3130
5369,539
942,49
4832,2586
5042,144
5847,1103
2715,645
2087,1076
3871,333
4726,847
5216,2926
4559,2427
2816,3171
4163,2427
606,1039
2120,435
4109,3130
607,1641
2486,2478
3265,1462
911,1086
4082,1684
1496,1739
2702,3042
5140,837
3853,2386
2653,1837
397,1804
5765,1828
1721,1076
2299,3002
5898,2357
1142,3089
44,1127
5059,1787
3655,1997
649,712
132,193
1749,276
4403,1109
2816,2366
2067,3002
3325,2243
2975,144
538,1231
576,1523
1770,1503
4444,2049
5576,1151
3411,2926
3466,2633
921,2689
5596,837
3495,1873
5148,1613
265,1072
4124,2044
2050,739
4268,1042
2715,1129
4389,2500
3819,2347
1257,2796
608,2350
4985,1033
568,1231
1074,837
363,1765
3575,2926
5746,1131
2558,2084
2649,1448
2253,1448
460,2637
4211,2578
4849,391
2626,498
4288,2044
2364,498
2569,1684
2949,1151
5934,1367
3007,1129
3160,1371
1193,3161
2552,734
5876,1362
2421,1971
3625,2639
972,718
2902,2244
4454,1932
2773,144
3045,2552
101,2145
615,2366
5301,1804
1237,1366
2961,380
3551,1377
4712,1409
5452,1973
4782,458
4173,1131
2500,2614
1991,1047
3529,837
4561,2933
4043,1058
3807,27
4724,1419
4746,1932
3545,781
4919,1860
2197,334
4348,2825
2429,869
1782,1058
2289,2552
2057,2983
4273,2651
3108,1157
5644,49
630,2243
552,2552
1235,1828
3170,1254
1888,3147
2215,1290
255,87
126,1397
389,87
5369,2446
3547,453
4773,880
2968,746
1987,1813
1755,2244
5430,1409
4634,721
5489,1235
5136,1871
1822,433
2300,997
2742,2096
1660,2357
4724,614
4512,3175
3137,1871
118,2044
4729,2651
1948,3174
4926,721
2909,2394
5044,942
5259,2062
2937,1409
3148,1629
463,2614
3918,1281
3424,746
4310,2825
77,2578
1008,458
2981,2620
4397,727
3115,2620
4345,2257
5148,137
4482,276
5208,942
3809,1496
4585,1717
2016,433
3296,2631
3645,2785
1467,1157
4270,393
3072,2923
2676,2923
5207,717
1091,2563
977,741
889,2614
3208,717
3595,1917
5938,2858
4689,727
3290,1281
2884,593
2268,2347
2841,3175
5547,2478
4368,1086
5794,2355
3029,193
5353,892
666,1229
4658,101
3042,2118
1361,330
3809,2785
3458,1804
1331,1619
2485,480
446,2394
3027,2749
5353,1831
5451,2366
3582,527
1698,100
4442,1385
5115,727
1348,1973
3987,1744
3302,1641
613,63
4143,2257
4676,276
1265,1157
4997,856
3794,3042
1447,639
3387,409
3717,2041
2676,3057
945,2872
1406,49
3746,1281
5255,333
4301,1503
4425,815
2489,198
5092,2032
4775,2325
203,3174
4295,1873
3593,2355
4033,2627
263,192
1877,758
1101,1291
4855,749
199,2651
1174,49
5804,144
855,1235
1340,2970
5201,2325
4146,2689
1930,1523
2019,2504
1558,1917
4598,2032
4417,1462
4155,1462
1149,177
3592,3042
4712,67
2871,276
1136,1635
1065,2923
4031,837
2618,1493
5068,3085
1716,409
3018,2366
3095,2586
4573,2325
5190,981
1828,815
1976,713
4185,1462
5689,170
5045,2320
3321,862
5545,391
4320,2818
3852,498
3817,477
3194,498
3667,718
1392,2355
2646,2386
1534,718
2697,1385
3129,1042
1231,717
3941,3172
3953,2243
4187,195
303,856
4959,2926
5793,2563
1211,250
5853,2614
5927,2563
2341,2689
5061,170
5457,170
5071,2578
847,727
2723,2956
1954,1462
5285,63
2905,1684
3263,2146
5498,1110
3781,3075
3357,1027
408,276
4709,2347
3159,1042
3212,2366
2861,1385
2699,2747
4423,1761
460,2129
5025,2583
4837,2532
4277,1377
4839,2578
3650,498
563,2257
1413,2427
2204,2926
2975,2803
5948,1696
1743,87
2937,67
4388,1366
1065,374
499,1683
1798,3177
1982,1766
4069,2552
1732,837
1775,1473
2568,1109
3334,642
2807,1125
2182,1073
1490,2243
5330,721
2095,1828
2508,1997
5741,63
4827,2352
3390,2614
2471,2115
2443,67
3417,2747
1001,739
1815,498
1331,2371
5770,1932
3170,1335
2420,837
2566,2352
1750,1766
2564,1525
4635,2532
3998,1157
5295,2578
5632,1409
1950,1073
3947,1377
5612,942
2682,433
5598,2764
5090,79
1172,1910
1845,498
5021,2194
1165,739
3510,63
2992,2352
2852,63
3055,422
4813,2430
2710,2639
1946,2243
2674,730
311,1766
323,837
2800,2532
2824,674
1712,1258
3066,2651
1328,329
2240,1377
3064,2578
3766,2096
3382,1167
5903,717
4920,957
1716,1377
3061,1526
1731,2439
289,2357
4771,2554
5072,1728
4022,746
5584,1876
42,1699
2838,3174
1377,2850
2836,2347
2924,2194
4471,572
3703,1932
2643,2706
2830,2532
3850,639
2327,1157
2834,2651
3827,1409
3992,2974
3608,2045
2142,1377
4278,527
3705,665
4412,1281
5334,3017
1261,3025
1528,925
4909,2087
5645,435
2627,79
3417,198
4832,1086
2320,336
2437,1675
4931,2785
2510,433
3482,1532
3260,2651
3700,2923
1306,2394
1645,1860
2364,1547
3966,3042
4260,1799
5943,250
5937,435
4314,1281
3789,901
4888,55
5798,276
2776,2430
2385,2774
3290,2651
3996,3042
4244,892
3867,942
2886,1255
1513,1532
633,2651
5146,471
753,1255
4108,250
4266,1590
1740,1696
5566,276
2388,1917
459,27
801,3174
2241,2621
4777,1513
2172,572
397,2532
2341,758
154,330
1028,1086
1439,2872
1477,3164
3469,3124
2521,2796
5284,2633
4241,2822
2780,2498
4622,2699
5625,2145
2500,2858
1707,1532
337,572
858,1964
2442,409
4546,3054
3491,1728
2350,820
461,49
2820,1523
22,2631
2892,3089
3876,1539
2296,1523
1730,2832
4245,847
4294,739
367,572
2650,1462
4945,1231
2307,2062
1500,276
30,2872
2924,718
3743,986
4176,87
234,1332
2510,1051
3107,3027
168,712
4027,1684
4811,1766
2564,533
3820,2145
1134,276
1268,276
2754,2350
4956,1366
2824,837
3846,333
5325,2926
3895,1915
4399,1448
3762,2325
4772,498
5911,771
1833,435
630,2621
1027,2257
2603,87
1560,276
1831,739
1910,1032
2311,2130
5248,1366
1569,739
3914,63
2976,1766
2296,2007
2771,3054
4321,1915
759,2627
1841,2366
286,717
5335,207
4101,3080
2470,847
3356,2926
4256,739
3015,2633
3287,877
3730,2578
889,2858
5412,1366
3280,837
1929,2371
2531,1473
1127,1683
1564,1684
2076,1078
5803,433
789,2627
3079,2244
352,374
3017,1366
3277,539
5257,674
3386,2926
4542,2614
2634,847
2238,847
1968,986
4619,2080
249,2124
3162,966
3542,433
3899,2922
1356,2859
5587,27
1870,3080
3935,135
4322,1335
4435,458
4980,746
5121,1917
5153,674
3114,144
3974,1002
2585,2244
825,1129
498,734
1981,817
2664,847
1175,2639
798,2689
1512,1278
5380,1804
2162,3080
1513,2634
4727,458
2946,910
814,2633
5243,1506
3085,1254
4986,1850
631,2926
170,87
5151,1917
736,498
5634,2825
551,718
2139,63
2622,971
951,837
3998,433
5911,100
1212,1366
2655,330
3491,602
2985,1962
5160,1629
4898,1629
2888,2029
1828,2803
2230,2029
108,498
1152,3163
2348,1526
5692,1086
4790,2446
5530,758
1149,421
1237,268
4089,1086
3693,1086
718,1366
1936,1932
5088,3042
820,330
4958,717
3492,49
530,3008
2326,1336
2133,1695
5634,2959
1131,1131
2046,2450
661,458
3030,2620
5521,49
4893,480
2470,1465
4829,2939
5104,892
4849,1871
816,746
5594,527
2813,1804
3532,737
5881,1523
5070,1281
1887,2578
1608,3163
1048,1254
1423,1131
4840,1004
5702,2689
2978,336
5853,2858
5829,2272
583,925
724,2850
4156,2257
441,1973
1174,1366
5570,291
4809,2822
3358,1496
450,746
541,110
5455,718
5441,820
2564,1635
1019,674
2695,2872
3046,1409
4818,1595
4375,1025
4012,973
2176,1526
4934,2709
3750,973
5181,2586
3161,1332
3278,1917
1129,1973
4320,2257
503,1696
4457,276
1363,2554
5262,1235
4195,276
833,110
5218,374
3716,49
5698,1765
5809,815
3302,409
1404,1804
3490,3089
5367,847
5838,2684
1146,2677
4428,2325
2403,727
5462,892
3390,2858
3261,758
3772,1462
3832,1513
2292,896
5881,2007
5583,2350
1001,983
3372,1528
4158,1683
472,639
2148,2837
3466,409
5912,539
2555,717
4613,3017
3386,645
5015,2243
2434,198
3949,2448
1005,2041
1187,1523
2456,896
1614,55
2390,276
208,192
5194,2366
942,2631
940,1804
2430,614
2034,614
3574,1231
5253,2946
3441,1641
855,942
1722,527
3433,2689
458,717
5632,498
1351,1523
4974,498
5628,3008
2114,2448
1625,2257
3198,2822
4631,1098
2910,2355
1211,173
1040,291
1613,1873
3452,837
2143,2627
3168,1078
568,1235
1485,2627
4479,2397
920,374
691,1076
2475,333
2003,1277
2144,2448
3493,87
5886,391
2451,3130
2721,739
5789,458
200,435
238,727
4677,1042
4875,2747
4811,1042
5876,1366
4798,2500
4426,642
1613,718
5319,1448
518,717
1285,2350
5798,2614
4855,1
4380,2926
3984,2926
3874,1068
3268,1258
5718,2096
119,1385
5619,1336
4932,2850
2040,2633
5223,1336
2802,2956
1990,826
3886,1078
5482,284
1665,477
4325,1125
1,1514
5586,2327
1114,374
1055,3177
1707,1642
4410,2926
4052,966
4784,2578
2626,3080
656,435
1552,950
3305,2614
3938,837
3189,2439
1596,498
4543,422
4612,27
4424,730
924,2320
5650,1157
3482,971
595,1098
3752,2552
3743,746
4173,330
3990,1377
1743,144
5362,1629
749,1915
789,2253
1102,498
3356,458
4459,1074
3029,63
625,1098
5650,2446
2023,319
4208,674
2236,1366
362,1627
4364,433
3679,330
583,283
1061,847
452,1520
302,1761
2304,3163
3056,2044
4190,1973
5451,3175
3455,63
5065,1419
3124,458
2649,1131
813,1684
2253,1131
5892,639
489,806
1566,201
3550,2552
3894,110
5585,896
3124,1397
1271,283
4285,1429
3609,880
3791,2614
876,3137
2824,2825
40,421
2657,433
3807,1804
4781,320
2057,1377
1134,2614
2941,1131
4100,336
2696,546
872,170
3571,746
3712,1917
4782,141
5150,2257
1700,2244
1991,730
4957,896
3501,2636
3542,193
1876,1157
723,986
4155,393
3305,1943
2957,2923
1801,983
3668,2749
3888,49
5065,614
63,2633
3831,1235
5819,1076
1551,808
3309,2816
499,3163
3876,1917
4970,727
2126,2244
3333,177
5718,620
4928,1255
2156,1332
1323,1331
3071,2651
2171,674
4614,2785
1508,330
3645,2923
5075,1682
5510,856
3061,2872
3063,1255
1194,1860
5191,1076
3159,1717
1006,2563
1462,2614
4949,1728
418,2578
1509,1871
4537,471
1655,1696
4762,3033
5743,276
4256,983
2169,1917
4908,2858
4779,758
5948,2371
2890,896
2017,1496
64,2430
2256,758
2746,393
2957,3057
2009,100
2083,49
2484,1147
3034,1025
355,135
5374,2257
2127,2041
2170,2677
4131,1072
5115,276
1197,1353
1887,110
4853,276
2347,1034
5100,1873
5065,1098
2776,2837
5068,3089
5307,1385
109,1018
1038,1481
5488,642
5216,2206
4051,712
1976,717
3140,1020
1197,198
1959,521
364,1917
3927,87
3414,276
2721,1975
4598,1231
608,1496
2086,1235
4331,1641
2125,409
5003,2448
4728,2243
847,3175
5518,1581
5483,806
1622,727
1322,435
2218,758
3851,2320
4890,1231
650,2257
1500,2427
4449,734
4615,1935
4758,2243
4295,267
3259,1627
570,49
5203,2859
4134,1073
2381,1129
3791,2427
2488,2689
406,1523
536,815
2900,2633
3060,636
1194,2478
1475,276
4506,837
1213,276
2787,477
2769,3089
5625,1397
5437,1346
1509,2489
3529,333
5380,2532
3840,1915
1101,974
4151,87
4030,1258
374,645
1640,2191
681,3017
5223,1767
3478,1684
981,276
4396,268
2009,718
4827,2706
2537,837
4765,1828
5300,2926
3211,3033
3195,2500
3321,2639
2548,2689
3059,2639
2670,1366
5674,2578
4485,498
3528,1397
5546,2578
2917,1997
1229,2448
2192,21
430,1277
1738,2325
2393,1997
2469,329
3413,2578
3752,2044
4108,925
3151,2578
4478,458
5262,540
2108,323
4246,2552
5385,2825
3568,422
3447,2347
3880,1448
3069,2926
1622,2500
4180,1151
1754,2427
4106,2922
735,2448
5112,1131
468,2858
110,144
1125,2633
5423,1023
4567,284
4028,2450
4410,2552
5934,192
1667,1869
4831,330
4354,2620
1269,1042
3266,1346
4782,1377
5706,1496
186,1078
1669,1915
3684,2825
1982,160
3343,2532
3651,433
5518,2199
4208,2044
1331,2859
1226,1345
2766,1962
3406,602
2399,448
2256,1860
3169,2352
1660,1048
115,87
3621,1695
4827,746
2048,2850
3017,268
4995,330
1512,1335
4705,2446
3373,2532
3975,880
1851,1932
5411,1147
4862,1871
4108,1409
2554,2614
3307,1131
1977,2044
36,329
4094,198
4389,1809
2603,1917
2641,2209
1044,1058
4401,880
3141,2532
4951,758
4505,2923
4109,2923
4579,2872
5045,393
5436,49
2140,880
3926,1526
335,746
412,966
54,1258
4507,717
4978,2554
978,1377
3858,79
387,155
4845,712
1882,63
3162,1507
4715,639
4899,2446
838,27
2364,746
210,458
4981,758
1427,3051
3951,2872
4116,2939
761,746
1647,2825
2292,2563
4909,2575
5291,2677
5277,527
5539,527
1008,1377
4382,614
4908,2350
746,1377
1042,207
563,2424
100,448
236,2029
2411,942
2545,942
3954,1076
2923,336
5798,2858
2747,110
5713,276
718,268
322,268
5162,173
4519,1235
2365,193
940,2532
699,1157
4109,3057
4897,1595
2839,49
1915,896
2042,2923
4765,1641
3445,44
4468,2586
2961,1917
2656,1281
4407,620
1278,433
4719,892
4865,717
880,572
2468,2923
4199,856
5362,1523
976,1034
3357,2267
2311,2939
886,2272
1079,223
5079,2366
5034,903
4681,1539
3337,2554
5814,1997
1841,3175
2089,1025
313,1629
1225,2677
3353,2498
3446,2689
3847,3033
722,336
4373,2325
992,1917
942,110
747,1332
1148,2430
3340,758
5594,718
270,1932
3062,2699
1102,742
2764,3042
116,1465
3015,409
1831,2837
5417,267
4520,1971
3319,820
461,2631
5356,2243
2042,3057
1094,100
1763,1390
2102,856
2441,1076
4364,677
5625,2633
1356,2729
3978,3085
1041,1405
2512,727
4889,498
3545,1513
3760,2633
3364,2633
2311,2134
3226,2699
1939,276
1677,276
4550,1971
4300,1042
5244,847
4220,1278
5510,966
3125,2243
1540,163
2242,435
3656,2633
2636,739
1708,3130
4714,1971
4318,1971
2735,718
2308,2371
326,1409
959,3042
4223,421
5463,746
3670,1935
3042,2366
2723,2586
4619,2084
1066,2350
2420,333
3765,2926
1941,1796
3013,847
3314,21
3409,847
3558,2633
5764,1613
2933,329
94,2190
4674,2922
1871,276
145,435
1038,1241
3295,718
5106,2552
4115,2177
5593,1916
1176,2114
3577,781
2322,333
5481,2614
3631,1017
2628,2325
4042,2803
1970,2325
4303,2578
4031,1890
2852,498
2358,1683
3999,2352
4723,2383
877,892
1157,3161
2117,1971
4113,2639
1482,1231
114,1098
4133,73
4124,2239
918,2586
1350,2243
4729,2578
4734,2922
5393,1804
5527,1804
2598,739
4988,1526
5015,1629
2825,1684
2167,1684
4285,63
66,276
5644,110
4078,2244
621,498
5244,2620
5855,330
3816,2244
5595,1157
3795,1367
1360,837
362,2489
2010,2639
678,1971
3721,2357
5108,480
5703,1629
2647,981
1238,847
272,2946
398,3085
778,2552
714,847
4907,1695
2429,2219
5717,746
5906,645
1047,498
3249,268
2459,1869
2908,1695
1368,1078
1786,837
4122,3051
3105,2209
4571,433
312,1971
4722,602
1189,2244
2903,570
4988,721
3570,1033
4330,721
3788,2424
5240,942
460,1088
2442,2804
3670,1614
2980,1167
302,879
2198,1131
405,2320
5759,2446
726,2146
4045,2430
5530,896
3699,1793
1204,458
3573,2620
1749,2244
1353,2244
1687,1366
3903,1034
954,283
3409,1465
3617,448
3727,808
2111,2825
2751,1465
2298,2651
3931,49
2654,1532
1880,448
1193,1962
2850,3164
2115,1254
4265,2554
2362,1131
1966,1131
4053,1917
1133,2096
3865,2620
609,2850
4946,2134
5691,3042
452,422
267,642
3759,100
1505,1860
3435,942
38,1
2777,942
5771,712
666,1290
3947,336
4083,1917
4362,1332
5852,2586
199,2578
932,1409
5810,2360
4115,1051
2492,2651
1587,330
3328,2923
2744,2872
2111,2959
4291,2970
3069,942
5543,2366
2886,1235
5911,1072
5303,435
4341,1744
4427,3016
5437,435
750,1526
4724,2448
942,1696
1427,2677
4813,1739
1456,1917
2237,1728
1406,110
3438,435
525,2347
57,27
1211,1332
3140,1532
4375,1513
3358,2923
3624,3042
3574,1235
3309,1718
587,192
3732,2575
3749,1990
1057,1804
1203,1629
1882,1917
3372,727
2895,3017
4932,276
4741,1462
1574,983
2023,55
2171,2959
751,192
71,433
1463,2872
1483,1804
1655,3042
3499,2350
2573,3124
990,1871
1002,942
5871,87
4293,2396
2003,1281
2663,3017
440,3124
2295,2621
3358,2118
4516,2633
2692,2257
4254,2633
519,973
2504,2206
2294,2396
5733,2782
879,727
3914,498
4031,1837
4275,477
3368,1493
3349,1251
3791,2350
4121,10
2364,856
5738,847
1452,1528
1913,2677
2403,2504
5772,1397
5118,2859
3874,1072
4015,2243
5780,1258
2186,1523
2497,1385
439,3057
4049,1073
1810,2175
2665,2689
5490,1684
2554,2858
1913,3027
5936,458
2295,877
2942,1627
5936,1397
2959,1042
1061,717
3182,333
4448,2633
5916,1684
1552,954
1335,3171
3804,87
3797,3080
5297,2578
4108,498
5737,2850
1642,847
2528,2926
1497,2186
3448,2145
2345,1529
4965,1058
1737,892
4209,2243
3123,1042
1087,975
5376,1531
2067,2689
2570,1997
3654,2371
882,2448
345,1277
4459,1078
4197,1078
5348,422
530,276
1311,87
1459,739
218,2633
2238,477
3153,1042
2893,1869
3765,2552
1540,1078
2870,2639
3305,1813
5144,1531
1118,1385
2685,2859
5095,2578
2108,1535
5200,1840
17,815
1999,87
1400,1448
180,55
1341,87
1489,739
5343,1367
1249,498
3503,458
3899,458
1034,1098
1588,1684
1920,3177
5464,2825
1988,837
4660,556
5202,2825
4395,1793
5446,1465
1525,1335
4350,330
924,1869
3503,1397
5325,946
4435,1377
5643,1255
4805,910
5319,1131
2528,966
5635,3057
143,2243
1564,1448
1211,2084
4093,1613
5736,1419
3991,1336
634,1514
4075,1973
4089,1871
2552,771
2280,837
3078,63
4742,746
4084,746
218,2767
2675,612
4299,2620
4643,2430
2012,268
1348,1042
2609,2244
692,1869
2151,1366
4027,1932
4727,1377
4121,1567
19,837
5806,845
5638,480
3200,433
2938,433
2253,330
214,2244
2449,1962
2466,1377
2137,155
1175,1464
259,2926
3504,63
3688,2624
5192,1332
3609,79
3781,2815
4255,1917
2639,2244
4122,2327
2986,73
5023,1496
3910,192
3942,639
1191,2347
4176,2563
1347,2860
4420,2923
2926,2651
5474,614
1654,2788
1332,2737
4619,1039
1633,2850
3747,2241
4896,758
5023,2785
735,2639
5119,49
2261,1860
4241,2749
3549,721
5734,1076
5106,1507
1527,2804
4973,1917
2724,49
661,1377
3336,3057
1223,2578
2300,1973
2180,336
1834,1419
5550,2837
2252,1932
2262,2620
4906,291
4030,2872
2051,1619
432,1675
800,2825
2978,1255
5337,2729
1163,433
1176,2358
3958,717
4001,1353
2552,100
2344,1871
3577,1025
36,2614
3941,2241
4232,727
5658,276
5396,276
551,27
5169,1051
3260,2257
662,43
4862,2062
3659,276
1955,2446
3793,276
5023,2919
78,746
2829,758
248,1157
931,433
382,1157
3004,1513
2083,2631
4460,712
1215,1131
2519,717
5117,487
1834,614
4096,435
4803,1051
4462,2478
4530,892
461,110
5829,2386
3561,276
2859,758
2017,2923
5682,646
1628,896
888,1086
1306,845
1695,2872
4651,2350
1662,480
5101,2586
1403,1717
5183,2396
1083,49
3046,1523
5716,2859
4885,487
1041,2267
5540,2633
669,409
1637,3052
4588,2186
109,1506
937,1917
954,1332
2397,296
3240,1739
413,1917
17,1917
5000,2130
3998,2320
4619,718
2876,1462
4089,1684
4798,2935
4815,2350
1592,276
3075,359
3314,2627
2656,2627
4915,487
455,49
276,1804
1446,1390
2425,250
1728,1076
2803,3054
5387,2926
2157,435
3824,2325
4495,1032
5262,1699
393,110
3705,2633
4484,2371
3047,2633
4078,1683
4095,1098
4148,170
501,2272
792,758
1678,2837
2645,374
5331,2243
5437,2639
1834,1098
3938,333
3847,1935
5679,2926
5527,2532
1496,2796
819,2554
4864,498
3339,2633
259,645
5209,910
4545,1684
2433,87
4220,1335
4479,283
4957,847
774,3161
553,718
4738,2614
803,2586
2281,2325
4223,2922
3029,498
1554,276
4369,2747
2371,498
5857,730
1536,636
717,533
3506,837
4156,2639
1143,2627
5176,746
1979,2145
439,1528
5572,746
5346,1157
2032,1971
623,1837
1397,1231
3853,2049
1169,815
3533,2633
3612,2926
5030,2614
3472,2357
3986,2578
309,2586
204,1072
1011,2858
2532,981
3974,1063
1828,636
3918,1131
3694,2177
4910,1916
5376,1157
5663,433
3266,2639
391,1837
1141,837
1318,1473
637,2243
4412,2578
4854,2923
3749,2234
1660,2341
5655,730
2537,170
3686,1131
227,1032
4050,2347
1221,1890
1978,1869
5376,2446
5042,880
1021,1078
4770,192
3599,2825
2128,1813
5591,2785
842,2244
1040,539
243,1915
1010,1828
2963,2614
2199,1464
1149,2926
4136,1717
4112,1131
5617,973
5820,1332
5357,110
5570,1157
5353,2620
3954,3174
4267,1419
3446,2209
269,1042
1351,27
1134,2244
5532,1804
5668,2631
872,2244
4172,1532
4874,1804
5583,49
3124,1377
3628,910
18,642
1289,2532
1831,2357
1474,1531
1949,2578
5521,110
2759,1629
4533,198
4297,1419
2418,1336
4333,1076
3431,746
3310,1917
4055,2825
2556,2209
435,1869
4951,896
4206,742
3490,572
4555,896
5436,2631
4100,1255
4819,942
3599,2959
2551,2804
4277,393
1023,1258
2162,1531
4863,2180
431,1346
723,966
5711,1523
4267,614
4699,1025
643,448
4435,198
75,1684
5328,1004
238,2614
2430,1696
3552,110
1753,3174
4172,727
2066,1419
4981,896
1613,2605
3743,55
902,1089
4257,276
3574,808
5007,1528
5062,1235
5511,1061
5454,527
2787,2872
1240,330
1942,602
2126,3163
4297,614
4238,973
655,808
65,1531
980,2850
5011,896
5924,826
4664,2478
96,63
4110,2858
2773,880
894,43
968,746
5524,892
706,746
5563,820
2041,2651
5881,1129
3656,409
5662,1765
3358,752
3528,409
4015,527
5735,2243
3013,717
136,1532
838,1804
1012,2923
2254,665
3491,1281
2066,614
3320,1399
2256,1677
4847,276
1273,1917
5781,1837
3998,1462
1040,1157
4856,1493
3605,2699
1227,983
2452,276
263,1465
4929,1971
2451,3057
1315,49
5885,847
3426,1421
521,942
4005,2791
5297,862
1169,1917
5672,739
1515,110
5694,498
4615,276
4350,1513
2607,2257
4859,636
2548,896
2419,2206
1040,2446
3786,2114
4,1362
2800,2837
814,413
227,845
683,896
5908,1366
5345,2946
3545,712
1318,2575
3102,2586
3768,195
3632,2586
4268,518
5462,498
4674,2926
4290,1997
1728,2446
205,1244
1828,3027
4464,3089
2979,2371
3756,3002
1190,1235
3258,1971
5023,1740
1862,2796
4966,2926
4046,2926
1171,2124
5111,806
4827,1047
3638,3131
1160,245
2142,2032
554,435
2414,276
4181,1838
5488,1695
2888,1098
2683,2386
2230,1098
2705,2145
2003,2627
2789,2782
4907,1915
1299,1528
4661,2448
4432,2588
5303,1915
3728,2243
1995,1231
2259,1277
2004,2448
1722,1072
3919,498
2568,2032
5746,391
4863,1993
2394,2633
3863,2818
2688,636
3513,2439
5679,2552
94,1739
990,2062
446,3130
4061,2244
3558,3121
3804,144
1147,3177
5507,1
4271,2239
2430,2448
556,2709
415,2504
57,2796
1065,2586
1872,1366
1870,539
5793,1526
194,815
3659,2614
5820,1629
3736,2080
2619,2320
4176,2352
5286,1695
5518,2984
609,276
1822,498
886,3028
347,276
4838,781
4225,2244
1338,2371
3992,730
2751,2624
1218,734
5643,2117
5307,2922
1640,1366
2793,1345
2397,1345
5040,2578
3321,1464
862,2792
4838,1131
595,2448
2802,2562
4270,1613
1286,87
2991,771
2010,1838
3002,1869
4022,730
813,806
5794,2636
3189,1695
5376,433
5804,880
1932,1366
1999,144
770,1109
2697,2926
3354,981
5111,135
1457,1258
5261,79
2752,2044
436,2926
40,2926
317,1514
1592,2614
174,2926
485,1098
3219,1695
5452,778
5834,880
4244,2620
498,771
1016,2454
4500,331
4598,674
2017,1073
2096,1366
5102,2651
5838,1753
375,1869
4804,742
98,837
874,1058
4938,1496
4762,516
2883,433
5257,2939
2198,330
4295,1804
5086,3057
4608,49
2973,2578
5485,1076
5696,1296
3449,63
4462,1917
4059,746
3092,957
1789,1973
1125,2747
4449,2621
1152,2850
801,1869
4333,2446
1955,730
5374,2184
988,1695
1265,283
769,3085
2935,192
2228,330
120,195
911,1448
3998,1409
3667,1804
4094,1117
5377,2832
3832,1871
4643,1332
541,602
1444,2850
4217,2621
3508,1932
158,837
605,1526
5524,2478
756,1695
1038,2347
642,2347
91,2244
2209,1377
4912,409
4003,3042
3056,2939
1100,192
1454,3164
210,1377
1029,1480
2653,455
5311,276
1775,2209
808,3174
388,2588
1121,1419
2162,1157
2669,2651
2757,2498
3244,896
3318,845
3378,896
3640,896
5372,1683
2147,1034
2923,1255
4284,409
4900,2627
2737,2785
2849,3026
276,2532
3903,717
1535,1409
3883,250
27,2959
2823,1024
5593,1278
5030,2858
5603,276
1685,1353
1986,527
2163,1917
3042,3017
3064,1086
2162,2446
5457,1390
5796,856
5370,2145
4618,820
4370,718
255,1254
5065,2448
289,1804
3907,435
3846,2411
2189,2175
4145,2478
194,1917
3110,276
973,1655
402,2620
1118,1255
1916,1235
4424,2243
5265,2859
2729,1523
5399,2859
2472,2621
5089,2633
218,409
5302,2926
1320,3052
3605,2325
683,1677
1676,435
4033,1082
1452,727
4487,498
4818,1766
2247,409
2863,2627
5218,195
4963,1366
157,291
2553,2586
2864,2448
2580,2689
3635,2325
703,989
2012,3171
3566,276
1974,435
3254,2633
5506,1766
1567,276
2754,1529
4598,837
5542,642
523,240
2529,2350
1760,856
1345,614
5275,2018
111,1235
147,892
632,2627
2108,1539
403,2575
3543,642
2156,267
5618,2357
2753,2243
3403,2325
4518,1258
4547,498
4285,498
1360,333
3022,2633
3101,2926
4863,2424
2803,1017
4890,837
4485,3003
1073,276
2286,498
2668,600
5713,1813
2024,498
4674,458
3760,2747
4457,2675
2106,2782
5898,2532
1058,2627
4640,847
4096,1915
3700,1915
2012,2366
2621,195
2760,539
711,1765
1065,3017
2641,847
1204,1109
3131,2926
3408,1514
137,712
3891,170
656,1277
3206,67
3734,1684
1877,3080
1743,636
3976,1971
1906,2320
3592,1042
4046,458
4442,458
4882,730
954,1873
4770,2209
5840,433
5289,330
3876,986
3654,2859
3279,730
2592,2244
2965,1294
5252,448
1598,2325
3852,1531
5142,1973
2084,498
2215,981
5496,27
1177,1514
3469,1766
3918,838
177,87
3683,1695
4846,110
481,498
219,498
812,1766
2651,730
2157,1915
5094,1151
686,903
756,1642
5768,2785
5417,1804
957,1366
3185,2357
5072,49
2510,498
4643,1629
574,847
2191,1684
3631,1131
1929,1684
444,966
915,2803
5672,983
2516,2383
3641,2758
2908,1675
2271,2552
2042,2500
1197,422
908,319
4433,2923
1183,2244
3863,2578
4940,1973
4833,3042
3152,1254
208,847
2302,2804
1106,1997
2863,1151
4339,63
5824,973
5765,1332
2420,581
1468,2578
3161,27
2794,2485
5485,2446
2078,63
1018,837
2697,2552
2829,1917
5062,808
5790,49
1144,2639
2861,674
72,1336
2369,1932
4470,896
2673,1377
5125,3042
5772,409
3380,2959
436,2552
40,2552
90,1915
1234,2532
4890,1455
2846,3025
146,1258
1815,1531
1204,1377
3105,1973
1360,1890
205,1838
1564,1131
3534,1332
4640,1465
2859,1917
5731,758
3277,2430
2456,746
2626,1157
2760,1157
4260,1409
4208,2939
120,1915
4433,3057
2234,2804
5025,717
5200,718
5394,1523
258,2788
984,448
2527,1336
2183,1526
3411,336
5054,2586
3369,2554
5618,2170
3052,1157
5748,1462
894,905
4065,2257
5921,1390
754,336
90,1110
2760,2446
1474,433
3943,2267
393,330
2530,2923
4531,717
589,1962
5162,1523
3113,2749
819,2424
5658,2858
1907,665
4753,2257
1975,3051
3004,712
4181,1277
3186,2446
1054,1917
648,1229
1799,2825
4366,276
4044,225
5116,1528
4699,2371
3491,49
4356,1251
1775,896
178,1465
2912,2062
1716,1255
4492,3017
973,1147
4713,2427
1294,973
3166,639
932,1523
3521,49
5224,2350
2619,1409
5394,2007
3857,2627
111,1532
5844,2243
687,2631
1260,49
2963,2350
236,480
5568,847
595,3042
2209,198
4093,625
545,1235
4382,2448
5070,2822
1856,2554
4877,2427
5469,87
364,665
2962,435
3803,1051
1265,1332
4164,276
775,2636
255,880
5231,2366
4202,1699
389,880
1583,860
5442,2586
299,2118
851,2631
1424,49
2205,614
618,1871
5470,847
1163,1405
4537,642
3181,2586
4263,2325
4318,2032
5803,498
5407,498
3062,2894
2552,1072
4223,2926
1513,471
3961,2926
3744,2699
2329,276
3542,498
1671,276
5534,458
5621,1366
1994,1683
3885,837
5638,781
1653,1390
3174,1765
4822,1915
4610,1278
3211,2586
921,717
3684,2244
4484,2859
702,1353
2985,2243
5936,1377
4500,2803
126,1385
2621,276
275,727
493,2118
3941,2058
4386,422
1552,1873
5332,2552
4303,2639
3673,2243
3714,2244
4118,2859
419,856
5062,1910
4076,2633
5707,2614
4167,1997
1114,2586
3170,87
2633,3080
2944,498
3078,498
2037,1514
2856,2371
280,2360
4618,1869
3021,1684
197,2325
5257,284
3107,3121
5657,1157
5731,1860
3833,781
1684,837
4426,2049
1138,1078
3101,2552
4185,2926
2755,1915
4603,433
3961,966
1676,195
817,2191
4693,2578
2463,1514
5080,1526
1038,847
1449,2633
3340,1787
1948,1068
4255,2352
5012,79
2885,2146
5920,1917
3633,319
5949,1157
4197,2347
3163,1336
4259,781
1702,1766
2125,1869
5064,1932
790,1684
1848,837
5934,1034
3131,2552
5767,2614
5371,2614
2631,1448
5322,1409
1203,1072
2827,3080
3075,176
3319,2788
3503,1377
3899,1377
3911,448
886,3085
4821,3113
5050,721
5461,63
5854,2209
5174,1696
3164,2850
3534,1629
877,498
10,2633
3200,63
2983,1526
3265,458
789,2371
3048,2675
3571,730
3945,971
1482,837
849,170
5343,192
4651,1362
2266,2639
3286,746
1872,268
5518,947
812,1042
1302,3121
1894,781
3229,1932
5330,896
3454,330
3533,1377
2903,981
1296,2552
1979,1828
3075,1465
2008,1068
4709,1717
5,2639
1350,2788
2609,3163
3997,730
3816,1850
1316,3177
5717,2446
526,806
3931,110
5047,2651
1067,2850
3655,1932
580,1042
5583,2631
707,63
5132,480
903,1695
5746,1871
2599,2825
35,2639
2153,1018
4715,1131
5427,3057
3622,2923
2717,602
3982,2677
4145,1917
4784,1086
585,2675
4389,1496
4203,2272
1481,746
4855,737
1028,1932
4840,614
4909,973
289,2532
2811,1526
3661,1696
736,1531
4528,1281
2144,1440
5007,727
2147,957
776,1869
4955,2257
1235,1629
1240,1973
4093,572
4561,640
4686,1086
4712,55
2332,2430
5226,276
4104,172
4699,1513
5487,3057
2094,572
5817,717
4994,2370
3545,1871
1038,1465
5537,1831
103,433
5480,3017
4723,2257
535,63
748,1110
3115,193
1484,1932
95,3174
3010,2651
4541,1462
3412,2631
5527,739
1743,880
4714,1390
2995,276
5799,2366
1341,2563
1807,1804
5382,3017
5922,487
4217,1523
610,1526
1460,942
5737,2427
654,2764
2211,2796
3956,435
3336,727
3496,2894
4309,1462
947,1296
2881,1086
4142,3042
4171,1528
3732,892
3343,2837
2188,2785
779,2651
1488,896
5593,1335
830,896
1238,721
1427,2872
4004,1765
2,2959
1776,1528
3947,1231
5934,847
3017,3017
5587,739
5552,1684
5490,806
3451,276
3055,276
2793,276
4030,892
33,2430
1518,896
3856,1493
4279,2350
5442,3017
227,983
3267,1098
1866,1579
3380,975
320,393
3809,2586
4948,2859
5509,2926
1357,2641
1756,2350
2919,3017
2155,2621
3506,333
4851,2926
3681,1088
5247,2926
5582,1684
2512,2858
5626,2922
2823,276
2596,1051
3141,2837
851,968
2370,1462
2511,2633
403,2498
3708,2130
4513,837
562,276
5450,1915
5457,642
3843,1042
345,49
1650,1523
3240,1503
1803,1765
5451,73
3847,1915
1403,1831
2236,2586
3318,2325
4089,1448
5090,67
3249,276
4272,2818
5738,1042
2534,1462
4793,1766
1567,2427
2334,2340
2668,1462
4951,2352
5201,837
4543,837
1635,87
2158,2114
3873,1042
3532,749
2172,1231
4223,2552
1554,2350
5307,2926
5155,2532
5437,1464
3226,642
5886,1290
4322,87
2033,1072
5157,2578
3308,2145
4223,458
5405,1367
3507,1042
1000,636
3961,458
4649,2552
3847,1110
4148,284
5712,2049
4886,21
4189,847
5743,1362
2962,2639
2707,1366
4223,1397
1246,1042
88,527
1299,2366
2841,1366
984,1042
3961,1397
4260,498
4986,602
5263,910
1909,605
4187,1151
5119,1131
4795,1973
3974,1043
1737,498
5569,1367
1484,806
2704,2007
3163,1767
4827,730
4906,1023
1910,2146
4169,2450
5349,2532
473,718
4578,1157
648,1473
1331,749
367,1231
2282,971
4880,741
898,867
3453,1
2978,2926
1696,847
5545,1131
1767,498
4417,458
93,847
3694,63
2708,32
1623,2439
4517,1039
54,892
2688,319
5062,2825
2894,2639
5002,330
1032,1971
3857,1932
175,2350
1605,1109
5575,1131
662,1125
930,2633
4185,458
4997,336
1769,170
3833,1696
2993,2244
4772,1157
5279,2651
1993,63
241,2007
3625,1932
2080,971
4757,1034
3410,2532
2611,2327
295,2243
3194,433
4116,2923
4512,2923
470,2244
1206,1346
1612,2788
5134,2677
5682,1728
4259,1696
4973,1039
4656,1332
4157,1419
1987,2850
1636,1869
3895,1419
1374,1869
3943,901
4772,2446
3486,433
979,27
1051,2347
762,2244
3202,674
4153,896
63,2243
834,1366
4502,1804
3008,808
1509,192
1753,2804
2138,925
2291,1167
887,1377
107,448
2046,1336
3166,1367
5439,815
5845,2257
1725,1695
4032,727
4371,193
4512,2118
4777,1635
4183,896
5241,49
4339,1409
2603,880
2625,639
570,330
2311,2923
2583,1167
704,330
709,674
1079,207
1725,2045
3955,1419
2454,1696
3230,1917
2851,1332
5693,1462
1422,3175
4010,2257
18,1695
1703,192
1801,727
2741,3042
2612,942
5210,712
2429,1235
4303,1728
911,1131
4450,435
4396,1138
1471,973
4174,2257
5681,2926
5751,1975
1053,433
1569,727
638,1157
5275,3177
1087,983
2138,1409
3680,409
3991,271
5290,1765
773,793
3636,1800
3376,2627
2641,717
4270,625
2012,3175
5632,2633
465,1579
4204,2257
5625,1462
3935,1278
4808,2371
3395,3027
4133,2956
5809,990
4157,1098
4637,2489
3878,1683
638,2446
170,880
5555,319
2647,2575
56,1532
3277,527
1344,2837
4990,1072
943,49
1894,1025
228,1235
1269,973
804,2334
2991,1072
21,1696
410,717
1568,1040
972,1918
1903,2427
1275,2858
5265,903
5897,1345
1175,2627
1161,2729
5521,1997
946,2575
2730,2586
3162,2243
3437,2448
3797,539
3867,2032
4445,1514
1189,1744
1834,2448
3558,1462
4113,1684
5001,2146
1305,2858
498,1072
5295,903
1616,276
5427,268
4028,1576
2906,718
3568,837
1467,1873
369,2355
3232,1642
907,718
5083,1397
3976,2325
5039,2788
3485,21
3708,1756
1857,1277
702,471
220,3171
3085,87
1908,276
2286,3080
3616,477
3332,718
4720,1695
3202,837
3777,3054
2992,1027
1149,409
488,892
3986,2639
923,820
3016,2552
3214,847
4100,2926
3759,2633
873,2396
4598,170
3295,1186
64,1503
98,333
84,435
1839,2926
5022,1629
1419,2340
4884,1695
5718,1332
1265,1873
5651,110
1617,1766
1052,1765
1506,1935
1284,3054
5437,2029
4890,170
2092,1278
791,3121
3680,1377
4946,2923
3574,1890
4331,1869
5731,1917
1691,1873
994,2699
2835,2490
5223,2450
4001,422
4180,2639
374,739
5632,1157
4276,2347
5405,1932
5759,2430
869,718
2784,458
1397,837
4215,2825
5569,54
4758,1532
1919,2639
4897,1876
4097,1823
2650,1397
4274,2651
2784,1397
4272,2578
1899,2926
2556,981
4748,63
2308,879
577,1448
2206,602
5583,110
2844,2552
4764,192
2047,3174
4485,1531
4879,896
2778,1932
3399,330
5675,49
1036,1366
1394,1828
699,283
2039,2532
812,160
852,498
986,498
1564,2424
3528,336
302,997
3798,1917
3261,746
3445,2553
5768,2118
2077,3174
5790,2631
3797,2446
1462,1366
4215,2959
4096,793
5266,2631
5557,1117
2776,2394
4151,1254
1207,847
5307,942
5386,1235
267,1915
1853,433
2909,2923
5803,1523
3277,1629
405,2788
4562,973
2420,1419
5651,2822
5692,2631
2529,1362
106,2347
3597,2923
3161,1804
1542,1860
2562,721
4301,2487
3681,527
150,2804
3808,2554
4137,1332
3968,1523
3016,1076
712,63
5818,87
1413,110
1597,1917
4207,758
2909,2118
2498,1086
5762,717
1102,1157
2580,896
2654,845
3992,2267
2223,100
5837,487
5116,727
465,721
1621,409
2369,2554
4096,1277
1007,2209
436,3174
5780,892
2872,896
38,2347
5346,2320
1528,1157
2328,1964
1149,572
485,1346
2811,2872
3661,3042
1069,54
66,1362
362,192
550,2872
1228,1804
1429,1528
4507,2689
5718,2084
4267,2448
2010,1281
2670,3017
4134,2858
5347,3080
887,198
4293,636
1528,2446
2574,276
4270,1406
108,433
526,192
5581,1971
5897,487
3433,717
998,2631
931,1409
4890,333
681,480
1118,1235
2555,973
1173,942
2381,820
1701,1061
446,3057
5083,2633
5688,498
2949,1277
3735,2186
4836,1975
2687,1277
3000,276
2521,1739
3410,1837
3725,717
3566,2350
3700,2350
5682,1622
477,276
4305,2689
5153,2032
5466,277
5318,1345
2050,2504
5439,2803
5203,806
2768,276
4187,2818
2711,1462
4995,1042
5167,1526
1044,481
1257,1528
1086,892
4474,781
1494,717
5222,2926
2505,1744
4826,2926
3002,1796
5794,2563
2888,2448
4182,380
5935,2044
2230,2448
3631,277
3975,87
3056,2032
5077,2922
4222,718
2699,2926
4115,1787
2315,1997
2993,1683
264,2396
919,2822
3063,170
652,2478
5941,2209
13,276
2685,749
4768,73
40,409
1504,250
2741,1058
3147,2500
700,2145
4677,1648
2254,2633
1849,2355
5192,27
701,276
2516,2818
3772,458
4651,1366
972,739
1175,1098
70,409
517,1098
5856,192
5926,1685
3876,966
3174,1448
4046,1377
1018,333
5352,2352
5653,1526
2497,2926
3606,2044
1548,498
5219,1419
1754,374
3347,63
2683,837
4092,971
3543,1695
4100,2552
2861,1109
959,1042
5558,2578
5895,1409
107,1765
4088,448
4210,1377
1822,3137
1505,986
568,2325
5907,1419
4028,1336
1173,1910
409,1514
4485,1023
956,1683
3115,63
5916,192
5224,1362
4608,110
671,1699
2250,2244
3802,1932
440,1766
5218,793
5581,845
1288,1109
4032,2394
3927,880
1869,2552
1702,160
3107,2804
189,1366
5288,973
5014,1902
3586,1526
1536,807
3754,1110
2917,1367
1308,2111
1473,458
4541,177
1899,2552
2496,556
4798,1496
5194,1496
615,1366
1473,1397
2192,330
5907,614
2405,1377
1331,1
5178,1902
2765,1131
2063,1613
4632,645
2144,289
4619,1157
923,1869
257,1254
5357,1086
4309,177
1041,3056
3159,2189
5123,101
4760,49
4350,1871
1588,192
1302,2804
2841,752
4699,712
43,2614
5518,1569
1839,942
5218,1277
5266,2257
4151,880
1379,957
3939,435
954,27
5403,276
3553,2651
3090,1429
5010,1513
4471,1235
3411,1255
4245,892
3708,2939
3312,2939
3187,49
4028,665
1211,1531
3790,1251
2066,2045
4851,1641
1549,1526
1153,1526
2247,336
4205,712
564,1131
669,393
4449,1072
2565,645
5433,276
3162,2621
3461,968
5584,445
778,336
2042,1809
3568,276
3974,1718
1584,2651
689,1018
1102,433
4555,717
4658,2350
2913,2267
5148,1231
270,1034
2557,942
3590,1728
381,1804
3871,435
1094,3174
5626,2926
1961,2759
699,1332
1776,727
5439,67
5556,1406
5582,2627
1665,896
2188,2923
2723,49
4421,2006
4956,2350
4560,2350
5676,2639
724,49
3528,1385
2131,1076
4770,847
5711,2633
1308,2729
4005,2478
4148,2032
4101,2186
4024,276
2248,1072
450,1917
4841,498
3762,276
2481,1051
4083,856
5306,1766
2172,1235
4171,2366
1289,2837
293,2872
3240,2796
5334,781
1574,727
3480,2633
4290,1684
169,712
5482,837
5296,2367
3403,2386
4074,339
1531,276
2238,892
5743,1366
512,1051
3984,1385
2755,2350
5456,2999
1070,820
3346,539
1121,2448
5259,391
5468,730
1168,1513
5880,2926
417,3042
21,3042
2566,734
367,1235
4450,1915
2885,487
5576,448
880,1231
522,1523
3357,2926
3966,1
4513,170
5662,1131
127,435
2804,498
5820,27
2938,498
4421,1335
1835,636
2258,739
1862,739
4216,1869
5930,2639
3135,1766
3543,837
5753,2188
171,892
5515,330
317,717
3018,1366
2951,144
814,1523
3080,2244
4568,981
3064,21
2682,3137
3649,2926
3497,2532
4118,1684
4206,1531
4847,3025
4100,2044
2968,498
4456,925
1512,518
4198,135
2033,1910
4282,1526
5342,752
5363,1629
5588,27
4089,1131
5243,746
3006,201
1082,2627
2560,2366
5072,110
4528,1932
1971,1971
5890,1496
2138,2084
849,2244
1981,1346
3163,2255
2602,498
3180,2424
666,847
3487,2352
4597,1695
894,482
5548,1917
2354,1335
327,2320
2092,1335
3095,781
1491,1869
1080,837
4545,192
529,734
4679,192
5890,2785
2841,110
5852,49
1206,2639
1552,832
817,1366
5346,1409
5590,49
3265,1377
2313,1684
3586,1957
5790,110
597,87
1684,1890
2611,1526
1783,1869
4121,2466
4821,2877
282,2146
3317,1917
1362,1058
3346,1157
1730,3174
930,3121
2948,330
4958,896
5085,2923
2199,1932
2266,1464
5344,1871
3804,1254
5039,1235
2506,2614
5906,820
3390,1614
28,1448
5303,1281
513,739
1445,3163
5394,645
5,1464
3701,1506
1918,1131
3580,2677
1959,940
3609,1917
2134,1695
3743,1917
2163,181
3340,746
2727,2209
3830,2825
1552,27
5473,2631
1498,3174
4019,1034
4815,2631
2344,192
5501,892
5936,820
1118,674
4888,665
388,3080
2468,1167
1100,1034
35,1464
4474,1025
3765,336
3214,2677
1306,910
4210,198
3348,2677
3503,336
4072,2708
2448,3174
1036,268
4957,2872
4745,2427
2508,192
4612,2837
5178,1528
451,746
5281,717
2958,2872
790,1932
3558,393
3071,2749
2245,721
2888,3042
5345,1641
5839,2176
5255,435
361,2923
3651,1523
5530,2360
359,2850
2503,198
2899,198
1559,1332
4458,276
1309,1157
1160,1034
2671,721
1294,1034
4912,1385
2458,3057
3917,2554
3886,989
749,2631
1322,49
5212,2586
432,480
4969,1138
5531,87
5579,1067
4488,276
1260,110
2526,1656
860,2620
703,2636
1002,983
5854,713
3118,2699
690,896
3692,1281
32,896
4352,3017
2991,2365
361,3057
5299,87
1431,1281
4256,276
5207,498
1723,2621
5319,1493
2516,2257
2970,2427
5220,3177
3806,2699
2257,276
3494,892
2391,276
5765,267
3244,717
3280,374
847,2923
1778,49
458,896
3851,1129
2450,856
3336,2935
4497,1277
3958,2689
2502,2709
4808,2859
5895,498
2402,815
5089,2320
2284,2257
3134,2427
4918,1684
1012,2586
2287,276
4324,1699
5425,734
2159,276
2381,877
4256,2504
5046,1869
3222,1493
1370,1513
3383,2350
1308,2355
2010,2627
4541,421
2094,820
2653,2504
4131,2243
5552,1448
1959,2847
751,717
5223,226
5037,1756
5663,498
4753,1997
4842,2978
1727,2689
221,902
734,2241
4292,67
2394,1462
518,896
4403,837
1803,240
72,55
5335,817
5352,986
4309,421
4529,2639
2941,1042
3020,1335
2667,1971
3063,1971
4536,1366
249,856
4019,847
923,3052
460,1076
4607,1017
2829,986
5112,1684
64,2796
1528,2637
5413,2578
3410,739
1054,2946
3148,739
5445,1335
5424,458
3375,1684
4068,1648
1525,87
5570,283
5706,1110
5454,2552
43,2858
5918,966
5424,1397
5028,1397
5582,2737
425,2371
1578,2350
4534,1828
3109,1915
5507,2563
3485,1448
4223,1377
899,1503
3822,1033
5047,2578
5448,2922
4785,2578
5457,1695
4030,201
2361,1648
4723,2639
3135,1042
1278,718
1347,323
5290,1932
1928,1766
5405,192
4006,746
3357,2552
3011,1915
2001,2244
874,1042
2830,1345
2119,21
236,2448
5924,1696
2911,1684
3083,2922
414,276
364,2633
5164,1419
969,498
262,636
2760,2454
3426,63
4743,608
5445,880
5569,192
443,2145
4660,2825
2454,2347
2382,781
1769,2244
4417,1377
1841,1366
4234,2424
3628,2614
746,3085
4268,1254
2846,2578
3145,925
1405,2906
2122,1766
4479,2605
3792,1675
2121,1541
2484,2347
1159,2850
5452,896
3991,572
794,1971
1871,1366
4182,1860
4185,1377
4997,1255
4735,1255
2894,1464
3133,1480
4965,1717
4110,2923
2616,2651
3289,1993
5128,957
2010,1151
2433,1254
4971,973
548,602
5727,727
3975,1917
2626,2588
1992,730
4063,983
2014,2209
4660,2959
3304,2651
4362,1804
1877,1157
1082,1448
5879,717
397,1345
132,1828
5116,3175
4393,336
4401,1917
5891,727
4115,1523
3389,1419
1985,1629
2993,1419
1644,1336
859,63
5040,1086
4367,54
4088,639
404,422
5318,276
3136,192
5636,2837
2852,433
3781,896
5909,717
2320,572
2678,1034
3123,896
2557,2959
1877,2446
719,433
3771,1871
2004,2029
168,330
1004,602
1251,2923
1504,925
4680,2621
1784,942
1023,63
1656,1696
2432,1917
3166,192
3761,1533
485,2639
1354,3051
2350,572
4034,2631
5778,2489
841,2651
3678,717
2608,49
4032,2935
658,1254
3920,250
1325,1717
5774,276
5707,1683
1429,727
3072,2785
2676,2785
1845,413
3147,2370
578,1086
1980,49
1474,1409
1078,1409
1117,3057
818,3175
3010,2257
3994,2427
4384,892
4727,1231
2870,2627
1770,1528
2990,2729
5663,2084
4588,1072
2704,645
3846,435
4864,2633
4948,826
5767,1683
4220,87
3311,276
4106,739
1841,2118
3689,636
4062,2130
5861,1695
221,983
4512,2366
2638,2627
5255,2639
427,1051
3539,1042
5466,2859
1775,717
3939,1915
5107,2926
4333,1088
644,527
3013,2689
4646,87
91,2041
3069,2032
2102,2243
120,1281
4950,498
1257,727
3874,739
4030,498
799,815
1205,2257
3839,1684
4288,3008
4613,1078
3050,477
3533,1385
3705,1869
2067,717
4789,2243
4449,2552
2327,267
5527,2357
5083,1377
43,2350
1397,333
4172,739
1038,400
4978,3054
1032,2837
5643,438
2277,2782
699,1873
1320,271
1139,2145
4145,986
4719,1258
5462,1531
2470,144
340,250
3564,2926
3223,2633
3314,1997
4838,391
4762,3025
4540,734
5224,1366
1041,2926
4896,746
4311,1813
3901,1915
1502,1042
5705,2578
497,1523
3442,2532
627,815
2750,1258
5375,1131
4102,2578
2723,2818
4650,1629
1802,1684
1936,1684
256,498
665,3177
71,718
2748,781
1636,3085
3931,602
987,195
2174,1448
95,2243
725,195
3870,2578
1358,1828
4947,1973
4475,2163
519,1258
1599,170
2141,2439
4598,284
2686,1973
2906,27
3018,268
2278,458
2718,730
1832,1869
2085,63
4332,1296
5447,983
4483,1465
5207,742
367,837
2829,746
2180,2552
3004,1501
1459,540
2278,1397
2601,330
3900,2578
4614,1167
3210,1377
4698,1804
2931,1962
4500,1819
2077,2804
1078,67
5211,110
5309,645
54,498
2213,2850
1502,1526
3611,2825
2816,110
2859,746
5030,2923
391,268
4768,2923
5699,49
597,144
1335,73
127,1915
1295,2926
3528,1255
3886,1717
5679,336
4777,1696
4770,717
181,1397
2185,2872
5241,110
1803,2578
2145,63
5732,2791
1532,1526
2634,1917
3238,2620
139,1336
1443,3174
3279,2621
5767,2785
2767,2446
3558,1255
3274,1496
5881,820
4934,717
2014,896
2079,2045
2215,2872
5169,1523
607,808
5132,2395
801,1613
3060,1917
5274,758
3892,727
4305,896
3047,2621
5919,1462
4439,896
4857,1409
2797,2446
3984,1255
4373,276
2191,192
5253,820
5437,2627
347,1793
5218,1765
185,1465
1286,1254
205,1151
5174,712
5678,2689
4993,2586
1237,49
4469,896
1284,1558
4458,2427
5244,892
4141,276
920,1281
4982,892
3667,2837
5128,717
2693,2631
232,880
3716,2729
4074,2437
3626,1523
5052,1072
2674,1076
5815,1997
1040,2487
4414,2478
1513,455
1010,1332
2445,435
3909,276
5595,718
5034,2371
4249,1098
3891,1390
1126,2446
5279,2175
1073,2785
104,2923
2635,717
2382,1025
847,752
5343,847
5081,847
4157,2448
4270,2325
5079,1740
4201,276
5810,498
2475,435
5916,1648
3627,2633
5461,2007
5495,837
719,193
5649,2243
5461,2946
4180,1277
3784,1277
2956,2586
1552,2796
1156,2796
1559,1523
5840,498
5681,1377
4920,498
5525,837
2628,276
5236,734
4255,1047
5136,2782
4690,975
621,193
2833,2371
3638,1078
5601,2552
1354,3161
2909,2366
5719,329
2986,2586
104,3057
3418,2243
830,717
2096,3017
3425,2633
4631,1684
2585,2427
2781,87
312,727
2467,2371
1283,2355
3824,837
5482,1675
1516,2334
3020,1042
1163,718
3360,144
961,1523
3320,2997
1489,1642
2288,2032
4700,2578
4304,2578
2435,739
3846,2639
2788,1042
5692,330
5924,1619
1559,2007
1581,1766
5638,1033
590,2145
4234,1997
2234,3085
1217,2243
902,3171
3772,1377
4730,2578
1882,2633
1075,847
1961,2926
5251,1526
2692,1684
144,1277
5695,1917
5337,2209
1280,498
2876,458
4538,2758
431,1684
2239,1335
1031,3177
5054,1362
1406,3054
2760,283
5098,880
4396,1362
3293,746
5575,1973
2731,2736
1991,2926
3044,981
5735,942
561,1915
5418,1235
573,986
3281,2614
1006,87
1159,329
5675,110
2540,135
2650,2747
3073,2850
4138,730
1714,2244
2175,2639
5568,2872
3491,330
5590,2631
1390,1366
5890,2923
4532,1034
5919,1409
4912,1255
4855,721
717,334
725,1915
4722,1131
5637,1696
3224,925
1772,155
2005,2578
2998,1336
5295,1932
2461,1131
3638,1696
1817,837
5158,880
3890,1917
3883,746
3296,1932
1482,2244
1220,2244
4703,2959
1227,971
1219,329
3169,63
3272,942
5144,608
789,1684
5672,727
4132,110
5014,727
3658,1917
1908,2244
3687,1157
4265,639
1684,284
2917,192
2633,433
3051,192
919,1915
1609,110
5155,2837
2393,192
1686,330
5232,3057
5860,374
1820,330
3561,2923
5369,1076
5441,198
5181,1025
4430,2554
894,515
5932,435
5178,727
4555,1502
1010,1629
2832,1932
1295,2552
5899,2180
2112,330
3330,896
1635,2620
2977,1532
4388,49
3111,1532
5451,2956
3486,1409
5854,717
1703,1034
118,674
128,1362
3951,2677
4949,1025
3001,3057
4439,1677
798,2096
5915,2309
4951,2791
3781,953
2552,198
28,1131
5293,276
5738,892
1927,2620
1474,1332
4146,1051
2776,845
1048,177
2247,1255
3441,1235
2173,2272
5356,975
5538,2709
1622,2923
3819,1595
837,896
983,721
5482,333
2617,973
1223,1871
973,1696
5195,276
4377,3027
3059,2257
5139,1098
5256,1683
3917,3042
4806,2386
2722,2837
1129,896
3789,1544
3195,3057
1337,845
4210,820
1746,1804
32,1034
2303,409
4543,471
5709,847
5556,2325
2636,2504
4107,1072
4248,2243
2016,2796
5175,2633
763,3175
5496,739
5632,2320
40,336
3873,87
2830,276
2255,2031
3771,2062
2353,122
2595,409
3159,2437
1295,942
2162,527
2241,820
3980,2586
5692,277
3529,435
4285,2633
70,336
1370,712
4037,87
3491,1082
1001,845
5619,1869
4017,374
1036,2529
1881,2355
1440,892
4943,539
3277,1503
5127,67
5261,67
3664,3080
2068,87
4500,319
3254,1869
4646,144
5931,1932
4468,781
5870,1464
4330,847
1157,2832
3306,1278
3490,3085
5129,1429
3721,739
4612,910
767,3027
5939,1419
3814,1869
4877,1366
2017,2350
4415,746
5552,192
5803,1531
5407,1531
746,3089
2482,1366
742,1627
3373,1345
762,3033
3360,2803
5552,1131
2281,329
3542,1531
3745,170
1219,276
4768,268
1490,739
3448,1869
4790,27
5186,781
1340,1734
3573,63
3559,2639
3846,1915
2901,2639
3187,781
5857,2117
337,1699
2333,3121
4487,1157
5148,674
1581,1042
5284,2255
5772,1255
252,837
1451,1915
4811,1254
5423,320
2498,155
3394,2922
2365,2255
2303,1377
3127,2578
3523,2578
3910,1526
754,2926
3865,63
3603,63
2939,837
4517,1157
1961,2552
4201,2614
1367,1813
598,319
3201,433
1243,57
4479,1804
3815,2578
2694,602
1046,2926
3291,2578
5079,1045
199,21
808,1068
3485,1131
4646,1917
5126,2554
2851,27
3453,2347
2128,2850
2023,1336
4320,1932
4647,2327
4726,2620
4960,572
4913,2446
1991,2552
50,837
5223,393
1639,1346
104,1073
183,1366
1303,1397
4956,49
1384,73
5666,1902
1188,2578
2060,63
5511,1964
5840,742
2510,1023
2587,2209
1823,1813
3249,1362
2122,160
1150,27
2237,110
2595,572
126,458
3383,1362
4986,49
4838,1871
901,2706
5194,752
1396,433
2452,2923
3992,2759
3321,2554
3187,110
2975,1917
2596,1332
1336,540
3958,896
1857,1932
3108,2446
3765,1255
4062,2939
4697,1235
1550,2189
5218,2627
2957,1496
1954,2804
4879,717
481,1157
31,1860
3766,1076
2962,1281
1859,665
2647,2209
1855,3175
1289,320
2742,2446
844,1367
5362,1975
3120,1086
5488,2114
5028,409
40,1572
2268,2563
22,1932
622,207
758,1034
329,2614
5907,2448
4078,1728
1478,1131
3534,2796
3515,2554
786,49
5347,539
2773,1917
3165,455
2157,1419
5632,1462
1320,3174
5253,877
4062,2134
4141,2427
502,1229
2831,2272
109,746
3428,276
1413,1086
5900,1627
1285,1086
526,1034
996,983
5163,3054
1613,2837
4706,2586
2760,527
2063,1353
5838,1688
3979,2257
4053,2206
2296,3052
2853,2411
626,110
2890,758
4160,1514
3542,2633
1608,2651
1678,1138
4290,806
1910,2427
5148,837
2710,3042
2039,2837
2961,409
970,1051
3747,3038
4805,2191
2580,717
405,1804
2616,374
718,49
1217,1682
2416,2006
3980,3017
5196,1258
2522,712
3162,1072
4170,862
218,665
1847,3017
2420,435
3748,2859
706,1917
2282,2191
1217,2621
3884,276
4570,981
4947,1493
5836,837
2658,2478
3721,1975
2019,276
5393,267
5835,1366
2311,2370
26,845
2686,1493
5170,195
607,2288
108,1409
4201,333
2895,1078
992,409
4772,1088
2948,712
5785,2188
3591,3033
3608,2448
1459,2504
2930,1072
4862,981
1959,2827
3602,2633
4457,3147
4875,2906
323,435
4142,1042
31,2478
5418,2552
3101,2243
2332,1503
480,1523
4456,3080
1622,3033
2726,87
1862,1739
2896,498
2452,2736
5650,27
4626,458
3623,1766
5371,1366
2157,1098
3635,837
5052,2552
1463,3161
3947,1109
2557,1971
659,892
1459,1699
1636,3089
1894,1627
5607,330
4626,1397
5856,1034
4791,1464
4897,1860
4646,2803
4484,1
25,727
682,2946
2380,739
5888,730
225,2478
4659,1695
5216,2552
3529,2639
5241,330
5771,330
3231,730
3343,971
3083,2552
3019,847
880,837
173,975
3153,847
4078,602
4284,2922
3589,1377
3614,3127
4992,1696
5148,1455
2142,170
5590,110
1225,498
829,498
2241,1869
1568,837
3796,1828
1284,1078
2639,1915
3783,2532
4012,140
3411,674
3542,1157
940,487
4443,2578
4448,2922
714,144
3369,448
526,847
1930,2357
4137,27
5804,1917
3792,2244
5383,1860
5498,1810
2465,422
785,734
847,2366
4341,2651
1335,1366
270,1042
3303,2430
1990,2758
3387,1377
999,3137
4822,480
2657,1531
4983,3057
5186,1696
5858,2503
2195,3163
1737,1531
5748,645
5834,1917
343,739
539,2371
4223,336
5664,2637
2622,1695
46,1684
1457,201
4318,2825
5162,706
5699,2631
2825,1465
3606,1276
309,1505
712,986
2570,192
536,2450
5453,2575
2024,433
456,1932
1053,498
703,2563
4211,2554
5768,2586
2652,1695
3207,1917
2276,2347
3766,1157
3143,1932
4393,1255
3818,758
3441,808
220,1813
1746,2532
2054,433
3577,1635
2274,2651
3835,173
5810,718
3184,2872
1107,330
4261,2267
3247,942
425,1464
4468,1025
1942,1131
1467,1804
1066,1460
3724,1281
3328,1281
5852,2822
621,63
3766,2446
3721,983
2114,2554
4674,2032
5001,2427
5593,87
1372,1917
3170,880
3258,727
5840,718
1535,1157
5752,1837
5774,2350
877,1157
2635,721
4143,2554
4938,3017
1648,1973
2909,3175
4705,1503
1004,1871
742,1871
4529,1277
2010,2554
2841,1728
5623,87
4976,276
690,957
5211,1082
444,901
2042,1496
3991,820
4192,2796
4,602
1265,1804
3803,1523
928,721
3187,1025
3541,1523
4706,3017
5031,333
5886,847
5624,847
4433,2858
5806,329
4878,276
5122,3080
5673,739
554,1419
2870,2257
2601,1086
4822,1098
3600,3042
4586,67
4960,1971
4736,3017
773,2631
4507,713
1695,2677
4327,1277
5614,1448
1875,1332
1209,717
5211,277
3182,435
1055,250
1836,815
5406,1684
2830,2427
3171,276
1725,984
5223,2731
4497,2627
5663,3003
3354,892
2382,1513
5319,749
4093,1231
2278,409
1882,409
2542,2145
1138,2355
2470,579
5140,1915
3743,852
977,717
2568,333
1866,815
1530,2586
3839,2253
5430,1869
5748,458
2365,2633
5223,1576
282,276
1968,718
5748,1397
2234,3089
4037,144
4997,2926
4735,2926
707,2145
2832,2257
4115,966
3920,498
4847,2578
2951,636
3583,1078
3831,2146
436,2032
1599,2699
1811,892
5596,1915
1332,2355
1695,3161
4324,2244
4396,1366
5313,2758
824,1390
4067,144
5770,1
4875,2532
2068,144
2861,2032
5612,2044
4877,2578
3129,2978
410,2689
31,2104
2973,1684
5549,1695
2042,2114
476,276
4779,730
164,2633
3827,283
4255,730
3547,1397
4662,330
2227,2244
759,749
1451,333
5308,2922
5041,2578
3304,2578
4169,1336
194,2633
4361,1506
1604,3177
5201,2651
502,1473
789,749
1812,847
4267,2029
2720,433
1376,1448
5548,665
5456,1076
1106,806
5407,433
4245,2620
4460,330
764,1042
2421,2244
4984,2959
3401,1706
4939,1496
2590,2430
2488,433
3326,1532
769,2325
5616,957
590,1828
2083,155
3905,458
5395,2651
2456,2588
1513,1695
1635,2624
4116,1809
4582,296
3396,2651
4850,1804
2914,433
190,2244
128,1366
388,539
5379,3057
3708,2923
570,21
5850,198
2123,2563
1443,2804
3339,3056
2327,1804
4450,1281
4906,1332
5790,1086
1445,2850
337,1890
1130,1526
803,1131
3401,901
3886,2636
5679,1255
1599,284
5410,276
2232,1917
3722,727
4331,808
3078,433
3604,2923
4521,1871
4985,2729
5417,2386
1635,880
1112,2825
2121,3025
1338,2579
4540,1332
4614,1281
3943,1076
4277,198
5536,3017
5565,2257
1124,1869
5255,1277
57,910
5303,2257
2870,2554
2524,1917
5485,1739
2608,110
1812,2620
5181,1513
1767,1157
3809,480
4461,2355
975,433
1503,2804
4416,892
157,2430
5059,1523
1843,2872
5729,2257
4679,713
1021,1717
2277,2575
5430,877
1018,1419
839,3174
4949,1513
5420,1098
1132,1706
1359,2651
5915,2797
877,433
1278,1531
1537,2923
5615,815
1724,2749
291,2029
1674,942
2185,892
1412,942
2620,820
4621,2586
2331,717
2675,527
2218,2503
4056,333
5577,1462
3894,2257
457,1917
649,2087
4090,856
5313,1766
865,2651
3472,1975
3828,856
4561,441
2962,2627
2215,892
1838,942
4223,1385
5718,539
582,1804
2832,2554
4389,2586
2099,717
3938,435
2534,645
5292,1828
5827,2926
4545,847
4679,847
4061,276
108,1332
4728,739
388,1157
998,1086
1404,276
1149,1255
1983,892
352,2631
1064,393
1296,1682
2698,645
5199,2926
385,1990
502,2575
5163,1017
1016,2796
4132,277
4214,87
255,1917
4758,739
2163,486
4518,498
3114,1462
3585,1047
5161,1129
3863,2489
1568,276
575,2272
1172,276
597,2031
2894,2627
4255,1027
4608,391
5439,319
5915,248
1558,1251
5229,2926
4407,108
160,717
1328,1728
2188,2586
335,718
5737,2578
4548,498
5153,837
1336,276
6,435
4541,458
5718,1023
2577,1765
3014,1766
3427,1935
5070,21
619,2355
4225,1915
3165,1935
3060,421
3963,1915
3574,642
1826,1042
2388,2243
5688,1531
5351,448
497,645
2904,847
3394,2926
3790,2926
3449,2633
2642,847
3528,2926
5851,771
644,1072
1762,276
5667,2347
3991,1869
2790,718
4309,458
4378,63
4440,1695
3464,2352
785,1462
1657,2145
5384,746
2087,975
2305,2366
3138,3121
1713,2454
4645,1346
2552,2243
4331,1910
463,2350
578,3054
4731,2029
383,2586
419,2243
4318,170
3633,67
2573,87
3932,2578
167,487
5143,1973
4797,1336
3059,2424
514,2288
744,498
4847,110
5186,330
5718,1157
260,2371
2020,1042
3152,144
581,477
2623,2244
3162,2552
2420,1915
3643,2825
3846,1464
4290,192
3230,966
3610,433
1910,1813
2266,1448
2400,1448
321,2243
1450,1828
2876,1377
2296,2788
3284,448
5543,752
4937,942
4565,1336
5585,1917
5189,1917
5182,746
3320,78
1336,1699
4729,1932
3249,1366
4467,1932
3340,730
566,734
1061,713
2200,986
1713,2588
1312,2244
1947,540
4393,2922
3253,2424
1467,2532
209,847
4385,1526
4199,3056
5572,527
5437,2554
520,739
2534,458
89,1684
937,1027
5763,1034
1019,837
4066,433
1559,27
1669,2639
1970,1813
2904,2620
4800,2872
1715,540
2460,1448
4956,2631
3643,2959
5472,1235
2175,1464
3336,1496
5693,645
199,1448
2736,942
1313,910
3224,2194
4118,192
5025,896
5095,1635
47,2747
3545,330
1065,781
1999,1588
3974,2133
1116,746
2877,3025
229,1448
626,330
4797,665
822,1962
3372,752
2446,1526
1121,2029
2564,993
3034,1696
3137,2575
3827,1332
2890,1917
1335,268
3315,1157
1699,3174
402,63
1596,43
3023,2446
1237,110
5452,717
918,330
2138,1531
5247,1251
5400,527
3151,2631
5625,645
1536,1840
1512,1254
1887,1131
5481,2586
3316,1917
2460,1932
4495,276
5300,1235
4629,276
2153,2189
5336,892
518,746
5379,1528
1767,433
2696,896
5462,250
1442,1804
2458,3175
3848,815
4907,2822
3112,2652
5584,2283
852,1157
3515,3042
2582,2837
5075,1093
923,808
5377,3121
465,896
814,1804
852,2096
666,2872
4608,1627
4389,3017
5261,2946
4889,1088
3684,195
1115,1917
5463,3080
1559,645
2605,727
4611,2837
901,645
1278,1157
273,1076
3072,2822
5417,2146
2428,276
5141,3002
5313,1042
3852,718
40,1255
2803,2782
547,2749
5865,966
758,717
1255,1523
4224,2926
4864,2320
3171,2427
4631,806
4695,67
3239,87
2019,2858
732,435
2196,276
854,2118
2017,2785
2991,739
4180,2627
3615,374
4807,1971
5884,1366
1323,876
4148,837
70,1255
5827,2552
5763,847
4434,642
592,3057
499,614
3883,539
2558,1796
25,3175
4175,2633
1933,1744
1522,712
2824,1915
3913,2633
3992,2926
1170,1950
31,1677
5148,170
3907,2818
2489,3130
2181,2977
2360,276
3177,498
5572,1629
2270,1514
1174,2631
2144,3095
2072,1529
2928,3177
3350,2146
227,276
5693,1397
4773,1397
3376,334
4284,2926
970,734
3532,847
4022,2926
4418,2926
4841,1531
3318,329
3865,498
5482,581
2431,277
320,625
5141,1042
3193,2320
127,984
1324,481
2468,1098
653,276
1208,498
129,276
1676,374
3745,2244
712,856
2618,1042
5818,880
1396,734
3166,847
1098,1831
1285,903
5555,1409
4550,1890
5625,458
5771,1973
5298,63
3314,1684
3976,837
5655,2552
1768,498
5737,110
4407,1023
1733,477
3364,458
3713,1366
4126,781
1022,2371
144,2627
3528,2552
4340,2430
3182,1915
4918,192
2915,2325
3393,2327
5690,2923
3386,1910
2474,1828
5827,942
2217,2926
4631,135
3344,1684
1069,847
2688,67
5855,2209
2725,2578
3528,458
3397,1695
425,1684
4207,746
4530,433
5344,192
2553,781
2341,2588
2012,1366
3338,1465
3811,1685
3528,808
3323,2096
2554,602
4710,27
4811,79
1082,2371
3427,1695
3153,2624
5839,2241
3841,746
4185,556
4328,110
1055,925
2633,2588
4407,1157
5690,2118
1330,2850
1225,1336
2261,730
3104,1419
3271,1532
36,2639
1223,1448
3914,1409
4158,49
923,1910
5431,1076
3760,942
1834,289
4657,2621
4211,814
4407,2446
4785,1086
1206,2383
4846,49
5355,2370
539,2859
3615,2631
4589,393
5857,1076
4052,942
41,1828
5595,1076
586,1362
4762,2041
3266,1696
126,1377
537,3163
950,2578
974,3164
4176,1917
2902,1419
5732,2478
1797,2450
5355,276
5539,2837
5489,276
5093,276
382,27
3017,3062
3949,3042
4632,820
1366,2614
366,433
4705,2796
5498,2432
2667,1902
1908,1850
3668,2241
5385,276
837,957
4555,758
4861,276
5097,3027
2125,572
5618,1975
2980,1086
1944,2446
5655,1076
5526,2386
2294,758
1630,1532
1003,845
640,793
1130,2872
5836,333
5674,2257
3468,1025
2365,409
3105,973
4044,2124
3703,1831
2285,645
5397,636
1133,1076
4572,1462
186,973
3684,276
3288,276
822,433
844,192
5383,1677
2361,1579
2144,3042
4601,1641
3498,1025
621,1840
5213,2397
1356,717
3018,3017
2629,1744
5005,2633
4227,87
4096,2822
5682,2094
3187,1513
5026,477
4305,717
2603,1462
810,2651
1586,2872
3723,1493
3377,856
2124,1235
5281,2689
2163,409
2595,820
2383,2627
898,1717
1992,527
5898,1345
4624,847
2382,712
4479,2186
2679,2396
218,645
1360,435
350,572
1731,2822
1306,1138
1406,3062
3071,2627
4091,734
4268,2124
2067,1990
2309,1523
3876,2243
4506,195
5540,2926
194,409
4803,2633
4725,498
2978,2032
1032,727
2548,758
3200,2633
2723,1513
2597,2340
5904,1109
855,276
4002,1042
2675,718
3086,2504
3466,1971
4610,144
1626,2782
3013,713
1574,902
1347,1677
1705,1385
3986,1448
1479,1042
1897,1555
1568,333
4209,739
2913,2926
5640,2352
3059,1997
4215,2439
4547,734
2468,1529
885,276
5376,27
2210,739
3251,477
3770,1042
566,1462
707,2633
3095,1627
700,1462
2861,1231
2959,1766
4664,730
4459,2018
4108,283
4254,2552
3495,2500
3992,2552
331,1595
4016,1448
1473,1385
3379,2325
2708,1366
3945,2736
4626,1377
3339,2926
1040,1503
2998,2633
587,2689
4912,458
5300,540
1285,1684
4284,2552
4680,2552
5764,674
4418,2552
4671,746
5908,1362
2993,2639
736,718
4841,1157
3017,781
5362,2357
5675,602
4898,910
2656,21
5032,910
4144,2922
3954,2044
2008,739
1612,739
4284,458
2398,2614
5688,433
1813,2900
3181,781
1307,1042
2964,2244
4284,1397
4743,1157
1630,1695
3588,2825
1284,1058
3839,192
4689,2614
2608,330
4967,1804
187,1950
4041,2578
5763,957
4166,1526
3207,2352
4055,1695
719,498
4610,1917
797,2818
3023,730
4981,1860
511,734
934,837
1398,1695
3356,2825
4399,192
2012,3086
5584,1372
4517,413
995,2244
599,2244
4379,2923
4076,2922
5444,49
96,3121
3403,1890
4388,1696
5028,336
5570,2605
778,674
5456,2503
4590,110
5431,2446
1372,2352
5596,793
3846,366
568,837
5439,55
3737,1362
3064,330
1763,1419
629,2244
3069,674
3015,1377
439,1366
4223,1255
644,2552
2748,1033
4809,3042
1442,2532
4310,2163
1872,1362
5676,2627
1409,140
1488,433
488,1258
2900,1804
4679,717
5546,2554
3352,1147
3696,957
623,2614
198,1684
5705,1086
5939,2448
1376,1131
2553,1696
5932,1277
1114,1131
3017,110
1697,957
1480,3174
5852,1513
2968,1157
1564,1367
5523,291
55,63
927,2244
2706,1157
2083,1932
3341,207
2470,880
3356,2959
3700,2769
4832,1871
3333,1255
4527,1235
948,2532
2603,1409
3320,269
2470,1819
1026,910
5465,471
2961,336
4683,435
5751,276
2573,1917
1243,2830
5949,291
553,1629
3892,845
2968,2446
263,335
2706,2446
5003,3042
5215,1235
2656,639
4953,1235
1548,433
5438,718
2124,1532
5176,718
1609,1086
4358,1025
5596,1277
2148,3057
4949,712
4768,2586
40,2922
1793,614
1278,3174
4951,2478
90,1696
144,1932
5772,1129
1133,2446
3547,409
2535,1409
2600,306
3481,2041
3159,1990
5678,713
3613,1406
5745,2689
3750,1677
3915,1744
3230,1641
3531,815
3749,2206
725,1281
3244,758
1862,727
2337,1774
3627,1462
2610,2872
2147,896
4062,1390
3050,892
4371,2145
2265,2837
4436,1042
5260,2243
5635,1366
1468,49
611,2872
215,2872
5327,1021
3305,2350
2553,1025
4177,3033
479,2164
491,1235
4187,1277
1728,2605
3846,984
568,1455
3529,1277
4100,2032
5751,1699
1840,2257
5257,2130
3827,1873
3020,87
5766,2007
2373,276
2111,276
4781,2366
2952,892
641,2872
596,1409
1229,3042
5544,847
4983,2500
783,1235
1084,409
655,1235
4471,2325
3664,539
5190,1258
5445,87
4142,1103
2280,435
945,250
4646,636
3694,2633
4957,498
5091,498
1197,471
505,1641
1742,2257
1745,276
3092,498
3004,2371
786,2822
3587,477
3819,1766
2836,2006
735,3042
5069,1089
5826,1068
721,892
4506,1915
5272,1448
5748,1377
1102,1523
1878,1744
4199,2926
5099,739
3937,2926
3596,2633
36,1728
3384,498
5772,458
221,727
1859,2633
35,2257
4534,1869
4821,2865
1725,1098
3203,837
3372,2366
3045,1971
1947,1699
1427,3161
3531,144
5270,1910
2076,574
5906,808
2258,2500
3659,329
4610,2803
4727,170
5269,2439
838,487
5884,268
1216,847
1620,1462
584,2822
2571,1684
2150,1627
1102,718
5300,1910
2466,1109
4393,2926
265,975
3047,2552
4035,966
5623,2563
879,2366
5077,2804
4901,2578
3419,1377
3187,2562
2863,1684
2467,1684
4764,1526
435,2325
3805,2352
2227,3163
5823,1281
2657,2747
1055,498
659,498
910,1837
309,2371
672,3177
4824,1018
2815,2552
2256,2588
3498,330
4854,2358
72,1869
5268,1409
5350,1973
2974,2804
2554,1464
4794,1526
470,1915
2765,1684
289,1345
3009,2044
4048,1147
1701,2716
5446,2620
3146,63
5666,2394
4871,433
172,1699
1345,3054
5299,880
364,1869
1823,1366
3664,1157
1243,2777
5663,2096
1215,729
1299,1366
1657,1828
5776,1973
2689,2978
5540,942
5920,409
2723,2562
2883,1531
4813,3057
5018,79
3713,268
2498,1131
2236,1131
5715,2636
4273,2554
5663,2446
1945,201
2731,1110
5319,192
5021,727
4410,2825
1170,1336
4962,1086
132,1869
1190,268
3664,2446
2089,330
2400,192
4499,49
3069,2044
1231,1962
1382,1377
1315,155
2148,910
2292,2352
4108,1332
2766,3174
2162,27
4958,1502
4156,814
5581,727
4940,896
5014,845
1817,2244
1079,817
5760,2355
5192,2837
2119,330
145,2639
5943,527
2433,1429
248,1828
1805,1860
3336,2923
5337,717
5741,3052
4729,2554
5890,2586
1798,100
633,2578
1314,1973
5178,845
1458,971
2822,3052
5269,963
1707,1675
5893,3042
5691,1595
5763,717
1552,983
1564,54
344,2825
4370,527
2776,3057
4151,1917
5379,727
3309,1076
5549,1138
1452,752
886,2061
199,1131
2933,1728
5123,2427
5505,277
5202,276
205,2639
3336,2118
3687,1409
5676,1098
5359,2145
1365,2446
1293,880
1341,1860
2005,1086
2535,1840
4309,409
4529,2627
4400,527
4660,1390
167,2532
3532,717
612,896
1304,480
3568,374
4798,3017
5485,1503
5851,1072
4961,2257
2012,752
4691,2396
229,1131
1576,1353
1877,527
5287,2427
3506,435
1042,1419
780,1419
181,336
4336,892
4420,1529
2658,2031
858,2241
1178,1465
2358,49
5028,1385
1165,2923
67,2651
1700,49
2096,49
4585,815
3181,1025
4822,2448
5598,1915
2692,2554
3428,902
5262,276
5155,1345
1736,645
4554,2633
4124,605
5457,1683
5061,1683
3736,2186
4327,2627
5216,1971
873,2872
1883,291
1655,1595
1727,717
3690,2191
2760,1503
3350,2500
4071,2822
614,1076
3408,2478
115,1917
4619,1873
3165,276
4378,498
826,2652
5806,1813
2605,2504
1361,717
4217,2243
4827,2926
627,1661
5558,1684
4193,1068
3608,2135
4208,2130
2310,1051
5345,1576
3559,1684
1513,2427
4895,27
116,3027
460,2837
4550,2244
2748,1627
993,856
3823,1915
5029,966
992,1385
3609,1397
1885,2191
1845,1072
664,3017
2913,2633
5886,1526
5254,2747
20,471
3752,170
4903,1766
4519,837
1033,2325
5816,1696
5303,2639
3851,1869
1915,498
4714,2244
645,1462
5930,2737
627,856
4199,2552
5043,433
263,579
5395,2578
5734,2044
4309,1377
1019,333
4818,1254
4529,1151
1982,380
2056,329
3625,1684
289,487
722,2032
1811,498
5482,1419
413,1462
877,2320
583,1873
1765,2782
3124,1109
5423,2532
4750,746
2745,2244
3168,2347
5207,433
1358,1869
2879,2244
5740,896
2476,1073
4552,2424
5383,2352
1360,1915
3896,807
4407,1511
3961,2922
39,847
5682,1830
2714,837
3574,1695
4393,2552
5200,1332
5499,433
4943,2430
2596,27
2840,2639
5770,896
4065,1932
319,837
4918,1619
5520,721
5709,2872
479,2058
2564,489
3271,2825
1404,1813
1786,1915
4327,1151
3293,140
5547,100
4280,3025
586,1366
4032,2923
4400,1629
2120,448
3369,135
3804,63
5297,2554
4901,2554
4810,746
4951,1917
4763,2620
3751,2122
3699,1932
1409,63
2677,2244
4950,2446
3148,1829
87,837
4220,880
4268,1860
5751,1943
1267,2639
1299,3086
4121,120
678,2244
2744,433
220,1366
4749,1409
5389,49
20,2244
2534,1377
4831,1973
4724,3042
2403,2614
4674,1235
3879,1526
3834,63
1931,2804
4897,2970
7,1258
845,2357
4981,1917
5889,1503
402,1787
1828,1336
2974,336
4980,2446
2175,2383
647,837
2078,2450
4934,758
529,27
1446,1419
2012,110
663,781
9,2243
4448,1804
3271,2959
1037,433
5431,2503
4032,3057
4725,1523
599,207
5657,1503
865,2578
1479,1717
1738,1419
2942,2087
3867,1650
4577,2749
805,433
4365,614
1159,2651
956,602
851,2306
3726,856
5665,1744
2737,1281
2566,645
5940,636
3276,2498
5196,892
139,2450
932,1332
469,110
3390,2785
680,330
284,330
1189,2651
4236,1493
230,1033
247,448
1085,1547
1515,1131
4142,1831
2767,527
5136,2689
3028,2554
2596,645
3642,727
4574,2427
4613,2355
587,2209
1777,727
4452,717
1733,2872
2244,2822
1344,845
5859,1744
4859,2007
57,2394
2588,942
3570,2729
3680,3089
3697,2504
2453,717
5166,2689
5414,539
2587,717
1828,665
264,2872
577,1871
1764,3124
4859,2946
3960,2325
3182,1277
2888,830
816,2796
317,1917
3631,1103
334,1332
5104,498
5238,498
2839,2631
3707,1098
3745,1390
2998,409
2776,1528
5854,2689
4107,1971
2727,2575
2221,717
2429,666
5151,2946
4801,847
737,409
4913,1088
95,942
5367,1258
2450,954
5098,87
1187,645
5268,498
1971,727
529,645
3206,1462
5253,1129
4267,1098
4346,2145
5341,195
2421,374
3259,1473
5086,1366
1034,753
70,1235
2921,2417
505,409
259,942
5794,140
2210,1093
4154,2325
2712,2243
623,2350
4959,1032
2156,1796
361,2350
1825,2191
2966,847
4067,636
3511,2633
3115,2633
5345,2007
4297,1098
1038,1811
759,2396
98,435
1562,276
177,1482
464,758
1746,2837
2121,1960
3109,374
3668,2058
5445,144
2365,2320
5574,2244
56,963
3118,837
4417,3085
4054,3033
666,892
4324,642
5693,1377
452,374
1040,2796
1047,1523
4156,1997
5243,2080
2239,87
2783,739
1836,636
2882,718
1552,877
3398,1766
4797,458
2090,1684
2066,1098
4392,2624
4194,2639
3536,195
4656,226
4401,1397
4797,1397
5948,741
3160,847
854,3171
2140,1397
4634,63
3574,837
5640,746
1307,2335
2995,2850
5679,674
3172,268
610,717
4925,1932
5625,1377
2638,334
4374,2583
2949,1916
3491,21
5891,1496
4836,2614
4230,2804
5376,1804
2492,1448
3922,207
5823,49
3364,1377
4515,721
2326,1910
3592,1766
3986,1131
3750,2352
3999,3056
5274,746
5453,2209
5885,2620
3358,781
810,374
1605,837
1054,734
5144,1804
1073,195
4218,2578
407,334
1372,2706
2456,3080
3528,1377
5799,752
1583,2926
31,986
4931,1696
5700,746
5445,1917
2219,2578
5462,1332
5932,1281
474,2495
88,739
2416,648
822,734
1971,1695
2718,986
1651,27
5221,896
4030,433
3068,1742
2462,1932
4719,1409
4086,1496
5564,1235
5607,1871
3165,2614
2419,2235
3198,1973
4234,1367
259,1910
4731,1419
5598,1004
2246,1526
83,1684
945,925
2990,2209
3926,433
416,1335
1761,3174
5116,2923
5407,1409
4383,1086
1217,2552
4544,1943
136,1695
227,1813
5387,942
225,986
4755,665
3473,1804
1589,1377
4264,3057
5596,1281
3228,1973
36,1464
2992,942
3986,2554
3244,1917
2998,2450
2449,3174
3832,2087
3889,2621
241,1869
1299,268
3558,572
4279,1086
2656,1932
3728,983
3941,2030
4479,2837
3147,2923
4078,49
1149,674
5678,717
3816,49
2303,1255
3798,409
4142,973
224,2804
3156,942
4412,2554
96,2804
5079,3017
4480,214
333,2747
4587,276
1409,1917
5117,276
2288,2825
3315,413
4643,2837
5431,2129
5749,718
3273,2631
3206,1409
2054,1840
27,2825
4180,2554
214,2651
3445,2334
2688,665
945,1409
3529,1281
5434,333
1423,1973
3192,198
2668,198
5147,276
269,79
1831,455
2667,727
1268,1281
1311,1917
5375,2355
2505,2651
3525,758
4358,1513
944,1157
851,1932
5047,2489
5522,2782
4212,2627
5363,1971
1371,1409
5400,1072
2852,665
2945,856
5541,2243
496,2872
3316,1523
1217,942
1010,3093
1296,1235
1597,409
1993,409
2364,1076
3061,250
4821,3085
5661,847
719,665
1365,2503
2564,2827
4763,636
5943,718
3804,1462
2450,1035
4714,1683
249,901
1703,54
5206,2145
2520,276
3179,3130
5632,267
587,896
3722,1837
877,1409
1331,1579
1066,2062
5881,1910
3343,2191
621,665
879,3175
3249,2529
1060,712
3056,2134
4952,2386
4587,1699
1087,845
5252,1335
952,2872
489,896
3944,2007
3966,1766
5809,2946
3978,837
1571,2355
4814,1109
5177,1915
2407,2627
821,1076
1650,2621
5764,170
2403,2858
5240,170
3722,1032
5339,1869
6,1277
715,276
4586,319
2459,2386
3187,1627
2175,2627
5341,1915
4465,2244
2665,2454
5335,1346
3504,2243
2944,1088
4594,1873
2450,1519
1001,1020
316,163
1018,435
3117,2736
770,333
3695,498
2249,2926
1526,87
3749,734
1149,137
920,277
5842,746
2654,1699
1470,717
465,636
3605,2675
561,1098
3718,2552
1744,2417
1273,2243
2402,1828
5129,1254
106,2396
3344,806
200,1277
909,276
513,276
671,862
5084,3174
3138,1869
842,1683
2853,2639
3572,1572
1452,2366
705,1385
4912,1377
2002,2244
1699,2243
2406,2859
2828,1828
4729,2424
4257,2614
4897,1254
2443,2926
1316,2478
5750,1695
5689,1419
1232,498
5845,1932
1175,1684
3766,283
4299,746
4390,110
5680,2804
513,2504
2032,2244
5812,2923
2858,1828
631,1971
2334,1828
3965,2563
1422,2500
3846,1151
4264,910
360,2639
2153,1258
5287,1008
3919,1629
4540,27
1756,1033
5457,1419
3106,1526
2409,2352
3519,1695
3152,181
4874,2532
4158,110
2485,2347
2487,730
4424,983
2306,160
3921,1860
3895,639
2183,1258
1181,1448
2879,2651
4995,957
365,1828
2182,1033
5883,1419
355,2803
4896,1917
1778,391
3512,1813
733,3163
5946,2118
4895,2446
836,2352
2226,2244
901,2747
5535,1086
5879,896
3380,2825
2277,2209
4037,880
5028,1255
3567,2651
554,2639
5812,3057
4998,100
1168,997
4547,1332
5543,3017
763,3163
2451,268
5666,1138
578,1131
736,27
1529,1915
3788,1465
3497,727
116,319
1819,2620
4878,2785
129,2244
1285,1932
1982,1860
2068,880
3532,721
5717,1076
2909,1496
436,674
5737,1728
1776,2923
1473,2922
2841,49
1767,925
3682,1419
810,2578
927,3163
4480,645
5056,2498
4631,814
1220,1695
2433,1917
1679,2209
3206,1840
5902,2145
4071,3042
2120,639
2961,1255
1564,192
218,572
1618,2872
4075,717
4973,2621
3822,1025
485,135
4702,815
3821,3052
3205,2554
4694,173
635,79
3087,1744
5322,1462
5067,2633
2247,572
564,1367
3380,276
3091,173
1776,2118
1053,1531
3682,614
4864,1523
4960,1231
5772,1109
1737,1409
2988,2677
4500,1246
4565,1641
1583,942
1776,3057
5463,539
2973,2554
3372,3017
3281,455
65,1804
3766,2190
5097,2633
3495,1138
3669,2257
4271,605
4450,2822
5090,1462
5883,1098
2727,2498
494,1917
3921,2478
3806,276
4453,87
232,1917
1326,727
2580,758
1685,845
5088,1766
3358,1025
1467,2837
1148,3057
2270,717
1874,717
3303,1503
3389,1277
4208,2134
2148,3171
4221,87
816,2503
1848,435
1490,727
2921,2340
1042,2257
5264,837
2430,3042
4360,2124
2223,1251
5359,1828
2511,1129
2535,1523
4746,847
4986,1997
1980,712
4762,37
3547,1462
3848,636
3426,2633
3030,2633
4205,2371
4029,2145
1739,276
379,758
3911,1335
5100,971
5122,730
5473,21
94,1528
4632,2788
5079,1033
5908,2578
4719,498
1584,1277
2017,2822
3445,0
1824,2427
2586,498
1691,2837
409,758
2720,498
4394,1869
3862,1042
1054,1462
5212,781
814,1975
2471,3177
3063,837
3899,1109
5132,1017
3036,2397
99,717
1303,1385
5162,2357
309,712
419,1072
3574,1699
2488,498
4028,1869
2266,2371
3489,837
5589,330
5167,2327
4771,2327
5,2371
2830,1366
779,1765
5901,602
977,2689
1295,2032
958,195
2341,3080
3796,1869
3639,1131
2861,837
5330,1917
5197,2327
4056,1419
5400,966
5177,2614
5564,808
584,2586
5694,100
4515,2872
358,2243
1388,1068
2138,2320
1126,1068
1835,67
5444,110
915,67
5523,1157
4900,1932
696,3177
5333,1033
4868,2394
4753,192
3137,2209
1767,283
1488,2588
5798,49
1221,2244
1116,730
4490,721
818,1073
4973,1629
444,2552
98,1915
5153,284
2288,170
5786,1917
3000,2850
5128,1917
5238,1523
2423,1526
1325,1254
5079,712
5523,2446
1044,1766
794,837
3667,2532
1745,1813
4457,2651
3799,2651
4904,896
5389,2631
2407,1932
1930,2532
2993,2029
4851,1235
5116,752
3734,721
5548,409
5657,2796
5158,1917
5268,1523
3547,336
3631,973
797,2424
4176,2759
1533,1526
1102,27
536,1336
1916,540
3199,2255
5090,1409
2175,1932
2872,1860
5186,1871
5065,3042
5932,2627
5173,2575
1885,2358
3158,2631
5632,645
1190,32
3206,1332
4813,727
3371,645
4513,435
511,1629
2863,1932
177,63
1340,730
5343,892
921,746
704,2209
2390,2651
693,330
5724,1523
3609,409
4772,1076
2191,721
656,448
513,2614
1929,721
3101,942
4074,1677
4581,727
3545,2087
3340,2621
4715,1481
3964,758
5596,2627
5245,892
1255,1157
844,1034
2864,3042
3863,2554
5007,3171
4396,3017
2675,1076
5474,2822
5739,87
5082,1251
5766,1129
2,2825
2256,2031
5635,2366
263,880
3766,527
1383,2631
1565,393
3919,1523
5882,2243
2999,1523
869,1629
263,1819
4072,984
4915,2427
536,665
2136,2087
1874,2087
444,1076
886,2175
1053,1157
4700,1684
4187,2627
3044,892
1941,276
5007,2366
4417,3089
2794,717
1328,49
4172,2504
889,2631
3026,2006
605,2872
209,2872
5562,144
918,1871
4519,333
1048,409
2299,1677
848,2041
1614,820
5530,3080
595,1595
2957,2586
4261,2926
4175,1462
4316,2633
3999,2926
4610,636
3913,1462
3538,87
2233,276
2016,1739
3446,498
3905,820
1012,2822
4619,2792
106,1030
2067,1677
3653,195
5394,2788
4102,21
2331,2689
3688,2633
3306,87
4500,67
3610,498
4093,1406
3200,2320
120,1086
4349,837
2143,359
895,1082
1239,892
5738,1258
1716,1231
5496,1910
5675,155
1831,1935
5609,1787
2099,2689
1725,2448
2892,2325
5225,2578
524,3017
3640,498
4656,1869
3312,2130
428,276
1379,498
5075,540
4544,1813
4133,781
1901,3054
5593,880
1176,1078
3172,2500
3189,1915
4223,674
644,1971
459,2191
3231,3080
2145,2633
5514,1526
5541,1629
5572,942
2955,1684
4376,1828
4625,2532
3818,746
1237,391
4442,2825
2575,1813
4101,2532
954,1796
162,1042
4761,2578
160,2689
844,847
5476,79
381,1345
5212,1696
3061,925
3238,63
3021,1526
5937,639
42,1098
590,1869
2111,2244
2773,1397
1412,2243
5514,721
5524,1409
852,1088
3252,2563
3016,1532
5638,1696
3131,2044
1207,498
23,2926
3313,1526
4507,1506
3333,458
2330,1766
5243,608
2789,1526
494,67
5247,727
606,1971
331,1766
2564,2347
4792,1086
4107,983
3405,1465
5688,1409
4442,2959
1018,1915
3660,2923
3264,2923
2961,2922
676,1397
3608,289
1739,2614
262,67
4183,1917
5539,727
5718,2190
5456,2190
4432,2621
1639,2383
4956,1086
231,1131
5100,276
986,283
1249,3137
3314,192
3324,880
172,2244
2113,2424
3009,2939
992,2922
890,925
2067,1490
4364,1332
5780,193
5532,845
3968,3052
5584,2698
1558,2552
1226,1813
3280,2651
336,2244
4078,2631
2458,1496
2597,1840
5212,1025
3264,3057
4723,2554
4260,1332
5884,2586
48,1962
5913,1072
3401,1076
5223,625
5418,2032
5478,2837
2308,2087
3048,2651
1883,1157
3039,845
745,1486
4021,942
4401,409
3069,2939
844,1465
5748,1385
3974,2816
1429,2118
1183,2651
2816,49
361,1496
2140,409
4358,712
5324,276
1767,1332
2096,110
5702,3080
2770,1744
872,1419
4365,2822
2926,2257
5161,1975
1883,2446
2945,55
4018,240
3333,137
2099,758
4348,374
555,2651
1257,2923
1749,2631
1778,1871
5274,2791
4947,2396
3159,1677
4286,435
10,1804
1789,717
3346,1503
5359,2340
2024,1523
589,3174
460,320
2005,1281
2559,2621
565,336
3806,2427
523,2554
2429,296
3227,276
2640,1462
1495,2872
2458,2919
5061,3033
1637,1235
5474,2448
2469,1765
5547,2926
2441,471
4399,847
868,3124
1733,2636
2244,2586
4300,87
4336,498
1397,435
1774,193
3298,277
4470,498
108,1157
3815,2489
2980,2627
4221,144
2180,1231
4919,2926
2429,1935
2536,2586
3411,2032
3490,2325
5823,2578
219,1523
4634,498
3531,636
5239,837
4547,2007
4965,1766
894,2601
5679,1109
3103,1098
1559,739
2316,718
707,1462
5834,1397
1087,1683
2510,1523
4278,1967
5534,2825
1480,1385
1237,1627
2042,2586
397,455
4530,498
4246,739
2198,847
4402,498
1936,847
5680,1869
5716,1526
4240,170
4028,2731
5867,1695
2622,2114
2124,1837
1859,2320
3679,1042
1660,390
3831,1813
2766,2243
2170,3121
2108,2243
694,1765
4797,1377
3771,981
4745,2907
1966,847
4743,2080
4643,910
5157,1131
4699,1973
2853,1838
4458,2850
4294,1695
3951,3019
1461,2782
4708,746
1511,2145
2225,734
3522,2347
547,2627
1450,1869
503,1766
4194,1464
4560,1033
4935,910
587,713
5449,1131
788,2689
3054,966
2090,1448
1628,3080
5718,2487
1098,636
1917,739
4365,1696
4180,1916
2800,268
1191,1766
2560,781
2739,2244
3363,2825
2519,1157
2958,2547
1700,862
3367,1254
3554,2578
4030,63
62,87
2257,2850
366,498
959,1766
4813,2394
709,837
4494,1860
1569,1695
1975,3137
1576,422
4172,1809
2756,1258
2945,1157
4906,1804
5071,1871
2693,155
4687,942
1509,2583
3269,1254
4064,1717
1942,1684
3120,1131
5157,2554
5697,1744
2650,458
1927,63
1078,2747
4944,2446
3091,1332
4610,880
2086,1813
1201,2588
263,319
2839,330
2978,674
163,3121
5115,49
5731,2267
3363,2959
2344,1290
2397,2614
2278,2922
53,1448
5151,645
2348,1409
1219,2578
1656,135
5876,1086
5513,1034
3933,2708
4974,2446
1285,1131
1660,1008
4234,192
964,2244
902,1366
2516,1932
3646,2651
2689,1860
5693,820
1004,330
5142,717
2707,2631
2640,1409
4484,717
5884,3017
1340,1942
2851,1629
4291,1076
2608,1871
428,2614
5648,296
5274,55
2872,1917
1211,27
2308,2518
4319,276
1061,433
2073,2651
2386,896
2513,2923
510,330
9,2788
1929,2872
1117,1496
1044,1957
736,1804
3535,2796
2148,3175
4340,1503
1322,1147
3953,276
5190,892
2604,193
5243,718
4620,1493
4940,717
3935,636
4379,2370
1959,2872
1475,49
4969,2586
3023,527
3921,1677
356,2872
2417,717
3176,1523
3702,815
54,63
3677,2448
568,284
5196,498
5330,498
581,2209
1357,2430
5815,2233
4988,734
4607,1042
5097,3121
1066,2631
2946,2350
446,2923
3302,1231
1559,1975
5408,539
5902,1828
79,1409
3078,1523
4365,2448
266,1235
3707,2448
3824,3033
4216,2325
2683,435
416,1933
3358,1513
249,2759
4645,1684
4225,1098
5180,2782
5691,1766
3963,1098
3034,2355
656,639
1263,1051
5086,2366
3721,2504
2914,718
5927,730
2291,1493
2050,2370
3977,1935
5319,847
2397,199
2990,713
4597,862
4903,380
975,1523
4710,739
785,645
3999,2633
3596,1462
3355,87
5378,2366
94,727
2797,2011
3129,498
5749,27
5291,3121
4252,1766
2608,2489
2618,3177
4442,1109
5653,1258
4995,1258
4362,1345
1490,2504
4828,2084
4231,1828
5939,2029
2659,2427
501,2175
5613,1078
2989,87
566,1072
1946,276
2080,276
233,2360
4569,1042
5068,2675
3545,1473
3624,1766
4758,1695
3636,837
1449,409
4382,2347
3306,144
909,2350
3291,21
2066,2448
4762,2753
439,2586
5718,1629
4121,478
1743,2926
4663,2747
5456,1629
4050,1766
4726,63
3382,1078
3800,837
4526,1695
4660,1695
5710,987
928,498
5823,110
2984,1971
382,739
1423,477
738,374
1655,1766
2661,1695
3012,986
5398,2563
4928,170
1225,3121
2266,2859
901,2243
3410,1032
4280,2578
4676,2578
2169,2926
4018,2578
4765,1869
1475,1017
5,2859
3016,2044
3002,2146
5366,746
808,739
4182,730
2557,1695
5220,1860
1574,1935
2429,1695
818,2366
3509,2327
1193,2243
5262,3025
503,1042
5632,1804
1306,1366
5891,752
903,1915
1675,2926
1214,87
5147,1008
2707,2578
1621,1377
3114,458
1508,1473
3117,1695
3672,1917
4472,2532
3369,1916
783,1971
1808,422
4100,674
5600,172
5440,2923
5798,2631
1794,2244
4920,413
1157,3121
4421,1254
40,1109
1566,1828
3961,2959
5088,1717
1815,2532
3179,2923
1959,1530
102,2926
98,1464
5267,901
860,1787
3964,1917
3069,284
3702,1917
111,1699
4990,1532
103,2747
624,1695
1617,453
5474,3042
799,2450
5479,942
2571,192
451,986
5740,717
2243,2578
966,2563
4044,2970
4078,110
3470,1917
3816,110
1257,268
5596,2631
3949,639
1509,2209
5886,892
2467,192
2183,433
5624,892
1202,746
1634,1157
1894,330
5440,3057
5770,717
749,1932
255,1397
1370,330
1857,448
2789,2872
1578,1033
3995,2677
2092,1254
10,2532
2467,1131
1634,2096
1969,100
1747,1973
2824,614
5482,435
1237,1871
5215,845
750,63
4535,1086
5032,1138
4478,2272
622,817
1494,746
4473,2837
1175,1932
1634,2446
1322,639
4388,2729
3655,892
2163,1255
3777,2575
3658,409
627,2100
4272,2554
3883,527
4805,3017
1102,1804
4108,645
5364,2257
1169,1336
1764,2677
2407,2554
5046,2325
5423,2837
4977,276
627,2450
474,3174
3044,896
2752,2939
4516,820
5693,1385
1637,808
828,3113
2237,49
848,2045
1834,3042
3014,3124
4829,2448
1914,527
4997,2032
4735,2032
3336,2586
1786,1281
4305,758
4172,2858
3410,845
4554,1462
3498,2355
819,1465
3718,2129
5576,1335
1276,2872
1694,2631
4232,2350
1014,2872
5133,3017
3944,1129
4758,1642
1243,480
2115,409
754,1255
2560,1025
4998,2792
1944,527
1338,717
2224,2796
2138,1332
1472,717
2933,1041
5672,2736
1573,1523
2767,1503
3049,435
4322,1462
1536,1641
2317,2206
4081,87
3549,2478
3434,276
5075,1699
5382,1627
4134,2350
104,1496
515,276
2079,2041
1320,1235
3932,903
5532,2325
2564,3022
2333,3089
4224,2243
1846,527
1240,717
4344,847
4698,1345
4082,847
1086,250
1776,3171
2344,245
2359,1277
4260,1873
3902,3131
4131,739
1080,435
2940,276
5414,2454
1269,896
551,845
1007,896
4904,2352
1387,1117
2865,856
5752,1695
4268,421
5280,2639
3296,1042
1508,2575
104,2785
3017,1627
4512,781
1969,718
1905,3177
1077,1076
2254,1641
2861,333
2656,867
3138,3085
493,1025
218,820
3571,2186
4416,1258
4020,1258
3356,2032
3617,87
5876,391
2397,2858
2268,758
5919,2747
2524,2633
5461,1869
3112,2803
1880,87
4182,1027
1234,3130
1812,892
2941,477
3844,1971
5200,27
5349,1813
2283,477
3460,1042
5705,1448
4068,144
508,1683
4443,21
5028,2926
1776,2366
36,2627
3386,2032
5316,2804
1995,195
5687,2747
2292,2633
2347,2340
5334,1131
5425,2747
2185,1258
1782,87
3624,1042
3228,1042
2683,2639
4080,1258
5627,602
2841,781
2920,1828
5566,2578
4017,155
4096,448
2852,2633
5780,63
3732,925
3310,2922
719,2633
3656,1869
2859,771
4736,781
5257,1419
3588,422
2101,1129
7,892
1094,975
3792,1915
3601,2347
2668,422
4344,2620
4695,1157
4982,433
2117,1073
3084,1828
5083,2959
5038,1496
3935,880
4723,2424
2961,2926
3721,2614
3327,997
3965,2974
4975,393
2244,1033
3020,1254
4145,1629
5919,198
2405,1890
915,636
3611,1695
3153,63
5307,2825
147,498
4300,1917
1743,458
1423,1042
1913,3121
2288,2244
874,1766
2689,2588
3059,1367
2026,2244
5941,896
206,1078
2169,2552
4344,1465
3046,2825
3445,2342
2294,746
1306,3086
1645,2552
623,1366
1743,1397
1803,1448
2928,1823
5879,957
1637,1910
2492,2424
2282,2614
2232,807
2595,1613
3579,63
4852,336
3484,957
5166,2189
4672,2620
4305,1860
3195,73
1118,1695
2054,3137
1658,3137
932,27
574,319
1138,2347
780,2639
2967,1377
391,1366
169,2485
62,144
3327,1131
1866,807
5584,608
5102,2554
1048,2804
5210,2087
4494,1917
4034,1932
5307,2959
5673,276
4085,2651
208,319
5862,737
2923,674
483,2244
4485,1804
4554,1409
3547,1255
4267,3042
5943,1076
1963,2029
4623,2677
3491,1131
3876,942
5266,2554
522,2357
1303,2922
4723,814
5020,2498
5827,2032
5703,276
1751,79
3853,2651
3567,2257
3164,1086
4105,2872
4072,480
4941,892
111,1675
1405,2825
4297,3042
5426,2627
5035,527
5558,2554
814,2357
2106,2872
1710,2872
5418,1231
3974,1076
2565,942
4308,198
288,32
281,3025
919,838
2877,1968
2951,1917
707,393
4403,435
2231,2759
1437,1932
1647,2708
2917,54
129,1850
5014,1528
690,1917
4358,2355
4492,2355
3580,3027
717,330
722,674
2458,2923
4855,717
4896,718
2554,2631
1067,1086
64,2394
2383,2749
2975,409
4931,712
5574,3033
266,808
1835,665
3798,1385
5897,276
4209,727
273,2918
1341,2759
3953,2427
362,2209
62,1917
1540,1656
5358,2627
1128,2651
2592,240
5386,1642
5883,2448
845,1804
4974,2637
583,1804
1966,717
2616,1765
238,49
2535,645
3991,625
102,942
1645,1076
1512,1486
932,645
1800,2118
2311,2822
4472,1837
838,983
5682,1761
3091,718
5355,1366
5482,2639
1996,717
583,3093
4950,1088
4972,847
607,1235
3907,1277
4818,380
5043,498
1163,2621
3780,2633
1956,2257
1971,845
4636,1837
1831,276
2672,892
3859,2145
2794,2575
5781,1366
4284,1385
4442,1971
4748,2243
956,49
54,1409
4223,1109
1091,1405
1180,2386
5568,1258
2451,2586
3929,2325
4822,3131
1299,3017
3548,2633
1328,2257
1851,1278
2485,2355
4837,2850
5506,730
4411,1695
753,2699
9,1235
3939,2639
5651,330
587,717
1815,1971
366,718
2016,1503
3931,1997
3167,847
3578,2633
5209,2614
5426,1151
2905,847
1948,2500
2410,87
2565,1910
5930,2347
4703,1695
2753,2146
2923,837
4965,160
2594,1335
3940,366
1713,539
4068,2803
954,487
1919,2859
5730,1131
3268,498
3371,1377
494,2946
4138,2044
2610,498
1775,3080
2862,2439
5818,1917
2798,734
2603,458
3871,2639
2405,1971
3544,2244
3840,1074
5583,330
749,1371
773,1765
3827,2532
2008,2500
712,2243
2603,1397
22,1042
4786,925
5431,1629
5028,458
5169,1629
5174,1973
1194,2926
5334,1696
3921,2352
210,2032
3525,2352
867,87
5316,336
2231,2922
3062,2850
5128,1039
5057,2327
4066,2706
5091,1157
1118,837
4903,1860
1941,1813
186,1042
1029,2485
4086,2769
1407,1879
5600,1973
1431,21
3277,910
4514,1526
4956,1871
3149,910
4665,1695
891,1962
1417,1254
4712,198
5517,1157
2253,1526
465,807
2961,2552
3759,2532
3167,2620
598,1336
3772,2959
3333,1377
3020,880
143,1695
4484,721
5601,1235
5735,1235
1596,1377
66,1448
140,1397
5646,1917
551,739
1896,2578
2090,1131
3061,1039
1798,3174
3933,968
992,2552
5412,1871
4309,1255
1869,2825
4457,1907
5000,614
170,1397
2852,1804
5524,1523
5269,1004
1544,32
3057,2209
3408,746
1025,2850
3549,1917
2088,2347
1828,3174
2537,1419
2275,1419
105,2850
396,1336
5675,2631
2557,2825
3286,2446
1899,2825
4160,758
2033,2825
842,110
596,1397
1716,674
1055,1157
5453,717
3811,2267
5688,1523
5447,902
791,2804
395,2804
4340,2796
1592,49
3536,1281
4854,3017
444,1942
4581,1138
5135,2478
5154,276
4496,276
5745,717
2615,1086
2637,845
5720,2350
5460,3177
2786,2631
200,1932
1473,2959
5518,903
2686,737
4169,820
2076,1717
3955,2554
3981,1523
1047,1804
2157,1147
5099,727
121,2578
2841,1025
962,942
5246,1154
3958,758
902,110
5477,498
4224,877
5117,1683
3680,2699
1899,2959
5727,2366
4483,579
183,1362
1117,2923
1211,1804
2990,717
4943,1503
488,1409
3133,1025
5588,487
1121,3042
2797,1076
718,1871
5417,2325
5007,2427
3721,2858
1328,110
4237,1462
5023,2371
5164,1098
5277,975
4697,2386
1727,758
3991,1406
5106,1093
49,2651
758,896
4656,1796
5083,1109
5862,847
2819,2124
218,393
759,717
3689,2946
1743,1641
3320,1359
4956,1684
1429,3171
2721,276
3607,2355
2282,2858
989,2872
2140,1462
2909,2956
3883,718
3905,1231
4277,837
5271,1695
919,3042
5069,2500
2691,2504
4403,195
2847,3017
2218,1503
2614,2257
4255,2926
4388,826
3529,2822
2082,2396
1654,2858
3564,3008
3960,3008
1512,1462
5301,1695
1295,1235
228,276
4452,2689
1069,892
4199,2243
3603,3121
1146,2832
1650,645
3202,333
3795,847
1429,2366
1451,435
3319,329
3732,498
457,2206
5768,1696
3947,837
258,276
392,276
4731,2639
3571,2243
3862,729
2881,1042
5560,1932
1029,2782
3543,1915
4723,1997
5413,192
5268,1531
2341,539
1310,2243
3103,862
1564,847
3486,2320
5413,1131
2138,1873
288,276
4305,2588
3627,458
1225,2320
4389,781
889,2371
1716,837
713,2145
2060,3121
1998,2243
1535,267
3049,1915
4608,330
2044,144
3291,1448
4177,2029
386,2689
1502,1258
834,570
1488,3080
4547,27
4972,957
1269,498
402,2633
3375,1526
5620,1932
1255,2320
90,826
2142,837
4485,2532
3475,1915
1257,2366
1326,1971
228,1699
4051,3014
4619,2532
1766,2243
2401,539
4753,1034
527,1766
4272,2424
1063,2500
5473,1131
1940,329
2739,3163
523,1997
4421,453
205,2627
4957,433
2629,2244
2233,2244
3785,1932
5232,2358
1099,63
4497,448
5770,721
2201,2706
5876,1871
2946,1362
1244,1915
1970,329
607,540
2909,1480
5166,957
405,1345
937,2926
2332,910
1320,1910
1831,2614
3895,1696
804,1993
5310,1086
5021,983
2140,336
2269,746
777,1109
1873,746
3795,1465
4096,639
3342,2651
615,781
4536,2631
334,539
828,1828
1292,1932
2650,1377
5536,1025
3168,1717
5047,2554
1480,2922
5347,1503
4251,2620
1620,458
2215,1799
5078,1086
1489,1695
5618,276
3739,193
1686,2209
3174,192
717,2347
5947,717
3946,2923
2848,2651
4237,1409
5415,856
1552,2394
583,2532
4950,527
2429,223
249,966
1157,2804
4718,2621
3262,2641
5431,1739
1716,1455
1300,79
1828,2450
4056,435
2633,1157
2760,2430
2457,2621
4111,896
5308,2837
4165,2822
1617,3169
2157,639
2585,1086
4980,527
2046,808
5618,2504
659,433
798,1531
1734,721
2236,1871
2602,2194
5279,2257
943,1131
5416,276
3671,193
3879,896
2175,814
3104,1277
3417,276
5161,2386
1107,192
2081,2872
823,433
5301,1642
1660,2061
3609,1385
3996,1831
5897,2427
4171,2586
2767,2796
1776,3175
248,1629
5792,1098
3581,276
360,1281
3715,276
1178,193
2372,173
4743,718
1804,1409
1587,2872
68,880
3378,856
5870,2859
2045,717
5298,2633
4389,2822
3680,2325
1340,901
4824,498
1923,727
5426,2818
1721,1532
4152,2320
2297,2631
4150,1493
4155,1837
4506,374
1350,276
5059,2243
5451,781
1091,2267
1679,717
3766,1503
2050,2350
457,409
3714,3033
3977,1915
3369,1278
3765,2032
4114,2186
3899,2032
4818,87
3775,276
4897,380
5490,1648
2988,2340
1391,435
3067,2633
3980,2371
1831,2427
1381,3130
2047,739
2602,1523
106,717
4225,862
2566,2243
334,2796
4756,498
3493,2633
3572,2926
2188,2822
1221,3033
2430,2355
2473,739
4033,1042
4836,1366
3511,1869
4344,2624
4094,1695
355,1579
255,409
4255,2552
389,409
2022,1971
5334,330
4981,966
1772,1042
4239,329
3502,1756
2192,847
872,2448
2025,2427
2362,1258
4380,2439
1467,1345
5803,27
3746,1335
4934,746
2117,2366
2143,1335
5842,140
5577,1377
3018,781
2364,2243
3401,2239
2336,1915
329,2586
1807,2325
2841,330
2555,498
3964,2352
1505,2926
5383,730
383,2822
3892,1695
5523,2430
5657,2430
5915,968
1283,1766
2790,2243
3024,195
4151,1397
1704,1042
341,2007
5558,2424
1473,1109
482,734
3505,2188
3133,330
3556,433
4175,2922
3067,1962
5548,393
5114,1629
3350,1496
2691,2614
4102,1131
1273,2926
2266,1684
5414,1332
4755,2450
4732,746
5,1684
2825,335
5664,2446
2319,1695
2232,2450
3357,2825
4864,1804
5038,2923
3114,1377
2981,1787
2721,2614
1303,2926
2671,807
5771,973
2249,2804
5299,1917
1794,3163
4561,490
804,2424
35,1684
4577,1932
1609,1131
3063,284
1226,1366
1654,1813
847,781
5838,855
249,2552
5428,2677
2902,2029
622,1602
2623,2614
4459,2815
3029,1804
565,2788
451,966
241,1910
108,2320
228,2614
863,910
1921,63
1403,2352
3060,336
4373,1728
1721,1695
2160,79
3464,1917
4424,727
3018,110
645,458
660,2244
1295,540
3969,1086
5371,49
1025,679
937,2552
2805,2446
3836,1496
3357,2959
1132,2239
1803,192
1913,2804
2199,192
3455,1804
3372,49
5234,717
5712,1281
961,2357
1321,448
5450,1281
4500,1661
9,1910
1289,910
3331,2677
5048,712
48,2804
1803,1131
5948,2689
3451,1281
3055,1281
708,2850
3545,916
2638,1932
3278,572
4916,2478
413,458
4907,480
3649,2959
4284,1255
5163,2355
2491,192
4411,276
5216,1235
4956,2062
2239,880
2427,2651
3447,758
3001,2923
5895,1523
1507,2651
2283,2872
3193,3093
3083,1235
851,1034
3267,3042
1324,1254
2480,942
3870,2554
4171,1728
5014,3171
5427,2586
1676,1147
2321,131
4177,984
5154,2427
5484,87
1129,1917
4837,276
1475,110
5728,2699
430,1916
867,1917
4179,276
464,746
679,2620
5108,1493
4431,1251
2824,2822
2639,3042
894,2959
3900,2554
3595,1918
5140,435
3541,2621
480,1629
3145,2621
2450,1076
2388,198
5252,87
5446,892
2538,896
798,1157
2073,2257
175,1932
4478,2386
3578,409
4194,2627
4901,2489
1537,1496
5014,2366
4305,1677
5487,2586
5898,1366
896,2631
218,1255
2816,1025
3528,1231
4983,1740
5309,1910
5190,498
3927,2633
5663,718
3980,1513
798,2446
1464,55
4093,1390
3265,2699
2162,2837
5178,2366
1537,2785
4421,697
3175,1493
4527,1093
5666,1366
2490,1390
3558,1231
1743,409
5400,2186
4393,2032
4298,2926
578,2298
5616,498
3957,2633
4091,2633
3695,2633
3688,1462
3709,87
1176,712
3182,2822
4481,1098
2528,2032
1831,2858
3507,892
3312,2114
5015,1971
2797,2422
545,845
1529,49
3432,718
1246,892
4776,642
717,1302
5169,2788
799,2832
4410,2736
4462,2926
4121,2633
4677,636
5618,2614
2297,2257
3816,1997
5752,2614
2885,2427
3604,2114
1467,487
2344,1514
88,727
2385,1323
5439,1336
5050,63
3990,837
3466,837
663,2355
718,2062
5648,2614
598,2145
3478,847
2136,2689
5341,1151
3304,1448
5005,2922
1218,1072
822,1072
3415,498
5810,1629
2231,2926
328,1503
2580,3080
2735,739
2962,1684
4645,135
5847,730
4752,1695
984,87
1154,498
1231,718
2430,1042
2564,1042
5563,1910
3488,1915
4416,433
1508,2689
5398,2974
1265,487
2261,2926
2395,2926
4857,1869
4592,2352
5244,63
5044,1695
2404,1699
105,276
3310,458
3833,2485
1901,1078
3045,1695
1238,734
2057,837
3989,746
3340,2552
4842,433
857,1042
4666,207
646,41
725,334
5608,1629
881,847
2175,1997
3319,2614
2894,1684
4730,1131
4468,1131
397,276
3098,925
952,498
3022,1869
847,2956
1086,498
4438,730
468,2371
4500,1608
2751,63
5562,880
2205,1058
4860,1362
551,1093
5143,896
1781,730
1841,781
1354,3137
4760,1131
5338,3057
1311,966
1743,1377
2488,1531
2684,3163
4436,1973
2861,581
2026,3163
1506,3127
639,1098
2657,27
1371,458
5082,1532
1520,2244
510,1627
5935,2939
4852,1255
3059,192
5502,3057
4628,49
2914,1531
5832,717
3990,1455
4480,336
3444,1696
4700,2554
937,2044
453,3163
4166,2620
5337,896
5910,2478
1342,817
3907,639
5682,2062
2793,1362
2382,330
444,2296
5862,717
5085,1025
1797,808
2955,1131
410,433
2431,1131
5836,435
4838,2087
5426,2257
1303,458
2146,1901
2115,336
4071,639
1989,1917
545,1008
3217,727
1720,746
1883,2430
1663,1932
4586,1462
4419,3042
1702,1860
4157,3042
1725,2029
3504,942
4712,820
1496,2923
5718,1503
3044,957
3804,645
767,1767
5876,2062
745,665
4501,758
3441,1532
4279,2631
4590,49
5939,1098
2515,54
4173,892
3663,3042
4943,2796
359,602
3399,717
144,448
1701,480
4806,1744
1160,1819
2944,1076
4637,2689
5351,1278
3520,2175
361,1614
1429,3175
355,79
4531,758
3225,2257
4950,1873
1512,177
1324,880
2841,1513
3555,856
789,721
2561,2627
5728,2325
805,665
5111,636
785,198
3911,87
2691,2858
4367,892
3754,2355
1082,192
3365,1082
5039,1699
725,1086
362,1034
3063,1683
5212,1627
2853,2627
5764,642
2591,2627
4752,1642
1909,2041
4571,1072
4032,2484
1062,856
5826,739
4640,2340
4719,2633
5144,1873
703,1677
2721,2858
1344,727
2713,1462
3458,2370
4984,837
130,1034
5424,1109
816,1739
3090,1385
5117,1366
2443,820
1293,2832
5486,2926
847,1025
5482,1464
98,2627
3971,87
1770,3171
2819,518
5892,1335
3146,2633
4156,806
83,814
2347,1462
3925,2371
1459,276
2904,67
2014,498
3290,1042
3369,1335
4212,334
4234,847
1806,734
4812,329
4054,3131
267,1281
778,1231
2235,847
5182,771
3176,2633
4960,1890
1030,2206
5591,2696
5491,1526
4782,837
1227,276
3928,925
1094,3130
4781,1366
4915,1366
813,636
5216,540
2961,1109
1552,975
3558,3085
158,2627
607,1699
1770,2366
5418,674
2780,539
3559,1997
3939,1464
2901,1997
5437,135
5738,63
5521,1526
5731,3056
2307,1258
3446,1531
4163,391
1064,2325
252,195
3798,2922
676,1462
3091,27
1747,1042
1800,2366
1449,1385
5556,207
4597,1033
2348,3137
5548,1255
2167,847
5754,1131
4293,807
110,3121
4487,1804
2603,1377
1665,3080
2210,2614
1785,1684
4880,1506
4221,2624
4788,1917
3103,2639
450,718
2783,971
3932,1932
5028,1377
5823,1086
2261,2552
1667,1813
3272,2825
4517,1804
1210,1345
3992,2922
1311,1397
1984,739
198,847
2853,1151
4112,1526
1197,2049
5913,198
4060,3056
1716,170
4202,1419
7,498
3441,540
1999,458
5719,1086
1008,837
4793,1860
5347,2446
2835,730
868,1766
2320,284
4221,880
3257,1362
5690,2785
4983,2923
3291,192
3489,2651
1999,1397
416,144
3229,1034
362,847
4462,942
3880,1526
3291,1131
8,1258
4098,665
4958,1523
598,2255
3320,371
171,498
5011,1157
5484,815
2163,458
3371,336
764,1766
1292,1131
4234,1465
4282,193
25,2366
197,2850
3695,433
1298,2639
596,3121
3034,916
4751,2923
2488,1157
5929,2370
1139,1828
2560,1033
4518,1409
4876,1871
1973,1465
3272,2959
792,966
4887,717
1991,2044
700,1377
1128,2578
3112,2677
1515,1526
5011,2446
546,910
5618,2858
3225,110
5752,2858
2634,1332
4107,727
227,2850
1290,2347
4414,1409
2330,1860
690,1039
4100,2939
5167,892
1190,1362
5772,1231
1028,1034
1862,2923
5940,815
1041,2959
3233,2041
158,1151
354,2029
2773,336
5648,2858
3523,2554
4421,486
2781,1917
4080,193
4085,2257
4078,1086
5518,533
2780,2446
3554,1086
1601,2774
1771,1465
2611,193
379,746
4801,892
1232,433
2510,1804
2183,1409
4423,717
185,880
5023,712
1048,1255
3679,973
3815,2554
5716,2396
2686,717
4301,727
2532,250
4452,896
3853,2257
164,942
3939,1277
4837,2427
2944,2446
4100,2134
409,746
1295,2825
1983,193
238,110
3664,291
4144,1682
3493,409
3547,645
57,2923
1650,3174
1963,1419
5367,498
2824,435
2428,435
2070,727
5105,498
2703,2360
1168,2087
120,1932
130,2620
5553,2351
2996,892
5002,3002
1815,2837
1323,685
423,2872
717,875
3117,2350
5252,144
106,721
620,942
2909,2586
1006,1917
1885,3017
720,1523
5135,498
835,1281
4725,2320
4768,2956
3721,1683
3812,1047
3907,2627
5751,1935
2507,2956
3892,2504
3264,2935
251,2923
1596,820
2986,712
5276,329
5002,1258
57,3057
1053,1332
750,1523
798,2503
4298,2633
5904,837
3608,3095
4826,1971
3902,2818
5502,268
154,896
2136,2612
3285,1129
578,2355
4318,1915
4072,2448
231,1493
4066,2633
652,1523
5802,910
3804,2633
1789,2689
3026,87
3160,87
1544,2858
446,2586
1595,1103
2361,636
5463,1629
2388,739
3661,1766
2685,3177
3384,734
973,3042
2741,1042
1660,939
581,717
1854,1744
3834,2633
2399,1278
2765,847
313,902
2591,1448
1163,1072
4683,2578
5493,1629
4376,1869
3051,2372
766,847
1963,1098
172,862
5910,1917
2176,2145
873,3161
837,498
2771,1042
5811,1157
5016,1448
353,2371
397,199
1304,903
5099,2614
2433,1397
4317,2578
3627,1377
1192,847
3547,1613
4383,1131
3380,2439
2984,2439
40,2032
1504,1873
719,2320
2921,1336
321,739
5727,1809
5644,54
752,3177
4479,2532
4790,2394
1512,421
1667,2244
4530,1531
3007,329
5803,1804
3657,1377
2979,1
3526,2614
4606,1526
1822,2532
3677,2029
1392,1258
4957,63
2281,602
3542,1804
3177,925
3547,458
4381,2347
4933,608
621,2320
3447,1917
4839,192
3440,746
2093,2244
570,1042
1831,2244
5311,2631
5244,1409
660,3187
792,2552
3428,2614
100,1278
1609,330
1652,966
2707,602
3350,2923
2983,1409
1147,1962
1716,1890
5016,1932
4157,1676
2978,284
3568,1281
3074,746
4705,727
1224,3121
948,971
3766,2959
2708,1362
5381,717
1556,2547
2796,2872
3078,1804
4249,2554
3903,1917
489,807
281,2578
5584,295
3443,1932
4573,2651
108,1869
2599,2708
1097,2383
3277,2394
295,1695
5400,1117
4820,276
2387,2825
3075,193
4346,393
894,2963
3148,2923
2826,2872
1620,1377
2148,1496
3927,409
4405,973
915,807
3009,2764
366,1531
183,2578
2521,3175
3163,198
993,1629
272,1869
4807,1138
2068,1917
5108,2786
1348,1039
2224,2430
2991,845
4269,1462
3312,2923
688,1932
5550,2350
3957,409
5194,1025
2957,480
3394,1235
3182,3042
4831,973
519,433
3528,1235
2564,1717
389,2804
3549,1523
4733,815
792,942
5638,2355
1882,572
2004,1501
2737,1086
5075,1683
5092,1098
21,2758
2387,2959
2753,276
153,433
4055,2041
3148,3057
3776,374
4084,527
3977,2350
5431,1503
2012,49
2110,1338
5000,2448
4981,2206
2429,337
1508,2209
5202,862
2960,727
2774,1503
5733,498
3900,3042
4151,409
2210,2858
4285,409
4020,892
4176,1405
1246,896
4993,1627
5351,1335
2819,3124
4350,2689
5943,2186
1509,717
1675,1918
1623,1004
4379,2114
2636,2858
2813,276
2947,276
2816,1513
5436,1042
1380,2939
736,2837
5094,1278
111,2785
3101,1093
4665,2858
1673,717
5045,2325
1800,2744
4307,144
5005,2926
3690,2427
4130,2699
1289,3171
2524,1462
731,2651
5206,1869
4838,1473
3941,3177
1360,2822
761,1739
143,2858
1112,276
1819,892
1609,1082
2813,2504
2773,1385
1811,250
4450,21
3131,2032
5409,2578
1019,435
2695,2633
3810,2320
5298,2747
5632,1869
213,2257
5819,1695
3750,734
4841,27
5634,1915
5646,986
3223,1971
3631,1042
3357,1971
4501,2588
2192,477
1574,2350
545,1683
115,409
1756,1078
3647,986
4913,2532
5221,433
207,2627
1289,2366
886,2915
1634,1088
987,1277
3273,1684
52,2689
4727,837
5325,1695
4871,27
4743,27
3387,1971
4817,730
3139,1869
3922,817
2466,837
3302,1109
3537,1915
3383,1448
3943,2044
2153,498
311,2926
1438,1684
3752,1695
4997,674
5948,896
894,1971
4813,1496
1289,2500
3892,2614
4458,3025
5886,957
2183,498
5493,2194
737,2926
3848,63
3586,63
4828,1023
3508,2624
3012,730
3615,1932
1325,63
5862,721
5466,721
3446,433
468,2859
4200,1804
1686,981
2319,2614
2959,1254
3730,1131
4012,63
3072,1131
5806,1728
2402,1336
3885,1419
5829,2651
2780,730
5402,1086
417,1766
21,1766
4156,192
2757,746
2099,746
2952,433
3790,1532
3874,2923
4208,2045
1479,2758
2843,1429
4927,1917
4531,1917
842,602
1623,1167
1745,2850
5859,2651
1394,1869
1826,1526
3362,2933
4152,3052
3346,2430
5271,2858
2482,110
854,1366
2082,2620
1676,1932
1454,3051
2080,1793
3851,845
3945,480
263,144
2415,2271
2396,2029
1267,192
2504,808
2657,1804
4859,820
5303,2554
1977,2045
2713,393
707,2255
645,1377
3391,79
5843,1744
1940,2163
4512,712
3304,2554
2182,1696
5874,276
1512,181
5085,1513
5414,291
2955,1619
422,2244
4541,137
5881,2386
4716,892
4838,2575
1541,2804
1548,1531
5804,1385
4407,1076
413,1377
3749,1076
2419,1235
1362,1526
2726,1917
2464,1917
616,1147
4020,2478
3726,2031
4309,137
4746,892
5103,2627
1340,2117
3303,2837
5834,1385
366,1157
1104,1086
1911,2872
1909,2045
5868,1935
3146,409
2096,1871
4706,712
3104,2627
5210,2689
3873,1677
3410,455
4246,727
3664,1503
4144,2894
1040,320
5916,636
3791,1086
757,1917
3673,276
452,1281
4559,2355
262,1157
482,2621
2621,2631
3199,393
3283,1030
4059,1251
4398,717
1335,3062
2042,480
2515,892
5531,421
2253,892
2272,942
5792,2448
2688,820
5085,2586
76,2872
3230,645
2634,1523
5731,2926
879,752
1770,3175
2310,645
255,336
1568,1728
4223,2032
4632,739
5050,498
707,645
4370,739
5216,1699
512,2621
4177,1098
5789,837
902,1086
33,2394
2941,892
4424,975
382,296
62,880
5809,523
4053,1971
439,49
4532,3137
5554,2633
5158,2633
1423,973
3544,3033
3024,1277
2458,2586
3936,2325
1035,2554
4910,87
302,717
3941,225
4304,277
4684,498
2225,1072
1387,727
1306,3017
3548,1462
3152,1462
4324,1683
3212,1513
1354,55
4079,1098
1061,742
2447,892
1528,2837
721,1051
3278,820
1588,636
3558,3089
4241,867
5032,1366
8,2872
5127,2946
674,1235
1577,2729
412,1235
4060,2926
4982,498
3719,2633
4056,1464
1451,1277
3316,1462
1459,2858
1825,2427
1374,276
2983,498
751,1051
2499,2371
1831,1683
2218,2129
4582,1695
3840,1058
5803,2532
180,1235
362,717
3323,539
4090,2926
3441,1699
2751,498
1448,1514
5280,2383
2764,3177
3356,837
2671,734
3490,837
2877,3054
64,3130
5852,330
2278,1971
5141,1258
5879,433
3847,1074
2016,1971
5328,330
5142,1860
3781,2706
5456,2959
1769,3033
5767,1131
4628,2578
3043,498
2647,498
4366,2578
711,847
1122,2633
4491,1526
4773,458
1660,996
3124,837
5593,1917
2532,925
1176,2115
5405,2620
2399,1335
4475,1932
2185,63
793,2350
834,2351
810,1765
1149,1231
1901,1058
271,3177
1961,1109
5571,1377
2740,847
883,2243
4401,2922
2808,981
1548,2633
3819,1254
2783,2614
5623,1917
3900,2347
946,498
3938,2639
5354,746
4243,1932
5009,1465
2545,1695
1407,1058
3528,674
890,539
4887,721
5236,1629
126,1109
3191,1254
3613,223
2635,807
5744,1281
3846,956
3867,1244
5763,742
3647,746
5854,860
4271,2825
1335,781
1889,1367
1682,1828
4032,1496
2430,1
3230,808
1201,966
3756,100
5296,717
1371,1377
5469,645
995,2029
1055,2080
2409,63
110,2804
1053,2007
2923,284
3902,2554
3372,110
3198,2209
4552,192
799,1336
21,1042
100,1335
5353,1409
3135,1860
4396,3062
4423,721
1713,2430
4734,3057
1611,433
2227,2651
401,1448
5267,1076
1547,448
201,3080
1782,1254
5076,727
310,771
659,925
3324,1917
2114,3124
3353,1157
276,2850
178,63
2246,3051
5229,942
1263,1039
1323,1844
1877,2430
2966,896
1775,433
2391,2651
2771,2872
2716,721
1480,2959
2115,1255
2419,1666
1925,1131
3102,1696
3914,820
4820,333
3445,1281
859,1336
1743,336
3353,2446
5576,87
1118,284
1567,110
2740,1465
1256,1157
2734,896
2159,2651
5690,374
2986,1871
3375,892
4032,2919
2815,1235
5840,1072
5518,1021
3475,1281
249,1942
1383,1871
3867,573
4863,2258
4164,2257
5449,2355
4485,2837
397,1813
4619,2837
1548,1157
2365,625
1565,572
4146,173
890,1157
2753,2427
3405,892
3804,409
674,1532
1823,49
2664,665
2110,1045
1425,942
3596,645
5148,333
5869,847
4534,2325
3892,2858
5394,739
3352,2355
5470,734
2724,2786
1898,758
533,896
1278,1804
4782,333
1065,1696
4183,2633
2445,1277
3935,87
2319,2858
770,435
2630,276
3168,1083
3698,1837
3653,374
3262,718
5922,1366
4186,837
3871,1765
1999,409
2921,2145
5123,1915
2263,2145
1432,527
109,1076
2475,1277
5267,2044
1542,1072
3111,2427
5463,2922
2660,276
934,435
538,435
2904,636
5094,1335
4478,837
4216,837
4338,1766
1356,1067
265,276
2985,975
2293,2145
3133,1627
4738,2639
932,739
2164,1765
2888,1042
5469,1397
627,665
2715,333
4377,2633
1407,1005
72,820
1701,3172
3330,3080
816,1503
1404,2427
4642,837
5939,1696
3962,1078
3984,837
3700,1078
3495,2366
167,276
1996,2689
3068,986
5043,1531
1380,2191
2405,642
1481,2243
4299,1787
2435,2736
5054,1131
3218,1684
5835,1696
2999,2320
2995,2578
3798,458
3075,63
4680,1829
1091,2438
4181,1916
5330,433
4956,192
1773,2243
2148,1366
2210,2244
255,1385
2275,2639
2282,1366
5207,1531
1609,334
3154,2049
3305,1464
5149,1526
1221,1915
5777,2815
579,2448
4980,27
1440,498
2018,2424
177,2633
913,981
3501,63
3170,458
3645,1505
5899,1465
1613,2146
3039,1695
2096,3054
4670,2430
4284,674
70,1231
1654,1366
3170,1397
2542,1828
3829,1033
4099,2614
2657,2532
1597,2552
5633,942
3055,2578
835,1448
694,1997
3596,458
3269,63
2209,837
889,1684
4765,2825
5488,968
5412,192
2666,2244
2404,2244
3560,1932
2147,2588
210,837
332,1766
2176,1828
856,2675
221,1935
732,2639
1019,1915
2048,330
1999,1377
2429,207
4908,2729
5543,1025
462,1997
1181,1684
5511,2241
1228,2439
4392,2620
4897,1035
100,1766
2010,1916
2001,110
3174,1465
2885,1362
674,540
3320,1290
3826,896
2635,433
2029,1377
5200,1975
2163,1377
3371,1255
1779,448
4090,942
5571,198
1653,2029
3781,2816
2919,1131
1114,997
1811,925
320,1890
4838,2498
4871,2446
1835,2450
656,1058
5527,276
286,27
1980,330
3198,896
180,540
371,1828
2587,742
2205,448
4871,2796
2340,1804
2792,1147
292,1131
5557,276
4855,758
2401,2430
3473,727
5587,2370
3049,2651
3013,742
1614,1296
2729,983
5053,1682
2773,1255
1782,880
522,2532
1224,2804
2148,2923
1826,2872
3949,1595
5549,3017
5945,3017
911,1526
2599,2041
2774,2796
822,3174
1371,198
2957,968
1171,1076
5194,1513
5037,1529
2786,1086
5162,1975
52,2209
427,1332
814,2532
3722,276
497,2825
4429,892
1144,192
4825,892
194,572
2138,1804
2207,1409
1811,1409
4414,1523
3982,2832
3624,3124
520,1496
2433,409
1736,1235
5170,1277
5335,590
1689,665
1763,614
1728,593
5298,1462
3159,2206
4069,2427
5507,1047
4163,2062
128,110
1174,192
2148,2118
334,2430
3094,276
958,2257
127,639
2372,291
5084,1129
1095,276
5434,2639
2144,1595
4663,1072
1662,131
932,1975
3851,2325
2507,2586
2813,2858
3561,277
1973,2652
3320,1908
3715,1683
5167,201
2889,409
4814,837
2362,892
180,808
273,999
3578,1385
5209,1366
2535,820
5560,2347
5933,1397
403,291
5836,1464
1071,1918
2566,1072
682,645
5489,602
1251,3017
4105,498
874,815
5896,2454
3695,2320
5223,1422
2594,87
2642,1067
5228,1766
1551,276
342,173
3107,3089
1350,1683
1763,1098
1348,856
4285,92
3794,986
3140,2448
1743,1385
2990,2689
512,1523
4509,739
3743,2926
341,1641
3381,1756
2999,1462
4272,2489
2381,329
3554,1684
1319,276
2532,498
5007,1366
3857,2624
1744,2145
3659,2639
5772,674
300,1990
1600,2366
4494,966
3075,144
5060,1377
4397,1033
4929,2614
4946,2029
5944,1131
4651,391
1483,276
2419,1910
4036,2747
3712,1869
3447,2352
4076,3085
1961,1971
1302,3089
2776,1366
5109,1619
2917,847
4714,2029
349,2417
402,2243
5555,393
104,2586
3992,2044
731,240
2673,837
3191,1766
3905,1109
3717,1058
4873,746
745,2767
1536,1576
1204,837
2836,2706
3676,2188
2141,1915
1862,2500
3732,1531
4909,2096
934,2639
4416,1409
3764,1254
725,21
2683,1151
5663,1023
4396,1696
495,498
3585,730
4856,2620
5678,742
2171,1915
1360,2639
3547,1377
4813,2923
5274,100
2884,1033
5798,2729
4940,1917
5420,2554
1153,67
3803,27
4062,1419
4561,3052
5698,54
1384,1131
2943,2552
4467,192
3765,674
1607,422
1352,2347
5946,2785
801,2244
3065,448
3230,2959
5838,973
2586,413
2677,2029
1658,2804
3200,1804
2804,1804
4979,717
2938,1804
5517,1332
5195,1281
1919,135
3338,2677
5437,814
2747,2209
3239,1917
4175,141
479,99
2836,746
3268,1157
4484,896
3634,2446
1323,2706
5139,3042
5490,1579
4206,2837
4827,1235
5259,892
417,160
100,453
986,2532
5143,717
4062,614
4950,1076
2456,1629
369,2563
825,2614
1042,1151
4421,1486
5726,2206
3531,1917
5850,2272
3128,746
3317,645
5643,2171
4581,2118
116,1336
4398,721
4938,2355
5334,2355
5158,409
2266,192
5077,2699
5289,892
2410,880
5829,2334
3222,758
3712,393
1776,1496
2913,942
2517,942
2197,1526
5,192
4456,1076
3886,1677
3609,645
3295,455
3548,2621
4489,435
4341,2257
4821,2894
3152,177
4031,1277
4475,2257
5562,2340
717,2091
1246,2620
1065,330
805,1157
4198,636
2417,896
5488,1078
35,192
1877,2837
1552,3077
2942,717
5476,2946
1615,1147
5823,21
682,942
5243,2186
282,1008
1068,1917
2162,727
806,1917
3805,2031
969,1157
2447,896
2624,2478
4100,1390
199,192
3729,2386
448,896
52,896
4223,1231
186,896
5425,1072
1713,527
3001,2586
4150,1103
4258,636
969,2446
3835,718
5280,509
5837,1366
3991,1231
2210,1683
343,2923
835,2631
2074,856
4727,333
826,1579
4033,2396
4117,3033
2714,435
2798,1072
914,645
5363,2614
3866,2633
393,2636
3392,498
5417,2850
4290,1648
5379,2366
3608,1062
3847,1078
3162,975
5464,1915
4653,2639
4558,1813
3889,2243
179,3057
3935,144
5932,448
847,712
4030,2633
4768,2562
5102,1684
160,1502
1920,173
3556,498
5096,1869
3917,477
3072,2371
1635,2633
5009,2624
3149,1837
344,276
1133,2422
1341,1405
2232,1576
1917,2504
4498,2859
647,435
2985,1032
3176,2320
3929,837
5185,1695
899,3130
1284,2941
374,276
167,2427
1215,892
3486,267
4415,730
3466,2244
5639,2804
1261,2176
1963,2448
2259,1278
170,1385
2820,1345
4738,602
104,3017
2432,2926
3354,498
4281,2578
2901,1684
1447,87
3766,442
586,1448
2544,2578
5770,1917
3609,458
4527,540
3085,458
948,1837
4821,2707
3525,730
354,1098
4160,746
4571,2532
4879,433
5751,2614
615,1627
1028,1042
1194,2243
29,749
4573,2578
5939,3042
4416,1840
5517,1629
770,1915
4822,838
375,2325
5158,2450
989,498
1066,1684
5570,2394
4190,746
3935,1917
497,975
4814,2825
2947,1813
4358,330
5643,2118
4175,1377
4471,207
5663,1804
3913,1377
3648,1860
800,1915
798,1088
538,1915
4535,1131
3000,2578
1926,448
869,739
2493,2747
4324,1850
3317,942
4227,1917
3958,746
4393,674
3732,1157
5378,480
1572,2552
3886,2563
3992,2959
26,1366
2770,2651
4172,1614
2773,2922
2496,1890
2833,721
3633,1336
3743,942
1528,910
468,1684
1108,2044
4146,1332
1028,1526
1048,458
783,1695
1727,746
2138,2532
3253,1465
3774,413
2370,1377
3598,2631
3240,2923
4171,49
5771,717
1581,1860
3773,942
4151,336
1109,2804
5038,3017
13,2578
5275,2206
4665,1496
2516,798
4374,758
1891,746
2894,192
523,1367
103,27
1304,1932
3604,2045
622,1346
2881,896
4144,1235
4978,3124
3445,480
215,433
882,896
4572,2621
4551,1744
3419,198
3918,1831
2457,1507
2121,1558
2207,1332
2382,2087
3240,2118
551,540
5676,806
1040,2394
3686,892
71,2532
4980,2796
797,192
1308,896
2053,1804
1970,49
3570,717
5523,1503
5684,2360
5868,1915
1036,1871
5270,276
4874,276
3186,727
5610,1098
2824,1277
2361,55
447,3169
4112,892
2045,758
4268,1405
1823,2631
4710,2504
1277,2872
1506,480
4608,1473
4843,3033
5910,986
3728,902
2341,527
2487,2796
5818,1397
5028,2032
3574,435
3441,845
4726,2633
1006,2759
5767,2371
5901,2371
4344,87
3514,1323
4397,2350
255,1255
1048,137
5250,539
3582,2366
4353,2243
5774,1448
1323,2816
5122,539
5908,1448
3280,1277
2526,815
2266,2396
3465,276
4416,498
4020,498
4194,2371
3736,739
4493,718
5692,1042
4226,374
2092,1462
3677,1098
2159,240
1851,87
106,758
4636,1935
790,636
3827,1796
3195,3017
1340,1076
1641,250
3124,333
5646,1047
2757,539
3550,2427
1196,3017
2961,2032
3357,2032
807,1744
4169,1910
4162,739
2866,2926
5760,1526
4505,1078
5463,27
2185,498
3461,1042
3951,3121
2528,837
3582,2500
791,3089
808,2504
3929,329
3354,2084
5190,1531
4080,498
5300,1699
5112,1648
4582,2614
1319,2427
1567,277
2215,498
5341,2639
38,758
3975,2552
4395,1448
4701,966
3085,2983
413,820
2691,1366
3737,1448
5834,2922
889,749
3322,2926
5039,207
5218,2424
5899,1819
355,815
5365,1131
55,2243
1483,2427
1820,1258
2245,498
1195,2926
3910,63
3975,458
1979,3008
4154,2675
5104,43
5133,781
2710,1766
5637,2758
2438,1078
4096,1916
2508,319
8,892
2582,268
4824,1157
5347,2430
3975,1397
5859,2578
998,1042
427,2007
3200,2532
1777,2500
1942,847
137,713
2938,2532
5271,2785
1042,590
1243,2566
2707,155
5372,1147
5007,268
750,2633
1536,2788
2381,2614
4401,458
2799,3127
3573,1767
3134,1131
1298,1684
3189,838
3874,1695
2140,458
2551,2244
161,3177
5585,100
4070,2923
5001,49
2420,448
3762,2578
1778,981
4813,752
5589,973
1267,1997
893,1756
2361,807
5597,2554
5251,1917
4855,1917
5268,1332
5250,2446
5384,2446
5122,2446
2453,746
5452,860
3986,192
3017,330
2621,330
3044,433
5293,49
2755,330
5031,49
5346,3093
4119,721
4762,3042
658,2239
2819,1254
1017,2357
1514,3163
323,448
3745,1419
2341,1629
4786,1157
1620,1869
4920,1157
553,910
2007,63
3901,1932
4032,2415
1171,3174
4748,1804
2757,2446
355,144
4651,1871
5007,752
2605,2614
5395,2554
920,330
2883,1804
1047,2357
4070,3057
2800,49
3617,79
4878,1281
1206,135
979,910
5829,2257
835,1131
4314,2636
1597,3174
3751,1964
4740,758
2338,2620
514,2244
4638,481
4822,3042
3647,860
5469,409
386,746
931,2532
707,572
1390,602
2033,2923
5323,1523
2336,480
2776,752
374,2614
2902,2554
3026,2620
2998,572
4612,1138
461,2209
4936,1235
4972,892
1269,433
584,330
2325,2923
1743,1255
3608,1440
5518,1590
2250,2749
1044,1254
2131,3057
1317,100
2232,665
2999,1332
1053,27
175,1973
5880,1390
1423,2189
2211,727
342,1332
275,110
2228,896
3372,1513
1985,1138
488,1157
2489,2923
1644,845
2707,2062
3259,2575
452,2631
94,2923
2668,1353
5751,2858
472,1563
3258,2350
3629,3017
4598,435
5871,1462
1600,3175
4181,1278
4969,2822
751,1917
355,1917
1859,625
4063,276
489,1917
4192,3130
2048,1086
1996,896
2197,2872
717,54
1930,276
2871,2062
3167,892
3170,409
1489,2785
4553,1042
5635,781
4890,435
5910,2706
4177,2448
474,1235
4544,2427
5172,498
3726,2926
4634,2320
5637,1766
869,983
2741,87
1877,1739
5915,956
3024,2627
94,2118
5569,319
4151,1385
4548,267
4321,1042
5455,971
4071,867
3159,1539
3938,1277
3399,2689
2155,902
5173,1258
820,717
5336,498
1719,1503
666,250
5679,837
2124,276
3471,498
4601,1971
1177,173
4613,1042
3009,2130
5471,1073
3680,837
570,892
1055,1873
3295,1935
4202,2639
5561,966
5599,1258
5469,1377
1157,3089
4182,2926
4827,1910
1883,1503
5598,1033
2110,2448
575,2175
5076,2614
2211,2500
218,625
5837,268
5649,971
270,2478
5048,1505
289,276
3721,1935
4144,540
1169,820
1446,2818
2778,1042
3340,2243
3336,781
1053,645
2343,333
2780,1088
4738,1464
2628,1448
5224,391
616,1021
2396,1098
5282,746
5848,1157
612,498
2472,1093
3738,2639
3964,730
1085,718
1616,354
872,3054
466,2366
2470,1397
1417,144
3798,1377
4622,2578
2903,498
2115,2926
4529,135
3911,1254
1268,21
4306,63
4898,1695
2322,1684
276,2427
472,87
1948,3163
4099,2244
3166,319
3775,1366
5389,1932
2780,283
20,1683
3060,2552
5252,880
3149,1089
1865,2347
17,1385
5251,1409
5743,1871
3170,1377
3697,2614
4476,2352
2230,1
2268,1047
5033,957
917,329
5879,1917
5896,1332
10,1345
2374,3163
4975,198
2867,63
1621,1613
425,806
5296,778
1149,837
3618,1917
2031,3174
1544,1366
3877,1619
1678,1366
2036,1828
3596,1377
550,3137
617,1915
1384,330
2086,602
4763,665
2803,2872
5859,110
5695,645
3090,458
3411,284
2351,1058
1853,27
5289,896
5512,2631
849,1110
1630,1675
2760,2394
2495,433
98,2639
5948,717
3513,2631
3050,1409
1348,1962
2609,3164
732,1464
3018,1871
5581,2586
3762,2554
3812,1917
1090,391
4772,727
2091,3174
315,1526
597,458
5542,2631
3009,1004
4473,845
903,1696
1546,2327
2483,2651
1318,1157
597,1397
2952,1409
4056,2627
264,433
4054,2554
3725,1332
203,3163
2517,3174
3890,645
1732,1147
2255,3174
1680,2677
630,1695
1447,1917
4759,276
2555,433
987,1932
5080,856
725,1932
3781,2580
5231,1025
1318,2446
2205,1717
4218,2554
252,2651
5379,2586
1365,1511
766,2872
4885,3017
331,1254
721,1409
2896,1076
4460,2087
2345,973
1999,336
2219,2554
4120,2396
1341,336
1873,1917
4527,276
4763,3027
2990,896
5751,2350
2924,276
40,674
3804,820
1454,2872
991,896
5700,1072
1474,1804
2798,1076
2256,527
5284,2325
4506,1277
1149,1455
4874,2427
2780,2190
4953,276
691,2297
2683,2257
5682,2371
3795,892
3545,717
3977,374
1148,2923
2072,3042
220,3062
3214,2832
5863,847
691,203
5892,87
4641,539
1022,717
2861,435
1163,198
5772,170
2767,1739
3825,892
4403,2818
2462,1103
638,727
5211,1042
4674,837
5623,986
2445,2627
1314,717
4906,1345
4290,847
1294,250
1808,471
1813,815
4057,87
4527,1699
5224,1627
5439,2747
609,1086
2947,1683
5767,334
4442,837
4046,837
1016,3130
2475,2627
1036,2062
759,1030
2595,1231
3768,334
1273,1251
5299,1397
5367,1531
5580,2578
2605,2858
5117,602
65,2504
4391,498
5318,2578
5667,1042
5660,63
3645,2371
5145,1869
4076,837
5332,1695
2087,2114
5557,1813
786,1513
3394,1971
4598,2639
995,1098
5267,2239
3606,2793
218,1406
4270,329
1537,2586
2265,1073
5744,2578
1482,435
4821,3061
2954,2049
1032,1138
5211,1526
5428,63
685,276
4890,2639
3436,1042
3176,1869
2899,837
2503,837
4182,2552
5376,2532
5288,433
3574,1915
3025,2639
4864,2357
3554,1448
2604,1828
3005,2926
300,815
649,2689
134,1277
3546,806
3704,2146
4264,268
2294,1787
3658,458
2405,837
2121,1078
5190,433
1981,509
551,2504
1695,3121
2800,1366
1605,1915
4965,1254
2883,2532
5498,1717
5212,1131
1807,329
2440,1962
1958,498
433,2633
1548,2320
2115,1613
4904,1917
3159,2588
655,1699
973,1042
4507,2446
4641,2446
40,837
1296,1695
4307,880
5857,2939
1769,1915
2992,2825
4812,49
1219,1448
4001,3025
2012,330
5921,1419
4517,1629
3668,2815
4934,1917
837,1531
4622,2554
4531,746
2660,2244
70,837
2270,746
3605,2651
4336,1409
4141,2631
2713,2255
3026,1254
1360,1464
121,21
706,2926
2521,1496
5799,1025
3556,665
1169,1869
4421,177
5603,1086
5857,2134
2433,336
5881,276
5655,2939
5803,2837
2119,2620
2992,2959
3950,942
4425,1235
1438,192
4468,1871
1154,433
1286,2804
665,1962
207,330
4646,645
5042,645
1626,2872
5257,984
5649,276
4374,896
2147,1039
3303,727
3403,2651
3716,896
63,2244
1959,1742
1749,1932
2420,639
1862,1809
3388,276
4045,3057
4637,717
959,1254
3336,1025
3410,1728
5655,2134
3618,1677
5106,2858
4349,435
2635,1917
2239,1917
288,268
2354,177
2372,2446
1701,2241
3736,2837
5011,527
952,433
1747,896
2008,2923
910,2651
1275,1086
1285,1774
2939,49
1820,2872
1871,1871
2279,942
5381,2689
474,808
5682,1863
1795,2815
4830,2586
1552,3057
1423,957
2975,645
1340,3174
1777,3175
1653,1419
2713,645
3155,1744
4295,2427
4651,2062
2022,727
3448,276
270,1917
478,2620
1558,1532
5028,1231
4056,1098
403,2446
2115,137
4695,267
2308,717
5632,1345
842,49
5501,1828
3899,333
5256,1997
5299,2633
2668,471
598,820
1042,2554
3697,2858
4063,2427
780,2554
4715,892
5221,498
5462,1873
38,1917
1313,3017
1886,435
1738,2257
4069,1683
2468,3042
4813,2366
1896,2062
2192,892
4181,1335
5301,1366
1134,49
3233,2350
1381,2370
5901,2859
2439,1523
4108,1796
23,1235
66,1871
1883,1076
4918,847
193,892
654,2041
4737,277
3711,2325
2899,195
3642,276
918,2087
4989,498
1728,1138
1902,2257
4329,2145
808,2858
321,296
106,896
262,1409
902,49
5086,781
2961,1231
163,3093
5834,2926
4552,847
3827,1345
1000,1523
1311,1385
3439,2926
1274,2257
1105,2448
1807,276
4508,925
2835,718
5116,781
2771,3177
44,1307
1866,856
5724,2357
1999,1385
4220,1397
137,717
5462,2357
992,1231
1341,1385
5543,1033
3469,2926
1296,1642
2385,2360
1700,2257
1509,2689
1961,2032
2637,329
4373,2578
3552,1648
2788,498
5042,458
1122,1462
1846,739
3515,1766
289,2427
4191,63
1653,1098
2123,1047
2446,734
2776,2366
2029,1385
2627,2243
970,2007
5464,2029
3237,2926
5820,910
5162,910
4393,170
592,2586
3928,1531
1003,1366
3396,2424
2952,498
2556,498
3129,2080
1372,2926
2752,2130
1286,1462
5646,730
3557,837
4997,284
2175,806
2877,1078
4735,284
5361,746
5700,966
5397,1157
4774,1932
3647,730
2549,458
5548,572
11,1493
2333,3085
5170,1151
5223,223
2737,1448
3919,2357
3609,1377
4834,2922
5806,49
5243,1629
3085,1377
2971,2029
4430,1526
4034,1526
4750,942
1893,3163
2035,1526
5335,814
3822,330
2734,746
1146,3121
3570,1018
5196,1409
2243,1448
3389,448
460,1073
5818,409
3624,1254
4677,63
4859,1235
4133,1131
3871,1131
1661,3163
2750,1629
1981,135
1898,2352
2612,1695
2773,2552
3912,2825
1155,2244
3113,2620
3333,674
4935,2923
881,729
3441,207
3262,1962
2467,1
2365,1414
2014,433
2628,2578
1067,330
408,1448
752,1258
884,1377
1655,1254
497,739
605,1962
3181,1973
2773,458
4714,1419
4925,1831
1270,2352
1984,1695
3610,1332
666,925
3405,2620
2006,3174
2885,110
3353,2430
3143,2620
5941,758
4628,1086
1257,1366
330,1915
1474,2532
2183,1531
1584,448
1048,1377
2199,721
1552,910
4268,901
3471,1523
5575,758
1148,268
2519,1076
2901,1932
2283,3051
676,458
3098,2446
4160,55
3148,1809
4151,1255
1446,2554
5345,1235
3182,639
5119,892
4935,3057
3804,393
3141,49
551,2614
3689,820
5690,2586
3004,717
170,2922
4537,163
3525,1917
5239,435
3573,645
424,1526
2225,198
563,2624
1738,2554
4966,276
5155,2427
3221,193
1221,1281
118,1419
2819,1876
897,1157
408,1932
4897,856
4279,2729
523,192
2902,3042
3169,942
4031,2627
3034,717
1568,49
3512,1281
1776,752
2579,1076
3176,3052
4208,984
2591,1086
1097,814
572,1932
2657,2837
3975,409
301,880
425,192
1003,2118
5786,2243
1063,2923
3697,2350
2802,717
5383,1072
1188,1871
434,1409
5470,2946
4441,3033
5141,2478
2047,2504
1147,527
4898,276
4502,276
5169,739
4462,877
2637,276
2241,276
899,2118
3134,1082
4056,2818
5376,1971
570,896
704,896
5256,334
5815,2018
706,942
3144,2709
1719,2796
2471,1677
1471,250
774,1076
1689,1641
1990,815
5426,1684
3380,2427
658,901
2722,2427
1063,2118
321,727
400,1774
5892,144
2012,1513
4223,837
4634,1869
2330,856
3949,1766
3961,837
1053,3093
3646,1765
406,276
1789,3161
2895,1042
5161,2325
1883,2796
4027,144
3118,333
5382,981
5881,2614
3054,2792
2949,1278
3083,2032
3069,2134
3819,380
5584,149
3134,277
4837,2578
2218,1739
709,435
3664,442
4505,1058
3240,2366
664,2355
4485,1345
2114,1766
579,1493
1393,2006
2535,1796
4603,2532
4173,1258
4840,1
5468,2044
3508,87
4702,67
5166,925
887,333
5804,458
5477,63
2963,1684
2610,2320
1201,2186
2901,806
4417,837
2677,1098
5081,63
5700,2552
5834,2552
600,276
911,892
4216,2244
2435,2504
4171,781
2144,1766
1032,2350
5177,1464
58,1390
2845,1813
911,1831
2838,642
1496,2484
4517,2357
3691,329
2524,2926
2658,2926
5834,458
3680,170
4185,837
754,2032
5900,2209
4725,27
4045,268
1163,739
1942,477
3119,1042
1458,2350
3490,2675
5644,1465
1984,1642
241,2386
3856,746
2861,1915
886,3090
4547,2357
4982,1531
5897,2850
354,2448
2983,1531
3401,2044
3201,2922
4493,27
2110,2131
805,2320
4074,43
872,1098
2076,1766
1871,3054
4822,2188
174,1699
3928,1157
1753,2244
1691,1366
4752,2358
4401,1377
1825,1366
4910,1254
1288,1915
596,3085
257,421
4758,1614
845,1345
3226,2578
848,862
2140,1377
2969,2922
1351,2614
4453,1917
2864,2347
2580,2588
4331,207
4145,983
119,837
3904,1860
3303,2394
2647,1531
714,1397
1406,981
1786,448
3067,3056
481,2357
3707,1696
4087,1917
4221,1917
4171,110
4269,645
4429,2620
4033,2620
1084,1869
4139,572
2967,2825
5107,963
4541,2272
2774,2430
2538,433
3154,2651
3393,193
4062,2045
1006,1397
378,1828
4115,1117
2788,1547
255,2926
1463,2804
3218,1131
3283,1526
4121,2625
1536,808
1149,170
2085,1804
4731,2554
1159,2578
2881,957
5031,2257
3524,1588
5946,2822
1173,1695
1849,746
665,3174
3941,1876
1936,2620
3758,2923
5594,2370
112,2244
2519,2446
3537,480
5116,1025
837,433
726,602
5313,815
4777,2498
2678,1917
1308,957
1970,110
3090,141
2967,2959
5527,1683
2531,1840
857,2189
459,1362
1285,192
889,192
2145,1804
209,433
3924,717
2597,393
1377,3164
2048,1871
2008,752
1743,1235
1082,1526
493,1131
942,957
2537,1281
3323,2190
3758,2118
5050,2633
2419,471
2942,2498
311,336
4862,892
4383,2355
3681,2837
5835,1627
3758,3057
4391,718
1168,896
1765,2872
2169,1235
5341,1277
2089,717
4807,3033
227,49
2720,1523
3100,1744
3800,435
2463,2621
2802,2087
5090,877
5112,636
5847,856
2820,2858
2869,276
5223,1406
5620,1042
5083,837
587,742
1082,721
1266,276
1725,3042
1756,2355
2016,1528
2854,2627
5605,2639
391,49
129,49
72,1235
5634,1098
1207,608
3161,276
3942,87
93,1523
1552,1020
4508,498
2336,2822
1162,276
1692,276
3785,1042
108,1804
4619,487
364,1235
1556,2832
3656,2325
707,820
4800,498
1713,1503
3893,1514
771,1744
1189,2257
1871,2062
627,275
2301,892
3636,2797
274,2631
5014,1366
3295,2504
2488,718
411,2340
2524,1129
4215,1915
4299,2552
433,409
5383,2926
4897,966
52,717
898,1677
3558,2325
4568,498
5067,1377
3780,2926
5170,2818
2781,2633
5307,837
5823,1131
3550,1683
2399,87
4030,2320
788,758
1278,2837
206,1534
4643,268
3583,1042
4058,1335
5178,1366
4216,2675
1155,1683
439,1513
2688,1129
2366,1078
2784,837
594,892
1706,1971
317,1523
4121,2788
427,1129
4202,1464
551,2858
1106,636
4532,63
3222,2352
5863,2758
961,1975
4914,330
5337,433
1335,1627
2813,1366
5048,330
719,1129
2068,1397
2746,329
583,487
1047,1345
3824,2578
5517,27
1198,1514
5415,2194
2490,2029
936,1514
2223,2439
5294,1675
5001,110
2162,1971
5763,433
3017,2485
5097,572
513,2350
1493,1058
4898,2614
3189,2188
3194,2532
603,2243
5355,49
4696,1167
5489,49
4255,2922
4518,1804
3534,910
3416,2352
3390,1131
4421,181
5293,110
5551,2620
666,498
3754,2347
8,498
5280,814
4003,3051
1718,1526
4359,1932
3547,556
2836,730
5169,983
3486,2532
3961,2825
1397,2639
1404,1366
2632,2620
3243,330
4151,2922
3490,2651
4588,2923
2473,1809
2590,2394
1289,73
148,3137
2667,2614
4241,2815
471,380
2155,2439
3316,27
777,837
128,391
2124,1813
2800,110
3664,2430
1055,27
3090,1377
3191,1429
5507,2267
2224,2394
5151,942
4877,1871
5360,527
1012,330
5251,1523
5323,645
1042,2424
2463,1629
1847,1131
1733,63
1867,63
3538,1917
2247,284
2354,181
1951,3174
3043,1157
3060,572
3177,1157
5799,1513
940,1366
778,284
4427,480
3169,2959
3804,1255
5299,409
311,1572
5469,820
5190,1405
1551,207
2521,2923
4756,2641
4293,665
5396,1281
4663,198
2658,942
3382,973
70,170
4994,712
3170,336
744,1804
5162,296
3061,1332
4289,896
3776,1277
32,63
3801,3027
1361,433
5210,717
4222,3057
5447,2350
1297,448
797,1034
570,2563
3187,2575
3159,527
1087,49
4674,333
4774,2257
1429,752
255,458
3832,2498
5100,2427
561,1696
4253,276
5677,718
2521,2118
5811,718
5193,1837
1208,2446
3336,1513
1999,1255
4523,1076
2718,942
1341,1255
1914,2837
3337,2677
472,2563
2979,717
5701,2243
1074,2631
3610,1523
3350,2350
2555,2641
17,2922
2987,2298
4136,815
853,942
3748,2396
4106,2858
5224,2062
843,1917
3628,1513
5440,374
2162,845
1900,845
2156,276
5731,2243
3640,1523
424,2872
842,2631
4383,1042
3316,645
4909,1088
5327,847
5723,847
4516,2325
5094,87
5121,1910
4718,739
4859,1910
860,2621
3066,847
5779,1129
1066,245
1589,2272
1134,2631
977,173
1170,2288
4396,1627
4401,1971
192,2872
2379,856
3148,2350
1257,752
992,1235
2611,2145
3168,3002
4288,3033
2378,1385
3238,2243
5258,87
5163,981
223,3124
4882,739
2427,1277
4006,1068
5893,1766
5220,734
3938,2627
80,2257
3244,718
4500,1576
3548,1129
5239,1915
1983,2145
4318,3033
1627,820
3705,2244
5045,329
5281,3080
4945,3131
3747,965
4877,1684
3133,2957
3131,2130
5772,284
3936,837
2554,806
5615,2552
5651,2209
381,276
2949,1335
1316,527
3360,3121
3807,1366
5345,1910
2210,1935
4474,2583
4176,2926
3818,966
1686,2689
2104,2448
177,1385
3116,1448
3210,329
3774,2357
460,3171
4849,925
5756,1629
5222,1695
3850,2352
2322,806
990,892
2626,1971
3758,1073
2772,1042
3508,144
4490,433
2396,2448
4598,1464
5362,2614
2531,2084
3636,329
4976,2578
1211,487
5390,1629
479,2258
4142,2352
4990,1695
1767,1873
3381,2439
1392,498
5583,2209
5674,2327
450,739
2408,1869
5546,2327
1473,837
5083,2825
4890,1464
3202,1915
3300,2450
5050,433
5538,1685
1073,903
460,2366
1231,2243
128,1627
1293,3121
1344,1366
334,1503
3025,1464
3732,2080
1667,329
2840,1684
2532,1531
3131,170
5457,1696
3249,391
5738,1157
3152,458
3221,63
870,170
3918,2620
5260,1532
5456,2410
4998,1532
4776,2651
5478,2923
175,1042
1770,1366
3346,2394
5295,1526
969,1088
709,1915
3295,2614
1423,1258
2562,1531
1213,1448
1737,2357
3258,480
2298,2424
785,1910
355,636
4897,1076
4608,973
3765,284
3123,63
1743,1613
4002,1917
252,2578
5068,2651
5381,896
2062,1366
2547,2347
3658,572
5683,480
4246,1496
5371,1871
2145,2532
3991,223
890,2084
3247,2923
981,1448
2985,2923
5153,1419
3064,1526
2737,1131
1704,1254
2600,79
3508,1917
282,2578
2371,27
1514,2850
3458,110
5411,896
2317,3174
1233,1110
1898,746
5662,892
4031,2631
3277,2923
266,540
2544,1086
3056,480
575,2049
2433,1255
1356,1860
3677,3042
1743,808
3420,1696
1768,1804
5575,896
833,1526
571,1526
526,63
2214,1332
5113,276
4851,276
2647,433
2382,916
482,3174
3976,49
5153,614
2656,896
3575,2923
4365,3042
4220,409
736,2532
3707,3042
797,1465
408,192
1664,1804
659,1531
3921,527
738,2578
1077,2044
4470,1523
1243,993
38,2352
4212,2396
4763,55
2056,1281
3000,1086
2769,2651
4997,1390
3283,2872
1485,1465
1803,54
5022,2386
3425,1235
3513,1082
2938,2837
3277,3057
5469,1385
1680,2872
3240,3175
3286,1076
2601,973
1016,3057
4032,2586
2116,2621
1171,901
5257,1098
2968,2837
580,433
4506,2627
5141,1677
2706,2837
5931,1042
1598,2631
1247,896
4724,1766
2458,1045
5377,3085
3295,199
4109,712
3966,2124
1834,1595
5335,2859
5593,1397
2207,645
489,665
1019,1419
1055,1076
3335,2257
5573,1684
2288,984
5371,2489
3857,87
2814,276
4851,1699
4238,718
1550,2186
1882,1235
2066,3042
1347,1076
5139,826
2310,2621
5483,636
3230,2032
1101,1020
3795,498
2023,312
5333,1042
3056,1098
4990,1642
5783,1278
1390,2062
1242,3130
846,3130
1820,892
3896,2243
3667,2191
2163,1231
4957,2633
5767,1684
2042,712
3270,276
88,455
3037,2926
5931,1526
1889,847
1271,276
211,296
613,276
5649,1813
2303,837
5345,2341
5066,2926
732,2627
4314,847
4799,330
979,2504
3455,1345
2369,144
194,1231
3463,2926
4194,1684
1243,2550
5398,2352
5768,1131
3932,1684
4978,1766
5454,1695
5268,27
5474,2347
2463,718
3266,1042
3655,63
4101,1089
3812,986
596,3089
3922,1346
2091,2243
5042,1377
1829,2243
3646,1448
4561,515
526,815
2969,2926
2573,2926
1018,1277
5402,1131
2253,1258
3605,2578
1203,276
5518,2245
4415,1629
4408,458
488,1462
1444,2782
1019,1098
5632,2532
1535,2146
3357,1695
4608,2209
5544,433
2008,2366
5678,433
2835,832
428,2350
4340,2394
1552,2500
2144,160
1079,590
5566,1131
1302,2325
4031,2578
646,708
4500,1336
1900,739
3849,63
4812,110
4855,746
5414,2430
5312,433
1065,1042
494,2007
2320,1675
5338,2785
4598,2029
4572,808
2447,1258
4725,1804
5912,3057
198,144
2063,329
3403,2578
3563,1547
3217,910
3879,63
4393,284
4909,1332
215,498
5858,727
4148,1419
4949,916
3636,1244
3772,2825
110,1613
992,540
491,2244
3354,1531
3748,896
446,781
5947,957
3514,1254
100,144
5014,752
5891,1025
4043,63
1216,433
2136,2096
1838,2439
1311,2922
1645,2044
485,1648
1746,2850
5584,1255
2533,1917
3925,192
4436,896
2562,1157
2961,674
2560,330
459,1366
4301,2923
655,2244
2594,880
4567,3042
5178,752
1936,880
4699,717
3716,957
5330,1523
5731,2621
4208,1419
1341,2922
5854,742
1461,1526
5859,1086
1812,63
2951,336
5741,276
634,27
5663,2837
2986,330
1392,608
4731,3042
3697,2785
3583,1717
3717,1717
4467,717
4205,717
2591,1871
5490,815
5896,1503
1560,1131
536,808
2079,1696
1881,957
1141,1147
170,458
2773,572
3972,896
4853,2631
4946,2822
4118,721
2280,639
4302,276
5405,892
1473,2825
4711,1235
1101,967
2369,896
4301,3057
4208,614
2174,2872
3165,49
5128,1523
1496,1496
4438,1076
3095,973
4002,1677
719,1804
2580,527
4509,727
5362,2858
2714,1281
4223,333
1781,1076
3947,435
1552,1024
4318,2822
2835,2739
758,1917
1986,727
2199,1774
659,1157
5160,2350
2892,240
4898,2350
5626,837
5032,2350
1286,1255
1496,2785
2781,409
2332,3057
3068,1405
623,2631
621,1804
2635,1523
3545,2498
3693,2396
3653,1277
4362,276
1442,455
3391,2031
3704,276
970,645
2016,727
3838,276
2649,2360
4732,718
4906,1837
921,2446
4178,1098
3541,1975
4369,2386
4525,2145
2546,892
1226,49
3547,1231
1050,1513
3342,1765
2803,3177
5250,1088
2999,645
1345,3124
5092,3131
928,1523
2750,1072
3295,2858
2142,435
1180,1744
3811,1462
3556,2633
4208,1098
5163,2782
689,2446
3016,2130
5490,144
4185,333
322,1871
819,2677
17,1235
1201,527
2419,1093
4284,2032
94,3175
2568,435
1484,815
3848,2633
4572,1910
3586,2633
435,435
2566,739
1184,1462
5260,971
4260,1796
1715,1098
705,1235
808,2114
388,1528
3623,421
44,1718
183,2062
1360,2627
4180,1278
4660,1915
3347,2243
1062,718
2244,1627
5688,2357
5311,155
3616,2633
849,3054
3375,1258
899,3171
1482,1277
1050,2586
26,3017
1490,2858
2880,498
2596,739
4292,1869
3223,837
2275,1098
4365,2347
4403,2639
5380,110
3377,2243
3814,2244
385,856
1078,820
1224,3089
2012,1627
4932,1448
1026,2350
4042,2633
2557,1915
5912,910
850,2124
2973,847
5650,910
2045,986
2217,2032
818,2586
2893,329
85,1503
367,435
3044,498
4702,1336
5105,63
5454,971
2171,1098
3649,837
3387,837
5806,110
761,739
5487,330
289,1683
4151,2926
2079,2448
4263,2578
4001,2578
4784,1526
5212,1973
2748,2957
5372,1696
5490,1917
1703,67
643,87
247,87
4201,2639
4502,1813
4956,1229
5178,110
529,739
3433,27
5426,1932
890,718
446,2956
463,2371
4506,1932
4477,1002
960,3177
5361,2446
5406,1465
605,734
2573,2552
2637,1813
3222,746
5584,2491
474,1971
1289,1366
1430,847
2451,2562
5679,284
240,986
3657,1613
265,2736
1239,498
1753,3163
3097,458
72,2341
3876,2825
4105,433
1882,540
1806,3174
3556,1157
5235,2872
1057,1366
4851,1943
1945,1828
2251,1346
983,3137
3746,1254
5456,1528
1700,1997
5518,716
792,2788
5635,712
979,2614
158,1684
5803,296
3678,746
197,2578
3416,746
1836,3174
3190,1157
4668,896
1416,144
3398,1860
4561,275
414,334
1030,2552
3506,639
5066,942
2554,192
38,986
3787,100
3355,1409
5920,1231
1713,2959
3036,1629
3463,942
5342,1025
3550,1850
799,2804
4321,973
3453,1917
4943,727
3141,110
4950,2837
2562,433
2833,896
732,1932
5854,1523
2979,721
2075,1254
289,1362
2969,942
2601,546
3521,2209
2676,131
2709,79
3574,1281
4973,727
542,2747
120,1526
867,63
650,1526
2713,198
3592,1860
5440,2822
1484,1917
5376,2837
1599,1675
4930,276
1294,1039
5463,739
3377,1117
1417,880
3249,1871
1862,1496
2865,942
69,433
597,2804
5946,2586
4000,1281
4146,2796
4153,1523
4526,3017
5495,435
823,1804
3896,2621
1384,1871
2805,1076
5508,2360
4513,1277
1629,1675
4564,276
5144,2837
1981,814
489,1177
926,1932
4171,1513
5105,2320
3420,3042
3131,2939
3406,892
2883,2837
2014,173
1028,896
4011,477
5525,435
571,2872
1249,1804
2457,1682
294,1840
311,1255
4946,2448
2052,815
4416,2633
5226,1684
3846,3042
2774,1739
4632,1699
2729,276
4415,718
1323,413
3716,717
4153,718
997,2872
4309,1231
2098,409
5441,333
1621,2699
1456,942
3199,198
4042,1641
2474,2386
5089,2325
2885,1728
5280,2859
2214,1523
527,856
5709,498
5215,1683
4198,87
5681,170
2453,758
4969,1627
2185,2633
2971,1098
2217,1390
505,1255
2991,2504
3085,1385
3147,3017
557,856
2780,1503
3857,144
4951,2926
1165,712
3254,2325
3851,329
1299,712
258,1728
2571,1514
3390,2371
5888,971
4121,1129
5542,334
2498,477
2401,2796
2427,1765
4612,1366
4981,2926
3415,1088
5490,2803
4277,329
3600,87
147,1523
1425,2894
2715,862
4023,1910
5783,1335
2245,2633
4100,2130
72,1349
2379,2633
2280,2627
1905,498
3758,2366
5031,2639
3680,2675
1102,1837
2365,1422
355,856
1563,734
2006,2243
3239,1397
4586,2373
2409,2633
1318,1088
208,55
3927,458
993,739
3338,63
2278,837
958,1684
1013,2145
1923,2366
1596,1971
2647,2397
3927,1397
2510,1345
648,2397
2924,1362
5085,1131
2198,1258
5668,957
3117,2696
3764,63
257,2926
2430,1766
2034,1766
2564,1766
3698,1695
4374,746
2913,422
781,2145
5227,433
266,1699
2262,3121
2964,2639
3966,1860
5884,1871
569,2639
3105,1531
5436,957
360,21
3708,289
2121,1546
4776,1850
5213,2605
2513,838
1823,391
3352,2347
3789,3102
4706,330
5580,1086
363,477
3823,1932
2405,2244
595,1766
4794,1840
3392,433
91,3172
2885,602
717,416
89,847
331,380
3018,1131
3233,3005
4755,572
625,1766
2045,746
367,2639
436,2244
3118,2651
4562,527
1427,2804
5818,1385
2215,2096
5219,2554
5527,455
4931,2087
593,2578
564,1648
1593,63
2890,3174
2840,1367
1078,1869
4872,2446
2382,2209
3746,880
1151,2347
3806,2651
4119,896
2245,1157
70,2244
4287,480
276,1366
3891,480
3212,1131
1985,2923
2654,49
3891,1419
1475,1131
1295,1695
2501,746
2062,110
4364,296
3736,727
4856,758
5118,758
3288,2257
4506,2631
1402,1003
106,746
3148,1496
3170,1255
240,746
4705,1528
1093,433
5279,2554
5377,3089
1232,1531
5812,3017
523,1034
1347,2235
2012,1871
4646,2052
5919,2325
1388,3175
2410,1917
261,1973
3521,896
1554,1932
40,284
4954,892
3254,2272
532,746
215,1039
3985,276
227,110
5177,2627
894,2825
4879,718
5261,820
3891,614
176,330
255,1377
1802,721
389,1377
2266,1579
764,1254
1985,3057
2525,527
118,2045
2702,1917
1115,3174
1552,3175
2901,814
70,284
5341,2627
4570,498
5394,1699
690,2621
129,110
2904,1462
803,2498
3812,856
2079,3042
2726,409
17,808
1925,131
5803,1345
2981,2621
431,1579
2980,2396
597,336
3704,2427
3649,276
471,1917
4862,498
488,1332
3542,1345
2685,758
2057,435
4851,1837
3075,2633
3130,2340
3765,1390
2531,291
2672,1462
5065,1766
554,639
3152,409
2670,2355
5634,2448
4648,2417
3975,1385
3230,1231
5938,2859
828,3093
7,1409
194,1235
2429,199
5421,2340
4724,160
3490,3033
5916,67
921,2503
585,2554
3813,276
5129,1377
707,1231
5681,1890
1660,2842
4645,806
2769,240
3268,1873
1607,2427
3820,2386
979,2858
5502,1366
2019,2371
3017,1473
238,2631
4787,2552
1863,1831
1610,1385
4965,380
2678,2946
317,645
1678,3017
3476,2926
4794,498
3269,2633
2964,1997
2625,87
5682,371
5921,2639
1853,739
623,2822
4965,730
5450,21
2191,734
3526,2639
4056,2639
2958,3121
5456,967
518,527
5838,1823
4076,2325
2930,1073
344,374
3451,21
5945,1131
1022,2689
2259,87
2796,1258
4914,391
5423,268
2563,498
1061,173
4180,1335
4076,2675
2622,1078
3040,837
1588,67
3446,27
588,892
2498,1042
2878,509
2988,3121
1578,1042
4878,330
1299,1627
5088,1860
3665,1828
1314,2689
1716,1915
5713,1131
1862,1740
1795,518
3715,602
4312,2578
50,435
3104,448
4993,1973
2183,2320
5531,336
756,826
5355,110
5143,1917
5181,2209
618,892
4740,746
4212,2347
1612,2504
409,718
1744,1869
975,1129
3810,2532
4536,192
2156,1813
2142,1915
1266,2244
5268,1804
4650,2923
4941,1409
2633,2906
2096,981
403,1088
3369,1254
1311,2926
3281,3127
4659,1696
2599,289
1320,1699
5109,1932
2034,1042
3295,2244
43,1684
2928,730
4943,2394
2305,1505
2816,2209
1295,1642
586,391
3597,330
5338,2923
262,267
1117,781
263,3121
3152,1377
3976,2578
4377,2922
4418,2923
5349,49
4817,942
5593,409
257,2552
1341,2926
5054,131
5241,2209
1698,3163
5149,2620
1804,1869
1222,201
3593,746
4043,1706
1653,2639
3105,1157
930,2244
5462,1804
4321,896
3770,1547
4981,942
2185,433
1789,433
3093,3025
4093,1419
1939,1131
2400,1526
307,925
4426,1070
3318,110
4080,433
2490,1419
5838,2441
745,1336
5,1526
2290,3051
5891,1513
1941,1362
1268,330
3410,49
5010,717
5817,2503
5896,2796
1856,1254
1897,1255
3000,1871
3012,942
4519,1419
1105,2029
2168,1526
86,2804
3658,336
3794,1917
306,2578
4984,435
4464,2651
2903,1157
4766,2427
5516,1235
5552,892
2529,192
1087,110
2245,433
2778,896
1807,2651
902,330
5174,717
3794,2267
5243,1076
2266,721
523,1465
5609,645
4585,1076
3016,2939
3752,2041
472,1685
2652,1696
1714,1147
5148,435
4064,815
5,721
2288,1419
3549,2621
4198,815
1743,572
5466,717
3031,2631
3258,2822
3848,409
2318,480
993,983
2889,1235
298,192
660,3025
1955,3057
3433,2796
4782,435
2385,2641
3147,712
3966,815
683,942
2073,2554
885,110
3039,2118
5050,2320
1232,1157
1676,639
3016,2134
3592,2267
1018,639
3485,892
462,192
66,192
3574,2627
3725,2796
4258,815
5419,847
5553,847
792,1235
439,1871
4529,1278
4401,2032
3293,1072
5886,498
2665,1503
794,1281
911,2620
5171,1684
4393,1390
1232,2446
741,896
3440,718
3500,1523
1977,2041
743,942
4912,642
4375,2689
5691,380
3726,2243
899,3175
2800,3017
1239,1523
416,1486
2035,2396
5335,1684
1995,1277
3874,2114
2704,276
3249,2062
4030,1873
4083,1699
3393,498
2849,2320
3305,2371
4382,1766
2983,2320
1221,2822
3998,837
1406,2575
284,1717
3756,2243
3749,1072
1168,717
4198,144
2023,1231
2934,1088
752,250
2335,2257
5733,2080
4945,1098
1008,435
5359,1869
5097,1869
3104,1684
5418,1695
138,737
4525,1828
5550,1033
1221,1078
247,3124
3246,986
3686,1258
5028,170
3020,1397
4981,2044
3431,739
5733,925
5127,1869
5445,458
3000,1684
637,276
241,276
4360,421
5141,986
5578,987
4714,2639
3950,2243
1665,718
1264,374
5445,1397
300,856
38,856
1642,734
3412,847
2445,1058
5487,2562
72,1406
1257,2586
1355,3121
218,1231
3148,1740
1723,1073
2160,1828
3977,1033
4244,1377
5871,458
2354,2633
2433,2926
2314,1514
1020,2084
2840,806
5006,2639
405,276
1618,498
3106,925
2110,960
3292,1869
3030,1869
3021,63
1646,1765
3277,2500
5374,2
3046,1813
5898,2631
633,1042
1316,1072
4941,1840
1016,2500
4768,1131
5945,1696
3804,1613
1223,1258
3737,391
4926,27
2472,1699
4562,2194
3313,63
2664,1869
1697,2080
5341,1932
4864,2532
1872,391
4198,1917
5172,433
2448,2244
5032,1362
5352,1532
4268,966
3342,1932
799,1869
5181,896
126,837
1600,1366
767,3085
2933,192
137,2689
1515,1258
412,642
233,2397
1797,1910
3837,2850
5767,1932
5892,880
5456,727
4389,330
2350,2244
5001,1086
3282,2978
4027,880
1771,847
3369,880
2963,192
3830,2029
1999,674
289,1366
2556,1531
3695,1804
3334,135
2769,2578
1007,3080
3507,63
4646,336
5946,712
1698,2439
4466,2620
9,1699
83,1648
4142,1742
5241,896
5620,1481
1246,63
1311,458
2723,2583
5309,276
2876,2825
1341,2552
4734,2785
2163,674
549,1828
4298,942
1448,1860
1835,808
4586,820
5329,901
2273,1973
4532,1523
276,2578
1410,63
2761,192
4375,758
3802,896
1612,2614
4933,527
1402,2804
2761,1131
612,433
216,433
5727,3017
1346,2872
4543,1281
3338,2832
1044,63
4552,54
3681,727
5503,276
1483,110
4909,291
3771,2872
4225,3042
4607,892
2392,860
4646,820
5042,820
4305,527
4157,1595
1571,896
3030,393
3756,1251
2233,49
2054,1804
4439,527
1510,2872
1971,49
4330,1523
5319,2791
1188,1131
1299,1871
4293,1641
3524,901
5074,2206
5795,276
5137,276
3427,968
2994,1086
4687,2699
2008,1809
306,2554
5562,2145
4824,718
1663,1774
3194,2837
4562,718
4958,718
3500,665
2397,49
4852,1231
442,910
2078,1235
5257,2448
3921,1072
5941,3080
4291,605
2990,1502
5127,877
1147,1076
1529,1932
5244,1462
2991,2858
3713,2062
4890,2627
3013,173
2734,758
3040,276
3969,1493
660,2651
4325,374
3707,1493
3101,1683
4281,1765
3025,2627
2713,820
3255,3089
428,49
4301,3171
1370,717
3323,1503
3676,867
3668,225
5569,67
3060,2032
598,645
1747,2360
1728,2118
3070,276
742,2087
4679,498
5885,2747
4626,837
2869,1683
1467,276
2495,718
5155,1366
2493,645
1433,665
3353,1503
5006,1997
3056,2448
169,2575
1063,3017
4447,498
3344,636
964,2257
2540,87
3295,1683
1101,276
5836,2639
4301,2366
3041,1766
2721,2350
4782,195
5901,1
1257,1728
5104,1377
458,1523
3555,2926
299,712
4223,581
4065,2624
627,1682
5584,2926
5694,2532
107,892
1872,1627
1877,1971
5376,910
1716,333
4121,2906
4217,2614
1746,2427
2083,1258
2642,498
5128,27
5045,2244
1769,1098
2493,1129
5280,798
875,67
5462,2532
5770,433
4732,966
1487,1385
520,2350
869,2504
2818,1828
2467,847
4583,2563
2057,1915
2471,966
3727,2578
4026,925
1992,739
2219,1684
4068,1336
3015,837
2619,837
5484,1917
4947,746
630,2114
3403,2639
5246,813
5861,1086
5570,910
2686,746
4890,1151
5685,860
1142,2639
1443,1813
3671,2804
5264,49
4706,1973
2557,2029
3453,2352
4105,63
5328,973
2965,319
3061,27
1972,63
2433,458
3195,781
2978,2244
4965,1860
598,1613
2420,1916
4201,1464
3987,192
146,2243
5050,1409
5032,49
5132,1973
1836,2804
320,329
2720,1804
75,498
1295,1699
1119,3163
1341,2044
4762,1127
5935,984
3187,2209
4279,192
2484,746
4115,727
1503,1813
1694,2347
2561,1932
4921,3042
4172,480
5048,1871
1328,1997
619,746
595,160
2472,2614
5476,820
2488,1804
1949,1526
211,2614
5049,2446
2917,1917
3008,1281
2863,2620
5399,758
1202,3174
2556,1157
3781,450
2764,1860
1045,746
649,746
4138,2939
50,1915
5803,2504
5548,1231
2824,3042
4,981
2879,2749
3075,409
1272,910
2048,1131
3180,2677
4572,198
2295,1008
2685,1917
2723,2209
665,1629
3027,2620
5695,877
2556,2446
1075,746
4803,1235
4985,717
328,2394
2451,1871
2804,1235
3239,409
4268,1076
5183,1641
2724,717
2361,665
1870,3057
2042,131
1920,3174
2603,198
4435,435
4473,727
586,1871
949,2677
2836,2621
3898,984
4643,1138
5063,2478
4181,518
1196,110
230,2209
5648,2350
3688,393
3230,1235
3269,409
5487,712
1512,1255
4220,1385
4705,2366
2754,717
5440,2586
3609,1231
3996,1677
4390,1042
21,2974
4727,435
4403,1277
4561,2617
3468,2689
918,2209
4326,276
1129,2621
709,1281
5616,718
3233,2822
2049,1086
5748,837
5598,1078
3430,892
2327,276
1931,276
2822,2699
2034,1717
2772,892
2522,717
4485,2191
877,1804
341,1235
2201,1076
2123,1385
2496,435
2064,1744
2734,2478
2847,2355
4450,1042
2948,717
4171,1627
3407,477
4529,1335
977,291
4208,2448
5266,847
3819,421
505,1235
894,2508
560,942
663,2575
897,527
959,1405
1031,527
5599,498
5337,498
4449,1756
1436,1744
1854,2257
2115,2032
2502,2478
2211,1740
3011,2355
5012,1869
1161,758
5558,847
4322,3085
1848,2627
5148,1915
2615,1042
2341,1971
3559,847
1048,1231
4183,2926
5482,448
915,1641
4986,806
2995,1448
181,333
2562,2320
5098,458
1040,1528
1482,2627
2633,1971
3006,267
3842,539
361,2371
700,1837
1834,1766
3045,1915
3817,2926
1723,1935
4653,192
3631,1258
4508,1531
1612,2858
5387,2439
5852,2209
3479,837
967,87
937,2130
1480,837
2390,1058
349,2145
2171,2448
4487,2532
4795,433
2398,2639
4800,1531
3927,1377
1351,1366
3939,448
1843,1828
986,487
2727,3080
1982,2926
573,2792
3534,2614
5272,1526
946,1088
2463,755
4445,27
1284,1083
4601,540
1323,1011
5662,2620
1906,837
5691,1860
3585,2552
1382,837
2729,1813
3584,2327
4568,1531
1443,2244
2823,1448
1775,539
2138,1345
3991,207
5622,942
4338,1254
5838,1506
3689,808
3330,1629
1069,498
3392,63
2996,63
3192,1695
645,170
1123,734
5266,1465
992,1971
2893,1813
3693,2620
4309,674
3421,1932
4551,2651
1941,1366
5349,2631
5050,1840
115,1109
5908,1871
3745,2029
1195,987
4606,79
1882,1890
3845,2610
163,3028
569,1464
894,1032
2878,1131
5450,1932
937,170
4383,973
2141,838
3397,1696
5558,1465
3770,746
5485,2118
4160,2621
4358,916
378,1869
4151,1377
4679,742
3624,1860
437,1695
4028,223
788,986
430,1278
2054,2532
4246,1614
3752,2045
3096,2872
716,2049
5931,1831
3293,942
1870,910
2276,2352
4683,2554
1286,1613
5789,435
5431,727
4133,2087
3063,1419
4924,896
1775,1023
954,1813
1673,746
2788,433
3187,896
2414,192
4439,100
5583,717
958,1932
4227,409
2231,2959
3714,3042
2191,1840
5756,2365
869,2614
3195,1696
2801,79
4019,645
5856,2946
3958,2621
1286,458
4054,639
1316,2552
3508,880
2056,110
385,3174
5022,276
2840,192
3029,845
3132,1532
1161,1860
973,2563
4111,1523
2760,3057
1258,480
4752,3017
3988,2621
1872,1871
1457,1629
1973,2677
4113,815
5314,276
2968,727
2911,193
4484,758
2706,727
1641,1157
2916,2257
2269,2446
3430,2478
4421,409
2337,860
2478,2031
2791,276
587,433
5530,1971
12,2188
5440,3017
1737,1804
5842,2243
5916,2946
1640,1871
100,1254
802,1526
475,1131
4116,712
4143,815
2665,2796
4702,55
3356,435
1016,3175
3309,2309
3342,2257
4933,1873
2821,276
3707,2355
5427,1627
4401,1231
5464,2448
2544,2627
3977,903
5315,2325
3343,3017
2140,1231
2522,2087
2954,1744
3124,435
5094,636
5398,1047
2975,2032
2851,276
2985,276
2589,276
5340,1042
1515,2872
4541,837
4226,1765
270,860
2092,409
2524,820
3833,3002
1577,717
2781,1385
427,1975
1423,250
4568,2633
2311,712
2971,2448
5512,1684
1142,1728
2568,1277
3480,2325
4058,87
3662,87
4490,498
5092,2818
5417,2578
4486,3008
5487,1627
4222,2935
3556,2320
3131,1390
106,55
1467,2427
4309,837
1286,137
2119,892
1506,2355
343,1496
1150,276
1279,3130
52,758
2342,2627
1471,856
275,49
5562,1397
4435,195
89,1579
512,1682
870,1390
4113,144
5073,2926
1587,250
4811,2926
2703,539
3833,1258
3928,2084
2472,2858
3200,1345
4088,87
3316,739
5670,1869
5845,2624
3572,170
4735,837
4055,1078
1887,892
522,276
1102,2837
3669,1042
4512,2485
2203,374
4030,267
3310,1109
2747,2689
161,1990
5259,433
3540,2325
5806,602
2540,144
3713,2253
1280,1796
367,1277
2917,67
1857,87
814,276
587,1051
948,276
5588,1813
1190,2253
4781,781
1192,636
3437,1042
1446,1684
3851,1813
5456,2825
5289,433
1574,903
4719,2532
2763,539
2630,2639
5166,1531
2138,487
3874,2736
2872,2926
4441,2029
2290,1258
3776,2578
847,1513
1991,2130
1476,1684
3594,63
2534,837
3790,1695
3394,1695
4466,746
3528,1695
3132,1695
5407,2532
3230,540
4768,330
2333,2244
4850,2614
5870,721
1183,1058
5737,1131
1048,3085
293,2243
2313,87
2798,1068
2192,1258
3806,2578
4470,1804
1101,467
113,2807
452,21
285,847
3886,63
5505,973
4541,1455
193,1258
3424,1695
5120,2825
1882,1971
1982,2552
2116,2552
2842,966
1386,986
825,2639
622,590
3373,602
4173,1409
2416,2255
3975,2922
3954,2045
4634,1804
4389,1973
3788,63
4309,1455
3369,79
4272,2327
4568,1157
5843,2257
3778,2758
729,837
333,837
1723,1695
1327,1695
1303,1109
1750,2552
2540,1917
3932,192
4194,192
3078,2532
2703,1157
4530,1804
1149,642
5726,1076
5573,2554
1404,602
1460,3163
4915,110
1819,63
2531,1023
5337,742
2570,1917
2608,2209
2983,1332
5882,276
4734,2923
1019,2639
3636,2651
296,2244
234,1366
3343,1086
5323,1975
311,2552
2473,2923
4716,250
2188,1973
3072,973
2086,1696
3013,1332
2593,746
2734,1917
1147,3174
4375,896
5476,877
2733,2446
3240,1496
3658,1255
2663,172
285,2620
2532,1409
987,448
2776,49
708,1033
2628,1871
2836,100
3020,409
5797,1642
502,2096
808,1614
1260,957
5227,1462
3141,1086
1888,1465
2979,758
711,2620
5353,820
53,2620
2562,1409
4487,1837
502,2446
1175,1034
2537,3042
3629,1025
88,2614
366,1804
383,1973
2986,2087
5754,1514
5489,1997
3914,2325
788,746
3847,1103
4089,636
5157,477
4159,2129
2793,2631
2397,2631
2727,291
1032,2769
2226,2749
5915,1058
882,758
2833,717
2571,717
5428,2633
3680,3033
4074,2206
1238,1332
4441,3131
556,746
4804,739
2419,2016
4282,2320
4738,2371
3160,1462
4416,2320
5693,837
2993,3042
1876,276
5838,2689
4365,1042
2467,717
3060,1231
5663,1345
5744,21
470,3042
5513,2340
3599,2448
1374,1728
1868,3017
4805,2253
2938,487
837,1523
3672,2926
3331,2633
5148,1838
2223,2427
3098,1873
3143,892
2040,276
5685,730
5275,2552
1441,856
4815,847
486,892
3891,2448
4187,1278
2256,1971
5119,1258
5544,498
3964,2926
2343,435
1933,2257
4856,1787
4028,1406
2708,2253
1808,276
1412,276
3021,498
4786,267
5335,509
1656,636
4037,1869
5379,781
396,2288
3364,837
2684,1078
485,1579
254,892
2286,1971
4848,2084
510,2575
400,717
138,717
3470,2926
2544,1448
1116,1072
2100,276
869,2858
126,333
2245,2320
2305,2371
3528,837
942,892
4727,1915
3214,3121
5638,1018
1278,2504
2890,2243
5445,1377
849,1078
3817,2633
1327,1642
1117,2586
2574,1448
2708,1448
2568,3131
2433,2906
1457,1873
1216,498
274,1493
3357,2244
5136,1157
2230,1042
5871,1377
2825,3137
2496,1915
3000,1448
5672,1167
1788,1828
893,195
967,144
1922,1828
4085,2424
4628,1131
5543,1696
5028,284
2163,170
5678,1332
4623,2450
5733,1039
5349,110
588,498
3387,2244
4362,1362
2163,1109
4770,433
5482,639
2264,1915
4112,433
4508,433
2419,540
4664,946
5044,1167
2506,1448
25,3017
4791,721
1477,1535
2977,1033
5274,1629
3906,1496
5427,1871
3224,910
4160,100
2203,2578
1941,2578
2044,1767
1345,1766
3380,110
5594,2923
894,2244
5464,3042
5731,942
4070,1496
1969,2532
3149,2614
1196,330
1015,1258
3190,925
3009,2045
5246,2590
3360,1336
882,1860
901,1910
4705,3175
5275,1076
4328,973
2447,63
4128,2605
5840,296
463,1684
2961,284
4260,2532
3410,110
4568,433
2028,79
944,267
2320,1419
116,1576
5897,49
2863,880
1237,2209
1034,160
5578,1235
70,642
1737,2532
5397,665
2578,896
305,1448
1451,448
1506,155
2724,721
5376,727
1036,391
430,1335
3804,572
1617,336
5581,2822
3986,54
5949,1528
5792,3042
952,3137
1697,1039
5518,2473
1679,433
5585,1251
4463,393
3205,2872
4299,1682
2754,721
2358,721
3397,3042
360,192
3558,1455
4299,2621
2463,3174
3903,2621
3208,1076
4967,276
1648,746
2429,557
3279,727
3475,639
4889,2837
2638,896
2772,896
920,2636
1080,639
2389,1131
584,997
4405,1677
1831,49
1256,1804
1161,1917
5763,718
1071,711
4899,2370
3803,1235
5422,2145
3800,2627
4561,1816
1548,1804
4922,1041
4094,2350
3658,1231
2583,973
425,721
29,721
4699,2689
4014,2586
5096,2325
5082,2427
5366,2186
1635,645
2891,2257
5890,2371
5172,2320
1638,2636
3148,2822
5335,806
2057,1277
3162,276
2766,276
2215,173
816,727
4190,718
4608,477
4981,1971
5053,1093
3728,2350
794,2631
1061,531
5519,334
94,1496
937,2939
1360,3042
5097,3085
4205,2689
1519,820
5658,2371
4080,1462
1979,1744
2652,1086
2666,984
4300,2926
1070,435
1204,435
2668,276
450,727
3771,892
1649,1051
4645,1648
5364,1335
3075,2320
3696,718
1153,1409
1772,892
1995,2627
1260,717
1759,2350
2115,1231
4592,2926
5203,636
2419,1642
879,1025
4385,2633
4265,87
2337,1051
4601,1699
1509,2360
4912,837
2346,1514
839,845
252,1277
2153,1873
3073,2782
5000,2347
437,276
1727,718
4320,144
5605,1932
1940,1765
2623,1041
3588,1915
5838,2665
969,1076
284,973
2288,2448
3193,2325
3679,498
4284,837
5884,1505
457,2032
1615,2355
2504,1699
4647,1828
1734,734
3356,1915
1728,3171
3904,966
5299,2922
5335,135
3867,1838
5118,2352
1799,2822
3547,170
5374,63
1537,2822
4830,1131
5226,1131
50,1277
1936,87
3486,2146
5325,1110
893,276
4234,319
2711,837
3509,63
1038,2320
4840,2758
4972,433
4402,2532
1040,2366
2582,1366
861,1869
870,642
1475,981
5563,1813
4709,1901
3940,407
2479,837
5915,952
2205,1766
3356,1110
3354,283
3896,2552
4290,1917
5734,2045
218,837
1422,1505
732,1058
1618,3137
4288,2029
5286,1131
3797,2923
4069,1167
3673,1167
5431,3175
1508,498
3903,1629
3307,63
4320,1917
4313,746
1171,2044
2731,2347
2442,2244
902,1627
2313,144
4004,2620
2610,1828
3857,880
4318,2029
4841,1804
1186,2325
3044,1531
2433,1377
3606,480
1219,1684
1995,1151
4610,336
4484,1917
3636,130
3974,2569
2635,3174
823,1869
1811,283
3230,2825
883,422
4699,758
2035,2620
3155,2651
2446,1962
4020,1409
2475,448
5238,1975
2972,1254
1817,448
2710,1254
3797,3057
5593,1385
1087,602
2587,100
4598,2554
2836,3056
2978,1419
1285,1526
1424,2624
403,320
4880,173
568,2639
1012,1367
375,2244
3632,896
3759,2923
954,1362
5623,1385
5050,1523
4988,645
1892,2850
1315,1526
2891,2554
5148,1277
5461,276
1872,131
1092,3174
696,3174
667,2244
1971,110
3924,896
5847,1251
4240,2822
4080,1409
5935,1098
3078,845
243,1916
3469,1255
1349,2049
3830,480
4401,1235
901,2825
4845,717
885,602
5169,2504
2215,1409
1285,721
4647,1641
1505,2939
1176,1717
2573,336
3168,1677
1640,131
3899,435
4436,2360
2142,1281
5724,1975
440,336
1324,1588
215,1157
5932,1335
4081,856
2885,49
3829,2298
3153,214
3915,2257
824,2554
4607,498
5605,2818
4438,1251
4788,2007
5920,1109
2243,1871
2632,892
2239,409
4333,2366
2096,2575
2382,717
4369,333
2975,1231
258,49
2770,1765
4700,847
2458,712
3287,2257
1325,1385
659,1332
5772,837
3898,1098
2974,2699
742,2498
828,2272
1991,2939
3374,1098
2783,2350
2081,2832
3789,3033
4996,966
4497,87
2162,3171
4736,2355
367,1281
4801,498
2903,173
3548,877
4062,1098
759,758
5270,2639
5690,781
3895,1335
2434,1765
2773,1231
3418,1935
5646,2926
2375,2124
575,2334
3276,539
2949,144
4547,739
3659,1997
5498,961
2237,847
1991,2134
898,2206
5690,1131
1743,2032
4187,1335
4624,1336
4906,268
4592,2552
645,2699
946,1873
2128,2782
199,892
2162,2366
4380,1915
1585,1042
2409,2243
1048,3089
1306,1627
5709,1531
4995,498
4833,1860
3420,826
25,712
980,2396
5720,1131
4309,170
2836,775
319,435
2316,739
2334,3008
3461,1766
2019,1684
4175,1109
2232,2731
3727,2639
4410,1915
363,892
5688,2532
4915,330
882,3177
4452,3080
5140,448
2955,847
4809,2563
1022,713
2885,1017
836,2243
473,2191
4220,2922
4657,2923
5884,1131
362,2360
4078,1526
4429,63
2507,2562
934,1997
3503,837
2780,442
4956,2209
5264,110
2865,2243
998,477
5287,1033
2525,2552
4646,2922
1707,2859
3085,674
5043,1804
5752,49
1474,1345
1214,2926
1159,21
1028,1258
4897,2918
2820,2850
511,739
5896,2430
5371,330
2296,2850
80,1684
1238,2007
4849,1157
4226,1932
2516,2624
4661,1860
1913,3085
4277,2651
3372,330
194,1971
1271,1366
5207,1804
2469,1465
1488,2532
3303,910
758,966
2552,2439
1886,2578
1074,448
4100,1419
5158,572
3871,1367
2362,63
4430,3051
1749,1526
5767,1619
37,2145
3858,2825
1943,79
3822,916
3992,2825
1729,1813
4358,896
839,2244
4242,721
1219,21
3477,100
5514,1523
5538,1917
4824,1076
4989,2641
565,170
3885,2554
4215,968
357,2850
1527,2244
4431,1532
3276,2446
5538,2267
786,2209
5127,1235
1548,2532
5182,942
1567,330
5553,2575
2151,1290
1048,674
1122,1377
3715,49
4100,614
595,1860
2756,1629
1388,1496
2909,1871
2422,63
1048,1613
3749,3016
3818,2621
416,1336
367,2383
4080,1840
3858,2959
4945,3042
1167,746
452,1932
1978,2651
2752,2045
4949,717
1286,1377
2552,2923
5646,645
3703,2267
4231,2386
3331,409
43,192
497,2614
3429,1506
2224,3057
4612,3017
4641,1503
2757,1076
4775,2257
1884,3174
1701,1969
5357,892
1066,1229
2979,896
2467,721
1164,983
3376,717
805,1804
657,2872
3549,645
3153,645
1391,1147
400,1526
446,1871
4147,2257
4680,276
4473,2427
4943,3130
5065,87
5607,2356
1197,1281
2747,896
598,198
424,3051
4868,2956
3703,1462
1451,639
2285,276
977,2446
4403,2627
2830,2062
5110,2489
5485,2366
643,880
949,2872
3903,1523
3144,717
654,480
2493,198
3301,2586
1482,2554
1811,1332
5147,277
2760,3171
2626,727
3068,1072
3118,435
4547,1975
5280,806
2711,276
1007,2446
761,727
2187,276
2008,2785
3477,718
717,2872
4414,1796
2642,856
400,721
5620,847
859,1235
1781,527
2285,2504
5783,87
4421,1462
5797,2614
3430,498
887,435
4254,1699
5352,1971
3168,498
5818,458
4419,1766
4157,1766
2360,1493
3941,421
627,1235
3781,2418
1440,1523
5655,2130
2023,1349
3105,1088
4189,1462
5402,1684
226,1076
5632,2146
4570,1531
186,1677
1056,1533
5132,1042
2027,3161
382,276
2419,1699
1223,892
3186,2366
372,1251
3846,2412
5721,1033
1215,250
2975,3085
5612,2029
4862,1531
3886,498
947,435
2306,2926
5551,63
2388,2736
4702,2747
3305,1684
2472,1683
1321,87
3606,858
1455,87
5240,1110
5646,2552
4507,27
4362,1366
1440,718
2639,1042
4841,2532
4579,2532
4018,21
5288,1531
866,1385
2490,2639
3746,87
3491,1258
4725,2357
382,2504
4031,448
1202,2243
1733,2633
4405,2352
5690,1696
1485,87
180,276
4519,2639
4827,540
1305,2371
3457,334
2796,63
817,2782
2572,1109
5597,192
2148,781
3311,1448
2989,1397
2909,879
3411,2029
3781,808
3103,1684
2836,1340
1905,1962
1819,498
1423,498
4960,1419
2835,1869
5512,1932
635,2145
1586,3121
1961,2244
163,3089
1457,267
3513,1932
1990,730
5553,2872
4056,639
1778,847
3214,2804
3038,2578
4411,49
1587,498
4737,973
2574,1131
2734,2352
3035,1526
3252,63
674,1699
3984,1675
5889,727
4211,2620
4426,330
339,2352
3396,192
2727,1531
2099,1962
956,981
1933,2424
825,1464
1723,2614
2764,2352
2634,27
180,1699
2372,27
4824,2446
369,2352
1205,2624
5346,276
609,1058
5664,2837
1032,1915
3692,2563
3100,2651
1935,1157
2470,2255
1537,330
3559,721
4030,1804
2023,223
3346,3057
4669,973
5949,3171
5949,727
4080,1332
5425,727
1096,1526
2923,1419
1512,458
2215,1332
5114,276
1936,1917
386,612
3443,896
2837,1086
1476,1932
4260,926
3611,480
3965,2698
4221,409
1019,1464
3658,1235
4573,2554
1006,2922
607,207
5665,2257
3445,1127
5262,1086
2641,1332
2221,746
5144,276
2780,2430
2057,1281
3294,2651
816,3175
3211,896
329,1367
3152,1255
4421,820
1831,2631
771,2651
241,207
158,2424
3616,3052
2864,973
4727,1277
5773,2325
2392,1917
1222,79
3780,2894
722,1419
257,336
294,1157
581,433
4812,1765
5920,1971
1711,2872
1769,3042
2958,2678
2422,1917
99,100
3239,1385
2361,1641
623,2729
2147,2621
2806,2257
4764,2633
5345,2386
2131,2118
329,1501
1406,896
4501,718
5334,1473
1799,3042
2652,2729
2404,2627
2555,2796
3030,3089
2562,1523
5805,277
5531,2926
1040,3175
3528,333
5866,1684
5091,1873
4716,498
2969,2032
4115,1032
2795,2633
4531,718
3992,2130
4797,837
1963,3042
4117,1078
1512,137
4561,560
2083,892
1687,892
2568,2627
4397,903
648,291
5056,539
4555,2243
5262,2859
3495,3017
5658,2859
5422,1828
1764,2832
4279,847
1452,1025
4903,2926
827,973
2305,712
4180,87
50,1281
3221,2633
5497,2352
3384,1873
1221,1277
3745,1098
921,1739
798,2837
4518,267
4917,730
397,49
3499,1042
4698,1366
1306,2489
1325,287
1368,1677
260,717
2579,1072
5441,2578
3464,2926
4224,2614
5717,1695
3918,63
3254,837
721,1462
2562,2007
760,1390
2735,1935
686,3161
5464,2188
3170,1109
367,2627
2590,268
372,527
3153,2633
2394,329
5446,1767
3992,170
5033,1039
4692,746
22,498
4862,1157
3341,590
4201,1448
99,718
4994,330
3246,730
233,718
2566,971
255,1231
3617,1397
2060,3085
2010,1278
1342,590
887,2639
1940,1448
4340,2923
2494,2788
2232,2788
2891,2424
2447,498
4140,2111
526,2633
3434,1131
144,87
5125,1917
4822,1916
720,1186
3781,2178
5663,2532
4856,746
5451,2087
943,477
3988,1690
1044,1283
4141,1932
3014,730
3523,3051
5369,1496
4710,2614
3068,966
5301,49
1782,1397
2200,1910
5880,1419
3750,771
3925,1526
4984,1281
5027,1917
5056,1157
1754,1042
2143,63
4577,2620
547,1766
2853,1916
4740,1860
650,201
4024,192
3960,2651
3060,674
954,1366
3280,448
2345,1860
3515,1254
4750,1235
2066,1
27,1915
1467,1362
5445,336
3060,1613
2363,2439
4340,3057
1418,3163
4651,1229
4995,1039
4611,110
2384,1973
5056,2446
5830,1086
5140,639
2268,2552
1731,2347
146,267
784,2244
5099,49
4920,1804
5092,3042
5634,1147
3925,721
4701,942
2699,2923
5135,645
4782,1281
3072,1973
496,1962
4333,3175
3581,1850
4262,491
382,2614
2147,1629
2075,63
1634,320
2685,746
4674,435
4467,896
747,268
814,2244
1748,3051
2727,1157
4598,3042
1957,192
257,1572
745,572
5875,1744
2945,1235
68,2804
2105,63
367,1151
546,2614
1877,3057
5817,1739
1003,49
4442,435
1061,27
4428,2257
2143,1486
2727,2446
3758,1496
5272,892
2290,193
1020,1157
4736,2575
1154,1157
1527,2651
5393,2350
4980,491
5131,2350
2008,480
3966,856
3672,409
2975,1235
2499,717
498,2923
3392,1523
4210,435
263,1336
8,63
3893,758
5436,892
3758,2785
4924,717
2078,845
3458,49
5557,2350
4228,2145
3944,2386
2562,665
4912,333
2162,3175
2148,1025
391,1871
5360,2186
4625,276
4363,276
1001,110
789,1917
3967,276
4896,739
997,2620
3514,1462
4813,2956
952,1157
5907,1766
5587,2350
4441,1098
1562,1086
2773,1235
5211,3002
5385,903
1243,3026
3192,2350
5624,1828
4989,1088
4448,2427
1525,645
3997,276
4926,739
2519,1503
5344,498
4081,2633
4800,2320
385,901
4113,636
1458,1086
4689,2489
2394,276
2884,2355
1559,2858
2839,892
3235,892
1034,758
461,896
5887,2588
2723,717
5820,1366
629,480
5565,847
843,409
5473,1258
1254,3161
724,717
5211,1258
4151,2032
5739,1377
4025,2859
711,1421
4111,2633
4467,1514
79,198
3587,2633
5055,1684
1176,2689
3354,1873
1766,276
3375,498
5259,925
78,727
1900,276
5899,319
2829,739
3870,477
2540,636
5733,27
5588,1366
3403,1765
2398,1684
1018,3042
627,942
4796,642
915,820
1743,1231
5323,2788
5261,1910
3334,847
5636,1033
5376,2614
3879,2633
4013,2633
2528,1915
5224,2782
3369,87
2830,2253
3967,1699
3900,477
5763,27
2881,498
190,2257
1611,1462
2082,1047
65,276
2023,1406
4762,2347
3710,730
4957,2788
1621,837
2675,2500
2840,847
2966,986
3055,277
1370,2689
2659,277
3445,432
57,3017
4496,2578
3307,498
368,435
5299,458
1811,1873
5756,1865
1736,1699
4434,2639
1803,477
1901,1766
1913,3089
5884,330
1101,959
569,1098
1830,3054
2673,333
3464,2552
802,1831
5695,808
638,2366
5848,1804
1147,2243
5106,1167
4063,602
2363,2736
5732,1629
3452,448
3949,1254
1812,2633
2894,2372
2266,2803
5111,2450
942,498
2354,1869
5654,1157
3904,730
8,2320
5600,1860
5290,880
4182,674
5839,1876
4030,2532
5618,2631
749,1042
4897,2117
4028,207
2794,3080
2410,1397
5927,942
3752,2029
5584,3020
4884,1131
145,1278
3259,2096
2896,2044
5917,1917
1404,155
5471,110
2114,1254
5593,2759
3167,63
2554,1526
1449,837
4613,1018
1266,2850
2272,1813
3702,572
5465,480
2726,2922
1136,498
2144,1254
2846,1526
1079,1684
1877,910
1108,170
2735,1695
4428,2554
5634,639
1162,2850
4505,2774
3636,110
5276,2651
5534,435
3842,2430
2099,3174
468,749
1211,268
2097,2347
1746,1366
4192,1496
3975,2959
4610,1255
1038,1279
205,1278
2115,674
5852,717
3131,2045
108,1345
3700,1973
2554,721
3815,2677
3464,942
218,1890
4474,2498
4222,1496
5029,276
1018,1916
1455,1917
4421,393
4476,100
1635,572
269,1828
3439,1235
2451,1131
3755,717
2767,3057
921,2922
4974,727
1094,2850
4468,2087
4922,2257
4915,1086
4271,984
5059,276
5243,2837
5718,3130
1423,1039
5193,276
4508,173
1775,2430
2551,2651
3339,1943
4177,3042
4293,1682
2447,1547
5007,1025
3128,942
1012,192
75,1531
290,2651
1388,2923
5772,333
4020,1523
4001,1281
2934,1076
2760,3175
5570,1138
4952,2257
263,1767
4872,1739
3478,193
2294,2621
458,3174
2946,1086
2968,845
2573,1255
773,1465
2488,2837
1953,49
2780,2487
1639,1579
3674,2175
2683,2554
3020,1385
384,1131
5308,2427
4680,2858
3350,3017
4857,276
2459,2257
2992,276
2914,2837
5445,1385
746,2651
715,1086
1573,1117
2557,2041
3262,1076
5497,986
1536,1235
4578,487
4710,2858
1060,717
1093,665
4916,2926
4410,122
5695,1910
5519,1684
5216,1683
4708,718
5907,1042
776,2651
221,1086
2819,856
2975,3089
2596,2504
1789,718
3305,749
2245,1523
2183,645
1723,2350
4818,2926
5578,170
3052,276
3310,2032
5593,2922
2654,2859
2088,758
4827,1699
5343,2747
3741,498
4498,477
1272,1138
5126,1766
5864,1695
4480,837
2290,892
5679,1915
529,276
4849,2397
1814,374
4479,1366
5506,2926
5855,3080
3503,333
3317,1109
3797,2500
4160,2552
3177,2792
5417,602
5238,2357
1528,3171
5623,2922
3771,498
3096,2803
1217,276
1707,2355
3541,975
1772,498
297,276
4196,3121
3184,1869
2181,3177
937,1390
4180,144
4643,1366
4388,847
2667,1350
4157,160
494,820
3630,1397
3275,2926
3254,2049
2538,2633
4033,1787
2410,2633
2962,1648
852,3130
4928,2639
4997,2244
4601,2244
5062,2639
5420,2347
2431,477
3766,2382
5414,2532
2735,1642
4354,2552
262,820
50,2627
410,718
694,477
3063,2639
5215,602
2037,2243
5337,1531
1233,2448
3512,1684
599,590
1084,2325
5086,1131
3417,2578
31,1072
2429,1720
4220,458
703,2633
4698,268
3631,63
434,1462
5659,1932
814,1683
476,2627
3074,2397
4543,330
2113,144
5929,480
4181,880
1710,3137
4241,1685
5705,1526
321,1935
2544,330
307,539
4182,2044
5069,3005
673,1828
2870,1254
411,1828
812,2926
867,2633
5903,198
3513,1131
3795,63
3979,2624
3595,1695
1048,170
2917,319
3013,27
2010,1335
1013,1869
4560,1034
212,837
4071,2563
4790,1496
2703,2430
473,1366
5380,49
2642,1962
352,847
4555,1629
4560,1973
976,2926
3825,63
2885,1131
4062,1696
1439,1869
4250,1932
915,1869
4664,983
3000,330
5014,49
3379,2578
1006,2926
3855,63
2296,2614
1900,2614
3311,1131
5463,2504
4788,645
4044,901
4873,2446
3087,2554
2361,2450
2741,1917
3436,1018
3871,192
