u,i
1873,2861
2594,177
2824,639
4293,824
4768,1871
3269,1255
788,2824
3004,1738
2331,706
507,330
4297,1697
1649,120
2535,2199
3941,372
4727,1281
4142,2348
4536,1713
3825,2641
4295,2590
129,155
4764,1348
3661,1486
5151,296
932,2199
1152,253
116,1613
1238,27
2466,1281
2516,644
4575,2580
5717,2370
2854,639
1618,2877
5892,681
1685,1655
4627,1235
83,160
286,2963
5148,2627
1591,1993
4251,2641
5691,2088
2795,409
4259,250
4273,148
5935,2448
274,859
5288,2637
1153,1767
3011,973
3369,681
3851,455
160,1511
2892,1281
2064,2590
1300,2194
565,284
5484,482
26,1696
2963,932
5571,1390
5836,2627
1023,2825
963,330
1114,2189
4827,1646
5247,2232
441,1157
5076,2350
3572,1390
1010,1085
469,172
106,120
5061,2981
2836,1507
334,2199
5045,4
5513,2324
4417,435
468,2953
1624,2641
690,2800
1679,2348
2412,1179
1832,2590
1295,1419
1090,1953
1856,1486
5863,636
343,972
4825,2889
224,1280
661,1281
2192,2344
5717,2504
75,1157
2821,825
3504,101
2580,1702
2518,824
417,1860
2633,1528
4290,2730
2989,409
3968,2679
5680,2622
215,413
4052,1626
5430,195
2680,2283
4139,1780
851,1563
2420,1420
2862,1765
3624,2088
1778,1953
1019,1147
4185,435
1177,2487
3364,471
4611,2529
3606,2448
4699,2376
2959,2637
335,1646
4101,2427
472,1917
2538,2580
5005,2833
5263,1371
5588,939
3630,2283
307,1291
2867,15
2715,2627
458,706
1941,789
2364,1646
3154,1765
215,1702
4140,1042
4370,1504
208,531
3964,816
156,2061
359,700
2420,2709
4674,1915
5785,140
697,2385
2989,2637
4758,862
702,285
103,1646
4205,2376
1655,2088
2369,677
4623,2889
4034,2494
5746,185
1601,2791
2277,1088
1843,2324
3546,461
4816,1217
5172,852
5815,3173
4535,1729
4230,1093
2282,2371
2220,1493
2898,1179
3075,2007
5859,1001
1335,3022
2116,2833
2185,2438
4964,1088
4062,2448
1142,2627
1345,1266
4442,1915
4958,2963
2212,851
4175,2325
3860,1001
4030,2910
1876,2622
3598,1001
4410,3131
375,1179
5284,1443
4883,1099
5368,2080
261,1831
5183,2300
1494,1739
4307,2629
4584,1217
5582,319
1311,2032
5678,27
2199,2494
2500,1668
2658,3008
1214,409
5431,1089
2516,1612
1568,2627
4088,986
509,2283
1144,579
2032,1041
3556,1125
5122,2963
321,2232
309,717
4531,2495
5665,2424
405,1179
1289,179
5148,1151
2261,2032
4093,2269
4876,1217
2422,2889
3432,308
1341,2032
283,435
2676,1493
3348,2300
4320,181
5213,987
2670,924
3451,1489
4817,987
1699,2679
106,738
2012,924
1348,1698
3848,1125
4223,248
4756,2963
2516,457
4904,2861
5028,1207
974,3177
2419,524
2811,2068
22,2730
595,148
1503,2740
5536,859
1212,2002
59,1831
556,2637
1695,2910
4627,1048
1433,2910
2562,2495
215,92
4179,2578
4396,1115
2866,2906
5027,1921
2506,2371
2614,1904
4909,1865
3305,2953
2875,1679
1202,3162
2133,1042
5564,813
445,1493
606,2350
3927,263
4111,2824
625,148
5912,1496
4040,140
5650,1496
2405,1915
3778,140
5724,2199
4972,120
612,852
4605,2578
3318,155
117,92
358,3187
4660,1696
5090,1280
725,1668
465,2495
4417,248
1196,1253
5733,1157
4155,248
1013,2300
3012,987
469,924
73,924
818,1078
2697,1915
2430,1571
5477,413
1776,781
3942,140
659,267
2975,1105
5301,187
2429,1346
5724,1044
2888,1860
4643,187
3464,2959
1809,140
3015,1443
3574,3127
2767,1341
690,2963
282,1448
4358,957
2357,3163
5120,1280
891,2495
1087,155
3083,1577
1699,3163
1221,155
393,498
2396,3091
3943,2435
4185,248
4972,2348
2746,1403
3923,1968
645,2439
3601,1917
4986,1465
5105,2877
237,924
3377,2963
2914,987
5173,1291
2733,2861
4192,2358
3106,1157
2730,2563
2305,879
3069,2029
1479,3015
2864,2563
720,2963
2401,1341
3919,2199
5323,1235
5419,1697
2509,120
503,1982
2621,1115
5021,2590
5892,1917
1392,2080
2818,1629
2870,1819
4910,2759
868,2080
5534,2586
3547,1280
4027,1917
3705,1866
5742,1569
3369,1917
5148,830
5599,1291
3159,2861
2763,2861
3508,3015
1345,3173
5548,1703
5615,1235
3452,639
3791,859
3883,3077
416,1397
750,519
3785,290
4715,2641
1281,155
5651,1831
5389,1831
12,1
4993,1831
566,1341
5437,2811
2553,957
49,822
128,1115
3557,813
4436,1913
5840,1703
5537,1702
2278,2415
5141,1702
5516,825
4186,984
3537,2790
810,920
3986,2616
180,524
5899,2283
4142,3129
4388,152
2965,120
1062,2861
119,248
3044,413
2156,1671
2557,2769
3204,2580
3338,2580
3672,1702
4081,409
5545,250
2033,2769
104,879
42,1
5498,2124
2991,2472
5885,1072
1590,2199
2400,1250
263,2629
953,824
2076,372
2608,1953
5144,845
2709,2759
4703,1102
2180,2415
2703,2190
5363,2838
5234,738
5027,2889
5717,1646
545,248
992,1691
3244,824
1518,983
3044,1702
3457,1871
4396,3022
5167,2145
5065,148
5502,903
827,2563
1517,758
2231,101
1219,1855
1420,3077
2764,372
5417,41
1862,1732
3493,2467
3097,2467
4692,2791
1147,2918
4332,4
3289,193
3316,296
2784,435
3665,2170
3470,1702
3943,2114
4361,1873
4163,168
2122,1255
1019,639
1838,1496
2774,3130
329,192
5666,903
463,192
1316,3077
1650,2199
5740,852
5817,1072
1409,824
772,1701
4175,2622
1348,2800
3466,1179
489,824
3676,2709
4543,574
2163,2195
5534,1915
2956,1831
43,737
2345,1677
848,1696
884,1353
2741,1677
4733,1637
199,1250
5401,2325
5865,739
2544,574
2461,2791
4584,1514
5664,2146
3162,2838
4263,2627
359,192
1269,413
2747,152
5548,1971
1069,1291
2163,101
4479,939
843,1702
1108,2939
1390,1871
1383,892
3706,2709
3,1496
1997,2283
2205,1266
2986,1831
4822,1278
2845,1626
3617,2637
4990,862
5205,2736
205,664
363,1250
2574,574
578,3124
5325,2838
194,2195
1178,645
4234,2047
1331,1641
2155,2842
1880,2637
990,1348
5010,1514
300,901
4255,1581
3412,892
3839,205
5048,1217
2178,1513
4781,1627
2656,1323
4915,1627
1331,2580
1269,1702
3977,1078
2175,461
4188,1298
4494,816
1839,2232
2262,3089
5252,1397
2239,1385
3044,92
2333,2740
4105,482
3652,1668
3392,2495
5543,822
5212,1217
2693,2494
4123,1253
3137,1222
4801,185
3861,1253
4885,822
320,2842
1736,1703
4396,2351
3274,1493
2717,636
3833,3177
3501,2438
4882,524
3992,955
1958,1523
3732,92
5817,2495
2534,2622
2138,2622
1176,3177
4652,1001
1052,1421
489,2247
2079,2981
2454,2104
919,1831
1308,852
3627,1207
5571,2439
659,214
1982,3048
3355,519
5702,2922
89,815
777,435
5753,1921
2463,877
498,2740
804,2258
3978,3127
3310,2439
4418,955
5509,248
2654,822
5918,1207
3354,267
5613,571
5646,519
5446,1397
2679,2572
222,2283
736,2504
2864,1571
1472,852
1986,1073
4954,376
2421,1001
1218,3187
4561,1613
3026,1340
3590,924
3087,1993
972,3131
1041,2736
494,877
631,2838
1144,205
3276,2454
3622,3091
4728,972
5824,2861
4421,263
5350,2978
4207,2963
2407,3173
5566,1290
3549,2963
5463,2922
180,1626
5032,602
2585,1001
986,3187
4749,2199
1146,2910
4606,201
1770,1017
767,2325
452,1001
3160,2629
3239,2922
3535,1752
4956,957
5307,248
4758,972
742,1514
3510,1695
1371,2439
2477,2572
1510,2783
443,2386
474,1699
1811,267
2437,3173
4490,1157
847,749
5709,413
4790,2358
3420,2152
4886,376
5087,2352
2599,2188
400,2689
1778,1258
1976,2963
4507,1511
4999,253
5656,2472
69,832
3505,1701
2111,155
3002,2578
3303,1752
4163,920
937,1581
3977,1696
4128,1865
4969,2481
3587,2450
2068,458
3210,248
2164,920
856,3090
2339,3173
3991,813
5665,2184
5870,896
2538,2824
1805,987
2092,263
3754,2563
4150,2563
4943,2199
206,3173
2964,192
5668,482
5753,1250
5691,372
5911,2590
2277,982
3961,3041
1483,155
917,1464
4993,973
5351,681
1758,2080
3611,1696
1424,514
4175,1280
1303,2439
1370,1217
281,1253
4684,1157
5138,573
3787,2861
3940,3103
3921,2861
153,2007
4303,1465
2033,972
5622,2837
73,1489
4507,706
632,3173
5035,3077
1695,2670
2476,2481
4787,2975
3608,1583
5398,3129
5783,1250
2554,859
3266,1819
2232,808
2774,3077
766,140
1896,859
4988,1918
2450,2199
172,155
3399,2348
3411,1419
3564,2415
1021,2352
3665,2467
2096,920
1982,1572
4146,296
1938,2963
3669,896
1041,2415
1810,1465
3773,2939
5449,973
5614,2730
2288,2029
1553,2563
2188,859
4194,717
5393,1041
534,140
2153,1804
5527,1041
3624,372
1886,1460
3448,2590
5635,574
4096,2811
1326,305
3623,901
4946,2981
481,2199
1678,1696
2807,1281
353,2953
659,27
1237,1953
3766,2118
5614,636
777,248
4354,2288
1300,23
5038,2920
5377,2386
430,140
564,140
2596,1219
2243,1855
5008,1765
3920,491
4859,1642
4924,2791
244,1855
1321,1250
1655,372
2088,1917
4332,435
5586,2910
2647,1157
1031,3174
3101,573
4989,1873
139,1280
4958,308
4727,2627
648,1157
2437,758
2528,122
1733,413
5866,456
3746,1250
1965,1702
2853,2164
2068,137
1572,2939
603,3077
2838,2041
2437,1697
1377,1717
632,1563
1346,152
3161,1728
2951,1918
3658,1780
3980,1831
3381,748
798,320
3131,573
3568,574
3991,1431
4736,2339
5524,877
3375,933
2748,2498
3555,2032
2688,3
2127,1656
5903,873
3666,1082
4970,2920
3413,636
149,813
3449,101
2504,825
5859,574
222,1291
2410,409
4072,2709
2630,2627
4738,318
4824,92
5584,2032
2807,1765
1174,957
1790,3175
3887,677
2464,645
98,2164
3336,574
5922,1273
1749,1831
3656,1683
2966,482
1474,845
3053,1390
5345,1642
2905,2458
1100,2324
2776,358
3994,924
1406,152
1480,101
4446,267
1612,2472
1228,789
356,2580
560,101
5512,1001
3132,2622
164,1821
4223,1915
5262,826
661,2627
2115,1780
3961,1915
3636,2155
4508,2084
1937,3171
757,645
1228,1728
2527,4
3513,1001
397,110
538,1281
2532,2068
4285,2012
1914,3187
4314,498
4638,1376
5825,2629
2609,1534
1022,2791
924,4
4640,1422
2381,2838
4499,1217
2257,1082
4158,924
4855,852
1174,152
1654,789
2533,1889
2442,81
3374,2505
303,825
4035,524
2722,2350
103,1703
158,2164
867,409
471,409
2374,1078
1763,924
4800,2084
2933,318
1238,2796
2215,267
2650,195
1153,214
3543,1001
4355,3131
4310,1668
344,1765
4589,329
4776,155
1075,523
901,2622
1235,1744
1314,2791
918,2791
5311,1253
5775,2111
4309,1443
4462,2439
2516,380
4500,2731
1160,2324
2337,2889
2411,2838
3195,2920
4096,1335
529,1703
4818,2259
3278,1642
1065,2437
1139,2386
4071,1278
4456,1089
5337,2824
1966,852
1102,2504
1467,939
4908,2152
350,1179
1976,816
931,2622
1676,1278
5556,3127
4227,2922
3943,3163
4626,2439
4163,1217
1312,1001
3836,822
3342,1253
4632,1695
1667,411
2126,3177
1140,3146
2255,2833
1823,924
4185,1915
5804,2825
1019,2627
5062,2188
5790,1429
3269,1125
5160,1033
1483,1041
404,1765
4241,2978
4838,982
3198,2413
2367,41
5827,1496
5887,1547
4715,2080
5085,859
4512,997
57,903
5738,2178
1316,2032
1894,1514
2670,981
1699,2736
1236,1514
4703,1696
563,482
5250,1865
2999,1422
143,862
2276,1027
270,2889
244,1668
249,2012
1725,924
2157,1335
1816,1042
4851,813
5692,1429
291,3177
2139,1695
5138,1809
5640,2959
1877,1695
2612,1915
5010,2563
2062,1448
4032,895
2671,2495
5487,2586
1506,1001
2144,2978
4601,1577
5117,1871
2928,3060
5920,2195
3014,2080
3208,3077
3170,2593
2163,2439
2096,1217
1177,3162
5544,1157
2741,1921
3131,386
763,1078
5207,983
2757,1865
5804,2959
5288,413
4644,2563
1714,2054
5759,1496
587,852
4778,2563
2634,2963
5170,1855
3721,602
4015,2769
2645,2563
119,1915
1492,140
5764,1281
645,1207
3305,1855
1221,2306
5092,3103
2012,1115
2671,751
2504,1577
1769,2111
5045,813
647,1253
14,1340
2956,920
4093,366
1522,3173
2298,2640
3027,3015
4438,1532
4791,896
4302,1671
4279,721
5347,1528
5789,2627
1326,2480
2742,1341
5438,1646
2019,192
4581,305
413,1207
3474,2953
2751,1804
4167,665
1342,2424
1839,2476
4908,1831
4588,2415
2815,284
5432,296
4124,968
970,751
5452,1702
1257,781
2580,2861
2418,813
364,1695
1895,2758
2611,2174
4794,1702
4890,2164
3474,859
4611,305
1654,602
3569,1096
702,155
4157,1266
1987,253
4356,2415
2945,1646
5724,296
4889,2878
5803,589
2236,957
3156,1866
1516,79
2872,2861
2803,250
4362,1671
3245,1157
282,700
1961,2415
4268,1255
5011,1528
5837,358
3273,172
2887,2580
263,1397
1909,3164
994,155
770,639
2635,824
1372,2959
1716,2769
4209,1025
847,859
4271,1903
594,413
2970,1302
4909,2190
5153,830
387,120
3833,1677
4294,574
2301,2641
1979,2590
472,1921
768,751
2387,2415
5915,1801
3851,4
1700,1485
1113,1917
1168,1624
1204,1281
4900,1323
426,987
1761,2138
5014,706
4309,101
2096,896
5133,1302
3801,1580
3123,1702
4601,2195
970,296
1011,859
2582,789
2969,1235
424,1291
5581,903
3134,1302
1298,1855
5629,2637
3259,250
3630,2637
512,357
1054,2626
3442,2586
2647,2877
5271,862
343,1110
1143,1917
5076,2838
4680,2838
3933,1103
4611,789
4423,738
4516,1683
3394,825
3132,825
3502,358
766,2344
1129,706
2686,738
4986,851
588,1291
4459,2088
5190,92
830,824
3015,1179
202,1255
3041,148
2399,681
3596,2622
3638,2124
3796,1744
179,305
1101,2041
41,2061
2639,1831
5083,1915
786,717
461,957
607,2472
2641,214
629,2985
1264,1281
5106,2838
5288,2320
2750,2601
549,2467
332,1486
3152,137
1894,2616
2269,1739
2665,1739
3594,482
3955,461
5146,924
2487,3130
5483,2007
2776,789
3629,2920
4758,2505
952,413
5336,267
5379,903
2261,1097
526,1702
1980,855
2921,2833
3969,1298
4867,2448
3327,1831
1546,2283
3659,318
2731,2709
3772,195
241,2472
320,2765
2507,749
4064,1535
5881,740
1519,645
4141,1001
5266,1376
204,2590
2938,3187
3198,2360
4235,636
1422,712
5608,2833
5060,2439
3491,892
3976,2627
4666,822
2214,877
1061,706
3819,1889
455,896
529,845
1169,239
1327,825
2736,2679
4439,816
461,152
2773,1780
968,1646
2661,2505
706,1646
9,2472
4940,2495
1351,2350
654,3176
1153,645
2139,1642
3123,92
1094,1004
1593,2637
5486,2439
5090,2439
1019,830
2939,1668
2266,636
4907,1042
2400,636
2983,2906
3952,1078
2957,1493
2766,2679
4827,524
873,2698
5307,1915
415,2786
998,892
5571,1207
2990,852
2305,749
218,1683
1264,1765
2938,2382
4490,2824
818,3176
2831,41
3421,1038
921,2365
2784,1915
100,681
1244,1298
1418,3171
3481,1843
2949,1982
110,3089
265,748
2885,277
2615,416
1154,92
452,574
832,41
3134,981
3919,3008
4027,1787
4813,2696
5162,2850
5820,2850
4150,2352
4986,2624
2701,1099
5394,1695
5578,284
311,2032
842,1668
431,636
2442,3090
565,1390
592,1493
5003,2978
1197,1078
1794,3054
1388,2366
5011,1341
5259,2409
5212,2563
4618,2578
248,2622
3654,3060
2522,1514
72,1642
4110,859
4803,1577
4812,1131
3406,514
3547,2439
3817,2300
5104,2471
3691,3127
5465,1696
3075,2629
3419,2439
2956,1217
5900,1624
3193,2850
175,2494
4826,248
5903,2861
5746,1157
1479,2080
3160,458
5615,248
2260,201
3287,41
2364,524
616,924
5900,2563
5411,120
3857,3015
3494,2963
4093,1602
5638,2563
5886,413
5445,2922
302,2454
3160,1397
4643,1480
892,41
1193,3187
465,1694
1086,92
3505,2563
4536,859
5539,305
3639,2563
1371,1207
4031,1855
37,2910
111,2859
2766,3163
166,2566
1804,308
4997,1419
3230,1577
3369,1921
5671,2861
1903,1253
3804,1849
836,1048
2290,201
1345,3177
5418,2415
2391,253
2028,201
5517,2394
4452,2824
4923,1655
4527,1655
854,1627
3061,987
5912,2923
392,2505
5483,531
2453,2824
4566,859
2120,140
4262,3077
3393,413
4957,2178
1032,2838
820,2393
1799,1253
2014,2373
1537,1253
3442,305
3858,2435
945,1341
4209,972
5052,2415
1480,2439
1084,2439
1366,1371
2853,664
2961,1695
5215,1655
2670,957
3415,1865
4953,1655
1257,2367
493,1217
5170,192
5469,2703
5746,1291
5815,896
2210,972
1764,3137
5002,1547
2221,2824
3699,2563
3797,3098
3654,1100
2052,3015
3437,2563
4002,120
4365,172
3117,895
4418,1496
5698,1250
1303,1207
2776,602
3958,1511
1229,2978
5248,1953
2022,2614
3391,1629
4938,973
951,1
3210,305
2518,1475
2313,319
4646,572
1067,1115
1552,2850
3596,1280
726,822
2307,2194
2314,3173
2636,972
3083,2415
4105,1157
992,1695
4173,1291
4111,413
1318,1865
1719,2963
2808,1429
528,248
1061,2963
3532,706
1209,2861
4081,1702
3007,2578
1713,2394
3060,1650
5343,96
735,2978
3835,1646
1194,1048
1727,1511
4325,1281
2780,320
4984,163
756,822
1150,187
107,376
1332,1921
1306,700
1425,2866
721,1767
2008,972
4468,2498
2369,1917
4148,830
1548,987
1331,2450
2365,455
2451,2481
782,3174
2456,2825
2136,1157
3103,192
3879,413
3958,706
5837,789
3453,1702
5084,1683
1894,2563
4115,1821
4392,409
5094,681
5099,1025
3442,789
5292,2386
5321,1626
1143,120
3992,2919
5076,1041
711,1429
1191,2820
4561,1349
3907,2811
5101,2791
5161,2842
4777,1913
3416,2759
5247,1862
472,2352
2399,1917
3481,1656
468,1644
965,1696
2579,3016
5936,2838
1118,248
722,248
1269,2861
1508,1157
1665,2861
1961,1691
4268,2975
4299,2288
5352,1097
5720,1493
2292,2959
5258,681
5134,3089
4418,2919
2066,172
2608,2441
247,140
345,1429
5240,1041
2332,1045
3230,2195
644,1496
1473,3041
5205,2740
1464,1235
3804,2467
3499,1831
4547,296
328,2199
2241,1866
4364,589
1181,2640
5897,789
3904,3048
5437,2494
1626,250
4735,2976
5812,2371
4389,2339
2682,2740
4800,1873
54,849
2456,2959
4027,2889
551,1655
1478,1291
4143,2283
2106,2580
5077,3090
4991,1626
1844,2580
4325,1765
3803,902
4427,2981
3790,1606
1906,1179
2564,2088
4448,825
2316,296
4301,1529
5521,2730
1020,39
5345,2504
5947,852
4734,2350
3705,1683
4049,1493
4085,1904
1853,1703
3811,2833
5474,1571
2597,2386
450,3077
737,101
1279,2370
869,2472
2619,455
5293,1001
2913,2622
3849,92
2844,573
2589,1744
2627,2036
543,2487
438,973
1271,1728
2723,2498
534,681
176,973
2050,712
4519,826
1986,3171
4061,1668
5051,2407
5556,822
1399,193
4195,1668
3945,1493
4072,2766
4805,2351
1042,1087
326,1671
3552,2730
2003,307
3677,924
1910,1082
2343,2627
2016,2232
2066,1595
3726,816
3534,57
2472,4
2033,2586
159,2847
529,1626
3874,3131
3662,2494
1716,435
3552,636
1050,574
702,1554
4880,3060
5071,376
1053,845
497,2842
4647,2300
2875,2114
115,296
309,2791
3372,2920
5717,524
3707,924
1663,2494
2769,2627
4379,2485
2018,1904
2134,1298
1881,852
2325,2586
5752,895
893,748
2949,2413
3226,1001
4038,3131
3692,2494
4461,982
1259,2791
2986,1514
4201,2371
4679,2373
4903,1889
4338,2080
133,471
539,1913
2313,482
2447,482
4541,2439
2531,1873
5119,201
3319,411
3727,236
2634,308
5172,27
4552,319
5803,833
1517,1514
674,825
2014,2320
474,1703
5271,972
4144,524
1205,461
644,2114
847,753
623,1237
1425,2679
198,307
3818,2983
3262,816
4095,1571
5619,1655
5869,140
2016,2366
3437,1571
211,2232
2950,3173
1701,1042
1649,852
730,2797
5837,602
5859,1115
5031,2424
4365,2563
4002,2511
4463,2906
1834,1571
4432,1341
1455,986
154,2637
2652,1237
1427,2910
3913,2439
4309,2439
995,1001
539,758
1762,1668
3278,1699
3519,822
2192,498
4340,1752
91,1534
3513,253
180,825
4841,987
33,1529
4641,1865
1707,2900
5033,1157
1676,1335
5637,140
1731,1042
3589,248
5869,1429
650,185
1032,1041
206,3177
1197,354
4638,1567
3557,1464
4768,859
1590,2500
4066,1341
2519,2963
5122,3077
5055,1855
1989,519
1999,1207
3683,822
3430,376
4254,1577
2590,2614
2610,2300
2350,3127
2961,837
4124,1696
4258,2450
4850,110
5034,1917
2909,2367
4277,248
1701,237
1527,3090
4562,2861
4801,1157
5212,2189
3378,1125
4534,813
5454,2476
349,2300
4146,2394
3513,2481
2685,2824
4072,1
4559,2563
4829,172
5194,859
288,2586
2163,1207
4303,1819
2959,2080
2224,2614
5942,2415
2370,2439
2652,1371
3311,253
890,1873
5809,2825
1010,2167
5014,110
5941,2190
1877,1752
5272,2620
5638,2189
1574,2505
3554,2640
4960,813
3387,248
3528,1419
2052,63
5856,1328
992,837
2609,920
391,1371
687,201
4106,1655
3075,161
4971,413
2615,2620
4313,413
4679,1702
331,2259
3357,2476
5876,1953
5907,1266
1196,1017
3121,2199
2066,2563
2701,859
5815,1677
2453,1511
5228,1917
1193,3163
1823,1115
1981,1701
2561,290
5654,39
3558,1419
332,2080
1882,1695
3850,2759
4136,901
5383,2959
3874,1655
4519,639
5157,2616
4099,1773
4739,413
2595,813
4398,120
4971,1702
2933,54
3466,2769
1713,2825
3518,2959
5192,358
5252,409
4634,1528
2425,1341
5121,1646
2230,2563
1831,602
2137,120
2689,3077
4162,2472
5220,1625
5258,1917
2429,1460
4387,2590
5934,214
2995,1871
3597,973
3984,1419
97,2563
436,2029
441,2373
501,2424
553,2614
1332,2352
1244,253
881,201
499,99
4105,2877
3833,2189
4430,193
2372,1865
4705,2118
5438,1703
3638,1913
1716,248
4739,1702
5510,825
5943,2370
2710,1860
1149,366
1280,849
1999,536
364,813
3798,101
4627,1646
1764,3113
2385,1511
2478,1702
2266,1819
3391,2194
3818,1507
5667,1913
1756,1717
333,2439
2117,1696
4741,435
5252,2637
2344,2641
5857,2976
1788,2194
623,700
2555,2861
349,1629
3016,1004
2527,813
3377,983
3258,2981
4882,825
1656,1486
2401,2394
5510,2114
4610,137
3903,275
403,1865
4362,789
3085,2272
2538,413
5229,2626
3133,1754
924,813
1574,895
1749,896
2642,1702
3709,409
5173,250
4267,148
5544,2637
3381,2041
769,3127
5282,2637
2900,1179
5861,1001
5899,2047
102,3041
391,700
3632,2791
614,2435
5308,825
2699,2586
20,1696
1894,2189
5696,2627
887,1281
534,1917
3105,1584
188,1280
3144,758
4264,789
5778,185
1559,2842
2175,896
2872,824
1982,1255
2410,1702
1999,670
2852,357
703,413
1121,172
3132,2626
2824,2473
107,1291
4206,2504
4300,1385
4868,903
5281,1072
5105,92
3924,2791
457,357
3941,2206
5044,2822
5770,482
5374,482
1838,2415
5021,2838
989,1157
1,491
4939,1493
3017,774
226,2861
3509,482
4799,924
647,639
3861,2627
5614,319
2453,2129
2456,1646
703,1702
4063,1041
837,1702
2282,1493
4142,2088
621,357
258,305
1185,2385
2885,1005
3625,815
543,2918
660,285
4485,2427
4504,225
4619,2427
2788,1072
4784,2494
4941,226
4474,1514
5697,2424
2089,2791
3563,1068
3,2415
4908,1217
5369,2366
3132,1821
181,435
5341,318
5907,3173
2101,1081
2882,1646
4718,1093
2894,717
867,1702
4886,677
2609,3177
954,358
1754,973
4450,1278
3696,816
4288,2448
2748,1831
5248,1258
2452,749
2457,1093
5115,1668
1696,214
4855,2495
729,1179
4072,1103
887,1765
4724,2978
5330,2788
615,1831
3980,1514
3574,826
353,1831
2724,2376
3307,482
91,1831
5334,1217
93,214
509,2344
984,2637
4597,924
3584,201
4826,1915
1987,3022
3788,1694
5748,1207
5770,966
973,1697
2148,1627
3626,1366
3681,1073
5465,330
785,1646
1474,2622
5693,2439
457,1780
5890,2953
2984,2838
568,830
1490,2566
4773,2439
4117,822
1734,482
1148,358
2841,1217
763,3176
1100,2007
2681,3187
561,1729
2727,1088
2066,1571
254,266
1099,92
5658,2953
2652,1668
837,92
2786,1668
3653,1253
3393,2080
2598,2371
5929,972
1975,3146
122,1278
1507,826
3210,3127
3804,1422
4774,2640
1689,308
2508,1165
2055,631
288,789
2198,185
1191,31
2307,2572
3977,2481
2093,2054
639,2709
2497,1915
5023,2563
1026,903
4768,1290
2230,1571
5143,413
3075,1397
3419,1207
5405,413
3646,432
588,677
5168,2163
2291,2978
209,92
2298,1705
118,2448
2635,2788
3793,859
1212,1258
2275,1
2399,2511
2693,514
3975,2593
26,2859
3364,2439
783,2838
29,2376
843,2889
2560,924
4219,2953
5583,1624
5452,2861
1522,3177
4247,248
864,3177
1160,2007
3073,920
915,1422
5449,2563
1027,2417
1901,3173
4141,2481
5055,192
5235,1291
89,1868
1377,3173
3244,2495
3928,2373
3833,1547
3131,2029
841,160
3191,2080
3561,859
3981,2199
2518,1048
4846,957
3288,700
817,2957
5220,2861
5855,1157
851,1787
4176,2825
3402,987
5883,172
2674,248
3851,813
3479,1207
3909,2481
2412,248
5337,413
5678,706
5423,187
5831,1702
2558,73
4588,2769
5665,2164
3404,1033
3617,2080
3285,1341
4207,3077
5585,1646
3023,1341
953,1690
5113,2590
1880,2080
2119,376
2962,1819
2253,376
1857,376
2972,63
3758,972
2815,1577
728,2511
3892,972
2906,1695
342,755
3814,1281
3857,1917
5772,2411
983,751
2741,2759
2727,2861
2598,761
5337,1702
5865,1821
3750,2959
5192,789
1293,2670
4846,152
976,2963
5431,3057
4804,2370
3646,1855
3245,1511
3338,1702
1769,155
3914,357
500,1
1517,2563
5481,1831
1976,3077
3111,1696
143,895
5609,296
599,1700
3625,1917
220,1115
3699,2620
1863,3173
2601,2348
3415,2861
135,253
4870,2616
4176,2959
4811,1255
1442,110
3682,172
5017,1323
3267,896
3757,2975
5341,1420
3911,409
4458,3022
623,192
2894,1819
5375,250
5249,1831
1137,413
4253,1866
849,3164
1100,531
2564,372
2898,248
3978,2570
924,305
4492,2791
705,1695
1782,336
1795,3015
3903,706
969,987
408,2640
778,1419
3245,706
4035,825
1318,2861
4169,825
3675,290
237,2758
1295,1911
5383,491
2341,2959
780,1465
1188,1290
174,1655
919,2563
5021,1041
4804,2504
5814,677
3656,1179
5590,969
786,721
2656,1250
3069,1419
5783,1420
2552,2590
2117,972
3911,2637
2710,1486
595,372
2334,2138
4908,1514
3960,2529
1587,1157
4168,1512
4199,825
5443,2612
5799,1493
3531,137
4797,1683
4090,1821
3713,1871
3971,409
4224,1821
1615,172
1069,413
5909,1072
5620,969
1160,531
3166,2641
3558,1179
5626,1915
5939,160
1190,1871
3506,2709
4886,1913
3320,75
3050,214
1336,1696
3679,2637
4851,2858
2203,1281
3321,677
3040,435
4284,2976
294,2487
4666,826
2496,2257
5089,1683
1849,2446
2630,2257
3967,825
472,2759
5450,908
5689,924
2036,2272
866,434
3684,1668
4489,2627
1423,1291
2839,152
1982,2975
3002,1082
3441,2472
3625,307
4723,579
5862,852
5049,1503
5438,524
1002,480
1618,2698
1609,892
4045,2586
1877,1646
5576,1397
5583,2376
4550,1001
510,957
240,1096
2566,2622
4138,1996
1994,2396
951,1831
2825,2324
5144,2679
669,455
5457,924
3714,1668
5605,822
1470,706
3041,636
3992,3110
5007,1627
1819,2580
1736,825
5864,524
2782,2627
235,1102
5424,1915
954,789
3700,2709
4741,195
2989,1385
1143,1250
4161,1606
2722,1041
4714,1001
1328,249
1121,148
3423,1088
5204,636
3844,2838
3508,2889
5318,1115
5621,924
1070,2842
2486,1703
4535,477
4500,1422
2344,307
4711,1642
3766,2366
4141,1489
5753,1982
502,291
2465,1765
4187,144
2203,1765
960,2832
1743,1780
650,1852
2289,2448
2745,1001
5037,1253
1240,2068
2393,2047
3798,2439
1513,1668
2681,2679
1148,789
3481,1042
3956,1335
3935,458
5063,2824
319,2627
3357,1915
5262,1655
5618,602
5924,120
3935,1397
2811,2910
3613,1346
4019,2788
1508,1482
4223,2029
885,2257
4340,2614
4281,1253
570,933
358,2740
5568,2178
5079,2953
3107,2679
1326,3131
5772,1419
4631,319
2544,1253
4777,2588
5642,1346
4138,386
1299,1493
1853,2833
5896,2394
1347,975
5564,1655
3105,2983
3819,1572
4781,1017
4650,1500
3903,519
2067,1072
2516,144
4976,2424
3838,1033
5079,859
3616,2906
4641,3077
3858,2439
4312,1855
2347,308
1074,1001
678,1001
4040,1921
4201,2778
423,482
772,636
4588,972
4874,1366
5063,2019
5827,2415
2263,2300
3075,2178
1530,1217
2452,2953
4553,1917
482,308
3866,987
4716,1157
1641,267
2623,2054
1964,920
598,1422
3433,1105
5006,2424
4933,3077
360,318
2734,2824
4119,120
2758,966
5772,614
1873,2495
1477,2495
2465,155
3232,822
4421,458
489,1637
3942,1921
2080,1253
4633,1280
1615,924
4237,1280
992,1699
1095,2578
1931,2850
3564,248
4030,987
494,1422
2390,920
3040,248
3436,1002
232,1422
4827,1496
763,1058
4490,413
3980,2563
1041,248
5900,957
5638,957
3405,376
3895,1701
4994,855
3143,376
3986,1819
5875,2590
367,1997
2832,2177
1395,2439
2138,268
3893,2759
1763,2111
2069,1629
2783,972
1105,2111
3760,2415
814,1935
17,837
2794,2824
5705,839
5893,2978
5820,789
4490,1702
5013,2975
4483,531
1902,176
3643,2769
2380,740
3037,2959
3672,1255
4740,1096
2512,859
929,2824
490,2188
4045,305
271,2824
816,2358
1559,187
4210,1281
3503,1419
3644,2590
2928,3174
3940,1420
2092,458
4601,1691
4998,573
3394,2415
4598,639
238,1371
4634,296
5025,706
983,27
4684,413
1829,987
929,3174
1101,248
5051,1338
4330,824
4805,1871
1902,1465
4369,2472
4040,1250
4396,131
2372,3077
2310,2199
4146,1646
5251,645
5483,214
648,2373
703,2080
3674,2590
761,1496
680,376
415,859
1475,839
1609,839
2099,2918
3424,2415
5778,2791
306,1855
2899,1281
1617,3174
1804,1280
751,27
4531,706
5073,2975
656,3173
4820,2529
1922,2467
5578,1390
4643,358
2191,413
656,140
231,2620
465,572
2270,706
2602,2199
5513,214
836,2959
2861,1147
1567,1717
2702,336
1910,1302
1547,1250
1564,665
2405,1281
4827,825
1332,2759
4565,825
2433,296
4386,1082
4045,789
612,1157
2434,1460
5830,456
2683,2164
398,639
1929,1702
4658,2709
5442,2791
4783,903
2668,2041
15,120
1894,957
3418,1041
1365,3057
5307,122
5396,1103
1869,2590
3426,2622
5556,826
3577,2791
3119,1913
3255,2740
4204,2889
5374,2283
3942,2889
2941,2580
4331,2472
241,813
3059,2047
2417,2580
889,1034
3955,3124
5770,1694
3160,409
4822,2709
372,2959
2955,1697
3017,2575
3600,681
4878,1298
3727,456
3214,3089
2455,2283
4995,2637
2899,1765
4348,574
4807,2586
5822,1103
5574,1001
3384,1056
432,1697
2493,296
3095,2616
1242,748
2288,830
643,1917
1011,3067
2723,758
4092,1493
498,1004
9,813
2862,2822
5422,2300
100,177
3276,1873
4643,903
4800,267
5746,2397
495,706
75,120
154,413
961,2199
1706,101
3617,1385
1048,101
3820,1744
3842,1503
4982,250
2582,903
887,2627
1880,1385
1396,2504
3980,2376
3636,2566
4467,2494
3549,877
4344,1340
503,2637
126,435
4568,267
1022,758
3642,1041
82,2580
3093,1765
257,137
420,1821
0,1235
2097,2709
650,2283
4346,2325
1782,1385
3671,2910
4031,1001
4934,2495
4851,740
28,250
150,1179
3111,1001
3519,826
62,3052
2882,1703
1218,2740
1161,2206
2550,964
3732,1873
4344,2629
2799,1668
3962,2335
2241,2838
4359,1217
3221,2300
3952,1058
576,240
3310,837
1968,2679
2317,2833
4910,2259
426,1235
1400,3161
947,2627
3867,2448
5025,2963
3703,2983
5379,1017
979,2350
321,2350
1023,2622
1775,1503
371,2467
973,815
3141,1001
3733,2633
4911,2080
5543,859
959,2637
2437,2376
5835,2953
4852,2439
1404,1001
1825,277
2405,2838
2701,1668
3222,3060
1684,826
686,2478
4364,2850
5844,972
2748,3177
4059,524
1657,2386
3035,201
1373,2627
523,205
1452,2920
282,1082
2302,3090
949,2299
2647,92
4732,2495
2278,1915
4938,2563
554,2709
2066,1278
230,1831
328,2366
2594,1397
4779,1752
2711,2736
4094,895
5410,2558
3459,155
1929,226
3063,155
4040,2352
4062,2111
1555,1705
5886,43
2429,2269
2816,1217
1238,308
5393,110
2079,924
5534,1281
4553,2348
1191,2182
5527,110
3020,458
5582,3015
55,3146
2964,2778
2252,2572
3964,263
5347,2394
3702,263
1169,1642
4481,1
2540,2450
4706,2563
649,852
2877,1843
666,267
3949,140
5628,1855
2663,571
5767,2953
1598,1001
3093,155
1737,1345
3630,2080
2635,2495
2972,2080
3027,1787
3581,3127
293,2910
2569,2629
4382,372
762,1668
1882,1699
2381,2578
5127,1280
5261,1280
5423,110
238,1668
1649,185
410,2906
709,1253
4556,1464
3952,2481
189,1217
660,3054
5371,859
457,1971
4607,1429
4980,2923
797,319
4333,2358
5343,531
5484,1702
563,677
3259,982
580,92
3519,155
4436,1547
4033,376
5802,1045
3372,859
4836,700
127,1278
2778,120
5560,1697
4954,2641
33,862
2132,3163
3713,371
1137,2080
2997,1921
4356,248
5094,177
541,514
615,1217
1303,837
4474,2189
5030,192
353,1217
26,822
5544,413
1970,2054
2223,248
220,1627
581,852
307,283
2430,2978
2256,2825
1161,2824
2639,2563
3004,998
757,519
3021,413
3105,1804
343,3131
4393,1419
2421,2111
833,514
4284,2415
499,1392
2049,253
2868,1110
4418,2415
5920,296
1933,2522
2088,181
4151,2825
188,2439
5596,172
5312,413
5537,2975
3068,2861
3307,1157
4181,1913
194,1695
951,920
328,1695
5765,358
4426,1717
4875,789
3526,1460
5936,1179
1593,2080
194,2634
3172,1871
4545,96
4770,214
934,1855
3782,110
3971,3015
2942,2348
3265,1281
56,2111
3430,1348
1200,284
320,1403
3095,2563
3964,2975
4905,789
5301,789
5808,2283
1085,2963
4643,789
1778,1429
2327,1671
3975,101
3020,137
4890,1420
4401,2195
5237,2467
438,2563
5163,266
1216,413
4516,455
5794,1072
1033,1460
1038,1804
3705,1179
5448,435
430,1921
1041,3041
4632,1569
5478,2529
5717,825
691,1696
4908,2376
5185,964
847,2209
1260,1624
5534,2838
1984,1655
5458,2062
5912,2232
623,249
4499,636
3914,1703
4791,2730
5746,250
1494,2959
515,1655
3889,1646
2311,737
5432,1780
650,1291
643,120
1128,1855
3155,2590
2218,3175
4405,1913
4369,4
375,305
5430,2838
440,3174
2886,830
5202,1668
4144,825
3588,2822
644,2415
5907,3177
3350,964
2264,2769
528,2240
3229,2889
249,2825
4270,2627
266,2240
4657,821
4779,2504
5049,2365
680,1291
312,895
2096,152
427,845
1232,1804
1738,2164
984,1702
4480,2622
2625,681
3189,2709
3564,2586
2877,1656
4465,1001
4621,1514
2553,2498
2558,2842
2236,2791
1429,1005
2296,2842
3712,1703
3316,1703
4344,482
4824,1873
4278,2114
2115,2272
1614,4
4379,2920
5372,924
719,845
3656,81
4547,2504
1338,2580
4636,1041
5121,524
5159,816
4795,2983
161,2954
4233,1001
2053,1744
4723,636
4327,636
2732,1278
108,849
1548,296
4989,755
1754,2616
3659,1668
3793,1668
3101,2838
713,434
1879,810
5709,852
327,2842
339,1913
621,845
4019,1422
5738,92
1028,2889
4230,1642
4531,816
4897,2105
4840,1571
4331,4
3739,92
430,1250
3787,1072
2405,1041
4907,1103
5820,1033
1018,1420
2501,1503
5768,2563
372,491
988,2709
1423,2637
1428,2981
2949,1104
3823,1668
3427,1668
3563,2495
3981,3008
2384,1103
3561,1668
5001,1115
1689,312
4433,2351
369,1913
4685,2572
3317,2439
5528,1571
2783,2505
1704,2283
200,1323
1752,1765
2218,2504
3507,92
3037,1109
5065,2978
1230,148
5858,2614
1018,2709
3267,1571
3991,1602
1849,2637
2272,2740
2988,2910
5536,2563
1587,2637
3798,1207
2437,2807
4374,3060
1246,92
3591,1668
3491,498
1225,3187
5208,2505
5676,1819
4220,2593
3609,2439
3018,1217
5616,987
5284,248
275,2786
523,636
2393,1165
1901,3177
5146,2758
2231,837
1520,1765
1377,3177
5434,192
3302,1915
1509,852
2639,1571
1089,266
867,1385
5301,602
5719,1115
4535,1823
3621,1668
4870,1547
21,2088
1611,2068
465,816
446,574
561,1278
3634,1341
5819,1696
1082,2478
5516,1695
1894,2356
1326,2838
4963,957
5181,2348
4677,1125
2977,2505
1306,2371
2044,2300
2739,647
1999,837
2718,524
791,2679
1305,2900
842,924
2788,2983
4276,966
5532,2578
3596,1207
4874,2578
242,2622
495,816
1634,1089
3993,2563
4232,859
3664,1341
4628,859
3266,514
5587,1696
5651,957
3154,1993
4909,320
4993,957
227,1001
3212,1217
4134,2953
5552,2641
5082,248
4929,972
2415,2593
3931,2624
111,826
2210,3127
2408,1422
2470,2300
2029,837
5393,1830
1475,1217
3023,1695
427,308
4518,849
559,2679
275,2920
872,924
5485,2358
5808,1291
600,236
2964,2054
5099,602
374,647
2652,1001
587,1694
921,816
1053,3187
437,1935
4100,2029
1687,1258
1417,1397
4961,79
618,226
895,2978
924,1464
2166,2424
485,636
5540,2415
1863,3177
863,996
5011,2825
916,822
2113,319
4212,2620
3381,248
5208,895
1242,992
4241,1860
151,201
4349,639
4951,2959
785,524
3839,1291
599,2054
919,1278
1318,987
1915,2963
4718,2199
5389,152
2717,433
1901,1567
8,832
144,2413
3602,3041
2532,2373
4818,336
4733,1918
1342,822
3654,2450
1078,2439
3752,2985
141,2300
79,1422
1149,2090
4513,639
5712,1717
3554,1465
4590,859
5097,101
145,3173
3679,413
792,540
2144,1860
5850,2590
1433,2788
2016,2614
4645,1697
969,1341
821,3163
1234,2578
3832,2348
4417,1281
559,3163
4155,1281
1278,2850
4551,1281
593,1993
3592,2861
5497,1913
199,376
5544,39
37,2300
1947,1696
1871,920
4445,296
5718,569
1774,987
1378,987
3971,413
1046,248
4105,413
4003,2580
656,1002
979,1655
2579,3077
934,192
5533,1728
1844,413
4564,1866
1107,120
885,1993
3977,2298
4185,1281
4417,2570
363,376
4179,712
4716,2637
3952,2241
1849,2450
3327,2189
3337,2877
926,2933
1358,2590
5451,1514
1361,2861
444,2435
2125,813
3971,1702
777,366
2735,1496
4910,409
713,2825
312,2481
1754,2563
503,3015
601,140
2420,172
4285,357
2242,1563
4779,1646
4909,938
5909,2365
1669,1701
4370,2350
1703,531
1844,1702
5440,574
1303,3041
4292,2467
1690,1235
286,2199
1559,2472
4088,2637
4369,435
1211,1008
3095,2189
672,3174
5481,1514
5410,2802
2342,639
4954,307
5437,461
3857,2889
1173,1655
423,1157
5667,1677
3736,2370
1556,3113
334,1085
4926,1642
2875,2041
1419,2061
3630,1385
1383,152
1467,789
3764,1385
4588,2586
1909,1696
5161,4
3134,989
2394,1179
4290,677
2824,9
4028,1431
1149,1419
2066,2811
812,336
4602,1703
4876,774
4972,482
364,1866
2948,1738
1289,3119
2361,2170
4928,2627
1060,3067
3625,2889
5752,822
4812,200
4698,2350
2843,409
3426,2679
1444,1717
3058,2283
410,706
1901,3124
4320,677
3905,435
1823,1713
1482,1420
4253,2838
5712,2335
4886,307
4287,1668
4070,3131
5323,308
4553,1787
3090,1390
4057,2145
669,4
707,296
1577,152
2358,717
1265,789
3681,2797
4264,903
3295,1041
444,825
1149,614
3799,574
220,1871
1025,3022
1069,96
2387,2586
3982,2910
1160,214
3252,1344
1951,3187
886,2863
34,1866
3888,2494
2735,825
5474,1766
5794,1182
735,1913
107,2344
3266,461
2727,1873
2861,2627
5502,781
2398,2371
1718,2612
226,2975
2759,2350
4617,1556
3199,2622
711,2458
444,2114
1146,2386
4157,1571
3883,2500
4344,1397
261,717
3714,1001
785,1626
434,645
3567,1705
5088,2080
5165,2300
767,2740
827,2791
3415,1873
4237,2439
4170,1217
2365,329
4027,2629
5211,201
5909,2983
3871,1335
1830,924
4290,2450
2779,319
3942,986
4842,2963
1700,851
1846,2366
29,717
5301,1033
4643,1033
5357,376
4032,879
3232,826
1193,2740
4555,2906
3947,2269
1459,2859
4401,2439
2512,1668
2295,3131
2524,739
1087,1001
4933,987
2140,2439
2775,1489
4872,2963
13,2062
673,2300
1877,524
1961,1915
2881,2824
4688,1341
1489,2859
2905,966
4030,1341
4483,2629
1513,1001
3916,1993
3918,376
5117,700
5908,1953
5939,1266
1825,1273
882,2824
3769,253
5042,1280
281,1668
1086,1873
4484,2450
618,307
2237,1217
4768,2209
5208,2481
5284,813
4888,813
1753,3090
624,1253
1725,1042
5863,1429
4973,2614
2387,1915
5033,413
4389,2563
2641,2963
2839,1258
4415,1532
4718,1341
4895,2923
5268,1219
200,144
3686,376
126,1915
1308,2824
5587,972
4222,1110
4249,2933
4548,1280
1678,822
3495,781
4271,248
1874,2454
4436,2759
5239,639
5003,1860
2816,1624
1611,2983
362,852
305,318
4880,706
1635,1125
5341,1855
5408,3077
2147,2963
3892,602
3305,1034
3819,1255
1338,2824
5777,2385
2819,2080
5505,1697
410,2963
2067,755
205,87
3895,1250
32,2788
3401,2435
4452,2861
4163,2758
5462,280
375,3127
3966,901
2896,987
461,2901
36,1217
2300,1865
1927,1125
1677,2640
2035,2348
3484,1157
4566,896
4587,1773
5227,413
937,386
4753,722
1382,248
5176,825
3190,2373
5086,1871
4690,1871
1963,1
1827,140
2491,120
2957,859
2966,413
3115,2199
4951,1646
472,966
4801,2641
458,2788
5255,2811
709,155
3386,972
1720,1182
4511,3067
5865,296
2007,2178
4462,142
988,2953
3624,3015
3531,572
3572,573
4995,413
1674,248
4804,845
5602,825
4246,2769
139,1695
2114,1486
1969,2825
3414,2616
5565,1697
3803,2199
2748,2563
2996,413
4907,1697
2796,1291
3541,2199
342,2963
2820,187
2825,531
3050,3093
3446,3093
5001,2298
3196,2164
4247,2590
3658,2195
3949,681
4393,2415
5895,296
4664,2878
2857,1917
756,2953
1666,3174
1222,2194
2005,2640
2619,813
3736,573
4995,1702
5432,1703
5406,482
303,1695
3009,2688
3202,639
5024,188
3408,2959
1655,3015
4850,789
4535,1717
433,987
908,1280
2804,1532
3251,2975
5011,1646
386,2861
4341,1851
5192,903
517,2563
1616,1717
4928,830
3254,1179
3636,1281
2935,645
4972,2068
5423,2529
5724,1703
1701,1266
1756,973
2263,2467
3063,830
3221,2170
838,110
5014,789
2042,778
5716,307
1161,3015
2460,1291
5914,2766
3088,2580
154,2861
3007,1460
5820,2350
1059,2738
709,639
1475,172
4907,1831
5034,852
2840,1697
5538,2637
3022,1179
4918,677
3636,2570
1855,3022
1702,336
4150,2791
3405,2637
3692,1913
2293,2467
4210,2842
2384,1831
5758,1822
5247,2838
3545,173
4156,2047
40,1419
2693,896
4477,153
2159,2652
1705,984
349,2174
1397,639
3401,2114
4578,2679
2778,2889
1558,1496
1341,2959
3168,600
3149,358
2146,1666
1072,290
4909,1503
3210,1765
3967,1744
4459,2206
1150,358
501,2164
2676,1831
3032,712
3072,1831
4305,1739
4463,2325
3558,4
4881,2838
5879,1186
5029,2736
3649,122
5311,1668
70,1419
5691,1889
3296,2478
2241,2842
3595,825
3631,482
2638,2478
5520,2007
1308,2637
1595,1913
5916,2007
2185,2910
1803,2616
4659,924
4924,441
3951,3089
4995,92
301,1702
4804,524
2402,2386
5418,1915
3141,1005
3277,2586
4755,2325
2282,749
3044,1072
463,717
3419,195
1647,9
4178,1001
4539,226
4992,1514
5394,740
445,1831
1343,2981
1761,2740
1016,2586
548,266
2554,2376
2816,2376
2912,2084
3046,2838
4703,822
5866,1489
3746,2283
5255,1335
2581,789
1199,758
1335,2339
1378,2975
3243,908
1505,1996
3702,1422
4572,524
3710,3003
2175,2730
1886,2627
1569,2920
4415,540
889,717
3100,41
985,1179
4591,1705
609,1831
5261,2439
5538,1027
1947,1001
4932,1217
2418,2838
4168,821
2437,636
3624,1889
819,2580
4267,1766
5571,386
1760,2114
2467,2730
2933,1217
5791,160
2862,2505
4,152
2421,1042
4940,519
616,908
4537,2758
3976,1001
4081,263
5256,1
2078,1642
5810,1341
3609,1207
5183,2906
1004,266
3249,672
3085,1207
5456,1752
977,1072
581,1072
774,3187
2097,1103
2111,1001
2529,1514
4867,2111
5562,458
4321,2352
2418,1683
5759,972
3426,2439
2884,924
1132,2114
2696,873
3732,267
1345,3161
5896,2963
321,2838
3074,267
3967,1073
825,2371
2308,2454
2506,749
3294,41
3180,3137
174,1098
1170,1093
4850,602
3160,2670
4096,140
512,1093
4929,895
2389,1103
3662,1376
1540,1535
3214,2906
5939,1697
2580,1048
5240,1696
2247,3090
4735,248
2264,2505
4485,73
2026,647
3662,1726
391,924
4238,2825
2736,248
5683,172
3935,572
2543,2859
4379,2306
3195,570
5014,602
354,1042
3728,1033
106,1694
5667,1921
5486,3041
3676,2563
1802,2824
2146,2634
4154,3127
3357,2029
2932,1099
3321,120
5334,957
5413,1250
172,1001
5755,987
3668,1921
3683,2953
5947,1157
3168,63
1115,2833
2192,921
4181,1917
5177,192
194,1699
5385,895
987,1335
295,2505
2900,248
3447,2861
150,3090
4861,895
4613,1547
5812,1871
2665,2825
3706,2563
3826,413
4237,2199
2074,2357
3251,2922
2989,2922
4706,957
4854,855
5456,3175
4291,2435
4246,972
4029,2435
2083,376
5586,2467
4271,1968
3187,2348
3865,1280
1024,1752
2841,957
599,822
4389,2189
664,1217
3725,2963
1170,1577
4112,1157
1526,458
5033,39
5124,1655
5825,1702
1723,972
5856,1015
2991,1655
386,714
372,816
2392,2824
2614,1705
3085,536
5334,152
3460,413
3145,1341
4336,1804
5072,152
5767,1697
3819,2975
4750,101
3738,1855
4160,824
5853,717
873,2495
5835,1831
2244,859
2598,2111
951,2563
1280,1341
3465,1696
1739,1855
3599,1696
1324,1613
5323,902
3430,2641
3659,249
4113,1917
2351,3173
2979,490
3667,110
4199,1691
3880,1157
1991,386
4725,983
4816,2791
5521,2580
1390,920
1512,1849
505,1695
5118,3129
2062,2481
2867,434
3686,1291
1628,2963
3228,413
4104,1804
3725,1219
1612,740
2665,2959
842,1465
3134,1717
4980,957
90,140
3495,1696
4006,1646
2841,152
1449,2439
4751,2554
5343,214
4453,645
1240,1511
5430,2842
144,376
629,2111
1472,2800
1739,700
601,63
4584,2791
2354,1727
1106,2450
2527,1655
3320,1291
729,248
3785,896
5727,1493
1644,813
1649,1157
4020,1702
4352,2441
3999,825
3775,1871
4066,357
5767,1831
2157,1563
4896,2504
5089,455
3327,957
546,1480
644,2769
964,1993
902,1115
570,376
5010,2791
889,1819
4516,4
5711,2838
926,2640
2748,2189
1041,2590
673,2194
2142,2379
5050,877
5757,1493
4425,825
3788,1702
5359,2386
937,2240
4211,307
4417,2627
391,2481
5924,852
1423,413
3059,738
3174,1250
698,3163
1331,824
1775,1804
2919,2421
2936,2590
622,135
3640,491
3846,2811
5765,41
539,2352
3051,96
5568,2910
3926,296
4838,1344
3826,92
5870,2494
3528,435
1131,2641
331,336
4059,825
2443,2842
4291,2114
4986,461
1328,1465
5781,924
1515,1291
2291,758
2308,173
4113,307
680,1429
3980,717
456,1913
5532,1159
867,1255
2773,2195
3408,491
3709,1385
395,2199
4533,2586
1150,789
5675,2376
2344,1523
4541,195
826,665
3254,1744
5024,1103
5805,1668
1397,1420
3558,435
5941,2495
1235,2590
5194,1514
4547,1703
5751,2371
2594,2637
4193,2114
1602,1071
4974,2679
3639,2494
5764,354
2773,101
3690,1493
4086,1493
3576,2145
694,2616
3151,461
2607,2283
1442,789
4045,903
4515,852
3472,1041
158,1855
4301,2586
1658,1353
2938,2797
1429,1493
4309,195
2036,2467
1879,9
131,409
3777,1088
3009,2448
13,1851
4886,2458
4232,1668
4015,3131
5861,822
2261,1996
516,1913
4988,1422
2429,826
2852,1683
218,4
2422,409
1324,137
4330,1422
1713,3130
4452,3105
4824,267
3452,924
3588,2505
5942,1915
4651,2002
3722,2505
1344,789
948,789
1022,738
3677,1042
5474,2978
5746,1222
352,1697
3679,1088
90,1697
3474,2376
3219,1103
4000,1668
2185,92
1768,3187
106,1641
608,2791
663,2498
742,2791
1028,933
3008,1822
4140,924
2600,307
2001,1668
103,589
1304,2494
3147,2920
1885,1493
219,1703
1669,148
2328,3002
1925,1831
3069,2448
4163,1258
1054,2504
3182,1571
3712,2325
3975,1207
4209,3131
9,1866
3703,519
1117,574
4892,155
2462,2413
5556,135
1140,3187
2582,1017
1916,964
4316,2439
3922,822
3658,2439
3529,339
5840,833
3343,1115
1206,2494
1982,2715
3107,3090
3840,1921
1040,2956
2508,2007
3685,2572
419,2114
520,2920
5007,1017
4611,1017
1686,852
4040,1982
4401,1207
5884,1290
3427,1001
70,1179
4724,1860
2408,1776
1047,2622
3165,1001
5698,376
1100,1694
4880,2373
341,1642
3680,2578
3401,3163
3688,2439
4781,2367
5536,957
3373,1115
508,1001
3638,2352
916,826
2060,1443
1879,2371
2925,201
387,482
3905,1915
3361,2983
1415,924
4555,2963
792,1699
3760,248
1244,1042
2276,2946
1464,816
4530,2906
5070,376
5211,1547
4569,2080
4364,2614
2776,1017
190,318
2143,1104
5493,2199
38,2930
3722,895
3587,2922
3852,187
2649,2373
2809,376
3647,1475
4058,63
3144,2352
2048,1217
5148,1383
1390,1217
1459,822
3787,2983
4838,1157
1682,2557
4540,1500
4972,1157
3153,1125
3528,248
4075,2861
947,647
1121,1766
1222,2572
5360,2959
62,1422
4969,859
523,319
5000,172
4072,2563
1142,2054
2324,2963
1154,1125
5261,2199
5937,1250
1021,1535
1206,2978
2076,2080
2738,2953
3099,2178
4223,1419
2416,458
4501,2861
1471,1182
4248,2415
1627,1695
4958,296
2153,987
2932,725
3137,1157
2488,2963
1366,2859
2764,2080
14,2670
4792,1697
1442,602
1760,3163
4241,2348
4394,2590
5632,2842
503,2080
5766,2842
2524,1280
626,201
2820,110
4838,1291
3637,140
4855,706
2021,2157
5879,275
1589,248
4314,1291
5121,825
4331,1460
205,144
754,386
5363,358
1211,73
5118,527
4896,1646
4495,1302
1346,1429
4746,2641
1132,3163
1963,3091
397,1253
1906,305
2124,1696
3941,901
5620,2616
1619,248
1581,3174
2548,2963
1128,2640
2300,2861
5834,101
1615,2758
808,972
4627,825
2277,2877
331,1572
334,1089
3286,3077
2338,120
1646,1290
2508,531
1854,1993
5180,250
2800,1871
4326,2590
5054,1831
1683,2111
2550,1696
1786,546
275,859
824,1855
3885,2847
4134,1831
958,1855
5294,2981
2723,1624
2119,2641
1496,972
4940,1702
1058,3190
5927,1581
4533,789
4137,789
5352,1646
317,2963
3283,3129
2447,413
2531,1804
3914,1683
2417,1702
2830,1871
1102,1203
4505,2124
4834,902
5178,712
448,413
439,859
2829,1646
3911,1385
587,1511
666,1804
5288,1072
4014,574
1462,957
10,187
2095,2590
1995,1420
930,1850
2604,2467
804,2677
3662,1620
5119,482
358,870
5733,1873
5812,2920
4637,738
1174,1429
4973,2350
489,572
2509,2580
84,2738
1292,2616
4088,681
4174,2145
5301,903
4241,1677
953,706
703,2975
612,413
689,3077
1176,2441
1372,101
2859,1646
3583,1677
1437,1250
2683,1420
3936,1041
186,1702
2108,3175
5411,482
2238,2467
2293,2174
4244,2325
5118,2889
3958,1739
4433,2786
1874,2190
3895,636
2054,845
5416,1765
5593,2593
3284,482
4192,3074
720,296
3430,307
3779,461
4935,903
4407,2504
587,706
2060,101
2884,1302
2973,2283
540,2580
5220,1072
2441,3176
4497,677
612,1702
4020,523
4161,2448
2965,1641
3266,815
396,357
3995,2910
2097,1831
1703,214
5318,2546
4960,2838
4511,1514
156,2590
290,2590
269,2467
4049,2392
5883,1766
40,2415
2657,2427
141,2467
3078,1703
1316,2959
1686,1738
1727,1739
2837,1082
3064,307
5032,1371
4094,822
751,706
2308,738
4794,267
5276,41
5625,195
308,2580
5117,920
456,2478
5437,144
234,187
5676,160
560,357
1494,1918
3481,1534
2099,1503
3611,826
3955,636
37,2467
1283,2637
5042,2439
2499,2376
5446,2300
2896,2012
998,933
709,830
2724,2494
2462,2494
2513,1493
651,825
3798,837
785,825
4221,1694
119,964
3259,3003
4601,1915
2949,2023
399,789
4781,570
2336,1042
2673,435
1859,1642
4267,2978
4513,1
4592,1048
4671,1341
3508,482
1436,4
2358,2494
2401,3130
2397,1668
1922,2341
2595,1683
3400,2080
1144,2047
120,2478
851,482
493,774
3215,2300
364,2838
5555,1280
3423,3003
5736,160
5947,2824
4018,180
1678,2920
5575,966
5668,1157
1695,3089
2104,1042
5478,1033
316,323
137,2832
5696,2424
4297,2978
584,1831
816,2366
5071,120
4291,3163
335,1504
612,92
1169,1703
1950,1514
1143,482
2540,2511
3371,2439
5852,1624
1077,2114
5506,987
2319,822
4912,248
459,789
4982,987
137,738
364,1683
374,2371
446,1493
609,3177
5852,2563
2794,1088
5194,2563
1020,267
4437,140
2002,2054
1780,3173
5598,172
1809,2413
883,3187
826,2653
1285,2413
2066,2978
3458,1253
5447,1696
5032,700
724,2376
4705,305
4748,1695
3946,253
4882,1695
140,2325
2774,1752
5353,1280
5437,1917
4809,2348
3546,319
29,2494
4284,248
4131,972
3372,920
612,2320
5746,982
768,2833
2225,1695
4178,2481
415,1217
2218,524
3973,3015
3610,2963
5161,1460
5569,531
4132,1547
849,920
3624,2080
2230,2978
3359,2563
3336,859
4009,201
4473,305
4953,1696
2916,1993
2907,2439
5101,2348
4228,2194
3968,3021
1623,1253
652,3008
1748,201
1178,2300
3105,1865
2878,2640
3439,987
3607,3015
3244,2963
159,631
238,924
3640,2963
651,1093
1578,3173
4347,2825
2734,2861
1480,386
5453,706
5344,1702
5606,1702
4370,1496
4418,2476
5423,305
3702,808
2731,2563
3509,413
5009,665
551,862
5850,1281
788,2495
5022,2590
5570,2395
3624,336
4156,1917
676,2439
3589,1281
10,2578
5807,1584
3422,2861
2479,248
2004,3173
3656,813
5879,706
2764,2861
1735,2194
3137,2877
4818,1255
1208,987
3921,2959
1679,2824
5363,789
631,1915
3539,413
5798,717
5851,2041
4827,2472
2881,413
3652,290
374,761
5482,1420
5778,250
2901,1819
4422,2194
5165,2467
671,1
5268,902
2085,2199
4277,1281
5808,2344
2816,957
5772,435
386,771
2707,1953
2423,2194
1263,1044
2928,2861
3558,813
5509,964
5829,188
1663,1917
2704,1655
3428,932
3836,757
2380,777
3631,1291
3307,413
129,2054
430,1982
929,2861
2720,845
2990,706
3205,2580
3816,290
1854,2424
106,2824
4108,1630
664,2563
1392,1804
3312,1696
3305,717
3405,2641
4088,1917
1331,1336
3421,1831
5809,825
1862,972
1903,973
2722,1830
3549,296
5423,789
5450,892
1042,644
3678,706
981,2620
2588,2769
67,2465
4332,2627
1295,2029
5450,1831
1023,1341
5555,1093
439,1290
2748,957
2589,2590
2949,681
3661,1641
1343,1696
5104,2325
615,957
2511,455
4897,2032
5389,2494
4205,758
3592,2975
741,2759
3774,1703
4290,307
2877,1717
4871,2504
4950,2797
5886,267
4826,1041
903,1774
1106,413
4960,1041
4253,1179
1749,290
1556,3093
21,2820
329,721
3741,250
1528,1045
339,3129
4112,2637
5194,2376
1087,1302
1808,870
2240,1281
4929,2859
383,957
1596,1179
942,2641
2301,214
1133,3175
1716,1281
3509,92
3800,830
2662,1913
2402,2740
5270,2371
2462,2791
5604,1493
5740,2320
1455,2637
4320,307
5206,2386
2346,2616
5598,924
3459,1668
2800,2786
4500,1406
2096,2441
4711,1626
4456,2797
812,1255
3389,148
3771,250
4285,471
4094,903
3383,1831
3503,435
5423,1273
1703,645
1180,2590
1498,1179
4471,826
5300,2371
1881,2637
3942,482
5835,1217
5838,734
3119,2889
2004,758
5144,2797
2718,101
2518,979
1198,2580
2962,461
2075,409
2290,2283
2374,2920
853,101
5383,2032
3948,677
1112,1493
656,1250
1814,1765
2717,815
184,2194
5769,755
1080,2709
1515,2637
3184,2910
4459,600
362,214
2726,2032
4118,307
5355,1115
5374,1165
565,573
3357,2838
5737,1217
5804,2439
4441,960
2562,877
2192,1344
3549,3008
261,2791
4239,1765
4554,837
3277,3074
4008,1078
2119,307
2282,1237
3397,924
1857,307
1645,2114
38,275
1289,789
4255,955
5879,2963
3570,852
2954,354
1701,3177
536,1683
5854,2906
255,2195
551,1025
795,1385
5690,997
977,2365
1357,2586
5490,2629
526,214
5834,2439
3387,2838
3683,1668
4459,1889
5605,135
3072,1514
2676,1514
90,815
5288,1182
365,2740
4367,2300
5148,2111
5578,1695
3573,2439
4862,27
4505,3173
4739,1125
1057,789
255,101
3734,852
5372,2758
5559,140
3394,1915
2752,2448
1940,318
3528,1915
5868,895
5527,602
1089,677
4019,2906
304,2622
557,816
2453,1068
4005,3008
4058,2080
1859,329
2647,1873
3603,2439
3230,1699
5081,2178
432,2807
4181,1921
1027,738
889,2494
894,2838
648,1873
2470,1422
3244,816
4505,2018
1929,2007
2944,524
1196,924
5327,140
4470,2963
5430,1773
5065,140
5161,602
4199,1911
4489,2424
1249,3187
3823,2563
5012,2199
163,2740
3494,1341
4068,1613
2745,1253
919,2494
1356,2495
5855,2861
599,826
1743,1443
3508,458
543,3146
3342,2640
2146,1833
3624,1572
3438,2348
3641,987
4541,2964
3842,2963
2438,3173
5202,2481
4181,177
2001,920
3508,1397
239,1422
989,2674
4738,1034
3817,2906
4545,1393
4383,2563
589,2740
2509,2824
4770,1511
1141,1001
2916,2424
3265,2578
1121,2978
221,1001
1763,1
4060,3041
1057,1273
3803,1695
5007,2363
1390,924
2863,319
1288,3091
636,2182
252,1253
1800,2485
4842,983
5487,721
1655,1572
4017,2563
1873,2963
5899,665
5022,3021
1961,2029
2656,376
4910,336
4994,973
4777,746
883,3163
3457,2347
1172,822
5696,96
307,3003
2098,987
632,319
4374,706
895,3173
499,3173
4033,413
4770,706
867,1125
1789,2861
1775,2963
4172,757
3156,2769
5312,2194
1991,2029
2361,808
3925,1819
3992,3041
5121,2626
4415,1646
5286,973
1524,2563
4074,1353
2381,1460
5624,214
2045,1511
4502,110
1336,822
3533,248
2282,700
3961,2415
1328,2624
2603,1280
2207,1280
383,904
1269,2983
2430,3015
5615,101
1007,2983
4818,2975
4804,825
2066,2738
4263,2164
4022,3041
1321,140
1374,1464
4445,1646
2198,413
4,1258
5916,214
3949,1250
1077,3163
4403,1420
5268,2622
5206,1744
3845,2590
2045,2800
5199,573
1298,1819
5359,296
4797,4
2089,2348
3713,192
1772,2641
2412,1281
3933,1656
65,2850
1698,248
1739,249
3700,896
3151,1620
128,920
4531,824
4572,825
5057,2560
5902,2386
2142,639
2290,1291
4955,2283
5366,1625
2179,1460
5183,1918
2186,187
1936,1702
167,1033
2519,1528
4661,1055
2116,357
5089,4
512,2199
1971,1696
4225,1656
1322,1250
1936,2641
4229,1775
4926,1703
5260,825
4623,1702
2083,1348
259,972
1930,2826
882,1917
2568,639
5727,2920
4918,307
4290,738
4295,1082
4639,1646
5119,2283
2192,1291
2130,413
3152,101
127,2738
2424,2580
379,2959
11,2563
1126,1496
4517,902
280,2199
4418,2586
4709,1072
414,2953
1761,3175
2442,2570
1795,2759
551,972
1036,1953
2244,1831
4071,2478
1559,1728
4219,2376
2634,296
4449,2838
1295,1655
4053,2838
3924,738
1458,895
286,2394
1702,1255
1796,2580
2261,2939
2347,239
1149,2769
36,1465
2610,3093
3637,681
423,413
841,172
2687,307
5792,1571
305,1855
374,1460
2657,2350
2707,1713
465,824
2898,1281
3493,2622
3627,2622
3727,574
1729,2297
5349,1001
2202,2709
2536,1831
1899,2708
2331,2365
2336,2709
1558,2415
3033,2637
1673,2365
3516,2791
3860,1103
3927,2325
4837,2546
2528,435
4078,2494
771,1281
4083,2838
4143,2889
4217,2838
3121,1703
4984,1253
1517,2791
2422,1702
2222,2580
2268,1235
5367,267
5031,318
812,2975
1743,101
5602,1073
1481,101
3387,1041
495,824
536,825
3919,2622
5364,2413
1372,1097
5751,2859
2944,471
2099,2365
5738,1873
4509,2838
101,2590
4588,3131
3380,1001
4624,2788
489,1918
5672,1253
5150,2080
1270,39
1225,2740
2863,482
1197,692
4628,1217
4034,2730
5173,3003
5456,2537
587,1702
469,892
3812,816
5868,2481
603,1646
687,2283
4121,2325
4222,3131
3410,1001
2362,92
3544,1001
4430,3080
4879,2906
378,2467
696,1056
37,2174
517,2811
1647,1278
2325,964
1843,2910
2177,2032
3240,1529
955,4
2882,1821
4396,1217
3379,2627
3857,2629
4463,2439
4723,1612
5464,2778
1639,636
2458,1493
992,825
2917,2007
2898,1765
2318,3176
3130,2300
5549,2859
3508,1694
4284,1915
5898,2481
5920,2240
4418,1915
5330,2963
4731,160
2964,318
3764,1125
109,1646
1365,2504
5393,1033
453,3176
1795,2088
1807,1159
4085,1705
2192,970
561,2709
4320,2511
3905,2269
4385,2906
5421,2300
3929,411
3843,2357
472,2637
546,2586
4574,1115
2748,2356
2521,3131
5558,319
5050,1044
2080,1668
4076,3090
1459,826
1803,636
3360,1422
3239,2593
469,87
2482,924
983,308
477,1668
680,307
2433,1971
4623,2670
1770,1627
2556,92
4259,2393
3447,263
4978,2080
1747,2397
5169,2614
4384,1341
5702,3077
1980,2376
2001,1001
423,92
2472,2838
5845,1668
3586,2300
2519,1341
3269,2593
2099,755
3324,2300
5387,972
1937,2679
1988,924
2420,1335
3659,2778
5128,2963
5830,2481
4852,813
547,2006
5273,2563
3399,2824
4548,1341
441,267
4980,1752
570,677
3759,2578
3484,2373
2018,1705
4659,2111
1749,2978
2148,997
3457,1489
2156,2578
301,2889
275,1668
1008,1253
5545,1157
5414,2394
2998,386
548,514
5888,1496
4162,1655
5234,706
2763,2963
5289,413
2773,1207
323,1335
2635,2963
5125,1702
2437,2978
2872,2906
3412,376
5585,2626
3281,859
5884,973
755,965
5335,1697
5049,1865
701,1668
4106,972
4940,2861
3130,1629
513,2371
1934,822
4138,1419
3582,972
1782,1182
727,2300
660,1078
786,1217
853,2439
5199,1809
5495,639
128,1217
472,1027
1050,2953
5119,1291
2528,248
2975,1691
5136,706
2328,1880
934,2778
5289,1702
3964,2959
5027,1702
4485,187
5607,291
335,1695
4046,2769
5178,1871
3072,2563
1198,2824
2676,2563
2282,192
4536,152
1062,2963
3113,120
676,1207
2629,1993
5289,2641
4468,957
75,2495
4227,336
3874,972
2776,700
1050,859
5668,2637
5229,1809
5525,639
2364,1695
3102,1624
2553,2348
2591,2640
5166,706
4634,845
1351,972
3225,1465
1485,1726
788,2552
1977,2188
2056,2481
2708,192
2451,1290
2826,413
4378,101
2917,531
100,1397
236,2978
4651,1953
2913,3041
2003,376
4473,2590
2322,1819
512,1341
3607,1917
255,2439
4679,214
2965,2450
3746,3015
5023,778
1688,2435
2474,2590
4926,845
4986,896
2625,2759
3779,1620
525,987
3140,172
1509,1157
1292,2620
1562,2481
1875,1480
3484,1702
4578,512
2083,1429
1687,1429
4378,1390
4765,2590
1506,859
4969,1831
2928,2918
5540,2586
1536,2199
4081,645
842,290
589,2850
697,1629
2244,973
4133,2498
4150,1913
5888,825
5924,482
5079,2376
3890,296
2222,2877
689,987
2198,39
2506,192
3180,2580
3889,825
5425,2232
2990,1702
3100,2062
896,1465
4497,681
639,2563
5892,2637
1494,3077
687,1291
1628,3077
2311,855
845,187
2460,2641
712,3041
583,187
2255,3175
2668,2590
4399,523
5692,482
2127,1677
3739,2170
1614,1866
1228,110
3981,1703
4020,877
1010,2102
5303,148
5117,924
1065,2563
5523,2366
4174,2283
5948,852
4910,1385
2735,2472
4509,1041
629,3164
2764,958
221,895
3540,1179
5715,92
331,1255
5763,1072
3488,2709
805,357
4346,2740
4800,2910
3404,2981
4973,2838
5054,1514
2273,2791
4119,482
3857,482
4285,1683
4053,2114
5183,2833
5543,924
5837,1371
1702,2975
2722,1082
3113,738
5733,267
327,1671
1975,101
366,845
5772,1915
460,480
940,1871
1196,1302
4666,1001
5132,2494
230,957
5882,740
450,3175
4154,826
1019,3103
2454,2206
382,1728
3625,482
1925,2616
1118,830
5311,924
4915,924
3481,3177
4586,1422
2680,2145
5333,2376
835,892
1716,2627
546,789
140,101
2843,1385
5804,1207
528,1903
841,148
1999,471
5808,2080
1176,2124
439,1831
1563,1072
1332,2637
3247,3131
3860,1668
2421,1103
2832,2889
616,969
5353,2439
2639,2494
1882,825
3148,2371
4282,2300
2532,1873
352,2616
5352,524
3975,837
3266,148
4515,27
838,789
170,101
4392,1125
5094,1397
5564,1346
5834,1207
1780,3177
5319,1515
5482,1
1903,1298
1913,2740
4045,1017
5244,1341
5779,2439
2735,862
1004,677
307,1503
715,574
2573,2032
2955,636
1396,3187
5303,1921
5367,1182
5437,1921
4809,2352
5540,1110
1820,482
440,2032
1221,1843
2300,1873
3372,924
3943,1679
5011,1520
5190,2983
3545,852
5453,1865
5787,987
205,445
5854,2963
2364,2797
3431,1504
1414,3177
2825,1694
5132,2978
1152,3177
2859,524
462,2730
1035,148
1697,267
1344,903
5021,895
375,1041
2935,519
3267,2978
2866,2634
1971,1001
4270,2424
326,2842
436,2448
4216,3127
5214,1475
2251,826
5257,2111
3140,924
2808,185
2823,1217
5204,2450
839,2838
3752,1680
3850,2023
5789,3103
3182,1335
1444,3177
1578,3177
3992,386
5575,2393
487,2386
3682,160
4587,2481
5767,2563
4153,2963
4313,966
1030,1093
4710,602
4851,1773
4770,2373
1215,92
2397,1001
2896,2634
4508,2373
2639,2978
3768,2563
5153,2111
3513,1290
579,1571
3578,2439
3709,2922
374,2859
4856,3056
5847,987
136,1001
5800,2861
4857,248
5538,2861
5698,1291
2346,2352
94,1529
3060,1695
3927,1280
1384,1217
577,185
3254,248
2992,248
4169,813
3659,1465
4779,1496
2716,2824
4433,859
379,1109
792,524
1136,1088
3041,140
3865,1341
4171,859
3529,1392
4255,1496
4391,3077
3472,2578
5194,957
5273,1250
5743,1953
4485,268
5028,1419
4734,972
5346,1728
3859,2435
1206,514
494,308
917,411
1743,2439
1335,924
3661,2450
3804,284
5065,1486
1577,2901
930,3090
1508,852
3354,987
4221,572
685,2505
1714,920
14,2300
5919,2529
4592,2959
60,201
2088,2824
3700,2563
639,1571
3970,172
4824,1804
1294,2963
3502,2578
1230,2978
2307,2373
3692,1921
5939,148
1634,1341
5383,2707
1704,2080
4390,1697
1773,2439
5405,214
4071,1917
3438,1250
3918,2641
1196,1115
3181,2348
2618,3174
4867,2790
5070,1429
3843,2467
2594,336
4120,1055
4968,2842
5947,1702
958,2640
3716,413
3847,896
4112,413
3270,2578
2967,2769
3748,2580
859,2634
5065,681
695,725
2324,3077
2517,1028
5576,1385
5569,214
548,1429
1226,1115
2647,320
3855,2450
2669,79
3686,2641
3364,2590
4545,645
2961,1419
2667,972
5010,1913
1154,2178
622,1351
1811,987
2186,110
1974,1917
3478,2877
5570,789
83,319
2839,1429
4415,1703
1416,1397
1240,2861
3004,742
3716,1702
4093,1460
2525,2959
2057,639
4390,892
114,3015
2218,1496
3111,2302
346,140
2356,1460
3037,101
838,602
84,140
1436,1460
1875,2850
5870,677
1639,1819
3860,1831
3113,96
5835,2376
2435,972
3672,1780
2266,1917
5306,2032
1149,1403
3441,1655
5798,2494
5010,758
75,27
1114,2348
4975,1703
3252,2133
1925,2563
1197,1070
772,140
221,2481
1515,413
1570,120
1649,413
2050,757
1470,2922
1733,1804
3820,2590
5542,969
4329,2467
1211,187
1916,1696
5663,2427
4314,2344
329,2953
3947,830
3579,434
4644,758
447,3174
194,2728
3052,1671
249,2435
3912,2529
1448,2759
4717,482
4729,307
126,1281
3247,3078
5840,2504
1877,2118
5516,1626
5891,749
932,2842
5574,1042
1711,2580
3518,1097
2759,1045
2062,1871
959,1255
5379,574
675,1496
1891,1235
3854,2709
5767,2376
2121,1697
1725,1697
3136,214
3532,214
5901,2376
1589,2590
3776,574
5620,636
5778,1222
2815,573
1473,2415
5881,411
2713,2740
4320,2889
1610,434
4631,307
1716,830
362,1157
3667,789
2361,2288
193,1348
3785,2730
4473,2350
920,2616
1930,789
1272,789
317,3077
651,2199
2146,1353
2225,1646
3166,214
664,152
5296,1828
84,1563
3806,574
2276,645
4112,92
3563,816
3248,1744
1321,681
1687,250
727,2194
1455,681
501,1851
1573,902
3670,2376
2431,933
3259,1344
621,455
1065,2189
3348,2325
4468,2356
5884,1217
5898,1115
3045,826
1548,845
3874,2371
5505,2352
3571,2370
5634,1042
2516,482
5716,2572
4467,441
50,639
2863,2283
5676,3173
956,152
5300,2859
92,1804
2702,645
5217,2824
1557,2247
3095,2791
3131,2448
182,1697
844,96
333,1866
364,1179
2172,830
1069,214
4092,1668
945,2622
2065,2653
3063,1001
3445,1103
4488,1668
5355,1253
5721,822
2957,1514
4086,1099
3528,2269
3122,1581
4648,2300
2093,1668
3395,2679
1600,789
5695,540
4568,92
402,1821
1997,2145
2157,148
3683,867
780,461
5818,2825
995,2335
2332,903
2745,318
3804,2325
3857,1397
3093,1001
1343,574
3645,1514
4414,3008
799,1642
3667,1273
3383,1514
2972,482
2022,862
2653,1668
2635,308
4225,1042
3908,1335
1580,3146
2304,3177
2438,3177
17,825
2813,3054
1206,461
5447,2481
1760,1801
249,2114
1426,2679
3487,524
278,600
3079,3173
1883,2366
4879,2963
5736,140
2962,144
1289,1627
4419,2978
1361,1503
5830,214
822,471
562,1298
1706,1915
3745,1
4285,1443
4695,1341
5058,1393
1556,2910
21,2637
386,1072
367,830
2148,570
2070,3131
4302,2578
2421,1668
5007,2367
499,949
996,1001
2121,1376
4148,2111
4096,1921
705,825
880,826
4393,1915
4114,2500
1189,2335
3739,1125
4909,2963
4604,2327
4248,248
4795,2861
5858,2358
5051,1326
3991,1346
746,1765
5221,983
5818,2959
1537,574
3529,2978
2533,2259
4661,2080
4997,2029
5136,2373
5692,376
4160,1532
1586,2910
5323,2199
2453,2495
1684,1001
259,2586
925,195
2155,2838
3953,1993
5594,972
1172,826
1378,3146
3090,837
643,482
452,1668
352,498
1947,822
2012,1217
3507,1125
4305,1105
4797,813
3160,263
4822,2563
627,1642
2198,1572
2215,987
78,2366
4106,895
5166,2373
4467,120
1246,1125
1621,248
4608,1291
5811,3077
2562,2788
4124,3164
2221,2495
2264,3131
8,92
794,1001
4108,187
4648,1629
2561,2563
1365,1756
2800,859
2564,2080
4314,63
4813,1696
5496,972
4902,987
3532,27
2157,1921
4719,1280
5089,813
4046,248
563,2007
714,1422
4972,413
2580,2963
4314,413
4130,2578
1220,1001
3491,376
3692,2352
3360,1613
741,966
4958,1646
4581,1696
2860,2199
5405,645
4486,2590
465,2788
2691,700
5129,2467
3152,1849
5053,1691
3905,366
4782,639
3975,2825
1205,319
1905,3174
4890,172
3259,1157
4802,1291
1044,1125
2949,177
4253,2769
4423,706
4535,1701
1617,263
245,920
2458,879
959,263
3624,1255
5298,2626
100,2259
2311,1583
2755,2563
3548,2199
2314,1100
2097,2563
4279,957
4738,717
4096,1250
2296,1460
1283,2080
310,756
998,376
3295,972
5351,2637
170,2439
3914,455
304,2439
4712,435
2236,2348
4841,845
472,2023
2282,249
2788,2861
537,920
5411,409
786,1624
5643,944
502,1865
619,2450
2372,2394
1644,1655
5854,1918
255,1207
2230,998
389,1207
2027,3113
2417,824
2171,2111
450,2614
524,2563
2162,305
4459,901
4331,1655
2182,957
172,2111
4112,39
3244,983
5145,825
5589,307
845,110
4625,789
4699,738
2295,1773
2601,1291
161,2861
3341,1855
978,639
606,1033
5040,250
4219,2730
5310,1831
1273,1496
5411,2637
292,2563
2157,1250
2711,2590
5517,589
1964,855
3015,1281
3937,573
3880,39
5895,1703
399,1871
2651,1004
4614,2478
3284,2637
584,1624
4937,3131
732,1522
5558,2283
439,2209
181,1419
4205,738
339,2759
3572,825
2615,2478
5896,1524
1008,639
796,2446
2868,480
4645,2730
4194,579
584,2563
4180,681
649,706
1177,3077
704,413
5217,677
5387,2586
2761,1522
5901,2807
610,751
2506,249
4223,2448
5259,1088
2363,2415
200,1819
1936,96
745,1353
4456,2427
4922,1668
3556,2170
2307,39
4614,1323
4645,636
4151,101
990,1157
4049,1514
2645,2478
102,2415
2917,722
5511,3002
2820,789
3243,892
2558,789
1603,3077
959,2975
3626,2350
947,1460
766,2580
3166,645
4723,677
459,1871
311,2939
2066,1266
1966,96
2513,2709
2594,1385
3991,4
2296,1728
2760,2586
23,28
1294,1918
2144,2088
2235,2206
5232,1493
3057,2580
5390,2833
1768,2740
4151,1390
1479,2637
1238,296
5544,267
4582,822
1569,810
5399,852
4610,2089
1143,409
568,2164
1984,1025
2934,2365
2951,1780
327,789
3400,852
3754,2104
2340,1626
3150,677
321,2472
2453,1503
2754,677
238,717
5514,2495
2203,574
66,1953
1511,1744
5169,740
1650,2842
1380,2981
2202,1103
4805,1217
3143,2889
820,1072
1355,2170
5130,2505
2554,2494
2566,1565
1797,825
2244,1514
341,845
826,2580
3001,1493
5578,386
960,2580
4260,2622
1658,1390
3034,852
1036,2575
740,1493
5227,2788
1576,1765
5874,155
3721,1001
2656,677
1794,3156
1990,816
4867,1
1754,2791
3748,2824
804,2417
5365,1217
5117,1115
5738,267
1882,2976
2121,518
2623,1668
3411,960
5438,1695
4388,110
2215,1873
1320,240
4677,816
1700,461
3658,837
5428,2670
624,1668
2518,1093
5680,2891
5840,2614
4436,2824
1428,3156
55,2679
1815,1350
5031,1
1574,2981
476,2709
1142,318
5263,1290
4796,2578
1119,2586
2960,3131
3273,1376
1563,2068
2619,2838
4715,1458
5200,187
425,677
3075,637
4620,2352
4096,2352
2212,1925
2742,2679
1587,1873
1312,1668
257,2032
5818,2451
2793,924
4775,2640
2545,822
3369,2023
5924,1157
4267,3173
4480,248
194,1683
1493,3177
2945,1695
5474,1860
627,784
3323,1089
140,2386
5286,2563
4897,536
5668,413
5427,1290
3331,2670
5881,1460
2610,2910
1392,92
2682,2224
3002,1448
717,677
3372,981
3735,1033
4915,1115
5426,1819
3251,2906
5619,1460
3946,1253
5159,1475
1943,2824
5648,700
5618,1989
1743,2012
5079,957
2768,1217
321,862
4108,268
2160,2300
1810,201
3353,1089
5655,2029
3501,987
3103,160
4779,2358
5130,895
5436,413
2265,781
446,749
88,1041
224,2622
752,267
1143,677
5812,700
3976,1253
2613,1464
5089,305
2964,1
1923,1017
3189,2563
641,2910
4373,1855
553,57
2860,1341
57,2859
5272,2641
809,2494
814,2838
1110,1668
2450,3163
1576,155
5475,1280
5680,449
569,1
5051,952
5617,2861
1042,221
1487,837
1067,1217
4766,968
1316,955
726,924
3983,330
5160,895
5862,413
5600,413
4898,895
1720,2536
5941,706
4636,895
5770,824
5481,721
3342,1465
1284,3137
3803,2614
2440,2825
5162,187
2137,2824
2691,192
1743,1207
2820,602
1957,1136
2296,602
618,2495
5343,198
4768,1953
3344,2450
25,2920
5598,1656
2967,248
439,1217
28,185
1929,27
2022,972
2435,2639
3887,1157
5575,706
456,2352
1736,386
1793,920
5692,1291
4910,1255
5046,2082
109,524
2504,1655
1298,160
1038,987
2721,192
1941,2481
3631,413
3842,3077
747,57
2667,895
3844,1460
4089,1291
4238,3077
4252,2975
4787,101
1335,981
517,2978
4514,2194
2793,253
1055,1341
659,1341
406,895
807,1993
1626,2096
903,1701
3804,1280
5700,1532
2126,3173
2938,2297
1102,2850
3521,1157
1823,920
3041,1486
4030,280
5582,722
4305,2959
3192,1655
4439,2959
3584,193
5817,1528
1665,2963
863,1521
1269,2963
1324,2670
3399,413
1007,2963
4201,1855
3631,1702
5345,2472
5646,1646
2650,2769
2261,1496
943,2978
1676,2563
2440,2959
3763,1629
5836,2709
5421,2467
127,140
2269,3077
27,2188
2665,3077
3707,1697
3984,285
4516,1866
3404,1696
4731,1266
1673,1511
3631,2641
174,895
2127,1681
3235,2641
3627,1179
516,2352
120,2352
495,1475
1999,2435
3513,1831
4621,2791
968,1695
1405,1696
3017,2189
878,2933
2698,1655
291,3173
1232,987
2361,572
3491,1291
3560,896
4298,825
2110,172
3942,409
1430,413
1509,706
4207,1646
4219,717
1168,413
3102,957
3549,1646
367,135
1289,1871
1544,700
568,2111
1984,972
2187,3021
2380,972
2961,2415
3990,830
3778,2637
4040,2637
4146,589
209,2178
2112,1157
4524,1703
4066,825
2841,2498
3135,1255
4716,1873
5634,2709
1515,120
2401,2199
998,1291
630,895
5322,2622
4513,9
5313,816
3109,973
4402,2622
4736,2498
1057,1871
3311,1831
1976,1646
2917,214
2239,336
5098,2325
3961,435
1108,2590
3197,39
3788,2170
698,248
1751,2467
1355,2467
992,2415
5772,2269
5854,2833
2230,1913
4412,307
1915,589
1980,1738
4640,2386
5705,266
5915,1042
5257,1042
3712,81
665,2959
847,721
3537,2709
1237,152
5765,1448
5445,2032
1324,1060
3991,435
42,2953
5675,2494
1602,250
3016,2448
3926,1703
529,1728
2057,830
3977,1668
5799,1217
4782,2627
3715,1668
2894,738
805,845
5111,816
3010,1852
3776,631
1919,307
1351,789
1882,1179
2372,2504
4843,1001
3210,1159
2146,471
2822,2740
3476,2032
2254,4
3906,862
4019,739
4141,1668
5915,237
598,2622
615,2791
3285,1683
633,2616
1875,358
160,706
2840,2730
4829,3173
440,2975
3714,1042
1496,1493
797,738
5907,2978
5487,2392
2058,250
1662,250
2197,1348
3768,1278
1579,2467
772,681
4248,1915
2418,4
1943,677
3479,2838
5186,185
5349,1115
4642,1253
4081,2906
2840,636
3399,2320
173,2981
591,2740
3105,1873
3927,2439
995,1103
1936,2889
4350,852
2113,307
29,758
523,2047
4731,3173
299,2339
194,825
1398,1493
4058,2141
5450,416
792,1683
472,2267
3440,816
320,2627
1361,2365
4181,1982
1992,3171
4246,3131
3148,2859
901,1626
3905,2838
522,1041
4078,514
57,712
3804,1443
3587,2906
3816,514
681,2791
4635,1371
5294,253
2573,1581
5460,3174
3199,2797
721,877
4458,920
2532,267
1513,1042
1692,2505
2996,1125
814,1041
382,2350
122,3177
5681,2769
5473,376
3358,1514
772,815
2833,2824
5949,305
629,2981
197,318
3908,1392
4961,201
5238,2199
5835,957
100,2637
807,1001
1574,1668
208,2170
5796,248
4851,972
4278,1110
1714,924
5160,2481
743,2679
5294,2481
3692,986
113,2283
5362,895
3397,2758
3717,1982
2227,920
4710,740
4267,1860
2072,1571
5456,1496
4151,2439
873,2910
99,1072
4290,531
30,3187
3922,135
5277,972
3991,1403
1749,514
1823,1217
1630,822
1616,924
1299,1217
2106,751
1053,2504
344,1253
5296,2153
4597,2152
2857,2413
4758,757
1449,1915
4849,2373
5360,3077
4513,172
4308,1460
3888,120
3783,2578
3033,2080
2771,2080
5423,2086
627,1699
1398,822
4142,2861
749,376
1974,1921
5632,1671
2235,2450
1536,1695
1593,2983
3150,3015
5390,3077
1928,987
1596,248
1121,3173
3884,1290
2912,1157
200,319
5737,152
3636,1188
2328,1860
2722,1033
3935,1255
2066,1860
5399,1096
2909,859
2217,2029
3894,665
1351,602
4778,1917
4678,2467
2047,305
2131,1696
491,3127
1828,1695
2265,1696
4727,639
1857,181
5128,983
3281,3067
2555,2963
2808,1157
2656,3015
2546,1157
3766,2358
5306,2975
4855,824
4958,1703
4655,1702
460,781
3211,1547
2626,2614
40,1915
5883,1266
160,2963
1547,140
1576,1070
2042,2563
4597,1697
170,1207
545,330
2434,1855
2083,120
4632,2472
2637,1460
4671,1646
5175,1179
5728,574
103,2614
781,2300
2875,285
115,2439
4712,2586
5323,296
1104,2953
5259,2755
2576,1157
4398,706
960,3174
4608,1482
1132,248
979,972
616,920
1407,2173
4351,2580
5891,753
1544,192
1327,1655
577,1157
458,2963
2232,1532
1547,1429
2192,413
5344,1523
4886,645
3967,2590
5476,1642
4891,2709
5331,2981
842,859
1000,2199
4374,2190
4807,2981
2144,372
4055,1656
5607,1344
5540,122
416,458
2389,2620
3060,573
4648,2170
2611,2467
2248,2415
4603,2427
4818,137
5387,2509
4981,1821
5272,307
669,1281
1113,3015
2150,1291
1334,1671
2392,824
1991,480
2829,825
764,2080
1134,859
3682,1266
4439,491
5941,816
581,2373
696,3077
1099,1804
302,706
5345,4
5259,1950
2917,645
2394,2590
1974,1250
3003,1917
3051,645
1390,1953
1703,198
5483,877
5901,636
1983,2467
5369,1529
505,284
608,1917
4467,2889
5587,2920
4472,789
518,2963
3135,2975
1075,1568
1508,3113
2570,722
1928,1255
2714,2164
2726,1235
5682,713
902,859
3218,1697
570,120
2156,1082
5033,267
1815,789
5258,2637
3279,2350
4638,677
2900,1765
5582,482
1270,2194
1244,973
3212,2791
2601,2637
2966,1072
772,1917
5070,307
4502,789
1206,1620
5301,1371
3816,461
362,706
4801,267
4918,852
3588,1765
711,2580
1311,101
5867,1001
4838,1088
495,1235
1756,2437
1388,2041
276,1871
4106,2859
4601,2838
4680,3131
4353,2736
2407,677
4418,3131
3377,1703
2754,2478
4211,1340
205,880
4458,1217
1581,2032
1875,789
1999,101
4800,2674
5825,1125
1341,101
479,2580
2258,1493
792,825
3094,1765
1981,461
5002,1088
4100,2448
2560,1831
3288,318
4079,1571
3826,1125
5266,380
4268,2032
2764,1072
5357,498
2136,1503
2148,574
2192,92
604,2467
361,2709
3119,482
10,1728
5834,837
534,2637
2499,2494
2504,2838
4995,267
416,137
3160,1422
1341,1390
3633,1642
5288,2963
3318,318
5582,966
4954,1397
3904,2105
2075,1385
4838,1222
839,1179
2723,2360
3915,1705
1869,2448
5513,2300
965,2981
2133,2494
5462,268
123,2894
1947,826
5252,458
5062,2778
5348,920
1495,3146
4859,1695
798,1528
5452,2963
4989,987
2747,852
2458,749
1883,2504
57,1493
1272,2350
1313,2351
2361,816
349,2833
4341,1705
5545,2373
5705,376
5600,2080
1536,1642
3112,2670
433,1780
4812,1290
546,903
990,2637
2093,1001
632,677
4818,2044
1831,1001
2679,2788
3727,1253
4102,376
387,92
5301,700
3680,3127
4755,1695
4490,2178
4634,2866
264,2910
2540,2629
599,1668
5415,987
5083,248
2612,2505
234,789
3190,267
2171,1042
5607,1157
483,1493
1909,1042
5789,639
3664,1089
2232,1695
2967,1915
3717,2413
2225,524
2710,2259
3887,2824
2717,986
5413,1291
2097,1278
5896,2199
1042,144
400,677
1322,2413
2480,2736
4519,822
2017,1514
3094,155
2696,1048
5490,2450
2124,822
4849,1865
2380,2505
5002,2861
1609,376
5816,2620
640,514
5898,932
77,1340
3521,2824
3958,2825
2468,1571
3385,2963
3846,140
5515,413
3199,329
5119,413
396,1093
2727,2963
1552,781
3013,1105
4878,1290
5898,1871
5292,2061
1878,1705
2296,1464
5892,336
4768,2815
2385,755
4396,957
1815,602
5158,1280
1433,308
397,1668
271,2495
3683,2778
1153,1422
4255,2415
4267,1486
1776,2367
2161,2178
3455,110
5408,2394
5411,413
989,267
2556,987
5607,1291
3406,1157
5396,290
3013,2394
3333,1618
3765,2029
4061,859
1079,160
1898,263
1686,2824
2419,1655
3883,1496
4190,2959
5666,1871
3141,859
3284,413
3428,1855
3433,2199
5625,1281
1155,155
1509,2373
2550,2111
5263,1831
4297,1486
2456,1695
2191,2178
4433,3067
4710,1655
319,822
3877,2620
57,822
3832,1157
2008,781
5411,1702
3356,639
2432,2240
5823,892
2932,2563
4140,2441
1318,2963
5394,2472
5707,717
908,813
1467,2497
2498,1547
5070,2348
1121,1860
61,2634
5911,712
1437,376
5427,1831
4095,1917
1717,201
812,2044
798,2146
4179,2554
2828,2590
1321,1921
3074,1865
4724,2088
5068,2652
2833,490
4870,1913
5315,2529
3608,2738
2579,2825
5297,2889
2434,192
3358,2563
4053,1102
2205,140
3965,2975
4906,789
4956,152
704,2861
1315,571
3703,2975
2990,824
3940,2164
1727,2959
2305,721
2840,1819
2597,2061
1004,120
1083,413
4450,1677
3017,957
3464,1646
4801,214
4121,455
3254,2590
5591,1831
358,3163
2839,2348
3314,2641
5158,2703
3506,2811
1899,972
1704,2194
1206,1917
4002,1702
2365,2842
5620,1421
4369,2627
4250,461
5487,1831
4525,2386
1366,859
1846,1496
3408,2626
3420,1697
4929,749
1648,1511
851,413
1247,413
906,120
2050,737
3998,1179
1064,1460
780,1701
2433,2195
3068,491
3491,1348
3558,2570
4656,2842
4124,2981
4468,2791
786,957
3461,2637
3411,830
128,957
207,1250
1286,1280
5560,2494
3980,758
613,248
64,972
3508,1702
674,1655
412,1655
2609,327
804,193
1143,413
4618,456
1571,2580
2949,1149
3262,1646
43,1034
3670,717
4473,1041
4977,574
3299,2467
2996,214
2519,2504
3725,589
3114,435
3303,2586
2348,2622
925,2590
4182,1996
94,972
183,1953
2499,2791
4607,482
2645,2616
1626,2637
1096,193
1519,296
4986,2730
180,1655
4435,2627
5247,2505
4889,2797
2506,737
1976,1703
3803,2350
4796,354
2021,2385
1305,717
3867,830
584,957
3249,1949
401,1250
5310,1514
616,3124
2851,2842
1381,712
3382,2478
4803,1683
4851,411
5744,1217
3230,2838
847,778
5007,924
2063,517
2605,2786
4723,1165
2701,2494
3742,2232
3933,2766
2695,2679
4488,1298
2466,2627
2063,1456
917,204
1877,2232
2204,2627
3286,2366
5273,1982
5770,2788
911,2641
1019,1420
2091,471
2232,1642
1647,2709
2230,815
3025,1278
2595,4
867,1780
1789,1072
4330,308
2993,2494
5581,822
4338,1889
5323,1695
1271,1082
2496,2627
987,1323
4645,319
2900,236
3046,2505
4529,144
979,2371
1313,1493
3491,677
707,1683
1046,1903
1323,491
4979,2824
5763,2906
1188,266
1019,2709
1721,2981
3189,1278
3927,1207
5871,2439
1528,2586
2667,2859
5498,2114
1473,435
4637,3060
1354,3187
5077,2578
707,2622
1247,92
5215,822
4325,1253
5593,1182
1804,1703
5608,524
3860,924
3598,924
2517,821
4886,2983
5268,833
5681,248
5285,248
139,825
4182,386
5772,366
2688,1642
2089,3003
583,1216
366,2679
1877,2366
5891,997
5500,1341
3320,2084
5247,895
4906,602
2855,1001
1277,92
828,2740
5623,1182
430,1913
2023,1602
5706,2348
4801,27
1227,1668
4080,267
3911,458
270,877
5600,2861
4327,144
550,3146
5906,1655
4777,2824
3710,1865
3648,987
1406,852
2445,3173
5683,1583
3911,1397
3453,519
5533,2578
631,1041
3984,155
116,1349
5809,1695
1776,570
3245,755
3804,2439
3935,2922
1734,2788
3542,187
5474,2348
4421,1849
3021,2178
1476,1217
822,2679
2398,2953
1125,236
4196,2670
803,185
4151,1207
863,236
1654,1489
1587,267
4323,1691
5703,895
14,1422
1733,92
1542,524
4669,1547
820,2983
4397,859
952,2910
4293,2199
3754,1921
3434,253
3778,63
2864,2352
2231,2439
4791,1917
3595,1110
4529,1917
1311,2439
4305,2963
325,3162
1299,924
3625,2450
655,822
3248,248
5266,1429
801,647
5431,1496
112,3054
4102,1291
2440,2963
4140,1583
3699,120
3733,2922
3991,1460
1303,2736
2774,1496
3999,3041
4990,972
1726,1341
5948,2365
1149,2269
2405,3127
2458,2953
3917,2450
3817,1280
1269,873
3547,1419
4297,1917
3058,2194
1227,3091
4460,1157
4243,2620
5322,2842
2366,920
1970,920
3412,1002
208,1422
941,253
1784,1696
2083,43
3310,2415
5043,983
1935,1865
2833,3015
4679,706
2208,2963
2461,1157
1038,1125
4270,2164
1684,1465
2119,1393
4354,357
4856,1507
5632,1728
1568,1290
2745,1855
2029,2439
1232,1341
3569,3056
4327,1917
5468,573
72,1911
1937,2850
3833,2348
1605,2111
880,135
4180,177
255,837
2724,1917
4114,1809
623,2953
1342,2640
2462,1917
2863,3015
4031,1774
2205,3015
2491,1157
3272,968
4156,722
5534,2509
4290,722
1714,1465
5009,409
2617,2959
4700,2283
4750,1646
2580,3077
3724,1250
3839,1954
1936,531
3882,2590
227,859
1550,2939
361,859
70,3127
4583,2637
2358,1917
4968,4
3390,3067
4811,2272
2230,1917
5914,636
1077,248
2254,813
5865,1683
2017,2563
3827,789
2461,1291
4302,1082
1492,1429
4016,1250
3293,101
2369,1702
1973,1702
4234,2641
404,155
4822,2811
4421,2467
314,1393
2516,409
2590,358
21,2080
391,859
465,808
1600,1871
3763,2467
2008,1696
5441,574
1894,2348
2570,645
4225,1774
5359,1703
2081,2174
1370,2348
2160,2467
3638,2206
5071,482
2211,712
4377,825
1273,2415
3109,2616
5217,307
3243,2616
5502,2920
1006,2825
5892,1385
28,1157
2199,2580
2137,1702
210,639
2891,2164
4040,681
3884,1831
648,1804
2148,1302
2218,2041
3987,266
4727,830
3851,1159
1798,3175
5774,1514
1419,2590
4064,2206
1983,2174
417,336
1303,2415
4271,964
3163,4
5393,1822
2488,589
4520,1668
29,1917
2866,1703
3487,101
5939,1766
2229,2580
1967,2580
5231,713
955,2082
4646,1780
1796,2698
2925,2283
4716,267
263,808
3656,1041
4062,1729
3394,1041
106,824
2107,2590
1845,2590
1809,681
711,409
3085,471
872,1266
2546,2637
4158,2376
4516,2838
4254,2838
5897,924
1950,1071
881,39
3230,825
1614,2842
2870,482
2634,1703
1006,2959
538,639
5880,2448
2633,2232
4880,267
1607,1082
260,2580
594,1702
1256,101
1798,2370
2046,2472
2596,2350
4205,852
5922,2859
2069,2833
2601,250
467,1338
159,993
553,358
5181,2824
1879,2709
1184,1918
788,1918
1218,748
3525,2032
194,1179
1789,1503
4041,3080
2348,3187
3053,2976
150,2570
2998,825
3168,482
4009,1852
3386,2627
810,2616
4062,924
2656,307
2069,739
3657,3090
5605,2778
1859,1683
362,1702
3395,3090
331,137
2643,1765
2619,1179
5250,1089
4207,524
3830,574
1748,1852
2171,2709
4420,1571
4437,986
247,409
1221,2335
1508,2365
4838,2084
5423,1017
2709,1072
2566,2484
3977,1001
4789,3131
5059,740
4484,2495
3715,1001
2137,92
2970,847
370,250
3064,482
5340,201
345,2637
3277,1529
2513,379
1618,2910
553,2586
157,2586
768,296
2745,1668
2960,1822
3495,2920
4075,755
1786,2494
2156,1273
3909,1217
1872,1514
4171,1217
5437,319
4055,1042
5468,386
130,1702
4309,2090
109,825
5414,1089
5663,73
4770,987
1831,924
2767,2366
4630,2670
5566,140
2343,318
2116,1093
4096,1982
3072,2413
5240,155
4844,155
5438,2614
2903,3166
1356,816
5119,2080
91,2124
4210,2269
1982,2032
3181,2356
2775,1668
247,2637
4320,2629
1350,1001
3874,822
5772,1147
5889,1732
3175,1787
5394,972
1328,461
3,964
560,1821
2769,318
4859,813
2717,1848
4263,1
4884,2563
4798,1099
1224,2740
3144,2824
1974,986
5897,253
1750,2032
3749,3163
1557,1637
3071,1787
3410,1253
4850,700
3284,2080
3258,859
2554,514
4572,1695
1215,1873
2433,2439
4193,1110
1712,2679
5439,1280
578,498
2295,2505
5,636
2840,319
3721,2054
887,1253
228,2371
166,1493
1701,1766
3005,386
1100,2300
563,1129
35,2730
2516,1161
3062,920
1915,1695
4135,2825
2803,2157
4169,1655
5217,120
461,852
5769,3077
4955,120
2717,3137
4719,1341
1314,539
2157,1982
4589,1460
3576,2080
5014,700
1571,2824
3684,859
3754,2352
4172,2111
1701,2116
4003,3056
5039,1696
1341,1581
4724,372
1857,2629
312,1668
2327,2578
5212,1624
4947,2861
5186,1157
2116,1577
5764,639
2830,920
789,2007
2200,524
452,924
2993,160
3129,987
1267,319
3330,2963
2686,2861
3374,2481
5482,172
5685,2975
2691,761
657,3019
4623,2922
1574,1001
4370,2476
4364,187
1926,140
1289,1017
1934,1
2022,602
2724,120
5487,2209
4105,2178
3482,2953
5261,1866
4201,2640
476,1668
1971,822
1575,822
1654,1115
4309,1419
4937,2708
3357,972
220,924
1940,2640
3461,3015
2024,833
5522,2580
5912,1045
3109,2563
3405,1393
5650,1045
502,987
1591,1705
2847,2563
5402,1697
2754,120
837,2963
3440,3077
3378,2199
2313,2629
2108,3163
2657,187
5138,2590
5117,1713
4396,1953
5473,1348
1087,859
3563,2918
4643,1830
233,755
331,2044
2244,957
2531,987
3142,2861
430,2023
136,822
2727,1865
4570,39
5186,1291
5337,706
5156,2580
2231,2415
1171,2435
2852,813
4108,1671
5593,137
763,920
536,1695
706,386
1981,1486
4247,2769
4538,1255
1012,1624
3187,1291
1129,2963
3992,1496
3011,2563
3739,1804
2942,706
5470,1235
3403,1855
2295,895
459,1448
2656,120
3007,1855
2833,1702
5168,2590
228,761
4309,614
5256,717
5748,1179
5825,645
881,2080
1934,135
3916,1851
3885,286
359,1217
2012,957
2213,2933
3333,2964
3545,1157
2662,2759
3278,813
136,2111
3369,177
4924,2580
607,1696
927,920
4965,137
1467,110
1656,3015
3707,172
4199,3078
4973,2472
3507,1804
2431,1291
2863,1702
621,813
301,1397
1204,639
5464,2709
2590,789
4746,214
4878,1831
766,413
64,895
1024,2923
1172,1855
1707,2953
3546,1917
5762,717
2522,2348
4511,2791
3184,2467
4199,984
4321,1913
4753,2324
157,305
2163,2415
1800,2363
5250,3130
2311,3067
4735,964
1285,1917
2326,1655
5700,1646
4619,789
3726,1703
921,2394
2063,2184
5358,1128
2075,1255
1283,2975
1269,3077
5667,2637
851,120
455,120
2012,152
3533,1281
5142,1503
5028,435
5424,435
2705,2590
2617,491
5700,1996
158,1819
449,305
2861,3103
3346,2586
5555,329
4163,2616
3695,296
539,2450
919,1917
370,2641
4847,2494
3890,1703
424,2877
3719,1821
305,1465
3600,409
4426,2437
4892,924
3558,2627
2445,1323
2378,101
3207,1646
1581,2975
5538,1072
3449,1179
3533,2570
522,187
3977,1298
940,700
613,305
3705,610
427,1081
1261,2970
4974,2427
5105,2910
5466,2889
5139,2494
4411,1001
4607,2633
3072,2360
5648,2371
128,1953
4615,2494
5386,2371
5732,3008
4290,482
3283,2580
1366,2205
4508,1873
3279,2838
918,1291
1331,706
5696,318
1546,2580
990,413
3325,1493
3459,1493
4493,2504
3224,2350
3095,250
5681,1915
4141,1298
815,789
553,789
1372,1646
3600,2637
2566,1626
4813,2859
4973,862
1416,1918
1084,1179
4907,2494
3393,92
84,1250
4993,1514
163,2297
5208,1668
1013,2467
2346,2791
1107,1348
1950,2791
3662,482
4058,482
5427,1217
1361,706
3533,1765
97,2616
3727,318
845,789
1211,358
3861,318
583,789
5445,1207
4581,2859
4471,1001
5596,1376
5770,2495
3132,1606
2430,2088
2034,2088
668,2590
568,1420
4209,1001
5489,1
5678,2906
1910,1298
781,2467
5351,2511
1094,712
2049,2396
218,1041
5920,2439
2501,1739
2222,2324
1778,1344
2678,877
2687,1340
3941,2125
2974,3090
2258,2920
5871,1207
747,789
1600,2920
5520,226
311,1390
1042,148
1668,3054
4421,483
780,148
4612,1017
5675,514
2872,2032
427,2504
1368,1072
745,1093
798,3171
1175,677
256,2622
595,2088
3141,1668
4898,822
333,2842
4421,1422
3113,1340
5298,1695
5031,1351
915,723
2885,924
3138,3090
3716,852
5626,248
5763,2963
79,1390
210,2627
4296,2824
1206,148
5440,997
5579,1341
5057,2922
2404,1001
1089,2946
5062,822
5010,2352
4251,2300
1308,2495
3789,1680
5592,987
2827,2797
695,1514
5920,1984
2252,2300
505,1390
4190,2963
4871,2358
798,2366
566,2797
645,3090
805,1093
867,1971
3532,2963
3914,813
4198,572
1107,677
5706,2405
4644,2352
1318,1089
2199,2824
2471,1068
666,934
4155,3127
354,1571
4417,3127
1063,570
4470,2199
4618,1131
209,2910
1472,2495
5028,248
319,826
329,1514
2645,2352
2400,1767
5031,1485
3458,920
2460,2572
1696,1422
4946,3067
3702,1280
4578,2671
4827,1655
5223,1655
3958,2963
2158,3173
3944,813
2130,1125
1855,920
3682,1567
4157,1860
5924,1702
4681,2769
3969,2563
3707,2563
2420,140
3640,1341
3676,998
967,1397
313,2859
599,1001
4969,957
4260,268
337,1001
5583,2348
5662,2641
5748,2415
5352,2415
5868,2709
5486,2415
2062,1371
2843,1182
4338,336
2584,3173
4975,2842
2248,972
3065,1002
4980,1496
1000,1695
599,1351
3266,2978
3598,1465
1473,1915
2696,2825
2295,2481
3388,1655
3899,639
4119,413
1727,2963
4332,1460
343,2859
2344,2373
5370,2590
260,2824
1178,2906
1383,120
2885,253
2398,1855
3466,1696
4290,645
3526,249
3223,248
953,1475
153,1422
2016,972
170,837
5168,2082
5371,721
1391,920
1635,1280
3901,2563
3832,706
1361,2963
3887,413
1858,3015
3491,413
91,3173
3291,1291
4694,2199
3857,1702
397,1001
4934,1097
2876,2769
5488,2437
2403,859
646,1705
2167,2080
3244,1475
2757,3077
5558,1486
1244,2563
1910,172
845,602
3933,1697
1285,120
4320,645
5292,1744
522,2578
2819,3174
469,1254
3144,490
2533,336
1497,1696
1817,920
4993,2616
1927,1280
2209,212
4931,1738
3788,3
992,248
2174,1157
3652,896
1673,2861
4142,2975
4211,2580
3625,1702
5335,2730
1570,1393
1207,1341
1603,1341
2463,2199
3903,1646
4225,1697
1315,120
4746,645
5737,266
5112,214
1624,1629
2801,2194
4919,573
5053,573
5194,2498
1374,700
1923,1696
4662,2637
3375,214
197,1855
1661,1696
2437,1917
4340,2586
4421,296
2175,1917
3816,896
1307,2861
211,972
894,248
4292,825
2535,1671
5496,1493
5548,1683
1680,2877
2762,2616
4212,307
1820,413
913,1429
5918,435
3528,614
1305,721
3913,1179
3939,148
5639,2740
1941,1871
3763,2174
494,2199
690,3077
2467,1917
5507,2032
4399,1072
3984,830
1577,2348
1219,2640
439,957
919,2348
966,2194
5761,636
1848,2811
1480,2415
4718,825
2242,2738
1230,1486
4705,1529
2816,758
4039,1668
5861,1217
5639,3090
623,2205
2221,2800
4339,1179
3320,1954
2229,409
868,1255
4287,2709
3065,681
1721,1696
415,2441
0,2199
3183,2622
3878,969
5939,2978
3700,2360
4748,825
2652,2205
100,336
5076,1822
4465,1668
4069,1668
3014,2032
2209,1635
2188,758
3511,2838
4956,185
2389,290
3170,101
2225,825
3137,1873
458,983
764,1255
3233,2335
1775,1528
4067,1780
4072,2124
3382,1677
775,101
3473,1041
2313,645
1394,2590
1230,681
3964,2032
5476,2842
2286,3171
2625,2637
3714,1103
4099,1668
3932,2494
3541,2838
4973,2232
5031,1648
3670,2494
5248,185
5251,1422
151,2344
1634,2427
517,1913
2122,1235
3636,631
3715,924
4734,903
2376,2283
4093,318
4489,318
4743,1366
77,2580
5810,73
4387,41
1176,1734
5099,1001
4030,3187
3677,1571
43,717
430,1917
1125,456
2278,435
1966,1072
2603,195
844,214
5758,822
753,2570
4001,1668
1415,969
5051,960
5837,1115
210,830
2002,1668
2311,3177
1070,2627
4365,1571
5593,2825
3707,1571
4889,2480
2198,267
2065,677
2046,435
4362,1273
750,2622
2199,677
4148,1
2114,2259
574,1642
4270,1684
3991,2269
2394,2838
317,296
4171,924
2832,2283
2324,3008
72,1431
863,2684
2919,185
4180,2141
5794,2707
2079,3177
4323,1695
2081,1560
632,307
5890,725
3876,1915
5882,1773
4058,1397
5247,1033
5185,155
5897,1115
2755,2413
2091,3187
1695,3187
3187,2824
1000,1642
2144,2259
4336,1341
4367,2906
263,1349
1139,2740
4799,2563
4923,155
5038,859
5330,2199
1069,2910
2062,1668
2196,1668
1785,636
1239,877
1844,2906
3214,1422
5920,2415
3320,2572
5937,140
969,2679
1678,924
5071,1157
1769,1042
5015,1033
4619,1033
5593,2959
169,3003
3017,1258
3842,1341
2433,1207
5167,1804
4215,2111
801,1001
5918,248
168,1088
178,1776
2819,2182
5515,2487
551,826
3977,253
1898,1048
4993,1624
227,1668
4452,2963
1799,1042
2024,2850
5868,2790
4968,813
866,837
5437,2195
258,200
1514,1058
3417,2481
2453,2963
4583,413
2587,2963
4970,859
4383,1291
3182,140
5524,2199
1857,1397
4534,1460
2392,2495
1284,1535
1996,2495
2732,2563
2336,2563
2656,1787
5932,681
2038,2906
128,1258
5018,1280
663,2356
4457,2933
1936,2629
687,498
4231,2590
129,1668
3687,248
3534,972
5462,1671
2866,284
4144,1655
1883,524
5427,2616
3457,725
1423,2983
3013,2963
3319,2481
234,903
4692,706
2606,330
218,2090
2157,2978
5794,1097
3289,2080
3743,1496
4472,1871
102,1915
2762,2563
4763,357
1879,1
1022,2824
2765,2080
2507,1290
3288,1855
2897,2199
2966,1804
4752,1696
5948,2503
2630,1855
1916,822
317,3008
766,2080
69,2906
2230,1921
4150,2759
177,2439
2644,972
3895,1486
3668,3015
4268,536
5481,758
1243,3173
3034,1157
5398,2975
2313,1397
5009,1702
5143,1702
2641,2394
748,2413
4855,1235
4502,1871
5772,2627
918,2824
2398,192
1274,1705
2456,2614
2778,413
3165,859
3748,3129
5032,1871
718,1258
1475,1429
5159,1646
2717,212
5695,1626
4284,1419
4029,2590
2341,3041
796,2080
3045,1696
4459,2174
5472,830
2901,1917
2956,1624
2352,2641
2639,1917
127,1921
2278,248
5287,1050
1620,248
2585,2620
708,920
2652,2152
4577,2580
5701,1821
3118,639
215,987
2560,2563
3250,758
2546,413
4108,789
4927,1646
1197,330
2831,3026
536,813
5323,1646
5693,1179
90,2978
5112,645
3708,855
4601,2415
695,2563
3895,681
3537,973
4418,2708
3955,1486
3680,1281
5764,830
825,1855
3022,1281
1299,957
5578,825
1077,386
3580,2740
3840,1913
4912,964
4910,137
144,181
5897,3022
307,1865
4925,2889
5565,2283
5303,2283
47,248
4212,738
3204,1702
5817,2504
1032,2306
2527,1460
2138,187
3757,1097
1990,1255
190,1465
262,1341
4823,1831
5191,2981
2696,1646
860,2199
5571,4
4962,677
2546,2641
3680,2570
364,305
5608,825
1230,1917
1574,2481
4929,1668
572,1917
522,110
2740,413
4698,789
3016,2940
342,2394
134,1
3119,409
4234,96
4731,148
1823,152
1348,3077
4958,1093
5259,267
5453,1072
126,2769
4198,816
2036,2138
2488,3171
711,2641
814,110
1022,2503
2285,2842
5301,2371
2183,845
636,2467
2406,2580
3244,1235
384,1465
778,830
3899,2627
3503,2627
3582,2920
4945,2709
2746,204
2885,1302
1075,824
2506,717
575,2164
2748,250
3966,816
1922,2386
2120,681
4434,692
1416,336
2835,2878
2857,2637
4822,2494
2876,435
4512,1514
2832,2580
3145,825
3694,1821
779,2344
4064,600
5483,1422
2754,2889
5342,1217
751,296
5001,924
302,2190
2862,1668
1100,2170
4393,1041
1542,825
3431,2350
3885,1766
2185,3146
4217,2505
989,3093
4513,1335
643,1702
4750,524
3955,815
1613,2920
1458,1851
4588,2448
1902,579
921,1646
2399,1385
5014,570
320,2180
5098,1207
4520,1001
1149,1281
4698,1273
5513,1422
5293,924
2111,1103
3747,2182
5772,2090
1238,1703
3910,1422
2380,1493
3595,2350
5806,920
5243,2500
1999,1801
4597,1571
3484,267
5392,1280
1035,2283
2582,1627
2375,2088
4940,1910
1996,1503
3892,1001
5434,1
2519,524
3259,1088
60,1852
1925,2791
2601,1088
5323,2614
5636,859
887,318
1565,4
5469,2439
656,2637
5075,822
2141,1103
3022,2838
759,1072
5255,1921
2660,1668
2507,2392
1772,482
3480,3127
2800,924
2516,1165
632,738
1829,2679
2944,2366
5678,2963
2945,524
5464,1
5749,2614
362,96
1991,2448
5427,2563
251,2709
5413,413
2949,1397
1137,92
2735,3131
4631,2629
4003,3060
2905,2788
1661,1001
4581,822
2545,1
2734,2906
3782,1371
2400,1340
4585,1695
786,2494
1087,1668
851,2889
5173,1865
2382,2454
2110,1766
3319,2778
1576,1078
2221,816
220,3022
4585,2634
4375,2824
2396,1571
5390,1341
5517,2614
2143,1125
947,318
4536,1429
57,749
100,1385
136,1042
5394,1460
2856,2495
2572,2736
4690,1115
263,625
5161,700
3461,2080
3936,3127
3540,3127
4151,837
1570,482
3901,2352
5011,1695
5335,1819
3323,2146
4021,956
593,1668
343,1493
501,2079
1585,201
3223,1915
2961,1915
3355,1280
3840,3015
5473,413
5869,413
4905,895
5948,706
2965,2788
4207,1496
561,1571
1877,2480
5874,1696
2252,2357
5755,284
3826,1804
4514,2178
3208,2923
228,2859
3170,2439
4800,320
4073,2435
3104,1819
1965,2300
3890,2728
5368,23
5679,639
4528,3015
5830,54
4223,2379
2277,320
3903,2963
2841,2348
4935,895
1215,267
4749,1671
2075,1125
4131,2790
5241,413
96,3090
4895,1496
5576,137
4010,2271
992,1915
3263,1290
1728,1017
5885,1646
520,2859
857,1690
2237,140
3851,1460
4740,3056
5255,1250
2534,2578
2255,3163
2668,2578
2885,1115
20,1001
3396,1819
4192,972
666,1341
1048,1443
3658,284
5879,296
3732,987
2703,320
397,924
3119,2450
3895,1917
987,1921
3153,1280
2518,540
4161,2790
3844,639
5922,1871
3742,2614
5,319
2379,2825
3802,413
3406,413
4027,2975
1286,1207
1807,155
5428,2467
2921,2061
538,1
2214,2199
3556,357
696,1341
5562,2467
6,140
534,2511
4187,1917
716,1993
4350,1157
5346,2842
2708,1953
2028,2194
4547,1671
115,837
1744,2435
1675,386
940,920
4476,2959
1126,1110
2805,2825
35,319
4305,3077
3976,1855
645,248
1312,1465
5689,148
3261,3041
2566,1496
5945,1831
5549,1831
2440,3077
4427,973
3441,1696
860,1341
4375,2503
1314,1511
4308,1281
2847,957
3327,2348
3084,2590
5054,2791
919,1921
3230,2415
1905,2918
2572,2415
3725,2394
2735,1655
1183,2933
1470,2963
5162,789
960,2861
2431,1429
3935,137
5798,441
5478,1025
1615,2563
825,192
2208,3077
5067,2622
3095,2348
120,376
3229,96
254,376
147,2199
4,201
3949,2637
4310,2616
1012,957
1079,2933
2560,2189
3310,435
1648,2861
1142,249
1882,813
271,3174
3855,2975
3602,2529
5588,789
5426,461
737,2415
1843,296
7,849
2409,2959
5883,148
1409,1532
3628,717
4221,1231
3574,1420
2540,409
2951,2195
4076,2570
4386,1298
5003,2206
1054,2472
2408,455
3743,1606
1859,1179
1850,1625
1936,645
1788,2467
5857,3002
522,1830
5727,924
4187,307
5806,1217
1286,536
2499,758
3722,1668
2079,172
3748,2889
1874,706
3534,2371
2285,240
4623,3089
5258,1385
3308,2590
3836,2709
3817,2467
4006,2366
4293,1642
1707,1697
5618,2859
5165,2325
1915,1646
2639,1677
2703,938
2651,748
5856,930
2542,1744
2153,471
2695,2740
3168,2206
88,972
4100,2940
3847,2494
1365,2118
4753,2007
4756,1524
2,639
3532,2833
3682,148
2133,1697
5648,2859
2750,2797
4490,92
2626,1041
4142,1072
5124,2859
664,2421
3030,2622
3002,574
4497,482
2919,2791
1986,2586
2989,2032
482,1626
2789,2910
3782,1668
4849,1873
5401,2578
4857,236
3871,205
1120,1913
2909,1514
3501,3146
524,2791
238,2205
3846,148
4837,1489
2667,2920
432,758
4508,267
5346,1366
2670,185
5801,2670
2503,1765
5944,2978
335,825
5074,2341
3622,1571
1746,1005
2076,2637
218,1179
1322,677
1303,435
3550,1668
4212,1787
4155,1253
4630,2300
292,2791
4368,2300
4702,1422
4764,2300
5700,524
1902,205
4639,1073
2944,2797
3880,267
5208,1001
2128,3177
5696,1
1429,924
3662,2259
4121,329
4374,2495
5461,2578
4766,1033
3976,1668
2947,1001
369,2637
3278,2269
2605,1237
1989,739
2111,1668
3458,924
3475,339
1042,636
457,1703
5381,2999
133,825
2158,3177
4006,1695
3207,524
4083,1915
301,409
466,2920
1371,2797
2307,267
4075,2963
5892,2922
768,2504
5625,2578
723,1041
2977,1001
5895,187
5463,1496
1211,41
3465,1
2608,2824
4086,2563
4146,2614
5449,2352
4554,2439
1293,2325
1014,2910
3626,2578
3364,2578
3369,2922
1530,1514
4582,700
2076,2182
2140,1443
5732,2825
345,307
1568,1217
1635,2439
2962,319
83,307
1306,1217
3137,320
4245,1280
3572,248
4501,2963
5427,2189
5590,1429
3310,248
3754,1982
4674,639
4698,1033
1372,524
4381,2080
1456,1915
2638,2824
4116,2563
4512,2563
4484,515
4553,120
4885,859
3625,2511
4322,2439
2045,2495
3404,822
3846,1921
4612,700
5818,2195
1915,2614
1485,1340
5407,110
172,1668
4967,110
1257,924
2654,2953
2993,3173
3998,248
2594,458
3244,540
4113,2450
4531,2963
1936,458
91,3177
1882,1915
4442,639
1536,524
5426,1563
4328,1291
1874,2963
4753,531
5465,737
2072,2978
2808,2080
1395,2736
3957,597
2341,2614
393,482
4271,1696
3173,2178
1485,2629
3307,2178
1366,1217
1910,1115
10,155
1173,822
1569,822
3964,2707
920,376
4535,1742
3258,973
3504,248
1835,1695
2559,972
369,1027
3798,2415
434,1422
4940,2959
5768,2616
2027,1865
4637,706
1963,160
3002,2481
1371,248
1240,2983
1904,2963
3728,895
4034,413
3855,2922
4375,706
4528,1702
4836,1855
3614,1547
3963,1701
2633,2614
833,2824
2710,2080
2004,1100
3931,665
1990,2922
799,207
320,2424
3663,2348
4090,2415
5585,1569
1125,1131
1096,201
5330,296
2950,1917
2554,1917
5868,1103
4061,896
4195,896
4878,172
3623,670
827,2413
4151,3041
1940,1465
5937,681
3330,3077
1322,140
2343,1855
1340,3163
4631,645
1491,2578
2582,1871
3277,972
919,2352
3992,2415
2710,336
4809,2637
5566,2616
1872,957
3482,3067
5194,758
2322,1917
1393,3174
789,27
2747,1157
3463,573
1303,248
4918,2580
1970,1465
447,263
4896,2232
3036,2199
2308,706
2487,2923
2523,2580
2769,1855
3846,1250
5319,645
5948,816
4647,2467
879,859
4251,2467
247,2080
2016,305
4022,2415
5340,933
374,1855
2967,1281
5128,296
2382,2348
2688,1866
4255,142
1091,2435
2252,2467
5189,1703
2663,1055
5323,1703
25,920
1639,1486
391,2209
5126,600
5644,2283
7,1280
141,1280
499,1742
254,1157
956,1429
2229,1702
2594,137
5030,1831
334,2614
1129,3077
2340,2472
60,1291
137,1511
3045,9
1830,3124
4626,435
1422,855
1823,1953
881,2194
2507,1831
3009,2981
5545,1873
2861,639
2949,486
3819,2032
4657,3131
4619,2647
4316,2838
5275,2012
5780,2679
307,2861
942,1157
563,572
2232,845
1280,2842
554,2738
2455,2580
877,1671
4864,199
3814,2627
2327,1082
897,3077
5778,539
241,1460
5874,1001
886,2164
2529,250
3064,1348
3645,2791
2141,1831
2590,903
3383,2791
1859,455
3285,4
809,1917
3333,984
4642,1668
3957,1565
1030,573
4526,1493
2351,2580
1384,2791
2425,2529
3060,825
4316,1683
928,296
2798,825
3347,1821
4422,2833
3844,2627
5597,319
1149,1204
2753,1082
4972,267
2661,1493
405,1460
799,825
2717,836
1910,3022
1810,1852
3840,2104
925,2627
2742,2586
3165,2689
2730,1071
4287,1103
1525,2622
2163,435
5007,2356
1545,1554
4243,2494
3195,2339
349,2467
1032,2497
5497,1027
5445,837
3697,1237
3688,1683
4452,2833
2833,2889
2798,2114
4985,852
3312,2335
1378,101
4117,1042
1512,101
1689,1683
3950,2622
816,1529
5589,966
5859,827
4255,1915
4723,1791
2870,677
4105,2910
132,2590
1906,1159
2212,677
930,2570
4970,1668
188,1179
732,1831
4553,2511
5871,837
2306,2032
571,2637
2863,2889
4726,2439
4239,631
4175,3090
3442,1253
847,1754
1764,3146
859,825
1296,826
3872,837
3013,2833
1091,2114
2622,3177
750,1821
3004,1027
5342,1624
2367,1904
473,789
1708,3022
5560,3015
5469,1207
4729,1397
5063,519
1494,2504
3206,195
372,1646
3560,2413
5334,982
2949,2259
4074,2634
4492,2393
5342,2563
4946,2563
5581,859
443,1297
73,266
553,903
5085,1217
5730,201
4837,1115
2323,2736
377,677
2605,1668
3613,2424
710,2580
4082,1182
627,825
2358,2730
1188,892
1284,600
4985,986
4033,2983
344,1668
1903,2335
1149,2627
3197,267
4979,2861
1603,2797
490,1493
767,81
4497,1397
930,1765
1095,1078
1100,1422
2117,574
1893,1058
4940,2906
5637,2080
45,96
4489,1
915,1642
4582,192
330,2709
1032,2981
3186,1017
822,3171
2558,1448
4459,2044
1964,709
4526,822
2800,981
3636,1253
702,1534
3615,376
3851,3127
1485,482
4523,524
1040,1529
474,2838
1171,2012
5190,987
508,1668
83,738
5778,1157
4436,2999
3754,2413
2480,1915
2210,2054
5388,413
3357,2188
747,903
833,677
2734,519
2032,1001
2553,2393
2188,1514
5725,2435
4202,2953
143,2859
5165,1280
5645,1917
404,1668
3716,27
4010,2194
4626,248
5173,2861
1243,3177
1160,1422
184,2833
1311,837
5814,413
4895,2358
20,924
5156,413
5696,1855
3170,1207
4448,2578
2550,1
3410,859
824,160
3649,3127
2527,2269
2859,756
1455,966
3509,1804
2800,1115
2113,2629
267,2494
1676,376
2557,2111
2295,2111
2639,1921
2429,2111
1560,201
1725,1766
3676,1917
4851,1655
1785,319
2794,2963
881,852
2942,2861
5382,1291
4182,1496
3428,1034
2468,2978
3545,2373
3597,2563
3600,2080
4338,1255
4617,670
4190,3077
4897,2939
3321,413
1199,2824
3376,120
3861,1855
5096,2590
2830,1115
5230,2590
930,155
5548,1179
2282,721
1339,2080
3108,305
4338,2194
320,411
5562,296
3499,1624
3182,1917
5634,172
1649,27
3717,3015
1943,2194
3741,1157
1659,2435
2163,248
3004,2584
4913,789
3958,3077
3485,413
2910,2922
5470,1646
5583,1523
641,1341
3397,1697
4414,849
5854,296
2445,1250
822,2850
2566,2708
675,1110
1525,1280
0,1695
3696,983
4477,1548
1044,2670
741,2861
4306,1666
4803,2472
2155,895
5749,2350
489,1105
1520,155
1898,2959
1149,1151
1727,3077
920,1291
464,1048
1175,120
913,120
5748,435
5090,435
3347,1179
4722,39
5341,1774
2619,248
838,700
4656,1671
2070,972
4809,1913
4957,845
4019,296
2183,849
426,1695
1596,1281
952,987
1406,1157
3508,2975
5456,2663
3119,1702
2534,2769
1737,1671
4320,409
3666,1871
2506,721
4182,2919
5453,2365
4535,172
943,120
2560,957
397,1115
3511,1179
4505,2791
747,1871
3001,1831
5694,2427
3498,2637
3553,2344
1669,1917
2942,2190
3384,845
586,1953
825,249
1169,813
1174,1157
5431,2956
1396,1004
3920,825
4780,1683
4508,995
4308,2627
5380,924
1114,1291
3433,1646
465,845
2548,3175
4618,574
332,1255
5437,677
5354,2894
5607,1088
409,1475
545,2302
4058,2637
5271,2859
3547,435
4572,2858
1280,1179
220,1953
2536,2791
1080,2811
2596,2842
5812,1493
4862,1873
4146,1703
4583,2458
2346,1913
4182,2114
5312,2833
5489,1217
3319,204
4210,2627
1772,2580
660,3164
4698,1627
1052,1702
5044,574
4500,1642
78,1496
4997,2448
439,721
4293,1349
5797,57
3269,1780
1464,1646
5301,2859
1863,1917
2935,214
4903,2032
3399,1072
5830,1668
5085,1514
4689,1514
2042,2791
1586,296
5574,924
4581,2920
5178,924
28,39
1406,2580
659,845
1915,1703
3742,2350
5585,524
132,2082
4631,1694
4927,524
302,1739
2241,2627
1494,1646
4202,1022
2488,2504
5182,2736
2713,2622
1288,2709
1923,1005
3784,482
4314,482
5945,1217
3906,3131
5549,1217
5222,822
4611,2920
848,1656
1149,830
5618,822
5932,1921
4483,1422
823,845
3218,2730
4591,201
2877,2437
1170,2838
3529,148
3343,924
2947,924
903,2494
2293,2386
4181,2023
5091,524
1778,250
3679,92
5103,2978
4358,2824
1810,2417
5896,2614
3310,1915
2702,2032
5648,822
3595,2838
5312,873
1680,92
1864,2653
1358,41
2862,1001
4150,3060
4737,376
4990,822
5040,185
3441,2371
4575,2300
3071,1340
2350,826
3885,1099
4234,2007
5046,1131
2083,482
5590,63
3781,2439
5541,1110
2898,631
3373,924
5637,1572
1776,1493
547,738
2548,2504
5060,248
5783,1397
4456,1073
1937,2350
3007,574
2186,3054
403,2679
1886,318
1972,92
4632,740
660,1554
4990,1655
1427,3187
322,2498
1134,2376
4532,2199
5158,1695
2562,308
3613,1700
3141,924
4576,27
5352,248
5748,248
5486,248
4082,458
5090,248
5771,2861
2416,1422
5394,659
1404,924
1894,3003
2990,1694
567,2679
863,1509
5675,120
3851,1464
4637,2373
2902,2978
4165,2563
371,2740
2286,2480
1823,1258
2886,1
3380,1290
4958,2199
3975,2439
3579,2439
3369,2629
4172,2953
5296,2194
3895,1921
3475,1335
4586,1280
5659,1465
1306,924
3288,2640
5523,2358
767,3090
4454,572
2255,1073
4509,1033
460,1627
185,1422
1508,92
2979,2824
4801,2373
3240,879
2717,2824
3725,2614
4988,2199
3933,2563
4172,859
1789,2963
989,2910
3217,895
5694,2590
2829,2476
1265,1273
2923,2111
2894,1181
2639,2352
3676,2348
5696,192
940,924
3547,248
3832,2861
742,185
5322,1671
3419,248
4601,1911
3441,761
3317,2415
411,2300
4810,1496
3697,192
2747,2824
4944,1496
4495,172
890,2500
1303,1915
3600,2511
4607,413
4756,2199
4918,275
2206,1157
375,2054
1485,1397
3684,896
4167,1804
4298,3041
3441,1700
4489,1855
3458,1115
232,1776
1398,2152
2489,1253
2442,3127
1645,2029
5449,2298
4646,1280
4334,1917
3546,181
1512,2439
5920,435
2675,854
3609,2415
2549,2435
510,185
1446,1819
3626,1830
3996,2861
4187,177
5856,450
3861,192
5079,758
5719,152
4659,172
4805,2441
1386,987
4452,3077
801,2054
405,2054
2236,1157
3714,896
4338,2975
5803,789
4011,2580
2504,1911
346,2413
1860,1809
5492,2590
332,263
5299,2195
3465,1131
2028,1393
2950,3129
3370,305
1639,120
3941,1060
2767,1732
4589,1281
1010,2578
4441,3103
4040,2759
4981,573
5919,2842
633,376
1075,1475
4449,712
2317,2435
3389,1486
5261,2842
3542,1728
4975,4
4185,639
2136,1865
2638,3015
2977,2481
1480,248
4140,896
609,3173
5621,152
3441,895
3556,845
3957,1943
3979,1702
4041,2580
4234,531
4113,1702
4471,2164
5422,2386
4264,1871
5534,2627
2397,859
2824,172
2369,2975
4055,1697
3718,614
3919,2590
2231,3041
629,1546
85,2614
28,2080
1311,3041
3376,96
1700,2624
2737,2620
4729,2580
1248,248
2722,2497
5430,2627
3191,1255
2188,2563
4700,307
3480,3078
2236,1291
785,1655
5300,2554
2385,3077
2822,3078
5200,2350
2421,290
4215,2709
1474,187
89,1393
1990,1235
1341,3041
3389,681
3934,2467
3903,902
5051,2981
319,1855
4462,2586
5169,4
2650,1281
2655,1625
1688,2590
1368,3174
3078,1728
3832,2190
4541,435
3072,1913
1706,2415
3354,845
2435,2790
5539,2920
4553,2889
1982,1532
1942,413
194,813
4015,1493
2945,825
5496,749
773,1429
1347,203
3446,2504
4198,1385
3795,214
4194,677
4607,92
4803,4
1778,2641
4309,435
5393,1001
5527,1001
1590,2590
3340,573
57,700
1196,973
1624,2174
497,972
383,1624
462,1917
1458,192
200,1917
2051,706
2266,2580
2641,1703
5867,1042
2338,1702
4857,1179
4535,1128
1742,2580
3652,2730
3669,2145
2172,2164
2425,358
706,1496
107,413
5322,195
3293,2797
275,2441
3565,1041
3384,471
1584,681
2932,2791
1824,1831
1795,901
759,1507
93,1646
1562,1831
3078,1862
1564,214
3794,2032
1280,455
5227,308
4110,1514
4063,1668
3060,2976
4158,2494
5212,185
2168,2580
3259,1873
2147,1703
2579,2114
4871,2366
707,4
5655,2448
5280,319
5676,319
199,1291
4354,1093
2518,1646
3600,1385
5426,144
410,1703
2650,1765
3364,354
2178,2709
3157,815
2312,2709
328,358
4165,1571
1596,1041
2425,2586
4612,570
4176,1917
4360,2012
3722,1001
4386,981
561,2811
1576,574
5435,2300
254,1348
4483,1853
508,2396
40,830
1569,2786
1323,101
4045,1627
5120,195
970,1703
512,825
2420,148
367,2164
1308,1698
1679,2365
2746,318
3592,2032
5803,602
932,2350
1102,1041
1463,2740
4379,1099
1237,2397
1199,1913
5067,2439
254,2637
5414,268
3404,2920
849,1534
3677,1766
5129,284
1951,2679
3518,955
3829,1571
1427,2679
5061,1843
5142,2963
200,307
1556,3089
2571,852
3547,195
329,717
1552,1627
3892,2859
3782,1001
4484,519
4270,1
297,1179
2231,1915
5161,2424
4701,2439
1819,2910
284,2637
1800,2668
4436,2922
526,2170
4354,1577
5431,972
3707,1766
3306,1422
589,240
1614,411
888,307
2173,2095
1770,924
1944,2797
4662,2861
336,3177
3011,2413
5640,1496
2395,1915
4659,2563
3506,140
5032,859
1155,1001
3046,155
4703,2111
107,92
5417,700
3739,2593
2663,2080
4900,181
5426,1917
5476,1280
5376,110
4739,987
5303,3015
5336,2963
4541,248
5088,2861
662,1253
99,2833
1747,2983
3211,2824
2163,1915
4427,2563
5071,413
5611,1855
5616,2199
4625,2578
5750,2953
1247,1125
1715,1001
2814,155
3351,2080
4471,2111
3724,376
2678,1048
3302,3127
2495,1341
4122,2866
2238,2439
4535,3035
5244,1280
5681,1281
1894,185
1978,822
2420,1921
221,1668
2100,2505
1236,185
4309,248
1838,2505
5678,983
4632,1655
4981,1809
1404,1489
5617,2959
3864,3015
5163,1291
2902,160
1701,3173
3105,2963
56,1042
4918,706
116,1093
2879,2620
5715,1804
4331,1700
4224,2769
1483,1001
1999,2049
3250,2563
194,1915
1725,2978
2422,2906
2857,2080
4201,1819
4888,305
2578,413
4844,1696
649,2495
2008,822
3718,1850
1825,1115
4650,1830
1716,2111
3975,2415
5307,639
5739,296
5441,639
5477,296
2189,79
5210,706
143,822
4489,192
5287,172
4416,845
3992,2769
2139,1655
2548,2614
127,1982
612,2963
884,1207
2181,2820
4359,1250
1546,2080
773,1376
28,1222
64,879
587,2906
1284,2080
5422,2467
547,1787
3271,1696
253,1340
361,2563
996,859
4401,2415
839,3127
3785,1917
887,1855
5357,1291
3662,3015
3266,3015
2115,1419
1728,781
2655,2861
1196,920
4284,2769
901,972
3416,2959
2157,140
3296,413
4500,1081
5766,2627
2693,120
2772,413
243,1002
301,2670
3168,413
4718,2472
5074,1353
2596,187
4836,249
94,879
5605,2709
1372,1496
1754,2352
5543,1831
3464,2626
4753,214
3039,1696
3772,1281
5382,2637
5456,2586
253,2629
1626,100
2665,3175
2066,372
2515,198
2432,2415
778,1696
4059,1496
4360,670
5311,892
5791,2283
3296,1702
4364,789
1883,2358
3096,2580
3471,1703
1499,1429
2834,2580
2772,1702
4386,3022
1447,2959
1798,1496
681,982
1452,859
724,120
5808,2637
1608,1372
1338,1511
541,413
2420,1250
3540,1281
200,120
3292,1179
3674,1281
4269,2622
3030,1179
4773,435
3042,250
4620,1913
5700,825
674,1696
4096,1913
412,1696
109,1695
847,1624
1322,1917
3646,2616
5155,1668
3393,2170
3670,758
2245,845
1223,1157
4241,2267
4223,2627
2657,789
3961,2627
895,1291
833,413
2619,305
5656,903
633,1291
571,413
2123,101
218,2769
2723,2348
2067,3175
954,1871
2946,1831
1740,336
1824,973
953,1646
1345,3190
1741,3190
180,1696
5185,1668
49,2933
3017,1482
4923,1668
374,249
2511,2842
4935,1493
950,1348
4250,636
1939,2616
777,639
266,1655
1338,706
1706,1102
3244,1646
4070,2920
295,895
3299,1353
4715,214
3390,717
1313,2339
4813,749
3386,9
3202,1420
388,305
2514,2709
3992,2448
4818,2032
3230,435
1557,1918
511,2590
2572,435
5227,739
2773,2411
230,2348
2138,1671
4755,1683
3633,825
4065,482
1470,983
546,1830
5355,924
4379,2335
513,192
4122,2679
4643,1627
3540,1765
1372,825
539,824
2232,1683
3202,2709
1963,1266
5065,2259
1825,3022
1409,1646
3637,2637
2625,1385
450,2472
3941,3048
4216,1001
5030,1514
3187,1088
2772,92
1146,2175
382,1025
430,2759
1275,1831
5325,2371
5421,2833
5801,2300
2023,4
2914,2427
3279,862
3380,1668
5257,924
2421,2494
3192,2371
4133,185
2507,1514
3264,1493
1161,1702
5636,920
1140,825
5748,1915
2131,2920
2470,2386
749,2889
2265,2920
2604,2386
5740,2963
480,2472
4752,2859
5454,3131
5057,2906
3646,1945
5351,2629
4102,498
1433,296
3109,2494
3410,1668
5029,2578
4277,1253
5039,822
1,2622
5153,924
5299,2439
5301,822
792,1431
3753,1253
4228,2300
3911,2593
4462,252
361,2376
5817,1089
5770,2963
388,789
4958,833
899,1493
4175,195
3872,386
4333,781
5806,176
1449,1179
1065,250
2417,816
1073,1831
2513,1278
1174,2637
2411,1001
5014,1115
649,1503
3357,3131
3004,1515
3343,981
3386,2371
108,2842
5645,1921
120,1913
1637,826
639,2478
809,2889
520,2786
3056,924
3192,2505
4529,319
5267,248
1717,2283
5599,987
4685,832
5733,987
1063,1493
5800,2963
1997,2300
457,1683
1735,2300
1028,2438
2671,524
5806,1465
5513,2906
205,681
1552,903
5590,120
5363,895
5490,2922
321,1041
1360,144
4364,602
3736,1033
3373,981
3603,1443
812,2032
454,2324
3642,1371
5342,957
882,519
2704,822
3165,1217
651,2838
3676,1921
3521,852
780,2494
4099,2778
5693,248
2423,2300
3369,458
2378,837
621,1683
1698,1078
2104,1766
4074,1967
691,924
37,2386
5699,413
437,2505
3689,813
1235,41
4110,2563
3714,2563
4614,376
3333,1151
847,2376
2813,1115
1588,2788
5194,2348
4124,1680
2615,376
2114,2080
2802,2454
42,636
2396,1766
3024,1335
3182,1921
307,1873
2862,253
4777,2999
5350,2861
5854,2394
4219,1917
146,2679
5394,1655
5202,896
563,523
4140,2563
5306,2939
5588,1871
2004,2824
3415,1341
194,2346
476,1278
1610,1207
1472,2963
4075,3077
2594,1377
3323,1752
2645,376
4329,2435
745,2634
1748,2080
5891,2811
5624,2467
3735,1696
4418,972
5660,434
1451,1335
3371,1419
1963,3173
5253,1773
222,2300
177,837
2114,336
1794,920
966,2983
372,524
2387,2188
1697,987
2862,2481
2168,2824
3192,895
3894,413
98,3173
4369,1460
4501,3077
1240,2963
4854,2441
1304,2978
1701,1860
3141,1115
5145,2590
1513,2563
4710,972
1647,2563
1251,2563
2922,253
3765,1696
5303,1486
5322,1728
2801,2178
3558,1403
5425,2415
1404,1115
2940,2522
534,2922
2050,2953
2998,248
3545,2861
1351,700
1836,2435
2540,336
2144,336
4208,172
4399,706
3946,172
4464,1855
3793,896
737,248
5214,101
5558,665
5608,2472
919,1982
5833,2590
2913,2769
4809,2267
3909,290
4045,1871
4437,409
3783,1871
887,192
3449,305
2561,1563
1086,1341
1487,2439
1614,1460
3572,2590
3085,28
3405,198
2830,1953
5265,39
2145,1850
4822,1913
691,253
4273,2637
887,1131
4223,830
1740,1572
3018,2189
1474,110
3823,896
108,1366
1548,813
3200,1671
1687,1157
3986,2580
1148,879
2471,2959
2710,1255
2748,1547
5308,1025
2080,859
3651,789
1075,1532
1187,1773
5430,456
5681,1041
3807,1302
920,1429
5359,1744
4535,2861
1360,1701
3182,1250
940,1115
5310,2791
1552,1871
2803,2385
3059,96
4437,2637
111,2953
1322,2348
1021,3174
1060,2348
3591,896
535,248
382,972
3692,1702
4067,825
841,1486
3661,137
2456,1496
947,192
2141,172
3755,738
3803,2472
5236,748
1719,2923
1970,290
4499,1421
5323,2622
3688,1179
269,2199
852,305
4071,2637
1466,1696
2242,1917
3054,1041
4575,2170
1431,2641
1159,1953
3695,845
811,681
4555,1703
1222,23
5024,461
3513,2494
2171,172
3315,789
1553,1291
1622,896
1887,413
1966,706
4724,1889
5225,185
1857,1702
2638,2267
3796,2590
4517,2350
1053,187
5480,2397
2620,2627
4332,318
5920,1915
3112,3089
4497,2637
171,2199
2764,1625
4180,486
5742,862
3894,92
236,1096
3710,1503
1139,2590
4814,1001
5076,1001
3448,2257
5890,1514
509,2194
113,2194
2787,2740
3121,1862
4523,825
1035,1486
5106,651
4512,2356
5173,1873
145,1917
3543,2494
2144,3048
3281,2494
3207,101
3749,2370
908,2842
1856,137
99,983
1625,1702
2912,1873
4677,1642
5470,524
38,2959
2650,2627
4608,3003
203,3026
3935,1971
4570,267
5478,2859
5005,195
165,290
1770,1302
2885,989
5240,1001
4844,1001
2860,2622
251,973
1569,2709
263,44
2216,830
3482,2376
2761,2616
3093,1103
3712,2838
2802,173
5830,1217
1883,2118
4875,1253
355,572
3758,1493
4954,2300
2724,482
5649,647
2808,1873
5735,2111
4279,441
3938,148
4862,267
5634,1278
2418,2627
2389,1697
5174,2983
3760,2505
902,152
986,789
3925,852
1036,152
2316,2350
2882,1041
4207,1504
1925,250
918,96
4777,1068
2091,3171
2034,2637
2430,2637
3803,862
3982,2325
4436,2495
5797,895
253,645
296,1281
1509,1503
2206,677
1125,574
3742,2838
3807,981
1806,3187
4038,1668
3150,482
5158,1699
5564,135
773,1620
3464,1581
458,296
2679,308
5485,781
4096,2023
1006,101
3132,2505
5878,2927
3796,41
699,358
3765,2448
1132,1903
4795,2963
4399,2963
2429,318
4736,2356
3337,2910
4495,981
3939,2978
4796,155
5563,822
1308,816
659,2622
3672,2634
3195,1514
1146,2740
3677,2978
5771,771
4220,2439
2656,482
4502,1371
168,1072
2248,3131
1506,2494
3698,822
2237,498
1953,1493
1335,2612
2825,1422
5939,1486
868,3146
1634,2679
3377,1935
823,1683
5393,2481
940,3022
3631,2983
5783,946
3393,1125
3441,2859
4365,2978
2283,92
662,1765
3203,1001
3707,2978
923,574
1472,816
3949,2511
1764,2910
1702,2032
1707,2376
2156,1448
1361,1739
2233,1668
1837,1668
3807,1115
1971,1668
2986,185
618,877
4202,1644
2123,2439
5824,2825
4057,2983
4437,2450
5411,966
460,2920
4846,1157
1723,2505
1327,2505
3798,248
3846,1982
2760,781
4180,1104
614,354
1464,524
1106,816
4869,2080
5135,2199
35,677
2657,1033
293,3187
3758,822
1700,2494
695,2413
623,847
3892,822
2868,1253
3243,376
3706,2352
856,826
4350,1865
5888,1655
1621,2578
1483,924
2630,2778
5398,2959
2652,847
847,713
3722,2481
5007,859
1559,2639
4279,120
4754,413
4838,1804
3917,2922
156,41
598,386
606,1001
1931,1464
499,380
5139,1917
5194,1624
211,3131
2064,1993
4235,2450
2091,2850
3858,248
2232,1577
795,2593
1411,647
3596,248
4174,2174
4909,2394
2061,1695
526,1422
3518,1496
5746,2487
3172,859
2141,2563
2776,859
5488,1697
4393,1696
1812,1341
2839,2901
5194,2913
1295,822
4831,2861
1866,1577
4803,813
2057,2111
1661,2111
1895,63
4321,2759
2318,920
3658,2415
4995,983
234,1371
96,3127
2266,2450
3391,2825
3443,3015
3782,2481
4083,1655
1374,2054
4287,896
2308,2861
861,2435
5842,101
816,972
2953,155
5069,1871
1676,140
2171,2563
5065,409
2701,2563
5805,973
82,2670
1018,140
3494,2199
851,966
548,1157
3167,1804
3189,1563
1723,895
5333,1917
5686,1281
3631,218
4596,2590
4200,2590
136,2152
1072,376
1468,376
3789,1558
4071,490
810,376
4630,2174
1319,253
1057,253
2647,987
5396,2616
3555,573
881,27
2839,1157
1774,833
1395,248
4927,825
648,987
587,2963
1941,192
2519,2118
2638,120
2717,413
3147,2441
707,813
1278,602
3862,2194
937,2029
4830,1831
1807,1131
7,1341
377,120
4181,1385
669,1460
3604,3067
1176,2954
352,63
5615,825
2502,2861
4957,825
5389,482
2923,639
4043,670
4571,789
238,1624
1004,1157
2747,413
3946,737
341,813
1583,1773
5184,2709
3518,2919
4096,681
104,2563
352,413
2798,2041
541,120
4811,2878
3314,645
4157,2088
5203,2170
2068,2195
1794,3124
1655,336
1093,44
735,336
2046,1655
468,746
3338,2170
1841,2189
700,1281
533,2861
271,2861
505,813
510,1157
2747,1702
2881,1702
5856,1422
5250,2366
129,1465
4943,903
5017,852
3219,1697
5122,2366
4234,214
3712,1041
4627,1606
4694,1138
234,700
783,1696
5304,1067
4215,1103
335,2472
1756,1677
2864,2637
3874,810
5770,308
6,1250
5264,1668
1659,1744
673,2467
1409,1569
920,2344
4648,2833
2499,2889
4612,924
3669,2283
942,413
4703,1042
4763,1093
5181,852
680,413
3030,81
2875,3176
3589,1765
2830,1713
5781,847
3702,1642
2157,681
2537,148
4545,1207
1482,1266
4595,2448
2308,96
2628,266
5016,2478
551,1696
5260,2838
5160,1668
103,2472
5934,308
590,2590
760,1281
4310,2467
4874,1082
5034,2495
5426,1787
4710,2371
2609,2653
3244,1703
5916,1422
5520,1422
1979,2257
3156,2822
3832,1873
5394,2249
936,2446
1280,4
2899,1668
5485,2367
1524,2616
3303,1529
2336,2494
2138,789
2341,2838
4196,3089
510,1291
942,1702
983,1703
2098,1390
2521,1493
575,188
4491,1694
4904,1109
3534,903
860,357
5815,966
756,1697
830,1646
1143,645
5329,2012
5355,981
4436,2926
4972,2906
5908,376
1321,2637
2403,2376
3778,482
2453,1739
4516,411
1816,2616
3225,498
2667,1668
4474,185
5351,458
1383,482
2709,2833
2554,2730
4293,524
4393,2448
699,789
5289,2963
320,204
3319,318
5351,1397
4640,2325
476,717
4325,1001
1811,2622
849,3177
911,645
2881,92
4063,1001
4829,2978
718,250
2036,2740
90,681
2824,1278
649,2365
592,1831
2127,2104
5501,1341
4900,2629
5244,2439
2295,1688
1061,589
543,2878
2312,1103
2833,2495
3093,1668
1303,122
2220,1514
5140,1335
1413,482
2581,1493
4988,1695
2123,1581
3253,2300
1357,358
5297,2450
2654,1217
71,789
1728,2745
3920,1073
5203,2788
2894,677
1588,1422
5337,2788
2209,574
5860,2563
5464,2563
5397,1341
4294,725
5085,2811
5598,2563
5863,2080
2275,1571
5004,2578
64,749
931,2586
2330,2032
3455,155
590,41
1175,2946
4752,822
5772,1403
5787,2435
331,2032
1315,482
3409,2439
5011,524
2407,2629
1540,600
5707,1917
5745,2963
996,1668
3379,318
3150,458
5865,813
1467,1253
309,738
5223,1346
1300,2833
109,2370
2716,1694
3230,1915
5890,2563
3369,2259
3847,3015
3484,2963
36,579
1082,661
3888,2824
359,266
3150,1397
4712,1773
665,1504
3871,376
5485,1696
4072,2352
3449,3127
1997,2357
2781,2439
3208,1752
4032,2953
5508,1865
699,1273
4494,540
180,2371
2090,1767
4258,263
1042,1612
4416,849
4020,849
3779,1726
1981,319
5644,413
5076,895
5382,413
2990,2963
5437,120
5461,1460
5948,824
404,574
2396,2978
3387,155
5765,1871
737,1915
1446,160
4032,859
2672,1341
2863,2629
1784,155
5292,2590
794,1668
4199,972
1062,2614
2079,1766
1683,1766
2951,1695
1411,1078
3269,284
3739,987
3522,2450
3902,1917
5293,498
5681,830
4898,192
2520,2640
2315,3174
3337,2670
1042,457
990,267
5212,1291
465,1577
489,1971
3318,176
5582,824
3555,1809
4945,1701
5899,531
3288,1465
4093,2424
4119,1393
2235,966
2381,2481
1216,987
3334,120
3024,1392
3098,1341
3427,2563
5248,2641
561,2978
2581,822
5836,2811
4733,2195
5712,1055
3305,1819
1505,2029
5529,1348
4194,1917
4080,849
897,2146
293,3163
632,2629
4696,3067
5329,536
3670,1917
4711,1655
2304,3173
3324,1280
1483,1489
552,2111
576,2505
3318,1465
355,816
4106,757
3591,2563
3443,413
5797,789
3243,1291
2138,602
3795,1804
2566,2769
3161,700
4135,2626
1831,859
1874,1495
5690,1831
2968,305
1569,859
1822,3025
2706,305
1006,2439
4798,2189
417,2044
2375,3174
2943,248
3650,110
4,185
5427,2360
5560,2889
2580,2825
4414,2199
1859,813
3266,120
2072,1860
5516,2590
3716,2800
1622,2563
3103,1819
1559,1460
3121,2590
1467,1871
2162,972
489,2455
1613,1696
3956,2637
100,1182
623,957
3317,435
1815,110
5115,152
3996,2975
5844,1493
188,248
1370,1157
3407,2580
4813,753
3636,188
5876,250
5456,3074
977,2394
1638,413
5461,1728
5719,266
1772,413
237,140
4103,2283
4738,579
5627,677
3865,1179
5692,1072
5487,2360
2853,681
2254,1850
3821,2570
4993,2791
2773,2415
3200,1728
2157,1917
5593,2032
3609,435
732,1250
5259,2910
2571,214
391,957
4505,758
1153,1280
2034,3015
5033,877
1423,2861
2010,177
4470,1703
2033,2790
2819,1255
2638,3129
334,1362
1406,413
5043,2504
442,895
2147,3077
237,1429
180,895
395,2769
5529,677
1358,2062
3457,953
4090,2586
5363,2859
1529,1917
4970,2376
1620,1281
849,3124
947,249
3244,845
2688,2842
4042,825
3863,2580
404,2481
705,1655
1894,1291
2231,122
5240,924
5581,1217
1735,2170
106,572
1174,413
1379,845
983,845
427,2842
606,895
1570,413
2726,101
3122,101
3199,2765
4988,1642
4874,574
4019,1780
4330,1642
5464,1571
2298,2283
3349,2709
3208,2504
5057,2910
5391,2032
5021,1001
2765,214
5155,1001
1065,2348
757,2195
5635,2392
5538,739
187,1850
2451,2498
2530,2791
2604,2740
2864,1913
706,2415
2676,2616
90,1917
3075,2325
1886,245
2734,2032
3889,2838
5091,2679
719,2842
865,193
1679,706
311,573
254,39
2042,758
3072,2027
4545,1422
1174,1702
4345,2300
3708,3177
3901,1128
4300,837
2751,2386
2825,3089
3455,1041
817,152
2580,2504
5185,1001
3301,574
5862,2906
2083,2637
1687,2637
2764,2032
2946,1514
1048,435
4706,185
5291,3090
4771,2300
5183,524
1322,2889
995,2494
2860,2679
2101,2627
1284,153
931,789
5009,1125
5405,1125
5513,2910
1366,717
4016,677
3408,2484
5941,1105
2412,1765
3771,92
2986,2791
3798,1915
369,527
5642,1977
4302,1448
1363,1385
3839,226
1638,92
1686,1072
564,214
2820,1001
3783,2546
3721,1668
5602,2578
4736,185
5216,822
4724,2080
519,471
5874,822
329,2791
668,2257
799,2740
4269,2439
3873,2439
4028,98
3613,822
2527,2627
3952,1042
1357,789
961,789
2871,185
3784,677
5024,1002
4090,1915
459,3022
2990,816
5201,140
2305,713
4220,1207
2153,1073
5558,2629
5632,2578
1850,1072
1876,41
3887,2495
4047,498
2722,1001
4728,859
1550,2500
3795,2906
4910,2593
5612,2111
144,2637
493,2791
4758,2953
3891,924
3495,924
4037,2439
4603,2850
5148,664
1194,2838
1079,636
4515,751
1237,1222
5203,1125
2195,3177
2904,1422
2508,1422
305,461
4644,2824
4770,2963
3596,1915
2853,144
2381,2778
4247,155
4445,2614
4782,1253
5642,2111
3374,1
5050,2199
3279,895
5173,320
491,1001
2375,2182
5816,2641
2762,376
2600,2300
5640,2415
2068,2439
2393,2007
4282,1280
689,2679
2434,318
3679,987
2972,1125
5766,1773
965,1042
4871,2614
77,2300
1409,524
4473,1033
5261,2769
5476,2199
1802,226
3670,120
5376,957
5945,957
98,144
1144,226
3625,2629
4827,972
5804,2415
587,308
2901,319
36,205
834,185
2902,3173
5555,2842
765,2300
1157,3090
2566,972
1976,1695
3846,2978
4947,2959
3555,2240
5009,1393
3560,140
4516,1460
5593,101
245,3173
3134,1429
3600,2922
5876,2641
2638,1787
2691,859
5834,2415
4822,1917
3117,2953
751,308
4906,110
1289,1115
1344,822
1786,1921
1519,1577
2949,336
2233,920
872,1766
3719,2240
4010,726
1155,2054
2337,2963
4087,946
2089,2861
2438,3015
5623,101
3286,2358
4499,2580
3867,2111
1685,1465
131,2670
1562,2563
2206,413
2292,2439
2746,1855
4157,372
4900,645
3981,2590
4358,2348
4041,2641
4270,249
1383,376
987,376
3700,2348
1880,1182
725,376
1859,305
4228,2467
5177,2616
213,201
1247,2178
1555,79
4163,1291
761,972
4467,1702
79,386
3515,1255
3911,1255
2498,413
3697,737
2623,859
546,2481
2800,2441
460,1017
5064,645
2192,1804
5907,2088
241,155
4463,1179
254,2080
2938,870
5135,296
2122,284
3779,1486
520,2953
100,1613
881,2178
1948,131
243,1921
2755,1917
1743,1419
3839,39
5929,2786
1180,2245
5330,1703
1372,2415
2468,1860
2910,2959
1797,1655
3342,2616
2189,193
2180,639
1256,2240
2775,290
2298,2580
961,602
1742,413
5163,250
405,155
4273,681
181,639
520,859
3947,1420
4422,2467
4059,2415
1581,2939
418,2080
1910,1717
5015,2981
218,1460
2031,3175
3975,435
2965,572
3548,2842
100,458
2161,2467
626,2194
3016,2981
786,1917
736,110
4323,2838
5218,307
5424,2627
5522,3162
1007,2825
5446,2386
2096,1291
2435,757
1843,845
5609,1626
160,2394
1280,1671
1686,3113
4664,2350
3974,1903
3907,681
2222,3093
5500,2622
684,859
2678,1646
4641,2366
1124,1131
1325,101
1853,2472
1786,1250
2493,1866
1813,1353
3706,2088
3840,2088
4401,435
20,290
4456,2586
5619,1001
5886,1345
1763,1266
1716,1420
5128,1703
3729,2257
3013,589
5451,2356
554,1917
645,1281
688,1917
1624,141
2140,435
4012,101
2754,2580
3430,877
5780,2797
2007,845
2492,2580
2096,2580
3201,825
5405,1422
1740,1255
5818,837
2533,137
461,413
4058,1385
3662,1385
3700,1677
2370,2590
2091,3175
2361,784
4188,677
1676,681
2142,1420
5790,482
1875,1830
4826,964
5746,1873
204,1696
4025,2376
3624,2032
5016,307
4577,2889
413,1281
3892,2786
4250,2494
222,2467
468,1742
1720,1138
5569,1422
4127,1340
2800,1770
2578,2889
3134,892
3982,2679
2872,1646
5869,1125
3004,1011
523,2580
4088,1385
4124,1042
657,2580
2040,1493
2599,3177
2852,1179
3481,2104
2476,1831
2839,2637
623,717
1664,455
2913,2586
2923,830
4184,2032
4843,1668
4681,2838
443,1281
5844,1253
1847,2791
1379,471
5823,376
4121,1683
5532,200
93,902
2890,1821
393,413
928,1703
2652,717
2177,1390
4374,816
103,2529
2949,149
3355,837
5870,2824
3217,903
2499,852
2912,267
3798,2346
3880,2910
4942,519
1621,354
3844,1001
5513,308
2796,92
1832,574
1293,2740
1427,2740
2363,964
2638,2889
1874,1739
2612,1668
3758,2920
1480,122
1230,1637
4346,3090
4924,852
4318,1042
2100,1493
1030,825
4810,1504
4507,1695
393,1702
2012,2612
372,825
5264,920
100,137
3526,318
5900,2824
2808,267
409,1646
1882,1041
3802,1125
4225,1982
2809,677
4777,2495
367,1420
485,1641
2512,2376
376,2637
4927,2439
1701,3100
510,2637
4187,2629
548,677
2559,3131
4338,2044
5496,2367
1707,636
1492,482
3823,2352
3136,1422
3265,1078
5543,1624
3277,903
2824,1335
2249,3090
4038,1001
1498,647
2035,2572
2369,1694
2976,386
5543,2563
5546,2080
2141,1278
403,2366
1033,318
4813,997
1879,1278
2354,2325
4687,2578
201,3171
1705,1879
461,92
946,1073
5010,1511
499,384
3814,2424
1733,3146
5835,1624
3166,1422
5425,972
998,482
1975,2679
2233,1217
175,2889
4666,2640
4258,1125
2723,852
2854,1335
5166,2963
5548,813
5740,983
1497,3054
289,924
4286,140
118,1042
2420,1982
4956,120
4331,822
699,41
4207,2476
2557,1
3448,2424
4907,1921
1562,416
2295,1
5055,1819
4017,2352
1295,826
4961,2157
790,2788
4663,248
1913,3090
5583,1157
5275,1004
2398,1819
1214,837
751,2833
1527,3054
1069,1422
1943,2178
747,1371
1043,201
520,2900
2779,2450
3041,2450
3560,3015
4183,2240
3792,140
4450,140
2118,489
2863,1397
2140,248
5559,1702
5800,3077
20,1042
5832,2800
393,92
40,2448
3558,3127
3152,2439
5332,1696
8,2910
1001,1668
2625,2922
1054,740
4431,248
1210,1253
551,2371
5437,177
1034,1027
5357,413
1298,319
5832,706
5174,706
1528,781
2202,725
3380,172
3492,413
5438,2472
954,1448
704,2963
2385,1341
2435,704
1036,1258
3175,706
2254,2578
5267,2590
5571,1281
3059,531
2114,1255
3299,2435
4221,1727
3754,3015
5521,413
5256,896
2637,249
1718,2194
28,2572
3770,2959
2163,366
3075,1414
0,524
3140,2563
523,299
1383,1157
3733,3077
2088,946
2864,413
3060,2045
539,2495
2144,1255
1141,2563
4143,2194
3907,1917
3719,1866
2089,2487
4202,522
2378,146
979,700
4146,2842
3733,983
1305,1624
5376,789
300,2105
4887,1564
3837,3026
4477,1666
194,366
4065,409
1484,808
1649,2373
18,140
2666,1717
5133,250
5446,2467
1440,2199
382,602
4845,1503
1247,1804
5607,1072
3914,1179
5261,435
5856,1776
1331,751
276,1115
1150,1871
4908,2791
5854,1703
4171,2498
267,63
752,1044
1296,1696
2292,2415
1340,1968
3532,296
772,2450
2050,3067
1102,110
2986,1291
5104,1390
5833,1765
4071,2267
4291,2041
4738,2730
4444,2283
2883,789
980,120
4426,1677
2280,1250
2414,1250
4329,1744
5568,3187
1079,1819
4938,2791
1576,1871
3215,2467
5437,2889
633,2641
1368,2861
3971,2975
3253,2170
4752,2786
4805,2612
2596,1671
853,2415
4340,1529
4023,1822
4367,2386
5155,924
1769,172
1168,706
5650,903
3482,717
4285,1041
3578,1179
3373,1713
797,1702
3712,1179
4808,816
5312,2601
948,1871
2975,2606
3336,1831
4346,4
4910,2032
4650,2859
5049,3130
401,2641
4830,1514
4553,482
4850,2920
5593,2439
3659,205
5321,2505
3495,1302
1055,2118
122,1913
1464,825
2720,1683
2933,2730
1133,2940
5464,1278
4008,1298
5338,2859
2099,2504
898,1353
977,1646
1743,1179
2942,1503
5471,1668
3036,1138
1019,2811
2535,2842
255,2415
2230,2206
2511,4
1602,2637
4021,944
5623,2439
4222,2920
2116,2858
4272,2283
5349,924
1577,2580
2573,101
1315,2580
1294,1703
2278,2627
5364,1397
4710,2859
4237,195
5856,1105
3317,1915
660,1538
5930,1027
219,1041
3340,2838
93,2622
886,2258
514,2652
1694,482
1133,2135
2988,2386
1663,2889
5748,307
3328,734
5921,160
1504,358
2046,2627
3531,1093
2180,2627
2975,3090
5862,2963
5160,1001
3609,1915
190,461
940,1713
1420,2350
861,2386
1728,1005
4056,160
181,2627
4636,1001
4791,2824
494,1626
3135,2032
3214,2325
5709,2906
1901,2653
1042,677
4115,740
1639,2653
3127,3080
4273,2080
5223,1700
596,2842
3230,2269
291,2206
2125,826
5556,1351
3410,924
1667,1668
2835,2679
1405,1668
842,2494
1040,789
2977,1042
3452,1335
372,101
1351,2371
2051,1816
1096,1852
1560,266
5321,895
5376,602
5577,2578
1468,677
1206,677
1705,2310
2405,1001
1305,2376
969,2427
341,2858
1831,1668
3324,2439
3312,924
3857,458
1993,3127
2965,816
1325,2439
537,1457
626,2438
3140,1571
5738,1341
2601,2983
1187,2505
829,2797
5146,1429
4158,571
3320,226
4294,2152
1515,92
5345,2578
317,2622
2724,2824
685,574
3085,2049
4837,859
2462,2824
3508,2906
4795,3077
2068,1207
4332,1855
2966,2357
5325,2111
5796,1696
3480,2578
592,1514
926,636
2204,1253
4035,1110
1672,2146
1933,201
1264,631
5543,2189
4450,3015
5553,2877
3027,2983
4474,1157
3457,2567
2010,2141
3030,248
3426,248
4608,1157
4838,2373
3611,1
2754,2824
2358,2824
4951,1496
5025,2199
2924,2481
4209,859
5159,2199
3877,120
2817,140
4496,1855
5907,372
703,2634
2100,1253
2210,859
718,1222
547,1340
2636,2953
3262,1695
5413,214
1452,1217
5819,1656
5163,39
4003,2861
2578,2194
5810,789
1653,160
1195,248
4665,2953
872,2978
2505,376
2636,859
3496,1717
1672,1341
5383,2415
2088,1027
2774,1732
1234,1115
3863,2450
4778,3015
5817,2118
3090,248
4181,2759
416,1422
2764,2707
3502,192
5121,1102
1091,248
2068,1691
3888,413
4478,2164
4533,1871
4137,1871
369,263
3975,3041
2430,2080
2034,2080
5269,973
3665,2061
425,2824
29,2824
1903,2563
3768,1250
3506,1250
4485,110
622,1648
1929,751
2376,2194
5427,2498
5050,296
3273,1429
310,972
4484,824
4468,291
2321,982
1925,982
3169,2769
3952,1717
1171,2240
2508,808
455,2824
3700,2405
1148,1290
4295,1302
2464,2199
2598,2953
3990,1420
4241,2759
2021,1629
3239,2195
639,2352
4032,1831
2962,1917
288,1371
5847,963
150,3127
1222,2178
4193,2688
5286,2616
1889,2641
1696,1280
414,3173
1190,2640
3683,896
4569,2975
4242,2580
2989,2959
2593,2959
721,849
810,140
1331,1532
2083,413
4063,1302
3858,2590
126,639
3531,2195
286,2614
4367,2467
2832,2194
3940,148
1082,1767
3847,1677
5731,2858
228,1855
233,2199
2163,1281
3617,434
3658,435
5690,1514
4682,2478
3109,1913
2689,573
3486,1671
4272,2580
3016,2688
595,336
2983,296
1880,434
5364,2283
3932,2889
207,1917
4703,2766
1984,757
4052,1493
4494,1646
798,2358
970,2842
810,1429
4463,81
1655,1255
5397,1642
3659,2730
5832,816
3130,2386
594,1804
1196,152
2416,1353
1536,2472
2603,1179
2403,2811
1687,2641
1761,2590
2057,1420
4163,1482
625,336
2999,2842
4202,2376
4585,2114
4432,2838
4628,498
5743,185
285,645
3645,738
861,1744
4,1157
2325,2339
5314,1765
5906,307
5150,2300
1065,1547
1366,721
1982,2939
3501,2679
58,639
397,859
1720,2939
2403,717
503,2975
1038,101
4791,677
2473,3176
2619,1281
2791,1765
1657,2590
3610,2622
129,290
4529,677
1395,2590
4227,2032
5216,826
185,1353
4768,2356
4061,2494
4066,2838
4897,2012
4916,3008
953,2622
2486,2822
3613,826
2518,825
2554,482
751,983
5257,1766
181,830
5069,2469
2505,2283
4248,2505
1390,152
1474,789
2305,717
1701,1734
1723,1493
1312,461
3640,2622
5758,1001
4314,92
1234,3022
2519,2366
1686,2365
2722,1005
4134,2376
4225,2494
1902,677
5646,1699
1530,2791
2872,1703
26,1831
1141,1518
5153,1766
578,2344
1180,692
416,296
459,932
2138,2647
4722,267
5692,2983
1504,789
2101,2765
3620,2505
3262,2797
4184,2089
3975,1915
3705,2054
4887,2963
2182,852
3199,4
5482,140
5840,602
2655,1072
4408,2736
1643,574
2190,3187
4165,2978
3750,2736
4578,3147
452,1831
4958,2614
1105,2396
4181,2922
5301,2953
2894,307
595,3048
3790,822
2950,3060
5371,2002
1880,3146
5438,972
2602,2350
3056,1766
1299,2612
4207,1110
2483,1904
468,994
5881,2481
1963,148
4401,1915
5583,2824
10,1082
316,600
2608,852
3384,1073
4187,1397
5054,982
2053,41
4703,1
3295,1001
50,1420
2703,1089
4916,1048
5566,376
5065,2080
1402,2740
2140,1915
4368,2906
3949,2922
4295,1115
2459,1668
2199,2495
2617,3008
3066,2080
2369,2906
3768,2352
2057,1099
4354,1695
3696,1695
5718,2086
599,2766
4699,2861
965,2335
1213,185
5334,1157
406,2371
669,1253
4225,2978
4803,740
245,3177
1718,2572
2432,1915
4696,2563
5025,1341
2189,2157
5357,2080
2182,986
2686,2963
4501,1341
4637,2922
4387,1993
2883,1033
4108,2578
383,2360
4822,1921
3667,1115
169,1088
809,482
2354,1443
4293,1577
4646,1695
5118,1641
1803,1340
3988,1695
4838,1865
120,2889
1930,1115
2379,2439
4235,1572
5496,2774
174,2371
5752,2205
4081,2825
4332,192
5099,859
4846,413
5849,3077
248,41
1978,1
3984,2111
3392,2199
2409,2439
1160,308
2540,2922
3240,2367
4682,2641
3971,1125
786,1787
3864,2194
218,2269
3535,972
2776,920
5393,932
4309,366
2566,1110
5484,296
418,2300
1411,1058
5690,2616
2082,2983
5334,1291
5294,172
3475,140
3264,859
5783,336
3484,3077
889,2824
817,1258
2300,1341
2696,1341
5748,1281
3545,320
3075,1337
3431,972
728,2906
1268,376
2097,1921
4771,2467
5167,2467
3016,1696
2121,63
5879,983
3050,1280
3879,2825
2776,2209
3105,987
5720,2616
4985,706
2244,2348
4706,1291
685,1489
2662,2861
98,1921
5253,1460
5764,2164
4081,2959
5423,1871
4084,2476
4058,1255
1577,2824
2164,140
1315,2824
4603,789
3457,99
3393,1804
4151,1419
524,982
720,2614
5202,2811
2143,202
866,2439
4176,2415
4255,2708
5678,296
1459,2953
55,3163
289,1115
275,1217
3528,2379
4163,1429
5436,1702
5845,409
2340,1655
3408,1496
2078,1655
4227,101
3282,3077
2162,602
2979,824
4627,2472
5432,1179
4286,681
1089,2080
526,2906
1302,3127
1751,2199
2494,2472
548,413
233,1341
2482,957
207,120
2561,1250
2814,1696
3547,1281
2903,987
3419,1281
2042,2348
5633,122
2971,2811
3969,1913
2346,2759
5183,825
3411,639
890,1089
721,1280
2839,413
5571,2627
3995,101
5039,2766
581,2963
834,1157
5672,2709
988,2563
1227,859
5797,903
5449,2637
578,413
1519,2199
5261,2586
796,1804
2749,2590
1508,320
5481,2360
699,1871
5250,2427
5537,1703
3130,2467
4303,2324
3243,2344
5858,1529
3327,1291
1047,110
4421,101
5730,2283
1255,813
3624,2975
5499,2350
4040,409
4129,1390
3396,307
863,932
906,1568
1257,859
3647,1646
4598,148
5949,2586
4741,456
5128,902
4505,1677
1153,2199
3493,1179
955,1460
5346,41
623,721
2651,2590
2255,2590
3026,2467
4547,2842
1701,2970
4261,2448
5163,1088
3901,1913
5675,482
2934,2878
4703,1103
4202,2807
3319,245
485,2450
1175,645
5356,1668
3095,1291
1383,1348
5106,1493
3244,825
4391,2679
3486,358
1096,1291
1655,2975
2596,789
4497,1385
3165,717
1618,3093
675,480
4460,1503
3787,471
1206,116
1342,1697
5593,1207
3633,4
4627,862
5155,981
934,2811
170,2415
1383,2637
1806,2740
4700,1340
5166,2833
3328,307
4221,1113
3529,2283
1738,2047
2354,101
1161,2975
750,1943
1409,825
4186,2058
462,722
1973,409
1651,358
2773,435
2503,574
2899,574
4805,1514
3184,3187
5362,2371
1809,2637
1050,1831
4028,1822
4852,2269
3443,2889
5148,1099
3417,1668
5635,1217
1536,4
1646,2616
5032,924
5333,852
2878,636
1835,825
4307,1422
2433,1683
786,2889
1560,2283
3468,852
2153,2797
3631,92
4527,2859
5752,2152
480,2590
614,2590
1777,1005
2188,2791
727,2467
1324,471
1040,712
2262,2740
919,2637
2397,2376
3581,1668
3784,307
5929,2953
5155,1115
676,435
4814,822
108,1671
4208,1766
1207,825
5476,1695
5837,920
2122,1390
532,3130
1325,2012
3505,2023
1724,2283
3498,852
5065,1572
5941,2963
2262,3090
1921,2797
5648,2152
4078,2824
3025,1571
1237,852
84,681
3205,2670
194,1041
2222,2910
2456,862
4710,822
18,815
293,2740
1029,1088
5100,253
3367,2439
705,964
3511,3127
3038,1217
3239,2439
1054,2838
1350,1668
2776,1217
5419,2450
5589,2861
396,2838
3044,1971
129,2494
1793,3177
5836,2738
2123,837
698,3176
779,1852
5720,2563
1214,1780
5768,1291
5702,2923
4864,2578
2612,1001
2350,1001
4382,2080
619,816
3449,155
5039,135
4822,2352
627,1431
5240,2111
1325,1207
2529,185
4504,730
3189,1921
5794,172
5887,2861
1728,2351
1002,1493
2872,524
5618,192
4365,3015
2820,2054
3102,986
1357,903
691,1042
770,1335
1374,318
355,1093
2286,1366
2296,2054
3677,1860
946,2500
2367,1705
4277,1855
4984,1717
5588,700
4020,2199
5543,957
381,1001
3039,822
1022,2495
2390,376
3271,2111
3243,63
5196,849
1909,1766
2274,201
1878,201
5648,192
3077,525
1616,201
3748,2450
5566,1291
146,2797
2338,1125
4365,1860
4521,2373
4896,1496
5462,187
116,1642
2437,2824
1308,987
3992,2029
597,1915
1509,2963
4374,3077
251,1278
3639,413
5117,152
5323,2472
2596,602
3907,1921
2535,2578
1976,2614
1382,155
2394,3127
3125,1131
888,1340
2075,2593
2097,2352
4336,1280
72,1720
1634,2850
3516,2450
412,822
4192,1501
66,185
5730,1291
1358,700
389,3090
3037,2415
4369,639
3090,2049
5079,1738
4215,172
2241,2481
4142,3077
1673,2963
4156,531
551,2859
2626,602
3639,1702
2658,2769
2665,1496
3069,2111
1687,2080
4180,336
5104,455
3822,2348
3025,1250
1676,1921
3243,2641
700,2578
3546,2450
1018,1921
5230,2257
2339,3174
4588,2790
4812,54
2313,263
3230,1655
2175,2019
2462,3015
5657,789
5034,1564
3499,1291
2792,1429
1689,813
2735,895
4058,2975
4065,1702
4915,152
5608,2590
2829,1496
1953,859
1325,536
2999,187
3014,2939
5946,1831
5552,214
3372,957
4309,1281
3913,1281
5040,39
3899,3103
2455,2194
3253,2174
3905,639
94,2367
4543,2616
1329,2348
5632,1082
5136,3130
2230,3015
5019,101
5103,738
5330,1683
2001,1465
4614,2267
2859,1496
400,2824
2117,859
2960,2302
4507,1646
4591,2283
766,141
1153,1341
1468,413
1686,1804
2758,101
2111,290
784,3164
5834,435
3358,2348
2353,2267
4282,2467
4309,2570
5498,2206
121,376
2817,681
5616,2427
1342,2933
3059,214
3379,192
3972,706
4536,482
5284,2627
3847,2889
1507,1465
4093,2164
4141,892
5707,2730
3372,152
1577,706
259,2188
1252,946
2439,2199
3194,789
5449,1913
1357,1871
1032,2111
4141,1831
240,3077
1613,1302
4990,810
1468,2641
3603,435
5635,1514
2909,2498
2164,2344
276,1953
4911,3146
3615,2889
635,2825
5901,852
1314,3113
2007,825
2566,2509
4285,1179
706,2476
532,3077
4171,1831
3486,1728
1676,1250
1729,2574
3950,2586
342,2199
4084,2586
1018,1250
2534,1281
4194,2946
4241,1072
5247,1001
5428,2325
2081,2467
5799,1514
1640,250
1456,2415
3018,2791
1514,1831
2524,4
1206,1486
2562,296
2641,589
3981,2838
4060,3131
4268,2114
4411,1668
3714,2494
3719,2838
4540,358
4614,307
3753,1668
5510,822
5837,1217
5906,822
1358,2257
5928,1335
4062,3177
5158,2622
4203,1904
3024,1266
5042,195
391,2441
2736,1765
4078,677
1760,3176
1684,148
739,3124
5767,636
2214,902
2938,179
2652,2791
1678,1831
2688,4
1294,902
1411,2241
5855,2146
24,1866
2913,122
975,2842
3595,2371
4729,2300
4863,2300
1888,2580
5940,1695
5575,816
1318,2427
1221,2494
1409,101
89,1702
2370,1765
2227,3177
5045,1001
5599,2341
4506,2413
1774,199
2027,2365
2009,1005
2205,2637
2279,2586
2308,1072
2666,1534
3046,1001
4209,1668
5224,185
5731,1072
205,2035
3336,1514
891,2740
1433,845
719,4
3857,2906
1283,2032
4227,2439
4905,1371
2210,1668
1513,2494
2982,2679
2218,1529
2619,2627
3431,2505
3746,1385
5771,2983
3508,1971
690,1703
2252,2833
1061,2370
1347,512
2570,1422
3248,354
3802,1694
3344,816
3964,524
4177,1571
5471,1001
3072,128
5689,140
5855,1341
1053,1728
946,2797
3742,862
4022,3131
3714,2978
5462,2578
3628,1514
2609,1535
2841,2824
2693,482
1452,2376
3752,237
5268,268
5121,972
804,2340
458,1703
396,825
0,825
126,964
1256,1683
4909,1089
430,409
5820,192
5457,140
4214,1207
1031,2504
4339,155
4876,2080
3917,2906
4421,2439
4390,120
4,2637
3509,2357
1277,2910
845,1001
4954,458
3847,2352
5834,248
789,877
3189,2352
3903,1695
658,2114
1439,2679
2148,924
4047,3137
1177,2679
360,205
1743,3090
1228,924
2066,2023
3594,1125
5719,1429
3573,248
2866,386
729,1765
1205,1694
5360,1496
5071,1393
4379,2563
4708,1341
5014,859
4117,2563
4189,2439
4158,120
3991,1700
3194,602
2900,155
3041,2080
3280,376
3765,2111
1659,2049
1984,2371
3254,3127
1299,1514
3861,1819
492,482
3241,2111
3911,1182
4766,1696
4067,1695
5280,1917
1529,2730
5404,263
2816,2901
4975,1281
469,498
813,308
4259,1865
1728,1627
2910,2536
2230,2023
3603,248
4398,2963
5181,1157
798,939
3938,2978
3475,1002
4666,1465
4277,192
5751,721
5786,1496
1981,2450
5178,859
379,955
4080,1341
4577,1393
5336,2199
5136,3077
733,3173
4088,2922
681,539
1039,1001
3425,2578
3518,2769
5211,218
3179,859
4643,700
923,826
1819,1341
3471,2199
2354,2439
3209,2953
2039,1115
1977,237
2092,2439
2519,1752
4702,1280
4332,249
1894,2454
1541,3090
4864,110
5490,572
2664,386
1692,253
3939,1486
1836,1695
26,1217
5217,413
4535,2271
442,903
2563,2963
2816,1157
763,3173
2222,2670
3595,895
2813,859
3790,2302
3105,2199
223,2670
302,2963
3862,2178
1651,602
1255,602
2511,1460
4705,706
5693,1281
4773,1281
4799,250
4494,1866
1941,1115
3443,2194
3804,1419
2259,458
1705,838
4845,2877
1722,253
1359,201
1006,837
4096,2759
5555,4
2437,2450
5403,2616
3352,3015
926,319
2593,2963
2130,987
3242,1157
2345,2861
4468,1584
5017,2580
433,386
2023,366
2396,1860
4547,187
4552,531
5474,2267
1260,2824
527,987
3197,3077
2724,413
3904,2939
1342,1136
4146,2472
3528,1147
4371,2590
3939,681
3977,973
1752,253
3376,1507
1576,1717
819,2300
3369,336
3505,1917
5072,2637
3475,1486
5334,2637
5622,825
5047,2580
4985,1702
1738,1486
3372,1738
3876,2769
5266,409
2358,413
362,2963
5061,1697
2571,706
4572,2472
2151,120
5582,645
1743,2769
246,2788
3804,614
5688,1041
5177,2811
717,2373
3661,336
407,1393
4151,2415
4662,2365
5364,2637
152,120
4840,2637
3364,1281
4809,1072
2720,1179
1999,1419
5452,1703
2871,1348
5426,482
3860,2616
4880,723
422,920
5425,2509
4475,2889
4757,1821
3202,172
2467,706
8,1280
2656,413
913,1157
5763,2504
2950,2580
1773,2769
3922,461
3946,855
4727,1420
5940,1642
4202,2730
4193,3176
3481,2970
4945,2811
2042,2405
4635,1831
1137,1804
2036,2590
3089,645
2466,1420
2941,2467
3665,1744
2163,1419
4768,2360
1223,2487
5158,825
1937,1830
5590,482
1304,1917
3914,4
266,1696
2458,778
3762,2616
3366,2616
4875,1668
1484,572
439,1624
3390,758
3180,1702
1738,1620
3437,2267
3547,2627
5376,903
4460,2365
687,413
1098,2199
523,1702
261,1702
1646,1250
4800,3187
2317,3175
2334,2590
1599,3124
546,1871
2375,901
3548,4
2524,435
1149,1383
4146,862
4905,1668
1066,1348
4032,1514
4851,2371
3159,2114
3651,1822
1316,1496
779,1291
717,413
4956,852
455,413
264,845
2590,2371
3364,1765
2163,614
5119,92
1492,409
795,1235
838,1871
2039,3022
1230,409
867,357
1574,973
2560,250
3279,903
629,1697
3374,9
1680,3089
3065,2637
4142,2032
5331,1668
365,2590
2156,574
115,2415
120,2759
2085,1862
3389,482
3394,826
3528,826
3965,1581
3378,1821
4380,1042
3709,837
830,825
3442,493
1614,2627
2264,2709
3400,267
3890,2346
4138,2448
3460,1072
4251,2325
4368,2910
1942,214
2214,2622
2859,1606
2828,41
2475,677
3936,1001
5099,1668
5423,2546
1841,2791
17,2415
1230,2637
4714,514
4843,924
2900,2546
1661,1103
5754,27
1917,2786
4133,2454
2588,1493
4988,524
3260,2300
4733,1695
3964,955
2582,924
736,789
2661,1217
2902,148
5185,1038
4734,2859
128,152
5358,966
2990,1658
2243,677
5736,2080
127,681
1954,574
2334,41
5474,2080
5859,201
4577,1340
5019,2439
1996,1739
4611,924
5086,1217
3422,3008
3891,1766
5159,1695
5329,386
3020,2439
1468,307
3369,149
4494,524
5289,987
2486,2505
2441,1042
4058,1125
1930,2058
1962,2505
202,1390
1425,3054
2199,1694
5635,2563
43,579
793,1831
108,1728
5445,2439
3239,1207
147,2622
255,435
3760,155
4472,1115
1046,964
4810,1110
111,2376
4531,1695
2389,2730
4199,956
5799,1624
470,2494
5010,2861
1619,1765
1388,1078
1467,1371
5089,1464
2525,524
381,924
3791,2824
4147,1705
921,2366
5007,2563
5269,2563
5651,413
5389,413
5869,1804
2851,1448
2197,2910
5444,120
5533,1855
4268,3163
4502,1115
3045,1
2537,2978
455,92
3929,1253
2389,636
2275,2978
3908,376
3667,1253
4660,1701
3646,376
821,2135
4484,1475
1292,966
2870,2629
275,2376
450,3131
3721,1489
5462,110
405,1668
4531,540
4787,2415
1802,2007
5174,2861
2192,2162
3672,284
848,3177
1144,2007
2696,1695
1531,201
894,1078
5651,1702
5389,1702
3622,1860
4711,2578
4069,859
5533,700
4831,1182
3105,1341
510,1088
5861,1697
2590,895
2299,3163
439,2376
174,2859
4914,2348
2326,822
5705,1157
4370,972
2635,1577
5443,2877
842,514
2726,1695
3939,1917
4718,1655
2311,3173
3331,1280
3336,1624
1423,267
903,1921
321,2505
2993,2978
355,2089
465,1695
2382,2824
3860,2563
4682,3129
2715,1
3336,2563
3575,859
4974,305
5359,2590
400,519
5789,1420
4729,2194
4835,2590
470,2978
5212,2348
5606,2467
3742,972
3876,972
4365,1917
1591,201
5932,2637
4046,1383
481,2578
1945,2419
3781,1866
145,2629
1174,852
1683,3173
3531,1691
5845,1702
1776,920
5024,18
757,1695
1877,972
495,1695
2453,2825
2866,2240
3475,1567
3528,639
4309,1204
4535,1547
3366,2563
3218,413
3046,895
4904,101
3436,1804
243,2413
1743,1911
2603,2769
5187,2641
2914,187
5789,2709
2002,859
1286,1443
1069,2906
1105,2563
1449,3127
2961,1696
783,822
645,2578
800,237
3243,2348
715,1819
921,1695
3245,2394
5220,2939
1615,3015
1252,2963
2668,1070
853,248
1749,3015
3007,1290
3778,413
5223,204
639,1982
3199,1460
1489,2152
2402,2082
2605,721
1383,413
772,2511
4160,1646
736,602
3413,665
4237,1866
4839,214
658,3163
4226,2616
957,2641
2712,968
315,3174
1168,2861
4415,825
1536,813
2623,896
2453,2959
2828,2082
1475,1291
1413,413
1609,1291
1251,1583
1958,2199
4988,1626
1206,120
889,413
321,895
4822,2088
3356,1420
3378,1179
5030,2791
4419,2637
1010,1871
3895,2637
5731,2838
5464,2494
255,248
3870,2580
389,248
2507,2791
4183,825
5807,2833
2221,2959
5158,2195
5256,2730
5509,924
1500,193
4170,2283
5868,1042
1315,413
3696,1646
427,1671
3388,1493
4207,2350
4467,1523
3090,2590
1144,531
3804,1179
3224,2590
595,1255
2460,2194
5015,574
1040,1871
3356,2709
5398,2032
2481,1728
1091,2590
3305,677
4167,2170
4268,2976
252,1266
1926,2637
5565,2145
5539,924
3720,892
3276,3130
5134,3090
4062,1595
1154,845
5240,1042
1577,1702
1181,1702
5584,1606
4290,1422
1267,722
3834,1179
5596,677
3386,2709
1149,2164
5640,1915
2469,2283
3933,2124
1331,1646
1739,717
2587,2504
3924,1072
768,2472
4865,2858
993,2590
3400,2792
5418,1
1027,2174
5583,2320
2639,1913
1634,2586
127,1917
4638,600
742,2190
5353,2797
1803,2580
4514,2227
2224,358
5804,1915
1012,738
2877,1677
1891,1646
5222,1001
4826,1001
4303,2946
4960,1001
1899,9
1799,2811
5116,1514
2246,1056
4448,826
2120,2637
5019,1581
3393,2910
3336,2376
1743,435
3694,2838
5867,924
3427,2494
77,645
3165,2494
3466,1668
952,845
4746,1422
4472,2351
1194,2822
1480,964
2758,1581
3154,2335
2534,2627
5834,1915
3384,2797
2341,2232
2711,1765
1671,3161
30,240
4273,2141
5362,2859
3321,1694
5702,2927
1397,148
72,651
4148,160
669,2627
2381,318
1257,1831
3833,1088
5746,755
3559,519
5508,1341
4199,3131
2977,1103
3937,3131
549,1744
1268,677
3892,1668
3613,1
2823,636
2212,482
5374,2280
5646,524
766,2910
384,2616
5885,540
3319,1217
4181,458
2429,1648
2763,1524
4943,781
3599,1042
1119,1493
5792,2978
1986,1078
5642,1
4181,1397
772,1385
2735,2859
4490,2906
1009,574
1315,92
465,1642
4506,376
4606,2300
5156,2178
111,2807
3146,2578
3542,2578
3404,924
1360,2494
3497,1115
3846,2023
5350,2983
1050,1514
702,2494
2528,1253
1547,2320
2366,3177
2550,1766
2882,2505
805,1683
5353,248
1354,2679
1708,3177
333,2627
3645,986
4949,2824
5140,140
4137,1448
4536,1157
5632,602
301,3089
652,1626
2266,2946
103,2350
1419,41
1894,1088
1233,1571
4218,1787
3411,1
2554,2824
4032,2563
1105,1571
1876,1448
1545,1843
3176,2578
5265,27
5,2946
662,1001
5275,2435
2986,2454
3848,1695
2726,837
4508,987
3895,2450
1211,1216
1237,185
4487,110
2004,852
2950,3174
4189,1207
4745,2620
5584,3163
35,2007
4118,2495
2953,1001
1948,920
150,1765
3591,2978
4448,155
4878,1429
5666,721
3534,192
1973,2670
4265,2922
3750,756
1711,2670
1687,2084
990,2910
3206,2578
1802,2788
1372,760
35,2946
1439,2736
3602,2578
828,2582
4054,1921
3844,2111
4813,1973
1314,755
385,2012
5364,3015
4567,1917
4517,110
1678,1217
2010,458
3066,2194
1187,2111
2636,920
160,2833
4468,1157
4876,982
2374,920
4912,639
5118,2959
4352,982
381,1489
2344,2963
4092,2563
2275,160
3830,2563
2010,1397
3906,895
1287,248
2092,1207
3518,2476
5584,1419
1360,2978
1255,1464
3208,1496
5689,681
4811,2435
5255,1917
1970,1217
4365,2348
4547,110
2630,2953
4755,813
5916,845
2633,972
2666,920
2767,972
4886,2959
3472,2481
4845,706
4994,1738
1104,3173
2112,2963
5926,2472
2232,813
3954,3164
4625,1871
3819,2939
553,2481
2461,1804
1074,1429
52,2495
3379,2640
5449,39
509,2182
4289,2861
3919,1830
1634,305
3277,2363
1768,305
4094,1831
3187,1157
1743,248
1894,2861
872,3173
1106,1125
2524,813
2529,1157
3370,1773
4468,1291
4242,1702
4566,2580
2136,2394
4900,1702
4097,3041
1048,366
4484,1235
984,2825
2264,859
4709,1353
4318,1697
2269,2923
1749,413
1102,602
3762,1250
4949,2503
5092,2811
150,155
3290,2194
2041,63
4124,1831
1149,2111
1779,63
953,2199
3408,2415
4280,2344
4309,830
825,2953
1659,2590
2688,813
2693,1157
3689,2842
4334,2580
203,920
349,2435
5275,2114
185,1280
302,1865
481,110
2910,3077
3407,3129
298,1157
1714,18
2576,1511
1779,413
2715,1855
2558,1871
1737,187
56,2563
5245,2622
4624,1780
721,2199
320,1855
4735,830
2723,1157
1286,1419
2599,2811
5135,1703
4739,1703
4677,825
5718,1529
1311,2415
561,1917
3075,296
5456,1529
1736,1655
5530,2232
1383,39
719,813
8,987
2202,896
2336,896
326,330
2430,2975
3017,291
2437,1702
3074,3077
205,2255
3103,1563
4376,2590
4813,2591
2144,137
4706,250
984,2959
4246,2709
5082,2981
4318,1831
2365,2765
3798,1041
4302,574
2433,1179
4608,92
327,1871
3706,2206
3427,2791
1341,2415
4032,2376
4914,2199
5513,2386
4878,892
4632,2371
1328,1429
2267,2580
2642,1703
5181,305
385,536
5593,837
233,2394
3194,2216
3230,2627
3846,681
4410,2709
4100,1729
595,2975
2355,1646
3475,1677
4989,1073
3702,2622
3306,2622
1451,681
4515,2910
1894,2190
3322,122
4287,2494
4485,789
4504,1031
5839,2182
21,2861
2872,825
3866,1683
2842,2114
1935,3130
2224,789
1690,101
1855,2612
2634,2350
3107,2570
4215,1278
2086,266
4087,2032
1642,2504
2583,1072
5916,308
2999,4
2089,1503
2292,142
4718,2838
1622,2791
3334,482
976,1862
2153,2427
4398,2833
5112,1422
4362,924
1626,2910
5248,3003
1244,2616
2457,2838
3838,924
837,1703
4130,574
919,2267
1205,409
4062,1571
4979,2963
4915,1258
3595,2859
4827,3131
2554,677
4918,2495
1635,2622
396,1179
3357,1001
4171,1514
5785,2080
1607,574
4795,1341
3712,411
5412,3003
4130,924
104,778
2566,3131
3149,1237
4739,1971
1776,1514
5506,386
3859,3090
1982,1390
3957,1935
5056,1089
1171,2114
3017,3003
651,358
2265,924
1690,2679
5675,2824
157,789
1781,2797
3830,1571
5143,2963
5521,2357
4874,2546
4631,2788
1615,815
5118,2906
5553,2080
176,250
5396,376
5527,859
446,1831
3020,1207
3266,482
4298,2578
2512,2494
170,435
1784,1001
3243,498
5767,319
1988,2494
1478,3146
4439,524
3482,2177
4822,1982
5555,813
733,3177
1325,837
2894,2946
4886,2906
137,2365
4533,1290
4660,2563
973,2637
4989,1341
4340,895
2979,2495
2215,1345
1814,1001
284,1072
3851,2424
3789,1546
819,2170
5325,2953
1328,2047
3561,376
4046,2111
2867,2439
5343,1280
582,1668
4799,2348
24,2838
2870,458
2550,1042
5337,2963
466,1493
1658,3090
5856,1276
763,3177
3700,2413
5061,1567
5613,2080
4302,2481
3474,2824
4331,1
2727,1089
3799,140
2942,2963
2870,1397
5072,413
5941,3077
1901,1535
796,92
2511,1464
5821,2194
2362,1341
2582,1115
2186,1115
1866,1699
326,1082
381,981
1924,1115
88,1668
2239,2439
2812,1577
2979,751
4176,248
5862,751
5936,639
844,1422
942,267
5575,3077
1984,2859
4656,2578
4260,2578
4611,1115
3964,1496
2140,366
4014,859
4855,1475
56,1571
3060,2029
2101,411
3386,2953
4143,2178
5561,1866
1304,1787
1121,2080
4053,972
2671,1695
4223,1383
4250,1486
1363,1613
129,514
468,734
3259,1865
4797,1655
258,924
5740,296
72,1700
2322,2450
2603,248
1548,1366
3802,572
5132,413
4949,706
899,920
5345,1460
1429,920
3595,1033
3533,155
5634,1563
4331,135
403,524
3782,859
4262,1496
1058,2670
3267,413
92,2325
2425,2578
3091,187
5023,2348
1884,3163
4453,2195
1199,3060
1786,376
1624,2300
624,2563
4301,2363
137,755
5770,296
30,2578
381,1115
3390,1917
2065,3174
4565,1655
105,1217
5367,845
122,2352
2109,248
5132,1702
4932,2580
5903,825
2783,192
255,1915
5866,1697
2875,3164
2694,120
3267,1702
5206,2590
1102,1033
4221,2195
1050,2563
2906,1696
5566,2344
5934,296
2737,2641
2434,2640
5397,845
2948,2861
1941,1953
174,2111
2829,2415
3933,1913
1703,849
4903,2939
5517,358
2155,192
5591,307
1188,1157
5708,1646
1718,1157
3290,2975
539,519
3672,825
5236,2590
4465,461
807,1465
3052,1871
3570,2800
3964,2919
1345,2080
335,1655
1448,2959
5440,1831
2852,305
818,2563
1673,3077
4156,645
3111,1697
921,1752
3846,1917
4918,214
5353,2586
5234,2894
2560,2348
1863,3174
5194,1775
824,1819
5521,2170
4225,1913
5763,1703
4171,2616
5463,3131
5762,2232
170,248
311,1419
3964,825
1090,1157
3523,2580
3127,2580
3201,2529
3440,825
4142,1097
3490,188
5513,2467
1110,2563
5482,148
1380,172
5604,1831
103,1655
5351,1385
5657,903
5705,2637
5936,318
2986,2348
3719,1179
114,1255
797,531
2058,2487
3357,9
5673,847
196,1819
4107,2981
4389,1913
4525,2740
1101,1696
5767,482
5392,2325
2336,1677
2742,3119
3518,2586
4294,2807
973,2450
2451,2189
3528,830
3552,2170
5768,1831
1033,249
1778,1157
3815,2580
5594,1493
5394,2371
5072,2320
3532,1703
3964,2114
4726,1683
4516,2627
3346,789
5949,903
3134,2596
1188,1291
4333,2920
3987,2283
1260,413
995,896
664,1291
1769,290
1478,1804
5790,92
1230,1702
1710,3093
249,2769
4504,523
4726,2622
1639,409
2186,3022
2907,2590
1234,2575
1172,1697
2543,3067
3558,830
2553,1503
891,3175
5263,1514
1500,250
2699,574
2220,2791
3896,825
790,1780
4811,1390
4776,2335
1290,413
4872,2797
5111,1093
5185,1042
1508,1804
1260,1702
5236,41
1060,2580
513,721
2656,96
1336,1697
2900,456
1857,645
5695,740
523,96
1705,1005
719,1728
2310,2842
3043,2427
4578,2700
4929,1237
5266,2320
3669,2889
1666,296
5054,185
5260,2505
1982,2976
5325,2900
590,2257
2028,877
209,845
4285,354
3676,1027
5610,1571
3839,267
4468,2690
932,2371
4509,1001
106,1097
1429,3177
4247,1001
2676,2791
1036,250
4761,1222
4897,2049
5938,1787
972,2709
3281,2376
5275,3163
3673,1668
5297,2922
5564,822
3115,2838
3569,3008
1702,1996
1800,2339
1304,2889
2162,2920
5696,160
2465,477
1047,789
3146,3090
1470,1646
1628,2232
2394,1765
4658,2413
5303,1397
5771,2963
5437,1397
3491,92
5521,2788
1245,2467
1002,2709
3251,2325
465,2504
5322,2578
2278,1001
3145,2838
5003,2044
5772,677
3026,3146
4442,1253
4168,2936
4199,2249
3863,2300
1206,2889
2579,1114
3766,2367
5600,987
311,2976
2047,1253
3771,267
1936,1422
611,2679
3152,1915
1003,1217
3861,160
1366,1831
5055,140
5550,2563
5901,1100
82,3089
1436,318
2632,1125
190,1868
3189,1982
3144,519
1260,92
2442,1001
3211,2495
62,2622
2773,2269
1066,226
417,2032
2953,924
1210,1668
3939,1921
3543,1921
4918,27
5427,2348
2985,3091
908,2269
1088,924
3832,2963
117,2679
5260,895
5621,120
645,354
1686,92
4182,2029
873,3187
937,2448
3752,1
3521,2320
3903,2614
3977,2563
4290,808
3319,119
979,2859
2419,2306
3121,2578
3914,1460
4246,2953
4779,972
4058,458
2616,376
305,636
5613,2861
1320,2371
1683,3177
3531,1695
2414,1181
3128,524
1380,924
3133,2588
1875,903
2458,3173
4698,2481
2418,2054
128,185
1343,1042
2143,1849
3734,2963
5090,1773
1074,63
2256,972
2010,2259
1743,1915
208,1642
3971,2906
65,3054
3208,2358
5379,2815
3390,120
3944,1460
1802,2495
2394,155
5007,957
5482,1250
5487,2348
5566,2641
375,1001
5902,2590
3109,2352
1211,1273
3475,1921
4943,972
5533,249
1259,755
4163,43
5786,2415
3736,1696
3870,2450
4166,1280
1227,1217
1296,822
4171,1624
2359,319
3097,248
2226,3173
3002,2640
5268,1671
5772,1204
4383,2446
1773,1915
4171,2563
1564,987
5313,101
361,3173
1018,1982
4435,1855
5801,1353
3712,1460
773,1397
2757,1496
4137,700
5651,96
4973,972
4360,2435
3405,2471
3833,2918
932,895
1455,2922
1257,1217
1171,3163
3900,2450
1857,458
322,185
2865,248
3968,1830
4529,177
5599,845
4418,2790
1323,524
1464,1695
4399,296
4831,2959
3179,3067
5182,1496
5648,737
2781,2240
4338,2272
1463,2224
4546,2975
4553,1702
3109,1547
5817,3175
3616,3041
724,2824
2525,1496
2205,2080
5140,681
5257,1266
1150,192
1678,2563
1215,1341
1647,998
3939,1250
3481,372
1235,1993
543,3163
4344,2467
3972,2861
3170,1419
2129,2435
5763,845
4770,589
2218,972
5231,1738
5752,2376
2657,110
2445,1917
67,201
1703,1280
1345,1572
1758,987
858,3174
1737,110
2140,1281
4511,2580
4249,2580
4645,2580
5517,789
2721,1034
4321,1702
4042,3041
2137,983
3663,1702
4659,1697
1734,1532
1694,413
5548,1041
2234,1855
3049,1250
3899,1420
236,2080
3154,1266
3672,2195
4131,2709
1190,1819
3487,2415
4855,296
302,3077
4912,830
5832,1739
2475,1917
374,2953
3927,435
5174,1739
5938,2889
1767,110
5050,1703
1612,761
4091,2529
2508,1276
3661,1255
2764,2959
4961,2385
472,263
749,3015
2048,1291
5568,2797
2593,3077
2142,172
1942,1804
1694,1702
228,1034
713,2769
4760,1348
2320,2164
4,2080
4477,471
1991,1696
3713,75
3529,1486
5812,2376
1080,1250
5665,636
3676,1913
1074,681
4897,1996
4792,482
2999,1671
4494,825
5368,1581
244,1917
3592,2939
4542,307
2458,758
4555,2232
4531,1646
4651,250
1858,1702
4093,1420
533,2959
1875,1871
4389,250
1713,789
2895,1698
2270,1646
434,2199
1728,131
4231,41
5891,1514
3050,2740
2224,712
3184,2740
5218,482
5223,826
4956,482
5431,1529
4202,2494
62,1280
4810,2350
2297,409
4350,2365
2445,307
260,706
4040,1385
2646,2283
361,758
2663,1698
5437,1694
5741,2859
2723,2503
1549,3175
1566,2590
2796,2227
2089,2365
3214,2740
4608,1088
1770,1831
2663,2637
4232,2494
3151,1637
138,1625
3574,2494
2970,1067
4575,2833
4955,2300
2751,1703
5363,1371
4910,837
3153,1683
4631,1422
6,2637
2525,2114
4490,1971
4846,852
3889,2505
2545,2766
4023,2505
5043,1366
3348,3090
3938,677
3754,2088
3153,2622
682,2627
1809,1385
5104,329
3906,2859
4625,2546
2247,830
1144,214
3904,2032
4401,2838
4306,2012
5337,308
5915,2234
1114,1503
4108,1273
4607,2906
4180,1149
587,296
2901,307
1242,1688
595,1877
4349,1335
3337,3089
5257,3173
4068,1093
4156,1694
3935,1695
234,1871
3570,816
1784,924
4007,1571
841,2283
3745,1571
416,1353
495,1646
4662,2963
2401,2586
1174,214
2535,2586
2583,2068
3698,1001
5193,155
4771,2906
27,2709
1505,2448
209,471
467,2981
2432,2838
2728,1668
169,1072
489,296
847,758
1769,2494
2624,3008
4403,1921
2548,2232
2675,1253
4850,920
5170,144
5347,972
3239,837
226,825
2843,837
742,1873
3640,1935
656,409
3696,524
334,358
4176,1915
4351,2670
2808,92
5547,1033
3728,1001
5517,602
4366,2978
3466,1001
5025,2614
5102,2080
5076,859
2490,160
4840,2080
4112,1341
2044,2325
4580,1217
3981,2578
115,435
4394,1993
2090,226
1799,2494
3595,822
2967,1253
3342,376
3180,2300
5014,920
2543,3177
4845,1865
3864,2178
510,1873
2420,2023
5820,2481
3552,1125
4870,2861
1384,185
2603,1915
4867,2563
4206,602
3452,140
2793,1258
3889,895
334,2586
4362,1115
3054,1033
958,2413
3768,376
3969,2352
254,2068
1257,1514
3991,2111
5844,973
1695,2679
3839,27
2159,2783
4293,1695
1428,2335
29,2889
1746,924
2949,458
2732,1921
4877,1157
708,3177
1644,647
2067,1504
4880,2394
3455,2481
1891,524
2104,1571
4241,946
696,1073
4175,2578
1637,2859
2239,1207
3796,1993
4968,1460
5300,2953
1769,2978
2168,2495
3536,376
2852,3127
300,2012
2153,874
4498,2450
1607,1115
1545,237
2488,2850
4255,248
789,1422
1928,1695
4922,1465
4137,192
4992,706
3908,140
5052,757
666,268
1485,1125
2622,571
3040,330
4217,895
1799,2978
2649,2394
3647,1496
4906,1871
4,1088
2733,1341
2707,120
2392,1048
3450,201
5170,1917
5614,645
4151,248
5605,2811
3669,2194
725,1787
2198,1182
1244,2352
5532,54
621,3127
819,1422
3706,3015
2942,1865
2880,987
5824,1394
4855,1532
5684,3077
1350,2778
2301,1280
4815,413
1019,3173
5484,1703
93,1695
1963,2978
170,1915
2472,2855
2816,413
5082,1696
4896,2472
5519,1697
479,2670
785,2188
2554,413
2213,120
2091,3163
2698,1855
3034,1804
3099,2199
3909,1250
4651,2641
4706,2348
5701,1179
5771,1918
5772,830
5221,3171
2955,2450
2110,372
1802,27
2311,2348
4171,2189
3152,2964
561,1921
4815,1702
3228,2959
4818,2939
432,2450
2531,1341
4926,2472
1237,1157
4201,1250
2251,1701
3445,1681
5291,2570
4606,2467
5857,2981
602,2080
1975,305
640,120
4303,214
1746,253
8,1341
932,1460
290,1993
351,1680
4921,2478
2378,2415
4348,2616
867,284
3329,2637
4110,758
2234,192
1678,2189
527,593
2318,1583
4300,101
205,1104
122,2759
886,1465
4831,491
3389,409
2828,2062
4208,1266
1104,2856
5385,1831
2506,1819
5135,902
5847,1862
4861,1831
5589,1072
1313,2441
408,120
1647,1563
2829,2472
2920,2590
1022,1511
5286,1071
4738,677
3033,2467
789,751
5646,825
2862,1831
620,1696
5816,482
5537,1821
1134,1917
26,957
1621,1281
5389,2889
5170,307
526,1280
2723,706
1647,1913
2810,2580
5797,1371
3161,1871
5881,318
2990,1235
1648,3077
1252,3077
3869,2335
5223,318
2859,2472
913,413
4944,903
5426,677
596,1460
1019,1563
749,1702
3426,1765
2884,250
5334,1088
2030,2590
3202,2811
1046,1696
3389,2637
4072,1913
4340,2859
5176,3131
5527,1668
2177,573
2457,2842
540,2467
3873,1703
5277,1493
1417,296
1566,2082
475,1291
2371,789
4974,903
943,413
1022,706
5048,852
5253,318
3694,1179
194,2769
913,1702
997,3093
4643,574
2420,681
1513,1697
5346,1448
3503,830
4430,2910
4394,1001
1278,110
4380,1103
4423,1739
591,2590
2771,2601
176,2348
3903,1703
2664,260
1425,2981
3641,1703
2636,2376
2894,722
4475,1340
5337,2833
3833,1873
3470,1821
2866,2838
4647,2386
4268,1801
5049,2366
5301,924
2401,789
2535,789
4118,2796
1267,2580
4431,1041
809,1702
5212,852
1160,239
3935,837
4673,574
812,2939
4867,1571
2659,266
2432,1041
3927,195
3242,92
5305,2736
487,2590
805,1179
3133,1088
1388,1005
323,681
1584,2637
1188,2637
5739,2439
5259,1048
1322,2637
3779,482
4259,1873
3588,1668
2533,2032
4752,1217
5239,1335
476,896
4010,2300
4227,837
4344,1422
5080,524
2495,2679
3844,318
280,2647
220,152
5218,1397
937,3176
460,1302
3454,1072
1117,1831
764,2467
2261,2448
2557,1278
3037,1915
4219,2824
3833,1068
956,2637
4786,2679
5099,924
5178,1217
2960,1668
4851,822
47,574
169,1503
2397,2494
286,2842
3094,1668
3827,1253
3240,1493
24,2842
4174,2300
1894,1873
2386,1581
2787,2679
4256,2864
307,3130
725,2889
4787,248
334,789
3403,144
3945,2413
2252,2520
3396,3137
4511,2824
4598,2978
2991,2859
410,2504
1012,852
229,214
5005,2578
762,677
557,1211
4698,1115
5247,2111
4851,2111
4176,252
4208,3173
5624,1280
4855,540
3320,267
5350,2963
5737,1157
1943,2300
3369,1849
2746,2624
4279,2824
5757,2563
1003,924
349,2386
2355,524
2529,2397
1438,852
3284,987
3998,330
5798,120
5891,2563
4206,1033
157,1627
534,1385
4419,2080
4028,2424
2125,1001
3064,2906
4234,2300
3167,1341
2962,2629
424,2910
1365,724
3306,2439
5183,1695
1929,308
878,636
5776,2963
3608,2023
3202,1335
5528,2861
2135,376
4843,2758
433,1683
4941,849
5438,1655
2526,1695
637,924
5250,2358
5835,1291
4140,571
4943,895
5204,2922
2893,176
4951,2476
5422,2061
3264,2563
1526,1207
5650,1696
903,1982
4838,320
5536,2348
2427,376
312,1514
2561,376
3280,63
446,1514
384,636
778,1
1743,3127
2366,2352
3075,597
4157,336
4165,1917
4643,2481
3545,2963
3146,248
4973,895
2177,386
953,1695
2945,1655
3690,2563
364,2054
2537,140
3065,2511
5689,1250
2633,602
3414,413
3894,1804
582,1001
2371,602
1536,740
1560,2080
1930,859
1694,2080
5316,1419
2516,202
2717,2178
845,822
2455,2178
5461,1773
3191,1280
1147,2850
3327,2861
1868,920
5090,2769
4305,1496
4386,172
3727,1290
1980,2824
1314,2963
1448,2963
1847,982
792,1346
3827,1871
2440,1496
2252,2199
1130,1341
2381,1855
4225,1917
4316,1281
3280,2641
3963,1917
4388,1157
1177,2850
2951,1419
3085,1419
3095,2861
3183,2708
4620,2446
5208,896
5120,2769
1770,920
1374,920
2773,366
2088,263
3623,536
4046,639
4132,413
2447,2825
336,3173
4677,2199
3021,845
1338,2394
1018,2978
3432,187
1489,2563
1475,413
1936,808
1609,413
965,2563
1600,859
5896,2586
3485,198
971,1819
3846,177
4830,2791
915,1695
5853,2889
1732,1917
746,2640
1522,2861
4906,2786
5462,789
1260,2861
762,140
512,1655
1257,2563
1567,1291
5364,1385
5476,1626
1494,1752
5532,969
931,2578
3866,1179
2156,1871
3460,491
289,859
4803,2257
1207,1695
1685,1697
2420,1917
3492,214
4383,2637
4824,1831
57,2953
1172,2640
1609,2641
1812,1280
2297,3015
4157,3048
5397,1683
2112,983
2745,2616
4305,2919
4797,2627
4401,2627
5172,2504
2885,152
4504,1816
1971,2441
4554,1179
4815,1703
4838,938
5135,2622
2186,1871
5107,574
186,2959
3782,1831
57,859
4178,1831
215,2199
2524,1866
4120,1072
2138,110
1317,2590
902,2348
3206,1671
1048,1419
4439,825
970,1728
5848,2679
2441,1050
3919,789
4772,2920
5190,2679
3760,1668
5451,2454
3906,1493
5330,1935
118,172
1867,2626
2999,1728
3426,1041
5394,2859
1927,1179
1980,2503
3804,435
1068,3175
5440,1514
1856,2467
2835,573
1986,1005
2048,2637
2256,2586
1925,1291
720,2842
4070,1493
5582,816
40,639
1702,2939
2013,357
4038,2709
2675,2920
4308,318
1849,1646
3065,1385
4132,92
2437,1816
1511,2590
1048,614
1115,2590
1841,250
1624,2467
5507,1581
3764,2325
383,1917
1195,1041
2962,1637
3017,1344
4216,1668
1592,677
5083,1253
4162,2371
3862,2833
5340,2572
5708,524
598,4
5909,2500
5921,1571
5382,2983
5082,1001
5216,1001
954,3022
1735,2833
3927,1915
4056,1571
568,1266
1230,1385
805,455
1999,435
1,2350
1902,2946
5584,3090
1618,3187
2962,482
5133,185
652,2842
2896,2114
4723,2007
5019,837
5076,1371
2381,1668
1684,2494
2281,498
4215,1042
4705,2367
1723,1668
1214,101
159,465
1028,877
2131,1493
21,2975
3025,1181
1359,2145
3613,1351
1653,148
1154,2679
1467,924
1909,1831
2637,318
4273,1397
1296,1042
2029,435
5633,2578
3888,2495
4320,2906
11,2637
1680,2910
4300,2439
2411,1668
3531,1699
3906,822
3510,822
3923,237
1342,636
2472,1355
1242,2684
982,101
2766,1078
3910,1695
1580,2679
4434,160
4637,2963
3181,2983
4286,1982
3193,2054
4375,2963
1092,3090
1775,2366
1844,1971
2083,267
3907,1397
4177,2978
5462,602
3015,1001
928,1935
66,250
212,1765
1265,574
3765,1
4468,2373
1710,2910
2315,2495
2232,740
5871,248
3488,2352
5867,2758
3171,201
2226,3177
237,482
2935,1422
4929,2209
1868,1217
4645,2450
4151,1915
4841,110
4862,987
4941,1280
5063,2963
3872,248
1344,1217
5426,3015
2096,852
2739,3173
1273,2505
523,2007
3744,1002
4938,982
2436,920
3613,1485
736,3054
4079,2978
1842,3187
4358,2393
1957,3137
3294,1705
4789,859
386,955
5195,1547
489,1642
4536,413
157,903
5450,376
5550,957
3451,376
4497,458
522,1001
5837,1953
2552,1253
267,482
3441,1351
4831,2963
1374,1217
1207,2797
94,1493
4321,2861
5092,2738
439,185
4293,813
425,2007
3835,1655
2004,2552
3236,2824
4318,2563
4566,413
5101,1511
5245,2199
3667,1290
4849,2199
3784,2629
3863,2922
1320,2859
5594,855
814,1001
5921,1250
2094,1
2641,2614
3332,253
3070,253
1859,2578
2695,2850
618,308
5248,1157
3804,248
2472,2778
3964,2415
2859,972
2007,1695
546,1371
1683,1571
4396,1291
4465,896
2720,813
5032,2441
440,386
1966,1105
5034,824
132,41
235,920
2599,2738
4710,700
3010,2080
3464,1496
499,966
2942,3077
4415,2472
934,140
5910,1626
2590,1871
5890,1913
5470,573
5475,1671
5337,983
4239,1465
4972,296
2904,1280
5538,2959
2731,3015
847,2588
2404,2620
4099,896
5188,2580
1024,972
4866,2529
3408,2476
4485,1871
4619,1871
2513,2563
2117,2563
4445,2472
386,2378
4758,717
4,2084
4880,1646
2237,413
4171,957
1896,120
2032,1701
2099,2923
4389,2348
4726,1179
1746,1115
1180,2424
779,2080
5705,39
1154,1203
5720,2791
1990,1475
4660,2811
3901,2759
5379,2498
489,32
3371,1281
62,2439
5890,758
1612,2054
1999,248
2140,1419
944,1366
1054,972
1341,248
2919,1157
4749,789
762,3015
2987,1291
5261,2627
1536,1655
533,2963
2002,896
2888,2975
2499,1702
2437,824
2881,1804
4018,1250
1129,1496
2311,2405
5750,2791
342,2614
1070,1855
2054,305
4442,2709
3695,1728
3986,214
4951,2586
92,2439
25,1217
5915,2104
1678,957
2464,1866
3677,2088
2029,248
382,700
886,2677
1512,1419
3549,2842
3823,1913
4105,845
2905,296
3017,1291
1322,3015
1212,1157
4517,789
4639,2472
2693,413
4940,1646
1390,1429
2656,2975
3300,825
440,1809
3819,1390
312,2563
3249,1799
694,413
4135,1626
1910,152
2417,1646
523,531
3236,2503
3890,1041
3895,1385
309,1511
4365,2088
622,510
1945,2590
4237,2842
553,1871
157,1871
2850,2467
4049,2791
3629,2205
2853,486
4415,862
437,1696
3689,4
3799,2616
4131,1103
490,1522
2059,2877
1257,2189
4354,2838
5712,2283
1465,2138
2532,845
2802,706
3392,1703
5488,323
2693,1702
2297,1702
587,2394
3104,482
599,1465
5224,250
3797,2920
5483,1642
724,413
4607,1971
5333,2637
4225,1677
5605,319
2721,717
1700,665
3658,1041
2894,645
4202,1693
1512,614
583,1871
3945,2791
3962,2206
5529,482
4431,964
5329,2114
5076,1668
2433,435
127,2759
1761,2257
1360,1913
811,2637
3263,892
4856,2833
3280,307
4558,924
3935,1699
492,413
227,896
5848,1366
309,706
2699,1493
4338,2089
5707,2824
160,3057
958,2283
4587,1103
4962,226
2085,1041
4246,810
1472,2504
228,717
2083,214
5116,2356
3495,2339
1922,2740
4389,2027
3324,1703
3262,825
2319,2376
4850,924
1622,758
1093,2858
584,1291
4340,822
2074,101
5040,267
2101,204
5436,267
3732,939
129,896
4432,1350
758,1821
1878,1852
2697,2709
3346,903
481,789
85,789
2647,902
3000,266
3447,955
3550,2396
2120,1385
4288,1571
5343,1207
1082,1918
4508,1345
1240,2504
5566,498
884,1179
2066,2088
5323,740
1634,179
1804,2842
2246,3187
3991,826
5219,2080
372,1004
5014,924
4697,1217
3157,600
2596,2253
4752,924
2510,789
1247,2170
4027,1422
1093,1703
2022,2920
5767,2824
1746,3022
153,1081
2861,2709
4318,1571
276,892
5290,2670
1611,2797
5338,2152
1757,2622
988,1128
2414,677
5907,2080
2431,92
664,250
461,2365
404,1831
2849,2325
2117,2376
773,2637
1888,2324
5061,339
2347,2838
3772,1253
5346,700
4468,2454
4062,1766
5423,920
5920,972
3795,1422
4672,1695
5405,1280
1898,1699
595,2715
4561,366
4538,2634
4968,1464
3063,160
2748,1088
2853,1104
5936,1855
4432,895
4487,602
4688,2578
2456,3131
4657,1013
2458,1514
4030,2578
3328,3060
1382,1001
3653,376
3333,960
3493,3127
5907,336
2813,924
2959,2439
5139,2450
3320,2418
5435,1280
512,2838
4879,833
572,2889
5569,1280
2559,2505
5181,2861
5437,572
1447,837
5762,2614
5440,2563
3874,725
1133,2367
3700,2824
5110,3077
2962,1397
1064,318
164,2505
4278,2306
5644,1804
463,852
828,41
2127,1535
3548,740
4661,2044
3169,155
3405,2906
4960,2111
605,3187
2989,2439
4331,1351
5186,1865
5902,1281
36,226
2474,1993
4268,248
5932,177
116,1683
5490,2269
3187,1865
5121,1655
4859,1655
5604,2563
5852,413
5294,1583
3754,966
3198,2963
1794,3173
3253,2670
4547,602
5163,2820
5242,3113
5560,1702
5590,413
35,1694
3791,1787
465,524
4190,1496
2326,1
3874,2953
407,519
3153,2439
5241,2861
1614,2424
5876,1157
2677,1921
2223,253
1619,1078
3334,2450
3611,1038
5634,2563
4627,1655
3591,3015
5286,1291
2765,987
5489,896
2433,248
5620,413
5852,1702
5590,1702
5924,824
495,524
1672,1089
4347,2769
987,986
3958,1496
5011,305
3433,2614
169,2983
766,987
1284,2670
3111,2563
4837,152
5752,717
3353,2850
903,2978
1364,155
2527,822
902,1787
3562,2435
1351,859
3641,284
320,119
2840,2450
3668,2861
266,822
1400,751
2234,2640
5450,1291
4223,639
1289,920
4773,2769
2003,263
3961,639
3642,859
796,987
5648,717
5770,1646
1988,140
1384,1157
2559,895
5620,2641
2378,2769
5067,1903
5366,1004
5502,1831
5643,3002
655,1
259,1
844,2906
3394,1696
887,1290
787,120
472,1048
5737,2637
2800,957
3266,2450
3166,1280
5227,845
4129,573
471,1577
5390,2529
300,1695
2898,1465
830,1695
4026,3077
2510,602
4160,825
2372,2358
2776,721
300,2634
3369,1235
1638,1804
3938,1917
2498,218
5185,969
1575,2953
3060,1419
3576,2467
5494,2478
1425,1696
1015,1044
1846,972
4141,933
5220,963
5798,2889
3924,706
3867,172
990,987
3249,1291
658,248
4025,758
3877,2580
5407,789
3157,1702
3661,1235
1070,192
1837,859
2453,3077
4712,2627
3199,2619
1384,1291
1322,413
2800,152
895,2820
1191,1650
573,2769
3097,2590
5573,677
5590,92
3611,2811
3740,2467
1522,2918
3301,1831
4822,2206
2602,1830
4328,2637
4483,296
3610,2586
4221,296
5814,739
1366,1624
2470,2842
1625,572
4020,1703
4354,825
4474,1873
5897,1713
4066,358
4630,2386
325,2825
2221,3077
3250,738
2830,152
956,413
2914,789
4855,2504
3943,3176
1565,1460
1169,1460
5247,1042
5509,1042
3784,645
5517,903
2896,1903
1211,1871
1106,357
1727,2919
2259,336
2980,96
3611,1656
32,2199
1472,1646
4096,2637
5178,2376
5185,1103
2060,2570
2748,2190
3546,2170
597,1419
2634,2842
3823,2478
3988,825
3105,2427
4158,482
5710,924
4013,1821
651,1655
3705,1668
5935,1042
1513,896
4857,456
693,2820
698,3164
3957,199
4146,2350
3683,1128
5225,2572
5877,283
2115,2627
4340,903
945,789
3312,2124
793,957
4967,1001
5870,2495
1090,2641
2122,573
849,1266
1731,2637
3746,137
4260,358
2512,758
4136,2012
3473,1668
3542,1273
2778,877
5049,2504
5090,2505
257,573
262,1671
4479,2351
1093,845
4753,1422
1557,1703
4702,1642
299,1738
2964,2730
5445,1915
1737,358
3991,318
703,101
1231,2472
1616,2283
3005,1041
4973,2859
5446,2325
3467,2792
4473,1001
2589,574
239,2626
1175,96
2319,713
4561,1602
1713,903
1398,1831
5619,1
1895,2637
1499,2637
2984,1103
2710,2032
5656,822
3799,498
989,845
4761,2572
1394,2062
5525,1278
4950,781
4955,1125
397,152
4658,2824
3739,2325
1877,903
1925,2637
877,1728
144,645
742,1503
4081,2439
2601,1873
3382,2438
2570,308
3098,2679
5634,1571
4768,2588
1977,3177
1552,1493
4535,1828
2419,1078
1099,2679
4638,263
5679,1
474,2627
4772,1017
5575,1341
3939,1982
5454,822
4265,2906
5634,1921
1687,2068
639,1913
90,2637
439,2791
4245,2439
341,4
1232,2427
5767,2450
5531,1419
1011,738
5818,2415
257,1996
1745,3177
2141,3177
4006,1110
4216,920
831,3022
3902,2450
586,185
1778,92
2960,1001
4517,1033
4644,3060
1495,3187
4069,2563
5082,253
543,2740
2353,966
4180,1613
997,2910
3542,602
4285,3127
3617,2439
1117,1514
1497,981
437,1001
3075,1890
2455,2182
1880,2439
1868,924
3077,1936
3293,248
5311,1429
2136,1089
4555,2614
797,1694
2755,2824
2010,2670
2089,2963
4176,2029
1311,1915
4472,859
1681,1448
4040,2922
4536,120
4692,3077
1080,1982
5521,2178
1973,2788
2914,602
3115,2578
3000,376
4225,1921
5584,248
1105,2978
3784,458
1936,2906
4422,2435
3828,1696
1782,2439
4258,1280
4738,1917
5440,2189
1467,1115
355,1699
2318,3173
3784,1397
4374,2394
3152,366
1753,920
4229,2979
72,98
3239,2240
849,3173
2086,571
4383,413
3722,896
982,2736
631,1001
2608,2373
4108,1871
5767,490
5646,2415
4032,2815
556,1581
1812,2439
3290,2178
2667,2953
4907,3015
1483,1217
1784,2111
3487,248
2122,386
4011,2877
3252,2825
3343,2189
4279,413
2536,1157
4334,120
483,3173
4017,413
839,2054
5483,1081
4252,2939
1141,140
2667,859
2431,2080
4563,357
220,1258
2563,2199
3635,1250
2269,1752
4223,1420
2435,2953
1265,1115
3665,2590
3961,1420
3658,1419
4174,2467
406,859
1786,63
5695,2842
2419,1696
3840,901
2310,972
2933,1917
1429,957
1551,2640
1895,2450
3316,1655
174,2953
4727,172
1122,248
4267,1877
4279,1702
1743,366
5617,2370
3365,1547
1021,2825
1800,2563
52,2963
2113,808
1760,3164
4279,2641
5017,1816
5067,1179
4614,645
1104,1547
837,1203
2296,700
4204,2467
835,376
4703,1656
5439,4
3221,455
2775,2620
5629,101
1286,248
2420,177
4524,2822
5334,1873
2650,639
112,920
3596,2769
2784,639
1447,2825
4050,2939
588,849
3780,3078
4110,738
4855,1646
1567,1429
92,1207
4362,1713
4417,1420
3775,1953
1230,1255
4587,1831
4368,2467
5106,2396
3339,2554
2652,1624
2731,1917
630,2953
5387,1103
3768,1913
3847,2206
658,1968
90,2450
470,1917
4257,1323
1980,413
3458,152
2825,239
2274,2580
1656,1255
3091,358
3151,409
317,2614
2538,2626
2550,1697
2130,357
382,757
4458,266
461,1804
3205,3089
3114,1281
4628,677
5736,1637
1257,957
4402,2586
4383,92
1945,2297
2621,1348
3419,574
3481,2206
4940,1703
5444,482
4225,2889
75,987
5395,2283
3922,636
4637,2833
5738,2622
2417,1703
3152,1923
4888,200
2088,1235
469,1291
5300,2396
2392,1646
2867,1939
4589,318
5071,92
5098,195
2238,1179
3628,2791
302,1528
2568,2811
2881,1056
5345,826
2301,2467
656,336
2755,2637
5021,1668
3966,2032
4260,789
1548,1671
3574,461
4107,924
172,896
4115,2505
1737,789
2580,2232
2248,1493
393,1804
3084,1765
1170,2627
1786,681
1032,973
908,2627
3289,2170
2561,677
4789,1668
3760,1001
2541,964
3327,1873
2384,2478
4612,1217
2136,3130
5040,2418
1305,758
3199,2627
1831,2494
2872,2232
3333,2627
4145,2505
1767,789
2340,2371
3787,2797
2598,717
4479,1627
5845,1125
175,1702
550,825
4651,2084
2841,852
3400,2536
2853,677
4162,2859
3656,1001
2591,677
1894,1503
3790,1001
433,1179
3394,1001
5285,155
2451,2360
3132,1001
4340,879
1370,1503
1100,1642
5164,2080
1212,2637
3273,482
611,3171
1299,2791
3095,1873
1691,2083
292,2637
2820,1668
2658,2838
5564,2953
2341,3131
2067,2370
5596,3015
2600,2833
3314,1422
2739,3177
3554,2572
4659,1571
5882,2481
5939,3015
4918,2963
2621,677
4324,2978
740,3177
1440,2622
4062,2978
2935,1776
4260,1273
4473,1566
4203,1705
5607,1495
5634,2352
283,2709
4576,755
4529,2629
2984,1668
2724,2495
4083,822
3737,185
356,3187
3589,1253
3568,376
1737,1273
2608,2320
5094,1849
2298,1340
2516,2731
1351,1237
5210,2963
1495,2679
2557,1042
1872,185
5330,813
4540,1448
211,1493
1066,2007
2525,1504
1527,3156
1585,2572
5625,2424
1838,574
5859,376
1695,2740
1335,2397
2885,1258
4115,895
2754,2495
2358,2495
3708,2234
1767,1273
2686,1048
2285,704
3885,1372
3933,2352
4950,1696
3554,1767
5464,1917
2183,2679
4822,2450
457,2838
4574,2348
5341,3015
5627,1157
2824,1921
1695,3090
1640,185
5234,2394
2792,3137
1849,524
4268,2049
5123,2563
343,2709
816,2367
334,903
2989,1207
4145,895
571,92
3389,2080
1522,1068
2241,1
3258,2563
3497,859
4980,1696
4295,839
4677,1695
3369,1613
783,1668
2410,2439
225,2838
4213,248
4498,2861
4173,849
4374,2825
5136,2394
2154,1695
2794,1089
2808,987
5480,706
5535,413
1039,318
1438,27
2747,2963
4917,1532
4877,413
2881,2963
1506,2413
601,92
3820,2424
468,2946
2421,2978
4157,1255
2001,140
4748,1696
4958,2472
25,2376
3492,1804
4063,839
5271,717
5584,1968
5042,1419
3295,2953
2046,822
425,2495
29,2495
1237,2373
4525,2590
4181,336
2773,2090
5163,2877
1988,63
3659,1917
5856,589
3034,1865
47,822
2359,2450
611,2850
2507,2348
3187,2861
2378,248
3670,3015
5776,3077
5521,1804
2635,813
286,57
2908,413
1528,1017
3295,859
561,1982
2001,1429
108,1448
2519,2358
4647,2179
2501,1752
1804,2578
56,2978
1584,2080
1188,2080
436,1
40,1
174,1
3949,336
1588,2199
3749,1968
867,2439
4585,2240
3914,1281
2878,2641
2389,2450
3165,1917
2740,987
2179,2640
5333,413
4586,2842
5133,1291
5212,1584
5740,1703
1234,920
3202,2738
3565,2790
4374,2959
803,1865
1137,987
2558,192
1338,2963
875,987
3134,1291
3721,859
3189,998
1112,2620
3850,2959
5319,1646
1067,1157
2879,18
5243,2590
826,2788
5374,1353
4876,1076
5299,1179
354,2978
956,2080
1020,1341
1326,859
751,2614
5063,902
5581,1831
732,120
2748,2918
4634,1728
2428,1250
1490,2953
4468,2190
3804,2964
5172,845
5333,1702
529,700
2924,1831
4142,2959
1592,1917
3371,830
1731,3015
5322,789
5834,2627
1770,2189
3298,1291
3396,2580
3857,2975
3461,2975
2348,1671
3404,2441
4402,789
5930,645
1117,2563
702,1567
5277,2709
1490,859
762,120
1242,757
3618,1646
600,1290
5786,2586
5419,1072
5469,435
2750,2590
9,822
4104,573
2010,336
2875,1538
289,839
2639,2759
4929,2376
4989,2427
4657,1688
1360,1917
5030,738
374,2640
4042,3078
5859,2283
4828,789
5332,2766
5797,2371
3164,2580
3582,2339
4666,461
3320,3093
1142,1465
5307,2709
536,1655
3091,789
1188,120
4770,2504
5379,1831
1067,1291
5186,2190
1569,2441
430,2922
2990,1646
2441,3124
538,1701
3499,1523
2773,1419
4268,573
4414,2842
4705,574
3249,1348
367,1819
9,2111
3681,1005
4092,2791
236,3056
5088,2032
5530,3131
4771,2325
3508,296
500,2348
4660,2494
5431,2371
5369,1493
2148,2498
2561,1913
4462,2509
3266,1702
4763,1683
1903,1913
4818,1390
1473,639
4575,2386
5153,148
624,1071
1359,1291
5798,852
3678,1646
1613,2339
949,3113
5553,267
5699,92
3658,1179
1488,358
4984,1278
560,305
458,2472
1525,1179
1468,645
5718,1273
549,2590
2736,574
4224,1001
3525,1000
1567,2344
2334,2257
4034,877
4504,1580
5264,514
2382,1739
4199,944
5527,924
2340,1513
2773,614
376,2820
3929,302
5145,41
628,789
3353,2586
366,789
3382,1072
4516,1001
1133,3176
1066,1954
713,2590
2900,574
3170,435
112,3124
1222,2467
2299,1862
2347,2842
523,214
2097,1913
5010,755
3418,1668
365,2257
1542,2822
4035,1078
1836,825
1581,1996
4186,493
4676,2572
4948,816
2023,651
4782,1278
5257,1571
3311,266
5632,1448
5778,2963
1335,250
5564,1
777,1420
2668,574
5722,1341
5532,1217
3548,2838
3844,1668
5191,924
5666,1217
2890,2838
5495,1335
3332,1493
1866,825
5914,2450
1719,1529
5869,987
5855,1089
5153,1571
1187,1668
5158,1915
2787,3090
1591,2283
5016,519
5224,1222
5482,2978
356,2679
2013,471
411,2386
5332,1
5879,2614
2293,2740
5624,1341
1608,2637
457,1041
1577,1072
2685,2032
4118,308
3261,3131
5856,2630
4711,822
3001,1514
1602,2068
4761,185
4298,3127
1073,2478
765,2325
2890,1683
5063,715
2628,185
5637,987
3457,1730
5375,987
360,2047
1559,2371
4172,3173
72,826
812,1390
1794,3177
2871,2572
2766,1058
842,2730
4462,2188
4505,2824
3056,1571
5721,2563
977,2366
1316,2586
979,749
4119,2788
5127,2578
5707,413
3642,1668
2336,2413
1276,3187
3948,2906
1014,3187
4247,1253
2358,482
2244,2824
3655,1341
5107,2111
907,2566
328,2859
5464,2348
823,2838
4598,3173
5111,540
2824,2352
4262,972
3672,1695
1027,2833
31,2114
1815,1371
4967,2481
4762,3015
5684,1341
2599,3173
2062,2002
1007,2366
3755,2861
5868,896
3273,1397
3617,1207
403,939
3543,2978
4140,982
1139,41
2438,1535
263,2622
4014,2563
5752,721
1880,1207
2012,2824
3834,3127
5584,1110
4813,2953
5014,957
2906,822
889,2495
1307,3008
2828,1131
3702,1695
773,2320
1771,1422
3440,1695
4173,1280
1155,924
4658,3015
4603,110
998,2438
2863,1125
3238,248
5024,140
5127,1773
1462,852
901,2505
5648,721
2062,847
3557,1
458,1935
4637,3077
1693,2670
2042,2824
3849,1341
4186,172
4308,1855
5380,152
5178,957
412,1001
3500,2850
2048,2080
4980,972
4331,2778
5021,973
5415,2590
43,2824
5561,2415
987,2629
2157,2023
1398,1217
1057,924
5859,1291
1647,1921
198,1422
1075,1695
5008,2616
813,1695
4151,2029
4531,1496
5063,3077
1599,160
4328,413
1019,1571
4390,1291
391,2002
4696,1563
3670,413
1559,761
2071,155
4101,2851
1169,2269
157,1017
4945,1486
234,1237
1442,1115
4367,1280
705,822
1918,1044
3580,2590
452,376
4877,39
522,1115
4631,572
629,1766
1019,1921
3170,248
589,647
3464,2415
408,1767
1542,1696
5770,845
1098,524
2853,3015
2089,1865
3192,2481
4699,706
2969,1655
1966,2963
717,832
3984,172
5178,152
775,248
4899,737
5524,789
2793,1429
4261,480
4314,1804
3670,1702
2622,1547
1648,1341
2904,2199
5128,1728
4070,131
5157,214
1984,2953
948,1115
5041,39
194,3127
130,1422
4032,778
4696,758
1196,2348
3130,2138
814,2054
1996,2963
4388,413
4205,706
2002,1465
4928,1266
4374,1646
1879,2563
1531,1291
3343,152
3682,372
1727,2923
2483,2677
2722,973
5007,2498
3233,1677
1736,1696
5086,2791
5138,2981
2603,1281
1756,2348
286,972
2151,1157
3307,845
1903,1055
3075,1276
5556,461
2441,172
3709,101
343,725
2368,3077
3373,152
5885,2622
3892,717
4327,645
1834,137
4396,250
2004,2800
1061,187
4148,148
2348,358
3506,681
5378,2791
3218,214
45,2199
5721,2376
5009,2170
3921,2586
4212,1072
1306,957
313,2953
5552,877
3117,2791
4793,825
450,972
4531,825
1117,2189
4897,2114
4248,1668
1629,1583
3141,152
3392,1683
4555,2350
1148,721
921,1496
1284,1548
4945,815
3338,2386
179,859
4379,2124
1488,789
2319,717
2045,1646
4657,1314
4311,677
343,2953
1019,1250
4328,92
3219,1913
1930,2827
3977,2494
4918,308
3261,3078
2153,2118
4290,739
5427,185
3556,1683
3952,2437
5870,1694
472,2959
2616,307
2688,2627
520,2441
1160,1081
4534,318
3949,1385
1328,665
1366,957
2324,2350
473,1871
5144,1001
3160,2622
2774,2586
136,1697
1910,266
2438,2637
2495,3171
889,214
4442,1668
3745,2494
5541,822
1238,2842
3738,1323
2012,1482
2726,825
5941,1695
1139,2082
3114,2627
1789,3130
940,152
482,240
5704,1001
320,2164
3773,2448
1197,2437
1899,2709
2331,2366
1548,1728
106,1646
154,2626
949,3089
1584,1385
2033,2709
1100,2504
2286,903
1721,1656
3932,226
702,1677
3941,2032
1848,677
4477,2012
1710,3187
4222,1493
15,2467
5290,2300
73,2637
4906,1371
23,830
837,589
1346,2910
1976,862
2256,3131
4706,3003
4090,2505
5031,319
2285,2371
5523,781
466,2339
2004,2129
1684,461
639,2267
4361,524
350,2164
1093,1683
281,307
1778,96
4699,2963
3771,2910
2601,1072
3473,1001
5030,1787
4293,740
5317,2783
2961,826
3436,1873
3804,2269
2909,2356
4392,2439
4736,3003
4822,2023
479,2170
2005,2889
4529,458
1172,636
587,1703
1702,1390
2863,1422
2684,3177
4136,1695
2026,3177
646,2283
1126,2920
1814,1042
1160,2504
2101,318
2602,2586
4529,1397
4664,1033
2059,92
3745,2978
1572,2448
813,1642
4956,2373
1976,57
2523,2670
2748,1068
267,2637
2297,2889
3895,2922
915,2858
1574,2494
2123,2736
2720,740
3513,376
5034,751
4022,2505
1398,1514
992,826
1336,636
751,1703
1859,411
3089,2300
5914,3015
10,1668
2527,318
3401,1074
1269,2797
433,81
1016,2351
317,2350
453,3177
5907,1255
5539,859
1898,524
798,179
924,318
4380,2563
4975,1460
2437,2495
138,1072
207,677
5840,972
3608,771
1082,877
4186,253
4633,1696
889,482
4330,1695
402,2838
2864,1027
3669,2178
4539,1280
1600,1217
4809,2861
1041,1253
645,1253
483,3177
736,1371
3783,2465
3430,849
4667,1465
3626,2481
5412,2373
2461,987
4410,2563
2662,2963
4792,413
2410,1207
2467,2495
2336,2978
660,1534
2138,1273
4906,700
3285,3127
5303,336
2058,755
14,2325
5437,336
1820,1341
1806,3163
4554,248
844,308
5101,2861
2141,1921
5737,39
417,2715
3743,972
4677,813
1647,2352
5212,1157
2361,1695
198,1853
1724,2572
564,1422
5764,172
2553,1865
2171,1571
5471,859
176,3003
2014,833
4,267
1656,1125
1635,248
4877,120
4956,413
3653,1429
3223,155
93,524
2104,2978
177,1915
5034,1235
4540,700
5915,2970
4507,2472
2561,413
5341,1917
4945,1917
2467,751
4067,1419
4322,248
4220,2415
2962,2450
5028,639
5856,296
205,149
2600,1280
57,1217
5310,1291
4931,706
5048,1291
4986,413
889,27
4590,413
4063,896
3893,2959
4519,1701
4560,1702
4956,1702
3559,1393
3001,2563
1714,140
2901,1393
461,2963
1848,140
958,3015
3009,172
867,1207
3198,3077
1548,602
3807,152
400,2495
83,2788
5627,1348
1991,2111
5718,712
2125,2111
3940,681
5946,2791
416,2439
3506,1917
732,1921
3194,110
5885,825
470,1921
2123,2415
32,1695
2234,1465
2621,413
88,1038
3228,3077
2280,120
1714,1429
2755,413
3911,101
4594,131
745,813
5244,1179
2183,187
5825,2622
1035,2080
4841,1728
307,1341
2364,1696
5869,2170
3627,1281
3642,3067
1770,957
736,700
1221,1681
1291,3174
1355,2435
5414,2529
4032,2498
3011,2446
3104,2637
2660,1465
2961,639
3465,2616
5258,1235
3069,172
803,2861
2451,1291
3079,2580
4858,1493
2955,824
3213,2580
3151,1702
2755,1702
5150,2833
1512,2769
2510,1871
1259,3077
5347,903
4636,1831
5450,2344
1131,3077
4378,1041
2079,372
341,1460
1800,957
4840,1072
2751,1179
3933,2088
5719,482
5757,774
5879,1703
2680,2467
2284,2467
1035,336
3683,1913
5457,482
1305,1917
4842,2838
5341,307
4506,2889
2192,434
3443,1702
3818,825
805,813
309,2861
1080,2738
992,639
1467,932
1174,2373
1332,2959
936,2959
1423,3077
5062,1831
5948,1658
2634,2472
786,1702
2389,2641
4020,2622
3590,1348
3980,1503
2972,2467
4964,2427
3560,2637
5621,482
5530,2838
4471,2494
1286,2964
3848,825
4790,1493
2703,2427
2990,1703
2114,2032
5056,2366
3712,2627
4524,2505
878,2580
1917,737
5456,2485
688,1702
2627,2590
4437,816
1997,2386
469,840
665,2472
3163,318
2540,1093
3333,2981
3708,2104
4768,2084
1915,1041
4981,3131
1285,645
2524,2842
5939,2080
3616,825
1618,2740
835,1348
5484,2439
4627,1098
1067,2637
2144,2032
234,192
2701,2889
2068,2976
3244,2350
2559,1493
1246,1821
1743,2627
3851,318
227,152
5485,570
2467,214
4862,1345
2215,2622
5571,1253
5252,2439
3566,307
3101,1668
2602,789
4221,1699
4448,924
1385,825
2245,1683
414,2580
502,2427
5469,1915
732,2889
4235,816
2727,2366
3018,852
1587,2622
4851,1
5737,2080
2340,2859
5215,1217
2591,226
3527,1668
4874,924
1383,2068
5464,1921
1341,122
4782,1335
4651,2572
2445,1340
3312,3177
5335,2450
5612,1038
1274,2283
3189,2023
5887,2963
627,2472
331,1390
2724,1694
4943,879
2971,1571
4158,2824
4349,140
1066,267
4841,602
5047,2922
5766,1855
5446,2439
2380,1103
2760,570
1346,92
4897,3163
3295,1668
5052,822
91,2088
3823,1787
1982,1996
1882,826
4093,1648
4141,376
3604,3177
3719,3127
1749,482
1802,308
2669,2145
5778,1865
2777,924
1330,498
5908,1157
1338,2833
2754,1694
3738,144
5369,879
5854,2614
2392,524
4758,725
568,148
4806,1705
129,2730
4224,2481
4513,140
4871,602
5220,756
5311,120
5423,1115
4829,2820
2602,1273
2973,2906
1877,1017
5008,1250
1326,1668
5825,1280
5429,1280
451,3131
57,1514
4207,972
208,1683
3186,920
2854,181
4177,3015
5744,1291
978,1335
420,2505
1406,92
5301,721
989,3187
953,524
557,524
2811,2736
4070,859
3390,1100
3276,1752
5442,1865
4915,2348
5223,249
4163,1023
4304,2194
5467,2861
4724,336
5794,1004
2566,838
28,1873
1516,2300
4202,1917
3123,1695
838,924
984,2439
3181,1865
3940,1917
1008,1335
1018,2023
328,822
1154,2850
3454,2963
3702,813
118,1766
1976,972
3716,2963
4177,1860
4803,602
5450,413
1351,920
5803,1429
2598,2978
5924,1235
425,1694
1065,1088
2844,1
3513,1291
5237,305
3931,1804
5717,1696
987,1397
1749,966
5464,1250
5832,1646
995,2978
3013,187
179,2392
1731,2080
5253,249
915,740
1469,2080
2937,1131
1973,1613
3196,79
2948,2983
5362,192
5818,435
126,1253
3737,1157
597,3090
3085,248
2039,920
1777,920
5586,2529
1195,1696
2253,849
121,2572
1747,2963
3629,2563
4295,172
4305,1614
3546,808
5355,152
1872,1157
1509,1105
3847,1702
5371,2348
629,2978
1756,982
2236,2373
675,879
1057,981
2712,2302
1167,1341
1554,1787
2715,1819
81,140
3664,305
2156,1855
3734,1044
4658,1917
4000,1917
5829,193
1178,2439
2467,27
3451,2641
1637,2953
3506,2348
4648,2138
2081,2435
1360,1921
3550,2620
5825,2703
754,2111
4119,296
5354,2529
3857,296
4234,808
5421,2061
2809,141
3284,434
3311,1291
4063,172
3870,2975
78,781
1635,813
1640,1157
2743,1773
3615,1702
1509,2394
1039,1
5801,2467
1398,2563
1341,2029
4842,1041
3615,2641
977,1752
3152,1419
1046,2111
5263,2791
4867,2791
5323,2842
5483,845
2157,336
1102,700
4182,2688
1928,284
1819,1280
1679,2963
3900,2975
3322,2769
335,972
627,1346
501,2173
3832,1528
5489,2730
3887,1235
4890,681
1380,1583
1032,2563
4117,1697
4191,1646
5251,1626
3764,81
3585,2590
5646,435
1238,187
4285,1281
2516,804
3383,2641
5510,574
1516,1629
4286,2637
805,305
3207,2415
770,1250
751,1008
5247,1103
5925,789
5508,3130
5663,789
2163,2379
2096,1157
1065,2861
5912,1493
103,972
2278,639
4965,1390
4779,2920
3664,789
1537,2856
3268,789
4572,2627
4968,2627
921,2358
2385,2199
5303,1385
1356,1532
3959,1646
3152,614
4470,2350
1622,2405
4015,2709
4450,2637
52,3077
3357,2709
3369,1780
5797,2859
5024,2909
5003,2032
2407,645
1997,2467
1735,2467
4250,482
5802,924
1743,830
4718,358
3823,2889
98,1917
2178,758
5850,1904
1531,193
5881,1217
5190,2797
3075,1683
5336,2622
597,2769
3713,250
2097,2267
2457,358
1087,152
5691,2032
460,1717
5431,2859
5169,2859
2098,1179
2175,645
2913,574
3252,40
1006,2415
622,1486
2470,4
2155,932
2303,830
1169,1655
4995,2679
5028,2627
267,3015
4305,2232
2685,1097
2427,307
656,1255
4202,1730
609,3129
795,101
3272,1042
2467,645
3367,2622
4041,92
2447,2622
940,1953
2148,1831
4565,1001
1399,2467
5379,1514
5186,1873
1545,1538
5282,1581
4279,2889
4253,1668
5815,2044
3296,877
2377,2822
5742,2505
2671,825
2707,482
2018,2889
3869,924
1360,2889
2329,307
3129,1114
3473,924
608,1564
5818,248
959,101
2039,3177
3522,816
3618,524
1018,681
3060,2448
111,1697
649,2504
1512,435
5860,2352
5464,2352
4065,2906
4443,2300
4577,2300
174,2396
2022,1668
3450,1852
647,2616
2359,307
2056,498
1899,2766
2909,185
3377,2505
3415,2797
5634,1982
2647,939
4617,386
959,1390
5140,2413
1609,2438
4267,2259
1946,1831
5239,140
3200,2054
700,2627
3599,1571
2498,92
5596,2629
773,1385
2081,3187
3022,1001
3418,1001
3156,1001
3660,2978
3724,519
5207,602
1655,2032
605,2740
5058,2199
1675,964
5006,319
735,2032
3667,924
3755,771
1313,1514
4890,144
5463,972
640,482
5223,1485
5381,2825
3812,524
596,2627
1668,924
3891,1571
5386,725
4436,1105
5260,2306
5361,2358
977,2504
3537,1982
4743,1033
4879,2614
5223,2424
3213,2824
3863,2906
5704,253
3971,2439
84,2637
1161,2032
1825,1258
4982,268
3457,3157
2989,837
4262,1110
979,1237
5502,2189
158,307
3656,2054
5896,1362
2546,267
489,821
1661,1042
3846,1397
711,1422
2877,1535
4374,1516
36,2007
1213,2572
3109,2824
5695,2769
526,1642
3279,2481
3862,1341
4803,3127
1515,2910
1919,519
3882,1993
4589,1855
62,195
5124,2953
5587,957
5721,957
36,2946
705,826
2384,1787
4648,2435
2991,2953
4746,1280
381,1668
1728,924
4054,2450
5575,2825
1466,924
4073,248
4358,2861
4857,330
3972,1105
3375,849
5381,2959
553,1371
4192,879
1356,1695
3598,140
3202,140
4026,1341
4062,998
495,1366
3900,2922
1689,1346
723,1001
5594,973
3491,1182
2832,2300
3134,2076
149,1668
789,308
1644,822
4598,1917
675,960
1714,63
1721,1042
3579,248
3975,248
4152,1830
707,3127
2219,2450
2236,1865
648,268
1066,27
5051,172
3803,895
1105,3173
2361,813
3598,1429
3541,895
5661,101
5929,855
1899,1
3024,376
2157,2511
2802,1495
2258,2563
2561,120
494,740
4475,2641
5915,2088
4266,2467
1365,2696
252,1392
790,2199
2103,181
3770,2825
5575,2959
1643,2640
1610,248
2291,2861
2676,982
3949,1255
3892,721
3252,2081
2156,192
2536,413
3580,3078
3788,2061
4929,717
1031,1480
1525,2769
5757,2791
3553,2194
2013,1577
5449,2446
27,2563
767,3127
4578,3119
5201,2344
4543,2344
3189,1917
2313,1280
4338,2878
5682,173
3629,2189
1922,2590
2321,2861
4038,896
4231,2257
2068,2415
1512,248
2694,1157
3014,573
2568,2738
3776,2616
18,2450
1835,1655
3082,2959
656,263
744,110
169,1865
2621,120
3321,2975
3245,2199
4423,1646
4535,2641
894,2306
2319,721
3189,2267
5446,1744
5448,2415
4813,1831
3653,681
1948,1717
3544,1677
5392,195
1799,2348
1632,3174
3843,1744
5350,2975
444,1696
5387,1496
182,2450
3736,2786
1823,1429
508,2620
5709,2504
2500,2580
4957,1179
5413,1422
1089,2373
2966,1821
4062,1266
1338,3077
469,413
2502,2626
687,1804
4030,1728
5028,830
2,1701
2901,645
24,1460
3763,2138
36,531
1354,3021
4035,574
5893,2032
5798,482
489,2728
2817,2637
2096,2877
988,1917
5083,1668
4847,2889
330,1917
1741,434
3336,758
120,2861
3458,2441
586,1348
4705,1493
5128,2350
627,1911
362,2394
3624,1390
4863,2833
1494,1496
3696,512
4591,2145
413,639
5911,1298
5916,1642
251,2563
4807,2709
237,413
4096,1385
5163,92
455,1804
539,751
1576,2437
4477,2016
4909,2427
4186,1278
619,1646
2847,2637
1371,1281
1018,1917
2553,2190
3317,2586
5247,1668
4555,2838
5409,498
4615,2889
181,1420
2361,1431
1776,2498
284,2861
3892,2494
48,1830
1536,2257
3055,307
4010,1991
3736,2920
2294,2838
4407,1627
4484,1093
4828,903
874,825
2099,2370
2751,81
1667,461
2176,2590
4363,574
1164,1338
4182,2448
4844,847
1599,1266
2776,1831
5596,482
5484,1207
649,1646
2180,2709
5539,1668
3011,2637
1903,1677
4021,810
2961,830
4088,2032
4248,1001
3895,1637
1178,455
4318,2494
4981,2838
2207,2842
4631,739
5330,740
1489,2791
1804,1671
4827,2371
489,2862
5565,2300
3135,2114
2080,2478
2665,3131
3145,358
3682,2283
2384,2889
359,1291
4972,1971
1849,101
493,1291
1663,877
1947,636
2566,2371
4815,267
2093,461
267,1702
1074,482
5431,2485
5248,1088
824,307
1206,409
4731,2259
958,307
3222,955
1075,1646
2157,1385
1799,1677
2286,1041
5252,1207
1673,2504
2382,1503
1062,2350
5045,1668
1588,1642
1705,2981
1465,2740
1689,4
5051,924
2829,3131
1996,3130
3450,2283
3567,3060
4472,1217
385,1549
5507,386
1589,2217
806,825
539,1235
2934,2366
5071,987
1129,2232
666,256
4212,2983
2741,1971
3023,903
4410,1278
4623,2325
5010,2963
1371,1765
371,2590
4946,2978
1484,1642
3650,1001
3017,1088
823,1179
4288,2978
4975,1464
5341,1787
5948,2199
1495,2740
282,266
810,2637
2859,3131
469,92
3110,498
2554,2495
3542,155
5364,458
3075,1443
1098,825
2354,1683
5581,1624
1090,1873
4516,2054
3045,1042
4528,1125
2566,2505
5427,1157
821,3176
1158,2007
103,2371
1175,1422
4714,2978
4318,2978
5046,1465
5581,2563
5185,2563
3096,2670
3175,2963
90,1385
2834,2670
5310,1511
5716,2199
1079,2653
597,435
4348,376
1837,1514
3867,1766
1778,1873
3595,1078
2667,1217
4582,957
683,2838
5466,2963
5719,1157
2078,822
20,2494
321,1668
4436,2825
3526,160
2471,524
4990,1
3400,987
848,2124
2343,1278
1672,1073
1133,2485
238,852
973,1072
2475,1397
2535,1448
1449,1001
2748,2495
4997,2111
5718,1871
3078,155
3350,2563
3694,3127
5602,1696
1180,1550
2623,514
3160,2439
4612,957
2752,924
312,2494
613,1668
2504,822
4701,248
5112,1280
5621,1157
660,3177
2904,1695
2945,1696
5584,2029
2960,1038
3034,987
5379,2563
5558,808
4589,192
3486,330
4776,18
4850,721
371,41
3504,155
1121,2259
1506,2824
3619,859
4974,1696
640,1397
984,1207
10,1001
4610,1419
3987,2194
5532,1465
3837,3189
4513,1486
5869,296
5571,639
139,822
538,339
2637,2640
3399,2963
5529,413
1162,920
4305,2476
4040,2959
4436,2959
5948,1528
4310,376
3310,639
2923,1
3148,2563
218,2054
3134,413
3540,1855
4498,3056
4140,1096
2450,3164
838,981
3135,1577
5442,2861
1810,2080
717,2906
851,2906
741,1048
3100,2522
3490,2677
4084,972
5290,2467
303,822
2896,248
4078,1157
3181,2861
4960,1774
1326,920
5333,824
5770,825
1606,3189
864,2552
5637,1235
2829,1655
3560,413
5867,1697
1168,2963
5941,1646
5177,1250
235,2758
70,1001
2549,2769
1105,1860
2989,3041
588,1341
4019,1866
1097,1218
5531,435
4175,2379
1320,2953
2444,2194
1031,2850
2664,248
5862,1703
1853,972
3838,2205
3568,2344
5414,789
4858,2786
2819,536
1019,746
1198,2963
1847,1157
5575,1646
3935,825
1335,982
1608,2080
4294,1697
553,192
3013,2472
1067,413
2008,2953
4889,1017
838,1115
1280,1460
5299,435
3356,2811
333,2111
2573,1419
806,1577
1200,1696
1520,920
2726,2415
4490,296
4586,4
1423,987
1328,161
829,248
4910,101
4920,789
3652,2580
1114,2861
4027,1703
5209,2612
4,1828
4771,2386
1612,859
645,1070
979,192
4055,2970
5471,1831
3735,1302
1159,1291
4815,214
3848,1179
4187,645
3586,1179
1876,1871
2163,1147
415,1547
659,187
3324,1179
3789,1538
4580,2791
1211,700
968,1696
4,2178
5341,2889
5711,1668
1220,1917
291,3174
666,2297
3733,825
4910,1390
3545,1528
1303,639
4297,409
1996,3077
2144,2975
3739,81
4351,3089
4279,1523
1734,825
5512,677
1589,2164
3564,2709
5818,1915
986,1871
3374,1831
1999,1281
3181,2190
5810,1273
5696,205
739,2933
5183,2838
1546,2467
4868,1514
3904,1996
5764,339
774,3119
4151,2627
5789,1335
5374,1093
1370,706
2843,101
3507,81
4857,574
5468,2448
4306,471
101,3026
3012,1041
4237,2586
5040,2910
4245,195
5855,2305
2624,2622
1132,2985
5609,2838
4143,2170
2992,574
3298,92
459,1953
5815,2906
4230,826
1697,3171
2191,296
3044,2427
3796,2062
1929,296
5797,822
3486,1082
3670,2889
5705,267
3952,323
4719,236
5082,1042
5612,1042
5932,458
5691,2089
1928,825
1377,3166
4545,837
3534,749
2214,2350
5932,1397
1823,250
5941,2614
2579,2448
31,2041
3732,2427
5583,2906
3205,2910
4645,2357
302,2504
3640,2838
1312,677
3244,2838
3941,2012
1446,677
3378,2838
5825,2439
5894,2044
3135,1390
4437,2593
1061,2529
882,2032
1608,2698
2838,2335
2934,2797
250,1563
1576,908
3883,2192
4659,2413
127,409
3563,524
4824,2480
765,2386
5574,2978
1102,1025
56,1697
5271,725
5716,1341
711,3089
1609,267
3911,1207
2347,4
1495,3171
3403,2494
1187,574
3862,3008
4571,1253
3748,2906
250,1913
2013,1821
3594,2439
2025,892
3186,924
309,1739
5863,987
3356,1335
5596,1397
190,2047
2148,3177
2523,2300
2029,1765
5930,519
4809,263
3133,2983
115,2627
1266,1217
5313,2240
782,3090
362,2504
434,1626
2824,2413
3474,2495
1764,3187
4200,155
4341,2080
4079,2080
127,2637
550,2740
4552,2300
3485,1341
2122,2114
3533,631
3230,822
1053,1082
3940,1921
3544,1921
5299,248
3124,1335
194,826
5593,2415
385,2114
2212,2007
1183,1340
5321,2481
5634,2978
503,1581
2965,524
3846,2259
5023,2824
3894,987
2634,2639
1046,1042
3971,1207
4229,2963
4681,2306
4285,2306
4870,2959
4421,1443
2277,1089
4173,1341
5859,63
3357,1
2500,2824
4878,376
3384,2578
5502,957
5915,372
3523,2922
5257,372
4187,458
2745,376
3132,822
1026,1514
3574,1921
4847,2194
5329,248
5725,248
5766,249
3388,253
2066,1027
2410,837
5348,1429
3529,1397
2519,972
1657,41
1700,677
4062,1860
5901,824
772,816
3907,2511
4643,859
5856,1081
4390,413
2855,140
3810,2578
2712,2306
1647,1982
809,1637
3013,1480
5666,957
4081,3041
5423,1953
1784,1
1474,1273
2331,2614
2534,1253
3790,2111
4459,2435
3132,2111
4538,284
4857,2481
4289,2963
3119,1125
2448,920
2296,2778
5326,2959
5665,2425
1217,1058
3672,2240
559,1058
3350,2189
4038,2563
1894,2963
1512,1915
5576,101
930,1001
1019,1982
5859,2641
709,1002
3713,2214
2939,376
1982,2029
3792,63
5848,1728
4425,1696
5065,336
5904,140
164,155
687,2182
1769,1921
3020,2435
1495,2850
3524,248
3823,2759
4071,2861
4355,2620
1331,1695
3941,536
1936,1280
2421,3015
28,267
2707,1157
2841,1157
3049,140
2044,813
3156,2481
3548,1773
2885,1429
4188,413
1863,2495
1536,1346
1942,2788
4752,2441
502,1089
4795,825
5530,1045
5682,96
4758,1697
1320,1
4582,717
5010,1918
5060,1281
1068,3163
4024,2641
5598,2088
2000,3143
3442,973
71,1253
3481,901
4799,2637
1318,305
14,2439
5294,2616
607,2953
1971,1624
4774,2580
2236,2861
1331,540
4586,2529
2218,1501
4768,291
3895,137
4064,1666
452,3015
1837,2563
5483,44
1080,140
4822,527
3903,2472
4333,1302
1790,1993
341,740
5919,574
160,2614
3935,2195
96,155
237,2080
311,2029
5175,830
723,253
2342,1917
2433,1281
5838,2837
4064,2016
1323,248
4542,2580
4117,896
4855,825
5538,101
259,2778
3941,670
4722,1235
3266,1255
2163,639
4892,892
850,967
2870,2975
1908,120
108,330
5366,748
2527,1855
4879,2350
1804,1460
2570,239
1811,187
5319,2622
1344,721
298,1393
4009,2467
136,2563
3556,455
4220,435
4373,677
5386,1
1220,2348
1487,248
1834,1487
5404,1390
903,1917
3021,296
4232,2889
2737,1291
4366,2889
3874,737
4281,307
169,2861
2151,413
98,177
3926,2590
5421,1744
354,1860
2138,1871
2792,409
4273,1385
2375,1060
5840,2859
4646,435
4439,2586
1373,1250
392,1563
3809,2190
218,2164
1345,3174
1057,1953
5496,1514
1912,2467
706,972
4470,2838
2522,706
2243,1291
4010,2853
4254,1493
4808,2833
5508,1524
3708,1734
5203,1642
862,172
5079,852
4065,1971
1080,1563
1381,737
3640,1041
5605,144
5608,2859
214,2580
4498,1072
3725,2842
5220,1996
2792,2637
1300,748
3903,862
2549,435
1093,455
4489,205
2658,2822
4418,1493
4022,1493
5398,955
2605,717
4201,677
1930,3022
2508,784
71,1871
2387,2709
2896,2586
1803,214
4547,2253
5693,1253
3258,2413
1751,1744
178,1179
586,250
4001,2494
1642,2740
64,1831
5582,1422
5644,2300
1244,1913
3995,2679
2794,1528
2885,892
3788,2386
2002,2494
2506,307
5620,1125
1255,1513
348,2529
1237,1873
3059,1422
1161,1097
590,2062
4191,524
1992,1025
507,307
3803,2859
374,717
3471,1366
1356,2504
3541,2859
2746,144
220,250
5201,2080
4540,2371
1257,2498
2143,2325
4746,2439
2786,482
3646,1340
5458,201
1191,1878
4231,1993
4472,924
3200,1253
3950,2505
3752,1766
3036,2350
3354,939
3485,1422
1728,3022
1764,2679
4696,1571
5217,2963
2908,852
1815,924
788,1646
2529,267
4492,987
3153,2346
1393,1231
3791,2633
5365,2080
4637,1341
1366,2791
2875,1843
3317,2188
3632,1068
5805,2352
4435,1392
1971,2376
1575,2376
1596,1001
4502,924
4581,1217
2148,1514
1036,1344
5200,700
3364,1253
4224,2111
468,2580
4258,1695
951,482
1816,2438
364,1668
2582,1217
5381,2963
4782,160
4985,2963
5482,3015
2619,318
4737,2861
5453,859
2431,267
2839,92
3286,781
1137,837
1579,1744
4397,2978
3652,2824
4705,879
5395,2080
40,1729
1530,539
5334,1804
5394,1855
4809,2922
1796,2910
2462,519
2493,2838
3635,376
1102,1001
3992,2111
1065,1873
494,2838
1053,358
2419,822
662,1668
4220,248
3745,3173
4616,248
2279,2505
5397,813
5512,3015
4488,1002
5286,982
4427,2978
4415,1655
5160,2563
2154,524
5294,2563
10,924
5146,413
5805,1547
3026,1207
4108,192
5887,3077
5856,1512
918,1072
2141,1982
3483,140
2232,1346
2693,2495
3799,376
2902,2080
27,1278
4409,305
3115,3127
4889,1696
5285,1696
97,519
2843,2439
4814,1522
1163,1253
4669,2861
5748,639
3210,920
3991,1485
792,2249
2208,1110
4445,1655
852,3054
5620,1393
5062,2563
5790,1804
2715,160
1514,3173
2123,248
2171,1982
1242,2485
5127,1460
1154,386
4724,1255
4037,2769
3325,2563
663,1088
1065,1068
2576,755
3851,1855
4301,2815
2190,3163
2820,1115
4077,855
4421,1419
4562,2590
2291,771
1955,822
1012,2373
2421,63
2975,1403
2221,1695
2713,1403
2355,1695
3692,263
5023,706
2549,248
3994,39
5078,413
1738,1726
583,920
2226,2978
3332,859
3812,1496
3000,120
5159,2472
4880,3057
3292,1460
1910,1429
4914,2641
5310,2641
2641,187
5719,1348
1359,2080
1438,2373
607,1
560,155
758,2614
1799,2352
4951,2708
5689,2637
5947,983
3514,1280
4639,1655
919,1027
3202,1917
234,924
3475,3015
2730,2861
218,2111
452,63
2468,2861
3597,2446
3819,573
5078,1702
3758,859
2768,120
1500,1157
2847,413
3243,413
3807,2441
3864,2975
4531,2472
4781,957
2879,2580
3655,357
2247,2111
5418,2709
5621,1348
2718,1696
5457,2637
385,3163
4065,1918
200,2629
558,3091
644,2111
3047,3103
3546,572
1039,920
10,253
5770,1821
1506,3015
742,1865
3935,2976
1029,2861
2157,1255
2269,1496
1873,1496
2933,722
1747,3077
9,1
5052,2709
869,859
2473,737
236,946
616,413
4379,1677
4470,1041
3367,1179
103,602
2448,3124
4344,2622
5328,1072
5180,2894
2263,2590
374,1819
355,1577
2418,249
2875,1656
4833,2032
206,3174
2527,192
3365,1291
510,1865
5438,2371
257,1419
3662,2975
3910,825
3273,1702
1036,1157
2292,2769
1273,2790
5005,2489
3503,2164
3611,1697
4101,3022
5543,852
3697,717
3750,2041
4949,2365
4992,1503
1267,531
3927,1179
5444,92
3269,1179
2293,2590
829,305
2816,2365
1995,681
4106,2807
1016,131
465,2472
4126,1739
57,957
3894,2170
5394,1668
4386,2632
4377,3078
5540,1493
836,2415
2183,1671
1018,177
3819,1996
159,2173
959,536
1886,2616
341,1655
2437,275
4928,148
5138,924
5835,852
1693,2975
3453,1646
5020,2366
810,413
889,706
3186,1302
1104,2580
3401,3176
4664,1041
3695,1179
780,1702
3175,2833
3311,250
33,721
3063,148
931,1871
4689,2791
2832,2467
289,152
1077,1696
2529,214
495,2472
2245,455
3874,2807
5731,3131
1286,1281
1038,1179
3266,2170
4813,1514
1826,471
866,2415
2796,3187
2366,1913
5716,3008
3508,1703
3878,482
5466,2833
4492,1873
4989,2679
5925,903
1159,193
4648,2386
109,1655
2862,2494
5302,924
3677,1889
1134,2580
2913,1493
4198,837
5531,1915
2654,2730
2365,2627
3664,903
5133,1088
1356,1646
3187,1503
2569,2622
1072,2641
122,2267
810,2641
2307,2622
2937,574
3243,92
2279,574
5342,2393
5350,3008
2079,2206
1451,2637
2528,1278
694,214
2667,2376
5943,1078
927,2637
1082,296
1705,1241
5371,852
4194,2007
5561,1915
2362,2679
958,2889
2675,924
543,2647
2021,2386
3372,852
4919,2448
5299,1915
5464,1982
816,1493
5007,1514
5735,1
3938,482
5266,2906
1615,2637
460,1831
5426,2629
178,455
3619,1668
3223,1668
4980,822
1060,1072
375,969
1330,2653
153,2842
561,1913
2708,1222
5191,1042
361,2791
2078,826
2635,1683
5111,524
2172,461
5642,160
2163,2627
5583,2963
5366,2736
1269,2350
2723,1503
3819,386
5257,2978
5859,2080
355,2195
1215,3053
1148,1831
2230,816
5200,192
1614,318
2486,1001
3649,1668
366,1041
5538,2439
4748,822
2709,2736
3258,2978
1625,2170
4882,822
3858,1253
317,2842
2951,2269
5138,253
3935,2439
1925,1873
1655,2012
595,2032
335,2859
1784,1668
3539,2439
5808,987
1810,2300
599,461
1132,3176
5153,2978
5287,2978
1180,1904
4712,2481
3411,160
1305,852
1644,318
3206,1448
267,1385
1072,92
5437,2922
5363,721
3964,2029
108,574
619,524
949,2910
2067,2114
3703,2439
3161,924
1201,3131
4162,2953
860,2838
5244,248
139,826
1448,3008
1763,2080
2451,2454
2599,2352
706,2371
1840,2300
4436,2963
2636,3173
1877,2367
2374,3173
297,631
4561,1911
75,2504
1090,267
918,1503
2141,2413
4450,2080
3056,2978
4424,859
4140,1100
5270,1819
2321,1068
717,2910
770,1982
5581,957
646,226
247,3146
1742,2300
4344,1280
4777,2825
3867,160
2666,3173
527,3163
5866,1291
262,236
2215,268
3409,248
5162,192
5281,2358
3271,2758
5050,1671
318,2797
631,1042
1075,524
4215,2563
4850,859
4934,1496
183,2572
4321,2959
4223,172
4746,2199
3598,120
5155,152
800,1982
1285,2963
2691,1136
449,1001
2479,1253
321,1001
1260,2906
5367,1728
5482,1486
1022,1048
3420,2450
3513,2641
3833,1865
3172,2348
1288,1921
3972,2963
2568,3173
5049,2358
5938,1702
485,816
3983,2563
4222,859
2336,3015
569,3173
4576,3077
4724,2975
4862,1219
5949,1302
1981,572
1360,1982
2800,1429
4194,531
5379,957
4006,480
2999,2578
5356,973
5729,2467
932,192
1424,2906
2649,2199
1848,1921
2598,3173
2987,2194
2811,248
3718,952
5251,2842
4922,1620
4898,1034
3239,2415
3170,366
4732,1496
1406,987
547,2983
2443,2481
1989,813
3799,1291
2830,1429
2983,1671
4899,855
892,1705
1019,2978
2418,2424
2471,1496
4703,1697
5482,681
1423,1341
3381,1717
337,140
2417,2199
5330,1041
2381,290
1727,1752
4700,645
653,376
3041,336
1220,1921
3894,2467
4618,54
1894,1865
724,27
1995,1917
3432,1655
5527,2494
1370,1865
5715,101
4061,2580
3980,706
1898,1984
2175,572
1896,1157
3152,2769
3725,187
4205,824
2104,1860
1500,2877
1655,536
2042,982
2501,1496
3988,3041
388,1017
2704,1855
4223,1595
2051,2199
1475,2820
4073,2590
1361,1752
3737,2641
3811,2590
4972,2622
3396,96
240,1496
4411,1831
2169,1696
5063,296
1645,1696
3782,1071
4269,435
1872,2641
5595,2786
1553,2861
856,2933
1006,248
1701,2759
3024,1429
3320,259
5763,2370
4672,825
3636,2185
890,73
1807,1465
229,556
1149,1465
4537,600
4743,2920
189,1157
242,2481
3494,789
5810,1627
1405,896
1085,1480
1232,187
3543,681
5475,2842
4045,1831
1675,1696
4335,2344
5553,2910
5854,2838
4056,677
4536,2068
2707,1348
3488,1913
5401,826
1036,2877
615,1157
2096,413
3835,2371
5337,2504
2369,1703
397,1429
741,2959
3905,1420
5419,816
1284,1666
88,859
4940,589
3059,3089
5454,810
3291,214
5681,1001
1744,2590
1341,1419
300,2435
5248,1873
1158,214
5382,1873
1999,830
2068,435
3272,1103
3683,2889
32,1866
1438,39
5796,924
4345,3008
116,813
3457,856
721,2842
1700,1702
5484,837
1669,137
1146,2082
5905,867
5679,1278
701,3129
1283,101
4414,2586
1798,3176
3331,2622
1495,3175
3639,523
3518,2448
3509,642
4973,1237
694,645
2163,830
3787,2838
4219,2495
3054,1001
79,1281
2598,758
5738,2797
2825,1703
335,712
751,2842
4901,2300
539,2959
2471,2114
5434,319
2968,2920
1051,101
404,290
1727,2370
5741,1001
3392,1935
3721,2376
5538,1581
4509,1668
5949,1115
4366,3080
462,645
4610,1720
5063,3008
200,645
4553,2906
57,2811
5602,253
2417,723
2780,1529
2919,1873
3784,1385
728,1703
1536,2371
801,461
5536,2824
2136,2366
1838,2709
396,2627
38,2919
4608,2963
690,2350
2402,41
5910,2476
2429,144
4148,2978
4330,740
5146,2080
3320,877
2998,826
5097,3127
4192,806
5742,2111
563,296
1490,2376
4035,822
263,4
1915,862
3902,2922
2116,2838
4169,822
4349,1921
758,1703
2716,2833
300,825
5842,248
3770,524
5495,140
3105,1073
1372,2505
2447,1073
2036,41
4875,2152
821,3156
2096,92
3278,1001
4028,1
4286,2511
5571,135
2123,1915
3,2709
669,318
1902,226
4264,1217
2182,2495
4360,1679
1435,1514
3195,185
2866,3127
526,1703
130,1703
505,826
896,482
2594,2439
2131,1217
3929,2624
718,1873
4903,386
5326,2963
5698,849
1528,924
425,308
561,1889
1545,339
1256,236
3873,248
2949,1849
3938,1397
4260,1448
4420,2861
4788,813
4208,2978
5659,140
5345,2424
2420,2259
3638,2825
2069,524
3901,1515
4813,2563
4761,2373
5075,2563
286,903
4847,1393
5398,1496
5344,2199
2751,329
280,2586
3200,155
4091,2578
4096,2922
1047,1001
49,2653
2088,739
3447,2476
3650,1115
4517,700
2516,2906
909,1067
2096,2320
745,1602
1512,2269
5667,2825
717,308
5268,110
5796,2481
211,1668
5061,3015
4032,2348
5085,1157
3032,3173
3266,1125
3662,1125
4037,248
3935,2415
654,3177
3885,608
984,837
1441,524
2833,2963
1255,2054
1188,832
1537,986
2571,2963
1026,2002
5174,3077
5508,2199
800,2413
1910,1002
4582,721
5346,1871
4547,700
1961,1
1297,775
2847,2080
2119,1341
3375,2199
842,2824
732,966
3175,3077
3683,2352
4438,1696
1709,3163
2072,771
1581,3163
1815,1115
1736,822
10,981
533,3008
3004,751
404,908
4227,2415
4457,2877
422,3177
797,2300
561,2023
2615,2861
2849,813
4270,18
474,2778
1668,2758
3638,2959
4961,1629
3989,1496
1134,2824
234,847
2612,2563
3467,3077
4093,1819
3016,172
3138,1855
2157,2922
660,2941
2453,1752
1477,3163
4349,1250
4777,2451
5469,1281
4541,1420
4644,2861
5150,2467
4360,3102
3854,490
2776,1624
3896,1655
5441,2616
1926,3174
4768,1584
69,2850
3018,1157
4993,1702
2751,813
3458,1429
5284,188
2171,2978
4452,3041
2637,1465
3144,2959
949,2670
902,2824
995,3015
3158,413
3149,859
2447,1341
122,2861
2713,1460
2009,1115
4822,2759
5271,1831
5926,2257
369,1048
1900,2111
2153,305
5372,2637
3085,285
3090,1383
2359,181
258,1217
2935,1280
10,1115
2623,1917
3420,3015
4989,2118
2000,248
921,972
4689,2580
1898,2415
3230,639
5685,1821
461,987
2405,1465
3525,1496
5027,1821
5920,2627
278,1280
400,2963
4772,1302
1391,140
787,1157
5771,2504
2347,1460
3254,2164
2500,1702
5358,645
535,155
1442,859
810,2080
4905,1831
1338,2199
5140,2637
2081,28
90,2922
360,531
4986,2170
2433,1419
4788,1431
460,920
1446,1917
1795,2825
67,2157
3018,1291
927,3015
1213,1157
4895,1493
2694,413
2592,2580
4082,1390
3700,1096
4935,1831
814,859
2856,2626
3288,2283
1168,3077
1808,1717
4279,214
5640,2586
2675,1302
1971,957
2604,2590
2101,249
2455,2467
3933,2206
4382,2032
3171,193
4664,964
4879,2838
5457,600
452,2348
3413,2170
5774,307
3151,2170
202,1419
847,1157
2786,1291
3607,2975
5121,2371
4666,2730
1720,1496
5414,903
5496,713
3815,3089
5596,2637
5384,2192
5389,92
4057,2622
4714,677
1959,3175
846,1871
4215,1518
3597,2637
2401,1830
5352,964
3547,830
4813,2376
2939,2637
5396,482
1184,1866
220,2348
3914,1001
5151,2371
3384,2529
4070,1514
4827,1493
510,2861
806,1691
2965,825
4221,1683
4627,2371
1074,2637
2034,1255
967,296
2381,2494
5361,2366
3525,2919
5535,267
2468,958
4059,574
2383,96
146,305
2183,1728
4581,2376
269,2590
2516,625
5265,3008
1905,471
1268,1348
1003,1831
650,2467
1770,2498
1500,2637
2840,722
3936,359
5113,924
1093,4
5682,852
468,706
1079,2580
2853,1149
555,2580
4485,574
1446,307
744,789
2027,2504
3152,435
37,2590
2771,3187
2604,41
4548,1273
5047,2906
1260,1056
2177,2448
2158,2206
1800,2498
418,2467
2803,2910
929,3171
2708,2084
2741,2032
5027,2439
3525,2114
5858,2367
4619,924
5696,319
4156,1422
5837,574
919,1702
1356,1703
2987,2438
2646,2145
903,2889
2937,631
3016,924
5720,2481
1415,2283
551,717
761,1493
5859,498
838,1713
4986,2788
3592,1996
2776,2376
2628,226
3531,1720
2872,2838
5188,2922
678,677
2147,862
263,435
2605,2494
4797,822
4633,2111
2878,1340
1136,1528
5372,2450
5327,987
5129,248
2658,2505
5404,1207
5333,2495
1348,2350
2499,1694
4061,2824
1733,471
4195,2824
709,148
5912,859
4520,140
4943,997
5318,120
4822,2922
3468,2495
185,2622
4827,822
842,677
3798,155
4565,822
262,2842
4906,1115
3677,2080
14,2740
320,2258
4016,2300
1786,482
3971,837
4809,1182
5227,1695
1955,2920
64,1514
2965,1093
4443,832
1514,3177
5127,1464
4437,263
920,2438
4812,140
5307,2563
3492,987
2697,1278
2781,1915
4340,2774
1893,3173
644,1042
2048,832
1843,1366
2328,3101
1413,92
1502,1073
1134,677
3694,155
3756,1033
5000,2820
5810,1871
2971,2978
3654,3008
5803,700
309,1503
3707,2080
2688,411
253,2325
2875,237
5189,248
538,2494
94,1514
839,1668
5474,2861
881,2833
845,924
924,1217
1335,3003
3522,987
5471,2563
5719,413
5798,706
440,3090
5457,413
2957,986
5867,2563
2007,1366
4627,895
3161,981
3532,2614
2840,1340
3741,2199
4868,957
5348,2348
5417,1953
1993,155
1998,1253
5501,2590
2364,822
3202,1921
4670,972
2178,2352
2591,1767
3226,63
4475,2194
5394,249
3463,1696
4146,972
5945,1291
3854,3015
3739,813
1065,267
4494,1655
5621,413
225,2505
469,2865
3798,639
3959,1496
5881,717
5793,2590
5693,1420
844,1207
5032,957
266,1001
5195,2641
508,2978
2965,1577
4753,44
754,1
4529,336
5644,2467
5050,1728
4267,336
1447,2439
4403,1917
4057,1280
2969,1696
736,1115
5225,39
3521,2963
5713,1291
3507,813
5065,1255
1006,1915
118,3173
3404,2563
3652,413
1260,2963
1838,725
4048,413
4273,2975
4331,2953
3161,1115
2379,2769
2952,187
3064,1182
5808,2467
1405,2563
2145,3127
5445,2415
5827,2709
4297,336
1931,1855
2693,2178
3851,249
2584,3174
2527,2640
2558,1953
3152,248
3437,2861
2341,972
3201,1830
976,1110
2115,1383
2951,1655
2254,2481
3596,639
1686,2963
4100,172
3816,413
4289,3077
4982,789
1176,2861
2456,895
5310,96
2070,859
4148,2283
2668,1717
1565,1855
4201,1917
300,3163
2143,1337
3886,593
5212,2190
5806,677
4818,573
4348,2344
4449,2396
2066,336
4284,639
4320,296
2336,1917
2212,161
1515,987
5868,2494
3447,142
3684,1513
91,3174
1602,2861
2562,1671
5657,1493
4181,137
1178,813
703,2240
2573,2769
4863,2386
4975,2627
4782,1266
5899,1780
4106,717
2344,1219
2388,737
3202,1250
3570,1646
4336,1179
4764,1626
1462,1511
3528,1420
3612,2811
4030,2570
217,253
4981,1102
5803,1668
5855,2356
3779,2170
1563,1004
3168,2016
1370,2861
5749,2371
3949,137
4950,2920
244,3015
1629,2563
4268,2334
1350,896
3177,789
5431,749
1917,2441
2552,737
3433,2472
5207,1041
3558,1420
1474,1871
3728,1831
2816,2503
3466,1831
1661,1697
4118,296
5438,2859
1351,717
5537,2838
5707,2495
4043,122
5853,2320
2513,1913
629,1486
5163,1873
4182,2940
5376,2920
4617,2114
3710,3130
4773,2627
5585,2505
2605,2441
5117,185
1161,1532
1462,706
4554,1765
1990,825
5426,1694
2420,409
3748,2833
5935,1571
379,1496
1504,1871
4813,713
1397,1250
4795,1073
2840,214
1012,96
2622,2206
4186,965
239,1866
4364,1237
5479,924
3435,2494
5949,1627
66,1157
2034,2975
2678,825
2478,1703
4305,2350
1445,2580
2154,825
4516,318
1634,789
3800,148
3273,1385
5236,2859
2440,2350
3481,2088
4864,1001
5260,1001
5394,1001
5767,2495
5901,2495
1238,1728
4054,2889
3369,2032
4207,3131
43,1523
812,573
3599,2494
3504,1668
5464,1181
2463,240
434,2842
3316,2371
4204,2833
5197,837
3820,1904
3851,1217
3197,2679
4940,1935
3945,852
414,3129
2221,1646
5593,248
4798,539
75,1219
868,101
472,101
5147,2413
1948,3177
3873,1915
707,2627
3606,1571
3661,2032
2573,2448
20,1697
4459,2012
3003,2032
3896,2838
3500,2838
4197,2012
1826,3187
5632,1115
3670,2495
2,2811
4102,2906
4537,2080
332,471
2949,483
4465,514
4344,2439
323,2637
574,4
1083,2325
4082,2439
4364,1371
5575,1520
2946,185
5623,248
2144,2715
4986,1125
2147,2232
4617,160
5177,2413
5726,574
2374,3177
2687,1422
868,1390
4163,1088
880,461
1599,148
2447,1935
79,2627
2292,2586
5585,895
3455,1001
3508,2325
4358,2495
1598,677
5380,1429
5717,822
5051,961
5183,2578
4483,1443
4963,2080
498,1298
785,574
3168,2634
3870,2906
4968,2424
1831,2376
587,589
208,4
1569,2376
2666,3177
1284,3146
19,482
5456,2363
1392,2679
628,1529
1851,2439
1094,3022
282,892
450,2920
5910,645
4321,2963
1938,903
2012,852
3151,1125
3223,1001
781,1744
1457,41
2068,1915
3599,2978
3900,2906
4597,2080
4728,2563
218,318
2594,1207
2938,1017
4373,120
4011,2922
5131,2953
2206,2788
1872,1222
3814,1819
2002,514
4474,1865
3851,2640
2660,2177
5372,3015
530,2283
4267,1572
4365,2861
1925,267
4946,1860
54,1765
188,1765
1181,523
563,1642
4288,1860
2622,2824
2352,2963
5289,2199
4473,859
1605,1982
3907,2922
120,1072
3623,3163
4036,2578
1219,226
3177,602
3263,376
1640,1222
5255,336
1614,1
2104,2080
3202,2352
1772,1341
4731,336
2885,201
4838,987
4277,2640
5646,1655
5075,2620
3963,2450
5431,1501
4314,987
4763,813
4768,1157
2944,781
2864,263
5161,859
2778,2963
2179,160
2382,2963
4574,1291
4985,3077
5381,3077
1325,248
4066,2578
3751,1254
3804,2578
2131,2563
2265,2563
2198,1341
4364,700
5678,1728
3192,2953
1595,1048
2717,1906
1335,185
4012,248
2850,2435
3922,1486
3119,2825
5017,706
2150,2963
254,267
367,144
4250,1702
3276,1496
210,160
5504,2487
1008,140
3484,2199
2033,2563
579,966
3497,152
4665,1917
431,2788
4715,1280
2237,1804
1874,1752
2934,1732
3708,372
2657,700
4171,2348
5621,39
4442,2811
5915,2206
4891,2637
3812,2415
3416,2415
5350,2959
5672,758
4918,296
4768,1291
2488,110
2,1335
4310,413
3725,1480
3252,1260
3742,895
4917,825
5313,825
1976,1655
2325,2563
2960,859
2385,2614
1568,140
2707,413
3187,1804
3440,1496
1970,120
4692,1646
2524,1460
1529,2629
4578,2298
1066,2373
3590,2194
5854,2842
5606,2740
563,32
3261,972
5666,2791
2450,1696
1901,3174
2964,1917
2568,1917
2914,110
5806,2047
2683,177
5143,1703
375,920
5313,2114
5731,2627
1047,2481
2389,1393
5856,821
4734,717
4555,2472
2619,1855
465,813
2688,1460
2707,1702
3369,101
4293,2472
5570,989
3613,461
4487,1025
359,2080
94,2563
786,1393
3045,1697
5634,1913
2788,2041
4194,214
4295,266
5374,296
3672,1041
427,1460
3085,1281
1982,1419
1011,3174
2522,2861
3697,2791
3714,2206
5111,825
1121,336
5701,1822
2979,296
599,1917
4725,789
5031,307
4769,307
2923,172
2763,2923
2799,2580
3661,101
2864,2975
5135,2350
940,1429
4395,96
1155,859
5943,574
5463,903
2887,1646
4418,2709
719,1460
3065,1918
2867,1179
250,1921
4214,435
4340,574
4200,2257
5337,1703
5311,482
1653,1486
4958,2838
5856,16
5584,2334
4433,738
2733,2118
4940,2232
1205,572
728,2862
3204,1703
320,1347
60,2174
664,1157
1543,2257
4057,1390
5029,2489
149,1465
386,3098
3249,2385
2977,1697
4529,1385
4138,1729
4553,1971
5072,92
2840,645
2317,2590
469,1820
1183,409
4758,2376
2521,1831
2884,2637
279,1696
17,1696
2911,296
3126,2170
884,1281
531,1917
2214,2842
956,1157
59,2861
4572,2371
1153,1671
2378,964
4805,852
2568,307
2685,1646
1990,101
3545,2504
5849,1073
3134,718
2435,717
1332,101
3347,1765
360,722
4219,1694
5314,1668
4555,862
1635,1041
1267,645
2110,2088
4494,2838
1877,574
5075,2838
1398,2791
1902,2324
3323,1529
737,830
2440,3131
4138,924
3596,2627
1705,1221
4442,1335
1075,825
2422,81
2838,3177
3115,1765
572,1702
1924,3022
5472,160
659,358
1693,3089
1980,2365
2106,2504
2372,903
378,2590
2196,677
2850,3187
4018,226
4586,1464
644,2709
3684,2824
1015,2622
1048,2570
4646,2269
5042,2269
5425,1253
3024,307
4643,1217
696,2118
5412,267
4477,1679
4210,1335
3651,1371
643,1703
4454,1695
1159,307
302,3130
5181,2963
1874,2504
1129,2350
4083,1001
1168,1524
884,1765
1245,1744
5457,2080
3664,1017
4498,2906
2647,2427
4844,1099
1666,2740
2707,226
866,435
3887,308
4866,2578
1536,2859
223,3187
1916,636
2735,1493
4660,1921
3669,2300
2598,441
690,2838
32,2838
1424,1113
2506,852
1508,2504
899,3177
3411,3173
3779,1125
4232,2413
3574,2413
4997,1
3259,1089
2557,1571
5883,2080
4735,1
2560,1088
5363,1290
127,1385
2033,1571
5342,413
2609,2670
4901,2922
1888,2910
2554,519
5555,1460
2628,1222
2619,1668
3347,155
4123,376
3321,2906
3486,1253
979,847
5303,458
4084,2111
4096,1182
476,2478
5228,284
665,3131
1687,1873
1950,755
5104,248
62,2838
329,738
5241,2963
4993,2861
1061,2350
3423,1089
3944,2481
3514,1207
5372,413
5816,1393
4725,602
5590,1804
2947,571
4530,2578
5323,1460
4485,1115
378,41
2243,226
2057,1002
4619,1115
5593,3041
5597,531
5883,336
778,160
520,2376
4940,1695
2359,1340
3401,1680
3867,3173
221,2494
4617,1419
4407,2363
4904,2415
107,3146
3641,386
5270,2738
5482,177
1144,1422
215,2679
473,1217
2417,1695
4031,3015
4246,725
5719,120
5798,413
4364,192
4495,1429
2669,2670
811,458
439,852
1373,2413
4181,2959
3682,2080
2288,2978
5657,1871
4888,1131
2365,192
5011,1696
2599,2116
2900,1290
811,1397
21,2032
317,862
2101,119
814,1668
3419,1855
4682,2194
5525,1917
2056,376
4136,2435
3740,2435
4934,2415
3433,972
3784,263
2839,987
3933,3015
3537,3015
612,2850
3687,330
5566,413
2379,248
1479,2435
3556,813
4416,1671
3609,639
5798,1702
1284,1967
4436,3077
1571,2963
623,6
1447,1207
3250,706
3711,1855
5874,1697
5948,1646
2341,895
5772,1420
4581,957
2184,3163
4878,2641
4852,1420
1189,2080
2648,1577
3904,2435
5079,2365
1562,376
2443,2111
2212,2178
2582,957
2704,2640
472,2439
598,2578
474,822
460,924
157,1115
1174,267
3614,2861
3774,110
2409,248
1702,386
444,2111
3066,2467
2345,2707
3939,177
874,1695
4277,2616
4592,1496
839,920
4807,896
3611,2563
4010,2272
5256,722
1121,1572
2265,2189
3263,1291
2564,536
3349,2563
2939,413
3560,2975
2794,1752
5767,645
3422,3041
4588,973
3194,1871
3846,336
5417,266
2944,1696
845,1115
158,2629
3095,1865
3854,1917
583,1115
4965,142
3382,2861
2986,2861
5292,2257
4612,2498
2573,248
1494,972
773,458
498,253
4634,2257
1265,920
3839,296
642,1695
683,1696
3400,2878
4379,1738
2851,192
1151,1572
1598,3015
2634,1655
3675,1393
4174,2272
2310,777
3972,3077
510,987
5689,2080
5183,2472
1093,813
3041,1255
3316,1460
2092,2769
3061,187
4821,3022
2928,3041
1486,2959
1462,2373
2856,1475
1125,1290
4234,44
2582,152
842,413
4956,214
2776,957
1074,1702
0,2578
1132,1680
1512,1147
2223,973
3126,2467
3343,250
3217,1831
3260,2467
5203,845
254,1182
2239,2415
3452,2637
4937,1103
866,248
2048,1157
1390,1157
4136,825
512,659
5780,1765
4323,651
2499,275
1148,2563
1387,859
2366,3129
1196,1291
1134,413
3441,1697
5635,852
4862,2622
1104,1702
3957,301
4908,523
4290,1642
2466,1266
3290,2467
1005,942
2562,1728
5208,2478
5452,2838
911,1280
3170,830
3239,435
4490,1703
5185,2494
5271,1514
5486,1668
3791,1702
372,248
919,2861
2824,1913
3558,188
4136,2114
4485,3022
4191,1821
3244,2472
902,413
1716,172
1592,2580
4190,2350
3295,717
339,2959
3503,1420
2928,3175
1278,700
5120,2257
3277,1831
5593,1915
5906,160
381,152
4421,4
5047,2910
5443,2910
5694,277
1272,131
3531,435
2142,1677
4293,4
738,2641
4785,2910
929,3175
1512,1281
271,3175
4643,1514
2258,2791
3734,1703
1647,2637
4331,461
3904,2114
3281,2889
4322,2627
5884,3003
2123,122
1032,1583
2964,738
3797,1493
3721,717
2012,291
369,2959
551,721
5623,1915
3498,2365
2099,2919
3236,2365
619,101
2446,748
751,2472
2105,455
4627,2859
4935,1514
318,2590
4000,482
4139,826
2434,2616
2888,2032
627,1655
2984,2494
331,573
5876,267
2598,738
4303,1422
631,1774
965,896
2658,2509
1128,2580
4103,2300
1441,825
4124,3177
5605,181
2850,2679
5307,1278
2019,307
4768,2690
1170,1493
4071,1072
387,101
1529,645
3181,1503
4285,1001
5827,1
3478,3187
1253,2467
1344,1831
2354,4
659,1728
5864,822
3341,2889
5602,822
1500,92
3384,1273
3449,1668
5588,924
4003,3008
4316,1253
4729,1422
2191,1703
57,2791
1929,1703
583,2083
4666,319
3628,852
5345,2859
5341,1397
1893,3177
843,2195
583,3022
1044,199
1118,148
5892,2439
1532,3171
3244,862
816,749
458,1041
2712,1001
3746,2012
3264,1514
5184,2352
4660,2352
257,2448
4027,2439
2148,2356
3540,631
5112,1695
2626,2920
3223,924
4770,268
2877,287
5883,1572
917,2494
3214,3090
4508,268
2794,2504
2909,2454
3661,2089
3998,920
2298,2300
417,1390
2313,1642
1647,1027
761,2920
24,2627
3610,57
5530,895
4456,1017
531,1677
2456,2859
3788,329
3232,636
1036,92
334,574
3791,2320
3508,1443
1872,2084
153,4
779,2910
4057,2439
4072,1027
4650,2953
4800,268
3387,924
1248,1668
219,1001
2266,1422
2400,1422
5299,366
5404,2634
3640,57
4727,140
3746,1207
5355,1429
5554,2578
3155,1705
94,713
3979,2906
3991,1977
4010,2219
3626,1290
4015,2563
3686,1341
4087,2439
4411,2563
4650,859
5539,957
1017,2859
1970,498
1278,1668
1063,1514
4180,1849
4555,972
601,3146
4951,972
4006,1696
5794,2415
4921,3015
4659,3015
3367,248
5153,140
3501,248
2852,2054
3239,248
118,3177
1119,1042
35,1422
1308,1695
1566,41
4809,2959
3154,140
4680,859
3255,192
1288,1982
4383,1804
5563,2640
279,1001
3061,2578
4981,972
4850,2209
4550,1917
5429,2825
5680,192
1194,2505
91,1889
822,647
3788,813
199,1422
3936,1465
1064,2624
1331,524
1699,920
4710,859
4815,2373
5497,2959
2824,3015
4209,2563
4448,859
2199,2963
3276,2358
3880,1341
5471,957
4862,1630
5340,2194
1589,1
2079,2080
2270,2614
1817,2080
2803,3077
3137,2199
2078,1855
4234,1280
4318,1917
4530,110
4714,1917
5067,1281
1047,1115
2298,1629
80,2080
1200,2111
1596,2111
1666,2850
3843,2590
5402,39
2330,386
4797,639
1106,1695
4401,639
2854,3015
5108,2975
1429,2348
2535,2481
651,2054
4832,3077
1888,2670
1038,248
3140,2820
5738,2590
2346,2959
1515,1341
5359,1281
4116,2348
1141,376
1211,1115
108,1253
1080,2352
5123,1913
1336,63
4729,296
2382,1865
1707,2450
2003,1280
1065,2983
2245,813
2437,983
5426,409
5431,753
2571,983
3488,3129
5463,2920
1614,192
2056,1291
227,571
1705,310
1087,1429
2539,2199
2935,2199
3678,2472
4101,2575
118,1567
1351,721
4016,2467
5121,712
1110,2352
647,376
2261,1696
2548,972
3381,973
5391,573
3525,2415
3556,1728
669,1855
674,2953
2133,2450
808,2953
622,319
374,217
5897,152
2908,2446
4540,1871
880,1486
735,2825
334,2481
2499,706
1019,140
1824,1291
2452,2580
1562,1291
1194,895
977,2358
5067,1765
1295,1701
1042,1255
173,2563
4918,1642
2471,2041
4506,2637
5879,862
1999,2985
1636,2933
2238,1281
180,2953
1257,2348
2677,1917
317,972
678,1917
5523,2920
366,110
1701,2015
178,813
183,1157
200,572
3655,1683
415,2446
5016,645
1182,3113
3134,291
788,1496
1206,1255
2402,2062
5707,1694
1698,1717
3317,2627
3952,1677
4301,1831
4358,2365
333,1855
1479,101
1897,614
4421,435
489,1614
3123,1041
2256,3176
2607,2467
1486,491
3148,2791
2780,2395
2898,2616
3679,2427
4111,2838
3760,1103
4744,307
5212,1873
21,987
2077,2652
236,2861
4878,307
3021,1703
4922,2299
2993,409
1341,2769
3609,2627
1728,1717
3342,2283
5112,1642
3319,579
3153,1041
2785,645
1381,855
1527,3124
4459,2016
4669,1072
5803,1001
2332,1831
470,409
575,2677
2344,902
4040,2032
5122,1017
3857,2325
5717,2920
3542,1001
1384,1503
3318,2047
4455,1493
1313,2791
2202,2889
1811,789
2714,2283
467,1050
3846,1385
4278,1042
2380,717
4506,677
762,409
3809,1503
896,409
5810,1017
5789,140
2112,902
2731,2637
809,1918
1623,1677
4209,2376
3424,1103
2354,435
965,1677
1788,1744
4305,2838
2092,435
3642,2494
1426,574
4473,1668
3060,826
4479,924
5556,319
2500,2889
3835,822
5456,2367
4535,267
686,1703
2224,1493
49,2580
123,2529
383,1702
4932,3121
3670,1694
387,1821
342,358
4215,1982
4349,1982
2468,1072
4469,2838
5773,2424
3758,1514
5372,2080
3078,1001
2609,3182
5062,319
3257,185
2068,2269
4888,920
1285,877
889,877
2615,2438
2926,2300
1097,1580
1878,2145
2172,148
1048,2627
5117,1157
2920,41
249,3176
3504,1001
990,2622
5051,1099
5140,2080
1477,2740
4818,2029
4875,2563
5376,859
5400,1253
819,2740
3075,329
4121,411
5401,1855
664,2637
499,1072
915,4
4365,771
4425,822
1006,122
4108,1115
3776,376
5218,458
4185,1335
143,2376
2352,873
476,307
1078,2627
5797,2205
4534,176
2717,971
2471,1504
1106,1642
1341,2448
5436,2199
3669,2357
4715,2439
4200,1993
3426,155
1896,226
4871,700
5864,2114
2419,1
3279,859
4001,63
3294,201
5672,1917
3822,320
1332,1581
1733,2679
2192,2439
303,1668
5119,987
437,1668
4924,2963
4938,2861
3353,781
1190,185
3664,2363
2871,283
5257,1860
797,1422
4534,1465
367,148
3187,2963
4023,2481
3632,2825
895,267
5308,859
4807,2563
5461,1855
4714,120
693,1072
863,729
240,1504
702,1535
1540,2634
5778,789
5621,43
2890,3127
2484,2439
5836,1917
2348,2578
2224,822
1828,822
1596,1253
4421,248
4288,2348
4706,2861
2142,1921
3357,2778
4840,2861
1230,2593
1822,253
3919,2481
3621,2824
3714,3015
4354,1655
68,3090
2143,833
5051,1583
5099,2563
5625,1855
2841,2861
4909,187
4377,2578
4640,1460
5851,855
1622,2824
4497,1182
2217,1
3473,859
3578,3127
4247,253
28,2910
2640,2578
2879,120
2581,1217
98,1397
4618,2640
5129,2590
1225,155
2023,135
4585,248
567,155
3289,2435
2863,1280
3692,2825
2173,79
1185,2419
3133,2861
3988,1655
3785,572
4045,2189
5115,413
4922,18
5194,706
204,1042
5632,1871
1191,1675
4267,1255
2868,2563
4339,1131
1221,3015
1087,571
4934,2472
2286,895
5634,1917
5949,989
5739,1179
1733,3163
812,2029
3971,146
872,2080
4967,1831
5287,1055
5363,1831
4416,1728
5598,2637
823,3127
2748,1865
4252,573
5310,2199
2354,248
337,1921
3976,1429
5115,1702
5490,825
2386,2415
3134,588
615,1865
2893,1465
1513,3015
947,160
250,986
3342,1291
1891,1655
4297,1255
5661,1646
2622,413
5399,1646
158,1397
5781,250
1565,2424
763,982
2012,3113
5307,2811
460,981
4961,2174
5393,1831
570,1341
3529,336
1074,120
1559,1855
1149,1957
5316,830
574,1460
2198,1024
23,2111
3624,573
4722,845
4868,2360
5281,2529
1743,1383
5896,358
5268,789
918,2963
3110,1291
519,248
2652,413
3273,2975
3218,824
2999,1460
2066,1255
4542,96
180,1
1613,2441
5336,2586
5947,296
1351,2441
2473,855
5019,435
2142,1250
139,1131
2764,1004
178,305
2797,952
355,1695
792,1696
3020,435
3085,830
1650,2481
564,1280
1082,2963
1335,1157
4719,1082
3446,2529
438,2861
5428,81
3588,892
1425,1050
1595,2959
4570,2679
2641,789
5387,2709
1834,2975
476,120
951,413
1362,2199
2635,2472
2988,2590
787,1702
3688,1281
3017,1076
4318,1677
5202,677
5445,435
5301,2376
2245,1728
435,1250
861,2590
1021,593
2803,3187
4745,1340
3587,825
4031,307
4237,2627
333,192
116,1655
5453,2366
4429,2797
5365,267
5408,903
1060,706
2756,2590
4943,574
889,824
1766,1851
5009,2325
4730,2910
5919,2546
979,717
2252,1744
4418,1103
4232,2633
4636,2494
5491,3008
1095,1831
5054,755
379,2415
1196,2637
3403,307
1335,1291
2317,3078
4951,2505
4223,1766
3903,2350
5675,92
1356,825
3376,2833
1872,1873
1786,409
1168,1528
4268,2448
5099,2376
2475,1385
4834,2859
2146,163
2344,2622
3328,1072
1117,250
1635,1179
5797,2152
210,1266
1390,1348
2171,1913
1756,2637
5121,822
1048,830
3063,2494
4859,822
1879,758
3319,205
2405,2494
153,1671
1684,482
3986,1422
2179,461
995,2889
3108,924
5239,1982
332,101
342,789
4215,2413
2085,1765
5870,2788
5125,2634
646,1954
5555,1464
4257,2824
1786,2637
640,1385
631,1831
5597,2629
2522,1739
4805,185
3490,1376
5307,1335
5453,2850
76,2740
57,2498
3885,1905
3895,2593
3284,2439
5087,2500
3346,1627
4824,1366
5892,1207
5768,2861
2788,2797
2693,1971
4421,195
100,101
5721,571
4117,2413
4287,2824
1701,2125
1634,903
3239,1915
4025,2824
4177,966
1477,3171
5431,997
5890,1511
5706,2922
1475,92
3486,2546
1609,92
1454,3187
5547,2111
5495,1921
1500,1088
371,2257
4627,2111
711,2325
4407,2367
1129,2838
3104,2629
2199,308
3484,2850
4246,3173
2708,185
3425,1489
4053,2778
2518,2505
228,636
5536,2861
1902,2007
2955,816
5778,2394
3832,1089
4749,2481
4642,140
4057,1207
5268,602
3903,740
1360,677
2932,2495
675,574
3063,2978
2581,1514
1182,2068
4852,135
4272,2300
4002,2439
3265,1392
5192,957
830,862
5613,987
164,1001
916,636
5019,248
459,2612
867,1683
244,2458
2685,524
937,924
4089,1280
3020,248
599,1868
683,2505
3202,1982
3851,176
3935,813
4642,1429
3752,1860
3790,2152
3100,1705
4860,376
3535,879
3564,2563
374,2689
3631,1341
2815,1
1062,57
1848,966
4042,3127
430,2032
2641,602
3508,2439
5440,2348
194,1001
2085,155
3907,458
2465,376
4698,957
2365,2424
5445,248
2203,376
2113,1422
3252,1695
2990,1695
4943,2481
3778,987
3597,2861
2575,3173
4645,572
5056,2358
1687,267
362,1524
4116,982
2066,263
4024,1393
2286,2481
4731,1255
4516,1855
3714,413
2432,2306
4527,2953
1206,2788
2882,822
2374,1547
2945,2302
5737,2877
3892,1624
2851,2640
1017,822
4506,3015
4396,1157
5392,2842
2665,972
1667,2624
1906,920
4208,1860
1221,63
3098,73
5362,721
3758,2563
4873,1496
4061,120
3806,1291
4613,3077
4365,2975
3799,120
3878,413
2892,1136
1018,1397
5495,1250
2145,155
5713,2641
5787,2590
1327,2152
1702,2029
5878,2708
410,2480
415,2824
771,1705
4761,2194
2285,1855
1564,1341
1472,1752
3538,2415
4221,1691
3672,2415
5158,2769
282,201
2398,1917
1154,130
5498,2837
5854,2472
4472,2441
4536,1702
4121,1460
4267,2975
2452,2153
3871,531
127,263
2529,2373
5390,1025
5421,2590
794,2978
2162,859
770,140
3471,789
3526,1250
3906,717
1550,480
2675,855
3520,2933
3711,249
5538,142
5464,1913
2926,2194
402,3127
2420,336
5878,964
193,2199
3813,1465
2032,1917
468,714
2171,3015
5896,789
5094,101
2704,1034
5258,2195
172,3015
2223,172
5153,681
2135,1291
538,140
3984,1697
5932,1385
4462,9
2182,2800
298,2373
3646,2641
327,859
2493,972
65,859
5751,2478
2117,1624
1568,2348
1005,3174
1614,249
3625,2703
5258,101
2952,1671
4113,1703
1991,172
2545,758
4484,1646
2066,2975
4924,1918
5220,748
5299,1041
2773,1147
1749,824
2888,1097
1121,1255
3750,2590
66,2373
5830,677
3452,681
4702,4
3637,434
1751,2590
1214,1419
2850,1744
1754,2861
2260,2467
3325,2791
5063,1703
9,2778
4178,2478
843,2415
1335,2877
3147,1738
4962,308
361,1917
2140,830
4263,307
5397,236
5596,1385
128,1157
5329,1041
721,1671
2595,2164
516,2959
3069,1266
5887,2500
352,1804
766,101
4536,92
2557,2811
72,2164
1123,2590
2290,2467
206,2918
2771,2740
1723,1831
5859,2145
312,1624
2872,1102
2910,1394
4090,1668
1475,39
4250,2889
4974,2920
5654,2679
1213,39
1980,706
5509,1766
2871,877
4531,2350
1740,2939
2280,409
3180,2386
4749,1489
1411,1717
2629,2283
5301,2002
3756,1041
1682,2180
1472,2370
534,101
1532,3175
5024,2633
2651,2981
4516,1668
4812,498
837,1041
255,2379
281,1348
3295,2494
1184,2842
800,1913
4676,2300
3623,1801
4171,852
4584,267
1232,789
2051,1646
3331,3090
3565,1042
1579,2590
4201,2946
1350,2730
4227,1915
5543,2824
5023,1068
2511,318
1019,681
3815,2910
3758,2376
3892,2376
1679,3171
867,1041
3121,1001
2875,1534
1751,41
3277,1514
3611,636
3721,2494
5376,1371
5102,2300
563,1569
19,2637
5839,3174
4871,2367
2027,3130
3801,1699
3766,924
3613,1648
3640,2505
390,2580
1066,877
2779,1422
1418,3022
1505,924
3697,6
4791,2788
797,3089
2237,92
401,645
848,2088
1587,2427
3077,1237
5374,1833
3796,924
3942,2439
5627,27
5306,386
856,636
1510,3146
5532,140
1991,1729
597,2627
3195,2397
1409,2505
5387,725
1185,2797
92,1179
1945,41
4768,2373
40,2709
1898,1915
3937,1
4897,2029
5267,1562
5820,957
1214,2976
849,1535
3084,1253
4374,1695
5473,849
1906,1217
404,892
4578,936
4879,110
5371,2824
5598,3015
1573,2505
1215,2797
2280,677
4699,2394
774,3054
5562,2769
4588,2563
778,3173
281,677
1067,832
2724,2788
721,195
4267,2922
5504,320
5786,972
2399,2439
2058,2146
1991,924
4928,160
2139,822
5043,110
1822,1115
1760,237
1877,822
3069,3173
4336,248
4406,987
4860,1157
2057,1921
1947,63
804,2300
5224,2373
4393,1
4940,2614
2092,1915
5079,706
2608,2963
5545,2199
808,3173
4738,413
1154,1366
3640,895
1248,1001
2583,2906
879,2824
4871,1696
2417,2614
903,966
4743,1696
2962,458
5207,110
465,740
1743,2111
3135,386
5275,2688
72,1977
4148,1486
4561,1655
4516,192
3903,1655
329,852
2772,2963
5248,1804
5463,2924
3861,1429
4986,1804
4946,2405
3418,859
1900,1
3242,3077
3314,2199
4045,957
2061,2578
2004,2044
3630,2435
4300,2415
5406,296
3174,849
1813,1695
3367,2964
3370,2481
4067,1655
1701,3174
2816,2861
5082,172
5507,1102
5426,1702
5901,275
2793,1157
952,1366
3371,639
4506,1702
3921,2769
2285,192
2790,859
2933,413
3344,2199
3017,1804
3435,1563
2196,120
3072,1511
1573,895
4844,1697
1996,1752
4362,1953
4620,491
425,2788
4955,2467
476,1787
4693,2467
1675,2111
3662,1727
639,1027
3994,214
3409,1281
100,2439
3104,645
5623,122
2188,2861
2732,2759
2697,2738
3490,1620
71,920
2516,1414
3225,413
1836,1655
3670,275
5210,1646
5695,2627
4948,1646
2701,413
309,2963
3346,1871
4476,2590
3072,2800
3163,2164
5076,1831
623,120
1509,2199
3372,2503
4814,1831
127,2922
4989,2586
5251,2586
302,2923
2057,1250
1742,2178
696,2850
2611,2590
3249,1157
286,700
1585,2194
1189,2194
4964,2529
5065,137
825,1917
1866,1655
875,1280
4,987
2728,896
2891,2580
4990,717
3670,1564
3254,188
726,1157
5244,1765
2701,1702
5676,1422
908,639
1727,1496
4686,491
1601,3077
2979,1646
484,2563
2991,717
2717,1646
2268,130
681,3077
1015,2199
5048,1072
2959,1179
5920,1001
1983,2590
5696,2047
3085,2981
4157,2032
4835,964
5050,2838
4186,518
4714,2889
5084,1668
5609,358
2823,1291
3296,1703
241,1465
3610,358
375,1465
676,639
2586,789
4931,2365
762,413
911,2199
1121,2975
1656,101
2580,2472
238,413
732,1702
5474,1072
3696,1041
1647,2267
3603,2570
1822,3022
4802,2894
5688,1001
1669,336
2670,2365
4850,2376
3506,2637
882,1646
1305,2503
109,1696
3060,830
4744,2889
1019,1917
5806,498
714,1281
3713,2149
4926,2371
2192,1020
3233,2478
1942,845
4392,1683
1004,296
405,1465
4617,1801
972,758
599,18
2488,789
762,1702
1746,152
177,2769
5177,677
3573,1765
4645,816
3153,1179
238,1702
1028,1821
3934,1744
2447,199
3039,1831
2944,1005
2416,2606
1308,1646
3476,2586
3921,2448
4954,2325
5351,1207
1154,1179
4605,3080
2239,435
687,2467
1284,471
1826,2740
4924,2833
91,901
3453,1821
5254,493
5363,1217
3279,1668
4705,1217
5464,2023
3979,1113
3287,2283
1002,758
3865,1765
2767,1493
5617,1394
5654,1366
2735,2709
4588,1571
5431,3014
2420,1385
4779,2859
601,1353
5632,2546
4301,1514
5108,1048
276,250
4956,2906
4610,2269
647,2637
1012,1072
597,830
3321,739
2677,2889
2746,2494
4076,2335
4804,822
239,2842
1978,636
1331,825
1847,1873
4808,1695
1186,2164
2657,924
2705,1904
3703,252
1177,358
4737,2983
5334,987
623,738
5413,1280
5184,1982
5273,519
4660,1982
2884,1088
1533,2622
3020,1915
3018,1088
1982,2448
442,1831
4202,2824
5208,1787
5418,2563
180,1831
323,1385
1176,1072
2332,1514
66,39
1284,605
3689,2424
5855,2537
2493,2371
4100,1766
5044,1571
5897,1258
4904,248
3078,1489
4926,761
4601,1001
4843,2978
5674,2906
4827,1
1750,2448
5119,1341
76,2797
5093,120
5174,1048
5258,2439
5515,1341
2393,2325
1828,826
3151,2906
3452,2080
4584,1182
1776,2356
476,2889
1054,2371
2807,63
2146,354
1022,2833
3267,987
4134,2824
1438,267
419,1042
2289,1571
3218,2788
4295,1429
3865,155
2218,2859
1569,2413
3983,376
552,1571
3852,859
311,2448
5801,2435
4144,2953
4911,2866
2597,411
4945,2450
4064,2435
5884,1157
5483,813
4657,2949
4996,2415
574,2269
646,2145
3545,1089
4462,2481
5159,1655
5804,639
3815,2670
5835,706
4255,2188
1325,1679
4857,1290
5690,1291
956,92
4063,1429
4170,2080
4543,376
1237,2963
3684,120
2586,602
4131,1563
571,2910
2720,602
5301,957
1749,2357
4643,957
2544,376
4445,972
3338,2866
1046,924
5834,639
784,924
388,924
264,2578
481,1115
536,822
3676,2861
3924,2963
4531,1655
4927,1655
5396,413
334,1627
5883,2975
1342,3137
1213,283
3525,1911
4279,2373
1018,2259
3673,2563
2456,879
1663,2963
3003,1048
4379,2954
5031,665
1664,155
1053,2253
2488,602
5461,249
5568,2590
41,1001
889,2788
1338,2614
2513,2352
5572,2709
4378,285
4,1873
2965,1695
5563,1465
4269,1281
814,924
3732,110
4680,3067
1705,1095
3174,1280
3706,2861
4055,3015
4418,3067
5451,2190
5884,1291
2026,3173
104,2454
536,2111
1928,386
2239,248
4071,2959
4107,172
669,2640
5729,1353
3165,413
1417,813
648,73
4782,1250
4829,1096
5732,2590
112,1002
556,2736
4310,2194
4124,2970
5055,96
1815,859
1034,1048
3938,336
1087,120
4136,2041
5930,296
4268,1968
5496,778
876,3091
3488,2759
351,237
477,376
3584,2467
2161,2435
3945,2446
4783,2791
5691,2939
1344,1624
5811,789
5148,445
3427,1702
4198,825
1868,2563
1479,536
4586,2627
682,192
465,1655
5207,1025
1583,859
1015,1341
3933,527
4459,573
1713,1871
5488,2206
5135,2842
2989,2415
702,63
1003,957
5247,2494
3621,413
2960,896
4290,1703
4333,2339
3966,825
263,366
2221,1496
4231,2062
495,1655
839,1465
87,140
911,1341
1226,413
5350,902
5438,749
3736,1302
374,1136
5938,1072
915,1460
979,721
2682,3022
4581,2791
3473,1831
5013,2448
2403,1917
188,1131
4221,4
575,79
1117,2348
3658,830
4768,173
506,2194
2092,2964
2758,573
4258,825
3621,1702
1121,23
4646,2627
3966,2114
4312,307
3610,789
4360,2041
2952,789
3766,1302
5908,267
87,1429
3879,1179
4013,1179
5090,574
386,1496
38,2476
2917,44
3961,2709
4658,2637
5418,1571
1003,152
1008,1250
4365,1072
4757,1862
2262,1281
3401,1554
1300,2590
923,2640
954,1953
5888,1493
2424,2740
172,1917
5330,411
538,1486
4031,2889
4645,308
1321,434
5476,236
4911,2679
4147,2283
73,1157
1616,1291
5437,1971
1786,1702
1132,3164
2453,2919
3411,148
2124,1697
4431,2981
362,2199
3667,1831
1466,1697
2734,1626
3517,574
848,372
5471,2494
5803,981
3561,92
1128,2641
4755,826
3817,2529
4488,482
556,2415
983,1728
4061,2889
2115,830
1012,214
1903,2637
4035,1668
2992,1103
3403,2889
3873,2838
4706,1873
5392,2578
3511,1668
4631,1699
5595,1217
5650,924
4591,2300
1554,1702
3954,3177
2710,1390
5661,524
3112,3090
5612,1571
3666,266
789,1081
4805,539
159,685
5935,2978
255,1147
1812,1179
1824,250
2610,1159
2842,2448
4652,482
4344,329
2222,2740
3903,2838
1024,574
3252,1565
3739,1683
2221,825
1995,482
5832,1695
3289,2386
3867,148
2124,892
3681,924
5921,986
1566,2062
2347,2627
5250,781
1177,789
5367,1366
1612,717
1426,1493
4363,729
4000,677
5461,1001
2298,1422
3334,816
390,409
3738,677
5767,519
4223,160
67,2385
320,579
3441,2376
1362,3171
1775,2586
3253,2325
605,748
1739,677
5512,2629
956,39
4001,498
5116,185
5586,2578
5803,1115
3531,2269
3507,1683
5047,2300
4723,1422
1323,964
4456,1078
3857,2439
1314,3130
2773,2627
3542,1115
1405,2494
1706,1668
4862,268
5794,248
1852,1493
4047,92
1316,3176
1753,3177
2147,2350
3856,524
5256,2824
3399,2500
1558,2709
460,2437
3416,1915
3542,2054
2757,781
1062,2505
3942,1207
580,1041
1891,1606
5000,2080
3606,2978
1765,3187
4399,2614
4041,2906
1868,2376
343,2791
4545,2439
128,2637
1487,964
2394,1668
1998,1668
3625,2439
1712,1082
2603,1253
2969,822
3463,2111
452,482
2091,1078
3607,1109
5885,1655
4202,2450
377,308
4358,2963
2429,319
4110,2861
2642,1366
3898,2978
2998,1001
618,2622
986,574
4107,2563
1841,1088
46,1642
1981,2788
3029,1253
1489,636
3078,1115
5764,1486
2720,3127
5915,901
4929,1624
4366,2450
1446,2629
5090,2481
2418,318
5349,1429
2758,386
4855,2614
3800,2978
4877,2373
4992,3077
873,2740
4906,859
5522,3077
5054,1511
2003,1207
5064,2199
3610,602
3420,2922
5820,1953
2537,2080
2275,2080
2614,2300
585,2458
5129,1281
2560,3003
134,307
1278,924
1357,1217
3623,248
3764,1419
3208,972
5933,2769
425,1422
3818,1655
3830,2978
4301,2563
228,319
2886,140
3380,1429
3846,2922
2812,1911
933,1828
535,1001
2226,1787
1966,2614
3850,3041
2571,2199
4123,2641
4381,987
5308,3067
3567,2194
3171,2194
129,498
566,1253
4986,572
4081,2415
4702,813
1438,1182
717,1422
1873,1110
4576,2394
3485,849
4326,1465
3930,1465
2583,2963
3956,434
3080,3015
4718,757
5539,2441
1526,248
2708,1157
3410,1429
2467,2788
2332,2563
3447,1496
2070,2563
864,1068
3684,3129
2500,1393
4821,2575
263,1602
5879,1728
280,1017
2596,1855
4516,249
1761,1993
4920,110
2516,1337
2872,972
5217,296
277,2439
4053,1656
1391,181
2907,212
3000,1157
3466,1896
5749,2786
4775,2580
568,144
2884,982
3525,2476
2864,2959
1605,140
4717,1821
4297,1235
2403,120
2482,413
1838,2563
2544,1291
2599,998
451,2188
4923,1697
5185,1697
100,1207
1793,2820
3152,1147
5552,2622
736,859
2596,700
1978,1819
3735,973
4110,96
5042,830
1394,2522
2067,1110
5343,4
2343,1917
1414,3174
4246,896
5667,101
1527,3051
4918,1703
4615,1702
5088,2114
1385,1655
1106,2240
2512,413
4470,789
3267,2975
4953,1697
4330,2472
5142,2350
4739,1179
2614,1629
3763,2590
3968,3022
587,2614
957,1393
134,2080
2371,1871
3639,1800
172,120
3,2563
4272,2467
2331,2472
4860,2637
1467,152
1923,957
529,1855
2069,2472
5223,245
2160,2590
5102,2170
3648,573
5606,1703
1562,2641
4909,2529
29,751
103,700
3532,2842
4573,2580
4647,2529
2754,296
770,1917
5665,2283
4923,892
2411,896
1361,2358
2887,825
1901,1548
2401,1871
1429,1738
2535,1871
281,413
1647,3129
5286,2637
3739,1041
494,1460
2099,2472
3613,1868
3152,1281
232,1460
3871,214
3873,1041
5865,1001
1300,3021
5615,826
5759,1514
2180,2811
3252,1862
1416,2415
1843,1728
2703,2586
3047,2396
538,1917
2656,296
2367,193
3616,3078
4530,789
5517,2920
3600,101
5336,2350
439,1157
2717,1703
2760,2339
3844,461
4940,2350
2920,2062
2123,964
5353,1765
827,2959
2348,1082
5342,852
467,172
4352,2365
3328,2796
790,825
64,721
3964,2448
5512,482
3189,2637
3158,1072
2471,2586
3543,1637
4199,810
246,1866
5812,185
514,2620
2768,2580
230,2861
4683,2320
2685,825
4943,1493
255,639
2856,1646
4423,2366
4766,1042
1775,789
22,845
4598,677
1790,1851
334,1871
4904,1915
2641,903
160,2472
2722,1831
3090,2981
5542,482
3979,2325
211,717
2773,830
104,2348
2036,2257
3543,482
3971,1683
2911,1703
717,296
2797,2355
2819,2114
5345,318
4761,267
5599,1366
3009,3177
1500,1873
1018,409
443,2164
4276,1915
444,2766
358,1302
867,1179
4530,1273
4712,1
1799,1913
4421,2269
5297,2906
5892,837
5279,2300
988,2637
4403,2629
4735,924
5886,268
4826,1042
2305,738
2742,1493
1338,1703
1723,1514
1312,482
1149,461
934,307
5915,2137
5813,140
4956,2963
2224,749
2079,2088
4670,879
4768,1222
1433,1159
1965,2740
1629,2791
3845,1705
259,1831
1823,1344
434,2586
2561,519
1633,2910
1993,1001
2626,1668
3022,1668
4171,185
4779,822
1743,826
2310,2371
844,1703
3189,1027
1036,1873
5164,1572
685,892
5303,2670
5000,2861
5635,1157
3816,1125
1679,2504
1211,184
2006,647
5764,1567
4535,812
3349,2413
2138,574
2387,1278
649,2366
2867,1915
4510,1
205,1194
2204,1571
4415,895
5919,1855
342,903
2259,2032
5330,1460
2059,2910
5924,2199
4679,187
424,3187
28,3187
3397,2080
3636,376
4727,1921
126,1278
3949,2593
645,1843
2462,1048
77,2325
2613,1217
2747,1971
1950,873
2129,3090
5799,1157
3696,1366
5549,982
5010,2394
5371,2373
3683,2824
5827,172
823,3054
2239,1915
4832,1341
2683,1397
2361,1346
5367,187
2557,2978
2142,1982
549,41
5268,1871
3797,859
192,3187
1634,1017
235,1571
4242,1475
3855,837
429,2376
4732,1110
2657,1115
277,2736
3964,972
297,1668
698,2766
5328,2861
2051,524
3042,1865
4021,725
573,2505
3181,2963
528,1042
4836,120
4915,413
1283,386
5015,1583
5311,413
4963,3113
1859,1485
501,1848
1926,263
3192,2563
3135,2029
4300,2769
3326,2563
1452,2824
3259,1341
664,1088
1101,1843
2990,2614
4850,957
2749,1993
2740,2439
5696,1917
2007,602
3595,2953
1379,1033
723,1668
4818,1419
1328,2007
5201,2877
261,1048
1137,2439
3697,1917
1057,201
3189,2450
3485,1280
603,2505
3211,2963
3247,2620
1411,3173
4214,1655
4345,2138
4639,895
5403,1291
2701,2861
5682,706
5311,1702
1581,386
846,920
5419,1235
5462,1871
3356,2563
4001,1547
3839,1219
3166,2439
3625,2199
1959,3163
101,1705
2704,1819
5364,2467
5414,1830
823,155
5102,2467
4756,1830
2311,3056
341,411
1206,1613
29,1048
2689,1696
3436,987
643,2439
247,2439
3498,1865
3515,1280
1472,1732
5583,296
5596,2975
990,268
1575,3173
2731,2861
5655,172
5341,1702
1363,284
4150,2959
3754,2959
1605,3015
779,987
2596,192
3759,859
4850,152
5452,2472
1035,2670
3528,172
3645,1511
3342,1702
4727,1250
2500,3113
1251,982
2022,859
153,1464
1390,2080
4685,1024
1044,1443
5266,2467
1102,859
1718,3077
4244,1281
2204,1250
358,1115
2304,3174
2438,3174
17,822
3085,2985
3324,1281
889,751
3919,932
2332,2189
2619,1465
2645,434
1769,3015
2130,2240
5014,152
4157,2975
5941,2232
2792,3113
5347,1493
2310,895
2420,1255
5183,2590
742,2394
5030,96
334,879
5649,1831
5048,2365
103,192
2825,2472
242,1290
5600,2878
3764,1179
3184,2590
873,2850
4538,573
4758,2791
2507,96
1557,2728
3035,2467
2276,2415
3806,2344
5363,2376
2410,2415
1999,1383
5385,2889
622,2450
3874,758
5696,307
756,2450
1446,645
1823,1157
3366,1291
3645,706
2717,845
1299,1157
5800,2350
1743,639
2940,2580
161,2240
1567,413
529,192
909,413
568,120
2818,2590
5311,92
5908,2068
4526,2791
1647,527
3469,830
3653,2637
5527,2376
3240,778
1065,1865
5222,2494
4038,758
5356,2494
5731,2371
4172,758
2599,1913
2604,2257
2881,845
1019,177
4257,307
468,828
1285,296
5941,2366
2897,789
5896,903
4072,527
808,896
2625,101
5063,2622
4801,2622
3901,645
62,2769
1848,409
3914,318
1340,1696
629,372
4524,1001
4990,2494
1557,2862
3811,2822
2911,845
5227,1683
476,2759
3499,1015
3941,2114
3714,2889
3392,2838
1103,413
3061,789
1299,1291
4957,1041
5081,2797
1565,2164
4519,815
3944,318
1881,1646
2,1563
4057,195
5325,2376
5256,519
3184,41
1069,1179
2325,2791
928,1728
981,3052
1714,2637
1905,3171
957,214
1650,932
1848,2637
3818,2838
1101,1656
3976,2458
865,2877
4651,1873
5048,755
5731,2505
4715,2797
2996,1683
1499,1702
2524,2627
4986,816
2116,358
1221,2889
3389,1385
1599,2283
3712,318
4641,781
852,1302
4694,2859
5482,1397
4441,2413
1757,1179
3777,3187
1473,1420
781,2590
2512,523
1295,2811
5371,2320
1176,2365
3810,2546
1771,296
2829,2859
4156,739
4426,600
463,214
1032,896
1529,1702
1570,1703
3924,2833
4304,2300
4700,2300
3674,1904
2633,2920
5346,2640
2968,924
3725,903
5325,1571
5313,248
5860,2861
469,2853
39,825
4748,1001
2986,1503
1473,2709
1411,1831
523,3089
5898,120
5330,602
538,1677
1567,92
5536,2922
5655,924
5772,1701
5011,822
3301,1514
3390,2495
4378,155
4178,1787
1196,1088
3589,1392
198,296
2964,1340
3683,1027
5225,27
1238,2253
5634,986
5078,2983
5739,248
2800,185
3939,458
298,877
578,3146
2469,2300
1273,1493
2073,2300
2407,1422
4093,144
784,3022
5947,2614
479,2386
5264,140
5759,2563
3939,1397
1306,852
4078,2495
93,2350
89,1642
794,677
3986,2906
3760,2563
3693,1341
4089,1341
496,2740
1155,2376
1215,2427
950,2910
4228,2439
967,2325
4529,1613
3300,2578
4806,201
5575,1695
4958,972
536,826
880,636
615,1873
5071,849
2175,1422
1172,2730
3004,715
5010,2825
3525,1915
5261,192
5731,895
2585,2983
402,1765
610,748
2943,1001
5264,1429
1482,677
620,3156
1929,1366
1308,524
2142,2413
2923,2978
3214,1464
4396,2373
1054,2859
5789,1250
4851,2953
420,1001
1583,1668
2944,822
3572,2111
1705,1099
3475,458
1517,1048
3344,1695
4696,3015
1272,1217
5470,1655
1905,2850
1406,1971
4467,2963
3672,248
1366,852
3809,2963
3823,2861
4205,2963
5117,39
5695,1773
3611,2978
3623,2049
758,1935
3784,2906
5162,721
5563,1819
3063,140
3491,1341
1676,519
2899,1429
4480,1855
3511,1993
1730,1
4587,1917
5423,2189
3776,2641
4483,813
2435,3173
3591,2861
4221,813
632,1422
5477,1671
509,2520
4881,859
5101,3077
4628,413
5856,1667
2000,212
2236,2963
3705,896
403,781
5745,2590
1975,155
1118,2978
1278,981
1390,1222
1985,2563
5629,2415
1723,2563
5730,2467
2511,1855
928,602
5104,1281
4489,1917
172,1787
1715,1921
2001,63
4017,2861
1505,2111
4444,2174
2162,920
1284,2866
3486,192
4658,413
2861,140
2257,1157
4000,413
4069,18
4232,1702
4428,2580
4187,239
3707,2820
4247,290
4087,3041
2645,2959
573,2481
2734,1496
275,2824
1705,1583
2001,413
3248,1717
4709,2041
321,725
1276,3163
3356,1250
402,155
4519,1917
852,1115
1740,1577
986,1115
4740,573
1853,700
5294,1913
5392,4
567,1131
142,201
1441,1695
2886,1486
276,201
2602,2481
3433,1655
367,319
4109,706
463,27
4658,1702
4000,1702
1574,2978
2603,639
1283,2240
4626,2164
603,2481
1324,2049
5555,2627
398,3015
2502,1496
1067,141
5211,267
4162,717
1044,3163
1278,1115
3124,1250
4392,1179
4640,1281
1332,3041
3118,681
396,3127
2605,1624
3756,968
660,3173
701,3174
1436,2640
2100,2620
1403,248
357,920
1950,2861
458,972
4529,137
5664,2920
1464,1655
77,1280
3697,738
159,1844
586,1157
947,1136
2540,825
5914,816
4133,1076
5812,2791
4370,2709
213,2080
803,3077
3265,1266
2200,1696
3392,1041
1356,2472
1344,957
1702,1419
1980,2861
2708,1348
841,336
4256,2580
5027,1703
5438,1237
5488,600
4297,137
4178,2889
2571,296
1098,1655
4312,2889
4952,2283
1053,192
2653,2580
2675,2339
608,2959
2382,1528
2437,1235
281,120
1442,152
43,706
1163,737
578,1804
3296,2622
3430,2622
5548,1001
481,1871
85,1871
1265,1953
4701,2822
1724,2467
3393,2740
4181,2032
2467,296
5801,2386
221,1917
961,2481
4316,1668
4030,1082
1802,845
2621,1702
1659,2257
4267,2715
5847,1041
2159,2580
170,639
2214,789
2902,409
3984,148
2365,204
3848,1041
128,413
4340,749
4968,318
949,2097
241,290
3324,1041
5815,2634
903,409
1605,681
5637,1581
1642,748
3474,1739
3949,2032
4011,2910
2398,2946
151,2467
4628,2320
1570,845
632,296
3441,2730
2111,2889
3152,2627
3248,2335
5173,1073
3091,2351
190,2580
5608,1001
405,290
2659,250
4453,1915
4241,2032
3133,1072
1608,1487
3981,2859
4041,2910
5440,2356
5667,1581
4908,2495
3010,2170
2614,2170
4209,2494
5326,3008
3281,2633
3441,636
2969,826
2403,2889
94,778
159,1173
2210,2494
3679,2679
759,2858
4006,822
630,758
4056,2629
4689,852
5011,903
5680,473
1478,101
2002,2730
3344,1642
104,2405
1680,2679
2363,2709
147,789
986,3022
2707,267
1905,2797
1786,1385
3312,2104
1032,1677
1168,2504
4403,1397
4864,2546
3377,1001
4855,740
2174,3187
5407,1253
3132,416
102,2709
1217,2396
4954,2439
5558,1422
5596,1125
4247,1042
2901,1422
172,2889
2455,2833
3807,789
600,892
4380,1571
758,2232
4703,2978
4441,2978
3145,1001
886,2417
113,2467
168,2366
4218,2906
302,2366
1840,2910
5534,1563
4586,2578
255,830
389,830
5621,27
2147,2838
1347,533
5452,972
5939,336
1154,2582
789,1703
5023,2552
5367,110
3526,319
5895,2481
1478,2679
4730,987
3098,781
4318,1982
751,2350
5706,2959
5338,2563
5076,2563
5711,859
5399,1496
623,852
4418,2563
4814,2563
4886,2439
1701,3101
4939,1511
3941,3163
2735,1668
3963,2922
1706,1001
4230,822
5345,2953
4410,1921
5229,2778
4933,1696
1600,1514
3828,253
2625,2439
2635,3127
2162,1217
1508,2679
1835,822
2652,852
217,2766
1153,236
2540,1577
4300,248
5086,1157
5148,2035
4198,2415
5585,2790
5106,2563
5772,172
3941,1069
596,318
4892,1291
391,852
126,1335
2282,6
4524,895
2548,3131
4122,2578
4423,1752
5646,972
2848,2080
995,966
2590,1290
4978,284
4983,2348
1710,3163
4124,372
404,498
1257,185
2465,63
5116,1157
849,2080
5665,2153
3168,2435
3187,987
4458,2877
2870,1280
2923,160
2730,2963
4504,1532
1460,3173
5758,1563
4414,2578
752,1366
2865,155
4618,1819
4909,305
4064,2199
1839,725
2150,1341
2224,1290
3468,3077
1988,2511
2420,2922
469,519
5100,250
1626,3061
2261,2111
5418,2811
5600,573
877,1253
5333,983
357,1217
3017,1865
16,924
5231,706
4293,1655
5286,413
5427,1584
2930,2620
5086,1291
5907,2975
2885,1157
1837,1002
2735,2152
472,386
3301,2563
2418,1
5181,1528
1989,1773
3632,3077
5000,958
643,1207
2138,1115
173,2978
5448,2811
489,740
644,2563
4278,973
2896,1696
4055,901
3544,1917
5266,296
2260,3175
987,458
770,1921
785,2953
496,2850
2676,2861
3447,1984
821,920
5399,825
559,920
3627,639
903,2450
1684,3015
1861,433
4502,839
837,110
4949,1528
2136,2358
5245,358
2793,413
3199,1855
3949,101
3421,1702
5174,1646
4964,2590
3071,357
5626,2709
2914,1871
3752,2970
5801,1744
2580,305
157,1290
3927,1281
3574,1917
1700,2178
5458,2344
800,1921
2178,490
3021,1179
4215,1913
4015,2791
1415,2194
5369,774
2119,849
3559,296
4909,789
2383,141
2443,192
230,987
827,2963
3320,1219
3547,2164
2647,187
5849,2350
2213,3113
3206,1871
5028,1420
5446,1179
93,1655
3837,2677
2610,305
3601,1646
648,187
3299,1281
3390,645
71,1115
945,1871
2726,1419
2473,973
3643,2811
2853,1194
4045,2791
2211,973
4838,2427
829,1696
1605,1917
5464,2889
118,372
2019,214
331,1419
322,1865
4988,2371
4286,409
5764,148
4793,1903
3776,307
5259,390
1200,1050
5424,2709
4436,2797
1795,2199
886,2580
3484,2350
951,2975
3739,1179
958,1702
4320,2622
2114,1390
4659,2088
4965,1606
4144,2396
2614,2467
5947,1703
1296,1697
3276,2586
1373,1917
2106,748
344,1250
1822,989
2806,193
2484,142
3152,830
3264,1071
636,2590
3358,706
3941,2976
92,248
529,249
2143,1569
2915,2580
2356,2616
4950,924
3792,409
5454,2709
5781,852
5853,2418
3003,1646
3507,1179
2144,1390
4456,574
595,2939
5163,2910
4710,2376
3199,245
4940,2838
2989,435
4909,1273
5532,498
2020,573
2562,2842
779,2467
3654,825
5376,924
4331,2730
3896,358
783,896
1342,2580
2859,1493
1410,240
2728,2730
4118,2622
4799,2983
5482,2259
3546,1642
2961,2709
1034,1646
2610,1728
5523,570
3002,266
3074,2586
3365,1072
753,3124
5099,2494
491,3124
5121,1
4331,636
778,148
5413,1341
4064,2012
4303,308
5089,1217
5607,2146
5290,2439
3738,307
3036,789
4085,2300
69,2842
1528,2339
4040,837
3023,1493
5107,1042
3040,908
1655,2114
3883,2351
4893,524
4931,816
3069,148
5939,1572
2286,2920
2883,924
2986,2365
3423,2366
4639,2859
4166,195
107,101
936,1646
167,152
2147,1041
5879,740
5483,740
1178,1179
4693,2341
5775,2080
5510,2563
1823,2637
2246,2740
811,1385
960,3171
2686,760
3885,1084
222,1744
3169,1668
3145,1082
3565,1668
378,2257
1849,825
3853,2300
4187,1422
2019,482
2879,1340
4295,201
3942,837
1752,892
1841,1873
3262,1078
3694,1489
4797,1351
4802,1695
1705,2766
5537,1915
5590,987
488,1082
3862,1073
1121,2715
4270,144
1859,200
2313,2622
3939,2259
3538,1915
4807,2978
5884,2373
5158,2269
4086,966
5607,1341
4879,602
4865,704
4958,895
314,2622
2432,1001
4694,822
5284,1819
5628,1629
263,2842
5490,1695
25,1738
1596,1668
4340,2953
5620,987
375,2494
1777,3177
1381,3177
2090,1422
85,2920
3158,2983
5043,602
5170,2629
4848,2578
2310,2859
2200,1001
3695,155
5352,2111
4206,859
3970,2080
4410,2352
778,1571
4183,3127
4723,597
1129,862
4632,2953
3200,1115
1102,1668
405,2494
842,2495
4507,972
4803,2054
5484,2415
1991,1766
5461,1465
5600,1809
5,308
454,2386
2448,3173
2990,524
3470,1915
3833,1967
4072,263
1116,2505
4256,2824
2437,540
5476,1773
1036,267
3249,226
5575,1752
1335,1088
2653,2824
1265,1258
1800,2356
1134,2495
4085,1629
5368,2590
2770,376
4965,1419
3203,1921
3489,63
3726,1696
5150,2138
2560,2983
4117,3015
750,2505
282,185
1101,1042
2562,1366
3355,248
552,1766
3024,1397
3888,2963
1990,386
4161,2563
4484,1496
4195,1393
843,1915
4034,2199
109,2859
395,1001
5379,2348
2688,135
3846,458
4305,972
1206,2906
1581,2029
1877,859
3074,1110
3232,2450
4058,1280
1200,3091
1883,2367
792,822
1451,458
2989,248
4171,1157
5723,845
2440,972
3670,2861
3508,813
4764,1671
5776,2923
1335,283
1192,1695
5868,2889
1384,1865
725,2983
3977,1291
2230,2825
341,2054
749,1125
1451,1397
4809,101
3534,721
2928,3163
5942,2811
2334,2424
785,1
4928,1486
5477,1728
2199,2199
690,895
3262,1696
4172,1917
4917,573
1393,1577
3709,2415
5271,2791
1484,1695
83,1422
2312,3015
1916,3015
4141,1291
2558,38
1701,2861
4163,1804
1577,1105
1723,2620
5245,789
1678,1157
1545,1567
1149,1567
953,1655
1937,859
2001,120
2553,3077
3895,1235
5765,266
5402,214
283,140
3318,665
4307,1179
2853,336
5521,845
4151,639
4187,296
3301,2189
3244,1655
1857,1280
2628,1157
2416,2964
3199,192
4171,1291
5740,2838
3683,1702
660,1002
3389,1255
2993,1255
200,263
274,966
1714,413
2175,808
3727,1250
4412,1353
3532,2472
545,1429
4189,1281
5414,574
5479,969
5852,1739
1963,336
2233,1917
3305,214
2735,3067
1617,1419
3552,845
665,972
1150,1953
4433,2580
1647,2759
3636,1482
4484,825
4520,482
98,336
3587,2529
4260,1871
1409,1655
1940,1291
4985,2504
1678,1291
2096,1804
652,895
3971,1179
3391,2590
5344,2622
404,1547
5335,816
1682,2164
5827,1278
1269,305
2984,1677
5847,964
1788,2590
1373,2348
2092,1281
2393,455
5067,1001
361,1096
4965,2976
3716,845
5374,1683
1019,2759
2862,933
3846,137
398,1917
2,1917
5045,461
3935,2838
3732,789
5858,749
1940,2580
4392,81
902,3113
4106,441
4827,9
4663,1298
2612,1697
2861,681
4523,2981
5674,2325
894,1717
1331,2472
2737,645
3501,1041
3506,1385
3617,435
3056,2088
3457,3186
1053,249
530,2194
4737,2186
1275,96
554,336
3396,2910
1880,435
4287,2889
2776,758
3703,2838
3999,1668
2297,2975
3549,2371
115,639
4719,1765
4738,2007
887,2616
2203,307
3402,631
73,413
1941,307
1239,789
1017,1908
1289,152
1984,1697
3572,1042
3269,1041
43,1702
4764,195
3800,677
2038,1179
2248,2709
2538,4
5836,2629
2830,1344
1782,435
1042,625
5223,1648
3767,1668
5440,185
1515,845
1093,2842
4181,2439
2056,2889
3773,924
3253,2386
3764,3090
2088,1646
3323,1627
5672,2413
2473,3177
3918,524
800,2970
3219,523
574,2627
2525,2586
4061,2495
3292,1001
2101,538
4059,1668
3426,1001
1416,435
1922,41
5442,2189
1280,574
5060,1253
1063,2791
2477,825
56,2637
4500,98
1067,2910
5919,2640
1191,2976
2548,2920
3343,185
3353,1627
4256,3121
1655,1390
1193,3022
381,892
735,1390
398,307
1155,2730
3765,1571
2519,2367
4161,1571
4300,1915
5260,725
519,1765
2114,2089
2783,2413
3456,1001
5663,1115
1153,2842
726,523
220,2637
1705,1103
4031,2629
1195,1001
343,758
1661,2494
5150,2435
3304,2300
4694,2192
1846,1493
1106,1683
2646,2300
4294,2450
1572,924
488,358
2403,852
4846,2963
5307,140
367,2283
1914,1627
3251,195
33,717
1078,574
1257,2791
5394,2953
865,2910
2720,155
923,636
2012,2320
2540,2439
3457,421
664,1873
1736,924
3625,1695
5050,110
1474,924
5263,1157
266,2766
257,960
826,1642
2746,1726
98,149
5055,1393
564,1642
5480,3077
5552,2199
2623,2824
2207,1448
3210,140
546,2002
5465,2954
2158,2495
2708,2373
4859,700
1345,3146
2035,1341
2518,2249
2162,924
5269,3015
4839,987
35,739
1659,1993
4644,2963
1306,185
2978,3173
4134,2861
3014,386
2176,41
428,441
1656,1695
2052,1695
534,837
3389,263
3910,1655
4956,983
5840,737
5162,859
5048,1511
5454,2953
3549,895
4330,1460
2188,2495
4824,305
2635,740
1050,2824
4078,2178
1803,1341
4308,2640
4982,110
2475,458
5897,1429
2519,1696
5449,2959
2670,1865
2608,987
3668,967
3678,1655
1880,248
2012,1865
5345,1855
880,319
2800,1157
5398,927
5426,2975
3636,1429
5560,2975
5322,1871
3840,670
4382,2939
5509,1697
2506,2373
4402,1871
5400,973
4345,3057
1743,135
523,2906
4043,248
72,1
4700,2467
5318,1348
5856,2155
221,1787
1585,2178
3020,1281
3063,1917
1172,319
5442,3077
5048,706
2830,1157
27,1921
1782,248
4005,895
4605,2580
106,524
417,386
3562,2769
4951,1915
4694,1871
4773,2164
2827,859
4828,1871
62,1915
3577,3077
3114,1855
526,329
1348,895
383,2495
118,2978
2532,187
3091,1871
3867,372
5259,2057
4281,2641
5869,2740
2579,1696
3439,2554
302,1752
2647,110
4285,1070
3667,2189
427,700
1812,248
4969,1702
1946,1002
2097,2861
4081,2960
2116,659
5863,1390
1990,2240
608,2963
3211,3077
4985,1646
2397,120
1831,1429
5170,645
4647,2590
2384,824
4349,681
1012,1511
4764,2586
301,2439
2574,2641
2252,2590
2233,2348
2708,2641
719,700
2861,1917
2935,1866
2141,2759
4094,2791
2590,1831
5364,137
5436,1703
418,2435
4964,2647
5361,1529
4795,2838
1078,2481
5144,1302
3662,101
4579,1493
3187,1528
2127,1548
2476,1702
4611,250
4100,1266
521,2563
4134,96
428,120
2814,1697
2308,3057
720,1460
2996,1179
4329,2257
707,2164
213,1629
2925,2467
4045,2498
4062,1913
3745,2206
1018,336
4724,2032
1728,2189
4696,738
477,2641
4756,789
7,248
4347,1493
3936,461
660,1567
4736,1076
5558,1642
3927,2627
919,2959
150,1465
3049,409
4345,2386
5038,852
1012,706
2834,2699
4391,1041
1082,2199
903,1702
4208,2088
462,239
3160,1179
1312,409
3046,1831
3543,2637
1144,44
3493,830
2885,2637
5817,1529
316,1353
4934,3131
2573,830
4340,2392
584,2861
3624,2976
5035,1493
3932,877
4639,1493
5878,2936
1406,983
1552,2498
3037,964
4167,1683
4554,631
3475,409
4053,2335
5743,267
4779,749
1308,825
671,1702
1738,409
4647,41
4595,1571
2329,96
455,357
3166,4
4527,2376
2727,2586
3018,1072
1772,2622
2276,435
349,2590
2410,435
3890,1001
4805,2320
4031,482
3373,482
3111,482
0,1655
2555,789
1655,2976
1569,758
3807,185
1025,2580
4970,852
3659,2007
4774,1694
4808,524
549,2062
2942,2366
3613,319
2897,903
2687,1093
3134,92
1298,645
305,2641
2141,2088
4316,1001
3658,1001
413,1420
5688,1253
1765,2740
3403,482
5430,1217
1080,2637
2157,2032
3045,2494
1957,2910
4772,1217
5517,1371
1107,296
4431,924
73,39
5642,319
1404,482
2634,2371
1106,825
836,964
906,1703
918,1528
4393,1571
573,1493
497,717
2171,2088
2768,92
70,3124
5144,981
3688,1001
753,148
1379,3054
2623,677
5398,2029
1231,712
5455,2563
2134,2206
2528,1571
1244,2637
1987,2910
3742,1237
2422,2838
2085,1001
2852,1668
2883,981
4065,1890
489,2704
976,2822
866,964
5405,1695
2937,1217
2283,2679
2875,339
3353,903
221,2889
2246,2797
1888,3089
4727,1982
5140,1397
5212,2963
2218,749
5935,1860
1294,2350
2479,1278
3000,226
2225,2859
4639,822
3636,1376
2249,1001
2622,2495
5170,458
1598,482
1417,1602
3917,837
4010,1028
372,964
2626,924
587,2838
4706,2983
3202,2023
4971,248
4100,3173
5031,299
4709,248
5867,3015
5170,1397
4160,972
4994,2861
5900,2963
1197,323
1639,1422
4865,761
5044,2978
2989,1915
4171,2824
1475,267
5387,2563
158,1385
4798,2922
3045,2978
5144,1115
5605,1702
5882,290
5596,458
2502,2736
5749,700
1029,1089
3257,2080
3866,3127
2226,1340
3742,1371
3914,1855
2854,2629
5758,1917
1049,2495
2883,1115
751,2838
1047,1668
5133,1865
2984,1921
88,2494
2602,1627
4190,972
1094,3177
698,3177
1803,1422
5679,2563
4237,2481
2673,1278
2752,1571
1169,318
4672,1655
188,631
890,903
3655,813
5062,120
3789,1567
4957,2578
182,816
2202,2824
5815,357
2336,2824
2289,2978
5517,700
770,986
3500,3127
551,2376
552,2978
4468,320
4910,1419
536,1
3958,972
369,1581
5871,639
1162,1217
3543,2450
821,924
2899,2348
638,1217
2295,3173
5851,172
4941,1671
3834,155
3705,1465
4355,1547
4699,3077
1237,987
1304,2963
2961,1
3186,2563
3425,859
259,1571
3712,1855
3127,2922
1313,982
1714,2080
1509,2614
3529,458
5903,712
4079,336
4349,1917
341,822
2366,3174
5859,413
2010,1849
2297,1125
311,2111
1727,972
3940,177
1498,920
3860,413
3512,1393
3598,413
3823,2975
3809,3077
3398,2045
3816,1804
3449,290
1269,1033
5825,1179
5245,2590
5837,250
1613,2563
2998,2111
4455,973
1986,859
1299,2373
888,1341
2698,1819
3644,1697
3341,2450
4031,645
3826,1179
846,1115
2850,2590
109,822
536,135
252,376
603,2111
2734,2415
5079,1739
3642,2563
1099,248
703,248
1484,813
2635,1655
3101,896
2273,2959
3288,722
3670,824
3885,2698
5141,2590
805,1464
5239,681
3148,2405
5449,491
2016,859
1018,2511
3277,2815
2308,2199
3135,1419
3594,1179
4660,1913
2502,2415
3636,2344
3646,588
3720,1291
5616,789
3458,1291
4024,1702
4065,1703
1885,2446
4567,409
1996,1496
1311,639
1750,2029
1714,120
2949,101
2295,1563
2802,3057
3516,1646
4729,2622
1305,824
3199,249
3906,1831
5807,2427
2388,973
645,1717
2178,1917
2552,3067
699,1953
4400,2339
795,2415
1182,2861
1999,639
4960,461
199,849
5180,2679
4896,2920
56,3015
656,536
830,1655
1823,413
3385,789
4130,1697
5666,852
4336,1765
4623,1041
258,1429
3367,1903
2011,3093
2687,1390
5280,816
1271,839
4438,2981
4818,2448
2552,973
2996,455
1559,717
4988,2859
5612,2494
5216,2494
794,2348
5823,2906
3529,137
4324,600
4809,1581
430,2825
1257,1291
1004,845
1981,2288
5859,92
1669,1235
3288,2145
3202,681
5506,2448
2235,1646
3320,902
2057,2283
3413,1093
4151,830
9,2953
4527,2807
5594,1514
3319,677
5418,2978
5616,1273
1748,2467
1653,1641
4263,482
1634,3119
4459,2114
5949,924
1678,2637
1647,1072
3574,2889
5439,822
4828,2920
4157,2715
4962,1422
4700,1422
4574,3003
3832,2366
40,172
1607,892
2092,2627
838,152
1318,789
2746,1165
3517,1042
5387,1571
5787,2178
2245,1179
3275,2448
5016,877
2581,2791
709,681
1132,1538
1273,2709
4181,1207
499,1625
4000,2889
5717,924
5796,1217
5817,2859
3738,2889
2456,810
2621,877
995,2206
2671,240
2392,825
430,2959
5648,6
5548,2054
3664,1627
5708,57
1760,3177
4081,1915
22,1821
846,3022
1961,2709
2007,3054
1195,924
2506,523
3697,986
1303,2709
2365,318
952,1728
3949,1207
5628,2922
2101,245
3725,2253
3742,1668
3525,3131
4296,3008
3465,636
567,574
3702,2269
3306,2269
424,2740
2196,482
4164,2300
95,1518
1351,2376
5637,1695
1373,2889
2342,307
1457,1082
4031,458
5590,1125
89,1703
1271,2612
2448,3177
1790,3177
2027,2366
282,2283
3642,2376
1018,1385
660,1677
3356,1982
4397,966
4824,1033
388,989
1823,92
2666,1535
1745,2653
4634,155
4696,1787
1115,2257
812,2448
4248,2563
4487,859
4320,2439
416,4
4779,2953
4058,2439
3650,924
1807,498
1919,739
2199,3008
2753,376
4064,1695
4838,1089
161,2114
1651,924
548,308
3874,1571
3225,1125
3617,1915
850,3090
1206,1971
5695,895
215,2350
3453,760
4069,2978
3169,1001
4260,2546
5939,1255
3411,2978
1496,986
2800,2824
83,1642
4278,2563
4517,859
4782,376
5353,1131
728,2346
2540,1207
5802,957
4088,2439
3692,2439
3561,2922
791,416
2458,3060
5629,248
2007,155
4827,2778
4421,2090
2984,2352
501,2340
1229,1581
2022,1217
3966,1695
3570,1695
1827,2439
5411,2240
3365,2983
5261,2481
3630,248
4177,2861
1248,1042
4677,740
36,1422
4272,2906
3972,2614
1930,2567
469,2243
4968,1855
4572,1855
4577,2199
551,2807
2695,155
3190,2578
3586,2578
4711,2953
4146,700
1857,2439
2831,201
4388,987
3529,2983
3935,1419
459,185
1044,3090
4845,2394
390,2300
462,1422
832,201
3867,2978
200,1422
2590,2209
4338,1809
4973,859
936,524
2598,2824
2724,2963
1440,57
896,1125
3551,1429
612,1366
3616,2578
5813,1250
4579,1871
2347,2424
4878,218
2603,1855
1877,997
3752,372
4227,1419
2420,458
2218,2953
563,134
4109,2861
1559,1819
2354,2090
158,2300
1369,1695
4019,1655
4812,1291
2754,2963
4433,706
1895,987
3712,192
4488,413
66,267
2244,2861
2557,1860
4833,825
2451,2373
3222,1496
3296,2199
1049,966
2313,2439
2841,1804
1368,3163
5055,645
1834,1650
4702,1281
1474,1115
1959,2850
2348,1871
586,2373
3088,2435
5228,573
4340,1831
3987,2467
5844,2791
892,201
1372,838
3896,659
4897,2688
3252,557
511,2953
3085,1383
4198,435
2400,1280
1593,248
2522,2963
2909,1157
5851,737
4159,480
2433,639
2144,536
2639,2959
5251,2627
397,2824
2541,172
2653,413
1118,140
722,140
2730,3077
4270,1250
3473,152
2470,1460
1811,2578
1654,120
4208,372
4523,1696
3667,957
2215,187
4226,2641
4890,177
3871,198
361,1100
2902,336
932,1855
4192,778
1272,957
2538,813
927,3174
4652,1702
4990,1697
666,2086
2421,413
282,1157
5879,1041
2653,1702
4626,1420
3934,2590
646,2373
362,2614
2332,2815
5000,1072
1977,372
309,2199
2854,645
147,1871
5006,2580
4985,1703
5319,825
4787,964
3321,296
5445,2627
199,1280
283,1917
1023,2481
4710,717
59,2963
4421,614
3667,152
5384,2351
2483,2580
2421,1702
5485,713
4826,1831
1901,1666
3222,2919
204,2563
452,413
1930,152
2014,789
596,1855
2437,1646
2270,2472
2833,1646
329,1511
3653,1385
5446,4
4458,92
1999,1420
2870,2467
1357,1953
3611,1913
1849,2415
971,1917
2507,1072
4023,1103
2120,434
5511,2284
320,644
363,1280
5301,2373
4344,1683
5371,1523
5106,2006
2389,824
2420,137
5426,1422
5899,1642
2955,1235
3008,307
3894,2386
4909,903
3713,96
2746,307
1638,101
220,413
827,3077
452,1702
4488,92
2867,1765
2163,1420
2555,712
3253,2740
2799,1072
5798,1186
1183,3089
5870,308
343,1917
2332,2360
4276,2838
5857,1766
2543,2580
3689,826
3252,825
2295,2478
724,296
3143,1821
257,830
3741,2679
329,706
463,706
2880,2350
3016,3177
3320,2622
3134,954
3283,2740
4071,2032
2,1250
1122,1281
4864,1668
5322,2546
1546,2740
1680,2740
5036,1371
2233,2889
2183,1082
4912,1335
1283,825
2050,738
2487,1493
2900,908
4032,2454
1451,409
5891,2824
1510,2679
4963,2963
3024,2637
99,2472
4531,862
1270,748
5499,1253
1223,2622
1710,2740
3141,2633
5347,859
2164,2910
5655,1766
1052,2740
2563,2427
961,932
1976,2859
3282,2114
4772,924
2337,2838
2633,1668
2953,892
3168,2012
4603,1115
5224,267
2094,636
4284,1335
5910,972
1087,482
5228,386
2590,1217
5651,2963
5389,2963
4993,2963
5695,2481
1206,1113
1686,2504
3532,2639
2568,677
5269,2080
706,9
1205,1642
1702,2448
2478,1915
4485,1217
2496,2494
2580,3131
3991,1648
4416,2578
3708,771
1528,1514
5678,972
3488,1027
1335,1873
2949,2439
3291,1422
1061,358
3036,903
5023,2963
171,789
4228,248
286,1493
4410,1982
3307,1366
1122,1765
1158,1422
2689,2485
5418,2738
70,148
4277,140
5798,515
5803,859
674,851
220,92
2264,2494
4069,376
3673,376
1429,2824
3251,3127
4631,1577
3600,837
4897,1696
174,2376
270,2838
5382,987
1101,2766
712,1493
4392,248
5178,1157
450,1493
3447,972
4958,659
3872,212
4221,366
1196,3003
5198,2563
4191,1655
1612,2689
2410,1915
3334,2788
4495,2820
4080,2578
5909,854
367,677
3598,2080
3405,2439
4674,1250
586,226
379,3131
434,2838
319,636
4589,2640
2887,1695
2852,920
3346,2209
736,924
815,1217
2088,524
5920,639
157,1217
1188,267
5348,413
513,852
1948,3173
2956,2963
1786,1125
3338,813
320,457
3343,1157
3388,2620
5437,137
3232,2080
3602,859
4008,1547
436,1571
40,1571
742,1089
1979,1705
5057,2866
5615,1696
695,2963
2942,1752
4442,1250
5562,1281
235,2978
3903,972
3290,2435
4515,1728
4016,849
4613,2825
583,1217
5082,1583
3349,3015
956,267
2919,987
431,1577
3373,1157
3483,3015
4810,895
4851,896
5400,172
5434,722
4374,1496
790,1695
3737,2373
1536,1485
2703,1362
2085,2481
1257,2824
2735,2563
3513,413
510,1089
5316,2164
1057,1258
5288,2590
465,1346
5422,2590
4489,665
4611,2348
1872,2373
2861,1921
4370,973
1531,2080
1135,2080
1395,1253
4910,2415
794,1787
5540,2811
801,514
4660,1486
2418,1351
680,2439
4677,1655
5484,435
5604,1291
5542,413
4399,2842
970,700
5815,1703
5512,1702
4065,1276
2678,1655
3022,1465
4142,1496
162,1695
599,2450
5367,789
2154,1655
1404,1157
3343,1291
2142,140
2885,413
889,2963
3281,413
3179,2580
538,1982
2623,413
5748,1420
1637,1136
5345,249
937,1
3746,2435
1640,2373
638,2563
5495,2637
1431,2199
2899,1250
309,1341
4738,214
2162,957
4168,3067
2795,2590
5252,435
3354,110
5119,845
590,2522
1211,920
3537,2446
4172,742
1326,1624
383,2983
5075,738
2955,1532
1217,2620
2535,192
3390,706
3605,2580
3543,1702
4928,1250
5122,1493
4062,2267
5008,2145
1326,2563
3824,409
2406,1475
3539,1179
2959,2590
1070,1819
5920,2412
1935,3021
4307,4
5019,964
5556,2889
5881,205
1526,1281
1120,593
1569,1917
4743,2786
5476,2371
453,2759
4374,2919
955,1465
1963,1255
3928,358
4594,973
2820,152
297,1465
3723,1646
4845,2504
5581,852
3826,81
1312,1702
3547,1420
4276,1041
4412,2622
5422,41
3018,1076
2598,490
3811,712
4449,2689
209,305
2933,214
5393,2494
4997,2494
1174,987
2507,1503
5392,2269
5870,2833
1862,1738
1506,413
1731,2975
1328,1804
5129,354
2861,1250
4944,574
2523,2386
1036,3093
1048,2164
4897,2448
310,737
3018,2365
3458,2637
65,152
3804,830
5065,2032
1324,1281
355,1419
4527,636
2256,2981
3259,2427
4396,1873
5468,924
4788,411
3093,2889
5414,1627
5379,852
2430,101
1506,1702
425,845
583,2185
3775,250
4597,816
4909,179
1424,357
837,789
2382,2504
460,839
5868,1982
5890,2495
852,131
5148,1104
5707,2788
4463,1001
5798,2906
2083,2622
2429,815
4953,636
4281,2458
4974,924
717,845
1973,1703
3669,2833
2442,461
5914,987
38,1496
2433,2627
5332,1571
5853,2963
3212,2365
2761,214
4865,2859
3077,2140
5930,739
2264,2791
4377,826
1230,1780
2562,4
2033,2104
2735,2376
5546,2439
3261,1668
1284,2016
587,2842
881,845
2326,636
3145,1493
4100,3177
4284,1766
4341,2300
1813,825
3346,1217
4387,201
4475,2300
4487,1371
4922,1299
5629,1915
1995,307
3545,2366
742,3130
1576,323
1180,323
4246,2413
595,1390
3630,1915
2330,2448
928,1041
1817,2637
3295,2376
2634,2859
3162,2978
3165,2495
1331,1431
3208,879
3953,1787
4428,2080
4030,1253
3755,1048
2965,1683
5130,2352
5548,2111
3906,1217
2493,2627
794,2889
109,2786
1238,2371
106,825
393,101
553,1514
570,1683
954,2612
625,1390
1310,1493
1781,1078
3705,2624
1831,441
5325,2978
232,2627
650,2386
3131,1571
5397,602
820,2797
3588,2978
3137,73
5797,721
3572,1
4062,2080
2319,2824
3730,1341
3797,2563
5578,2111
1326,2376
2485,1581
5534,1250
1155,2494
4713,320
1220,2889
5876,987
1194,1668
1738,2320
631,2494
172,482
655,636
2274,2300
1567,2438
2625,837
4822,263
128,1873
1200,924
3803,1038
3082,524
3922,2450
938,924
3956,1280
4703,3015
418,2386
4518,2481
1390,267
3356,2978
3791,2906
4171,2373
5169,721
2705,1705
4257,1393
3904,2029
1614,160
320,2982
3202,2511
4816,3077
3637,2439
1775,1017
1808,965
3088,3163
3506,2922
4215,1921
457,1001
5345,2640
3915,1629
2564,3163
3194,1115
2862,376
551,636
3261,3091
3932,1044
3119,1695
3986,1280
4471,3015
5111,1655
3442,2348
1102,924
1508,2366
1577,1971
3709,248
2511,2778
976,2505
3980,2963
3474,1105
5711,896
360,2007
5287,2820
1894,1089
1763,1572
5438,737
4784,2199
3977,413
4584,3077
181,3173
3715,413
4121,1855
4586,1460
4918,2199
4341,1629
3938,458
109,826
5434,214
322,1873
1936,2439
4016,1280
2963,27
2106,2850
1211,1217
3510,2640
256,1253
276,185
2270,972
2688,1485
1225,2054
1168,1520
5010,3077
4547,1855
4762,2975
1019,1397
2628,2373
1284,2634
631,2978
5538,2415
5247,1677
1128,1340
4600,1866
837,602
1021,3163
1360,2629
3784,1280
4581,1624
4660,1917
5150,1744
4604,2739
1937,920
5034,1569
1727,1110
2071,920
5271,758
2215,110
2404,3015
2743,2481
3440,1655
4644,3077
5733,789
234,2002
984,248
5065,101
5184,2267
2336,1568
1528,2563
1461,1341
1831,120
470,966
929,1480
2851,2953
177,155
4141,2641
5366,968
1508,2850
2274,1629
4507,712
1200,253
2043,1696
4023,1831
2557,1917
4723,1276
4771,4
4186,1071
2429,1917
1104,3174
302,1732
1417,1419
5825,1667
4099,2580
4808,825
773,1125
640,1727
1091,2188
1075,1655
476,2824
517,2825
1887,1341
2019,706
3891,372
976,895
1053,1115
5222,815
3909,2641
2801,2435
220,2080
433,3127
3659,214
4605,2344
3911,435
3336,2190
1053,2054
2271,2620
4807,758
2885,39
846,1953
1044,248
2859,2790
5644,2386
5098,2627
1970,413
3928,789
5910,2505
1770,1291
1839,896
4949,2504
3879,2590
4223,148
4309,1420
4217,1831
1951,1302
2933,645
2938,989
3113,1744
3311,39
3192,2791
2710,573
5439,826
144,1280
185,1281
228,1917
629,3015
4027,2838
5475,456
1996,2923
5463,2351
588,1671
2936,1266
388,859
942,2199
4975,318
3277,2498
3583,2016
469,2918
21,284
2433,830
258,1917
4191,2838
531,3015
5708,2505
5429,3090
42,572
618,1671
2571,1703
1554,3113
1934,2580
377,296
681,2959
4286,1385
4375,2366
1885,2129
1455,101
443,1855
1976,1493
3235,2622
3865,574
3708,2088
2130,1179
1746,250
874,2041
1118,681
4836,482
607,1697
2453,2586
4106,636
3906,1514
5872,2505
5597,2300
60,2467
4110,755
2793,1873
202,830
2721,307
2385,358
4756,903
3832,2504
2734,2232
3792,1385
227,2580
4172,852
3238,1765
4948,1073
158,531
2761,645
4960,144
660,1681
3611,815
5672,2824
2320,148
1841,2365
5256,2357
2735,2807
4025,2495
5701,2249
2022,2376
2024,1668
4877,267
1033,2047
129,2580
1564,1683
46,825
294,2647
839,461
3420,816
5927,2188
1768,924
4805,2084
4046,1278
3249,934
701,527
1919,1093
926,3089
4783,982
4979,2614
2026,2653
708,2637
50,2637
2712,1668
4534,1217
4207,822
3396,2300
2754,2833
135,2186
1384,1873
4799,1865
3914,2640
593,2283
1971,852
758,2350
3578,1001
4796,1567
3712,1001
1981,816
5348,2080
5427,2373
5143,2614
1027,2740
690,903
5299,3127
5901,1475
2011,2910
2687,1207
4497,2439
4485,924
271,3171
4366,2922
3588,376
3087,2080
4890,2141
3300,3127
934,482
2840,1422
2513,1027
4113,1695
5163,987
5331,3015
367,600
1566,924
4173,248
539,1646
4706,2963
3911,248
5093,1157
2235,524
4380,2978
4724,536
3189,263
341,318
2841,2963
1984,2376
5050,1460
2393,329
4788,1460
2675,981
4215,2352
4185,1921
568,482
5482,336
4143,1695
4632,2640
2402,822
5781,1157
889,308
5132,2963
4992,2394
1267,1422
2540,1695
3840,2825
1161,1935
3133,2963
4881,2563
5015,2563
1689,2054
5001,413
3466,140
3903,895
183,267
5250,1871
220,1088
1999,1
2885,2080
5739,1281
5343,1281
5434,645
5878,2379
415,2495
2232,1700
2908,751
5549,1157
175,3008
884,1253
1920,647
2453,1110
5469,639
460,3177
4068,366
3471,110
5293,413
3128,2188
5504,3077
4386,1429
4635,413
5595,2441
5638,3077
4189,2578
3098,1033
3676,2959
3893,1496
5097,2164
2487,879
565,160
4431,2111
4756,1871
5414,1871
2691,120
3558,1957
27,1982
5464,645
758,740
4968,249
5078,2861
749,2906
3939,336
3321,1455
5504,983
5380,2637
2221,1110
1054,2953
3105,110
4330,1655
4547,192
1527,3173
2265,2348
5360,2924
119,1921
2072,2707
1032,2413
2425,1290
2721,120
2764,756
2800,413
2862,1291
4484,2472
3018,1804
4880,2472
5037,958
4635,2641
4709,2590
4690,2348
1448,2476
2625,3041
1293,3127
4087,557
4653,214
5437,296
2560,1865
798,2367
2577,1280
3109,2861
2033,2348
2869,2620
2599,2759
5832,825
364,1351
4710,721
4904,964
2361,1655
1010,3189
2710,1809
5050,789
237,987
2830,413
176,2963
4897,3176
3789,2970
4773,1420
5069,250
793,2373
2736,1717
3376,357
4943,1831
1772,2199
254,1341
3611,1917
1066,1219
1,895
3659,645
2986,1865
3702,1281
5924,1703
5898,482
5204,825
5634,409
2248,3067
4684,789
2146,1070
3261,757
1528,2189
3467,825
2892,2580
588,813
2630,2580
3048,3093
1009,2563
4973,1831
1332,1496
5439,318
3947,681
1875,957
4167,455
5001,92
622,1336
395,2111
1967,3175
2239,1419
2513,490
2760,2811
4612,2791
1590,973
5360,964
5692,1703
468,869
3343,2637
5237,2062
2510,192
493,1865
3948,2976
4502,152
2160,2257
1298,572
3318,2580
4180,101
4479,2612
2660,2580
4202,1580
62,366
4019,2627
1278,859
2983,789
5906,319
4249,3089
1570,2199
467,1583
1169,1855
1238,1460
3144,1646
995,1702
4421,163
5293,92
5584,830
5501,41
5682,1365
4246,2791
488,1871
2742,1831
4318,1913
2191,1728
3447,2586
4851,2376
1929,1728
1635,1281
119,1250
673,2590
277,2590
2628,39
3758,758
411,2590
2670,2894
4656,1908
1397,177
3661,825
3766,2339
3857,1703
4643,2612
1723,2791
5323,2371
5684,2350
4729,2386
2867,964
2746,2889
1077,172
4871,749
397,413
4874,266
5032,852
5719,92
4782,677
4908,816
4572,867
2867,1903
3230,2709
1368,2041
2906,1831
2142,681
1101,1697
2644,1831
10,152
1574,1917
3372,1072
3537,2637
3788,4
2451,2190
703,2590
283,1250
1360,645
4378,1001
5543,2495
5031,2320
2314,1138
213,2174
3625,1703
5285,924
4889,924
3043,789
2647,789
5737,267
3584,2833
4181,837
1035,1235
2451,96
3034,2366
5252,1915
2817,1385
4940,862
2020,1041
5141,2838
234,957
5256,2788
5030,755
4536,1186
5656,1217
76,748
4919,924
1810,2170
2417,862
2522,3130
3210,498
4194,1422
2800,2320
3949,837
2125,461
4886,1915
5798,2963
2083,2679
3071,1093
5536,2963
5733,1033
2715,677
2885,1088
1598,2637
1672,2586
3384,277
5753,2439
1174,589
1286,830
2213,2910
4825,2578
3340,1668
3672,155
974,3187
31,574
1915,1001
3078,1668
4439,822
3764,3127
164,1103
644,2494
4940,57
659,1082
473,2612
1161,2232
2403,1694
2833,524
2456,574
3447,1915
174,2730
4505,1068
5248,1341
3180,2325
5718,1290
1318,903
5752,120
215,1041
5275,3164
1558,2807
5187,873
2759,1514
2086,482
1569,1653
14,4
523,2325
2718,924
3193,1217
2943,1042
174,636
3880,1366
870,339
5861,413
5159,895
2984,1982
4111,740
5341,2629
1390,2068
3009,2978
3470,155
3360,2269
2859,1
2002,2824
3819,2029
5901,751
5470,1696
788,3131
1540,2012
2595,1648
4093,319
5077,2933
2140,1253
4965,248
308,2679
2426,1058
2844,1571
4520,3015
2357,3173
2978,1571
2966,248
4859,2481
5442,1341
5323,895
3485,813
5861,1702
5446,1460
3371,1465
3696,1033
3906,2563
2361,1602
984,1915
2042,1068
3181,1341
2983,602
1305,2495
4906,957
1697,1033
778,2978
5938,2861
3610,700
2612,2352
1321,2439
595,1581
579,1048
4614,556
744,1115
3791,2963
3163,2640
945,3091
4782,140
57,185
5776,1752
1822,920
4910,2769
3069,2978
2895,2825
42,816
2819,2049
2232,2481
1530,2963
1067,987
4467,2199
3746,2439
3715,120
1497,571
5740,2472
2696,895
2952,2578
3322,2111
1102,981
5398,2708
792,1
2380,2352
4703,1917
5336,1830
2340,2953
3551,2348
3026,248
2592,3174
2535,2640
1360,458
4782,1429
3316,761
107,837
4947,1496
4072,2959
5901,1235
880,2450
512,2054
2057,3015
5770,2472
2647,602
503,248
1360,1397
4906,152
5441,1250
5663,131
5599,2590
2961,1701
2734,2476
5368,1903
2209,376
1839,2563
1376,1341
2718,253
1350,120
290,140
639,1048
1114,1341
2365,1855
2938,1717
4889,1676
1306,1511
2784,1250
721,2578
3947,1917
1483,2901
2254,2778
2622,3174
344,376
3222,2415
5751,2580
5794,964
319,319
5384,2786
4138,172
3458,413
1462,2963
2709,2769
2895,2959
391,2824
1869,2563
4028,1697
5544,1728
2266,2199
2400,2199
1018,2922
627,822
1102,1115
4273,2467
5076,2791
1464,1696
2636,1917
3086,2877
5772,2494
1336,2450
959,248
2903,1480
4553,1703
1244,2861
3357,896
4778,101
4346,2164
1032,2978
1120,2825
5564,2730
2902,1255
1899,2563
25,2824
4459,2041
5008,2283
5495,681
2387,1563
978,1429
2394,290
5482,1385
1366,1511
3720,2641
26,982
4532,1765
2073,3093
1178,1460
5585,574
404,376
5502,2791
4638,471
2142,1917
5941,2838
638,957
5812,738
5250,2920
2877,1548
4763,358
143,1917
3888,1821
526,1655
2522,3077
2460,2199
20,3015
2472,1270
4776,2283
5235,2797
646,259
4679,2350
5642,677
5353,574
649,1496
432,2959
3369,2195
4090,2709
5208,1913
3766,1831
5306,2448
1216,789
3525,2708
1338,2472
4268,2981
4659,2637
4664,2981
5352,1103
2143,1179
5474,2032
5736,2032
3667,1071
1148,2348
4319,2946
5770,862
933,2194
1595,593
3491,845
523,44
1447,2415
693,2707
2759,2616
3251,3078
1169,192
5885,2505
5417,185
4806,2283
5520,1626
573,2790
1871,3093
1049,275
2157,1235
2602,1851
1193,1717
4144,851
71,859
3939,1385
3992,2709
4641,903
4711,2396
5203,2858
4465,677
1593,2590
777,1250
1465,2590
2196,1348
3906,2376
1982,830
4432,1668
2403,2580
2468,2975
3252,805
5924,524
2708,1873
189,706
4022,2709
1868,2421
3337,2606
2344,2350
35,239
2075,1179
1691,250
4148,2259
772,2195
1825,250
2601,471
4519,482
2201,2981
5133,1873
1874,2586
3068,2566
3073,2910
4066,1668
4200,1668
3508,2838
4532,155
801,1620
4206,924
2454,2114
3631,2679
1831,2889
296,2616
4350,2366
5117,27
2689,2920
1440,789
237,2975
3475,1385
2112,2350
1083,1683
2105,1179
4474,1089
90,1235
4608,1089
2089,2366
3135,2448
3911,1915
260,1646
4909,1017
3835,2859
4771,329
1906,969
2329,1072
4165,519
3834,1668
2260,3187
799,2863
1496,2791
4536,2906
1160,2842
2951,826
781,2257
972,2791
311,830
3726,822
1969,1668
5259,268
2824,2182
489,1102
5024,1125
243,137
2591,1422
5492,1001
1247,1683
3723,524
52,2232
2282,852
4658,2495
4195,519
4305,3131
4304,2906
4340,2563
5307,2352
658,2981
1678,1088
5816,1475
2901,308
3687,1217
1304,877
4590,267
4428,1629
3337,3090
4290,1695
570,1821
1657,1904
1877,924
4497,1207
1365,749
4161,2978
3765,2978
3104,263
934,1694
4370,2563
4766,2563
2348,1448
3483,2511
553,2002
4180,2439
197,677
1036,2910
4350,2850
3262,822
1552,1514
3890,2111
177,964
4361,1696
1066,308
5916,1655
1093,411
5221,110
164,1668
3968,2933
1764,3090
5148,3015
1249,924
1423,2797
3615,1125
4833,1691
5353,2481
5901,1532
519,1078
4526,982
4975,54
5381,1496
3266,2634
3674,1705
1869,1571
5169,859
4520,413
24,318
468,2052
4926,1855
1994,519
3713,2572
4876,987
5039,1917
1634,1115
1675,924
3886,248
4815,2963
3753,2348
3624,248
4171,2861
5389,983
366,1371
4812,413
2816,2963
4803,859
4612,1291
4903,2029
2554,2963
5376,2441
754,3173
747,2002
4770,187
4520,1702
3727,376
521,2413
4926,700
3090,1253
1087,2824
2699,2563
2236,1341
5541,973
1826,3163
2557,1921
1323,822
258,498
1091,1253
3976,299
5299,2379
574,2424
1405,2352
2742,920
646,2300
2819,386
305,2007
4507,1655
5594,1738
5575,1496
2032,2450
3966,2240
2837,1157
2188,2963
3618,968
4053,896
5216,1563
4550,1702
2647,1033
3755,2959
3703,2769
4157,2939
2297,2906
1588,1655
2968,859
4585,1696
3255,1855
4332,1250
4399,2472
355,1720
2308,1752
4121,249
2115,2111
4475,2467
144,2439
598,1855
4010,2138
4956,296
3046,2620
2151,987
2762,2861
1705,900
4714,1702
1383,849
3317,639
1596,1896
2289,1860
978,3015
548,987
2759,2563
3614,3077
1356,1655
3225,1804
582,571
2404,120
2,1982
1442,1429
2562,1460
4992,1646
5177,645
5329,285
449,981
552,1860
5521,455
4547,249
1763,1255
4901,2467
3012,1696
4142,2415
5360,2981
3526,1917
1657,2522
623,1511
2959,1281
1856,1419
2952,110
2556,110
5068,2580
4544,2580
3770,1496
5671,1338
5764,2283
523,1280
578,987
5865,2240
2775,413
383,2963
4855,2472
4889,1302
484,571
5143,2350
740,2446
246,1911
4422,2590
5341,645
3990,681
1161,2476
3682,336
1517,3077
5123,2637
1054,1855
3755,2504
2122,1696
2423,2590
1528,957
2560,2861
1135,2194
385,1696
3752,2206
20,63
2034,536
4207,2786
1786,434
3587,3078
1166,2446
3571,855
1671,3113
4240,2145
4278,2437
544,413
229,1341
623,706
4790,1831
5153,2637
4105,1728
4074,163
20,413
3019,1281
3033,1179
4994,1072
3153,1281
5856,313
4080,1671
2655,1004
3154,2637
4365,2032
1739,214
4660,2889
4634,1668
2652,706
1843,2257
5176,1493
4095,1390
2739,2580
2531,187
2773,2164
1725,1255
2532,789
5584,2981
2955,1646
3010,1353
71,1290
2392,2472
678,1702
1361,1732
263,1460
4379,2088
707,188
4435,677
1768,3022
3965,2448
4457,2910
3340,2396
2571,902
432,1646
2734,2586
4202,1637
4267,2032
222,2590
3897,1001
5021,2494
5284,1376
3661,2976
4810,1493
2769,2580
2461,2427
5408,2351
3994,1873
1814,2616
4207,2920
5881,319
404,1291
5619,319
397,120
2458,2129
2735,717
3457,3152
312,1702
305,531
1623,2267
1029,1528
3933,816
2747,3171
3716,589
4855,862
5352,1668
4297,2032
5667,2415
4398,2838
4942,2736
1740,573
3665,1001
432,491
657,3053
633,2467
3410,482
328,1831
2289,2478
2721,2889
4438,924
4913,1217
847,706
4718,749
2641,2371
72,1087
841,137
5371,2068
4272,2325
1022,1646
2775,92
4442,1982
2496,677
5120,1668
887,1421
5426,2906
1016,1831
3722,2824
3371,1843
38,2415
360,214
1600,2791
3754,1581
4113,1699
68,2257
2088,101
2671,2371
405,896
4421,354
4431,1042
881,825
4613,524
2629,2145
2923,148
5751,2824
1040,2575
2776,852
2492,1093
2793,267
3844,2413
184,2590
5948,2614
1046,1831
3401,1843
661,677
2230,2032
5222,1921
4623,3090
1823,1873
4777,524
3108,1217
1796,2679
5898,1157
2200,1042
970,2371
5051,2978
4032,2999
4440,2824
4393,2978
5780,155
5818,639
5926,2424
2650,1278
3567,2670
50,681
3250,2963
1316,2981
1280,318
4202,966
5070,2439
4800,2578
5380,413
825,677
2953,498
842,92
2528,2978
5341,458
4088,837
127,2032
2245,411
4948,1695
758,2838
5675,2963
3249,267
5212,987
1000,2371
1941,185
5853,983
1827,837
223,2679
3227,3137
4340,2189
749,1971
4890,2629
1182,1072
4702,2578
2849,1464
593,677
4325,376
3664,859
3688,1253
3127,2906
3846,2593
5921,336
2676,755
1129,3131
3369,2439
4847,2178
3004,1752
2307,2578
55,1001
4910,248
560,1668
159,1324
968,1493
1902,2300
3736,920
5088,2240
5322,192
4809,2825
5767,808
5502,1291
4798,946
3695,330
2697,1982
3831,1157
2714,1397
5023,1064
5174,2923
902,92
4436,1496
3579,155
5914,1235
4133,1495
3458,2080
4535,1475
4602,253
1931,1136
551,2494
5487,2861
2975,2111
4432,973
707,1
416,2269
1899,2352
1274,2300
2833,715
2590,957
3510,2620
485,1093
2861,1982
280,1627
4423,2358
5108,963
3072,2394
2403,2824
2752,2978
2728,140
3357,2563
2961,2563
4439,2302
3343,413
4499,101
3002,120
4906,1953
4541,1266
1155,514
1306,2373
1022,2614
2755,1182
5576,435
2799,3174
3466,1917
4010,2569
2843,248
446,2454
1898,972
5019,2769
2852,1465
722,1571
3301,1291
3860,2975
4110,706
3373,413
4175,1855
3980,3077
5271,738
5754,1646
3020,2769
5091,1302
621,176
1378,155
1574,1787
1388,2563
5395,2467
901,1
5882,1831
1126,2563
317,704
802,2439
4245,1281
5427,2190
5829,2170
3797,2811
3867,1860
1379,1696
3975,639
5568,1082
3727,1291
5752,2889
1003,2348
3687,172
874,248
237,1125
3141,413
4031,1702
4619,152
3748,825
3822,1528
5148,681
1404,413
3885,2816
5254,1831
2083,2199
495,602
4361,2745
3609,1420
5806,92
2497,1250
5343,2842
3961,2811
3202,2759
3317,2709
3651,1831
1409,1696
3401,1656
815,957
2559,3067
2086,1157
2218,2774
4407,2339
267,1125
2144,573
4047,1804
5640,1493
3883,2339
2422,2769
816,778
1568,413
649,2358
2249,3026
5855,2586
1404,1702
2990,2472
4807,1677
4000,645
4900,2622
5404,435
3795,1179
3738,645
1548,700
3609,2709
5884,1072
302,1496
5465,1088
3457,2877
4467,296
5394,2376
5568,277
924,1250
3935,435
2472,2482
4731,2032
1739,645
1782,1281
5920,1668
1775,110
5931,1831
2516,1276
3978,482
2206,296
2412,2616
940,413
434,1773
3426,908
4245,1765
2954,1852
3372,2365
989,305
2064,2283
1207,1696
2838,1677
5159,2859
1055,1302
2407,2622
5688,1668
4943,1514
1359,2467
5896,2371
4270,482
629,901
472,2415
5694,924
1936,4
2829,810
2070,758
3190,789
3701,1493
282,39
1598,1702
4373,2300
780,1255
2215,358
2822,3022
845,152
2022,717
3157,1780
48,3026
583,152
1832,2283
2188,1918
2305,2503
722,1250
3635,92
3683,1072
5266,2325
4555,1001
5323,2859
4973,1514
565,1266
5369,1514
1048,1420
2125,815
3777,2427
2796,2740
5578,1099
1720,2981
4081,2838
5939,2044
4115,1668
3418,2494
3719,1668
460,2189
3354,789
933,2601
4868,185
1366,1702
1846,2339
5614,1695
4074,1078
3463,924
4552,1642
5825,1915
4001,1539
3034,2504
5558,2325
4109,1072
3137,939
2863,2622
2801,1744
1008,681
4134,2068
729,1266
3401,985
1706,2709
1159,96
2141,2637
5859,2438
4190,3131
728,1041
3004,760
2990,862
2264,758
3534,1514
5440,2454
5032,185
3822,2146
3968,1217
2372,2920
5576,248
3456,1042
2453,2350
1530,2833
23,2164
1812,1765
883,3022
3476,2448
480,1851
4110,2963
989,1728
5930,2439
1154,1041
3048,2910
3012,1001
966,1744
592,1503
370,2622
3801,3147
5439,135
3725,2371
5506,2111
5874,63
2644,1514
3561,2906
4965,252
3998,1217
1121,2032
3287,2145
5880,1571
2554,308
1518,1668
4997,3173
4957,2054
3961,1335
3940,458
2357,3177
2238,1765
5679,2978
1699,3177
586,1873
3144,524
252,307
4457,2670
5238,2481
1451,1385
3357,1571
2961,1571
1569,852
3940,1397
3988,3131
5700,822
1520,2653
4013,155
4763,3127
5694,253
2397,482
1574,2889
1727,3131
3370,1217
3425,924
3667,2901
675,1514
2628,2300
2962,1422
799,826
398,482
4202,1747
162,1703
5418,1486
220,1873
1039,2730
4970,2824
1214,1041
4290,813
3574,1397
2144,386
7,1765
1762,92
3646,519
4043,155
4279,2906
5700,2111
1508,2427
4718,2953
3331,2578
4441,1921
683,1001
2183,1253
4855,972
4638,2435
5538,248
3100,201
5665,23
4364,920
4770,110
5699,2825
4508,110
201,2920
4320,813
3321,2240
4938,3077
26,852
4465,413
1612,2376
5005,1855
1677,519
2219,2788
1811,1273
3633,822
3380,376
1332,2736
2404,1787
1597,1
2562,3127
4821,2677
1414,1048
4900,1280
3812,1696
4905,1624
1479,3163
4039,2641
1802,2850
1372,822
4746,813
1026,185
3087,2194
819,3090
3703,248
4885,1157
1576,63
5273,2959
1947,2450
3072,2825
3356,140
2499,2963
73,267
4495,413
4054,2922
3892,120
320,144
2374,982
5892,2415
2308,2614
4421,1403
4381,284
2507,1511
4568,110
4389,1865
5153,3015
4406,1280
3995,248
1716,1921
3369,2415
680,837
3947,177
1540,1695
3102,2825
2407,1280
2529,2963
4721,1291
3124,140
823,2054
3354,602
503,386
2908,2959
4723,1337
4174,2061
4776,409
1395,1
1980,2906
2016,2563
144,1207
2002,413
2482,1804
3425,253
4491,1179
3827,1953
5083,2811
1179,376
5418,815
146,1253
282,2080
5399,573
2830,43
698,1766
3045,1917
5132,983
3411,1486
5030,706
2096,987
2311,2861
2946,1157
5855,789
726,27
4587,2580
4962,1703
5034,825
5421,1993
3072,2959
5904,681
1000,2481
3660,3129
5002,2041
4229,3057
4970,2503
4268,2985
4533,250
37,155
5715,1159
3975,1420
391,2373
3244,972
3364,1266
3681,973
4087,2415
4207,2709
4642,2637
253,2439
4291,1656
2904,1281
2620,1522
2365,249
3373,39
2313,813
5680,1323
3314,2842
587,972
4825,2529
3739,2082
2142,177
4021,1014
4802,825
3475,1255
3162,758
1331,1655
629,2137
2403,706
2124,1291
4020,789
4500,2180
2196,413
1155,1429
2421,2975
3352,101
4851,717
5709,748
4367,2590
5105,1765
4401,1420
2183,1871
5614,1642
712,859
4836,1348
5211,471
5772,2982
450,859
4705,1831
5884,1503
3597,1625
2067,1696
18,2922
5037,1072
2201,1696
4596,2827
5582,2858
79,1855
3025,645
1844,2590
158,458
2140,1420
2837,1348
2274,2174
4014,1913
1990,2415
751,972
2807,2637
5228,825
1332,2415
2664,639
5460,2114
928,110
4078,2837
1065,2825
3040,2616
230,2963
2916,2580
2854,1702
4299,1493
2196,1702
2724,1821
4104,1025
2462,1821
3488,527
623,413
227,413
4473,1831
3468,2504
5483,4
2062,2641
3144,1626
1105,1096
2784,2811
5411,1821
2649,2586
2594,435
5646,2627
4782,307
1895,434
558,2620
5437,1699
1922,2257
3300,826
4119,1683
5597,1422
3656,461
5702,2936
2026,2580
3499,1975
639,2959
3251,2627
715,1291
3982,631
2215,789
4536,1971
4758,852
616,2975
4212,1093
129,413
623,1702
208,1460
1813,2472
2899,1421
2904,1765
3236,2504
3857,2622
3413,1642
5454,2807
3031,1348
1589,1266
2566,2709
4897,2135
437,1697
4274,2910
2381,677
1655,573
4046,2494
5257,1889
374,1348
2652,1702
2765,825
1963,137
3276,1529
4487,924
5127,318
5564,319
1587,789
5856,1659
5174,1073
2672,1765
98,137
2875,2124
4291,985
5636,2824
4509,2376
106,2472
3105,2586
3846,2032
2411,677
52,3175
1913,2652
1703,2842
4965,1838
1715,1913
3489,482
5679,1181
5464,1027
770,2637
4147,2145
2404,2889
2478,2838
2082,2838
4517,924
2715,307
1347,928
3396,1422
5115,92
4836,677
3196,2300
4576,1504
1365,753
1184,2627
5623,2188
4797,160
2691,852
2314,902
2708,267
385,3176
309,1646
321,717
3640,1001
99,2590
3378,1001
4192,1514
4689,2320
857,3171
437,1831
1581,2448
5351,2439
1089,296
2016,2376
2073,2910
2453,3131
4888,1217
5676,2199
4727,2023
2215,1273
3056,1889
826,825
2003,1390
399,2478
564,825
1335,702
1424,1683
4910,1915
851,1821
1221,600
2286,924
5030,2963
2198,2797
2437,1093
2664,318
4660,986
3687,416
5781,2373
2042,1503
459,250
1837,2791
648,903
4877,2906
4584,1341
1313,539
210,677
2221,3131
1409,1001
3300,155
3573,1253
4411,2352
4598,458
2456,1493
5691,386
2614,2833
3333,1766
1886,1340
1640,1873
4205,1695
5372,1572
5418,1917
337,2889
5896,2481
2541,1042
4946,2861
5070,1207
4995,1033
5840,859
2256,1058
4943,2563
5272,1341
3415,1017
5010,1341
4614,1341
672,2586
3528,140
1871,2910
374,677
4890,458
129,92
3343,2080
5879,972
3637,837
3036,1371
794,482
4235,1695
2148,185
2232,822
1836,822
2650,1335
4429,248
4890,1397
5279,2670
2717,2557
1760,1766
5724,1034
1555,2300
481,924
4968,1465
4199,725
5369,2563
2545,2450
520,852
2963,2963
3937,725
2180,1571
5355,413
1557,2346
444,1042
2701,2963
5489,413
4523,822
4385,2578
4755,2111
4,3187
3108,2563
4209,2352
3586,3127
5360,1696
236,2032
1318,1017
2656,2439
4984,2348
1866,822
1945,1115
2458,2454
5379,1157
317,2371
1800,2454
3624,386
2266,1695
3651,2209
1235,201
450,2900
2594,248
3048,2670
3984,140
5567,1393
1229,386
260,524
3400,1809
282,283
3768,2959
2348,192
2802,2614
1183,2670
4741,1250
4808,2472
2683,2922
398,1397
3001,1511
3760,1563
2619,1217
5437,2451
5167,2590
5898,1348
757,2269
1930,1372
2828,2522
3812,972
2430,1695
1265,201
4178,3015
2901,1280
3018,1865
4479,2189
5890,706
1753,3173
311,3091
1190,27
1655,386
2362,248
4962,845
5287,413
5717,2441
4142,2769
3029,1465
4276,2769
4849,187
3381,2856
2644,2563
3372,1804
2947,120
2245,602
488,1448
1274,2357
1608,1479
2446,2578
3110,1804
1830,2080
436,2978
40,2978
780,2788
4782,2348
1807,376
4861,2641
4947,2415
910,2080
1041,2563
3159,1696
263,2269
3485,1866
2521,2348
632,1577
317,2505
1019,2023
2533,1419
3369,1691
4096,2959
739,3137
3700,2959
4051,1496
1929,1655
4288,3129
4918,1081
1060,2963
1471,2497
2149,1429
3169,290
4673,1250
4485,1953
3334,357
3105,305
978,120
1530,3077
1143,2439
4491,455
93,895
3537,1625
1438,1044
1018,458
5641,2580
1873,972
1656,2435
2597,249
3836,2446
3970,2446
5057,2529
852,920
3658,639
5172,789
872,1572
2209,140
5333,1646
1104,2861
708,2861
3707,2975
3714,1702
2518,895
446,2861
3693,825
3390,824
4114,855
4081,2627
1404,120
1087,413
2649,789
3468,1646
3790,1697
302,2358
3132,1697
2509,2472
5508,2586
2600,2590
2180,1250
3130,2590
4234,2842
4764,2842
830,1696
5701,1668
2282,214
3529,2272
5336,789
602,1280
332,1419
476,2861
1106,813
3797,774
416,366
1608,1963
4516,461
4240,2283
1179,1291
1513,413
5618,852
4358,2504
3157,1353
5463,749
514,120
1087,1702
4002,1179
2351,3175
3129,1025
4132,471
5513,2529
1285,2626
2909,2190
4246,758
2284,2138
5061,153
5207,1668
100,1419
3625,825
4406,1390
5213,924
5648,852
3105,789
5426,1971
1754,3077
1281,413
1506,2975
4739,1041
685,1291
317,895
1513,1702
5140,1385
917,2580
1743,2164
3508,1179
2479,1266
2959,1903
2298,2386
4719,574
5023,1739
1100,2472
3514,435
3703,2586
2557,2088
3784,296
5499,1668
2352,2622
4470,1001
5337,2838
1247,1179
583,1953
1359,2174
1080,2759
2143,4
4500,651
5785,2439
5812,852
2930,1323
724,845
3943,3177
2205,101
947,2580
1656,825
2052,825
4441,421
612,789
4932,2910
2506,214
97,1097
697,2590
597,1420
1473,2811
2607,2740
2667,2791
3319,2946
810,2467
3343,1088
4790,1514
3721,482
1214,830
4060,1668
3447,3131
52,573
2715,738
1373,2580
4757,2505
5817,2485
3286,1493
5559,1695
5256,1694
1018,137
5863,386
1930,1185
2470,2627
2673,1266
1988,409
5107,1571
3744,92
710,3175
5581,2393
727,2590
2895,524
2086,2637
2435,2791
3225,2910
1074,1385
1824,2637
2641,2859
1447,435
5585,822
1512,830
5254,1217
2735,2494
4927,822
5268,1115
4774,2300
3244,2371
2179,2047
4897,2111
5582,524
2746,1340
3572,924
3599,1027
4855,2639
2914,924
4994,2983
3401,1042
5307,1982
983,2371
1480,3177
828,3022
3073,2674
2493,867
2266,1642
3087,2572
3940,2259
5578,1
4912,140
1672,903
5541,2563
2544,832
2671,2859
5212,1341
2979,760
5615,822
577,2622
1936,195
2695,1001
5477,2578
2433,1001
3558,1376
5694,1115
1452,2068
5,1642
834,3187
466,2791
3902,2906
4442,376
130,2842
3857,1443
1610,964
5794,1696
3352,2439
3023,1217
5621,987
3078,924
2976,3091
328,1514
3905,144
1904,2350
2955,524
123,358
766,2679
4814,140
5172,602
3174,2325
5438,721
5462,1115
4500,2424
35,1642
4207,859
4040,2439
5915,1060
4719,253
3449,1217
2726,822
1016,1514
1064,2494
3564,1921
3653,458
408,877
5351,2415
915,2371
3522,1695
1412,3177
1419,1904
4511,2963
4048,987
3055,2983
4822,2825
1544,852
1284,1679
3131,2978
3924,2614
5345,1819
937,1571
3941,2029
1188,2910
2134,1068
3333,1392
2899,376
366,1001
2503,376
4934,972
2420,2593
2000,1253
1809,2439
286,1237
1547,2439
4943,2189
4279,2963
1679,2366
2708,27
3255,2640
4380,3015
4165,2861
5548,1774
5882,896
80,2300
5398,2769
1308,1110
4069,120
2073,2670
4621,3077
4827,2953
396,1001
2292,1253
5411,2415
3238,1131
1505,2563
2890,2111
5369,2189
462,308
2566,2953
921,822
3514,248
1117,2454
2247,3173
3252,248
1132,1042
3537,2861
4167,813
4220,639
1417,1403
4822,2959
1472,1110
5457,1255
2182,2963
3782,413
4389,3077
5862,2472
4396,1804
3341,2922
3222,2476
4003,3041
1921,155
5789,681
5300,490
3278,1819
403,1017
2003,2439
1280,1290
1454,3163
953,895
1741,2439
1080,2922
612,602
3303,2815
4392,1281
499,1479
3819,1419
3829,2861
3416,248
2824,336
4646,639
2108,920
2846,849
3806,2877
743,1058
4222,2563
335,2953
1615,987
2090,1280
1283,248
2673,140
849,3174
1042,1125
3244,895
362,1366
489,2639
1554,2963
1941,1157
4906,2441
4312,1702
561,263
2223,2563
1529,2906
1894,1341
1078,1
4099,2348
3782,2641
1132,237
4392,2570
3191,1419
2501,972
2138,920
178,3127
2635,972
1841,1865
103,2953
5790,101
3976,413
1980,2963
4107,896
4418,758
1971,1157
240,972
2236,2394
5694,3022
2755,2959
1991,2563
40,160
2626,859
5394,2730
4632,717
2032,120
2111,413
1548,1993
331,2029
5119,1744
1115,2111
2333,2677
4224,1831
2419,1697
5803,2376
1419,2522
2630,1917
5106,758
80,1629
5718,1514
5456,1514
3976,1702
3682,1255
1807,1291
2163,172
2717,1512
838,1429
1483,413
4182,2709
5598,816
5398,2448
3307,1728
3381,1677
24,1855
5487,1739
5330,1001
1985,250
2298,2467
5558,1390
501,2194
38,972
5785,1581
4520,2889
1163,3067
215,110
800,3015
1851,435
1832,193
538,3015
4435,307
5634,1385
5063,2350
3705,461
5890,816
38,1911
1299,3113
5289,1350
5475,574
172,413
2553,1646
4084,2709
4127,1093
128,1804
2081,2590
2795,1179
3746,435
1581,3176
1416,1419
110,2164
886,2385
1108,1266
3336,1503
3544,2206
3143,1862
5258,2976
2525,2981
5650,1514
2143,435
4550,2889
1470,1655
2151,296
2619,2616
4448,892
4682,3008
3565,2494
5817,1627
2233,2580
4831,2350
3802,1683
4485,1713
4268,3176
166,2446
548,296
152,296
539,1496
5754,524
1802,1081
1144,1081
2410,2627
153,1460
5896,2859
4342,92
18,1235
1396,3022
2550,2637
1452,2365
2156,266
3312,2206
2653,1072
4075,3131
410,712
4976,2300
2746,482
5065,837
1142,2324
4110,873
808,758
2702,2627
5761,540
377,1703
5158,1001
53,825
3408,574
953,358
674,1697
3757,2448
832,2283
2318,2637
4004,2325
5024,1186
5050,155
1034,1451
4518,2546
3064,1703
4366,2906
5006,2300
4049,755
4133,2146
1330,2910
5463,2953
1958,789
4707,2418
2517,2473
428,2580
4127,1577
2766,3177
3492,837
2067,3176
2516,2248
3552,1642
2218,2591
1208,2920
2975,318
4468,1089
5079,2963
2300,903
1598,1385
180,1697
4287,519
5849,895
4748,1668
2081,41
4223,2978
2611,41
5355,2080
5709,2578
1299,1503
3976,2320
1770,1088
4900,2439
404,2344
3502,185
4410,2023
67,2170
3567,2300
545,482
2811,1765
1293,2627
892,2283
4598,2259
5868,3015
2800,852
3543,1125
2347,318
5100,1157
3047,3173
731,3089
4633,1
5383,1253
5847,2111
4918,2614
5257,2080
5651,2199
2048,2910
1160,4
3690,771
3666,185
2468,2715
2401,1493
539,825
1320,636
3335,2300
4890,2259
2261,924
2489,3003
1271,185
4344,248
2847,267
4082,248
1174,2504
1554,1971
5336,1033
3187,1089
5153,2080
2906,847
822,1298
4965,2029
4139,1
5335,808
586,267
233,903
3970,946
3154,2080
1741,2736
4642,63
4795,305
5275,1696
2298,1341
5257,336
5789,1917
3765,3173
420,1668
702,600
55,981
494,2371
1915,822
3176,2778
4840,987
4921,2861
3200,920
4631,813
5032,1157
1455,837
2938,920
4882,2152
2707,987
1991,1571
2841,987
1738,1125
4790,2563
4470,895
5187,2199
4862,187
4569,874
2979,2614
238,92
2621,2906
5854,972
3056,2080
4534,1819
5659,2194
4167,305
2042,755
712,1668
4929,2348
3045,1921
1995,2629
1885,771
4519,2450
462,739
2387,1921
4975,249
5008,2641
2958,2676
4276,248
4427,2861
4441,2759
1077,1766
4102,849
5148,177
5294,2446
543,1078
2422,1915
4285,1465
5082,2563
3072,2963
3533,140
83,1093
5449,1044
3009,1860
5667,2435
3086,2080
3189,2959
2764,2029
2559,2563
3194,859
2862,120
5890,1918
4100,372
5325,1917
691,2080
4108,1953
3010,2435
2678,1696
3942,2415
1834,28
2880,110
3102,2963
2078,2640
877,1489
4836,413
4970,413
3929,1429
3533,1429
1007,781
5097,188
3219,2959
2457,192
5480,1646
4471,665
5042,1420
2590,721
1752,376
14,1464
2595,1819
4909,1830
3895,2195
3525,972
3984,1486
3356,1917
534,2439
71,1217
169,1752
3044,110
5007,1584
2204,2348
1700,1125
3257,1157
4401,1774
110,2111
344,63
3004,711
4112,1671
3069,1860
3907,2959
918,1089
319,2450
3419,2616
1573,2481
5728,2283
4479,152
2605,413
3226,2975
5394,717
3214,1460
2121,1532
3895,101
5786,9
2434,531
2964,531
2224,721
4514,2590
3413,357
4648,2590
1255,859
993,859
2557,372
430,2439
5583,589
879,1511
889,2199
2068,1147
2016,957
1789,1732
1325,285
5764,600
46,1695
4131,758
5557,307
4583,101
3638,825
1867,1773
5162,717
4157,1390
3493,2164
1896,259
3030,188
3505,1235
1046,2563
3267,1821
1097,808
832,1291
1181,2199
4490,1041
825,120
1926,101
4011,2504
5271,852
587,1460
2941,2590
652,1855
3655,1179
3393,1179
4174,1744
2021,2590
404,63
2926,2467
5166,2529
4156,2858
2659,2877
4512,1739
3118,2637
3273,296
126,1250
4290,2858
631,1917
1032,3015
5558,4
2307,1671
1190,1157
5285,908
3638,2114
286,192
714,639
24,192
4303,2504
4699,2504
4986,1780
600,1291
1011,3077
5301,852
593,120
371,1993
2709,2590
3301,250
2769,2641
3428,1523
3734,1041
4204,1744
2168,3175
659,1871
697,2163
2961,2811
5537,2822
3222,2586
5751,307
4856,2838
80,2194
2344,2842
150,2933
341,249
2022,2791
5738,1765
3570,825
1006,639
1983,2082
1231,757
1305,706
885,120
5924,1366
2944,1302
702,413
4570,939
996,2580
2773,1420
4970,92
3433,712
2824,1385
4255,1278
5501,1448
5840,1668
5208,2889
5874,498
4886,2838
1178,1281
4561,826
2508,2842
276,2641
4705,1514
1379,1005
2260,2740
3266,1703
867,830
1206,296
4272,2386
4664,924
4743,1217
1615,2975
2556,789
5701,920
541,845
3495,250
3636,1421
1769,409
1989,2627
2054,3022
5027,1915
5543,2963
3416,2586
4555,2859
1850,748
2349,2381
4293,2859
5504,3008
1044,2570
2116,867
1605,2637
2288,1913
1632,2740
2293,2257
3800,482
2420,2032
4067,826
3046,2494
3347,1668
747,1071
2734,3131
4114,2335
4919,1042
3231,1493
973,825
3671,1765
1976,1237
5835,2963
1721,2970
998,1821
1133,3177
1410,1765
5247,2978
1131,2350
1785,1642
606,250
1879,523
5456,2563
3422,3131
4862,2578
3377,1668
4946,771
3115,1668
3542,981
1831,482
1836,826
4138,1766
1913,1046
3121,924
328,2376
2546,2679
3311,267
3168,1679
3558,144
4028,847
5015,2978
607,2730
5691,2029
3222,1915
4958,192
1271,266
706,2709
35,2504
5527,120
2297,2325
384,214
7,456
2717,467
4764,2578
3673,1787
2914,981
2952,1273
4148,2080
1885,1068
1866,826
3750,1253
4844,63
3149,1787
5663,920
1795,2114
5174,1695
1246,2838
2968,1217
2641,822
2701,873
2706,1217
3737,267
581,1667
321,2494
607,636
5368,248
5371,2963
1193,3177
1902,1422
1976,1371
3041,1695
1645,1766
2779,1695
241,2730
1060,2833
2970,2983
4038,2824
3264,986
4845,2358
4172,2824
366,924
461,2504
2720,2054
223,3090
3735,571
5254,2563
5650,2563
5862,756
629,2088
2408,1001
2497,1982
5407,1115
205,40
3641,155
1545,1535
3517,2563
2433,1997
3078,981
3114,1392
3651,2563
4155,376
5394,1819
5204,1695
3065,2439
3132,1217
3643,1921
5709,110
2488,1115
5521,813
3467,1695
4148,336
1675,1766
405,2730
9,2730
1019,149
1489,852
4393,140
3670,2963
270,2505
547,1093
2557,2413
5898,1702
5483,1460
994,92
3060,1
3681,2563
3624,2029
2564,2049
1809,1207
2528,140
5453,305
1547,1207
4943,957
5461,2640
177,1001
2914,1115
818,2495
1410,155
61,826
2387,2352
3163,1819
3846,1849
3672,1696
3959,972
4102,1280
1230,2439
5227,1655
103,1237
1101,339
3033,248
3566,2963
2792,1125
1257,852
3714,2861
5751,120
5830,413
5513,1460
3765,1860
3961,2738
4269,639
2844,2978
1447,1915
1046,1571
2978,2978
4714,1255
856,3137
4900,2199
1305,2963
2986,1341
3251,2578
5816,1646
3526,531
1506,2495
709,1397
341,1001
4202,2800
1655,2029
459,1222
4208,336
1517,1341
3108,957
3574,2450
4307,1281
4718,3067
1853,2953
3195,1865
1397,458
4833,573
5912,2563
4505,2959
4037,639
501,2572
2397,2824
1194,1038
2942,2358
1397,1397
2556,602
3528,1701
3939,1235
5804,1420
5640,2709
1853,859
5258,2415
5000,1625
1285,1341
409,704
4246,1917
1030,822
3113,2590
372,822
2710,1419
2853,1727
366,253
772,1695
3535,778
1694,987
966,248
1513,2861
95,3173
38,2639
2143,813
1485,813
2148,1157
3760,896
3854,2975
4309,172
4553,2976
3876,290
4380,2267
5834,1420
428,2824
2145,859
3843,2062
3354,1871
5799,2365
5742,1831
1630,413
5804,2709
2175,2199
1062,895
5881,677
4172,2503
1077,237
526,2578
3107,2933
2537,336
2196,43
2275,336
3904,2688
3978,2637
2550,3015
5681,2494
125,3173
472,248
1654,1157
3691,2580
4410,2267
778,1486
4770,358
494,2481
4508,358
3484,789
5834,2709
2056,413
4387,2283
5892,435
1537,1511
2012,1804
2884,2487
4775,1641
4661,573
5629,964
3513,214
4008,2637
5890,1739
1403,1696
5716,2838
3369,435
1029,3175
764,248
5091,2786
282,2194
4692,825
4296,825
4733,826
3721,2580
5745,2078
5814,1683
534,2415
2685,1496
66,849
4653,308
2086,413
2877,1666
0,2481
4393,1697
4513,1991
5929,852
4205,1646
3537,958
5605,1694
1811,1871
5543,816
627,135
3667,250
3450,2467
5907,2032
370,2199
1858,2626
4057,435
2668,1677
1264,2641
1995,645
2038,1281
5431,1514
5780,1668
5854,2371
5159,826
2979,1569
1585,2467
379,972
2724,296
210,1917
4485,2575
2162,758
5615,1042
3321,1683
685,1429
1490,2580
103,2205
2780,3022
872,1255
5507,2448
4142,2586
5737,2910
4087,435
5701,1001
3966,1606
1502,2590
5292,1705
409,972
5789,2511
3941,1549
2358,296
2225,2396
1117,2190
33,1624
3386,738
2928,3078
1044,2651
5070,2797
276,39
553,2791
1520,2580
2778,1821
3485,1683
3636,1852
5852,1520
3833,2366
244,2975
5266,642
4270,677
5734,518
5183,2859
1728,250
5207,1001
398,409
1270,2590
2896,2981
3014,2448
789,1728
5839,3163
3456,1103
3936,2494
4638,2012
5663,1217
5104,1253
1050,1503
3935,2269
3298,3146
2429,482
4259,2366
3631,2797
3892,852
1593,1903
1388,2437
804,2386
1299,2365
3727,226
3971,2838
631,1677
263,1281
3238,1001
1517,1504
3654,3131
1377,3187
5006,2007
2430,1996
3749,924
3895,2439
1448,2838
4827,3173
973,101
787,877
1494,1493
2449,3177
162,825
1096,2386
3002,2572
3632,524
894,2437
1923,852
2319,852
3850,1915
4285,1843
3172,539
3244,2859
5221,1033
2160,41
2872,1001
384,645
2657,847
4699,2614
1851,1915
5853,1475
4187,2439
3461,1581
240,2586
5665,2178
5777,2419
64,2360
2288,1889
5746,73
5262,2580
2129,1078
2547,837
2599,1027
2628,267
4658,2963
2999,180
1256,924
4589,160
2147,903
5879,602
2601,1073
3800,1397
4467,2614
5176,859
4474,1341
5441,376
4205,2614
427,318
1313,2397
3379,1340
1278,2376
2202,2495
5803,957
3774,1115
5892,248
3046,376
3433,822
3643,2352
5363,1624
4208,1572
5185,3015
5524,2481
5679,140
954,185
2117,852
3631,248
3810,2465
4560,2963
1294,2505
3369,248
4957,155
4100,2978
719,318
4910,2029
5280,808
1909,1088
4705,2563
5359,1855
135,267
1303,1278
2616,2670
1351,6
4830,1511
5210,1732
3587,2578
3191,2578
3905,1921
1357,1514
1295,636
3210,376
4824,1696
4483,1403
4340,2815
4221,1403
3660,3056
2120,2439
4814,1917
4057,248
2527,319
1529,1971
2780,2485
3415,781
3597,2707
1995,458
4581,1157
4590,2963
5538,1496
2430,386
1859,1351
1881,1110
3431,725
3565,725
3549,192
4325,413
2183,1448
4473,2563
5261,1855
5803,152
4280,2922
1995,1397
2528,1860
2213,2788
1363,366
4340,721
2115,1
4150,3041
1206,2634
4807,1096
2422,3127
5314,2620
1339,3163
1494,822
2683,458
3209,2194
5007,1157
2166,1629
772,837
930,2177
2984,3015
821,3173
2755,2963
3832,2358
2507,2861
4267,1532
2200,2152
660,1535
2411,120
2901,2199
4369,1250
3030,1855
2634,1855
3766,957
1765,3163
4559,593
4380,2348
2496,1921
1737,1115
3351,2435
3855,248
5051,1055
112,2080
5100,2637
5776,1496
2285,2640
3291,849
2799,2861
359,267
2005,1280
2776,1157
3172,1157
4777,2923
3705,1620
5907,1390
5943,855
3508,2769
4301,2405
2582,1291
2654,413
3134,1804
5405,1179
1795,3163
1294,895
1767,1115
2641,1871
5946,1503
2634,700
2021,2163
276,2080
345,2439
5264,2637
4199,3067
1566,2522
4818,830
2411,2348
4611,1291
1538,2194
5223,2047
4519,1702
4956,1703
2752,1860
2726,639
694,1280
778,1917
4770,789
136,2450
4508,789
2027,2358
2605,120
430,1207
3766,152
4931,1646
4918,2350
513,2373
847,1495
520,1100
599,1393
936,2476
2046,1819
2235,2472
289,413
1679,305
2622,2918
2841,1528
1906,1250
3026,1281
3684,527
3716,1728
3571,3067
4093,1486
5294,2637
2315,3175
3989,574
5837,1344
1284,2435
1621,1266
5582,825
5618,482
1977,901
3582,1913
5103,2288
977,972
4929,2889
4800,789
5166,358
584,2963
5446,2627
200,1280
1979,193
4973,717
4398,2472
4711,717
3133,1528
2439,1871
1448,1496
1042,808
4,1341
5398,2586
4586,456
4124,2088
4442,677
1704,2590
2513,2759
1360,336
4857,892
2013,1655
4568,789
4771,2838
5707,308
5213,1493
500,2861
622,572
2955,825
3151,1703
2652,824
2703,789
2307,789
404,120
5772,144
4870,1504
2294,1493
2972,1179
4202,816
1669,2195
4690,2068
394,2061
342,1871
3756,2981
2307,1728
8,305
4249,2325
5063,2838
226,1696
4770,1273
4861,2889
1516,2138
4508,1273
24,249
5736,837
3979,1683
3697,307
4841,924
2733,789
5014,852
644,896
1669,101
2894,1646
5487,1072
872,2975
4105,1041
617,1702
1684,409
4915,92
9,1819
2669,2467
3904,2448
1452,2503
3508,4
1032,1917
4826,2494
1137,1179
5196,1273
2348,574
3091,847
2131,2791
3848,826
386,2708
444,2124
3715,482
862,2637
2340,2376
812,830
2496,2889
889,296
2866,1668
4361,822
4743,924
2900,498
2678,2371
1224,3026
4438,1042
4338,3090
5178,852
4176,1042
688,1703
4294,2983
502,789
3105,903
905,1179
2405,677
5597,2906
643,1179
2231,1278
5240,2080
1288,2637
2427,2910
4194,308
4706,2146
685,2344
3292,1668
368,2637
3751,2182
2734,2838
2531,789
3885,2182
5482,1613
2343,738
1350,482
2518,1493
1926,1581
4997,1571
2813,852
576,307
2830,267
1178,2627
1973,3090
1338,2350
2685,1606
5770,740
255,1420
4676,1341
2212,2325
4736,2146
118,2088
104,2190
3392,155
1635,1001
5482,458
2,1913
3133,2146
5743,987
2804,924
5682,2963
1552,185
4250,1125
5406,813
5423,982
3926,1001
846,3177
1142,2007
2818,41
4960,2978
5593,639
5827,2563
469,975
5510,2856
1771,2740
5417,413
4770,602
5155,413
4508,602
3484,1033
4530,1115
447,435
5397,700
4271,2352
4985,1695
5556,2450
5936,1917
2512,873
3835,2953
5886,110
5464,2861
5837,1157
713,1493
317,1493
451,1493
5623,639
4833,2240
3114,160
3933,263
3721,2824
4437,2240
5595,2563
4442,140
4046,140
5185,413
5581,413
5140,2922
4897,3164
4646,135
1172,2946
2598,2495
2531,1273
3586,155
4981,2111
1672,1017
2434,1340
758,862
366,981
2040,2352
1219,1422
2389,816
749,2439
2948,2500
4880,1655
4484,1655
5873,413
1884,1058
3018,987
3233,2861
5215,413
4568,602
5084,896
2957,2963
5349,413
5581,1702
3282,1033
2375,2049
3891,2080
207,1109
5336,1871
3999,859
1490,2824
4152,1855
5296,2472
5220,1696
3890,1855
5034,2472
2904,2578
4693,2179
256,1001
2568,2629
763,2495
3356,1921
1967,3163
4715,248
5897,1157
1234,2080
3553,2435
1738,1613
2924,2641
3001,2861
413,1335
2192,248
4202,1568
4286,2959
5349,1702
282,2572
1397,2259
2178,2824
2214,2481
4420,2959
5466,3041
5896,1871
276,283
3327,1341
3442,1291
472,1915
2678,895
3380,413
3767,859
3791,2199
4206,2441
5761,1646
0,2859
442,1514
2100,2352
2122,2111
355,2269
367,1340
3266,284
2657,957
3519,2450
3765,1917
4644,2825
5351,435
535,924
3594,1281
1536,2953
3009,2348
366,1115
3291,1280
3666,1157
2331,972
4502,1429
257,2111
1673,972
4054,2959
5482,137
3424,2563
5936,307
2634,192
3410,413
3871,808
4972,789
3380,1702
2633,721
1012,2394
2824,1255
5086,1076
5788,1348
41,1705
2352,2199
4480,1266
5657,1831
2090,2199
4268,1383
1422,1511
3301,2348
367,2629
1100,1460
3058,2590
3380,2641
3567,2467
2166,2194
631,1921
2099,972
5805,1702
2014,110
3836,413
2817,434
4410,3129
1831,1157
2538,1773
3992,172
1564,813
3410,1702
3544,1702
5462,1713
4349,409
5949,1831
4144,1697
3390,1235
706,1
1327,2563
2657,152
3137,789
4307,2627
1724,2199
4403,645
4093,1917
3088,2590
3802,1179
5070,142
932,721
5815,2016
5130,1913
3335,2467
1516,2435
5797,2376
4078,296
5387,2478
1335,1865
4225,2975
3413,845
245,3174
546,2348
4760,101
5166,789
3526,722
3939,137
1473,2738
5148,1149
3804,2164
3420,1235
2575,3129
2150,2199
1950,3077
1160,1460
5071,2622
4909,574
3152,1420
3909,645
122,2959
1061,700
3518,2709
4215,2637
4349,2637
1701,1060
5068,2324
974,3175
3832,2118
5394,2494
160,972
2491,2842
5418,636
4411,482
4113,825
2327,933
2017,2959
1554,983
5522,2679
3722,2889
4436,2232
4446,2920
2132,465
5800,903
1598,2975
2001,1702
4399,2350
4201,645
4352,2504
4008,250
4407,713
883,1717
3620,1831
2875,1677
4117,2637
4234,4
1125,1250
3045,2088
5932,1207
5751,2889
5725,1668
5861,2495
2917,2842
1752,1348
2244,1056
4467,1703
2393,2842
4143,825
3876,481
4034,1821
5207,924
673,2257
4995,1041
2060,188
1707,824
2431,101
1187,2478
1987,3093
5827,1571
5722,57
3528,148
5856,57
2655,748
2870,2622
3195,2190
1743,1420
3508,435
3238,574
27,2267
1185,2590
1961,2811
2680,1744
5891,2495
870,1266
2759,2791
5768,1341
4610,826
644,1677
3641,964
14,1281
456,1626
3455,2494
4434,600
4556,2283
3198,2838
5237,924
3279,1514
4774,1422
1799,1702
4937,2352
4312,2300
5513,41
4723,1642
5220,2448
5199,1571
5330,2054
175,3077
4264,539
1819,1765
2972,1744
4494,1001
4821,3116
2579,2981
934,96
1023,1831
786,1918
5937,2439
770,1385
4065,329
4323,2839
503,1041
1623,1072
5281,822
5663,924
3357,2494
2961,2494
4513,2182
2963,877
5537,2505
588,2842
3408,1493
5892,1915
3268,924
1496,738
3402,924
5229,1571
2431,2679
1614,205
5351,248
1424,81
2379,1765
3721,677
3495,1088
4813,2824
3369,1915
1846,713
2311,1072
3895,1207
3688,1668
4416,155
352,471
558,2791
618,2842
766,2740
81,2637
2209,2458
1715,2889
5655,1571
1689,1668
992,2494
1828,2766
2948,2797
4777,1073
78,2339
656,101
4715,195
1177,1493
616,3146
2440,1078
4807,2413
10,892
1930,1730
1868,852
3564,1982
4627,725
921,749
1344,852
3323,2859
3689,176
1843,41
523,1642
847,1739
5718,957
325,2566
1161,2838
4403,458
3785,1577
3680,63
5411,248
3528,1921
3748,1695
319,307
852,3022
2803,2419
3087,2178
3481,2105
1280,1217
3878,987
263,2627
1058,3090
4536,987
5769,895
2635,2054
5634,2922
2824,263
4054,2906
4090,2563
4768,1495
1480,1278
3207,1
466,2397
2622,1068
3203,2511
2145,1668
1489,2495
773,2325
2277,1033
4627,2953
2010,1443
1072,3146
337,482
1498,514
2243,1422
3516,1695
5770,1655
2408,1489
5417,39
969,924
4109,2963
5101,1496
2854,263
3387,2978
622,816
5858,721
3633,1
2427,2670
2967,140
928,2054
5257,1255
1332,1915
2244,2963
2404,966
1387,2376
1074,1125
3992,2563
4646,1855
750,1001
3833,1752
5650,957
2379,155
2921,2424
4268,1680
1372,1
2960,2352
2335,2300
3546,1695
5413,455
5831,968
1409,822
4117,2450
772,1699
2067,2485
4264,1157
4546,1809
3243,2825
543,1058
1794,1572
5146,1804
870,3173
4815,2199
1479,248
1484,1346
2012,2963
842,1125
4483,1460
2533,1911
3283,3163
4458,3093
2550,2080
2305,1495
1560,1341
397,482
569,966
1615,1048
2105,3127
973,1581
3024,1182
1833,2439
4746,1281
2282,1511
3515,1419
1805,2111
3508,248
662,376
5715,2082
5665,275
472,252
4214,639
4340,778
2237,987
4921,2975
1280,2640
5943,1717
4172,413
4681,290
1828,1
4945,336
43,2963
2975,1855
1617,3164
2713,1855
1548,1115
2456,2953
1207,822
4008,2641
1370,1752
1095,1547
3667,2348
5656,2791
1451,1182
4591,2467
5594,1913
530,2300
1564,305
4339,1465
1930,2348
1916,2450
3036,2481
4805,706
3545,2358
2473,1055
341,2778
1824,2861
3161,1429
3109,2959
1001,2824
1734,1655
2078,1465
5679,681
390,2670
343,2824
436,3015
2456,859
2676,3077
2282,706
2824,2975
3072,3077
3101,1563
3359,101
4954,1179
2481,1855
5659,214
3833,3175
5619,815
4712,1831
1341,2111
434,3127
2984,1917
86,1855
1626,28
2512,2861
3346,2498
3363,1913
3485,2842
2688,54
3617,2769
1072,2825
1106,1655
3102,3077
72,644
2233,413
903,572
1665,895
1269,895
1706,896
1971,413
1064,1429
2203,1702
436,1860
40,1860
2847,1804
4364,717
1929,187
4964,712
3861,96
4969,1056
5454,2791
5239,2637
1175,2199
3367,1281
5792,2032
1740,1419
1733,248
3393,1159
4971,2822
4556,2580
788,972
5781,1873
111,2450
1986,1071
2397,413
5009,81
2206,845
5817,749
1971,1702
2816,1528
5594,2397
5269,2637
5797,2002
136,413
3174,455
2307,2590
3083,2811
2964,645
2229,1179
2568,645
598,2164
3017,471
3661,573
5074,826
3655,4
444,1697
783,1917
1459,214
3902,2325
4678,2546
3964,1513
75,110
2735,758
4053,2494
5765,185
2506,706
288,1157
3894,1683
2397,1702
3949,1390
4284,148
841,2272
2004,2939
1983,2062
428,413
4929,852
5854,2859
4849,2586
1528,2421
2662,2350
4417,677
136,1702
2010,2195
2598,645
4508,41
4959,2946
2219,1780
3819,2448
947,1917
551,1917
2399,435
2003,435
4199,225
5489,2357
4217,2494
110,1420
4676,3008
4330,2371
1405,2206
204,1055
5106,2592
2406,825
3676,1581
1066,296
501,2739
4164,2833
5680,2864
1010,2616
4670,749
3324,2627
5110,267
1278,152
2665,1493
3367,1765
428,1702
3415,2745
2069,2371
4146,749
3867,2088
5211,1073
1914,3022
709,409
1149,681
4415,2859
1438,2504
328,717
2465,92
3401,1534
4509,2494
4247,2494
3803,1514
5417,2080
3531,826
1082,2842
444,1831
1552,2791
5170,1422
5628,2300
5440,3003
4982,1371
283,2637
1326,758
1372,1103
4030,924
4627,2900
35,845
585,2975
4781,1088
1317,2335
3992,1571
2244,1971
1161,1041
1927,574
2307,41
170,1420
588,1179
4449,2978
5843,2080
4488,2906
1403,574
2659,2186
1484,4
544,1072
709,2637
2605,2889
5323,2953
4456,924
2417,2838
2871,3008
3812,822
1644,636
1064,2047
362,2529
997,825
797,1703
1179,307
2247,148
504,892
4284,1571
215,789
581,358
698,1697
4939,2963
5605,572
4588,1982
2659,92
2072,524
2793,92
1399,1744
5215,2080
1829,574
4950,2563
571,3053
5010,2614
889,1642
5017,1341
5032,2373
574,318
4624,2578
4228,2578
489,1708
3137,1033
1941,226
100,435
2653,2906
3589,376
4418,1921
1459,482
4814,1921
4504,1695
3778,837
5898,43
4242,1695
5028,160
1511,2335
4969,2963
57,738
3159,2485
2353,1109
4980,2563
2031,1058
3452,263
4223,140
969,1005
3961,140
2204,986
4857,1217
476,1072
2372,570
4277,376
4561,135
2224,2392
825,2946
2265,2393
2494,1
3717,3163
5303,2435
2519,997
5881,1917
5576,1281
660,600
5758,3015
211,2494
1938,1217
3428,27
1265,185
1867,2505
3075,2383
3942,248
5236,2152
4993,2394
2266,524
4365,2825
2601,2500
2933,987
2217,1571
4882,2563
1730,3173
4992,2923
5264,413
2387,1982
4923,120
5343,1460
2342,519
5517,859
2142,1397
1378,1001
2524,1
4148,1255
5729,2435
3279,2563
4407,957
3089,2439
403,570
2626,1217
5387,1917
2861,2023
4074,2245
3305,751
5812,1157
3864,2435
890,2351
964,2300
1298,1422
3194,920
2091,1058
551,441
2175,1695
666,391
1010,201
3225,987
1459,27
2961,160
1760,3173
855,852
3811,330
1710,1366
5294,413
5308,2563
4330,895
5635,706
5372,1235
1647,263
1657,1705
1831,2824
2688,1
3312,2080
1569,2824
2820,120
2980,1341
2964,808
2639,1048
3632,1496
4912,1250
5679,1917
312,2495
3316,2953
1814,376
3013,700
1012,2906
4296,2415
645,1392
3940,336
5798,296
3623,1383
5901,983
4215,3015
4855,1655
2993,987
200,2439
2019,27
2528,2348
2249,2933
2399,248
2540,1419
4768,2410
5160,1702
1225,920
1672,2363
1149,144
3131,1860
4208,1255
4365,2959
4965,480
1861,2824
2943,2563
5560,1821
5259,2647
792,1038
3459,413
3085,172
3961,1563
2522,1752
4814,1250
4473,957
4972,2590
1713,859
3177,700
3638,2041
4194,44
4674,681
4106,1917
329,755
3844,1917
2840,1280
3344,813
3927,639
5590,1821
1927,2481
4265,3078
5906,2627
4294,1564
4712,1323
3714,2975
5796,1697
238,987
1484,1911
439,2963
367,1397
2308,2358
1867,895
2478,2769
3063,1702
4606,2590
3610,1871
4260,1953
5329,2985
1404,1393
4064,2041
1190,2373
1085,859
1238,1855
42,1048
3874,1917
4956,902
656,2439
4056,645
3708,1625
4114,3067
5186,2118
960,2850
2634,249
3472,1348
2625,2415
3442,2637
2998,1465
854,1865
1188,987
2392,1655
3901,2959
5076,2889
3966,1102
594,248
664,987
3257,413
332,248
879,2861
3336,706
5203,2472
2537,1255
4579,3022
1198,2614
5279,2467
1595,1496
3954,2970
119,140
783,120
160,895
4852,148
4974,1831
5867,2637
669,18
3033,2590
5094,435
5490,435
2771,2590
3485,1179
3542,1713
503,480
2377,973
5063,2842
5264,92
1824,2487
3037,2709
828,2522
1053,920
3628,706
2953,1291
4849,789
4257,877
100,248
1877,2498
3785,1821
4862,1216
4361,2920
3941,2334
4383,2679
5849,903
1513,2975
5109,1093
381,1429
551,120
5897,2637
2801,2590
3109,491
3666,1348
426,2111
5376,2376
3636,2637
2528,1677
3887,4
5143,862
783,2348
4895,1514
540,2590
600,2641
2035,1744
2570,2842
3850,122
5264,2320
5947,2350
5682,2833
501,1881
310,3067
2715,722
2880,789
2138,152
3802,81
794,413
2093,409
1177,1871
5351,1915
1292,1821
2469,2386
5201,2910
3303,1831
3404,2637
5605,519
5300,2889
5672,2495
3459,92
5489,2788
5936,1787
2612,1913
3379,2580
70,1486
1617,830
355,1655
2712,2494
1148,1291
3044,789
5587,852
4940,1041
1299,706
4031,1422
3716,2350
127,2959
856,2580
794,1702
1142,722
3026,1903
3100,1852
2697,681
2724,2504
1199,2919
2266,1626
2703,1627
3770,2586
543,1302
2498,471
4409,1001
1052,1179
5646,2371
4209,2633
5909,1253
2380,1913
2839,2427
5578,924
3840,2012
5657,1217
1558,758
2948,2370
2927,1493
4579,2351
1220,1702
4477,354
5411,1915
3503,148
5920,1038
882,2838
3334,1093
4903,2448
3012,1042
1716,2283
539,2472
2714,1385
969,1302
2447,1041
4424,2413
821,3124
3386,2946
4439,1001
5877,1341
4827,2803
1888,2740
780,1780
5949,1217
1964,1072
3151,2325
5358,2439
1949,1703
211,2791
2792,3146
2418,461
1874,1529
3204,3090
4121,318
242,1323
581,789
2601,2797
4469,1001
5615,1
5107,2978
1456,2709
14,2627
5083,140
3164,2910
4301,2356
612,1041
2866,1001
3664,981
5338,2352
446,1503
21,573
2760,1514
5831,1696
1901,2012
4062,1027
1338,2838
104,1739
3194,1217
205,101
2261,1766
2531,1627
5000,2707
4356,2413
3690,2552
3356,986
3653,2670
766,2797
2003,195
5153,2922
29,2504
1366,1072
1788,41
5158,822
120,2622
903,816
254,2622
2857,2736
3743,2563
4247,376
3662,1443
343,1913
5293,2178
3622,2044
4804,2953
5867,2450
3021,2578
2517,1355
5884,1865
1675,2766
4724,2435
1446,2906
4116,2552
5907,536
43,308
208,2627
5705,1341
3241,1571
717,2504
758,2505
4318,966
5758,413
1864,386
3564,2978
599,1694
4035,2563
4465,1393
4102,1341
5170,1182
851,1915
5182,253
4920,253
4572,2953
5718,1953
1621,1567
1239,1273
5258,248
2173,2080
2412,376
3255,1819
5805,2861
1854,2300
2205,837
5438,3067
4490,110
4674,1917
5075,3015
5176,3067
4417,3015
4756,2481
4701,330
4155,3015
385,3054
4805,2373
1885,2552
1522,2500
4834,859
4142,2029
1330,987
2784,140
979,6
1385,1448
4425,1563
3403,2629
4487,2441
5540,1250
5698,2590
433,1001
937,2978
1190,226
2544,2373
969,981
2282,2373
4885,2487
1609,1341
776,1340
3770,1110
4279,987
5483,1655
4046,1917
4254,2620
3970,2861
2127,2435
3708,2861
3312,2861
3546,813
3899,177
5045,1429
2591,849
1230,1695
4411,1291
1028,248
1482,2670
3034,2358
4032,706
766,248
1299,2963
5243,855
129,1125
4040,3041
2154,1033
3711,1819
94,2824
1706,2563
2341,859
104,1068
1713,1290
4598,336
1351,120
3696,1696
4684,110
2968,957
588,2578
3186,2348
3604,2861
3356,2759
5629,2769
2731,2707
5023,2959
3980,2394
2048,987
3147,141
1390,987
2990,1655
3983,413
4045,1291
5545,789
58,319
2369,813
3630,2769
1728,982
1160,1464
2473,2856
2643,1547
1600,982
690,2481
4890,336
5337,1025
1643,120
2529,2199
3200,152
1011,1341
2262,1855
2938,152
2005,2199
1678,1804
1019,2922
3927,1420
5379,2190
4496,1348
2276,972
2857,2415
5939,2032
2594,1281
627,1351
2017,2963
4431,172
654,3174
5303,101
351,3173
1903,2861
4506,2975
1746,1157
4862,358
2530,2959
152,2963
5866,214
1807,120
5823,413
2968,152
1703,1460
1142,3113
581,602
4824,1005
4170,2467
1792,751
5307,1913
5047,2740
3939,1780
5840,2376
914,253
2189,1353
427,1855
26,1511
3104,1918
3004,748
4897,2981
5009,4
2405,1917
1529,1280
1655,1419
4881,758
5585,1103
5333,101
422,3174
4589,2047
2992,2616
2092,639
1899,998
2210,2580
613,1429
3517,2437
4601,2811
695,2959
719,1855
524,3077
4815,296
2435,1917
1886,2641
298,1044
2230,2451
5523,1514
3534,2791
4948,825
1415,2467
352,1280
436,1917
40,1917
1477,1655
3156,2616
5130,307
5663,3022
5790,2797
652,2481
1946,413
2171,2975
5583,2504
5896,749
1978,2580
808,742
4151,1420
5761,524
26,706
4255,2709
4582,852
5903,2859
2539,1866
3752,2088
32,1460
3647,574
1924,250
986,1953
2256,2709
2154,712
4587,2889
3718,225
1142,214
4516,205
4445,1493
2979,825
5692,2797
1583,896
4341,2833
5055,1422
2717,825
4757,1765
4845,2366
2899,307
2503,307
2852,461
4151,2709
2241,307
1384,3130
1618,1082
4612,852
5856,2639
3574,1385
2894,1626
4150,2484
5561,1001
1624,2590
2338,1179
2362,1765
5299,1001
2446,712
2224,1831
1962,1831
2327,266
4273,2325
1568,214
1172,214
4374,3131
4691,2838
1306,214
4033,2838
2063,193
4373,2906
469,471
2434,2580
1405,1913
2418,2047
990,1671
1064,1620
2888,1996
3132,636
3528,636
2638,1821
762,2975
435,2580
1577,2370
882,825
3433,749
5052,2413
5725,1001
1463,3022
2268,9
2901,1642
2180,1128
3794,2448
1077,1266
3398,2448
2703,903
3773,1571
1605,1385
5530,725
5752,2824
2563,2586
4294,519
333,1522
3726,1001
5716,2578
2039,1088
4305,2371
4453,2269
5540,2352
5184,1027
2947,482
512,2396
1701,2032
985,2616
1936,2838
3885,2162
3725,749
2916,2300
5020,781
359,3093
5464,263
882,2114
2382,2366
4720,2963
3937,1571
3942,1915
1411,1677
29,1646
2622,1072
3756,1001
1376,2622
5209,2373
1348,574
4144,2803
3244,826
4378,1
4483,2269
816,713
157,1831
4116,755
5308,2352
654,2637
3195,1873
2794,1529
4809,2439
277,435
4845,2850
1099,1001
5409,155
2002,2495
3179,3060
472,122
978,482
582,482
2029,908
3342,2300
4436,1110
1196,1873
2617,1078
3895,1695
5509,3015
1691,1852
2763,903
3592,2448
3690,2983
5247,3015
536,2766
1917,852
2652,1072
998,2797
4271,1982
444,3177
43,2833
1700,625
301,1179
2063,677
2519,920
115,2709
2059,3187
5530,859
3105,1017
4263,1340
3659,2357
2162,2376
2292,1668
977,2859
3293,1253
3757,2111
1073,877
880,482
1461,2679
1516,2386
1631,3090
2605,852
4900,813
557,960
3857,248
1410,647
2974,160
1919,524
2653,2963
4468,1341
2403,2788
4263,2629
2057,1397
4030,1115
2177,1
1941,1222
2500,2906
3040,376
2870,2439
4974,920
5430,1917
1576,535
3955,1695
106,3131
4545,248
4696,2861
3500,2054
5078,2963
4181,2415
1689,1351
2234,3137
2482,987
2561,1280
4760,1341
5620,2199
374,852
5224,2199
5293,1804
5358,2199
258,677
2880,1033
275,92
2665,879
1875,1514
1350,2824
3466,376
3201,859
3441,319
361,2495
2916,1629
4442,2348
5815,573
4223,1486
3949,2415
2591,1280
2429,2450
5803,2441
5101,2923
4643,1291
2052,248
252,458
4254,18
2910,1033
3488,2959
97,1109
1991,2978
3020,639
3577,1496
5931,2626
3231,859
5146,1353
3785,2199
3636,2076
38,3131
4155,2641
2703,1871
3885,336
3532,972
1018,2593
677,2300
5445,639
5524,932
1000,2953
315,2850
4350,2358
1077,3173
1514,3174
1433,2054
2978,3015
2216,1002
1689,1485
4364,721
367,2259
3261,859
5534,307
1012,2963
1473,140
2364,2563
2825,1460
2957,3077
870,1567
2654,824
5431,2811
5816,2622
4223,681
4570,1728
5712,2272
2503,2348
2389,1280
2260,2590
940,27
5437,2976
50,458
2540,2415
1738,1727
3887,1671
2844,1860
4697,722
4959,722
5852,1528
53,1695
5194,1528
4862,789
5931,1821
1216,110
3100,1291
1348,2481
5419,1646
5023,1646
3736,2441
656,1207
3316,1855
5169,717
50,1397
2746,1702
2897,1871
4951,2709
4889,1831
4278,1677
5355,1072
3514,1281
205,2439
3252,1281
2192,1301
2290,2590
2557,490
2295,490
4421,1204
5367,1082
3906,758
4833,2838
2949,2411
3090,172
1870,2189
277,248
731,2670
2806,413
4096,101
400,813
4724,1390
1795,2769
3944,461
5876,2622
3137,2647
4417,681
3061,1871
3935,2627
4580,2365
798,859
829,172
1003,1291
545,413
385,3164
5132,2878
5550,2637
3225,2467
3230,2811
666,1871
2347,249
2192,2590
1361,972
55,1717
2481,249
2398,214
4428,2910
1804,2481
5935,1889
4794,789
2344,1671
592,2861
3591,2975
2873,480
4516,2730
5715,3054
2630,722
106,1655
3184,2062
3960,2283
3483,409
3987,2386
4030,3022
4457,3089
3273,1353
2877,1353
334,1290
69,1773
5136,903
5181,2366
1025,3093
4960,677
1159,3093
2138,1953
328,721
333,1819
2157,2195
3991,815
4118,2842
4192,2791
2335,2467
5269,2186
3966,2448
5642,482
4458,2910
5855,1529
3269,830
4862,1273
5027,2838
2515,2842
1257,1157
5794,1253
228,490
369,2415
3362,240
3429,2216
2818,2062
2365,2494
2157,101
2563,789
2685,2472
3060,1595
548,845
1033,2580
1895,101
3208,1493
4242,2504
3252,1765
4803,851
4009,1744
430,3041
4439,574
2018,2386
1913,3124
951,1235
4822,2032
3803,2807
802,1866
1568,645
4957,1668
2440,574
2557,1913
5824,1253
2843,964
3667,2165
5475,318
1304,1703
2419,636
1001,1702
890,1871
2256,2335
3214,318
103,737
2458,1503
3277,2360
5715,155
5104,1
3696,1001
2277,179
119,681
530,2467
623,214
581,712
1118,2637
2257,2910
2391,2910
4146,1237
4504,1699
4946,2044
5273,2439
5352,1042
5148,458
3895,837
2866,924
5543,987
3697,852
2198,236
362,789
2748,2366
90,101
3252,1899
5148,1397
4920,981
2229,2740
5481,1048
2287,2910
1513,1072
2626,2376
2159,2910
4974,1217
5843,1629
2990,2838
2890,1668
5836,458
5326,1110
5006,1694
3882,201
3524,493
3438,2439
2896,924
4369,319
98,2032
4806,2572
5258,1915
5571,160
2467,2504
1030,2766
2422,1041
3991,144
364,461
1458,1523
1926,837
5583,2614
5657,2563
3389,1207
4862,602
204,1677
3117,519
5414,1115
4677,822
4544,2922
7,574
3787,1253
3572,1099
2032,482
2508,411
4409,253
5944,1280
551,2889
2067,2920
5534,2348
5737,987
759,2838
1213,3008
5690,2861
3004,992
1806,1078
486,2679
3490,3137
4209,2824
403,924
5673,413
1614,319
3281,2963
5678,757
2111,1125
915,318
5752,706
2467,760
3463,1
2210,2824
4610,135
4811,2111
3369,2029
4950,957
5430,2348
5576,1419
1085,1668
823,1668
4809,2415
2120,837
4938,2825
433,924
5323,192
3110,987
5362,120
5135,895
4699,1496
1022,1504
2636,2824
2334,1705
1584,1207
534,1915
2969,1
3442,413
978,1397
1322,1207
3655,1460
986,1258
4244,1855
2872,822
4331,319
117,2566
814,2494
392,519
5549,885
3403,458
5497,2415
3556,700
180,636
574,1
1061,2371
1933,2300
4223,1917
3961,1917
2636,3174
2949,1419
5812,706
2374,3174
5227,1773
5471,413
3403,1397
1708,3121
3857,813
1634,920
1973,386
5696,531
544,2983
3620,2563
4279,2199
3291,1341
5777,2590
1613,982
5441,2641
5119,2590
754,2978
4990,490
5386,490
1521,1393
0,826
1228,2080
3393,305
3611,2450
3991,1917
2666,3174
773,2439
4082,1281
3679,110
5897,413
126,376
3887,813
1810,2435
5444,845
1798,920
1402,920
1345,386
4100,1860
3115,1465
4182,172
5376,152
4858,2441
601,642
2497,140
4042,1855
4111,1460
3295,120
5582,2472
3429,874
1046,2978
3876,1563
5445,1420
4521,3021
2155,376
2286,859
1188,1341
2024,859
1628,859
2244,3077
5037,1625
3641,1696
664,1341
4491,1866
4028,644
3133,3175
3675,1280
5254,1071
177,1253
3967,2620
2453,972
4390,471
4918,2842
374,1767
1093,700
809,1695
4536,296
5666,1015
3517,1071
2557,3015
3935,830
1118,2450
5886,789
4535,3077
762,1125
5144,152
4011,825
4241,2041
2004,1496
5781,214
5125,1041
1405,413
2281,1804
2883,152
3576,2590
3199,2640
1855,3093
3894,1179
4085,2467
1672,1696
1252,1110
973,1695
5553,2427
2965,1655
4813,173
5324,3129
1299,1865
5769,1493
1452,2861
3565,896
4437,825
247,248
1424,813
2214,932
4600,2509
2850,2082
4968,461
5307,681
2093,413
2115,172
3259,789
659,192
1129,895
1831,413
2042,3077
3415,1302
4212,1646
5702,2900
662,1429
1801,1702
3740,2590
378,2424
4058,1179
3662,1179
5939,2089
2602,1953
3853,2467
85,859
5088,2448
5580,2910
4807,2206
1139,2522
3288,214
5597,2325
5948,862
2350,1917
2398,645
1508,110
1238,249
2437,573
4154,2580
2724,1569
3386,722
2937,2616
5223,579
4182,1595
1470,757
1544,706
2406,2199
4242,1646
1831,1702
43,983
3804,1420
2594,2627
4053,2124
1066,1081
2599,527
4421,830
5665,2617
2841,2504
3947,2637
1022,2472
5050,1001
5886,1273
3009,2088
2904,574
2018,2467
4944,1514
1713,1831
2838,2206
2559,2791
4106,2889
5360,2920
2199,4
5382,2679
5211,2797
5483,1041
5223,1868
3979,81
3492,1683
3440,1493
5897,92
3705,2730
2156,307
3408,2709
2004,2919
2095,2283
1675,1697
5350,862
1522,3175
3755,1504
1857,1179
3330,574
881,2590
3068,574
1621,148
2075,2570
4026,2529
1877,1831
5521,1683
3396,2325
4781,1873
3893,3131
4732,2920
4128,1493
3532,2371
4738,1422
3877,1093
2115,1595
554,101
1307,2590
5751,2495
579,1097
2231,2709
2277,3054
1859,851
1306,2365
1311,2709
2142,2637
1746,2637
4038,2889
2092,830
354,1918
5755,924
5848,1115
1854,2170
3797,1514
3535,1514
1016,2791
4056,2906
1028,1862
4273,1443
2101,2047
551,742
2430,825
2862,482
4193,3177
2641,1237
4513,149
5440,2983
2919,2679
3747,3090
1522,2370
3048,3089
431,825
1490,2832
599,409
337,409
5158,826
120,2626
1937,1831
777,681
1684,1385
290,2283
2322,1642
3986,2325
4440,2495
4951,725
5626,140
2210,677
1831,92
3303,1514
1171,985
1651,2376
1928,964
5930,524
563,1102
1915,1668
3436,2797
3515,3090
523,1703
3253,3090
2933,1422
622,1682
1212,2679
441,358
4799,2963
1079,3089
3625,1915
4807,2824
4530,2546
555,3089
2838,1535
2781,1001
1444,3187
1716,677
5314,376
1018,2032
588,4
3964,822
4096,2439
3843,1993
4951,2953
5417,2194
5637,248
2891,2300
1831,2320
1485,1683
2641,1371
4406,386
1591,2833
2367,2300
5099,2824
5028,140
1680,3090
4171,2963
1862,852
5288,1033
4107,2978
3706,2634
4712,2563
3980,2614
307,2586
651,2396
4383,1341
2516,329
5919,1250
5667,248
4442,1921
4046,1921
3936,63
5118,972
3452,1182
4703,2450
243,2012
5033,110
5523,2189
1457,924
3668,248
2608,268
3573,2640
4850,1157
4960,3015
2931,3173
4263,1397
5345,1136
1859,2624
3369,366
40,148
494,318
1999,160
4253,120
232,318
1154,2054
4160,895
2716,740
1745,2495
976,1001
3531,135
103,847
2720,859
2761,1422
2157,2439
4471,2450
402,1668
2224,1217
4925,1866
5037,2861
5247,1917
5949,2189
1318,1115
1700,1971
2698,319
5014,1157
4117,2861
5347,2498
2205,386
4772,2563
5011,859
3223,140
4114,2563
4140,1532
4362,413
2500,2963
2961,140
3577,2358
2159,2670
3589,1429
650,1366
4640,1855
4969,3077
1923,2393
2661,1568
25,2068
3604,771
3144,2476
5663,1953
2048,1341
2571,2614
2488,859
1366,755
4537,1353
5894,573
3996,248
5718,2791
1057,185
2803,870
4386,2877
1404,2178
5098,639
4074,1070
4535,2219
4146,192
1429,3174
3387,140
171,1489
2148,2861
2530,2963
3958,895
1339,248
3999,896
4126,2923
4657,896
4909,1871
4489,531
4093,531
4172,824
2541,2563
3176,859
1419,1705
1658,1
2279,2563
992,140
2914,859
4793,1696
4908,1646
1950,1341
2382,1752
5383,973
928,155
790,1911
1581,3164
4174,2590
3009,1096
2641,700
2245,700
8,155
244,2906
2367,1629
5426,296
668,201
2784,1917
2560,2963
3083,2738
3406,1671
2050,2861
4268,3164
3597,2959
420,1038
2548,859
5260,1697
5798,2504
2350,120
2840,2199
3929,665
2661,1702
4204,2590
2473,2405
1210,376
2063,63
3202,336
1237,2199
4088,2415
970,1855
574,1855
2451,1865
2895,593
1943,2590
4665,706
5651,1703
2581,1157
5389,1703
4993,1703
3174,1671
621,920
4430,2529
5710,2283
3031,1393
1594,1655
835,849
128,987
2239,639
4273,101
329,2963
463,2963
4718,717
2999,1855
4093,665
4630,2590
2429,1702
5640,9
5729,1744
4896,2709
3657,1266
78,2563
417,2029
3168,2041
3939,1918
5454,758
2663,593
2704,1348
4966,2889
1241,1917
2963,296
3020,830
337,2450
633,1280
321,1917
2773,172
3358,3077
4115,2494
4442,2889
5947,1041
2721,1702
2855,1702
2824,137
4854,2833
4594,250
3073,3093
3369,1923
5267,3002
1242,1738
3563,2920
827,1496
4215,1385
1579,1131
1460,3129
4349,1385
624,413
4480,148
4777,2586
5173,2586
5464,1072
319,531
3956,2622
4190,574
640,357
2646,2467
1397,336
342,700
2861,177
3501,2981
495,1696
3766,2498
4177,2032
3485,4
1754,2825
2148,2190
5379,1873
4842,1668
401,1280
427,249
3140,2975
2813,2580
275,2861
5526,2300
27,2759
1042,1276
2699,2478
1107,1671
3282,1338
2344,789
3106,358
4245,631
258,413
3976,214
1474,152
624,1702
557,480
4294,523
5163,3187
3815,2740
2829,2709
2767,1831
525,1696
4898,2889
719,249
3843,1001
825,645
4636,2889
2081,2257
2358,845
940,1157
3799,3146
2968,774
5645,837
3455,892
1359,2272
2178,3129
4132,2797
684,413
5687,2002
5738,1001
4384,574
801,409
2859,2709
2401,1831
3941,2448
5298,1668
2259,435
3873,1001
5509,2080
5937,837
5458,2300
3502,307
4859,1217
2405,2889
4122,924
5361,2367
5729,1073
746,2580
3659,1422
3784,2622
3187,2366
1447,2627
2827,1831
4611,1088
5263,2963
4084,1571
2665,749
2114,3090
450,717
2365,457
5660,155
954,250
5935,2080
680,1179
4522,2736
1748,2740
213,2467
2601,2427
2938,1258
5218,2439
1537,1739
5534,1921
2034,101
1736,636
3013,2371
798,2339
4561,1351
889,1703
1882,461
2498,2679
5266,386
3182,837
174,2889
441,789
4123,1125
5303,1207
4998,571
201,1302
4418,1982
3004,1504
2885,92
2606,677
2002,1694
2346,1504
5572,2563
1740,2448
4744,2906
2566,1278
1031,1005
4689,755
1196,1072
3725,1237
965,2637
595,1606
2539,2838
677,2170
2224,1514
118,2206
3101,1787
3915,2300
1155,482
4992,1695
3393,3127
370,2427
2579,924
5039,2450
2723,2366
75,789
1985,185
2069,822
4727,1397
3278,144
2915,92
4997,2978
1325,1078
4735,2978
5812,2373
4981,1
5170,2906
2541,1571
4160,2481
5864,2563
868,3054
25,2365
3050,1448
4944,2563
5867,2080
2466,1397
4494,822
4442,2352
3900,837
3287,2300
4,2427
5711,1917
570,2838
3187,2850
2361,822
563,1667
4954,248
5086,1865
179,738
437,2494
4279,833
5286,987
3668,679
2355,2505
2520,2572
5085,2394
5023,1516
5897,2080
2232,1351
3758,2824
427,1217
5618,413
3933,2825
4699,2358
5356,413
5757,1511
1550,2485
2496,1397
4719,1290
3344,740
4421,135
405,677
489,1314
5658,751
331,2448
4111,3127
2218,2392
3610,859
4293,135
886,2670
1483,482
4712,1250
5517,2209
2967,1921
5555,249
157,1514
258,2320
1077,3177
719,1217
414,2833
1128,1422
5741,2856
5400,2563
2793,987
3390,2963
5618,1702
5752,1702
4871,721
5344,187
3046,120
3932,2199
4603,152
3338,1460
2882,1217
3343,1804
5296,2590
5409,2467
2040,376
257,1
732,1048
1878,2300
1790,201
1394,201
2955,1695
4075,972
4522,2415
542,924
621,1217
3649,3015
2226,2983
2262,2640
3718,2620
4389,2825
94,2454
2625,248
3802,813
3807,1157
1988,1125
5550,413
178,647
3149,1157
3292,1465
2232,1485
4066,859
4150,1496
3933,2959
2641,192
2278,140
3417,413
5798,1646
2412,140
3303,2563
359,2910
2034,3163
1356,1033
4062,336
839,514
622,2731
4027,1281
3232,1572
4414,2481
4772,2189
2650,2348
2949,2415
1448,972
1799,263
5534,2889
200,1695
5840,717
1442,1157
432,540
3694,290
3613,2580
5399,2472
5674,1179
3136,1460
1544,2373
1599,2080
2953,63
5929,2637
3417,2641
4057,1281
5578,1656
3009,372
4779,2205
226,822
3342,2467
4467,2842
1019,458
2595,1486
348,253
1115,920
2022,1624
4202,881
1206,284
5072,2427
1228,43
5270,722
1868,1157
835,1280
1716,3015
2953,413
3158,845
3977,1702
4039,2580
4194,239
3732,1871
5906,816
4344,2627
5920,2709
970,192
574,192
1350,413
2912,789
2248,1563
3993,1646
2967,1250
2626,957
5582,435
5881,2946
5438,2376
5820,2478
2848,2467
1473,1917
5907,3176
1960,1281
103,957
595,1419
2852,896
2024,2205
3149,2580
3761,1646
342,192
5239,1385
5015,1677
137,1480
75,602
1350,1702
3069,372
3289,2590
947,531
2962,2195
503,2769
2974,1266
4251,1281
3316,249
3371,148
3555,2709
5476,574
1717,2435
4279,296
1899,1917
3466,2637
3979,4
5436,2838
1028,2590
1165,2861
4157,1996
2400,2842
4582,482
2694,845
5065,1390
1324,639
1417,830
4285,461
2248,758
1489,706
2017,3077
1217,18
1769,2975
3976,645
5533,677
5244,574
2564,1903
3159,1554
5941,3131
5738,1082
2615,2622
3045,2206
4827,636
964,2174
4565,636
5506,924
4683,2577
1937,465
2016,758
4982,924
1257,706
1919,825
4653,1422
3825,1765
1659,1652
5489,1694
1512,2164
4965,2448
469,101
1222,2590
1936,1179
3001,1503
5599,1273
645,1266
2467,1569
1901,2878
2324,2981
1128,2174
3062,2910
419,1677
2057,2637
338,557
2212,296
4555,1237
5106,1340
5749,1217
2175,2858
1636,2580
199,2842
1574,1702
4270,2007
1283,964
5419,524
4106,852
2834,2679
3202,1385
5189,1001
109,855
937,1266
1286,1420
2151,2622
2153,1005
1590,1831
561,1918
2902,2032
3697,2495
3394,2494
3695,1668
5257,2044
3132,2494
3903,2371
2411,482
4775,2300
2149,482
745,692
2973,1683
77,4
3439,924
5667,1915
211,758
2580,2920
3177,924
3609,1335
3874,852
752,1082
2292,9
4957,1001
4850,2824
4896,725
1883,713
3595,2376
1351,852
709,1385
3319,226
1910,92
3092,1001
5616,822
4031,2906
400,1569
503,2448
2702,2509
2375,2114
2798,2217
4147,2300
2127,2012
3615,2439
5620,1695
5323,2640
595,2976
1086,1493
3218,524
1645,3177
895,2679
4133,1089
1208,924
50,409
1621,339
3565,1571
5205,140
3534,6
1397,1385
2837,832
5834,2563
5598,1532
4096,1207
1930,1848
5696,2629
5646,822
1222,41
2237,1776
5869,305
4470,859
865,3187
2703,1017
4573,2300
3907,2439
1025,2910
1042,2325
1159,2910
3375,2578
2912,602
4094,1511
3301,185
4223,1921
3961,1921
5320,248
1937,3177
5655,2978
5476,2481
1713,1217
3600,1915
434,2627
3868,2861
2450,3173
1318,1627
3854,519
1970,92
2756,1001
5337,602
3790,2978
2890,1001
2993,2634
6,837
3394,2978
3666,1222
4896,859
4180,1443
2829,725
4071,2439
4926,2953
5523,957
3940,2922
4836,27
1271,1222
5414,1953
5526,2194
5810,1953
2143,1151
2900,376
1470,2371
3263,1182
3363,2352
4252,1696
2414,1422
2488,1371
3157,1695
5762,192
5896,192
601,3090
5708,895
386,2936
4677,155
4921,2959
2813,2824
3157,2634
4530,859
1221,2983
1871,3065
3375,1773
3936,120
4411,413
4956,2199
5949,957
644,2413
2540,1911
4694,2953
3307,2578
3608,1752
5783,1419
5809,2640
5626,681
3733,700
502,1017
2735,2352
3153,2111
1974,2439
4154,2450
2829,2953
4171,1865
838,185
2853,1849
3515,248
4062,2861
669,376
4714,572
1577,524
5883,2939
2590,1624
4455,2563
5174,1496
4699,2923
4743,2441
5717,957
4411,1702
1835,1
582,2824
2533,2029
2725,2199
2410,3127
4900,1866
4960,1917
5681,1677
629,1889
2160,700
5797,2791
2633,920
3830,2861
5621,845
2734,972
3508,366
2536,987
3797,2189
2219,1280
3344,1655
5285,2616
1678,1865
2012,987
4209,413
4696,2975
4837,1702
2199,813
98,1849
3809,2923
3885,1255
3432,721
5837,96
5672,2503
88,2824
4290,2472
4223,1250
5644,455
3961,1250
1125,376
92,1253
3607,2415
4020,1830
2633,2209
494,2953
4181,435
3725,192
3840,142
4523,172
4239,413
4929,2580
3485,1671
2251,572
2115,1465
705,140
1925,1341
5017,1646
3604,3056
1467,1429
1637,120
3194,152
4715,1281
5178,2503
3333,1250
1929,1460
50,1377
4479,250
5666,1503
5024,2036
179,1787
366,859
4984,2637
3406,1728
3597,3016
1651,957
3831,214
2143,1419
792,2953
4973,758
4078,845
4637,2529
996,2194
533,972
3272,1913
4490,789
976,2481
399,1157
1440,895
1746,413
4497,1179
1684,1255
2117,2800
4030,1713
4142,2708
4018,198
4164,2467
3727,214
2013,1696
3861,214
4356,2637
5423,1344
2527,1917
2632,1179
1978,2641
137,2850
4411,92
1188,1024
5749,1514
3163,815
4331,2580
4456,774
1297,967
612,110
3798,2494
2707,1703
3041,825
3333,445
4641,1493
2779,825
5691,2448
5672,2232
2153,1302
3631,1041
413,1563
2082,2590
2343,645
153,700
1474,1953
5132,1703
2286,1831
1933,2467
469,2626
4844,482
2461,2586
3540,2616
5045,2458
4436,3131
2891,2170
4491,2838
2540,435
4551,2889
3636,2324
459,1157
4671,1493
3931,1683
4433,2833
2234,2580
2991,307
3555,2335
883,172
936,1496
1712,1717
2935,2627
1815,152
416,1460
1231,855
5787,1001
2571,2350
978,409
3273,2622
1504,1953
2450,1831
722,1917
1107,1728
94,2348
2570,435
2239,830
4144,636
4555,1668
4340,1514
5288,1253
3744,3146
786,589
290,2637
5751,1694
5056,903
4734,852
364,896
1785,101
255,172
1993,2494
2306,1493
2440,1493
105,413
330,2975
337,1702
1863,3175
3043,1005
4261,1571
4975,160
563,1456
5854,1822
103,717
4981,1668
473,250
934,645
1672,574
15,2590
3279,2413
992,815
3702,826
2265,1088
85,1831
2709,2822
978,2637
1327,2791
3003,825
5190,1253
1855,2910
5341,1422
5074,1078
5482,2593
2350,2889
2527,307
4146,1217
4638,1679
5476,2778
1066,1703
3975,1335
5847,1001
408,1703
236,2939
1810,2386
2572,2709
3004,2366
4050,2448
5786,725
4478,1397
1995,1385
3848,1001
899,250
2800,92
4071,2736
5081,155
363,1179
1987,3187
1208,1005
1655,2448
158,2467
3324,1001
946,1005
1008,2637
1295,1913
1357,2791
4231,1705
4628,1341
5330,859
4507,822
2380,2889
4493,924
5379,3003
5083,1921
2488,1668
253,260
1877,1514
2959,1253
397,1702
772,825
1204,482
3057,2350
572,1703
1565,461
2931,3177
4242,524
4645,1695
2946,267
977,2920
2727,903
2830,92
23,148
3992,2978
4264,1222
5625,376
248,266
4396,1341
406,852
1161,2448
4265,2578
1725,2032
2654,2495
5412,268
3939,2593
3961,2352
2940,2300
5232,2552
3248,201
5908,849
519,1668
1272,185
792,2766
2270,2505
465,2371
1552,2454
2435,852
3574,1125
4680,2978
4284,2978
5421,2424
1806,1058
2625,1915
4490,602
4875,413
5355,1804
2593,3131
4093,2629
320,677
1982,2977
3771,2578
411,41
15,41
1937,1514
2816,2614
3153,1253
2962,2439
4247,63
2633,1217
52,862
2094,2629
3839,268
666,2253
5394,1917
5814,813
2608,2850
5423,1157
426,2766
2190,647
5161,1157
1322,837
2182,1695
2717,2793
3794,2188
2001,1125
805,318
3272,3015
4905,413
4598,2922
2397,2788
4797,1819
3002,2373
2384,1048
5424,1917
648,1273
2611,1993
2153,1115
1936,2578
4405,248
623,2906
4437,2415
3045,2450
2986,1089
3564,3015
3908,2825
909,267
234,852
3321,813
2402,2758
5287,1804
5676,825
2479,2978
397,92
2217,2978
3017,1341
5083,1250
3214,1855
8,1448
2183,1115
3953,2194
2050,771
4569,248
1086,1253
5573,296
5423,1291
4072,2825
5502,1584
3466,3015
5178,706
5233,413
4531,895
4140,2959
4181,2960
320,1161
2235,1655
31,1058
3281,983
3689,54
1025,2670
2456,2563
505,160
2900,1291
3318,1804
446,2963
2917,1460
2375,3163
3383,2199
1717,3163
1380,2080
1619,376
2940,1629
853,2563
1488,859
5261,2811
5347,1831
3105,1696
3941,1968
2406,1695
5522,2586
5510,1071
3273,1280
334,1217
2192,423
2803,2297
2412,2641
4931,2118
5798,1703
2489,2861
5736,825
273,941
2076,248
973,386
3702,639
5233,1702
637,2157
4945,1235
5716,358
2908,1532
4948,2472
624,2861
622,2788
5696,645
935,1033
5830,645
5503,250
1647,2959
1518,859
5710,573
93,192
126,140
585,2906
814,514
1003,413
1287,172
2176,2522
3135,1696
3572,1697
4002,1281
5346,266
5767,296
1883,957
2048,1024
983,700
587,700
568,458
4407,2498
2557,901
3921,2790
1161,972
5247,2889
4177,2975
1661,3015
5663,2575
902,2963
4450,101
107,248
654,2861
568,1397
1289,1157
5425,717
4499,1683
426,1
5011,1831
584,1341
2979,2472
262,1290
5904,2637
4489,214
1280,290
3508,1281
2226,3174
2680,2590
433,2111
751,700
5930,825
1902,44
4156,4
642,1696
3040,2344
5850,307
29,715
810,1280
894,1917
970,249
1319,1157
4791,1683
1489,1568
4873,1493
489,1639
3407,825
100,366
3560,1821
4057,2627
1373,1393
1743,172
1125,1291
1111,1393
667,413
4970,2365
5746,2586
4294,1816
4383,2797
233,895
2898,2641
2278,681
4320,4
736,957
806,1696
3380,1072
4627,2376
3369,2411
4136,826
958,2467
5853,2833
777,177
4230,461
2088,1496
3046,2889
5162,441
4897,924
3474,1646
3558,2283
1306,706
5349,267
5805,1072
801,1702
5340,3187
4645,1642
3901,2622
3170,1420
4044,2176
5121,1571
4541,2982
2944,1831
1098,1696
5241,2427
36,1081
1965,1281
3410,1072
946,1302
1703,1281
1742,455
1467,250
3917,122
1563,712
1210,1348
2523,2740
630,2759
3242,2427
3564,2478
3791,1703
3663,1703
3472,2889
459,2877
5490,1819
3279,2494
2525,2786
663,2118
930,18
2724,1683
5599,41
2032,409
5547,1571
2274,2386
4910,2448
3468,2366
736,152
5672,519
3679,2586
3708,1072
3312,1072
4842,1001
1882,815
1868,2637
677,2174
4063,482
2979,862
1633,2740
4957,924
2185,1001
1366,706
4831,2505
5676,1577
5681,1921
2341,1514
4428,2300
2148,1873
2836,1493
1535,892
3092,924
4169,319
4919,1571
5418,2450
3236,2366
4666,1125
5053,1571
5772,2978
1260,2350
1265,250
5222,2511
5232,755
2059,2740
2792,2325
3640,1668
2986,3130
3199,205
3378,1668
3932,3008
5876,268
2767,1514
60,2740
4405,2959
5799,987
420,2494
618,789
413,1323
2734,2505
5208,519
1739,1422
194,461
3458,92
5569,1464
5786,1
2313,4
5556,2922
3002,226
4678,2424
2379,1001
4982,1115
2401,1514
2735,636
3318,2906
4455,2352
5565,1695
3956,2439
3560,2439
354,2032
989,1082
2983,1115
851,2838
5445,140
3098,1627
4956,833
897,1493
1733,1765
3369,2090
1189,2833
2605,1694
2452,2418
578,2679
1340,3002
2849,2054
1648,903
3119,1915
724,2504
3907,1207
5034,1655
5063,895
25,2503
5913,2563
3736,571
3836,2495
1210,677
814,677
2409,1001
2013,1001
2920,1705
2853,483
5879,700
442,2791
3768,1048
3518,2563
4153,859
5948,305
3724,2439
4806,2178
1143,2838
5943,2041
5946,2861
3334,1695
4048,284
5094,366
455,1683
4331,2824
3598,987
1055,924
659,924
2956,1520
5284,1429
1206,1093
2943,2978
832,2572
4070,982
4,471
5329,2111
3166,2269
1321,2736
3043,1115
2711,376
178,1001
954,1222
3755,3041
5337,659
2840,1695
5194,2825
5490,1655
4889,2189
510,2679
823,924
3977,2861
902,1971
4612,1157
3168,248
5071,1671
2863,366
5239,1255
3241,2978
4433,3077
3249,1341
508,2983
3383,1341
3784,2439
4307,1460
2861,2922
1108,2978
3009,2820
4181,3041
4974,957
5641,2174
1713,2563
3050,1131
3384,253
5753,2415
5811,1831
947,1340
1384,1341
2244,2199
3266,1695
5508,1830
3725,2209
974,3163
3441,2450
4217,1917
5609,192
3871,1280
2524,2778
3771,110
4356,3015
3349,2861
3979,813
892,2572
3603,1465
2063,848
3610,192
1877,1624
1077,1571
1199,2500
2264,2824
3214,192
3387,120
3466,413
4094,1702
1733,155
372,1001
5783,2415
1877,2563
1481,2563
2536,2199
5388,573
3357,2348
1473,1921
1843,700
2292,2778
2999,2640
3369,1419
5418,1913
2417,972
132,201
4798,2959
1472,1696
3045,3015
3346,2189
1823,987
4438,172
2464,2481
2619,140
1366,2963
2765,1655
1514,2861
4117,2975
4974,152
2336,983
1625,1911
5801,2590
3545,305
2230,1496
4140,1646
3772,1250
5250,989
4630,1281
4234,1281
2942,1732
3303,957
2310,2953
3661,1419
4215,2759
3915,2467
988,1475
647,1182
726,1475
2278,1917
5736,101
5746,789
4216,2580
1484,366
52,972
1974,1691
1991,1860
2325,982
3803,721
3892,1702
2500,983
2567,2959
762,2825
4267,825
1192,1655
2675,1738
4158,1821
290,3015
2530,3077
742,2358
5885,574
1215,2578
3369,614
4489,645
208,2424
282,2373
1323,2111
4341,2467
1928,1696
4918,4
854,320
341,2953
647,2471
2180,1917
1574,2861
1321,2415
3279,2791
1455,2415
2731,2959
3445,1548
3581,3129
4801,358
5343,2627
5194,2504
2312,2975
5631,2505
5669,2797
3862,2590
1661,1702
3547,1266
4462,1831
709,1255
5640,1278
494,1855
695,3077
5524,3008
232,1855
4320,435
1997,2590
1064,665
109,2953
1102,957
3416,968
5742,2494
4985,825
5845,1683
313,2194
5155,482
4886,2509
5426,1699
5787,924
2458,706
3545,789
4056,739
2559,758
3679,789
4190,1493
3968,2612
4630,1765
5187,2622
3396,2386
3733,1025
469,1394
2012,1528
1508,305
2499,1646
329,3077
1802,2472
4369,677
401,2199
1473,1250
1853,717
4386,92
4088,435
3126,1744
3148,1503
5858,1514
3277,1913
1878,2467
780,2195
3129,2981
1969,1831
1616,2467
367,336
1573,1831
2466,2637
2621,296
3605,2910
198,1281
3677,2032
4436,2838
4470,1668
5007,1873
1827,435
3004,1000
5504,2679
5896,1217
187,2620
3513,877
1004,2842
3958,1493
379,2790
1036,845
2218,1754
2230,825
62,639
4415,2900
493,3077
1102,152
1399,2590
1053,1953
1729,250
4181,1915
98,1235
946,3022
5363,2824
1295,1486
3373,2910
947,214
2308,2586
319,645
842,1918
3707,2032
957,2622
4080,1082
4589,205
4709,1253
2820,482
3814,1340
3134,1581
92,639
4378,924
2230,2114
5556,1125
4797,319
2419,323
1727,1493
3508,1041
2150,2350
20,1702
116,2164
152,1821
2303,148
2573,9
3949,1915
5527,2824
1010,1852
3961,986
2600,2586
3799,2910
3742,2376
5948,602
894,1677
144,1179
130,1281
987,2622
1997,41
3239,1001
3501,1001
4952,2300
339,2586
3546,1683
1877,2376
3,2637
158,296
2369,2838
2472,307
3415,2920
3983,2438
2606,307
2007,1668
25,706
1508,789
4117,2438
1730,636
749,1703
1800,2129
291,825
3761,524
2840,1642
2582,852
2186,852
3903,2859
3899,1397
570,1179
1953,92
3269,1001
4172,2495
705,815
1054,2689
1040,2791
4010,2167
5051,1905
4450,2439
491,482
5885,2481
5924,1655
3739,2054
4138,1571
4397,2963
80,2833
1181,2622
1267,1642
1153,574
2540,1915
5043,859
4506,2906
5731,2953
4270,2629
4349,2922
5049,2367
3958,822
4791,1577
4770,700
3075,2424
3696,822
4508,700
4267,1577
1643,1340
485,825
526,826
994,3146
5146,987
3991,181
1811,924
2286,1217
1236,2679
3750,1058
4736,1089
3507,2054
5489,572
1065,2797
5141,2306
506,2833
886,2300
824,1422
4093,1397
249,3177
958,1422
3133,1089
1725,2089
4285,1567
5464,2959
1336,816
2960,2824
4438,2563
307,903
5207,859
489,1883
45,903
1645,1571
5384,2441
1762,2910
3842,997
4826,1921
3100,2080
806,1001
2499,2614
5770,972
2645,2439
5601,1917
1662,2679
5289,110
1975,924
366,1668
703,1253
4058,248
3662,248
4500,1347
5890,2959
4594,982
4924,2614
3561,2825
4535,1341
4850,413
1684,1125
1675,1571
4898,1393
1004,1366
1792,2910
1470,2859
4758,824
4929,706
4556,1629
1982,1
4336,1131
2341,2563
5538,972
4741,2348
2547,2439
4331,2450
594,155
396,1668
172,2906
4088,248
3692,248
2926,2435
758,2249
3953,23
1895,1695
85,1217
4603,1071
1824,2983
1714,1125
2636,2861
822,3173
2374,2861
4850,1702
5092,1235
3294,2080
369,1915
1155,2824
2633,2563
2640,1290
2767,2563
2710,2029
623,2963
783,966
3333,1254
361,2963
1715,946
2570,1460
1154,155
2747,2850
1976,721
4247,2348
5665,2036
2564,3143
1451,2593
5630,2981
1473,2352
4028,1486
2944,920
5256,296
3630,2379
3673,3015
2847,987
2119,248
3015,3015
3301,1157
343,852
1857,248
3479,1429
3355,639
4062,1255
1622,2825
2723,2614
1713,2189
1906,140
2730,1341
3516,1496
4607,789
5352,1697
391,2963
1007,1017
1382,140
40,1982
2256,896
3939,101
4205,2472
5438,717
2746,531
311,1
3065,2728
5789,2637
238,2906
1537,1182
2368,1110
3302,1917
2906,1917
1977,3174
5736,2976
1338,972
3664,2498
4681,896
90,1695
2989,639
3591,2959
568,2259
5033,789
1046,3015
616,987
1877,2189
5444,1821
4449,738
2472,120
719,176
2947,413
4146,737
1508,602
1370,2358
516,756
4053,1677
2088,130
1231,2953
4753,2842
4035,2791
2665,1831
5208,1702
743,920
5027,2822
557,1696
5313,964
5815,2114
1219,849
987,1280
271,1110
5173,2647
5837,1873
5706,3110
4801,789
446,1865
1153,2481
2712,896
838,1157
3598,2975
5721,1698
2813,1702
2613,2580
719,1465
1622,2959
1608,3061
1599,1255
4297,2195
1847,3077
3913,1266
5090,1831
582,413
3280,1353
5300,1641
4219,2504
1196,1804
5380,92
5423,1482
2155,2641
1042,1337
3217,250
4094,523
5916,826
4804,2376
5222,2889
4468,2427
2949,435
4960,2889
5330,1668
839,1917
3917,3078
4485,152
651,2620
3977,877
4297,101
2418,18
2554,845
2977,1702
3218,825
1263,932
4267,1390
2161,2082
621,1465
4781,2365
3869,2283
1164,172
4958,749
4247,1677
88,413
17,1701
3365,471
1806,3022
2945,851
3356,2637
3430,2586
4829,2032
157,957
1318,989
394,2590
153,249
4401,2494
96,2933
5612,1889
1852,2616
4044,944
4507,2920
4851,2730
4842,924
1189,2272
5028,148
5673,852
5418,2023
3431,717
1834,2976
674,2580
187,18
5161,677
2189,2386
988,1235
4066,2396
4809,1915
3023,1831
499,2764
2331,749
1973,1041
3124,2637
1295,1917
4777,3131
1016,250
3380,2068
2215,574
5281,2664
126,681
3187,2427
3546,825
3699,1821
4559,2679
3229,2838
5347,1217
2432,2494
2425,1323
1304,1821
2066,1390
4659,816
2921,1904
5017,524
756,1235
2427,3089
1010,2283
4959,519
2137,1041
2142,1385
3343,92
5839,2029
1014,712
2633,2376
4450,1581
1802,4
4902,924
5903,2953
2353,2736
4182,1766
4459,354
3879,1765
2385,1493
2944,3177
4983,2983
2961,148
1180,600
127,101
1436,2283
5049,570
4531,2859
2698,677
3111,92
5530,2563
5439,1
5091,981
5628,2906
5664,2563
5852,2614
879,2365
1608,2740
834,902
1319,2637
512,851
2396,2032
4855,704
1057,2637
5011,1217
3877,3008
4940,2505
4472,185
5480,1695
3200,514
4822,1695
4096,837
106,1102
1028,2838
928,1668
4293,1351
2101,579
2896,1042
3257,267
1980,2504
3446,920
4631,1346
672,3176
4046,2413
3141,92
832,2145
1184,318
2856,862
1404,92
4843,2922
729,677
2742,1514
3867,1889
899,1088
2547,2736
5424,1921
2917,2269
4818,2111
3386,1027
3876,2352
3243,2439
4986,1695
5858,1624
2835,924
2255,2335
2647,1627
5465,2861
2447,2505
3118,458
5437,813
4246,2824
648,1627
4801,602
1857,195
3118,1397
497,677
1173,2946
161,2448
4476,253
954,2084
3273,2439
1814,498
2328,3163
2548,1217
2865,924
5757,2861
1593,1253
1875,185
4444,2435
4399,972
2699,2352
2157,837
2105,647
892,2145
2731,1109
945,1217
5888,2563
4107,3015
1385,1489
320,1165
2562,2054
2949,248
3403,2670
3482,2963
4735,140
4571,1429
5879,757
3301,2393
940,92
2516,366
5854,700
2872,1
5721,2800
4682,2199
3966,2029
3971,3127
4086,3077
4024,2199
495,2859
3384,1115
4889,957
2160,2424
630,2495
2394,376
3574,458
659,981
1497,2080
84,2736
2961,1921
3357,1921
5948,712
4270,161
5128,192
4271,3015
4156,813
5570,1291
2108,3173
3264,2861
3894,813
4940,895
5867,2975
676,1335
524,1695
1995,263
4025,2959
5799,1528
4116,3077
5890,1646
69,2054
4207,2441
3197,2578
3202,2922
2417,895
1187,2978
5290,2590
1527,2080
5001,2487
5818,2709
5804,2811
1265,2080
3015,63
3034,305
988,1048
1468,2439
3211,1695
4424,1917
5000,3016
810,2439
3405,248
3554,1280
992,1921
5751,706
1100,700
3266,813
3667,1157
4937,1913
90,837
5656,2504
5001,2837
3817,1855
3466,120
5424,1250
5028,1250
2447,895
2273,1496
5320,2590
3928,1871
5786,1831
1665,859
939,1
4664,973
3282,1696
4545,1281
835,1341
308,2578
5217,2842
659,1115
3625,1281
2739,3174
812,2111
3484,1830
1283,1696
2737,849
1694,284
2547,2415
3199,880
3617,639
1306,1865
4821,3027
2147,2481
4062,2975
4561,2164
1880,639
3788,1460
2833,1496
1852,2563
5859,2467
1442,413
3085,1717
5079,2504
5509,2088
3931,1179
4397,1918
3351,2590
882,2476
3681,250
1160,700
1776,2918
1996,972
5530,2376
1514,2918
1146,2522
4943,2616
1550,131
1961,1917
2016,1624
2243,849
1219,1280
1649,110
5419,101
112,3174
680,248
1623,2861
4267,2976
965,2861
1600,1157
3940,137
1782,639
3984,409
450,725
1272,1291
546,433
570,1773
1210,413
869,120
2968,2421
2961,1250
781,1993
3253,2590
3483,3052
4729,4
2125,1917
1576,2641
3016,2088
3847,2016
5347,1514
1257,2861
5770,2371
4242,825
871,2825
408,849
1141,434
3534,738
289,1157
2792,101
3621,1646
1374,413
5495,1385
1981,825
2387,2267
2369,2627
2078,1697
5858,2376
3272,1677
1546,2590
5221,1001
2707,2622
1210,2641
2669,2138
3402,969
1488,1831
1135,2467
772,2415
1531,2467
2656,2842
4442,482
539,1655
5484,822
386,2379
334,2189
1728,1291
3357,2889
3944,205
2032,1702
3384,3022
1479,964
2649,358
460,1547
3975,2709
2132,2283
3906,852
2182,1646
3257,214
2871,2622
5345,636
3096,2740
5558,1683
3567,2325
3622,2032
1815,1071
4423,1529
3387,2889
4153,1668
2625,122
3712,205
5770,2505
5725,1042
2499,1703
2437,825
5329,1042
5804,1335
5914,1695
5549,816
43,296
4986,1642
2852,2730
5581,2983
452,2975
56,2975
1195,2494
3558,677
1512,1420
1591,2467
139,1697
2441,2637
3463,1571
3941,2135
1360,1780
4146,847
1578,3171
1917,2637
5940,822
4183,1668
1559,677
3787,1668
5468,1766
4449,1787
4392,1253
5834,1335
808,2206
3805,1493
4605,2300
2005,1703
2848,3146
2998,461
3149,2320
5816,1695
3756,1042
2544,1422
849,3146
1121,1390
4001,92
3450,3187
1055,3022
1101,1677
1536,851
3086,2910
2002,92
2050,1072
4767,3008
5856,720
940,39
2526,1001
3861,2906
5568,253
4217,1787
344,2637
2405,482
2885,1873
3695,924
2155,307
1260,2838
3120,2679
3514,354
3703,2505
919,101
3028,3090
5119,1366
2770,2300
1383,2679
4320,1915
505,461
646,2386
3380,2983
2470,318
3392,2054
3662,1915
5859,1341
100,2627
1267,2504
4223,1982
4178,519
3961,1982
1855,2674
3978,1397
3718,2978
3721,2495
4511,2614
4177,1048
99,712
4025,2906
1778,2427
4529,2439
4410,1027
4988,2953
4611,3003
5635,320
5805,2983
3277,2454
5827,490
3877,1695
1413,2679
3632,1110
1743,339
320,307
3692,1915
4401,160
58,307
1672,1627
3499,1520
3556,2054
5770,895
2062,92
5276,2080
1098,574
4279,2614
602,2622
4682,1341
4857,376
5122,859
5342,3077
1825,1088
5280,2199
1164,1571
5500,253
4961,2419
1379,1001
5007,320
3161,185
2101,205
2199,740
4083,1921
2992,376
2434,2300
2152,924
4829,987
5854,192
5336,2481
4171,987
4250,1280
1232,924
4372,2963
3598,1125
4735,3015
1323,1042
4768,2963
5417,1157
1185,354
4631,1911
3471,2481
169,2366
1473,986
2507,2963
4255,2563
2383,1207
2727,1017
4327,2439
4057,2578
1044,2566
227,92
3604,2044
4332,531
5038,1511
5517,957
3354,1115
4464,458
1265,1222
2072,756
2256,2563
3357,2352
3641,2111
3894,305
2338,3127
3004,736
4597,987
4972,110
4265,248
4018,1280
4288,2861
1160,647
4997,1860
5917,2769
1068,1058
1825,283
3105,2481
2403,2963
3718,1018
4019,192
4198,1655
4746,1460
4126,1752
5117,3093
781,1001
4096,3041
808,2824
5930,2415
2289,2080
4242,2866
1124,1340
1931,120
133,965
4206,957
5052,1917
2278,1921
1882,1921
552,2080
290,2080
3222,972
4428,2467
5412,1671
97,2439
305,1422
501,2300
4445,192
3536,2825
3567,2138
1638,248
2820,1157
1412,2157
4929,1702
5918,1250
2296,1157
3855,2578
4350,305
5294,1800
5079,1646
2436,413
1338,895
4533,2641
1811,1115
703,155
4137,2641
4345,2590
978,2080
1702,2111
716,2080
2856,972
2374,2918
2990,972
127,2439
4124,901
2737,1280
2960,3015
458,2953
1537,2983
398,458
3506,2959
2214,192
3707,963
3745,1255
4194,1081
2728,413
4955,1179
1345,3163
970,1034
1245,1993
1388,1547
2429,531
2666,2918
5687,2791
1604,2111
458,859
4226,2467
1719,2815
5627,296
301,3127
4814,2637
1760,372
5946,1739
5763,2786
5426,1703
3834,896
5560,1703
1704,248
3746,2769
2736,2344
4861,1702
2999,1034
3104,296
1268,849
3274,2959
1586,192
2410,639
3253,2082
4716,789
4481,1646
238,2963
181,177
4009,2590
5062,645
459,2373
4874,1348
617,2959
1548,839
2804,1697
309,2614
4299,851
622,1613
1919,2472
2557,2759
863,921
4383,2427
1728,2877
2277,3119
4598,137
5381,1529
711,1281
1098,2481
126,2348
408,1280
4217,2889
2605,706
2722,1291
4350,789
4553,2838
2522,2923
3420,101
5901,2504
1546,2082
3707,1097
2647,1871
4197,3176
3846,2195
3944,2730
864,1496
3858,1266
4639,1831
518,859
582,120
2908,1646
4651,902
4482,1093
5141,2981
2278,1250
3857,1041
4497,435
918,1732
648,1871
2972,2570
1912,2590
809,2728
3424,1913
4862,2253
4509,2889
4879,1668
359,987
4321,2838
3846,101
2963,1703
5697,2300
5504,939
1285,2842
2598,824
4632,2730
3152,2164
867,639
4637,3074
3203,409
2198,1082
4089,236
4194,2504
4507,749
350,120
5192,852
164,896
2937,1421
4100,2088
5879,1001
4779,2376
725,2626
5758,482
300,1696
2232,851
3916,2910
494,249
4632,636
4385,1668
4929,2320
5002,1078
4073,2335
4787,924
4391,924
2851,307
5148,149
1615,101
357,2580
295,1702
2270,1493
1859,461
167,1702
2139,2730
1316,973
2057,1385
4674,1397
257,1595
1019,1918
1083,1179
2148,1503
4813,2495
699,250
1359,2740
3157,1703
3527,482
1125,2344
5223,1612
4817,924
2778,2838
2024,2376
2516,2838
4506,1971
2579,908
36,845
3563,1078
1902,2386
314,789
4142,2448
2991,852
2729,852
5710,2080
1947,816
2033,2088
5147,2906
646,2467
1785,2740
5255,2439
499,3171
838,2637
860,2396
1485,4
3295,482
3775,1873
2472,2889
3238,1668
4416,1115
2580,1668
135,2894
214,3187
2427,3146
5482,1849
3319,2007
1910,1873
2586,924
2732,2439
2720,924
2498,2797
2136,1627
1489,1816
4223,2413
5582,740
5399,1033
2949,1915
3642,2633
4131,2824
4592,1
4951,2563
3086,2186
3423,1017
3798,140
5665,1906
257,1729
2872,1668
2877,2012
4491,2578
4694,1217
3338,155
4828,1217
2744,1668
4301,2454
4349,1182
5094,2090
3294,2300
3012,924
2762,2439
864,2114
1678,1873
2375,1801
375,2889
2488,924
2624,2505
2579,1042
4970,2963
1608,2797
364,2730
911,1179
1069,1765
5243,2563
4494,1
614,2124
2892,2670
108,266
2685,3131
5646,2953
4185,2629
3067,981
2007,1001
4023,1547
5069,1629
4754,305
4391,253
4931,1695
2792,2439
2066,1581
5719,987
5748,1917
741,2838
5457,987
5882,1917
3356,2023
2122,924
3736,1490
4844,2450
5436,110
5672,2861
587,2371
984,1253
1676,837
1082,2350
822,3177
3611,263
385,924
5011,2563
3060,160
2800,987
663,2366
2093,1125
3760,3015
4474,2358
4350,602
5393,413
2335,2910
50,1385
2299,1001
5527,413
2541,2978
3807,2080
3072,2614
4068,135
3796,201
74,2910
2746,2629
5566,1280
3513,1044
4497,248
4638,1419
5044,2861
5440,2861
751,2371
2962,1695
5682,2394
1363,3127
898,1078
2830,987
4284,140
3165,2963
3413,813
2766,1002
3151,813
5374,1460
5393,1702
5460,480
697,41
5000,2939
3243,1341
5543,1646
5596,1280
2361,135
4374,972
2861,458
3496,2918
1178,1253
3563,1696
2604,2522
725,2439
4477,1070
5881,2580
2861,1397
4738,845
989,41
1092,920
2711,140
5835,1646
1862,2824
1903,2825
2896,1583
2944,2563
2555,1290
3326,413
3340,2563
3722,413
4090,1563
5323,717
3697,2800
5801,1281
5094,1419
5820,1523
343,2495
2339,3163
3294,1629
4008,218
1986,1547
2330,2111
4142,972
1318,859
3921,973
1872,2199
4369,1917
3785,1866
3016,372
636,1993
3984,3015
3134,593
4724,573
331,2111
2055,1125
2430,248
771,1629
2564,248
40,1181
3087,2467
5721,1702
4432,2616
1622,2963
722,986
3697,706
1154,643
178,2054
5023,3057
5749,717
2206,1671
2741,2769
3319,531
1008,2511
5531,2709
3867,336
1496,1511
2965,1696
453,946
2633,957
919,2439
5778,2586
2930,2641
3990,177
1216,1871
2026,3174
1429,2918
2045,972
2230,2415
1480,1917
284,1110
3137,3119
1614,1917
669,2641
3804,172
5344,789
5767,1646
3993,825
2933,845
3418,2580
5809,2811
3899,409
3245,1871
790,1655
4735,681
1805,172
1442,120
1521,413
3833,2041
4513,1800
3623,2985
3905,1917
3098,131
4258,1281
1496,2800
4385,2554
3626,250
114,2769
5440,2190
5527,92
5753,435
525,2111
3634,1831
1392,1696
581,700
3735,2637
4645,2858
4946,2032
2685,1655
1322,1866
1095,2641
699,2641
453,3174
4106,2580
3782,1702
363,248
3761,825
4840,101
5413,1683
3895,825
499,1829
1799,2959
3929,409
3232,1235
1537,2959
118,2137
4545,2627
5656,852
1155,413
5632,266
1210,120
814,120
3670,1646
3274,1646
5783,435
3360,1420
144,2769
717,187
844,1460
4955,1744
5251,574
4314,1159
3464,2709
2717,1728
3503,2637
3899,2637
3191,830
483,3174
388,2348
2716,2257
106,972
393,248
4624,826
2571,2842
4369,307
5334,2679
2097,2959
1643,1291
409,192
1999,172
2188,3077
5746,903
5898,413
5837,267
1341,172
4956,2504
3316,717
1351,2580
4651,2622
5068,2910
1305,1646
3667,2637
2153,989
3705,677
4904,1001
351,372
4279,1703
4258,826
3642,2580
617,491
3955,825
2029,2616
121,849
5641,2300
3376,2838
1574,2975
3422,1493
3742,717
3818,1493
1715,1702
4392,1765
629,1255
2554,1683
3067,3022
3822,2366
2715,96
1034,2472
5681,1982
5161,226
1973,1179
923,2641
1021,3176
3077,677
4694,1514
2383,2740
1321,435
1782,830
3728,2889
3802,2838
2981,1908
3466,2889
3445,2012
4452,2920
1188,845
4738,308
3163,636
3865,908
3749,3177
2990,2371
1483,1702
901,2478
3446,924
2802,3074
5335,1695
2508,2627
1749,1821
942,789
2609,2679
3275,1042
3545,903
5279,2325
3782,92
5468,2978
1027,2590
2735,2791
1274,2467
5744,1341
1422,2365
978,1385
3939,1207
4378,1843
5885,822
1578,2878
2113,4
5568,1115
2106,2997
3866,1668
3470,1668
3475,2012
1500,3187
5227,822
4154,2300
1554,1703
5059,2177
5262,816
5160,2983
3358,2366
3205,3090
3666,267
218,2047
3033,354
536,636
4922,1125
4724,386
1914,3177
5335,540
5844,2861
3725,847
1008,1385
5483,411
880,1385
4032,2495
2867,1001
687,1744
4582,2373
3023,1514
2612,482
4919,1766
4320,3127
416,692
2374,1068
2830,1873
5526,2178
5832,1696
2403,308
4805,2418
3471,1115
5410,2003
4589,319
5327,248
2856,2505
1781,1493
5065,248
1995,1422
302,1529
1038,631
991,2505
633,2797
1184,456
3926,1668
4006,2563
1036,3187
3949,2029
5391,2111
5644,305
3350,946
1269,1668
5357,248
381,482
3364,63
2108,3177
4379,2552
602,1390
5884,2394
4912,3015
5213,2189
5251,2481
4485,1258
5278,140
3492,248
1360,1971
2184,3172
3077,6
4025,2963
4477,2306
2388,2413
1483,92
3565,2978
356,3054
4432,2563
4702,2424
1505,1571
4409,859
3846,2439
1265,2084
928,1001
1215,277
2397,1186
972,519
270,1001
1569,2495
416,826
3272,2352
3712,2624
3328,1695
5286,2825
1124,1852
5582,1655
1256,1217
2008,852
2517,3173
4757,2481
2255,3173
5144,1429
3394,1002
3779,813
3992,1860
4066,2563
2115,160
4305,859
4362,1393
442,2397
4582,413
3484,895
4397,3077
4330,1855
2883,1429
5870,2472
1200,2978
3695,1115
830,1001
2967,376
2466,2080
2144,2029
3202,1182
3867,1572
792,1648
3290,248
4472,1157
764,354
1041,2352
4222,982
590,201
4836,2373
1637,3137
3776,141
2482,2963
4703,2975
682,3173
1312,1125
1038,2054
5085,3077
4761,2199
3314,1773
1473,1982
2206,813
4582,1702
5372,101
5603,2199
1149,1104
3809,1752
5729,2590
4294,1235
2599,2959
2164,1341
4727,336
3851,665
919,1581
4601,1917
1779,2439
2634,2953
1385,822
3310,1250
3864,2590
1961,1921
4502,1157
959,2111
1303,1921
3352,2415
4109,2394
384,1422
5905,722
2512,2963
2746,161
4642,413
894,181
1321,248
4268,172
5462,152
3719,896
3893,2769
3892,824
5499,973
4513,942
5316,1266
1670,1341
1862,1511
1936,1460
3479,2348
1232,1115
3727,198
468,719
3746,248
4040,2415
5540,1913
5115,983
1990,1696
3528,1486
665,2953
4378,1656
2504,1917
2564,1968
4809,122
1230,1419
1770,2861
4332,722
2217,1860
5548,461
5259,358
4610,2164
644,3015
3144,1496
2411,413
721,2481
2397,515
2459,1393
2149,413
2956,2199
5743,2622
4146,717
2004,1752
4220,1420
2532,1871
4190,2709
164,2563
957,2199
3517,1677
361,3077
2154,1696
5731,1626
5061,2975
5431,1754
5596,101
1067,1024
91,2435
4513,137
3279,758
412,3015
5904,1385
5682,2504
2404,2975
4954,1765
1917,413
5335,1642
5731,2396
3528,681
329,2199
3636,214
5740,2859
62,1855
2698,1917
5630,1001
5031,2170
3584,1744
1491,2641
1725,593
3656,1620
3797,2791
2711,2344
1346,1728
2528,2637
2779,4
3023,2616
4532,1668
3771,789
911,1773
2525,2339
3118,409
2161,2062
330,2959
681,1496
5220,2981
4788,318
3406,1041
5634,2032
4901,195
5660,1001
4180,435
1303,1250
2380,645
3280,2622
2633,2811
2175,1179
828,2677
3431,2791
4907,1703
1362,1830
327,1348
2667,2580
1390,845
862,2446
2605,1702
5705,2622
5292,201
2322,825
3731,2679
658,172
995,2975
57,706
2633,717
3918,2505
2957,2504
753,409
3389,471
3394,815
491,409
1802,1728
2722,2637
2402,969
4728,2495
1770,2190
25,2861
3657,636
5276,2300
1057,39
3046,482
4470,924
2285,1323
2534,307
2930,307
404,413
450,758
629,2975
1966,789
4643,852
3686,2505
3313,1765
1444,2370
3958,749
3837,2674
2471,3176
5881,2824
1999,148
4301,1088
669,307
4437,1915
4941,1448
2394,677
4758,2495
5680,67
1800,2190
4407,1514
2149,92
2390,3187
2128,3187
3883,1514
256,1831
5512,1422
1042,296
780,296
599,2170
3166,2627
1230,2976
2004,2370
2403,2833
257,1652
4768,1089
1232,3022
1659,2335
2163,148
5255,1207
681,2919
2460,2586
2751,318
4848,2546
4657,2978
4261,2978
2296,677
1630,816
4871,1217
3420,1581
4530,924
1472,2859
3863,3090
4252,2111
1714,3146
845,482
547,825
258,722
1063,1873
2305,2833
2517,1026
3656,1299
3721,1694
4497,1915
4812,987
2007,924
5068,2670
5849,2481
5114,571
3230,144
4417,1397
1246,1765
4155,1397
5562,2424
622,1349
1974,1915
5037,2044
4441,2922
4379,2044
1392,1001
3021,155
5832,972
1420,1514
613,482
5164,284
5372,987
320,2889
893,307
497,307
5055,1280
5538,2188
2603,1335
32,1668
2952,1489
106,2371
1856,354
4826,1982
4185,1397
300,3176
1033,2007
1446,1422
4106,2824
5484,639
2182,524
5191,2080
2261,1571
5666,2373
3582,2824
5003,2029
5015,1100
1066,1366
5264,1804
4605,2922
3313,155
2368,3131
4737,3041
179,2068
5862,972
4184,2111
4917,1696
2737,2439
5313,1696
1257,1873
2475,2439
5827,1917
5219,1280
2201,924
4527,2450
47,636
2395,1921
248,2612
1142,2300
2219,1695
3874,2824
5252,639
5352,2563
1508,179
3965,2188
4049,2825
5076,413
721,1489
2180,986
5487,2199
4234,2578
404,92
2881,1033
3676,1496
3330,859
2628,1341
2313,2269
1351,2824
2560,2146
750,1668
533,3131
2429,2629
1849,822
4953,2450
228,2495
1596,376
3893,972
4705,2348
1100,2424
398,2906
4314,248
5290,1281
640,2439
3651,1624
3642,2824
3372,2963
4113,1655
5240,413
2769,2670
5076,1702
2010,366
4814,1702
1137,212
1777,2824
5815,2041
4110,3077
987,1207
3251,1855
49,2910
1802,602
4462,1250
520,2495
4138,372
518,1668
258,2495
1246,155
5150,2590
786,2614
522,1787
1995,1182
2993,284
4118,659
3168,285
3765,3015
5334,2118
4143,1655
5532,413
1777,3174
5430,2580
170,1335
3709,639
469,1402
2664,1
2268,1
2540,1655
1074,987
3608,1496
3023,2563
1275,2963
879,2963
1736,140
2579,1583
3293,172
89,1346
3554,2199
4487,152
5256,1646
2568,2922
221,519
5441,645
3075,2164
5767,1569
1703,1131
4332,214
5870,4
3394,1917
2286,957
5512,296
1701,2024
2370,2348
2523,2590
3528,1917
5584,172
3552,813
3161,1157
3340,2620
709,458
2770,2467
915,2778
805,920
1168,972
182,1695
459,283
619,1696
3683,2959
5679,409
2174,1655
5259,789
2382,2358
4199,1563
568,2670
2698,120
1474,1429
1044,155
4912,681
1057,2080
1251,3077
1585,2199
437,120
3582,2503
3515,1281
4301,2190
1901,2435
2668,2348
440,2111
510,2850
517,1577
2833,2415
5362,2580
4990,722
936,972
2206,1728
5289,789
4172,275
655,2450
144,248
5434,2833
5377,2299
3190,1871
3978,409
4284,681
3382,2041
5679,2637
2754,2472
4581,2365
493,1341
1033,531
2163,1250
2304,3175
2583,2590
2042,3175
547,1577
5466,2529
3317,1831
3931,4
4896,2376
4199,758
551,2450
5625,307
5878,2473
1375,645
570,248
5234,2371
5845,81
886,2174
3895,2976
1228,1157
4270,409
3299,2164
439,2394
720,192
3347,892
2507,3130
1155,120
3075,204
838,413
1714,1804
1736,1563
497,120
5224,902
1266,2580
5070,435
4800,574
789,1460
118,1255
2420,2195
1542,1697
5248,2427
4926,2376
5117,2910
1070,2641
3346,2360
5216,2889
5464,739
2547,435
71,2348
1680,2570
5584,1595
2590,2791
3870,825
3474,825
3295,2580
3670,1703
3932,1703
3706,2114
5136,2371
1286,172
2420,101
3333,2283
4109,2504
341,896
4173,1765
4727,1385
2999,717
4897,1042
3491,1179
5533,2946
989,1871
5423,1088
2365,579
3896,2396
4302,832
988,1646
2466,1385
4985,862
425,2472
1492,1179
499,3175
1230,1179
5774,3008
650,2590
846,250
1421,2467
2224,2791
3900,825
3936,482
1883,2498
1613,2637
3017,2427
501,2467
5825,1253
2824,2032
2829,2376
5360,924
1316,172
5153,1385
4108,185
4361,2351
606,1702
3547,148
2237,1683
5563,2946
3207,2709
3198,903
2670,2504
4855,2859
5626,1982
756,1646
2012,2504
5350,2838
284,2590
2877,2016
418,2590
1189,2467
4711,636
430,2415
36,44
5932,2439
2234,2324
5221,1115
4880,822
1124,1291
2774,1514
3123,1668
2698,738
5341,1971
4286,837
4403,1422
1397,137
4203,2300
5223,1161
5280,1695
5075,2983
5753,1915
5806,987
1790,2283
3013,749
2159,3089
4370,2413
2529,2622
5547,2978
1171,3177
1424,1179
1210,661
5427,1341
5823,1341
652,1831
1187,677
1271,2068
5748,1921
3449,498
3886,1253
5856,700
1212,2427
157,2791
4450,837
499,276
1407,2114
1825,1873
2317,2335
4471,1125
3105,1627
5424,1982
5856,1639
3784,195
2177,1766
1905,1078
4202,1674
4919,2978
1347,3002
1006,2709
5591,1341
5259,602
4156,740
1148,1072
5699,874
4290,740
4940,822
4802,2578
5083,376
5306,2111
8,574
555,3187
4263,2300
4201,1422
5736,1695
1054,2376
2962,1699
814,2889
3061,924
3775,267
2185,1253
5791,813
672,1493
1231,3177
1940,1422
4918,659
5804,2738
928,924
2471,1058
3343,987
1287,1042
385,3156
223,354
5906,1702
5942,1921
66,2622
200,2622
434,574
3464,1
1289,1088
2063,482
953,2859
5213,957
3446,1115
586,1345
1248,498
699,1222
537,3146
2166,2300
5834,2738
5196,2481
4232,2963
5701,896
2566,3173
1370,2366
3846,1207
5936,1702
2113,195
2961,1982
872,2089
1149,677
4647,2424
1321,1915
5323,721
5939,2939
3984,2080
4774,2199
1176,2500
417,2448
3237,1099
3705,413
5575,1696
4245,1855
3529,2439
1972,155
3582,1511
215,1001
977,570
1161,3131
3016,2820
2952,1115
4203,1629
705,636
5070,248
3800,458
2559,2352
4106,2450
2595,319
805,1217
2691,27
4570,110
4270,572
5796,1291
2809,248
5865,896
4949,2358
4199,1860
5680,1116
2877,2634
1270,41
3911,639
745,1351
2667,2824
2703,2481
5521,305
3487,2563
3124,2511
3735,413
5333,1008
218,144
5090,1250
1976,2152
2650,376
3135,2111
406,2824
1488,2563
2519,859
5387,490
4136,1696
4423,972
4516,1917
4738,44
1145,3163
3495,1865
3908,1280
2686,972
4926,1034
970,1819
5517,721
1057,283
4106,706
5030,3077
5797,738
599,1125
4520,2975
3558,120
337,1125
2596,1429
5120,1250
3150,2769
777,1397
3360,135
5808,2590
2895,1496
5462,1953
648,1017
780,2634
477,2825
1847,1341
5816,199
5659,2467
3770,1696
2507,3077
1559,120
2044,1855
2130,3127
3938,1280
4332,645
2914,957
4418,1917
2014,700
3946,2861
3784,813
1000,1819
642,2111
2034,386
3971,639
3443,2240
3682,536
4248,2637
84,837
827,1110
4798,3077
2582,1157
2186,1157
1537,2963
3533,413
1138,248
3667,413
4060,896
4063,413
4288,2975
5407,152
967,366
4525,2164
2209,2080
903,2825
2312,2959
2656,2769
1930,413
5648,214
159,1361
1028,1773
1420,2563
2470,1855
5789,1385
3443,2590
1098,822
4553,1179
5065,573
3723,2415
2088,972
4827,1913
3752,901
3065,2415
3144,2708
1169,473
1977,2861
4090,896
290,2194
4325,1702
4643,291
3729,2580
4063,1702
4421,2164
4080,1871
4195,1821
1299,2394
1316,2563
1982,172
1798,1583
1698,413
2238,1855
2914,152
4139,1697
4939,2504
1730,2580
4323,2006
5930,435
608,2476
2215,1871
432,1496
946,1717
239,1855
3549,1831
4934,758
1441,1696
2893,214
5257,2032
4340,2360
931,2348
1048,2933
716,2194
649,972
3759,2580
218,1917
4972,358
5794,924
3631,1082
5627,2504
4426,1353
4505,1646
4104,1302
5231,2504
1201,896
3078,152
5755,969
5824,574
3446,3022
851,2769
4151,2811
5280,1642
1587,1871
408,2199
5628,2325
1507,1353
5695,1103
2068,1420
1968,250
2429,645
660,3174
5620,1683
4498,825
644,1917
382,1917
4886,2627
3320,789
3454,789
1004,1671
2105,1460
3292,461
5224,2622
2354,2164
3090,1266
3503,681
335,758
311,172
118,2975
104,3077
1577,2472
402,290
2200,1697
3356,1385
4502,2637
5453,2859
5725,1103
2516,1179
4295,92
3789,2206
1870,250
4960,482
5440,1873
3413,2858
3600,964
4777,1529
1561,434
2483,2170
5439,1648
838,39
1175,2842
10,1348
2372,2339
5765,2572
2711,307
2895,2114
2917,2627
3335,2386
3051,2627
630,275
4202,1971
5673,2983
1982,1595
583,2149
516,927
3119,1041
3243,2797
20,2975
4063,92
436,409
3956,1915
2975,2982
3806,2910
1089,1728
5705,2679
3905,2889
228,645
3664,1514
4013,1668
80,2467
5847,1042
2621,1703
2595,482
4697,2300
3343,1873
2472,1580
5196,1489
5767,524
4850,852
3757,924
2654,308
1649,789
4694,2002
403,2339
5537,1001
432,825
5141,1001
4421,1843
2649,903
2697,2637
1938,1831
3853,2325
4906,2824
1554,902
4367,2546
1776,1503
3672,1001
2990,2859
301,1281
3742,2494
511,2811
4439,1668
4484,3131
4912,2080
5167,155
4724,2029
3929,2320
5486,2352
5588,185
1107,2842
4316,514
5770,2111
1518,2376
5861,1475
5618,27
463,296
535,2616
1743,2494
583,1344
5483,2054
786,1703
3358,2504
5070,195
4225,2089
3077,10
859,461
1475,2679
2817,837
1609,2679
3670,524
1982,1729
2773,2982
4325,2670
2126,3171
3678,2859
5020,1017
4469,1668
4209,2495
1148,1503
878,1642
3044,1001
4918,740
5159,2856
898,574
1445,3187
4365,756
3718,945
70,2637
204,2637
5056,2367
2673,307
2210,2495
1019,2032
3693,2578
3288,2300
5932,2415
2255,3177
266,482
2573,1766
2630,2300
2964,1422
5362,2824
3163,319
5291,140
1769,1971
29,2232
2273,1504
3470,1001
4569,155
1871,3187
3497,2824
1613,2397
4199,3096
4281,2906
5726,253
1323,1103
289,92
3162,1787
4151,1335
1365,1514
1936,2269
2681,3177
1799,1971
1472,822
3060,3173
3406,1366
1711,3090
1470,749
5947,602
5281,741
320,2007
960,647
4138,2978
3527,2824
1961,986
1341,1278
2475,1207
4018,1341
4154,2922
2979,740
2996,155
2008,2495
4601,1921
1989,1
1357,1222
3009,2080
1195,140
1978,1340
2420,2439
5772,1917
295,2889
1721,2438
52,3131
3013,2953
4852,1917
143,2495
1898,822
4380,2861
3974,2173
2864,386
5128,1034
367,1422
3662,366
3295,2824
4384,1290
4621,2923
3917,2578
1269,1001
3934,1993
3540,376
1802,1464
3755,1496
2774,2563
5575,972
5778,3021
1261,2049
3300,1855
1901,3163
4781,1865
433,1668
892,2182
1377,3163
1716,2629
4410,2861
5277,2446
3895,2415
3537,2707
593,2300
323,2439
4710,120
3156,3015
5749,2441
2397,2963
5021,1702
5298,290
5091,2441
5155,1702
3016,2446
5172,1871
1008,263
3069,2080
4146,721
2737,1341
457,160
4838,305
3177,859
5498,2041
2590,1291
5413,1179
2126,2850
1775,1115
2649,1871
5163,1004
1928,2111
5749,2791
885,2300
4054,2825
4085,2138
860,1489
5488,1703
5517,2441
5185,1702
434,2778
4644,3041
3202,2959
5167,2062
2820,413
3360,1855
815,1157
2243,1341
2047,1429
3499,2199
548,813
3561,3077
1649,602
4242,2472
4863,2590
838,2080
2598,751
4671,1831
3069,336
1806,1717
2711,2348
5806,2170
4529,435
1490,3174
5425,758
5208,2975
1509,972
1550,973
2186,2877
3867,1255
2470,192
391,987
3295,275
4202,979
592,2963
845,1157
2667,706
2722,413
2820,1702
4964,1302
1815,1429
3943,2970
4182,1266
5730,1744
2547,3041
116,1
3175,358
5453,712
4360,1538
1812,1131
3426,1697
4393,1486
382,120
5845,4
3940,1918
4585,1656
2479,2348
2761,1280
1114,1732
5321,2478
2387,2759
5620,825
2120,2415
5394,482
2992,2344
5607,1529
4838,789
58,181
1271,1157
4378,2494
2134,1532
2165,845
2984,1702
2722,1702
485,1911
4661,2590
239,192
1622,3077
4194,1626
2833,2472
1293,1855
2738,1646
3858,1677
4293,851
291,2045
1759,1096
3608,748
5155,92
320,531
5465,1072
2259,1419
4370,2791
5393,2889
3390,296
2051,1655
1149,3015
3785,825
4645,1683
4352,2370
2566,2478
4393,681
3644,2283
2083,789
4239,214
5259,41
4863,41
904,1871
2760,250
4871,2376
3104,1780
4208,2032
567,1697
5034,862
5271,2495
233,131
2122,1656
749,1179
990,110
4176,2494
4577,2838
21,248
282,2467
1803,2842
3157,825
1278,742
693,1809
3688,461
4958,1217
5013,924
2081,2786
615,2118
2786,1821
4887,2505
1707,101
2932,1646
783,1702
1211,2149
917,1702
958,1703
2916,2833
2460,2590
4279,2622
4332,1694
3401,2124
5555,160
1064,409
632,2472
3161,2637
3235,2586
4374,2859
3546,4
1328,455
5561,1668
4838,1273
4888,636
2656,435
4972,1273
4753,411
3753,482
3832,1529
5055,2439
1003,1072
5043,924
551,1702
3939,837
4494,867
595,2940
5462,1258
4803,2376
400,2472
5056,570
6,101
5806,2788
3380,92
1991,2088
4537,2634
4788,1
693,1004
2011,2740
4631,2269
3387,482
2458,1739
1219,296
5414,1217
742,2586
4770,1115
2638,2838
4097,2335
4756,1217
4811,924
4479,185
4902,1042
480,896
4289,2505
1784,482
1930,2751
5355,987
5611,2670
1127,1646
4520,1125
5676,813
3002,267
1042,784
393,2590
5429,155
4818,1
5346,120
2171,2032
3766,2356
1228,2637
2558,226
4800,1115
2487,1514
334,2360
3916,2300
4618,2572
2529,2679
1770,1873
2909,2146
1739,308
402,2494
882,3131
2976,924
837,1668
3475,837
5641,2670
469,1272
2409,1042
4807,1690
5578,1567
132,1852
2095,2572
2429,1694
505,148
2547,1915
3729,2824
1093,318
4878,1341
5594,1511
5706,1752
4964,1115
2832,2838
3128,1668
3735,2080
385,985
5460,1696
3280,2439
699,2084
35,2858
1800,1873
2977,2438
470,2032
4988,2640
5609,1038
4019,2778
5524,2620
5870,813
1572,3177
2339,3090
5028,2978
2459,1694
1700,1642
3350,1865
5244,1290
206,3090
3850,2188
1240,903
4972,602
1257,1072
1733,1001
3765,2080
136,816
3488,1048
3634,2563
3241,2080
2472,1340
2909,1341
3045,2922
5228,1696
4975,1250
3182,2439
5018,2640
5742,1917
3230,1921
286,1514
2526,822
3020,2111
4585,2758
3525,2778
2184,1058
4918,1655
5135,192
3452,987
2745,1125
4992,2358
1153,318
926,1093
3529,1207
387,2505
3009,2861
4468,2358
2949,366
4480,1429
5619,1702
4294,2959
5837,3093
524,524
4032,2959
5508,1871
1800,1068
3532,1855
5593,1420
3394,1921
450,1514
1668,2080
3853,2435
3218,1695
1349,2300
2053,201
2192,545
951,2439
3069,1572
4948,1655
2489,2983
4046,3015
3931,813
5496,706
5226,845
372,1042
2361,1485
1318,920
5325,824
2961,2978
1335,1089
4473,1547
624,2983
1508,1017
3636,1804
2514,946
630,519
761,1002
1819,155
2951,1701
4828,957
5291,2933
5296,1025
4697,2194
3532,700
5593,2709
1500,1341
3803,1917
4677,2481
2232,2953
518,1217
5112,1655
666,1115
2046,319
3066,2590
4362,1157
2656,248
127,837
3528,177
2979,1655
4056,296
1513,987
1296,2450
2774,2189
5668,789
1452,2963
1985,982
992,2978
5357,2590
4223,409
5126,1903
5623,2709
1941,2373
1201,2563
1831,515
5695,1831
1268,1341
3613,665
4591,1744
2875,901
3558,177
5153,1255
4554,2616
889,1695
1706,1917
5061,1666
5436,789
1415,987
307,781
687,248
3295,706
5609,717
1206,813
2863,2769
559,1002
5468,1266
1613,413
2220,3077
1019,1926
212,140
1351,413
1356,757
4393,1917
4102,1179
416,135
3260,2590
913,187
4058,2570
3144,2415
3882,2344
1356,1696
1736,1917
4045,1584
3444,2118
3642,413
3867,2975
1548,176
3511,896
4645,825
302,972
281,849
5320,1903
4155,409
1395,2563
2537,101
4528,1179
4581,2503
4598,1918
1351,1702
3290,2590
5477,574
1459,1235
1168,305
3494,1831
3912,2344
5464,2032
5934,192
1386,1696
2515,1281
3301,2190
5625,2889
1857,1281
169,1732
5437,2838
243,2435
5122,1514
4038,1702
4454,826
517,2415
2339,1964
4521,358
1286,1465
250,2825
2019,296
3760,2889
3235,789
4534,2283
1607,1291
5650,852
1715,824
4877,2622
5257,2089
1489,1235
326,376
2540,2627
3920,1831
5102,2740
3526,214
4417,2637
5234,2859
4272,4
4040,435
366,152
3439,969
985,2641
3630,2257
1176,3175
656,1419
2967,1913
470,2195
2767,2791
5874,2438
2971,2032
5328,2679
5223,1165
1061,192
2716,1513
3399,789
4770,2351
2731,101
5016,1626
4467,2350
2182,825
4229,2936
5022,2572
4960,1694
4291,2124
2350,409
2085,892
2570,2627
3296,1041
3808,435
5136,2859
1070,96
1637,1641
973,2415
1004,1728
4247,482
2213,2740
3342,2325
1924,2637
5224,2679
1394,193
1547,435
3933,2012
213,2138
4943,185
1538,2601
3334,1683
1503,2580
3418,2320
2993,1390
5269,1109
5816,524
3501,1042
2119,1765
5166,2859
5937,2736
5190,1001
1253,2590
5432,2978
119,409
2765,1159
1894,2586
1204,1385
4282,2546
2243,296
3227,2910
3607,3131
2795,1001
1429,1503
3676,2736
766,1159
1330,3187
3429,2078
1982,1652
3842,1493
2417,826
2587,1237
3026,2627
1663,2838
5942,986
188,2616
4137,852
2516,2525
5785,248
43,1703
2006,3177
2283,1765
3642,92
5457,2634
3189,524
4851,2824
5247,2824
2669,2740
2349,1072
3978,2670
1063,1503
5483,822
1699,2653
4254,1787
5068,2300
5405,1131
334,2791
804,2740
331,830
3266,1683
3013,1237
3732,924
2405,600
5798,833
1023,1323
3798,1921
2745,1422
1351,2320
4973,2413
2879,1422
3519,816
5539,2824
5861,1532
4080,2546
1234,2674
3123,1001
4680,1787
1096,2740
3642,2320
5595,2352
5569,1131
4624,1855
400,4
1759,2495
1819,2546
4651,268
728,1001
3412,2797
2990,822
874,826
5034,972
2749,201
1976,1217
1318,1217
664,2679
2942,781
414,2504
1257,1503
3153,1001
5025,859
5051,2080
1253,41
1728,1088
4868,2373
5229,2352
4262,2563
14,318
3799,1341
5525,1182
5609,1819
3938,2439
1469,2325
3678,822
758,1001
1921,1668
4531,2953
1831,2906
2531,2351
3947,458
5645,2415
459,1873
1286,339
4464,2670
4791,813
5245,2481
1993,1921
3352,248
905,647
3947,1397
5184,2959
5762,721
72,1612
5896,721
5770,2302
5543,3077
5481,2199
2420,1207
978,1125
4491,1460
3575,2922
1237,73
2283,155
526,1001
2825,2424
2954,2080
1164,2978
1861,2906
3931,305
4284,1921
5937,2415
481,1258
5942,2759
2769,2300
2380,1027
2877,1833
1774,1217
5141,2481
5537,2481
91,2012
4040,248
3778,248
1716,458
2571,972
1981,1695
5031,808
5540,3129
3532,192
208,318
282,267
5249,2199
2050,2963
880,1125
1303,1982
1716,1397
3223,376
1836,1
979,2824
3424,2352
3732,253
3804,1819
523,329
4907,2435
3949,1419
3412,248
4355,2861
3706,2415
2142,458
1581,2111
4203,2467
901,2352
4910,639
4915,983
6,2439
465,2953
2640,2620
40,2023
1160,2054
1809,248
33,852
4813,706
4241,480
3468,1496
3072,1496
2752,2080
3433,721
1050,2825
2946,3077
4720,1646
4047,2866
1509,895
4308,2641
478,155
4294,491
753,2080
5488,471
2191,700
4714,296
5335,2858
495,2953
2350,2450
2687,1281
4029,193
2114,1419
1427,2933
4502,413
4581,706
2258,2861
403,920
1621,1486
3725,721
2899,413
3747,2200
472,2188
1596,1429
4896,717
1900,120
632,1911
4673,645
1230,2769
5234,712
2018,2061
595,2029
3494,973
4263,2467
5509,2637
2945,1697
1945,2522
921,2953
2394,2348
1984,2450
2010,1419
4992,2118
2003,248
2144,1419
1870,2348
1741,248
5139,825
4898,1702
2843,639
4486,2889
5045,409
322,1089
4797,307
4926,717
275,2963
1383,1671
4284,1250
1102,1429
2110,2939
4214,1420
4610,1420
5888,2791
205,1443
420,2563
599,808
327,120
4513,1487
10,413
416,1855
3405,1281
4619,2637
3105,989
3943,2088
4965,830
5380,1072
1804,2640
5565,825
893,2194
2483,2174
2519,1831
2166,2467
3961,1913
4272,2529
201,920
4969,1703
2183,192
4521,789
4003,3078
5787,2335
954,1157
2079,1532
2776,706
453,2861
3056,2975
2108,18
2729,2580
2333,2580
2908,825
2405,1702
1080,2959
4115,2730
818,2959
1902,1081
5307,2637
4173,456
4560,902
3899,1385
236,2045
1991,372
258,1804
714,1855
2010,614
886,3093
1187,2267
2345,2590
2607,2590
3526,645
1608,2297
1245,2245
2675,250
1360,2195
4943,2360
5333,825
5830,877
4699,3131
5456,2356
3431,758
5050,1668
3288,2170
4814,2889
5643,2182
1997,2257
3334,825
5689,837
329,2394
1244,2959
1199,1496
2978,409
364,2580
5178,1072
4851,677
85,721
4166,574
1717,2590
1767,1953
2579,1831
3103,296
589,1917
694,1179
401,1866
251,2861
547,1691
3935,826
5705,939
5457,837
2279,2478
3690,995
4824,924
179,706
234,413
3405,1765
2126,3175
3566,2622
4502,92
5104,160
5711,2824
1308,2920
1449,681
2841,2366
2008,2365
494,717
2656,2586
4081,1001
844,1281
4285,2494
1852,2791
3199,2047
4398,2371
4472,2320
3266,825
1134,296
4618,2145
476,296
1078,2616
4531,2900
326,1291
1976,1514
3404,1698
296,2580
234,1702
4606,41
4117,816
777,409
2076,1903
925,307
4297,1915
4411,2983
386,2473
83,2472
1232,989
242,250
5617,1253
1271,2637
376,1004
4180,2269
2778,862
3466,482
3545,1529
959,830
632,435
4374,822
4506,2439
5571,319
3131,1889
3955,3090
4351,3090
2078,636
2501,1493
4774,1695
4908,1695
1647,1581
847,1528
1289,1873
4250,1695
4505,524
4465,1125
4444,248
1682,1575
1656,354
1876,2572
2210,1694
4763,1
1444,471
2378,1278
3601,2188
5065,2029
5122,2563
499,1195
280,1831
5127,1217
777,2637
4786,924
2781,1668
2521,2495
3509,155
4090,2352
3627,376
4386,1182
3277,3003
1057,1873
5021,2861
5656,1157
1142,1422
827,2350
5600,1033
70,681
4292,1705
3280,1207
2230,1915
4436,895
5059,120
4909,1115
2154,2859
430,435
4430,2578
3143,155
4034,2578
4669,874
5139,1577
5259,1871
3846,837
3992,2352
2853,581
5177,1280
2372,1217
139,636
2045,822
5772,177
362,2371
1888,3090
434,1493
1172,1422
1563,1078
1929,647
1375,1027
5182,2563
4425,140
3172,2963
911,2586
3182,1207
5023,1752
5804,1563
2163,1982
4763,135
475,3187
3307,155
4926,1819
609,3187
1839,2824
3317,2563
3556,859
4022,2352
390,2325
2852,514
450,2376
3389,2439
5004,2641
5341,1280
976,1668
279,2494
580,1668
3885,3020
1813,822
719,514
5588,1157
464,1493
1341,1766
3342,1280
3397,987
3909,2825
4205,1655
1798,3173
2032,1125
3336,2963
4857,120
5337,757
5939,825
111,816
4555,721
4961,2163
2726,1
2464,1
2689,2563
3018,1341
4871,957
5017,2472
158,2325
2761,2439
5330,717
13,2910
3623,1680
4743,957
1012,2614
621,514
2942,1696
5404,639
817,2146
4253,3015
4950,2189
5836,296
4631,1655
3628,2963
1169,319
4235,1655
2984,2861
940,267
3333,3015
2722,2861
5394,2580
3935,639
5562,2164
2983,192
4232,3077
4841,152
176,2500
1332,2188
3314,1460
3116,1475
4721,2487
5497,2708
1116,2563
653,1341
773,1443
3560,1866
979,1511
320,2629
215,1115
2634,2640
4045,1157
1770,320
4456,2189
5686,2580
2205,248
598,1819
4227,639
5758,1702
1019,1849
5162,2580
1196,987
3013,192
1001,2963
3527,413
5829,1353
3344,1460
5460,3176
1542,2563
5862,712
1187,120
1677,2199
2780,2815
4349,1918
5364,435
641,1115
28,2578
3555,2811
465,135
5083,1913
3288,2467
3004,2708
3503,177
4031,296
5901,825
5042,1323
2385,192
1867,2481
1165,2963
3161,413
3240,706
3295,413
4178,2975
805,176
889,813
3508,1460
2553,1496
2336,2959
3936,409
5727,2365
4290,2627
1162,413
2392,2302
5797,852
5482,1780
4618,214
3159,1656
1558,3015
925,2348
4208,2975
3724,122
534,248
3295,1702
3670,825
4909,3022
3823,1821
4919,1266
3279,2889
5316,148
4270,820
1326,413
1537,3077
3158,2370
3144,2472
4880,749
5711,677
3827,250
3239,2709
455,305
1331,1696
1372,1697
3624,830
1936,1281
3520,2170
289,2487
4024,1703
3962,825
426,2758
4755,461
1512,172
767,18
1228,413
3074,1302
3979,1179
5737,3187
2232,461
4973,2791
3085,148
3382,2586
3673,1072
2635,851
1584,1179
3497,92
1322,1179
2521,1503
5119,1273
735,1419
360,44
4028,482
4267,1996
4986,1683
1655,830
1641,932
4234,358
5190,924
4223,1889
5047,3090
1255,896
4706,2797
5415,1042
5759,852
394,2257
382,742
5335,524
2515,2627
4581,816
3137,1627
3118,1385
2717,1041
4945,2032
2742,2791
1634,1831
885,2467
887,96
1429,2365
1320,1641
2158,2740
4407,2356
1473,2637
694,455
3001,1739
425,1728
5616,924
5220,924
3477,1668
302,574
4082,1253
3413,1683
3497,2320
4182,3177
3915,2833
3151,1683
1320,2580
3225,2386
3588,2438
4557,2300
5372,1695
172,2975
3007,214
4643,539
5054,73
4739,1001
1124,2641
5885,1
1528,250
1244,491
2727,574
146,973
3159,985
3186,1088
4623,826
717,1728
3038,2910
1792,296
5396,2439
3507,1668
2478,1001
3603,1376
919,142
907,2791
3078,2494
5707,1577
4263,1422
4268,1766
4765,2572
3299,1904
2308,1529
4223,2023
2382,2232
1284,1960
2810,2679
3961,2023
4935,539
676,1323
1951,3177
2064,2300
2398,1422
5932,2627
1747,903
2710,2448
1535,266
5208,1048
2806,2910
3859,965
5552,2578
3683,739
2998,636
334,2498
3369,2269
444,2104
2125,482
3823,2439
5026,253
5449,1110
3415,924
3563,822
1436,2889
5743,833
5889,2348
5911,2861
1439,908
90,825
126,482
1832,2300
4040,1915
5915,536
1550,924
1154,924
543,3022
1257,2365
2728,1125
1028,2505
4032,2963
2461,781
3441,2495
3572,2978
3052,1222
2410,1001
3888,740
5613,1110
4011,3025
649,2859
2060,1376
1375,519
5790,248
3990,458
5657,2348
3453,2505
1178,1668
2782,2300
505,636
221,877
1064,2320
2828,201
1869,1027
5723,1655
609,2679
1318,924
5678,192
3599,987
779,3090
3938,1207
3990,1397
5285,1429
4261,1860
202,1766
2516,1777
2163,2413
3340,2978
4207,2563
4842,859
3532,704
3356,2922
5949,2348
703,1001
3485,2578
837,1001
3044,1115
2717,720
2156,2373
5437,1419
2913,2352
5692,248
320,482
4122,920
1899,1027
1682,2490
5810,2189
1360,2439
276,1873
952,924
1016,185
4794,2481
5866,1532
4479,1157
2660,1125
917,1869
5695,896
1624,41
2066,386
5915,670
405,1694
1630,987
2012,1089
5030,2199
1831,2963
4830,3077
4367,1855
1569,2963
3732,1115
867,1001
2362,155
1505,2978
1617,1
2107,2080
2508,2424
2582,2373
4777,972
350,482
355,826
2507,2199
3966,1696
1786,2439
3570,1696
3317,1250
1378,924
1061,1217
3852,2348
3738,1280
4688,2620
5495,434
3461,248
2057,458
5684,895
658,1766
3359,2415
4479,2446
3371,1486
893,2572
3866,1465
153,318
1658,160
457,3173
1794,987
1861,2963
5925,957
541,1366
1981,813
4770,1871
4508,1871
2245,859
1519,1
1999,1392
2995,3077
3943,372
4729,1281
6,1207
2671,2953
3664,957
3827,2641
4510,1917
609,3163
1239,1115
3224,2348
3491,248
3532,249
15,2424
1008,1182
3933,593
4203,2174
3752,23
2427,1280
3552,1655
2148,1865
5243,2441
2457,2620
4991,3129
1230,248
1777,2861
1992,571
2429,572
4234,1460
2451,1085
2422,155
2594,639
1470,2152
4483,2164
4800,1871
4221,2164
5341,2195
5939,1390
4928,336
2963,2199
4859,1697
4415,717
3656,665
4497,1281
3036,957
3669,2590
1465,1993
627,1648
3662,1419
410,859
3916,2467
4766,2637
2933,455
1938,1624
5663,152
998,248
2175,813
4568,1871
3069,1255
4712,307
4445,717
1153,1290
1449,120
2488,2441
1583,120
4627,1697
2307,1871
4227,2709
70,2080
524,1496
5192,2637
732,2199
2232,1697
4608,2586
2626,1624
5745,2786
1815,2348
3895,435
5423,291
4657,2478
2397,983
3426,2616
2896,172
320,161
473,1157
4523,1697
2761,2199
5679,1385
1689,896
4421,1420
2179,531
1778,187
83,1911
4584,2350
2949,2627
2861,336
4965,2981
10,120
4929,1072
4910,830
2735,1917
586,1219
5856,708
1845,2348
3161,39
2970,471
2686,712
1383,1728
5502,1873
2303,2637
4822,2114
5770,413
3447,810
1907,193
5453,2920
2664,172
5718,185
5566,2797
1872,1138
2612,1702
473,2446
115,2738
2350,1702
428,983
2725,825
4485,250
5621,2504
5655,2088
2057,137
2497,409
381,413
3333,681
3605,3089
592,3077
5807,2859
3978,1385
263,1855
1875,2348
502,1871
2028,2590
5078,1703
539,972
1898,2709
4207,2376
2727,1810
2128,3171
3940,2032
5832,822
2456,758
1391,434
1121,573
4679,2371
5692,2505
921,2205
2359,825
291,1809
623,296
2531,1871
3558,1149
3694,2730
3711,2145
4085,2386
4525,1904
567,2616
1725,2939
94,706
1422,3130
1567,101
2780,2575
2816,2232
4838,903
969,152
2354,1420
2092,1420
2140,148
1923,2365
3048,2740
3401,2104
4163,2427
2497,2637
5792,1581
1284,163
4467,2838
2120,435
4150,3131
363,1281
5193,498
4972,1253
607,1641
1228,39
2486,2478
5843,2300
1,1831
2389,825
1496,1739
1976,2376
2234,722
2394,2889
3779,1683
3796,1852
5675,1935
2488,1770
1731,101
3365,2797
2310,717
5090,2413
3249,2622
3383,2622
5394,2824
260,2472
614,2970
1142,3089
3604,2032
2260,41
546,1523
4837,2906
5138,2080
1079,2740
5556,2593
1473,1913
5611,2300
1273,2791
528,2637
2305,723
2802,1529
238,589
568,2975
241,2580
375,2580
1743,461
354,1703
1197,3146
2317,3177
3288,1422
4611,92
2050,2833
2816,2366
2014,924
3404,816
4900,1915
5162,2824
2975,144
833,1179
1676,2622
2290,41
4506,1207
1770,1503
2028,41
4657,3096
4605,2906
4641,2563
5584,1766
954,2637
3015,482
3495,1873
1205,4
4995,1371
296,2637
370,2586
4768,2146
2156,226
5148,1613
4268,1042
1121,1996
405,2580
780,1703
3892,1694
2519,1217
1729,1852
5117,987
1901,3090
5454,2824
1918,2505
5886,2481
844,2627
601,1179
4374,879
363,1765
1812,574
4933,2563
4993,2614
1569,816
4239,2906
225,1831
2558,2084
722,2637
4712,120
2253,1448
381,92
4288,2044
1265,1344
3247,3060
5033,700
2853,1443
4401,1921
5652,2435
2276,2371
4982,920
1133,2356
2074,924
4431,1571
1876,185
2299,1042
2359,1093
2949,2090
3895,248
2773,144
2983,920
5643,1568
825,1422
5438,2856
5540,3041
615,2366
1298,1642
3495,1068
5030,1341
3357,2824
4768,1341
4441,946
382,852
1963,2032
149,92
4268,237
5106,1336
4822,1577
1883,1514
4801,700
5704,2194
814,482
2507,1341
5771,972
5855,2363
103,2376
1925,2679
5676,1866
1701,3163
194,2494
4915,987
1990,822
2432,1921
4583,248
5130,2861
5684,2481
5765,1157
4919,1860
2057,2983
808,852
1947,1125
1926,248
1305,1658
2721,2963
3108,1157
4646,1701
1480,2413
2261,2978
2242,2736
5857,1096
4836,1044
1388,2824
257,160
1874,997
2280,2439
2161,1993
5160,2861
2154,822
870,2080
409,1493
1684,2593
3869,2194
5008,2467
947,2300
1083,3127
3144,972
4180,366
811,2439
919,252
4479,2877
2349,2983
5539,413
5618,706
459,267
2489,2963
1097,2244
5247,1702
326,677
5909,855
2036,1705
3161,2080
2896,2563
5136,1871
2956,2614
2013,1
5585,1697
2324,1583
3160,1855
4237,1250
1778,2578
4512,3175
2330,3091
3137,1871
3481,2435
4589,2641
2020,2111
695,2614
4776,2467
5626,2637
5285,2344
5576,830
2322,1695
3936,3015
5648,706
3915,2138
264,1115
1948,3174
1115,3173
2120,248
3369,2379
4126,2358
4458,845
5520,1460
5914,825
4086,2959
3666,2373
3645,1496
1919,1655
5615,1697
575,2670
1050,2963
4608,789
4955,2590
3833,1732
440,1
4806,2467
747,2373
40,2511
222,1993
542,1217
4341,2138
2620,2641
77,2578
1202,2953
2823,1280
2981,2620
2064,2194
5047,2529
5045,1702
5420,825
5816,825
4071,1496
430,1915
824,1280
1612,2824
958,1280
1705,3015
3809,1496
5767,2626
3210,413
1467,1157
2869,120
4030,152
5207,717
3075,188
2072,1496
1091,2563
208,1
829,2563
3446,2575
4308,96
4850,2365
1202,859
4927,1831
474,120
2499,2472
3595,1917
1494,2953
3046,2641
3290,1281
3020,1420
377,187
3145,2620
2751,249
707,1819
3248,1055
5211,2529
5471,1702
5512,1703
5321,2889
116,1351
1730,1917
769,2670
4924,2472
3138,2580
3458,1804
3513,1703
3599,2975
2773,1701
3189,825
5859,471
1191,1050
3357,409
993,2563
845,413
5353,1831
4210,96
5588,2637
1044,1562
4442,1385
5557,1072
4941,574
3987,1744
3992,2088
2177,1266
2242,2415
4274,2740
2696,1831
3589,2637
3876,1913
3248,2344
1265,1157
563,1639
1497,2446
2550,1255
1447,639
3387,409
5376,852
5178,2365
4512,2504
613,413
3390,1646
1554,2199
2994,1646
845,1702
3746,1281
2727,1302
979,1702
5394,677
934,239
4475,2622
3668,1590
4425,815
4709,574
4170,2740
519,1717
4299,2396
3941,2688
5092,2032
1468,1866
3766,1344
3742,758
2639,142
3712,2047
5367,924
3827,307
3670,1821
2853,101
263,192
46,1655
1039,413
1877,758
4542,2504
5483,318
2948,2590
5119,41
3419,1421
4243,2622
855,1235
724,2472
3387,2637
2212,455
1558,1917
4490,1001
3442,92
2143,2570
4598,2032
4732,2786
4995,1668
747,2641
5352,2494
98,2195
110,1266
2073,2740
708,2878
3664,2356
5476,1217
3667,1873
3392,1668
5214,1217
3156,2889
3796,2283
4407,185
2433,2494
5513,318
3142,1493
2519,1514
5143,2505
3718,2592
3814,2300
839,2580
1881,2920
1936,2627
3018,2366
5752,2963
370,789
5284,1397
3095,2586
98,101
5020,570
5848,981
1431,1179
3210,92
3996,1001
5190,981
5870,740
773,1179
1563,1298
964,2467
5045,2320
3422,1668
5313,822
1617,1534
4762,3163
4903,924
1150,2068
5883,386
1941,877
4945,2089
1963,1390
2987,2679
5048,524
2778,2505
4643,2690
2697,1385
3129,1042
4990,519
3576,41
4145,2413
590,1852
1211,250
2350,523
1295,1641
5927,2563
4535,878
44,2847
689,1831
5341,2439
5071,2578
2409,1103
3586,1668
5408,1217
277,574
4057,1253
5313,2111
4423,822
3795,1253
3748,3127
1382,482
2516,411
2934,924
3159,1042
4081,2778
4642,1125
158,101
2861,1385
5550,2963
5946,2963
4175,2413
460,2129
5352,2978
2499,1935
1011,3171
2723,862
4839,2578
5190,1115
948,2068
5334,305
4028,1612
3768,2439
5105,253
5948,1696
3506,2439
302,2859
5476,2640
4782,2983
5162,6
1982,1766
1798,3177
2173,2300
3503,2141
3952,1967
5717,982
1732,837
499,1683
502,2920
4466,2188
4509,2824
4941,2481
837,924
3060,1571
3065,1915
2177,3173
2807,1125
5336,1290
2915,2910
587,749
5415,1583
5632,120
5711,413
5536,3041
2248,2824
3263,1341
3390,2614
3464,2563
4827,2352
4376,201
2471,2115
1034,3131
2138,185
1331,2371
5780,2620
2420,837
2566,2352
1750,1766
1165,2833
1263,924
4093,263
3470,1038
1319,267
1040,852
2179,1125
751,749
1057,267
5295,2578
4278,982
881,41
3135,1
3756,2563
4391,859
4496,2373
2873,1
5790,305
4282,1855
3296,2578
737,1982
5570,1470
2698,2629
936,3131
1318,981
2791,376
4341,2435
5540,2759
5552,1830
3014,2111
1973,3127
5273,2415
1634,1217
4607,110
2136,2367
649,822
1473,2023
699,185
1874,2367
311,1766
2544,849
4505,1496
4264,2373
1299,1089
3262,2563
1786,1207
1328,329
3064,2578
5261,1250
3857,1460
3306,2111
1196,1341
5716,1830
3474,1695
2818,2522
3649,2450
1899,2023
3480,2641
2838,3174
116,1648
2001,987
3850,639
2518,725
1599,2670
2327,1157
4106,824
5187,2590
1851,639
1286,1392
923,1340
4378,1697
1499,2439
4412,1281
3584,2590
5645,435
3983,2861
3303,2348
4588,2446
3000,849
3514,1070
1094,1572
1574,2963
3766,1291
1326,2861
3482,1532
2422,2306
3936,1702
4920,152
238,833
1306,2394
1098,1
1645,1860
1323,2563
2364,1547
1364,120
5280,1626
1529,2439
1498,120
5937,435
1021,3164
4010,2590
952,1115
4123,2467
3789,901
1777,2918
3974,2344
209,253
4557,2170
1778,110
2363,3015
3003,1655
1320,2450
3796,1291
4890,101
2634,1034
3119,2769
3838,1702
2513,2959
2886,1255
405,2824
4068,2164
4505,2919
833,1773
2008,1511
5435,574
416,2424
753,1255
5132,573
2281,357
4108,250
5146,471
2685,972
1930,1820
4479,2637
4828,2791
14,1855
1927,1522
2388,1917
1646,1280
5166,2786
973,248
4767,825
4421,188
2829,2791
3140,963
5103,1683
2223,1291
528,3015
2579,172
2341,758
154,330
322,2358
410,2205
2835,1266
5927,1571
5932,1915
3812,2709
1618,1302
1060,2472
1607,2641
5688,2494
4967,482
2403,296
2594,830
2633,758
3555,2494
5733,924
599,572
583,39
337,572
2357,2580
4428,2833
4314,1765
288,2373
2442,409
3342,2386
4546,3054
3658,148
4176,1831
4613,2586
143,706
2049,1646
5416,2910
2909,2504
4380,1072
1489,491
2557,2052
3023,2791
2278,2637
1519,1831
2352,2586
2961,1913
1125,214
3637,964
502,989
144,1281
4664,1770
1271,39
2962,825
3605,3146
2500,1703
3140,1097
2553,1529
2620,307
2499,2232
988,101
3290,1041
4174,41
1018,2195
2222,2863
1854,2467
4940,1237
3985,519
4456,2356
5886,1115
3021,1001
2441,3166
4777,2936
1126,1913
732,296
4405,1078
5410,1291
2650,307
146,172
2589,2283
4702,318
3523,3090
4511,1504
3351,354
1673,1493
2824,837
2115,148
2037,2709
3895,1915
2441,1072
3798,1982
4791,740
4221,2839
5625,2629
5575,822
1607,92
864,573
1027,2257
2985,2633
5060,376
2534,482
894,1913
2721,308
5940,2640
3199,872
3815,3090
5131,27
5532,1125
2008,2129
468,1512
3921,1042
2976,1766
1441,1493
3611,816
2296,2007
4182,1571
4187,1915
5405,2481
3655,2054
286,717
1609,2797
3393,2054
3739,1001
5924,602
1237,939
2725,1366
4246,2495
5748,376
5192,2373
4777,2131
4314,155
5090,376
3433,2392
5221,859
2960,482
4178,1048
5661,1131
998,1862
1347,518
2307,2546
2245,1668
3592,924
2379,1668
1634,1514
2723,2232
5937,248
1528,2027
463,1703
4840,386
437,482
2343,1422
677,2386
1152,2679
2162,852
2105,318
5682,2358
42,1646
570,1765
1284,354
4234,2269
4619,2080
4285,514
2136,570
3481,3163
3899,2922
1356,2859
2724,740
2409,1668
2013,1668
5456,2954
2156,1222
3935,135
3016,2080
729,482
2831,2300
2561,2439
2494,1217
2769,1422
5121,1917
2153,924
2232,1217
1578,2679
2010,3090
3230,319
1512,339
4284,1982
5039,572
3905,1397
4359,813
5648,2373
59,2350
2377,1571
1010,2572
308,3054
2636,2963
1736,986
5177,2199
1913,2376
4965,1562
4559,874
2088,3131
3867,2044
2358,740
3167,155
1410,1001
1513,2634
3874,771
4727,458
5183,2953
5582,972
3044,1253
1898,1
2519,2563
2853,2439
2056,1341
3419,376
3508,2111
4924,972
5634,2825
5930,1655
4261,2348
5918,140
1618,1115
4273,1419
917,2007
934,1422
982,3156
1677,1695
3652,2240
2451,1089
1,1217
2544,1280
4810,2563
5192,413
2564,212
4185,2511
4818,172
2280,1207
1609,248
5014,1804
3887,602
5271,706
5360,2441
4389,1752
1101,1535
4067,1701
5172,700
1178,1001
3215,2424
1928,1
2888,2029
202,160
3946,1182
2230,2029
811,1207
4632,2641
2097,2439
504,498
2794,2367
4444,2590
1152,3163
1381,771
1324,237
1441,822
5139,1691
2574,1280
5530,758
5301,706
3408,725
4643,706
5763,737
3521,602
276,267
2554,813
4445,721
3949,2769
4341,2061
2579,2563
4511,2472
4645,2472
4958,717
1396,1429
1444,3163
374,2495
1461,2578
3992,372
4582,706
3369,1147
3732,1953
425,740
1397,2593
4096,2415
5634,2959
3000,1280
3457,967
2772,110
1707,540
2598,2963
4102,1671
4826,1702
1407,248
5022,2580
4960,1702
3222,2790
5222,1702
5335,825
4829,2939
3717,2769
3244,859
4849,1871
869,2824
4988,717
2830,1219
5070,1281
1887,2578
5218,1179
1608,3163
954,2373
2831,1629
5348,471
2545,1235
2879,357
4904,2709
119,2511
1275,2199
2978,336
158,2439
4582,214
724,2850
3690,3016
4306,1070
474,1921
374,751
1833,248
4990,1702
5365,825
5761,825
1743,1486
1022,972
5256,1821
3754,1496
3358,1496
607,2450
4597,2939
5377,1465
3628,3077
2984,2975
5651,2350
2010,2769
4934,2709
4872,1831
445,1341
3363,527
1945,839
3750,973
3278,1917
4362,39
915,2953
3205,2570
2916,2467
5693,482
2157,2415
1479,285
3390,1569
503,1696
780,284
4727,137
5262,1235
5852,2232
793,2963
397,2963
5194,2232
5859,2622
4486,2145
1148,2373
3302,409
2299,1717
3376,358
3665,461
146,2563
812,172
2352,789
4291,1677
4714,1780
5036,1831
187,120
662,413
3151,1179
2767,250
1146,2677
3883,2791
4428,2325
3165,296
2067,778
3017,2118
157,2348
179,2861
948,1157
1003,1056
2985,2580
5881,2007
1001,983
2527,1702
3957,461
89,1655
433,1465
3948,2627
3547,2283
3466,409
4151,1266
2934,1302
5912,539
1194,1563
4155,1385
4024,2622
266,1702
2558,1954
2434,198
2186,96
2239,1420
2303,681
2714,2467
3569,2981
3949,2448
1000,1697
3514,830
3009,1072
1591,2138
1023,2620
90,2415
3328,825
3364,482
3760,482
3772,307
1041,2637
5728,2300
3510,307
595,830
2808,789
208,192
3114,307
2546,789
4855,2900
4249,3090
5545,903
4340,2454
5013,1042
3901,1626
3631,1765
4369,1694
255,1701
5253,2946
1851,2627
2439,1831
2251,1780
5381,3131
4985,3131
3039,1072
458,717
4940,1668
5076,2495
296,2641
4900,2269
3661,826
937,2637
5696,1422
1467,2637
3132,482
1360,296
625,830
4578,3157
1040,291
522,2580
2819,3176
3452,837
2143,2627
3168,1078
4047,2740
4479,2397
1529,455
309,2472
2083,1041
5672,2906
2144,2448
1497,2637
220,902
2178,2032
4561,1648
2735,2889
1866,225
5424,2023
200,435
4388,939
2593,1493
3727,1422
1127,825
1559,482
3861,1422
1261,825
2004,1098
3281,2833
4231,201
4597,524
2773,148
474,2889
1933,2386
5116,1089
5264,987
785,307
5663,1258
3971,1001
4105,1001
5798,2614
5820,2373
3874,1068
3855,826
677,2467
1100,318
2683,2325
1265,2637
119,1385
5367,1115
5105,1115
5091,1217
359,845
2685,2371
1990,826
3542,514
4331,1694
3025,2439
2299,2335
1261,2114
5690,987
612,1668
4325,1125
1,1514
4529,366
1055,3177
2008,816
1041,1027
5640,2563
3506,1207
5450,2439
4784,2578
656,435
537,3187
4988,1819
2758,1
5413,305
5829,2435
3043,924
2647,924
5584,160
2067,2335
5539,2861
341,2494
2101,1165
4973,6
2961,2023
5126,248
5267,2173
4157,386
3940,1849
4284,2413
2558,2572
390,2386
1768,201
3411,2259
5274,2563
465,1217
5718,1291
4173,330
1160,318
2256,3173
1380,2536
3075,58
5711,120
5874,1804
5881,531
5934,1855
5619,531
5223,531
4175,376
4956,187
2456,1514
4777,2696
2526,1
2715,2906
2784,2511
3887,3127
203,2910
3534,1511
4697,2178
5134,2933
2393,411
3678,2953
4721,320
808,2495
4889,2348
4459,1074
5818,2811
1886,2300
958,2439
5700,2563
1959,1058
2023,319
624,873
686,2505
302,822
4151,140
3428,2963
4784,1773
4536,1671
5899,1460
3825,155
4045,2373
3276,879
356,1058
4339,376
4420,1496
1061,847
5545,1871
3129,1583
1429,2963
4032,3077
4949,305
4919,2348
972,2495
5664,250
311,2978
889,740
5065,1419
5471,2861
5843,2467
4822,2415
5892,639
1728,3003
1566,201
5303,137
248,185
3558,161
397,1971
5254,1291
5820,1702
1271,283
3855,155
465,1351
4104,859
5241,305
3207,2563
3455,413
3534,706
1679,1017
3589,413
2233,2357
4781,320
5223,665
5102,2590
737,2978
2370,376
649,879
1530,2614
2941,1131
1676,2439
4100,336
1335,2146
1018,2439
1157,2783
3712,1917
689,1217
118,2182
837,1115
3762,1280
4137,1157
4247,3015
1917,27
2189,2435
4223,177
4782,141
4957,896
2431,248
4057,639
3619,413
1876,1157
3223,413
3753,413
1743,1567
3174,1460
4120,1338
3831,1235
849,536
3886,1696
5783,830
499,3163
5287,2878
2372,957
209,1115
3296,1830
4142,2790
1549,920
4928,1255
1743,1917
1714,987
1776,1865
681,1110
5473,789
932,2641
1257,2963
4056,1703
3753,1702
1831,983
3357,1702
3063,1255
5654,2298
3622,2939
115,140
1006,2563
1784,413
1775,859
5774,902
2329,2199
1047,120
847,1752
3297,2590
3615,1179
1509,1871
3035,2590
4537,471
4394,2637
2864,2708
2169,1917
1131,1696
3676,142
4779,758
5740,1668
3758,706
3548,896
3892,706
2890,896
3387,1702
586,849
648,2481
2017,1496
5634,491
5028,681
3242,789
1702,172
1781,465
1814,413
1903,1394
2256,758
4541,2283
17,140
4909,989
5234,749
1696,1855
5532,214
1417,188
5271,816
3779,1179
355,135
3975,2811
4639,2791
2127,2041
5035,2791
1423,1696
2636,1918
2961,1486
1197,1353
4666,2170
804,2590
5582,2371
656,248
1093,249
1535,1348
2693,1671
554,2415
5100,1873
4420,2114
5201,2679
4108,307
5068,3089
5818,1335
3134,101
4914,2622
2044,2164
175,2769
1961,409
5039,816
1078,1819
5216,2206
1267,2472
1976,717
2762,1626
0,2953
1096,2590
4100,3048
4771,1001
903,2195
2876,1913
364,1917
2143,830
4472,1873
5544,924
4243,1821
5346,185
5717,852
2768,101
3812,2766
2219,825
1644,2580
823,896
1174,187
608,1496
2086,1235
2891,2386
3469,148
2125,409
5506,1571
5645,1915
2474,2283
153,1855
3525,2709
5003,2448
2468,748
1243,3175
3619,92
3835,2376
4253,2889
5772,2629
1756,3171
997,3119
5133,2679
1322,435
2910,2786
3703,1668
3044,2786
4257,3008
5303,3090
573,2791
2266,240
650,2257
1725,825
2902,1390
1596,2889
4449,734
3134,2679
3843,924
4483,318
4615,1935
5598,1695
2113,2627
4295,267
3259,1627
136,2975
1144,2765
3355,1335
5,240
4134,1073
4569,1001
1324,1420
3676,1915
4710,482
2134,471
3108,2397
1850,712
5718,789
2010,435
3202,2032
4391,1668
5936,2629
2966,1001
5490,822
586,2622
2205,122
603,2791
3060,636
5804,1921
5890,1695
702,2016
126,2637
281,296
1194,2478
4489,1422
4551,2300
3159,2335
5700,1571
3298,2679
1517,3131
2534,2283
4899,2983
18,825
799,636
5625,1397
2177,3177
3168,354
4995,1001
5437,1346
2192,1765
5650,2393
1137,631
4838,1017
209,3022
1651,852
3609,1982
3392,1001
5916,822
5599,1115
3457,2150
5834,1921
3286,1514
3697,1048
3189,1581
1105,2032
5587,2983
3641,924
1206,2838
4981,3173
1648,1493
218,482
1042,1683
1403,908
2537,837
3588,2983
1702,1729
3338,2054
41,2283
3341,2325
777,1385
3528,1397
4060,2978
4285,1376
4378,1567
4796,2080
1229,2448
4508,859
609,2740
3575,2906
1536,2376
3413,2578
3151,2578
4478,458
5138,2194
2108,323
2920,201
1206,1683
5385,2825
3957,2449
3537,1109
5175,3015
484,1698
847,2504
3359,248
3892,2963
3880,1448
5067,449
1459,816
1746,92
4299,2563
3812,1
4180,1151
5400,2352
4830,2199
5112,1131
831,2910
468,2858
1676,2736
960,2566
196,2170
2486,1787
5371,833
5605,2195
1417,1
2303,2080
3819,2111
4180,2090
1848,2439
4045,1865
1588,822
1192,822
581,2920
1875,852
4681,3015
1035,3090
4070,2861
5350,895
5407,1429
715,1422
319,1422
1403,1042
2215,920
1489,816
1568,1109
3266,1346
5303,2769
4193,982
1669,1915
4568,859
1982,160
4336,1290
5706,1496
5876,187
1331,2859
3406,602
5804,1250
2175,740
4570,1871
2192,155
3431,2352
4551,1629
3861,1182
3169,2352
4890,1849
4597,284
1436,1340
4340,2348
1604,924
193,155
3949,248
3670,833
5655,2820
1615,524
5123,2959
591,201
809,2346
4897,172
5678,737
5901,2472
5834,1250
2914,1429
4862,1871
5903,855
3258,2959
5730,2590
702,2634
1062,725
1571,602
36,329
1975,1217
913,602
4414,2620
1484,2111
3583,248
3717,248
2638,972
575,2300
1609,305
2603,1917
3081,2481
1713,2348
4509,413
1584,248
2117,2963
4951,758
4247,413
1322,248
4210,531
311,160
2248,413
2635,859
2199,1460
1261,3163
387,155
3162,1507
3907,2415
3657,1486
973,252
5353,2616
5807,2786
838,27
2557,2861
210,458
1877,2348
3546,1655
4339,1291
4473,1291
4905,1702
2033,2861
4509,1702
5781,987
4247,1702
3595,1547
4116,2939
3087,2272
814,2824
1246,2481
2292,2563
1041,3015
4909,2575
79,160
3281,3077
1641,1290
1371,1429
4585,1697
1448,895
4908,2350
400,740
4180,1419
3872,1266
563,2424
928,859
5434,1642
2877,2435
4071,2415
2923,336
4626,2637
2747,110
2473,2759
1676,2415
2297,813
4652,825
3291,1671
309,972
4879,1770
5552,358
1634,2189
937,3015
1577,1655
312,2963
1303,140
64,2861
694,813
699,1157
4773,2283
2278,1702
36,813
1082,895
3885,1097
5270,645
5774,2622
5908,2622
5512,2622
3401,2970
383,2614
4765,1641
5457,471
1250,2199
128,1341
1050,3077
983,1855
4608,903
5052,2637
5556,2170
2961,1917
3513,2622
3537,3016
1271,2487
5631,1001
5832,2563
3664,2791
501,3020
5083,2889
4286,101
4719,892
512,2620
2281,845
2766,2580
1238,1034
2019,845
4180,614
5362,1523
5799,1524
3357,2267
2311,2939
5776,574
5079,2366
139,1291
4065,1041
751,1855
4030,266
4479,92
2416,1420
1724,2590
4651,1138
666,993
2386,2709
722,336
257,1697
992,1917
5892,2627
942,110
5221,1668
384,1280
3792,101
5729,354
5259,1371
2585,825
4605,2833
3915,2386
3163,307
1869,3129
2461,789
3369,2627
5343,318
5417,267
1397,101
375,413
2634,717
3561,2797
4509,92
1763,1390
1754,2590
5825,1001
4386,2910
623,1646
683,1697
1070,645
151,2590
2365,677
2227,3187
4875,2320
93,1831
2677,1703
278,830
2508,204
4550,1971
2652,1646
405,413
1561,101
878,825
969,2441
678,1703
456,2822
4300,1042
3737,2622
5365,1366
3885,2520
1689,2730
1701,1801
932,307
1049,1646
1341,1266
3282,2981
3830,2032
1540,163
2242,435
5540,3060
237,1179
1949,2842
2391,3187
4146,1514
519,1831
4187,2269
5804,2352
5441,2300
2232,2376
3526,308
3391,2335
4105,924
4540,852
4318,1971
1801,877
1104,1703
3067,3177
71,2580
3892,816
4594,1088
700,307
1154,477
3805,1571
1066,2350
4020,1001
267,1179
5119,155
3013,847
64,96
196,2467
5764,1613
1046,2637
4435,2906
4079,1581
94,2190
2754,2838
2437,3131
4490,1115
2392,1668
145,435
2230,2838
5907,386
497,2580
4115,2177
2532,924
1878,2386
5672,2963
1673,2920
2745,1971
18,101
5871,140
3577,781
4064,899
5411,155
271,3176
2284,41
4538,1
188,1421
5481,2614
379,2709
317,1831
4530,92
4484,704
3481,2012
609,3171
4303,2578
5072,874
194,677
3339,3060
2296,2495
5259,700
2358,1683
3999,2352
3104,2439
4523,1571
5440,2963
321,2889
5178,2963
5426,813
307,1493
4364,6
4107,2824
5585,2563
4415,725
4702,1
736,852
5593,172
918,2586
54,266
2704,226
4729,2578
4734,2922
205,435
3534,2373
2630,2906
5457,284
5467,972
2330,924
587,1668
5069,1865
1490,3162
621,498
4809,248
4215,263
1317,201
2602,2551
4212,1655
5286,1341
3933,2240
4864,120
5735,413
5423,1804
5483,1855
4514,1993
3344,155
4610,1701
4958,721
3478,155
272,2946
3273,1443
3596,376
31,1571
4468,305
5216,2450
5412,110
455,2838
5512,1280
3249,268
5906,645
489,1668
5642,572
5843,296
5886,932
5383,2563
4242,1655
178,1217
2776,987
5513,1855
5162,120
5797,2580
4014,2959
4365,1496
4798,3041
3788,2424
5156,305
4760,305
460,1088
5845,1281
5936,645
3059,1460
2121,3163
4640,2640
851,155
3924,972
302,879
990,1253
3445,2435
396,514
2519,957
1237,2850
342,1217
3504,3015
1204,458
1901,386
226,1042
5169,2580
1038,920
5780,290
5513,700
2111,2825
1278,2824
3455,120
3286,2563
1999,140
2823,1341
4738,1081
1018,1207
3485,1460
2647,1115
3259,1871
711,1464
3187,305
5516,1348
1287,2563
2634,1819
4962,1728
3475,2435
593,2906
932,120
4285,1486
4053,1917
5051,1019
634,1217
2671,2640
3041,1419
5718,1482
3049,1280
609,2850
325,3091
5764,137
2245,1485
899,1865
42,524
1713,1624
3208,778
1446,1280
2029,140
1306,2963
1158,813
2906,413
1505,1860
5211,2590
2320,1255
847,2614
1186,2080
3318,357
5458,2467
38,1
5771,712
592,1341
3947,336
251,1048
2524,1250
3016,958
4083,1917
75,822
2401,2348
1790,2194
804,2163
616,2866
1199,972
3873,1518
3902,4
1063,1865
404,2983
5939,830
4215,2975
4168,3129
2029,1429
3304,2529
3698,1702
5697,2833
4291,2970
2066,1496
4268,1266
2723,305
689,2563
985,1393
1467,413
2886,1235
3892,1918
1311,1563
3560,1179
4341,1744
456,2769
2099,855
4427,3016
5387,1072
5437,435
789,700
2831,2467
3998,2344
4285,1620
1716,336
1456,1917
4534,2324
4904,1103
1406,110
3369,830
3438,435
5711,2889
3140,1532
4031,1703
1357,1157
3358,2923
3728,1702
3466,1702
3860,1821
3846,1923
3576,2062
4753,2627
3187,789
587,192
3627,307
4095,2627
344,434
1497,413
1235,413
839,413
4738,2504
5748,677
357,3113
720,721
2614,2590
3538,2709
3510,661
1409,1697
1882,1917
3661,830
5741,2889
5815,2838
1257,1865
1174,110
1148,2861
5399,2371
953,1831
1574,983
2171,2959
3480,2889
751,192
1926,122
3670,2232
5150,354
1082,1460
120,2769
3964,2709
4762,1935
990,1871
3244,1831
3287,2467
3640,1831
3679,1005
5171,642
4293,2396
4692,2859
2003,1281
1755,1179
5530,1514
5879,1668
443,2641
4225,1703
2559,1913
1480,2637
2294,2396
3018,2427
3252,379
2945,636
3368,1493
3791,2350
842,845
3784,1179
3152,148
1452,1528
4513,2520
872,2939
2066,2919
543,1717
99,737
5772,1397
3547,677
2497,1385
255,1250
5709,2546
2600,574
1409,1831
724,1728
1856,830
887,214
1382,2637
2101,2324
3347,2494
444,2088
5220,1042
2295,877
4535,939
4270,1422
2582,1873
5543,1695
2647,3022
2597,461
4173,1489
2375,2334
945,1323
1707,1646
616,101
3045,816
3437,1606
4514,1001
5949,1017
5690,1341
17,681
4611,1873
1777,1072
1381,1072
3377,2494
1054,677
1467,92
4459,2233
5295,2505
5297,2578
286,2791
3218,1683
1736,482
817,2427
2328,2114
3448,2145
3568,2439
2847,2679
5383,1571
918,789
1743,148
3518,1571
3528,2259
4705,2824
1613,267
274,1626
1838,2637
2941,1001
408,1626
4106,2495
1497,92
3804,1376
5203,822
4110,2614
3654,2371
450,2791
3712,1787
123,2396
921,2376
1900,482
3264,873
750,2494
5664,2348
5867,987
3333,2141
4512,1089
1540,1078
616,2679
253,2627
2022,852
3558,2259
1342,1093
1703,318
5884,1341
1118,1385
1102,852
2685,2859
238,2504
3146,1002
5095,2578
2447,1001
680,1159
3085,2978
2340,2824
3818,2563
4157,2029
4556,2300
4286,2439
5852,305
249,2104
4879,2953
1109,518
448,1001
3354,924
186,1001
5303,248
1738,1443
2760,185
3503,458
3899,458
342,1514
1920,3177
1988,837
5847,2563
1941,267
3503,1397
5060,1429
5738,1115
977,749
5509,1255
4879,859
1848,1207
4093,1613
1211,2084
5736,1419
612,1001
3874,751
5113,2194
2552,771
1496,755
3380,1182
1217,1340
2065,3127
2280,837
2199,3127
2142,2593
810,2679
2928,1058
1216,1115
4299,2620
4645,813
5295,895
5806,845
4400,982
2713,315
3976,2906
4012,2563
4308,1393
1868,2963
4824,2441
3998,413
5750,1475
202,3173
4612,1804
548,1366
940,2910
3531,1701
2877,3163
1542,2978
5571,2641
2913,376
3890,1819
4172,751
1548,514
2678,2953
5558,1655
4195,1866
5052,3015
4255,1917
1232,1217
2154,2953
1743,1921
4995,2481
5513,192
1581,3091
5280,2842
4877,1671
887,1182
5016,2769
1666,920
5023,1496
3942,639
2872,725
1915,1624
4176,2563
4489,808
4093,808
588,2054
3425,120
2723,602
3198,895
3979,1460
3991,531
5779,1250
713,1002
4013,290
1654,2788
4228,2164
2965,135
5482,2195
2374,3077
4390,1179
5765,39
1795,1680
1869,1629
2979,972
4209,2861
4331,572
420,376
599,2593
828,201
3961,2759
5164,573
5869,2082
1923,1865
1940,1280
4896,758
606,2983
1948,2861
5482,101
4155,2975
2261,1860
4017,3041
3592,2111
2530,1496
4440,1646
2580,859
71,2824
4505,2041
2327,413
4973,1917
5389,1041
468,16
1149,2629
1223,2578
2850,1851
1649,700
2788,973
3724,2415
2633,1624
2180,336
4434,296
385,920
882,972
3373,845
773,248
5269,1097
2399,639
800,2825
2978,1255
497,2824
1882,120
1646,1341
3645,2472
2320,2975
2344,1871
3939,2195
688,2769
215,859
1471,1717
3754,2415
5218,4
1634,957
2480,1917
2819,1383
2590,1523
551,27
5570,2149
1590,2348
5000,1996
2419,1641
4680,2580
516,972
3637,2769
1154,2949
56,987
2829,758
5890,2504
248,1157
2046,120
1650,120
382,1157
3004,1513
5845,1041
4970,2504
1777,3113
639,2476
5591,2622
4068,1420
4765,1348
4147,2467
4460,712
4238,1831
126,413
3842,1831
671,2199
1743,1250
4045,2190
5948,2859
3401,2088
2035,2590
2993,573
4462,2478
3023,1913
3025,296
5158,461
5829,2386
3649,3129
2859,758
2320,2170
2449,2580
1248,1429
4651,2350
2125,1702
2608,358
2749,2283
5101,2586
5183,2396
439,2199
1879,1646
4541,677
5716,2859
1041,2267
669,409
5490,826
937,1917
4973,307
2397,296
3240,1739
4904,1668
4212,2838
5523,185
3823,1565
5657,185
2597,2047
4815,2350
4937,1027
4252,924
100,639
5024,1935
3314,2627
4995,1005
5100,267
1738,101
2656,2627
2305,1646
228,824
1446,1390
2425,250
3705,1694
1406,1025
45,1871
3228,574
4479,1088
5,2472
3824,2325
553,1523
3509,1001
4078,1683
4026,1493
3816,1683
397,983
3138,307
4094,873
1778,789
2301,2062
5847,1571
3832,1627
2027,1493
623,1703
4752,2536
4969,1073
2319,2833
416,2164
5932,366
1276,3022
5431,2824
5169,2824
1303,681
35,2472
1413,1041
2638,2586
1807,214
4513,1207
2667,1072
4205,862
1760,2088
2066,1606
3525,1103
4764,2546
1159,2622
259,645
385,1538
3633,636
1792,845
4452,1493
2652,1703
4156,411
5694,201
3863,1098
4290,411
5127,319
4198,822
4220,1335
2995,3008
2453,1493
5758,1125
5164,386
4505,1504
4202,1695
88,1702
511,307
1536,2730
786,2232
2825,318
5631,2481
2224,852
1663,2505
5920,140
1028,1765
3703,1001
205,8
1132,2088
62,1420
1819,574
3307,1001
110,148
1708,3187
4105,981
5191,2182
5913,2352
729,2637
3029,498
5704,2178
575,2170
2715,308
3570,822
3766,2454
1536,636
3155,2300
1794,3146
3088,1078
2164,2679
529,482
1749,1683
3506,837
3924,1350
5307,263
1143,2627
2215,924
1979,2145
439,1528
4176,1571
413,307
2032,1971
5093,2963
5346,1157
2534,677
5374,2424
921,713
1444,2740
2177,1571
3760,2824
57,2365
4749,120
5107,2080
1144,4
5046,1804
4258,822
5111,2953
1778,1273
2554,740
1484,826
1828,636
3347,376
826,826
3321,3127
1428,3146
3966,2111
5372,284
4714,284
719,205
851,1822
1142,308
3869,2178
5486,3015
5376,1157
5688,1429
4998,982
5478,2373
5194,2614
2909,1089
734,2176
4836,2906
4872,2563
3258,2963
4858,413
2263,160
4517,120
4412,2578
582,92
3885,3061
4210,2629
4105,1115
1990,1
2544,1341
2817,2439
2421,2439
4096,248
1713,2352
4187,366
5861,983
4431,2978
5164,1809
4770,192
2638,1915
5568,172
148,924
5363,706
5509,2975
160,749
1092,3173
526,318
130,318
4547,120
4285,120
5247,2975
5562,1855
527,920
2435,2495
1284,899
88,92
243,1915
647,1776
1010,1828
2020,1
2447,1566
2574,1341
2605,2906
2271,1340
3037,2563
3379,2300
5617,973
2532,1115
4529,1419
174,2495
1929,822
3954,3174
4267,1419
1041,2080
645,2080
3644,2194
5000,1004
2949,1403
5353,2620
452,2439
2064,2178
3490,1727
4020,2481
2256,2348
1709,489
3362,2481
5532,1804
5354,2441
2936,2080
2805,2563
2409,2563
3044,859
3264,3077
5881,645
1949,2578
2221,822
5662,1281
2083,2578
3155,1629
937,2080
4297,1419
1150,2373
3607,972
1069,1253
3674,2194
4551,2467
2359,1695
3310,1917
4055,2825
5082,413
2157,248
4951,896
1895,248
2860,2620
1169,144
3932,1671
4990,824
5188,2529
3599,2959
2525,1583
4507,855
3990,336
2792,2866
1429,3077
238,2614
1587,253
2430,1696
219,120
1100,1855
2115,372
3941,1383
977,2953
1316,3173
1753,3174
2066,1419
3200,1348
3885,1451
1555,2435
4981,896
2353,2415
5007,1528
637,1572
1387,2824
358,2157
93,2640
1423,2481
3135,172
4931,2472
1003,2861
2510,120
5071,789
5313,2766
3217,1702
2126,3163
2637,3113
1496,2959
1511,1547
4238,973
1980,305
22,895
2425,2641
548,187
4207,2791
1189,2435
5924,826
3871,2842
1999,1486
5096,2889
2938,193
4779,738
5555,205
5584,1697
5658,1646
90,248
2619,413
2051,895
3374,2975
3047,2580
3656,409
2634,721
3513,1821
5662,1765
4626,681
4643,96
372,2563
1007,859
5181,903
1160,1855
876,2096
1353,2435
2731,1004
2831,2174
4703,2032
4842,2376
2256,1677
4441,2032
5090,2478
5260,2889
4191,1103
5571,307
3339,2580
2138,1429
1040,1157
1976,2791
4918,2371
773,813
3390,825
513,2394
4250,1683
5422,1904
4859,2730
3336,1528
2608,789
3427,1646
1234,3093
2989,1420
2402,1852
3159,1831
5442,2529
2460,1830
2940,2467
1295,336
366,839
4017,1862
460,2918
2637,214
3363,1072
3497,1072
4973,738
5071,1273
983,249
587,249
2607,2257
807,2467
4439,2494
4859,636
2419,2206
2622,845
3107,2580
3420,825
5887,1078
814,413
2772,789
1010,1291
227,845
683,896
2393,204
5461,677
3179,2833
4803,677
5345,2946
522,1702
2828,1852
5772,2259
3237,2811
2232,2730
3655,318
2163,681
170,1250
3200,677
5132,2838
751,249
5701,514
608,2415
5771,1253
931,1348
5850,2300
377,1728
3625,826
5568,924
84,2415
5172,924
5251,1217
4234,2627
1190,296
3967,2283
4464,3089
2979,2371
4901,3090
1599,2975
2232,636
814,1702
1991,2267
3491,1765
1371,307
3353,1831
3826,1489
1190,1235
2365,1165
5273,1915
5006,2325
1238,717
5527,2963
1048,2283
1468,1179
2941,574
2925,41
1206,1179
810,1179
626,2590
5313,1
1006,2811
5898,2906
311,1266
2274,2740
696,1831
5130,1048
1589,2637
1248,2344
5348,2439
5007,2146
5482,2439
3546,1822
2142,2032
4692,822
2639,2838
5599,2283
523,2842
1302,2580
335,2791
1615,825
1656,826
4270,1129
5453,920
1506,1821
4331,816
2003,2627
5303,1915
3832,903
3135,1729
5437,1915
3537,955
5557,2963
5581,1105
882,2371
56,1097
5011,1514
852,250
5907,2029
3438,1915
2304,2740
5635,1341
5941,859
1999,2104
1722,1072
5512,2439
302,749
2234,2910
2308,2859
3144,3131
1936,1001
2688,636
186,574
733,3187
313,2601
2715,739
3245,1493
3446,1217
94,1739
5574,284
1169,307
2129,2335
2843,924
446,3130
5587,2963
2834,3090
4155,1125
1368,3176
5707,813
640,1683
4623,1001
5802,2393
1147,3177
5507,1
5111,1
5696,2906
2430,2448
415,2504
456,2505
1017,852
234,214
1442,92
2851,226
5475,1217
194,815
1159,3187
5476,1819
3736,2080
4176,2352
1449,482
3543,2439
3939,2439
5286,1695
5420,1695
5422,2522
5872,1038
5347,2348
4838,781
3143,2505
5218,248
5751,2963
341,461
2751,2624
2622,524
5017,1655
4014,2963
5810,1291
612,924
5803,120
5882,413
703,1042
2573,1571
1601,2192
4347,140
5307,2922
1546,41
5040,2578
814,92
3295,2495
3491,155
4663,376
3004,1757
595,2448
3239,2563
3148,755
629,2032
3542,120
4027,1855
768,2376
4923,2178
2903,924
3049,2439
2796,1993
4699,972
5530,1918
5767,813
2652,524
3782,2963
2722,2983
1982,3173
1053,266
2338,2054
2746,1125
1228,267
3556,176
2422,1001
1049,524
3060,2978
4137,2373
5680,2507
3796,2080
2378,140
1397,1207
3336,1341
5468,372
459,2910
2608,602
3475,2439
3795,1855
4330,2953
2752,2044
3941,1680
3522,1696
4205,972
1080,2439
3790,2450
3394,2450
2069,2953
3528,2450
5947,757
3564,2861
5355,845
1709,920
1884,3173
158,1642
4227,172
1350,987
5257,2939
3998,120
4483,1855
4156,1460
3235,2578
3078,120
2973,2578
3434,1475
2685,2111
4982,1953
70,482
813,1
3278,181
3092,957
2099,2953
2914,2348
2245,2778
1006,1335
435,2300
4879,2205
3848,1465
551,1694
3586,1465
2144,1383
5766,722
726,1695
1636,2670
311,3173
3200,1429
149,1125
920,248
3449,413
2962,2769
4251,1855
5513,249
644,2824
597,2978
1590,982
5360,973
5390,3067
541,602
2944,2348
3419,2641
1149,458
2004,972
5524,2478
1775,920
2993,2240
1327,2450
1628,1624
1678,987
4436,2924
5689,101
3479,413
5031,101
5699,789
5091,152
1149,1397
4912,409
4018,1630
1494,2563
3056,2939
4794,1851
737,140
1542,1291
1628,2563
2416,1855
4811,1266
258,2357
989,1115
1438,187
1238,1819
3547,1486
5035,1913
5510,2206
3691,2174
1948,2918
714,1819
50,2593
4847,1862
3768,142
5440,3130
5798,2838
1770,1865
1775,2209
2083,110
1121,1419
2162,1157
2986,2358
2621,1671
214,2435
1499,813
2757,2498
4011,2529
4118,1460
2154,2205
4284,409
2923,1255
4141,1821
1906,413
3384,152
2950,3078
5696,1780
3903,717
4025,1646
821,2820
3553,2590
4210,645
5523,2791
3883,250
27,2959
4912,2637
4153,1831
5011,2616
1685,1353
4273,435
2163,1917
4133,2118
5299,2494
1125,198
4485,291
4041,2529
5457,1390
2557,2975
5831,1042
327,1157
1674,413
5132,1041
4994,2797
1321,2769
3547,681
453,2959
1917,2800
5112,574
1533,1871
382,275
4527,1641
5229,1913
3582,2365
4284,2637
5623,1278
3907,435
2267,1866
2241,645
1888,1281
5329,2494
5615,636
5811,1514
3230,1913
1473,2759
3778,964
194,1917
3726,2494
402,2620
5844,873
4364,307
5286,2797
5456,2454
2049,825
4203,2833
1118,1255
2365,307
4206,852
3922,1093
312,3077
257,172
2101,234
5265,2859
5537,1103
5399,2859
5685,1001
1132,372
1748,2590
2429,1231
2524,2811
3885,1211
1782,1420
3396,2740
5027,1001
1599,2467
1320,3052
1676,435
36,1866
5948,822
4191,1668
2047,2068
5395,3090
2403,1703
2079,825
4075,1493
4818,1766
3061,2612
5549,524
2247,409
251,2959
1729,2698
4305,2709
3990,1385
3372,2504
287,172
3055,2797
2334,2283
5804,1982
4345,41
1516,2590
1416,1420
3596,677
5203,826
2622,471
2362,1298
3164,2740
2479,2637
2864,2448
3766,1088
4712,966
4936,482
345,1281
2506,296
3433,2376
3791,2838
5582,822
1974,435
1074,2622
1855,3187
3825,1668
2211,2068
4954,1253
5341,1699
5506,1766
3682,1390
889,2842
901,1913
3134,996
4151,148
5911,2983
4378,339
2361,2766
201,2441
2529,2350
2472,1816
65,2580
4810,2413
2398,2833
3745,2089
5834,1982
5376,2824
111,1235
632,2627
2910,2981
2156,267
1877,852
879,2504
1457,266
1230,1041
1925,2586
3403,2325
4296,3131
2040,92
1718,41
3729,2495
4416,981
4717,155
1203,2601
4403,2439
332,830
1882,2889
4022,1027
4485,3003
3733,924
2668,600
1169,738
4674,458
732,1703
3345,2505
95,2580
3008,1422
3290,354
3844,1694
4009,41
4140,524
2166,2833
989,3022
1058,2627
4096,1915
2508,318
2012,2366
1305,2504
5701,1429
1124,214
1260,1041
711,1765
1748,41
2641,847
4886,1253
1240,574
3929,2906
137,712
4681,1787
3617,1099
4577,3127
1628,2376
100,830
3842,1217
1743,636
3976,1971
3592,1042
5846,248
42,825
954,1873
238,1703
2067,3177
1843,1217
430,2627
5344,2481
1261,1801
3210,1125
3654,2859
4182,2978
5288,859
4973,1787
1817,3187
731,2740
1598,2325
5452,2953
3991,2629
634,2807
3407,2578
1177,1514
3426,376
3469,1766
4255,1921
5418,336
1328,1683
3962,1110
460,1873
825,308
1928,924
3115,2177
4151,1571
4273,248
4846,110
3615,248
1261,3090
812,1766
865,3090
2694,1366
2157,1915
3375,2481
5161,2373
5701,1563
957,1366
4200,120
1483,2910
5817,957
4151,1921
1603,1514
1701,2049
4037,1819
2294,2563
2638,3127
1144,411
5805,2825
707,1376
2185,1115
1775,1217
4239,987
5939,573
4588,2861
2012,2850
978,2593
3939,2415
1033,2300
5663,1429
771,2300
375,2300
1707,524
2419,2450
3143,2481
2238,160
4967,413
908,319
4571,413
586,268
1171,3173
4918,1460
4080,1115
3863,2578
1984,2495
2772,1033
3350,2959
3486,376
707,1726
5824,973
2324,2563
2257,1341
1916,1048
460,1068
1468,2578
2215,1115
3161,27
5298,2620
1478,822
590,2080
2794,2485
640,1443
631,1889
4986,813
1018,837
5605,296
639,252
2332,1865
2745,1280
2829,1917
5718,173
4663,1291
5415,172
1676,248
2605,2963
5215,1804
4960,2975
4473,413
502,920
3597,1496
90,1915
3020,172
2025,1341
4146,957
1587,1115
3846,1419
3987,2590
699,2373
2256,2405
833,3127
2894,972
1564,1131
5597,4
4640,1465
2859,1917
2933,1866
4101,2877
2998,3015
1231,3173
2626,1157
4601,1702
2359,813
4150,2769
3754,2769
4473,1702
4208,2939
722,263
2828,1291
5025,717
3306,1855
5721,1918
258,2788
1046,2080
4134,3175
4108,1954
1880,1717
1023,376
3411,336
5627,4
5680,1328
262,1217
2839,110
1915,957
4857,1291
5089,2580
3836,2959
4851,722
754,336
773,386
5322,307
4348,101
3943,2267
393,330
4151,1250
3941,1440
4531,717
2879,825
5162,1523
2101,531
4952,2467
788,859
5144,2637
194,120
2375,2985
2578,2590
2774,250
2034,248
4090,1913
3004,712
3453,2790
2066,2415
827,972
1655,1383
2883,2637
2749,193
1097,2553
1799,2825
3907,2960
412,2450
749,1281
4388,789
3870,3078
1876,39
2960,413
5090,307
5116,1528
3854,101
4929,2833
2527,531
178,1465
4175,681
4309,681
2218,2405
4419,1041
5200,852
4553,1041
437,413
669,1702
2195,3175
2761,1866
2792,1179
4031,2622
5084,677
899,2918
1718,3021
3858,1913
1284,285
3166,639
72,665
139,2641
4681,2889
2260,2257
2910,2339
97,2415
5224,2350
3371,482
4697,2833
3252,3042
260,1655
5569,318
1350,2975
111,1532
4519,1780
4321,1041
2963,2350
4138,2088
4477,1554
2376,2590
4852,677
2185,3022
545,1235
4382,2448
4084,2791
3082,2981
2962,435
3442,1072
465,717
4288,2032
4293,2376
4555,2376
4973,2889
127,2415
3074,2339
3365,825
3427,1703
4198,826
2547,2822
971,296
1912,2082
3822,2232
3364,600
5231,2366
3419,307
3570,2920
5442,2586
1391,101
2602,250
1635,461
2215,3022
618,1871
2564,3176
360,1081
3338,318
1999,1677
115,1250
4263,2325
4318,2032
5751,308
1645,2088
4238,1514
2189,2740
3140,1996
1531,2740
2720,2376
2861,137
1603,2616
2458,3130
4280,2679
4989,924
2747,789
207,435
4407,2454
5162,852
3851,2007
955,2580
2400,2371
5638,781
1653,1390
4108,2572
980,358
1054,307
1587,3022
4817,1571
4822,1915
3896,2689
3433,713
4951,1571
2879,1093
5482,1207
4484,2859
5618,2788
4960,2788
1281,471
5689,2439
126,1385
465,851
2488,2376
614,2637
2980,2838
2732,2736
2665,1514
2269,1514
4113,822
493,2118
3485,1253
3960,2300
589,2580
1360,1703
2368,1493
702,1703
1552,1873
2703,1217
5301,987
2758,924
4981,1571
3136,318
4118,2859
2960,92
3999,2413
3161,2068
4276,1001
1987,2740
1190,1642
5116,2146
682,677
437,92
4143,822
2856,2371
4714,1577
118,2032
1102,482
5710,1572
2733,1217
432,3131
1817,2679
2540,822
3166,318
4737,248
5657,1157
2121,3090
3833,781
1092,3177
5856,54
4199,2824
5596,1443
527,924
1611,1298
3937,2824
5415,2563
3524,965
3417,2788
5614,1460
3406,155
4316,376
4758,1475
3340,1787
2533,1
3679,1253
1948,1068
4255,2352
1325,1843
2763,1217
5423,1865
383,2838
2556,924
5949,1157
4259,781
1702,1766
5482,1691
4651,73
1848,837
423,924
2503,2983
4554,140
3697,2963
1271,267
3301,2963
4791,1773
469,2797
2031,3173
5051,946
4388,602
4467,895
5579,2563
5797,1702
1155,92
2051,2859
2337,1001
2975,2978
3503,1377
2851,1222
3971,1253
3410,2906
4353,1547
4606,1993
4151,2352
3513,1341
3688,376
4965,2111
3662,3127
4507,2953
5854,2209
5174,1696
2531,1217
547,2838
3164,2850
4702,2640
321,2495
3310,1921
5593,2811
789,2371
887,2906
2661,1475
145,2269
3452,284
2755,1110
2189,2419
3163,181
5862,757
5461,413
4203,2138
5657,1291
812,1042
1536,319
3066,248
3475,1207
1016,283
2146,1002
3600,155
2903,981
3476,2563
4030,1429
2008,1068
1686,1017
4986,305
2885,1341
3024,2439
4872,957
1350,2788
2609,3163
3163,531
1339,155
4847,2590
5255,2415
917,2906
3467,1696
4150,972
1316,3177
3601,1696
545,1048
4031,1280
3635,1280
3719,1917
4115,1917
4879,3067
4254,3015
5949,1291
2091,3173
3992,3015
157,185
229,2505
1898,2778
3381,2861
4322,1429
2732,2415
5158,1701
4198,639
868,920
5746,1871
2162,2824
2599,2825
1496,2963
5861,1821
286,6
3760,413
972,2963
2717,602
4305,2953
755,2736
4932,2297
1305,2614
1233,1048
2014,859
3017,305
1382,2080
3631,1696
1451,2439
4145,1917
2641,957
3403,1280
3458,987
3673,2861
2532,1953
2544,1024
2864,248
503,2111
4641,2498
4656,1840
411,2522
251,1109
3269,1465
784,1572
3790,413
469,248
3449,120
2747,602
4956,789
255,1982
5565,2590
3013,721
4909,973
65,2824
5245,1831
4528,1281
1613,1804
3626,2641
4004,1281
2147,957
5301,2894
1509,700
5731,2478
1138,1696
2955,1655
1568,1280
1172,1280
1289,1865
4104,172
3486,1291
5248,789
1046,2861
5876,358
633,248
237,248
1815,1157
2856,895
3394,1702
3656,1702
3671,290
4867,1097
4340,1580
3545,1871
432,1655
1383,187
3652,1179
3991,645
5548,677
4144,1641
4629,2622
5259,574
4980,1913
1363,2164
4004,2570
5718,1088
1893,2918
535,63
3847,2586
2381,1918
3189,142
1458,2963
4144,2580
95,3174
1100,249
4149,2924
4471,2975
5140,101
3861,1703
5412,789
5399,1493
3933,825
4714,1390
218,3015
1603,2563
2458,3077
3836,1646
1341,2563
4662,2920
5799,2366
188,140
1802,1460
229,895
1807,1804
4078,1179
3816,1179
4810,2791
3956,435
1803,1281
5249,2838
342,957
3496,2894
125,3174
1875,1157
987,2415
3986,2529
5842,908
4479,1873
4393,409
4171,1528
4692,2920
3933,2114
4191,120
1278,120
5593,1335
2919,789
5858,852
1723,1702
3836,491
4004,1765
2,2959
4042,2811
2770,2386
2162,2503
5906,519
4471,2170
4918,2859
5675,2838
3760,92
3827,2068
931,2641
1160,249
5718,1222
2901,2842
2913,1913
2987,1862
1474,1348
2391,2740
4425,482
1706,2637
505,1486
3461,964
1995,296
3755,3131
5715,924
4376,2283
4460,2920
4030,892
1387,413
5623,1335
2077,2580
3856,1493
4279,2350
1157,2580
4932,2915
3196,2386
2461,2920
4844,816
2970,2797
5210,2859
4948,2859
2854,2622
1357,2641
1092,3124
3511,677
501,1902
919,2415
5437,2269
2159,2740
5745,924
979,214
1474,2637
4002,1668
5626,2922
4294,3008
3463,636
4607,1253
1066,2842
4820,2300
4880,2351
425,2257
458,2205
4897,1766
3916,2833
7,54
4513,837
3833,1078
2419,600
3804,148
4167,200
1114,789
718,789
751,737
3015,1385
2041,1179
2182,2350
3240,1503
5506,2978
3252,574
2930,523
1927,1831
5748,2511
1665,1831
1269,1831
2236,2586
1007,1831
3244,2376
1112,1093
749,1041
5659,2439
5661,822
4219,740
4699,2131
5399,822
3654,1493
2969,636
4951,2352
5259,253
2778,1822
5262,524
3256,2386
551,275
3648,924
1406,789
4362,267
4859,319
1223,1082
5426,366
1554,2350
852,2832
5059,2824
3476,1571
291,2041
4403,1207
4425,966
4131,519
5920,120
3518,1982
4836,308
2033,1072
4645,740
5553,2578
3323,1514
3844,2906
5914,101
3488,1581
4618,2300
5399,2111
1304,862
3282,924
3320,1216
4755,319
976,2494
1174,789
3992,2023
281,1703
1000,636
4223,458
3109,1935
2095,2300
2429,1422
3088,1058
3427,524
3907,1915
345,2627
820,2920
4827,2824
501,2386
1299,2366
468,748
2524,2413
4675,740
5490,135
3353,1514
4831,1253
5619,318
5691,2111
968,2791
2566,2824
5386,1475
5599,2522
1234,2910
5079,1732
4423,2367
2704,2007
899,1873
1814,2438
274,1821
1394,1852
1884,3177
3295,1694
4035,2450
91,2114
2524,319
4071,1915
4169,2450
5289,2481
5776,879
2016,852
3333,1397
3469,2978
1676,1915
4735,2080
1805,1571
3453,1
2942,1017
3317,140
3812,2563
3308,1340
4115,120
4160,1583
4420,756
5263,2199
3278,2629
4758,751
3307,1115
4417,458
4155,458
5010,972
2551,2300
3621,524
333,307
374,308
54,892
4612,1865
2688,319
2731,955
3560,248
4107,2861
1361,749
5117,280
175,2350
1653,2089
5130,2959
228,1422
3609,140
305,1642
4190,1583
3842,2563
4171,1341
4238,2563
3085,140
4310,2439
4303,1460
4764,1855
662,1125
1500,2224
3502,1182
761,2824
3624,2111
4185,458
4644,972
4656,43
4997,336
3833,1696
2627,201
1586,1217
1391,2439
622,1699
2231,1921
4772,1157
3724,248
4954,639
5033,932
5093,983
5294,2959
1341,1571
2258,2963
1862,2963
2294,2620
4729,1460
1206,1346
1612,2788
2665,2563
2269,2563
3666,1182
1386,1
1940,1341
3258,3077
4180,1403
4259,1696
1678,1341
1817,2439
4157,1419
1655,2111
3895,1419
3690,2707
3943,901
746,2300
5529,1671
2184,920
1477,1058
4801,932
4553,830
1691,987
3957,18
2282,2394
4758,1235
4801,1871
2538,859
5413,2627
1509,192
2746,808
2825,1855
94,2495
1136,1115
565,2080
3784,248
3529,1419
2163,1921
3937,490
1161,2111
1672,2815
244,2439
5280,4
1725,1695
2943,3015
4772,1291
4710,413
5331,2975
5876,789
4448,413
4183,896
4346,2580
70,2259
2625,639
3129,172
4290,204
1747,895
57,2963
570,330
1406,602
3130,3026
3725,957
4172,1646
884,1429
2042,1752
4950,250
729,2080
2174,1871
4008,491
3354,1953
467,2080
837,859
1563,1717
2236,305
3798,681
2454,1696
3846,2415
5326,2981
5408,2791
3983,434
2100,2861
2518,2620
228,751
4010,2257
5634,101
18,1695
367,1849
2163,177
4419,964
5229,2267
1963,1809
2259,639
2691,296
5060,2458
2527,1393
20,987
2162,706
235,2861
221,2963
3127,3078
3523,3078
1174,602
1795,3164
3111,101
587,1034
5675,1041
1129,859
3597,748
2198,1302
2231,1250
35,1460
5704,2910
1628,957
1232,957
1311,1250
1645,372
1695,2933
1865,2590
3701,2791
1034,972
1471,973
1235,2194
1978,2467
4174,2257
2721,296
1540,2241
4773,307
513,2963
638,1157
5275,3177
3680,409
5290,1765
751,1034
2766,2698
1117,3077
4756,1831
7,1290
382,413
793,2199
3823,1626
526,1855
130,1855
1999,1250
579,927
5837,1345
5309,2946
1811,1953
362,700
2757,1831
5341,1703
4396,2427
4808,2371
5859,2797
1943,2257
2622,825
3133,1529
3854,1097
4779,852
2236,789
5555,319
4598,1780
2029,1250
1232,152
48,2580
4401,677
1837,491
1269,973
5259,2428
1496,1918
1867,1831
21,1696
2332,2190
136,1646
2645,435
2710,830
5288,1668
640,1179
60,2590
2140,677
5517,185
4457,2679
2120,964
2101,722
4112,924
81,434
504,1291
2083,1082
736,2580
2375,3176
5259,334
551,2800
4448,92
4711,2946
2433,148
2221,2709
2555,1831
43,1081
2608,903
3437,2448
3867,2032
3244,2807
5061,2012
4027,1001
3631,1001
4013,1103
4445,1514
1284,2570
1189,1744
1585,1744
3510,482
4800,924
4827,1027
498,1072
4538,924
4290,822
375,2170
1079,825
2849,1904
3568,837
1467,1873
3991,1694
164,2889
2277,924
1566,1852
2917,318
4818,160
1609,236
5425,2824
3976,2325
29,2472
2596,677
416,1420
5039,2788
4956,1033
572,1179
472,9
367,2467
4758,1048
4904,2563
4909,1217
614,2344
4568,924
2346,3131
5646,3173
3430,1253
3168,1253
3202,837
1134,1821
1089,358
194,2889
5380,987
901,307
4294,540
1713,185
2759,267
4390,248
5581,2963
4524,1002
4176,1982
3825,1001
4324,2634
5382,1033
750,1831
4139,2100
3384,1258
5184,1048
5199,2080
873,2396
5856,1855
5140,2439
401,2586
3295,1186
64,1503
3460,1253
84,435
2899,2906
3573,376
460,3166
128,2427
1265,1873
5637,212
5651,110
5014,987
5389,110
1108,1889
2906,852
2510,852
3718,730
4752,987
4705,2861
5335,813
4065,1777
1052,1765
5360,2563
3350,2963
5337,859
5084,413
5170,2439
1892,2910
1966,2859
529,677
3865,376
3379,1422
758,1668
1508,2920
2580,1217
4565,2450
4450,248
5379,2963
5632,1157
4215,2825
502,924
4552,1464
5390,2563
5376,413
3686,2481
954,267
1802,2054
3958,725
3975,140
2722,2963
4758,1532
5114,413
5398,172
5520,1855
1743,2413
838,92
2020,1001
2061,1002
3119,155
3888,895
650,41
4365,2769
2047,2824
2508,1
2556,981
2308,879
3129,2563
5576,2164
5643,942
5930,972
4677,1351
2595,2629
2939,2439
2206,602
2390,3163
2290,1993
2531,924
29,862
2610,1217
3532,2953
5583,110
4239,1125
560,498
1074,2439
1729,2865
3410,2963
2047,3174
3162,2861
3148,2963
5144,413
3024,1207
4882,413
5376,1702
5438,2580
5025,721
3159,2563
5456,2405
4014,3077
1815,2824
3293,2563
4640,1819
3200,120
2804,120
2883,413
3428,2199
2812,1701
2707,187
2051,822
5697,2467
1636,2300
433,514
5400,2446
2403,715
3528,336
3798,1917
2774,2348
2645,248
525,1042
4974,1291
1221,2435
4215,2959
5643,137
2776,2394
3585,2563
4968,722
1747,2481
5386,1235
1451,1207
1583,2824
103,6
170,1982
3279,1702
2527,2629
5803,1523
5414,250
457,2978
405,2788
2556,1115
1589,2080
5252,1420
1272,2373
1647,1496
3428,1044
4562,973
563,1684
738,2439
2420,1419
2215,1953
2566,490
4202,1569
5024,1943
5915,2114
581,920
4117,2959
1295,263
3757,172
3564,2975
484,987
3473,413
4891,101
3526,239
5231,3175
3586,290
5566,1179
1206,1911
2462,2769
5294,491
4301,2487
5910,2709
794,2906
1351,1511
370,2578
2488,957
91,3163
2987,2590
3100,2467
3523,2570
5335,1431
2475,2415
4020,932
179,2983
413,181
4207,758
5750,1646
578,248
2909,2118
4659,101
3241,413
316,248
1102,1157
2654,845
3473,1702
2819,3164
5596,1179
3908,263
3992,2267
5024,199
4231,2283
5282,2709
464,2563
1176,2045
1066,187
3679,989
797,1460
3815,2570
3531,2811
4448,39
1621,409
246,2111
5330,2376
4213,2616
5426,2838
2406,1655
940,987
2872,896
2519,2498
3441,824
3482,825
2178,2959
5096,2145
3611,1235
629,536
2766,3129
1069,54
362,192
4500,579
1334,1291
1351,706
2824,101
2488,152
127,2769
3294,2467
3447,2709
3063,1780
3486,2637
2727,1831
2010,1281
4243,1862
4267,2448
5346,226
3871,4
5585,2494
5376,2320
2566,1913
4293,636
771,2467
2151,1671
5508,1493
4637,2920
874,1656
4375,2920
4972,924
526,192
1720,172
1527,2975
3683,1646
4488,2797
1012,2529
1934,101
2824,1390
5704,92
4506,2622
2720,2730
2555,973
1118,1235
3415,1831
1608,870
5040,277
463,2472
2373,2622
4909,1514
4957,2494
5394,2495
2345,574
4632,482
5707,740
4000,1703
1558,2446
5300,2833
1902,4
4679,1237
5584,148
2521,1739
1394,1291
248,39
3596,307
5272,2505
3725,717
5588,267
4277,1422
1302,1702
1,2791
3566,2350
1102,2580
3700,2350
5543,524
1546,2062
3354,1713
5570,1381
5808,41
4885,524
4527,816
2483,2386
3825,1298
5019,1278
1378,1697
5153,2032
2966,1042
889,2472
4485,1344
2050,2504
2384,1626
1990,9
3473,92
4655,1001
3495,605
1444,1004
167,2487
1318,1831
4143,826
5836,2439
4081,1668
4072,2114
2635,2376
5166,924
5259,1115
3208,1514
2540,826
1707,825
444,2206
4436,1078
5835,524
3563,924
2597,579
3736,852
4474,781
2693,1041
2297,1041
3839,41
1328,1179
2505,1744
5767,740
5569,1
5794,2563
2888,2448
5935,2044
1449,2637
2230,2448
3056,2032
5210,822
3849,1668
5077,2922
5289,1115
306,2622
249,2088
4115,1787
4058,1253
3003,2371
2303,482
2382,1529
3808,1078
2884,2679
652,2478
3197,924
4479,3003
2259,2627
1163,738
3239,1335
5615,2978
2031,3177
4223,2259
3667,92
40,409
1504,250
3555,1571
5824,2563
4222,1068
4084,2824
3310,986
5865,120
1930,92
4194,740
3879,1668
1255,677
5052,771
5112,822
4031,2439
5113,2178
3163,2629
4305,3173
1034,2371
5383,2978
433,461
4984,263
4588,263
2418,1694
1286,148
3724,1915
23,2283
5856,192
2760,2397
5272,895
5451,2358
4993,1480
2856,2859
275,2504
5010,895
5726,2563
2341,2413
4490,859
3036,1514
3989,2563
4978,2111
3691,2906
3403,2439
3606,2044
5736,248
1857,1253
5651,1830
2091,3177
2206,3127
3543,1695
5437,366
700,1340
4826,966
903,1699
3807,987
868,924
1121,3090
2552,2983
959,1042
2442,1125
5558,2578
107,1765
1053,677
4625,2373
655,816
3757,2563
3394,2511
4545,1855
3688,514
5613,1696
3500,1217
3672,1701
5907,1419
1199,3131
387,1001
5217,972
5022,2194
1689,514
739,3146
2434,1422
2234,2300
4144,2450
1568,2439
5548,1486
5565,1655
1308,822
4608,110
5346,39
3642,2963
3243,248
810,2797
1746,267
101,2300
440,1766
4172,2963
5581,845
4297,1911
551,816
3166,1
3720,1341
5038,3077
3921,2563
3525,2563
5853,2472
5920,1250
1320,2495
1912,155
3084,376
5014,1902
5425,490
4871,1624
3341,1695
760,1340
2176,201
3165,715
4431,3015
501,2577
3273,248
4642,482
2724,972
186,1253
4541,177
5349,845
2462,972
4336,1465
1476,1695
3334,1655
4798,1496
168,2367
1947,1280
4213,2563
302,2367
536,319
665,3173
3865,1291
4452,859
2590,1157
1456,1982
1817,1207
2192,330
3596,120
4286,3041
1612,2495
5450,2590
736,2824
2587,859
5627,1728
4319,1646
2765,1131
5394,214
1433,1217
1106,822
3960,2467
2754,972
4619,1157
5815,1964
4309,177
3263,849
5269,2959
898,1058
2121,1968
3090,140
2200,3015
1575,2963
326,832
1723,2861
2664,1429
3416,310
3941,3164
3999,2580
4350,1871
2612,2959
2230,1911
1528,2393
2247,2080
848,2634
58,263
1720,2563
2429,808
1257,1341
1768,1291
1706,413
5820,214
3390,2472
1243,3163
1941,1219
107,155
3911,1420
327,2373
1612,751
43,2614
1459,1475
2235,1696
2522,972
5585,2791
2217,336
371,201
2561,1866
1728,1865
954,27
2062,987
3939,435
4734,706
67,2419
5153,101
810,248
1866,2738
4777,753
5257,1390
2380,2959
2647,859
2731,1496
1284,1070
2394,413
2225,2856
3001,3077
3312,2939
3708,2939
1736,413
5177,1626
5635,2504
5948,749
906,895
4359,1179
1331,135
3609,681
16,2080
1036,187
1489,1475
2619,2194
5174,574
4480,2637
3009,1625
3353,2189
1610,2933
4449,1072
101,1629
5393,877
4434,1703
778,336
29,972
1992,2446
3238,2616
5299,461
4115,2889
2735,275
847,2358
1900,413
157,1157
2810,3078
4555,717
4658,2350
2113,1460
1462,187
3415,973
154,859
3590,1728
5854,2376
1379,152
2277,1302
4875,1072
5276,2170
5325,2032
1810,2590
1669,1419
1395,2348
3890,677
1703,249
1961,2759
3518,2791
92,920
1067,1728
5582,2627
1683,536
4009,2062
57,1865
5287,2679
2950,240
4870,1078
4956,2350
3457,2488
580,859
406,706
1911,1302
1916,1646
149,1804
3528,1385
1840,2590
5847,2494
131,2164
2951,815
2309,1348
4864,482
2541,2637
4005,2478
4602,482
2675,2637
5870,411
450,1917
3848,2494
3586,2494
5138,2182
0,2620
2254,2580
5306,1766
2319,723
343,2959
3084,2283
3089,2627
4171,2366
1513,101
157,1291
4252,1042
3639,2505
4479,267
3558,1385
4858,852
5334,781
5411,1001
4327,435
65,1702
2527,645
2064,2833
4101,92
5438,2824
653,2626
2771,1005
3120,1159
3256,2740
2645,2586
1048,681
2314,2981
4601,2889
4298,3080
2259,830
4279,2838
4971,1668
4313,1668
3055,1703
3440,1514
252,2467
2418,2580
2397,1703
4751,2833
5143,1371
5482,837
3744,2679
3886,1042
1687,789
3984,1385
4364,852
1019,101
4106,816
4286,1915
1982,148
1142,2386
2553,903
2570,318
3757,1571
111,1646
3416,1278
5097,1376
1552,1503
3455,482
1760,2206
1025,2740
1121,2448
3931,411
4824,1217
4070,755
5161,2300
367,296
1915,2494
3699,2505
1409,636
5521,2054
1209,1514
3867,2089
1016,1873
1689,461
1821,2832
2258,2833
3836,524
4054,1915
2657,852
5186,1017
3921,1571
2897,2002
4002,1001
1073,1626
3401,1535
5529,602
601,2570
4624,1
3187,1017
5114,2080
5353,376
3223,482
3966,1
4551,2906
350,2170
4963,2850
1554,2838
1835,636
2597,205
3526,1422
3135,1766
3543,837
5148,1849
1380,995
3983,1109
5607,2363
4781,1089
5008,1280
5753,2188
4734,2963
4868,2963
317,717
1874,749
4255,1982
4568,981
1342,1642
1624,574
3508,1001
4743,982
3745,2634
44,3002
311,148
4812,1341
4986,740
3447,725
2538,1668
4174,1993
4508,1115
3405,1253
1211,1344
65,92
1732,2736
5588,27
2192,277
2428,2439
3006,201
377,2838
5160,2963
1445,2679
41,2889
1758,924
2560,2366
4898,2963
870,2182
5032,2963
4151,1982
5280,813
3466,1125
5564,572
5901,1655
601,1765
5890,1496
4176,2978
2436,987
3303,2824
2138,2084
328,852
2303,1397
4204,1993
2125,2788
3168,155
2636,1048
3487,2352
2854,2439
3936,2178
5548,1917
947,308
2277,1115
5338,2861
2378,1921
2500,2850
1590,185
4529,248
5076,2861
3095,781
4418,2861
5076,2494
4165,2415
2615,1110
1080,837
1424,647
5908,1671
4545,192
4032,2825
3631,2481
4679,192
3545,1017
5866,2199
1750,1571
1475,1366
2667,2963
2939,1207
3119,2306
4568,1115
108,677
4421,1819
3825,253
3947,1182
2457,120
4802,1696
4470,957
516,3131
1966,822
4330,2640
1649,1115
5037,1004
5854,1034
3727,849
2361,1351
5764,2272
2727,920
4821,2877
215,924
3322,3015
3446,2327
3346,1157
1730,3174
4889,1291
3054,2446
3868,2959
2531,981
5344,1871
4876,305
2842,2563
3477,859
2506,2614
1102,2824
4908,2472
1284,2306
4663,2641
5303,1281
833,155
248,1222
535,498
1108,2080
698,2182
173,1048
512,514
1594,253
2017,1110
3516,972
3609,1917
3963,2415
1760,3174
4857,413
1498,3174
3688,1429
2344,192
778,1572
2920,1291
3902,3078
2596,413
3136,1855
3210,1804
5729,1281
1986,3113
601,155
3765,336
4210,198
3503,336
282,1341
4072,2708
89,1700
2448,3174
2735,2450
5362,706
737,1921
5890,825
1910,1024
2395,2759
2056,849
691,987
2508,192
3404,2959
4846,789
3084,1291
5178,1528
1026,2963
1487,140
2626,413
3992,3129
3658,1563
2273,2769
3959,737
2407,2769
2641,721
4535,2590
4669,2590
5445,2811
5345,1641
1496,3077
3726,1697
3975,681
5183,2811
439,2614
446,1341
5255,435
2063,2178
3651,1523
5530,2360
1775,957
2274,2590
5658,825
5262,825
3426,2344
4983,3130
5005,2889
3613,2170
459,987
4530,152
127,248
3950,1563
1763,573
3418,1702
3397,825
4961,2590
5269,491
1569,2959
4181,2627
4203,2386
1471,172
4912,1385
1187,413
5400,2637
529,413
1069,1855
1470,2953
3280,1179
4257,2622
5642,2170
4291,2206
5528,2822
2140,681
4146,2791
4879,2376
5462,482
4908,862
3428,296
4842,2494
860,2620
5029,2320
1211,1157
1672,2498
2689,896
2852,2580
3766,291
4208,1390
2895,964
4800,3022
1470,859
4811,148
5778,903
1366,2199
1032,3077
4141,2797
4444,354
297,413
32,896
1142,239
1190,1219
1775,152
5061,2016
2277,3022
4479,2792
2946,902
2734,2709
5043,2376
3515,830
2907,2637
4380,2032
4891,2736
4615,2838
4500,636
606,2861
4290,826
716,2467
1855,2740
771,2174
3627,482
5220,3177
1927,2616
5313,924
3924,2920
5765,267
629,1532
3244,717
2141,101
621,2580
3224,250
342,721
3098,1831
5013,1571
2502,2709
4808,2859
2151,1728
4410,2032
2975,677
1693,2570
3885,898
3938,2976
5337,1668
5731,1787
526,249
1725,573
3308,2580
1596,2637
2284,2257
3621,825
548,1728
1334,2637
4791,411
3230,2889
4350,2920
3134,2427
666,1949
1041,1072
1676,122
2839,789
1180,2170
2381,877
206,1964
3222,1493
4638,354
723,1702
2275,1390
3383,2350
2010,2627
4715,574
1621,600
4160,3173
3437,2586
751,717
2308,749
3418,92
5564,825
1327,1816
3942,1001
2481,677
3309,1088
776,2467
910,2467
4659,1581
2580,2376
987,435
3394,2889
656,830
847,2118
2757,1514
2147,2494
1368,1066
5067,63
2966,1099
682,738
286,738
3063,1971
2462,2505
4291,1535
502,3022
4657,2824
2401,2791
3999,2824
971,1780
5045,2906
1031,1831
26,2504
1528,2637
5418,2922
2596,226
1973,1001
4972,1115
4631,822
5445,1335
1042,1431
2962,2269
4478,2300
3820,2300
3899,2593
5706,1110
5286,524
5167,2522
1395,2458
2880,924
3766,3003
4179,2418
3014,924
450,738
2609,3090
5028,1397
425,2371
4902,2978
828,1852
3393,920
5642,2788
1564,200
2842,1571
1603,128
3680,2670
2976,1571
5440,1341
1467,267
4777,997
4846,602
5507,2563
5448,2922
899,1503
489,851
3163,1397
3211,3131
2256,2413
4785,2578
2137,1001
5797,824
4174,2424
3773,2080
1882,482
1863,240
5457,1695
4796,2178
3452,2439
2910,924
4030,201
2361,1648
3044,924
1760,2182
3135,1042
2560,2797
5428,176
1522,1078
3320,41
52,2920
2872,1571
5840,120
3801,2034
5604,1341
5671,2563
874,1042
5478,2922
175,1041
2735,519
1763,386
2830,1345
364,1694
2666,2634
5211,2578
5870,1460
183,2622
723,92
2917,1
5778,1871
236,2448
3672,2563
3336,2614
3343,1341
2942,997
3083,2922
3797,1511
3074,924
1790,2182
5419,248
262,636
979,2906
3426,63
2851,2572
523,411
5812,2394
1154,1217
4316,3015
1265,267
3295,2963
642,1042
2853,366
4234,2424
2835,2978
3964,2563
3628,2614
2573,2978
4397,910
3440,2563
4228,1855
3426,413
2846,2578
594,1001
900,519
2985,2922
5261,2641
2603,376
1405,2906
3980,972
1647,2439
3727,1280
1184,1217
3782,987
3221,2640
3465,1280
4123,1280
3186,1865
4207,1917
1278,852
3735,2861
2317,3173
3991,572
4182,1860
257,1766
4997,1255
4940,721
988,524
4735,1255
1521,987
3007,1341
2754,895
3931,1460
527,2758
1981,1911
5520,249
5033,1851
4971,973
3214,1819
1471,2563
4055,2435
2618,253
4674,1918
548,602
1019,2439
3975,1917
3426,2641
413,2629
40,1889
5945,2118
2474,2194
595,2111
4320,639
1596,2450
3413,1655
4660,2959
756,524
3486,413
1490,2963
1738,813
1700,329
2839,602
1476,813
2305,2358
3541,120
4248,1702
5879,717
1887,155
5116,3175
4765,2194
193,2481
4393,336
4608,1456
3247,3056
4489,44
3457,2866
3305,2472
4401,1917
2949,1147
402,376
1283,2111
983,1819
5695,2478
4088,639
2056,1280
2541,3015
2076,212
3650,413
5821,2590
2557,2959
4324,357
2562,859
1875,2373
3771,1871
2033,2959
5330,2730
1269,2563
4294,1646
1713,1291
1403,2563
1007,2563
2047,413
2062,2199
3992,527
1614,531
5747,574
566,376
2467,972
2952,1953
304,376
4578,2344
875,1131
3182,2415
2432,1917
3949,830
3166,192
1483,987
3873,1774
526,2640
5277,1564
2350,572
5106,1682
2609,1964
2325,2959
1857,639
3746,2164
2022,706
2913,3129
444,3015
3047,3129
1815,413
5533,214
159,2065
1327,824
3249,2297
3920,250
1325,1717
623,2199
3534,214
5553,277
1389,2641
919,248
4334,240
5707,1683
5096,2283
2114,830
818,2825
4577,2627
1845,413
1449,413
3397,101
5563,214
2853,1923
1497,3113
4680,1816
1815,1702
4408,1128
5564,816
3958,1831
4290,318
4395,2586
5374,692
1891,1697
1569,1646
1681,2641
1359,2590
2469,1179
3852,92
1023,2641
818,3175
400,972
2805,2791
2010,830
1872,2586
1514,2878
2144,830
4090,2889
4224,2889
4384,892
5213,185
5347,185
5116,2504
2282,1703
1931,722
5341,2622
5575,574
5394,1694
5031,1642
2751,461
4699,903
5507,1571
770,101
1298,2472
5663,2084
5832,2859
3865,677
2046,645
2237,1179
98,1923
3431,1913
812,1266
2059,2570
2761,2842
3169,1913
3950,2478
4547,482
4948,826
4285,482
627,1486
4490,1668
5257,1581
5767,1683
5654,1217
5723,822
1566,193
5709,924
3269,2494
4374,1493
2975,2047
3145,738
3689,636
5234,2351
354,573
1937,2580
2050,1703
639,1496
2566,307
1525,1323
2638,2627
4407,852
5284,1125
3503,1385
5466,2859
10,1702
1553,2590
3939,1915
5112,826
26,1646
5148,483
2901,4
3069,2032
3599,2032
3499,862
4613,1078
342,2791
623,589
4845,2367
3788,1904
4818,3173
3569,1042
2081,615
568,101
3266,1041
3851,1694
2297,1179
172,1821
1345,3176
1378,3124
2059,1765
3964,1571
1479,924
2236,903
4768,2305
745,1868
43,2350
1815,92
2016,2068
2506,1703
5680,2572
1246,1103
3713,390
3522,822
3904,924
3922,1695
219,482
699,1873
2717,3054
2340,852
593,2386
3525,1278
4184,160
1517,2505
4306,1843
340,250
1296,816
599,1642
4496,2906
4069,1341
3807,1341
3552,822
2563,493
218,2889
3683,524
4612,987
3999,2450
945,185
4076,2670
1285,2505
5705,2578
4824,2563
911,574
4431,2080
1501,1571
4562,2563
4173,1290
4906,2373
3976,2439
5227,2953
2004,3131
5409,2435
2828,2080
1348,1514
4316,63
4727,1849
1499,1683
2715,1422
994,2679
3015,1125
5155,983
320,1422
5356,2959
4592,2563
2582,2963
5581,3077
2231,1982
2174,1448
4316,413
4861,2199
3870,2578
4536,187
1311,1982
2717,155
5275,2970
3071,3127
4499,305
2537,2439
4059,2450
4393,1572
1881,822
2906,27
3682,248
3420,248
5447,983
753,2593
548,3127
4151,2978
5596,2769
2490,1280
2975,3015
3314,2481
812,3173
4401,120
889,2639
3900,2578
1620,1397
2757,2563
3392,859
1504,1222
4613,1696
3350,3077
1705,946
1517,895
4712,2641
154,1668
486,155
2375,1680
2213,2850
2934,920
5640,1913
1612,1694
3611,2825
388,3003
3344,2481
1188,1366
5718,291
1870,2861
4468,187
127,1915
3422,859
2525,2563
4163,305
5679,336
4777,1696
501,3065
3051,1855
181,1397
4682,2590
2393,1855
1285,895
5388,2981
2848,2435
5804,1913
2634,1917
3169,3015
3840,968
5220,172
5096,2580
1615,248
2162,2861
3972,895
703,920
1042,386
4187,2769
1647,2415
3581,2959
231,1110
3161,2373
2794,859
96,3137
3274,1496
1006,140
3148,3077
4450,2590
331,1
3820,2194
4506,1179
533,859
5454,2446
5896,2791
2661,1646
801,1613
1441,253
1983,2522
553,1511
3060,1917
4864,2580
4439,896
2352,1830
5325,2975
1536,490
5072,2529
75,920
3349,2959
715,1280
3984,1255
5202,1821
3029,1291
4011,3078
179,2963
5437,2627
1015,2481
3326,2975
1462,1480
2529,187
5390,2811
185,1465
205,1151
3658,681
1313,3077
3988,3067
1999,372
2615,2590
5462,1344
2508,249
106,2111
4199,1035
2115,1486
4945,825
2870,830
3415,2616
466,1865
2732,142
5261,307
911,2481
913,110
4163,789
276,987
2903,2441
5128,717
334,1157
4969,2350
5031,784
4974,250
4074,2437
3427,2626
2183,839
736,413
3117,1646
5350,2981
3932,1041
2533,1595
2366,3175
425,1460
4436,574
3154,2467
5924,1001
1171,2970
2150,1830
4958,2376
3433,2791
4161,2032
5838,2920
597,1917
2445,435
688,1281
5034,2371
4628,1683
4561,461
4576,1493
4309,1149
4156,2627
3371,600
4570,924
518,2563
468,756
566,1291
108,413
979,706
4743,852
5187,2586
932,2580
2322,2472
474,1702
3389,1179
5692,1001
1702,1266
3519,471
4157,2448
3799,2740
1149,336
3403,296
4270,2325
2475,435
4555,2494
4641,1514
4740,1493
3274,825
5495,837
5008,2439
3165,1821
2561,2838
4457,3090
5431,852
2096,789
334,1291
5461,2946
4000,2622
180,824
3738,2622
1487,681
2385,1831
1776,2504
762,1179
920,1765
896,1179
242,2641
3857,1001
4671,1514
5044,3008
3707,1996
4906,2320
1521,2170
5607,2367
2720,2494
3021,1668
4838,1627
3179,3008
4459,1042
5283,1489
1360,2976
5478,267
596,2580
2571,2371
2667,2833
5255,1915
1688,2283
4449,2983
5046,987
5247,2963
335,738
2155,214
830,717
5618,2906
3625,1001
4501,2392
2732,1915
4960,2906
593,2467
5464,2439
5397,1217
708,3171
5839,1562
725,2586
3760,2357
300,1656
2621,2838
4794,924
427,677
2467,2371
1001,1703
1701,2114
5028,2259
420,2889
4859,2450
1242,1011
4298,2413
2417,749
3919,1828
4817,2978
961,1523
5414,982
5810,982
4206,2824
5632,2373
5818,2563
4401,2511
977,713
1954,2910
2188,862
736,92
2288,2032
4304,2578
2052,1001
1656,1001
3602,3060
4700,2578
2294,2978
3927,376
85,2791
1874,2392
1540,826
3429,2351
3436,1078
220,2427
1357,1873
786,2838
2589,2145
4941,2640
5930,2188
5240,987
1157,307
2833,2505
3314,2778
1559,2007
3677,386
1581,1766
4396,73
996,2833
605,3177
4370,2824
4411,2825
5504,1033
4965,1
5259,2168
1986,2983
3452,1207
919,2586
4730,2578
4260,185
3454,1253
3929,2300
1169,482
2862,1341
458,2376
2175,411
2538,1217
1246,1668
3832,2367
5532,987
2727,924
5471,2963
3317,1921
2625,3091
736,2320
2239,1335
892,2833
1031,3177
5329,1567
1406,3054
341,2730
5855,859
2068,3173
4962,1773
3265,2670
844,318
5751,2199
2731,2736
3827,2373
3044,981
561,1915
4945,1577
3145,1787
5418,1235
4206,2376
2171,1581
1221,1207
383,862
3609,1921
2163,2629
4486,2194
5121,490
4508,1953
1621,2080
1767,185
4840,248
5387,2861
1863,647
1302,2300
1436,2300
770,2439
3776,1280
3491,330
948,267
1738,386
5845,1460
1137,920
4912,1255
4015,2959
111,524
987,1915
1341,2413
3647,2563
4421,1957
300,985
3123,2563
5637,1696
979,2963
3906,1511
4909,957
1669,1720
5752,1646
5602,2641
2880,1115
4800,1953
5196,1953
5576,1420
2005,2578
257,2978
4333,2487
4612,1902
3638,1696
1468,3127
224,1340
2036,201
4646,1486
1206,3127
5250,2189
475,2679
96,1340
2849,2933
3890,1917
4931,1655
501,2557
4703,2959
5224,187
905,920
241,1694
3654,859
930,2670
3819,172
3760,2975
3906,2800
5303,1419
1540,155
683,2978
3441,751
5356,491
2916,2061
1550,2563
20,2634
4449,1507
5225,1728
823,514
897,1217
2896,2348
697,2095
3615,1281
3658,1917
2703,1953
46,822
3186,2861
2441,2707
4265,639
1684,284
842,1695
4209,2959
4245,2616
1941,849
3051,192
919,1915
3906,706
5389,789
5651,789
640,248
3790,2975
2005,1773
1298,1911
128,73
959,1
3369,2164
4897,1266
2039,3077
2373,2199
3436,1696
1225,120
1784,1804
5932,435
4273,2570
902,2850
2382,972
1010,1629
3369,3103
755,1110
1474,43
4172,983
5808,2062
5548,2889
5830,1821
3946,1394
5854,717
2707,1671
3111,1532
146,1002
5292,2145
3320,1871
1596,413
3951,2677
1334,413
1705,2800
889,1460
4019,2811
4108,1348
2731,2415
5086,2427
1091,2348
1853,1917
5215,2837
5738,892
5583,789
841,1419
2367,2138
5187,789
438,248
3984,2975
3395,2580
828,2877
1048,177
2008,2959
2247,1255
917,1414
337,2825
2524,1563
1837,3077
5538,2709
1596,1702
462,1773
1102,413
4560,1041
1188,187
3199,2641
749,2769
5596,435
587,721
778,1255
2531,1953
5260,2206
2617,973
1223,1871
3520,2467
3943,1072
973,1696
5481,862
1596,2641
3662,830
4058,830
5608,2889
3820,2170
5742,2889
248,2194
1125,2467
2104,573
4437,826
5256,1683
3425,2580
1257,2394
5068,2386
386,3067
3708,2114
4121,2283
255,140
2956,789
1590,1291
1053,120
2022,1702
2550,101
3467,1493
1801,1703
1856,2164
1102,1702
3611,491
4464,2622
751,721
3903,1831
1728,2918
957,789
1079,2472
2636,2504
2694,1728
2995,2622
4717,1001
763,3175
1035,1419
3791,2529
2292,1913
40,336
5120,2145
2238,2616
3377,2889
3847,2838
5569,1217
5624,924
2986,789
3893,1493
5804,2023
1831,1703
4878,2797
408,1671
1383,789
2202,1646
2687,2627
2773,681
3048,2606
3062,2504
3322,1677
4985,2859
3151,1041
5632,226
5009,1001
3548,677
3529,435
1786,1179
4747,1001
1672,1831
70,336
2518,2791
2592,2740
5928,2439
2554,4
2196,296
463,1728
5599,1217
1249,193
3004,2684
2990,2786
5834,2023
4132,1078
2365,482
7,172
3090,1677
5920,1982
2258,1524
3316,677
1440,1831
786,1041
5748,2629
889,1728
1675,2637
1603,1071
2778,1001
3640,2494
1016,1503
2179,2170
4897,2234
5174,822
766,574
3534,755
3556,514
2971,1581
4435,1422
5259,371
4897,3173
4646,144
2598,2504
745,636
5676,659
3434,524
2276,9
4912,263
1802,318
1936,318
3971,1668
824,2622
1364,92
3771,2546
4277,2906
4437,155
5204,822
474,523
317,2791
3753,2906
1977,2012
4811,1809
719,2047
1844,1668
2188,2232
3048,3090
3191,924
5932,248
5939,1419
2394,2300
2017,2350
936,1493
1495,3177
5609,2978
461,2920
1139,1852
4418,263
4728,2963
1512,148
2312,955
4129,160
5552,192
746,3089
1183,3090
1338,749
1365,852
742,1627
2972,1001
1115,677
1924,92
5709,1115
2109,1535
4480,2080
4719,376
5818,1250
5809,2450
1129,1514
5186,781
5566,248
2345,1253
3183,2352
5851,2861
2083,1253
1658,323
1102,2320
2630,1422
2234,1422
2604,201
1618,924
3841,1571
3846,1915
4536,110
1079,3090
4417,2670
5064,2481
5761,1655
4155,2670
4487,1157
1581,1042
555,3090
5583,602
863,991
2148,1089
1451,1915
3624,1
3849,2563
3782,1341
2118,2378
2027,570
4771,1855
669,1125
5423,320
3394,2922
3127,2578
3003,822
897,1514
2590,2373
3975,1921
5114,2194
831,3146
2939,837
1335,2679
1386,924
383,2232
849,3163
3667,987
4913,1157
4264,2963
4517,1157
585,3090
4250,813
3009,2707
3682,2049
5879,721
4967,1393
3229,2481
2365,161
598,319
4340,706
3550,1341
5202,2199
4479,1804
4116,1752
3658,120
1805,2978
2694,602
4637,700
5079,1045
1655,1
643,1001
4019,1819
808,1068
4187,1403
4949,972
4646,1917
2851,27
3071,2245
4960,572
2816,972
5331,2959
4305,2563
494,319
4807,2959
4439,2563
5738,839
4912,2975
1696,160
5294,3077
1247,2054
2281,813
4636,3077
4535,3025
3206,376
2440,2563
2861,2593
3781,1250
4464,1280
5682,1846
1594,822
5632,39
2189,2163
936,822
3529,248
2629,2435
3823,2415
3845,2174
4497,639
1331,1351
4667,296
219,2901
2473,2861
2211,2861
4353,2580
4487,2580
2140,177
3840,2769
4838,1871
5617,855
1341,2978
1028,2481
3189,1496
5147,2626
5578,1697
64,2963
1449,2511
2667,3077
1853,120
1505,2820
4103,2590
4478,2467
553,2373
157,2373
5897,845
2975,1917
3477,3067
1235,2178
3415,2189
4435,296
5046,2170
4168,706
5555,2047
2117,1105
5226,825
3765,1255
4527,824
2746,1276
5310,755
2868,2959
289,987
5218,2627
5834,681
2957,1496
94,2963
2145,120
3031,2199
481,1157
4065,204
4879,717
3975,1250
3940,2195
5662,574
932,275
612,859
3131,336
455,3127
2962,1281
1859,665
3659,455
1671,2866
869,2178
246,2953
1289,320
1855,3175
2693,110
5879,2494
1360,2415
154,920
5438,307
5042,307
5028,409
40,1572
520,2963
1127,1655
1318,2189
2268,2563
2991,706
3164,3078
3271,2975
1992,413
3732,152
2556,2441
266,572
4998,1698
2938,291
5891,2504
2024,2580
3077,1389
393,155
5025,1831
3574,2195
988,1496
329,2614
5907,2448
260,757
4078,1728
1478,1131
1180,1666
2992,527
3711,214
2773,1917
2157,1419
2594,1420
1007,957
3349,3016
4089,574
3932,2842
1010,2194
2920,2344
2742,1291
1945,193
3836,101
4665,1646
389,3015
470,1691
907,2446
2691,1703
3974,974
1775,721
32,1465
832,2272
1933,2061
3526,2504
4137,214
5028,2637
1707,2472
4706,2586
1356,737
3615,1041
5504,2566
5838,1688
3252,989
4473,1072
1617,1266
4578,1088
5748,482
4053,2206
4364,2068
5510,1068
4507,2376
162,1696
2020,1656
4401,2889
4776,2012
750,2620
3069,2975
204,2861
2721,1703
135,1004
5357,1765
5501,201
4551,2833
1545,1548
2961,409
5022,2418
2713,307
1605,101
4399,749
400,1460
219,2580
5360,2413
3491,574
3408,2791
2300,1831
2601,1005
1429,2504
218,665
5063,1668
3748,2859
3691,2325
4405,1668
4565,2889
4570,981
4947,1493
5807,2351
3522,826
5836,837
2840,240
2432,2889
5393,267
4484,2900
98,2411
2311,2370
2598,1646
2686,1493
5170,195
4485,92
321,1702
4772,1088
1277,3022
1459,2504
2930,1072
3802,1001
3406,1001
5698,1253
3958,1514
4290,1
4875,2906
4529,2269
1585,1862
3481,2114
3871,2269
2966,1668
593,296
323,435
1930,3028
3454,2920
2007,2494
4142,1042
3254,2300
2058,1493
551,824
1497,3146
3646,3090
609,240
4276,1042
1667,1113
5192,2963
5770,725
2332,1503
4460,570
4644,3131
633,1765
2013,969
5468,2080
2675,1088
233,1831
2745,329
2499,862
4541,2629
1862,1739
3199,307
4570,1115
2734,1668
110,677
4626,458
1527,3146
374,723
2427,2679
3187,2367
5417,987
5007,1089
2557,1971
310,738
3689,319
676,307
5356,2963
1636,3089
1894,1627
1901,354
1257,2504
4146,6
3972,2859
4626,1397
3600,1001
4746,1
3734,1001
1172,1642
2306,1571
4897,1860
5370,2080
5427,2614
4327,2269
1445,2740
3181,1017
5898,2199
4862,1115
4519,2439
402,677
4650,2922
176,2586
5770,2953
4689,2850
3371,2080
3448,2300
225,2478
2417,806
3613,1613
4659,1695
560,482
395,2889
5648,2963
207,2838
4,789
847,2232
1671,2679
3149,2418
2853,2090
649,1493
3558,1125
1858,2505
2288,2089
4131,263
925,2300
4268,2978
4664,2978
5099,2906
2475,1915
5474,2029
5770,859
4378,140
4873,2563
699,267
5666,2199
4078,602
4284,2922
845,92
449,92
3522,155
4814,2922
1369,1001
2515,1
3399,1253
4992,1696
3975,2352
1728,1873
5260,2450
567,498
4772,2861
5856,229
5259,2225
313,2833
5487,2614
1617,3173
2529,57
1973,2054
70,1385
789,318
3542,1157
5285,413
5830,2199
4321,895
4448,2922
2163,1397
613,92
2433,2978
4933,593
2837,1341
3613,808
2515,1290
1164,2824
2907,2080
2945,120
770,1207
4824,957
608,3131
3545,2367
4137,27
2516,1700
5804,1917
702,2012
523,2269
4561,1486
5046,2467
5445,2738
5383,1860
1417,1957
923,1422
648,1217
2895,1696
703,924
2519,2348
4719,1291
717,41
4877,187
4975,722
3330,2563
2934,2563
5885,1697
3001,1341
2581,755
1705,1084
2195,3163
5748,645
5834,1917
3322,1921
2563,1115
5123,593
1200,2080
4,1273
938,2080
4223,336
3474,972
2545,1475
2841,305
1141,2439
5664,2637
5783,639
2622,1695
2663,1696
1457,201
5313,1656
4318,2825
1472,2953
209,924
2420,248
5011,1291
5639,2580
1929,2640
5377,2580
5752,1703
248,2572
1316,2413
3221,1465
3945,1496
2682,2877
2219,1655
536,2450
3437,2029
3733,859
2778,895
5861,1646
2261,2820
1540,2306
2901,1460
3319,1219
4909,1953
497,2495
1338,859
2955,1696
3232,284
2652,1695
508,1341
482,120
647,2439
2853,1419
3207,1917
2579,2348
2961,2450
3240,1865
2355,2640
3766,1157
4683,2549
5767,2730
1752,849
4393,1255
2344,2481
1886,849
1953,2825
3295,983
1743,3015
3441,808
600,1280
2852,413
1639,1911
842,813
1515,155
4180,1147
2564,3164
2313,135
4261,2267
1394,2080
1129,2563
2029,376
5341,1179
246,1
404,1341
1170,120
2056,2199
932,706
512,120
276,1341
333,2629
1066,1460
3287,1280
3342,1179
4147,2138
5751,296
2393,249
2529,1830
5750,825
4862,2083
4674,2032
992,2450
2270,3067
3705,2170
3765,2975
1535,1157
98,1419
2882,413
5774,2350
877,1157
1154,1465
4557,2386
897,2563
2788,1717
4995,1831
2853,614
621,413
1497,1804
4369,645
4561,815
2926,2590
1004,1871
4705,1503
4896,2791
21,2111
1616,2435
4176,1913
4238,2791
3746,639
5688,482
5504,2647
690,957
416,2640
5330,2494
3592,172
1675,3015
3602,2580
1360,1691
3977,1703
3278,1702
2882,1702
3715,1703
444,901
1311,2738
182,1655
2042,1496
170,140
3573,307
5918,2637
1047,413
1458,2199
5212,903
3784,1281
4613,574
4532,2864
5432,677
3885,3053
4067,815
1701,2334
3222,2709
1756,2041
2900,214
4147,2272
4969,2838
1614,645
5103,2838
554,1419
280,2348
1328,813
2620,1328
3683,825
457,1486
4975,1340
1396,2637
3411,137
4729,2627
5840,852
5630,1042
4960,1971
5638,903
2486,2267
1047,1702
1411,2918
1459,1646
5034,2859
2016,2503
4528,1001
5431,2495
1417,1420
3182,435
5169,2495
2621,2842
1055,250
1879,1451
2237,1159
5325,3008
2037,2791
4494,636
251,2707
1775,2791
4838,2920
4332,308
1008,434
4497,2627
3826,1668
5223,2731
5663,3003
2067,2441
4713,939
4016,1765
5346,2572
5316,2141
2278,409
4421,2982
5140,1915
3416,2709
1489,1646
1974,2627
3743,852
136,101
1872,2350
2708,2622
5211,1566
440,1266
1264,2467
5751,3008
639,2415
1456,2637
4126,1529
3460,1668
4535,236
5748,458
285,574
2635,2494
1221,2016
1544,1703
121,1671
1220,825
1170,738
4903,1571
5820,2963
5748,1397
2234,3089
2999,677
1447,2709
4487,2824
5693,2629
801,1780
1620,2637
5629,924
4985,822
4847,2578
5561,1921
2951,636
1963,2976
1574,1703
5519,1695
3776,2439
622,1256
660,1548
436,2032
837,2376
2554,411
928,2494
1511,600
2659,2679
3333,149
5548,181
5728,1280
1175,2371
4184,3173
824,1390
2381,1422
1529,1179
1806,3177
4779,2824
3609,986
5770,1
5112,1
1934,1642
3861,1207
5017,895
1445,3171
2861,2032
5612,2044
4877,2578
3129,2978
2229,1001
2385,1514
1074,1915
2256,2824
3653,1443
4078,3127
5549,1695
3816,3127
5828,1110
5867,284
4604,2419
36,4
2042,2114
3081,1217
127,122
4610,3173
174,877
5676,1655
1137,924
4378,3015
3547,1397
5104,1429
267,1041
5308,2922
2378,2413
3357,519
3555,2978
5041,2578
4029,2080
266,816
4795,859
2024,2824
3831,1341
4290,1855
3230,2629
3574,2439
5888,2450
3259,1115
3245,1217
1144,2253
1768,2080
1307,1493
2888,2111
1016,755
2179,1422
5639,2877
1604,3177
4045,2963
3797,2861
414,1626
5426,2769
5560,2769
183,939
3655,1465
2712,2824
3393,1465
3727,1341
4190,2563
4224,1393
4267,2029
2379,140
4000,2439
5531,1250
3351,1993
3623,237
3344,822
4500,510
3971,920
2656,2111
767,1340
4438,3015
4209,2963
926,3090
1844,920
4588,2959
5634,3041
4939,1496
1613,987
3958,2563
4206,413
4593,859
4770,2441
2218,2824
5890,2472
769,2325
5616,957
3057,1115
3654,3091
2083,155
3702,1819
3306,1819
3578,63
3905,458
676,2511
1349,1853
1373,2439
3047,3056
5824,1071
5051,2841
2499,972
3182,248
374,1422
5854,721
1817,386
3968,2877
4582,296
440,3173
4850,1804
5658,2472
3447,896
121,195
2328,2029
1106,1
1727,2563
2066,2029
2123,2563
1398,1341
2654,2199
1546,1993
5904,434
2392,2953
1590,1511
4500,644
2727,957
881,822
485,822
1445,2850
2538,2778
3254,2194
3768,2415
4260,1157
3506,2415
3401,901
1508,920
5679,1255
4273,830
1752,1280
2232,1917
1807,987
699,27
2934,2189
826,2054
4331,808
3935,1774
951,248
3712,1702
4521,1871
4163,2163
5417,2386
866,140
2392,859
2060,120
2139,413
143,2963
4219,2472
5855,1831
1562,1341
4838,989
3415,957
4277,198
990,1115
4562,2811
23,2080
3063,2195
5303,2257
3274,2415
5485,1739
3422,3067
1882,2450
4136,1656
3420,2240
1634,2348
1171,372
2608,110
3098,2189
5244,2616
183,268
4732,2441
4677,290
1767,1157
3319,845
432,972
69,920
3715,845
1316,2978
5017,358
4800,2575
1479,1656
5292,2283
3892,1646
263,1136
3840,3176
449,2080
2723,972
5426,4
2991,1918
4255,2637
5718,1344
2144,2985
2383,1281
1318,957
1421,2590
3303,2190
1555,2590
1018,1419
2830,280
2069,2811
4230,2580
4598,2976
4841,482
4651,358
2113,639
3890,2889
5662,631
3800,681
1603,1291
2016,706
607,572
2071,413
5615,815
3746,1420
5620,1159
3259,3022
2896,2970
3827,96
5752,524
3152,681
5926,677
1328,305
2319,1646
3850,2709
4836,296
2809,1281
3908,435
1239,1953
638,2487
1832,2467
1760,901
3905,137
457,1917
5641,2386
2861,101
5313,1766
3885,1390
144,639
5856,473
3578,681
3299,1266
364,413
3199,96
4142,2709
4223,1385
179,3077
4207,852
2013,1697
5924,2859
1318,152
4389,2586
2615,1765
3938,435
2577,1281
3083,1641
1353,2590
5646,636
2927,2791
3383,2842
2598,1569
1132,901
1975,2344
388,1157
3041,826
5713,2797
9,572
1062,2791
2779,826
2101,1702
4897,3177
3269,461
2980,358
2117,1646
3590,1041
952,152
1964,2370
5226,1366
2383,1765
174,824
1454,3022
2698,645
1743,681
3353,2791
2885,471
502,2575
5280,1602
5204,826
4803,482
5347,2824
5804,2511
3636,2325
255,1917
5217,1253
3429,2786
3525,2494
872,573
3200,482
5223,2007
4490,924
4500,1612
224,1291
2894,2627
4456,3003
4470,2901
5439,319
2701,2232
5915,248
574,2047
2735,1816
2809,1765
4547,677
1618,3022
3794,1571
160,717
1142,2504
2479,1072
333,645
4108,226
4514,1668
5737,2578
1747,2843
2566,2946
5200,2373
5663,185
3245,1514
2598,1703
1330,2740
5153,837
5253,2007
5270,1422
3181,1529
3282,2335
2470,205
3399,2920
6,435
4541,458
995,1703
2526,2766
5372,386
671,825
707,482
96,2580
3014,1766
4485,1088
1608,1903
4225,1915
4511,57
3681,2983
3963,1915
4875,2963
5803,2824
797,2627
3705,1125
372,1697
4541,1397
4217,519
5129,1567
3119,1001
5072,1033
3757,2978
5851,771
1880,1278
2642,847
4889,2080
5524,376
5045,2593
138,712
2034,964
568,296
1672,1514
3284,1253
4309,458
4378,63
3583,354
3464,2352
2705,2300
2459,2833
2161,924
4905,2963
1782,339
2305,2366
3857,2054
4163,2326
4643,2963
159,1939
302,1493
4309,1397
4710,2495
769,2622
578,3054
3176,2824
3921,2978
4919,2080
3897,140
5688,376
3618,725
705,2637
1128,2740
3239,140
4380,1048
5319,2953
3932,2578
2447,1668
3596,2629
2920,2080
3546,822
5852,972
5194,972
2656,1253
514,2288
772,826
2720,514
1913,1734
505,482
1338,1237
2203,2439
4383,1696
448,1668
52,1668
4935,2963
3135,3173
186,1668
3887,2054
260,2371
3725,6
5718,1157
1070,1422
5132,1033
2202,524
1947,1695
5792,2769
2420,1915
3602,2824
3643,2825
1678,524
1320,816
2163,2259
4290,192
38,2709
248,267
2333,2670
4725,120
4804,413
4890,2439
5162,2373
1746,2910
115,677
5447,1044
2296,2788
5632,43
5189,1917
1245,2335
1577,822
4877,110
5099,2963
3908,248
3426,2194
3755,972
4828,1157
3940,2415
111,1093
529,852
2365,299
697,2880
4393,2922
2046,519
5771,737
4921,3041
1982,2978
2326,2788
4396,187
2417,2152
4330,1819
3457,2419
4367,2640
1686,1115
29,3131
1170,1787
3938,248
2534,458
5574,573
668,2300
4739,1465
2134,524
4477,1465
69,1217
1559,27
2746,1280
838,267
4864,413
1068,3173
1424,2054
1715,540
2534,1397
4,41
3643,2959
1750,2978
2617,2563
3262,1547
3004,757
1003,2963
3563,2441
4220,1250
2458,1752
2554,1460
5417,2467
2705,1629
4291,901
777,2593
218,2629
5751,4
4118,192
4973,706
1494,3173
4109,2358
4828,1291
3075,1347
1065,781
2388,2861
2419,2174
1999,1588
929,920
872,386
4864,1702
5094,2164
5260,1702
5581,1528
2781,2563
2385,2563
2633,413
3029,413
4080,839
5470,1697
647,1207
2199,895
3749,2954
4864,2641
5837,2622
209,981
603,1100
1121,2029
88,2906
1179,2199
1917,1182
2452,2472
3034,1696
3654,3067
2890,1917
2964,1866
5065,830
5223,2170
2570,249
3315,1157
808,751
4096,968
3989,2791
2566,2759
2552,2861
4694,2580
4768,2529
5012,2889
1237,110
4215,101
4349,101
2819,172
4870,1493
6,248
2375,3164
3156,2975
551,2788
1786,2769
2906,2800
4310,2590
5024,1179
3995,1266
2911,700
457,120
240,1583
536,413
1324,1957
1081,2199
2014,152
2838,1353
3316,1917
5426,435
5541,2637
3613,1349
2954,2467
4776,2016
650,700
1135,2435
1572,3190
5865,482
3659,4
3697,296
5379,1528
2153,2189
4651,789
4424,1564
234,987
2827,413
3983,101
3434,825
3255,2580
3193,1702
321,2861
2735,824
4117,101
2597,2580
5462,250
4818,148
5336,1831
4940,1831
5398,2709
1187,2975
3169,527
844,1855
2458,3175
75,1115
3848,815
4445,2791
5895,482
67,2163
5327,964
3310,2637
4160,2807
705,2450
2501,778
1830,573
460,1865
852,1157
3223,1702
986,1157
3438,2822
5936,1422
98,2415
872,1809
4745,2679
5075,1093
651,120
4608,1627
243,2769
499,480
3238,1421
2224,96
3105,1831
4151,1913
4545,1278
4889,1088
2447,1831
1115,1917
506,2590
810,1281
901,645
1278,1157
2422,1774
1295,572
3232,825
3428,1703
5088,924
291,1655
3823,2232
5313,1042
5657,852
1054,2580
4655,1042
947,239
682,722
40,1255
3436,1005
1464,1697
2398,2504
3735,1072
758,717
5023,3131
5025,1514
4121,2047
67,2297
430,3103
3171,2427
1371,2637
4399,1237
5264,2439
4722,924
732,435
1599,2272
3316,307
3509,1668
3712,307
852,1291
4870,822
43,2842
1149,2975
36,1671
822,2580
827,2924
4236,2936
3843,201
2956,903
3883,539
5013,2978
5211,1273
4006,2824
5338,1048
3596,482
31,1677
3169,2889
1128,4
2489,3130
2181,2977
3143,1668
2881,1668
3279,2495
5061,1679
5605,1577
66,1671
489,1774
3027,1493
2928,3177
3632,1078
2176,1852
2367,2386
5693,1397
1682,2283
1286,2283
1021,2766
2458,2504
2616,3090
2986,903
3908,195
4973,519
4773,1397
4143,1001
3035,41
812,148
5910,2563
2854,1915
170,681
1068,1831
5216,2906
5887,859
472,2709
1303,2637
3034,570
3865,498
2872,2494
5188,2578
1163,2068
5141,1042
5640,1921
2300,1514
4912,1182
5392,1819
3936,2593
1321,964
5505,1696
2599,1581
2210,308
3679,493
5878,746
695,3131
4473,2983
1617,3177
2618,1042
4872,1002
190,1683
3547,2259
5073,2978
5405,1465
3275,1571
2046,816
4811,2978
5840,1393
1098,1831
3534,2963
3732,1258
1564,318
4224,966
5210,997
5323,120
3317,1982
975,677
452,2622
2138,1344
3320,2253
2535,226
3390,740
5625,458
1304,2838
942,1668
1350,739
5441,1280
5374,58
5479,1572
5758,987
2989,1335
2094,1422
2512,1935
4019,160
144,2627
5708,2563
3182,1915
5842,2563
1437,2586
375,1971
1096,41
2338,1001
607,816
2976,2978
739,3187
4213,376
4631,135
49,2740
3380,1341
3447,2563
5553,1871
5262,1695
4374,2953
5855,2209
707,1397
1612,308
2725,2578
4511,972
3413,700
89,826
2095,2182
2833,2111
233,1514
3528,458
5092,2415
5804,177
3397,1695
5587,2394
5372,2240
537,2679
2089,2367
4714,2240
2190,3173
3644,1572
4034,2481
841,3090
2553,781
5344,192
25,2504
5462,413
116,1868
2872,2978
1776,1089
3338,1465
4374,859
4138,2080
4169,1393
4728,3077
4070,3077
2816,602
4710,27
4207,1096
3684,3041
2003,1253
1082,2371
1288,2439
3745,284
4610,1486
5419,1655
5460,1656
3557,987
3636,1280
1093,1217
4407,1157
5231,2358
4028,572
3733,2152
5002,1717
3271,1532
5105,152
5244,1250
1223,1448
1617,1567
5462,2641
154,416
1749,740
5142,973
5517,2348
1179,1341
3018,305
2789,253
3632,1696
989,1217
4081,1522
4146,1917
794,2439
2045,2953
245,3163
4285,3015
5016,1773
2081,920
334,2454
3025,2415
4150,2790
4907,2769
1149,1849
2775,2240
2496,2825
5743,789
385,3173
2451,1362
3750,2856
5555,738
5355,2370
491,1125
539,2859
3689,2580
4706,1732
2040,2959
1672,2563
2384,2769
106,725
1675,2080
1649,859
5037,748
5508,1831
5770,1831
685,1341
1117,1752
1936,1855
537,3163
950,2578
1153,1217
2934,957
3567,2590
3871,1281
3988,2620
177,376
564,822
1006,1921
3814,2467
4081,2811
4951,1913
5732,2478
2346,972
3189,2415
3218,1655
1552,1865
382,27
3687,413
5239,101
4843,101
4046,2975
4294,825
4344,188
4094,1703
3595,824
2836,18
5892,1420
1366,2614
1679,859
2940,2061
519,1429
3919,2641
4516,645
4311,1179
2781,1250
718,2578
3335,2590
1554,2850
1647,3041
1475,305
3369,1420
3448,2467
1144,700
1980,972
3346,2190
106,2953
837,957
4555,758
4192,706
5269,101
3586,896
1077,2861
2125,572
2703,2498
862,2707
4076,2975
4083,1702
4575,2164
4720,825
3131,1255
648,2189
3528,137
4244,307
5892,2709
2198,1050
2465,1394
2325,3077
1630,1532
5642,1780
2397,2199
1803,1460
106,859
2771,1851
1019,3041
1174,700
551,1475
64,3077
3124,434
5397,636
858,3123
452,2435
2138,1157
3000,2842
4550,1703
988,2415
186,973
5850,2833
3343,2427
2264,2959
2300,2616
249,3015
889,1655
844,192
5383,1677
5560,2505
2143,188
5609,677
4601,1641
4260,1348
5910,1571
5213,2397
94,3077
1011,305
1928,1697
2212,1456
1305,2472
837,152
4180,830
5345,2324
5503,2910
5818,1982
5938,2838
2629,1744
5361,1514
3458,845
1018,2415
2231,2637
2506,2842
4772,1873
5512,1683
498,1625
4985,2920
3999,2889
4572,307
3672,2494
3973,1668
1712,1291
3202,101
3212,789
3723,1493
1882,1702
4542,2350
5350,574
2124,1235
5730,41
4753,318
4405,1298
331,172
5861,524
4491,318
4661,2981
898,1717
1705,1251
1765,1302
5767,862
1006,1250
1061,957
5742,2495
3485,574
866,681
1807,2467
1240,1831
3141,2427
4285,600
1360,435
2745,1703
5891,524
2529,358
2603,307
3071,2627
3511,2145
2831,2386
3980,903
4479,2536
5193,1125
4506,195
3804,677
5705,1273
1646,1179
5915,2049
3974,1088
5240,2634
1332,2709
3670,862
2978,2032
1822,92
2548,758
4033,1668
3360,636
5924,822
1417,2258
5520,180
1776,3130
5346,27
5869,2054
1772,1668
5619,1125
5598,248
56,825
1312,1683
4610,144
941,2679
2701,1350
1705,1385
2529,2586
2477,2396
5743,602
1479,1042
3296,1001
3070,2910
780,1041
3980,3131
3672,2978
4355,3008
5640,2352
4349,2439
2704,308
1305,862
3287,2386
3366,2679
3545,924
3679,924
4255,2023
1738,1683
5079,972
256,482
354,825
4309,2259
66,358
2067,2124
3908,1915
1740,1729
3364,2983
4424,2963
4350,570
1473,1385
1853,852
1292,2505
3379,2325
1206,1041
3460,1001
3964,2978
4477,1843
5635,2358
553,3105
1647,1915
2829,2824
5320,253
4151,2023
5300,540
3617,1335
5396,248
2146,323
2650,2300
420,482
2321,1078
4298,2450
4680,2552
5552,2481
4850,2963
5574,2240
739,2679
371,2283
1880,1335
2558,267
25,1646
1883,852
3017,781
3055,1073
3406,2054
3975,1982
4340,2861
4841,1157
3393,2758
3596,1397
4882,966
5876,2578
1459,524
4998,2080
677,2740
1470,2376
2203,1207
4868,2199
2354,1376
5886,1953
3238,376
3625,822
2658,1787
2601,1253
120,2822
3857,2111
1930,1048
1288,1581
5025,1624
2215,1217
4892,1280
1478,924
2068,1921
4766,2861
1486,2505
440,3177
4738,813
5139,1911
770,837
887,1422
1630,1695
1885,524
2967,263
5025,2563
3872,140
1702,1571
1714,642
4501,2563
4797,1393
4898,2199
5763,957
2248,1515
1900,2495
4106,1475
5236,2194
5668,1851
5370,2194
2426,1787
3207,2352
3503,1182
1357,755
4055,1695
719,498
4492,1696
4843,987
5634,2240
1508,924
937,1889
4610,1917
4956,110
5871,1429
38,2766
2908,972
5351,639
934,837
1295,816
1398,1695
2582,987
3356,2825
4399,192
2783,2963
4531,2563
5051,1101
2442,2670
854,1073
4517,413
5166,859
3212,602
3823,2476
4473,1804
1054,2824
792,2824
2509,859
1807,1341
5028,336
3345,1131
2469,1460
2236,700
1656,2111
3468,972
1372,2352
5257,573
947,1422
5417,296
5587,2959
4857,1393
4547,413
4965,172
2155,2963
2933,813
4364,706
4579,2580
4851,824
3197,859
5676,2627
2696,2563
2300,2563
2639,2029
218,1397
510,1017
949,155
2965,2953
4591,2590
687,155
828,2080
4176,2348
4570,1713
623,2614
4852,645
5287,573
5769,2791
4795,1831
1006,2352
2553,1696
4562,1071
3569,3067
2621,110
4340,2190
1480,3174
2968,1157
5867,101
1722,2707
2706,1157
4547,1702
4681,1702
3700,2769
2960,2959
1981,1655
1439,140
4536,789
2712,413
1311,140
4757,1697
106,1
455,155
2012,187
3927,681
4118,249
5169,1641
704,859
2237,305
3319,44
2961,336
2573,1917
4973,1702
618,2778
1848,2415
3269,1620
4377,2580
5215,1235
4117,963
194,2450
149,987
2124,1532
2764,172
498,2861
88,2963
2712,1702
4803,1641
5641,2740
4908,903
402,120
233,2563
481,413
4304,1728
1026,2199
219,413
2485,1696
40,2922
4768,2586
5931,1001
239,1819
3496,471
4803,2580
4951,2478
5548,482
4450,964
90,1696
3041,830
5071,1082
14,2640
1877,2190
2176,1291
2245,896
4468,789
863,865
3117,825
4947,2709
1191,172
1545,670
4757,1831
5,1773
328,706
789,1855
3750,1677
462,1460
4182,2088
5663,1344
219,1702
3915,1744
3531,815
255,1921
5208,1703
1581,1266
557,1697
1240,973
987,1281
3664,1344
481,2641
3244,758
1879,142
3543,825
2013,896
5881,1422
1390,1671
2947,1703
4487,2320
5306,3177
5619,1422
4151,681
3691,2386
2516,204
2153,152
3006,2283
4004,631
4176,1677
819,1855
5224,2586
5690,1073
160,721
65,3113
2780,250
2100,491
479,2164
5025,2376
2471,2124
205,1403
1559,2796
4100,2032
4993,2838
5289,1668
5533,308
3864,1001
4693,2546
4330,2494
5027,1668
961,1157
832,2467
1840,2257
2977,1703
255,177
334,470
3056,1996
3822,1529
3827,1873
5033,924
2658,2889
4781,2366
2529,789
1871,789
999,2580
916,825
341,2580
4651,41
1084,409
1765,3022
970,307
4471,2325
2303,1385
4531,2376
2280,435
945,250
2414,435
2433,677
3718,775
3341,825
4215,1581
5075,2439
5099,2833
732,2586
1869,2032
2547,964
2500,2838
1834,2977
4974,852
1342,825
767,2580
371,2580
1142,1703
3814,1422
3819,1766
4423,749
4516,1694
5257,386
1188,358
2227,2679
551,1235
298,789
5077,2670
5485,2495
5694,2080
892,2467
4300,2978
635,2811
2557,2032
3546,826
5239,2439
1899,2032
3358,1529
1663,1001
500,142
5772,458
3135,3177
3412,1765
1041,2186
2873,3177
3372,2366
3045,1971
2334,2145
1090,358
2427,3090
1305,2232
56,101
66,789
5844,2963
1824,2797
1700,1041
4207,2413
2493,677
4852,1397
3692,1001
115,681
3609,966
5675,3127
4536,602
5403,2439
1693,1001
4927,1921
2441,3146
3199,2007
3674,2300
3211,1078
465,2376
4486,2178
1528,1873
991,1668
2087,524
4336,140
5623,2563
843,2709
879,2366
3138,2670
3217,2963
3833,1017
5268,120
5361,2563
488,266
2403,760
5426,1460
1366,1703
3308,2300
495,2376
786,862
1474,482
3805,2352
4519,1695
4540,2572
2227,3163
725,2838
761,2495
5369,1865
458,2494
1068,3177
672,3177
2654,1695
503,924
2330,1571
2199,2054
5912,1511
2861,1207
4287,2476
4554,376
5371,2850
1625,1001
3657,2080
4381,2111
5221,839
1234,3065
470,1915
2588,1048
2667,1341
3870,3127
260,2859
3202,2439
4768,305
4064,1680
660,2012
5925,1157
393,1668
823,498
116,636
3146,63
539,1493
928,514
2528,1182
5663,1157
112,3146
5666,2394
4659,2240
1345,3054
4399,3067
2797,1572
3277,2963
4795,3067
4912,434
3664,1157
5407,413
5724,120
5803,413
3149,2963
3039,1105
5439,2580
2750,1002
155,749
2990,2152
3021,1465
5920,409
1894,1017
3399,859
3542,413
3948,1855
1413,155
5876,110
38,1103
3959,2953
3713,268
5351,1420
2388,771
5872,2620
4358,972
2933,305
4108,43
5663,2446
1945,201
5319,192
709,2439
3997,966
175,2505
5803,1702
2931,2861
1042,2090
3697,2394
5899,2164
2965,1
525,1571
3634,1291
3238,1291
3069,2044
794,1207
3000,187
3542,1702
589,2495
3225,305
2292,2352
5728,2467
5287,1004
1397,2439
600,1341
4738,1728
2076,253
2683,1419
2067,3173
83,822
3357,2861
3739,1465
4040,639
4246,2959
271,1058
3664,1291
3624,172
4209,3077
811,248
5587,1646
3565,2975
2999,120
3078,413
3968,1702
5325,1646
5337,717
5456,2129
588,176
5721,1646
3360,1819
2336,1496
4294,2626
499,1011
992,2511
5849,1831
4572,96
2896,372
1158,1460
4208,573
256,376
3507,1465
4410,2959
3319,1414
2517,726
1999,3015
2300,2189
5323,2889
70,1125
1341,3015
3370,413
1207,571
3504,413
4982,152
3199,531
3715,825
4106,1235
1564,54
344,2825
4680,1507
1655,172
5626,1385
724,602
4151,1917
2647,957
3280,2590
293,1547
2605,3175
3598,1179
5071,574
2739,3175
1089,700
3484,1831
1342,2866
1653,284
4270,296
648,957
1568,1866
945,2641
5224,789
494,490
5748,1253
1743,177
2665,1913
903,2415
4660,1390
257,1486
4474,2920
3073,2647
4551,2386
5038,2504
3601,2766
5253,214
4857,214
877,413
175,895
3532,717
366,1429
3876,527
5101,574
5485,1503
5803,92
5920,677
5694,1088
54,376
4691,2396
4756,2791
664,305
1576,1353
1180,1353
3487,2637
3768,435
5638,964
3506,435
780,1419
5859,374
955,2174
181,336
2003,639
5031,1683
3503,137
5533,2833
4363,995
5580,2679
2379,2616
660,536
4232,2232
4292,2283
3043,152
2647,152
1859,2580
969,1291
5028,1385
3653,81
5554,677
5418,816
4822,2448
5593,1571
4175,2637
4992,2859
2041,1281
1736,645
5521,1668
5533,739
5803,2320
844,249
2525,2791
1439,2344
2282,589
4668,2920
4723,2627
325,3067
1231,2580
1169,1702
183,1671
3144,1493
4489,1642
3885,2659
4886,1278
953,1323
3852,267
4017,2586
1684,81
5486,519
2760,1503
2555,2791
4272,826
4843,1581
1622,2586
2591,4
2047,1072
4619,1873
5691,924
529,214
4032,2305
5770,1217
3123,2494
3409,636
1676,2822
2729,877
5420,3090
4308,1422
2140,482
2964,1683
779,2082
5216,816
5391,1571
1714,81
258,101
1478,1302
3504,92
2654,1642
5625,2906
1124,2467
1188,1728
3447,1278
4193,1068
1712,2637
5597,2578
3742,2889
3716,1668
1968,2068
1073,435
803,574
4504,960
4583,1253
940,845
1556,3063
2134,825
4534,2300
3333,1149
360,4
1063,3130
2940,2386
4234,318
5834,986
1990,2766
1090,789
1601,1493
4421,144
2748,1627
1709,1026
5083,263
1146,1852
1235,2833
523,2627
3823,1915
956,1728
992,1385
1331,851
2138,2637
4349,1207
5247,2357
2356,1776
5637,822
2717,1001
2863,826
3601,1
4903,1766
5770,1351
1033,2325
5816,1696
3311,2679
2514,1581
2915,2679
5702,2348
2352,1253
1758,2766
2190,3177
2372,185
2498,1078
2188,2350
5605,2415
2960,1109
157,1873
575,2386
5855,2563
824,3090
1509,749
476,1626
889,1041
1548,677
2881,1001
319,1642
5911,1182
5637,2111
1191,1571
4207,1100
186,1298
4229,859
4334,3127
722,2032
3800,2439
5593,1250
149,2170
5811,2641
5112,2640
5482,1419
583,1873
4284,2259
4803,2824
2150,903
2693,2054
5086,2358
919,1041
2476,1073
4521,859
1360,1915
2432,966
4364,2373
4813,2199
5623,1250
3961,2922
1022,2859
3935,1701
1975,498
4423,2953
3745,1577
5804,2759
2442,2593
3574,1695
2175,2249
4362,987
2596,27
4301,2963
4449,2861
3506,248
4822,1911
4421,1567
5338,2959
3789,536
4260,2373
1786,1915
4446,2563
3695,120
942,1001
2974,2080
1048,1397
2657,2373
3679,1115
5482,614
4176,1921
2507,2614
1669,2269
3532,1819
5834,2759
3064,253
564,826
4437,1696
1995,2439
5295,2481
5352,3015
3939,1419
2163,2023
711,1253
4601,572
1175,2111
2228,920
2171,386
4900,639
1622,1110
4268,1860
3296,2481
5827,275
1336,524
4476,2563
2143,58
4935,3077
5169,275
2070,2963
4200,413
4807,3077
3293,1429
2529,1033
3847,2769
1214,2978
2716,859
4199,942
4674,1235
5061,2435
2148,1341
1752,1341
4897,2970
2693,3127
4582,1646
4239,1280
5889,1503
345,1253
943,2111
4064,1656
3761,1655
3320,192
1567,248
3103,1655
4910,172
529,27
2012,110
2248,2861
1064,1125
1986,2861
2504,572
2883,1157
4299,18
4364,413
3488,1496
3271,2959
3789,670
2851,2373
3723,2302
1882,2511
2145,1393
5445,681
1663,895
4182,372
4235,1696
4725,1523
5657,1503
4286,2415
5774,2842
3248,2194
488,376
2498,1696
4387,2467
5593,1518
5099,983
4529,830
4267,830
1731,248
2264,2963
5738,152
2971,573
786,972
2016,2861
4929,1703
5896,738
2778,932
2122,1567
5255,2627
2598,1496
2657,413
2061,1291
2443,1393
4788,717
1737,413
4170,2590
2365,1702
1823,187
1508,1115
1969,1702
4304,2590
4226,1179
5393,1056
5665,1744
1299,187
4054,2415
4155,2467
1672,957
4297,830
2566,645
627,319
2640,1348
155,2953
1499,248
1103,248
3276,2498
5394,877
3867,2939
2824,122
396,3015
3073,3078
5253,645
2808,1871
915,1136
899,3077
4142,1831
4333,2365
164,413
3643,1918
2545,1646
3259,989
3730,574
1415,2590
4060,2206
937,336
3385,2791
2277,1831
431,1696
2320,2467
501,2435
1979,2174
3536,2960
4665,825
587,2209
5878,1047
4279,789
337,1280
342,1624
3611,101
1548,1429
2002,845
2107,3113
5859,1744
3777,3022
57,2394
972,2959
3804,681
581,859
2587,717
3632,574
3227,2740
5498,2115
1821,2877
5374,359
317,1917
85,2348
656,1383
4966,3008
5212,1529
5463,3060
1535,39
4298,2320
5413,1253
5805,2797
2517,2580
3288,1703
5712,354
3745,1390
4163,1903
2998,409
2776,1528
1733,1717
3085,2283
1340,2954
194,1702
5151,2946
737,409
2733,1831
4252,1571
5558,826
1311,681
2968,2637
43,2472
1390,1728
2541,1072
2853,435
4864,2889
1187,645
2675,1072
5130,3008
386,2811
2994,825
3426,482
4248,1048
5568,201
430,639
1032,2959
4716,924
4283,1042
4627,852
3670,2505
5341,195
2321,3176
5731,2824
3511,1694
1744,1852
505,409
2162,2365
2921,2417
1496,2504
3141,471
5207,2824
224,2641
3973,1001
361,2350
2116,677
2596,2068
5213,2080
5473,1253
4067,636
5686,2300
3533,3146
4194,411
5345,2007
1019,1569
759,2396
3206,307
4167,1217
98,435
464,758
2083,1668
2281,1683
2365,2320
5259,920
56,963
5725,2413
2036,1852
5931,2481
4050,1571
5239,1207
1684,3090
4705,2963
1047,1523
527,3177
5338,2906
5243,2080
5322,2373
5639,2080
100,1420
5076,2906
270,1831
571,1005
4660,2439
3521,2920
2509,1668
427,2946
1836,636
3851,2300
4666,1695
5440,1089
2198,1217
2518,441
1678,2679
4106,540
5360,571
3486,832
5905,2357
4656,226
4033,1001
2742,1088
615,903
2533,160
5229,1027
2123,1982
499,728
2140,1397
1772,1001
3267,155
1866,636
859,482
410,2376
3235,1371
5057,920
2624,1217
1211,1873
1686,2920
3866,2177
5414,1157
254,1082
1537,2797
4980,2393
1358,2300
3772,263
4701,2978
998,1765
72,2731
2825,160
5891,1496
5576,172
4151,2511
383,903
5223,808
639,2586
1406,1001
341,677
4983,3041
3572,2080
3592,1766
3986,1131
570,1668
5885,2620
3161,267
4790,1865
3391,3173
263,205
1457,185
1605,837
5853,852
5364,639
1300,201
135,2679
5250,1291
4940,2563
1736,2983
5709,859
1786,2346
3202,1207
4279,602
4981,120
5060,413
5797,706
2735,2495
4218,2578
1570,1001
5147,3041
2805,982
2454,1
3001,2614
1201,2824
1545,2634
2717,2855
1053,482
4931,1696
5327,1696
5762,1624
5445,1917
2219,2578
5932,1281
5529,110
4426,248
1883,185
4973,2861
630,3008
5069,2569
2853,1403
1971,1695
901,1027
4638,1070
5414,1291
3719,3015
5352,413
2456,986
2836,453
1936,2640
5169,706
367,1093
2979,761
5431,706
5260,824
5394,824
1705,263
4086,1496
5607,1871
3105,2563
1663,2481
5025,957
709,1207
2973,1855
2419,2235
4513,28
4731,1419
3294,2435
3645,972
5598,1004
1186,2300
200,2269
4446,2189
3818,2620
3002,1280
3487,3015
120,2505
5254,413
5352,1702
5748,1702
2996,1465
3854,1496
662,987
3480,2975
5596,1281
998,155
1509,859
1194,1787
3809,972
5469,2637
3244,1917
3378,1917
162,822
5840,2580
2097,248
3728,983
5254,1702
1701,1968
1899,263
639,1915
3703,2616
4591,3078
3758,3077
497,2963
1041,2861
4105,152
5678,717
3525,1563
497,519
2840,1460
1426,982
5094,1420
5512,1179
2303,1255
3798,409
4142,973
5499,2637
2579,372
4943,2190
586,187
1004,700
4507,2791
5682,2529
2705,2174
1409,1917
2288,2825
505,2450
3315,413
3936,2975
4877,789
5300,1646
3922,825
1230,639
177,140
3697,1646
5663,2637
3039,1646
1668,1804
1267,1460
2688,665
3543,1179
3529,1281
2863,1420
4260,39
416,1819
1598,2728
1901,285
2026,3175
4492,574
4671,2791
5751,1703
622,1695
3798,2637
5871,307
3295,296
3025,435
1311,1917
1316,3015
1385,2620
3525,758
158,248
2121,968
2591,1671
1474,1157
3690,825
3511,2580
3115,2580
5041,789
4221,461
4768,3074
1862,2959
4073,2283
3035,2062
4212,2627
1705,2975
1280,1291
5296,749
822,413
120,895
581,1290
560,413
1930,3093
355,1701
2318,3175
2335,2590
1993,409
1296,1235
3061,250
3498,1005
1991,336
2142,2195
3768,2586
2398,1626
3721,296
1312,1179
648,1953
5066,2889
3674,2170
453,3175
527,3124
4763,636
1504,1157
2118,2740
3890,482
3895,826
4714,1683
249,901
1703,54
4036,307
1121,830
3846,2627
2879,2838
5632,267
5749,852
1248,413
1647,122
1459,825
2142,101
4666,1642
2172,2195
4001,471
5797,2963
1630,1646
4437,1001
817,2297
2553,574
3852,2068
789,249
5042,1340
4316,482
4133,1529
4556,2386
1278,413
1087,845
5517,852
1489,825
1248,1702
3966,1766
4797,1694
1096,2062
1213,2647
3269,148
2407,2627
4093,1349
1237,789
4910,1571
3186,2365
3857,318
1479,2766
4965,1278
1398,1646
3700,2586
5125,1001
530,2590
5936,2906
2574,2740
337,2195
5184,1581
3955,826
5782,2439
3017,277
4992,822
3631,1668
4978,924
2180,2032
2877,1960
5453,1217
2677,2838
5186,1627
5039,1577
1278,1702
1715,1703
3991,1422
3149,2833
1000,2889
2036,2283
3187,1627
2175,2627
3827,267
4586,319
1349,1353
5341,1915
5640,1982
5335,1346
3449,92
465,2730
2944,1088
4262,2824
4608,1017
1294,1831
4594,1873
3780,3080
2498,1001
5483,1217
316,163
1018,435
3535,2495
252,2622
4219,3127
1196,2427
5556,1695
2713,1340
1574,1821
612,2376
1104,2838
2881,924
4156,2778
4290,2778
434,1323
465,636
105,101
236,1338
1581,3177
853,2438
886,2386
4903,2978
3506,1915
4648,1705
2819,985
5513,1217
5067,376
227,471
106,2396
3442,1341
4249,3127
3101,1048
2079,2114
4646,319
3307,924
2713,2629
867,2494
2902,3090
3239,1921
5541,2861
1477,3177
3891,386
842,1683
1888,1765
3135,1571
1325,339
3572,1572
1452,2366
1705,560
3876,263
5471,1341
1424,318
4877,602
2406,2859
2549,2413
2867,1002
3206,1222
3063,2634
1141,1915
284,574
831,3187
4436,859
2405,2634
4701,376
5697,2061
1316,2478
4762,1029
3296,1115
1606,3183
5319,2640
5689,1419
2772,1115
4768,2537
3321,2111
1084,2320
5024,248
1170,1340
942,924
105,2679
537,3090
5685,896
1528,267
4969,1480
5609,120
5688,413
5920,1702
1278,92
5908,187
3826,1465
4946,1496
3965,2563
1422,2500
3569,2563
1048,2259
3199,1340
3064,1115
309,2859
4540,27
1756,1033
1694,155
4619,320
5450,248
4118,2778
5524,2641
4505,972
1786,3127
1356,1099
3880,920
4246,2963
3451,248
5780,1291
3189,248
5016,895
5207,1429
1165,1504
2595,263
3921,1860
5337,721
3895,639
1770,1089
4072,2029
3972,859
3719,413
541,2054
1723,2963
3378,120
4194,1460
3025,2476
5883,1419
867,2978
2238,376
3372,305
5875,2467
2857,2111
364,2357
4896,1917
4555,1624
5747,969
3610,2348
733,3163
676,2629
5322,39
4181,3103
3766,2861
836,2352
1911,920
2057,2435
3380,2825
5835,789
1217,2983
4398,859
833,2054
4066,120
1006,1982
4332,239
1637,2788
393,1001
1888,155
5002,973
3161,1182
1898,2563
4191,1697
1237,602
2386,1563
3239,1250
4712,645
3108,2487
3543,2415
549,201
1679,920
3105,2189
3788,1465
5730,2062
116,319
4995,152
4138,2975
4582,1703
3560,2769
1982,1860
1049,1655
2513,1496
4478,1353
2198,172
5584,1486
5737,1728
2521,3077
4255,527
1473,2922
4085,2590
5766,214
5056,2498
4151,177
3674,2467
2163,336
5740,2376
2433,1917
1746,987
1018,248
118,2435
2833,2790
5806,1683
2984,2959
2120,639
2961,1255
480,2824
5796,214
1976,2580
3853,2590
1253,1993
2461,1871
5355,471
1640,187
468,720
1984,751
5797,816
5578,2206
4136,2124
4950,2637
3014,1266
1990,1697
5770,2376
228,2199
4030,2637
3533,141
5885,636
4030,193
3087,1744
819,2640
5525,101
3508,1774
4005,2580
1080,2415
942,2481
1656,1070
4677,1697
4485,938
1102,3113
4827,1641
362,859
2678,1697
4322,2637
5463,539
4946,1571
3766,2190
2018,2590
3518,2088
3669,2257
494,1917
172,1866
232,1917
4110,3131
4165,2838
1804,1291
2580,758
4882,1698
3354,152
1955,706
5030,2350
5088,1766
437,1568
521,2959
3556,2730
5889,2983
2604,2283
1902,2765
379,1563
2270,717
3199,214
4386,3187
3181,574
4836,1703
2561,2586
3564,2032
2380,296
4061,2838
4491,1668
1848,435
2615,2822
345,639
5264,837
4589,1422
88,983
1984,1235
2901,2627
4360,2124
628,173
4064,1042
4804,852
4468,903
4146,852
3211,574
28,1871
3987,41
1659,1852
5334,1017
3940,1915
2806,2740
3262,2791
1980,712
2940,2740
5122,2824
2176,2344
3733,2376
2717,1005
450,2503
825,1626
2224,1072
4225,2838
4655,1668
3848,636
5176,3060
1129,2791
5408,185
2543,825
3974,2438
1472,2376
379,758
21,1050
3877,2505
3911,1335
3966,1042
303,1702
3926,677
2615,1078
3403,2622
997,3022
4545,160
598,307
3965,1571
1915,852
4090,519
4632,2788
2097,2586
3126,1001
3522,1001
4289,1668
5908,2578
1087,471
1219,2842
4302,1341
2841,1017
2493,307
3785,822
3177,185
374,1703
3063,837
5840,2824
4000,1915
2276,2709
4129,1571
5273,2188
3036,2397
5739,1429
1303,1385
3290,1001
1691,3187
3842,1514
4795,2563
309,712
5326,2953
2499,3131
2266,2371
2004,2371
3138,2300
5158,144
2819,1766
3184,201
5338,2963
2633,852
5076,2963
5589,330
4432,2861
5,2371
339,1493
779,1765
2561,1915
3672,140
5752,2199
4470,120
2068,1982
3952,3163
1295,2032
958,195
2188,2838
5694,2194
5330,1917
2723,903
574,205
3936,1125
4710,2963
694,1253
5508,2189
3653,248
532,3177
4306,1567
3043,1258
873,2689
2647,1258
5537,3015
3877,895
5193,1804
4350,1115
3737,2578
2235,1
1388,1068
1126,1068
2404,2439
4560,1110
2142,2439
4618,1280
4914,110
72,2788
387,1668
1120,1253
5523,1157
2114,2111
696,3177
5333,1033
4868,2394
1879,524
3763,1705
3582,2825
5478,3077
2097,1915
3095,1017
583,267
4743,413
4163,2578
849,386
5092,3041
745,1726
2624,2563
98,1915
3417,2199
5313,1697
5128,1917
5202,1866
2174,822
5410,2569
2010,2111
313,3008
4403,2415
1044,1766
5552,932
443,2300
502,1217
794,837
5849,2616
2702,160
4980,706
3705,572
4718,706
3732,1429
4286,2769
5548,409
5501,2283
5081,1697
382,2963
2433,120
2591,1460
5158,1917
5268,1523
903,1911
1237,1033
779,155
3919,2194
4604,2297
2599,3041
4796,2467
3547,336
2251,1577
2146,63
4176,2759
337,2439
3642,2825
4055,2240
8,1217
4803,413
1625,2054
1916,540
5742,1564
2559,2861
1616,248
3194,1157
2872,1860
4450,2769
3792,2769
3859,1547
1772,2481
3057,859
3537,1496
894,263
2804,413
3200,413
4270,1081
4296,2302
4168,3056
546,2963
4399,737
5581,1646
1160,1136
5570,1157
5766,645
4451,2590
426,2080
3659,1866
1845,2178
2640,2641
3280,1281
4813,727
1356,2953
1041,1629
1211,320
5898,1703
2202,2415
3926,1429
4160,2791
2336,2415
2341,2759
5151,722
111,1695
1014,3189
5682,358
635,160
375,987
2968,413
4396,789
3575,3077
4256,2472
4922,81
3609,409
513,2614
5449,2981
2653,2472
2185,152
5182,2637
4920,2637
3007,1280
4791,2257
425,700
4262,1913
1982,1486
4336,2616
3317,2637
3964,758
5163,1082
4951,2889
5596,2627
350,1280
4500,738
1255,1157
606,2963
3292,2580
4465,1683
1442,983
483,1809
5311,199
961,2373
2215,152
816,706
4178,1626
396,120
1246,290
1669,1147
2493,2348
122,2769
2646,2590
717,700
3155,2467
5696,1703
2365,96
3609,2637
3636,2740
4018,2842
3085,2637
5217,1668
5050,2494
4692,2786
628,2348
934,1866
2293,193
3649,2975
4535,1082
1183,2570
388,2861
1918,2790
3697,1703
2998,1702
5228,2766
5773,2300
5527,2833
2,2825
320,1414
5635,2366
829,1291
4626,1385
567,1291
999,1702
2057,101
560,120
799,2580
596,531
2602,2641
967,2164
4420,2448
655,357
2675,2365
4915,2427
1596,645
4374,1514
79,2641
1053,1157
561,2415
5015,3008
4263,1683
1403,1913
1176,2688
775,2344
3249,358
3017,789
5940,319
3529,2627
5007,2366
4417,3089
1225,2580
5946,1073
719,722
4263,2622
880,825
918,1871
1019,1923
2425,96
2299,1677
595,1595
2159,2606
5194,3131
3200,92
767,2641
5411,1668
2224,1503
2632,574
3920,2633
4610,636
914,1348
1685,471
296,2467
3870,826
3603,482
4703,1581
5833,2300
1082,932
1230,830
2016,1739
3250,2838
1479,1534
1040,706
1217,2288
4243,2505
2361,461
666,2185
2920,2145
2245,2730
128,789
5042,1397
2067,1677
2163,1385
1762,1041
1609,1765
5248,1273
5394,2788
3885,1484
213,2590
1963,573
2400,574
3888,1001
2243,2842
2711,2910
3045,2032
914,2637
2387,2032
2392,2376
3168,1843
2918,1668
2493,738
2656,1668
4332,1422
3941,1766
4349,837
5488,1110
3407,1078
623,2838
3174,318
20,101
118,1390
2062,2622
1678,939
4818,2978
2545,524
4207,2824
1676,2586
2758,1571
595,1729
581,1831
638,2365
970,852
1725,2448
2892,2325
5225,2578
5495,2439
3017,1273
785,1072
1186,2170
3414,155
2060,482
2894,2371
552,2032
4561,319
1066,2253
2430,924
5075,540
5107,987
2774,2454
2159,3090
1901,3054
1713,3003
5228,1
3189,1915
539,2709
4168,775
5455,946
5501,1291
563,851
4300,140
5525,2439
5701,413
2763,1514
4241,1253
2083,1001
3165,740
2501,1514
3418,2906
5445,1921
2155,877
1458,1703
3378,1787
3536,3127
587,2376
1247,1668
851,1668
1259,1493
5486,2861
4543,248
5856,1640
5594,2394
1437,1765
129,1683
5617,2563
5643,1532
507,2797
5865,413
768,852
880,1093
4956,602
3275,2978
3870,155
4761,2578
535,92
3307,981
4119,859
5583,700
4077,3077
5212,1696
742,570
3887,2953
4897,372
5360,2348
3238,63
4203,2435
5254,2861
5937,639
1283,924
2535,2572
5840,706
3166,160
2232,319
2595,1125
2717,2054
2099,3173
3517,2861
4169,572
5499,413
514,1093
2773,1397
5688,120
5865,1702
674,816
4891,1496
4278,2959
412,816
4192,1495
866,986
852,1088
1289,1089
2382,1017
3887,859
3913,2080
4045,2199
3016,1532
1999,2942
5638,1696
3131,2044
5409,2590
2747,1115
3333,458
2330,1766
2388,1182
1662,1078
1392,1217
4989,2189
3943,2861
1570,1489
3466,987
1370,2367
3134,248
3681,2861
331,1766
1769,386
4442,2959
1018,1915
3282,2563
1467,987
3991,808
364,1125
3416,2563
1272,2963
3457,1557
3075,18
3173,1115
2961,2922
676,1397
5867,593
2183,376
464,1514
1192,1
1598,1443
3232,1695
4309,336
2552,1182
3020,1250
4947,3067
957,2578
4859,214
5456,2190
5905,296
309,822
156,2300
2812,1486
1093,2624
1542,2450
2686,3067
5568,152
3076,1532
3828,413
4234,1855
2909,2358
2544,1671
5445,1250
2683,2769
2421,2769
881,2152
2113,2424
1686,859
3009,2939
103,2824
5545,1831
4693,2554
992,2922
2112,2953
3105,957
942,1115
3268,2641
3908,1281
4163,110
3646,1281
4696,573
3488,2415
1311,1921
4172,573
1142,2866
2568,2415
1737,43
1176,1696
2788,2189
3168,1656
3803,706
5475,1250
5148,101
2458,1496
1873,2563
3662,2164
4106,1646
3249,305
5575,1831
2070,3077
2404,2199
5884,2586
5223,625
519,1547
3824,1179
2017,972
317,2352
3407,1830
5418,2032
2056,1866
2469,1281
3157,1655
2460,2481
5082,2837
1775,1624
3000,1671
1883,1157
4247,2975
4223,137
5489,1683
110,3190
745,1486
4021,942
3069,2939
844,1465
2895,2786
3045,101
3874,1646
4032,2232
5345,214
5748,1385
1771,1855
446,2358
501,2065
5943,1072
3732,250
4250,1179
361,1496
3308,2174
3975,2637
1122,2348
3393,969
3183,1913
1999,177
5555,1340
4782,1390
2733,2616
4512,1529
3684,2838
229,2481
2099,758
1951,2580
5115,1041
3468,1493
5385,2622
92,1429
937,1255
1219,187
5357,574
1778,1871
4861,2622
5663,92
1153,1819
3419,96
2388,1800
198,1855
5879,2376
4286,435
4855,2807
5593,1982
75,2953
2281,1179
2620,645
3781,677
589,3174
1043,2590
1451,2415
5470,636
1905,1831
4725,482
4298,2889
2140,2637
4659,2114
5801,1904
1403,2344
3378,2889
3447,2494
3249,789
3748,1668
4548,2283
4173,908
1318,1482
1791,1702
2825,461
4310,1179
3100,2386
1899,1235
2458,2919
1637,1235
2549,2283
3170,681
3547,1385
4431,2637
5474,2448
5623,1982
5895,226
1316,2348
3828,92
989,1953
385,2970
3243,1159
868,3124
1673,1831
2385,2791
2227,3171
2798,2206
2244,2586
3901,2822
4102,2546
3739,2494
4336,498
1397,435
3873,2494
3482,2838
5931,822
108,1157
1257,2118
2232,482
3820,2833
2640,307
3605,2679
4445,441
4596,2300
160,758
3343,2679
2116,307
822,3129
1971,1646
1575,1646
4483,144
2800,939
4221,144
5436,1001
5876,1273
1261,3176
4511,3131
3411,2032
3743,519
3834,2889
5565,822
5823,2578
3591,3131
399,2622
4809,1253
1913,2580
5239,837
4965,1766
4410,955
3491,456
2510,1523
4531,2413
1735,1904
1033,2386
4624,160
5534,2825
2915,2740
3648,1571
5181,1017
5818,140
1237,1627
3107,2910
2042,2586
3453,1103
4370,2495
4632,2495
244,1179
1386,969
1549,2653
1914,1088
501,1744
236,2981
258,296
3468,822
4323,1336
3664,2454
5402,1366
2595,1422
2877,354
1199,1493
3885,1110
526,461
3151,2054
3211,2859
3603,1397
3947,1207
3873,2978
5346,2373
5948,721
827,574
4743,2080
2816,1017
5166,2937
4070,1048
2666,2012
2139,2495
2299,498
4632,751
2137,1668
5220,3173
5843,146
4631,2778
221,1703
2184,3177
2499,2249
3189,252
5594,2825
5890,1655
3629,524
1564,1217
1738,3090
547,2627
79,307
3303,2983
2393,318
3568,248
5190,1429
503,1766
1821,92
4560,1033
1630,524
2115,2259
3641,2978
4374,2563
5482,2769
1848,1915
5301,2199
1581,1571
5884,305
4535,976
3669,1993
3941,237
1370,570
1950,3131
489,2807
1098,636
4365,1696
2527,1422
4850,987
2057,2439
3404,1695
5658,1655
1267,822
1649,924
5016,2188
1055,185
2560,781
5700,2820
2424,920
1295,2089
4142,2563
116,2417
465,319
2989,140
219,852
2060,1397
2519,1157
2748,1017
2142,1207
2958,2547
4183,120
4589,808
60,41
3554,2578
3771,1115
906,1001
4349,3041
2938,2080
615,1017
1869,1048
2619,2300
1679,924
4286,248
2830,268
3387,1125
4827,572
3366,248
5818,1913
959,1766
4056,2415
5594,2959
1975,3137
4172,1809
4219,1655
3544,2240
4554,413
980,2054
2162,2963
3652,1773
4030,413
5071,1871
3572,1255
3209,1203
5833,2194
4064,1717
2942,859
5634,2637
1899,1048
1154,140
1625,1977
5856,2555
5868,1626
1406,1115
4859,645
5697,1744
3154,2435
3792,248
4974,1157
4473,2861
2245,2624
5483,1034
4882,1568
3134,1968
252,2439
4384,1291
263,319
1397,248
5012,2580
5731,2267
3153,1429
223,920
1269,1002
3363,2959
4428,2529
1255,2824
2733,2563
2471,2563
5718,2149
1746,1341
1901,3164
2116,120
5151,645
4196,2933
1219,2578
128,1033
2571,700
396,1787
64,1048
3854,2415
4255,2759
5618,296
4960,296
4234,192
1472,957
4748,413
5627,1513
2081,2758
5107,2975
1012,972
4854,2529
5155,1703
1125,849
3475,2769
1214,140
2735,515
2418,808
3643,101
2996,290
4121,665
4484,717
241,2788
2949,2164
5414,2963
2608,1871
428,2614
4151,2759
240,2563
5648,296
2012,305
1790,2178
1874,2815
761,1511
2177,372
50,2439
2872,1917
1240,957
5428,2435
5519,825
3296,932
21,920
4713,2647
1769,2240
4470,2889
5483,579
953,2620
4898,1646
2386,896
3272,2975
1749,1773
5830,1626
9,2788
4579,2832
4164,2590
1251,1496
4632,214
5132,2981
2202,2472
256,413
335,706
758,1563
935,2953
539,2953
2745,1179
1903,2590
5731,307
2453,778
501,2846
4307,2494
4312,2838
2743,1291
4620,1493
4940,717
4379,2370
4650,2833
789,1034
5056,1831
200,639
38,2563
4202,1919
420,413
103,706
3921,1677
564,1855
256,1702
2417,717
2775,1179
2329,2590
1880,1266
1933,2590
2709,2811
1587,1953
3702,815
3975,1913
3677,2448
4374,2376
568,284
5208,1821
1568,2842
305,813
2762,2822
5778,2351
2722,1703
5353,1421
1392,2616
2925,2062
2536,789
4965,3002
3182,2627
997,3026
2012,789
4175,1385
188,413
2946,2350
5408,539
2939,1179
3278,645
499,2749
2259,1420
4169,816
4365,2448
2625,2709
2563,1831
3707,2448
2664,2637
5030,2838
2683,435
1074,1179
3639,1001
1877,1503
249,2759
1892,845
968,2446
302,1831
3867,1390
1350,296
4495,2679
5691,1766
656,639
3111,1821
1141,122
119,434
4546,924
3721,2504
2291,1493
4748,92
5144,92
479,188
3631,1298
1480,527
3090,2637
3059,318
526,1697
1324,1677
2883,92
4065,1001
842,1179
188,2641
785,645
5699,1253
5718,1495
829,2637
2890,482
4838,924
4984,2439
5378,2366
2833,1668
4314,924
4252,1766
3851,1422
2321,1493
3255,2300
3014,3177
2618,3177
1639,2627
183,2647
3072,903
329,2472
630,1646
2488,852
2101,214
4205,2859
4828,2084
1034,9
2634,677
3699,1001
5590,155
5939,2029
3578,482
4193,755
5148,2439
566,1072
5463,1511
2701,2838
4614,2505
4724,2111
4569,1042
725,2822
2067,1734
3624,1766
1449,409
1770,2679
3102,903
2083,924
2615,2505
3819,3173
2914,852
5495,1207
5605,813
1584,1765
3306,144
3702,144
5360,982
3371,2259
4897,2978
5630,2563
1237,903
2066,2448
3072,3131
730,1072
4388,822
2853,2269
5394,751
3656,2593
1696,636
4050,1766
4726,63
3845,2300
106,2376
3528,2593
4526,1695
235,2032
4939,1110
732,2838
1028,1668
2803,3091
62,1323
2548,852
1655,1766
3885,386
1450,2300
3616,2413
4793,2978
1006,1128
5398,2563
4935,1341
5701,120
4245,140
2206,2054
5043,120
2266,2859
5597,1460
4955,1993
712,92
4676,2578
4280,2578
2513,2736
4018,2578
2378,2511
4570,839
5,2859
2603,2629
2553,822
5146,248
1811,185
2375,2213
2557,1695
1788,201
5220,1860
2429,1695
2773,2259
849,1679
5558,1855
5207,120
503,1042
1356,3173
459,3187
3692,1253
903,1915
3984,2593
5419,1696
357,2910
3521,1371
2707,2578
4479,320
5621,110
4951,2759
4588,2707
873,3177
978,2439
1260,1371
2855,1695
3672,1917
5840,413
110,2629
2388,2983
5244,1291
1882,1125
3107,2670
5600,172
4920,413
5796,1804
5548,1702
1479,920
2573,1982
4440,1496
2726,2978
2330,2978
3961,2959
3832,859
2710,1
1853,2824
2546,1290
89,1001
5018,2641
2012,602
331,2978
5806,1179
2485,822
1571,859
5389,1830
5700,2446
867,514
1008,2439
2345,253
3964,1917
2083,253
1075,1217
3702,1917
5483,1465
5693,1385
5701,604
608,2505
3579,3015
3653,2964
4701,1429
2421,248
5840,1702
4523,2820
4181,639
2381,849
624,1695
228,1695
2468,1757
3631,172
2571,192
5221,152
38,1571
1351,2963
3369,172
5740,717
2243,2578
839,2788
345,1
1701,2029
875,1
1064,2906
2308,721
596,1340
3218,1696
4085,1281
444,946
461,1115
581,1217
916,1695
5721,825
2500,1830
3949,639
1046,987
2221,725
1302,2670
452,248
1634,1157
2083,2481
2458,2358
2074,1429
3377,413
3432,120
255,1397
3511,413
5770,717
2648,1701
1578,1033
979,2394
2292,376
1392,2563
3202,3041
1395,2080
4284,336
1985,3077
4812,455
1723,3077
3120,1696
4968,214
5482,435
1237,1871
1977,2435
5215,845
1705,1747
3229,1831
884,63
4270,1569
5032,1138
1042,1403
23,2178
2774,2190
5480,1493
616,248
3145,413
1550,1055
3377,1702
3752,825
1584,639
1322,639
4727,2195
1879,1496
5413,456
4602,214
4031,1179
3635,1179
2556,957
2239,1250
83,135
1349,2435
2951,1486
3568,2586
5046,2325
5464,2838
5920,2889
3277,2410
4440,825
4727,101
4575,461
2752,2939
1634,1291
3688,409
1651,706
4163,1456
4268,2970
4326,2386
4813,2504
5684,1831
329,1480
3369,1595
5758,1780
848,2045
3403,1179
1834,3042
3415,250
3799,1179
2496,2195
3991,1349
3000,1728
326,1182
1988,2728
1623,2041
5937,964
4997,2032
2745,455
5494,2838
3892,589
1373,1866
1786,1281
750,2641
4305,758
4735,2032
5688,2889
5790,1668
717,249
397,833
3410,845
4855,636
2270,2791
3550,825
2210,296
1659,2637
5276,2386
3004,2786
2556,152
4232,2350
586,1671
4581,2504
1169,531
656,3164
489,18
725,2769
1685,825
2115,409
754,1255
5609,2946
5368,1571
1734,717
1338,717
434,1250
5692,1668
2767,1503
3049,435
3930,2170
652,2641
3992,3048
5840,2320
5442,1493
196,146
2696,2791
2770,2740
2317,2206
476,2415
3549,2478
3981,2889
4208,2114
932,214
3659,2838
5436,924
3392,2494
2996,2494
3896,307
1991,2975
623,2842
5382,1627
3577,1493
1536,2580
2919,1493
4134,2350
5581,524
104,1496
5663,1088
4565,816
5398,1571
1812,1697
4931,2859
4955,1001
1598,1179
4698,1345
1078,2641
1176,3176
5930,2371
2124,471
1086,250
1444,712
1514,3171
1612,296
1669,830
4119,1668
4124,2012
4322,307
1080,435
1565,2170
5280,1700
5480,822
5614,822
2470,2047
5078,2505
1019,2411
1828,2580
551,845
3904,3177
1977,2114
4513,252
5752,1695
1748,2062
4953,524
5841,986
3062,3090
4889,2983
2993,1041
1905,3177
661,1390
205,1147
5425,519
2209,2622
3658,677
1163,96
1648,1831
2429,1642
2656,867
5469,2511
3356,2032
1487,2637
3390,862
470,1041
1284,1554
1986,1072
2724,1001
2125,2170
344,2622
2462,1001
3276,1514
3670,3131
4100,2715
4620,1253
4986,822
233,2791
519,933
3490,1443
3514,339
4047,3054
5200,27
3844,1971
3109,2505
3226,3090
3405,1335
5650,987
2885,2797
5705,1448
1376,1493
2723,749
2365,2007
5899,1
5391,2978
1776,2366
4468,1017
624,2797
1995,195
238,1041
3244,636
3638,1
5668,253
3493,1340
1909,2114
1305,3131
3399,924
1360,2838
2296,308
4913,320
3975,2023
5348,248
3624,1042
5482,248
1819,908
1836,323
3804,2141
2099,3177
2474,2300
3527,1109
3726,2450
462,2627
489,2730
3378,986
5627,602
5367,1429
5105,1429
1022,749
1810,41
4136,1567
1474,92
228,1642
3881,1048
4030,2080
3798,2511
4765,2300
5028,1182
501,2740
5040,253
5780,63
5799,305
3584,1993
1280,226
3310,2922
1596,2906
3752,1577
5672,2415
2704,1422
3206,2572
3715,1695
79,2458
7,892
1509,1217
5067,3015
1304,2505
3248,2983
4060,2861
4695,1157
1840,41
5083,2959
4047,155
974,1058
4723,2424
1483,3187
4650,3077
1587,1258
2057,1207
4032,1752
5453,957
1931,2788
1191,2978
2578,155
2583,1253
5542,248
3525,1921
4776,2435
915,636
5836,2415
388,1873
118,2012
1935,1217
5307,2825
5326,3067
1188,236
4300,1917
4333,1865
3939,248
4439,3015
1743,458
1161,1042
206,1078
5464,1496
3046,2825
1876,987
2211,2963
623,1366
1311,986
1743,1397
1815,2963
2410,140
5855,2815
851,1001
2492,2424
5818,681
5023,972
2199,859
2595,1613
3484,957
5767,1655
1042,1700
3344,2640
1441,1217
3464,490
3992,2861
5277,2959
41,2300
1118,1695
3195,73
4124,536
1658,3137
2381,1280
2866,3015
932,27
574,319
1365,1572
3896,120
5453,152
1583,519
2596,2373
5853,1025
2386,2563
5634,2415
1200,946
4465,1179
4181,1420
3121,2194
516,1253
2971,2435
3475,248
4022,2861
5927,1913
2530,972
4710,983
5307,2959
3235,2481
2894,2188
208,319
1875,2963
4322,120
5862,737
5908,1082
168,920
4729,2164
4388,1871
4863,2164
331,160
1963,2029
1927,120
406,2963
1304,895
1760,946
230,1017
1099,1429
4399,717
5724,214
2685,2953
1515,1115
1303,2922
2365,531
3915,2590
5472,2622
1036,2578
4181,2709
2627,2194
1378,63
72,808
2706,2487
237,3127
3355,681
3537,2415
285,1855
5020,2498
5337,2205
5769,2616
5827,2032
2616,1281
1783,1280
4401,1702
1305,1655
2833,757
4813,1646
1117,2358
1774,413
3326,101
50,1207
1433,120
561,1911
4341,2590
5898,2622
3938,1419
4234,249
2766,2918
4414,1348
4548,1348
1284,1717
711,1855
1299,305
2951,1917
4403,435
2233,1866
2209,1280
2603,645
2231,2759
4433,2529
329,972
1647,2708
4140,964
463,972
5014,1528
4415,2889
690,1917
2075,1465
5105,892
344,1280
5451,1529
4855,717
3356,101
474,572
2432,1702
190,813
3213,1513
4581,1646
2545,825
64,2394
382,983
1710,1717
1696,1819
3659,1041
4459,1656
3798,1385
2010,1420
2540,1420
5160,1703
5941,1514
4898,1703
2095,2467
1341,2759
2549,2637
4636,1703
2105,1465
362,2209
3638,1103
501,2553
62,1917
1540,1656
2910,172
5358,2627
234,2963
4699,1493
5550,2797
2200,1702
2637,1703
1938,1702
2728,1821
118,536
2862,1821
145,639
3910,2730
4483,148
4958,441
5054,903
5883,2448
442,3077
4914,2586
4974,2637
5655,2032
4201,435
1878,2590
2616,1765
3991,625
1616,2590
3380,471
5565,826
5456,1068
5432,482
2813,589
2374,3171
2964,4
4287,2838
863,1040
4717,1668
4025,2838
4321,1668
3994,1273
5816,822
434,2620
4603,2320
2626,1702
4114,2129
5623,1181
2321,1066
2405,1703
3351,2335
1823,789
4080,266
606,3077
293,2580
2745,81
3240,2504
5845,1001
3343,939
4341,41
103,1702
583,3093
4950,1088
1593,1266
1610,681
586,358
4557,2325
3882,2910
1609,456
5253,308
944,39
3334,826
156,2467
5218,1253
290,2467
1129,758
3498,2920
2672,892
3885,1114
2761,2627
1046,2975
3236,2920
3833,924
3969,2505
4284,1385
3824,3090
4926,852
395,1702
5517,539
4144,816
3839,180
545,1646
1739,1626
2451,2586
3929,2325
1360,1041
3996,1103
1081,1626
4779,2495
2633,2068
4252,2978
1468,574
4847,155
129,1179
5533,1422
4392,514
2778,1668
5162,2418
334,1584
1509,1514
1557,2494
1559,877
4828,852
3551,837
4535,41
4411,1695
2597,2007
3712,1694
1945,1852
1284,2335
1322,2627
2841,2367
3091,852
790,2766
587,717
3209,1073
1786,1041
5256,740
1894,574
2016,1503
2274,41
5653,376
1341,2088
369,2709
307,1831
350,2467
355,2811
773,2570
45,1831
1948,2500
3266,826
5563,1422
2154,2376
3238,498
2245,2494
2250,2838
4435,2439
2384,2838
4437,822
1673,1514
1019,2976
3901,2505
800,2114
2923,837
177,2889
5046,1280
488,307
4906,2963
4001,642
42,2472
343,1646
4782,1207
1554,1041
2626,92
1189,354
2803,920
3940,366
5578,2080
5657,2373
1235,2227
786,903
4920,2080
5316,2080
4958,120
4727,2439
1413,1001
105,3171
494,2946
2712,2495
2610,498
438,2822
2508,221
794,1703
4884,1110
4908,1696
5818,1917
847,1529
2466,2439
4646,2450
5472,1280
2048,236
2204,2439
36,2253
2192,924
4814,1280
2603,458
4537,248
2405,1971
4141,248
4922,813
1333,1422
4950,2861
5593,2738
2222,3018
496,3177
4947,2563
3254,2670
4594,755
2603,1397
4838,1115
5280,1460
5285,1804
1804,226
1577,1001
5350,2953
4235,822
1315,1001
4741,1182
2218,2495
5028,458
3085,2080
2753,1341
4260,2572
2496,2439
2231,2922
741,1668
2563,1217
5725,3015
5329,3015
5362,2963
3892,833
3598,386
4456,2861
5091,1157
1118,837
1971,524
2945,2450
4220,140
5438,706
186,1042
1029,2485
4086,2769
297,92
4956,1871
2776,2614
5405,1697
2382,997
978,1207
4770,957
1700,411
1977,3163
4840,1696
2197,1217
783,739
5067,2641
160,1514
3766,320
2083,1115
4891,2415
4335,248
5517,1157
3390,972
2008,1695
5303,639
5437,639
3699,2481
3754,2188
137,749
5555,2580
766,920
5248,1871
143,1695
1480,263
3787,1547
136,524
3276,2563
5601,1235
1008,1207
1536,2824
2123,140
2866,413
1823,602
66,1448
5037,2590
871,155
4756,2348
5062,1866
1896,2578
1146,2080
5284,2467
5909,1738
362,1217
431,822
706,1027
2277,957
1879,130
1022,2953
1798,3174
733,2850
2760,1865
5091,1291
5353,1291
2651,2861
5323,2580
3167,1465
3473,983
5412,1871
250,1915
2910,2563
3206,1393
3545,859
2581,1341
2311,1480
5203,1697
3174,1855
2852,1804
3143,290
440,2978
1909,3163
1572,2080
3017,1871
4543,2590
5269,1004
2430,2111
2034,2111
5143,1831
387,2563
4458,1728
1175,1855
3549,1917
598,531
1828,3174
2537,1419
3688,3015
105,2850
599,1695
2557,2825
3534,296
337,1695
1070,1280
5908,358
4160,758
3074,2563
1326,2963
5629,1697
467,987
1713,1157
1312,813
3082,172
5787,2283
1055,1157
2151,602
3426,1702
3811,2267
43,659
29,761
98,366
2417,721
5072,1025
667,1048
720,120
2733,957
458,120
3030,2641
4456,2190
2689,2348
433,63
2871,1830
3170,177
990,920
5028,137
4166,2616
1048,336
2359,1655
1323,3015
4914,789
3336,3098
2756,1291
4568,152
3780,2580
5048,789
5310,789
2637,845
3984,101
1921,1429
5460,3177
2860,2580
969,982
1053,2373
5568,266
829,413
5834,2637
3318,1179
121,2578
1212,1871
2476,2590
2942,1831
2589,2467
5246,1154
5731,2889
3389,830
502,957
2389,1655
3958,758
902,110
4791,1513
2628,1671
1036,110
2875,1548
1899,2959
5596,1883
3781,307
1508,859
1862,3077
1055,1291
993,413
1117,2923
4360,1677
2531,957
891,2580
829,1702
2990,717
4711,214
4943,1503
4268,2088
1080,3041
2797,1076
3098,250
3494,250
718,1871
3603,2637
979,1646
3608,2981
5334,570
4418,2032
2983,677
1221,1179
130,2640
2838,2016
3295,1703
883,2877
5640,1027
2961,137
1703,2616
4492,2920
1727,758
3549,307
2451,789
4361,185
689,1291
5531,2023
104,2358
1248,2975
1382,2975
1630,825
274,2769
565,1255
3689,2007
1485,2164
1872,358
1751,2283
502,152
586,789
1331,1697
4039,1073
5341,2838
933,2590
1220,1866
3426,92
4940,2494
5041,2546
1447,2811
5241,1668
2641,2791
4062,1996
1180,2467
4702,636
2281,4
1429,3171
1768,2637
5789,2439
5119,924
2285,877
146,1429
5271,1695
823,2580
2771,3022
4968,1694
4156,318
1012,789
3842,128
3737,2586
1173,1646
5127,226
789,717
1529,1281
510,1302
1988,1041
5056,1514
422,3175
682,96
2213,1159
1301,1831
1798,2637
2479,2032
3694,2889
4055,2114
3802,1668
3406,1668
1644,2170
1396,2068
2447,2494
5300,1093
4486,2300
1115,2580
3104,2269
5322,2572
2071,3146
2837,2679
2441,2679
1715,1821
1295,1235
1383,1082
2635,2730
2234,2386
2888,924
3284,924
2762,2505
1454,3177
4787,2413
2522,574
5741,2906
538,2195
1429,2366
5515,2563
1384,903
1451,435
3118,2325
3319,329
4931,822
2957,3131
3480,2906
469,1277
5768,1696
649,2376
5062,524
2242,2627
3393,1217
5657,1865
1579,2283
5001,248
302,1514
2802,749
5445,1982
1931,1422
5254,1624
549,2145
3543,1915
5425,1515
5941,2563
3797,2963
1161,2709
5478,1341
5552,1290
94,2504
1238,677
2833,1001
2437,1001
5436,1115
4073,2080
1234,3187
2175,1001
2593,1514
3739,514
5413,1131
5065,2111
2138,1873
3356,2439
5949,1865
92,2616
1305,2838
4421,319
5689,248
2072,1253
4293,319
3627,458
4389,781
4062,386
889,2371
713,2145
5226,1655
687,924
3624,160
112,2679
3049,1915
5575,2563
1535,267
1022,2900
5389,895
4993,895
5399,1583
5048,602
5781,187
1359,41
309,749
846,2674
4177,2029
4497,1253
5266,1993
3540,2906
4607,859
5319,1819
2232,2824
3507,514
4054,3127
5828,1696
1621,2670
2256,966
917,2325
3124,2439
4547,27
5259,1953
5061,248
90,826
4890,366
2142,837
4468,2363
3790,987
3475,1915
1257,2366
3595,2963
4051,3014
5746,1290
725,2505
3249,2326
3531,2978
3135,2978
5258,1701
1743,2259
2524,2824
4637,859
1080,1915
4375,859
4218,3127
548,2054
3485,1290
472,1278
1697,571
5520,2640
2839,1115
3035,1993
2402,2080
4162,751
3470,1921
115,482
1744,2080
2379,376
2580,2352
2864,2111
4060,2918
4347,2194
2382,2367
4121,161
468,1509
881,924
5091,2877
5124,2825
2834,956
1447,1335
1959,3173
5876,1871
2645,2188
3770,2563
2022,2963
5513,1819
566,2983
2077,2670
356,3173
607,540
4101,3077
1157,2670
5166,957
3581,3041
2170,2080
2409,376
4562,2825
3895,1696
4849,2189
3825,2620
5021,983
1459,1695
2140,336
1424,920
3795,1465
4096,639
4540,2373
469,956
2549,3015
4230,1393
615,781
1542,2861
2781,140
463,2639
3890,1702
5829,2590
5414,96
501,2342
656,1
1673,2563
3168,1717
3137,152
1480,2922
1776,1752
1803,1855
800,3163
2853,1147
4305,1917
3415,2348
3494,2641
5347,1503
3024,248
1417,1819
1620,458
2356,1280
4260,1393
1550,2348
1536,2450
2656,2481
5908,789
5947,717
3982,2580
4316,1702
5859,2590
3658,1702
1552,2394
3326,963
5299,681
1307,2563
1169,2629
352,155
1902,1460
3920,2641
678,2769
409,2352
3360,1486
1682,2625
4929,589
2427,1281
4056,435
704,957
1451,248
2633,1157
1318,2348
5382,2786
564,2640
1340,2861
2371,1157
2830,1671
927,248
2811,1429
1104,1830
3195,2358
2157,639
3688,1702
4180,2164
2043,1291
2368,859
4758,1646
5618,2504
279,966
3319,1081
1853,413
1371,3113
5311,1041
889,895
4320,1420
1338,721
2236,1871
5276,2740
2201,1096
2681,2487
4940,2791
3832,1831
5941,2376
2924,2622
5646,738
1360,1419
3879,896
1372,490
1179,849
5273,2627
756,1655
2224,706
1804,120
2249,1702
666,449
65,983
4499,200
543,1547
2819,1266
5006,4
5897,2427
2268,1917
3909,2586
1077,3174
2111,1179
1531,2590
1135,2590
5072,1001
5908,1273
2769,2842
2895,2981
4519,825
1019,2415
1893,3171
2745,4
1948,2878
360,1281
2125,296
2783,296
4768,1529
3737,789
1159,1671
4975,2007
2411,1821
251,1496
1872,789
4423,713
1341,372
1721,593
1525,681
867,681
3207,1913
3680,2325
2663,2981
2732,2586
5194,1529
390,1281
2000,2637
4232,2838
1007,2189
5811,185
4150,1493
934,2842
2751,2047
3739,461
3069,1390
5284,1422
4089,1217
1635,2889
4445,852
5329,2104
1640,789
5790,1001
1091,2267
72,2288
3291,456
5132,1001
1591,2590
2050,2350
3382,574
278,2164
5684,1514
5431,1068
1795,1831
5484,140
2244,903
3765,2032
5402,2481
172,1179
4000,2838
5442,2920
2085,92
3267,1001
2682,2068
4134,2838
101,2467
1391,435
3201,2633
1219,1671
4634,909
3507,461
5422,201
3749,2438
4871,852
2634,307
1932,789
3778,924
4552,318
5870,2054
3924,749
3390,2505
3032,2797
4403,1915
60,2062
4057,1278
5323,2824
4845,570
106,717
2012,903
5362,308
4505,3131
1048,1385
3020,2413
413,645
607,1642
2806,1703
4669,1253
1006,1913
746,2740
5718,320
1769,2838
3620,873
4260,267
41,2170
4836,1366
519,482
5693,263
1845,2833
4094,1695
329,358
5389,2481
389,409
520,1646
604,2283
4346,2670
4227,2978
5591,895
3065,1001
3576,1705
1028,1298
3261,2633
4211,1
4835,2080
5363,2199
4642,2439
2787,498
4536,700
3538,2352
4300,1921
683,482
4561,2450
1918,1217
4117,524
2117,2366
4727,1207
3018,781
4692,2152
4699,879
5500,376
3709,140
4533,1341
2590,2963
3975,2511
1332,1278
3804,2629
5399,2953
1230,1001
4962,700
1648,1514
2155,3008
2114,1
2468,1253
2864,1253
3998,1182
3213,3127
2807,2439
5804,2627
3892,1695
1349,2386
5867,2240
2918,1489
4348,248
4881,2963
476,2232
1283,1766
1639,647
4753,1465
3562,1002
4813,1516
5558,2424
4477,1567
3505,2188
3548,2824
3809,879
1760,2105
2890,2824
3873,140
4175,2922
4975,531
1260,1001
4441,3041
3350,1496
2562,514
4883,1696
3382,253
4755,2450
5682,2086
1919,822
1177,185
5738,1429
2954,2435
5910,1913
5948,2205
2656,2778
4643,2394
1916,524
949,1489
2232,2450
3641,140
1206,2054
2388,2963
5024,3025
2721,2614
921,2824
2772,859
5771,973
661,1207
3321,1855
2209,2439
3059,1855
2343,2439
5299,1917
4874,987
1794,3163
4428,2590
5464,1984
1535,1182
4935,2394
480,2300
3063,284
5129,2637
344,2439
3683,1655
4163,602
2566,2861
1623,248
3507,1429
3980,895
2677,1911
2689,982
1085,2824
3198,859
2100,1341
2866,120
3418,3077
553,2963
3029,1804
4166,1250
4,277
260,2152
2476,874
2569,1819
4310,248
302,2563
3060,336
5830,2842
1721,1695
3464,1917
2118,2297
4974,413
915,319
5134,2580
2255,2568
2964,813
1391,248
345,920
2685,2152
4882,824
3836,1496
5665,2216
3357,2959
5427,358
2593,2563
1065,1017
2727,2563
321,2963
4268,372
4414,2641
5209,2350
833,859
5024,2570
1970,305
239,120
1803,1131
2398,2472
151,1993
538,2439
3249,2086
5914,826
3278,572
4257,2842
1817,248
413,458
4916,2478
4976,2529
1643,849
3649,2959
4284,1255
247,920
20,1695
758,1624
2491,192
1181,2481
3604,1496
3447,758
4507,738
4345,1908
4990,1646
2098,1429
747,2963
599,813
5124,1646
5386,1646
5571,645
3083,1235
1966,721
4220,681
2723,700
1126,2959
3941,1266
4779,2365
1613,3077
2991,1646
744,413
1131,859
766,172
1308,2441
5427,2586
5303,830
2321,131
2636,3175
4026,3067
2949,1420
2713,2641
2307,1953
724,700
3745,573
5154,2427
3376,2396
1879,2415
1129,1917
867,1917
5695,307
958,1281
3642,3077
5108,1493
2998,2975
3067,2580
2671,2580
3072,2924
367,813
3201,2580
4584,1493
4307,461
5150,1904
788,2563
894,2959
4898,902
5383,2637
433,120
171,120
2143,1148
3659,1179
3729,1918
5140,435
2123,681
4141,1862
3805,1913
4595,2032
5663,1873
4494,2889
3075,2067
2538,896
1457,39
798,1157
2073,2257
3169,1702
3231,2580
3472,1703
5450,1765
3578,409
1537,1496
47,434
5014,2366
5692,1298
4386,2797
3665,2283
4305,1677
1017,706
4969,903
5043,852
36,1773
1082,1855
3976,455
2651,958
3451,1765
4043,1677
218,1255
5407,2068
1556,2677
2566,96
2628,1728
3488,2586
2657,214
2001,1041
4821,2910
3403,4
2140,1385
3656,2170
452,2590
2998,2170
3951,3027
3261,2580
5074,323
3252,774
1287,2637
3360,307
4268,2145
4063,2679
5178,2366
1556,3027
381,845
5207,852
3175,1493
4527,1093
979,1703
2490,1390
3615,1765
4974,92
1316,1096
5882,2730
5414,2084
3578,2637
4393,2032
4419,1001
4553,1001
1982,2088
578,2298
2173,2622
2273,574
3957,2633
499,2005
729,2467
1030,1641
4968,2906
5608,2300
3779,826
3378,482
4677,2730
2528,2032
1812,2616
3321,1668
3312,2114
5143,1217
72,625
5075,524
4813,524
3419,1422
5817,2824
5841,966
1169,645
4321,1001
2437,574
4410,2736
331,1266
1941,2622
105,3175
3663,1001
4174,1705
4677,636
5169,2788
3199,897
3804,482
2885,2427
266,1780
1481,2637
3604,2114
1035,830
2344,1514
1284,1534
2397,2838
2678,636
2829,2495
3247,3008
5045,1971
5818,1921
1409,482
3711,1422
5523,283
3511,2300
5376,987
2236,2920
4791,2054
458,2889
4872,2393
5460,2563
752,1831
4410,1581
5005,2922
5203,1217
1218,1072
822,1072
2422,2494
4645,135
328,1503
5178,2850
5034,1646
2647,2612
2024,2633
3392,514
2996,514
4562,2352
750,2889
2601,924
1154,498
3315,267
3941,3173
4032,2537
2430,1042
742,1493
2564,1042
1614,1422
2612,524
3488,1915
5524,1393
359,1728
3356,1207
4908,895
5439,531
778,2089
5119,1115
2758,2978
4592,2352
877,2068
3592,3177
2900,1341
4156,2953
5615,2450
4290,2953
2318,2679
5704,987
2779,822
652,2889
2858,1869
5372,248
5738,571
5657,2861
1901,1078
3045,1695
3745,386
3528,1849
598,1340
1214,148
3858,263
5688,1393
1144,318
3124,1207
1176,2485
1873,2413
1754,1001
646,41
1102,92
1888,1001
823,677
3784,1253
5293,305
5754,700
4582,2199
4802,253
583,2910
5476,2641
4285,2178
5949,2861
307,1514
527,2978
2989,1921
489,2494
1659,2080
2564,237
4240,2435
4878,248
5140,248
2803,253
3558,1849
1070,2439
5425,2861
1204,2439
2178,955
3680,1280
3735,987
598,2629
4160,1917
2339,1058
5223,1414
3156,1280
5684,2563
5749,706
551,1093
986,267
1841,781
1557,1022
1354,3137
3534,2394
1705,1674
206,1058
545,524
2341,2824
3387,2906
2684,3163
4838,1953
1550,982
1553,1253
5464,2415
4182,336
2905,1819
1095,1341
780,2269
4818,1486
5694,2877
396,1340
1006,2023
5082,1532
5896,1291
5517,706
472,1335
510,1627
5935,2939
4852,1255
2412,2825
3453,2563
3059,192
844,160
2318,3163
2824,2769
3660,3041
5150,1851
1125,1341
2381,2199
5249,1830
937,2044
453,3163
2934,2348
3087,2590
3409,2641
3713,2086
783,1577
4166,2620
3620,2861
5910,2478
4392,1620
1911,3189
5543,964
2738,1655
1668,987
331,3173
2726,140
3569,1583
4206,706
4734,3077
5427,789
2854,2769
3554,1460
218,263
1348,982
2248,2959
4378,409
1487,2080
5625,2467
52,725
2211,3077
4709,1677
5060,214
2880,957
3840,2985
4475,1281
5836,435
772,822
3573,2641
5013,2088
519,376
2115,336
3789,1707
1989,1917
650,2522
951,1696
1643,1280
5185,101
3803,824
3992,2975
1702,1860
5465,2370
2853,1204
4360,1681
2990,721
1247,1465
1252,2563
1648,2563
3606,2939
5261,96
923,1341
1057,1341
5090,214
2989,1250
4123,1179
3044,957
1559,239
1822,3093
3281,2590
5177,2842
2188,972
796,253
3091,214
3982,2637
5025,758
1807,1280
2292,3015
745,665
1466,987
1528,1865
2727,2189
3040,434
4501,758
5215,101
5487,789
5621,789
4091,2580
770,2415
2291,2790
1396,2877
4173,892
5002,2437
1664,413
1877,706
2880,152
72,572
2780,2954
1219,1460
1257,1752
3633,2641
5130,2622
5744,41
4806,1744
3820,2467
52,859
4017,2981
3255,214
4263,4
4182,3048
3826,969
4531,758
4758,1703
4121,2580
4950,1873
1512,177
2904,2616
2083,932
5111,2730
4421,2283
1979,2272
85,1157
3044,152
659,1429
3271,1097
1202,2580
1390,187
4898,2622
3026,1266
1687,1871
2561,2627
2160,2283
2599,2919
1033,1081
3607,2709
3679,1831
1191,2421
1478,1697
3333,1194
1184,1250
4438,2637
2056,1179
2842,2088
1646,1281
581,957
5483,2494
5111,636
383,972
3785,1668
5676,822
2886,101
4541,1422
2670,2920
330,1496
466,3077
404,2199
4303,318
218,2975
753,101
3814,1093
5023,2859
603,1096
5876,2546
480,2194
5144,1873
703,1677
5584,2145
1224,2877
4414,307
2822,2910
1380,1138
2942,1514
908,1328
3284,2217
2883,1873
307,2616
2599,2114
2886,1390
816,1739
2359,2627
2008,1646
4976,195
521,101
753,1390
1274,2590
3244,2791
959,1266
360,2627
1874,1831
98,2627
1843,266
143,1646
2605,589
1003,2504
2780,1344
1171,2088
1768,92
5892,1335
2962,826
5818,2352
513,2842
3925,2371
3939,2269
2433,482
3689,1340
2730,2920
2418,1113
3765,2089
1765,3177
813,2730
5593,140
5197,140
3440,986
5633,2922
4616,2080
5089,2300
5474,2111
4065,1977
302,713
4082,1392
3899,2439
4057,1335
2823,236
2897,185
1061,738
4702,319
4965,3173
813,636
1236,1493
1446,2269
1790,2833
1795,3177
4852,263
549,2283
158,2627
1770,2366
361,2232
1104,2505
1221,3090
5672,2476
4507,982
5930,822
3648,2978
4243,155
5437,135
2732,2188
5,318
170,2637
4325,2439
1064,2325
252,195
3798,2922
749,1001
1220,2838
2060,2320
3061,185
263,2047
2534,1422
2608,1371
1959,3177
2334,2300
3702,181
4151,2259
61,600
221,1821
3404,524
3340,2983
1449,1385
3804,1397
4933,982
220,2350
356,3177
669,1422
3525,1982
3876,519
5621,602
5548,1255
741,1298
3017,1017
5620,1131
35,318
3658,2511
4814,2199
5210,2953
4948,2953
889,2859
4146,1511
3561,2578
3353,185
5634,248
5481,972
3441,1695
4611,1089
1686,924
3656,1125
3635,248
2138,267
2998,1125
2175,2778
411,201
1569,524
1173,524
4313,2563
4053,946
2017,3131
809,1001
3992,2922
468,708
2853,1151
2839,1253
1581,2978
2264,3008
2348,1393
2792,3127
1331,2803
3437,2111
1723,1341
3078,2178
7,498
4121,299
2340,751
499,960
3799,248
1834,2111
1999,458
2928,3173
1008,837
3940,1419
4714,813
333,1422
4793,1860
1565,1694
5405,2616
2320,284
1967,920
5593,1913
3261,2824
5947,721
5594,3077
3954,536
286,852
4725,413
3713,2167
929,3173
4463,413
1999,1397
2343,1207
3499,895
2174,2152
3346,2373
3571,771
3970,480
2614,2424
4018,1460
4483,1819
4529,2164
5608,2194
2082,2563
2717,859
1325,140
1328,411
4072,1696
4081,1250
218,2788
2035,1993
1577,1115
469,155
3977,2590
5383,3015
5011,1157
890,185
4114,2861
143,2614
1480,1182
2163,458
3371,336
5520,1034
1292,1131
2032,1695
3611,2240
5569,2616
882,2953
2162,987
2241,1280
197,2850
1680,2933
2377,2861
2597,161
2745,813
3423,2189
3745,2240
3791,895
2488,1157
4725,1702
5929,2370
4463,1702
98,2090
1397,366
4998,2800
3272,2959
2747,859
2119,1290
2881,859
4440,2472
5271,1646
4887,717
5532,455
4245,1250
3940,614
5060,645
2682,3093
633,155
1221,2769
5201,2570
2608,700
4287,2415
5849,2791
5931,1103
3689,214
227,2850
5745,2441
1185,79
2541,2861
2890,3015
5679,101
2279,2861
2914,1157
629,386
3354,1429
3908,2769
2330,1860
4293,2580
5785,2217
4100,2939
2183,120
4569,1697
2401,1511
3617,1250
5090,645
1041,2959
542,2080
3233,2041
5334,1005
354,2029
2133,1696
2773,336
4067,1486
1880,1250
4946,2586
3428,1728
546,2199
2781,1917
1893,3175
4362,845
5618,1703
3739,1620
5556,825
5330,482
4626,137
1771,1465
2633,706
919,2188
310,2861
945,1157
998,2481
5929,2504
2990,2441
4497,1420
5063,1831
307,2563
3624,1266
3741,1851
3340,1507
3679,973
1982,372
3964,2088
335,824
2938,938
2532,250
4781,2118
5648,1703
847,972
3507,1620
4990,1703
2853,830
2882,1568
3037,2637
5062,825
2054,2877
1295,2825
4542,789
2943,2975
3958,738
238,110
2991,1703
3664,291
2488,2580
55,2877
1326,3077
519,1291
2403,2472
2716,717
4958,852
5431,1072
570,290
1750,372
3708,748
4988,2946
1963,1419
1655,1266
3952,1862
3697,589
2308,1831
3750,1913
1996,778
4054,3078
2703,2360
3988,738
4723,204
5017,2371
1739,2842
5693,1422
5113,2833
4010,2217
1637,845
1131,2205
2163,137
2707,789
126,434
977,1738
4699,749
4148,3090
4743,267
2305,2472
2601,1302
457,1702
5225,41
5675,1001
2158,3176
1363,461
3097,2637
1593,1677
1684,1041
2909,2586
1006,1917
2573,2637
720,1523
691,593
4469,2889
4276,2494
5131,3008
1373,2842
5919,2300
3319,1703
5461,1422
1044,1620
3721,1683
4845,924
3907,2627
3788,461
2578,1668
3892,2504
1149,101
5562,2413
4550,1915
4283,1571
959,1697
7,1250
3004,729
1653,573
2090,574
3640,2633
4791,1977
5271,2614
866,2637
4937,1048
5699,1371
5599,201
4613,924
2875,2012
497,296
5194,2367
5772,1849
2136,2612
2485,2766
1093,2047
4393,2089
630,825
3441,1642
1777,2679
4432,2983
1832,2386
1436,2386
4072,2448
4318,1915
5764,1207
4,1302
4132,1001
2628,41
231,1493
3870,1001
5095,2546
5506,2080
91,3176
67,2590
843,2811
1877,816
865,2570
5906,2199
3296,1668
446,2586
4381,924
167,3171
2337,2494
2342,2838
2638,1668
2707,1273
2772,1668
4460,1217
4608,1115
258,845
3668,493
2465,2679
2819,3177
2461,1217
4078,2054
714,307
3816,2054
2271,1093
4513,1228
5186,570
5394,2963
4803,2495
2852,92
1854,1744
2248,1109
340,96
835,1765
4276,2978
4538,2978
1659,714
1012,903
1163,1072
3511,2357
3273,1253
4890,2090
4267,2111
2808,924
2773,149
4019,319
5722,2620
4495,248
3624,3173
2375,1042
176,789
5162,2963
5806,813
5811,1157
1559,1422
1345,3156
5517,2373
458,852
797,318
1568,195
2433,1397
4317,2578
3185,1032
4773,2629
4336,376
5299,1921
4877,700
5342,305
3547,1613
4863,2522
4331,1695
40,2032
1504,1873
3118,2439
671,2838
27,2736
4659,248
4110,972
1276,3177
3700,1074
5727,1809
5644,54
2325,524
752,3177
332,339
1655,3173
4874,1341
3487,966
5440,1752
5820,1219
2979,1
3677,2029
2942,2563
3797,3077
5590,1696
932,2963
1204,1207
598,1397
2599,3163
4617,372
2375,237
3547,458
4073,2194
2230,822
1602,1253
2066,2111
3482,972
1419,2300
3709,1917
27,1581
371,2145
4101,2707
1465,201
4321,2481
2824,248
998,1489
2175,2054
4661,1583
194,1694
359,41
3098,982
5311,187
228,524
3301,1341
2485,1
5661,1697
5735,1646
2707,602
1609,330
3092,413
4570,152
5334,1302
2601,1115
4521,1953
4578,2487
235,2634
5400,2861
4598,1419
835,155
2143,1957
5520,1465
3873,1917
707,2629
509,924
4652,1655
2969,2450
5858,706
961,267
436,1577
1236,2192
1647,972
2683,366
1048,2141
2156,849
4506,2769
2875,536
218,1125
4674,101
2781,120
2215,1429
389,2670
3092,1702
5353,2641
4890,1419
3897,409
865,155
2546,253
5710,2878
159,3147
3903,1917
4975,214
281,2578
685,2439
1776,1732
4479,3016
2770,2590
1559,751
2450,3174
2605,833
3059,249
3403,813
5820,1703
2599,2708
918,920
5758,825
1391,386
1000,2450
938,1572
2115,2137
5678,307
3446,2580
2245,1429
2188,895
3580,2580
2141,2769
3927,409
2218,2235
1167,2563
1406,859
1566,2080
869,2906
4405,973
1614,808
4945,2415
1287,413
5224,1830
3475,285
2193,2178
3196,2590
183,2578
1683,386
4916,2616
320,597
5914,964
4222,2959
2068,1917
3984,536
1030,2450
2150,2481
3282,1583
372,2450
2991,845
3937,2975
1177,1157
3214,2580
4319,825
4890,614
3348,2580
2171,2769
2875,670
2178,1496
3957,409
4454,461
2312,1496
3394,1235
3790,1235
4831,973
3528,1235
3886,1697
942,1290
5753,2709
3624,1697
3698,1646
675,946
626,1993
3613,784
4733,815
1419,1629
3927,2637
2356,455
5561,2889
5695,2889
5299,2889
1882,572
3547,137
331,1486
2186,983
2196,1671
2387,2959
5859,1765
1559,296
4269,307
2099,1738
564,1465
4816,2920
383,895
197,1671
823,413
1298,1460
2067,2954
3256,2590
3574,1179
4155,2622
5000,2448
4981,2206
3700,2981
247,253
758,957
362,957
5682,2253
1124,1280
2774,1503
5699,1668
3823,2822
4117,825
4151,409
3590,2062
3726,2889
307,2189
4285,409
5522,1217
4037,307
5014,2504
1246,896
5351,1335
4931,749
4000,1179
863,2821
2152,409
1930,1528
5374,2258
4732,2791
3362,1831
1509,717
2295,1626
5337,2376
2001,1179
3780,92
5705,1082
1284,1538
2409,1913
1010,2467
1607,471
251,2415
2471,2791
4379,2114
4876,2920
5948,1217
537,557
5068,3090
118,573
4352,2920
2697,101
3614,1493
1773,1702
2791,3146
3063,1390
4885,939
915,2580
1380,2939
5836,1915
2861,2195
2601,3022
2508,579
3101,1093
5045,2325
1189,2590
1781,250
2746,2622
2763,2791
5803,2906
1455,2709
5051,1581
364,1918
656,1538
1131,1831
4080,892
5637,924
4534,308
3240,3130
4516,1422
240,2791
3516,1493
3941,3177
469,399
3903,441
5386,524
761,1739
4331,1642
1475,1082
456,1103
1609,1082
2813,2504
2773,1385
1517,1493
3697,1504
3695,677
1811,250
5398,2978
2053,2227
2063,471
5679,2439
903,1041
3131,2032
3143,1103
5469,2629
3165,862
5746,1217
5023,822
1676,964
631,2016
4346,2300
3088,2335
5949,987
4841,27
3485,1217
5634,1915
4221,319
902,789
1036,789
1540,2766
143,1703
2106,3177
115,409
4951,2824
1145,924
4293,2824
3899,1207
2428,195
289,939
3081,1514
1634,1088
536,816
1460,3187
3602,2906
4354,1787
4376,2300
4388,1371
828,2910
3760,1048
3844,2439
4727,837
4699,2953
3978,2439
3436,924
5721,1695
5717,987
1723,3008
2769,3090
111,825
2511,2300
3450,41
1048,1149
2182,1078
2161,201
5482,366
3355,181
3040,1109
3897,2450
4981,2824
913,924
2033,955
4910,140
5481,895
1138,1042
2693,1001
2297,1001
4699,859
2720,2824
464,2791
2670,1017
1331,2376
2012,1017
1506,3131
3218,822
3600,924
2189,155
5153,248
177,482
182,826
526,636
2281,3127
3752,1695
5568,1429
4465,813
4470,1157
218,1422
992,816
1124,3187
4813,1496
3892,2614
2488,2824
1743,2670
640,2054
5182,3056
3036,185
4175,458
3848,63
5756,1076
2206,859
3121,2178
3592,1571
4509,2963
5173,2189
4261,2861
3452,248
3999,2861
1325,63
488,2572
1999,2259
1713,1865
3996,2563
2843,140
1659,2568
2416,2547
492,1001
1686,981
2121,155
2319,2614
5593,681
2236,859
2000,2080
5806,1728
2924,2199
3873,2348
4155,1280
3885,1419
2123,1921
1121,2111
1778,920
417,1766
5052,2959
547,1058
2942,2189
3004,3067
2856,725
4336,1291
2379,3015
2016,2963
2572,966
4633,2975
1221,248
4881,3077
5015,3077
1286,1397
3256,1598
4477,1681
1114,1290
4244,2641
4531,1917
1508,1217
842,602
4185,1280
4694,1157
5707,2257
1285,2111
779,253
2305,972
1756,1696
3277,2825
2482,110
4779,706
1513,248
2409,3015
2082,2620
246,3173
3851,845
1424,176
1603,2393
3401,1548
2453,2563
2396,2029
2117,2614
2559,2959
2514,1496
663,1017
4162,1646
1915,413
3159,2954
5843,1744
660,3163
3846,3103
1568,305
3975,2759
4787,2637
2,2439
2216,1280
1889,131
672,3173
2224,2861
2573,3015
4371,2170
4431,2975
732,972
1962,2861
2332,2394
5414,291
4541,137
5597,2627
1175,2481
2221,2563
211,2963
4025,2472
5804,1385
1915,1702
1621,1255
934,2769
461,859
1727,2405
3967,2467
4719,1348
2470,234
3373,1728
2719,3190
4560,2981
2726,1917
4710,296
2404,1866
3763,193
19,3143
1082,2640
1605,2415
4604,2529
4905,1703
2881,2205
4020,2478
238,972
2201,2446
5916,2730
3839,1908
5048,2920
5103,2627
1975,413
5834,1385
366,1157
3399,855
3146,409
2096,1871
334,2373
5243,2637
3873,1677
1811,2641
5560,1001
1040,320
1623,2590
2215,250
4928,2976
5916,636
575,2435
1657,2174
5043,482
5523,1873
757,1917
5780,2438
4968,308
3237,3129
2915,3078
372,3015
2695,2580
2633,1702
2218,706
4398,717
17,572
129,813
2863,2164
3396,2627
4459,2124
4963,903
1009,3077
2435,2626
5792,2448
1296,101
3603,1385
3230,645
2548,2503
4513,1606
4102,574
2233,1179
5590,1001
1025,3021
1608,1127
2310,645
5746,1514
5469,482
2977,1862
255,336
2750,2637
4223,2032
5207,482
3565,2032
2858,2170
3973,1103
5387,1581
5394,308
2510,706
2704,1703
5789,837
30,2877
3980,1493
5250,3003
5888,816
382,296
3448,2386
4993,903
395,2975
5548,1125
4421,677
5756,1828
5776,1514
1423,973
874,1697
636,2283
3936,2325
4638,1843
2769,4
80,2590
3395,2910
398,1179
384,1281
2225,1072
1659,2381
1330,1159
5129,2080
2794,1754
5206,2300
1190,2842
4965,3177
4674,2439
4333,2146
1019,2960
3290,2335
5114,267
2605,2232
2175,204
2273,1493
2581,1646
1588,636
3792,1041
1667,1683
3243,1765
5127,2946
674,1235
1897,2145
2060,1385
360,2765
642,1697
2748,1005
1846,2365
3966,1571
3821,2910
2787,2653
3855,2494
4897,2080
5370,2300
1822,2910
1825,2427
4442,2439
2508,205
2430,2766
2093,1683
2218,2129
0,2580
1106,461
1722,2679
189,789
932,308
5801,1705
431,2766
1792,1728
2883,267
362,717
3815,1001
3157,1001
5268,2373
4662,2563
460,471
3896,1340
1740,225
4210,2439
2020,2494
3732,185
4212,822
4477,339
5817,2588
5464,972
2365,2906
2764,3177
3356,837
2879,3127
1382,3146
2148,2679
2461,924
2877,3054
64,3130
298,1082
2846,1489
5117,110
263,307
2560,903
2634,852
3133,2485
4943,2963
5568,571
4133,879
5881,2199
5738,201
748,2981
2221,2376
4215,3163
2207,226
4366,2578
5491,2953
5890,972
1874,1514
4773,458
2068,2511
2899,2439
2503,2439
5593,1917
94,3130
4772,987
3702,319
3349,955
4906,987
1981,822
4973,2963
2003,1335
5489,813
1072,1765
793,2350
929,3177
132,2833
810,1765
271,3177
5486,2959
4227,140
923,1642
1377,1058
2905,160
329,903
4842,413
3118,1207
5055,1460
4401,2922
3243,155
5225,1871
3382,1253
4132,253
1735,1705
4956,700
2175,1977
5623,1917
2118,3163
2405,2439
5311,110
1383,1253
4889,2861
4302,849
2008,524
1180,1833
5347,706
5438,824
890,539
4426,2578
2877,155
5139,1696
2000,2511
887,1207
4679,957
3939,1147
5439,645
4919,2861
4520,146
1749,2111
2379,63
3165,972
5906,296
718,1371
4271,2825
451,1027
2767,1865
1368,3173
3269,3015
4957,120
201,852
1335,781
2644,2963
2658,2861
5330,2580
5643,825
5364,2164
4294,1496
5283,290
4032,1496
4761,1871
3906,3077
4907,1696
700,2670
2861,2439
4793,2348
4862,1953
5469,645
5512,1281
5264,1179
431,1
2437,2111
976,1787
1055,2080
4229,2949
1065,1078
36,411
1863,1058
1682,2178
4318,2240
4552,192
49,3090
2537,248
2141,248
3318,813
21,1042
5432,1702
4107,2959
5187,1871
736,987
3716,859
5266,2164
338,160
2148,2358
4223,101
4314,1717
5112,1697
3314,290
1072,155
1208,982
2376,1993
4513,614
946,982
457,2511
2664,181
310,771
368,2439
3324,1917
2300,2348
3353,1157
2828,2467
1622,972
5558,2164
2972,1465
4773,137
5050,2889
5562,2283
2966,896
3805,3129
2890,120
3344,290
959,1567
5336,250
1480,2959
5210,1831
1569,1496
3527,2626
3682,285
442,1048
3102,1696
2916,2472
5304,712
4270,455
5445,2637
5696,4
957,1871
3254,2467
1457,2194
1743,336
2312,2708
1610,3190
3501,2344
5380,2427
5492,1702
5867,825
3664,1584
4823,789
3429,2441
2734,896
2635,2580
4032,2919
2815,1235
5427,903
666,1291
5251,677
3093,1179
560,1804
851,290
1383,1871
3475,1281
3867,573
627,1336
4863,2258
2559,491
3872,2637
4164,2257
3959,2791
2902,830
5115,789
3353,1291
1548,1157
252,2590
2544,2842
4531,738
4655,2494
890,1157
1886,2842
1898,1913
4596,2853
5394,2833
3623,2283
20,2240
316,1070
674,1532
1078,1393
5870,318
4362,2622
3653,1179
2908,1025
3596,645
2262,96
4268,2206
2881,1831
3263,435
4219,1001
604,2641
282,2590
3728,1703
3702,482
1701,2688
1866,1035
197,1728
3404,825
1351,589
5487,903
3018,789
3441,1646
5462,92
1317,2698
986,3093
1922,2283
2968,2365
1065,1696
1106,1697
5017,2859
1756,2745
1684,1179
2487,1503
4383,1001
3892,1703
614,2174
2682,2910
4738,411
2262,2324
2716,2494
770,435
3843,498
4908,822
2096,2786
890,1291
2736,3146
1569,825
1173,825
4864,523
5301,524
1999,409
2895,924
391,789
2287,1041
2149,2797
2421,1041
1714,1179
2896,2088
4279,1001
1404,199
3384,1088
2663,574
794,1179
5787,2080
2067,2206
4030,482
286,214
1251,2586
1542,1072
1311,2637
1647,2586
3042,570
3281,2838
3443,1668
934,435
538,435
5186,924
2904,636
405,845
1661,1703
1396,2186
3187,924
2925,924
5664,1865
1913,2678
3133,1627
5803,2963
1324,2283
75,152
545,101
2164,1765
209,152
2888,1042
1482,1179
3335,41
4577,1001
1232,250
5896,2373
5170,2269
3926,482
2026,2740
1341,2637
188,214
1396,92
2578,1001
3390,3131
3357,739
4637,2937
4642,837
989,2185
4029,2300
5939,1696
3984,837
2623,1683
1883,1873
3351,924
3034,1217
1188,1082
976,2889
3495,2366
4803,1694
5123,1110
2701,2505
1655,3177
4776,248
3131,2089
1393,3177
4693,2465
3425,92
3258,1110
5507,2978
2179,1642
2392,2689
936,2709
3844,1207
5211,1115
4299,1787
5682,700
3982,2080
5835,1696
317,1913
4840,2111
5489,305
2995,2578
5183,2450
1522,1493
3447,1921
4068,319
2848,3090
3894,920
5869,1465
4045,1089
4057,160
3661,160
779,631
2403,2639
2685,1571
4956,192
2554,2054
5030,895
255,1385
389,1385
2638,1001
2999,226
607,524
2665,2824
3014,2978
409,2791
3475,155
3711,2906
5127,1767
579,2448
5132,2111
3609,2629
4808,2953
2951,2629
1545,2012
3873,1921
5361,2348
913,981
729,3146
4287,972
5751,813
4025,972
1613,2146
2096,3054
4302,1280
2361,319
4787,3015
5031,1655
5019,140
5776,2563
5862,1583
3976,329
1061,852
1474,267
5256,1773
5901,757
1560,41
3170,1397
4937,2959
1552,1089
17,816
2894,1
3479,2906
3897,413
1775,2824
3888,859
4303,1855
5767,1696
3055,2578
856,2325
3406,1115
835,1448
2962,135
5252,1250
2177,2080
5943,2861
3596,458
4725,43
1158,411
2209,837
2023,1613
1919,2953
5412,192
3397,248
1504,267
1941,268
5007,2358
5177,2769
5184,1496
3045,2240
3802,1465
4547,2373
4526,1496
1596,987
1286,2259
4896,275
3848,120
1019,1915
2048,330
3949,172
587,6
4729,1855
1273,519
175,1001
4303,700
2212,2424
3318,305
2942,957
913,1115
488,185
2177,336
5341,2769
1409,2450
2529,2481
1808,1967
3174,1465
2964,1655
5509,101
5781,789
1713,2861
770,248
2005,2481
3695,413
3249,2578
3371,1255
3885,1476
1278,2906
1643,1341
2241,2199
4896,2503
391,602
4156,249
3259,1953
2512,972
110,2080
1588,1819
3742,2861
1701,1696
1835,2450
3061,2877
2693,2481
3390,1655
1528,987
5752,2838
800,248
1877,2861
2068,177
538,248
180,540
297,1125
298,2481
2829,275
1874,2563
2144,172
2667,2199
1385,120
2266,1855
3307,839
4187,3103
3882,2467
3531,1486
2861,2415
406,2199
5948,2376
4831,2616
1909,1968
2637,455
4855,758
5307,101
355,3173
3263,1671
4758,825
205,196
1275,1830
2859,275
2115,2975
2829,1564
1141,2769
1509,721
4809,9
1536,824
617,2769
218,808
3239,681
2843,681
4849,2791
2564,1266
1895,1696
4574,2586
5639,2910
4909,1344
4489,4
2147,1917
1397,1419
1538,2590
822,3174
1937,2861
4318,122
5569,636
5583,2786
1288,2415
4526,825
1286,1588
3951,2580
3703,2478
5030,358
4393,1235
4429,892
3873,2889
497,2825
1545,536
4647,2283
2541,2975
1942,172
194,572
5803,1971
2814,101
4899,2504
2948,855
2024,1702
5329,2088
5620,574
520,1496
3911,148
4076,2467
5407,2910
199,1855
5008,195
3910,677
35,700
2478,2811
3142,2791
5836,2269
1772,1831
1419,2467
2517,2739
3807,2427
326,849
1338,3067
1656,1656
1713,2190
1900,296
128,110
3903,2889
5744,236
4811,2283
5587,2504
5611,3090
2557,825
1161,896
127,639
2380,2626
2292,527
3543,1041
234,2199
2144,1595
1022,737
1662,131
4663,1072
4487,92
3110,1159
990,1953
2373,2586
1220,2415
3968,2910
1325,1677
3792,964
941,748
5798,822
5641,3090
5396,2505
2557,2114
5167,201
370,932
2889,409
2978,1390
4814,837
1388,3130
2362,892
3578,1385
5933,1397
5330,2824
3291,574
1185,1266
4277,2325
4232,862
682,645
2951,1637
4207,2495
4467,1668
4711,308
24,645
1292,574
2813,1703
3198,1514
5822,2505
3363,1581
3659,411
3060,1580
3894,1217
1552,3130
3806,3090
2610,2283
3823,2505
3427,2505
3107,3089
2849,2299
777,101
1350,1683
5333,1001
2848,354
4753,160
4,1871
1740,148
2237,200
3698,524
3140,2448
1743,1385
4442,1207
954,2622
1188,574
5868,2476
5343,376
1607,3187
5315,2300
5253,1422
1371,2910
2097,2822
366,2637
3993,822
1577,2786
5675,2054
5802,1829
2920,2300
3257,939
2085,2438
1331,2730
2088,2709
574,307
4643,1089
3958,986
5560,2481
3292,1125
3263,195
2318,3171
4462,519
3474,2859
5212,1017
3075,144
5705,1115
2054,92
3752,2049
3986,1
4397,1033
4929,2614
1701,2448
5345,2300
5534,2199
551,296
4350,1217
234,589
1077,2032
2292,2889
1574,2838
55,92
103,1072
4155,2439
1259,1514
1789,1514
1742,1668
1331,636
4089,1819
1754,1493
3084,2300
701,240
2024,2320
458,482
2036,2145
654,2114
3892,524
5595,2825
3088,3173
4504,2034
493,2920
1264,2797
1961,1971
5715,1429
4364,2963
1637,1093
1797,816
3266,1001
331,148
3904,2978
1896,41
523,318
1715,1915
2899,1207
5564,2199
2635,2824
104,2586
4185,2439
4586,531
5174,2953
4419,2111
4157,2111
4322,458
1609,1115
4123,248
5019,3015
3321,2778
3861,248
5043,1157
4322,1397
5898,1671
1923,524
3922,1655
5386,1496
3676,2188
2974,2670
403,3003
1740,1571
2657,2963
3980,879
4842,120
3823,895
4738,1460
5440,1732
1811,1222
773,1001
1919,1
5718,922
2516,1977
4792,1696
2612,2439
2665,1511
4943,1865
1942,924
335,2495
3819,372
4619,987
1298,822
4856,2620
5255,639
4945,1911
984,2352
3935,1486
5678,742
3785,2481
4831,2563
5466,859
4511,895
4817,413
1021,3173
3003,725
2559,2963
176,903
1351,833
2877,2306
5362,2199
4859,824
3097,2080
1488,2824
4189,63
3755,737
4173,1250
3832,957
3803,27
3911,1250
3570,957
4203,2590
3797,1902
4055,248
3155,2435
438,1253
1694,2111
992,2593
3800,1419
2351,920
2124,1695
4215,2415
4349,2415
5698,54
119,2439
4467,192
4909,1291
1395,2983
4279,895
4981,413
2190,1002
4392,18
4555,1702
899,1089
3206,2373
3230,2959
3574,2769
1518,2824
4627,824
5838,973
2113,1
1292,2481
1447,140
2586,413
645,2670
2720,413
3833,1717
3222,1563
2933,1460
2938,1804
3003,2953
4118,2640
4529,1420
866,2080
3274,972
4117,2415
5617,1913
2742,1865
283,2439
3239,1917
3899,681
1477,3173
2793,110
2633,2861
3268,1157
3951,2877
1449,1125
2767,2861
3727,1671
4694,706
5222,825
879,972
3738,2769
1909,2049
3349,1496
3012,413
3091,706
4490,152
4574,789
2502,2563
5482,2627
2975,2975
2013,120
2488,413
2894,1855
2968,1804
4172,2472
817,1033
476,740
2871,1871
1806,1547
233,982
333,2906
369,2563
4082,1266
4227,681
4989,250
5360,2637
2053,2178
3531,1917
5098,2637
1034,2953
3317,645
2527,1280
4423,778
5206,2170
3036,1157
4514,896
529,751
319,1695
3424,2959
5635,1529
2266,192
2049,1655
2393,1465
3222,758
388,2963
1930,1963
3012,1702
792,572
3846,1147
1769,2769
2347,531
2488,1702
4327,1420
5289,1831
901,2959
1168,859
1388,3077
5027,1831
3886,1677
2389,1696
5464,2586
3609,645
797,1855
1198,2953
2715,1866
4489,435
2827,2861
2166,2590
3935,815
2178,2415
3152,177
5483,2047
2312,2415
5612,1703
2329,1830
3129,2637
3184,2344
5848,482
2867,2637
2101,1414
93,2641
1246,2620
4768,789
2610,1291
5167,498
3169,2975
4198,636
5488,1078
987,639
1066,932
689,982
2506,187
3046,1821
3263,358
3939,2627
4980,2365
895,1050
3192,1646
1662,1717
3252,1697
1089,1855
5177,435
519,1702
3024,1281
4865,1072
5330,677
3953,1744
5634,122
3770,2791
3293,2637
4375,2376
5225,2546
2563,1071
806,1917
4624,636
969,1157
3333,2975
5919,1422
4100,1390
1963,2769
1187,296
1727,1738
975,413
1596,2975
1200,2975
2289,2939
4295,2797
535,1804
683,1702
4017,574
834,1871
423,839
2603,96
2230,2709
3708,2448
2982,2344
437,1646
4172,862
4258,636
3611,825
4975,2906
4471,1683
1673,2791
2817,964
1351,296
1361,1738
1423,2616
4754,1217
693,1050
3871,2627
502,1482
1417,2047
3991,1231
2210,1683
5407,92
362,721
4443,574
1155,357
1998,1800
2092,681
116,665
2714,435
3932,1001
2048,574
5823,155
3670,1001
5363,2614
857,1831
547,3103
4649,1581
3611,2114
3153,482
42,1655
780,830
4290,1648
5379,2366
5620,1489
2137,2494
2908,2371
4434,3090
5916,319
1118,825
1634,1873
3024,1765
856,825
1326,1528
1226,358
1405,1821
2265,2679
1897,2283
2401,96
2604,2145
3545,713
4524,2983
3013,852
4536,2054
5377,2670
5456,2963
5639,2670
3935,144
1087,199
1078,645
2635,677
2914,92
5596,1253
668,2467
3259,1258
1091,1072
3789,2012
103,214
5870,2953
2964,2838
5445,2023
5593,1921
3418,3008
2649,1514
4464,3090
5680,2829
4426,354
4615,2505
3684,3127
2488,2320
5482,2090
757,2889
4752,524
5347,1865
5285,987
4965,1571
2014,185
4316,1125
1133,2422
238,789
1862,2797
4498,2859
1917,2504
5026,2978
5631,2563
1020,266
1011,712
4827,1048
5307,2439
2499,2859
5441,2439
2375,1103
5176,2922
334,2190
5623,1921
3818,1787
160,2791
3200,2906
2914,2320
5488,1696
4383,253
899,3130
1284,2941
3034,924
995,2838
1931,308
4527,1695
2772,924
728,2494
4980,2983
5912,2963
5664,2861
3785,2778
5254,2963
2522,749
2384,2505
5593,177
5923,2563
1929,2864
5900,859
334,96
3525,2824
1316,2637
170,1385
2193,2910
4738,602
5930,2953
3652,155
4543,2578
954,3187
434,677
2533,2978
2514,2736
2779,1
3529,1253
76,2689
5914,1696
1774,482
586,1448
3487,1027
758,2494
5479,987
1926,1253
2619,1971
5716,2620
4202,972
4527,540
1368,3177
599,1683
2304,647
681,1493
2764,1571
615,1627
5415,413
2237,2054
828,2674
4140,1033
4078,155
1213,41
3816,155
770,1915
503,1571
5286,1696
3471,120
5341,1403
5797,1646
358,2910
5158,2450
96,2910
3840,1680
526,2494
2322,822
283,2736
4208,386
4519,248
4381,2758
1532,3177
2270,2352
367,1683
3333,1849
5570,2394
1879,252
2581,524
3935,1917
3644,987
3648,1860
1626,3189
3460,2563
2973,1
798,1088
3198,2563
3986,1855
4970,305
2869,1341
3000,2578
3664,1804
352,1001
1255,2495
5642,1866
2693,1115
4324,1850
5184,2708
5640,2759
5239,2415
4227,1917
3189,1696
1983,201
2550,248
3732,1157
3231,2861
4365,2790
4464,2769
4867,1496
2728,2240
3003,1
3992,2959
3228,2563
5905,2626
4217,3077
3353,1511
2773,2922
3850,1563
4903,372
5849,250
2571,721
5269,2415
1867,376
5370,2467
1108,2044
2472,715
777,2439
3105,2348
4268,3015
2714,248
3261,2861
749,2111
1048,458
5817,2405
655,1695
3253,1465
4022,2959
4509,3077
106,3173
830,2450
3640,413
240,3173
3662,172
2239,140
3072,895
3082,1583
3240,2923
3378,413
3774,413
4866,2560
3312,2045
1581,1860
1034,1
1894,859
1658,2080
2735,1475
1472,2856
3136,1819
4151,336
1379,413
1859,1804
4099,1866
3154,2590
654,3163
3813,1280
4608,989
626,1115
4198,2811
13,2578
3824,2570
3055,1830
4746,2616
551,1695
2514,2415
3846,639
3939,830
4374,758
4665,1496
2744,2877
1141,248
2894,192
1278,2963
3739,18
1426,2861
3604,2045
1823,2497
622,1346
3640,1702
3774,1702
3378,1702
4978,3124
1284,1465
5501,2145
2008,1496
802,1
1423,2563
1767,2373
4379,2041
4718,1507
3790,1646
4836,1728
5127,214
882,896
5830,2586
3640,2641
918,1115
3714,2590
238,602
300,2234
422,3163
4237,645
1511,1629
3020,681
2662,973
3918,1831
1196,305
2457,1507
3202,2415
4336,2344
4551,1744
571,253
3735,2878
856,2866
5369,3130
5737,1082
5835,2371
3834,413
4703,825
551,540
647,248
2515,2616
2756,1547
797,192
1318,1584
4348,1765
1225,3113
2689,2954
5523,1503
5741,2894
2492,1851
1036,1871
3686,1831
5399,2376
2634,214
3475,830
3940,435
2214,1348
4918,1514
5104,2458
5334,2920
4112,892
698,536
175,2481
4731,2627
1269,1291
1207,413
2045,758
3934,2283
4710,2504
2497,101
3734,717
644,2959
3728,902
3528,1780
5028,2032
2093,1179
4357,1073
3574,435
4792,1001
5260,877
547,2245
593,2590
3441,845
1006,2759
5509,1581
5767,2371
5810,755
5901,2371
1613,3171
4889,1873
355,1486
3450,2062
3586,2889
5778,1217
3324,2889
5528,1042
4172,2232
2923,101
1044,18
1978,825
4397,2350
3624,148
1585,2062
5582,1278
3582,2366
3226,1041
5908,1448
4019,677
5920,519
885,2590
3072,574
4560,1001
1394,2467
2593,2791
4799,1017
2266,2396
2378,2637
874,1677
3255,2910
1720,2637
3616,2889
4344,1376
5808,1217
5863,924
3724,1668
4194,2371
489,2775
2666,825
3433,738
1695,2580
5007,939
4310,1765
4408,2300
320,1276
2923,1390
4162,2833
5874,524
2192,2632
5691,1571
4588,955
1226,789
4636,1935
3380,2797
143,825
4229,1022
1641,250
4879,2824
868,1266
2831,2740
4223,1207
4221,380
4042,2889
3357,2032
2961,2032
2987,1001
807,1744
812,2088
3453,2494
4060,2906
5096,2300
5593,2352
2866,482
362,2791
2535,877
4505,1078
3839,1217
1726,738
5614,2640
1390,789
722,101
2737,1765
3461,1042
4170,41
2511,1422
2055,1179
2528,837
3834,92
764,1266
5043,2824
4115,2963
791,3089
3929,329
3354,2084
3151,1001
1418,3187
4787,2080
5907,2111
4582,2614
5535,253
3107,3146
177,2637
1641,2478
4535,1078
5051,2126
4648,201
5873,248
1260,2786
4740,3173
722,1390
801,1683
2238,1421
5660,140
3664,2690
183,358
4338,160
4145,2963
3085,2983
4847,2481
5835,895
3737,1448
4145,519
3443,1001
5834,2922
4306,1376
5218,2424
3819,2978
4817,2080
4791,859
355,815
4221,514
5948,957
3890,2629
786,1001
2088,2766
1121,2977
3098,185
295,1703
4106,1695
5133,781
866,2458
5637,2758
2710,1766
4986,1485
3441,524
4234,160
4824,1157
2012,2367
3776,248
685,2797
1320,1093
427,2007
4446,982
5217,859
2419,1967
120,1298
1777,2500
2369,160
4724,172
2442,2890
563,2807
986,2910
1060,2859
3474,822
688,1001
1390,1273
1536,2788
3355,376
4401,458
5256,972
3134,1131
1716,1443
1525,2629
4183,2450
317,307
1777,2850
4473,2963
719,2007
1073,2505
2140,458
5767,895
161,3177
3413,1485
2872,2824
4985,859
1542,2983
4828,2373
4336,413
1877,987
2560,1017
1161,1571
4470,413
4518,1393
4943,3077
5626,101
2852,2357
3762,2578
3012,2080
3091,2373
2609,155
2724,859
3486,1182
2839,1371
4855,1917
1966,1217
214,155
2210,1577
749,1253
3574,248
4756,1157
3025,972
4093,813
5540,2959
4824,1291
3129,3015
5369,3077
1596,1125
2824,2379
4973,3077
4634,413
4470,1702
1512,1397
2754,859
2993,3127
379,2824
3108,3077
1583,1048
2383,1855
4940,1624
4377,2450
5896,2190
4303,249
1090,1115
4786,1157
3356,146
2838,2435
4920,1157
596,2300
1320,1577
3020,1917
3374,2415
4871,706
2412,1280
4530,413
2286,2861
1890,2861
4065,1774
861,2194
2654,813
4958,2580
5271,825
1215,1002
4651,1871
2913,2959
5148,1923
2605,2614
1237,2481
332,160
2586,120
3472,2199
4112,839
4561,665
5896,96
920,330
2905,1563
1666,120
1840,1993
1778,1115
1862,1752
3545,957
4744,1281
3916,2590
1206,135
762,3127
2957,972
553,2199
2745,1281
4567,830
4030,2877
4639,706
425,2953
1597,3174
1769,248
3230,572
4740,758
4756,1291
4919,2975
4967,1703
4988,2580
5707,1513
5039,825
2475,639
2447,2563
1776,2358
2644,3077
5170,1281
1073,895
3592,372
4922,1179
5261,645
89,1
3946,2590
448,2563
52,2563
3357,2195
1733,941
186,2563
979,2199
4731,830
1231,3174
1606,2297
1799,248
1317,2194
548,700
5393,1703
5367,482
4756,2580
5778,1514
2338,1465
5815,2335
5536,2920
1336,1655
85,2861
3545,152
3686,1323
3679,152
819,1136
4057,1266
342,982
4353,96
4418,491
2981,1507
4895,2365
1515,839
5051,2878
5619,1642
675,3077
3927,1385
2282,2472
747,2199
5914,1001
2373,2590
4909,1482
1053,27
3069,573
5724,877
5880,1390
4119,2494
2555,1291
4771,205
1395,141
2787,2580
488,1157
2489,2923
5555,2007
622,1911
3923,1801
179,1341
578,1050
2959,2283
2964,2627
5177,2586
5471,589
366,413
4867,1606
1522,855
1508,957
3258,2350
4598,435
1115,2194
2292,2759
3379,2842
5325,1703
5116,1529
4550,2838
355,1917
388,1865
1859,625
489,1917
35,249
4192,3130
4992,1493
2392,896
5183,307
5613,2335
5733,185
2493,1702
3264,825
3823,2509
2293,2580
5566,1765
4855,441
4910,148
2735,1235
1675,1255
302,778
2482,789
5085,903
2965,1697
4890,435
1705,1097
607,825
1686,855
32,2580
366,1702
846,3093
2897,250
2623,1179
3466,2622
2833,2709
4177,2448
2783,902
4484,2376
738,1281
3847,1001
4714,2838
4318,2838
56,2415
5766,1422
3147,1529
979,589
1877,1739
2615,1668
4358,924
4432,873
3024,2627
4232,2505
4492,924
4151,1385
4531,852
4008,2797
4548,267
458,2580
2939,1765
2531,250
953,307
808,1646
3717,1278
1702,2088
4744,2838
5372,155
3615,1001
4778,1668
666,250
641,2637
2745,2838
4388,924
5231,2367
4658,2505
621,2170
3928,185
4468,1627
3088,3177
5471,1073
1350,1821
1778,3022
2549,2145
1055,1873
1451,2627
1948,2679
2564,3177
3295,1935
4202,2639
5695,966
180,1646
3630,2413
1157,3089
2110,2448
4267,1
1094,2740
4826,2439
2417,2376
2670,570
2458,3131
3711,308
218,625
5837,268
3280,1253
270,2478
867,482
631,1703
5794,3015
5892,140
4144,540
183,789
5169,2963
3369,3173
1862,2504
432,1493
2598,1606
3336,781
595,3177
134,2590
430,1420
1268,1765
2780,1088
4297,1
1124,2740
534,2709
2628,1448
3333,483
3944,2357
969,2637
4646,2629
5042,2629
5071,1115
473,3187
1161,2807
366,92
2735,3008
4910,1921
963,2822
3184,2080
52,2376
3822,2367
2717,924
965,2114
361,3131
4998,987
5562,3015
5822,2188
2076,339
5347,2861
2625,1335
5848,1157
1021,3177
2335,41
587,441
5871,2080
5929,1496
3085,2259
430,2709
2696,986
3255,2670
495,852
607,1093
3795,140
4686,2563
5330,413
1417,144
5555,531
4622,2578
3872,2080
637,3187
4529,135
1996,1514
5236,751
1650,877
4480,1182
4898,1695
2279,1048
3165,3127
2747,924
2497,2439
312,2838
4729,2640
2168,1217
3166,319
3152,2141
366,2320
3998,849
5932,639
1634,3003
352,924
2726,986
2060,1125
17,1385
1980,2859
4134,895
5743,1871
2852,2788
3697,2614
4378,1255
560,92
3879,376
4476,2352
3409,1393
3046,1341
3748,859
1284,1843
2230,1
2347,1340
3763,201
2524,2922
917,329
5365,1696
2527,2439
5879,1917
2608,1115
3358,2367
5011,2861
842,155
183,1273
2867,63
1502,201
461,1217
5354,2446
662,2439
4554,141
1331,319
2465,248
2031,3174
3191,160
2203,248
5128,413
4560,895
5797,1703
4035,2959
2656,1
4777,2815
5510,1646
2666,3163
4818,372
2691,187
5695,645
4776,2590
5184,2415
1620,2300
5689,830
4586,214
2351,1058
3223,987
377,1115
1853,27
607,1577
1751,2194
230,1627
343,1504
2760,2394
5117,789
1163,2963
1392,571
2990,2856
5948,717
3518,2975
777,1207
5364,1420
703,2978
2609,3164
4806,2590
2218,1064
1129,1100
1308,2563
1943,859
3018,1871
3051,1819
5272,1831
5315,2467
2235,2953
722,2439
3635,1281
3812,1917
2788,2348
541,1115
3340,2861
1012,700
2944,2861
597,458
1452,972
5158,1702
4473,845
903,1696
3633,1393
4087,1563
2151,192
2008,2358
136,248
1318,1157
597,1397
5576,148
5223,784
5839,3002
5772,1780
1271,1341
1577,859
1341,2080
4056,2627
1315,859
5436,1831
5174,1831
5933,2637
4852,1780
5648,1646
3075,1250
5883,830
2517,3174
3890,645
1438,700
5161,845
3084,2467
3529,639
1447,1917
2992,434
4222,3077
3415,1291
199,2640
3432,706
5311,789
498,2707
3698,825
1941,1671
4742,1800
4444,2335
1834,1050
2601,1717
786,895
4459,1677
4550,1041
4333,2504
5379,2586
4457,2570
1000,824
4897,2088
2872,490
1213,1871
2345,973
4365,2981
3248,2467
1999,336
1341,336
1873,1917
2155,849
1823,110
5672,2838
5444,1668
1387,2963
4749,877
43,972
3060,137
3631,892
4534,2386
1580,1291
2583,737
4959,1626
1318,1291
1256,413
3498,1302
830,1702
1635,409
1721,2435
3631,1831
4360,2206
3732,2637
4809,1278
5210,2376
5284,2325
4948,2376
812,372
5371,789
629,1419
2561,574
4483,2047
367,1419
4154,825
3947,2976
5227,2730
4124,2114
4322,409
2095,2272
1548,413
4956,924
5496,2366
3755,1493
1086,1291
1559,1703
3481,3176
2010,2164
3799,1765
1784,1821
3668,3002
3308,2467
1594,1697
2239,681
2745,1041
4261,1072
2743,214
1022,717
2063,455
5208,2838
2861,435
5853,706
913,1713
2434,2842
223,1266
4201,240
5548,2906
2979,2376
1690,2344
1886,4
2767,1739
3665,2889
1743,2170
2462,1103
3639,1668
5382,924
5817,852
698,1532
302,2498
5016,574
2445,2627
5731,519
1667,81
2296,2504
3702,677
5133,570
5252,1982
367,614
964,2590
5840,2906
4243,1001
5150,1705
5451,879
3200,2910
906,1831
2881,2376
3277,3130
3669,1668
4149,3059
1907,2170
3407,1668
4536,1253
1155,845
4442,837
4046,837
2384,2509
5414,2690
1016,3130
2475,2627
1611,307
3168,339
451,3129
2877,163
2390,1765
5299,1397
1414,3176
5751,740
3070,3187
417,1266
5157,1
1411,2878
5580,2578
542,214
5117,602
65,2504
5318,2578
3482,3131
5521,1217
1247,969
4941,376
5667,1042
524,574
5660,63
307,2791
646,2257
5560,2111
5259,2937
45,2791
1721,825
1308,2376
3985,2439
3589,2439
3656,1971
741,2494
3394,1971
5264,248
3292,1694
3500,677
2961,2089
3350,1110
4936,2634
5445,2511
1145,1042
3447,1982
5620,822
950,574
3990,1443
5105,376
3759,3008
5590,2111
1147,1088
882,1571
2183,482
1338,2376
937,2032
1615,964
1921,482
2136,2356
1721,2114
3552,1217
5758,1695
1468,1668
2146,600
3935,1921
2469,1253
3219,2505
3525,2023
5294,248
791,3146
2503,837
2620,1422
2899,837
118,2114
899,2679
1212,924
563,2730
269,2283
3574,1915
3672,2450
5826,1048
5879,120
3616,3080
4361,982
1527,3187
300,815
1265,3187
4474,859
4940,2352
3780,2922
1856,1376
3320,1217
3387,2439
2838,3163
3454,1217
3573,2629
4227,1921
4242,2953
5453,2348
2294,1787
3302,1577
3658,458
3964,2450
5519,1655
4175,2670
718,924
4560,2481
4956,2481
469,1940
551,2504
5239,2769
137,2864
4208,2029
2833,725
1845,3065
300,2104
1525,1397
3421,895
984,1982
237,1001
1536,2495
5932,1420
870,2634
1930,2614
1121,1
4939,972
5386,2415
2418,1422
2115,1613
2163,2593
4904,1917
1406,924
4666,813
311,1889
2618,3173
2735,540
973,1042
2852,1125
5371,602
3894,1465
4033,2563
829,2983
4826,2199
5022,3077
4153,413
4378,2975
1219,1448
469,196
2403,740
5921,1419
1824,1033
2672,376
2818,201
4934,1917
1515,1217
2437,2953
1716,2439
1174,924
2833,2953
5016,2481
4811,3015
714,2629
1490,2850
1898,1921
769,3090
5521,896
3592,2978
4827,2959
1799,1915
3662,1465
3175,3067
2760,2825
3426,434
3787,413
621,1125
5404,1250
2566,2959
720,2824
2437,859
2521,1496
3612,3041
458,2824
1843,120
1607,1341
3198,957
5051,573
4421,177
202,2080
2433,336
1717,920
3467,3067
5655,2939
1082,180
1966,1624
416,319
2119,2620
1288,248
4507,2580
3044,1429
3383,895
2228,2563
2171,2029
4468,1871
1438,192
4588,2919
2007,120
4646,645
5465,748
5284,2622
3097,2194
1295,1577
3611,2415
4824,2637
1376,253
3349,2415
4923,1862
3409,214
2411,1866
4300,2637
1714,248
4661,172
447,3173
5256,1513
1603,2861
4275,2580
2372,1157
290,2435
2420,639
4727,1923
4574,2647
4591,2062
5599,1852
5485,2504
1063,2358
3817,2641
4187,1420
971,2769
1544,187
761,2959
57,2614
4456,1056
3410,1728
523,1855
2419,1353
4473,471
1725,1696
4349,435
2635,1917
2239,1917
2893,455
3526,2842
2447,2620
3538,1913
3061,39
716,2435
2354,177
5050,482
3002,2842
5076,1703
5454,1097
1875,2394
5664,1873
2408,413
2430,172
2034,172
1812,1291
2564,172
2626,1804
4527,1646
2870,2164
3613,1683
4239,1179
2529,1871
5564,1642
323,639
5450,574
5712,574
1871,1871
161,2563
400,859
1016,3077
5835,2859
5121,1072
286,1511
1702,372
1423,957
2770,1179
3155,1744
1949,249
2752,573
5044,825
3428,2842
5642,1683
1210,849
3572,2032
1707,1655
270,1917
5850,2386
4057,1323
3045,825
1257,2358
1558,1532
603,1568
4505,3176
2115,137
3851,2386
4575,2417
3193,2386
177,413
595,172
4031,1041
717,1855
1900,1646
4841,92
5300,2858
3860,1159
140,531
834,1851
182,1696
1324,1486
5462,1873
3667,2427
4099,2838
4555,2889
147,2641
4791,1668
38,1917
3323,173
5169,308
339,2811
4795,1787
2524,722
2983,482
2964,240
3344,461
522,983
1898,2889
3018,2920
286,706
2192,892
7,1291
3804,1385
3582,2504
177,1702
1381,2370
5901,2859
1854,2590
3048,2570
66,1871
1284,2437
1358,2386
673,2283
2507,903
5487,1529
2899,195
5461,308
3845,2325
4955,1668
908,645
4505,2371
5377,2300
1505,2032
4949,2366
536,2170
106,896
450,706
3949,1335
1621,3146
3790,524
1247,461
3809,574
3623,2104
439,1456
2292,1072
1311,1385
4396,1273
337,1179
1699,3187
1274,2257
5345,1422
1121,2981
1105,2448
2781,482
4438,2438
1569,862
800,122
2462,1668
3212,2920
2002,1683
1950,1493
2346,1493
2375,3177
1497,2679
2641,852
1999,1385
1598,1041
3914,1125
4220,1397
259,1646
1341,1385
1919,867
4627,2495
4885,1033
4964,2080
4401,2906
5072,859
4838,1217
1961,2032
92,2637
2754,1668
4247,2439
4373,2578
4037,2629
2232,2495
1879,3131
5042,458
1079,826
3245,185
3176,2300
3114,1422
5423,1089
1374,1683
1527,2679
5376,2963
1186,2386
2776,2366
4980,2963
434,307
551,1646
3923,248
4456,2963
43,2371
499,3176
1237,2351
1751,2572
1689,1694
3996,2978
4915,1033
5464,2029
1064,1642
78,2365
3457,2700
1991,2032
5394,2199
4408,2922
4124,3163
4279,822
3621,822
5710,2435
3129,2080
4261,1182
1238,482
606,1703
580,482
2877,1078
3080,3127
4011,253
1559,308
2412,2439
4215,248
5397,1157
5450,2481
3578,1125
4349,248
5548,572
1599,3090
11,1493
3712,1125
320,2248
3279,2963
3941,2116
5414,1511
4834,2922
4672,120
4388,1115
2596,2906
317,2889
1893,3163
2034,924
2182,822
3020,1921
3885,3123
29,1668
3983,248
4513,248
4117,248
4664,2861
5556,813
2207,2572
2809,920
5825,449
4440,1655
2774,1865
3108,987
1719,2983
4661,2563
2710,160
5912,3077
1743,1125
2665,2861
3207,966
5043,413
342,852
5650,3077
2243,1448
5727,1045
2456,2495
3664,2373
4968,239
5818,409
2786,155
2,1915
2662,2563
1545,2049
3061,2080
3455,2199
5476,645
536,2788
121,2546
455,1668
128,1273
1981,135
1322,1253
587,1787
1898,2352
103,2906
1579,2572
461,924
1185,201
2350,1695
3964,3015
5087,2563
1143,3173
5073,413
231,3091
5207,413
5043,1702
5418,825
1825,2224
213,41
3036,2373
2365,1414
481,987
4758,2472
420,2963
2628,2578
1067,330
5096,2467
2422,1921
2773,458
3628,972
5445,177
529,2906
4925,1831
5818,2637
1949,2640
3143,2620
538,1679
2057,1419
3320,38
3597,2790
4201,1773
1004,920
5207,1702
5224,1871
5303,2164
5485,1646
3238,413
767,2670
450,2963
4546,3124
991,2563
2233,305
2694,700
2847,1696
667,2439
4268,901
4277,455
2733,2348
2619,1280
5575,758
1180,2435
5478,825
5216,825
4151,1255
1701,1383
510,920
4285,1255
3182,639
3521,859
5119,892
1635,3015
3815,3026
3493,2975
3916,3078
2672,1291
81,248
1263,1157
2314,1583
3300,2580
4350,152
2178,2476
5382,1302
2830,187
5896,1523
154,2978
868,1567
551,2614
1260,859
928,120
2944,2918
2691,2472
5690,2586
170,2922
889,1855
3525,1917
2916,2590
574,531
254,1115
3246,250
2258,2590
4562,1913
463,700
1602,973
2142,2415
3355,2637
5891,1529
4929,2838
5612,2114
1221,1281
2305,1655
118,1419
3098,1291
4860,789
897,1157
1733,1429
2872,1702
3371,137
764,1567
523,192
2995,789
3344,1697
326,1341
3017,1302
5596,830
434,120
2459,2472
4233,1041
5043,92
91,3164
1225,3093
3276,250
4764,677
3176,3052
4592,1913
889,700
3972,2205
1286,336
4779,1739
331,372
5389,1668
4757,2889
4356,101
5335,2371
5169,2833
3975,409
4140,2920
5544,266
2223,101
1003,2118
805,413
860,120
3697,2350
837,2580
5207,92
5470,2946
4833,1571
5738,482
3415,2637
2656,1831
2047,2504
228,2472
5815,1668
5715,498
5183,2889
1372,645
5374,205
828,2467
2027,2791
700,2467
1278,983
1550,2637
2773,137
5242,1217
101,2138
3000,1082
2463,3129
2862,2838
3562,2283
2793,789
570,896
969,413
3744,1765
3725,1523
5499,92
4678,2572
2436,1683
3914,1422
1973,461
1035,2164
3991,1642
1090,1871
3144,2709
916,2472
520,2472
2471,1677
3529,830
5585,2495
208,665
4134,2859
4067,1637
5323,2495
5583,1668
4158,1001
801,1179
4576,1514
5794,2080
5207,2320
3641,482
1607,2740
3713,358
5079,822
1154,1482
1293,2580
4223,837
3961,837
1053,3093
3646,1765
5148,2090
2753,2679
2493,96
1593,2283
2059,3022
4893,1571
1042,2180
1465,2283
2895,1042
1496,2350
4378,1125
5088,2978
5382,981
2744,92
3054,2792
760,2467
719,214
517,2709
1610,2637
2687,1278
3083,2032
3244,2889
4837,2578
2218,1739
766,969
709,435
2703,1222
4632,1422
5418,1577
1302,1703
3561,1253
3712,1422
4182,2125
5899,160
4844,524
5840,2963
3240,2366
1841,2920
2100,2622
3153,677
4856,2978
4863,1705
4840,1
1435,3171
5468,2044
2990,2376
2615,1001
1154,677
4956,1115
469,574
2793,1273
3655,514
3075,1925
3940,3127
5294,1110
5803,987
825,2838
2532,185
2136,185
4338,3173
2435,2504
1826,3177
2144,1766
3271,524
58,1390
3542,987
5887,2563
3239,986
374,1626
477,2505
4570,1429
5248,1115
3744,155
633,574
784,3187
5853,700
4392,376
2014,2824
4366,3127
5300,524
754,2032
1413,1668
3040,2439
3725,852
4986,2054
5239,248
3931,920
1458,2350
3046,1695
5644,1465
5558,1
2347,1694
4305,2824
4255,263
1445,3054
2861,1915
4389,1017
1803,318
3413,176
4232,1033
5412,1115
2934,2393
644,524
969,92
1043,41
2531,1222
2440,2824
401,574
4907,2111
5303,2111
5621,700
595,1571
3990,2439
1622,3131
3334,822
3466,2439
3017,1115
3201,2922
3925,2953
5482,2985
1315,1668
5071,1953
5136,2348
5269,248
5403,248
1786,1253
3603,458
2001,3127
3076,1695
3790,284
1362,3177
2814,1695
3736,987
916,3090
1494,852
2779,2640
2533,3173
4243,2481
5288,1429
3293,2861
4969,895
5196,1840
674,524
3678,982
1288,1915
5333,2111
1174,847
2244,2481
5119,839
5618,2472
2712,2357
876,2910
5210,957
5236,2178
5542,1696
3226,2578
5843,2590
5245,2641
5870,249
5911,1004
3416,1921
3316,751
1351,2614
4453,1917
1168,1217
510,1217
5178,2358
233,185
5374,18
1468,920
4467,1034
119,837
3904,1860
4959,1496
4924,721
5609,824
4084,2959
1051,1571
4905,2199
5211,1717
5648,2472
536,1125
1406,981
3369,1701
2901,135
4028,1337
984,2978
3002,187
5148,614
1980,1253
1720,2080
5495,2415
667,1581
5555,214
4087,1917
4221,1917
1198,1217
3180,2933
4269,645
950,1115
4312,1281
4033,2620
4374,2913
2577,2640
3202,248
3749,2861
2653,972
3133,2363
3721,813
5681,2016
3595,2394
2967,2825
1220,1915
3732,413
5284,101
3491,1290
2097,2188
1870,2963
3866,413
4272,1855
3661,1701
4673,2199
1856,1567
1441,571
5418,101
2788,1547
1747,2563
2382,859
1881,2563
5525,2415
2328,1562
1536,808
2747,957
3776,2590
2881,957
1976,2800
3380,2590
718,1115
5856,677
2750,2194
3159,901
3938,639
665,3174
4314,2616
1900,2963
3500,413
3758,2923
5594,2370
709,248
5284,1390
1144,176
2020,1567
3613,1256
5805,2590
2176,2080
4459,2970
2704,2199
4144,1646
1976,706
4156,717
2748,1717
5002,1677
5408,2365
3976,1281
726,602
4506,1281
4520,1179
5306,2088
4320,2811
1035,2111
5879,2889
1347,885
5884,789
2183,1157
101,2435
4285,2975
3049,2769
783,2240
5055,2627
1285,192
3924,717
2558,1219
4812,1179
2881,152
5560,1042
1635,1702
2235,1697
1452,305
4905,589
5023,810
3323,2190
3679,1071
1688,2467
1316,2861
2419,471
3988,2580
1517,1831
5213,1873
2735,2959
3722,2838
3708,2940
2153,1291
4422,2283
62,3015
401,2481
3257,789
3307,152
2866,409
3017,3022
343,2476
4851,1642
5665,2155
2282,358
5329,2206
3608,2709
2161,2283
4556,4
666,685
1447,1250
43,1460
1927,2641
2524,645
4081,677
5751,2838
3800,435
4285,2170
3134,574
713,2194
5174,1514
5112,636
2715,2842
3537,964
4798,2920
226,3015
436,573
5083,837
1433,1702
1082,721
2708,358
2016,1528
2854,2627
4962,318
3972,1831
501,1907
3316,214
4111,677
3135,2088
5410,2171
5444,1001
2930,2622
3866,92
320,1337
1058,1266
3007,2842
82,2677
3081,2791
414,972
1033,455
5835,822
3713,789
3816,1668
5939,2111
1142,2842
3962,1493
5292,2300
4968,1422
4572,1422
2416,307
5425,1109
2985,2679
1046,101
1190,789
1722,2370
4030,92
3245,2791
3716,2376
1087,1041
1901,1554
2312,2586
4287,3131
405,455
699,2622
771,1744
1189,2257
2562,482
2039,2427
4126,1493
2909,1529
4555,852
1136,152
3636,2797
3295,2504
86,2580
1521,1683
2603,1422
4831,2413
1734,2730
433,409
4349,1915
174,1646
4670,2495
898,1677
2080,2586
576,1626
2856,2807
3549,519
1359,574
3976,2838
5767,822
4316,2906
5307,837
788,758
1715,2838
1987,1082
4320,1335
1749,1668
4643,268
5856,490
3583,1042
4037,458
1155,1683
1484,461
2053,2833
3163,1422
594,892
1106,2730
416,2283
829,1698
789,579
4237,519
4037,1397
5876,1115
3789,2049
3923,2049
5767,2111
1412,3187
3157,826
3260,1705
1472,986
2437,1668
2175,1668
3190,185
3670,822
783,1703
5867,248
1925,1493
3850,1921
5863,2758
2771,201
2530,1078
2134,1078
4858,987
5090,556
4142,1571
664,2920
2371,267
1335,1627
598,2300
1300,2572
1933,41
4734,2614
5572,2959
4741,1341
4811,2080
3025,2188
5181,859
2944,1068
2278,1207
36,318
3742,1048
1679,2376
201,2637
1003,1073
1474,2910
1304,1001
239,677
2068,1397
2341,2495
2512,3131
2654,740
3824,2578
4264,2850
1198,1514
551,1703
4379,1110
5461,849
263,482
172,2838
4888,987
1579,2145
4950,1865
5008,1281
2162,1971
5413,54
700,1422
5738,376
1536,1694
4898,2614
94,2366
4824,413
4879,120
3189,2188
4949,859
3225,155
2429,1911
2816,859
2976,2080
837,2824
3416,2352
4645,2199
5551,2620
1576,3163
4057,2348
4339,1280
4456,1865
4213,2861
3800,248
4982,1157
5426,639
596,1422
5169,983
126,2439
5200,296
2657,987
3961,2825
4506,639
5241,859
2259,160
5036,1393
299,2367
3243,330
2983,1157
4151,2922
4958,1702
436,386
2437,2152
2590,2394
2533,1860
1289,73
3242,859
3507,376
2667,2614
3006,2080
4713,1871
757,966
3534,2199
4597,1696
4240,2590
3316,27
1246,376
1731,2111
1447,2352
5879,742
2976,336
505,2593
5400,2959
3614,3067
2900,1280
2800,110
2626,2963
4553,1774
4974,1804
4659,480
2224,2394
4877,1871
2688,808
761,2963
103,2963
1452,602
4972,1429
1190,602
3850,1250
4726,2641
1042,2424
3867,1419
773,1253
5367,2637
3538,1917
5105,2637
2247,284
5394,296
1175,2953
2534,1280
2830,110
3153,3015
3043,1157
1995,248
3177,1157
3431,2959
3386,1496
1676,2188
3169,2959
669,1280
311,1572
1517,3067
2472,1341
5163,1302
4918,717
2521,2923
5071,1713
3382,973
5746,2791
2210,2472
264,413
1687,253
2134,1696
2308,2815
3170,336
4068,1486
5162,296
2173,2590
5819,825
4081,1913
3666,1671
5619,1703
3389,639
849,285
1747,2189
2824,830
4458,1082
3572,2975
2634,706
2849,2580
2313,1819
4579,96
5064,1831
704,2563
3254,1353
4300,681
2636,2472
5299,2637
4146,214
2769,1281
2055,248
5885,482
255,458
3832,2498
4030,39
561,1696
5325,825
5819,2114
4659,964
5440,1529
433,2450
56,248
4199,979
3077,121
4665,2472
2017,895
1800,2358
3192,825
5054,1493
5905,2797
1975,3113
2355,2580
1999,1255
2446,2698
932,296
3905,2195
648,1291
1341,1255
3337,2677
5543,903
472,2563
2979,717
458,413
683,2975
833,290
690,1702
2629,2590
5340,266
1505,1097
2367,2590
183,1871
3748,2396
4472,2427
143,2472
843,1917
4771,2494
523,249
5072,1668
5084,739
3981,877
5280,2371
2308,2360
627,572
4421,1149
3392,482
1900,845
1358,296
5835,903
2961,1235
411,193
2708,789
4936,1780
1906,101
2735,1646
5268,267
92,413
782,2580
1095,825
305,1460
5441,195
458,1702
4909,1088
5327,847
1481,1800
2116,96
1197,2041
3098,2637
3172,2586
3874,2858
5128,2889
3182,830
1683,968
5855,185
4145,877
425,249
1927,1328
3752,2114
4846,924
3306,307
5818,2023
3638,2766
3930,2386
2003,1323
4720,2505
518,413
2080,789
1170,2288
1674,101
2598,2472
3976,1041
4396,1627
884,1702
3148,2350
4401,1971
1656,461
1293,409
2735,491
2936,2467
5463,2963
2378,1385
2020,1677
564,1697
5530,2495
5158,2889
5132,1668
5163,981
5483,205
4521,1514
1028,1831
3848,482
4006,1068
5284,2439
867,2637
4876,924
3938,2627
1605,122
3167,498
3267,1668
3277,3110
3991,1699
4471,3090
5371,903
197,2842
5462,267
1838,101
1351,1703
5239,1915
3446,852
5889,2963
2186,2504
663,1302
1607,2797
2538,677
910,1179
1987,574
2383,574
278,148
5309,1341
140,214
1105,2586
2509,2376
5040,924
2605,2838
2343,2838
923,825
3798,2593
3068,1027
4527,524
5401,1280
1044,2283
4910,1982
524,1493
801,81
2401,1503
4796,2634
2017,574
656,1420
3321,160
4890,2269
1158,318
4943,1341
1323,2637
2104,2448
5413,1290
385,2088
4271,3163
4997,1577
3336,2131
5222,1695
5583,920
3850,2352
4564,1695
4646,1819
5414,1865
5693,1280
5810,1865
5949,2963
2924,874
682,739
3244,852
5425,2963
1012,2371
2524,1694
292,1493
361,1098
2200,816
156,2386
2396,2448
159,1903
1637,1642
4545,140
5362,2614
983,852
4720,895
5477,120
2531,2084
5675,859
5931,290
2598,862
867,677
3563,982
729,3187
335,816
3361,1787
4918,1819
1767,1873
2839,924
1101,2012
5583,2209
1980,2920
1574,2232
5731,2861
4215,386
2172,3090
2585,2505
4285,1125
1993,2593
1473,837
4606,1705
2364,816
3202,1915
3515,160
3804,263
5848,413
5853,757
989,266
751,852
3194,2963
128,1627
2986,570
3989,982
754,2089
1700,1001
3257,1033
3732,2080
1989,2824
4407,1495
915,2946
3601,2563
4284,2593
5271,2472
3015,2439
3249,391
1260,1668
3481,1680
2359,822
5499,2861
1330,155
3152,458
5738,1157
414,2371
1684,3127
4442,146
5275,901
3364,1280
167,2679
3918,2620
5456,2410
3620,2963
3152,1397
1849,2413
4657,2959
5307,3041
2764,2978
3893,2563
3999,2959
969,1088
709,1915
5864,1646
884,2670
1213,1448
5306,372
5526,2590
1739,740
1479,1567
2389,822
1902,2424
503,2978
2926,1993
3258,480
3820,2435
4426,2245
1714,3127
4478,2435
4608,973
5773,2467
1743,1613
4002,1917
2527,1695
3241,284
717,1217
4838,2189
5521,1465
252,2578
524,822
510,924
3686,2620
1265,268
1919,2778
1547,920
4246,1496
1999,263
4296,859
5371,1871
5882,1821
2654,1655
3332,1341
3712,808
4187,1855
3390,757
890,2084
3123,413
3240,1752
3214,531
5153,1419
1175,1
1529,1253
1326,2614
517,1
1482,3127
164,2357
4123,1281
5238,214
3861,1281
3508,1917
282,2578
3276,2348
1514,2850
5411,896
292,822
2202,972
2317,3174
3045,2415
2336,972
3552,1465
2533,1486
551,524
1728,1089
4059,2959
4410,1496
5373,789
1667,813
3437,172
1689,572
266,540
4273,2164
959,2978
3373,187
5324,2590
5458,2590
2142,2769
5167,1852
1834,172
1154,413
3420,1696
1768,1804
911,1217
1345,920
2692,1896
2093,813
4135,2580
3804,2975
4735,101
2656,896
3215,2580
3153,1702
4220,409
5163,3022
2802,721
973,1
4894,1851
3526,2472
1332,2563
4312,2627
1805,2975
3135,372
4470,1523
5848,92
1061,1511
2324,1096
3907,3103
4786,39
2831,2590
3423,250
3920,1056
3371,1780
260,2953
5798,1668
5562,2889
832,2590
1209,2348
4997,1390
5840,2833
1803,54
1101,536
3425,1235
3172,789
3277,3057
1821,3077
703,1429
2155,2199
2599,927
3595,1646
5469,1385
439,602
4632,1642
4814,2622
260,859
915,531
1328,700
4831,2791
309,721
1462,700
2601,973
844,1819
1615,1696
376,253
4220,2637
4989,1831
4715,2616
826,2933
697,79
996,2590
581,2348
1008,2415
889,249
1171,901
2210,4
3452,964
3954,2114
4367,2283
4021,1646
4506,2627
1378,413
1853,706
5141,1677
5194,749
476,1773
851,896
4724,1766
2458,1045
3287,2590
658,1255
5780,92
5458,41
3796,2467
2989,681
3938,830
5199,2032
5335,2859
1938,1918
4230,2170
5300,2838
5381,1514
1007,2348
3335,2257
2276,1913
5354,2320
2123,2637
5483,2730
970,214
3296,2494
138,3067
5212,924
2960,101
1743,137
3511,2833
3661,148
5753,1278
816,3130
1489,2472
5389,1001
2032,1179
3532,677
1648,250
3243,574
5139,826
5483,636
1948,3171
1000,214
5914,822
1423,1071
5638,924
3857,1376
3795,498
2023,312
488,39
5051,2110
825,2842
1470,2580
1804,1702
3645,1493
4500,2007
5061,354
1965,307
3042,2920
1242,3130
1820,892
2837,236
3513,2505
3117,2505
137,2441
1558,1646
3170,1385
5575,1514
1486,2709
2434,4
4232,3131
3791,1668
4217,3008
1889,847
533,2791
3809,1493
5005,2300
2451,358
3263,236
5260,540
1984,1646
1299,789
4910,2413
5691,2978
1856,148
5345,2341
663,3022
300,2970
732,2627
2418,1349
5892,1921
1666,2653
3999,2906
5420,2111
2013,482
599,4
1225,2910
1168,2376
3766,2146
4035,873
2596,308
194,2170
3189,822
4299,1093
5782,248
4940,2413
4608,920
3713,41
989,1852
729,2679
2527,1642
5280,2481
1255,1971
596,3089
603,1816
702,1041
810,574
624,1350
2587,2824
2114,160
3998,1341
367,4
1161,2494
4408,458
2542,2300
1516,1904
1289,2679
5310,2481
2008,2366
62,307
1285,1217
5666,1362
3551,248
5774,895
3950,519
428,2350
1878,41
3624,2978
4102,1290
831,2740
3833,2563
4229,2563
146,2637
5566,1131
1302,2325
1744,2670
3905,2439
3752,3163
4031,2578
1157,2910
4736,2367
1494,2495
725,1001
1823,1273
4087,1921
2903,185
5756,2194
2755,1253
234,1703
4895,1865
5856,2775
4739,3015
3710,2348
988,822
3977,248
2710,3173
5938,895
1244,2505
494,2007
1545,1679
5495,2769
662,837
3387,2634
627,816
4259,2563
4498,859
4598,2029
5047,1855
5410,1907
1853,2963
1053,2910
2063,329
2970,1033
4415,824
3403,2578
1655,2978
4998,1033
3563,1547
5904,2415
2263,2080
126,1207
852,1873
3546,1351
4148,1419
3643,2415
4221,177
3574,366
3772,2825
4016,1465
413,1422
4289,2563
970,27
1087,1366
2532,1157
4409,413
4889,1804
3748,896
5827,101
5892,1250
1659,1003
919,1001
3187,859
2065,1
4396,1871
1161,2978
4475,2164
3687,1182
894,2634
1137,140
3217,2199
3279,3077
2014,413
4043,63
1838,2439
5935,573
1585,1993
1189,1993
1311,2922
3839,1953
4245,2641
2875,2435
5015,573
371,2300
5223,1276
4760,54
443,1422
2339,920
5309,296
1320,1695
2533,1917
432,2953
1891,2450
3925,192
2562,1157
4701,413
5308,3077
1340,3101
4337,2580
2429,813
2883,983
3924,721
3946,480
1296,2240
2693,859
2846,1855
2519,706
3400,2441
1803,1290
4057,1250
1137,1429
5881,1626
4208,1419
1341,2922
1687,1115
5744,574
2951,336
1748,2522
2138,987
634,27
5352,2975
2516,1347
1304,2481
5464,2627
1593,140
703,3015
2484,2563
2074,413
2888,172
1069,140
4087,1250
4467,717
826,1136
4205,717
4267,1595
332,1567
1316,771
5896,1503
2176,1629
724,859
4979,1831
1792,700
3528,2195
5751,2842
5908,574
2079,1696
1014,1372
1747,957
203,2850
2436,1179
3606,573
4605,2529
4961,2164
2280,639
1473,2825
4191,2889
2300,1291
3790,101
2866,1702
2845,825
3528,101
1496,1496
4147,2590
811,639
4455,491
4059,491
4670,2365
5394,1642
972,1496
4809,2709
230,859
719,1804
2319,2472
94,1752
522,2199
190,1460
2714,1281
3947,435
5895,877
5053,2288
1782,1486
1479,1677
758,1917
2537,830
4221,2889
2308,778
659,1157
3016,1996
3558,101
2634,1702
4807,2232
4898,2350
5160,2350
3802,461
5032,2350
3659,2627
2781,409
4777,1831
4770,852
3617,681
1831,789
324,120
4830,903
2266,717
3725,214
621,1804
2870,1420
1679,957
232,531
2238,2641
2496,1179
5050,677
4409,92
1885,1025
128,1871
2778,1831
3163,1642
3433,1503
3545,2498
4247,2016
3526,4
4152,2910
5300,825
5362,1703
2557,142
2510,296
4587,2838
2597,2170
2988,2580
5508,185
2344,2478
3075,482
2646,2062
3845,2386
2331,738
4934,852
433,413
3831,236
257,1877
233,1291
4254,1093
5839,3173
465,2580
2803,3177
5250,1088
2660,1179
2080,2590
1345,3124
2546,1831
1782,681
2150,1831
2558,902
2647,2637
3043,2637
42,1696
2781,2637
3858,2032
2750,1072
269,2641
2877,3099
3892,862
3992,2032
647,1281
4436,1514
2142,435
1581,2088
1180,1744
72,784
590,2467
3367,482
4021,1272
4172,3131
4270,1976
3929,1683
4994,1253
5777,201
2960,1821
4608,1217
3553,2335
2099,738
4322,1385
5280,2778
435,2529
10,845
5676,2778
433,1702
808,825
2081,1852
2160,2145
2633,2365
437,1821
3078,2227
934,2627
4611,2427
2419,1093
4284,2032
4423,2376
321,1646
4048,1001
94,3175
1374,455
2191,677
307,250
171,2641
1484,815
145,1420
2568,435
4293,2495
4877,2546
1951,2910
3269,482
3353,1873
5571,1422
1288,122
4154,3090
544,2822
5194,852
5184,1915
3,963
705,1235
808,2114
1305,2920
1909,1903
1983,1852
2339,3177
4660,1915
4053,2634
849,3054
3447,2824
5825,376
23,1780
4300,2511
2872,2889
2249,2910
869,296
2846,1668
3242,1668
5301,2850
3576,201
1117,1529
1155,1821
2299,2438
3412,1298
160,738
3935,319
22,2494
220,789
4743,987
1224,3089
2841,920
4135,2824
919,9
5852,859
3897,966
4198,140
3239,966
4421,2629
2217,2032
460,2878
85,1503
367,435
3342,155
3954,3163
4505,822
3546,1648
3615,1253
5891,972
3387,837
2096,924
5122,2861
5769,982
101,2386
1981,1351
5381,2563
2079,2448
1267,318
5367,413
5167,1291
1626,2880
4790,1341
4263,2578
4001,2578
2848,155
4020,376
4739,63
5372,1696
2534,2439
3207,1027
5490,1917
5523,1865
5564,1866
5278,1280
5178,110
221,2838
548,981
586,1273
4756,2861
4056,972
3947,248
463,2371
960,3177
3214,3137
3152,2259
669,2439
3200,987
5397,413
4490,1429
3600,140
3922,1911
5408,1511
2041,1001
1430,847
4131,1496
2888,2563
312,862
3013,1511
5575,1624
2631,1217
265,2736
3940,1147
220,1273
5182,2861
1550,2080
1154,2080
2699,3041
3869,2435
5292,2467
1565,1422
1169,1422
4865,710
5259,75
4400,2825
766,1217
2968,987
5702,1584
3303,2963
3556,1157
4392,1429
1429,972
5135,1702
5906,825
4161,1496
4918,721
4080,376
5946,3130
1872,2481
4102,1855
2952,1393
4838,957
2441,3163
548,176
5135,2641
2143,1254
792,2788
2151,1115
1819,376
4959,2415
979,2614
1182,1253
1657,2300
2438,2111
3854,972
5803,296
4843,2240
3776,1281
197,2578
899,2850
4259,2189
3562,3015
5653,1291
1060,2953
1836,3174
3190,1157
778,1577
5561,1702
2142,248
3319,813
3398,1860
5299,1702
4370,2959
607,1695
3506,639
488,283
402,2983
5856,307
5672,2472
417,1571
3082,2563
597,2670
2057,2769
4321,973
4727,2415
5181,1831
4496,1728
5876,932
2863,2640
2904,2641
2563,2348
3141,110
4409,39
3354,1157
5725,1702
2060,1727
2394,849
231,253
4400,2959
2175,1485
1509,1624
1404,110
5812,358
3876,2959
3835,706
4838,152
4912,101
194,1125
302,2348
1102,2963
1350,813
3153,120
3726,1702
4715,1250
5854,1523
3130,2580
2488,3113
5303,1420
4064,1697
1061,2373
5273,2709
2546,839
1099,413
3365,1696
837,413
2676,131
3533,1280
3574,1281
2989,2348
112,3163
2631,2640
3806,2570
2727,2348
867,63
3709,2637
3592,1860
5734,825
1484,1917
5598,964
367,1403
2757,2190
4658,2786
5086,789
4690,789
4284,101
2381,2842
1536,572
689,2393
3249,1871
3760,1821
4753,579
1862,1496
1356,2856
3906,1646
4966,1626
1870,3077
4000,1281
5514,677
4812,1159
5495,435
3738,1281
1384,1871
4278,471
267,2111
4140,2981
4897,2206
4028,296
1512,336
4162,296
2802,778
1811,1157
811,1420
5231,1493
4202,826
88,833
3586,2580
5910,1027
3131,2939
1028,896
952,120
3806,1765
5525,435
2806,2590
459,187
2940,2590
311,1255
4836,2842
27,1496
4946,2448
4985,2376
5537,2889
807,2590
1521,1179
98,1147
3021,677
2052,815
1059,2811
2649,2791
3595,1703
3442,2427
5133,1493
3703,482
5718,2146
2774,1739
5389,924
989,1291
1323,413
2885,789
5884,903
5844,1504
1093,2580
1785,2164
2098,409
2081,994
3199,198
4042,1641
2555,96
3436,1831
1121,1595
3349,2586
2628,574
5675,1668
575,2590
4250,1001
313,2590
1139,2174
4100,1996
2417,2791
3943,2012
5760,1217
2453,758
622,1655
1360,830
2215,1344
4579,3162
5553,924
2760,3130
5854,852
3892,2232
260,2205
1323,1702
2217,1390
5949,1089
505,1255
3158,924
4194,318
4066,1072
3085,1385
5048,2859
447,1250
2558,2622
2945,816
4832,1514
5718,1341
2098,2637
902,1830
943,1831
3254,2325
1299,712
5650,2146
1901,1534
3470,2889
3478,498
5906,1577
374,2842
2124,825
2571,1514
2393,461
2830,1216
5865,987
1909,2334
2427,1765
4990,760
778,1390
2560,574
2940,41
3415,1088
2009,471
2551,2740
2888,1571
4189,482
5517,2906
5622,2922
4132,1668
174,1626
3870,1668
1425,2894
327,2622
4006,2495
846,3187
2586,482
3914,2906
3559,1217
2499,1237
2965,2730
2280,2627
2365,1422
4978,2978
993,2833
5620,1
41,2386
5263,895
3771,1258
5390,2922
3222,1982
3683,3131
300,2088
4206,2906
2965,636
3906,2614
1010,3187
1318,1088
1822,3065
2354,482
2359,826
1108,2032
2092,482
4511,2953
4645,2953
3528,2439
5443,2933
5663,987
214,1001
4338,1490
3927,458
4541,1849
5327,2758
2278,837
917,1683
4100,386
1383,924
1923,2366
1596,1971
2647,2397
3483,1915
3927,1397
5427,895
3801,2978
2510,1345
1531,41
3124,2736
3721,740
1086,1088
2875,3163
1373,2838
3491,1217
5764,1419
244,1001
5495,248
3764,63
5789,2415
4309,1849
2430,1766
4768,2363
2564,1766
3698,1695
5556,1655
1151,924
2887,3173
810,631
5763,413
1102,1971
1737,267
1967,3173
3416,1982
3966,1860
4436,2563
2562,2824
4279,859
4895,3077
5884,1871
3971,514
4081,120
4967,2199
2625,140
4700,1855
3521,1217
1733,498
5525,248
3466,1695
1260,1217
2598,2639
3811,2861
595,1766
3931,1465
1591,41
1694,920
3943,536
4334,1855
1447,1982
3291,1290
5772,2195
1656,1567
4598,1147
572,1001
2074,2080
5126,1266
465,2824
2447,376
3933,1696
5750,1655
1686,1217
4081,2348
4067,2450
4471,813
5009,1620
3326,2415
5323,275
1042,2054
2224,2963
4275,120
5118,1563
2210,813
5772,101
2232,572
396,1125
5856,738
4890,1147
3649,3041
2608,859
2324,1100
5223,44
5584,23
2504,2199
5818,1385
1230,1701
5118,1913
2513,972
3356,2415
5812,789
1442,833
891,3174
1084,1125
1913,2670
2641,1157
4446,1291
4201,1460
560,1125
2389,155
2251,1911
3696,1702
4209,3041
5606,1852
957,2481
1980,859
984,140
825,1773
1701,3164
4464,1281
2406,2953
3129,1096
4216,1179
4951,645
5427,574
64,2614
7,2080
5000,2981
3124,2415
5560,1103
2062,110
2196,110
3495,2358
5269,927
4052,963
3002,1671
5263,358
3148,1496
4545,307
4705,1528
1126,2825
1819,1291
157,2963
2153,413
2760,3077
5394,2504
5475,214
793,895
1975,1804
2008,1752
4642,1179
220,1033
5719,574
3630,681
3320,1953
4096,1420
37,2080
3172,3021
2012,1871
3764,681
2091,2918
4464,2570
761,3077
5508,2791
5696,2842
3319,1728
103,3077
3990,435
3448,2138
1581,372
2381,1179
2410,1917
3697,2842
2532,1348
4505,1066
4923,825
4527,825
2359,639
4532,2889
5177,2627
416,3015
2183,413
1983,1291
1921,413
2081,2580
2611,2580
5861,2505
5649,2622
3515,1266
1436,2061
4096,2709
4867,2586
462,1855
3017,989
2702,1917
2411,1179
4307,677
5372,1001
1115,3174
3727,2842
4921,2822
1237,1851
36,700
5251,482
476,972
2532,2637
4953,825
5655,1097
5827,1581
4106,2838
362,1624
4753,205
78,1865
4844,1821
3775,789
5074,2283
1263,39
342,1157
3814,1683
2575,240
4032,3074
2726,409
4338,148
236,172
1065,1717
0,1393
3725,2365
3847,1042
311,2975
631,2199
1703,1250
1925,131
5798,1001
4428,41
1203,2590
3156,2622
489,803
2461,1831
666,2385
4436,2376
5420,826
2980,2396
597,336
824,1281
471,1917
4566,1668
5729,2335
1988,830
2057,435
2685,758
2917,2047
4818,1889
3046,1703
3765,1390
4926,1422
984,1913
2326,825
554,639
2861,1923
5065,1766
2830,358
2904,307
4048,924
5700,816
5634,2448
4657,1971
4648,2417
1344,1667
3975,1385
5938,2859
14,2580
828,3093
666,291
3971,677
3799,1159
2157,2709
2198,266
4199,2032
4696,2838
3937,2032
2127,1554
5908,1115
3661,636
3268,1873
3395,3146
4407,2146
1965,2889
4078,924
5451,2367
3484,185
146,413
2957,2920
4805,2192
2019,2371
178,2580
3055,1765
4533,1504
5596,1001
1863,1831
2591,318
1610,1385
3007,4
3972,2376
4896,2495
2153,92
5558,1648
3775,1273
504,471
3541,877
41,2467
4912,2439
1768,2910
3533,2679
2499,1668
341,2170
1867,2889
2237,1668
845,1703
783,825
1533,1323
1765,2612
2921,2300
3255,1422
321,1703
655,825
5042,2670
5427,2481
4725,2963
647,2627
2048,456
3283,2689
1769,1041
3558,642
2930,1073
2562,677
1512,1385
4076,2325
3850,1982
1921,92
4645,1
5856,1840
3392,2824
4870,2563
5463,3077
5797,2199
2178,3131
4814,2439
2233,2838
2665,2495
5423,268
5483,319
4932,2660
505,2170
5672,972
2017,1493
652,877
5919,849
4162,1695
2622,1078
1698,2679
4733,2450
4950,987
4270,1228
4779,1105
2580,852
3719,1125
4142,1982
4421,1397
2063,2777
1299,1627
5088,1860
4033,2978
731,2863
332,148
1536,816
3372,1017
2687,160
4903,2080
5426,1855
1716,1915
4672,1393
689,2637
4705,1341
3715,602
4591,1993
2693,1668
69,677
50,435
2037,2495
2851,3008
4312,2578
4926,751
2983,2373
4738,700
5014,2850
5848,2487
5531,336
2711,2439
1995,2269
2281,411
3289,201
4949,920
5143,1917
594,498
5482,1383
62,2889
5172,1157
812,1889
1636,3090
1612,2504
2816,920
4536,192
4319,1655
100,148
1738,2054
2142,1915
2519,1865
2975,2670
3911,140
2713,2670
2746,329
366,267
4339,1341
1617,1535
5050,413
3451,155
1694,1001
2633,2906
3013,2373
403,1088
3703,376
3792,2111
4659,1696
2479,2439
2150,1217
2219,822
1231,3162
4531,2450
4545,2348
4565,1280
3254,2435
2354,458
2034,1042
2829,751
4439,2861
4943,2394
2816,2209
1558,524
3346,2963
2883,987
5159,706
1797,540
5135,120
4178,1773
439,903
2354,1397
4377,2922
2092,1397
3976,2578
146,92
5593,409
4583,546
3626,2199
5054,131
2576,1217
1698,3163
1932,1115
3833,957
4392,2641
1641,185
4318,248
1222,201
2008,1110
2748,920
236,924
3486,849
5662,2616
3971,140
5948,758
5244,413
3554,2481
144,1335
2456,2963
3105,1157
2057,248
1350,386
1145,920
4467,721
4205,721
337,1915
1335,1017
3236,859
4929,2472
2983,413
5576,2283
2673,2439
4180,664
2096,1115
3240,1732
432,2152
1905,1547
2708,1871
1939,1131
4198,681
1725,2111
4380,2415
5598,2981
2465,423
4,924
847,2367
5281,1584
3641,3015
2896,2861
5838,2441
3971,1429
4105,1429
3802,1620
5681,1703
2422,2978
4836,187
3874,1496
465,2450
2282,1655
2941,1291
4202,2493
5260,1646
5656,1646
3620,3077
3224,3077
1268,330
5010,717
3291,1855
2964,1460
4848,2641
3000,1871
5218,1420
1238,2373
5880,573
4992,1831
4773,2467
1449,2593
4410,2415
4336,214
4837,1728
2622,1696
3794,1917
5289,1071
5623,2637
232,2629
306,2578
2054,2178
182,822
2327,1024
2798,2861
3180,1465
60,2522
1034,1038
1882,2825
2529,192
1087,110
1916,1655
3613,4
3105,1291
5263,789
1047,2963
2647,413
188,987
2781,413
3388,825
3794,2267
4952,2590
2751,1702
1705,2374
5609,645
3016,2939
1307,1547
1441,1547
873,2783
2652,1696
2399,1250
5148,435
2288,1419
4399,2791
1687,1953
2114,1266
2542,2467
5345,1703
277,2348
1091,2861
1044,3015
4635,789
5454,1646
2811,413
2484,18
20,248
801,813
405,813
5438,2833
2781,1702
3848,409
5839,3177
4491,2730
3708,1338
298,192
5186,1831
3904,2970
3940,2627
1208,413
1199,859
867,120
1357,2199
2630,2472
5063,677
4782,435
3187,1831
3653,2570
3147,712
1829,2194
4489,2842
5879,482
5125,2494
1405,1866
703,2348
307,2348
5560,1668
1979,2138
4106,825
465,490
4393,101
50,248
201,2861
1232,1157
1676,639
1018,639
3979,461
111,1655
159,2635
66,192
3574,2627
921,706
5799,903
580,413
57,2358
4021,1626
2560,1302
5227,677
2489,2590
1720,1096
3203,1179
4258,815
4982,92
439,1871
4,253
5852,1668
5160,2838
1409,645
886,2590
2665,1503
5330,2495
2183,39
4636,2838
5590,1668
911,2620
3874,825
2270,1913
4393,1390
1325,2637
5334,924
5337,441
5072,924
3532,307
2830,789
5390,267
580,1702
3653,1765
3689,1422
4028,1642
4706,574
605,2698
2723,1831
2076,1266
4433,2859
3960,195
3354,2637
1976,1816
2179,455
5291,2890
4833,2978
915,645
5213,755
416,1486
4982,2320
5772,2439
3874,2114
5374,1612
1859,2170
4030,1873
4706,924
5181,1217
1879,1102
3393,498
3073,1082
4840,924
3305,2371
583,845
2096,3022
4293,1694
2841,924
284,1717
2548,2365
2753,2797
4427,2448
2016,2504
2023,1231
1971,1041
3043,92
4777,1514
5109,1
2232,816
2934,1088
752,250
5733,2080
494,214
5936,2439
1008,435
4736,924
3127,1668
2382,1514
5539,524
1141,964
5418,1695
4523,816
3267,924
758,2889
3191,148
5495,1915
1042,204
3447,2023
5749,2963
138,737
2397,1041
3061,267
2811,92
5139,1
1221,1078
247,3124
4939,879
1816,2981
4505,2115
3020,1397
3364,1207
5651,1115
1657,2170
3336,3131
5048,822
2830,1273
5445,458
3103,2371
3201,2906
4373,3127
1575,825
5880,386
5885,2450
5919,1280
2042,2920
793,789
397,789
4984,248
5517,2963
2451,1627
4142,2413
4661,2978
2125,1642
1075,852
2114,3173
2656,1278
1257,2586
3573,2670
3528,1207
3977,1033
4311,155
2554,1001
4544,2578
4429,376
559,3187
3327,924
3483,3127
577,1514
1702,1889
1062,2495
1105,3131
2495,771
5148,248
3816,2778
1646,1765
2078,1422
5075,1655
5684,982
2456,816
2609,1058
3426,1280
5771,2856
2540,3173
2144,3173
1299,903
5337,120
1316,1072
5158,2629
5898,187
2673,2736
863,1504
142,1744
1016,2500
2802,2392
4486,2199
3670,859
883,2910
5549,1696
3503,2439
5915,2985
3174,1217
2763,185
794,2838
1823,1253
4782,248
1697,2080
4814,2415
4198,1917
3699,1038
3045,248
1047,1971
3316,2963
5508,1291
126,837
2746,366
3592,2080
4062,2029
4358,859
519,2983
2840,1
1713,2963
4650,2199
233,2397
3533,2439
1238,226
2800,602
4073,1629
5905,1866
4513,1147
2531,185
595,2978
2694,1115
3804,458
841,1
2362,376
309,2392
1042,1977
4046,2435
3848,2450
4500,161
878,822
943,1217
284,2335
5738,413
3742,2963
5817,706
476,2505
5646,824
3941,1860
295,1935
2707,2481
4255,2959
4157,172
843,986
1877,2963
707,1125
2830,602
2966,1429
5870,717
4108,1219
3334,135
472,1982
3724,290
2256,2959
3617,1921
5484,681
5852,1831
4076,2435
2285,2199
1163,1341
1149,1443
3403,1403
1383,1115
3616,2450
4466,2620
4498,3067
4995,1429
2065,920
5437,1774
1003,305
2737,2481
1634,1865
2876,2825
3507,413
5888,1646
3641,413
3352,310
5325,2472
3873,1702
5738,2641
4931,855
1908,155
3549,824
1918,2563
5252,681
4264,3021
1262,946
3132,1475
107,140
3047,3057
1304,2111
3174,2640
4848,39
276,2578
2458,972
1513,1696
2294,1507
3259,2189
3940,830
1736,987
1216,2641
1937,2963
1474,987
2586,1157
4146,706
4375,758
271,3173
505,1125
3903,1702
5751,2472
3641,1702
1848,639
795,140
3623,372
4851,1626
1069,120
1976,824
4273,1420
5534,2622
4281,1281
2870,1266
1044,63
1886,1281
2705,2138
1323,2861
4909,291
3733,2580
408,2481
4157,1595
3388,101
1354,3113
5299,1385
1178,413
4535,989
3907,1420
3592,2348
1410,1702
2489,1732
1823,1871
3709,681
4325,1179
4080,1348
1299,1871
5074,2206
1707,1696
3043,39
5181,1514
1898,1641
4983,1529
2185,2637
4081,2889
5536,924
5369,2504
5682,749
5878,2381
1440,1702
886,2082
2054,3093
5566,574
5894,1571
1257,305
2222,2677
5257,2448
1900,2626
4080,2637
4214,2637
3063,1041
2356,1179
4288,2586
1361,2348
3014,2088
4826,1703
5939,1
3007,1671
25,972
5758,1683
2406,2205
1002,2415
2215,2637
1982,1877
2734,758
3587,2889
3458,789
3969,1493
4975,1422
5615,816
4281,1765
630,1496
3025,2627
4071,2709
4157,1729
1942,1697
3114,1918
3255,3089
4301,3171
5853,2859
386,2267
3676,867
2053,2467
3135,2206
3842,2068
2856,2791
3780,2910
4306,482
3060,2032
3879,2889
4032,3131
4013,2889
1747,2360
1728,2118
5823,1115
5136,185
874,2206
991,2791
2729,1703
1586,722
1999,137
3344,2730
3752,1801
1878,2062
634,275
2573,409
4144,1093
1616,2062
5701,1125
489,860
2070,2232
3137,185
3502,1626
3154,354
3880,266
2574,1765
2493,645
5115,1001
3353,1503
5926,2906
3810,2910
1525,1385
3056,2448
494,645
1963,830
4415,2495
5898,2578
232,645
4234,205
5562,2629
4447,498
3344,636
5359,2300
964,2257
5097,2300
5482,2111
2101,1703
2867,482
4419,924
98,830
3712,1971
5892,1982
2721,2350
4782,195
174,825
967,461
1536,2833
5767,1
1149,2195
4838,1258
958,2627
2004,2709
4912,1207
5488,2306
3521,2376
5345,308
663,989
1884,1072
5621,1115
4914,1253
5127,2300
5512,2111
1260,2376
1569,3131
1700,204
3197,185
5399,3173
3520,3090
5874,248
4246,1504
703,2458
2604,2300
1064,1683
4421,2259
1613,2679
1566,2833
1967,3177
107,892
1872,1627
1877,1971
4146,2963
3547,2634
2786,1001
2153,1088
4121,2906
1036,574
5128,27
1601,1514
1554,1668
928,482
3230,1422
3292,2300
3677,2111
4979,1624
2310,1422
416,307
1302,2386
1018,2627
1694,924
4631,160
1119,2679
2451,903
4633,987
439,2920
4087,1982
4712,1280
3039,1073
520,2350
707,1422
4547,2906
4583,2563
2057,1915
4321,2563
4490,120
4956,859
1249,2910
1841,570
1519,519
5583,957
3109,1253
4365,2111
3707,2111
2024,2906
5632,849
2619,837
2528,2439
5143,1624
3694,1125
2305,2367
4480,1280
288,2350
4142,2978
2237,920
5594,1496
4613,2563
2402,987
915,1694
2262,2670
2341,2963
4944,3077
3826,1429
109,1072
2800,1033
5663,320
2557,2029
3252,376
612,2824
3365,253
4431,987
5329,2137
3061,27
3187,920
1261,237
2433,458
3195,781
4272,176
3016,284
1899,524
598,1613
4294,1655
4364,2394
3755,3067
4777,2563
5496,1496
3987,192
1100,319
2519,2861
1576,248
2157,1
4812,305
2382,2563
1700,1977
3304,1855
2197,2783
320,329
2641,1511
4836,110
228,740
1119,3163
5106,1691
1926,253
3899,2415
1810,2522
509,201
2937,1280
3004,2502
4279,192
2401,2963
4989,1291
5548,2975
5006,1460
5200,1703
5639,3093
5162,1219
5048,1871
3181,859
2518,515
2587,120
3012,1804
4791,717
1929,120
2414,1855
1411,3163
4763,2641
537,155
5738,39
5351,2811
2271,1577
70,1443
211,2614
2917,1917
2967,1280
3051,1917
5169,296
2827,2963
1803,2640
2443,1280
2579,2861
4957,413
1202,3174
5189,1702
2556,1157
667,386
4927,1702
5399,758
801,386
2764,1860
3951,3113
5059,1821
2041,1465
5193,1821
790,1917
625,160
3211,859
50,1915
2562,413
2641,706
4138,2939
2362,1291
5594,2919
5803,2504
2840,1855
2439,1511
5259,1128
3075,409
90,1
2063,2163
659,2373
3911,681
3293,1800
1316,1182
4064,1677
3682,1383
3417,1866
4255,491
5568,2637
2685,1917
2723,2209
5856,2515
4598,830
5548,2170
5260,1703
230,920
2556,2446
3050,1291
959,3015
3595,3077
2788,1291
334,2963
4706,1302
3085,2975
1366,895
5657,1524
328,2394
2451,1871
2498,1717
3239,409
5101,1831
4505,2709
5183,1641
792,808
1272,2199
1979,2061
2724,717
4890,830
2042,131
342,1511
1920,3174
2357,3175
791,1337
2749,2467
1699,3175
159,2558
586,1871
949,2677
2754,2811
3230,296
4756,1015
5616,1873
2631,1465
2519,2190
2004,778
1030,572
2988,1702
5648,2350
2719,2975
4156,461
5403,1765
3894,461
3269,409
3847,2335
3833,2437
5487,712
5597,318
4220,1385
4705,2366
2754,717
4285,1780
3996,1677
3929,455
3712,1918
5440,2586
3676,9
3827,2622
4,1115
4727,435
5281,1775
2464,2641
3904,2088
2928,1055
5562,482
4182,2032
3239,2637
1350,1866
2843,2637
1226,110
3077,589
4739,2889
2029,434
2466,435
709,1281
3333,2272
3581,122
4847,1668
5379,1529
2756,1702
27,2415
3662,461
2478,2889
3156,1821
3514,2283
2906,1646
659,413
757,1702
5499,1072
3721,1041
3568,1765
5740,2824
3558,2740
2388,902
1839,1626
2496,435
2064,1744
462,249
4615,1668
5023,1493
2516,1087
1941,2842
2734,2478
4647,2145
3628,2920
4638,339
5593,2023
4450,1042
4109,749
1296,825
2958,3125
4632,524
325,2580
700,1703
2252,2145
4370,524
5091,92
4208,2448
3396,318
5770,2824
1417,2283
2872,1072
425,717
3075,677
4162,760
3878,1001
5334,981
4234,636
1436,1744
4019,482
803,1831
5908,1253
2045,2791
3387,1703
1930,3033
1038,2637
4730,1217
3670,1237
4785,924
2708,2546
2741,2494
2235,636
4389,924
1161,758
2530,1493
5859,21
2710,148
1848,2627
5148,1915
5530,2963
5065,160
5268,2963
4566,1001
5548,2788
5544,2080
1609,1298
3429,774
5371,1371
309,1831
784,2878
1018,830
1202,2637
2995,1448
4760,1217
3316,308
5570,268
2841,981
2385,738
5098,458
5590,920
2816,924
1625,461
1040,1528
1482,2627
3268,267
1299,2920
40,101
623,2371
2727,852
3006,267
3866,1125
5098,1397
4819,2736
3112,3137
3045,1915
3346,1089
4736,981
4822,1
1644,1642
1723,1935
2122,2206
1721,1862
5181,2563
2877,1550
5484,120
1232,2637
1975,2910
2605,862
3400,571
5186,1217
5387,2439
4597,822
5072,1115
4082,376
3187,1217
3283,3177
3479,837
5208,1915
5898,110
5772,1691
2735,1093
3036,267
329,1493
40,1390
1480,837
2991,524
5859,155
4740,2978
5738,2080
2171,2448
2205,1278
1613,1366
2783,760
3860,155
2741,2978
3534,2614
3737,1253
4597,2111
946,1088
2403,704
3824,3127
5598,1696
3156,2439
2416,2629
1050,3131
2707,1115
2748,924
4445,27
4608,957
5632,1280
2336,2111
1906,837
5691,1860
493,1493
1293,2300
1622,1078
1997,201
4758,1655
1382,837
797,1904
5241,2563
3426,987
2710,1571
4088,140
3231,2963
5308,1341
3613,813
2133,1001
2138,1345
4397,895
930,3187
823,92
3641,2080
1898,2824
5014,305
5931,1697
4752,305
3902,1855
1608,1530
2723,1217
2134,822
1069,498
18,826
4727,248
5642,813
1244,1253
1012,1684
3239,2450
4877,192
111,236
992,1971
3261,2963
2862,248
2466,248
3693,2620
5695,824
3792,155
232,1694
1008,1915
2434,1464
5908,1871
1195,987
4194,1855
3392,413
2681,1341
3932,1855
4608,152
5697,2590
4886,2348
4724,1266
2878,1131
4383,973
367,2269
3397,1696
1399,201
3985,1866
3154,248
3286,1865
5177,1773
5896,706
474,1577
2540,1486
1048,1849
437,1695
3436,2563
812,1572
2429,1655
5380,789
3556,413
3967,2199
3277,1752
3767,3077
1284,1567
1697,982
1702,2080
2082,1547
2335,1993
2359,135
554,1
3247,3041
4928,1419
2276,2352
3343,305
1106,514
2584,253
4965,1486
5316,2467
5669,1831
1286,1613
5789,435
1040,2146
5431,727
5815,1656
1289,2850
3063,1419
222,201
3446,2877
1596,1280
3117,1655
3896,1393
4854,2786
2414,192
3252,1291
3321,896
3725,1511
946,2861
3403,1460
5583,717
2971,2769
2231,2959
3277,3041
1811,2373
1609,172
4317,2554
623,895
681,2563
2266,2953
3195,1696
2627,2178
1142,1460
2004,2953
3014,372
3100,2590
4019,645
2403,972
1286,458
1807,1850
2984,2415
4104,2446
4054,639
3885,830
5,2953
4449,2858
385,3174
1849,3015
4800,2149
2840,192
5178,789
3029,845
3848,1702
976,2861
3433,706
5300,2472
3324,1702
2264,2476
1161,1860
3737,1871
973,2563
3697,2472
1494,1511
3705,81
4930,1626
4226,1281
4921,574
3978,1179
1872,1871
2861,1419
4898,2842
4576,2791
3970,2981
5584,137
35,2953
1158,249
3725,706
3613,1431
1641,1157
1775,1157
1374,813
508,1830
2601,152
3294,2590
5374,677
1494,2800
5916,2946
1640,1871
5642,1431
475,1131
3995,2637
3964,1072
1500,1302
2341,1918
4949,2376
5522,1514
771,2590
4217,1703
521,2415
2285,296
2381,4
5517,2833
383,2481
2136,173
2518,275
3051,738
5231,749
4473,2797
800,2769
5220,2088
5934,677
538,2769
168,1738
3167,1852
1575,1045
386,3129
2516,579
2954,1744
3124,435
5094,636
474,2195
159,3123
1663,1831
2449,2740
104,972
1279,902
4414,877
4483,482
1819,2344
4509,1703
5045,1683
4246,2232
5385,2505
552,573
4206,2833
3390,1493
5076,1935
2858,2386
1404,789
1531,2062
2092,409
1844,307
2334,2386
3754,2709
4189,2637
2055,1281
5016,1103
1807,1179
5914,1
2340,1642
795,681
3018,574
4506,1001
1612,711
3067,2910
2179,4
1482,830
5417,2578
3631,2494
3536,1668
3670,1668
2863,636
659,39
3245,738
5012,2300
5361,2454
3131,1390
1467,2427
218,296
3965,1027
1286,137
2119,892
5904,1915
343,1496
2342,2627
52,758
4171,903
5562,1397
4012,92
4435,195
4113,144
5944,1
3354,92
1587,250
2382,713
3643,1915
1924,3053
1065,1831
2352,2002
3928,2084
3570,2376
170,1918
2343,4
5705,924
4058,1376
3373,1273
1991,1996
5845,2624
1984,825
4248,2439
1667,2838
502,1344
1591,2062
1887,892
610,3129
2847,2920
3444,924
940,789
1847,1493
4512,2485
4030,267
2287,1765
2635,1694
3697,57
2014,852
2062,2586
3540,2325
940,1728
3225,1001
143,2350
3713,2253
4298,2906
2701,1001
4972,376
951,574
5457,2111
150,2740
1396,2910
1831,2838
666,1344
4040,1335
1366,789
1190,2253
4781,781
1192,636
698,101
3437,1042
2055,1765
1898,1027
1609,924
3935,2450
5456,2825
5752,1655
452,1765
5178,602
5794,2820
4488,155
3612,2736
1666,677
747,2622
3369,2978
5499,1182
4105,2080
4590,1371
3258,895
3306,2629
3702,2629
4505,2953
2210,740
3118,2578
2994,822
878,826
5050,43
564,636
786,1237
3394,1695
5648,1655
3528,1695
4779,2963
5386,1655
3588,248
4517,2963
3326,248
3006,832
4508,1157
1975,92
3661,2978
4850,2614
4139,2788
1030,816
4767,859
1183,1058
4793,2080
3789,3163
4931,2953
762,1001
1529,1668
896,1001
3420,822
4077,3041
5793,2194
5770,490
238,1001
3280,253
852,3146
2347,2300
5387,2415
2555,3003
5120,2825
4910,3015
1882,1971
4800,1157
3356,248
5496,2358
2048,920
2910,2413
4293,572
86,2300
24,1422
5277,1496
616,3054
3883,2394
4296,2563
2286,2963
1338,6
4020,413
842,2054
1224,2910
2024,2963
2416,2255
3975,2922
3204,1547
2421,155
2641,2373
1082,1514
5679,2415
4568,1157
3124,248
378,2300
2608,920
3824,3103
5352,2959
1723,1695
2540,1917
1320,524
3715,1655
3023,2825
2316,2963
5253,2199
5378,1493
3405,1429
5067,2975
5948,738
884,1125
3482,895
552,386
333,1776
2330,2080
3054,3077
1805,946
110,2670
1404,602
2185,413
1911,2096
3298,1717
4055,1696
4900,1522
452,155
1460,3163
1615,822
3960,2590
4020,2641
331,2080
3679,2348
1036,1115
4331,813
4915,110
1475,253
2605,972
3001,972
5346,296
3510,849
5337,742
2570,1917
2620,1280
3466,2240
4555,706
2730,859
751,2824
787,2481
85,2963
1504,1341
4673,1866
2185,1702
3904,372
4716,250
736,1203
1868,305
4862,75
5216,573
4371,2467
5362,2842
255,2593
3624,1486
5174,2791
3832,2189
4852,296
4909,1584
2510,2963
1147,3174
2897,1157
5796,101
1363,1486
2920,2272
3658,1255
289,110
2703,1291
2245,413
502,1157
285,2620
2379,413
844,140
2456,3077
2663,172
648,982
2470,531
708,1033
2628,1871
3521,957
4223,2195
3020,409
5271,2350
525,2080
5874,1862
342,2373
3152,336
4038,2415
1407,253
505,1613
197,1460
1260,957
2531,1157
2402,2467
4702,2580
4681,1703
3991,1256
5063,307
3244,275
1888,1465
2733,1291
1652,434
5052,1646
2409,413
666,1157
2013,413
53,2620
1125,1671
2082,18
2431,172
2510,1219
2379,1702
2918,290
2453,2405
3004,1754
2069,722
629,2029
5713,574
410,413
5019,2637
69,120
148,413
1686,957
2899,1179
3308,2138
3819,2088
1587,2641
3893,2791
2475,3103
3354,39
4973,1703
5739,482
2170,2467
1363,681
3020,2637
5754,1514
415,1696
4544,2529
5208,2509
4117,964
3847,1103
1672,2190
5378,2920
3248,2272
4065,2494
4075,738
4159,2129
2409,1702
2013,1702
1032,2769
2147,1702
4818,2088
5263,903
502,1291
882,758
4922,610
4679,852
2833,717
2571,717
4494,1072
2405,1179
2178,2708
2553,1831
4074,2206
2334,2467
1458,1830
4261,2032
3077,296
4658,1668
2495,1072
14,2641
5074,600
2531,1291
4938,1493
3408,1564
5545,185
4738,2371
5476,2300
682,296
2626,1528
4536,924
2801,2283
4365,1042
1686,152
2467,717
433,2975
8,1291
3797,1524
2141,3176
4729,2258
3278,2622
2915,2570
1105,1338
2827,471
1065,973
3599,2448
1667,1041
3659,1001
768,1918
632,2811
4572,739
983,1348
3543,826
365,2467
2,2415
2906,1703
5167,2080
5902,2300
3098,1873
4645,1217
4712,2439
3160,307
2062,789
799,2170
2196,789
656,172
3099,2283
4178,2505
5284,386
3195,2745
3891,2448
5453,2824
1036,3022
1831,1041
2555,1072
4988,2495
3823,1001
4289,2494
2343,435
5719,1253
400,2811
1198,2791
1926,1278
936,2791
2557,2838
2636,3131
210,435
4028,1406
4439,2438
4480,2439
3391,2283
5335,2953
5454,955
4786,267
4920,267
1656,636
81,964
5134,2670
1419,2386
254,892
5347,2963
4399,6
4483,1397
400,717
5374,1376
5322,2906
430,2811
1655,2104
3341,826
894,471
4774,822
3423,2356
3313,498
2621,1668
4839,1217
859,2170
2755,1668
2999,308
4988,751
1342,826
5681,2435
3528,837
4727,1915
2237,924
2727,3003
1509,185
972,2232
1278,2504
4186,248
4017,1001
3621,1001
5336,2373
3041,160
608,2709
4663,1341
4639,755
5439,808
5657,2199
2708,1448
2054,2910
2503,2736
4705,1752
627,2170
2855,155
3631,376
496,2653
2982,2182
4851,1577
260,2376
5948,1624
669,329
1457,1873
786,1668
3415,3003
4855,2450
5025,2861
5011,2963
274,1493
5136,1157
12,1493
1280,1422
3508,2413
2496,1915
5089,1341
5063,120
3000,1448
4178,895
4961,2095
4651,1115
967,144
1786,1001
282,41
4057,376
583,3187
4886,1921
4554,1182
3024,1253
2895,2563
3578,2593
3635,3127
5543,1696
4710,1695
2967,2439
5577,1280
2760,2146
4637,2348
1246,498
4623,2450
4974,987
5349,110
2625,1921
3697,972
3984,248
4380,248
4674,2415
5161,813
1546,201
5252,177
2175,2624
5482,639
1318,3003
2259,1571
3883,2825
4857,1341
5568,413
2410,986
187,1093
5328,172
2518,519
47,524
1554,1001
2915,155
3168,1567
5427,1871
2493,2906
4697,305
2663,2563
4845,957
1941,2578
1191,2080
4577,2640
5067,2467
3248,2435
4442,2415
724,924
1078,1422
4108,849
3480,1280
5548,296
5259,193
5281,706
2807,248
3703,3015
2696,2861
4372,895
4246,2476
1873,2824
1716,366
3392,120
1308,571
2507,895
4064,1681
882,1860
1617,2080
5359,2467
5383,2861
959,2080
5097,2467
3674,2435
5840,296
4897,901
230,924
944,267
2308,2348
4882,1532
5329,2975
4118,1136
5336,1702
3593,2446
3939,639
4410,2476
3245,982
3725,2373
5578,1235
3883,2959
3487,2959
557,2450
3358,859
249,2105
3167,1291
3501,413
2198,1429
2578,896
3318,1460
3471,1702
317,519
4527,2472
5276,2590
3567,2164
5336,2641
2863,1819
989,2080
1120,2563
5480,1831
2200,1475
3387,284
2382,957
3244,2450
2941,2641
4665,1655
3278,1280
62,2629
3567,3103
430,1335
1617,336
2921,2174
5741,825
674,1695
5803,1703
4034,1034
2172,366
1200,987
4441,3078
1846,2825
5093,789
3742,3077
1287,2861
3239,1702
2960,3041
417,2978
21,2978
749,1465
1869,1496
143,1655
3140,1696
4330,214
2150,957
2625,1250
3179,2590
3702,645
2764,2348
42,822
2447,2641
4080,39
4711,845
4441,984
3381,1004
946,2918
3475,639
2291,3067
355,2450
3244,706
4605,3078
2638,896
5768,1493
126,146
1392,2446
2288,2769
1080,639
1899,1496
4084,1097
2033,1496
966,1291
5016,1831
4405,1677
5119,266
5568,92
2259,1250
3209,2590
4108,2622
2697,2415
3208,2365
2380,2708
4259,2791
3803,296
568,1403
3312,2688
3708,2688
2877,1070
2598,1655
1161,1917
404,248
3950,2975
689,2861
4010,774
4899,2370
5405,2730
2325,1496
3803,1235
2483,2082
599,1655
2010,172
1846,2959
1392,1291
4346,2386
1937,3077
1875,2199
4151,1918
2390,3022
3505,2709
564,1819
3181,1831
2919,1831
2248,1626
3416,2637
4002,482
3313,2889
5164,924
3421,1668
833,896
1323,2975
1232,413
5053,1093
2909,1493
2541,1097
3728,2350
4141,1765
4903,2088
806,1702
94,1496
937,2939
5483,677
5789,1915
3211,1831
4293,816
1475,1302
1564,2283
1540,1697
2101,44
2316,1918
817,1302
1927,645
2340,2504
3811,1072
4093,4
4919,2032
5101,1514
5251,519
5452,2495
5658,2371
1979,1744
4130,825
2058,2791
1447,2637
2094,4
1397,830
1736,296
4100,2114
3847,1668
5203,2730
1204,435
1689,2170
5392,2629
5590,924
5763,852
5513,677
3515,148
2252,2283
2711,2797
2704,1626
551,2472
2855,1041
4436,2413
2877,1554
776,2590
2555,1503
910,2590
5203,636
595,1266
1240,250
5335,1
1873,2637
1114,1831
792,1780
1215,2637
3264,3131
4601,1699
3319,2838
3615,1668
2216,2976
5494,2505
2608,1514
2153,1873
3225,924
5090,1109
1246,2889
2917,579
5067,1125
2393,579
3532,852
2472,1626
3871,318
4320,144
4615,1001
5427,879
625,1266
5554,2906
5761,1
284,973
5523,1341
263,96
5657,1341
2381,195
4547,308
5796,2439
2864,1103
4046,2012
5056,185
4252,2080
5372,2111
3541,3008
993,2601
4284,837
3317,1048
2033,2114
2993,924
3812,1027
5097,1125
1542,3008
3078,1971
1099,2438
2761,574
4934,2824
3356,1915
5271,1655
1902,318
5093,602
3737,2546
5115,1115
3890,2788
5299,2922
3807,1033
789,677
2384,1001
1988,1001
2888,2978
4141,155
4268,2182
300,2206
5118,2352
5335,135
95,2740
319,4
945,2910
1733,482
3961,2439
4223,2439
3355,2629
5764,248
4234,319
803,1514
455,2494
5240,248
5658,761
3509,63
4840,2758
449,2679
2906,524
4095,160
3914,1280
3124,1915
4432,2963
4308,1207
753,3090
5039,1655
4046,1207
491,3090
2652,2859
3306,1397
1979,1073
1232,92
1781,1088
502,2690
2902,1
4158,859
4253,2439
4712,2199
4886,2352
5741,2866
3165,411
5565,2640
5181,957
1475,981
401,1103
3018,1115
5532,248
5817,2861
309,1514
1116,1048
1596,2439
1804,1422
2002,3127
2205,1766
1188,924
1912,201
4290,1917
3030,1125
3408,519
5751,1460
5856,722
1066,180
4715,376
3486,1341
3620,1341
1335,570
5607,957
5710,2590
1689,2788
3365,822
5431,3175
1940,155
4949,957
4796,2435
539,636
2192,376
4320,1917
1352,924
956,924
5827,142
3812,2450
4879,1157
4500,572
902,1627
2313,144
919,1042
4403,639
1982,2259
5583,721
2933,2481
5696,1460
930,642
1573,2963
1186,2325
5241,957
3935,1702
1970,155
989,1222
1142,1464
5576,681
1983,2080
5816,1831
3970,1696
4610,336
3266,1351
4484,1917
5224,2481
3636,130
3539,2641
4909,1157
5172,39
1414,3091
2840,2640
3623,1588
3363,2415
3750,2861
5593,1035
3029,849
5035,2959
3187,2189
3020,3015
4644,859
4699,758
2035,2620
3795,1291
433,1125
5285,101
3542,845
1785,1
2341,3077
1087,602
5161,1728
5593,1385
4194,249
3939,1420
2521,1732
4997,573
3381,2590
1600,2850
148,2080
487,2300
872,2111
2978,1419
1806,2918
403,320
625,3173
859,1125
1781,2861
3240,2358
4656,1219
4391,1702
4766,825
5241,152
4191,2580
4542,1871
89,160
4106,2472
2767,3077
5623,1385
363,140
4069,2590
1154,3113
4239,1281
440,2080
118,2029
1976,1235
2012,700
2473,2041
2755,973
1289,305
4904,2637
129,3127
5867,964
1872,131
2761,2481
5815,2494
1092,3174
696,3174
57,972
3078,845
3469,1255
1459,1655
2870,172
2269,706
791,967
2401,3077
3874,2472
4235,1697
5431,2504
5868,2505
2232,824
4155,1179
2402,1235
4365,2709
239,1393
1505,2939
956,253
474,2199
2573,336
4507,1072
4906,589
1351,2472
3168,1677
3899,435
4436,2360
2142,1281
3835,2894
2271,1691
4251,2580
440,336
4364,1703
4813,1529
1489,1655
4307,2889
1122,141
3782,789
215,1157
4038,2472
1605,2769
393,1429
1897,137
3836,1025
4376,2467
608,859
1874,2405
33,2614
3949,148
3252,974
1559,1081
242,2199
913,152
2434,1281
3549,214
5899,636
3588,1862
4990,825
2381,2586
2596,296
3580,2910
4982,1873
3753,2838
2669,3026
2154,2580
2837,358
3802,2730
3048,3022
5937,1278
2819,2970
2850,2283
171,1393
2430,1697
3901,2709
4333,2366
3519,163
4410,2586
4701,1072
1846,1646
1129,1096
2975,1231
2770,1765
4391,92
5034,2413
1347,2487
5311,1001
2498,1831
2114,148
2236,1831
3287,2257
479,2677
3676,1278
1974,1831
4106,862
4608,1258
4367,2889
1851,677
932,2622
3468,1514
5359,1422
5555,2300
1021,1913
2184,2580
379,2446
5903,2983
3680,3090
4065,457
3745,1041
5341,1001
4006,816
2144,148
2143,677
2239,2637
4209,2838
4288,3131
62,645
2495,2068
700,2622
1509,2791
1447,1913
3548,877
5127,1422
2959,482
736,589
5261,1422
529,296
2313,307
3199,2386
3978,3090
3742,1093
215,2580
5690,781
5767,1001
3592,2088
266,825
2155,2350
3949,1571
3369,2982
4589,531
2949,144
3754,1103
495,1816
149,1179
955,2740
898,2206
5083,2439
5676,2953
1297,225
5280,2953
5490,319
1973,2494
3528,1699
4906,268
2566,3008
4997,386
728,482
2321,3177
4169,1695
2455,3177
4162,524
946,1873
2723,713
1756,924
216,307
4896,2963
5753,140
1930,2797
5293,155
4305,2495
4833,1860
2488,92
1409,816
1390,574
5170,1253
5306,2080
2071,3187
3420,826
3019,482
980,2396
3492,140
4275,1340
1439,2910
947,4
4536,1115
2404,2838
1645,2032
2996,498
2770,155
4031,2111
2988,2300
2351,3177
56,964
522,1703
3461,1766
4410,1915
143,2838
444,2012
67,2062
4723,160
4664,2963
3869,248
223,323
861,2300
1797,524
639,9
1835,816
4338,2978
5061,155
5281,2373
5530,3077
1411,2740
4809,2563
2665,2963
664,1005
5597,1855
404,2586
4220,2922
4566,1115
2513,3131
519,92
2117,3131
3597,1253
2215,1222
2939,1253
814,1703
5306,336
2620,2439
5915,1383
975,308
1883,2146
4889,987
4493,987
1222,185
2540,1921
4828,2963
3028,3173
1562,2505
511,2833
3990,366
5268,983
5101,2563
5221,413
4431,1048
2829,2963
446,903
4646,2922
1707,2859
4257,895
4131,2476
2634,2495
3367,2080
4788,531
1360,1997
2843,2080
3213,859
30,2910
952,482
3318,3127
370,1258
4093,1403
2044,2629
4181,1250
4523,987
5392,645
5552,2620
3277,2537
4325,248
2296,2850
4872,2861
3688,1125
4063,248
4223,2415
4849,1157
4987,2811
2516,2624
5931,2616
2689,2552
194,1971
732,2778
4082,1429
5360,2800
1499,1001
3610,2373
5738,2194
523,160
344,1915
3396,1855
1455,140
2346,2563
3201,3077
4825,2641
4723,644
4100,1419
4649,2415
2773,1849
2140,1182
710,3177
3148,972
1484,319
3858,2825
1012,2953
5506,2975
5783,1563
2880,1157
5583,2441
3716,1429
4836,1460
1694,2758
1529,1001
1417,1726
4015,1496
3980,721
2237,1465
3357,1496
1647,2188
1024,2963
4582,789
2679,120
3231,3077
2763,1511
5538,1917
1871,1115
1654,2578
3836,972
4763,3052
1038,2080
286,755
2130,63
5368,2637
29,1099
2326,1695
5881,4
817,391
357,2850
2852,987
3416,3015
4431,1532
62,458
2147,2861
4090,2959
5538,2267
786,2209
2319,1655
1283,3015
1567,330
3134,1050
4612,789
410,2861
322,570
62,1397
5255,1420
36,176
2343,1460
1388,1496
5206,2467
803,2563
2506,700
5660,2637
4548,2467
4185,2415
5794,2637
2461,957
1048,1613
5425,296
3749,3016
5482,830
3355,645
2362,2641
4332,2842
5130,2822
266,1577
1608,489
4445,275
5279,2164
5711,1821
5666,358
4771,2889
621,987
700,1280
304,1280
3439,2975
3525,275
2952,413
2556,413
3112,2580
2752,2045
5646,645
2769,1460
694,1465
3703,2267
1201,2959
3331,409
43,192
4172,1025
1426,3077
242,1341
612,120
2570,1250
3781,645
5221,92
4641,1503
1284,1681
3638,2811
3966,2088
4775,2257
2617,2759
4028,1276
2732,2709
5454,825
1992,2707
4215,1102
3024,639
5063,2889
5357,892
1554,2481
360,249
3323,706
1471,2446
581,1157
2522,2872
3060,1235
3941,2970
5023,2709
805,1804
5306,1571
934,1460
3210,1179
3549,645
830,2800
4147,2257
4617,2206
1537,972
3844,4
339,1250
5607,2356
4943,3130
2601,1071
4836,789
106,490
87,248
3922,826
5085,1493
3244,1702
372,2861
4178,2509
119,2415
1451,639
2951,137
50,366
4766,2679
5485,2366
4029,2386
1577,2441
94,2358
3483,2627
1372,2975
773,172
2435,2472
3132,1646
969,1804
4209,1041
4214,1385
4968,1093
654,480
2870,148
4169,1642
4556,2842
1932,1851
5655,1996
2730,1831
2907,2467
4734,862
756,1696
2760,3171
174,2472
3068,1072
1184,645
3049,830
3118,435
4176,2032
3620,1585
283,2415
1105,2981
1255,296
3392,2889
3514,600
4032,1529
91,1656
5678,852
3059,205
581,1291
4239,1041
1675,101
751,1702
4958,1694
1300,2698
489,1702
3149,2350
4814,1915
2238,214
1667,1179
2905,677
5797,2614
4126,1514
38,490
2020,2206
1392,2637
3849,482
4250,826
239,214
5681,2439
3401,2012
868,2637
1102,589
4074,600
2833,2494
2437,2494
2218,3130
4723,457
3018,1493
4157,1766
3890,1422
4459,2104
4562,2983
4197,2104
1327,1646
4331,2858
2192,2848
664,1302
1039,1179
4000,1001
5731,2906
2023,1349
3105,1088
5280,1
5505,2563
5207,2906
2695,2910
854,3119
3832,2356
5644,1217
7,214
186,1677
1053,296
3560,1668
4986,1217
2121,1103
2553,1514
5915,1680
873,2580
3519,1078
1320,825
5052,524
4869,1571
2071,2679
3186,2366
3222,2023
5003,1571
5772,813
276,789
4479,73
2676,574
673,2145
1215,250
3338,3137
5535,2563
411,2145
5602,1341
505,1780
1379,92
1031,1072
5938,2953
346,969
3587,3060
3537,1253
4750,1475
2556,2320
3490,3127
1458,358
1028,2494
4565,1695
4494,2983
4780,1125
5091,987
296,101
2639,1042
1751,2300
4643,73
5228,2978
919,2709
4171,1017
3214,2670
1306,903
1263,267
382,2504
1032,2586
1323,1072
5310,1290
5740,120
5280,135
3079,1
4405,2352
5876,920
5690,1696
4986,1351
2919,1217
405,2838
5185,248
4827,540
5083,2415
5148,366
5597,192
1237,924
3136,3137
218,1699
2181,3173
5467,2563
5715,413
5854,1511
3705,813
5885,824
329,749
3333,1207
1607,1366
3441,740
2875,2049
3995,2080
4630,376
5129,1255
2909,879
32,1694
2386,2824
3411,2029
1121,160
5502,305
1678,1017
1384,570
3283,2783
5210,2348
1819,498
1132,2012
2622,822
5762,2861
4301,2537
1011,1493
5247,2415
9,1683
4980,2825
1346,1217
1361,3003
635,2145
3627,1280
1447,2023
2531,2397
1366,903
5879,413
1457,267
1608,2880
397,1041
438,1042
221,2505
617,2505
3716,571
4270,1911
4314,1429
885,41
4056,639
1778,847
5446,531
458,1694
1229,1571
0,816
4262,2959
1232,1088
3632,2563
4897,1255
1488,2963
5308,3041
5532,305
3360,2629
5564,2472
2336,2306
3762,1855
5393,2590
2652,822
1764,2080
2574,1131
2734,2352
2961,1577
2111,3127
4038,972
4172,972
5277,2415
2021,201
3657,1280
4142,3015
460,2679
5854,706
3380,248
1351,2850
441,185
3118,248
339,2352
5220,2820
5294,2769
3396,192
4662,1738
3867,2029
3910,413
1055,987
735,1571
2946,895
3648,413
2667,1480
2605,602
3866,1804
5186,957
3339,3041
5538,2348
2248,1496
1042,1
1928,2080
3628,700
4421,336
97,725
5307,2415
1334,1341
2256,3077
2590,2199
3187,957
1473,2439
3519,1696
4369,1866
1079,822
1065,924
2634,27
660,3090
992,1577
4870,2791
369,2352
2886,248
1496,1110
140,2300
4517,983
2784,2415
4980,2959
2292,263
972,1110
609,1058
3157,1465
3692,2563
4415,706
1185,2157
5502,789
2384,2481
1935,1157
5898,789
4218,1855
116,1125
1420,2963
5191,2590
1423,982
2405,2769
3090,1182
5865,1780
4669,973
2224,2199
2024,3077
1957,1855
1188,1115
3588,2590
5941,1775
2923,1419
1175,1819
4231,2467
1512,458
951,2111
1608,920
1936,1917
4445,706
4104,413
5666,789
521,248
2296,1671
880,366
2024,983
1007,2393
2096,859
3187,152
2254,2199
29,725
3398,372
1006,2922
5175,2622
3936,1179
956,1115
3041,1266
1299,700
4862,1344
1882,1280
2057,1281
2468,3067
4755,2975
338,3173
1654,110
5758,1667
5028,101
5238,877
685,248
4083,825
1705,829
4399,307
2157,172
2742,3077
880,1655
4980,2504
4338,2283
570,1429
3913,1353
3295,2472
2756,2194
4832,2791
4161,2586
157,2199
2392,1917
5480,1514
29,2953
2080,110
3780,2894
722,1419
4196,2580
2833,2791
1768,2467
3896,2288
1026,1830
257,336
5582,2730
52,1624
1853,296
4513,944
1132,536
294,1157
4110,1493
4812,1765
4822,9
1031,3113
3846,1420
3708,3176
4797,1642
2961,2195
3833,2124
3888,1831
2422,1917
1756,1302
2580,2503
3239,1385
4755,2170
1451,1420
893,2590
4601,1703
1822,3053
2806,2257
5879,2320
5533,1683
4473,1703
252,1281
5737,924
1406,896
778,573
924,2842
2039,2529
2961,101
4678,2300
3604,3176
4619,939
3289,1852
794,2769
4058,148
3662,148
2363,2626
2404,2627
1936,307
3846,2709
2409,527
3928,267
1490,2472
4057,677
3,927
992,2195
1040,3175
2819,2088
4142,2478
1566,2467
114,1697
4739,482
4477,482
4291,2012
5091,1873
239,645
4160,2495
2969,2032
5519,822
3857,2494
4158,1668
5937,1335
2129,2580
2504,1703
2046,825
2674,2114
2961,1390
1512,137
5452,2983
2434,2627
2083,892
2568,2627
2301,2283
5658,2859
1955,1646
1647,1493
5286,1001
4221,677
1349,2590
5941,2393
2273,2709
3059,2864
2305,712
1862,2586
3061,2910
3421,1001
5549,822
50,1281
4188,1668
1149,435
1822,3187
3181,1514
5134,2300
5497,2352
2919,1514
3384,1873
4798,2351
472,1913
474,296
921,1739
5893,1571
2192,1185
1230,2494
2746,2525
5306,1581
4518,267
5667,1982
3265,3090
2611,2300
4631,144
1368,1677
2608,2002
263,234
1039,455
2579,1072
1061,214
801,1041
4218,1668
3958,2495
3693,2978
5441,2578
5837,2578
23,2467
4914,1371
1354,2910
4640,2300
5717,1695
3308,2386
61,2170
1656,2494
1260,2494
2353,1668
1000,877
2230,2766
2562,2007
1841,1493
437,1703
41,1703
1550,755
760,1390
2975,1422
2735,1935
5464,2188
5666,602
1743,2089
4554,2906
4227,2511
830,816
4328,2563
4958,515
5737,253
4859,2199
5679,248
3714,2111
5130,972
2430,3177
9,825
2034,3177
2347,1422
5835,2481
1418,2679
2481,1422
2455,201
3811,2983
5177,2481
4406,160
2183,267
4862,1157
1701,2213
2243,318
149,81
1040,2504
2244,920
4880,982
4620,2563
5387,2476
5389,859
2407,160
3871,1
4492,2563
4096,2563
3767,1341
2494,2788
5023,2953
5148,1147
4140,2111
2758,2080
4270,1403
5125,1917
5751,659
209,482
2303,2439
622,651
720,1186
2236,1217
1895,924
5603,2481
2479,386
908,1422
512,1422
2012,920
4710,2614
4691,120
2774,2963
391,903
974,3173
2650,1207
4904,413
4341,1993
2410,966
1782,1397
2775,155
3747,1254
3750,771
5787,2194
2377,1048
2500,859
3536,253
4073,2178
5210,1624
750,1186
4344,2641
5027,1917
1677,822
4082,2641
5056,1157
1520,3090
1028,376
4555,2861
527,2080
263,2007
3952,1070
5,1217
650,201
4024,192
1990,2450
5507,275
4232,895
3631,1429
4362,187
4489,1460
5881,896
2818,2080
2553,2563
4750,1235
297,1776
27,1915
2066,1
68,2670
2224,1341
2291,2563
3366,1131
4063,305
5445,336
995,2306
1418,3163
1757,2629
351,2012
1390,1115
20,155
242,3008
3272,2435
5743,932
2673,386
3206,849
2678,2450
5140,639
33,390
1975,987
4568,413
5043,706
146,267
4215,2769
1102,833
2296,813
4276,1702
2531,2373
1700,1
2956,859
3061,2373
3176,3077
977,2824
581,2824
471,966
3510,2199
5934,96
4268,1060
4782,1281
1554,1115
1041,1496
3947,1419
310,1048
695,859
1731,253
2075,63
1634,320
2122,1572
2602,2963
463,2953
5706,2339
2727,1157
237,920
4788,722
388,1089
536,987
1957,192
257,1572
1007,2824
2115,1532
2392,120
2435,756
3278,2199
1552,2358
2130,120
4980,1646
4838,250
1617,1255
5875,1744
4507,2365
945,3077
157,1341
5817,1739
1827,1250
889,2953
1966,2348
4442,435
5383,2975
3893,1913
639,2778
1716,1419
4472,2529
2975,296
3758,1496
4301,2647
1020,1157
4795,738
5624,2283
2506,757
4882,1646
2301,1291
632,2738
2177,1255
1495,3113
3672,409
103,2394
4924,2811
5010,1831
3964,2503
4614,1831
1047,2199
2499,717
3605,2570
3137,250
3765,573
2920,2467
1101,2435
4136,2206
3241,573
1899,2415
111,1696
3528,1569
3893,758
3345,2616
43,249
2340,845
2727,1291
3221,2580
2890,2975
2078,845
3687,101
4924,717
5557,2350
3526,2627
4156,579
4290,579
928,413
236,1583
284,2563
587,120
1034,1563
3728,1041
8,413
4628,574
2475,1420
1716,614
3189,9
2172,1419
391,1871
3674,1744
9,1577
3904,2206
2717,953
707,1353
1001,110
746,1281
789,1917
2222,193
4321,2494
3521,2441
3251,2580
4717,2494
952,1157
4770,2320
2612,2822
5030,1493
5045,81
2906,825
5907,1766
2773,1235
1114,2616
627,808
4421,1385
1778,152
1260,2441
3192,2350
3892,1041
1882,2195
1553,973
4989,1088
3258,903
4841,2910
2910,2637
5345,723
1525,645
4940,2889
910,1281
2519,1503
4699,1514
2682,3187
256,491
1918,2791
385,901
3394,1703
591,2467
3764,482
4694,2833
3223,1821
5635,2367
4396,924
5549,903
2417,2889
409,706
4189,1385
2723,717
3635,1765
496,2580
4111,1694
4426,574
4806,41
1645,1097
843,409
55,2837
289,789
2228,1677
2372,2365
3074,2637
4151,2032
5044,2838
2716,677
3951,2910
4025,2859
3901,1103
5078,1668
5680,16
692,1179
4467,1514
5806,155
487,2467
3809,1514
3613,1602
1471,2637
4671,755
2365,2325
1064,4
2778,2494
5899,319
3509,498
2516,2494
3832,185
5733,27
2540,636
3025,2371
4768,1627
3573,1422
2597,2833
1986,2679
1222,2283
2354,1385
2092,1385
404,2590
5323,2788
863,2350
142,2590
4316,2634
4915,1273
2788,1088
2528,1915
403,2365
742,1831
5926,2300
1244,2981
3171,2546
3109,1668
2830,2253
3243,1668
4590,924
5259,2214
2236,1514
5021,1110
3665,2300
1101,2114
2627,2833
5313,2450
3043,267
2162,2504
3177,267
4674,248
343,2472
5207,2963
1838,1626
4957,2788
5332,1911
5463,2394
222,2145
5480,2563
5896,1495
1954,2740
3208,2963
510,1831
5424,2439
522,902
3545,2356
5028,2439
1714,1001
3605,155
4496,2578
2493,739
2715,2838
368,435
3801,1787
5299,458
4700,1819
1295,825
1429,1017
1811,1873
3299,2300
3017,924
4701,2983
5499,2963
587,738
4833,2348
5881,813
1913,3089
4442,248
5576,177
5600,571
1054,2833
1093,2007
802,1831
638,2366
3114,1207
3952,2306
5485,1752
5512,1855
2625,1982
20,1041
3635,155
4877,1115
2363,2736
3908,1253
3111,155
1905,2824
1675,1581
5111,2450
5462,987
1897,2182
5837,110
1513,1253
5415,2861
1647,1253
3765,386
320,1683
5836,639
2195,1058
132,2386
3463,987
128,924
3664,2963
1864,3173
2098,1125
3958,966
2619,2325
91,1042
1607,1073
4690,2578
3988,3060
5781,1871
1061,2068
1154,2259
1673,2824
3084,1341
4340,2199
3944,2199
4627,1475
3223,2439
5088,372
5917,1917
1072,1668
4212,2953
2305,822
4394,2435
1338,1787
5593,2759
458,2906
2962,1351
4727,366
102,1581
1449,837
236,2335
1266,2850
2503,248
2899,248
3036,2963
3702,572
5132,1583
4194,1034
5624,1291
3932,1034
1067,920
3218,1
444,1695
2710,2978
4078,859
437,524
3577,2563
3181,2563
4207,2959
4632,2199
5215,305
2726,2922
5897,110
1308,982
561,1
2082,376
4826,2415
1581,2080
1820,376
1185,2080
3434,1696
1713,2199
455,514
3148,1110
1446,1855
1162,2850
5534,435
2865,987
2982,1572
3476,2861
2099,3174
5592,413
1211,268
5562,1702
4588,1496
3975,2959
109,816
852,1089
3211,2563
3259,1291
5155,789
5852,717
2990,120
3131,2045
2214,2373
3941,1096
1336,155
823,2788
5417,1728
1877,2199
289,602
2097,253
416,2629
2608,957
3353,1865
894,2439
3855,3015
4800,39
5684,1291
1238,751
183,1115
3640,2861
4741,2842
336,2111
656,1335
3357,1984
4474,2498
4715,1429
1490,972
5847,2975
1581,336
4222,1496
2553,2189
1455,1917
5223,1081
1164,987
1286,2670
2014,1157
2397,895
4255,101
3393,2580
1032,1033
5170,1420
586,192
1114,2563
1773,2199
2924,789
3232,1696
5212,1831
5476,214
3034,957
1318,1804
3589,1179
4181,2811
277,376
5461,845
2178,972
5223,1431
2497,2415
3576,193
3266,1465
5740,2889
1831,110
5272,1323
5253,1081
5456,3130
3200,845
3685,2580
204,248
2623,1773
3497,2529
4791,461
5596,1420
2380,2769
2387,1496
4221,116
4300,409
2072,172
1012,192
4035,1646
1392,413
4895,2504
5900,1831
4277,1179
1739,1460
2819,372
4393,573
2834,3124
4613,2791
3505,1831
146,1182
917,305
1096,2522
4062,2688
2331,2503
4096,1518
4872,1739
5495,964
3740,193
2389,2481
4753,2047
5890,1493
401,2640
5284,1683
3587,2580
5096,2386
2573,1255
4082,307
3803,1646
4918,579
2772,152
258,1773
977,706
3387,1179
30,3077
3020,1385
3013,214
979,2472
5635,570
1989,645
5216,2838
2365,2622
4490,482
4446,1873
3935,2889
1077,536
4217,1821
5445,1385
1437,290
1294,1702
5797,524
709,2769
3529,1420
1877,1528
3699,1831
2190,527
5273,1278
3045,1041
1093,665
3314,677
3968,3187
5387,1565
108,1024
4222,825
4258,482
2336,2981
5653,2438
4156,205
4689,2920
3703,2889
4744,2627
5434,822
5907,1042
666,39
4001,1765
5431,524
2022,2232
458,275
5387,1915
499,1030
1335,1302
2596,2504
4002,677
3446,2674
1264,2590
844,1250
1723,2350
589,3175
2425,2622
1716,1179
2576,2791
1511,2467
1624,2344
3255,2325
335,2504
3673,2838
5593,2922
4065,1376
503,2088
3149,2838
4574,1253
3999,3008
5720,2505
728,2206
3030,3146
4525,2300
5602,1695
5392,2889
5335,1351
4535,1298
5679,1915
937,101
5856,299
1981,2766
3798,1971
2428,1765
2851,2622
2823,574
1894,1831
5457,1
89,1697
5696,2269
472,681
3211,2376
5446,1340
1528,3171
4135,2495
5155,602
5623,2922
2744,2910
5598,2111
1534,2427
2191,482
1929,482
1934,826
2884,2920
3627,2439
363,2616
5849,2861
4180,144
4407,1089
2667,1350
3897,987
15,2283
3630,1397
5913,1341
5918,2439
529,2504
5737,1115
2476,1001
592,574
4033,1787
5585,1475
4506,1253
4325,3127
4686,2352
2797,1581
3986,1217
2962,1648
725,1103
1506,1668
852,3130
1029,1514
5626,2415
2262,1422
1859,1971
2165,1489
50,2627
351,1801
4262,2963
4721,1033
2183,2068
3957,637
5247,2769
5820,187
1233,2448
4001,155
4538,2080
5615,1475
539,2791
1215,1088
1084,2325
5867,1696
3417,2578
903,1001
3427,822
2002,155
4220,458
4698,268
4813,972
1936,1787
3424,524
1877,2146
5313,3015
5411,140
476,2627
3074,2397
930,2797
5369,2358
4543,330
5947,120
3631,1002
5119,1429
427,1422
5463,2959
2746,1777
4437,2563
321,1935
1171,2105
2544,330
3284,140
1305,2859
1299,570
1700,1668
1713,1341
5424,2415
3991,1695
2917,319
4947,3015
1103,631
5325,1655
5382,2189
719,1422
1596,1695
5052,1496
3421,2481
2593,2824
4071,2563
2727,2824
3809,2563
4864,2199
4112,120
4664,3077
3284,1429
3509,1547
5704,2590
2072,2563
2841,859
5454,2415
1877,1341
2278,2439
4062,1696
5111,3015
4238,2861
3842,2861
4570,1348
153,2300
5313,2975
2152,987
5163,172
4958,706
3880,120
2350,1911
1913,1910
973,2978
2162,2614
1446,192
2143,120
3498,957
2099,1511
1101,3163
289,1033
2928,3056
3990,1419
1135,1993
3869,2590
502,2080
1961,1577
3454,2348
636,2080
3881,2415
4435,1281
5381,1913
3357,2415
4570,2637
4725,296
2361,2450
2741,1917
1237,957
4248,142
3871,192
