u,i
4053,2118
729,2244
1491,1813
4256,757
990,299
753,386
1200,1829
491,386
938,1829
5002,2267
3247,1496
1509,2584
1132,2634
3004,1738
874,1844
1550,141
717,140
1338,2702
2331,706
3105,100
2248,2923
1649,120
2234,3025
1026,895
4727,1281
2903,905
5690,574
2371,1044
4329,2174
3503,146
5915,692
4528,1071
4223,435
1238,27
2466,1281
2905,1917
4004,1071
2655,1742
4575,2580
631,2244
4337,722
4416,1015
706,1829
1883,2394
1947,1655
1673,2584
2508,2
1685,1655
5658,2729
286,2963
4799,2473
2099,706
2844,1614
2978,1614
3778,2421
2016,2923
4389,131
3659,2729
1513,2302
3758,2708
1241,1614
3154,1281
1760,2179
4795,1950
2892,1281
4048,969
1300,2194
1656,1075
3161,1671
4677,1702
1836,2174
26,1696
4229,2478
4762,2941
1307,2584
335,2451
2035,1071
259,1675
1257,777
1114,2189
364,1691
3301,927
1086,141
5750,574
5884,574
1553,546
5130,2586
3901,1831
1809,2421
2626,2451
4078,969
4417,435
1557,665
3916,2139
3255,2622
4155,435
2527,1691
4531,722
5121,1719
661,1281
4859,1719
1803,1071
103,2451
192,1742
266,1691
5130,2936
305,1619
2270,722
1874,722
4887,734
5680,2622
2806,1456
5160,2586
5583,2689
2336,2473
4898,2586
2245,665
4619,3171
4636,2586
4242,969
4185,435
4679,970
1019,1147
3419,2622
4049,574
4289,2478
2121,1538
5915,2115
5665,1940
472,1917
1981,969
4627,1719
5023,2473
2557,2822
2538,2580
2732,379
4645,46
5104,560
23,1532
1496,927
458,706
4637,1848
5805,2859
2013,665
4370,1504
15,2580
4418,2484
1911,2832
4979,2551
4516,1329
5193,2480
1655,2088
5299,1186
1450,2622
3764,2633
5746,185
1422,574
3447,2926
2277,1088
2721,2822
5720,2936
2671,1015
231,1831
5062,2936
4288,1098
2366,379
4367,2145
5172,852
2530,2473
4801,1848
2898,1179
4343,970
4940,2946
2686,734
4613,2551
4964,1088
1211,512
213,2164
4958,2963
2623,1883
2986,2689
4617,2670
2800,1021
2437,969
1876,2622
4030,2910
1614,2622
375,1179
2285,1329
1970,2257
2417,2946
261,1831
2489,2822
4318,1098
5056,1027
5175,2439
4307,2629
4584,1217
5582,319
1707,2786
5086,2367
5678,27
5740,905
624,2822
4944,971
99,722
178,1015
4777,2551
5193,1675
4515,299
5344,1844
695,2473
2417,852
2382,2551
4882,1032
4876,1217
5116,2367
283,435
3545,185
3142,734
4401,1109
4679,299
4756,2963
5028,1207
2598,1021
4909,1515
2140,1109
2150,2551
1577,2689
4094,777
3163,1207
1695,2910
630,2586
1433,2910
4074,1064
5268,1044
5679,386
1069,2633
1525,1186
2593,1027
5463,2451
1122,15
2727,1027
2875,1679
3656,2244
1135,1940
118,1098
4261,1829
1026,2936
4436,2584
2896,1967
57,3074
649,734
1110,1883
2576,2551
5453,982
1512,1109
5650,1496
5912,1496
4795,2702
4972,120
574,560
612,852
1388,1073
307,970
4,969
181,1797
441,970
2767,2496
5511,2091
5679,1675
4660,1696
1293,1186
5085,936
4431,2398
4806,1521
482,1910
2903,852
4534,833
5186,1742
215,2320
5129,2174
2661,1696
1983,2572
2110,2347
2139,833
3307,1844
5905,1614
2689,2963
4943,2923
5724,1044
3153,1377
5462,1044
1217,2480
4171,1131
690,2963
4954,79
2839,1217
5657,2451
4836,1521
3965,2194
2657,2866
2898,1797
1220,2936
4477,1588
506,2095
788,1027
645,2439
848,1078
3233,1521
3601,1917
581,734
3377,2963
4755,1532
5452,706
2112,299
5369,2923
5443,2872
558,1504
3338,2
2102,2240
4614,546
720,2963
5837,1456
5892,1917
5933,1918
2509,120
5687,2451
5425,2451
4588,2708
2821,2866
3196,1989
42,806
1678,1131
2313,181
3588,1281
4027,1917
413,2439
346,1217
2125,130
2538,299
2595,833
583,2850
2884,936
3018,936
3369,1917
1455,2779
5435,2580
3282,982
4459,1547
4197,1547
303,1520
2624,2702
1120,1742
1502,1844
3883,3077
4100,1614
894,1207
1388,2496
5651,1831
2628,1131
1540,1547
3763,2194
4121,1902
4993,1831
5389,1831
260,1823
1488,3077
1987,546
3752,1281
1271,2850
1472,100
2160,2194
3545,1742
4644,896
2101,833
19,2111
1502,2194
3751,1810
5141,1702
5203,2580
5537,1702
4268,1548
674,1813
2162,2240
364,833
5897,1456
441,299
3204,2580
4159,100
1022,1742
2156,1671
3338,2580
3672,1702
4802,2421
2403,2302
302,2584
5839,2417
479,2
5921,2981
3636,1456
2134,1131
3018,131
678,2871
1958,905
263,2629
5334,969
4471,2257
1164,1044
3387,1691
536,1475
5381,2478
2521,2708
2110,1676
3751,3099
2593,2584
5585,1719
817,936
180,1813
75,299
918,1742
266,833
209,299
992,1691
1314,1742
2556,2702
5094,2421
3471,1015
3959,2267
5167,2145
905,2
5449,1831
5502,903
3666,1456
5187,1831
1899,1614
457,1532
1420,3077
5307,435
2764,372
735,2974
5441,435
5639,2894
4840,969
4692,2791
5545,2478
1947,1281
116,2178
350,130
1255,2451
4471,1102
847,936
993,2451
2784,435
3947,1102
296,833
2770,2257
3470,1702
4299,995
374,1655
312,777
1838,1496
446,777
587,2702
5666,903
1316,3077
1349,3025
325,2702
5740,852
2477,665
4736,969
161,1547
3977,1883
2093,1456
5181,2551
5508,2946
1831,1456
2956,1831
3013,2365
5575,2478
2741,1677
2345,1677
3267,969
5434,1684
3500,1702
2199,2791
3488,379
2794,722
788,2584
3771,2165
1716,1102
255,1532
3390,2473
1862,927
5308,2484
2765,2421
843,1702
5733,970
1295,1045
5607,2551
3,1496
2257,1456
3382,1831
4141,1883
1613,1354
3980,2689
847,131
766,2421
351,2179
2708,574
3563,1088
4392,2633
1479,1539
1040,711
2977,964
5575,734
888,1071
5709,734
201,141
3668,323
4540,2504
1331,2580
5763,970
3977,1078
658,1548
3130,2145
2039,1354
2025,1456
5084,1813
796,2421
534,2421
118,1045
2080,574
5208,1098
1285,1831
5402,2095
3817,15
2172,1102
5212,1217
5637,2901
4396,2351
4117,2936
5576,181
3334,46
2055,1456
3927,560
1807,1354
564,2421
5769,1515
5858,2496
4303,847
1130,2832
2138,2622
765,2145
2202,1883
868,2832
2931,1504
3733,2946
1181,1831
4992,1823
5571,2439
4468,1823
834,969
777,435
1338,2946
1472,2946
1756,2705
3659,1684
4070,2716
682,1329
4075,3060
501,2257
1098,1015
2423,1478
5284,130
3310,2439
4795,905
2840,46
5918,1207
4254,2244
4968,833
2941,2572
1160,2832
2679,2572
1509,734
1574,1883
1338,852
1167,970
4245,1377
1697,970
4799,2717
1284,1555
3276,1515
2569,1653
1574,2822
4886,1181
1701,1843
5345,1695
3731,2095
3335,2095
5945,936
5549,936
5599,299
5203,299
4680,2244
5337,299
2178,2936
3990,1797
2312,2936
2625,1181
4046,386
5350,2978
5899,2
2664,1109
1267,46
2896,2398
2540,319
4033,1844
1824,903
3811,2963
5186,1823
5289,2702
3549,2963
3237,1910
1131,1848
5341,2111
3187,1823
5310,546
5427,1131
1010,1329
1146,2910
3864,2974
1909,2115
4803,715
5290,79
3996,2901
3600,2901
5830,1521
2917,1181
4546,2779
4508,43
3510,1695
934,1684
222,1478
1371,2439
1648,1027
1510,2783
2477,2572
4112,43
727,2145
5440,777
443,2386
3473,1813
3029,833
5178,777
5615,1532
5915,1070
4701,1377
5893,2974
4374,982
5222,2769
5194,721
5027,1547
4705,1496
4478,3025
2198,1844
1976,2963
4216,3025
1936,1844
5945,131
3605,2871
3558,3025
3555,1064
3159,1064
1536,1910
1209,1515
3506,2111
3977,1696
1298,806
4753,1917
4128,1865
2751,2178
3193,833
1658,560
3532,299
1587,1848
5222,1614
3484,2702
846,1813
4960,1614
218,2244
2723,1823
5760,2421
4058,2974
3662,2974
5691,372
5770,665
2277,982
1590,2496
1881,982
4517,1044
4568,43
2830,1131
3611,1696
4757,2194
1448,1100
1560,2095
4478,1281
116,1186
1303,2439
5300,1655
1370,1217
3638,1075
64,2716
2624,2194
3020,2194
1211,2850
2247,2244
5697,2257
2307,43
3418,2240
785,1695
1255,2398
3779,1465
4433,757
4507,706
993,2398
1695,2670
5035,3077
4532,1702
2016,2496
4588,1045
2446,2080
2430,1547
761,2240
1007,1515
5145,1902
2774,3077
2994,1131
2297,1957
991,2702
1693,2974
230,1823
1142,2871
4084,2451
3033,2779
3668,1075
2556,905
5536,969
3542,1902
5915,1554
2526,2194
3751,2241
2381,1281
3186,2240
3282,2702
3736,2118
1938,2963
2308,1742
3046,1671
4192,2923
5049,100
40,386
3192,1496
1077,2634
1679,982
2954,2082
2202,757
2878,3026
5438,2504
918,1823
2616,3026
1172,2871
5635,574
1920,1044
2818,2194
1030,1475
4894,2791
5584,1548
4211,1071
2807,1281
2096,2209
587,905
921,27
1853,2451
659,27
1841,936
1882,1691
4222,2923
4654,2580
70,386
40,1675
5377,2386
1306,777
4690,1456
4086,2473
2527,1614
3461,2421
1283,1547
1021,1547
573,3077
4924,2791
4241,1071
266,1614
2088,1917
4332,435
3583,1071
1883,2451
770,1147
5586,2910
809,1075
1031,3174
4436,2478
320,1850
2990,742
1648,2584
3516,2478
4989,1873
1701,1656
1031,141
5021,2350
1965,1702
3276,2267
493,2717
2289,1045
603,3077
3073,2847
4508,1950
1230,2421
1841,131
1106,665
2343,1281
552,1045
1672,1076
975,1902
1013,2194
2849,1641
3172,574
4399,2946
5605,1997
4495,964
2841,2689
5642,1098
5709,2320
1798,2878
1366,777
1500,969
1061,141
3165,2786
137,1742
1675,1532
747,1671
40,1809
1867,1702
3902,46
2885,1456
4399,852
4800,1950
722,1614
1897,1544
2623,1456
1656,2421
568,1147
1776,1025
5941,1515
1139,1902
781,2194
2273,1831
3133,2689
3336,574
3972,2478
4438,1719
78,2451
2898,1102
4677,15
4843,2936
2966,482
3074,2267
3411,1098
3087,1940
4916,970
356,2580
4855,2946
32,1702
2291,2006
3344,815
5143,2824
5852,1823
258,1456
5244,1186
404,1281
3513,1001
538,1281
1694,969
3313,2633
2609,1534
5269,2936
5582,1181
1022,2791
664,3083
1696,1015
3238,15
4499,1217
4855,852
801,1102
4350,1848
2722,2350
3059,1181
5853,2583
4700,160
44,2816
2380,2586
3739,2633
3281,1001
416,1641
901,2622
1314,2791
5775,2111
3867,1098
5496,2696
5861,1131
3409,1186
4873,1027
5088,2901
2450,2012
2751,1186
4514,1848
4118,1848
4452,970
2514,2936
2230,3177
1139,2386
1872,1217
5289,1844
886,1940
5332,2480
5887,2702
2453,970
2649,1848
4913,2496
2461,2551
3507,2633
995,1883
1736,1329
1082,2791
1877,2500
4883,2095
1474,1329
5046,3025
3943,3163
4626,2439
4724,2974
5118,2901
2781,1186
5453,905
2232,1910
4202,2111
3940,2111
4632,1695
4936,386
5949,2240
3843,2178
1565,2386
4490,299
4574,936
4701,2963
274,2473
3047,2244
5270,2891
4943,2496
2221,970
4838,982
302,734
3101,2480
1260,2689
1900,1329
57,903
5938,546
4437,2593
666,1950
5879,905
2331,1515
4855,1336
4587,1521
3484,905
249,2012
5101,1742
1233,2936
854,2351
264,2320
2647,970
3734,299
291,3177
2051,1848
2125,1797
2139,1695
14,2145
2579,1967
5138,1809
397,1883
2787,2670
1997,299
763,3172
648,970
4032,895
3108,2496
126,1797
1506,1001
587,2946
5745,2194
5418,1045
2099,1515
2861,1838
4000,2111
5204,2779
1178,2633
3738,2111
3208,3077
3170,2593
5438,2451
2163,2439
2096,1217
4768,936
3840,1075
3425,833
3131,386
4270,659
2594,181
4868,1517
362,734
97,1217
4278,2240
5759,1496
2896,2963
4374,2702
587,852
3491,140
2634,2963
3400,1742
5485,927
2742,2496
1338,2706
870,386
5710,1045
290,1797
5092,2164
1296,2480
2039,2753
3634,3077
117,1088
3720,1131
2949,2974
3737,546
4329,2178
5411,1917
5764,1281
4810,2451
3905,130
3678,905
4528,1075
1769,2111
2488,1044
3751,1383
4138,1829
3131,1675
4313,2584
531,1078
4051,2584
1900,1813
2191,299
3034,1742
4302,1671
1929,299
1621,146
4978,2974
5941,2267
72,1695
58,1797
5612,1045
5944,286
3664,3077
1881,2702
3357,1614
4768,131
5284,1179
867,1377
4167,665
3661,2779
3174,217
4908,1831
4046,146
92,2320
5754,2791
2019,1131
926,1957
897,1027
2483,1989
14,2629
1901,1075
4870,2478
364,1695
350,1797
1064,386
4608,2478
2917,2
4794,1702
1296,1675
1645,1829
5575,2267
5342,2473
803,1742
2559,2923
675,2496
704,982
1934,2871
4202,2729
4200,1902
2118,3180
5574,2981
4889,2878
3048,3087
954,2850
4577,1071
4985,896
4362,1671
1495,3174
98,2111
1185,2194
5158,824
5172,722
5251,1015
3131,1809
1675,1829
266,1695
2124,1655
2062,777
2458,777
1215,1844
2598,757
1679,2702
5881,2350
3582,927
3186,927
309,1742
3411,1045
1716,2769
5861,1883
3715,1456
3319,1456
3431,2451
3727,1281
387,120
4883,969
208,2629
5015,2586
4294,574
5326,2478
4940,722
4807,2822
3990,1102
1113,1917
1204,1281
3466,1102
3313,2580
4381,2421
5126,323
3770,2267
143,1830
2789,2580
3123,1702
3818,995
4479,512
5296,734
2417,722
645,536
5132,1831
5581,903
5703,2586
536,1532
1613,927
2120,2421
2392,665
3975,1918
728,1702
2424,2832
1350,1456
3442,2586
3046,2586
4832,2478
1143,1917
5123,964
4423,738
839,1691
3050,1015
4309,1390
307,2584
5465,1078
319,1655
4164,2729
1129,706
4071,286
2546,2421
1777,927
388,2923
758,1702
1154,1702
3112,2832
1673,2267
3015,1179
4992,2551
890,1629
5321,1329
3546,815
3167,1950
629,2985
2816,969
1102,2451
5159,1910
2554,969
5288,2320
4764,2320
5884,2351
1679,742
3463,1719
5727,2367
4648,2145
5379,903
5284,1797
3923,2643
29,896
526,1702
5483,2946
5089,1329
3327,1831
417,2698
2012,3022
2365,2386
320,2765
1187,2350
5657,1032
223,2832
4378,2634
70,146
1830,2981
4919,1829
408,1831
2361,2617
5060,2439
3866,15
5891,2367
1529,3026
1061,706
4294,2936
1214,1702
4032,2936
5379,2192
5042,1109
3374,2936
5186,2551
721,1015
4857,1329
3187,2551
2715,1021
2748,969
2789,970
3971,2633
2596,1329
4561,1186
2334,1329
5748,2439
615,969
747,2586
4897,2044
26,574
1621,898
4783,2696
4062,2936
3952,1078
2496,1098
2654,1684
1546,1478
873,2698
1000,1719
3321,2901
1752,1354
3524,1540
4290,319
4456,1520
5571,1207
509,2421
4215,899
247,2421
3678,2946
5056,1515
2451,574
2382,2689
2767,2500
921,2365
1005,3002
3044,1088
3565,2480
5399,1100
2202,1001
722,435
2093,1997
4813,2696
4109,2351
3866,2593
103,1329
2734,1047
5129,2178
1927,15
915,1015
5394,1695
5514,299
4223,386
1284,323
2540,1181
3173,1848
3307,1848
1569,2936
4360,3101
1197,1078
2723,2551
2797,2500
3052,1329
1429,2367
4344,1844
4082,1844
3686,1844
1568,1021
248,2622
220,574
2038,2633
4598,2111
529,1329
3547,2439
2098,1186
3075,2629
4374,905
2956,1217
5544,299
4857,1813
3193,2850
5354,1865
3967,2244
1479,2080
1154,2320
715,1684
2570,1181
5467,1742
3411,1797
656,323
2012,2351
3015,1797
1623,1078
3333,386
4223,1675
1356,734
960,734
965,1078
2992,1813
3494,2963
3021,299
789,852
4220,1377
942,1848
1449,898
2593,1515
2727,1515
2109,2634
1371,1207
2608,1823
111,2859
166,2566
5312,299
5126,1075
3025,2111
3455,1695
2818,2572
1648,734
1383,1217
1727,1027
2773,1109
4772,2240
787,2095
4923,1655
2394,2244
4527,1655
3051,299
3880,1844
5389,896
4740,2702
3632,1742
2393,299
5432,1532
5709,120
3766,2496
5912,2923
2453,2824
918,2551
2153,2532
5145,1475
3137,2702
4262,3077
4878,1131
1980,1823
2892,2871
3288,2871
3532,1511
2842,1064
2630,2871
5292,1902
61,2341
190,1997
5028,1829
3514,181
1084,2439
1361,1027
2870,79
2961,1695
5215,1655
2641,27
273,3163
555,2095
493,1217
1257,2367
3924,1742
4953,1655
5166,2702
56,2936
5763,706
4223,1809
5716,2580
1996,2706
5740,722
3429,982
2942,2584
676,1109
2183,2532
4418,1496
1558,2480
1216,299
3117,895
1303,1207
3655,1702
788,1515
4093,1147
5361,1076
4411,1456
2988,2178
3784,1331
3942,1917
2471,905
4350,1742
2307,2194
2216,386
992,1695
1405,1110
861,2178
3438,1071
821,1813
1196,936
3013,141
2089,1742
356,3174
2075,1844
3854,757
1061,2963
588,299
4019,824
2969,1532
4081,1702
4456,3077
1713,2394
2375,1547
4837,1456
5361,2365
1161,1100
5743,969
4325,1281
1573,1044
957,546
2192,2779
282,1131
1459,1696
3730,1071
2369,1917
3518,2878
502,905
1558,1675
2735,2240
2869,2240
240,905
782,3174
3958,706
3972,2856
618,299
4111,1702
5637,2421
3916,2924
5375,2421
3453,1702
5256,2729
5292,2386
1052,2
1262,1532
2019,757
704,2702
2180,1614
5346,2622
5948,970
2763,2194
3119,1075
4891,2981
2210,1456
2597,1902
3299,2174
446,1131
2399,1917
1984,1675
532,905
480,715
965,1696
5499,2837
342,27
223,2779
636,2194
839,833
3879,1702
4094,2822
4013,1702
1785,1465
1167,2584
5606,2145
5914,46
783,1655
1117,777
800,1070
146,2532
1392,2702
638,2240
4239,1456
655,1655
5817,2365
1030,1532
1704,2974
5675,969
1267,721
1308,722
644,1496
5852,2551
5919,1329
5261,1329
3499,1831
607,1614
2470,1918
1145,2421
1871,3087
2224,2451
3414,969
1626,250
4771,2633
5497,1047
5901,2859
5374,2145
3664,2837
4345,1478
551,1655
4966,2350
924,1671
4728,2936
1844,2580
5746,970
2563,2267
5808,1848
5873,964
734,1547
1472,722
3478,2832
1169,1475
286,3077
1709,665
3751,2432
3692,1071
1906,1179
3807,1021
3444,969
302,2267
235,1045
3061,2894
764,608
1822,3171
1839,2586
5120,2386
1431,1071
1164,727
5345,2504
5947,852
3600,2421
415,3083
3393,2320
2593,2267
4809,1181
2703,1873
2727,2267
4515,734
5776,970
1240,722
5810,1520
2597,2386
450,3077
2468,286
2864,286
4949,2689
9,1614
4770,2946
4374,2946
2913,2622
3852,1329
4472,2700
4763,1186
1475,969
4143,1478
951,969
5184,2936
1142,2257
326,1671
2057,2822
3356,1098
2771,2165
3717,323
978,1102
2894,286
5948,299
466,927
362,2267
3741,1848
3311,574
1277,2832
599,1456
895,286
1887,1071
2033,2586
5061,1940
1704,1364
1716,435
2115,898
1050,574
2996,2633
4880,3060
5231,2351
5380,1131
1008,1102
5834,1109
4051,734
4880,27
969,2837
5059,2244
5742,1520
3771,1848
2775,1883
622,2729
756,2729
1754,1831
105,1456
5752,895
1772,1848
4461,982
4862,2080
3160,2633
1255,1329
2447,482
64,2586
2531,1873
3042,1823
3763,2145
4541,2439
3878,2095
1999,2012
2121,2941
5172,27
5783,181
3554,1217
4552,319
2014,2320
4192,1504
3889,1695
4023,1695
3603,1109
4035,1520
5619,1655
397,1456
4275,2670
4972,1844
3542,833
3485,299
4982,2532
2198,1848
174,2350
5671,1064
4229,982
1681,1329
263,1641
3016,2480
20,1883
2623,1997
4862,925
3468,1823
3072,1823
4175,2439
4309,2439
1427,2910
3913,2439
4452,1027
4405,2901
5591,546
5787,2178
4143,2901
4470,1044
5368,2194
5571,833
1677,806
2453,1027
1850,734
3445,1058
3803,1520
3486,1813
5678,141
4492,1742
1906,1797
3463,1829
5244,1377
1904,970
2819,1535
1382,1797
4259,982
1053,1329
4484,1100
2519,2963
5122,3077
3236,1823
3964,1064
5729,79
3490,2871
3240,2696
4083,1695
757,1186
1237,1823
2221,1027
4838,1039
4900,1917
3563,905
2909,2367
92,15
1415,2095
1701,237
3528,130
367,1940
3545,299
3998,833
501,1940
520,2936
5212,2189
654,2936
2767,971
2870,160
4423,982
3033,1844
5414,3077
5125,2974
4044,2117
288,2586
2029,1207
3977,895
991,2706
5411,2779
1648,1515
4664,1044
3373,1131
5759,2708
890,1873
3586,2178
2385,1027
5064,1917
4713,936
263,1186
4028,833
5210,1742
5638,2189
3284,2779
5820,1671
4094,1830
2143,181
4106,1655
386,1027
3832,2584
5308,1496
764,421
3303,2240
2553,1742
5182,3077
4694,1044
2540,2
5815,1677
5531,1918
5228,1917
899,2716
1501,1064
1685,2871
2903,27
2880,43
1882,1695
3133,2209
1355,2178
3874,1655
1093,2178
1401,79
694,217
1824,936
2583,1742
3825,2702
2321,1742
2481,2963
3851,1671
4971,1702
5594,927
4399,722
4447,1702
2570,2
660,606
2993,859
3127,859
570,1844
145,160
1065,1823
800,2306
2689,3077
1696,2629
328,2496
3583,1075
1138,1547
1835,1475
4421,2174
5642,2257
1220,2111
3333,146
3044,43
2046,1695
1276,3174
1508,299
4285,1532
589,2244
5202,2924
4739,1702
4677,824
5496,927
47,1695
2910,982
3789,2082
2022,2240
3923,2082
1999,536
2338,2
5099,1456
947,2891
2478,1702
2812,824
3574,1147
649,982
1846,2923
3391,2194
3687,1024
4246,2708
4762,3002
5946,574
333,2439
1821,2866
2117,1696
773,1957
3380,1281
4536,969
1788,2194
366,1044
4203,2257
4979,2478
5196,1015
2401,2394
205,160
2543,757
3013,706
516,1742
1574,895
1658,1532
388,2496
1897,1548
2642,1702
1594,1547
4651,1831
5153,2981
824,3026
1366,1131
5356,2586
595,2974
1605,1147
4566,969
2456,2451
2900,1179
5861,1001
2619,1691
2015,2708
2354,2174
4702,1015
2221,2584
2699,2586
20,1696
1894,2189
2687,1071
1558,2240
887,1281
534,1917
1575,1655
4271,1960
5085,2473
2437,896
2538,1702
5635,2351
1168,742
2410,1702
4979,734
3969,871
625,2974
4959,1021
5033,970
4697,1021
4169,2622
4730,969
1548,1902
5825,2633
5770,482
3452,2981
3056,2981
669,1179
2059,1071
3826,2633
2783,2822
2382,2478
226,2861
5386,2936
5799,2351
3235,2165
334,2394
5160,903
301,2
5208,1883
1665,2837
3458,1456
4898,903
5614,319
1295,1614
4636,903
5032,903
703,1702
1833,2421
4760,969
4801,970
5183,1072
5245,1950
5259,1848
5948,2824
5547,2480
4480,1329
2742,3171
801,1456
2759,2586
2850,1950
2237,969
1841,969
2180,435
2939,1241
2677,1241
1335,3083
3594,2633
4666,1684
5248,908
3012,1719
1692,2566
181,435
279,1532
17,1532
5289,1848
867,1702
1648,2267
1252,2267
4831,970
5101,2551
5681,386
2117,1025
4037,1109
1936,2145
5668,1844
3111,1883
3474,2689
3212,2689
361,2473
3288,1021
729,1179
5369,2716
3965,2926
2511,1329
312,1830
353,1831
3307,482
764,1173
5178,2367
3294,1940
3017,908
5577,386
3581,2936
3168,323
4661,1848
587,722
666,1015
270,1015
1490,2216
2942,734
4995,970
8,1015
1682,2386
3141,1883
1704,2145
4540,1329
5748,1207
5090,1207
424,2421
28,2421
3681,1073
5718,2496
5456,2496
2608,2551
3733,2926
2563,1088
727,1641
5693,2439
4244,1186
3848,1186
4773,2439
3708,2115
1490,2566
3324,1186
432,969
3534,2716
1734,482
3349,2936
2962,46
434,1015
2841,1217
5303,160
5033,299
683,1719
5437,160
1197,1940
3941,1535
2559,1504
2134,574
4873,1515
3333,898
561,1729
2727,1088
2443,1329
4358,1823
5483,144
724,969
3700,1823
1100,2946
2538,2320
4088,1181
1756,1530
5526,1521
5543,936
3168,2901
4801,299
4885,936
4539,299
5382,1742
210,1098
3190,970
2534,1797
2307,2572
5545,982
5650,2496
820,1027
2742,2500
4285,2634
4612,777
4657,2240
4662,2584
3631,1844
5672,757
1026,903
3419,1207
5065,2974
230,969
803,2551
5605,2164
3975,2593
212,1329
5709,43
26,2859
3066,2974
3364,2439
4711,1695
5585,2451
5323,2451
5835,936
4888,833
970,1910
4915,936
4230,833
5575,982
1299,2351
2366,1058
3073,920
4692,2584
3644,1675
5129,141
2365,833
5068,2871
1016,1504
3681,2496
4407,910
3023,2496
4897,2235
108,1329
841,160
309,2551
2553,1823
4748,2866
2993,2095
5749,2451
1024,2496
1000,1910
14,2633
4656,833
5442,1742
3778,2779
5838,1742
4151,1829
2611,2178
2523,79
3266,160
2106,3174
5678,706
5783,2974
3479,1207
5831,1702
729,1797
3569,1100
1430,1844
272,1329
1480,1207
1960,1844
4028,1614
1643,2891
2321,1823
4172,2302
4207,3077
4552,79
5371,936
1618,2080
3061,1044
3372,936
1983,2178
3098,1865
3518,2451
3814,1281
3857,1917
4741,1671
3211,1742
4849,2702
64,2696
764,2141
3770,982
2328,900
5337,1702
1705,1675
1347,1967
1407,2018
2188,2583
1899,2480
1035,160
1238,2963
976,2963
3290,2974
3338,1702
2343,2871
1178,1377
3790,1045
5839,1539
5481,1831
2062,1131
1976,3077
1028,120
2196,1131
4240,1281
143,895
530,2095
5857,2118
3286,2451
3625,1917
2154,905
1161,2901
2252,2194
5915,1534
94,2696
1711,2779
5181,2478
5453,722
279,1695
3273,1465
5250,2837
2832,2
194,833
385,2121
1114,1742
2769,2871
897,1515
2454,1547
4520,1456
5249,1831
1961,1614
5016,1071
1265,2850
2619,833
3479,1691
4697,2257
671,2111
5745,722
705,1695
4423,742
1899,1675
3081,2584
1713,2451
5069,1082
272,1813
3245,706
96,833
2016,1671
3685,2698
1307,982
820,2584
1441,982
658,536
849,1070
174,1655
1991,1614
2397,2302
2125,1614
1163,2923
2663,2421
3742,2451
5194,969
5590,969
5631,970
5655,2118
4932,969
2542,1902
4918,2791
391,1131
1335,936
5472,1098
1077,1809
5948,1027
2990,722
5597,46
920,1071
2436,1102
5335,46
4110,2473
5667,1539
2955,2421
5321,2622
5923,970
5620,969
5661,970
5399,970
4635,574
2197,2779
2176,1902
5347,2500
4015,2586
2549,1918
4851,2858
3225,969
2203,1281
625,372
1807,1281
2963,969
3073,2827
3345,1071
5435,2320
349,2194
1013,2174
2496,2257
2630,2257
3678,722
4586,308
950,1071
921,141
4245,15
5771,734
5862,852
5922,903
581,2702
5089,2622
2857,2421
1618,2698
3481,3002
5632,1329
1953,1456
5370,1329
3966,1539
4045,2586
1335,131
4074,1072
2993,969
44,218
766,2832
2979,2791
3832,2478
4909,1873
951,1831
1164,2878
4013,15
1169,1532
1470,706
1819,2580
4441,2936
649,742
4157,3177
4854,2351
807,2082
4857,2622
1130,1015
2542,2386
4001,1883
5493,1520
1251,2473
4682,2998
1607,1354
4437,2413
5913,1325
371,1902
2334,2622
2002,1883
3423,1088
3468,2551
2499,2689
5104,1186
2275,2981
4701,15
3749,2012
4867,2936
5605,2111
4605,2936
4209,2936
3435,1098
1160,1015
1630,964
575,2082
3832,734
4360,3105
3570,734
3864,2901
5657,1520
1384,908
3364,1797
778,1098
826,2832
3023,1504
5031,1997
3632,2551
578,286
4514,1478
892,2139
5024,237
1237,2551
593,2257
3069,1098
5772,130
2599,2115
3798,2439
4001,1078
4075,1027
3734,734
5687,1520
5766,1813
3247,3090
2483,1940
3654,970
3454,1848
3528,1797
5481,2583
1417,2145
3199,1329
4541,1207
5924,120
2811,2910
2775,1001
956,969
734,2088
1131,970
1902,847
1508,1482
885,2257
83,815
1334,1329
1596,1329
1618,1088
2399,1653
1032,964
550,2910
2238,15
4631,319
5517,2398
4138,386
2027,734
3152,1109
3558,1797
5896,2394
5564,1655
3766,2500
371,2386
1185,2145
5502,777
118,1940
2458,3172
2723,2689
4436,982
1423,970
5270,2871
3572,2634
1161,970
3883,2496
5220,1064
5781,1131
3017,1823
4641,3077
5644,79
3309,3163
3596,2439
2347,308
4689,2367
4270,2383
4862,43
4438,1967
2270,1027
1530,1217
1874,1027
819,2145
7,15
1929,734
3075,2178
3369,181
4553,1917
3224,1520
4699,1742
5545,2702
5666,777
5841,1532
569,2936
173,2936
1849,970
2303,386
5223,207
4156,2
4290,2
3894,2
4933,3077
4119,120
4284,2439
3181,1823
1432,1032
842,1001
5288,43
599,1997
3202,2111
3689,1475
4028,1695
1190,1684
2300,1027
5746,2584
178,1186
5575,2702
2595,386
3572,1829
3384,2532
4320,2
3301,777
3211,1823
4076,3025
1727,1515
4994,855
5094,2779
3232,2111
3597,546
5605,2729
4794,43
5776,2584
3142,905
208,1186
3276,905
3503,130
4146,2451
2214,1044
4442,1281
2212,217
1699,2850
1763,2111
3449,833
4044,2174
4811,2841
2497,386
4138,1809
2794,2824
2118,1521
4490,1702
474,2244
1604,2963
1131,299
85,971
4180,2974
5216,1614
5141,2194
5258,2779
3083,1614
5380,1456
2398,757
2107,3025
5676,286
5130,1281
3299,2178
718,1823
3063,1147
4210,1281
1729,2850
4601,1691
2928,3174
2154,1336
4131,2708
4454,1641
4661,1742
390,1957
5947,722
3545,2584
1255,715
1038,2178
2516,1917
5025,706
649,905
587,27
3770,2702
2004,1742
1505,1829
1645,1809
2760,1496
659,2532
427,2963
31,2963
1509,2702
387,1844
86,2670
3104,3026
2372,3077
3661,665
4396,131
5640,1918
3289,2779
302,982
703,2080
761,1496
1148,2696
5778,2791
2753,1456
2899,1281
1617,3174
2341,2451
25,2367
751,27
4531,706
2504,1691
766,2779
1005,1075
4770,722
1314,2584
1675,1809
266,1675
1448,2584
1625,2
1398,777
1935,2702
5474,286
1673,2702
2270,706
169,1742
5919,2622
2942,2267
2861,1147
5261,2622
3009,1045
3692,1075
5464,2981
4268,2174
209,2080
754,1614
1036,546
2633,2451
4071,1071
5752,2859
1564,665
573,1044
2405,1281
581,905
803,1506
2256,2878
2108,536
2884,757
461,1742
2419,2118
225,2963
1307,2702
2622,757
1441,2702
1467,1671
3074,100
5247,2350
1929,1702
2602,1044
4159,1076
3598,2729
5852,2689
2777,1045
227,757
4783,903
2947,1456
4862,1950
4905,2586
5194,2689
4657,2484
4643,2586
278,2974
2401,2451
4753,2946
5345,2858
5741,2858
4383,969
4887,2946
778,1045
1626,2832
3075,1641
2971,2981
2957,3083
722,1675
5276,1940
128,936
2941,2580
3240,927
2679,2580
1509,742
2355,1702
3069,1045
5385,1883
4070,3074
3232,2729
4662,734
5209,903
4813,903
1318,2837
3111,1456
4279,969
4716,970
4807,2586
2862,1883
3755,2689
1344,1025
1862,2708
2657,3171
2712,2878
4677,1015
1242,748
2400,1071
643,1917
4490,2320
3276,1873
4692,734
1679,722
4807,2936
1521,1102
2904,15
3007,1456
99,706
3141,1456
2174,2421
3437,286
1009,927
4047,969
3486,2622
2388,2350
1657,1902
1404,1456
2529,1831
4492,2551
2582,903
1396,2504
2048,969
334,2451
2182,969
745,1231
3405,2633
4654,2320
5378,2351
2477,2580
770,2981
2141,379
3746,2145
4460,734
1879,379
126,435
4838,1848
4912,1797
82,2580
3071,2006
4798,729
4972,1848
5172,970
5753,2413
5920,833
1859,2386
1800,1025
4126,2551
1261,2437
2868,2586
2837,1021
1006,1918
3671,2910
2649,970
4951,1910
4144,878
3111,1001
3925,1514
4293,1910
1349,2257
4831,1027
3121,1719
3962,2335
199,1071
2859,1719
4268,1853
4359,1217
5469,560
3147,2351
3264,2936
4940,970
1361,2267
4284,1797
3952,1058
5007,2192
5783,2413
2219,46
940,1456
4061,1001
2283,970
2083,1848
2553,2551
3141,1001
1257,574
4743,2496
1060,2689
3665,1186
1404,1001
2911,1478
4852,2439
5941,905
58,435
1177,995
1657,2386
2328,339
2655,734
5149,1844
104,2473
4975,1691
2771,1848
5431,2496
4044,2121
2853,160
1846,1504
5017,2856
3284,1844
4094,895
5575,905
649,2946
4045,2696
5886,43
4251,2572
4230,1695
5534,1281
1038,1186
792,1719
4709,2861
2801,1848
2252,2572
5347,2394
4206,2240
820,734
25,1025
4452,1515
162,734
4436,2702
3357,2480
5143,120
745,560
3809,1823
218,1797
3160,1377
612,970
1455,2413
2453,1515
3277,2716
2647,2320
5530,2451
2808,925
2794,1027
5454,1675
4382,372
3143,2901
3678,27
5383,2963
4118,299
4724,1075
3655,43
2247,1797
1144,1181
2961,386
5267,536
192,734
271,1027
4980,2923
1730,2244
797,319
5484,1702
563,677
3259,982
4140,2717
2221,1515
72,817
1999,2634
581,2946
2706,2496
209,1088
782,2670
2778,120
3041,2974
4729,79
3763,2178
2094,2871
4339,833
3740,2194
5072,2240
3461,2779
4929,1830
1257,2936
3387,386
3357,1675
2961,1675
3770,1844
2679,299
1992,1813
3998,1671
273,699
1498,2244
992,386
1040,1366
5514,1702
3423,982
3808,1547
1877,2240
4377,1475
891,2963
3494,3077
22,299
4645,2421
1133,2496
386,1515
2008,2696
2421,2111
1261,961
4831,2584
1935,905
1673,905
5510,2118
1790,2244
358,2850
2127,1075
3230,1691
2261,1829
5308,2923
194,1695
3905,2769
388,2500
2308,2584
314,299
2258,777
1862,777
52,299
2137,2702
1029,1742
1015,1844
3770,100
5936,1179
3021,1702
796,982
1756,3010
3934,2194
5374,1641
5527,1883
3879,43
305,1684
1614,1614
213,2095
5079,969
1106,2901
1307,905
3656,1691
5418,435
2052,2779
2303,146
5343,1015
5522,2478
5477,1015
1175,1917
3086,757
2563,2702
3905,1614
4268,1666
3313,1702
1520,2891
1124,2891
2327,1671
3832,2267
3765,1045
4161,1045
3241,1045
4069,1456
1087,757
5722,1950
930,3025
302,2702
5357,1071
319,2871
3261,2451
5448,435
3935,1641
5557,2822
734,2332
5464,379
5185,964
990,43
2368,2584
854,936
1984,1655
5890,2473
2108,967
2889,1532
4869,2421
827,1742
2496,2769
206,900
5049,1076
4099,1456
515,1655
5224,1831
57,777
1719,3077
5281,2365
772,2974
710,2096
2749,1902
4712,2622
3722,1883
1418,870
4859,1329
3534,2586
5808,1478
440,3174
1164,2451
768,2451
333,833
3187,2478
3507,1702
5907,3177
1284,1055
5929,2936
5819,1078
5948,734
533,2584
5280,46
844,2
5049,2365
362,2702
2131,927
1124,3025
312,895
1246,1702
5270,1021
984,1702
5151,1329
3446,2365
5173,1088
2002,1456
3564,2586
2908,969
798,2451
2085,2622
2179,2257
2155,1671
4824,1873
5399,1027
1402,121
4203,1940
4547,2504
426,1532
3165,2473
2453,2267
5772,1797
5333,969
3533,1179
4376,2622
5508,970
5718,2500
4178,1883
5456,2500
2066,286
2511,2622
4233,1001
4904,2926
4167,2633
3716,482
2723,2478
5015,1976
3941,600
2179,1102
5709,852
3923,960
614,2118
2221,2267
1178,1702
3752,1078
813,1015
5278,1797
1274,2164
5345,1329
658,1666
403,2837
3727,1021
3102,969
4397,1001
5517,1032
3084,1329
97,286
1284,1539
4945,806
1428,2981
5776,734
4384,15
5707,2095
1237,969
4433,2351
1936,2633
4288,2936
4685,2572
1261,774
5442,2551
4810,1520
1622,2473
3702,560
4944,1520
94,927
4612,781
4665,2859
4918,299
4975,833
3235,1848
1117,1025
2309,2622
3577,2551
3181,2551
4623,2633
4714,1997
273,1801
4449,2480
4421,1186
3798,1207
5584,1853
1308,970
2132,2171
4374,3060
1509,2946
1743,898
3038,1684
4220,2593
1314,2478
918,2478
3609,2439
4770,27
3283,734
3018,1217
3973,2901
4508,27
5690,936
5344,299
2272,3090
5925,2496
5663,2496
3077,1797
5030,2583
3211,2551
878,46
4768,2583
1022,734
4360,1068
1980,2689
1472,970
1673,2946
4935,2696
446,574
2507,2583
5439,1475
5516,1695
4265,2901
5619,130
1921,15
2848,2095
1953,2936
5363,1830
1337,1684
3429,1848
588,2320
3503,1797
1314,734
259,1098
4862,1844
4466,1844
1042,46
5722,2702
3375,299
1776,2485
5611,2871
1168,1848
108,2622
2422,2633
1309,1329
3993,2563
4638,1547
1114,2551
2354,1186
5690,131
4033,2901
227,1001
1409,1910
2935,2629
3212,1217
5884,936
5896,2451
2415,2593
2855,2111
3533,1797
348,15
5399,2584
3066,79
951,1217
3200,833
2852,1813
3671,2670
2558,1366
2881,299
5641,2871
866,1109
1270,970
272,2622
3245,1515
3016,1655
4836,1131
2730,1823
4428,3026
3543,2111
915,1910
2161,2080
2837,1131
4368,2194
5562,2174
5915,1538
3752,1696
3184,2178
5446,2629
2526,2178
5379,777
2113,319
3307,299
2911,299
1242,992
1882,386
1992,2244
2278,386
1362,1848
5832,722
792,1695
4500,808
4997,1614
3259,2702
4601,1614
3751,3164
4735,1614
707,833
1889,1742
4155,3025
5239,1147
4843,1147
5600,372
2379,1377
4595,1045
5884,131
658,2634
4381,2779
3263,1131
52,2824
38,2926
4794,2194
5028,146
2519,3077
3789,423
1834,2974
1345,2783
2818,2178
3508,181
1469,2095
4487,2451
5454,2240
2563,905
4516,1691
2998,833
2418,2244
3163,146
740,1131
2180,386
5287,2477
1820,43
3133,2189
3198,2584
502,27
302,905
942,299
5056,100
181,386
1407,1567
3341,2111
1028,2702
2504,1614
5835,969
1160,2629
14,1377
3290,79
4417,1281
2531,27
4155,1281
2727,905
2873,3174
4551,1281
1063,2696
3623,2174
2553,1506
1947,1696
3053,1829
2609,95
5329,1548
2065,1917
3228,2584
2256,2451
2844,1655
2197,1844
3453,2702
2345,1742
4003,2580
5863,2421
300,2121
629,899
396,1829
4393,1045
1936,2
594,1844
979,1655
5093,1456
2579,3077
4697,1456
5745,2365
2534,1614
1954,3025
3344,665
947,2871
4185,1281
5737,969
2593,2194
3823,1831
5079,2689
1213,546
3582,2708
1013,2178
3986,1071
276,1131
3327,2189
758,905
362,905
1628,2451
2024,2451
5584,1666
3474,896
3971,1702
5296,2165
1259,2584
1388,2240
2735,1496
2403,757
1126,2240
2698,1614
2727,100
1870,2923
5767,969
1844,1702
5440,574
5901,969
5696,2257
2728,1456
2855,2729
5749,1329
565,1614
2862,1456
3638,1677
4369,435
781,2178
1149,130
1247,665
992,146
2619,1671
1805,2878
3524,1548
4415,1719
1161,2584
1173,1655
218,1691
4025,2473
1802,2580
1150,1671
307,982
5632,2622
5779,1329
4941,1950
4588,2586
4436,2946
5489,1001
286,1044
709,1147
3670,969
3343,574
4506,1241
2381,1883
760,146
247,2779
1777,2708
75,43
4330,1015
4972,482
5056,1873
5555,308
2948,1738
2132,2118
5777,2572
2752,1045
778,1102
410,706
4370,2484
631,1614
3905,435
820,2267
5806,1997
5057,2633
2182,1831
2288,2981
511,2451
5244,15
4965,600
1479,2088
2537,1241
1210,1671
2392,2580
3906,1976
4202,806
4637,734
1703,1015
4057,2145
3341,2729
1204,1102
3511,2386
4264,903
4400,2484
131,2580
2729,2350
1765,2832
1025,3022
3141,574
259,1045
1087,1456
1104,871
3712,1329
1950,1831
2387,2586
2783,2586
3982,2910
2521,2586
908,2622
2727,1873
3154,1940
4833,2901
4437,2901
4726,560
5913,1813
5175,386
3179,2936
2783,2936
4521,1848
4617,1556
3199,2622
3927,1109
4407,2500
370,2165
1146,2386
1552,3074
2605,1883
3809,2551
2155,2586
5133,1823
1596,2622
1895,969
1334,2622
1499,969
5088,2080
2139,1329
1141,2981
5898,1131
4105,2320
827,2791
3415,1873
4831,734
5715,2178
4170,1217
2804,1719
4027,2629
2062,1082
1915,1032
5053,2244
1987,908
1856,2145
2174,734
5584,2634
5722,1844
885,1456
5107,2480
2779,319
4842,2963
4802,1844
4852,1207
2285,1504
4845,982
4950,2496
2236,2551
4075,1515
355,1641
508,1883
2715,1997
5401,1614
4940,1027
1459,2859
3214,1186
4401,2439
1087,1001
2811,15
3795,2629
4970,2367
302,2946
5443,2779
4094,2696
570,482
5601,1675
2328,2490
62,1015
1624,2145
2140,2439
4091,2398
4872,2963
4846,1742
2974,386
4980,2496
5376,2496
1112,2936
4456,2496
1366,574
404,1883
3525,2926
1634,1520
5827,1614
1489,2859
4529,2974
5854,27
4164,2095
4403,2111
700,898
5624,2194
3745,2111
3831,1131
4768,2209
1086,1873
5107,1675
2237,1217
4876,1742
5173,982
4777,982
797,1181
186,1027
520,903
2863,1844
1846,2500
2641,2963
1772,299
3037,2963
3367,1377
3358,1823
4740,1100
4895,2923
5199,1614
2487,2496
3239,1377
4046,3163
362,2946
2136,1515
5637,2779
1874,1515
2655,2080
3758,2696
4682,2815
5599,43
4601,1695
5337,43
109,1719
5174,1742
2078,1695
3695,2532
271,734
4631,2
4498,2856
288,903
1802,299
1859,833
2198,299
4880,706
5045,3025
5229,1614
2147,2963
4434,2871
628,971
5408,3077
645,386
2942,982
3592,1064
2300,1515
4920,1044
1028,1844
5527,1456
3087,3026
5582,1917
494,1910
3308,2244
4617,2174
190,1684
2399,181
1843,2178
3321,1917
4484,2584
2295,1521
2054,2398
772,319
1966,299
3191,1844
5063,1702
937,386
3419,1671
4887,722
3431,1496
5031,2164
1918,2702
1192,1844
2491,120
3150,2974
3177,3077
3394,1614
1701,1721
3528,1614
5011,2451
5441,1281
816,2496
2168,2096
5423,2395
1398,1131
1785,79
28,925
5262,757
1356,905
2839,1742
690,1044
5227,1702
139,1695
5392,1015
937,1675
1986,2240
2344,2702
3820,1614
342,2963
2966,1702
1622,2717
1276,2080
5868,1883
3600,2779
4770,2365
3617,2194
1831,2302
3309,2041
3622,286
3715,2729
4811,2174
1562,1131
4664,2878
4628,969
1648,905
2190,3174
2518,2451
2857,1917
393,2901
1532,3174
1666,3174
1222,2194
5668,482
5776,2267
2557,1655
4764,1015
705,1675
4423,722
2016,2240
1637,1655
3165,757
990,1844
4388,2421
2996,1702
1167,982
2686,722
5394,2350
628,2394
3923,1338
3745,2729
1634,3077
5192,903
1458,1131
5052,2586
761,2923
4658,969
3636,1281
2548,2451
2113,79
4792,969
4330,2302
1631,2779
3785,815
5034,2946
5267,2016
5101,2478
736,2866
2645,1071
100,181
2383,1071
3503,1102
1906,1671
3088,2580
5844,2936
510,1742
937,1809
5820,2350
52,2584
1528,1496
2519,2837
5296,852
5034,852
1388,927
5070,1071
4803,727
3022,1179
3865,2622
2036,1902
4164,969
4629,574
2034,1075
4150,2791
1521,1456
2384,1831
273,2179
70,130
144,79
2413,1071
2809,1071
439,936
4348,2217
4771,2320
745,2174
349,2174
1686,742
2608,2478
2346,2478
918,2856
1558,1496
4371,2386
5648,903
307,2702
3550,1456
45,2702
1552,927
5215,1021
2455,2421
2202,2729
1448,2267
5096,1329
3072,1831
501,2164
2676,1831
66,546
4968,1329
3247,2586
4945,379
5521,1478
2534,435
2577,1071
4344,2633
1417,1641
5197,2320
3631,482
5069,3074
2185,2910
650,193
3752,1940
2485,2421
5453,970
649,722
301,1702
1874,2267
3400,734
2402,2386
4797,1797
4864,1329
5597,160
4602,1329
3368,1950
90,2421
466,2708
445,1831
2697,964
5723,2901
821,2118
3140,2473
3520,1940
5454,2484
4382,1181
5545,1848
803,2478
1075,722
1483,1456
3355,560
3484,970
617,2473
5810,2496
985,1179
424,2832
2062,574
3657,898
3029,1329
2774,2500
4099,1997
819,1641
2371,1329
4928,1098
609,1831
2319,2859
3783,2700
5194,1217
5256,2095
3671,15
4208,1940
4521,185
128,969
2143,2633
2805,1032
5930,319
819,2580
1184,1015
5571,386
3575,2936
3064,734
526,1015
309,2478
581,722
2933,1217
5791,160
1410,15
4206,2244
5259,299
1305,2473
1685,1940
5692,1844
5706,1742
2856,970
2730,2551
4306,2633
3609,1207
1210,2586
5343,2629
5463,2923
292,969
606,2822
1552,2700
5635,936
5289,299
1178,15
5084,833
1868,2936
3153,560
3712,2244
5548,1691
3282,970
436,1098
1308,1027
2354,1109
4391,2532
5375,982
2092,1109
1032,1883
2720,2398
4876,1823
5600,1100
3857,1844
4929,895
3703,1377
1356,2946
5616,1044
1029,2551
1032,2822
700,1329
1505,2480
5094,181
5240,1696
4679,905
1349,1940
2643,3090
5900,1742
4852,833
506,2217
5638,1742
2804,1695
1472,1027
3029,1813
4517,2240
4868,777
4283,1844
1743,2244
5716,120
2543,2859
5657,2923
5631,1702
4583,1547
2105,2633
663,2551
596,1329
5267,2179
4974,2866
3090,2439
5635,131
5258,181
1340,2012
4936,130
2521,2696
2110,1664
3230,1695
4004,2779
4181,1917
1032,1078
2226,1058
4686,2584
3172,936
3616,2670
2456,1520
4777,2702
5173,2702
1897,1556
5385,895
4861,895
881,1848
1215,970
3436,982
1015,1848
2794,1515
3570,982
3832,982
827,2551
519,2398
2778,2702
4516,1614
5641,1989
3674,3025
4854,855
2328,961
1342,1684
989,2320
2921,1475
622,806
2998,1695
756,806
1188,1217
5596,1465
4006,2451
4990,1655
5281,141
3725,2963
3336,936
1937,2244
1512,560
569,2111
2071,2244
2990,299
1307,1848
3511,1691
4189,1377
4571,1671
2979,2584
5825,1702
2991,1655
3108,2240
2712,2240
5856,1015
1996,2824
2667,777
3085,536
2942,2702
1820,1844
3826,1702
1637,2891
5835,1831
5594,2708
1478,2080
2946,1131
2419,1614
3599,1696
622,2095
3172,131
4113,1917
756,2095
5207,727
1850,905
2478,2194
1356,1336
2438,1075
337,2111
5521,2580
4836,2477
1149,1797
505,1695
89,319
636,2178
364,2244
3368,2702
4097,3077
4479,927
1602,1742
5382,2421
2027,982
2092,1377
1505,1809
4216,1456
1449,2439
5914,969
3336,131
2577,79
4645,815
2604,1902
715,1131
4584,2791
5916,1015
1991,1675
5709,722
1805,2451
2906,2240
2527,1655
1894,1742
789,299
2900,1671
1370,1742
4020,1702
737,1829
3655,1015
5546,2421
5031,2729
5767,1831
316,1018
1940,3026
1472,706
2217,1614
5625,435
4859,2622
531,2111
218,1614
1102,2866
651,715
1064,130
441,905
2748,2189
3462,1532
673,2194
1299,936
2058,1742
411,2194
3735,2822
2942,742
4831,2267
5359,2386
2442,2082
5097,2386
3526,204
45,1844
4926,2504
2247,1614
4840,286
5924,852
2016,927
5781,574
5385,574
2308,2267
4861,574
2411,1456
2132,2041
3749,2878
3528,435
2143,1641
424,2779
489,3174
1991,1809
5332,1098
5127,2386
1044,1706
1340,536
3836,2473
699,1671
1509,722
1557,1702
1588,1015
4212,2006
1653,2164
4217,2350
2837,1456
4587,1883
5549,574
5462,1329
4063,1883
2179,1456
3700,1831
1212,2421
4533,2586
2834,2848
826,665
1299,131
3558,435
5511,1221
5896,1032
4474,2356
4367,15
3637,2421
3826,2320
4504,2006
5947,970
3101,1098
3576,2145
1673,722
3292,2386
3283,2832
3309,1801
2994,2729
5585,1520
2605,1456
4045,903
946,2837
4515,852
2639,286
4301,2586
5323,1520
3874,1021
3084,2622
2688,2622
436,1045
40,1045
995,2729
599,2729
2922,574
3822,2551
3983,964
361,871
4643,2700
3127,225
4959,2936
917,2257
2328,774
2794,2267
3131,1098
1813,2580
3924,734
4399,1027
1324,137
5694,1813
4436,1848
4374,970
3716,970
1710,2832
4762,2018
271,2267
3919,1329
5221,2532
5507,2926
3679,1088
2332,2586
2999,1329
5069,2700
1316,2878
4606,1478
591,2622
1711,2653
4163,908
608,2791
947,2257
1862,2822
4350,734
1812,1015
2971,1940
3339,3090
5548,833
106,2580
5537,2926
5855,1515
3687,1329
404,1456
1925,1831
1054,2504
2100,2586
1821,3171
1838,2586
4534,2891
1943,1848
1881,970
1621,1797
1117,574
2277,970
5212,1823
2630,1997
1916,964
1432,2837
3658,2439
5521,299
4720,896
2909,2351
3685,2572
4626,386
1897,1853
1040,512
2547,1181
902,3022
3889,1813
5778,2584
4401,1207
4895,2496
5158,1186
5772,2769
235,2936
3165,1001
3318,1997
5921,2111
112,1590
4341,2095
5428,2178
4781,2367
3688,2439
5815,372
5947,299
508,1001
4056,2111
2375,323
1819,2320
2096,908
5501,1902
2264,2936
4076,1797
387,482
2228,1027
1242,996
1966,1027
3857,181
5803,2240
2797,955
5173,1844
4555,2963
5496,777
5019,1377
1679,970
2276,2946
3446,2532
1508,1088
1620,1329
221,1883
1365,2500
1713,1520
2912,1844
4607,120
5772,1614
2640,1910
3722,895
5831,2194
1789,1515
2966,2080
1171,2634
825,1997
1940,1684
2690,2936
1012,1823
1332,1047
1996,1027
2048,1217
4446,1865
3742,1520
4112,299
3716,299
5617,141
5751,895
446,2351
1222,2572
2163,386
4460,982
5181,742
3839,140
523,319
2546,1844
2324,2963
2720,2963
4795,706
4638,2974
2461,982
3638,1547
5138,1045
5599,2194
4931,1506
2076,2080
920,140
5082,1675
4896,2451
1878,2095
3099,2178
2664,560
3880,299
4401,1691
4871,2394
3083,1675
1627,1695
5667,1547
3941,1706
3736,2240
3340,2240
2488,2963
4219,896
1280,833
1366,2859
3668,1547
5643,1338
5302,1045
2764,2080
3273,1957
1571,2702
3630,2194
503,2080
2063,2383
2665,2451
325,1027
2942,1039
3766,2240
4499,1071
5619,1102
75,852
2432,1691
2740,1844
1019,2347
1649,299
4746,1702
4808,2580
4114,2923
754,386
5332,1045
4273,2421
1236,1823
2815,1614
761,2496
3887,665
3754,1075
1653,2111
3253,2779
4724,1539
3941,901
1081,1131
2638,1917
1709,3174
2829,2451
1726,2589
1650,1813
3842,141
485,319
1581,3174
977,27
581,27
1371,146
2522,1742
2548,2963
70,1797
4941,1015
5532,1456
2027,2702
153,2963
3286,3077
261,1742
643,1844
4437,2421
1520,2871
3922,2729
5054,1831
1683,2111
2891,1989
4360,2174
4396,1831
2550,1696
4134,1831
3897,1918
4912,435
2859,2451
935,905
1477,3174
2948,1742
1659,1902
3844,2257
5021,2822
3832,742
1340,2122
1395,1829
588,43
1046,1675
2228,2584
4447,1015
2298,1071
2539,2
1320,1655
317,2963
2607,2580
2644,927
3198,2267
3131,1045
5185,1883
1606,3180
1897,1666
5682,2689
4560,1831
3531,1918
296,3025
1810,2421
4284,435
4014,574
1118,1147
3914,2622
1169,146
2263,2174
618,43
4398,722
1996,2584
3844,1102
2008,1655
4637,738
220,936
1044,2137
3024,3026
395,1691
59,1742
4223,1098
4235,2421
2509,2580
2447,1702
3228,2267
3727,1456
5301,903
953,706
309,2856
4643,903
689,3077
3583,1677
2451,131
4856,1950
4608,1848
5930,1614
1296,1045
3782,574
339,2698
2883,3171
5653,15
2553,2478
1357,1671
2904,1015
2508,1015
3991,1098
5593,2593
4192,3074
4918,734
4338,2145
4935,903
587,706
430,2974
5296,1848
540,2580
4838,970
283,2924
612,1702
4089,2572
4576,970
302,722
3712,2622
3380,1883
2984,1883
2965,1641
1513,871
3017,1831
2722,1883
3192,2586
1251,871
4121,1329
2861,2981
2536,969
5562,1186
15,665
2670,969
5347,1032
2012,969
1267,815
2538,1015
2722,2822
4630,2145
2202,2786
4199,3090
2308,738
2034,2421
308,2580
246,1702
1423,2267
3751,2176
4480,1797
5010,2551
1653,2729
4547,1329
5751,1997
1694,286
431,2421
1098,1918
3137,970
3481,1534
2942,2946
2875,1724
5235,2080
4509,1976
5930,1181
2747,2478
128,1831
5042,2439
2702,1015
3896,995
5346,2850
2039,2391
5597,217
4014,2936
5299,560
5748,386
362,722
2320,1098
4980,2500
4749,1813
4456,2500
5251,2963
5889,2496
2697,1021
2673,435
930,1179
5142,1515
57,1025
3904,2926
5031,1684
846,3171
794,2981
717,1071
5087,1027
469,969
73,969
3386,2936
4095,1181
2216,1098
4936,1797
2350,1098
5415,2963
5375,1844
3259,1848
3197,970
330,2473
4040,2413
5523,2496
2601,1848
5657,2496
3855,2633
109,784
4133,1823
497,2586
862,1021
2056,1001
237,969
335,1504
2914,1032
5791,217
1551,1997
4550,2111
219,1329
3371,2439
1872,1823
3312,1078
4864,1520
3360,560
3396,217
4838,299
4972,299
226,1719
3547,386
5553,1742
2967,1797
5949,2496
1306,2351
2760,1504
2765,1848
2433,1109
3159,1967
3481,2018
2794,1088
4374,2824
2510,1329
3747,2137
4699,2584
3406,1844
2341,1520
5686,3025
5913,1496
5176,2923
1809,2413
5484,824
370,1848
115,1329
4714,2111
4318,2111
2434,1684
5801,2194
629,1550
2088,1047
3282,1027
1265,2700
5437,1917
4606,299
3546,319
4083,2244
5086,936
5717,2496
612,2320
3485,43
5746,982
4858,2240
1076,734
2225,1695
2633,1520
4813,777
2316,1813
3436,1844
3610,2963
4692,2702
3090,1207
4726,1532
2083,299
4074,1377
5266,2974
796,1848
4944,2923
3836,2717
4340,1496
742,2551
1091,1207
4647,2178
2907,2439
5116,936
2332,2696
4228,2194
4450,1075
764,31
876,272
5776,982
2252,2178
4530,2532
2298,79
2331,27
3640,2963
2401,1520
3244,2963
3941,2137
3292,1691
4856,2702
95,3090
5453,706
5606,1702
1480,386
3777,982
4494,1532
5117,2477
5296,722
3224,2496
3071,2
4370,1496
15,2572
5127,1475
5740,1702
1042,160
510,2551
3082,1100
5850,1281
1447,1377
5086,131
3756,1044
3494,1044
273,2049
3098,1044
4626,146
2251,2111
4156,1917
1941,1131
933,2095
3832,1039
4661,2584
2027,905
676,2439
3589,1281
4964,141
4468,2189
5864,2118
846,2850
5879,706
1997,2194
3382,1742
1735,2194
3943,1809
3664,2394
4615,896
5405,1015
5770,1702
3127,469
2662,2584
2108,1244
2973,2
1674,2480
1206,160
2491,2702
1775,2532
5163,2421
650,2157
3038,2871
3375,1702
3461,2974
4471,1147
3509,1702
5116,131
4223,1045
904,1515
3947,1147
4422,2194
4520,2729
1877,1496
5277,2708
2677,2111
4165,286
4277,1281
5087,2584
5772,435
1785,217
3753,1281
2423,2194
4704,2257
678,2111
2161,2194
2121,1075
5435,1015
5569,1015
345,181
2704,1655
3836,757
2776,777
570,299
1050,936
334,1520
1800,2188
1533,1844
2951,1532
2990,706
3766,927
3205,2580
3143,1702
3539,1702
5065,2421
5203,665
5327,2421
1537,2717
3309,2179
1736,1614
1230,2974
4088,1917
5900,2551
72,207
130,2629
5335,969
1331,1336
799,1475
3421,1831
2163,146
4460,742
2856,2584
5915,2941
349,2178
1488,2451
106,3174
3401,2118
3678,706
1577,1742
818,936
2711,1671
5720,2473
3703,1702
4714,2729
3929,1456
4063,1456
1186,3025
5627,969
5668,970
3813,1281
5365,969
2142,1147
3350,1025
3661,1641
1930,1456
4349,2981
1343,1696
5307,964
222,2194
297,833
734,1588
3004,738
1734,1702
5096,2622
5498,1848
2172,1147
2356,1456
4221,1641
5377,1329
4052,2586
4929,2859
5646,1719
3134,969
1716,1281
5740,2320
2462,2791
3181,2478
3136,1015
3647,1719
5206,2386
5543,1217
388,2240
9,1655
4608,185
4424,2350
5466,970
1106,1702
5600,970
1558,1045
2124,1456
627,1475
2251,2729
4094,903
3383,1831
4109,2689
5212,2551
5238,1520
1316,2451
3503,435
2603,2622
378,1902
3542,1329
2831,2257
3211,2478
3166,1015
1800,1517
4453,1186
5511,339
3549,1719
3945,2473
716,2082
1356,722
5098,1109
4038,1883
3642,1883
5530,1520
5268,1520
3728,903
1892,1456
5638,2551
4194,144
3879,1072
4089,1848
3029,2622
3631,970
52,2267
5267,2049
3001,574
3570,2946
542,1902
184,2194
289,1456
3446,2910
1985,2586
2012,2689
3184,2910
1723,2586
3404,964
4080,15
4221,1186
4483,1186
5804,2439
5856,2629
1067,969
4246,2936
3277,3074
3289,2145
1069,1015
2347,2386
1234,1082
5668,299
5879,2963
997,2832
2535,2622
3939,160
5659,1684
2042,2689
977,2365
1357,2586
5433,2095
5490,2629
5834,2439
2654,1001
3526,1684
4410,2936
3307,2320
43,2689
2906,1976
4374,1027
5148,2111
2978,1098
3434,2095
3573,2439
4862,27
5803,1813
2379,15
4268,1540
4662,905
5407,1813
5097,833
5436,299
3734,852
3887,1848
3961,1797
3429,970
3233,1058
5578,2634
817,3022
4836,1997
3542,1813
87,1456
5818,1532
1127,969
3905,1838
975,1329
3603,2439
1220,379
2409,15
5550,936
5600,299
4285,2244
4607,43
648,1873
3333,1797
4274,1331
5456,2240
4470,2963
5948,2702
5898,895
596,2622
2375,1535
5126,1547
1626,3137
1423,1088
3085,2634
5208,2111
5294,1131
877,1329
5032,1131
3863,2901
5033,43
2228,734
2656,1181
5316,1829
1966,734
2045,1027
4361,1865
1298,46
3292,833
5136,141
5716,2702
1770,2485
1820,1848
1894,2551
4065,2
1169,1329
1587,1088
1370,2551
4419,2974
2956,1823
2560,1823
3895,2974
5476,1902
5748,146
221,1001
4801,43
3803,1695
1996,734
4415,2451
153,308
2887,905
1531,2095
1135,2095
2863,319
4458,3087
4530,2963
4735,1675
3399,299
4316,1691
2480,2244
4818,2841
1542,1695
4489,1619
3517,2240
5320,1547
3924,120
2229,1844
5223,1614
2986,1823
4858,927
5899,665
157,1366
36,847
1240,1515
4445,2451
4171,936
5776,2702
4668,1742
1474,2850
717,1181
5710,2082
3681,2240
632,319
1776,936
3240,777
3777,2702
4374,706
4770,706
1225,833
1168,299
4172,757
3955,2974
1883,2496
2308,982
5312,2194
2767,1496
5417,1456
5155,1456
3257,1131
4871,2451
1591,2095
493,1823
3802,665
5839,2088
5799,969
3547,146
2996,43
5186,742
1736,1695
2391,3087
3454,2584
1661,1521
1678,936
2115,1691
565,386
3187,742
3679,2702
4193,2923
4515,722
4790,927
1340,2634
3119,1547
3566,546
424,1844
28,1844
2442,3025
3956,2421
4639,2451
4171,131
5747,1071
5898,574
3016,1045
4098,784
5614,815
4049,1831
1776,131
2412,1281
4291,2118
4936,1102
1572,1829
3700,896
2583,2856
5208,2729
494,2963
5215,1456
1314,2702
1448,2702
2045,706
5207,2504
78,2496
1936,1702
4282,2532
1284,1547
5666,574
4986,815
4843,2981
22,120
1190,1131
1971,1696
2668,870
4407,1138
4059,2118
4193,2118
1084,146
4699,2478
4623,1702
236,1742
1798,2118
2397,757
1082,2702
1378,1532
1032,895
2424,2580
846,1671
4473,1354
89,2
273,1809
1372,963
1126,1496
3380,1456
5231,2689
3111,2729
5269,2981
3414,286
2722,1456
4680,2586
5076,2586
5871,1329
342,3077
1340,2179
3668,2088
4418,2586
4461,970
4709,1072
2606,1281
601,2779
3691,2257
3809,2478
5568,15
1278,2240
1295,1655
3924,738
5338,2936
474,1691
1458,895
138,1742
5785,1181
2211,2822
1796,2580
4699,734
2844,1045
5160,1883
3410,1456
428,757
4636,1883
1785,2421
2900,1354
2898,1281
465,824
2390,2006
4692,2946
4229,970
5349,1001
280,1044
2331,2365
3516,2791
887,1456
1673,2365
5739,1186
603,2451
2514,2981
5343,1186
3557,1102
2528,435
4723,1478
771,1281
3854,2786
1517,2791
2422,1702
2236,2478
2222,2580
1929,1015
3281,2335
2954,1940
5896,1520
89,2580
4917,970
5751,2859
4259,970
1172,2729
2999,2622
3822,2689
4133,2551
3202,2981
917,1456
2099,2365
951,286
1823,969
3380,1001
2132,1724
64,2708
4100,1098
4428,2095
419,2118
1064,1102
3271,2936
4425,1797
4895,2500
5832,2824
4044,2105
4904,2963
305,1989
685,1456
2564,1539
2352,1848
3410,1001
4002,2633
4330,1910
1725,969
94,2708
1181,2791
644,2586
1843,2910
4658,1217
2896,1719
4955,2901
5693,386
3697,2936
1083,2633
1028,482
3435,2936
4756,971
4589,1797
4260,1329
5552,1844
5330,2963
3358,2689
5290,1844
2912,1848
2559,2484
2917,2946
1824,574
3508,2633
703,1072
3306,1186
3702,1186
546,2586
2268,1719
5050,1044
5833,2244
2295,1098
1899,1098
204,2822
1672,1873
75,722
1016,2700
3239,2593
5827,1675
4462,1813
4753,299
5360,2963
5334,1742
2808,1848
3890,833
2546,1848
2880,970
5101,982
2618,970
4944,2496
4180,2100
2096,2551
2256,1520
4723,807
5702,3077
5922,1131
5077,3025
5411,2901
1143,2633
4586,1475
1363,1653
3269,2593
5048,1506
2856,734
4055,1058
5263,936
5655,2480
4521,299
1496,2936
3340,2244
1117,2351
3658,833
972,2936
2402,1695
547,2006
2522,2551
2286,1520
3089,1844
5718,927
606,2586
3980,1823
649,970
5776,905
3400,982
1084,898
2228,1515
4184,1064
1966,1515
4656,1813
4346,833
5414,2394
2998,386
1002,2936
5549,2702
5888,1496
759,734
4162,1655
5234,706
2763,2963
3133,1742
3119,1844
4375,2702
5896,3077
5125,1702
2635,2963
3623,1377
5517,2492
4674,2769
2437,2978
3034,982
1996,1515
5881,1456
1168,2824
3138,3025
5655,1675
3934,2178
627,1719
5207,2451
3679,905
4541,146
2032,2111
2875,1110
660,1078
3394,1675
2998,1675
789,734
2303,130
3132,1675
2014,27
2716,299
2800,936
2511,833
3528,1675
4192,1655
2975,1691
4658,896
4835,1532
5136,706
5912,927
222,2572
509,1848
1144,144
177,1109
4241,1547
3198,982
4979,722
3583,1547
2131,777
5058,1015
3717,1547
85,1520
1062,2963
3990,1147
803,982
1324,2182
3177,1044
4297,1075
5935,2981
1752,1131
4477,2174
851,2901
2145,833
3327,1742
2289,1521
5166,706
5143,722
273,2106
2936,3025
4046,1614
2881,120
3681,927
4329,1902
4465,2729
2329,546
646,2095
3545,1039
3607,1917
4797,435
5483,1702
4375,742
5514,1015
2666,1070
4271,2082
1478,1844
1170,1691
3799,3026
834,1742
2456,2923
2826,1702
3844,1456
1946,1131
5867,2981
3878,286
996,757
5146,969
3812,1918
2184,3174
4551,2257
2667,1830
5924,482
3606,2981
2222,2877
3991,1102
1522,1742
2394,1671
864,1742
3180,2580
406,1830
320,366
2942,722
2990,1702
3021,1015
94,777
5056,2365
942,120
1494,3077
3041,2421
2311,855
5948,2946
5048,969
5552,2946
4721,574
2002,2729
3344,1641
4634,1329
1587,43
2127,1677
5692,482
1201,2451
2689,2878
4155,1102
2095,2139
108,833
302,1076
3344,2580
1143,2
303,2240
3642,1456
533,2702
433,1532
4072,286
973,2974
221,895
3540,1179
1869,1045
4355,574
2032,2729
4926,1329
5322,1329
5060,1329
4800,2910
3800,2981
1231,2451
2273,2791
4119,482
4960,1098
1756,1518
3568,379
4010,1478
3726,1719
5832,1027
3464,1719
3703,15
4240,1940
2070,927
4131,2936
2228,2267
5545,970
789,1702
1899,1045
5023,2551
374,3180
5090,1329
1807,1456
2932,1831
3295,1883
1941,1456
578,2421
2847,969
3091,1329
1692,1883
5276,1684
3942,2633
5057,2320
3887,482
4174,1478
4845,185
5815,2901
1288,1241
627,1532
4161,2936
5577,1797
1277,2580
5575,970
1996,2267
1029,2478
3923,1078
2920,2386
5523,2500
5776,2946
2680,2145
1837,1456
3721,1883
5347,1520
5804,1207
346,2421
2946,574
3374,1021
3255,1329
4060,2480
2597,1329
4512,1823
4204,1478
878,969
1375,1021
616,969
998,1071
807,2257
5,815
598,1329
137,742
618,1015
1943,1478
3087,2095
3746,1539
4515,27
5217,299
5824,2963
3895,319
5834,1207
772,2421
376,2421
1500,908
5646,1910
3798,386
3082,970
3913,898
2956,2551
4489,1997
129,2729
4938,1823
1460,3172
2100,2566
3573,1207
629,1554
431,815
35,815
575,2257
827,2478
2300,1873
149,1102
5727,936
5011,1520
4679,27
5207,2398
5854,2963
5119,299
802,2421
3431,1504
5132,2978
710,2832
2986,2551
479,2145
4607,1844
5021,895
1344,903
4706,1823
5907,2974
1571,1848
1509,970
4057,1377
1971,1001
2921,2341
1054,1329
400,2791
5422,2178
2715,1684
2841,1823
2823,1217
3778,2901
1488,1032
5891,936
4067,560
1909,1062
3862,1848
1862,2936
1036,908
4909,2532
5845,2
487,2386
2684,1058
3121,1813
5010,2584
5418,1655
3993,1742
4153,2963
2518,1520
4736,1823
1587,1950
1993,386
881,970
2397,1001
3309,2049
3632,982
4379,2717
1084,1329
1502,1088
5153,2111
3007,1684
3133,1823
3578,2439
5364,79
1931,2891
5102,79
5167,2194
3871,217
1342,806
4284,386
1142,1684
3060,1695
711,2629
3163,130
2098,560
5174,2584
3787,2963
3921,2963
5399,2702
2266,144
4270,1619
2866,1829
799,1695
453,1058
792,524
1136,1088
4391,3077
5757,131
4203,3026
5891,131
5,144
4831,905
3136,2629
3301,2696
4522,2779
3409,1475
1172,1684
2354,2593
4133,1506
4773,146
1743,2439
3221,2178
2235,2901
1679,734
4803,2240
5216,1655
632,1181
1800,2192
57,2936
4350,982
3467,2584
4943,1496
3613,1655
2214,2963
3296,2702
1054,1813
1429,936
2174,1844
1294,2963
35,144
2772,2702
3166,2629
1729,2891
3930,3025
1547,2096
4071,1917
4262,2451
62,1186
210,1838
2949,2779
3630,2174
2618,3174
2119,43
2217,386
3060,1829
3893,2584
2048,1331
3992,1809
5771,722
2968,2240
3546,2
4379,757
1509,299
3721,757
194,2244
4936,1614
5691,2981
218,386
2224,2496
3748,2580
4705,927
2080,2717
5454,2708
1772,120
2324,3077
1565,3025
1713,2923
92,1186
176,1823
1274,2095
1069,2629
2308,100
2600,2194
4407,711
4857,1671
2059,2779
2247,386
1974,1917
2012,2209
804,79
441,27
83,319
2382,1742
3132,2240
881,299
358,2244
3658,1532
4441,2924
707,146
3379,2871
3716,1702
22,43
1973,2
5496,1025
439,2583
2282,757
3111,2302
1669,2974
2488,3077
1345,2096
5927,1211
856,2871
5581,574
3423,1076
2998,146
1019,2111
2447,43
3441,1655
533,905
1278,1813
75,27
1257,936
765,2194
2936,2651
3974,2118
314,43
3034,742
3947,2924
3832,722
3570,722
1168,2584
4160,1719
1259,2702
4502,1456
2050,757
4032,2473
1943,2580
1934,3026
5542,969
511,1496
1404,2302
4234,1641
2899,1456
4719,2622
156,3025
474,1614
978,1147
5045,1102
447,3174
1593,2174
3052,1671
1388,2708
1126,2708
1198,2584
1771,2
126,1281
1148,777
936,2584
3524,1666
4825,15
1423,2702
977,141
581,141
1161,2702
1187,1671
1973,2580
2011,2872
2154,706
1711,2580
5739,1109
5379,574
675,1496
3933,3002
1008,1147
1257,131
3747,2088
4308,435
4046,435
873,3174
1346,2832
3380,574
697,2194
2132,1297
3689,1329
4367,1015
5431,3077
5392,1186
5801,2145
4092,2473
2361,2288
1645,2118
2337,1702
2027,722
4225,3002
317,3077
4436,970
4570,970
3883,2484
1087,2729
1326,1025
727,2194
5880,1098
286,2451
1476,969
5607,185
4638,323
2105,1702
1704,604
16,1809
3357,1098
5716,2572
1241,1102
3140,871
4733,560
5579,1520
2528,2936
3206,2622
2612,1883
3312,574
600,1456
5536,1823
2253,1950
1506,969
4579,1032
2065,2653
3655,2633
3393,2633
2197,2580
4112,2320
3050,15
4259,1027
4813,2367
1232,2837
2875,2643
722,1045
1997,2145
5381,2824
1735,2145
2332,903
2375,1539
2380,1883
3980,2551
3689,1813
5071,1844
1847,2551
5940,1475
3221,1186
1039,1102
4423,1027
5631,905
777,1102
4581,2367
2831,1940
2984,2936
2588,2936
69,1015
4193,1504
4852,386
2345,734
1760,1801
3253,2572
4879,2963
3640,1520
4839,1844
2461,1848
4374,1515
1700,969
5511,961
4492,982
5347,1496
1548,1329
5837,1131
1556,2910
5007,2367
5418,1147
996,1001
4148,2111
2307,2320
1649,2320
1716,1098
3309,1541
5575,2824
4909,2963
3400,905
273,1545
2222,3121
2456,1073
4889,2496
2303,1797
5180,982
1537,574
4658,2563
1719,2500
5284,3025
91,3002
3243,140
399,903
1586,2910
2386,2963
1701,2860
3153,1186
228,1021
302,970
3058,2080
3195,2351
5755,1829
4958,2451
400,1478
5295,1844
147,1032
5073,2963
3865,833
2175,2901
5709,141
5181,1742
5919,1671
2595,1797
5210,982
521,2936
1230,1181
259,2936
2372,971
2878,1331
3592,2926
3296,1844
2943,2480
2616,1331
3430,1844
5596,1957
1969,1520
1573,1520
1943,299
3168,1844
4106,895
4467,120
5126,2974
5811,3077
5923,100
258,1021
2553,982
4561,1475
3172,2717
2045,1515
947,1997
1365,1756
4813,1696
4407,1008
2910,1027
2791,3025
3374,1131
4066,715
4988,2451
5284,1281
526,1186
3532,27
2792,217
660,1940
4459,2861
1947,2111
3151,2779
3375,43
3798,146
4182,1829
4949,1742
563,2007
2010,181
649,1027
3732,2532
4045,777
3833,2584
757,560
3460,1844
459,903
1603,1520
2816,1742
2580,2963
5431,927
424,1848
28,1848
362,970
3961,2769
2407,2
3336,2717
5091,1044
3666,1131
269,1910
1715,2111
2881,43
140,2439
4259,2584
1205,319
2872,2963
4646,1532
1664,833
5855,100
822,2244
1536,833
4423,706
2797,2789
3468,742
78,2500
2175,2
1552,777
3610,3077
2314,1100
571,1844
2341,2923
1978,2871
1283,2080
3722,2729
3307,43
590,3025
170,2439
1882,130
4289,2584
304,2439
1259,905
3198,1039
4359,1071
2117,936
1131,905
2748,1742
3498,742
296,1797
1894,2584
2863,2
1644,1655
3640,3077
5758,1456
3015,3025
2767,2923
3228,100
1941,895
2741,1702
4143,665
764,1084
2971,2164
5094,1641
5247,1883
4884,1831
393,2080
524,2563
2002,2302
2986,1506
4679,2365
5455,2586
4331,1655
2894,1917
96,3025
67,2095
1361,27
3381,1281
172,2111
4537,969
1751,1902
2852,1691
2248,2708
1353,1075
942,43
5247,2822
5880,1045
219,2866
3820,2082
4460,722
2058,2584
4539,1015
181,130
5699,2165
4699,738
4559,2421
942,982
632,2
284,982
1165,2717
2961,1045
3357,1045
4178,2729
1273,1496
3527,1456
4914,1831
1760,1614
5310,1831
1221,3026
1964,855
3015,1281
4963,969
26,1131
886,1989
5010,2478
5015,2822
493,1506
5476,1719
3936,1102
708,936
458,2451
439,2209
4472,1082
5570,1354
2051,2702
4205,738
1815,1671
1108,1809
2935,1702
5127,784
3088,2698
5643,1078
314,2702
3557,1456
5078,1831
52,2702
649,706
3295,1456
3691,1456
4597,969
5034,970
1947,2729
4008,574
4841,1329
1945,1902
4975,1329
4644,2478
2896,2878
2980,1071
5772,1838
389,1691
1306,3083
5387,2936
5666,2351
2460,2698
5471,1883
564,2
1603,3077
2026,3180
3721,1456
116,1532
3626,2350
570,1702
656,2974
334,2923
766,2580
1747,2267
4462,2622
4802,970
4938,2551
5399,2946
3109,1831
1715,2729
3611,2981
3745,2981
2760,2586
446,131
518,2451
2803,970
416,2174
1875,1671
2348,1329
3857,2633
3406,482
4667,1684
1088,2981
2552,2822
5381,1027
1704,1035
5174,734
3923,1940
5399,852
5423,2192
3265,1940
581,706
5552,1848
5548,386
806,824
4345,2572
1021,2698
4706,2551
2934,2365
3192,903
5931,1844
4470,1520
1490,1456
127,2421
1228,1456
1484,1641
2841,2551
1941,574
2519,2500
2796,1088
3190,1015
1187,2586
4074,15
5498,2901
121,1071
3691,1940
5186,1848
5578,386
3582,2936
4924,1848
192,722
4736,2551
4068,1109
5699,1844
1272,1354
3187,1848
4608,299
1559,2350
2560,969
172,2729
3133,2551
3721,1001
1304,1831
2804,1329
1405,1883
1754,2791
2408,1329
5575,1027
5790,2901
5031,2095
5365,1217
3797,2716
3874,2936
608,2478
3612,2936
5028,1797
742,2478
5424,1797
2180,1098
5170,160
3267,2901
5428,2670
5863,1844
4115,2244
3719,2244
3346,1504
5680,2891
3163,1797
181,1098
4436,2824
5382,982
5136,1515
3773,2480
2665,1520
4275,1186
5457,2095
1119,2586
3503,1838
3288,1684
3642,2936
4038,2936
2964,806
3000,1217
1107,482
3399,734
3082,1027
1372,1719
4694,1520
4859,833
485,2421
817,908
3057,970
2945,1695
2599,1058
3743,1675
140,2386
4897,536
3937,2480
2829,1520
4651,1823
4966,895
5530,2923
2610,2910
4389,1823
4057,1084
1259,2946
796,970
493,969
4724,1547
670,2551
3318,1684
1542,2480
4763,1475
4892,1131
79,1329
4575,2178
1743,2012
2044,1186
2768,1217
3429,734
5440,936
4755,833
3065,2901
2870,181
1034,734
1509,1027
2961,1797
1168,734
3095,2551
3200,1813
4950,2240
3972,2824
5180,2702
2938,1813
2494,833
4058,1844
4918,2702
2265,781
2571,299
5083,2769
224,2622
3128,1910
3508,1377
3286,2496
1572,2480
1706,2480
2816,1823
641,2910
2393,2629
1837,2936
5381,2584
9,1098
3309,2106
1067,1217
3608,453
2524,833
3343,936
4456,2240
5160,895
3444,1742
4898,895
5941,706
1314,1848
918,1848
992,1797
4636,895
4712,1671
5496,2365
5847,1044
3389,2974
3845,3025
5440,131
3320,925
1713,2496
3201,2923
969,1032
704,1515
4852,146
2708,546
3771,43
2914,2866
5144,2240
4882,2240
501,2095
3500,2963
2688,833
998,2901
2631,299
3474,1742
3608,1742
1719,971
5575,706
1736,386
1772,43
4358,742
5948,722
2317,1829
5046,2082
109,524
2119,1844
2504,1655
1857,1844
1461,1844
4238,3077
3842,3077
5785,2421
2667,895
5370,2179
3231,2923
3935,824
5173,1076
1114,982
4514,2194
4648,2194
615,1823
4369,1281
353,1823
4207,2451
406,895
1189,2095
2417,905
3057,299
3141,936
2611,1902
2852,833
3712,1691
3005,1829
2198,43
4906,1671
1186,1797
5558,2580
673,2178
1855,3087
1736,1675
3192,1655
411,2178
719,833
1269,2963
2747,2702
400,299
2881,2702
1007,2963
3261,2923
3404,757
3631,1702
3716,120
4027,1702
4727,1147
5419,2421
2784,2769
294,2532
5915,3002
2665,3077
2269,3077
5908,1831
1584,2974
1033,2871
2614,79
3010,79
2447,905
2051,905
2941,2194
5100,574
3513,1831
538,2111
2021,2194
3676,1071
648,27
1976,2451
3017,2189
448,905
52,905
2698,1655
413,130
3082,2584
3469,1532
1743,1691
4983,928
621,833
5449,2421
2553,742
1572,1809
1174,982
2110,172
420,2240
1831,757
2010,2974
1509,706
5109,286
1569,757
1775,3077
5719,969
5853,969
5457,969
1811,1044
2709,2194
4703,2981
568,2111
4441,2981
263,1475
3756,2878
4102,1071
5638,2478
4960,1102
961,1813
496,3174
3887,2580
3825,1702
1340,1809
712,2240
1061,2394
1424,2
942,2702
630,895
5322,2622
5924,970
5621,969
4575,1641
4898,574
1087,2302
4636,574
3311,1831
23,1614
4278,2586
2812,1918
3620,2586
3985,1021
3961,435
2204,1281
800,2245
3155,2257
574,1902
3917,2580
1365,711
3545,722
3581,379
5107,1098
1499,1465
2595,1102
1609,1071
788,141
3861,204
4640,2386
3120,2421
5090,2622
1022,722
5895,1329
5330,1520
3991,435
4089,970
4290,2946
3333,435
5009,2633
4226,1241
2779,815
5088,2926
1872,1831
923,1655
5799,1217
4672,15
2020,1702
1314,722
5023,2689
4090,2484
4033,1950
2634,2504
3420,969
5435,2633
5832,1515
2508,1641
629,1558
381,1456
1244,1831
2500,2689
2527,1102
3320,738
2516,2633
4734,2936
5472,2111
4436,1027
1497,964
3833,734
160,706
1087,2786
662,1102
2202,2473
3253,2145
4700,319
5524,1520
2320,1940
4913,1366
5555,833
797,738
704,2267
3627,1797
3355,1109
574,2386
545,1456
149,1456
5085,1823
3789,1566
5186,185
3923,1566
4781,2351
1894,2478
3399,2320
2033,2822
3105,1873
5295,2572
5918,1797
3144,1047
4259,734
4419,2901
2232,1719
4553,2901
5895,1813
3336,1217
5924,299
1345,2421
3917,970
3657,1797
5288,2532
1284,2145
5797,1655
1361,2365
3596,1329
5101,777
4492,1844
1918,970
3148,2859
1615,969
1718,1848
1026,574
1530,2551
2165,847
4546,2080
2508,1186
2284,1478
5663,1813
4610,560
711,2633
4214,560
5150,2194
5506,1829
2557,1078
14,1015
4401,386
4633,1675
2033,1078
5190,2532
5419,140
4089,299
639,286
5778,2702
4699,982
1634,2500
2740,2633
5648,1131
4314,2080
5527,2302
329,2689
3018,1823
4901,2779
2697,2936
3435,2111
1527,1098
5259,43
2435,2936
1327,1976
5548,146
5840,2240
3338,2178
807,1940
3353,1520
3489,2347
8,15
3807,936
3914,833
4119,299
5354,2532
5362,895
1778,1848
2051,2946
5456,1496
5812,1131
3976,1684
1488,1520
2603,1207
173,1021
5789,1147
4381,2901
5568,1902
360,847
4842,1044
5606,2194
5334,1506
5065,2779
5289,43
3630,2178
1295,1098
4641,2451
4565,1675
4992,1742
434,15
575,1940
3887,299
1858,2901
1053,2504
3491,299
4468,1742
2278,1797
1882,1797
1620,1797
168,1027
2819,2121
1372,1695
302,1027
4758,757
5360,3077
3474,1823
5053,1614
2498,982
3592,2044
2236,982
3282,1064
1284,535
5193,870
4671,2451
805,308
1653,2095
1687,925
3521,299
3609,146
3712,833
4144,1244
5632,1671
630,2936
4035,2240
1536,1695
3377,2240
2381,1521
3516,2584
5390,3077
3528,1655
999,2244
2895,1742
2499,1742
4753,1702
200,319
1420,1520
3641,1532
4154,2871
2989,1377
4491,1702
1517,2584
4024,546
4736,1506
2661,757
847,1823
2256,2923
3894,665
4439,2451
3245,27
1581,1064
2417,1336
3260,2779
1324,2162
1828,1695
80,2095
4500,1414
2440,2451
3758,777
1308,905
3187,1742
5802,927
1743,833
208,560
1686,299
1770,936
4067,1532
823,833
460,781
2401,2496
4655,1702
3278,2769
4751,2164
5107,1045
2516,2
3345,1547
821,2480
3023,1496
160,2963
1318,2532
2870,2974
1772,2702
2897,3077
170,1207
3114,1614
3775,1131
4048,2421
4241,372
3356,1147
169,982
2490,2164
5009,1641
3665,1902
5850,2257
320,1151
3028,2779
3766,2708
115,2439
669,3025
2900,1281
3851,2257
3827,1671
960,3174
4398,706
4351,2580
4375,722
5600,2267
3869,2082
5300,2729
2685,1100
942,1844
1327,1655
680,1844
458,2963
919,140
1836,1532
3278,1614
461,982
5524,2622
3695,1902
3325,871
3046,1456
1148,1131
243,2974
41,3025
2634,2451
2930,1281
1770,131
2668,1281
1321,2779
4746,1015
1048,146
669,1281
5509,1940
2109,536
3353,3077
4867,2473
1966,2702
1866,1532
1596,1671
2716,1702
923,2891
2769,3026
1334,1671
4242,2421
334,2496
1473,2769
2288,2164
5356,1883
1381,3180
5495,2981
3210,1456
696,3077
228,757
302,706
729,3025
4760,1071
5259,1950
816,927
4498,1071
3689,2622
3854,969
665,2451
1996,2702
4857,1354
2450,2118
4093,204
230,1742
2515,1015
390,1465
2253,1015
345,2
1668,2082
2308,722
520,757
1411,3180
570,120
654,757
3665,2386
5487,2689
5525,2981
3754,1677
5227,1072
5280,144
5039,1021
937,1045
634,1044
4918,2946
2762,1831
1270,2194
764,336
3212,2791
2579,2878
1034,1917
2966,1072
1125,1281
772,1917
2620,435
4356,964
3387,1102
4665,2473
5594,2936
2941,1015
64,1830
3167,15
61,1532
362,706
4500,1093
4918,852
205,2974
711,2580
315,2580
2110,2026
5071,1848
5210,2946
387,1702
4838,1088
4621,2551
4554,1329
1667,1456
2134,1831
4106,2859
2650,435
893,1281
1787,969
3802,2633
5937,1181
2759,2822
4985,734
694,1071
3338,1186
4143,2145
5948,27
249,2118
1775,2837
3363,2936
345,2580
5175,1797
1040,927
479,2580
3101,2936
4777,970
5002,1088
5783,1653
4389,2551
4415,1520
1039,1456
2560,1831
4153,1520
5511,965
2735,2586
3874,2859
5476,1910
5414,1032
2578,1848
2148,574
2213,969
2403,2786
462,1071
5047,2901
3309,1545
2598,2473
5265,1848
137,722
273,1549
2222,3125
5288,2963
2953,1883
465,1719
2979,852
4579,1520
5664,2496
2608,1848
2546,970
2942,970
3002,1021
2341,1504
839,1179
94,1025
1355,2227
2816,2551
4259,1515
3691,1997
4714,2095
5211,2901
4500,1577
1991,1098
5121,1695
246,1015
4859,1695
5676,1917
495,1719
5452,2963
4650,1521
4,2421
4407,73
1313,2351
2314,970
1946,574
4289,1515
5550,2717
2188,2551
2214,1520
3721,1997
3112,2670
4423,1515
4208,2115
546,903
5040,925
1831,1001
4755,1695
2179,1684
4118,2572
264,2910
2948,734
1010,2700
4639,1520
5852,1742
5607,1157
3766,1366
5328,1742
3138,1797
552,1098
2406,1848
4870,2584
2232,1695
4207,2240
2748,2551
425,734
2774,1520
4699,2702
5618,757
5752,757
1514,3172
4733,1532
5347,2923
803,1848
858,1555
1195,386
42,969
615,2551
5336,1044
286,1329
24,1329
1977,2115
5521,43
2343,1684
1040,2700
4399,905
4626,130
4700,79
1069,1186
2251,2095
4849,1865
1599,1940
5298,1691
2949,181
3805,1829
5648,757
2365,130
3258,936
5350,1100
3385,2963
3755,1742
606,903
3345,1844
3741,1844
5303,2974
5436,120
5437,2974
1621,386
3142,1515
3923,1326
645,1797
764,2243
3191,1377
383,2551
4519,2111
147,1520
4488,546
2769,1684
188,1329
4214,1475
1757,1186
1841,1823
1999,3163
1433,308
3975,146
5408,2394
4668,2584
1776,2367
881,734
282,2095
616,1217
2517,1813
77,2629
3615,1331
1032,903
2255,1813
3771,1844
4927,1532
5812,757
5011,2923
1761,2244
3879,1377
3617,1377
413,1797
2419,1655
3883,1496
4914,546
1772,1844
1376,1844
4635,1131
2998,3025
1880,1377
3712,1614
5930,1917
5625,1281
518,1032
649,1515
1029,982
2471,1064
5263,1831
1149,1838
2288,2111
4401,146
3716,43
1252,1027
3454,43
2181,1490
4710,1655
4832,2584
809,2901
883,2850
2602,1520
2681,1813
1975,833
2008,781
4699,742
5411,1702
2140,146
705,1797
5483,824
5283,1702
2437,2584
245,1058
2521,777
1318,2963
1426,2496
2551,2871
1782,1377
5476,784
3984,1147
457,2634
4459,2194
2473,3180
4302,1456
5427,1831
2545,2302
1743,1614
3880,43
1746,1131
4095,1917
2228,905
4186,1281
5342,969
1966,905
973,2901
5899,2580
5904,2924
5651,2478
5389,2478
3923,1810
222,2178
5399,722
1570,1844
1955,1655
536,833
3266,2974
4333,927
1060,1742
3314,1702
4840,2421
798,2496
3833,2267
581,1515
5020,1076
5598,3002
1176,2856
2169,1614
5591,1831
5577,435
1401,2974
5620,1071
2717,665
5735,1021
301,2629
3558,1281
4783,574
4198,1641
3026,2174
4485,1671
574,1475
173,1131
1515,43
1704,2194
1649,43
5885,1719
5112,1015
2626,2240
1117,936
1206,1917
2364,2240
2581,777
2934,141
576,1521
4002,1702
5891,2473
3048,2872
457,1829
3344,1702
3375,1015
3034,722
2497,2769
1205,2
2034,1547
2132,2082
4362,1456
4360,3073
1846,1496
461,2702
1514,757
5700,2878
1035,2974
906,120
746,2871
1324,633
5402,969
4975,2622
5778,2946
5451,2551
3923,1005
208,1475
2615,1677
72,1614
5187,2478
898,2861
91,1075
2388,1671
3174,2580
3405,1015
2004,742
3508,1702
5418,1098
808,1655
412,1655
4519,2729
4822,286
5553,734
2609,327
1356,706
313,895
514,2871
851,1702
1247,1702
4927,1211
5481,2551
3277,2708
2654,2729
4512,2689
3827,2586
4966,2859
1117,131
3565,2586
3114,435
5910,1910
2909,969
2348,2622
3291,1071
4528,2633
5643,1566
1355,2174
2499,2791
3483,1241
4607,482
3309,1842
2956,2478
2278,1102
180,1655
1854,3026
2162,927
4421,1231
3065,2421
3803,2350
5563,1021
5699,1848
1991,1045
5375,970
1429,2473
3595,2586
3743,2484
2640,2622
4954,2633
549,1902
153,1902
3250,2551
1784,1883
2986,2478
1322,1071
2531,2837
461,742
3083,1098
3840,323
911,1702
1517,2478
4209,1883
3730,1848
834,2421
1400,2832
5381,1515
1814,1883
4897,2634
5532,1684
2311,2689
5270,1684
5774,1217
4392,1186
842,969
4340,2716
1033,2257
4703,1078
375,2257
4723,10
5571,1797
1106,1015
5323,1695
657,2909
5299,1109
844,1015
4645,319
1489,2473
4479,781
3832,970
3436,970
602,2421
3570,970
3310,1797
5263,2583
5896,2496
4979,2824
5696,1684
3927,1207
5866,2095
4768,1823
5871,2439
2667,2859
4135,1910
1134,969
1473,435
4637,3060
872,969
2140,898
1744,898
2229,2633
5615,1695
4221,2593
2832,2145
1519,1719
2608,185
1083,2320
1900,2350
4897,1829
3734,970
5575,1515
5427,2583
549,2386
3212,2551
3286,2500
1407,2417
5194,1823
4545,1377
4338,1084
1683,1534
3710,1515
2734,2926
3727,1684
2393,2633
800,692
1280,1329
5301,1131
2558,2700
1154,2910
2849,1186
4313,1027
4132,2901
4051,1027
4528,2901
5748,130
3870,2901
3111,2095
4801,27
5721,936
4718,2244
1509,2320
4028,1797
1247,2320
2066,3177
4480,386
1577,734
5906,1655
4777,2824
4111,2963
3347,1813
1802,852
4840,140
2457,2244
4709,1377
5015,895
767,2622
1369,970
1966,2946
2623,1001
1713,2500
2764,2926
5809,1695
3804,2439
3737,1217
3613,2871
3900,2901
5242,2779
4863,2194
5097,146
2380,2936
1172,806
5487,2583
4014,936
1476,1217
3938,160
4084,1675
4196,2670
803,185
3406,299
3879,2963
4151,1207
4323,1691
5703,895
5787,1532
2115,386
1525,1109
3770,1515
867,1109
2498,1844
4879,3077
1078,1329
2014,2963
952,2910
5319,905
4661,905
4391,1044
1509,1515
1889,982
5027,2194
4972,43
4411,1696
4190,2451
4529,1917
5687,2240
1311,2439
3782,936
4305,2963
127,3177
4182,1809
3122,1829
283,2936
5424,2769
1303,1797
5431,1496
4909,3077
2440,2963
1571,299
3699,120
4895,927
2422,2357
913,299
4096,2974
1866,1910
3574,2111
4661,2194
5912,2708
2192,2080
1796,2080
3739,2178
5948,2365
3002,1131
416,1186
5763,141
2943,2244
3280,1075
3058,2194
4811,2138
2681,2244
3030,146
1743,1695
2541,1675
2083,43
3723,2584
5175,1102
3277,777
1572,1813
3752,1070
3848,1532
914,1813
145,319
2129,2670
2182,1742
943,299
2461,1157
4209,757
4679,706
837,2532
2210,757
4923,2729
5329,1666
5517,1024
1948,757
2029,2439
2065,2096
3507,2178
277,1377
1662,925
1180,2871
2856,905
4327,1917
5540,2139
1605,2111
3205,2779
3184,1902
4285,1691
343,2936
2519,2451
1646,1331
944,1813
1107,299
942,2706
1950,1742
3779,18
5381,2267
3254,2082
2065,2
5215,2729
444,1675
1079,725
2636,757
4953,2729
5256,286
2157,2974
2580,3077
734,2942
3731,2421
703,1377
85,2496
5439,2622
898,1064
5194,2791
1459,1131
4086,1831
4970,3083
536,1614
2230,1917
93,1044
1980,1742
4430,2580
3623,1548
1918,2584
1522,2584
1897,1707
3924,722
1747,2702
4419,2421
1344,777
2247,3025
2961,1614
1519,1532
1636,2871
1973,1702
2369,1702
992,2769
5703,574
5837,574
21,2080
1098,1475
1489,1131
3025,286
1244,546
1743,2179
1500,2421
2656,1917
3752,1554
2365,1179
3442,574
346,2779
570,43
4350,722
1977,1070
4669,2165
1727,141
3036,3077
5083,2936
2760,927
2199,2580
2089,722
2137,1702
5895,2622
2367,2164
5798,2689
901,1496
4337,2365
4638,1539
1257,1131
992,1614
2893,1456
3884,1831
4455,2586
90,2974
761,927
4443,1071
4699,2946
3933,969
3045,2981
3781,1329
2590,2586
2048,1071
3980,2478
4271,964
5343,15
5477,15
2261,2118
1361,141
3955,2421
1047,1671
2229,2580
1967,2580
3082,2267
1936,1015
1796,2698
4055,3002
4062,1729
4523,2878
106,824
2427,2006
5839,1535
2566,2350
3502,574
4467,2946
754,1045
3075,2227
924,1456
655,2729
2486,2586
2909,2689
3549,1329
2303,435
4570,2320
4881,2936
5277,2936
5808,2572
5099,1883
5718,1366
4620,1848
594,1702
647,3026
4205,852
4692,970
5922,2859
2596,2350
1046,1045
4237,1329
2136,2365
692,1456
988,286
1874,2365
5346,2891
2388,2586
1977,1554
2434,1241
3089,2633
4557,1684
1060,2791
5358,1181
4807,1078
3155,1940
75,706
4388,1848
4722,970
1614,1098
196,2164
4468,2551
2558,903
2205,1539
1508,2365
1238,2504
2566,2484
2461,970
3977,1001
5446,1186
2158,969
3715,1001
4436,1515
3515,2633
3119,2633
3064,482
4368,2320
2513,379
1618,2910
553,2586
4777,1027
5173,1027
4171,1217
5565,319
5437,319
2875,960
5468,386
4626,1797
130,1702
2838,1078
5426,160
2571,734
3400,27
4262,1520
5024,1843
5079,1742
2887,970
5213,2496
5347,2496
5643,1326
1909,1554
5119,2080
1530,2689
1841,2551
4489,1684
189,969
5772,1147
1295,1102
4498,2901
5451,1506
2942,1027
2546,1027
3,964
2601,734
2021,2145
312,2473
3696,2398
5243,2496
2944,1073
1375,2936
2975,386
3371,386
5757,2717
2455,1848
2713,386
2856,2946
3654,2926
667,1883
1804,1329
405,1883
5436,43
3698,1131
4579,2866
4572,1695
2433,2439
4541,130
2359,46
2840,319
4034,299
3511,2244
2747,1848
2685,970
3005,386
183,908
1322,1181
5011,2496
2163,1797
3371,1675
5174,982
360,46
4169,1655
5217,120
5301,757
5769,3077
1665,1520
686,970
2177,2634
5136,1629
1161,2926
1622,1823
1701,2116
2515,2629
4612,131
5906,1281
634,1719
3896,715
4722,299
372,1719
4121,833
3145,2244
5468,1809
1173,2936
2773,386
5643,1810
5023,2856
3920,2240
3251,2670
138,734
1267,319
4407,2358
5465,757
2199,299
3042,1742
3107,2891
3467,982
2780,2496
194,1797
1574,1001
2914,2496
3888,2702
1849,2926
5657,927
3714,859
1200,2480
305,847
5276,1989
2724,120
2665,2923
3119,2901
1178,1186
3747,218
1388,2716
302,1515
4285,833
319,1684
4937,2708
3631,43
1167,1027
4176,1829
4613,2584
3169,1675
158,46
4084,2240
4838,2702
5099,757
3468,1742
3072,1742
5789,2924
4610,1532
5949,927
4264,895
2177,1829
938,386
2944,2496
5064,1702
418,1848
3754,1547
230,2551
2754,120
1897,2943
706,2480
837,2963
3440,3077
4063,2302
2313,2629
5274,2451
3899,1147
3503,1147
201,1032
4571,2708
4705,2708
4643,1830
3399,43
4777,2584
1747,905
3498,1742
5337,706
5156,2580
4908,2478
5259,1015
536,1695
1200,1675
2382,2584
2332,777
938,1675
4918,722
2942,706
1223,1844
3107,3025
1302,2891
1593,1377
3229,1702
2833,1702
2234,2871
2905,824
694,2
742,982
3851,1456
881,2080
4935,1830
4365,1677
1696,1475
3701,2451
5205,2421
5273,1071
1379,1044
1747,2194
1843,1902
2,2111
2115,146
4938,2478
5210,722
5672,2473
133,1813
2829,2118
2509,2702
167,643
4436,2267
2863,1702
2278,2769
1882,2769
1168,982
4666,2729
1257,2717
3516,2267
4277,1456
510,982
3619,1456
4878,1831
64,895
1024,2923
3546,1917
4659,969
1679,905
4511,2791
1959,3174
1200,870
4326,2257
2576,2584
4909,2837
2314,2584
3517,2118
2326,1655
146,2398
2221,141
3458,757
1200,1809
2965,824
921,2394
5425,2350
5150,2145
2180,2769
1882,1614
1665,3077
1269,3077
1302,3025
1892,2302
5383,2878
1007,3077
1028,1702
3533,1281
5085,969
5028,435
5188,1848
5388,970
5424,435
114,1547
5522,970
1784,1456
3346,2586
5483,1015
919,1917
3163,435
5470,1719
5850,1940
1079,1640
1065,1742
2095,2257
3253,2580
2826,1015
5498,734
78,2240
1489,757
386,141
4634,2386
5115,969
4554,2622
2322,2421
5538,1072
5552,970
5359,1329
5515,1088
2110,286
323,2421
4411,1001
1169,1691
1981,815
4997,1098
4601,1098
3283,2580
3309,1549
4735,1098
3326,964
1287,2878
5922,2351
3785,1478
5607,1027
5560,2901
1546,2580
288,895
4510,1919
5248,1848
888,2580
5186,970
5778,1848
5060,1797
4690,574
5127,1329
3728,1883
5194,2551
4958,1520
3867,2981
4813,2859
5885,1910
2884,969
205,79
1084,1179
2622,969
2961,435
3979,2633
2346,2791
4166,15
4307,1186
5031,1217
5427,1217
2125,1102
5489,2095
1361,706
5590,2901
5748,1797
4070,2936
5412,1848
1076,722
5050,2398
2794,2365
1746,1456
5445,1207
779,2421
4581,2859
949,2832
2652,969
5271,2451
3292,1329
2634,1329
3095,2478
1347,2878
5920,2439
2609,518
391,969
768,727
5690,2702
320,2257
5442,1848
789,1015
3941,2125
5414,1520
954,1082
4407,1366
4756,1520
5871,1207
1839,2936
717,2832
4832,1515
1661,1883
2664,1329
3956,1844
5651,120
427,2504
5267,3163
3971,1186
1120,970
800,1554
624,574
5298,1695
3832,1027
819,1015
5167,2178
4771,2178
3570,1027
5814,299
1464,1719
1703,15
2823,46
5502,936
3523,2901
3716,852
5636,936
5763,2963
3547,1797
2148,2351
565,1098
1869,2936
3545,970
4976,2583
5638,982
1212,1848
4006,2496
847,969
945,1504
24,2622
3262,1032
2338,2633
2429,1997
3815,2901
1733,15
1912,1478
4350,27
5666,936
4924,299
1335,908
77,2633
1899,2936
2295,2936
22,482
502,1873
887,1684
1522,734
2033,2936
5576,2174
2781,1109
5181,2584
3187,299
4190,2963
5272,2702
418,2145
2555,1520
3532,2963
1987,2002
5010,2702
5583,120
4392,1377
1114,1848
54,2622
188,2622
4928,2111
2459,1997
690,1520
3405,2629
1634,1325
2038,1186
3583,2901
5042,146
2325,2936
3063,2111
4902,1829
2460,2572
655,1684
1686,734
1727,735
2969,1695
1923,2367
4425,1675
4452,2532
4827,1655
4848,2532
5423,777
5643,2241
4407,2789
2060,386
1406,1848
5074,1532
1084,1797
5924,1702
199,2572
3833,982
720,1520
799,1813
1360,160
4273,2974
458,1520
2729,895
313,2859
1385,1910
4740,905
1519,1910
2016,2716
2697,2111
5431,2708
947,1684
1721,1078
1191,2044
4620,1742
3592,2963
3962,1742
2723,299
4358,1742
4261,1809
5692,1702
4980,1496
1000,1695
654,1058
3388,1655
5215,2302
707,130
750,1520
798,2500
3897,1532
1727,2963
4953,2302
2083,1844
1687,1844
4285,1614
4681,1614
1341,1207
343,2859
4870,2267
5839,2129
4393,1147
3429,1629
4606,2194
263,2341
2861,2111
4687,870
5595,2708
1383,120
3466,1696
3903,2451
885,2095
2998,130
3495,936
5312,141
4388,1742
2607,2194
3629,936
5489,969
2741,2194
3371,146
2835,1829
1030,1695
2969,1829
2573,1829
3979,2
627,524
2647,2532
4352,742
422,1058
811,79
2748,2584
3235,2702
1361,2963
3531,1532
3832,706
3570,706
3892,757
4119,1702
4756,3077
3883,2923
5521,665
1894,982
397,1001
3857,1702
1252,1515
2819,2235
2876,2769
2487,1496
4010,2698
1370,982
5369,1025
2757,3077
1413,120
2581,1131
1285,120
5781,969
5913,2586
2771,2194
1841,1506
2192,43
3768,1071
4931,1738
5284,1102
4626,1102
1749,1917
1023,1813
4772,927
4211,2580
1284,1588
3839,722
4668,2267
2058,982
1662,982
3625,1702
5556,2729
2319,757
144,1844
820,141
2525,3077
4263,1989
2203,3026
5847,2878
3552,665
1315,120
3495,131
5945,969
5549,969
5287,969
2801,2194
1641,1044
2773,146
1923,1696
4340,2586
969,2866
2528,1281
697,2178
2175,1917
704,905
1053,1813
1411,1521
3429,2702
3536,1071
3749,2118
636,1902
3686,1015
23,1675
1138,608
3760,964
5644,2145
580,2532
3073,34
681,2584
2087,757
1168,2702
906,2702
932,1671
1718,2580
1097,18
1656,1702
1420,2923
2675,927
3913,1179
5018,2622
286,1496
413,2769
5918,435
4143,1641
690,3077
4370,2586
249,1614
949,2779
1604,2451
966,2194
3452,969
3643,2257
2540,1641
5273,1047
4645,1478
1,2451
5861,1217
1014,141
1198,2702
1098,1532
1316,2923
1349,2871
450,1496
937,1614
1475,2421
1609,2421
4140,969
3183,2622
951,2421
2410,1918
3878,969
3072,2791
632,1917
2204,2981
3338,2910
3880,1015
4630,15
4771,1186
1865,1071
5891,1217
2221,706
194,1691
4813,2351
334,1671
3137,1873
3382,1677
2377,2350
4170,969
3250,2689
3890,1329
273,2334
5655,1098
5543,1823
1513,969
3015,1102
77,1641
858,2206
2307,1015
3394,1098
1966,722
3528,1098
4662,1027
2578,1478
4734,903
482,2858
1898,1719
2674,1940
2898,1456
1552,1082
4637,970
638,927
77,2580
2699,2936
1973,2832
4375,970
5099,1001
1711,2832
217,870
375,1456
1084,455
430,1917
867,1918
1937,2586
2278,435
1620,435
1415,969
5570,1525
3887,2320
1996,722
2839,2165
4692,1027
698,2082
2458,2473
1007,2837
3316,2504
4541,1797
3897,1695
1345,2832
405,1456
818,871
2363,2586
1707,969
2046,435
1280,2622
4943,2716
4270,1684
5758,2111
691,2981
2150,2478
1754,2478
2155,2822
2599,1550
3251,15
5014,2367
5478,781
2919,185
3045,1078
4755,386
2079,3177
4309,1797
2382,734
3913,1797
4323,1695
2569,560
5050,2963
5272,1844
2866,2244
5371,1823
5223,2891
5820,895
2236,1848
2174,970
1838,1021
3187,2824
1148,574
652,2622
3319,1997
263,1349
1853,1329
3054,2480
4371,3025
3160,1186
1069,2910
4770,1044
3906,2696
3320,2572
5285,1675
2019,1217
4627,1675
2578,2901
5054,1742
3292,2244
5900,2702
5638,2702
4886,1377
4559,982
1078,2622
3700,2978
4051,1515
1950,2551
1976,1520
847,2689
88,1883
5341,1957
5862,905
4136,1064
5600,905
4521,1629
168,1088
216,2068
1350,1997
1355,2341
4349,2111
5119,43
4966,1521
5738,2532
4721,936
2682,2850
4452,2963
558,2936
2368,970
4694,2496
4828,2496
315,734
1951,1813
4850,757
2718,2480
5072,2702
1011,2689
1348,1520
1427,1813
2587,2963
3091,2496
3904,1064
3807,1131
658,2012
563,1186
3784,181
3596,130
2054,2850
1999,699
5462,1671
5634,2717
1253,2572
3999,2240
4577,2
3235,1844
2839,1844
3013,2963
234,903
1853,1813
2328,2860
3833,2702
4229,2702
5679,1147
4717,1702
3277,3009
5827,1045
3743,1496
5128,1044
2765,2080
3572,1614
1335,1823
951,140
3788,2178
4781,936
3129,1044
3834,833
3283,3174
3603,146
4919,1809
177,2439
4628,1071
4268,536
3017,1742
1778,299
4075,141
4259,2702
2755,1742
4908,896
2433,1691
3350,3083
5009,1702
4699,722
4747,1702
2641,2394
5405,1702
5857,1045
827,2706
5199,1045
2212,2
5758,2729
3385,3077
2437,120
2774,2923
3429,905
984,1377
2019,546
2081,2178
365,3025
2822,870
2901,1917
3254,1281
4059,2240
2696,2451
1469,79
1710,3174
4289,2702
3181,1742
1121,2779
333,1797
5111,824
4577,2580
4467,722
2461,2584
389,386
5229,1045
4205,722
3209,757
289,936
4038,2302
3797,927
154,2963
906,1844
1928,1532
2778,1702
1370,2702
4781,131
5693,1179
307,1515
3708,855
5767,2791
4418,2708
791,3025
3680,1281
4397,1831
2234,1989
4426,1071
3022,1281
2258,131
3156,1281
1809,2779
4369,2257
1788,1902
936,905
1547,2779
1922,1902
2060,146
3687,1671
5203,1702
717,43
3833,742
4972,1015
5655,1045
144,181
218,130
5839,600
2561,1071
1432,2240
465,2451
5897,3022
384,1331
4479,1082
174,1521
1662,2702
2058,2702
3204,1702
318,2963
5626,2936
292,1742
3303,927
4657,3074
94,1757
1176,742
1303,2769
5314,1883
3860,286
4823,1831
4427,1831
163,3025
134,2095
2751,1353
4738,969
4342,969
4586,1329
4389,2478
17,1695
1230,1917
1992,2240
2720,727
572,1917
4643,1082
5123,2473
584,1742
4760,2421
2122,1532
322,1742
396,1691
4897,2130
852,2496
5017,734
5103,2006
342,2394
3721,2729
5612,1883
1169,1614
400,120
1348,3077
257,1532
267,2974
2103,2421
3258,2473
3466,1456
3364,1179
4045,574
5010,2946
1149,1147
1624,2194
1467,1456
5565,1478
57,131
2359,1071
3479,1102
243,1075
707,1179
2097,1071
4172,2786
4757,1719
3217,2822
1756,2498
4729,2145
1370,742
3992,1098
3655,15
4863,2145
5101,970
4237,2622
1260,2267
2671,784
5174,2946
1922,2386
4518,1329
4654,2910
2780,3171
2785,1071
2389,1071
5825,1186
2876,435
3894,2633
112,1127
1363,1641
623,1831
967,1641
2832,2580
4284,1098
361,1831
2856,722
2935,1015
2539,1015
932,2586
1906,1102
5342,1217
5129,170
4949,734
99,141
2571,738
1528,927
5265,970
2431,2421
461,722
3565,2350
4669,1848
643,1702
5915,2018
3668,1539
1916,2729
4414,1329
4548,1329
4758,2859
5098,1207
3066,1848
2665,1504
3305,144
3400,970
4979,1515
4320,2633
4003,2926
3277,2822
4510,1976
4897,170
3894,1478
5434,2095
5931,2901
3594,1186
1536,2858
3881,2936
5693,1797
4194,1181
4015,2936
997,2580
4703,1058
3357,2936
4694,1504
4773,1797
5095,1848
5243,2500
5573,160
1999,1801
1574,871
4671,1520
5514,2963
5584,2012
3034,970
2375,2088
3892,1001
3259,1088
1746,574
442,2708
1925,2791
2601,1088
1715,2981
2713,1329
3518,2480
4232,1823
5469,2439
3244,1719
3879,15
5639,2850
413,435
1772,482
383,2478
2637,1684
2217,1098
4096,1181
4951,1695
899,1082
5678,2963
3431,2484
4518,1813
3386,1021
3198,970
2463,1504
1804,2622
4777,1515
3717,1535
5553,982
3204,2670
2347,1329
2440,1520
3639,1844
2481,1329
4396,1823
5776,1027
4134,1823
4836,2095
803,970
3788,1186
238,969
1857,2633
4338,1064
348,1329
5250,2866
5890,1506
2247,1098
4606,2572
1261,1067
1409,1719
3334,2901
2176,2386
4399,27
5581,936
2236,185
4839,299
4316,2244
5312,2963
5682,1742
138,738
711,2320
5449,982
1120,1027
1576,1078
3102,2551
220,3022
2780,2500
2945,1813
3407,1844
5291,3025
3911,1377
633,1848
707,1797
2942,1515
5239,2111
445,2551
4533,1131
1570,482
2186,2700
3545,1027
1812,15
1208,1032
4852,130
5920,1691
2157,1181
3320,1848
4817,1829
2998,1797
4992,2584
1022,1027
5217,2702
3350,936
1034,852
1951,2244
3699,1844
2608,299
4905,895
5437,2
5948,706
4643,895
3323,2496
4207,1496
1612,1997
542,1329
4702,1475
660,1550
3530,2974
3208,2923
228,2859
3170,2439
4125,905
4648,2178
4259,905
3266,2901
4674,1147
5379,936
2350,2111
2518,1695
4889,2240
842,1217
3903,2963
3034,299
4935,895
2433,833
2772,299
4749,1671
1743,386
3971,1377
3353,2496
4895,1496
4965,2235
505,1797
2895,2584
4297,1547
2122,2634
3020,1532
482,1813
520,2859
2077,2891
2462,2702
2613,2871
2941,2178
1621,3025
1225,3025
14,1186
4924,2584
3064,299
2260,2194
3645,1742
3719,1691
2597,833
1494,971
1738,1331
683,1695
1743,1675
3054,2240
2663,2584
5,319
1266,1521
2754,2702
541,299
1384,1742
5379,131
1098,1910
4272,2779
4647,1902
4907,1075
3974,870
4187,1917
5584,536
964,2095
864,925
2058,905
2290,2194
3809,1742
2028,2194
4547,1671
5698,1015
5481,2478
1675,386
2122,1829
2169,1675
3433,2394
3662,2
35,319
2072,1742
833,299
4305,3077
232,833
5590,2421
2472,895
1944,2496
3802,1702
3406,1702
4979,2267
4321,2267
257,1829
1267,2
2566,1496
3992,1045
5549,1831
2440,3077
4558,1456
1079,705
3520,1989
5712,1071
4308,1281
1157,3025
5450,1071
4156,1641
5054,2791
971,2111
1294,1044
709,2111
1894,1039
2723,2584
3451,1071
2735,1655
1675,1675
2456,2240
3189,1071
5810,1848
1470,2963
367,2347
262,833
1444,1742
3378,1532
3521,120
1182,1742
4613,2267
1738,1465
1120,2584
1693,2
72,1675
4850,1456
2208,3077
322,1823
5571,435
4905,574
4970,969
335,1496
1720,1044
3277,1830
5476,1329
2327,1456
2882,2240
1915,2451
3615,1071
3310,435
5772,1098
1417,2174
3734,1702
4811,1097
1022,2584
4014,2473
734,2117
3389,2421
2224,927
2382,2267
4935,574
291,1547
2350,2729
5244,1329
3840,1539
459,1131
194,1614
2503,1281
629,1542
1859,1179
40,1147
1993,1179
1609,250
349,1902
3735,964
3716,722
4559,2165
5665,46
2232,2858
4440,2473
2727,2837
1495,121
5127,2622
2520,1046
5930,2946
5197,1109
2217,1045
5618,2859
4217,2586
3675,1071
5511,518
70,1147
3165,969
1513,1831
3409,1329
1251,1831
389,146
1371,435
3415,2837
4454,1186
3941,2129
1564,1015
3260,2145
669,1102
5648,2859
1584,2421
1188,2421
157,927
3632,970
3264,574
5607,1515
1701,2417
1245,2174
273,2041
173,871
1625,1641
1852,2586
4746,1186
5933,2439
4849,1873
1330,969
3406,2320
940,2477
4271,1078
565,1102
2815,1098
3290,2145
5027,1075
4453,560
2598,871
2670,185
956,2421
3986,1848
2248,2936
4378,386
3621,969
3798,1797
16,1045
2313,1641
3865,1329
582,1456
4499,1844
2305,2689
970,2504
5696,2095
1169,435
5460,1064
668,2139
3075,2341
4935,2936
141,2622
3765,1098
3174,2320
3831,2095
5548,130
4483,560
4221,560
4639,1073
3883,1504
3160,1109
5094,1653
3392,2398
3330,1520
797,2145
88,1456
1889,1848
1390,969
2947,1001
1909,1534
3222,2926
1238,1329
3557,1684
5606,2178
3075,1186
2538,15
2672,15
2751,308
5852,2584
3596,1797
5585,2240
60,1478
2264,1883
4559,1844
3494,1520
4602,2480
290,1940
768,2504
4579,2496
1993,1797
3832,1515
5463,1496
1664,1329
3004,2824
5867,2111
1820,1088
5374,2178
5847,2398
1898,1910
5158,833
1107,2320
3609,130
2308,1027
1568,1217
2962,319
5427,2189
4737,1742
716,1940
5091,2240
3262,1520
3689,833
4871,2496
5227,1377
2317,2244
5748,2769
1553,1848
1687,1848
3755,2584
295,1883
3299,2341
4512,2563
2378,1207
4346,3025
4322,2439
5024,1957
2957,1823
5777,2194
3898,2111
484,1001
5102,2779
1033,1997
5341,1075
3326,1131
4998,1675
1794,2095
2878,217
3924,299
4531,2963
3719,833
5613,2702
260,734
1409,1695
2109,386
1925,2551
1909,2018
1874,2963
2774,2496
4262,2923
110,386
2027,1515
405,1997
854,1823
231,1844
1384,1823
2368,1027
93,1910
776,1940
4931,1742
2990,27
4669,1742
1405,2111
5407,1671
5942,2769
1095,1131
1835,1695
2562,2963
3286,2240
4637,706
1777,936
4375,706
2670,1742
4661,1100
3728,895
3026,1377
3516,2702
2012,1742
4528,1702
2177,1809
5181,2267
5267,2041
1287,2240
3782,1131
5650,1025
98,160
309,2824
1517,2702
3537,546
3931,665
4872,2451
2678,1044
3082,905
3576,2194
5501,2622
1552,2696
3152,146
867,2593
5583,742
958,1957
352,2901
2950,1917
30,2850
3354,2532
3595,1655
3991,1655
1048,130
1256,833
2042,1742
2601,982
3382,1547
536,1675
2110,1876
3330,3077
687,1844
4044,1666
69,2963
1621,2651
1285,2702
1302,2871
3065,2779
1599,2111
4144,557
5816,2791
1690,1475
4814,2981
3037,2451
2641,2451
1810,79
3742,2240
2322,1917
1548,833
789,27
2408,1691
2730,1742
2468,1742
4784,2580
4753,1015
1028,43
4491,1015
5241,2267
5867,2729
1486,2584
1085,2240
1789,141
3721,2302
2308,706
2487,2923
2523,2580
3053,1614
959,1377
3127,1563
2199,1702
301,1377
5695,2622
2651,1045
509,2080
4306,2174
1319,1131
1057,1131
2967,1281
212,3025
611,1044
215,1044
1743,146
3936,2082
992,1675
3674,2082
3230,1102
5405,15
1545,1070
2940,3026
5547,2350
4762,323
5643,2058
2229,1702
5393,1883
2459,2164
919,1547
3309,2334
1129,3077
1999,2179
4626,435
4094,574
3698,574
3820,2257
881,2194
5024,481
1813,2174
4473,2822
3656,1102
4380,379
5187,2165
5275,2012
5545,1873
5710,1940
2091,2118
663,1742
4407,512
2717,2580
2455,2580
877,1671
2424,1015
4962,734
3029,1354
897,3077
1320,3180
575,3026
1279,927
2048,2421
2444,2421
3149,1456
3707,286
4754,970
4973,2586
2658,2350
1108,1045
4492,970
1667,2729
5674,2633
1307,2194
4695,1329
3645,2791
5142,2772
2590,903
3383,2791
809,1917
4410,379
1834,2088
342,2451
3558,1102
3721,2786
693,1742
2188,896
2351,2580
778,2981
2509,722
5597,319
5335,319
137,706
686,1702
4846,1848
5180,970
916,2164
957,2165
3588,1883
3758,574
5054,2551
1910,3022
4725,1329
1433,1902
4463,1329
4160,1520
5533,1997
89,665
930,1281
5025,1032
2086,969
3316,2858
5374,1186
5718,2716
1824,969
2163,435
5456,2716
5101,1027
5949,969
1589,1102
207,1071
3643,1940
3001,2473
3312,2335
4876,1848
5210,970
526,824
1888,2832
2960,1883
4190,1520
1210,1456
814,1456
5305,1207
5389,1844
948,1456
5884,1823
2553,970
2212,677
4265,2633
4531,1032
4662,1515
188,1179
4393,1098
4071,1047
5186,734
2739,379
4726,2439
3747,1889
3564,2936
3302,2936
5432,386
253,1015
4852,1797
3004,1027
4124,1058
1137,15
1708,3022
2668,1078
3958,1520
5553,1844
11,2421
2979,970
1041,2936
5334,982
315,2832
2455,970
2524,1329
2269,2500
2546,1088
1825,574
2262,1329
3463,2480
3468,2824
553,903
675,2586
570,1072
3166,15
4489,2095
800,1534
5267,699
4303,1181
3907,1181
5932,2779
710,2580
3764,2593
2654,806
3034,1027
4529,181
2834,1905
4214,1109
4890,160
905,15
1903,2335
4754,299
5227,2963
1180,1940
5187,1844
2260,2572
3017,2551
2117,574
4142,2926
1155,1883
4460,1515
2185,2398
2519,1520
631,1883
5206,3025
5817,735
5920,1614
3208,2496
2002,1001
5947,27
425,2946
3758,2936
427,1329
4071,1181
4582,1131
2746,1684
5921,3026
800,379
521,964
2916,2095
2723,734
1756,945
1171,2012
2857,734
2196,1217
3306,560
1069,15
4388,299
4784,299
4183,833
2648,560
1776,2351
1676,1181
2839,1848
3493,386
5499,2496
2290,2572
803,1027
2028,2572
1701,2177
3463,1675
278,2145
2494,1813
3313,2670
3392,2963
3924,2824
656,1539
3941,2239
4268,2634
747,903
852,3171
425,852
2008,2859
3634,2496
4109,1823
898,1072
4608,2702
4945,2095
4444,1547
786,2551
719,1329
4612,1131
4660,2111
2244,1823
69,2910
143,2859
3228,1027
3443,2901
4167,2178
4327,181
4401,130
3716,27
4436,905
4475,79
4010,2194
4762,1075
5645,1917
1145,2080
5133,1742
3657,386
631,1078
2140,130
4425,1655
5736,2974
3170,1207
942,970
990,1950
3664,2496
881,2946
5141,1044
487,1329
824,160
4647,1475
1383,1844
2012,1823
4223,1147
2113,2629
4419,2779
4436,2194
2557,2111
3751,2091
4895,2708
3895,2779
4119,43
2429,2111
1985,1131
1259,1027
4268,1829
5101,2584
918,734
3676,1917
4851,1655
5142,141
3822,1742
5587,757
2717,299
881,852
5399,706
5182,2923
5490,824
3327,982
584,2551
1219,847
2215,2532
1819,2532
322,2551
1413,1844
427,1813
1915,2240
2110,1018
929,2963
3151,2
3376,120
4190,3077
2042,1823
5762,2451
5548,1179
106,2926
820,1515
4426,1075
4204,2194
4822,1075
4338,2194
3887,43
3491,43
483,2095
5330,727
161,2044
2274,79
1704,2178
3182,1917
2408,833
1649,27
1828,2244
2747,299
1943,2194
3328,1742
4832,2702
3095,982
3004,2584
5010,722
4084,1496
2341,2240
2346,2584
1181,1844
2437,2702
2833,2702
3199,3025
3273,2974
3636,3026
3958,3077
3321,1702
5037,855
4379,855
2689,2923
4417,1147
3773,1045
834,982
5428,2174
5860,1831
5598,1831
847,1217
5117,969
1471,1044
5158,1532
490,2111
3358,1742
2069,1902
2566,2708
4364,1671
1260,43
3034,2584
2633,2240
4897,2134
0,1695
3988,3077
280,1520
650,299
254,299
3413,2580
2155,895
3151,2580
4662,2267
5443,2832
969,2496
3937,1045
1727,3077
1713,927
5748,435
5543,969
4586,2622
3433,2451
3333,1281
4885,969
1499,217
986,2850
1239,1044
2120,2779
3233,1831
4656,1671
5852,2478
3869,2981
1882,1675
426,1695
1596,1281
1639,1917
4400,927
341,833
3119,1702
2534,2769
1737,1671
803,2584
2205,1547
1993,1102
5453,2365
4288,871
1877,927
5555,1329
1888,2779
2263,1902
3001,1831
3760,1883
2760,2708
1553,1742
5333,2421
140,146
761,2708
1767,1671
3314,1015
5267,1801
4508,995
5852,734
1144,2
309,2584
3697,2473
4597,286
400,2702
5553,852
1484,824
5778,970
5382,970
4384,2622
1736,1045
4518,2622
5607,1088
1906,1456
2293,1902
2429,2729
5211,1088
5323,1329
3602,2586
4025,2689
5271,2859
3547,435
811,2421
1494,2451
3693,1950
4572,2858
119,1147
246,3174
2753,574
2613,2257
734,2174
3344,1015
4827,1098
5699,1027
1745,757
4981,2504
5583,852
1772,2580
1087,2477
5548,1797
1052,1702
4414,2622
3755,734
4548,2622
78,1496
5682,2551
2104,286
5301,2859
3372,969
3518,2484
3110,969
764,2174
3727,379
3429,722
5843,2095
1359,1071
4019,1719
660,1070
835,1071
4424,2936
3481,323
5442,970
1168,722
132,2082
218,1102
2921,2386
2396,286
1496,2473
300,1666
2263,2386
3717,1539
972,2473
3140,969
5483,1910
779,2832
1622,1831
1701,2124
1723,1883
5549,1217
1480,435
91,1677
1273,2586
2247,1102
4167,1186
3618,1910
2632,2633
4588,2936
3485,2320
1060,2478
1015,1015
3632,1027
3847,2901
2293,2386
4299,2244
1398,2473
1002,2473
1035,2421
3609,1797
3669,1848
1704,1991
3741,970
3345,970
3085,1797
2581,574
258,2729
2512,2689
4358,2824
2957,2551
5698,2629
1567,969
1272,1021
2862,1001
1043,969
86,2622
5222,2111
1285,2946
4943,2696
4222,2936
4241,734
27,2981
2083,482
911,1015
3623,1853
1897,2012
723,964
5711,1521
4608,905
4727,2439
5353,1813
5439,833
5855,2963
2223,2936
1032,2473
3771,970
5839,1706
3323,2500
4870,1844
4969,1823
2082,1950
1772,970
5223,2871
273,354
5369,2696
1384,2551
3106,930
663,2791
659,1329
5158,1695
3341,46
4576,27
5469,833
5412,299
4068,560
2387,2936
5797,1830
2008,2351
2089,1027
3689,1695
5530,2240
5776,1515
1342,46
101,1940
3413,299
1577,852
5675,120
4128,2496
206,421
5502,1131
5111,1475
1680,2670
3939,2974
3975,2439
5296,2194
5652,1075
5839,901
4285,386
4,2165
1513,1217
1595,1027
3839,299
4420,1742
2890,1813
2152,386
1231,1504
3545,1515
1048,1797
5176,1496
2712,2480
4874,1131
989,2910
4029,3025
3217,895
5939,2421
5517,1008
4832,905
5047,2779
5422,1902
5054,1506
363,2633
2923,2111
1039,1684
2894,1181
5817,711
3396,79
1343,2095
5345,1655
2833,905
5467,2584
742,185
5322,1671
2426,2244
3555,1829
2352,43
4613,982
4810,1496
2747,2824
4944,1496
890,2500
4207,2923
4267,2974
36,144
3398,1064
1314,1515
3611,2111
2060,3025
4334,1917
1512,2439
5920,435
1350,2111
510,185
2778,43
4352,1742
5090,1671
3632,2584
4246,757
3723,2702
2601,1844
4452,3077
457,2244
94,2192
5584,2179
4297,2974
5737,2421
5307,1147
2382,982
3230,2769
2841,742
4011,2580
3751,1717
2639,1547
4960,2729
5830,1831
3941,1060
4555,2451
5859,1071
439,1823
2034,2901
4589,1281
3481,1075
3493,146
2808,43
1118,2111
2546,43
3924,2584
5772,1102
4390,1071
3261,2240
2148,936
360,217
1406,299
4852,1102
62,560
805,833
1144,299
323,2779
115,386
1249,1813
3095,2702
3747,2133
734,2121
4041,2580
1754,982
4113,1702
1897,536
4431,1045
4990,2729
5422,2386
3230,1614
370,1844
583,2891
5476,2622
2138,2850
629,1546
3289,2194
4729,1641
424,2080
28,2080
162,2080
838,1131
4432,2586
2324,2451
796,905
1028,2194
1174,299
651,2244
4729,2580
389,2244
5072,2165
1426,2240
5161,1456
1742,2
785,1655
1260,2702
2385,3077
1917,757
3187,2267
2767,927
2206,2580
5200,2350
5244,2622
5051,2981
4631,1641
2900,1456
2148,131
3309,163
2650,1281
819,2178
4188,1071
1368,3174
2488,2451
4541,435
710,3174
779,2779
1856,2174
5297,2633
2528,2981
279,1675
1065,2584
17,1675
798,2240
1199,2584
2605,757
4191,1719
1240,141
2417,706
2797,927
4834,2350
2931,927
5076,1883
260,120
3706,1677
127,2974
505,1614
3836,969
4175,435
5393,1001
3409,2622
5527,1001
1881,1076
4279,2478
4234,1015
5297,1478
462,1917
200,1917
2051,706
2266,2580
24,1691
5022,2936
822,1671
2338,1702
2723,2267
1742,2580
3611,2729
2960,1456
374,757
1731,2421
3608,1677
4699,970
1901,2832
4738,144
1639,2832
777,1147
1350,2729
3807,574
44,64
1377,2832
4610,898
2932,2791
1824,1831
322,1506
437,1456
1562,1831
2001,969
4886,15
2692,2580
5212,185
5052,2936
5069,2351
2168,2580
2958,2699
3259,1873
4790,2936
4492,1027
5676,319
5280,319
5371,2689
3420,286
2157,2421
4242,852
4698,903
1895,2421
334,927
2065,2832
821,1045
5721,1001
3935,1109
5466,2926
3372,2689
1125,1456
4146,1329
2752,2981
2425,2586
2067,2878
2912,1950
2559,2586
2201,2878
317,2451
4360,2012
3722,1001
5191,1940
2209,1241
3613,1997
3260,2633
4332,1684
3979,2320
1436,2257
5101,734
5142,735
1950,2478
1554,2478
1186,2082
5523,1366
4559,1848
1314,2267
918,2267
424,2698
4109,2551
1155,1456
5334,1844
4981,2480
5642,1997
1679,2365
2498,970
5576,1377
932,2350
2236,970
5517,16
5431,2716
2571,2946
644,1883
2244,2551
879,2689
3754,1047
5067,2439
4686,1027
849,1534
5570,781
3247,2936
320,1944
2875,1078
2985,2936
2553,1027
4401,1797
27,379
5839,2137
5142,2963
3903,1520
453,2473
57,2473
2571,852
5250,2496
3505,2413
3892,2859
5384,2496
4637,1515
5122,2496
2140,1797
2536,2551
5108,1100
2207,1329
2012,2551
1305,2689
489,1349
4753,2629
1819,2910
3336,1823
5528,905
4172,2095
1417,2341
3277,2936
3709,2593
4144,2521
4421,1109
2173,2095
4303,299
588,15
2467,852
5345,2891
5414,2496
2860,2244
2487,1504
2096,1848
644,1078
4756,2496
262,784
5181,982
5640,1496
0,784
2042,2551
3104,160
5865,1614
333,435
2757,2496
1155,1001
4918,1511
4703,2111
2925,2080
3739,2593
5645,2779
5473,43
2429,1684
5211,43
5426,1917
204,964
1417,1186
2406,734
2700,2901
1093,308
4813,936
4467,299
4940,2963
5336,2963
5048,1742
251,2473
1063,2351
2890,2244
4019,1829
3757,1829
803,734
808,1078
4949,982
3211,2824
606,1883
3307,2532
3340,2480
4453,1532
2206,299
2338,2670
3405,1377
5664,927
4731,2974
1756,1002
2914,1325
4471,2111
2308,1515
4192,2696
4161,1131
140,1329
4574,546
4794,1044
2238,2439
2529,925
3723,905
2367,2095
5681,1281
1894,185
3019,560
3927,146
5212,1742
40,1098
2261,1110
4620,2584
4632,1655
3572,1675
4358,2584
5688,1671
4487,2240
4492,2584
3733,2532
309,734
1042,319
2582,936
2236,299
3370,2480
4321,2702
5156,120
1635,833
5782,3026
687,1848
286,1504
229,970
5697,2164
1483,1001
1999,2049
1567,140
1374,1997
2857,2080
1,1520
3946,546
4068,1475
3667,1131
5577,1281
4813,131
5844,871
2077,2871
5358,1917
1299,1823
5007,936
4611,936
3461,2194
3406,43
1716,2111
2115,130
284,1027
2189,79
4126,2584
2729,1521
2371,1813
4933,2118
3095,1844
4948,706
5210,706
4839,1702
823,2244
2748,982
1750,2634
2139,1655
2256,2240
3999,1496
1731,140
31,1520
2352,2702
1230,1844
612,2963
1443,2891
3936,1147
1496,2717
3521,905
434,1910
38,1910
3870,2779
1965,1475
3785,1917
591,3025
1918,905
2776,936
4677,1532
1728,781
1115,2244
1433,833
1982,1829
2116,1829
2553,2584
913,43
1505,1675
2286,2240
2291,2584
3697,757
2382,2702
1628,2240
35,299
2812,1532
2979,706
1012,1742
998,1844
602,1844
2693,120
3245,3077
4617,1666
4773,2179
5007,131
4838,1076
4151,146
1372,1496
2124,1131
2172,2111
3760,1456
3039,1696
3772,1281
5360,2878
5387,2981
1600,1131
253,2629
196,2095
1705,1147
1686,905
3510,1281
5043,727
758,1044
4985,722
5064,1015
1750,1829
943,43
4059,1496
2228,141
461,299
2386,727
2150,2702
3296,1702
1503,2891
1176,1742
3096,2580
4386,3022
1798,1496
681,982
1672,3077
808,757
1699,3180
185,1532
5693,435
1121,2974
2105,2178
2146,2179
3244,2451
389,3025
3292,1179
3540,1281
1473,1147
3030,1179
3674,1281
4773,435
1784,2729
2675,2708
3129,2878
412,1696
1107,43
2896,2118
2701,896
5724,2350
1324,1963
3229,1015
3294,2164
4471,2729
85,2240
5656,903
401,2
1308,706
936,1100
2987,2421
3350,2473
349,1532
1426,927
3854,286
856,3026
3408,2451
218,2769
4695,2622
4533,574
4860,969
5806,847
5104,1329
2946,1831
5037,1742
3517,2586
3159,2878
707,2179
3243,1071
2585,1071
2798,2118
2382,742
5912,2936
3028,2580
5650,2936
2522,722
516,2584
1462,742
4955,2145
266,1655
1338,706
5820,903
295,895
5162,903
5651,1848
833,1702
5253,1021
5067,1797
5924,2946
4939,2551
5268,1329
2735,2708
3473,1883
3230,435
3023,2586
5537,1719
2572,435
5702,1032
5942,2936
4839,2320
2296,2257
78,2708
2676,2478
3072,2478
546,1830
4173,15
2765,1015
4379,2335
5031,46
5097,1797
5553,1848
888,2698
1825,3022
4640,1329
4134,2689
269,1902
3187,1088
4369,1997
1485,1641
5556,806
800,1538
442,1830
1275,1831
3102,2478
617,1831
3964,1719
4344,1186
4082,1186
4478,1940
384,1071
3820,1940
4133,185
3558,1940
4107,2936
1237,2478
5187,1848
3024,2006
2353,1047
3468,734
648,2837
5025,1520
2604,2386
5133,2551
5376,2702
2079,286
5740,2963
4501,1520
1313,2473
554,2421
3188,1848
2524,2622
4752,2859
5101,1515
2262,2622
1164,2350
2100,574
2594,1109
4617,2634
1005,1539
5062,806
2283,2910
1072,1071
5299,2439
5442,1027
428,969
810,1071
1242,728
3788,308
3664,2716
2633,1976
71,1671
3911,2593
5291,1797
881,722
2443,1098
564,1015
3577,1027
1075,1719
2964,46
5770,2963
4531,1520
3872,386
5616,2496
2894,970
3030,1797
4699,2824
1073,1831
5458,2095
5886,1044
726,969
5802,131
399,574
3417,1684
5924,1336
5039,2111
970,1329
574,1329
2893,1684
5364,181
5042,130
5539,936
4529,319
5800,2963
1923,2351
2040,2936
2986,1848
4798,709
474,1098
5013,1829
4331,1997
3809,2824
1552,903
2696,1520
5363,895
4306,1186
5654,1044
1805,2480
604,1329
4790,2696
3319,1684
2569,1186
342,1329
5237,1695
2033,2115
2831,2095
1403,1719
1100,1910
4321,905
5938,1742
2070,2936
4102,43
3090,1797
3804,386
5480,2584
1698,1078
3358,2551
832,2095
37,2386
1114,1027
4583,1844
5259,141
42,286
5393,895
3703,2963
5704,757
1747,970
5883,2974
4429,1377
5931,1702
1533,1950
459,574
3198,1515
439,2551
4226,1957
5879,2451
1550,2496
803,1515
144,2633
4423,27
4321,2194
5073,1829
2924,1131
307,1873
1525,2439
1838,2936
2872,1695
4811,1829
3371,130
1065,734
2975,130
922,2146
5260,1655
5394,1655
4365,1742
2496,2347
1883,1366
4975,1671
3228,1515
5618,2302
2261,2480
2352,1844
2004,2824
3379,1684
970,1813
1610,1207
2090,1844
2451,1823
4075,3077
2105,1186
4777,905
1936,1377
876,2151
1318,2496
3221,1475
4298,870
3033,2178
3167,2178
5011,2240
2382,905
5744,1071
3552,299
5453,141
5241,2702
4133,1742
328,2696
3,2936
1999,386
2976,1829
3279,1830
1030,524
1341,386
5025,3077
3163,1655
3242,2702
1000,1813
2488,2240
3192,895
2980,2702
3672,1532
3682,2974
2333,2891
4501,3077
5914,2421
4198,824
1259,1515
658,2049
2258,2717
2729,2302
2361,1906
3765,1696
5442,2584
5454,1655
208,308
2773,130
734,2044
3088,3174
2303,1147
3320,299
2014,1044
3404,936
1449,1797
2261,1675
5583,722
540,2178
3181,2584
5662,1015
908,130
4399,706
402,2244
1754,1844
3702,1532
3846,2974
2748,2702
3961,2924
4290,1702
5420,2421
1755,2
5039,2729
4270,1989
5400,2708
1487,2439
3240,131
4238,2451
3842,2451
5556,969
5881,2257
3797,2708
5619,2257
2680,2194
2284,2194
3535,2708
4949,742
3211,2584
2944,2240
2548,2240
4797,1102
1089,299
3470,1532
3200,1671
3986,2580
5101,2267
194,386
3165,896
4089,1015
2696,3077
2300,3077
4934,2504
4265,2934
1663,1702
5555,2622
2497,1147
57,2717
5310,2791
91,1547
526,1475
3303,2708
1873,2451
1121,372
3459,969
1021,3174
759,3174
2261,1809
3692,1702
3133,1738
1598,1465
194,1675
992,1655
1114,2584
1341,1809
2456,1496
4710,1456
3755,738
4448,1456
1635,1532
1600,757
1693,1702
681,2702
4346,1179
2489,855
2346,2267
4232,1831
5799,2551
764,2178
2242,1917
3030,455
2037,2451
3871,1071
1775,2451
3227,969
2748,742
3887,1015
4771,15
5901,734
1980,2856
4874,1456
3874,2473
1966,706
2742,927
615,742
4937,2936
389,2651
1124,2871
1857,1702
4517,2350
5353,2622
2361,1235
4630,2227
5021,1883
2613,1456
233,3077
2067,2451
5076,1001
3192,574
3596,435
3448,2257
509,2194
113,2194
2164,1071
3700,2478
145,1917
1577,722
3922,46
5926,1329
5478,2859
22,1702
803,2267
5216,2859
4607,1088
3925,2946
2113,1641
375,2729
382,1456
2035,1950
1720,2878
4592,1719
1670,1071
4330,1719
5830,1217
5718,2696
5735,2111
3851,1684
3894,2320
2724,482
931,1671
5131,2936
4699,1027
4752,2351
1323,963
5932,181
4390,2901
3925,852
675,927
309,2267
5161,1997
405,2729
2697,2981
3695,1329
5797,895
2256,2484
5086,1823
296,1281
4043,2012
1452,969
1190,969
2809,2633
2888,2926
4277,1684
4765,2936
2824,2941
2996,15
2338,15
1837,2473
3658,1797
3035,2572
3725,1329
838,1456
3281,3077
4399,2963
4795,2963
3337,2910
5116,1823
4968,2891
4641,2496
5898,546
4220,2439
5108,2901
1558,964
5181,905
3964,1695
5507,1829
2553,734
3688,1797
2236,1027
5584,2049
5352,2480
940,3022
4691,2963
5453,2532
4701,1207
4799,1742
4933,2496
2083,970
3924,1515
1319,574
1778,1088
3779,2100
5649,1131
1299,2551
3813,1684
2935,1186
5626,1147
4218,2901
2986,185
4949,905
2960,2936
2163,1838
2662,1027
425,482
2004,1027
1340,1801
2615,2901
5473,1844
1787,46
4963,1742
166,2473
4992,982
2115,1797
2760,781
2433,386
3672,1829
4677,1910
5451,742
4468,982
4869,2080
3797,777
4843,859
5096,3025
4239,1684
3535,777
1995,160
5548,1614
2089,1515
3350,2717
3466,2111
5352,1675
1050,1823
4904,2451
5181,1039
5888,1655
780,1181
1635,1695
2017,2551
169,1027
4006,2240
3242,1844
4279,120
5578,1614
5361,3077
4234,2629
5347,927
5607,100
598,386
2895,982
1897,2634
5135,1044
606,1001
5735,2729
5231,1506
5139,1917
5330,2451
3795,2178
4934,2451
5273,1917
5023,1742
3261,2244
795,2593
2889,386
1588,1475
4909,2394
5186,982
2061,1695
5383,1496
3640,2240
2265,936
2788,2963
3158,1742
5241,100
3187,982
4458,2872
4866,1943
5468,1045
72,2383
3706,1547
2372,2496
2663,982
3148,2717
3518,1496
3840,1547
749,1844
792,2480
828,2891
5360,2451
1160,1186
2519,2923
3436,905
1527,2111
3127,2779
1613,1131
2693,43
2060,130
284,734
1564,2178
3809,2584
1509,27
1920,1813
4083,1655
2054,1813
4296,2702
2866,1691
3454,141
2530,1742
4784,1702
4025,896
1501,1829
4,1848
3608,1547
3422,3077
82,2670
2608,120
560,2480
5686,1281
596,2891
1723,895
1771,2629
4732,2451
403,2496
2961,1147
3553,2779
3491,1901
4630,2174
3804,146
5774,2791
5302,2981
111,2095
2265,131
3029,1281
3163,1281
2325,936
2471,2451
881,27
1774,833
1175,2194
2560,1742
5034,722
3941,1548
2236,2584
2809,2
4063,2477
792,1675
587,2963
2199,2702
4079,2421
1901,1547
1954,2871
3468,2267
3387,1147
3862,2194
4259,1076
2210,2302
4333,1025
3705,1456
828,3025
1812,1475
929,3077
198,2629
1562,546
700,3025
2763,2451
1758,2178
1369,905
2635,2451
2986,1742
837,1044
5307,2924
5054,2478
4869,2698
5607,1873
2004,2584
426,1675
2577,2
555,1331
3294,3026
2717,1702
2159,2872
3565,1045
3632,2267
5881,1883
230,982
3466,2729
104,2563
3473,1456
5035,2586
4816,970
4852,435
4117,969
1999,146
1465,1902
1062,2451
2046,1655
700,1281
2579,2118
5294,2473
5607,718
5827,2936
493,1742
2571,722
5188,734
169,2584
3837,3022
1621,1102
1612,2302
4943,903
3241,1456
4423,2365
5108,970
4951,2484
789,1511
1200,1045
2879,2006
938,1045
716,2164
1399,2194
783,1696
3131,2981
94,131
5870,1478
639,1917
2911,1702
1565,2082
4956,734
3533,1456
4973,903
551,757
4876,970
5072,1848
4671,1504
5010,970
3418,1883
706,1045
236,372
5062,379
760,1281
5734,1940
4065,2633
1723,574
4851,1098
1296,2981
1979,2257
3832,1873
5759,2936
5485,2367
3869,1940
5042,1797
3760,2936
5040,970
5250,2500
5174,970
5122,2500
3534,903
5677,1032
5281,1032
5329,2012
649,1076
1187,1883
1701,2104
2740,1015
987,1071
3669,1478
5006,46
725,1071
1449,1102
4474,185
4052,2936
4005,3090
786,2478
1383,482
5920,386
2755,734
5289,2963
237,2421
2768,969
2207,2622
2871,1848
3943,899
4483,2341
4063,1001
3318,847
2757,2500
4829,2978
3863,2633
649,2365
2772,1088
4799,1823
1452,2689
5244,2439
901,2586
543,2878
3446,1032
111,969
5665,217
1413,482
2717,2320
93,1329
3424,2936
4988,1695
3871,1181
2863,2145
3181,734
5581,2209
4846,299
630,2473
3235,970
2975,1797
3371,1797
1579,2622
2451,2551
4115,2480
4433,1823
723,1883
4171,1823
931,2586
2875,1566
1175,2946
275,969
717,2068
2381,1997
4705,2696
5584,386
584,2478
5799,1506
1315,482
3409,2439
3216,1078
1819,15
1564,1186
4494,1695
3243,2901
3582,2367
5705,1844
309,738
1985,2936
1723,2936
4300,1829
4770,2532
1855,3055
5754,982
5835,2856
4470,2240
2586,1813
4508,2532
2641,1520
2689,2500
3484,2963
1381,3172
4344,1377
4650,895
1066,1848
665,1504
608,970
4082,1377
742,970
439,969
1012,2551
5733,1044
153,1329
571,1088
2039,139
1856,1186
4755,130
2781,2439
3454,1027
3407,2901
3166,560
5487,1742
2773,1797
2907,1797
4779,1655
4896,2240
2518,524
1119,1078
116,2386
4132,1844
1981,319
5855,3077
5076,895
2147,1520
834,1848
1168,970
906,970
510,970
1324,1483
2747,1515
2179,1997
1446,160
317,1329
3493,3025
5091,2866
3045,2111
813,1910
4249,2779
1033,1684
3913,386
2951,1695
1411,1078
3092,2866
4931,2584
4568,2532
3563,2451
3902,1917
827,1027
2439,1520
5596,2974
5417,2477
5582,824
3555,1809
936,970
676,1797
1738,160
4401,2769
2307,2532
4072,1547
4146,1496
5165,1475
4502,1131
2895,2702
548,299
3657,3025
5854,2451
3395,3025
2631,2629
4460,905
3384,2866
4194,1917
2850,2178
5329,536
4768,2189
4711,1655
313,2095
3646,1331
2839,299
2108,1541
4924,2702
552,2111
4554,1671
1286,386
1007,971
792,817
4106,757
3187,2702
945,1813
4401,1614
342,1520
2959,1532
5201,2421
4139,1614
1701,1567
4261,1045
2764,1064
3545,1629
3643,2164
3696,1044
1275,2856
2780,1008
4798,2189
2926,79
417,2044
2664,833
1786,2779
2421,1075
2433,146
5215,2477
5924,722
4093,1619
4468,742
4965,1548
273,1541
3874,757
1004,299
2201,2240
2693,2702
3529,2974
1719,2496
3973,1702
4358,2267
1061,2496
5720,1831
1351,757
3104,2421
5635,969
2278,1147
3525,2451
5373,969
4977,969
1314,1629
5700,2118
4065,1641
3688,1691
1613,1696
1778,43
2719,1829
3961,2981
809,181
3317,435
452,1075
433,833
1689,1691
2723,2702
3019,1532
3153,1532
5496,2473
3407,2580
5456,3074
1029,2584
977,2394
1206,2
4625,1456
366,2240
4659,286
1620,3025
1224,3025
3134,2421
5269,969
546,895
4247,1281
5338,574
5007,969
5766,1021
4248,1883
4993,2791
5251,1329
3964,2878
600,1131
2157,1917
2415,455
3609,435
5916,1719
362,27
389,130
394,2194
226,1829
5102,2145
5881,1521
704,141
1411,757
1461,120
5043,2504
442,895
230,2702
256,1671
1772,1702
2147,3077
2553,2267
734,2235
2902,2421
3045,2729
5134,2622
5433,969
5796,1021
2394,1456
4090,2586
234,1131
5363,2859
1529,1917
3434,969
3024,1071
1620,1281
338,3174
2705,2257
3863,2580
1471,2878
1316,1809
3174,1015
2957,2478
705,1655
827,2584
3401,1960
4103,1478
5266,2145
918,2702
1214,1532
5581,1217
1305,896
606,895
2583,2267
5638,970
4640,2622
2820,1456
3186,1025
4805,2689
1900,1456
1148,131
2060,1179
5021,1001
3598,969
3639,970
5155,1001
4955,2633
5412,2320
2723,742
4046,2822
5546,2320
3521,722
3383,2478
4746,15
90,1917
2796,2910
2794,2837
1679,706
724,742
54,1671
1570,1702
2747,2267
2461,1873
1260,722
4278,1078
5804,1797
4011,734
5475,1329
2751,2386
5609,1329
4022,2586
3232,969
3301,574
3039,574
205,2779
4816,2824
3214,1329
327,1456
5533,1684
2952,1329
2050,2689
1219,1071
1403,2878
5379,1217
360,815
1048,435
4706,185
4680,2936
5418,2111
4418,2936
1686,722
4022,2936
230,742
4303,734
4731,1181
5834,1797
5336,1520
2132,1940
5513,2910
5325,2859
3499,1848
2389,815
804,2145
5563,1684
2473,3172
5427,1823
2820,1001
4415,1325
89,1641
2833,2926
4724,2080
5431,2696
4309,1838
546,574
329,2791
668,2257
3278,1098
494,2858
3837,2782
4205,734
2283,15
3809,734
5034,27
5397,833
5870,299
388,927
1346,2320
2072,734
3603,1797
5442,1515
459,3022
4972,2532
5010,2824
4220,1207
1778,1950
5558,2629
604,2622
1299,969
2870,1653
2121,1535
1550,2500
3577,1515
2613,1997
3771,2320
4910,2593
5216,2111
5569,1475
5646,1695
2754,1478
2800,1823
4576,1027
4037,2439
5388,905
5522,905
1728,1082
5475,1813
5777,2178
1079,636
2217,2936
5360,2240
2079,3002
4644,2824
1172,46
2034,1539
3968,1521
4730,1844
4770,2963
5487,1823
5852,2702
1894,970
5691,1064
4383,982
1370,970
606,574
5642,2111
5735,2302
1318,2500
275,2689
2682,2891
3279,895
2269,1032
1802,2320
1406,2320
5071,43
3075,2593
3338,1475
2266,734
3549,1695
478,15
3931,299
216,15
5166,2532
4142,2963
4512,1742
2571,27
5832,141
644,2936
2060,1797
2108,2777
382,2936
2058,970
1409,524
1462,1848
3134,140
3932,120
439,2689
5601,1147
3670,120
5186,905
2519,2496
3904,2044
5290,2194
3411,2111
3380,546
2843,2593
253,1186
4066,1813
2901,319
4045,936
4938,1742
4354,1691
987,1181
2150,1848
1754,1848
3822,2584
35,734
169,734
3906,777
3293,2240
260,852
4134,2856
1438,299
2663,1844
2005,1844
2153,2496
5121,1045
5465,855
2182,982
5303,2779
2455,2080
2866,1614
2649,3077
3740,2178
679,1186
763,1823
1871,2783
4706,1742
459,2351
5194,742
204,1078
2561,1917
5842,963
5276,3026
2337,2963
5336,3077
1177,1813
2297,1844
2311,1742
2693,1844
2431,1844
2841,1742
3493,2651
4499,2580
5186,100
707,386
311,386
5456,927
4113,824
3867,2111
1026,2583
2437,1100
2974,3025
3161,1131
4045,131
1443,2871
4046,2985
32,1910
4736,1742
3843,1902
4340,2708
3445,1075
2853,1917
1399,2572
5738,963
4028,1655
1743,130
3358,2584
1555,79
416,560
3399,141
1689,833
4097,2923
23,1797
737,386
377,43
4143,824
79,386
4919,1045
5874,2729
5053,1045
311,1675
1488,2240
5089,1456
2329,2856
5216,2729
1718,2702
2420,2974
3060,1614
200,1844
1272,895
1060,2702
5016,1917
2540,824
1010,895
3613,2729
4370,2708
3475,1075
254,2080
3064,43
3253,2194
5591,2791
29,2901
4740,706
841,2779
4845,722
1713,2708
1214,1829
5440,2584
505,386
541,43
1797,1655
3261,1496
1518,2240
5642,2729
888,1844
4286,2421
270,2963
4857,1456
5287,286
2009,757
1486,2702
2126,2096
2298,2580
1503,2871
5897,969
472,1377
2647,1044
1026,2717
4400,2708
236,1100
4117,1831
1228,1131
1763,2421
1701,1543
1744,2179
937,1147
1314,905
2580,2451
1546,2194
3975,435
4097,2118
2347,1691
626,2194
1877,2708
2875,1810
4766,964
1553,2584
505,1675
5446,2386
2435,757
3023,927
1280,1671
3181,2267
4664,2350
523,2
311,1809
5307,2981
5071,1950
2872,2451
597,1614
1024,927
4310,1071
3706,2088
4401,435
3735,574
4523,2118
1362,3174
1035,2779
5906,1997
1286,146
3390,2791
5718,2700
4840,482
2457,2586
554,1917
645,1281
688,1917
2140,435
2907,1102
2754,2580
2492,2580
2382,722
3211,2267
2244,2478
2199,1015
3441,2729
2455,2698
862,757
908,1102
443,3025
880,3026
1561,2421
4925,970
167,875
4799,2551
4336,1329
4468,2946
263,1337
5790,482
5845,2633
1187,1456
4826,964
2737,1071
2487,2586
5746,1873
379,2451
1831,969
5112,15
413,1281
468,1742
2541,2822
5540,2936
2491,1015
1474,1671
1596,1102
3375,15
3254,1940
31,2118
776,3026
523,2580
4559,970
1725,2421
2972,2227
3667,574
1289,3022
4641,2500
2476,1831
234,1696
972,871
3336,2689
5891,1823
1101,1281
409,2451
5483,308
2243,1071
443,1281
2917,1015
5308,2936
2039,2961
4212,1047
3584,1478
5010,1027
244,1071
3143,15
3539,15
4669,734
1498,1102
5252,560
4651,1848
2206,2320
4985,970
425,2580
1077,1045
4924,2946
5158,898
2059,2832
206,1718
3217,903
3628,2689
985,1456
2499,852
18,2421
4942,2963
5639,2891
3880,2910
5513,308
4699,1515
4040,2633
5079,982
3059,2946
1266,1883
168,2365
302,2365
5174,1027
2703,1032
4172,1217
4924,852
3339,2936
4755,1797
5056,971
4810,1504
3363,1078
393,1702
4266,2572
4815,1848
5469,386
4221,1109
5900,2824
4972,2963
5342,1742
182,2421
5698,1377
167,2298
2440,2500
2321,1088
4618,1684
2059,1088
4860,1217
56,969
3208,1325
5496,2367
588,1015
1675,1098
3265,1078
5865,1675
2468,734
3277,903
5768,1742
1934,46
3642,1001
2035,2572
2723,2946
2976,386
4982,2496
5013,1809
2530,2551
4340,777
3662,1653
3359,1844
5639,3025
1165,2689
4116,1823
3968,2891
1299,2689
1626,832
4952,2095
5377,3025
3508,1186
2236,1515
5737,2779
4624,1475
5699,43
2125,1684
2691,2095
4174,2178
2233,1217
2429,2095
5798,1742
4643,936
5536,1742
343,2473
3378,2244
3010,1848
5408,2496
4816,2584
1803,2572
2560,2551
4731,2
3088,2670
2324,1520
3389,1844
5132,1100
4383,2702
4956,120
5508,3077
4534,2871
2311,2978
3369,1377
2531,1032
2662,1515
3042,982
494,1329
1782,2634
232,1329
5378,1506
4008,546
4204,2178
2397,1217
5069,936
4537,1075
5304,1742
228,806
3170,386
4811,1809
4584,2584
5682,2856
1958,1520
2724,299
5800,3077
3701,2496
2811,1207
5559,1702
5626,2924
3795,1377
3468,982
262,1329
403,2500
284,1088
93,1520
1292,1844
3152,2439
3890,1614
5769,2451
8,2910
1109,2891
2955,1336
830,1032
4345,2194
2156,1131
4871,2240
1089,734
693,734
428,1217
698,1078
827,734
1168,1027
2026,1058
3597,1742
2358,299
1298,319
4739,1532
5101,2702
2096,299
5174,706
2306,1829
4603,1671
5279,2974
5832,706
3498,982
3102,982
2541,2635
2976,1809
493,2551
1584,1844
3569,3077
1561,140
3175,706
5663,43
3658,1614
714,1207
1208,2496
2333,2871
5571,1281
946,2496
1237,982
1638,2080
4599,1902
2849,1475
2582,1131
2883,305
916,2095
1198,1027
1941,546
4639,2240
3276,2451
258,2095
4644,2584
1738,217
1225,2850
3264,936
1486,905
1718,2194
4237,1671
5006,721
255,1797
28,2572
4868,2477
389,1797
5181,722
1003,936
5146,2421
2608,2702
1090,1844
2346,2702
1634,2496
3182,2974
2101,2871
4009,2194
4143,2194
786,120
1371,3025
3907,1917
3964,2451
4869,608
1183,2974
345,2629
1771,2178
5686,3026
2112,27
919,2901
1748,2194
2378,146
5521,1702
5552,1015
4949,722
300,2105
1778,1844
317,1520
4407,927
3295,757
5277,2473
4699,2267
3286,2923
3883,927
1171,1809
2449,3180
3634,1354
1139,3025
5220,2878
5566,1071
3074,2451
1961,1147
5261,435
2088,3174
4908,2791
1895,2779
2972,2174
1912,2194
1463,870
752,1044
2767,2708
4589,2257
4969,2478
5716,1015
2875,2241
1063,936
717,299
116,833
4214,101
3290,1702
1065,982
3809,2267
4138,1045
194,1655
1722,757
328,1655
4822,1677
4426,1677
2955,665
921,2923
2817,2421
5389,970
243,1547
1053,2850
5086,969
5263,2551
5196,1329
2047,1456
1887,43
4032,2689
899,131
627,1695
126,1147
977,2451
3923,1241
339,2194
2596,1671
4896,1976
5431,3074
3485,1015
3089,1015
603,2240
608,2584
2060,1102
742,2584
4331,2729
4367,2386
1490,757
1094,757
867,1532
175,2702
1168,706
5650,903
309,2702
5743,1848
5479,1021
5116,969
2728,2729
797,1702
3712,1179
5553,970
446,721
5427,2551
3565,1883
3546,1641
4035,2586
764,64
3336,1831
698,1696
1063,131
4650,2859
1007,2451
3755,2946
2924,574
7,1024
2328,2206
3565,2822
3546,2580
764,1003
1550,2878
4676,1047
3105,2837
4169,2936
4145,2350
5449,970
1846,927
5249,1848
1675,1045
5128,1329
3729,1883
5338,2859
878,2421
859,2179
1879,286
616,2421
1020,784
2885,969
2418,2257
5095,2320
5028,1098
1105,1831
5618,2095
4429,15
5638,1027
1268,1071
2116,2858
1347,2118
5032,1217
4199,2936
4612,2351
1315,2580
3937,2936
5613,970
2082,995
5487,2551
4989,1520
2009,1456
4710,2859
3311,969
169,2267
5110,2978
4272,2633
2653,2689
5521,2320
10,1456
1968,2586
1031,3171
916,969
2418,1102
3696,1719
4076,1940
3682,323
5705,1848
2988,2386
1052,1015
3010,2145
3328,734
5921,160
5651,299
2318,871
5862,2963
5389,299
1569,2473
5160,1001
5607,1690
94,753
980,2832
3120,970
3516,970
4636,1001
861,2386
3061,1329
4234,1186
1342,969
5842,2421
1639,2653
3127,3080
2175,2633
1418,964
2961,1098
1082,1015
5695,1695
2369,1186
3833,1027
4845,27
2362,15
1331,1719
5882,1521
2181,1889
4383,905
5524,1813
1979,1940
1998,2936
1870,2936
3212,1848
4383,1844
4037,1207
1285,970
989,2894
3611,806
1510,1088
2296,1997
5130,546
217,1102
3324,2439
5583,299
3578,1797
5531,1829
940,908
3726,1695
5706,2584
5310,2584
5329,2634
2022,2367
1602,1027
263,2386
3188,299
4017,1844
5686,2871
4230,2891
1181,970
3085,2049
3441,1684
953,1520
2068,1207
4795,3077
2825,1186
2138,2700
2909,1823
5613,969
3745,2095
3163,2871
1029,1515
5167,1902
4322,386
1894,1027
4903,1829
3389,181
5543,2189
1687,734
5381,141
1370,1027
3244,1520
5212,2584
4474,1157
2299,2244
5162,777
5699,2702
5129,2549
327,2936
1743,1797
2751,833
5079,742
4358,982
4951,1496
2776,2583
3454,1515
2096,2824
3877,120
3042,2702
2543,1823
3804,3025
5284,1147
3193,2871
180,2859
3174,2629
4626,1147
5061,1075
3356,2111
5469,146
3442,1131
4388,43
198,1186
2058,1027
3393,2178
3493,130
1951,2850
5638,2584
2608,905
1615,2901
882,1064
1749,2901
2322,319
1427,2850
4621,1742
2781,833
816,2696
95,2936
4388,982
4611,2717
843,1109
4907,1547
2870,1844
2252,2963
1383,299
1467,936
3072,2702
1964,1742
1950,1844
3418,895
4290,824
1747,1515
2192,1377
827,1515
5801,2174
5488,1677
1374,1684
2814,1131
2365,3025
3289,2178
4562,2451
446,1823
2987,2779
1521,2111
4389,1742
2702,1829
1584,181
2836,1829
5011,1496
3044,2532
1256,1813
2068,1691
3938,2974
1285,299
889,299
4435,3026
517,2413
5295,2194
2430,2080
2034,2080
2244,2856
2361,223
2975,1614
1237,2702
5652,1677
2317,1614
2583,43
845,1131
2376,2194
2717,43
4983,1518
1923,936
3562,1532
2158,1742
396,2244
2321,982
1925,982
3888,1702
1340,2049
5430,1456
1388,777
734,2239
1040,1757
2186,757
4906,1456
3939,2421
224,2891
902,1823
1855,2872
2774,927
3524,2179
5812,969
3608,372
5251,2622
3556,1902
5335,815
273,2029
2406,2194
3170,146
2962,1917
747,1131
1232,2866
2791,1281
2099,2451
2438,1917
3799,1071
309,905
4242,2580
1735,2174
3194,1671
1201,2240
1101,1070
3154,3026
215,2963
1156,777
189,1742
3441,2302
2773,1614
3707,2421
1005,1547
2832,2194
5222,2981
4826,2981
3847,1677
2525,2451
1143,3174
2163,1281
3715,969
3658,435
4438,2118
3486,1671
4272,2580
273,285
254,43
4113,1015
207,1917
1370,2584
615,1742
969,2240
1984,757
5138,1940
1065,2702
2660,3026
5029,2936
2011,2580
1949,1702
2083,1702
5854,1329
3130,2386
451,1496
587,3077
2361,1646
3397,286
5086,2689
325,3077
2555,2451
2589,1281
3745,969
4185,1241
233,1044
3674,2257
1093,1902
697,1902
2175,1641
5551,15
160,2451
2390,1071
1335,2189
5421,2386
3645,738
3650,1082
4500,1252
4526,2473
5455,2936
2175,2580
5475,2622
4420,734
4659,3002
2883,1354
2869,1456
4051,2365
5116,2689
5849,1520
4474,970
2619,1281
4171,969
4608,970
5881,1997
1521,2729
989,1902
2863,1641
3348,2622
736,1456
3308,2257
4019,1329
5223,1997
5266,2633
2497,2981
2566,2586
4271,1550
3278,1102
4897,2012
5922,1217
5502,2351
4827,2936
2174,1015
2554,482
3368,995
3586,2386
3161,1456
2796,15
3004,718
4962,1848
5101,2946
4304,1848
3980,970
1155,2729
3046,1883
1162,1456
4116,2551
1528,1025
4445,1329
4512,2551
1686,2365
4811,898
2923,2981
2121,1539
1678,969
632,1641
2182,2946
1530,2791
1922,1329
2557,379
2388,2822
1982,2134
4876,734
1942,1015
4352,734
343,757
2325,2473
5709,2398
4730,1848
260,722
4468,1848
77,1015
827,2267
1608,2832
3817,1329
1685,46
4887,2963
2696,1073
5351,1377
5163,2080
3144,2926
2017,2478
1050,2689
4985,1027
3252,15
3035,1478
1266,1001
1875,1082
5815,3174
2609,323
2760,2936
3508,1109
870,1940
4877,1844
3638,2121
761,2936
563,1231
2437,970
2571,970
3309,899
3295,1001
3676,2413
5054,982
5539,2717
1586,1329
220,1831
321,1883
4471,2095
5033,1044
4840,2901
1175,2926
2302,1684
1882,1098
4361,2866
5316,386
273,1842
321,2822
913,482
4354,1695
4956,43
1100,308
4135,833
4078,299
363,15
3842,1520
4238,1520
5451,1742
5542,140
5671,2240
1187,2936
2467,970
2529,1848
5480,982
4774,2
1837,574
2005,1848
2406,2946
3182,2413
4032,2583
5357,2080
5804,2769
1905,2398
2686,2963
4331,1684
201,2878
3255,2891
3284,1377
803,2946
1,1504
5333,905
3495,2351
169,1088
4302,1131
4646,1695
5420,2779
4009,2572
320,1257
3988,1695
2522,1027
5578,1675
1978,2095
4561,833
393,15
3609,386
2951,386
3794,1829
5248,982
3085,386
5091,2496
5834,2769
2214,1813
3377,2480
3730,1844
2716,2963
2719,2480
4624,1532
1690,1813
5164,2974
5849,3077
236,970
110,1797
309,2946
1424,2633
252,160
5412,43
2234,1684
1484,1186
2948,1027
1160,308
1306,1823
3240,2367
1803,2629
3832,27
5007,2209
3570,27
5014,936
3864,2194
1516,2572
1411,1058
1891,1695
2951,1675
4133,2584
4262,2240
2037,1520
3962,2702
4492,2702
1775,1520
4459,1064
66,1848
4,970
140,1797
3017,982
4995,1044
2445,2
4362,1131
3484,3077
3403,1957
3255,3025
5452,2451
2537,2974
4645,665
5748,1281
4285,130
3075,1337
895,2080
5626,2981
3592,1829
569,2095
2766,1521
4985,706
563,560
2521,936
2884,1742
1884,1813
3018,1742
4422,1532
5077,2924
170,1797
3181,982
2919,982
2475,2
5632,1456
3634,927
3463,1045
524,982
2131,1131
5570,1517
866,2439
895,925
3102,1039
5050,727
1424,2178
1973,3174
2467,299
572,2901
2652,1742
5436,1702
1635,146
2590,1830
5071,1015
1048,386
1542,1675
2340,1655
3408,1496
2078,1655
2016,777
2553,2702
2291,2702
3664,927
773,1844
4567,2421
921,2496
1212,982
986,2891
1055,2496
2127,1547
4613,1076
5432,1179
1089,2080
693,2080
4322,146
4845,2365
4881,1830
4943,2708
3831,286
2549,2179
3547,1281
5042,435
3385,2451
367,2095
470,2974
1480,1147
2521,131
3419,1281
210,2111
650,1629
39,1475
4839,1015
116,1695
1065,1844
2321,2702
1925,2702
5356,2473
4597,2421
581,2963
584,982
4777,1076
5558,1641
322,982
1203,2717
3820,2729
5711,1883
5797,903
979,757
1084,3025
2080,546
2089,100
3599,286
3661,1918
5814,1072
2212,665
1701,1681
161,1064
2081,1902
5001,969
5739,898
2079,1075
1683,1075
4534,2257
5267,1842
1406,43
4924,722
2522,2584
15,2178
2587,727
3712,1102
847,1742
4282,2386
4700,2145
168,141
5880,2981
572,2
3891,286
3729,1456
5293,969
5334,970
4336,2622
5031,969
5072,970
5163,1088
5342,2551
1608,2779
1596,1456
1983,1902
3117,1831
1334,1456
5675,482
2934,2878
3357,2981
3280,1071
205,181
788,2451
2474,2139
5108,2320
1868,3083
5242,2320
352,608
2669,2580
553,1830
5425,2936
3918,15
1743,1102
5434,46
120,2702
2792,2421
5431,2192
5760,970
1365,927
5061,969
2834,2832
3923,1298
1364,1456
1102,1456
541,665
1115,1691
3064,1015
5039,806
2723,722
3991,651
5442,1950
5511,1555
3236,718
4248,2936
5132,970
724,722
545,2477
1106,824
906,1702
4502,574
2611,2386
4433,2689
5095,1088
3267,970
2773,435
2919,1950
3468,2946
3072,2946
1656,1641
5040,2320
1776,2689
2101,2257
5697,2095
5301,2095
3040,964
4112,15
3857,1186
4700,2629
908,435
951,1071
1030,2118
2883,980
5039,2095
3349,2473
5333,852
5620,1848
5224,1848
1012,2478
3620,2936
72,1102
3881,1021
4527,2859
2667,574
4704,1997
208,1902
2909,2551
5010,1515
5007,1217
599,969
5566,2901
3625,1186
4895,2696
676,435
4468,185
108,1671
5476,1695
4443,2572
1760,1940
5072,299
734,1544
3327,970
5821,2080
1012,734
5174,1515
2610,1329
2703,1520
3205,2670
1023,2586
4397,1823
1267,2946
3044,1032
105,969
1029,1088
4814,2111
5891,1506
3367,2439
3038,1217
3239,2439
1515,15
2776,1217
2819,1853
3516,1027
4270,1489
4328,905
4763,833
5945,1742
4474,730
5709,2963
3493,1797
3097,1797
5817,2496
607,806
4862,2532
1438,734
4031,160
1176,734
3841,2480
4264,2583
5054,2702
3980,2824
5484,1532
5627,120
1363,560
2841,299
1781,1073
4040,1377
1201,2484
494,2622
1877,781
5205,2871
5077,2871
3532,1910
4382,2080
4762,1547
5240,2111
2698,1684
5009,2178
1325,1207
4620,905
5303,181
3059,2629
4492,905
1004,2320
603,1976
937,1098
1728,2351
2143,2593
3521,970
3958,971
4818,1829
1607,1078
4943,777
2763,1520
3238,1813
3217,936
1677,319
1357,903
961,903
3403,160
5122,2240
5529,120
1188,1848
5792,2974
3942,1377
1060,1848
946,2500
4561,1614
1821,2700
3294,2095
381,1001
3089,2629
4460,27
4957,833
5023,2584
694,2629
2110,1490
3559,299
1370,734
4388,1844
5369,777
4140,1742
5940,1532
2116,2244
2608,2706
2140,386
3991,1619
1090,1848
4822,1547
2685,2926
4896,1496
2757,2240
5870,1702
902,2551
4374,3077
1062,1520
1509,2963
1905,2963
3138,2871
4309,1147
742,1515
4512,1506
3125,1131
2075,2593
3644,1696
2099,735
72,1720
2553,905
2854,79
1694,2901
3132,1521
2523,2194
3275,1829
1750,2244
778,2111
5852,722
57,2351
1884,2244
2206,43
1512,386
5079,1738
1037,1813
2525,2240
4755,1614
3017,2702
1066,299
1895,1844
2291,1844
2755,2702
3853,2974
551,2859
2003,1377
1781,2496
5279,79
4735,1147
3288,721
2665,1496
1168,1515
3069,2111
1687,2080
2759,1131
923,1684
2277,3077
2494,1614
4507,2451
2972,2178
4648,1902
5104,455
4541,1281
1402,2850
5442,2702
3747,2174
3346,1830
2339,3174
5230,2257
4968,2257
3614,2584
3230,1655
5511,1718
2689,2240
805,1813
1925,1844
2644,777
3181,2702
4950,927
3931,1702
2735,895
2919,2702
4065,1702
3669,1702
5457,2421
3755,722
1191,536
2829,1496
695,2584
1325,536
2703,3077
5607,2365
5550,1831
3334,665
1286,3025
1360,2974
5727,969
5713,1071
1052,2629
3913,1281
4309,1281
2941,1902
2215,1044
5804,435
5861,969
2679,1902
2455,2194
660,1058
94,2367
479,2178
2014,2451
2986,2584
773,181
3394,1655
4980,927
1260,299
1344,936
5453,2837
1841,1742
3699,1702
812,1829
4456,927
5010,2267
4151,1045
2489,2717
2859,1496
4120,2698
2960,2302
1212,2702
4305,2451
5196,2622
3957,1179
4339,1281
5891,969
5280,815
2064,2164
5481,2791
1587,1044
3977,1831
954,1131
563,1475
5477,1329
2944,2708
3744,1071
1648,2451
3573,435
660,2347
3972,706
1871,1742
1284,2174
3925,2580
4290,1015
4536,482
4644,2267
750,2240
1328,2
2763,3077
1577,706
4015,2473
2819,1666
1114,2702
2487,927
1494,2923
5111,1918
520,2717
100,1377
4121,1179
4702,2622
5901,2946
502,3077
4141,1831
457,1614
240,3077
1169,130
3908,1071
3603,435
284,905
826,3174
3646,1071
5413,2633
3250,2791
1697,2878
518,2240
1406,2702
1860,2118
748,2702
5901,852
3420,2421
3086,855
1155,2302
5933,1329
532,3077
3832,2365
4171,1831
344,3026
4241,1072
4084,2586
2534,1281
5247,1001
1300,1902
5047,2633
1038,1902
2516,1641
3018,2791
2278,2981
418,2194
1514,1831
3504,964
5696,46
5837,1217
4314,15
4209,2473
1358,2257
3450,2421
3572,1098
4062,3177
1431,1015
4826,1883
4103,734
536,1102
1451,2421
927,2421
3458,969
674,2729
3337,2894
2377,2586
4118,1015
5009,1186
2180,2981
2060,435
1459,969
3751,1221
3931,2320
5889,2696
5906,2111
3676,1047
1888,2580
4870,1027
1857,1015
1461,1015
5940,1695
4133,734
614,2082
3780,3090
4320,560
5213,1366
1615,2421
3927,1797
608,2267
4383,1848
3161,574
1977,3002
845,1456
2027,2365
1574,1831
2279,2586
4824,1032
4975,2891
1885,969
1489,969
3046,1001
4562,1032
1005,2088
5523,2696
5198,2936
5657,2696
2223,964
4227,2439
1887,1015
3258,1823
2599,2941
3941,1853
3299,2386
3980,1027
4195,2901
2008,2473
4279,1848
2541,2936
4613,970
2279,2936
22,1015
1505,1098
5471,1001
5350,2926
2141,3002
613,1456
5549,1823
3472,1001
1257,969
2609,1535
434,2622
1186,2257
83,1641
2841,2824
2693,482
5869,2178
4668,1027
5480,905
2935,15
749,2633
5818,146
2273,1027
3926,1329
1909,3002
5816,2702
2444,1848
2382,970
4446,2496
1858,970
5652,1547
3174,2633
2857,2926
340,2586
4421,2439
5899,2178
4898,970
2972,1186
1277,2910
845,1001
3291,2629
4716,1044
5201,2779
4561,1695
2735,2936
5333,2706
4285,1797
966,15
711,1186
3617,1109
1516,2145
4835,1675
5248,1844
1569,1217
4224,1521
5000,1742
4368,2963
3556,833
3499,299
2152,1797
2866,386
4872,2496
2150,970
1754,970
1880,1109
5360,1496
5040,2080
3259,2532
3847,2702
5588,1131
4158,120
242,2586
5801,2178
2740,1186
4388,1336
5644,2194
3765,2111
1602,1515
5778,2194
4067,1695
2522,734
2601,1027
5280,1917
4975,1281
813,308
3848,833
2158,2901
2313,560
3309,2245
3791,299
4270,1465
5390,1496
261,734
302,735
5615,1614
3877,2702
3151,1844
1294,1520
5136,3077
3166,1186
2863,1377
2641,2496
2536,982
4437,824
5122,927
1894,1515
2355,1910
2670,982
5395,2779
5808,2194
5906,2729
1370,1515
3760,2302
1117,1823
2354,2439
905,1186
2092,2439
3804,130
4301,936
5194,1742
4798,1742
2649,1044
3530,2779
3060,386
2664,386
4006,2708
4340,1830
4474,2584
5682,742
1836,1695
26,1217
1416,1109
2285,1521
5296,706
3766,777
442,903
5034,706
2563,2963
2090,299
2919,1844
1171,2244
3595,895
3645,2702
2805,2496
4142,1064
3481,1547
2058,1515
5934,1902
4045,1131
5693,1281
2542,3025
1931,2871
3545,27
766,1377
4773,1281
4873,2451
3443,2194
578,2080
3933,1075
2909,1506
1997,2178
1212,905
1735,2178
3980,2584
2053,1521
2091,1813
926,319
4192,777
1829,1813
1433,1813
2567,1742
3809,2702
1519,833
1462,299
115,1797
543,2244
433,386
2305,1742
1847,2584
5212,2267
1976,2240
1212,1844
2991,757
5711,1456
1318,2240
4348,2421
2467,1511
5461,1281
4301,131
1988,2974
3528,1147
4225,1075
3705,2729
1819,1475
3309,285
4143,2174
3505,1917
707,3025
2731,1742
3865,1671
5047,2580
1702,1829
597,386
2273,2584
17,1797
3372,1738
5638,2267
990,2532
758,2963
362,2963
1615,140
2236,2702
2571,706
3941,1666
2151,120
2724,1702
1743,2769
2462,1702
3572,1045
3558,1147
342,2496
5643,1298
376,2080
4662,2365
498,757
2332,131
4818,2878
1399,2178
3364,1281
748,905
4585,2118
1424,3174
612,1044
4110,2791
4500,1256
446,1506
4918,1015
3627,1102
707,1281
1686,141
3790,2786
2950,2580
238,1742
2523,1015
3946,855
663,982
2182,722
5260,1883
3763,1902
5394,1883
4635,1831
5891,2689
767,3025
371,3025
841,2974
4810,2586
156,2871
5646,2858
1174,905
2189,2832
2160,1902
5260,2822
865,2779
2374,1831
1512,146
4993,2478
266,1696
5698,15
837,2451
3657,1102
4935,2473
2846,2580
3180,1702
664,1742
4499,2320
4807,2473
2656,1702
4963,734
5839,2125
5376,903
3540,1456
5188,852
523,1702
3532,2504
1787,2421
1505,1045
1957,2832
4956,2946
1692,871
1270,1902
5857,2115
1129,2451
5869,1186
2524,435
5651,734
1316,1496
385,2118
5576,560
4956,852
2079,2421
5095,1950
1817,2421
5181,970
4785,970
1602,2267
1987,2832
3455,1883
4988,1329
1777,3022
1309,1456
3279,903
4330,1329
1047,1456
1343,286
5082,964
5899,1186
897,2451
2483,969
4102,2633
2959,898
5046,1684
5400,2936
1429,2689
2530,2478
5419,734
5023,734
732,1071
4489,46
5802,2192
2039,928
2868,2473
3248,1940
3797,2936
1894,2267
5531,386
4877,1848
803,722
455,1702
5085,2551
2160,2386
3357,1883
4368,2910
2775,969
2761,1071
5452,1032
2117,969
1205,1641
3870,2633
2560,2478
1882,1102
4965,1853
3795,15
5806,217
3674,1940
5816,905
3431,2936
695,2478
2870,2145
3188,734
4733,1695
254,1015
5041,1848
309,722
502,2837
2661,1217
5299,386
5927,1675
4734,2859
5816,1844
3672,2244
3242,970
5702,2496
3900,2633
5474,2080
3726,2480
3954,2115
5088,2044
4752,2095
3595,2936
5159,1695
329,2478
3020,2439
5329,386
2956,734
4909,1520
4971,2398
42,2421
3146,1797
243,2145
2748,970
652,2350
2839,1088
3018,2551
4348,140
793,1831
1257,2689
5939,2974
4657,895
1333,1021
3239,1207
2843,1207
5445,2439
5116,1217
816,2192
255,435
1046,964
2613,1684
3759,2936
4927,1695
3382,734
2986,734
5529,43
5682,1039
5890,1742
4651,299
5876,1844
3866,2244
3470,2244
3890,386
194,1098
276,908
3726,1675
5133,982
319,46
3877,1844
463,734
1272,903
5394,757
5573,2974
5936,3026
2197,2910
1237,1848
1223,1950
4268,3163
1360,2413
5051,2111
720,1329
4393,2111
4957,1695
2870,2629
2813,2095
3209,2095
5755,1675
2947,2095
1703,308
5423,936
2289,2095
1713,2716
4815,299
3896,2244
1528,2936
2853,181
3658,386
4933,2240
4938,2584
889,734
493,734
894,1078
2816,299
4409,2240
2580,1520
4364,777
2554,299
5281,2923
1635,2244
1525,386
3491,1377
943,970
5434,721
3625,1377
60,2572
342,1504
681,970
2522,1515
4905,1131
1190,847
488,1329
510,1088
4378,1614
4643,1131
2590,895
174,2859
5337,2451
4286,2779
4205,905
4659,1075
1070,1684
717,2320
4793,1829
1558,2936
1522,1027
3939,1917
4706,2584
4718,1655
2433,130
3658,1675
4790,777
5454,757
3057,2963
2245,833
1672,971
1040,2192
4445,1496
2948,1515
465,1695
847,2551
2382,2824
2841,2584
4209,2717
215,1520
2670,2702
4729,2194
1377,1962
5456,2708
3888,43
4160,2451
4882,1655
1174,852
2091,2244
2824,1075
3531,1691
5845,1702
1433,2244
1065,1848
757,1695
36,1181
5024,18
5614,1015
3358,982
4371,2082
598,130
4710,2302
324,1813
2225,1655
2912,141
458,1813
1277,2670
3046,895
960,2963
3899,3026
4207,927
5372,2421
3809,100
4986,665
3733,1044
1183,2
4206,1456
5861,1831
1463,3025
2177,1614
5162,1830
2961,1696
2889,130
5380,969
4762,2088
1338,1044
2236,2194
5942,2924
491,2111
1169,1797
2726,1829
1487,386
2330,1829
4109,742
5427,2478
3245,2394
394,2178
2808,141
306,79
846,1521
4965,1666
3929,3026
5402,2421
574,833
178,833
5140,2421
331,1829
1079,822
1232,2496
2402,2082
5186,1076
5463,3074
2438,1547
3353,2866
328,777
2489,546
3413,665
104,1823
4600,1918
553,895
658,3163
3858,1281
3958,2451
5396,1071
5806,969
783,2111
5339,2257
5392,1329
1324,2435
259,2111
1687,43
3263,1071
3392,727
315,3174
1289,936
3658,3098
5929,2473
208,833
3408,2923
5915,323
2670,742
3413,1015
1553,982
3468,722
2012,742
1639,2
4393,2729
403,2240
4534,1456
795,1532
1657,3025
2039,875
321,895
5178,969
5816,2946
5487,2478
3023,2708
461,905
1727,2451
218,1147
137,27
3870,2580
1024,2708
525,1829
209,2532
663,2702
959,1532
427,1671
43,742
2261,1045
1285,1702
5702,1504
934,721
2460,2194
674,2302
2797,1025
2818,1902
3952,1831
4619,574
5015,574
1074,2421
2354,455
1361,2451
3457,1071
3343,969
3900,2580
3905,2924
5303,2145
4491,15
201,2240
1612,757
827,2702
4657,2936
1639,2580
4261,2936
1181,1702
5504,1088
4217,1883
215,3077
5361,2500
3998,1021
3767,2586
3373,969
3046,574
3111,969
3221,1329
5583,2320
2319,2689
5710,2095
3886,1719
4796,1940
1864,604
3758,2473
2469,2633
4687,2936
1803,2580
3613,806
2522,2267
5896,1504
4053,1078
734,1548
4509,1883
4247,1883
3545,2365
3803,903
704,2837
1012,738
2877,1677
872,2421
261,2267
364,1456
4851,1997
4954,1186
5038,1823
136,286
198,1918
965,1831
5642,806
1404,969
1743,435
5812,1217
1128,1071
5426,1181
4455,2936
5885,1695
126,2981
1802,1015
1480,964
4472,2351
1144,1015
3751,339
5769,1520
5817,2500
4303,852
5743,299
5245,1520
4333,2192
3932,1848
3870,970
783,2729
2610,2622
72,651
4148,160
3833,1088
4965,2634
3153,1329
2117,2689
2224,2586
1604,2878
4715,15
5642,2095
1306,969
1154,1329
5309,1131
3053,1098
1248,964
3643,2095
766,2910
4242,734
1557,1719
1953,2473
2192,15
1211,1082
3878,2901
1383,2320
3630,1109
5593,1829
5768,2584
3433,1504
5718,777
1284,1560
193,15
5456,777
2543,2689
4475,1844
34,1456
4361,2496
5839,2235
2236,2946
1336,969
940,969
3614,1515
747,574
1184,1329
2297,2633
5387,2111
4613,1027
1674,964
1295,379
3747,2044
705,1102
2229,1186
118,1534
694,2633
2115,1838
5042,386
4646,386
5675,299
1547,2320
2388,2936
3804,1797
5163,1844
5173,2532
2594,560
326,1456
4949,2824
3887,2963
4243,1844
2495,2244
4305,1032
2266,2946
1366,969
1894,1088
2816,2824
3516,1515
5765,1131
4032,2563
3001,1823
2760,2700
3940,2974
2013,1719
2393,1186
3535,2696
4846,43
3848,1695
1315,2320
2382,1027
5391,1829
1872,925
781,2386
4102,299
5912,777
2608,27
132,1940
1237,185
2950,3174
4189,1207
4535,1844
4669,1844
5555,1671
5650,777
732,1181
4159,2496
5680,2871
2536,1844
643,1109
1711,2670
990,2910
3941,2044
4852,1147
1325,2634
3844,2111
3534,1131
5299,146
2761,1181
3351,2178
1754,1027
679,15
1606,2095
4567,1917
3034,27
1640,925
3541,1521
3066,2194
3212,299
466,2351
2293,2244
4876,982
5099,2717
5696,721
3330,2240
4352,982
2344,2963
3822,2702
35,852
1184,1813
1239,1520
2452,1742
3906,895
4322,3025
3923,310
3711,2871
5357,2194
959,2634
3208,1496
4961,2194
5193,2729
5255,1917
4085,79
1970,1217
2133,2901
526,308
1811,2850
3253,2178
3695,833
5231,742
1385,1695
4035,1655
3756,2240
1519,1695
4845,706
4509,757
1269,1520
2112,2963
3624,1532
1038,833
4849,3077
458,2244
3842,2923
4274,2580
2073,2
5619,2729
383,2824
5858,1025
2248,757
3463,1614
5080,2451
3853,79
711,1377
3126,2194
3260,2194
2458,1506
1467,1131
1546,2178
1284,2178
3803,1655
4653,1071
3954,1070
2908,1742
2512,1742
2197,2670
3262,2240
4074,2118
4900,1702
5523,927
1221,1075
5643,1221
4242,1702
548,43
959,1829
2136,2394
1530,2584
1874,2394
5513,1902
895,1844
2853,2974
3276,3077
2954,3026
2969,1614
1047,895
345,1377
1644,2871
2573,1614
4452,2451
5477,2622
687,2080
334,2716
3290,2194
2839,43
1106,1475
3883,2708
5418,2981
2453,2451
663,905
1525,146
616,2779
4730,2580
4334,2580
2579,1809
4358,722
4457,2421
5062,286
1963,2974
268,2
2556,1044
3029,1456
1262,1614
1265,1131
98,2974
2221,2451
5571,1102
3807,969
1004,43
5613,2267
561,1917
2056,1071
1736,1655
2297,2
2202,896
3074,3077
4588,2473
1713,1671
2067,2923
2437,1702
3963,2421
2256,2822
4696,2006
2175,1702
2956,2267
3844,2729
3455,1456
2066,2698
473,757
211,757
1030,1614
1830,2421
887,3026
5178,2689
5216,2981
4495,969
2385,2451
3427,2791
4542,2478
3358,742
1754,2584
5856,308
386,2451
5119,15
4974,1354
4356,2473
2467,1702
2267,2580
2005,2580
3194,2216
1790,3180
3223,1456
581,3077
4628,1848
4989,1073
4973,2822
1253,2194
4245,1329
3930,2257
1846,2708
2658,2586
2603,435
2067,2118
2201,2118
4818,2130
2693,2580
4207,1976
2266,1015
2400,1015
5017,1027
2420,2421
1855,2612
2634,2350
4468,970
1642,2504
5666,1823
1622,2791
3523,2633
4338,2028
5496,2351
754,2981
2387,379
2941,1719
4706,734
5181,1027
3314,15
5485,2192
4760,970
400,1702
1976,1976
4956,1848
892,2164
933,2165
2523,2145
2841,734
1843,2386
4768,2551
5734,2115
3595,2859
610,2451
1417,1231
2895,970
4870,1515
1934,969
2507,2551
2044,1329
4272,2320
2460,1015
1169,1102
3089,1186
140,435
4949,1027
631,2924
3133,734
5361,971
199,1015
2126,2832
3272,1078
4490,2398
1083,15
4536,299
3187,970
5019,1207
2591,1848
1927,2622
2529,970
2329,1848
2663,970
4989,2496
3980,1515
4331,806
446,1831
4818,170
5098,2439
3224,2700
4697,2095
227,969
170,435
4674,2111
1322,2633
4338,2162
2444,1047
229,1015
5506,1675
363,1015
4962,299
4566,299
5543,1742
4304,299
3017,1848
2955,970
88,2473
4252,1829
5281,2496
2433,1797
2894,2946
2431,970
4668,1515
3439,2480
2238,1329
137,2365
4340,895
3629,1823
4761,925
432,970
129,969
239,1329
2773,1838
176,2478
2867,2439
2800,1217
2748,1027
3514,560
5835,1742
3288,217
5337,2963
3353,1366
2723,970
5049,2496
4490,2532
5426,2
4407,777
4190,2240
5212,982
3474,2824
4816,2702
1261,421
1366,2689
2942,2963
3298,1844
1046,1021
5389,120
5545,3077
4552,2629
5941,3077
25,969
5821,2194
269,1329
7,1329
4167,1475
141,1329
2326,1684
3508,2593
5700,1675
5910,2451
3979,2178
2434,1217
2993,2901
911,15
2239,2439
3127,2901
3318,217
1186,1940
3956,2194
5150,2174
4293,833
2889,1797
3603,386
2557,1058
4050,1829
5506,1809
4184,1829
4621,2584
834,734
569,1217
4662,141
4705,777
5622,2923
5575,3077
4890,2974
2237,299
1984,2859
5360,2923
232,1797
1760,899
230,970
1407,1535
2847,982
104,2551
4009,2178
4143,2178
2078,2871
3484,1044
4220,146
2224,2696
3931,43
4046,2245
2327,1131
2671,1695
2962,181
864,734
468,734
2013,1695
3259,1865
762,2901
681,1027
2634,1813
2529,299
3372,1742
4389,2584
4797,1655
5390,2923
4949,706
2005,299
718,1848
4450,1547
5728,2164
3792,1547
2519,2240
160,1520
4262,1496
1058,2670
2615,2702
373,1813
4635,546
4891,2421
5502,131
4500,321
1199,3060
4112,1902
4943,1830
2405,2111
3974,1968
3301,936
1912,2178
3447,2451
2065,3174
4460,141
4565,1655
2693,299
5360,2118
5790,1702
1378,2244
3274,1742
5132,1702
4932,2580
4956,722
1193,212
1372,1675
1785,1844
2153,2240
568,160
3844,3026
4474,978
430,2670
4527,2302
36,299
2875,3164
4659,2421
3267,1702
1147,2496
1176,982
5035,2708
5374,2174
1050,2563
3880,1902
1509,3077
1146,3025
5585,2586
1361,735
884,3025
5177,1071
2141,1075
436,2111
40,2111
2774,2708
3378,1691
2579,2240
2188,2584
3157,2
2200,1655
724,299
5844,2473
3369,824
4704,2729
762,2
2820,2302
2121,1547
335,1655
5044,1831
2155,1131
1673,3077
3301,131
5603,1071
3846,1917
5355,969
1048,3025
5093,969
4697,969
70,2111
4941,1329
1909,1075
3342,1071
3159,2118
153,833
2603,1671
3785,2580
3661,824
440,1829
3523,2580
3127,2580
3980,2267
5604,1831
1454,121
3687,1456
5657,903
1018,2974
889,120
5488,1848
5560,970
18,1547
4166,2622
3034,1076
4211,1641
5367,1329
3004,2365
5767,482
65,2302
1101,1696
2336,1677
3518,2586
2451,2189
5023,738
606,936
2633,1671
5072,2320
5401,1098
2909,2478
5913,2936
5949,903
608,2702
3247,2473
869,757
5365,852
1719,927
2273,2267
1230,1702
772,824
2792,2832
2186,3022
5135,1329
2248,1456
3034,2365
2977,1831
95,2302
127,2779
3764,898
1141,1071
5556,46
4611,3022
5304,734
5598,2901
3277,2473
192,141
4144,2058
806,1532
1883,927
4954,1109
5754,970
998,1702
1316,1045
2178,286
1768,1354
2143,1231
1470,2451
5896,2716
1787,815
4578,2700
4838,1873
5199,1098
1567,1071
5223,1684
4211,1186
5266,2320
3965,1719
4044,2012
5054,185
647,1071
5783,560
4396,185
590,2257
4370,2936
5252,1109
4202,319
4689,2689
3224,903
421,2421
555,2421
4509,1001
3523,970
3127,970
1867,2622
2676,2791
4529,1653
174,2729
4577,2633
4897,2049
5229,1098
5253,1684
5614,2629
1087,969
4400,2936
1530,2478
5876,1848
5158,1797
1223,1015
3365,734
1734,1719
194,1102
5696,160
5771,2963
78,927
1877,2936
5129,1244
4299,2480
2458,2689
465,2504
4885,1823
1232,3171
5191,2095
1103,1071
1292,970
459,969
2212,2633
1515,1015
1174,722
2444,1478
5470,1695
3823,2901
3766,2367
2582,2351
3249,1848
5909,2496
737,1098
5451,2584
1003,1217
3861,160
4327,1653
4430,2532
4781,1823
5901,1100
4540,2700
1248,1021
954,574
4004,1377
3491,2320
4936,2111
5108,905
2508,308
5469,130
4846,905
3017,185
4918,27
3591,2901
5306,1829
4067,386
505,1098
3239,1695
1799,3002
4490,2963
5431,777
5481,2584
3225,299
5310,2702
4954,1377
2727,1520
5260,895
5394,895
5621,120
1674,1021
2068,386
5824,2923
488,2622
1622,2551
5947,1044
3521,2320
2101,1997
4790,1131
2402,2891
3885,2974
979,2859
2338,1186
5335,665
5010,905
2888,1064
364,1997
882,2926
4567,2779
5598,1075
2363,2936
1683,3177
3531,1695
2414,1181
5855,2394
1094,2782
1459,1217
1521,2095
77,1186
1462,734
1875,903
3735,936
4614,1844
128,185
3970,1742
3734,2963
102,2936
1578,1848
3842,2496
3135,2634
4133,982
3250,2584
2527,1997
2615,1844
1061,1329
25,2689
5478,1131
3390,120
1872,982
874,2634
4778,905
5475,833
1643,1684
3131,2111
4163,43
4755,1675
639,1047
1489,1217
5740,727
1786,2901
2359,319
5504,2702
3214,833
4134,1742
5268,1671
5930,824
1286,1797
3309,1070
1626,1865
4078,120
1158,299
1987,1844
3935,1532
4162,757
273,1074
2269,2496
1522,1515
405,1001
2757,1496
4749,1456
2851,1131
4487,1456
4523,1675
1744,3025
932,895
1257,1217
5734,1070
130,15
1816,2901
3170,130
5770,727
2277,1044
3667,936
322,185
1296,2111
5726,2118
3135,1829
2873,1829
1464,1695
5206,2082
5182,1496
3776,1071
2723,2824
1534,936
3060,1655
5056,3077
1188,299
2151,1844
3011,2702
1903,1742
4938,2267
2259,1377
3310,2769
1775,2496
5564,2729
2525,1496
4517,1456
2170,3025
4663,1281
2519,927
4501,2451
301,1186
1483,2095
5805,1071
4645,1641
1098,1695
5231,1738
3474,2584
2445,1917
3608,2584
2140,1281
158,319
3699,2702
956,299
433,2244
2329,1742
4249,2580
4645,2580
457,386
4944,927
489,833
2067,2496
4321,1702
4706,2267
2096,982
2877,1547
3663,1702
5267,2334
1304,2702
4547,1456
3299,2179
3452,2421
4531,2451
2841,2267
3632,1076
2302,1989
2305,1506
302,3077
257,1614
2475,1917
3927,435
608,905
1728,936
1874,2451
2270,2451
3545,141
3525,2118
4432,2822
3986,1015
3645,722
457,1675
2593,3077
2727,3077
163,2891
1694,1702
4863,2227
4,2080
4997,2981
819,1475
1027,2178
2300,2451
677,79
1100,1902
255,386
1201,2708
2999,1671
4914,2165
244,1917
5562,2386
1357,777
5433,286
734,1552
1236,2702
2246,121
1048,2651
1012,742
1858,1702
5763,1329
362,3077
1513,2421
4190,2484
3221,2622
3455,574
311,1045
2212,1641
481,1456
104,1506
455,43
2427,1071
255,1675
2889,1102
2236,722
4350,2365
582,757
260,706
4742,903
2510,1456
1939,2421
89,824
4151,435
1415,2421
4383,970
1296,2729
4608,1088
2089,2365
5394,1997
3532,1329
5581,1823
4855,1719
3053,1102
1508,141
4290,1910
5682,185
1614,2257
3095,2267
1949,1015
2004,722
2083,1015
88,757
1707,2421
2070,2473
4279,970
5129,386
4475,1848
2011,2832
5839,2239
1100,2386
3906,2859
177,1179
2469,677
1419,2139
4306,2012
4992,1027
2113,1015
5684,1520
4767,1848
2767,2936
4109,1848
3935,1695
3911,1109
5852,2824
1810,2145
5194,2824
4662,2963
839,1456
5379,1823
2535,2586
2182,970
1184,2622
3698,1001
3851,1997
1483,969
4799,982
1989,1329
5456,3009
5094,2593
2188,2478
3941,170
2264,2473
4535,1848
2895,1027
2499,1027
742,1873
2158,734
4586,1813
4897,1675
766,15
5310,1844
2361,1093
2536,1848
2608,970
3728,1001
5290,1377
4631,2495
4963,982
3607,2926
2220,2551
5487,2856
5067,3025
5650,1131
4303,2629
631,2981
115,435
4223,2111
4340,2696
5212,905
5329,2244
3240,2351
5389,43
2663,1027
4927,1675
557,1719
510,1873
4519,160
3910,833
4333,936
4645,299
1384,185
3801,1829
962,2936
4110,2584
2183,1329
5359,3025
522,1883
5097,3025
3889,895
3309,2306
4513,2974
2703,2496
5900,905
5638,905
3991,2111
773,2633
4094,546
5615,1675
3894,2178
4293,1695
1363,1186
967,1186
3839,27
4305,1520
4279,299
1101,1940
2823,319
4105,2398
4122,1813
4384,1813
443,1940
1713,2696
2730,1848
4994,1742
3965,1829
1126,2936
1864,2865
2406,970
2726,386
4880,2394
1898,1695
4897,1809
814,1883
3109,1844
1648,1520
3243,1844
2890,2480
3919,895
1324,642
2733,2496
5768,2267
2382,1515
3543,1547
5883,2779
5583,43
5459,2451
5063,2451
2723,1027
799,2891
300,2012
2117,1217
2179,2095
4333,131
5212,1039
5286,1742
2361,1577
3137,1044
4047,299
1877,2696
3152,386
4432,1830
4129,1829
1928,1695
383,734
3518,1675
4992,706
3679,2532
2048,299
3273,1844
5052,757
1843,833
4563,1532
867,2244
5413,1702
2763,2496
177,1797
3515,1377
4217,895
175,970
3647,1496
1754,1515
4,1088
3445,1547
4137,1131
3030,3025
5919,1281
1225,2891
4322,130
5170,1917
3699,905
3738,79
3669,2194
1876,1131
4037,146
4262,2708
2694,43
2183,1813
5684,3077
2007,833
1554,299
2956,982
2560,982
3475,1547
686,2963
5803,1456
820,2963
4421,2179
3378,1614
921,1325
4358,1076
2216,2111
4950,2708
4055,1075
5827,2981
3542,1456
4171,2189
945,2850
3030,1281
5540,2924
2068,146
1383,43
4815,1702
1928,1829
1841,2584
1468,1844
1072,1844
377,299
5571,1456
5867,286
2902,2974
3833,100
1157,2891
656,1377
5565,1641
1976,1496
4980,2708
5437,1641
1825,546
2219,665
2021,2178
2764,2451
3103,1917
1933,79
4612,969
1174,27
2502,2451
1370,905
351,1680
119,2111
4133,742
4931,722
4029,2082
1508,2532
1604,2240
854,1742
2096,2702
3304,2580
2526,1532
1053,2891
1650,895
886,1465
5385,1831
493,982
1104,2856
3991,2729
3998,1456
5882,1883
3340,1456
1838,1131
859,3025
231,2702
527,1532
960,3077
1583,2302
3078,1456
3090,1281
4861,1831
1392,1044
5079,970
2252,1902
2553,1076
3258,1831
2862,1831
4818,2134
5685,1719
1621,1281
5707,1478
5662,15
2842,2118
2422,1532
2723,706
4068,101
890,2496
2810,2580
2779,1015
432,2584
1648,3077
1252,3077
3370,1456
261,2702
1634,927
4062,286
4944,903
5505,970
749,1702
1449,1147
4245,2622
5334,1088
1624,1902
5050,1329
5072,1088
5254,2822
8,1475
390,79
548,665
3913,1102
2545,969
320,249
3517,2822
3902,2633
2474,2257
273,2123
4483,2386
3693,15
1566,2082
5718,2367
814,757
3830,286
4974,903
1022,706
5406,560
1175,1702
5876,1456
194,2769
913,1702
4275,2622
4877,970
5543,2551
2609,2832
2213,2832
4684,1329
5212,2946
1535,1456
4430,2910
2837,969
158,79
2823,1071
1023,1281
5457,498
61,146
4011,2926
1284,1056
4785,2320
5852,1027
399,1831
3737,2165
3833,1873
4647,2386
562,1071
4268,1801
355,1532
1267,2580
5274,2484
809,1702
5365,1848
4969,1848
3517,1078
485,824
5041,970
2064,2335
2079,1677
2605,969
2044,2622
2534,2257
2983,1329
5739,2439
4259,1873
4961,2145
3491,15
740,969
5333,970
5469,1797
1754,2267
5133,1848
4732,1504
3755,1027
5508,971
5529,1848
1984,2729
3018,734
5908,1844
1238,2350
3468,970
849,323
3072,970
976,2350
2143,2227
1812,2622
4071,2926
5112,1910
5181,1515
3013,1329
3818,2480
2751,1329
4320,1186
3623,2012
3662,1186
5178,1217
1012,2946
664,1482
41,2257
1894,1873
3444,734
5371,2551
5049,2500
3941,1540
3595,903
5214,1813
5690,1742
2121,1283
3303,2192
2238,2622
3752,2018
5593,1809
4607,2532
56,286
5300,806
2991,2859
4152,2891
1194,2586
1237,970
239,2622
3563,2496
2513,1514
276,969
847,2478
5150,2178
2443,1684
3474,734
614,964
2082,15
3446,2850
1407,600
3661,560
4699,27
5485,936
5350,2963
4877,299
4354,2244
2012,185
468,2832
4771,2532
349,2386
3969,1844
1407,1539
1438,852
2983,1813
3623,1207
4963,2702
1176,852
5798,120
933,1848
269,2622
5530,2484
7,2622
745,1797
731,2653
2266,2926
4270,1957
4705,1131
5839,1060
3306,2439
424,2910
5183,1695
1477,1719
1857,1186
5847,1675
4133,905
4348,2779
1743,1838
4702,833
5884,1742
5562,1691
2016,2936
4208,2018
5030,2584
3170,1797
4378,1675
2838,1058
658,1801
2526,1695
4980,777
1060,1027
3737,1844
5389,2702
5769,2923
4943,895
4241,1377
5903,2923
4507,1496
714,1329
5485,131
5354,2866
5650,1696
1734,1910
5601,2421
1625,1186
5333,299
3631,1044
4608,2487
2767,2696
2784,2111
3462,1797
2753,546
4078,43
3816,43
5194,2584
1567,2901
4165,1917
3043,1813
2236,27
4163,1844
5672,896
4973,895
5754,706
360,1181
2177,386
1065,970
1977,2018
2758,1829
1199,970
1240,971
1335,2551
4301,2717
2164,1844
2945,1655
4765,1131
837,1520
1640,1844
2313,1186
582,1001
4955,2194
1560,2080
3747,64
4280,2779
1694,2080
4559,2194
2783,546
1064,1684
1874,735
2951,130
4195,1917
3890,1281
2811,1813
3186,936
5187,2702
2298,2194
4975,2257
5675,1702
4305,1496
1129,1520
1631,2670
4286,2974
1237,299
550,1813
1314,2963
1448,2963
3991,3026
1422,1742
5598,2421
1847,982
527,1829
2440,1496
241,1997
3192,1131
5456,1025
681,1515
2978,2111
1763,2974
4225,1917
4316,1281
3963,1917
1103,2901
4109,1742
5671,2118
3183,2708
4719,1671
3623,536
1042,181
1613,936
231,905
2956,2702
1452,1742
3792,2974
1913,2891
3902,2580
3107,2871
4851,2729
9,1997
816,777
1124,1684
2965,1475
4200,1456
2433,1614
1397,2974
4892,286
5267,163
48,2891
5721,1831
4941,2622
5240,969
2754,2194
2031,1045
2850,1902
334,2696
699,1131
3290,2174
4126,2446
1318,2866
1970,1331
915,1695
1732,1917
958,79
261,905
2986,2702
849,1075
5759,2473
3546,824
4157,2698
4888,1456
495,2240
1021,1532
4364,1456
2564,1666
3397,2421
5532,969
5871,435
107,1377
5666,969
4014,1831
5514,1329
4115,1883
4803,2257
2365,1456
2420,1917
4500,4
3519,1071
3653,1071
418,2178
4110,2478
2914,1671
4034,1702
5548,1098
1060,2584
4656,1456
5172,2504
2493,1614
755,2702
1765,121
1412,757
493,2702
519,1671
2816,2267
4554,1179
665,1496
1869,2164
5544,1329
3746,2174
3782,1831
4178,1831
5678,1329
3683,1071
4120,1072
3831,969
687,2194
263,146
3358,722
5316,1098
689,2240
3423,2837
1040,777
1181,2702
3195,2421
4324,2006
3396,2145
4215,3002
5901,970
5312,1329
307,3077
1704,942
5446,1329
5260,2859
5394,2859
1330,2421
1206,665
3804,435
2904,2622
1500,2832
3656,2257
4733,898
5218,2633
5675,2320
4,43
5766,1684
2256,2586
3766,1082
4246,2473
2869,2786
5933,1797
1633,2580
4255,2936
707,1102
4473,1883
4970,2689
426,1614
1723,2473
3495,969
3932,970
4133,2946
2672,2622
5363,2583
5079,2824
2479,2981
1715,1831
2217,2981
5584,1801
1919,1072
2998,1102
1630,969
4164,1478
4617,2012
2132,2119
1311,435
4102,2320
320,814
4943,2936
5681,2111
1216,1329
5340,2572
2028,1015
1706,964
3189,1047
2619,1456
5707,299
1390,2421
4024,1848
5082,1001
383,2267
5364,1653
4842,2480
2605,2689
258,286
5690,1823
5791,2629
5032,1823
1999,435
1646,1071
2398,144
1398,969
1467,574
5498,1064
3151,2633
4973,2936
5133,185
5797,1131
4004,2320
2687,1186
3807,1217
4366,2901
505,1102
4705,2367
5414,1366
4388,970
3025,1181
1328,2832
1359,2145
1039,2729
3618,1695
5817,1756
2108,3172
2029,435
427,2350
4809,1377
3443,2633
3991,1684
16,2981
1680,2910
2917,308
5644,2178
5651,905
4682,1043
2393,308
2665,2716
5901,299
5593,146
3910,1695
4610,386
988,1047
2499,734
1048,1098
2182,1027
3939,181
1841,734
3842,2500
4434,160
4637,2963
590,1940
2388,903
4375,2963
4902,2480
5361,2240
1823,1848
4512,982
1635,1797
1265,574
1363,1109
3037,2480
437,1883
3405,1186
1178,1329
1710,2910
5674,2178
5808,2178
4164,2901
1874,1032
5372,2779
4322,1797
5072,43
106,1719
1668,2095
1950,1027
2064,2095
2346,1027
3275,2244
1344,1217
3932,299
4194,299
3309,1074
4598,160
4909,2496
511,2936
4938,982
1925,970
225,2350
3296,2532
1842,3187
1642,1813
157,903
2975,2891
370,1950
5187,905
5777,1902
1417,2634
522,1001
5140,2779
3626,1131
1258,1823
3443,2178
5700,1655
1980,1027
4831,2963
1374,1217
4939,1742
439,185
3648,1829
2151,1848
4706,982
3835,1655
1775,2500
814,1001
2841,982
839,1997
3790,1131
629,2941
3132,1131
1422,1823
1785,2629
3915,79
4044,2179
4484,2451
5042,1281
5231,1742
38,1719
3567,2779
4472,936
3584,2194
3544,1075
4511,2584
4736,982
3812,1829
2573,386
2007,1695
2600,2963
2734,2963
5158,1614
5378,982
29,852
440,386
957,1844
4902,870
2942,3077
5060,1456
1892,2095
2389,2901
3320,27
3576,1902
5475,1671
4207,2708
227,1217
2854,1917
5469,1102
309,1027
2969,1675
3633,1655
3924,141
1587,2398
4538,1532
2738,1742
5584,1614
3980,2702
3610,1671
4816,722
3682,1547
800,2018
1581,1829
4499,1015
3420,1547
5741,2729
987,1844
5386,286
3729,2302
2683,2974
4940,2451
2099,2923
2880,1044
4000,1075
1899,2111
5720,2791
4811,2980
3321,1918
3371,1281
62,2439
1793,372
2254,1521
2956,1039
2417,2451
1512,130
2713,1281
4350,141
2506,1742
4846,722
5413,15
2273,2702
1524,2584
3004,706
4268,2179
2525,2923
4457,2832
2237,1702
2175,824
1129,1496
360,2
4407,1025
623,2856
4699,2365
98,2
5750,2791
1357,1131
1491,1131
4951,2586
92,2439
25,1217
4543,1071
5593,2974
4295,969
4360,2118
4735,1241
872,2779
1507,1075
4876,722
139,1696
2544,1071
2573,1809
1828,1655
1950,2584
4352,722
275,1742
2863,824
3286,927
5347,2936
440,1809
2267,1702
1353,1547
312,2563
3278,2729
3581,286
3933,1677
1794,2421
4046,1554
4516,2257
1799,1075
5030,2478
4049,2791
4768,2478
437,1696
4742,2421
273,2985
466,936
1257,2189
2525,2118
3170,1102
1859,2257
4536,2320
2693,1702
2297,1702
5079,1027
51,1071
3315,1456
3611,286
3449,1456
5605,319
2086,2421
4627,903
5054,970
694,1702
3199,1281
4854,1848
1700,665
4355,969
2390,2832
4792,970
4993,2946
5188,970
3945,2791
660,2091
5529,482
4431,964
3462,1102
2433,435
3596,1102
4566,2320
3943,3095
4633,1098
1761,2257
2492,1015
1859,1102
1511,2082
1597,1102
1650,3180
5024,2417
3479,1456
5480,970
361,896
309,706
4884,1848
5070,1072
462,1702
1572,1045
4956,970
4560,970
5023,2946
2189,2145
4830,2551
4367,1329
5674,1186
2871,1950
2124,969
169,1076
1657,2257
3615,2633
4730,2320
1108,2981
4401,1098
2701,2478
5194,734
2656,1015
4139,1098
507,1071
1627,1102
3943,1940
598,435
1093,2858
5431,2367
5665,319
950,2580
4914,1848
523,1015
5048,1848
4726,1797
4320,1109
2341,3074
4058,1109
1040,753
3346,903
1637,2729
3132,1883
5343,1207
644,2473
5470,2480
5823,1844
2987,970
1132,1281
5342,982
884,1179
1892,969
3907,2633
1677,815
3160,898
2532,1329
1496,2689
4760,2320
5390,2716
2270,1329
169,2365
4589,1684
5417,2095
5914,2901
5093,1217
4697,1217
289,969
5256,2901
3174,15
980,2580
3602,2936
2237,2320
3316,2350
2963,734
5719,1844
1746,3022
1278,1456
2429,46
4628,299
4992,1515
5768,982
3526,847
2956,2946
4028,1997
3754,2926
461,2365
3501,2480
5467,1027
682,1021
715,969
2965,1719
4861,1217
1984,2786
4045,2351
4198,2593
5798,43
104,2478
3468,1027
3072,1027
2375,1853
4672,1695
4679,2866
5470,1675
4811,2793
4792,299
4242,757
475,2421
5635,1742
4360,642
3181,970
2919,970
2155,574
3063,160
2748,1088
5797,757
5902,3025
4432,895
1937,2566
586,1848
524,970
3246,2496
2693,2320
69,1329
1760,2115
3102,1027
2954,2095
2959,2439
3355,2439
4702,1695
4483,833
3507,2244
4221,833
4956,299
3927,386
5799,1742
3211,970
1552,2351
3269,386
1273,2936
5306,1809
3897,1675
4895,777
5079,2584
4306,2634
2453,1520
5743,120
3430,2963
4908,2702
1212,970
463,852
5482,2974
1318,1366
3187,1515
3276,2496
292,970
4826,2111
889,2946
4960,2111
913,1088
2418,1684
2148,1823
2456,1976
4863,2178
2989,2439
5097,130
351,1550
167,2961
1936,1186
2326,2095
5659,1331
5740,2451
5902,1281
4986,299
4590,299
2313,1109
2387,1058
2492,2572
916,46
4350,2532
4446,2240
1060,734
4842,2240
2617,1520
2658,1521
2591,299
4859,1655
4676,2702
4938,2702
889,852
1806,2244
1410,2244
3253,2670
3554,1844
584,970
4058,1377
1181,2946
5560,1702
854,2551
4190,1496
465,524
592,2551
263,1329
4019,1614
3573,3025
3153,2439
5770,2451
4457,2779
1475,2080
759,1910
3061,2850
1609,2080
3980,905
4434,1075
3923,2091
4677,833
5463,2708
1619,1078
5361,711
1789,735
259,806
734,1853
1087,1217
2470,130
4872,2240
5660,1532
2621,299
4627,1655
2385,1520
1836,2244
3336,1742
5590,1702
748,970
884,1797
3074,2496
2723,1515
3958,1496
1847,1844
4851,2302
3832,3077
3865,3025
2841,2702
3543,2974
3603,3025
4448,1131
5800,2451
1402,2891
1693,1377
2577,2629
1209,2496
5868,1831
2497,2111
3791,43
4214,146
3777,1865
1065,1027
1199,1027
4523,1655
2756,1813
655,2095
3573,1281
4736,2702
5132,2702
2599,1075
85,2696
5620,1702
4512,742
5558,824
4773,2769
5048,722
1464,1675
786,299
2871,2702
3468,706
3674,3026
2905,1532
2559,895
1857,1377
3049,2974
977,2496
2519,1496
4368,1902
5502,1831
660,1099
3394,1696
3077,1989
3865,1281
885,1217
2060,1147
5403,1071
5098,435
5220,2118
4530,1671
266,2111
2676,2584
1308,2451
1482,160
2583,141
2805,2240
659,1813
1779,1844
638,936
1161,2963
3785,1702
3475,2974
918,1515
1007,2496
300,2634
2079,1547
5431,1025
1559,757
1738,2974
4179,286
4659,1677
275,1823
791,2871
395,2871
5579,2586
5185,969
2351,3174
2420,2779
675,2696
4407,2395
3309,2123
1015,1044
3102,2584
1338,2451
3568,1071
1472,2451
3924,706
2965,1532
718,299
1165,1742
1635,1691
3099,1532
1299,1742
3157,1702
3625,824
836,2240
445,2584
2453,3077
4571,1456
5215,969
163,2871
4953,969
722,2111
4595,2981
4736,742
813,1475
1327,1696
3610,2586
4322,1102
5890,734
38,1829
4608,1873
4630,2386
2942,2837
4222,871
2221,3077
3250,738
316,1019
4131,2473
4339,1456
1011,120
4356,871
4855,2504
5818,1797
522,895
1322,1702
1656,824
2499,2267
1012,722
2848,2421
4090,1883
5379,969
5690,2551
5227,1329
311,1614
3282,2878
3640,2586
5923,1032
5881,806
4158,482
651,1655
4541,1940
1387,757
5267,354
3140,2421
5621,852
5769,1504
1383,1015
5225,2572
1438,722
5576,1109
3048,2832
5908,1848
1176,722
3201,3074
4340,903
2849,2622
4967,1001
5108,2926
1020,1902
3217,574
364,2729
1183,2832
4863,2341
4901,2633
2559,574
5897,908
3130,1329
2476,2791
4136,2012
698,1070
2401,927
1840,2580
262,1671
4462,2936
4479,2351
4596,2936
5876,970
5885,524
3221,2386
2825,2386
5705,1088
2527,2729
5884,2551
2138,1456
734,1666
1567,2421
4973,2859
4011,970
5852,1515
1774,1179
4473,1001
266,2729
5345,1684
1713,903
1398,1831
2258,2689
4813,1823
3918,1910
561,2088
1313,969
5721,1217
1335,1482
5626,2111
5347,2696
1622,2478
4643,2351
3060,1098
3858,1078
4761,2572
1370,722
3670,1027
4041,970
899,3022
3440,1504
3383,970
4242,2946
3980,2946
4658,2824
2132,2176
1032,1831
1877,903
2352,1950
3324,1329
1016,574
1475,1088
3815,2320
1609,1088
480,2257
5346,1131
5747,1475
4081,2439
4358,1027
5404,1109
3814,2095
2570,308
1878,1478
5770,2398
5708,1520
5682,299
5477,833
4073,1797
3737,1848
3405,1109
2419,1078
3809,970
5543,2584
4817,2480
1458,1831
2609,421
983,2504
5007,1823
1736,1021
1872,1848
388,574
5424,2111
2294,2480
1093,1329
57,2689
3278,1684
4245,2439
351,692
3782,1217
4126,1027
5733,2866
5299,130
1340,1960
4270,217
5517,1521
1011,738
2451,185
4163,1848
4421,386
2141,3177
2559,2936
2449,1078
3975,1797
5398,1829
597,1098
2182,734
831,3022
5523,777
5657,777
5798,2702
2369,560
3081,1520
4824,2496
1640,1848
4546,2698
948,574
1385,1329
989,1329
5144,1131
5557,546
4882,1131
2401,2700
997,2910
2692,1186
2776,1823
3172,1823
3617,2439
3638,1064
5357,2178
5665,79
5876,299
437,1001
5072,2194
237,2633
1880,2439
5615,1655
3447,715
3944,1521
3190,1813
3245,1520
3672,833
4854,1742
473,2351
1932,1848
1610,1797
2372,1366
5469,2769
3623,2634
5839,1548
2905,1829
5880,2111
3003,2926
2619,1997
2707,1844
1153,1329
4536,120
4692,3077
2949,1377
2262,2891
2331,2496
5132,905
2687,1377
5521,2178
5562,2179
3881,2111
5817,1008
5856,1902
1105,2978
267,2633
3223,2111
5102,2194
401,2633
828,2700
2961,2111
3357,2111
2746,1957
4651,43
3126,2178
3360,130
4585,1675
1782,2439
1980,734
3260,2178
4399,2451
5440,2189
3702,833
3354,1813
5721,896
2354,386
4374,2394
4389,982
1512,1797
2747,2532
1672,1520
3993,2702
2871,1844
4567,2974
4811,1614
403,1366
4219,1702
1034,2926
5607,2487
734,2634
3344,1475
3387,2111
4815,43
1637,1684
2812,1614
1105,1823
2841,100
3290,2178
1225,2871
363,1186
1483,1217
1908,2901
3658,130
5548,2257
5524,1671
388,2936
3239,146
2122,386
2554,43
1525,130
3099,1829
5274,1496
5654,963
3670,2584
3274,2584
1440,1520
332,560
2653,1742
891,2244
3661,1532
4872,927
4645,1702
4960,3026
5020,3077
5775,2421
257,386
764,2634
3789,1717
819,2341
2507,2856
5394,2729
2431,2080
2262,3025
4855,2451
3327,905
3519,1075
5434,815
3393,1902
3035,2194
3269,146
2933,1917
1293,130
2122,1675
4710,757
3316,1655
3791,2702
1549,1813
5548,1102
1528,936
4305,2923
843,833
5852,2267
2555,2496
5194,2267
2909,742
1305,2584
5856,2386
257,1675
1346,141
52,2963
1530,2702
408,1844
2440,2923
3816,665
5067,1179
5910,2622
2866,1045
1157,2871
3289,1902
3299,146
5799,2791
1272,1131
1017,2302
1010,1131
745,1614
2228,2451
2624,2451
804,2194
4262,2822
4577,1702
5334,1873
3596,2769
1760,1070
1202,2240
4110,738
4803,1456
1990,1532
92,1207
2497,3026
3970,2421
2805,927
615,982
2578,1702
680,1377
2896,1045
5940,2622
4274,2832
4587,1831
3200,1456
2804,1456
4084,2708
2938,1456
5825,1329
61,3025
3084,1281
1253,2178
2392,2451
267,2901
4305,2118
1096,2194
4439,2118
4900,1015
3511,2257
3609,1102
732,1917
470,1917
2951,1102
1132,1070
2020,1532
5879,2504
1758,1532
3231,927
2274,2580
32,1691
3060,1045
3357,2729
4355,1831
4909,3171
2328,2816
382,757
487,3025
2001,2421
3114,1281
4402,2586
2962,1641
1222,1902
585,2779
1719,2708
5444,482
1221,1677
4917,1719
1754,2702
2638,1702
62,1691
5456,2936
3171,2165
2407,1015
4834,903
2073,2832
2238,1179
4172,969
3279,1883
5474,2926
4416,1329
3156,2981
2829,2586
487,1281
5081,1719
2025,1071
325,2451
1760,1554
1548,1671
4182,1098
5486,2936
5090,2936
5054,1027
2096,722
2175,1015
3658,1098
3720,286
5163,970
4137,574
2557,3002
1497,3022
5555,2891
5837,1823
2055,1071
2244,970
785,1281
2383,2068
3560,2633
5480,1027
2467,1015
2541,964
3327,1873
3950,1098
452,1071
5376,2367
3485,15
3309,2233
3364,1940
798,927
4535,970
4335,1848
261,722
3671,2622
2298,2145
1897,1801
2943,1883
4080,1329
931,1456
2980,1950
2536,970
4162,2859
2670,970
970,2350
3790,1001
1971,969
3132,1001
3724,2633
1819,1329
420,1883
4534,1684
2631,1015
3095,1873
5490,560
2138,1082
5094,560
3208,2716
3023,2936
2908,734
4909,2500
4191,1695
29,722
1691,3022
3554,2572
4282,1813
4416,1813
961,1456
4918,2963
1000,2350
5451,982
2099,1504
1178,2622
2245,1329
5328,2080
221,1831
4032,1823
2607,1910
3871,2629
136,969
2608,2320
5445,386
445,2478
3072,734
4271,1058
5828,1844
1626,3162
3818,2244
3771,2398
5714,1742
2797,2192
1054,2936
2470,1797
5056,2496
5085,982
1585,2572
3784,2633
4823,982
5395,2901
1066,2946
4083,2111
14,1329
1879,1514
5690,1506
148,1329
4950,1696
5249,43
3181,1027
5464,1917
4428,79
3134,2901
1052,15
1589,1940
4080,1813
5596,1844
1480,2936
5086,1742
5234,2394
2011,2572
524,1027
4268,2049
5376,757
816,2367
5689,2974
1874,1520
334,903
2989,1207
4145,895
957,1848
895,970
160,1504
4327,2629
5927,1045
1950,1515
5730,2194
178,1329
4980,1696
5675,43
1074,1844
2101,1684
2958,3025
3211,1027
1077,2115
1485,1186
2605,1217
2667,2095
3672,1614
2410,2439
2009,2095
5378,1742
4619,936
5116,1742
2678,1695
2664,1797
5136,2394
4804,1655
614,1078
5480,706
903,2901
1242,2367
1438,27
2245,1813
1780,3174
2300,1520
2536,299
2747,2963
2881,2963
3771,2532
5061,2974
5457,2974
2965,1910
2727,2496
2020,2634
2758,1809
2328,535
1980,1515
3018,982
208,1329
3933,1547
1500,1844
2527,1684
882,2963
2799,120
2988,3025
3702,1614
3993,100
4617,2179
4748,1696
5319,2451
5453,2451
4226,79
3744,2779
2278,2111
3659,1917
584,1027
4555,2240
1530,905
367,46
4572,1655
5776,3077
3147,1742
468,852
4389,2702
5850,3026
3415,2496
1990,1829
493,1848
3444,982
4963,722
148,1813
43,299
5745,2451
3470,1614
2701,120
4731,372
1188,2080
1601,1495
4421,146
2046,2111
2110,1372
2180,2111
2607,2178
5580,1071
2562,715
523,2629
867,2439
3749,1968
3914,1281
1240,735
3222,2451
2802,1865
1040,2367
2535,1521
1370,27
1475,43
859,1797
2519,2708
1609,43
2020,1829
5437,1702
1311,386
1805,1675
5755,1045
4277,3026
815,936
1338,2963
1883,777
178,1813
73,299
233,1520
601,2670
2816,2702
1036,1844
3545,3077
5455,2473
5663,1456
800,1567
4876,1076
3057,1044
5447,1831
956,2080
309,1515
2647,2866
4944,2708
2683,79
3309,2985
5348,1071
1717,2178
1743,1147
5100,969
2990,2451
5395,2580
1415,2779
2924,1831
4371,2257
5023,722
5543,2478
465,715
991,2451
910,1331
1770,2189
3396,2580
32,833
4182,1045
3158,722
847,982
4980,1025
1086,2496
1862,2717
5136,784
332,536
4876,2365
5786,2586
1448,3077
5524,2586
5419,1072
238,120
5264,969
468,1336
2354,146
327,1131
2092,146
2716,727
1360,1917
1009,936
3975,1102
2640,1671
2648,1532
3164,2580
5920,2936
3188,722
4932,2832
536,1655
169,141
1451,2974
1129,2923
1874,3077
1189,2974
4288,286
5032,969
5089,2257
4705,574
1754,2194
1859,1456
2984,1831
9,2111
5558,1015
5387,379
4401,1102
151,2194
92,833
3559,1015
3266,1702
5835,734
2311,1738
4575,2386
731,2
2140,1102
5039,46
383,2702
813,1532
2659,2421
1494,927
5823,1848
4763,2622
2182,2267
4367,2622
5365,970
5635,2551
5371,2478
5400,964
1857,1918
4293,2858
2858,2257
5530,1976
411,1902
15,1902
4845,1873
4877,2320
2334,2257
5564,806
4968,1684
2986,722
584,2584
4290,308
322,2584
351,1070
1512,1102
3582,2473
5705,1950
5719,1848
3690,2006
1066,1015
1950,2267
463,722
2046,2729
1855,3161
5007,2551
3305,852
3170,435
1785,1641
816,1025
2679,1329
5041,2320
3491,1015
365,2257
2975,1098
5621,1848
3883,2936
5299,1797
1980,2267
4676,2572
5313,1695
1295,2164
2023,651
1701,600
2508,2386
2926,2145
3919,903
5063,1520
5778,2963
85,927
988,2421
3486,1021
726,2421
3172,2551
4218,2633
732,1677
5532,1217
862,969
3005,1098
4194,734
1181,722
5102,2572
3526,46
5568,1813
3274,734
4831,1520
622,2421
1652,2936
5945,982
241,2729
673,2386
3276,2500
3336,2551
411,2386
15,2386
5024,2100
3812,2480
106,2504
4273,1377
1420,2586
699,574
3804,1838
2773,1098
5111,1695
3566,734
3645,1027
5627,299
3598,2901
5365,299
5946,1742
3360,1797
3358,970
2871,2572
1420,2936
5221,2240
4505,2824
295,871
3471,1813
1316,2586
2185,2244
3468,1515
3072,1515
71,574
2358,482
2244,2824
1038,1329
2230,2926
2504,1997
5537,1695
5578,1696
907,2566
1920,2700
3809,1027
1591,1478
328,2859
5887,2451
1441,1719
5529,299
4591,2194
1200,1098
4536,43
3672,1695
1846,2936
2132,1078
3074,2500
3800,160
4944,777
5481,2702
5921,2974
4507,2496
3617,1207
1525,1797
1189,1848
3825,1910
4140,982
3102,1515
263,2622
1999,899
1462,2946
3753,1071
4659,1547
1090,1088
4244,3025
3982,3025
5596,181
3557,2095
644,1001
2113,1186
4054,2901
4389,905
4566,43
3702,1695
773,2320
706,1098
3392,715
5286,2584
5057,2532
107,15
3221,833
5024,140
4081,1691
5249,2702
2379,2244
4497,1377
4637,3077
5394,2302
2042,2824
977,2500
3250,2702
4375,3077
2157,1084
5947,2451
1040,570
2824,1547
3470,1695
144,1186
2162,2367
1398,1217
2903,1813
4171,1742
3020,146
1024,2696
2013,2244
2409,2244
1096,2572
1216,2866
3014,1829
5853,722
813,1695
4531,1496
5063,3077
1704,1674
1599,160
3626,895
3018,2702
1067,299
4190,2923
4494,1614
561,2413
5079,2267
5445,146
520,1823
2063,1957
1793,2096
4374,2451
110,2891
1094,2095
46,1186
1918,1044
937,2111
3583,2861
3153,833
5570,2477
1487,1797
886,79
4699,706
631,1058
2957,2584
2969,1655
440,2244
1154,833
1966,2963
3303,777
3478,1532
3609,2769
1678,1742
3199,2871
202,386
3932,1702
2951,2769
3958,2923
5028,1147
5599,1902
1841,982
1581,1809
5638,1076
497,1997
5464,1677
2308,3077
5598,1677
3459,2421
4070,131
4142,2451
5933,435
4572,1281
2748,905
5797,574
2007,870
4268,1809
3645,2584
3244,2240
18,2901
3383,2584
1996,2963
1184,833
1194,1521
4205,706
3212,2702
3988,2923
526,833
5243,927
734,1536
1379,2240
1957,2
1000,1655
5114,1456
2951,1614
1727,2923
5758,969
3010,2194
2614,2194
826,1475
962,2302
3233,1677
1736,1696
5511,2031
110,3025
2603,1281
2045,2451
1756,2348
5572,2684
3292,2257
5011,927
3241,2477
5643,2335
5144,1456
2296,757
2368,3077
5885,2622
623,742
2579,1045
5922,969
5595,574
2095,2164
1295,2111
2749,1456
4762,1539
5805,1088
1897,2179
3921,2586
4212,1072
1679,2451
5454,2786
3117,2791
4232,2478
4218,2580
4242,722
615,1039
1117,2189
1077,1070
2794,3077
3945,2421
827,141
2004,706
2780,927
1957,2580
3072,2267
3005,1045
5321,1883
921,1496
2488,2216
5059,1883
3338,2386
5934,1329
533,3077
65,757
271,3077
4201,1071
4712,1021
992,1147
3557,969
5183,2858
1330,2832
2779,1641
4134,2478
106,2451
1207,2240
240,2451
1940,1071
2664,1102
3545,2837
5235,15
5427,185
805,1671
3102,2267
2090,1015
2914,2216
4431,1883
4474,267
4517,903
2715,286
4348,1848
1328,665
4322,435
5144,1001
3721,969
156,2164
4032,2551
4383,1088
2640,2586
420,1456
1941,1831
532,2451
5406,1186
566,1281
3279,1001
2594,898
5517,236
5035,2936
847,742
5783,1109
1139,2082
4134,734
4507,1504
2774,2936
2048,2832
4584,970
5704,1001
320,2164
2875,1298
1555,2145
839,2729
4934,2480
4545,1207
188,1456
1370,2365
1704,1487
2148,969
702,1677
38,2451
4477,2012
1490,969
1734,1329
5478,2351
5517,1525
1537,2478
2241,379
1346,2910
983,2858
4505,1027
859,1102
5730,2572
5031,319
5855,1520
4676,1848
3289,2227
4352,970
5134,2891
4709,1207
5812,1823
3771,2910
1916,969
3473,1001
1654,969
3273,2633
1327,574
931,574
3748,2926
5229,2936
136,1831
3436,1873
5657,1131
4931,1027
5146,2901
4387,2095
4392,2439
1508,2837
489,2858
4622,2901
2433,1838
4646,1797
4305,1504
2572,2936
1065,2267
5169,757
4136,1695
5743,1844
2329,734
5839,1552
4020,1520
2602,2586
3330,1073
2707,1848
4474,1690
2440,1504
2443,1021
4358,1515
5915,1547
1851,1109
1357,574
1455,1109
4829,1100
603,2586
5687,1131
5818,1614
5451,100
2973,1186
915,2858
4652,2901
5017,1336
1479,2634
1628,1976
594,1719
1729,2782
5879,2240
4766,936
5115,1844
5884,2584
3733,1813
3501,2244
4024,299
4158,299
5249,1844
1016,2351
2549,1797
1446,1181
317,2350
4407,1757
4768,982
4873,2496
1485,1109
4126,1515
5134,3025
1696,1329
2429,160
4110,2702
2181,812
66,1950
3614,3060
1468,2633
1072,2633
5628,2779
810,2633
4337,2866
3931,2178
889,482
2730,1027
4065,2178
2520,1217
646,1478
3669,2178
2320,2095
601,15
4330,1695
4111,833
2421,2901
3135,2244
614,1940
1080,1181
901,2936
1560,2572
4798,982
3129,1675
5194,982
4049,2584
2884,1844
4140,2702
3414,1844
3018,1844
1377,421
2059,2670
108,1021
578,970
2410,1207
2553,1515
1856,2341
2336,2978
3714,1547
4241,1064
919,2926
2046,1684
1776,1823
1380,1823
5177,1917
5158,1675
2787,2850
619,1910
3444,905
844,308
2778,1044
4698,936
4739,1691
23,1098
1363,2593
821,1078
967,2593
2068,130
2892,1331
2190,1813
452,2901
3358,2824
345,560
1823,299
4877,120
5646,1614
2786,1844
2874,1691
5140,2974
2934,2496
4792,1702
272,1021
408,1848
5506,1045
3582,2717
2436,1465
4053,2302
703,1207
787,1844
1148,1823
4565,1696
1678,1823
4945,1917
5341,1917
4594,936
3212,905
1961,2111
4638,2174
2260,2178
584,734
663,1027
2098,130
4104,2240
4505,2584
57,1217
4931,706
2044,833
354,2901
889,27
4452,2923
1202,2244
806,2244
3098,2496
4560,1702
3975,2769
5840,1456
1475,1844
461,2963
2512,120
860,2480
2285,895
867,1207
3198,3077
4349,2421
5612,286
1828,2871
2125,2111
1681,1131
416,2439
3291,43
3506,1917
2151,299
3732,1671
1330,2779
4986,1702
2410,1691
2536,2584
2121,1588
3642,2717
5413,1015
32,1695
323,181
1873,2240
2007,2240
2224,777
3717,1548
2499,2702
3228,3077
1841,2702
4360,2179
4117,2421
3083,2164
5244,1179
190,2
3347,1456
4868,1831
9,1684
2364,1696
616,2096
3493,1281
3627,1281
1011,905
1997,1902
1291,3174
1188,43
5016,1702
4830,2478
583,3087
2042,2584
153,1813
3890,1102
4677,1695
1775,2240
789,2963
1687,141
763,1742
1224,2891
3213,2580
897,2496
2755,1702
3151,1702
3304,2698
2841,722
4028,2729
2039,34
664,982
1512,2769
5160,1831
5294,1831
1259,3077
4898,1831
5347,903
1214,1614
3511,1456
529,757
4636,1831
1131,3077
386,2923
5496,2689
4840,1072
2751,1179
2161,1902
2863,2174
4346,2257
5473,1015
5719,482
956,43
5285,964
1090,43
2067,2240
2404,1071
5594,2473
4456,1082
3443,1702
867,1691
5488,734
3700,2267
2554,1015
4782,2006
5111,784
4228,2386
2108,3180
157,777
1423,3077
3145,1456
1161,3077
4055,1677
872,2974
4843,969
4225,2088
4416,2622
4581,969
3426,1883
1280,1456
5621,482
2434,1071
3688,1102
460,936
2511,2257
2132,1672
1841,742
103,1830
3054,964
3730,15
4994,734
2248,2786
1527,3026
878,2580
5456,2485
5110,1848
688,1702
1997,2386
3456,1883
5794,2480
2456,2708
3664,2586
2910,2878
222,1902
4499,2633
1042,1641
4755,1098
4956,2320
4851,806
5484,2439
3101,379
4618,46
17,1655
2735,2473
2768,2421
1603,927
4060,2936
2494,1098
3244,2350
4080,2622
4591,2572
5212,970
1998,1456
2125,2729
4379,2689
5086,2551
2522,2365
1474,1456
111,2421
460,131
2776,969
1819,2622
5054,1515
4078,482
1206,1641
5339,1684
4919,1098
2718,964
5113,2095
4065,1186
4851,2095
5133,1027
381,969
5252,2439
2765,1719
1473,2924
4090,2936
414,2580
1175,1015
853,964
5378,2551
3055,734
5056,2500
5116,2551
3922,319
5589,2963
2948,2365
4056,319
5592,2480
3171,1848
4983,709
5745,1032
2847,970
4516,1997
3050,1329
5737,2080
1026,1831
630,1831
4711,1684
1490,2689
5215,1217
3453,1719
545,969
149,969
2164,2633
3992,2936
592,2478
943,1015
4855,1813
1431,15
2957,734
5727,1742
5713,1844
5926,2891
3409,1797
1573,2350
5890,982
2649,1520
952,3171
2394,1001
1334,1021
5446,2439
1012,970
3314,1910
4897,3163
4201,1181
1615,482
2119,15
3645,734
2669,2145
5778,1865
4940,1520
1356,1719
5757,1742
5891,1742
3365,1848
4447,833
457,1098
5794,1809
2781,1797
4338,1829
2392,524
2593,2500
2727,2500
2417,1520
5311,120
1438,970
1090,1950
3344,1910
3282,1032
706,1021
178,2622
4639,2696
1050,2551
983,1329
587,1329
721,1329
4955,2178
3358,1027
1887,15
2814,2095
1274,1478
4946,372
5832,2451
2774,2696
112,1221
5000,608
4019,1675
2854,181
4898,2583
3757,1675
4934,2240
4939,2584
3105,1520
880,46
2447,1520
563,1093
3213,299
4412,1377
1530,1848
731,677
3181,1515
5003,1064
2222,2341
818,2551
751,1329
3390,1100
4906,1131
186,1520
5862,2451
1700,1478
3341,2901
786,1515
3083,2111
4468,905
1333,1684
1286,1838
4304,2194
4474,2605
1241,2095
1444,734
4202,1917
1182,734
3940,1917
2770,79
5805,2856
3716,2963
2952,1813
2508,833
5194,2702
5228,1532
5634,2974
3784,1377
902,1848
1236,970
3211,1515
714,1797
2598,2978
1065,1088
5203,1475
557,1813
1593,1207
4031,2974
4540,1131
3299,3025
1697,2496
236,2926
1731,2080
4279,43
4430,1902
2279,1131
3893,2451
1553,1027
1716,1957
3196,79
2499,905
5818,435
5224,2702
4116,1742
1841,905
2538,833
5258,1532
3458,1742
5798,722
5450,1702
1818,1675
1195,1696
3757,1809
3129,2240
121,2572
4872,1496
5942,2164
904,1520
983,1813
1747,2963
1012,299
1841,1844
5239,2421
3477,2923
3847,1702
3785,824
273,899
584,1515
1312,2
3734,1044
2306,1614
3152,130
4000,1917
1178,2439
2467,27
3370,1521
952,2850
2616,2779
754,2111
1982,1675
3159,2240
526,1695
5304,722
3668,2117
1388,936
672,1520
751,1813
1885,1742
2456,777
2019,1742
305,6
78,781
2635,2240
2765,1532
4658,2267
1361,2496
3615,1702
1509,2394
1738,2
5523,1025
5280,1015
3805,1045
2047,757
1305,120
5539,969
3959,2451
2925,2194
4666,815
4867,2791
5206,2257
3518,2708
4261,2981
2239,146
2932,2584
4780,1102
1211,3087
432,905
974,3174
2839,141
1679,2963
867,833
915,1813
3355,435
5657,706
5737,2832
112,900
4959,286
298,1844
3166,1475
1192,1532
2269,927
1658,3025
2665,927
144,1377
4285,1281
5510,574
1614,2164
504,1131
3286,2708
5884,2478
242,1131
1388,131
3781,435
367,79
501,79
654,1075
394,1902
2555,1671
4102,1015
1982,1809
2305,742
4523,1045
830,2240
439,2584
66,1844
1845,757
3598,2421
4069,2006
5867,969
1775,927
5617,2484
4813,2689
52,3077
5797,2859
1552,131
115,1147
230,905
44,2435
1656,2174
921,2708
1750,1809
5881,1217
1700,2
98,1917
4468,1873
5884,734
1197,1071
1806,2118
4371,1940
1386,1532
3232,2421
1902,2580
2067,927
1530,722
2373,2165
3567,2145
597,2769
4124,3002
3613,46
5483,1329
5946,2551
433,1614
4581,2689
5321,1001
5169,2859
2098,1179
2941,2622
5059,1001
5830,1001
17,1147
2085,1883
2118,1831
5084,1997
1742,1702
5513,1329
5344,1520
1397,2421
4795,2244
58,3026
786,2267
1135,2421
3707,970
3404,969
5682,1515
3910,1329
4328,1088
5186,1873
4955,1186
1271,969
2773,1102
1680,2894
4980,2936
1604,2118
2707,482
1700,2580
3152,1098
1803,1015
1462,722
2687,15
5744,299
5508,1520
102,2924
35,1702
1528,2473
4190,1504
4133,970
3737,970
5267,899
3423,2500
1577,2365
2776,2689
5069,1823
4525,2891
4807,1823
1872,970
5905,2095
1569,969
523,1641
1512,435
3267,2926
4041,2320
3091,2700
5892,1109
3911,2439
3524,1801
5334,27
3644,2095
3441,46
5800,1520
2059,15
2909,185
5569,833
1558,2473
5908,299
584,2267
4617,386
4037,1797
4388,1088
4171,2551
814,2729
1946,1831
5810,895
316,1698
273,1062
297,1456
1842,3171
3418,1001
2499,2946
1640,970
1776,2551
4773,1838
4028,1684
5602,1131
2386,2480
3150,1186
5006,319
2277,1032
5513,1813
1504,1082
2913,2936
2949,2593
1743,1098
4067,1797
2568,1181
5228,1829
352,15
1613,1217
5013,1675
2012,734
2375,1540
3631,2398
5073,2480
2841,27
365,1940
3947,160
3338,833
5269,140
494,2350
3751,1002
5890,2702
2068,1797
2529,2946
1727,1504
5531,2769
3645,1515
622,815
5598,1547
474,1883
2239,898
5632,1131
286,2586
3180,1186
3264,1823
3971,2439
4525,3025
2235,1910
5845,2178
5852,905
5194,905
5560,2194
682,1997
1931,1684
4811,386
3584,2178
1003,1823
2202,2901
5502,2189
2675,2367
254,15
4946,1742
286,2936
2098,1797
2096,970
5198,2717
1588,1695
43,734
3563,2240
3809,1515
1338,1520
5796,1131
2537,1844
1515,2910
527,2244
3041,1377
97,970
5814,1902
4556,217
36,2946
2987,2080
5562,146
1565,1684
4877,43
1429,1823
1637,806
2017,1027
1083,1186
1869,2095
4462,1521
4768,1039
4479,936
4811,1675
5224,1844
5592,2240
3737,299
4580,1742
712,2936
5070,1377
450,2936
3819,1829
3593,2240
1709,1813
2872,2480
3823,2702
4903,1614
2453,2496
4645,824
2809,1377
4075,2923
1897,2049
3397,1547
723,1001
5224,2194
5041,43
5256,1917
416,2012
1637,2095
4598,1917
1480,2111
3166,833
3628,2584
4201,2
4511,2702
734,1540
1477,1813
78,2367
2172,160
1902,299
1986,936
3399,2532
3591,2702
3803,895
5329,1614
3541,895
3625,1532
5360,927
2004,1515
1701,1706
3905,2111
1713,777
2802,1495
5882,2729
3726,1614
5116,1506
1377,828
2824,2974
852,2700
5915,2088
4423,2451
4719,1281
3506,2779
2848,2779
608,1027
2872,1675
1812,1695
3025,1917
4386,1071
3787,2240
4279,2702
1989,833
638,2367
834,27
273,1680
1932,299
2343,1331
2909,1742
3171,1742
61,1797
2676,982
4997,2164
1622,2702
1257,1823
648,2496
2270,2923
1525,2769
4570,784
4670,2708
2474,2164
3553,2194
5757,2791
4812,1071
2716,2451
3189,1917
3629,2189
1060,905
4231,2257
4962,1015
2842,1809
1701,901
4700,1015
4765,2164
1835,1655
1188,1844
367,160
570,2963
1284,1552
1602,141
664,1844
4458,2421
1524,2702
1541,2871
3518,1045
302,2394
1528,1131
3142,2451
5053,2981
686,1044
1546,1902
1632,3174
2733,711
1060,2194
4730,1015
444,1696
956,1844
2735,757
708,1742
1370,141
1554,2702
446,1742
1950,2702
2927,927
5709,2504
2957,2267
736,757
1338,3077
2910,2451
635,1614
3708,1677
4744,1071
4035,574
4758,969
4859,1021
5121,1021
4738,2946
3838,969
4086,2791
4029,2257
4344,1329
2341,2708
4082,1329
4760,1015
4438,964
954,3087
2017,2584
2745,1071
988,1917
416,1691
3353,927
2816,722
5037,734
5128,2350
362,2394
1494,1496
3486,1456
3386,286
4664,903
4738,852
5151,1021
4829,970
4963,970
5660,898
207,1702
4627,1021
1303,1147
563,1337
3703,2622
4768,2946
4770,1329
1225,1456
3183,2586
1075,2451
1018,1917
1371,1281
2131,969
2661,969
4632,806
2267,1015
2005,1015
4407,1627
4393,1729
4694,903
5718,2192
4828,903
5456,2192
3317,2936
4597,970
4733,1797
4993,970
5129,1797
3045,3002
4363,574
5194,2946
3683,815
1644,2729
1883,1025
3091,903
1255,1456
5562,898
5484,1207
993,1456
5845,1186
1903,1677
5203,1719
581,2451
1756,2381
1968,574
2592,2653
1489,2791
1804,1671
5061,323
4042,1098
5706,1027
2693,1015
544,1071
690,2586
5048,1027
5365,734
5836,319
5431,2485
5739,386
3743,2936
615,722
267,1702
298,1015
694,1015
401,1702
2177,1098
4056,1181
5224,2946
3169,1883
5507,2480
56,2421
2325,969
2664,435
2963,2946
2569,1329
1705,2981
2307,1329
5293,2901
5212,1027
4331,46
2365,1684
462,1015
842,482
2738,734
200,1015
5537,2480
1053,1456
2963,852
3023,903
5010,2963
5380,1742
5736,1377
4946,2978
5543,982
3650,1001
5166,1032
3017,1088
4505,1515
5584,1545
750,2586
1569,2689
3353,2700
5457,2901
5061,2901
2819,2012
1134,482
280,2822
1638,15
5196,1813
2506,734
2637,1217
1510,15
4913,936
5436,2963
5672,1742
5396,1844
5484,1691
5835,982
4140,2706
3672,386
3018,1848
2956,970
2560,970
110,1098
4931,1515
2360,1848
1696,2622
3964,2480
5020,2496
5712,2080
1102,1883
3096,2670
5778,3077
652,2586
3546,1186
258,969
597,435
695,970
2536,1515
2880,1325
3797,2717
439,2478
2614,2145
1585,1478
850,2012
5532,1331
3226,2901
4943,936
5466,2963
5537,1675
5440,1742
5600,2963
4788,833
5822,1844
5178,1742
629,323
1706,2936
1310,2936
3306,386
3423,971
4283,1829
2385,1504
1012,1027
3526,160
3672,1675
4854,2584
3427,1844
3561,1844
1672,1073
1309,1021
5257,2974
787,1848
4968,2871
4997,2111
4601,2111
3350,2563
5129,1476
8,1329
1180,1550
3184,3025
1973,1186
3155,2095
3160,2439
4511,905
4855,715
4610,130
4214,130
4703,1075
5090,1521
5696,1331
3152,1797
3964,1675
2904,1695
5507,1809
4879,2240
1176,1027
995,2901
2628,299
3108,936
1996,1520
5153,2974
2500,299
1581,2244
889,970
493,970
2730,1515
307,2500
434,1329
3214,3025
4974,1696
984,1207
5941,2451
10,1001
3420,2901
4483,146
2487,2696
4345,1902
2504,2111
3987,2194
2590,1131
3932,43
4926,1655
862,1217
466,1217
3470,1675
2849,833
1477,2244
4615,2702
1635,386
919,970
3245,2496
253,1109
263,1797
3274,982
3014,1809
4055,1547
5437,824
2964,2
1701,2137
4354,1614
2117,1823
3439,970
3989,927
3249,925
1468,1377
5369,131
5575,2451
3804,1147
4872,2708
5247,1831
2224,1131
2382,27
5826,757
5203,1532
1524,905
2018,2194
1245,2244
2694,299
1252,971
3537,1742
5529,1702
5847,1045
2633,777
2829,1655
2767,777
4646,1614
666,1813
957,299
1786,1844
1168,2963
1538,1742
1524,1844
2512,2702
3334,824
1672,2496
2549,2769
663,1515
2698,2111
3683,1917
5531,435
2427,2779
2666,1075
2444,2194
3082,2451
3507,1691
1776,1506
2142,1075
3109,2584
4561,1102
1326,2209
2451,2584
2401,777
252,79
2580,2240
2819,536
491,2347
2676,2702
1554,1844
463,299
1306,1742
3560,1702
1335,982
4316,1456
3920,1456
828,2871
2631,2178
3073,2523
3770,2451
5618,969
3804,1281
5299,435
2126,3174
3568,250
333,2111
3010,2174
5620,1015
553,1131
157,1131
5358,1015
1509,2451
1848,1917
4067,1102
2522,141
359,299
273,2245
3652,2580
185,146
4505,2267
3266,824
3018,722
4601,2729
4771,2386
645,1070
5471,1831
2255,3180
445,2702
4380,286
1102,757
1176,706
596,2871
1019,2974
5890,2946
4990,969
2244,2267
2177,1045
2163,1147
3333,2985
3586,1179
2078,2729
4972,1329
2599,1677
3635,1071
4755,1102
5529,1456
11,905
1673,2451
1220,1917
2948,141
29,3174
1366,1742
2238,1671
3785,1015
2773,2769
3172,2478
3444,722
5839,1853
2146,2082
792,1655
334,777
117,2240
1996,3077
5781,1848
2885,2421
5779,1021
5831,1211
1159,2580
2504,2729
2511,1456
2545,286
3073,2657
3374,1831
738,79
3007,1071
3360,435
194,1147
5627,2320
3084,2257
1981,1641
4868,1514
3474,722
5432,1098
3336,2478
3212,722
3291,1015
4041,15
2747,2837
1456,2924
1370,706
3311,2421
4207,2936
5945,1848
3921,2350
1292,1015
2042,2267
4272,1641
4757,2622
5757,2551
5891,2551
2145,1456
5562,1329
116,1614
916,2421
4718,2859
3622,970
531,1075
5529,2320
2905,1329
4774,1478
4579,2700
1525,435
1172,1071
1568,1071
2132,3099
4307,2012
5279,2145
4346,1940
719,2257
4895,2936
5713,1848
317,1496
2600,2386
814,2302
5289,1520
2309,1456
2214,2350
4511,2946
3611,969
3050,2622
4882,2859
3390,970
5059,1997
4310,2633
4436,2772
2132,1005
2935,1329
4900,1186
3205,2910
5825,2439
1350,969
487,2257
3255,1684
4005,2936
2835,1098
3668,1853
4024,734
2969,1098
2573,1098
2632,15
4291,1078
61,1102
4407,2192
4279,2946
1720,2350
2486,1883
3150,1109
5089,1997
765,2386
5133,1515
5680,1684
856,969
3958,2716
5827,2111
1100,1329
446,2791
1456,964
3851,2095
4133,1027
3594,2439
5719,299
5853,299
4244,1797
3848,1797
2566,2936
3982,1797
1062,1976
1067,2320
4300,386
3245,1504
3324,1797
5511,535
1266,1217
3484,1520
108,1456
5440,1823
2114,560
2520,2002
5493,895
5178,1823
5543,2702
4529,1377
3822,1515
1585,970
721,2622
2853,1653
3711,1684
3179,1823
1004,2910
5102,2178
2521,1823
4651,27
5267,2245
640,2633
244,2633
5621,299
4628,43
1030,1098
4557,1331
2965,524
5023,2824
5835,2702
1299,734
3971,1207
4494,2480
3021,833
5582,1475
1160,1329
2495,2480
2863,1186
4148,2974
4423,735
5266,2178
4280,2901
4615,905
3230,2111
4949,27
5739,146
5702,2708
1614,1684
506,1478
4592,1675
2761,2572
5774,2584
199,15
4115,1521
923,46
4495,1742
5553,141
5858,777
5637,1532
391,185
5899,1532
1934,319
5855,2923
4396,982
4881,2717
4855,1496
3358,1515
4535,2080
1257,2551
1727,2500
5839,1666
3394,2111
3528,2111
1644,1684
1320,806
4436,2451
2908,905
1490,1217
3042,905
3739,833
3766,936
4289,2963
5767,2702
1324,1679
5555,2257
5135,1671
2635,2244
5543,742
419,1078
1217,1058
5661,963
3904,1809
559,1058
2956,2824
4064,1532
4198,1532
4208,2974
1159,299
1988,1844
2136,2496
4390,1702
1874,2496
943,2926
4907,2194
5267,285
695,2824
5041,2194
4425,1696
4590,43
1186,2095
3507,833
1495,2850
3398,1829
2591,43
3969,2584
1331,1695
629,2177
3941,536
1360,181
804,2178
1119,1058
3044,2240
2676,1844
1277,2398
3440,2240
4039,1071
4300,3098
3670,2702
270,2244
4661,3077
1844,1691
3224,895
2300,2496
4158,1702
2656,1377
4939,2267
1553,1515
281,1844
3161,546
3766,131
3403,79
5060,1281
4774,1641
2434,217
3017,2487
469,2080
849,1547
5605,815
2621,43
14,2439
1096,2178
4258,1532
2458,1742
4774,2580
696,2244
3700,2702
4536,722
4902,1045
2094,1465
445,1844
2050,2856
183,1844
3208,927
1339,1532
3547,1147
2275,2974
3562,2179
5090,1281
5657,574
4490,727
4099,1071
2342,1917
2433,1281
5838,2837
1149,2347
2622,1742
3372,742
1178,833
2360,1742
4645,1015
4032,2478
4370,2473
2615,1702
5120,1281
1224,2871
5949,574
233,2496
128,982
4758,1831
3271,286
812,1614
4220,435
4001,1071
4720,2478
903,1917
168,2451
598,1281
226,1675
1007,2240
5463,2936
879,742
1044,3061
1787,2580
2835,1045
244,2
292,982
2998,2729
2573,1045
3394,2729
3132,2729
3656,2729
3435,286
4271,3002
5840,2859
4646,435
1910,2421
2593,2451
4439,2586
1345,3174
4094,2551
3712,2257
744,1456
1494,2708
4443,1015
718,43
2440,2586
5594,3077
2132,2241
2428,1071
4255,964
1784,969
5206,1940
2522,706
25,1742
2413,1702
2213,2580
2499,722
4799,1027
2304,2698
3376,995
4854,734
5812,2689
5887,1520
321,757
5608,2859
2678,2350
4908,970
214,2580
4209,969
2901,1641
1027,1902
3620,574
5566,2633
2295,1831
3795,1329
5006,1478
3578,1102
362,2451
2549,435
5357,15
5261,2936
4158,2320
3358,2267
3492,15
3908,2145
3309,1062
244,2580
1930,3022
1030,1045
2112,784
4075,1504
3650,574
4483,1329
2382,2365
5596,2633
3223,2981
2896,2586
4965,2012
5266,1186
178,1179
5570,2351
64,1831
3567,1478
5048,734
3788,2386
5104,1797
4768,1848
4706,970
4040,1109
4501,1504
1237,1873
4198,1695
4580,2551
218,204
1701,287
5553,2532
2647,3171
135,2421
3803,2859
5558,1186
3541,2859
2841,970
2008,969
2908,2946
4816,1515
1746,969
4423,1032
4151,1098
2451,2478
5634,1181
5023,1027
2786,482
3335,1478
5372,2901
2973,308
4714,2901
4736,970
4214,1797
1728,3022
3987,2572
5460,1967
5818,1675
5217,2963
2882,1883
2870,560
2908,852
5148,160
5311,1844
2270,1504
3306,898
508,2006
3729,1001
4830,982
3966,2634
573,903
1366,2791
1514,2689
1231,2566
2685,1719
173,969
4224,2111
468,2580
2078,1684
4258,1695
5605,1917
5543,1039
2530,1027
2602,903
162,1719
5355,1742
2963,1848
3355,386
2018,2572
5361,2496
2453,2500
2840,2946
4397,2978
2117,2551
1047,1883
603,903
506,970
3689,2891
3575,1823
5901,905
1102,1001
3134,2080
1255,1997
2151,2320
1065,1873
1492,1186
2560,1027
2956,1027
2708,925
3751,1490
4203,79
5034,2451
5296,2451
5781,1742
3361,2244
548,2320
1568,1181
2989,386
993,2936
2399,1109
2003,1109
4644,1515
4799,2584
4415,1655
695,1027
5286,982
4628,2702
5617,1496
2281,299
2809,2670
5887,3077
5142,2923
980,1950
1713,781
2019,299
379,2484
1647,2413
4632,1131
1328,2633
4284,2111
5757,1506
1868,1823
4108,1131
4889,1696
2986,1027
4421,130
2843,2439
4142,715
1344,1823
4677,1813
3526,217
3309,1680
3885,2779
4124,1075
459,908
3153,386
4824,2240
4829,2584
4445,1655
4171,2584
4658,2702
2707,299
967,560
4134,2702
42,970
233,1504
2017,1515
312,2551
2745,2
663,1088
446,2551
1141,1844
2879,2
3708,1547
4037,2769
5876,43
2971,2974
1770,1823
5825,455
3296,1044
3932,2194
2772,1044
3653,2779
1048,1838
346,2320
1485,2593
1877,1131
2355,1695
414,734
493,1027
3153,1675
4965,536
5023,706
4560,2702
866,1797
2794,2496
1340,899
2957,982
1567,1844
44,642
4790,131
2068,2769
4079,2779
4318,1075
2217,2111
333,1684
4951,2708
9,806
1924,546
637,2095
2354,130
3202,1917
4639,1655
36,2629
2092,130
2166,79
1684,2779
218,2111
4077,3083
1214,386
2038,833
3842,1496
4067,1614
3454,3077
2879,2580
854,982
539,1910
1769,1547
678,2
2247,2111
2340,2302
4224,2729
4248,871
2068,1614
4698,1831
2556,2866
9,2095
4875,969
5074,2118
3324,1691
1063,1506
77,1475
5194,722
151,2178
1214,1675
2530,2584
1117,1742
3820,3026
4128,927
69,833
5927,2936
5201,2832
4516,2729
1799,1547
1873,1496
2269,1496
85,777
1747,3077
3865,1456
4161,286
1702,1614
5011,2708
1017,757
790,1532
800,2974
1836,1614
4117,1677
3453,2451
538,2974
4515,2504
5301,969
5342,970
5039,969
5096,2257
5695,2586
3351,2174
4629,2791
206,3174
1529,1844
388,936
2601,141
3335,2580
3273,1702
2877,1702
2963,722
786,2702
4101,3022
524,2702
128,2702
1866,1614
3277,131
4949,2365
568,2974
5768,970
5835,2946
5110,970
2419,2729
2021,1902
2816,2365
1768,1456
5454,2473
5423,908
60,2194
2183,1671
3730,1015
4891,1047
329,2584
959,536
341,1655
1304,1702
292,2702
5402,970
242,895
5099,969
5536,970
780,1702
4772,574
3880,2622
5343,1329
2748,1076
1664,1456
1077,1696
416,2179
3494,2586
1286,1281
4591,2633
62,146
4981,1098
2840,1015
4492,1873
734,1707
493,2584
5925,903
3724,15
109,1655
584,2702
3077,204
4648,2386
5437,560
1134,2580
5876,1950
1206,1702
5440,2551
3752,3002
5178,2551
3664,903
2124,286
5133,1088
4209,2689
3262,2586
3305,970
120,2194
218,2729
1298,1641
317,2708
1800,2791
4753,308
5735,2095
3357,379
5339,2095
5938,734
5270,46
5574,2901
4029,1940
672,2118
1560,2580
4182,2936
5565,2178
3213,2320
4333,2351
1267,1015
1050,2478
2017,2267
5484,1695
1060,722
2021,2386
3475,1539
5020,2500
1126,2473
3249,1950
105,2421
537,2832
2999,1021
3932,2946
3274,2946
5048,1515
2636,2689
5461,1684
3298,1088
2374,2689
2360,2791
3649,379
5765,2095
4187,1186
5703,1217
5839,2044
5300,46
5030,185
4768,185
375,969
714,435
146,1671
361,2791
3950,2936
4084,2936
273,692
3974,1078
5094,1109
818,2478
5111,524
5718,936
5477,1813
5456,936
5583,2963
5110,299
3367,1797
3687,1021
4191,2244
3425,1021
3819,386
3239,1797
1331,784
935,784
412,2729
3306,1329
4498,2926
5212,1515
5859,2080
3137,1520
3180,2910
2486,1001
1006,435
3258,2978
5772,2111
2511,1997
3935,2439
3539,2439
1655,2012
335,2859
5798,299
5402,299
5245,1813
2377,2936
5613,2963
4221,2244
5721,1742
2428,1181
5088,1829
5855,2496
3269,1797
5884,982
846,2782
865,2832
1070,46
4628,1844
180,2729
5347,777
206,1698
2850,1813
5001,140
5639,2871
1196,1848
5377,2871
3770,1032
1965,898
8,2622
242,574
5901,1336
4180,2593
949,2910
5453,2866
5718,131
2516,1186
5456,131
5895,1521
103,2859
1478,1719
2328,1889
5912,936
4468,27
4745,2779
5254,936
2140,1838
5304,299
5650,936
5427,2584
5439,1655
4436,2963
1877,2367
2880,1813
3751,2860
3305,299
4000,1844
4396,1844
3951,2891
1365,2192
964,1848
5508,2923
2306,2480
4811,1305
1306,2551
2135,1844
4733,1614
717,2910
2348,2891
2936,2095
1012,1515
5150,1902
5451,1076
1512,1838
273,2115
5591,2584
5011,777
4440,1742
3681,936
5190,2240
747,1217
3863,2670
2020,2244
5050,1671
1390,1848
1782,386
4934,1496
183,2572
1028,2398
2074,2480
1943,2963
3421,2702
1285,2963
449,1001
4590,905
321,1001
2599,1547
479,2341
4560,2194
3178,473
2529,27
3045,1075
1336,2901
3160,833
2609,3174
3946,1742
78,2936
5890,722
5938,1702
3832,2394
4109,982
1366,2551
3133,141
2591,1844
2601,2532
4793,1614
4576,3077
842,299
3569,2923
3951,3025
5861,2421
4573,2779
1987,2080
4695,1456
1725,2080
2496,1957
1295,806
5820,1831
2535,1131
345,1186
1527,2095
1823,925
2552,546
3010,2178
869,2095
5735,969
2132,1680
2987,2194
5244,1671
1923,1506
932,1131
4982,1671
3943,1070
4309,639
3390,2584
4732,1496
2268,2480
2944,777
1239,1813
1134,299
2727,2240
3123,2240
5250,927
2097,1844
2983,1671
2205,1377
4817,1045
2471,1496
4725,1456
4313,2451
1732,2096
1109,2871
2723,27
4211,2174
2717,1902
1323,1110
5946,2478
779,2178
1918,2451
698,1058
724,27
786,905
1995,1917
1560,299
873,1813
3432,1655
4610,1102
902,299
3383,2702
1093,833
1036,299
3980,706
117,2244
4061,2580
3152,2769
2501,1496
5051,286
390,1844
5517,1025
5709,1456
5906,46
128,1844
2726,1614
2757,927
3922,2421
1005,2117
5854,3077
1139,2871
2653,2267
5602,574
1704,421
240,1496
4411,1831
2169,1696
334,1131
747,546
4255,2981
1645,1696
3075,455
4269,435
1662,1865
292,905
1328,299
1713,1830
469,43
73,43
4194,1015
3932,1015
788,2240
1149,1465
5215,286
734,2943
2525,927
2998,1147
2524,1456
2911,1902
757,1614
4045,1831
1675,1696
3943,1554
3550,1071
3698,969
4037,435
1029,2487
4279,722
13,2779
3750,2822
4738,482
433,1675
5374,2386
1740,1532
2555,927
3109,2267
2122,1045
1284,1666
3954,3002
5709,1329
1459,2421
3976,1071
3466,969
3941,2016
257,1045
5250,2700
4171,2478
418,1902
5248,1873
4083,379
2519,2586
5382,1873
5413,1186
2068,435
1467,969
104,1742
2358,1702
5176,2936
1700,1702
4085,2145
1896,2580
1146,2082
4864,1883
5099,2689
2852,1456
2248,2473
322,100
3758,969
1012,2267
2354,1179
3827,574
3892,969
2935,2622
5711,1001
719,1456
5342,2824
5414,2700
4811,2407
1497,969
3054,1001
79,1281
4810,2936
4944,2936
3017,1873
4433,734
4512,1027
3853,2145
2793,2165
2645,15
5737,2572
660,1034
5434,319
4883,970
4227,1797
5741,1001
1391,2421
5899,2341
2008,1831
621,1456
2579,2586
5423,1823
5070,15
1923,969
1701,2088
2399,898
3280,2633
2533,898
3804,1098
4938,1027
1980,722
2919,1873
2809,15
3717,1853
1165,738
4713,1848
4651,970
4389,970
29,1702
2018,2145
3857,1109
5536,2824
4830,1844
4608,2963
5305,2891
2452,1848
1342,815
402,1883
4516,1684
4163,2320
279,2981
1547,2910
4028,2095
4706,1027
4659,2901
1942,1719
2577,15
4093,46
5194,27
5825,833
4421,1797
2760,2351
2841,1027
3940,181
4860,1844
3446,1366
3826,833
211,2473
3105,1073
2482,1848
2525,2484
1671,852
1721,969
2882,1001
4133,1515
1770,2551
1703,1329
5462,1131
4736,1027
5276,217
3195,185
5612,1075
4189,1797
2594,2439
5531,1675
2530,734
749,1186
2134,734
3421,905
5286,1844
5038,1742
5511,1962
4939,982
3941,2634
2062,2551
2136,2500
5442,1823
1874,2500
286,903
3421,1844
280,2586
3174,1186
4382,1064
5469,1147
1047,1001
4290,1475
4770,2866
585,2633
5627,43
3369,2593
874,2012
4979,2451
4903,1675
2095,2095
168,1032
1637,1217
4330,1813
4705,936
5231,982
2354,1797
2092,1797
4086,2584
3055,1844
2833,2963
5216,859
2793,1844
2571,2963
2836,2480
615,970
4049,2702
5174,3077
5391,1614
353,970
2593,1032
3754,1064
5808,1902
3919,1131
3175,3077
1205,1186
2125,2095
2957,905
3360,386
3788,833
4970,1742
3941,1829
706,2936
2277,2866
4512,2584
4116,2584
329,734
3849,2240
3491,2532
3945,2702
3219,1844
3747,1963
3105,2496
4230,2871
3519,1547
3989,1496
2476,982
3467,3077
2257,120
660,2941
5469,1281
4705,131
4777,2451
3798,1147
3598,2779
616,2080
1736,2111
4903,1809
5008,1071
3896,1655
1926,3174
3249,1844
3001,1742
129,2901
1576,1075
1896,299
4143,1532
867,386
471,386
5079,722
3683,1547
2721,2856
2592,2
949,2670
902,2824
1028,2963
3235,3077
3893,3077
1463,2891
2244,2702
2550,2974
2610,3025
1492,1377
261,1515
3170,1147
1883,2696
5271,1831
5926,2257
3617,146
745,3025
4642,1071
2942,2451
258,1217
3238,1281
1414,905
2138,936
1142,217
1792,299
1880,146
873,2244
4569,1532
1740,1829
4073,2082
1067,43
98,181
3897,1102
400,2963
3399,3077
3717,1666
2012,2702
2714,2974
2962,824
2848,2974
2108,3164
3476,1045
933,982
2500,1702
4458,2832
4167,1902
4905,1831
5301,1831
3914,1456
4643,1831
5916,2858
4558,969
1182,905
2870,2174
1810,2194
2013,833
2665,2708
2269,2708
5263,2478
1782,146
2341,1830
536,1696
835,43
1446,1917
2382,141
3927,1102
5489,1478
1196,1742
4943,2473
2042,2702
3415,927
2592,2580
59,1515
1650,1131
5929,2689
1168,3077
4807,1831
1519,1614
5640,2586
4850,969
4982,2586
5488,2946
942,1044
1561,2779
4121,2257
1578,2194
4664,964
4838,2837
232,130
741,2451
3533,3026
3218,1702
5640,2936
1440,1671
2512,722
1452,742
3448,2164
5342,1027
1720,1496
273,1070
5414,903
3712,1456
2483,2421
5014,969
5117,1848
5122,2192
1805,1045
4752,969
3795,2622
2391,2832
4862,1329
2401,1830
5352,964
5016,1015
5661,1719
2343,1071
3048,2580
806,1691
5804,2936
5408,2936
2375,1548
5768,1027
5414,2192
787,2580
725,1702
2251,2421
5085,970
5258,898
1736,2729
1815,3022
2159,2832
4193,574
4764,1329
4368,1329
5711,1671
539,2451
2726,435
2769,1071
4710,2786
3025,2946
2590,574
1564,2622
5429,1719
5346,1684
1003,1831
5717,2351
2785,1015
2644,2473
5115,970
555,2580
889,1702
3549,2350
4485,574
1341,1045
1900,2729
4887,1520
3758,2689
907,2473
3892,2689
5690,1844
2813,969
134,79
2916,1848
3152,435
2255,2139
2649,1504
2224,574
5932,1377
3258,2551
3646,2633
334,1830
5487,734
404,1071
5858,2367
273,1554
5696,319
2609,1324
3999,2936
585,2580
919,1702
4521,1520
2191,2504
1929,2504
3020,1797
5582,1910
2581,969
3018,970
616,2832
1624,2622
3319,144
4993,1515
1987,230
2825,1329
2957,2946
5635,982
452,1677
4612,1823
1303,2981
1372,2586
976,2586
582,969
3259,1032
263,435
2295,1514
2792,2320
5445,1797
3767,2936
2729,1217
2326,46
5884,1844
3740,2244
4454,833
3370,1021
3444,970
1372,2936
3764,386
5023,1515
5508,2496
5799,982
4386,140
1194,1883
2197,1329
4234,308
2797,570
484,969
157,574
320,2258
4059,2936
4749,1131
1536,1997
5227,1695
3083,2095
3714,2901
4598,181
4049,905
1511,1940
5666,1742
2519,2696
1798,2936
690,1976
3212,970
5342,2584
4946,2584
4958,1655
763,734
2778,2398
4311,1844
1905,2244
1475,970
951,970
2530,1515
3707,2080
4944,2696
5859,43
4890,181
1803,1186
5115,299
4428,2779
4220,386
5474,2861
3545,971
4390,43
3137,2866
458,1976
1530,1027
5267,1070
2469,2178
924,1217
2794,2500
4988,1655
5946,2856
3592,2480
4805,2702
3697,1742
655,46
5798,706
4187,1377
847,970
4627,895
711,1109
1117,2551
2956,1515
1416,898
2254,1997
2665,777
3336,982
3663,1377
2076,2634
526,1329
130,1329
4552,1475
4943,1131
5431,131
1926,1377
1437,1186
5771,2451
4341,2194
4458,2779
695,1515
4475,2194
5530,1830
4158,43
1350,1217
1513,2901
947,46
2237,2178
3696,1675
4873,2240
2968,936
4494,1655
1650,3172
4828,777
4969,2702
4707,2702
345,1109
2986,1515
3318,2
4610,2769
3959,1496
5112,1475
623,299
1891,2480
4229,3077
3281,120
4184,1614
5158,130
3222,2923
844,1207
3255,2871
4535,905
2597,2871
4863,1902
3741,1044
5303,2174
4243,2194
4188,43
1180,2095
2969,1696
5593,435
3521,2963
3495,1742
2227,2779
1733,2244
3629,1742
4025,1742
4949,141
4379,742
5429,1532
5835,722
3398,1809
2909,2584
2188,2824
4521,3077
3346,895
1260,2963
787,299
1616,1844
1630,1742
1695,2891
2476,2702
3574,2974
4610,1614
1433,2891
4322,1147
4799,2267
1240,2496
2016,2717
5729,2174
1635,3025
5532,1071
5267,1554
5623,435
5007,2189
989,2850
2584,3174
2274,2194
3026,1829
5944,1015
481,1131
1823,43
4939,742
3545,2394
2934,2240
1571,2451
1891,1675
2951,1655
1686,2963
4289,3077
581,1520
32,2244
2456,895
3652,1702
503,1829
2282,742
3039,721
1299,982
1024,777
628,777
2906,1131
1605,2974
4554,1281
4201,1917
273,2306
2769,79
2683,2779
1406,1044
3058,1902
3534,1831
2159,2779
3592,1809
5371,722
2012,1039
360,1901
652,1521
91,3174
2932,2702
4078,1702
3816,1702
4993,2267
3554,1702
4863,2386
446,2584
4565,2729
1695,3025
1769,2974
2440,927
4322,1281
2042,100
4348,250
72,1619
2336,2267
5856,1329
2151,43
3727,1071
4123,1071
3613,969
1357,936
3282,2118
4170,2580
5023,2267
3670,722
5891,734
4864,1456
1204,1071
4499,15
4268,2334
4378,1940
2730,100
651,895
5871,1021
5343,2622
3111,2421
5945,970
5642,969
4685,2622
5031,815
4850,2689
3728,1831
5624,1329
440,1614
5438,2859
3903,2586
1355,2179
873,715
5570,2786
867,146
5853,2320
2231,2981
1467,1831
5839,170
2354,1102
4424,2473
2092,1102
1462,706
2073,2580
3752,323
1749,1702
1305,722
1780,1015
2530,2267
4715,2622
5916,1329
379,1496
2201,1045
5520,1329
5014,2689
2371,1456
1975,1456
1357,131
3112,2622
202,1045
3001,2791
3309,692
3393,1329
4506,2633
5158,1098
5621,2320
3487,964
1264,1071
1477,2118
5434,1181
3555,1098
659,1671
1445,2580
2560,2267
275,742
409,1496
2697,286
5236,2859
4462,1021
403,927
4140,970
5260,1001
4864,1001
5394,1001
695,2267
4014,2551
536,1456
1661,1831
1265,1831
2521,2689
5584,1098
1442,969
1161,727
4222,2473
5464,1181
1871,2580
4116,734
439,742
3851,1217
2476,2165
2469,1186
5855,2500
5079,27
5781,299
5545,1520
5941,1520
1598,2421
510,2837
1336,2421
2256,1078
3782,2551
5502,1823
600,286
4459,2012
1868,969
54,1281
4197,2012
1344,969
4078,2320
1139,2257
4537,2080
1588,1329
5614,1475
4540,2351
1257,2478
4344,2439
4621,1027
1,2586
4082,2439
5916,1813
5575,1520
3916,2901
2361,1252
4489,319
4305,2484
1977,323
2524,2936
4396,1848
2658,2936
5,1015
4163,1088
2019,734
3655,1813
5585,895
848,1677
1939,970
3455,1001
679,2622
5906,721
2688,1997
3168,2634
219,1883
3309,2115
31,2586
1712,964
4389,1027
3059,1186
5374,833
2666,3177
281,482
2292,2936
4818,386
5112,833
2311,734
2450,1078
1851,2439
1094,3022
3406,2398
4543,1844
4321,2963
1938,903
5799,2702
4281,1844
3534,2583
4597,2080
4728,2563
3253,2341
2852,1997
4335,2080
990,1329
3301,1823
88,2689
1936,1207
3689,2871
4682,1629
1686,1032
5819,1075
762,2633
5691,1829
1909,323
2456,2936
663,1873
694,1186
4818,1675
1614,2095
819,2386
3849,1813
2111,2901
3405,833
4747,2963
4983,1742
5337,2240
770,1181
4884,982
44,1077
2308,971
4973,2717
3624,2634
2096,1088
1509,1520
1588,1813
43,852
2352,2963
103,903
2407,2670
2708,1844
2787,2891
3864,1532
4467,1044
621,1997
2104,2080
4914,43
5896,1830
4662,2451
5646,1655
2692,560
200,1186
5893,1532
2531,1366
5635,742
934,1181
5769,1496
249,1078
3000,1844
2652,2824
2179,160
2382,2963
4985,3077
1673,1520
3495,1823
4374,2923
2476,1844
728,2244
3336,2702
5074,1614
3751,1254
1655,2634
3239,2769
639,2926
5491,1902
477,1844
530,1478
1746,1217
1335,185
2498,1044
3630,146
3752,1075
4781,1742
2234,217
5799,742
3275,1675
3624,1829
353,1027
1557,1695
172,2901
1237,27
5017,706
3444,141
4774,1702
2981,2891
3366,2702
2258,1742
4598,2974
496,2244
128,1848
1229,1829
3531,2769
4250,1702
1005,2121
4873,927
3276,1496
210,160
2908,1100
5521,1902
5268,1456
2787,3025
206,2670
154,2480
5302,286
1713,895
3609,1147
2932,905
3543,2779
3708,372
2875,2091
135,925
1482,181
2074,1813
933,905
3696,2240
3020,1691
2314,2963
1106,833
3742,895
1655,1829
416,386
812,386
1393,1829
586,43
2451,982
2308,2394
1976,1655
847,2824
3440,1496
3803,2302
2712,757
3531,1614
3135,1614
4199,2302
5298,1456
1146,2891
2873,1614
2293,3025
3604,372
3552,1902
3590,2194
2108,993
3049,2779
1535,1131
3725,1830
874,1614
877,1131
1748,2178
2491,2451
1901,3174
2964,1917
2568,1917
5445,1102
1639,3174
1243,3174
1804,1521
5841,1102
1377,3174
952,2244
4658,722
5487,2267
4495,2421
2707,1702
1299,2702
2471,2923
359,2080
94,2563
1706,2302
219,757
3085,1281
857,1044
1977,1075
1359,2194
2422,1691
3697,2791
5517,1513
2286,1830
3628,742
1561,608
2356,1071
599,1917
1366,2584
3833,2837
879,1742
2763,2923
1625,1532
2501,2923
5135,2350
629,1567
973,1377
1093,1671
1659,2082
2366,2698
5943,574
2104,2698
5463,903
977,1496
791,3026
806,1614
240,2923
1854,79
2685,2451
4137,969
3922,815
4214,435
4340,574
4610,435
1048,1147
1117,1506
4200,2257
4515,1329
5707,482
5311,482
1725,608
2124,1071
4433,738
439,1039
5052,2473
2471,2118
251,1742
1813,2118
1543,2257
812,1809
5839,1540
5317,3121
4138,1729
143,896
2032,2421
5289,1073
306,2580
244,1702
4399,1504
5915,1535
4108,574
4545,1329
4612,2551
1253,1902
4679,1329
2521,1831
279,1696
5845,15
17,1696
884,1281
1713,574
5928,1181
2750,2822
489,1691
1153,1671
2335,2580
5451,1027
1299,742
1894,2837
1701,2442
3425,1456
240,2118
897,927
2559,2473
5090,1021
4830,1848
4331,969
408,1702
1934,2421
1970,2832
4768,970
5365,2946
5484,386
1708,2832
2155,1831
3149,2689
2728,969
5112,1719
5511,2182
1877,574
3751,1067
3914,1997
5383,2936
4939,971
5696,1181
2117,2478
5085,1027
319,1071
1835,1102
2979,1719
4823,1027
4875,1217
5523,2192
3780,2936
3797,2351
3518,2936
786,722
734,532
4798,970
5194,970
572,1702
5472,160
1980,2365
2106,2504
5373,1844
2372,903
2995,1848
4512,1515
1838,969
3853,2633
2344,1329
926,1641
1015,2622
3548,1997
683,1883
4139,1684
4509,1217
586,1950
235,969
5202,2901
2485,1719
5799,905
5224,970
530,2580
1982,1098
2030,2078
5098,1797
4475,2572
5764,160
3305,734
3974,1058
4454,1695
4941,1813
3655,2244
4202,2413
2963,970
3940,2413
4542,1515
1703,2622
1937,574
4938,1515
5714,982
5541,2717
2508,1329
2112,1329
866,435
4365,1064
251,1071
194,2257
312,2478
2504,806
446,2478
4484,1695
401,1015
3018,1027
4453,130
1688,1940
4950,936
3972,1520
4738,299
2506,852
3709,386
1713,2936
5581,1742
159,2421
2793,1848
2867,1797
5453,2496
4706,1515
4102,2532
5086,982
2538,1329
2560,1088
3568,1844
3979,1186
4765,2095
1888,2910
4975,2871
1986,1001
2841,1515
1738,1653
673,1329
1786,2633
643,898
5908,43
3444,1027
4483,130
4557,79
5522,2451
964,1478
5441,1331
4167,833
640,2320
2823,1848
3198,971
311,1098
5087,2496
1878,2572
1104,734
708,734
1833,1109
2239,1797
3860,1844
446,734
4132,2532
4720,2702
5116,982
5465,2856
2980,2963
3350,1742
4804,706
3133,1515
3182,1377
3221,3025
3935,1614
3474,1027
1340,2115
5948,2451
1061,2700
1424,308
5379,1742
3641,386
4871,777
3279,936
4024,1844
2563,1520
1455,560
3380,1742
3366,1844
2669,2670
1936,833
530,970
984,386
664,970
4062,1547
1070,160
3965,1614
5011,1696
1728,1823
3063,2974
1862,1823
5921,1917
2066,1064
4420,2194
4776,1075
5218,2174
2632,1475
5805,1742
3483,2779
4555,1830
5085,2584
847,1027
4056,1917
360,2629
3641,1675
2896,1521
2538,1813
4474,2430
2593,1520
2963,299
3792,1844
4864,895
3148,1742
3678,2496
4416,1671
5166,2923
3659,2
1284,1967
3450,2080
2774,777
4436,3077
3140,1100
1571,2963
3250,706
1447,1207
2830,120
4129,1614
4260,1131
3516,3077
4656,1131
2341,895
2785,2629
5211,1353
3975,1147
1050,982
1003,2856
5079,2365
2400,1475
2443,2111
3572,1696
3737,43
2782,79
2916,79
4452,2240
3836,1742
4978,1532
702,2901
1702,386
3312,1742
5335,1015
2458,2584
686,2398
2819,1809
1823,1844
2769,2
362,1520
2564,536
943,2963
1313,1742
4190,927
5776,2451
2861,2974
4086,2267
3716,1044
3757,1045
818,982
1673,1496
2425,1131
4703,1677
1898,1614
57,1823
158,2629
3095,1865
2140,1147
3604,1742
5292,2257
474,2111
431,1475
3208,2708
4634,2257
5262,2580
5415,2822
5596,1702
5682,722
642,1695
3400,2878
4379,1738
2221,2240
745,130
2634,1655
3109,2702
75,1813
2847,2702
3972,3077
1107,2963
1804,2891
238,299
2215,1671
2401,895
4116,2267
4407,753
5265,784
2092,2769
4606,1902
2099,1496
361,2584
934,2
3921,1045
1684,2974
5744,1950
4237,1281
2714,79
1074,1702
1747,1044
2110,1096
2607,1902
5453,742
5527,969
1512,1147
1932,43
5440,2478
5791,1015
2580,2708
5529,1015
1866,1675
3593,2118
1022,2451
3474,706
5912,2473
4076,3026
5153,2421
5650,2473
5287,2421
3165,2580
1360,2
4121,1456
1419,3026
5712,1072
1727,927
767,2871
1104,1702
3062,2832
5598,970
452,1547
5908,1950
4273,2227
5405,1329
4654,2858
1314,2451
1448,2451
3239,435
1040,936
1537,1742
919,2861
4983,1047
1702,1809
3923,1067
4485,3022
4444,15
2957,722
5564,46
5643,339
154,2240
887,1071
1128,2
1482,2974
2122,1614
1592,2580
5890,970
1134,1702
2311,2267
5690,1848
4630,2622
1206,824
160,1496
1982,1045
3532,2350
4764,2622
5120,2257
2152,1456
4929,2689
5435,1329
5502,2551
5569,1329
5443,2910
2024,1456
3531,435
3309,1554
5917,2012
3326,969
1512,1281
5342,1515
416,146
538,1075
2258,2791
2597,2257
4811,1098
847,2584
859,1655
5735,1217
580,2240
1106,1532
5660,1797
5319,1504
2812,1098
1750,1045
5666,2551
5599,1329
3498,2365
3236,2365
1087,2421
1040,131
3397,970
4627,2859
5584,1960
5768,1515
2767,574
733,2832
3336,2946
3338,1329
5261,1684
627,1655
685,1071
3345,1719
898,2118
3859,1940
4012,2936
5884,1848
4146,2936
1128,2580
4110,1027
5562,1797
116,2082
835,1015
3737,1950
855,2421
4071,1072
1025,2832
3628,2946
4024,2946
3301,2551
474,2729
2301,2622
2535,574
4968,1997
2070,2689
3524,1842
4360,2114
1161,2878
3941,2130
3292,1684
1785,1015
4042,2936
3789,2490
4140,1027
3923,2490
2875,2335
232,1102
4666,319
4832,1520
4163,1950
3257,1848
2197,2622
824,2145
5946,982
583,3022
958,2145
3136,1329
545,286
2740,1329
4344,1207
4082,1207
4156,1910
5238,895
3746,2012
5439,2871
1256,1021
566,574
3570,1032
5770,1695
4027,2439
5739,130
5112,1695
2041,15
2516,308
4412,560
396,1102
5267,1074
3599,2901
2341,2936
842,2320
1964,734
3089,1109
3166,1329
3259,1520
5530,895
531,1677
2456,2859
5815,1064
1319,969
3791,2320
164,1883
334,574
1299,2946
1366,2478
2870,1186
3350,1823
779,2910
4057,2439
3790,2095
2212,1186
4287,2901
4884,905
3466,1217
4956,27
219,1001
3784,560
4739,2244
2633,2936
3713,1848
764,1097
5404,2634
3659,299
4488,1844
4226,1844
4770,2496
1719,2192
1526,1797
526,2622
130,2622
4280,2080
3208,777
429,2689
1069,1329
4087,2439
4608,3077
3820,2095
4828,1131
1017,2859
3615,2629
4914,905
4562,2584
4055,2901
5483,833
4884,2194
3091,1131
4612,1506
5252,146
4006,1696
1036,2320
1284,170
1366,734
1841,1027
4914,1844
4093,160
5020,2240
5774,2702
5724,895
4034,2963
3165,299
118,3177
4118,1910
1616,1848
3187,2532
4171,982
3634,777
2094,160
2701,2824
4215,2974
4349,2974
2470,2891
5665,665
5641,79
5097,1147
1881,2496
5078,905
1530,1515
2395,2717
1328,2320
1589,2095
3306,130
3702,130
4550,1917
1005,2044
2113,560
4172,1742
1359,2572
5445,2769
3277,2583
1331,524
3726,1655
3664,777
3447,2240
5326,3077
2693,2532
1592,299
2199,2963
3281,2702
4623,1614
5342,2267
4946,2267
3542,2477
5698,1902
5340,2194
1756,2393
5013,1045
1678,982
3552,1475
3020,1614
3023,1131
2758,1614
5067,1281
4375,2451
4318,1917
4714,1917
2847,905
6,1377
1121,1064
1596,2111
1200,2111
5336,1671
2132,2091
334,2936
5086,742
800,2177
1397,181
2085,1521
894,1058
1252,1520
1226,299
703,2244
4832,3077
1888,2670
331,386
4195,1702
3959,2923
1679,2496
452,1844
586,1844
5359,1281
2571,3077
2526,1614
3226,2779
2083,1044
5116,742
2726,1675
2330,1675
1635,130
3262,1655
1390,299
757,386
4359,1702
5431,753
331,1675
2134,982
3631,963
4811,1045
1251,2584
2593,1496
525,2480
5260,871
4981,1456
220,1844
4719,1456
4148,2421
4831,2451
502,2496
5856,2622
4006,1025
654,1547
2973,1902
5363,2689
2720,1456
3016,286
4227,435
622,319
773,2178
3555,2257
1672,2240
5407,1456
2499,706
1506,2702
2705,3026
1936,1532
1540,1532
2452,2580
1657,2871
2842,1045
5624,2622
388,2717
2976,1045
1255,2302
2488,1456
1999,2985
2238,1281
2677,1917
3229,2622
3790,969
5158,1102
1004,1902
646,2194
2330,1809
4109,722
525,1675
678,1917
2063,1465
1340,1070
3057,3077
5168,2082
1090,141
4705,2473
3127,1564
1704,1532
2554,1702
331,1809
2872,1045
788,1496
3923,2437
848,1547
4358,2365
3952,1677
4301,1831
4664,1883
5199,2981
37,3025
355,1614
4421,435
212,3026
489,1614
2368,2451
3655,2622
1855,2832
1726,732
1564,1902
3148,2791
2780,2395
3186,3083
4268,2822
4614,1015
4664,2822
5212,1873
1778,141
1545,1071
5530,2936
5843,1181
5664,2936
2219,1015
1957,1015
3915,2145
2012,722
5352,1883
4044,1801
3374,286
946,927
5803,1001
3919,574
1596,2729
4490,1329
2332,1831
4228,1329
2824,1539
1375,286
4234,1475
1091,1281
2233,1071
533,2451
476,1917
3542,1001
271,2451
4235,1719
4631,1719
3342,2633
3080,2633
4472,908
1232,1671
3991,46
281,2580
3037,2936
1846,2473
4453,1797
43,722
2398,734
1787,2832
975,1456
2840,1641
1405,286
3734,1329
5899,308
1623,1677
2354,435
965,1677
2147,2586
5437,1186
1588,2622
2092,435
1426,574
3847,2926
5643,1254
5884,185
1682,2257
3958,1976
3013,2700
2151,1015
5556,319
5456,2367
3572,1940
3346,2351
49,2580
4483,1797
3201,2936
4481,970
4221,1797
5593,386
5890,2824
1817,2832
2264,1831
5318,1844
877,1456
2453,2484
2804,1021
2482,970
2609,2243
4918,1910
1852,574
1917,969
1172,815
3536,2633
5372,2080
5194,1027
5409,2901
5147,2901
5682,27
1864,3028
2609,3182
5062,319
3231,2936
2419,806
361,2478
4781,2551
2274,2145
1878,2145
4490,1813
3041,560
4603,936
5047,2670
4653,299
5391,2480
2617,2484
2908,970
5896,895
2708,1848
4621,1515
2451,2946
2258,2551
1862,2551
2191,1329
2893,847
1929,1329
4519,2901
3261,2936
1762,2320
5823,43
1896,2320
2567,1027
2622,734
2360,734
5512,1844
3000,1848
4500,1346
5002,2496
2416,1797
2010,1109
2471,1504
2080,1848
623,734
1650,574
1531,2572
2476,1848
4389,1515
5136,2496
5427,982
3513,1844
5912,2717
3266,1186
3789,961
3152,1838
222,1329
5495,2779
4425,2111
5719,43
4855,1695
1634,2700
1613,1823
2652,734
5501,1281
1043,1478
5148,1917
1139,1940
4924,2963
4112,833
3026,386
3160,386
4440,2584
5166,2496
2344,1520
3187,2963
3543,1844
4262,777
4799,2702
5239,2974
3360,2891
4437,1532
5904,3026
3389,1377
111,1848
4292,2871
240,1504
1499,2633
57,2551
5836,1917
1777,1823
3969,905
2613,2095
734,2012
882,1910
773,1186
4068,130
1456,2936
3880,833
3911,146
4033,1829
4470,1830
1230,2593
4965,1809
1995,181
4354,1655
238,1027
2191,1813
1384,27
2086,299
2482,299
1929,1813
3049,1844
3311,1844
905,2244
1191,386
4171,2702
5851,855
2188,1515
1529,2633
1622,2824
28,2910
2247,2095
5208,1917
5399,2451
5003,2451
1646,2629
4103,2194
4306,833
674,806
4562,2708
1919,1475
3848,1675
2392,1695
847,734
4768,2584
4045,2189
282,925
664,1027
3988,1655
5313,2118
5194,706
3475,1844
1617,386
2905,1691
959,386
465,817
2507,2584
3080,2
5671,1045
2336,2702
2286,895
1293,2891
3812,1614
472,1207
1427,2891
1322,1377
5739,1179
704,2496
3672,1045
3658,1147
3971,146
5363,1831
4967,1831
2563,2866
180,806
1633,2178
2626,936
1244,905
2760,936
5676,1015
4805,722
4853,1702
557,1695
1159,43
2764,1809
4939,722
959,1675
1778,2532
2375,536
307,1520
947,160
281,299
1891,1655
45,1520
4608,2837
862,1742
1244,1844
2500,2702
1392,2496
3202,2974
3276,2923
3964,1045
383,1515
763,982
5393,1831
3495,1506
2113,1475
272,1684
5633,2981
726,1100
4124,1677
1149,1957
2047,855
4089,2622
2260,1902
2105,833
23,2111
2757,2708
5231,722
4329,2082
2899,1071
60,2178
2305,2584
5213,1082
918,2963
2692,1532
3521,3077
2530,2702
5068,2421
183,299
5431,2473
1776,742
3080,2580
1191,1809
3772,2164
1648,1496
5915,1539
1918,3077
3640,1456
431,1532
1293,3025
5336,2586
2545,2421
709,2974
2760,131
236,1064
5019,435
5062,1071
2290,1902
3902,1641
2028,1902
906,1044
1787,2779
2525,2708
5152,964
355,1695
3020,435
1082,2963
1335,1157
1980,141
2560,2702
3074,2923
3258,2478
2786,1702
4753,2386
1836,2082
4066,1456
482,1655
2677,2698
5688,1883
1218,757
822,757
2837,2421
1672,927
4318,1677
5445,435
4710,969
787,1702
3688,1281
1501,1045
1487,1147
3017,1076
4448,969
3555,1883
3192,1831
4844,969
4954,1329
46,1475
426,1696
1259,2451
658,2985
3547,1241
5522,1032
5781,734
3308,2164
2506,722
5519,734
104,2584
734,536
116,1655
3834,1456
329,2702
902,120
5408,903
1060,706
5835,970
5774,2946
4943,574
5581,2551
1828,2729
1869,286
5718,570
4730,2910
740,2421
3271,969
5614,1910
1161,2451
5743,2320
2542,2257
1095,1831
5890,1027
4133,1873
3775,2165
3902,1186
2780,1082
1278,757
5739,1797
3903,2350
5799,1848
1062,2822
5857,2018
4246,2689
2295,286
1899,286
4979,1520
5058,1813
1737,1456
4834,2859
5698,1207
3447,2484
4572,2859
1635,1179
5451,1515
3911,898
3350,2551
3021,1329
3574,1478
382,969
3804,1940
153,1671
5767,970
5371,970
2188,2267
5567,1848
5379,2551
439,722
5453,2500
5117,299
3751,1555
3434,1848
3172,1848
276,2421
2742,574
5085,1515
5481,1515
2917,1329
322,1076
3051,1329
4121,1997
2393,1329
1395,2981
5597,2629
674,969
660,1071
808,969
412,969
481,574
794,1071
1446,2946
4805,185
341,2257
1117,2478
1468,1015
2951,1098
3749,1078
3895,2593
3284,2439
5476,1521
5173,1520
4777,1520
5892,1207
3140,970
2870,1109
3577,971
3274,970
4833,1829
5891,982
3148,2551
1701,2125
1634,903
937,1729
3977,1844
4734,1823
4868,1823
838,969
1454,3187
5805,2901
3250,1515
1500,1088
371,2257
5319,1695
2211,1823
69,2858
5544,1813
5523,936
5835,299
3544,2901
5657,936
4915,299
5125,1829
3702,1797
3306,1797
3366,1848
4252,1675
3954,2018
2450,1058
4050,2480
2942,1520
4057,1207
4141,1844
5079,141
5263,2702
5559,1532
1316,2822
4002,2439
588,1329
1760,1550
3764,3025
3396,2629
4743,1131
5483,1695
5949,936
4963,905
164,1001
2815,2095
1622,1027
5414,777
3870,2670
5427,2702
5327,1532
5438,2302
2468,2926
902,1088
2564,2634
3199,1684
1036,1088
2667,1823
3508,2439
5657,131
4000,2901
3241,2095
390,2633
5371,299
5185,1075
2779,1475
981,2320
4214,386
5890,2584
3252,1695
444,2115
1442,1217
2001,2901
5232,2584
1524,1027
4241,2963
2336,905
2670,27
273,2233
2012,27
3194,936
4027,1691
4116,982
4252,1809
843,1797
1299,1848
967,1109
3212,1515
249,1058
1901,2670
2608,2532
3898,2974
4538,1614
5949,131
5472,2421
5007,3077
4993,2194
4093,217
2804,1131
2945,2302
3151,2178
1272,2095
4171,1039
1769,2901
1010,2095
1843,2850
4379,1742
1044,1679
5251,1671
2228,971
2281,43
646,2572
5061,1547
5799,722
3001,2584
3574,2
4873,1496
5334,2837
2772,2532
1970,1844
3522,1532
1149,160
588,1813
1722,1742
3176,895
3800,2974
5240,2421
1885,982
1283,2634
1508,1032
2365,1619
847,1515
2067,2716
2666,1547
5119,1902
3278,2111
4761,2194
4859,2729
4470,1456
3057,2866
466,1823
2405,1957
4270,644
1799,2901
2530,905
2134,905
2831,79
4221,1691
2707,43
1996,971
5158,2769
4050,1809
5908,1015
3427,2584
1276,1813
3738,2
3072,141
4777,3077
2148,1742
618,1813
909,299
2134,1844
752,1813
2282,1742
3390,2702
4536,1702
4589,3026
5023,100
1655,1809
595,1829
5643,2437
445,2824
2382,3077
5682,2365
4634,1456
1146,2871
86,2891
731,2629
5640,2139
3133,2487
2775,2779
3026,146
5130,2791
2926,2194
3160,146
603,1131
1038,305
5878,964
2032,1917
2794,2240
3090,1070
1815,936
4136,2118
2050,1742
625,1829
4976,967
929,2240
571,2532
800,140
4530,1456
2150,3077
3831,2421
1995,2974
4414,1281
1673,2923
4918,2504
1981,824
4548,1281
5405,2622
5814,1329
1417,2179
1214,130
1160,833
609,3174
678,2779
3904,2118
4014,2478
1051,1829
2952,1671
385,1968
3628,722
1622,2584
5665,2145
5345,2729
4990,286
793,2702
1366,120
2300,927
5435,2622
2773,1147
5569,2622
861,2082
1342,665
3983,1071
3735,969
3473,969
493,905
50,2779
3782,2478
67,2194
57,1506
301,146
3921,2822
1316,2635
3871,1015
4962,308
5829,2145
5209,185
4787,2936
205,1377
721,1671
531,1547
2852,2729
961,1131
361,2267
3241,969
717,1902
1051,1024
206,2918
3485,1329
5646,1098
3941,2134
1752,1071
52,2451
1886,1071
1065,141
1980,706
4951,2936
4555,2936
2298,1015
1902,1015
4440,734
2005,1702
5744,2572
897,1496
2719,1045
2891,2283
1299,722
3180,2386
4725,903
745,1102
5437,1109
160,2923
4676,1950
4232,970
4428,1848
4366,970
3237,2139
3970,970
3206,574
4433,2946
4173,1329
2359,1641
4981,1997
3253,1329
366,1456
1911,3171
2324,2586
3463,2859
4022,379
5218,1186
1668,969
4169,806
3623,1801
4332,46
4738,734
1897,1960
4433,852
4658,970
1428,2421
4396,970
36,1702
4201,2946
3136,2622
5543,2824
262,1456
1088,286
396,1456
3815,2910
4407,570
2383,1072
3121,1001
4375,1032
875,2622
4304,2320
5011,2936
4871,2367
2980,15
1686,2837
3059,308
4270,457
3172,185
390,2580
5056,1366
847,2267
3918,1695
3166,2622
1418,3022
3959,1504
5917,2634
4389,1088
3454,2500
1909,1539
5001,1844
5861,2702
560,1456
1079,523
1600,969
2159,2653
5896,2696
1844,1329
502,3171
1,903
808,2689
1718,2910
3151,1186
3942,2439
5374,1833
5627,27
5365,27
4327,560
5306,386
4910,386
4068,1797
3662,1109
2220,1027
5699,2532
2887,2244
5431,2717
92,1179
1069,2622
1671,970
341,1883
5895,1131
2785,1186
4800,2850
2471,2716
5148,2779
3634,1131
2512,1027
1536,1684
3004,735
1906,1217
4910,1675
779,15
4578,936
3862,1520
4232,299
5371,2824
1637,46
5457,1844
3717,2105
4813,1742
1965,1797
2727,1366
2789,2244
4699,2394
5303,1377
4423,2496
1827,1109
4929,2856
5562,2769
5663,1131
2578,2963
5181,3077
317,2586
26,1848
2266,1910
4157,1064
3159,2716
2400,1910
975,1997
3433,2696
2399,2439
2676,1027
4878,43
1055,2700
5427,1039
4928,160
3367,386
4581,1742
5727,742
2451,1848
317,2936
2843,386
4849,2496
451,2936
1857,1109
415,1027
1972,1813
1710,1813
2830,1844
2608,2963
2873,2480
1739,299
4086,2702
3640,895
452,1848
5079,706
4660,2974
5281,2837
825,144
128,970
1248,1001
2968,2717
879,2824
4871,1696
5330,1456
2849,3025
1326,1823
431,1910
35,1910
1838,1217
1957,2629
3390,905
3605,2779
4772,936
4164,299
4611,1742
4918,2451
1299,185
5007,1742
5891,742
4910,1809
445,1027
794,1181
5739,1102
3239,1675
3903,1655
2638,2963
4116,2702
136,2901
1246,2244
1478,1813
1564,833
2772,2963
3142,2496
4940,1515
220,1848
4738,1702
5834,1147
2909,982
3991,721
3242,3077
377,2963
3087,2974
5267,2985
5487,1039
2402,2871
2751,3025
5244,1281
550,2891
1744,2871
4686,2451
2169,2111
4641,2708
3135,1675
1810,2178
2873,1675
1813,1695
4067,1655
3064,2963
4358,141
2675,936
4803,757
1276,2244
4929,896
5426,1702
1363,146
62,1797
4506,1702
5220,1045
5683,2267
5888,1675
3084,3026
2196,120
1573,895
3099,1614
649,2496
3603,1147
4174,1902
951,2080
1675,2111
5075,1071
1064,1957
1840,2178
2979,2451
3409,1281
100,2439
4388,141
666,2850
917,217
1421,2194
1142,2779
1555,2194
3888,727
1842,2224
5817,927
106,1695
92,1797
842,43
2220,2584
642,1675
1461,2532
1836,1655
2232,1655
375,1331
5688,1456
309,2963
2995,2580
2933,1702
1429,742
4204,1902
398,2
446,982
3450,2194
3944,2729
4305,2708
5076,1831
5513,2871
623,120
227,120
1536,2302
3293,1456
5251,2586
4989,2586
2747,2451
302,2923
1742,2178
4333,969
1943,1902
1585,2194
1189,2194
2440,2708
1545,1075
1134,43
3135,1809
4933,964
1268,43
2512,2584
4256,722
5526,1478
1849,2240
882,2451
1866,1655
806,1675
825,1917
3702,1102
2891,2580
2593,2923
313,1742
4140,2267
2653,722
581,2496
1727,1496
5106,1831
3712,2729
2100,546
3719,1456
5207,1883
1847,100
114,1532
3357,286
4432,574
2670,1076
89,1475
902,43
5157,1015
4761,1015
1036,43
38,1695
2612,1071
3008,1071
5556,1478
225,1521
4519,2421
2961,2164
4931,2365
3279,2473
2124,2421
5154,1848
4001,1677
732,1702
5474,1072
4789,969
4830,970
470,1702
1251,2267
4527,969
5427,2946
5688,1001
1822,3022
3238,1883
5499,2822
1784,286
2670,2365
2771,3171
5458,1478
3309,1534
714,1281
273,1538
1257,742
5543,1027
4204,2386
4617,1801
1635,1102
2375,1666
2550,2421
5566,1950
1158,1702
762,1702
5182,1021
177,2769
4860,970
4801,1329
1934,2832
3039,1831
3476,2586
4539,1329
1256,1456
5351,1207
2820,969
3243,1072
2995,970
4115,1001
3394,1241
2239,435
1969,574
665,2708
644,1831
3653,2633
403,2708
3001,2478
4859,1684
2913,379
953,2586
4102,15
4705,1217
2458,738
2318,2421
5286,970
2361,805
957,1015
5086,1848
2226,2832
3694,1883
1548,1456
4779,2859
5861,1844
1802,2504
5431,570
3087,1848
2326,969
5399,1032
3594,898
2570,1329
1572,2981
5223,806
4827,806
546,1831
4338,1581
5556,2901
3615,1186
444,1554
65,969
4298,2936
2933,2320
1847,1873
2270,1976
4808,1695
3001,734
5033,1813
1609,15
623,738
3422,2484
3408,2586
483,2421
5030,1515
2425,574
3390,2946
4407,2290
2884,1088
1533,2622
2667,2551
3018,1088
800,1539
4768,1515
1736,2981
5508,1325
180,1831
5089,2095
1500,1950
3284,1207
1116,1021
3287,1478
3003,1719
3225,2320
1363,898
320,1087
2696,1976
77,1329
3408,2936
889,1015
2828,2095
4753,833
5226,299
4491,833
5673,1742
3935,386
583,908
2885,1848
2949,1109
2959,1797
3281,1848
2957,970
3355,1797
555,2832
5194,1515
3569,2480
4641,777
606,1831
1862,2689
5093,120
3751,1962
5258,2439
5285,1813
1823,482
2688,1684
1803,15
4086,905
2527,46
5256,299
4944,936
1271,908
1286,1940
4227,386
2628,2572
5575,2496
828,2782
2989,1797
4546,1829
4620,2532
5604,982
3935,1675
4348,1844
3952,1844
4086,1844
3690,1844
4946,2702
3523,2670
5359,2871
902,1950
1377,2243
3710,2496
551,969
988,970
726,970
2701,1515
817,1088
3519,2901
1437,15
719,1684
1603,2936
660,323
4798,710
3153,1797
3454,971
1305,1027
3965,1675
4388,2532
5159,1655
5835,706
2996,1813
4484,2240
2717,2398
3868,1742
1710,2244
3508,1207
4611,1823
1844,2244
4096,1377
2375,2634
5028,2111
4453,1614
3215,3025
3683,2901
1742,1186
2342,1181
2274,2178
4927,1655
4531,1655
4294,1742
1365,2367
3676,2861
2860,1521
5460,2118
2397,299
4694,895
3770,2496
2741,1829
4318,1547
5257,2698
1663,2963
3041,1532
4194,1511
4617,1614
4221,1614
4961,2178
1423,1032
2057,1547
956,2320
4910,146
5510,1831
1105,1100
2965,1695
4178,1917
4269,1281
3873,1281
3548,1521
4002,1691
1130,2850
3303,936
794,2901
5204,1532
536,2111
1214,1797
1928,386
3404,1742
3965,1809
5396,1702
5823,1015
2372,777
3685,2923
3659,1702
2463,895
1935,2496
3712,3026
4755,1147
1673,2496
1306,982
4310,2194
5129,45
2930,546
1087,120
1990,1614
3797,131
3607,2451
799,2871
4037,1281
384,2629
5193,969
5441,1071
876,3091
91,1064
4568,1671
1285,1044
2405,1075
3508,1691
256,1131
5378,722
5822,1702
5903,2822
469,2178
1928,1675
3105,2240
4452,1496
2447,2240
5181,2837
618,1520
3369,1532
5215,2421
726,299
1569,1742
3427,1702
3823,1702
1529,1377
3895,824
4953,2421
2453,1496
1479,536
448,2240
4841,1456
465,1655
5133,1076
186,2240
1513,120
2020,1614
1118,2974
5485,969
4435,1677
3303,131
2940,79
5058,2622
5562,435
5861,2946
992,2111
2313,146
286,1131
5666,2478
1896,43
867,130
1715,1917
989,1813
3210,1071
4726,1102
4068,1102
4768,2267
4372,2267
1366,982
2221,1496
495,1655
612,2240
3623,2179
446,2702
5690,970
597,2871
2507,2267
5322,574
2682,3022
3473,1831
54,1131
3975,2981
5725,964
3502,1071
3636,1071
575,79
1879,1917
1629,1742
5531,1098
2117,742
1482,2
921,1655
2385,1496
1134,2702
26,1742
476,2702
772,1532
1648,2923
5720,970
1360,1702
386,1496
3822,2365
2631,1902
4828,574
2765,1902
734,2179
4103,1072
1966,2451
2262,1281
3756,964
172,1917
3554,1015
4645,308
718,141
2748,2837
1786,1702
5946,1848
5884,970
2701,2267
5218,1109
2742,3022
3358,1076
5254,574
5496,2551
5522,1520
3667,1831
1996,2451
1528,131
655,2421
848,372
3021,2622
3186,969
3582,969
660,1075
385,870
536,2729
3430,1329
897,2708
1272,1831
4488,482
1031,2708
5269,1047
4706,1873
4475,1186
3353,1082
4896,2936
1496,2478
3726,1098
4238,2936
2469,15
5948,1520
3358,2365
1605,2421
4146,903
1701,2129
4177,970
3977,1848
5145,2859
2917,2622
5890,1515
255,1147
3854,2946
1428,250
3023,574
177,1456
1698,1831
4736,1873
4760,15
1613,969
1351,969
1024,574
1146,2257
3914,1684
3289,2386
3629,734
3854,852
2665,2936
3945,970
4081,1797
5461,1001
3642,969
104,2267
992,2729
2390,1950
1641,2586
2804,1001
4421,1838
2019,2946
5116,185
5432,2111
4658,1027
1743,1550
1323,964
3857,2439
4504,560
92,1102
5350,1520
2005,15
2542,1940
5534,1075
2829,2936
3775,1848
4171,1848
1211,908
2452,734
3601,1695
1445,2832
3991,160
3430,1813
4249,2670
4956,2532
2019,852
9,286
2540,2244
3942,1207
1132,1554
5000,2080
588,2622
1765,3187
256,1883
4294,1100
5414,1131
5810,1131
343,2791
2597,1997
2962,1186
3712,1684
4510,1664
4545,2439
167,1811
3625,2439
5776,1520
4117,2901
5048,27
2176,1940
5411,833
3463,2111
5576,146
2859,2936
2201,2936
2086,734
2091,1078
3617,1797
694,15
5885,1655
5740,2240
4393,1614
2429,319
789,2504
1880,1797
2563,1073
1544,1848
2594,386
4980,2717
2012,970
2148,2551
618,2622
4233,982
3285,1997
1841,1088
5313,1614
5791,2178
1365,570
2315,1910
1919,1910
5441,79
5212,27
2512,734
3661,1695
5682,141
4758,1742
5604,2702
3314,833
4878,1844
2734,2244
2338,2244
3020,386
2758,386
1782,1797
1159,2572
3017,2532
4992,3077
2320,160
5522,3077
1005,2105
4441,2974
1622,1515
3743,1131
527,2480
4699,2451
4618,1331
5129,1281
5442,2532
5870,727
3026,2244
5930,1532
3344,833
4526,1742
2134,1848
281,734
1416,1797
3020,1675
3818,1655
2758,1675
1772,2398
1314,1520
1751,1521
3981,895
1448,1520
2988,2891
2265,1742
4471,2974
5111,1614
5517,2302
121,1950
374,144
2110,2393
131,386
2280,1084
2359,1377
3538,2769
3608,1064
3947,2974
2689,3009
3778,1475
5115,43
5266,1902
4853,43
2107,2095
1009,1823
3597,905
3922,665
4467,2451
5202,1917
4205,2451
3567,2194
2803,1044
3171,2194
3405,146
3508,833
3935,146
2422,386
4459,1809
5178,742
1990,1695
1594,1695
3836,2584
3848,1655
4302,1071
916,319
2526,1675
4061,2702
1012,27
4718,757
1082,1520
929,2244
2369,1691
1247,833
1190,299
5813,2421
271,2244
2563,2496
5531,1045
3447,1496
5701,1456
1308,2240
3187,3077
2070,2563
5735,286
5043,1456
5819,1677
1538,2702
920,1377
4485,936
302,2496
3335,2194
2571,1044
4190,2708
1359,2178
3604,2584
292,1027
44,1679
5350,3077
1587,1813
2325,1742
4775,2580
2884,982
4847,1702
3840,1548
557,1675
4903,1045
1472,2240
2403,120
718,2532
5207,1456
842,1844
2648,1614
2142,2974
4250,665
3152,1147
1882,2111
3463,2729
5703,2791
3958,2708
1757,130
2343,1917
1414,3174
4246,896
13,2901
1152,3174
2489,1742
4562,2822
4500,1944
787,43
4615,1702
1406,2532
1385,1655
1719,777
3355,1102
4895,2473
5024,409
2723,3077
624,1742
2172,2974
3578,1147
362,2496
391,982
3968,3022
3238,1456
1856,2179
1474,1131
813,1614
2224,131
5770,2858
1444,3174
2168,2451
4073,2257
3751,2206
370,1044
855,2779
4573,2580
466,1506
1727,2708
1665,1830
3957,2082
4907,1702
316,1747
5605,1478
770,1917
4018,1015
355,1675
1537,2584
157,936
1182,141
1366,2702
5129,960
1913,2871
5347,2351
2384,1702
25,982
161,1809
2322,824
1429,1738
2702,1045
828,3026
843,1614
263,3025
2856,2451
3152,1281
5576,898
3485,2622
4574,1088
4290,1329
4355,2478
5597,1186
934,1917
538,1917
2047,969
3153,1102
5947,2504
5360,2936
2707,1015
1294,1671
4983,734
1306,742
2500,722
5268,903
1314,3077
89,1532
918,3077
629,2974
992,3026
307,2923
2566,2473
367,2974
4352,2365
4173,2622
4837,1848
4472,969
4783,2551
2471,2586
5620,15
157,131
2416,435
5812,185
5786,2936
2768,2580
4683,2320
2737,1015
5390,2936
2871,1015
350,1465
305,2
2335,2698
480,757
760,3026
4805,970
1622,2267
4502,969
4273,1109
4813,2551
4106,2689
5859,2633
4811,1724
5685,2480
2641,903
805,1456
2722,1831
3582,2689
5791,1186
2036,2257
5269,2421
4646,1098
690,1883
2555,2822
3689,1997
2901,1015
4781,734
2243,1015
5364,560
2760,2473
3555,2936
4940,2484
690,2822
1232,927
4635,1848
4969,970
5010,971
1882,2729
3377,1883
4118,1329
4259,2500
761,2473
3218,1072
136,2421
3694,1001
4365,2926
5079,1515
2009,969
2582,2551
2515,1329
3707,2926
1097,1641
1351,2689
4156,308
1062,2586
5138,2095
5286,1027
3291,15
2305,738
3585,2936
57,2478
329,722
408,1015
4484,524
530,2698
4611,2551
4904,1110
1292,15
4270,6
166,2421
3134,970
4054,2633
750,1883
1629,2791
1777,2689
4070,1823
1633,2910
4171,185
3276,2716
3766,2351
3487,2936
3372,734
5876,2532
2046,46
5618,1742
5604,1844
2830,1848
5781,982
2138,574
3103,2946
2776,2551
4510,1
3304,2670
3648,2480
652,1883
3343,1844
4415,895
342,903
5012,2871
2059,2910
466,969
3451,1377
4201,2629
4540,2095
446,2946
2220,1515
3029,1684
3397,2080
3949,2593
4255,2111
2613,1217
2957,1027
5648,1742
4889,936
4309,2347
5016,2963
954,908
3514,386
4095,1829
5549,982
5284,1465
5010,2394
879,734
2410,1797
4795,2240
4638,536
607,46
1756,1007
2544,299
3373,1844
2308,1520
3111,1844
3259,2496
3615,1377
234,969
4072,1064
1548,1997
4504,1475
5359,1989
5496,1506
1785,1186
2265,1823
5885,1281
4133,27
4234,833
2665,2696
3747,2435
4798,2861
5550,1742
536,1684
140,1684
474,806
2189,2178
513,734
2108,1058
4830,2584
5840,757
5929,1738
1872,27
3181,2963
2369,833
4836,120
273,2213
3141,1844
3907,1377
1417,386
3423,2496
501,1848
2454,2634
2676,1515
179,2551
2746,2
1404,1844
1452,2824
664,1088
2519,777
4136,1614
4272,1475
4663,1131
3160,3025
2740,2439
5696,1917
911,1719
3557,217
1316,2936
1137,2439
736,2095
2243,2572
3346,936
3812,1675
3000,299
5608,757
2081,2244
5682,706
2051,1813
4639,895
2080,299
1161,2244
1447,386
867,1797
1581,386
5311,1702
619,1695
4960,721
5707,1702
3039,2856
5463,2473
5100,2421
3166,2439
2942,2923
2975,2871
3324,3025
4556,79
2713,2871
4714,665
445,1515
5414,1830
596,1684
643,2439
247,2439
2534,2347
4931,141
276,925
4853,2702
2594,146
3349,1742
3027,1691
5603,1702
5804,2924
5341,1702
2228,2240
1581,1675
1336,1844
5264,2421
1859,1619
3342,1702
4818,614
1117,982
2347,2871
1251,982
3572,2164
1390,2080
5122,1025
94,1823
1355,3025
3346,131
147,895
4244,1281
508,120
5343,435
2108,1542
86,2871
2304,3174
3085,2985
2438,3174
2197,833
115,2111
3324,1281
4909,1671
5452,2822
5767,1702
2926,2174
5402,1015
5581,2478
5834,2924
2671,1655
3015,1465
2392,2240
2724,727
50,181
1000,1521
1776,1742
2958,2651
4468,2837
275,299
2023,1619
1283,1809
2883,2477
5068,2832
5770,2350
3521,1044
742,2394
1874,1496
5649,1831
4145,871
3866,1456
5048,2365
361,2702
5600,2878
3716,2451
116,2871
3750,1281
4906,969
5443,2894
4758,2791
279,2111
3309,1538
17,2111
5566,1015
416,130
273,1542
2754,727
2556,2240
3645,706
2652,2702
1148,1742
2602,895
4159,927
439,299
3350,2478
2940,2580
1770,742
3592,1045
5581,734
2300,1496
4554,1456
166,2584
4285,2729
4681,2729
5779,1181
391,2702
4030,1456
5373,970
4182,2981
2284,1902
4526,2791
4918,1329
4264,2791
3989,2586
5379,2478
5186,2837
499,3174
5676,1910
2675,969
2604,2257
417,1829
21,1829
3390,722
2349,1738
3187,2837
4818,1098
5009,2386
3926,1456
817,2702
5896,903
5932,560
2697,2421
5799,970
1824,2267
62,2769
4539,2622
5606,1329
2770,2145
5344,1329
564,1475
3306,435
4524,1001
498,855
842,665
3464,1021
2774,574
5329,1960
5506,1098
3148,2478
3103,1015
2122,2082
1563,2118
847,2702
485,1532
1361,2923
2512,2267
3620,2473
5757,1848
5433,970
3196,2145
5381,2500
2516,2386
2110,1698
1991,286
5112,1329
862,2421
3379,1071
170,1147
5870,1910
4829,2926
3442,2551
1069,1179
3375,1329
1613,1831
4226,2633
4975,1997
5737,2320
4651,1873
2211,2689
5884,1027
851,727
4445,2936
4183,2936
1103,1702
3968,2782
3921,2936
4948,524
5101,1520
2289,286
4694,2859
5054,950
3161,969
1757,1179
3646,1950
3336,970
3405,1329
3711,847
509,1902
5371,2320
256,1456
1176,2365
1119,1831
4271,2941
1162,969
1294,2586
2829,2859
1296,969
4443,15
5370,2095
5867,2901
638,969
77,2622
1529,1702
25,742
4660,1181
3256,2145
2048,15
4049,1027
5148,181
3725,903
5344,1813
230,2837
3630,1797
4344,386
660,2421
3628,970
445,2267
2962,1109
3764,1797
3366,970
4082,386
4748,1001
1198,784
279,2729
358,3022
518,1025
1411,1831
17,2729
2667,2689
2911,1329
3240,2551
404,1677
894,3002
2009,2689
538,1677
5898,120
4218,1186
5474,2044
603,574
319,815
1196,1088
3469,1098
2235,1719
3604,734
433,1102
1656,2012
1169,204
5064,833
5112,1813
812,1098
3458,1848
1720,2936
2429,1181
5371,1515
4268,899
3375,1813
4803,1997
479,2386
522,3022
54,1456
501,2145
4629,1844
2772,1520
93,2350
1009,2551
1704,898
680,1329
4228,2439
5267,1542
950,2910
4109,1027
628,2859
3241,1217
4538,386
4574,43
615,1873
4259,971
3335,2572
5690,2584
1189,2145
5289,2240
4263,1844
3198,1520
3172,299
4001,1844
2143,386
1299,970
1366,2946
5662,1475
844,1329
3258,2702
5806,665
5085,905
4689,905
420,1001
3572,2111
3310,2111
2212,2593
4306,386
3344,1695
123,2700
5720,2584
1537,734
1272,1217
5453,2240
5470,1655
4467,2963
3228,1520
3307,1813
3655,833
4071,2963
2569,386
573,2936
3393,833
3857,1691
4179,1742
4205,2963
1257,1848
4640,2891
2888,1829
3623,2049
4051,2496
3990,2974
1337,299
5115,905
2577,1186
2819,3163
5068,2779
3323,2696
341,1997
4813,1506
5750,2584
5423,2189
2042,1027
3155,79
1295,46
3628,299
2568,319
5343,1671
2447,2244
5477,1671
1757,1797
5891,722
3701,777
4831,1496
1259,1520
5101,3077
1713,936
1756,1572
2236,2963
2196,1844
2962,1377
1948,1742
5869,1902
3353,2696
106,2480
2081,3025
1819,3025
1790,2095
1394,2095
2533,1614
4340,131
4150,2451
4489,1917
3018,905
2622,905
5104,1281
4444,2174
3447,2708
2239,386
3531,1655
4226,2
4064,2118
1423,1520
1502,1813
1877,936
2990,2240
2360,1844
1756,2861
4318,2974
4428,2580
4989,927
5543,2267
658,899
2093,2
2989,2769
4596,2164
991,2240
3486,1131
275,2824
277,1207
2608,3077
2346,3077
2057,2974
4519,1917
460,1823
4576,2451
761,2717
4665,1742
829,1131
3945,2584
4277,1071
567,1131
1713,131
3282,2240
56,2901
2315,2451
5842,964
1484,833
391,905
329,27
367,319
2652,1844
463,27
642,2244
2008,1742
1299,299
3433,1655
3546,1532
1555,2174
4000,1702
1574,2978
4458,2580
5710,286
2974,3026
1513,2702
2502,1496
439,2824
3379,79
4640,1281
5796,969
4392,1179
691,1547
1221,1547
3010,1902
1169,2111
4278,1831
1303,2111
205,2593
14,3025
728,1614
3833,2878
1877,131
5299,1102
1937,936
2379,1281
113,560
701,3174
5049,927
1417,146
4512,722
1464,1655
3697,738
2453,2923
4920,1456
3557,2421
307,2496
3275,1045
267,1377
45,2496
4133,1076
475,2080
2314,1044
533,1496
5468,2981
5812,2791
5808,1329
803,3077
1023,1131
118,2974
1508,2866
178,3025
252,2974
2200,1696
4574,1950
866,1147
2509,2451
5546,1329
4256,2580
1348,1830
1281,608
1324,1244
4359,1015
4712,379
5899,2386
1098,1655
38,1675
4742,2473
5862,2504
2257,2580
4084,2473
5251,2350
104,982
2019,722
4360,1590
4133,2365
4439,1883
4909,2586
4239,1071
4068,435
2683,1641
5439,1997
4305,2822
1815,1831
3360,1102
5801,2386
1553,141
2621,1702
1659,2257
4479,908
5456,2351
2159,2580
581,1671
1013,2082
5266,2227
2365,204
413,3026
3524,163
4198,1797
879,2267
812,1045
1228,2421
1794,2832
994,2779
4070,2551
4399,1329
3005,2981
458,1456
2022,969
5024,600
5731,2936
4628,2320
190,1641
1269,1671
2389,1702
5073,2936
1525,1102
3018,1873
781,2082
4028,46
4231,2095
867,1102
4172,734
2921,1940
5039,319
1164,2786
1916,2421
3091,2351
4884,970
190,2580
4228,1797
5085,2946
4689,2946
5173,1073
5608,1001
5630,2480
1046,286
4167,1329
3771,1329
488,1456
1701,1678
2398,852
3981,2859
2186,969
878,1641
3543,2633
3622,2926
2322,1015
3413,308
3805,1098
2437,1719
4939,1027
5011,903
5427,27
3587,3090
2068,1098
4258,1797
4392,1797
4051,1504
1735,2386
986,3022
914,1456
4644,2772
3295,2689
3632,1520
3377,1001
1558,969
804,2227
1200,2981
1936,1329
4121,1684
4954,2439
5231,1027
5117,925
2467,1719
5853,27
5517,78
1312,2633
5770,2244
3989,2696
1702,1098
2896,1078
2328,1560
5368,1675
5781,1844
5385,1844
4960,160
5887,2240
5271,1742
78,2473
4861,1844
1984,969
5038,982
3145,1001
5819,1547
3341,2633
4867,1100
1326,2689
204,1831
665,3172
1840,2910
3273,1186
623,2946
62,435
1738,2633
5621,27
361,2946
5129,1285
1866,1098
5660,1675
474,379
121,1015
3784,1109
2798,1078
3526,319
4254,1058
4307,130
5794,1675
3888,2398
2780,2192
3857,833
3098,781
2881,2244
5173,2496
2451,970
4777,2496
80,2145
2652,2946
5399,1496
234,1831
3336,2824
4045,1823
4093,2803
5117,120
1701,3101
3941,3163
92,435
391,2946
64,2551
1340,3095
2625,2439
1042,1186
2162,1217
4110,905
2855,2901
5465,1742
5086,1157
1201,2936
2235,1695
2900,1331
5148,2974
542,1021
2942,2496
220,970
4081,2769
3752,1547
94,2551
4798,1629
4815,1044
302,2500
3920,1131
2418,806
711,1207
3075,3025
1948,1823
1552,1823
2328,2044
4140,905
5010,2451
461,1032
1144,308
3897,1147
1340,1940
1257,185
2231,2111
3714,2194
4344,146
3263,43
4500,659
5398,1809
854,734
4374,2240
3983,140
65,1217
2362,1813
4504,1532
2083,2398
2468,2963
5426,824
3224,2717
5848,1456
2429,2
3367,3025
4081,1614
3468,3077
3819,1614
3927,1147
4288,372
5174,2451
740,982
425,1910
3203,2779
2085,1131
773,2593
23,2095
357,1217
2965,1675
5231,706
2767,936
4293,1655
1368,2244
2051,1520
2868,1742
2894,2963
4372,2702
738,1848
5256,1702
416,1797
5425,757
5342,722
4208,1547
144,1109
868,386
2148,2584
4044,2082
314,1520
1881,2240
1513,1844
2459,2
26,299
2598,1100
2008,1823
1003,1742
3632,3077
4649,2421
2262,2871
1567,2080
173,2978
4170,2194
5364,2174
4641,1025
3746,146
3240,1506
459,2783
4585,1655
5392,435
1978,79
3032,1742
1592,43
764,386
1196,43
5055,1015
3195,982
3654,1496
3764,1102
4638,1666
1429,1742
5780,1456
2798,757
1196,982
1977,1547
5129,1903
1484,1614
1888,1475
3927,1281
3574,1917
217,2095
1700,2178
2767,131
4644,141
2557,1075
848,2901
194,2111
2033,1075
4015,2791
1226,43
1415,2194
2270,2708
1459,1742
220,299
1063,1742
827,2963
4843,2421
4944,2473
4151,1147
2141,1547
2046,721
3708,2267
5446,1179
93,1655
5695,1883
2054,2302
1386,1614
820,2923
221,120
2152,1147
2401,131
2434,79
3003,2451
3299,1281
3399,2451
5113,969
5245,2586
1428,2779
4045,2791
2075,146
2300,2708
1390,43
4898,2478
1605,1917
1489,1742
334,936
3842,927
1703,1671
643,1691
2854,1015
3157,824
4134,2267
4733,1098
1909,1547
5362,1831
993,757
1199,3077
886,2580
910,2974
5781,2946
5881,144
958,1702
3726,1883
4885,1088
83,1475
219,2302
1034,2451
1373,1917
1168,2451
263,130
3016,969
2606,1071
2685,2118
3358,706
1257,1742
5400,2473
2915,2580
804,2174
2667,2478
4859,806
4897,1098
5635,1027
5690,734
916,2580
238,2702
4746,2622
5484,1797
1702,1045
5086,970
3756,1883
3341,1641
4456,574
2372,1025
2735,1831
1756,527
2898,1071
1198,2451
334,131
2989,435
936,2451
129,665
1738,1641
1342,1641
3288,2946
299,1076
3341,2580
316,491
3559,1719
5799,1027
1757,1102
4073,1940
3431,2473
850,2118
3565,2473
1342,2580
3964,2936
5700,1021
5774,970
5378,970
5116,970
4118,2622
787,1015
1537,2267
1866,1045
446,722
1604,1045
5252,1797
5319,1329
5862,2480
3610,903
1774,1456
5523,570
545,2421
3179,1848
2515,2622
283,2421
2119,2622
2814,969
2253,2622
849,2832
3222,2484
955,1538
1261,1056
1454,3171
2400,1329
3668,2012
4064,2012
4303,308
5089,1217
5290,2439
815,969
5750,734
400,727
5866,1848
4262,2936
3883,2351
1287,964
5034,1695
4144,2880
2986,2365
5259,1813
1838,286
4639,2859
3209,1848
709,2421
3207,1021
5607,2496
1887,2622
3482,2946
194,2729
1178,1179
4280,2926
493,1076
4032,2824
4638,2634
235,286
5345,806
4529,1186
960,3171
845,969
1268,1072
3871,1186
3885,1084
1760,1534
256,574
1851,898
378,2257
116,2257
5892,386
2019,482
2330,1098
1841,1873
4802,1695
3336,1027
5664,936
5318,299
1744,1940
3086,852
1756,1011
3709,1797
739,2421
5529,2963
3311,970
4431,1001
3111,1848
5666,982
4807,2978
394,2386
1101,3002
4958,895
4643,1823
5555,2871
5479,2095
613,969
1050,970
4909,2696
1485,898
1132,1534
5549,1336
5490,1695
25,1738
4918,715
5694,936
5009,833
1029,1032
4033,2244
2323,2936
4690,299
4453,386
757,1098
5929,1742
1324,2643
5839,536
1422,734
1573,903
4988,895
1404,1848
1538,1848
2310,2859
4965,3163
3970,2080
4518,1131
5870,2451
1670,1186
4332,217
4483,386
1265,908
4221,386
2519,1131
4653,43
4453,1675
4406,1829
5635,2584
1452,734
5,308
454,2386
2747,1520
2826,1813
4342,1844
5414,895
4450,1377
4756,895
3832,2496
1244,970
1760,2018
4776,1547
4380,1547
2957,1515
1990,2480
789,1329
4548,1131
1795,2012
5489,665
5900,2451
506,2926
5638,2451
4962,1902
1285,1910
5203,833
975,1684
2965,817
1165,1027
986,2782
1017,2095
1299,1027
1454,2850
5494,2702
5048,141
3281,299
2885,299
3802,1691
3888,2963
1856,386
2623,299
1990,386
4612,742
940,1848
3629,982
1148,2551
4484,1496
4880,1496
857,1813
2373,1844
179,2689
4981,2302
3995,3025
4974,1131
4983,3129
2988,2871
3411,2974
660,518
109,2859
1666,2891
4736,27
1630,982
1384,1515
2889,2111
523,1186
3026,130
2926,2178
3160,130
1883,2367
1618,2850
5183,1655
5288,1671
3758,1742
2392,2244
5558,1532
5776,2923
2130,2244
1366,1848
2056,43
4764,1671
5299,2769
1192,1695
1178,1797
3668,536
882,715
942,1520
2509,2240
1716,160
3001,2702
711,833
4768,100
2027,2496
2383,1377
3012,2302
5596,2174
1169,1684
899,1823
1764,3025
2478,1614
2743,1131
3309,1542
690,895
738,2629
1514,2096
4038,1917
3833,2451
5795,1071
2422,2244
2740,833
2131,1506
5271,2791
2482,43
744,1131
1484,1695
3027,1829
826,1695
2020,1675
2839,2532
564,1695
3336,2584
3558,1465
3747,2118
3427,2702
789,1813
1923,1742
3165,2702
3065,1532
3867,2974
4373,2580
4926,2729
1149,1567
2410,2769
953,1655
2553,3077
2291,3077
4409,1456
4421,1281
3318,665
4259,2451
2354,1147
3225,2194
4307,1179
1707,1336
2092,1147
2063,217
2925,1902
5301,2791
5902,2257
4970,742
3960,1071
3301,2189
3244,1655
1019,181
771,79
1590,936
2087,1742
5867,2421
1825,1742
3683,1702
4793,1045
3483,2580
1105,2584
704,2240
1012,141
4897,2334
1853,757
1230,1532
4289,2451
4189,1281
1448,2923
5842,1021
3351,1902
5479,969
78,2717
364,859
1205,1475
112,1547
2325,1506
2335,2194
3529,2174
3565,1831
1261,64
2233,1917
4165,1072
3466,1071
4316,1241
658,2245
238,905
2117,1742
281,43
1129,1830
2605,742
4274,1015
1392,2240
1409,1655
2747,3077
1176,141
1656,1532
2702,1614
2733,927
2163,3026
1874,2923
1538,722
3121,2729
5662,1211
4215,1539
538,1547
1682,2164
2866,1456
2938,3022
3595,1831
2984,1677
5847,964
1590,131
1041,855
2092,1281
2687,2622
414,3174
4261,379
5391,1098
183,43
4768,1873
398,1917
2,1917
1165,2584
3646,1015
3498,2837
915,1655
2763,927
2501,927
1940,2580
4142,2350
2726,1045
2330,1045
5112,2622
1306,722
5539,2689
310,757
1237,2837
3059,2386
4470,903
4919,2981
5521,1329
471,1614
502,927
1271,2421
4695,1021
5731,2859
1756,958
3375,2622
3977,970
331,1045
3617,435
530,2194
4012,964
4528,2012
1880,435
5359,1940
1207,1655
2781,1102
4455,2473
4059,2473
1184,1671
1970,2580
1677,1015
2561,15
78,757
5778,1520
532,927
1318,1082
1798,2473
4833,2244
3312,1677
43,1702
5752,299
2038,1179
5061,2633
792,2729
1782,435
5440,185
2148,2478
4181,2439
4379,734
4854,1027
3403,2145
3253,2386
2757,2936
4433,970
4171,970
3911,1797
592,2267
525,1045
4045,2551
5884,1515
3320,1329
433,1456
560,2729
3747,642
5369,1823
5868,2702
5016,15
1416,435
4212,1910
3305,2926
5182,2936
5920,2111
1792,722
4703,2901
1067,2910
4441,2901
5869,833
5812,299
2610,1354
3183,2936
2525,2936
5894,1829
4335,970
1546,2386
2148,734
2282,734
4954,1207
2519,2367
3880,1329
4420,2963
5898,2702
2524,1021
2336,970
4662,2496
1678,970
4049,1515
4873,2716
160,2586
979,2689
1999,1550
2792,1186
2389,15
4605,2901
5899,833
2666,323
4534,217
3971,1797
2579,1078
36,1015
2653,1027
5313,1675
5832,2240
920,15
2050,734
2403,852
4373,299
3686,1813
4846,2963
3715,299
2796,2244
2243,2068
844,2622
5643,274
1515,1329
4946,1100
2807,1844
1649,1329
5890,905
5267,1680
865,2910
3090,1940
278,898
1873,1976
2540,2439
666,2700
664,1873
950,15
1091,1940
1815,1217
3625,1695
4850,1742
3088,2244
3802,833
4588,1742
5830,2702
1116,2936
2062,1848
2196,1848
4460,2496
4109,1515
2008,2551
5480,3077
3050,2891
2625,1207
240,2484
135,970
183,1950
2461,2496
5388,1044
2244,1515
5311,43
273,1843
2169,2095
1907,2095
3880,1813
4171,299
5014,1742
1306,185
4752,1742
4781,982
3014,386
4294,2584
2052,1695
507,734
1656,1695
2038,1797
3910,1655
4032,2584
4471,2
4419,1532
5438,757
4257,2702
3758,1823
4637,2923
3214,2891
3895,1532
4375,2923
3243,1377
3549,895
5445,1147
2258,982
5892,146
128,1088
181,160
5217,2451
4360,1110
1655,3163
3427,905
2246,2850
2893,217
518,2936
3369,146
5666,742
2519,1696
3678,1655
1911,1813
2286,936
1966,1520
5748,3026
880,319
1021,2244
1544,299
200,560
2521,1742
4727,2974
391,1848
38,2484
4837,2580
5690,2267
619,1675
2042,1515
4965,1045
3050,3025
5371,43
508,1844
890,2700
2466,2974
4985,2451
5381,2451
2204,2974
5062,1917
4085,2194
3806,2779
1865,1064
2529,1044
4886,1691
3958,1830
1372,1131
4092,2584
4820,1071
2724,2451
3020,1281
3063,1917
5236,757
1172,319
2462,2451
3209,1742
337,2901
924,217
1970,299
3955,1532
4831,2923
4005,895
5048,706
5442,3077
4605,2580
106,524
417,386
3562,2769
5391,1045
1569,2584
1196,1844
3181,3077
2496,2974
2919,3077
4943,131
276,1844
1348,895
3621,905
4512,1076
3853,2194
5570,229
5031,1641
2431,1044
1803,1475
2754,2451
4984,1071
2742,936
4285,1070
4421,2651
4381,1532
2581,1742
1626,1024
5031,2580
2097,2861
843,386
4783,2478
2434,2
3709,1102
608,2963
3211,3077
5501,1940
2220,2702
1824,2702
2397,120
790,1691
4477,2179
1562,2702
810,1377
5034,784
4115,2729
5615,2981
4512,2365
4764,2586
301,2439
733,2096
110,2871
2861,1917
4747,727
4766,969
5681,1534
1856,146
2590,1831
909,43
3495,742
4689,722
4813,2478
5229,2164
5697,1478
494,1521
1629,2584
5655,286
2368,2923
599,2
4009,1902
4203,2145
3790,286
428,120
1013,3025
5015,1831
2742,131
2996,1179
1191,1045
4603,574
5038,2946
1311,1147
1748,1902
4329,2257
2964,1641
4066,2786
3641,1102
425,2451
721,1281
650,2569
2964,2580
2458,722
2840,824
2933,1015
1012,706
5263,970
903,1702
3162,2006
4208,2088
1341,1147
3275,1883
2614,2174
3046,1831
3906,2689
2841,2365
2388,1831
5846,15
5450,15
5878,2936
2617,2822
3037,964
5635,734
2068,1102
3451,15
4736,2365
5128,903
3784,1918
599,2580
5427,970
623,722
671,1702
505,2164
92,305
2410,435
4165,2926
4805,2320
5201,2320
3824,2633
419,1831
5646,2936
3373,482
2652,722
4610,1098
3111,482
2098,1102
2409,964
5086,1027
0,1655
4143,2386
72,969
113,1532
1025,2580
271,2118
2456,2473
3647,2936
3664,2351
3807,185
732,1015
4808,524
501,2580
391,722
4529,1109
4935,2551
5197,1797
2166,2145
5898,1844
3613,319
1471,1354
2897,903
490,2421
3062,970
2800,970
3001,2946
3369,898
3940,1653
4707,2320
2083,1329
2761,1015
321,1831
5378,1027
5430,1217
1957,2910
364,969
746,1071
4772,1217
5116,1027
5642,319
1404,482
3811,2936
1158,1015
836,964
5815,1967
5173,2500
1821,3022
4777,2500
1912,2386
4467,1520
4837,299
1659,1940
5582,1207
2010,1231
258,2421
139,2729
1909,2088
4939,1515
2659,1088
976,1883
2113,1329
747,1831
3675,15
4540,1217
2085,1001
5032,925
266,969
5233,2901
3000,2320
3841,2936
4273,2593
1188,1015
976,2822
5405,1695
847,722
3147,1027
1676,15
2937,1217
2875,339
1175,1719
3336,734
3496,2901
3353,903
4327,1109
5263,299
5347,936
5844,1742
5830,1844
5870,2963
1976,2936
4553,1829
2994,970
1294,2350
2598,970
2942,2500
4461,2240
3738,1653
3831,1844
3939,1377
2225,2859
3350,982
144,1329
4695,1131
2513,1047
2597,1684
372,964
1284,2012
3660,2901
3851,217
2698,46
5643,1055
3026,1797
440,1098
5746,2496
3160,1797
5379,982
1050,1027
4171,2824
2724,2398
2662,1520
4799,141
3904,2480
4222,1823
5134,2871
5605,1702
4822,1064
763,970
899,2551
460,969
5262,1336
2590,2583
4756,2696
5754,1044
5203,1695
4198,1614
5815,2451
5347,131
5758,1917
4277,217
2592,2629
5011,936
2757,2696
3978,2779
5776,2496
3508,386
698,3177
536,2095
818,1027
1176,735
4872,777
5362,2856
4751,2702
890,903
2800,299
1117,1848
3381,1742
795,1797
3792,1084
4640,2871
3475,1377
1063,2551
4399,1496
4762,1548
4760,1475
1630,1844
4624,1614
4627,1131
5276,79
1843,2891
2041,1186
3966,1614
5583,2451
4645,1902
2819,699
1162,1217
2335,2572
1165,734
3075,130
5086,2584
2856,1520
4781,2702
2830,299
2914,936
3545,2496
3679,2496
3312,982
857,1520
1304,2963
4699,3077
4523,1131
1398,1844
3356,2974
3490,2974
4252,1045
1313,982
3059,1475
2279,546
5378,2584
4349,1917
5116,2584
4407,2087
2917,833
1824,905
2366,3174
2674,1075
2944,936
2393,833
311,2111
5781,722
2086,1844
2096,2532
2946,2702
3638,1532
1824,1844
4467,3077
3809,3077
1562,1844
1314,2496
4464,2779
2998,2111
553,2583
4443,1902
1616,2080
5279,2174
3928,1456
4336,1281
2512,905
4074,1281
3516,2451
1792,27
5839,2016
2838,1075
530,2572
1822,3087
1517,2451
1868,1742
2635,1655
106,2244
3168,2118
1344,1742
4379,2267
2550,1547
2624,1496
91,2121
4050,1045
4184,1045
3941,2041
2236,3077
749,1532
5656,969
2944,131
2433,1147
3971,1691
2646,2194
2909,1076
4781,742
505,2111
539,1695
2910,2240
1943,2451
568,181
3381,1071
793,299
397,299
588,833
3654,2923
5913,2473
3659,1015
1508,2496
5625,2006
2781,2769
1050,2584
1284,536
1996,1496
387,2240
1798,757
4384,1456
3518,2473
5684,2586
617,2702
221,2702
4268,1281
171,895
4729,2622
5493,574
5861,970
5162,969
5272,1329
3906,1831
2008,1506
242,546
1577,2451
746,79
1800,1742
2538,1671
2672,1671
3792,1702
5306,1098
5373,2320
3501,964
483,608
4311,15
3017,2837
656,536
830,1655
809,1532
1855,2580
2923,2421
5454,969
4186,2006
5891,970
5588,969
2804,2729
3227,2832
3943,3002
5698,1329
2845,286
2153,1456
792,2302
1733,870
4818,2448
3455,969
2405,1677
5657,970
4812,2633
2988,2257
541,1902
128,43
5946,1027
1576,1071
2038,1102
3611,2421
861,2257
4641,2936
57,742
3868,734
3288,2145
5862,1329
5607,2500
2183,1456
416,1614
1713,2473
560,2302
1921,1456
3893,2484
3660,970
3166,435
4921,2926
5635,1515
2400,2622
2328,1056
2469,2227
3534,2551
213,2194
1407,2174
1647,1072
962,969
4124,323
4294,734
5825,1797
1380,2421
1877,2473
41,3026
1481,2473
722,2421
4086,970
4348,970
856,2421
440,1045
5839,2634
2826,2622
3428,970
5799,1515
341,2729
2232,1883
4909,2700
2973,1329
1132,1538
4181,1207
5796,1217
1079,67
3717,2012
1126,969
2745,2633
4305,2936
2048,1015
3135,1098
3531,1098
3689,1684
4439,2936
4456,2351
757,1102
5576,130
1128,1015
3313,3090
2440,2936
3782,1848
1760,3177
3854,970
3594,1797
2460,2622
5263,2824
846,3022
5266,2341
505,2729
3949,1207
4790,1823
800,2088
2866,1997
5865,2111
658,692
4782,1181
2196,482
5637,1695
4171,1027
2832,2386
4520,2901
4124,2901
4845,971
4338,386
1112,1047
5558,2341
3758,2551
3832,2500
4365,2963
146,1456
4241,1207
5581,2702
660,1677
5037,2080
2743,1001
2939,2633
363,2622
1115,2257
3336,1515
1564,1329
5284,1957
4344,3025
4320,2439
304,2981
3217,1823
4058,2439
4256,734
5543,905
4154,2901
5085,27
1074,2633
4613,971
4740,2244
31,2822
4064,1695
5351,146
2372,2936
1756,2438
469,15
1334,1217
4338,1675
207,15
3526,299
4006,936
3321,833
4398,2480
2741,2244
2373,1848
3346,2583
5252,2769
1923,2551
5185,1547
4543,2080
5749,1131
5484,1614
2540,1207
5091,1131
4088,2439
3692,2439
1079,1637
2453,2716
2458,3060
4318,2901
5409,2194
3941,699
804,2341
3798,2111
2715,1181
5812,2584
640,1186
1827,2439
1407,1853
633,15
3935,130
5762,777
3795,1813
5896,777
5946,2584
116,1940
2771,2244
3105,1366
3428,299
3485,833
2399,386
293,1078
816,2351
1809,1109
2533,386
26,734
31,1078
819,2622
3277,1823
4397,1100
5400,546
2058,1032
2860,1131
1857,2439
3335,2178
4870,2451
5575,2240
3825,1813
401,15
1765,2850
4301,1742
3272,1075
4845,2394
1142,1181
5319,1496
4338,1809
4813,2856
1747,1520
2724,2963
1564,1813
1459,299
540,2244
827,1520
3494,895
3984,2974
5371,905
629,1535
1145,1829
2308,2496
3299,2871
1165,1515
3827,546
1299,1515
2569,3025
5050,1456
3291,1475
3342,2194
4143,1691
1261,2162
4019,1655
299,1027
2754,2963
4232,2702
3082,2240
1969,936
1315,2398
3433,777
3717,536
1227,299
14,1797
332,386
5306,1045
4910,1045
3544,1547
5865,2729
2456,2717
3222,1496
758,2480
3015,1957
2313,2439
107,1207
948,1823
4702,1281
5582,140
3227,2779
5844,2791
3908,2174
4340,1831
5379,742
2793,43
2397,43
790,1614
329,1027
3008,1917
544,2901
3770,2240
4198,435
1180,79
20,2901
1257,299
4653,1015
4257,1015
100,386
1776,2584
3574,1547
2144,536
2856,1496
5244,1456
2730,3077
3840,1666
1654,120
4832,2451
3894,1902
2328,64
2861,2779
4370,1831
3508,146
650,1203
361,1100
1481,1131
2983,1456
5643,2104
2301,870
2437,2451
2571,2451
847,27
764,2244
927,3174
4728,2478
4652,1702
4070,2478
157,2209
1673,2240
1669,1532
265,1742
3142,927
3276,927
2080,120
137,2496
1658,2871
1699,2872
5006,1641
210,2974
1029,3077
2751,1456
3505,1918
1328,2178
2467,2451
4435,1071
5006,2580
3586,2257
1043,2194
3166,1671
4787,964
4451,1015
1999,1070
1307,2240
3160,1102
283,1917
1441,2240
2287,1702
5384,2351
2483,2580
2421,1702
3935,1098
3135,1045
3336,2267
3694,2729
2873,1045
5585,1883
5162,2689
112,2974
4582,1848
3075,1179
3918,2622
175,1044
677,2194
4264,2478
3848,1102
971,1917
1788,2139
2204,1071
2797,2339
3074,927
4227,1098
2878,1015
3965,1098
5106,2006
3380,2165
2616,1015
3894,2386
179,2856
4909,903
4957,1883
2811,1456
827,3077
2341,2473
452,1702
3241,286
4509,969
4612,1848
5789,2413
1859,2729
1105,2267
3686,2622
3920,574
4753,1329
4491,1329
2835,2981
2969,2981
400,2451
138,2451
3605,2633
5561,2936
4458,2320
2875,1067
2677,2580
4069,1047
4129,1098
1617,1102
2305,722
3134,15
329,706
2282,738
2767,2473
678,2580
4580,970
1746,2421
977,927
2121,1544
507,2698
2759,1831
5912,1823
4809,1207
1122,1281
2641,1021
1999,1554
4031,2633
3635,2633
3714,2926
3284,898
866,2981
4975,1684
2663,1719
457,1241
2050,738
3330,2936
281,1015
64,2478
1007,927
3464,2936
2691,734
5284,160
2756,1883
2419,46
5891,2824
2890,1883
4963,2963
173,2421
5596,1186
2793,1950
2046,969
2970,1088
3799,2633
1223,2622
3403,2633
3482,2926
2164,2910
3991,2803
3931,308
1976,2859
2955,1719
5116,734
3168,2012
3603,1940
1087,482
4836,1848
5607,971
5228,386
519,964
3117,734
2721,734
183,1015
238,722
2590,1217
5651,2963
432,1719
5389,2963
4993,2963
2909,970
1515,2622
5269,2080
4340,2583
2521,2551
3309,1843
2192,1329
1156,2689
473,969
416,435
1568,2633
4641,2696
1513,482
475,1015
2875,2490
1335,1873
2949,2439
3147,734
5258,386
3045,2901
2489,734
5228,1675
1625,2386
3036,903
4655,1813
835,15
1129,2936
3075,1797
2543,970
160,3074
5690,982
5294,982
5032,982
3380,1844
5472,2974
1000,1021
1664,1001
3400,2496
282,970
4525,2871
5208,2901
1598,2633
1689,1997
1429,2824
2408,1684
4645,1475
5369,1506
4591,2178
4897,1696
5258,1675
1340,1062
5557,1742
3979,833
71,908
5720,982
257,1098
4436,2240
1050,734
4078,2532
1779,1109
4191,1655
5764,2974
5323,757
5428,3025
4301,1823
708,970
312,970
2948,1032
3034,2496
446,970
4240,1547
5682,1629
253,1329
3405,2439
5624,870
1956,1186
4927,1696
4232,905
3836,905
1100,2891
5379,1039
4715,1813
2977,2901
5587,1742
4828,936
1347,1078
3191,386
481,2095
763,1027
815,1217
2678,1521
921,2367
157,1217
1551,319
2115,2347
513,852
1826,2244
2192,1813
3682,1377
3198,2496
137,1504
5333,1044
276,1848
2451,1515
4839,1475
1482,1653
5615,1696
5091,1696
2906,2095
5824,1281
1080,1084
5562,1281
1713,2717
4349,2779
3072,1044
341,1684
3257,43
3453,1675
3972,2240
5853,706
273,237
2570,833
4810,895
1880,386
4414,895
5038,722
4374,1496
790,1695
4434,1547
380,1797
48,1058
1257,2824
3482,1100
1343,1844
1386,2480
1081,1844
1556,2891
1160,2891
1451,1377
3710,927
1258,982
2207,1131
5522,3171
4665,2584
2714,181
778,2974
4474,3016
4677,1655
5484,435
3374,1917
4706,141
2445,3174
3023,936
1362,2244
5512,1702
2678,1655
4142,1496
162,1695
131,130
2137,2240
291,2105
1024,936
2154,1655
5530,2473
282,299
5301,2421
889,2963
77,833
1586,2891
3069,2974
3513,1702
5039,2421
4032,2267
3965,1045
4164,2194
1545,1547
979,2856
5260,1831
2371,1131
2388,546
3723,2451
3623,1281
2496,79
844,2439
443,2095
2654,665
4913,969
1537,905
5252,435
3897,2981
1416,386
2259,1829
2696,1830
5647,964
1149,42
3162,1071
3403,2
4970,722
1386,1675
2900,1071
5560,1719
3316,757
2397,2702
3605,2580
3543,1702
3770,927
1423,2496
4129,1045
5008,2145
1142,2
4552,1902
302,2240
4595,286
1740,1614
3641,1456
797,2219
3937,286
33,1823
4529,1918
5380,970
3539,1179
4533,2791
1520,2779
703,305
1933,2194
5603,1015
3588,1071
2593,2240
1526,1281
2668,1071
3119,1532
2611,2257
3342,1015
5150,2386
5752,734
5857,3002
4776,2145
428,2702
512,895
1312,1702
1673,927
3521,2451
5217,1329
3455,1831
4518,574
5267,692
2455,1902
4301,2791
4640,2257
5767,1015
1646,43
1522,2451
3709,435
5620,1719
1260,2451
3108,969
3094,1071
4214,1102
852,936
5888,2473
2519,574
81,2779
60,1902
4561,651
658,1070
4,2532
1862,1738
854,2702
4390,15
5847,1883
492,1532
2039,876
2099,927
757,2769
1142,2580
1476,1702
321,896
5502,1848
5576,1797
5898,1848
1928,1045
4944,574
2523,2386
331,1614
341,2302
2232,1456
3018,2365
4723,1329
4897,2448
5119,1329
177,1147
4803,2786
2332,2791
4586,1997
5439,1684
100,146
2235,2858
4396,1873
5511,1560
5812,734
3785,1719
5891,1027
4612,185
176,141
4190,2936
1506,1702
5666,1848
2758,1098
2875,2437
4974,574
2541,871
5283,1329
1900,286
637,2421
2906,969
3343,970
4604,2926
5890,927
4054,15
5267,237
893,1071
1368,2118
4188,15
4329,1940
5024,287
4895,2351
5874,2901
574,2257
3958,2936
940,2580
2451,2267
5364,1109
5186,2500
5859,1088
38,1496
1263,789
5010,1520
3212,2365
5380,299
4865,2859
3831,1848
4232,2946
5126,2634
2113,2622
3180,1329
3314,1329
4119,2480
2264,2791
5363,1823
2016,2689
2656,1329
4705,1823
5546,2439
658,1554
5145,2095
2232,1001
1284,2016
208,2257
3988,2936
399,2791
4100,3177
5404,1797
4086,1027
734,1549
3750,1078
1634,1082
4039,2901
3836,852
5806,299
1852,2473
5119,1813
5174,1520
3713,1950
4446,781
2519,2936
2123,2936
3935,1797
3857,386
2539,2622
3277,2551
739,2832
2212,2227
5894,1809
847,2365
4283,2480
2634,2859
3516,1032
5548,2111
1148,2478
5582,1695
3572,2095
3906,1217
5790,2398
2383,15
208,1102
5178,299
1776,734
2204,1181
5922,982
5313,1655
5072,2532
4666,1844
5526,2702
4008,1844
259,286
1508,3171
3060,2859
570,2622
4062,2080
5578,2111
717,1329
5268,1131
1529,1015
4027,3025
5527,757
5537,1521
4768,27
1738,2320
3575,2901
3317,2111
3995,1797
3401,1058
5727,2584
128,1873
1544,734
3065,1109
964,2145
3545,2500
5281,777
1017,1217
3314,1813
4078,2963
418,2386
7,1354
4582,1742
5590,1532
2424,2244
5032,2702
5058,1671
1259,1504
1264,1848
4268,2306
1336,970
1537,2946
1823,1088
1344,2551
2347,1997
881,1329
1614,160
4816,3077
3637,2439
3795,3025
2769,2629
3609,2111
4001,2901
3932,1044
1050,1515
1874,2716
2227,2080
2951,2111
5757,2584
3119,1695
523,308
1309,1217
3905,160
3344,1813
5720,2702
5620,1532
3373,299
1931,217
348,2936
4350,2496
3321,1829
1366,970
1562,1848
2117,2824
3325,2702
2119,1207
5207,2302
742,1520
1857,1207
1941,1844
3796,2095
4584,3077
2089,2496
3214,2871
5735,2421
3608,2044
2875,961
5239,2779
5094,146
3848,1696
2540,1614
1960,3025
322,1873
3574,181
1139,2095
2032,2901
487,1940
1710,2850
2963,27
2305,27
3007,299
5304,141
2618,2244
2544,43
4099,2
3264,2584
5218,1377
3610,777
5129,517
1404,299
1488,936
1168,1520
5010,3077
1142,299
4146,757
223,2244
906,1520
1749,2963
4251,3025
2475,1377
228,144
2148,982
2633,2717
4399,2923
5644,1902
1284,2634
2767,2717
4109,1629
2405,1547
3747,2179
5617,2708
5247,1677
5584,1070
4321,2451
4660,1917
4576,2584
4085,2174
2629,2194
669,1957
3964,1655
5517,2477
1417,130
2659,1844
3440,1655
4116,706
1568,299
833,833
881,1813
1363,833
967,833
1306,299
4644,3077
4141,1702
1756,2979
1429,2584
5548,2729
312,2824
656,2634
4763,1456
5888,1831
4407,131
1831,120
2416,3025
5255,1918
996,2702
1758,3025
650,2065
3520,79
5803,969
1128,2629
3413,1902
3000,43
1267,1475
3853,2174
4023,1831
2557,1917
1478,1695
2080,43
428,905
2429,1917
1104,3174
2441,1742
5056,927
940,299
4099,2580
1917,1742
2965,207
3324,2769
5578,2729
5817,1025
1075,1655
471,2480
4827,286
3941,2179
1026,2702
976,895
2758,1045
4817,2981
1171,2302
185,3025
1284,2179
854,905
2416,1281
3911,435
330,905
1366,299
447,2244
958,2194
1180,1075
4628,1015
1625,1691
5116,2267
1489,2584
4025,722
4763,651
5608,2729
5644,2386
3075,1102
236,2963
4957,1456
1452,2702
5387,286
2202,1702
5698,2622
3466,2421
5584,1554
2951,2729
64,2856
4916,2586
4217,1831
2672,870
4745,1950
1467,2421
4459,2118
3736,969
3192,2791
709,2779
3665,2257
4045,2478
5275,2115
275,43
2381,1071
1257,2584
4645,1719
185,1281
3239,1102
2843,1102
1996,2923
5463,2351
2727,927
2858,2164
727,2769
660,1547
5932,1109
608,3077
959,1614
742,3077
854,100
2256,2473
1497,2421
2576,2451
4028,969
1349,79
2314,2451
4436,2484
3766,969
3835,574
624,2267
3504,969
739,2779
3299,2257
2411,1071
3531,1102
4255,379
258,1917
4697,1478
3269,1102
3358,2837
4373,2320
2561,1015
1934,2580
4169,46
2890,1456
1527,2421
510,3077
4295,1848
1050,2267
2227,2832
4830,2946
4172,2946
5946,1515
1187,286
4836,482
1405,1677
1324,557
1535,969
5666,185
2875,774
2591,1015
3812,1098
4946,1027
1038,1102
4756,903
5900,1520
4921,970
4172,852
5702,781
2491,784
818,2267
1200,871
4541,160
2409,1883
5100,1844
659,1456
1841,2365
2142,1539
2147,1883
2617,2586
2708,1950
1004,2622
1634,574
1040,2087
3318,2633
5274,2936
1943,1329
4811,960
2147,2822
4580,1027
5643,1490
4751,1848
129,2580
2636,734
1581,1098
996,2165
4301,2551
4234,1329
5178,2824
861,1940
823,1456
2385,2586
5530,2717
4799,1515
4783,982
3823,2926
2389,1015
281,1072
563,4
4665,734
826,2858
4534,1217
3439,2936
4187,1109
1384,1873
2853,560
1736,46
4532,1521
5294,1844
5180,2496
2594,1797
758,2350
2258,1848
4813,982
1936,1797
2332,2551
4171,1515
143,734
690,903
5896,1131
2011,2910
2687,1207
3112,2891
4497,2439
5720,905
2328,2028
1970,2320
3386,1181
3207,2936
3133,735
4291,1058
2909,1027
385,1960
4113,1695
1183,1186
2365,2095
4344,130
4156,833
5338,1742
4290,833
3894,833
5210,2496
5170,1377
836,1078
3840,1536
4581,982
4094,2584
4724,536
3325,1844
2167,1329
773,2227
1771,1329
2308,2500
2841,2963
623,970
5750,905
4420,1064
361,970
4805,1629
4956,1044
3958,2696
3237,2936
3975,2111
5458,2194
1879,1047
4274,2178
1072,15
2598,734
810,15
593,1478
4289,1520
4320,833
4330,1521
5132,2963
5596,1377
4992,2394
2652,970
3949,1829
2710,386
3524,899
5007,982
4119,2240
4468,2394
4136,1655
1894,1520
2534,160
3489,1844
2871,2963
4645,1532
2002,299
5691,1614
3903,895
5212,3077
57,1848
131,1797
391,970
5248,1044
198,1329
220,1088
2885,2080
4401,2111
3112,3025
1985,1823
4170,2178
4478,79
5629,1675
5343,1281
5739,1281
3672,1147
3857,146
1042,2593
2174,1695
708,1027
2143,130
3791,2532
5496,742
446,1027
2774,936
3519,1844
3842,777
5504,3077
3257,1844
4117,2702
3009,1742
5316,3026
1247,2244
5638,3077
4215,1547
4516,721
3893,1496
2776,982
2991,2856
33,2551
2691,120
3558,1957
1357,1823
3305,1511
3945,905
2432,2111
3636,2779
4271,1075
2569,130
4580,2584
4313,2240
691,2901
4330,1655
2938,936
3301,1742
1143,2244
2196,299
3039,1742
1277,2244
3113,1691
4173,1671
4661,2923
2144,1829
3529,1377
5946,2267
5550,2267
643,386
72,1351
1918,2240
2630,2
2069,1655
1066,2963
197,299
2721,120
3624,1614
680,1207
3118,2974
1268,1377
3222,1045
1725,1064
2609,64
2774,131
363,2439
4814,1071
798,2367
4389,141
2128,3174
1887,833
2706,936
5142,2822
1625,833
4904,964
2710,1809
2082,2240
3935,1102
3582,1738
227,299
1775,777
5347,2473
808,1742
873,2891
3423,927
2886,2974
3789,2970
1590,2717
4943,1831
1655,1614
3556,1456
970,757
5445,2981
5910,2586
1,895
491,2974
3702,1281
4858,969
3144,2451
2748,2451
2158,3174
2313,833
2206,1902
1810,1902
5898,482
1001,43
2723,2394
1916,608
2895,2878
4643,2478
2117,2584
1496,1742
3261,757
1528,2189
391,299
2080,2702
129,299
2892,2580
4356,2421
4752,2421
5910,2936
2630,2580
2964,1702
2995,1015
3282,1045
4578,3022
3812,1045
5271,734
4371,2729
1009,2563
4973,1831
3127,942
1396,757
2084,1131
4888,969
4364,969
395,2111
1878,2194
1599,2779
5336,2822
1616,2194
4935,2478
2471,2708
5069,2478
5360,964
2147,1830
4807,2478
5884,1873
5931,1719
5129,277
5011,2473
5787,1940
2160,2257
3318,2580
4837,2320
2660,2580
3025,1015
4171,2267
5301,734
4303,2386
2121,1548
1894,3077
5194,2365
5906,319
1236,3077
768,757
3354,1456
5326,2484
5708,2586
995,1702
1776,2267
4491,2622
2402,2729
3501,1883
4246,2791
1742,1902
3378,2981
3447,2586
5830,482
2657,969
1635,1281
681,2451
1985,2791
3372,722
5001,2320
240,2708
1723,2791
3129,964
4180,1390
4729,2386
312,2584
5465,734
4797,46
5616,903
1648,927
5385,970
5781,970
5123,970
3779,1231
2432,2729
4861,970
1174,1044
2490,2145
2132,2437
2557,1677
2906,1831
2305,2365
2033,1677
290,2421
2673,1071
3160,435
3258,970
5333,1719
3916,2633
4988,1684
5031,2320
3264,2478
5757,734
2823,1015
13,608
5223,46
4827,46
5859,1950
69,1671
4186,1181
824,1015
5287,970
879,722
5349,1848
2916,2145
5423,2551
1324,1338
422,2698
4192,2689
978,2421
1583,286
5263,1515
2424,2622
2028,2622
4287,2926
675,1831
3249,1015
4410,1047
1311,2981
833,727
5253,46
1688,1241
5819,2901
3871,15
328,969
1,574
44,1964
2800,2320
4338,2110
513,722
2545,1047
2915,2832
5798,2963
1008,2421
622,665
3380,1848
3714,970
1217,2006
5778,2496
5427,1515
3976,2633
664,1076
2885,1088
3800,1653
5753,2439
2213,2910
3333,2941
193,2622
358,969
3073,1324
5325,2901
153,2257
1230,898
3805,2936
2164,15
4839,1695
3588,2901
3032,734
3722,2901
3326,2901
5355,299
5489,299
5093,299
1273,2473
4198,386
3482,970
5839,1809
2833,524
1429,734
2456,574
2915,1088
2631,1329
2765,1329
1318,903
5752,120
5516,2095
1409,1021
4031,1377
3785,1910
388,969
2086,482
2232,1997
4097,2936
3121,2095
1760,2941
3458,734
3193,1217
1670,15
5704,1742
3514,1797
5838,2496
5487,1515
320,461
1063,734
1459,734
2367,2572
4198,1675
932,1217
4943,2583
2554,2398
1348,903
1513,970
1117,970
1251,970
253,2622
3577,2496
2524,1997
323,1109
803,2500
2384,2926
4958,2302
400,1329
818,1088
2237,1186
1540,2012
2175,308
3309,237
4117,905
4379,905
2866,2111
4552,833
5672,2584
3600,386
792,806
38,1098
1623,734
3966,1675
2426,1058
3608,1967
5143,2240
3558,160
5511,946
4117,1844
5635,2702
4196,2891
5679,2974
5323,895
1711,2244
1,2936
1343,1848
1417,1797
4032,982
5876,1044
4986,1475
564,1329
3680,2974
5129,1029
4454,1614
402,1001
2267,1186
5663,936
3524,1680
4300,1147
5009,146
2132,961
427,1997
1910,2080
4869,1829
1280,1684
1321,2439
2343,1181
4258,1675
268,1186
1257,734
2754,715
677,2145
1947,2901
3664,936
3791,2963
3318,299
4777,2240
5906,1071
5007,2702
57,185
1614,217
1996,1073
31,2936
5581,722
2778,2240
3404,982
1589,160
2819,2049
5011,1131
1530,2963
4133,3077
3746,2439
3715,120
5556,665
5418,2421
2297,1186
2696,895
719,1997
3322,2111
457,1997
763,1515
3060,2111
3413,1475
5336,1830
2382,735
3225,2178
4703,1917
1366,1027
5936,1071
2861,181
1715,2901
3057,1813
2592,3174
1644,217
1195,2111
78,2351
4813,742
5659,1702
4947,1496
3966,1809
2942,2240
3334,1532
1087,299
4196,3025
3172,2702
2776,2702
4371,3026
4910,1614
2420,1377
5710,2421
2686,1496
4969,2194
2785,1475
4416,1456
4712,286
3664,131
4166,1281
2738,905
647,2629
3947,1917
2080,905
218,1957
5751,2580
4581,742
5794,964
319,319
3481,2117
1946,1844
3725,757
4563,1102
2080,1844
5874,2421
1966,2496
4051,927
5357,1902
4961,1902
2473,1738
5754,784
391,2824
4842,1456
1965,3025
1278,2095
734,3163
135,2080
1578,1044
5076,2791
945,1131
597,2111
2476,2194
4456,3083
5007,742
3353,777
5648,738
885,299
969,936
3266,1532
1862,1742
1936,1691
5212,2837
5904,2421
1996,2496
5843,2145
1032,2978
1629,982
3745,2698
2594,1102
25,2824
2024,757
2170,3026
1105,2702
1149,2974
26,982
3312,372
5516,969
5585,574
5650,969
2866,2729
5106,2791
2215,1456
458,2302
4868,933
2199,2451
5812,738
5901,1719
2776,742
4094,2478
656,1536
735,1829
1167,2240
1920,757
526,1655
2522,3077
3145,2302
1035,1532
649,1496
4391,1883
5922,2946
2108,1962
2245,1456
5266,1329
2475,1918
1264,79
3533,1071
1365,131
4142,2118
933,2194
222,870
631,1075
220,43
5641,2145
4961,2386
4044,1960
1165,2702
57,1742
3060,2729
4094,734
4555,1883
5558,1329
4641,903
246,1614
5203,2858
3449,969
5147,2926
3559,1329
5202,2633
4089,1329
4338,313
4462,379
260,2451
5521,2386
1745,2580
3954,323
1483,2580
3331,1098
3689,806
5931,1695
3126,2386
3260,2386
189,706
2611,1940
307,927
4178,970
2473,2006
439,100
3314,2622
5891,1515
2656,2622
2720,1883
5607,1756
3857,1329
2014,903
178,1456
5426,1186
2270,2586
5133,1873
4806,1478
1876,969
4506,1186
607,815
4019,1098
4531,2936
5458,2572
5924,1813
5614,833
177,2924
4604,970
4344,1797
4082,1797
763,2267
38,1045
3887,1329
3491,1329
5802,1823
208,1456
4026,2427
3835,2859
1906,969
1248,969
2062,1482
2282,2946
4360,960
1910,1088
781,2257
972,2791
4580,734
328,2689
1646,1015
2792,15
5644,833
489,1102
5692,1813
2271,2006
1474,908
2319,734
5032,2706
5844,2584
627,2729
3182,1109
4089,1813
4856,2480
797,2386
2803,2244
5308,1823
4699,2496
4613,1032
1674,969
1278,969
1347,574
1851,1797
390,2227
5509,1547
1678,1088
5811,1131
5243,2367
2901,308
3687,1217
5635,905
5373,905
5674,833
2281,2320
3726,2111
5751,299
3464,2111
4290,1695
4350,2500
2087,734
4497,1207
4280,2670
2143,1797
1941,1848
2089,2500
1335,2792
1517,1520
5579,1131
4674,2974
4180,2439
233,2586
2824,1377
1036,2910
5818,1147
3677,1064
3890,2111
5318,43
4461,2866
2078,806
4306,1797
2458,1027
3287,2572
4361,1696
2117,734
4132,2398
5916,1655
725,15
2411,2901
3887,1813
3782,299
5375,2240
4389,2963
2569,1797
1070,1181
519,1078
911,2622
4526,982
5381,1496
3316,1997
2746,1844
4630,3025
494,1021
2825,2891
2761,1186
3738,2629
5371,27
926,2341
3610,1131
3658,2111
5893,1829
3713,2572
4690,43
5705,2532
2441,2901
1682,2095
5039,1917
5125,1691
4815,2963
3027,2244
921,2936
5088,1809
2075,1797
361,1027
3038,1844
2816,2963
5359,3026
4555,757
2554,2963
4032,2702
4209,120
3280,1377
262,1021
4520,1702
3935,2769
5416,2779
5791,1902
5829,2194
650,2069
218,160
1804,1684
660,1067
2210,120
3853,2178
2652,1027
926,1186
4221,130
1922,2871
3503,79
2548,2367
3355,1147
5007,1039
4456,936
1672,2696
3513,43
4507,1655
5575,1496
3832,2240
2247,160
879,27
1058,2244
4576,2923
5173,927
104,970
3951,2871
5398,1045
1571,2240
5568,1456
1588,1655
2636,120
3408,1131
4950,131
169,2496
3524,2245
2115,2111
3954,1075
2940,2194
2885,43
144,2439
25,1027
2895,2451
4092,2702
1105,905
2366,2861
4928,2974
1483,299
960,2244
4217,896
4714,1702
4652,824
5891,2267
1897,1070
2179,2
5584,1558
3614,3077
1356,1655
1831,2702
2956,3077
2488,757
1569,2702
2345,2923
461,2496
1586,2871
3336,100
4456,131
4924,2451
1405,1547
3726,2729
3313,870
1177,1131
3187,2451
3526,1917
5456,2689
404,2901
2959,1281
1436,79
5068,2580
4020,1671
3240,742
4544,2580
3770,1496
5592,1045
1369,2240
2343,2
2157,1532
4896,2473
5796,286
2745,1702
5251,1883
3890,2729
1603,1131
1207,1131
1517,3077
5063,2586
436,2974
2122,1696
3753,1677
1165,905
1299,905
1445,3174
5,1475
1135,2194
1531,2194
2062,2584
2394,1071
3514,1102
269,1521
1800,2584
432,2451
2034,536
769,1844
2548,757
2775,1702
5906,1181
2544,1015
3571,855
5052,1831
623,706
4790,1831
361,706
1106,1614
4215,2088
2723,2451
1610,1147
3019,1281
1429,2267
3153,1281
4910,435
35,1475
4080,1671
3555,2981
1120,2451
1871,141
2652,706
1843,2257
5623,2936
2939,1702
2574,1015
2739,2580
2708,1015
5380,734
4762,1853
352,1532
3695,1456
90,1532
2829,2473
5038,970
678,1702
5635,2946
1591,2194
1689,2729
1768,3022
5001,1088
2425,1831
2769,1641
4457,2910
1038,1456
2143,455
2559,1831
5090,379
2306,2139
2734,2586
5733,2700
390,2174
3000,1015
3380,482
1587,1671
4221,1098
2521,2478
5408,2351
4434,2145
5619,319
397,120
2859,2473
1157,3026
374,2580
1838,2421
842,1702
4544,970
2173,2145
1717,1902
2747,3171
918,2451
111,665
2313,435
2502,2586
4123,2633
4976,2320
2352,1329
158,2174
3410,482
2090,1329
5440,734
25,2584
5178,734
2096,2837
847,706
1361,927
3023,2473
3422,2936
4234,2622
476,1702
1257,2267
1768,2217
2453,3074
5032,1848
3640,1883
5345,847
5772,160
4870,1520
4608,1520
5838,1823
4582,299
3,2421
3293,1021
5359,1684
4949,1032
5006,2320
1016,1831
379,2708
4751,1047
1600,2791
783,1071
4743,2095
5240,2901
3299,1940
68,2257
3899,1181
2891,2145
671,1015
2629,2145
2367,2145
1159,15
5837,1844
2667,1848
203,2832
4580,1515
2371,574
4014,2824
1409,1883
2553,2500
5127,1684
409,2708
4333,1823
3242,1032
740,970
232,2257
3616,2936
1739,482
775,964
4147,2572
3108,1217
5250,936
1299,1873
3271,2901
5384,936
5122,936
5471,1844
5249,2963
459,2421
1634,2351
937,3177
3033,1797
3857,2244
3943,2018
4724,1829
4536,2532
105,2832
3567,2670
1263,903
1278,2689
3250,2963
2780,570
832,1848
5300,2901
3452,1377
4646,2111
711,1329
1519,1997
4948,1695
2804,2095
4294,905
5414,936
1219,15
5911,1742
5675,2963
3911,386
2574,2572
3515,386
4566,2532
4340,2189
4758,2702
996,1848
2909,1515
2212,2341
4731,1064
546,2551
2664,1684
3846,2593
5852,2451
3393,3025
3369,2439
1870,1823
1328,308
55,1001
2510,1217
4836,299
4428,2194
4631,833
799,1684
2979,1695
341,806
1117,1027
3715,43
1251,1027
4909,777
2808,1813
3503,160
2052,2244
1656,2244
3908,1377
1026,1848
5174,2923
3646,1377
4436,1496
5511,64
1321,1207
2040,140
4762,1666
5414,131
4402,1131
5810,131
4488,905
4092,905
1647,1377
1029,2496
4720,2194
2975,2111
2300,2696
1197,2080
5607,711
4141,43
999,2095
5123,2584
5696,2
3755,2451
1785,560
4092,1844
2693,2398
2605,299
2419,1075
3582,1742
5466,2923
1424,2244
3938,1377
3454,2496
868,1797
1909,1535
2461,2240
577,1813
200,1109
1740,2480
3836,1100
4474,3077
370,1520
3467,2923
3890,3026
2044,2891
3265,2974
2396,1064
3337,2850
3005,2111
446,1515
5576,435
2799,3174
3466,1917
2692,833
1740,386
5032,722
4110,706
4963,2837
5271,738
3151,1532
2,2413
1380,982
1776,982
2147,895
2557,1547
2610,2871
2033,1547
2773,2111
5882,1831
1379,757
1936,1614
4245,1281
5797,969
1782,1147
5844,2478
1379,1696
1680,870
2485,1829
1740,1675
4422,2082
1478,1675
709,181
3085,1070
3443,1532
1777,1742
1381,1742
1756,865
2439,895
2515,1671
276,299
2253,1671
4031,1702
1148,982
3111,1702
3751,2816
624,2702
4225,1918
3879,1281
5794,1021
3517,1831
5413,1329
2142,2779
3276,2708
3651,1831
366,1131
1718,2451
935,1813
3156,1071
4061,1702
5191,2421
3403,1702
5113,286
2437,3077
520,2702
4851,286
2027,927
5855,2586
1404,1702
1342,824
5898,970
5404,435
4043,1281
5595,969
5538,435
3795,1179
2945,2729
302,1496
2910,2708
5465,1088
262,1131
3935,435
220,905
1486,2451
1782,1281
4306,1102
452,2194
548,1902
2924,2791
1740,1809
5143,1976
2569,1102
3078,2477
1187,1071
925,1071
2422,1614
2453,927
818,2702
5064,2622
5666,970
5802,2551
4406,2622
5869,1329
2586,1456
3372,2365
3074,2708
4705,2689
2838,1677
5159,2859
1812,1281
2968,969
3277,2478
5507,1098
5734,323
3762,1015
2075,1102
2221,927
3883,2473
1598,1702
5426,1109
2117,2267
3734,2350
2743,2729
2822,3022
236,3077
3654,2586
4019,1021
3656,969
5323,2859
1861,1523
3683,1072
3831,970
4555,1001
3132,969
977,2708
4421,1940
4018,15
904,1671
936,2118
520,742
1447,2822
3672,1098
2132,481
5922,1848
1471,964
1452,722
3014,1098
4074,1078
5614,1695
2064,1478
2831,2145
1704,943
4553,2244
2614,1918
5767,1910
5256,2926
801,2832
3690,1088
116,2729
519,1456
1007,2708
4310,15
2720,1001
5032,185
1429,1088
5892,1797
4440,1027
1683,2698
5442,2500
5473,1813
1832,1478
5898,299
4521,1366
1319,2421
1420,2473
708,2267
312,2267
1057,2421
3629,970
446,2267
883,3022
831,2832
2299,1883
2631,2622
3369,1797
4897,899
3174,1329
4110,2963
3048,2910
4617,2013
1630,970
4386,2080
5506,2111
2108,1534
1175,1329
177,2981
5335,1475
5361,2696
5409,2178
2451,1873
2737,15
3998,1217
2834,2577
5666,299
1316,2473
1404,2320
4057,1797
1961,3177
3038,2572
5154,1844
4457,2670
4536,2963
4140,2963
5752,2702
1569,852
1340,1554
1720,1021
1398,970
5761,1475
2397,482
4833,1614
2505,15
5607,1008
3370,1217
194,1241
273,1534
2122,1940
5830,299
4837,43
2299,1078
843,1098
5948,2240
4064,1813
1770,734
3406,1813
3697,299
4304,2963
4970,2824
4278,1742
5732,895
5336,895
2086,970
2218,2587
2540,386
2144,386
1824,970
5222,1547
4506,1377
1228,1848
2259,898
1040,2551
5407,546
2661,1844
2172,1653
1107,1329
71,2689
2647,2700
921,2859
2375,2012
2760,1823
4223,2974
5524,1131
26,2946
3622,1064
1865,1910
5521,833
5001,43
5849,1830
3342,2178
3095,1520
4690,1844
4838,2496
1856,1797
887,1181
1584,1109
1654,1848
2101,847
4938,3077
2390,2670
4575,3025
4172,1100
285,2244
3186,1823
2537,1377
5116,905
1948,982
988,2926
1996,2716
3469,2111
647,2633
4584,1044
4821,2677
4952,2194
2305,1027
1701,2044
3800,181
1761,2095
2067,2367
2124,2901
2848,2178
3552,833
3814,79
3941,2106
3087,2194
5618,742
3481,2121
5344,1671
640,2593
4014,2584
2861,2413
3929,2
4896,757
2499,2963
3977,2702
2473,1742
4706,3077
4417,2974
2211,1742
3892,120
4155,2974
4465,1702
800,1535
5313,1045
4917,1045
5299,1147
273,2018
5734,1075
3986,1475
5870,1902
5221,1456
2841,3077
3061,1131
4675,2451
1657,2095
4709,1281
1691,925
3508,130
5643,2088
947,1181
2595,1331
1540,1695
4926,757
2529,2963
624,905
2885,1844
3349,2702
3375,1671
2008,982
2144,1809
1366,1515
2094,2
72,1331
3133,3077
3353,1131
1209,777
5101,2451
2246,3025
2320,2974
282,2080
4475,2174
5562,2257
2830,43
1577,2866
3045,1917
25,734
104,1027
601,1833
2182,2451
2929,1742
3679,2240
4694,757
5030,706
1485,833
726,27
2667,1742
795,386
2741,1691
2009,1742
643,2244
4587,2580
5020,927
3611,1547
4001,1702
5440,2267
503,1675
1380,2702
2829,757
2975,3026
2216,2974
2686,2923
3790,2421
3528,2421
4268,2985
3931,1902
5732,574
3294,2779
3669,1902
4904,1883
3770,2708
4489,1641
5649,2791
253,2439
411,3025
2608,2451
2904,1281
4442,1071
2346,2451
1515,833
637,2779
2435,1742
5369,2496
3739,2082
795,1675
1331,1655
3327,3077
1090,2532
2859,757
1007,777
5479,286
1695,2871
1433,2871
5662,2622
5896,574
3014,1045
5330,1883
625,1614
2093,665
5582,2858
1499,2178
4811,2981
2715,1917
867,1147
3828,969
4210,1071
3613,815
5060,1241
1673,2708
5312,2216
5417,1478
4226,1015
167,921
5475,1456
411,1281
2305,706
2916,2580
2854,1702
2196,1702
2282,722
5642,815
2952,1456
4473,1831
820,927
4543,1072
4102,1329
2099,2708
1999,1538
4301,2478
2976,2981
2503,1071
2649,2586
5116,1873
2594,435
1508,2240
2241,1071
5035,2473
3199,3026
1922,2257
5702,2936
2026,2580
4929,734
2050,722
3669,2386
4065,2386
3691,2145
4758,852
5128,1883
4721,970
1274,2194
3524,692
4274,2910
5657,1823
5566,15
309,2451
1465,2139
2332,2478
4586,1684
3904,1098
5038,1027
5387,1181
5564,319
868,1102
5147,970
4751,970
5174,1073
4150,1504
129,1702
3491,2622
3441,815
1536,2729
2635,1883
5949,1823
2447,2586
5341,1186
2691,2946
4592,1098
3342,1186
2209,2421
4781,970
4576,1504
4581,1848
586,1015
4915,970
1365,753
4797,160
573,2473
1077,286
2691,852
5003,2480
2830,1950
686,2350
2582,1848
3640,1001
928,1883
1955,969
3574,2633
4689,2320
444,3002
1803,1329
437,1831
4038,1047
5351,2439
2073,2910
3852,1823
4888,1217
507,1072
4292,2095
5185,2901
5259,2850
4923,2901
5036,2778
4611,1848
3159,1078
1366,2267
2844,2006
3286,2351
275,722
4437,1695
2647,903
4321,1520
2817,560
1721,1677
3376,2244
2946,970
5301,982
187,2006
2491,1329
1837,2791
648,903
3245,2700
4656,1217
5812,905
1409,1001
2591,1910
295,2478
384,1015
2657,1217
3001,1027
4933,936
4613,1520
5399,1675
1268,15
5418,1917
1013,1940
4017,2398
5070,1207
3802,2244
3038,1848
4063,299
197,2320
5727,982
2318,970
5016,1910
2034,1211
1786,1109
2352,1520
3561,2532
5330,757
5509,2974
228,852
672,2586
1871,2910
1284,898
4893,1695
1276,2700
5691,1675
4631,1695
3086,734
1014,2700
4235,1695
4722,1813
2984,2901
5429,1675
2148,185
5594,1742
4181,146
5757,982
3181,971
3594,386
1166,1027
825,734
3280,2670
2963,2963
3136,2891
2389,1910
2458,1515
4755,2111
169,2500
2347,1684
3338,3025
4308,79
1120,1032
1469,1186
3764,1147
3977,2194
5379,1157
5496,1742
1494,2936
4338,1419
3624,386
1117,734
1196,1027
2266,1695
5003,1809
2369,130
3589,1331
4375,2240
4867,2702
2150,1520
3048,2670
2654,299
3497,1742
4209,2702
4555,895
5381,2923
4703,1547
5489,1702
253,1797
1363,386
313,1848
4441,1547
5504,1044
2331,777
4750,2302
192,1329
2972,3025
1897,2013
1499,1186
2619,1217
4164,2178
4171,905
3713,27
4386,2779
1003,982
5642,1917
4103,1902
2214,1131
5691,1809
116,1684
954,2783
2399,130
3624,1675
5534,1071
783,2901
4756,777
2655,1813
3775,1844
1452,27
5890,706
1190,27
1655,386
5746,927
431,1695
735,386
1229,1675
2034,2634
260,1813
5879,1456
289,299
1161,2480
4912,2421
1875,1823
2787,2871
2947,120
1529,1186
4220,1147
5523,131
5467,2451
918,1032
1429,982
742,2496
1830,2080
5797,1831
3458,43
1720,1131
2202,905
3468,2451
1933,2178
3072,2451
1678,905
2113,833
3369,1691
5776,927
5363,2478
3429,2496
5635,722
1655,1675
3458,982
4051,1496
2962,1532
715,299
1929,1655
2800,2702
585,2670
3288,1702
2978,2974
4814,2421
1168,2496
1063,982
2293,2871
1128,1377
2964,824
25,1515
510,2496
2425,546
1530,3077
3884,43
1143,2439
1891,2302
93,895
4950,969
643,3025
1574,905
1304,1044
2123,1147
32,2871
1302,217
1438,1044
1527,2779
2298,1902
734,699
5641,2580
147,1131
5744,1015
2430,1829
2034,1829
205,1109
4453,1102
2221,1655
1161,1675
43,27
2355,1655
2555,777
5335,1719
2198,1671
2518,895
3714,1702
1229,1809
1316,2717
3904,1045
917,2
2142,1547
4336,1456
1404,120
5376,969
1069,3025
305,2629
5114,969
5618,2946
4202,1641
4962,1329
5824,2822
182,1475
5731,379
390,2178
1040,1506
4483,1102
4500,517
4221,1102
5365,1719
100,130
513,299
1094,1742
46,833
5392,1098
302,2708
1257,982
2776,722
2888,963
4755,2729
947,2
2841,2837
4859,46
5618,852
3271,2421
791,2872
777,2974
1087,1702
1221,1702
5144,969
5581,970
4882,969
5648,2946
2733,1025
1236,1044
3626,1831
2232,2729
3309,2124
3574,1641
4811,2257
2256,871
1593,1281
4736,2837
3265,1071
1069,1281
4934,727
2008,742
3133,2837
4955,2386
533,2240
5557,734
550,1655
1754,3077
4044,1940
2136,927
940,120
1513,1702
317,895
1874,927
4529,1231
917,2580
5351,1797
5812,2946
3401,3002
2298,2386
3752,1539
3045,1677
5290,1329
5552,1329
2007,1456
3132,1831
2103,1918
1645,286
3514,435
1757,1281
3350,970
1199,2451
2090,2622
5476,1684
4500,651
5587,734
5785,2439
5726,1078
1758,1102
397,2702
3943,3177
947,2580
5837,1848
5379,970
1446,1015
5011,574
4331,815
4924,1329
674,2421
412,2421
4932,2910
854,1076
2750,574
2610,2257
3343,1088
3059,1329
3721,482
5548,2095
5345,46
4359,15
1373,2580
5817,2485
4129,2936
1001,722
1476,1015
1550,964
4442,1181
5863,386
4710,2689
3903,903
5417,299
5181,1520
1819,1354
5155,299
1201,2473
838,2421
3148,970
1142,2832
3284,1797
4664,1001
457,2729
3089,1329
2435,2791
1294,1883
1327,1831
3225,2910
4293,1997
2641,2859
1471,1021
1447,435
5650,1217
5254,1217
2203,2633
3409,1684
5327,1695
4210,1181
2390,15
3921,1078
5129,956
2940,2145
5156,1813
3747,1679
4528,2244
2582,185
5552,1813
5581,299
3836,970
1898,2936
828,3022
3087,2572
807,2145
5638,2496
523,2386
514,2832
1977,1539
3186,2551
5065,2634
1672,903
1357,1831
3141,1088
4411,1844
4772,1823
5541,2563
4624,2891
1313,970
945,574
3004,1756
2312,2926
4927,2111
2136,2700
3946,734
4025,1027
5241,1520
5215,299
5406,833
5349,299
4002,1797
4320,386
2324,2936
25,2267
4058,386
940,2832
575,2145
5484,1655
1132,3002
3823,2963
4654,2891
3561,2963
5801,3025
1343,970
1040,969
1544,2946
811,1109
4495,2080
5615,2111
888,1329
234,2791
1029,2500
1621,160
2853,1186
4040,2439
4346,1957
982,964
5490,130
5924,2866
4805,27
3449,1217
5333,2398
398,2633
1545,323
3508,1797
3522,1695
5065,1829
5502,2584
4511,2963
1398,1027
734,1801
4877,2532
1544,852
2282,27
3591,2963
3987,2963
3646,2670
3833,2496
3814,2
3941,2029
5073,1131
1052,1329
1188,2910
4228,3025
1000,2859
3221,2871
2359,1186
2089,1325
3481,2044
5231,27
5901,2451
5225,1902
366,1001
1214,1098
3552,1695
1809,2439
4333,1506
714,1684
1547,2439
3376,715
2636,905
1614,1217
36,308
4279,2963
4635,1844
4943,2189
5666,2584
5099,2702
5757,2702
4065,1691
2229,2244
4500,1619
1967,2244
1857,386
1198,1504
1203,1848
1537,970
4259,2496
3844,2
4773,2717
4415,757
1082,1329
4621,3077
2073,2670
1978,1844
2849,2891
3747,69
2616,1377
1929,2891
1117,1515
5690,1076
153,1997
3152,2111
5829,2174
390,1186
5369,2189
462,308
2800,905
5329,1070
3283,1813
4491,1691
1872,1044
5289,1671
5301,742
3697,2584
3301,2584
4777,1496
3034,2240
773,1109
888,1813
4436,2923
4389,3077
1746,1844
5917,2179
1894,2496
283,2413
2838,1547
4338,1045
448,2480
3268,1131
2003,2439
4959,1917
2452,1511
953,895
158,1186
4392,1281
1911,2850
3196,2194
1640,1044
2313,386
334,2351
3372,141
3198,2240
3415,777
849,3174
1004,833
3244,895
4025,706
4178,1702
2058,2496
1662,2496
2942,1496
5323,2729
2816,3077
2905,1614
5840,969
5413,2622
3584,1902
4666,1641
3495,2584
3228,2240
3524,1070
1719,936
1980,2963
290,2779
2236,2394
1496,2584
5615,2729
5694,3022
4957,2729
972,2584
4568,1456
1063,2702
337,1844
2539,1614
5612,1677
3869,2421
1701,2235
3258,2267
2781,1147
5811,574
2533,1045
5933,2257
1115,2111
2694,1902
1686,2866
2553,2451
278,1614
2630,1917
5111,1102
4082,435
763,905
1883,936
978,2779
439,27
967,146
3976,1702
3867,2698
1398,2584
1002,2584
4390,1719
1489,2702
3765,2421
1227,2702
2748,3077
4262,2473
5033,2350
965,2702
5129,2058
2111,1702
3241,2421
5473,2622
5579,574
5376,2689
969,1131
1719,131
3381,1677
5702,2859
1416,130
4169,969
5330,1001
397,905
3850,435
746,2779
501,2194
3959,2822
5855,3074
3909,1015
1423,2240
456,2451
2235,2118
4704,1478
1851,435
1161,2240
397,1844
89,1691
1257,2702
2403,1702
5063,2350
1831,722
3837,2832
4582,734
1068,3180
338,1614
2635,1456
1883,131
2795,1179
3746,435
3524,1554
2891,1641
3610,574
4201,1015
3941,1842
2143,435
3306,1102
1470,1655
179,1742
2794,927
2233,2580
4855,2936
5664,2351
1548,2477
1985,2478
3819,1098
1940,1015
4046,323
539,1496
4976,1950
172,1702
5896,2859
3640,574
1396,3022
928,1456
2108,1538
1452,2365
2624,2586
516,2451
416,1281
1954,1071
1706,969
3063,2633
2628,1015
5038,734
5079,735
2219,1719
1728,2421
4362,1848
1117,2267
1466,2421
26,722
3174,2622
5581,2824
823,2729
2012,2365
451,871
5,784
4604,2320
4485,908
1718,1329
816,2689
1330,2910
843,1102
177,1241
5156,2244
5870,833
5576,386
5307,2413
3942,1797
2872,1883
4472,2551
1743,46
5609,1997
2636,852
5079,2963
4480,160
860,1456
2300,903
636,1940
5849,895
2162,969
2265,1848
3433,2859
1900,969
943,2622
2211,2551
3976,2320
1433,2257
1770,1088
4900,2439
3797,1823
5799,27
2182,1032
143,2946
3476,2936
5697,2194
2306,1098
2044,1098
5380,43
545,482
2842,1078
832,1478
2258,1027
1917,734
140,204
2800,852
3259,1366
2949,386
2670,971
1971,970
1603,574
1207,574
4724,1809
1778,1329
5257,2080
2048,2910
5757,905
3303,1823
5891,905
1684,2633
5223,217
1105,2926
5806,43
4978,386
1416,1098
3379,2572
2402,2095
1158,308
800,600
996,1478
3857,130
4936,160
3931,833
4065,833
450,2473
2399,1797
5341,1377
3309,2018
2598,2946
4752,982
5363,2856
1875,2551
5287,2080
4929,120
5481,3077
4094,2702
233,903
3595,1823
4226,2629
136,970
5389,1044
2507,1515
1810,2341
227,1088
4845,2866
5485,1506
4499,1475
5404,386
2262,1684
5757,2194
5789,1917
5054,2451
3063,2901
3947,181
2101,46
5539,1742
2598,852
3119,2244
4172,299
4382,1829
5440,982
5892,2769
4120,1829
5178,982
1919,1695
374,734
1499,1109
4507,777
3632,2240
2519,936
5043,757
3016,1742
3002,1844
4470,895
2384,2963
533,2484
2656,1207
3506,1377
166,970
2521,982
3056,2080
4176,2111
3732,1131
5659,2194
915,1997
3601,1614
3871,1475
4341,2178
5480,2451
3709,1147
3093,2901
3628,27
3690,905
3283,2244
798,2351
879,1027
543,1078
2174,1813
1716,181
3072,2963
3442,1742
5207,757
5326,2923
2414,2963
1941,299
3524,2306
198,1797
3892,2702
3209,982
2522,2496
5449,1044
4124,1547
2305,1515
5228,1045
2862,120
3369,1614
1528,1823
2044,2871
4155,79
691,2080
4058,146
3662,146
3373,43
1714,2178
3569,1675
365,2095
2519,131
3766,2189
1942,1813
204,2901
1756,2589
2233,299
1971,299
656,2244
2552,1742
4087,2769
4758,722
100,1797
2581,982
2106,1655
4327,1475
3661,1614
815,1742
2470,2871
2497,2974
2879,824
5446,1281
647,1377
3641,1147
5556,1641
4909,1830
4950,1831
3141,43
1403,1131
1878,2178
3356,1917
1885,905
534,2439
1489,905
2755,2451
5517,932
1227,905
3240,1742
1299,27
5165,2924
5561,2924
110,2111
1404,43
2656,1691
3004,711
4112,1671
3454,1671
2485,1809
2258,2584
1862,2584
979,1742
2923,2974
4014,2267
5442,2451
660,1962
2224,721
3819,1045
104,1515
484,982
2232,2302
1700,1475
1626,2492
831,2783
430,2439
3386,1917
1079,633
3181,2451
2068,1147
2195,3174
1257,905
5271,2946
5338,2478
1568,43
5076,2478
3892,742
5031,1015
5086,722
46,1695
2620,1071
89,833
428,299
5051,2421
2117,2702
1009,1742
4393,2421
3228,927
3782,2267
1261,1963
2691,722
2190,3180
39,1655
1097,808
1666,3180
2375,2179
4271,1677
4011,2504
2098,1147
4102,2622
5301,2946
4470,574
523,1475
2011,1902
3279,1831
3934,2257
4156,2858
940,43
5116,722
4290,2858
367,181
2650,1071
984,1281
631,1917
280,936
2307,1671
1923,742
3227,2580
3165,1702
2081,2082
2721,722
1721,1547
52,2240
57,2584
5231,2365
3787,1456
3183,2473
4303,2504
3408,871
182,1532
1011,3077
2121,1666
722,2974
5301,852
4431,969
1181,1044
4004,2622
293,2302
4238,574
5071,1329
5437,898
3222,2586
1114,2451
5713,15
80,2194
1143,1691
4649,1047
5896,2351
5617,2936
2964,1015
5581,1027
1983,2082
2816,2837
1193,465
1231,757
312,2702
1305,706
4572,46
4968,46
5160,970
0,895
5361,2192
996,2580
934,1702
4530,574
5294,970
5032,970
4402,574
4839,1329
4443,1329
71,546
599,665
5335,1910
1178,1281
3301,2478
5075,1047
5555,1684
2263,2257
2994,1015
4952,2145
4556,2145
3744,15
5666,734
5646,1021
520,722
2478,1098
702,1702
3087,2145
3350,1027
3009,734
753,2421
3416,2586
4555,2859
2626,969
5761,1910
2199,2622
1803,2622
2364,969
1044,2570
2870,1329
4062,2926
2293,2257
4657,1823
4903,1098
5300,734
5379,1027
4114,2335
2531,1082
3646,15
103,969
5817,2192
5490,1797
5094,1797
3812,2936
703,964
44,2082
1159,1015
546,2478
3416,2936
3039,734
3697,734
5835,2963
1647,15
3163,46
5188,2398
2266,2504
5707,2963
521,2421
870,323
5797,2856
3371,160
4281,2633
5456,2563
275,2365
2875,518
510,3171
5758,2901
3468,1032
4264,185
377,1329
1831,482
5258,1797
1789,2700
4046,2177
5235,1813
3822,971
2853,1109
3257,970
1161,2350
886,2145
3847,1967
5015,2978
3064,1329
536,46
2162,2689
2499,1520
3698,1844
35,2504
4094,1844
3352,1207
5527,120
1258,970
1459,2946
1340,1534
3236,1032
4824,1131
4989,2696
1269,2822
4610,2111
3060,806
1219,1015
2702,1098
606,2478
2590,1823
2706,1217
4924,1520
5032,299
1873,2936
3041,1695
1496,734
2779,1695
1313,1027
3187,1520
1077,3002
4492,2240
1459,852
5330,895
1756,2536
5498,2923
954,1848
629,2088
1489,2946
3001,1515
4262,2717
0,574
2224,1823
5204,1695
3065,2439
890,1082
4723,833
2037,2936
3358,971
3191,1797
3296,1813
1403,1078
4194,2963
3199,160
1296,2901
1489,852
3932,2963
3906,1742
2667,299
3670,2963
4873,777
5898,1702
4000,1377
1257,2946
1326,2551
4984,1547
2564,2049
4756,1131
1547,1207
5375,2866
2703,895
3253,3025
1646,1186
5039,665
56,2926
3672,1696
635,1098
1230,2439
5227,1655
5736,1532
2723,1520
3566,2963
3714,2861
1637,319
4994,141
5178,2702
5498,2118
5751,120
1148,1848
5618,722
5752,722
3350,2584
1340,2018
2493,1997
3964,757
4456,2717
5323,2302
3179,2702
541,1813
2427,1377
341,1001
494,1997
5810,1831
2969,2111
2573,2111
627,806
1680,3025
3003,1695
1255,2095
157,1823
1537,1027
4173,1281
4307,1281
5379,2584
3195,1865
2087,905
5711,1071
1459,1336
3257,299
2949,146
3071,1829
2656,833
4850,742
4972,1671
5648,722
5830,1702
501,2572
1540,1675
26,27
3505,1532
4957,2302
523,833
994,2670
4468,3077
1825,1844
2897,895
3360,2871
1799,1377
3045,1547
3387,2974
4283,1045
286,2583
1344,982
5102,1902
5635,2365
4429,870
1569,1100
3701,131
1844,3025
3645,2451
1057,925
5422,2257
3942,1691
5014,742
1471,1696
3236,711
4752,742
5488,2118
772,1695
5812,722
3148,2584
5946,722
1634,936
4648,2082
918,1520
1704,1675
2131,1742
2881,2240
1083,833
4350,927
4498,3077
1770,982
4879,1456
1064,2
5799,2365
5742,1831
1062,895
69,2891
4367,1281
3857,1179
2062,43
2196,43
3772,1071
1241,79
5074,2082
4682,1292
3248,1071
3141,2702
2033,1742
2062,982
3691,2580
1800,982
1313,2584
2529,3077
2890,2302
20,1844
1522,2923
484,2702
780,1532
1293,2871
1716,2974
2726,1147
5687,969
4730,2622
5360,574
4775,1641
4035,1831
5892,435
4532,1883
3035,1902
1163,546
3475,2174
488,1131
1744,1989
1634,131
5629,964
2236,2451
1432,936
446,905
3369,435
282,2194
5898,2320
227,43
3721,2580
4151,2164
2685,1496
3428,1015
5066,2729
4653,308
897,777
5102,2386
5107,286
4207,2473
1206,1532
2056,1702
158,1377
5717,969
4449,2006
4760,2622
450,2717
5524,574
3803,1831
4300,1883
914,1131
2829,871
432,3077
931,546
4374,2586
4057,435
2668,1677
2004,2451
2038,1281
4094,2946
3194,969
911,833
804,1902
3720,1015
5695,806
210,1917
4365,1719
94,1742
4617,1940
570,1671
4904,2936
1776,722
3001,2267
843,2769
5922,970
2780,3022
5543,927
2914,3022
944,1131
4020,903
4142,2586
5281,2859
5737,2910
4087,435
5184,2926
1096,1902
3797,2551
2897,574
698,1075
3535,2551
2866,2981
1269,1830
2181,2878
3941,1549
3342,2910
4897,2115
1607,1071
5149,3090
4934,2936
1520,2580
553,2791
1654,2580
1544,722
5852,1520
332,1102
2610,1456
915,3180
304,3026
5183,2859
5207,1001
4156,1329
5666,1515
1000,2729
3240,2791
215,1456
5839,3163
4638,2012
1255,969
694,2622
3073,3028
2746,2633
3794,1098
3198,1976
2909,1873
1787,1015
3892,852
2894,2504
4045,1848
1760,323
3783,1848
3857,1797
641,1456
804,2386
1867,1883
1299,2365
5755,2095
631,1677
263,1281
2949,898
1517,1504
5849,2696
1267,1329
4732,2936
747,2791
1862,2478
3104,1186
2594,1838
5125,386
3129,2936
4545,1797
4577,2244
2471,2936
1745,2832
3625,1797
1096,2386
3002,2572
3833,2500
2319,852
5844,2702
3244,2859
2148,970
5250,2717
4608,2496
1595,2484
3346,1823
2635,1997
5930,1695
4187,2439
2623,482
240,2586
2358,1719
5665,2178
2230,1719
3073,3162
5845,833
3897,2111
2763,2936
5922,299
4497,386
2501,2936
3907,1109
5474,1829
2129,1078
1859,1217
5718,2189
1659,2095
1862,734
5456,2189
4589,160
349,1940
2147,903
4134,2963
240,2936
1656,1797
1916,970
2052,1797
1052,2622
458,1883
2753,1844
5616,1131
5829,2178
239,1021
2806,1478
672,2566
4843,2901
5593,1147
5178,905
5116,27
5355,43
5093,43
3699,1695
3990,181
3749,1058
2439,903
5192,1742
4560,2963
2638,2244
4890,1377
320,2299
1082,2622
4301,982
1894,2500
1092,1058
5182,2717
5612,1547
5915,1548
4958,757
1370,2500
5859,2178
1060,1520
7,1021
3379,2629
5604,905
5623,1147
1398,1515
3647,1131
4132,2866
4824,1696
5574,2194
2120,2439
4713,1865
2612,2901
4814,1917
1457,2095
5884,141
2319,1336
2527,319
2780,2485
3179,2194
3721,299
4590,2963
5698,1671
434,2936
57,734
4699,3098
3582,2584
4155,2
5134,3026
4069,2702
5194,3077
2565,1742
173,1848
769,2633
1149,2100
2689,2717
3842,2696
5208,2194
2448,2096
1940,2629
3674,79
1984,2901
3209,2194
4594,1742
2832,2244
3546,833
3437,1829
3874,2584
3607,2240
3958,777
2621,2963
2991,1742
2977,1844
2581,1844
833,2244
2755,2963
4267,1532
1228,299
1834,1829
595,386
2601,2496
5636,2267
5132,1044
4151,2111
23,160
5730,1902
5360,871
563,1602
1112,1844
5477,1456
5857,1677
2338,3025
1116,2717
5906,815
3471,2729
3318,43
5776,1496
1531,2178
1135,2178
5490,1102
545,2901
1973,833
4297,1532
4777,2923
1654,299
3631,1671
2175,1691
625,386
1206,1829
3508,2769
595,1675
2350,2
22,1813
3026,3025
2214,895
498,1742
484,1844
2442,2974
1344,2702
4641,2473
4674,2421
4682,784
745,1619
3124,2779
5889,2689
2470,1989
276,2080
765,3025
1086,1131
181,2974
2863,1691
1760,1075
1538,2194
5177,1702
4812,1015
89,1695
4519,1702
1283,1675
4811,3042
1406,2240
778,1917
2605,120
430,1207
910,1844
989,2891
1770,2702
1018,1377
2654,1702
4918,2350
5665,1641
3531,2729
1022,1496
1591,2178
3026,1281
3160,1281
1066,1044
3989,574
5288,2822
5618,482
2746,1641
1837,2584
1849,1655
2062,2702
2636,722
3398,1045
459,982
595,1809
206,536
1448,1496
3044,1456
458,757
301,3025
4783,970
1366,905
1560,1902
2453,2708
3726,2981
4070,2791
885,43
4744,1015
4878,1015
1325,1281
2013,1655
3038,2580
5398,2936
2745,1015
3732,1456
2107,2421
5397,1021
1496,2267
4772,969
4813,970
2972,1179
4870,1504
4875,1848
143,722
972,2267
1328,1902
3291,2622
2221,2708
1505,286
3194,2689
711,1179
5396,15
5117,2320
2806,2580
5824,2936
1880,1102
5336,903
5296,1504
5559,386
5607,1366
1240,927
4643,1848
617,1702
221,1702
252,1015
2740,1179
4581,970
4784,1329
5178,2946
3123,1883
5643,1962
2145,969
827,2451
5280,1910
151,1902
5381,2716
3151,898
386,2708
3715,482
5690,1027
5509,2901
5247,2901
5269,970
5009,1797
3309,3177
5007,970
4611,970
282,1015
1032,2267
3350,734
4881,2551
4511,1520
4552,1329
3105,903
665,2473
5496,2824
905,1179
1421,2227
643,1179
2047,2689
4194,308
4340,1823
3218,1719
5379,734
692,1071
253,435
3751,2182
4711,46
4045,185
1667,2633
758,2822
3757,2936
4832,1504
4925,1695
5577,160
5256,2963
4994,2963
3434,970
4215,1535
2776,970
112,2832
2715,2946
4183,1997
4248,140
4640,1684
736,969
4624,2871
326,1071
2093,2633
147,574
3120,1719
4374,2696
64,2791
5783,386
5893,2244
769,2580
3391,2936
738,1015
3525,2936
3148,734
5906,1917
1897,1940
1552,185
5423,982
3926,1001
3002,1848
4297,2634
4039,1844
2182,1520
5076,120
5236,2095
5031,2629
3885,1377
1003,1848
5077,2974
447,435
3181,1032
1142,2946
4774,1475
37,2257
3817,2936
4675,715
5936,1917
1877,1823
889,1719
4638,833
4581,299
2972,1797
351,323
1258,1027
3522,1675
4267,1829
5721,982
2522,2500
3114,160
3255,1331
4929,2702
2582,299
1950,1520
711,1797
3309,1567
1172,2946
3653,1377
4207,2717
5146,2178
254,1329
5091,936
5454,1742
4203,2194
1701,2886
574,1684
2740,1797
4734,2584
4767,2532
749,2439
2948,2500
367,2145
2230,1695
4484,1655
4880,1655
2717,1813
5212,2394
17,46
1693,2244
3491,1207
3327,2496
5271,722
2375,2049
138,1504
2055,2633
3891,2080
4271,1547
5616,1696
1937,1823
2849,2871
2434,2629
5825,1281
2733,2696
1234,2080
1743,1957
5571,3026
3711,1331
1667,2901
3384,936
1405,2901
3038,299
2406,1520
2776,299
4861,2702
2175,833
4491,1671
1485,386
3782,982
3095,2496
4637,1496
282,2572
2066,1829
643,1797
247,1797
2121,1536
2498,2240
4511,3077
5301,722
2012,2532
2609,536
515,299
4338,1614
5138,2421
0,2859
879,1515
2737,1475
3499,1044
2501,2696
4397,2194
4497,146
2122,2111
3822,2451
3765,1917
542,2095
5351,435
3594,1281
3286,936
257,2111
3325,2584
2230,1829
2667,2584
2417,1655
175,1520
545,299
1388,1742
309,1520
1126,1742
3380,1702
1012,2394
4214,1147
291,2634
3966,1045
5086,1076
2896,1131
2369,1614
1973,1614
782,2871
4897,1554
1277,2850
683,2111
2166,2194
3577,711
256,546
3625,1691
5805,1702
4459,2082
2435,2584
2062,1844
3638,2118
2264,2702
1156,1742
3410,1702
3544,1702
1646,1377
1667,2
734,2049
2671,2302
1976,757
4293,2729
4462,286
5086,2365
399,2702
4093,1917
1770,100
3286,131
235,1547
269,1131
5866,1015
3851,1071
485,1695
1770,1039
1001,299
689,936
245,3174
1656,1691
5694,908
5697,2145
466,2584
1039,2
4981,2729
1574,1100
5116,2365
1527,2974
1950,3077
5632,969
4909,574
681,2923
1003,722
4974,969
2720,2729
5614,1329
1462,1044
5636,1088
3893,2586
4956,1329
1701,1060
171,1131
1819,1281
4407,363
296,79
650,2297
4031,1015
4411,482
5476,806
3373,1015
630,2584
2526,2082
1117,2702
5800,903
2228,927
2001,1702
1739,1702
1429,722
4443,2622
4839,2622
2614,1902
4577,2622
5644,1329
3147,2365
2853,1918
3620,1831
3009,1677
25,905
1189,2174
2123,2981
1176,2878
3161,2421
673,2257
1996,927
1769,1702
1373,1702
411,2257
5869,1797
1459,722
5275,1058
5412,1329
5016,1329
1296,2421
3959,2586
3508,435
2759,2791
264,1456
644,1677
5840,1217
2266,2858
14,1281
4268,1062
2181,1996
4643,185
1799,1702
1489,722
1568,1015
33,742
1172,1015
3959,2936
4106,734
5637,1797
3582,734
5669,1520
4540,2689
175,3077
4294,970
3550,1950
4032,970
790,1098
3374,970
3104,1109
3839,1329
3906,2551
683,2729
1340,1538
1023,1831
5937,2439
1200,969
1623,1072
4226,1186
4436,2716
3350,1515
4385,2936
1257,722
3874,734
3294,2145
2614,2386
5041,1520
698,2421
2386,2936
3404,970
5379,1515
3495,1088
4813,2824
324,1456
771,2145
1989,1021
3895,1207
650,1626
1364,969
968,969
1467,1848
1102,969
558,2791
1344,2946
4295,2080
4694,2351
5136,2696
4379,1027
4439,1078
4043,1078
1615,1719
3936,2901
5770,1521
1749,1719
2263,1940
4777,1073
1308,1976
5785,1829
1777,734
4533,1844
4581,2824
3072,1520
92,1456
4271,1844
5527,2702
2461,1366
3323,2859
5162,1823
4897,2306
5659,2629
1569,970
5397,1131
736,2689
5445,2111
1926,1207
3526,2629
2767,1823
2459,1478
325,2566
5817,936
4912,2779
5471,299
5681,1075
5266,833
2580,2936
3600,1797
2148,1027
5594,2584
1797,46
360,308
852,3022
3087,2178
3481,2105
1280,1217
3102,1520
3472,299
1034,2504
5769,895
4845,2496
8,1354
2183,1021
1522,1504
2291,2244
4543,1377
4612,982
4281,1377
2180,2413
2915,2633
2598,2926
1824,1088
93,903
1144,1329
1237,1520
2436,1844
4058,3025
4029,2095
4130,2901
5558,833
995,2926
5897,299
1313,1515
2527,1181
1536,806
5770,1655
1169,46
3258,905
5496,2584
4875,1742
826,3090
4553,1691
5721,2702
4613,2496
4976,2548
5848,2477
4382,1809
5101,1496
1171,1058
2427,2670
2303,160
1174,1329
2776,2824
2862,1844
4507,757
26,970
5850,79
750,1001
4910,1147
1042,2341
2124,2080
3378,2111
878,1186
3546,1695
4420,2451
4396,1865
4816,2451
1536,2095
5751,2702
302,2716
379,2936
4133,2394
776,2572
5191,1547
4014,2702
607,319
4048,1532
5490,1614
5228,1614
2012,2963
4063,120
56,970
1986,1742
2382,2496
5642,665
4651,1044
5088,1045
444,2018
3004,1496
805,1997
397,482
4836,43
1388,1823
5684,1830
1833,2439
730,1823
4746,1281
4584,2451
384,1186
3288,2194
3491,833
5664,3083
409,2936
5715,2082
2528,1917
403,2367
3782,2702
1065,1520
1831,299
5258,1614
1230,833
2016,1742
4666,1702
4733,2924
144,386
3671,2871
5581,2267
5796,2421
1537,1515
2318,2080
1308,1655
5288,1456
1325,1070
568,1653
43,2963
2863,1614
399,1844
4764,1456
1961,2974
3239,1147
2843,1147
5587,742
1311,2111
3716,2240
734,1541
4805,706
5709,2532
1532,1521
2516,1691
2576,2496
1151,1829
1734,1655
1672,777
3072,3077
2676,3077
5090,286
1981,1532
1289,2702
2282,706
4954,1179
5190,1456
3350,2267
5769,574
803,1496
2305,1629
2673,2779
5223,815
5438,2689
173,1100
1298,1475
1341,2111
3031,43
4741,1071
5816,1329
1117,905
4078,727
1001,3174
710,2244
2520,470
5087,927
5379,2267
3617,2769
3892,722
2063,2
3682,1666
1106,1655
3102,3077
473,1742
459,1844
63,1844
2634,757
2797,2441
285,1691
1269,895
1665,895
4762,1544
5734,1677
4971,1883
5506,2981
5454,2791
631,1547
1237,3077
289,120
4084,1831
82,3025
552,2974
3367,1281
1730,2421
1274,2178
1186,79
1776,1076
353,1044
1077,1075
1485,146
4556,2580
5745,2216
2429,1641
593,2194
4580,722
1345,1829
5781,1873
276,43
152,2451
899,1742
1165,141
1299,141
2691,2580
2233,1702
2319,722
1923,722
3148,2267
665,757
3378,2729
5876,1329
3730,2622
4234,435
2229,1179
4340,2551
885,2194
3440,574
4295,1088
2459,1641
4734,2478
5857,1614
2328,2878
783,1917
2803,3171
874,1281
5177,15
2412,1071
259,1917
4810,2473
2506,706
3282,927
5756,2351
2459,2580
2397,1702
4374,3074
2211,2478
3312,2267
2288,2698
2026,2698
5854,2859
350,2974
4758,970
4849,2586
4892,970
4959,2946
136,1702
3732,574
1409,2729
1020,1456
1154,1456
2279,1831
5603,15
608,2451
947,1917
2399,435
2003,435
3166,1102
4840,1719
1536,969
5769,2936
4561,806
5390,2351
5507,2936
911,1671
2117,722
2196,1015
4734,734
3342,15
4813,1027
1065,3077
428,1702
1835,2729
1914,3022
4729,1329
4467,1329
3469,2981
1184,1456
2450,3002
4415,2859
1438,2504
5858,1823
5512,1186
2661,970
1828,969
5417,2080
916,1641
3660,2926
2206,1329
1245,2082
3538,2936
4954,1797
3276,2936
5253,144
4752,1848
1892,2832
4781,1088
1317,2335
952,1456
3263,1950
5513,2700
2662,2484
2295,970
1992,969
1431,2622
703,1883
837,1883
3483,2633
5007,1027
3536,15
4859,2095
3751,1889
5222,2901
5891,27
4277,1181
3323,2351
1740,1098
2232,806
2667,734
1347,2335
2854,560
5796,140
3151,2244
2325,970
2748,1073
5181,2496
4644,1325
4360,1566
5215,2080
299,2365
242,1831
1102,2689
4755,2095
508,1950
4627,2095
100,435
5721,905
5129,993
289,1088
5,1329
1459,482
5898,43
3074,2936
4504,1695
4242,1695
1312,1186
2435,734
5028,160
4467,1813
4362,299
4983,2861
57,738
4496,299
2813,1848
2885,970
2625,1797
789,2350
2229,1797
3623,899
4949,2496
4980,2563
252,2145
2031,1058
5502,982
5584,1546
2206,1813
5606,3025
5155,120
4857,1217
449,969
605,3172
3568,1377
276,1950
3717,3163
825,2946
35,1329
1738,1186
5423,1039
3417,2901
4014,905
5251,1521
5204,1675
5576,1281
4872,936
1938,1217
5369,1742
3545,1366
5503,1742
331,1098
2581,1848
2259,1797
2973,386
3369,386
5375,2496
3601,1675
4783,2584
4960,2
2553,1520
4774,1532
660,1539
5710,2974
3003,2480
520,970
258,970
5839,2041
199,1329
4359,1475
1095,1844
3089,2439
3782,905
1103,15
3935,1147
5387,1917
3869,2779
3661,386
4504,1829
890,2351
1007,2936
2833,1695
4813,2584
2091,1058
2175,1695
2466,181
234,734
3369,1675
3782,1844
1459,27
2321,1520
1925,1520
855,852
1772,2244
2691,299
2090,833
4246,2702
4330,895
5635,706
684,970
288,970
3301,982
5264,1702
2748,2496
3954,1547
3632,1496
4663,546
2820,120
3405,3025
700,160
4384,1131
2016,1823
4227,1147
4638,2179
3127,48
2953,2901
4474,1024
3899,2779
2433,2111
3916,2194
153,1684
2863,1695
4855,1655
457,2095
1940,2178
1350,2901
3003,1675
200,2439
2019,27
2227,3174
2805,936
3550,1844
2906,1742
1540,2244
776,1848
3436,2496
2407,1829
772,386
1823,2532
1861,2824
2205,2634
431,1813
35,1813
3984,1547
3348,3026
3625,1614
844,2891
4826,1075
4170,1902
4268,2245
1343,2080
3533,2779
1704,1305
1499,2593
3844,1917
1970,2178
2460,1813
1295,319
1508,1366
3495,982
5014,722
4752,722
1132,2018
2527,2
2300,777
1319,1844
2895,2118
3700,3077
3337,3025
3015,2974
4421,1147
3063,1702
3555,2164
592,1515
4730,1902
707,1465
2586,2302
5864,1831
2720,2302
2183,1131
1656,1614
651,2095
754,2974
3703,1281
1475,1044
4859,969
2373,2194
2073,1902
1715,2194
5178,722
2998,1465
1012,2451
2392,1655
936,1675
2526,1655
721,1521
2605,2702
258,299
3336,706
3093,1702
3454,927
3227,1702
4579,3022
4111,1456
2614,1475
1595,1496
3849,1456
4974,1831
3016,2421
5545,2586
5490,435
5132,727
5285,969
4889,969
4562,574
4627,969
4258,1102
1324,1383
2876,1071
3628,706
345,833
5274,2473
1029,711
3209,722
3288,1015
1032,982
557,1655
3941,2334
3879,1456
3855,870
4275,1456
5849,903
551,120
508,2702
828,2872
5613,2878
5618,970
5282,1021
263,2871
1777,2267
3401,1831
2007,2729
2014,1456
3641,2981
2528,1677
2132,1677
563,130
67,2178
3054,969
3040,1071
5805,15
798,936
144,146
5264,2320
5947,2350
1628,3083
5276,2145
1917,742
2431,963
5710,1848
5648,970
2814,2421
5386,970
1740,1045
5587,2946
4756,574
2469,2386
2794,2708
3484,903
5201,2910
2523,2622
1370,2451
4441,2633
3379,2580
2751,2257
343,2584
355,1655
1165,706
2727,1082
5812,970
5550,970
856,2580
4552,2622
3497,734
5357,1329
2074,1456
2724,2504
2718,969
4409,1001
1052,1179
2520,230
3380,1088
4471,2633
4288,2926
4946,2926
1702,2981
5882,1917
3840,2012
5657,1217
5839,699
4562,2936
4579,2351
5320,1797
4983,714
2001,15
3255,46
5192,299
4956,1520
613,2421
2882,969
3386,2946
2555,574
3133,2500
4439,1001
4239,2633
4728,2824
5690,1515
4330,1997
3260,1329
3000,2910
5949,1217
3237,379
5358,2439
1017,969
621,969
4592,2936
211,2791
2427,15
4032,1027
5248,1520
2361,1647
5444,2398
5618,299
5413,833
777,2421
1673,2936
3089,1797
503,1098
3149,1848
4180,898
2817,1109
0,2729
2894,1329
783,1677
3885,2670
1686,3171
3164,2910
4093,1653
4943,1823
1309,969
1150,1848
3390,1910
3214,1684
5831,1696
1901,2012
416,1102
1940,1186
3404,1027
5648,299
3194,1217
947,738
3357,2901
3753,2901
1086,1082
3119,1797
3492,1813
37,1456
3657,160
5338,2702
3653,2670
1776,970
425,2504
1380,970
1834,386
750,574
254,2622
1388,2551
5476,1131
5214,1131
5558,1695
797,1329
401,1329
4553,1614
5038,905
3649,2901
4618,319
5521,1813
5896,936
1856,1838
3387,2901
4612,2194
3273,1109
4840,1829
5277,2584
776,2145
1490,734
1569,1027
2770,2178
4914,2532
5361,777
5907,536
2121,1540
5915,2117
717,2504
5636,2702
2893,299
1847,971
1974,2244
1148,970
948,1848
3851,2
681,1504
1156,2551
1089,1329
786,1520
5158,2111
4848,1131
4982,1131
3755,2923
3130,2871
599,2633
2853,2593
3276,2696
3555,2111
337,2633
5406,146
502,2700
1584,2439
4516,1331
4063,43
3196,2178
1322,2439
4674,1917
5319,1655
1814,2901
3211,1520
4778,2240
2894,1813
3319,299
160,2936
4623,2891
3267,1829
1742,2244
4277,2
1042,1109
3442,2584
2817,2532
112,421
924,299
2149,1844
3004,2358
5896,131
1995,1377
5727,1076
5202,2194
4806,2194
915,1684
4365,2451
1629,1027
3138,79
1142,2629
746,2629
4442,1917
5483,1655
4528,1691
37,1940
649,2696
2034,2244
98,2593
1230,1695
1304,2398
3840,536
5543,2837
2088,2480
3301,2702
1114,1520
4032,706
3696,757
3271,1547
1834,1809
1452,1515
94,2824
476,2926
3043,1131
2516,1614
3256,2178
1351,120
1936,3025
1511,2095
1115,2095
3020,1147
4133,2451
4429,1281
5833,1071
2971,2194
1092,2111
3174,833
5835,2837
3980,2394
3240,2584
1029,1008
967,130
740,905
1363,130
2209,1844
2990,1655
3147,141
3642,120
58,319
3905,2974
3630,2769
5479,2421
1728,982
2473,2856
5367,1456
1600,982
5105,1456
5891,2365
344,1844
758,895
1355,2871
3901,2451
5749,969
1421,2178
5428,2082
5751,1015
3998,1071
2594,1281
2241,1917
3404,2584
5252,1102
4899,1738
501,2178
1205,833
1628,936
1232,936
289,43
3783,2580
1230,1829
3721,1702
5607,512
5397,1456
1009,2584
5839,1801
1716,2
152,2963
613,140
112,1844
2710,1614
972,2702
3644,2421
5614,2622
5564,815
4471,1641
412,1547
131,3025
2192,870
1189,2178
2362,1281
2405,1917
753,2779
1429,1076
4471,2580
422,3174
5158,2729
3372,2837
1168,2240
810,2532
1407,536
5199,286
1398,2702
1694,1532
1028,1671
5644,2622
4541,2006
2667,2267
57,982
1982,2164
5050,1883
516,1496
1409,2302
5791,1329
786,3077
2635,2729
4927,2981
524,3077
598,3026
5529,1329
1656,2179
4206,969
4545,435
3791,727
298,1044
3534,2791
894,1075
3215,2257
5691,1098
436,1917
1477,1655
21,1675
5663,3022
5229,286
2889,3026
1032,2702
4996,2936
1978,2580
808,742
1169,721
2764,1045
5016,2622
1344,722
4770,903
5442,982
2538,1456
26,706
2672,1456
5903,2859
4332,677
1393,614
928,2729
503,1045
563,1850
3123,574
5234,2700
3976,1015
5347,1823
261,2451
3874,738
1458,2702
4764,2936
4728,1027
5816,1520
322,3077
1351,738
4150,2484
4181,1797
4236,1504
3415,574
3986,1329
1099,1456
2224,1831
2172,1641
837,1456
1962,1831
2277,903
5136,2700
5031,1186
4816,1032
29,2451
1877,969
1481,969
2434,2580
990,1671
3624,1098
4758,1027
3137,2700
21,1809
4813,734
126,1071
1335,2837
5418,319
435,2580
426,3026
4867,970
4605,970
3939,1109
1463,3022
4016,1329
5267,1843
1256,2729
2703,903
901,286
1,2473
209,1456
2563,2586
3361,2566
950,2622
599,1641
2524,379
1178,2257
2947,482
1849,964
3721,2320
4526,1027
4581,734
5448,319
5351,386
1655,1098
4635,970
5020,781
306,1015
4836,2946
5023,2772
969,3022
1411,1677
3756,1001
889,2504
1675,969
4777,2716
1348,574
1785,1329
367,1641
1086,574
1986,2551
236,2878
5024,2593
277,435
5502,905
3179,3060
5178,27
4968,217
3710,2696
5417,43
582,482
1843,1684
5155,43
1196,1873
2617,1078
2763,903
2078,46
5106,1844
4858,1742
3034,1366
3383,1520
4992,2496
2540,1797
2008,970
444,3177
5482,1377
4468,2496
301,1179
1746,970
2016,2551
1949,1329
4588,1100
2888,2480
362,2586
143,970
2942,2716
4019,2111
25,722
1516,2386
2531,903
2605,852
4573,2670
3809,1520
3150,386
3284,386
4127,1829
2382,2500
2974,160
515,734
580,1883
5738,1131
2653,2963
1889,1813
886,3121
3766,1823
569,970
173,970
2895,2496
2148,1515
2924,982
3708,1064
4274,1475
2870,2439
5430,1917
1395,2217
3955,1695
5564,1917
4805,1865
3697,905
1945,2095
5078,2963
5052,1742
3290,2244
5513,2891
4790,1742
788,2936
4157,1829
5186,2496
4728,2584
5734,1547
624,1027
2888,1675
4070,2584
5899,1614
2210,299
374,852
4997,2974
3187,2496
4735,2974
3701,2717
399,1848
4184,2871
4170,1475
3638,1614
3920,546
3680,2779
734,1545
832,2080
1673,2696
3380,43
556,2936
4758,2584
179,734
3699,2240
3737,2532
4229,2240
3833,2240
607,2901
2083,1813
1687,1813
3203,1844
5101,2923
3667,2702
5224,1044
3577,1496
1113,2480
507,2670
851,2480
3802,1614
5213,131
2081,2871
408,1910
2963,1044
494,1684
946,2717
3410,43
232,1684
1018,2593
1672,1131
2797,1506
2281,2178
4526,2584
3082,1675
1630,905
2750,936
4355,2702
972,905
1306,27
1514,3174
3321,1691
459,1848
2723,2496
4929,722
4519,824
2131,2584
2888,1809
5008,1015
2265,2584
5691,1045
5878,871
838,1844
1012,2963
2364,2563
2667,120
4766,2421
2534,2974
2957,3077
2682,2872
5337,1456
2346,2923
42,1910
2365,721
4908,784
4247,1075
5623,2981
1440,1131
4289,2240
2780,936
1002,905
596,217
2824,2174
1284,1557
5434,1015
2166,2174
301,1797
1077,2018
5817,753
53,1695
2045,1655
3117,706
443,160
188,1331
2258,2702
1862,2702
3495,100
819,2891
1600,2702
2746,1702
230,2496
4019,2729
1376,1496
650,638
2267,1475
1565,1957
4889,1831
565,2974
4278,1677
5749,2689
3514,1281
205,2439
2313,130
14,2871
4804,969
2018,1902
177,2111
1,1131
80,2178
2325,2584
5704,2165
2791,1071
3911,1102
695,2451
270,1521
5585,2473
1813,1655
5693,2006
462,1691
918,2496
2590,2478
3624,1045
64,2584
4580,2365
5132,2878
729,2974
2780,131
3941,163
2986,2451
4834,969
178,2871
1229,1045
2048,1902
3922,1641
5100,1088
4836,1015
3229,2586
5015,2478
4927,379
4360,64
2344,1671
2837,1015
94,2584
5864,1719
801,2
4030,3022
57,2702
1578,3077
234,120
819,3025
5136,903
1168,927
5301,970
2071,2421
1655,1045
309,2923
4671,574
5502,2946
3346,1831
1854,2194
3991,815
3447,1883
4206,2689
3137,903
4458,2910
72,2421
3971,1102
58,79
2112,1671
3263,1015
1862,742
5673,734
299,141
610,757
4242,2504
517,1532
5393,1848
1033,2580
2497,2421
5666,2946
5270,2946
1079,1235
4943,2551
2018,2386
1161,1045
1989,1456
3873,1883
4614,1329
2909,2365
5366,964
2456,1831
4268,692
4958,2859
1069,1456
5815,2480
2633,969
2619,1071
2371,969
2440,574
4910,1098
3031,1015
2769,1015
4044,2115
300,1655
3519,15
1001,1702
5942,2413
5696,2946
553,2478
3442,734
1272,2165
5369,2551
2256,2335
2882,1831
3742,2689
3496,970
266,2421
3697,2946
2893,677
4813,1515
4111,1997
3696,1001
4154,2633
1246,1883
1877,2689
4702,1684
5812,1027
2391,2910
2069,2859
3824,1186
5443,2850
536,969
3562,1940
2435,738
4820,1181
4128,2351
5191,1848
831,2580
3154,2145
3587,2936
2095,1047
1049,1719
2212,2386
2496,2145
3697,852
44,2200
4505,1520
4875,299
5584,1550
5704,1844
3264,970
4494,2859
2742,2551
2816,2500
4397,2926
1047,1831
2151,1329
1513,1072
2361,2859
2159,2910
1003,970
4974,1217
4435,2629
3038,2320
548,1329
1009,2478
4806,2572
747,2478
3230,46
3240,734
4369,319
1235,1478
1593,1940
951,1719
2467,2504
3272,2901
4905,299
4643,299
5301,299
5571,160
5649,982
979,734
2839,1329
5523,2563
2644,2551
2577,1329
3389,1207
4268,2115
1496,2946
3463,2095
3564,2901
4350,1366
2306,2936
5650,1742
1101,323
1648,2936
3905,2413
2792,1109
1806,1078
2748,2500
16,286
4295,1844
1614,319
1294,903
2469,833
3281,2963
5021,2702
5678,757
1459,970
5752,706
199,2622
1398,2946
2776,1515
3172,1515
675,2551
5056,2696
4811,2111
3804,1957
3288,2629
5853,2451
4626,79
1646,15
5591,2451
2599,1064
3466,2901
1176,1032
4557,2194
4674,2779
4760,833
4529,146
5099,299
1000,806
986,908
1776,1027
2896,1058
5234,1655
2949,130
5356,2584
2730,1520
4325,1844
3681,1742
3667,1844
5135,895
1809,386
1489,970
5362,120
126,1181
1153,1021
1363,1797
967,1797
4699,1496
1022,1504
5330,2302
548,1813
5839,2179
2924,2702
1322,1207
3364,2974
3161,925
4689,27
4331,319
117,2566
5915,2174
1030,806
2365,1957
1148,1027
4923,608
2483,2178
3961,1917
4985,2240
4355,1844
5812,706
4107,1742
3002,299
302,2696
1417,2383
1257,970
1973,386
4333,742
1057,1848
1458,2946
2609,1536
2462,2240
1698,1844
1003,299
5626,2421
3394,2974
3468,2923
4781,905
3528,2974
1613,982
4751,2194
3393,305
1228,2080
2300,1131
273,2116
244,1186
1030,2095
3991,1917
4344,1281
2666,3174
773,2439
1102,1217
1661,2901
1862,905
2258,905
4082,1281
2490,2194
2297,833
2450,1075
320,1181
1345,386
5557,722
2759,2584
4505,3077
694,833
1244,2963
3295,120
4202,824
3558,2974
4279,1044
2983,2477
2625,2769
4490,1456
1642,757
2244,3077
5534,1677
3641,1696
1893,2096
2916,2194
3150,146
809,1695
5587,722
1941,43
5081,2082
623,27
3721,120
405,299
4259,927
200,833
4813,2267
3374,1702
2004,1496
2635,2302
1589,2974
388,1823
5675,727
2318,905
3980,2451
2233,43
495,1131
233,1131
5830,1015
3349,2584
2965,1655
391,27
1177,936
733,3174
2070,1742
645,1075
5588,2421
1221,2174
3831,1015
517,1829
2850,2082
4677,2729
4684,1456
1129,895
1490,120
2042,3077
1667,1702
1801,1702
2678,2729
3662,1179
2239,1147
928,2302
1554,1044
5776,2822
530,1475
5580,2910
659,1131
2273,2451
2350,1917
3463,969
5362,738
4154,2580
3130,2257
3727,1015
3906,2478
547,1829
4394,1478
5915,1853
1544,706
1604,757
2058,927
1831,1702
2961,2421
783,1547
5421,2257
496,3180
3479,1071
5050,1001
1101,1075
2969,969
1713,1831
221,2194
5837,2320
2559,2791
5565,2386
1148,2584
3878,1719
3928,1082
5357,2622
4254,2006
2872,2729
3749,3002
4902,2981
2651,286
3755,1504
3698,970
1857,1179
3330,574
1918,2586
4781,1873
4812,1186
1906,1071
1382,1071
4422,1940
4897,2233
5250,2351
2056,1015
1448,2822
5863,1797
2544,15
2647,1456
5735,299
649,927
3687,969
3425,969
3494,574
3931,1329
5397,1997
4875,2824
2633,2689
682,286
2344,2586
2767,2689
1270,2708
3273,1329
5718,1823
5456,1823
5423,185
1164,969
1016,2791
3636,2320
1093,2257
697,2257
2862,482
4758,734
2574,15
2095,1478
3747,3090
5765,299
1186,2421
2757,2351
3758,970
4288,970
1094,2832
3262,574
3766,2551
2401,2689
154,1456
4828,1823
1941,1950
633,2622
1335,2894
1407,2016
1438,1329
3666,2320
727,2257
1928,964
4526,734
5806,2178
4209,1027
563,1102
3665,2095
425,2858
5155,905
5621,2398
5590,833
5533,299
4320,1797
4638,386
4058,1797
3662,1797
1520,2832
5219,1829
5823,2532
4799,2963
580,1456
318,1456
1849,1021
4032,1515
1862,2946
401,2622
4096,2439
5581,905
5417,2194
3672,2111
1831,2320
2538,2936
4778,2244
5907,1829
2276,2936
4088,1797
4406,386
507,15
5832,1655
2836,1058
5185,1844
5508,777
4171,2963
4107,2978
1827,1797
660,230
2437,2480
2924,1844
307,2586
4665,1027
45,2586
2939,1186
148,1021
5843,2194
2138,908
5094,386
243,2012
1024,1823
1074,1186
716,1478
1349,2145
2008,1027
2132,339
4078,2398
3071,2244
5523,2189
5583,2240
4705,1742
5101,2496
307,2936
2117,970
1857,1797
3789,1706
64,734
2820,1844
927,1109
215,903
5915,1666
4912,2974
2336,2963
1467,299
2391,2670
4160,895
976,1001
580,1001
57,2946
3470,2111
1586,1684
4296,1695
2157,2439
4908,2451
2224,1217
4851,1917
3380,905
5613,2240
5949,2189
2698,319
3842,936
3892,299
5511,1963
5485,742
1044,354
4502,982
4015,2584
228,734
4044,1070
2287,2670
2762,2963
4620,2923
2722,1844
2500,2963
4284,2974
4969,3077
2159,2670
3976,2629
2608,2496
1713,2583
3190,1131
3321,1614
4938,2451
3840,2179
4093,181
3845,79
261,1032
4543,2861
4899,1742
897,2936
100,1838
2313,1797
4577,1691
2858,1331
4045,2584
3661,1655
2269,936
4256,2804
1632,1813
4531,757
4657,896
5381,927
3958,895
4582,722
1407,2634
3033,3025
3757,2302
4793,1696
1613,2702
3354,1131
1764,2871
3524,1542
1648,2696
4209,2584
2841,2451
1936,130
2784,1917
5129,1241
2560,2963
1796,1813
2930,1742
1775,936
1058,386
3458,141
3406,1671
3642,2702
3024,1377
3747,1964
5537,2729
1552,2584
5544,1456
3525,2302
1777,2702
3119,1614
3148,100
803,2496
2291,2923
3442,2267
3929,665
1666,2871
2043,1131
955,1547
3672,2729
1385,1131
5306,2981
3021,1456
540,3025
218,2974
1756,2764
3167,1281
4566,727
4268,1070
5825,1102
4044,1554
4665,706
4474,1138
5575,927
1609,1024
4587,1015
4370,2478
3174,1671
3582,742
3740,2082
1577,2240
1990,1655
1594,1655
2551,2
329,2963
205,1207
463,2963
2247,2974
4479,2421
3749,855
466,982
2429,1702
5017,784
1811,1131
4438,1831
5570,933
465,757
1153,1131
4954,435
4389,2878
4339,1071
4487,969
1775,131
882,1045
930,2779
1343,2194
5063,2822
1241,1917
4489,1015
2008,2584
5738,1456
2078,1071
3594,1102
2133,1532
3358,3077
4872,2473
1575,2702
2948,927
2721,1702
2855,1702
1377,1963
1351,742
2132,1307
2490,1015
234,982
3739,1456
3470,2729
827,1496
3580,2335
495,757
4517,969
2832,1691
2966,1883
1770,1076
461,2866
4499,1329
1216,1456
3788,2257
4831,2822
3239,2981
4965,2822
101,79
2370,1071
5177,1015
5379,1873
5806,1186
5403,15
2321,2118
4478,2145
1107,1671
2623,1702
2654,1015
5192,734
5271,1027
1917,722
3507,1456
2244,2837
4689,2365
4995,1883
179,120
516,2923
3405,1179
2448,2832
3986,2622
4268,1554
1580,3022
3392,1883
1635,2729
1864,337
1633,1902
1996,2708
5807,2700
2286,969
2625,435
486,1179
2081,2257
4039,2633
2485,2118
4892,2320
5618,734
2605,722
5354,2351
2933,1719
3568,15
2012,2837
4849,903
284,2923
4016,2622
258,1702
5014,970
4752,970
3047,2006
5451,971
1954,2832
3403,1641
5738,1001
1572,286
5894,2480
2535,1831
4507,2859
47,2421
5859,15
5642,1478
468,2451
2712,969
2259,435
898,1281
4728,1515
4993,1032
2298,1329
880,1641
2759,2478
5648,734
5727,1027
5386,734
3643,1478
4293,806
4859,1217
55,969
5361,2367
746,2580
3941,354
622,824
715,1015
4500,2038
2991,734
4414,574
5178,970
5345,144
2827,1831
4611,1088
4468,2500
2880,903
4790,2551
473,2421
5619,1844
1178,1456
3179,970
1864,2915
5935,2080
4099,2633
4178,2926
4289,1976
4623,1098
3322,2941
5218,2439
5757,1027
5008,2629
481,969
3158,1032
4627,1217
219,969
5377,217
284,2118
4369,1181
3794,2936
2691,2320
3415,2351
3532,2936
514,2580
5266,386
4354,1058
5649,1844
5427,2963
2928,3172
2949,1797
2873,1021
5495,1377
1949,2622
2346,1504
2289,970
4526,1515
4677,1684
334,1831
3388,1844
1970,2910
5406,3025
3799,1186
3403,1186
3883,1823
4981,2095
5082,2901
5817,2367
5216,2901
1155,482
647,1015
2868,1027
3264,1027
4917,1521
4850,299
4645,833
5431,1742
3528,319
2977,970
1318,2351
2490,2572
1325,1078
2445,1109
3187,2500
1832,2572
5776,2716
5867,2080
25,2365
4944,2563
5772,2974
5188,2923
17,969
2032,2633
523,1329
328,2551
2422,1098
4106,905
1902,308
5711,1917
4541,79
5360,936
1005,2012
4964,936
5014,299
179,738
1044,1940
3405,1797
1727,2936
5085,2394
1429,1027
2475,1109
3547,160
4870,2240
3758,2824
1817,1109
5097,1465
5271,2584
5496,982
5897,2080
5050,895
3468,2496
546,1848
484,970
947,2946
4975,721
5818,2164
4708,1131
1879,2926
4446,1131
425,1329
4494,2111
3205,3025
5798,2451
1598,1186
4497,130
2179,2629
4008,905
4223,2779
4839,833
5759,1742
5437,1691
258,2320
1077,3177
745,1684
2670,2866
1063,1027
5741,2856
3461,1675
4280,2532
5130,2702
5933,3026
551,852
3390,2963
5618,1702
5556,824
1492,386
838,1848
1977,2121
3102,2496
1230,386
3498,2496
4623,2871
146,574
4046,1547
388,2551
3046,120
3949,1614
2882,1217
1237,2496
4172,905
2878,1475
2215,1131
2955,1695
355,1098
1489,1027
4935,2584
1148,734
4668,2240
3305,2451
621,1217
4807,2584
1777,905
2813,299
4423,1655
2947,299
2212,833
4898,2702
4636,2702
5160,2702
5471,120
1656,386
3030,1465
4150,1496
1230,1675
5043,2302
1643,1844
657,1813
5102,3025
359,2910
3050,2871
1119,1844
4923,665
4221,1147
2641,1131
2386,2302
3766,1506
3721,43
2114,1614
5693,1071
1257,1027
4027,1281
4772,2189
3323,936
451,2095
1275,1044
2173,2194
2715,299
5442,2923
844,1797
4576,1496
1656,1675
2437,2240
200,1695
2833,2240
4338,2082
4407,2441
582,299
3765,2974
2667,2702
425,1813
1163,1742
3417,1702
3503,2974
3181,2923
3613,2580
4143,1614
4728,2267
5674,1179
3700,1044
4164,1902
5511,2878
406,2702
5461,1071
4057,1281
2534,79
3009,372
3353,936
1990,1147
1971,905
1565,217
1169,217
307,2696
3795,1281
3266,1691
62,2111
5666,722
2868,2584
4320,1102
4454,1102
1837,1844
4058,1102
2993,1532
5598,1719
541,833
3211,2923
4039,2580
2385,895
3715,1702
3319,1702
1817,1377
4073,2164
5361,1025
619,1655
4330,2729
4633,286
5087,2708
470,1532
3323,131
5243,969
5625,1071
5881,2946
4981,969
2543,3174
2863,146
2367,2194
3222,2708
3965,2981
4648,2257
959,1696
1654,43
1530,2451
1473,1917
4212,2858
1960,1281
41,79
1693,1691
3157,1532
5125,1098
3430,2822
3697,722
3745,1702
3776,1015
5326,3074
847,2394
3039,722
5648,2963
334,2583
3971,1456
4494,2729
466,2702
4105,1456
1123,757
3353,131
1350,1702
3069,372
1114,2923
4251,1281
5011,969
5718,2551
3889,1831
5456,2551
1844,1456
342,1131
1899,1917
3542,969
119,2779
3837,2580
5764,2145
1063,2584
1489,706
2017,3077
234,2702
795,2769
3919,1831
4263,1641
4564,815
4020,1883
4779,2689
634,1131
4982,574
5157,1329
5553,1329
5822,1719
2914,969
3747,1724
4020,2822
5663,908
4897,3095
3178,1015
5929,1027
3943,323
1606,2580
1496,722
4641,2351
5417,2572
5704,1848
5912,2551
2794,1025
2562,1456
5254,2551
605,3180
302,927
1754,2451
890,131
4106,2946
64,2267
1117,1076
1936,1179
2617,574
1213,784
2328,471
2944,969
2185,1883
3188,1329
4788,1997
32,2729
4862,2700
1928,2981
3062,2910
419,1677
2024,2689
2313,1102
2175,2858
3240,738
1540,2118
4916,2936
72,815
1636,2580
1574,1702
1789,2822
1388,2478
1283,964
3967,2006
4270,2007
5560,1695
5546,1797
1081,1015
5897,1088
4106,852
5310,1520
979,738
2853,1231
3940,560
705,2421
94,2267
1271,2832
3370,969
3807,970
161,1045
3869,1848
3681,2551
2151,2622
403,3022
2385,574
3874,2946
4544,2926
69,1456
1590,1831
1934,1641
1619,1071
5841,2095
4263,1186
5818,2111
1284,1724
957,1329
1552,2478
2149,482
5170,1109
1672,1082
3874,852
5078,1520
2201,2335
1494,2473
4419,386
4553,386
4957,1001
2577,2622
2527,815
4753,2891
5431,1823
4637,2716
1383,1329
266,815
3702,1684
4452,2936
1897,1550
5620,1695
4512,735
2774,1823
5596,1109
2127,2012
3615,2439
2025,15
2627,2335
5187,1813
2453,2936
4265,1797
4187,386
5164,1829
3667,1848
1645,3177
5279,2341
5334,2240
2013,1883
1650,1831
2419,319
3109,1520
5380,141
4096,1207
1868,970
3483,2670
5696,2629
1344,970
1074,1109
4100,2080
5172,1131
497,2791
2751,1997
1285,1329
889,1329
3907,2439
2854,1186
1159,2910
2055,15
3301,185
4106,1336
1934,1186
320,2340
2617,2936
2221,2936
1409,806
3355,2111
3637,1797
3785,1695
2372,2351
5437,833
4309,160
4472,1844
3854,2963
4358,2496
5483,2871
2756,1001
1832,1848
1770,970
3389,2634
4492,2496
5646,2111
5336,1131
5294,905
1677,1910
5526,2194
4636,905
5364,146
2308,2716
2311,735
2349,1027
2008,734
915,806
3157,1695
3288,2178
1543,2095
5132,2240
3730,833
5440,141
4502,1844
1718,2850
3807,299
2365,217
4636,1844
5362,2702
5708,895
386,2936
2062,970
403,2351
2230,2244
2101,144
1065,1504
3149,299
1600,1848
3171,2532
3534,2584
4126,2496
4157,1809
4369,2
5010,1496
2188,2772
5383,546
5507,2302
842,2398
1150,299
5625,79
1776,1515
5160,2194
4396,1044
4833,1045
5294,2194
3105,1131
3153,2111
5266,146
1133,1823
2117,1027
3318,2178
1974,2439
384,15
2359,560
2993,1829
154,2936
44,1078
1413,1813
5174,1496
1134,2398
2311,2963
1442,299
3343,141
4699,2923
98,560
889,1813
2405,1844
2553,2496
2582,982
3363,1547
1148,1515
4560,1044
5033,1456
4771,1456
4790,1506
4525,1989
4621,2451
4960,1917
1233,1064
252,1377
1105,1064
5797,2791
3830,2861
184,2936
707,1957
3623,1070
5576,1102
3953,2702
1267,833
4393,2974
3295,2702
1344,299
948,299
4837,1702
2321,2496
1925,2496
3809,2923
896,1829
4893,1045
3964,2302
4590,1044
4801,1456
4211,2179
1843,2871
3820,79
4389,2451
5841,969
1214,2111
2831,2194
3758,2584
1485,130
4181,435
1149,181
158,560
3721,2702
832,2194
1374,299
455,2244
345,386
381,43
773,833
1955,1742
1759,2584
3485,1671
4835,2164
4100,2698
5227,1456
2641,757
2319,706
600,1844
204,1844
2451,3077
2921,3026
2263,3026
3736,2421
4715,1281
50,1377
4374,2708
4749,1831
2966,1456
1464,1131
5347,2689
223,3025
2816,2451
1589,79
3521,2240
4254,1071
4006,969
3949,435
3742,896
996,2194
1230,146
4239,1702
545,43
3289,2082
247,386
1260,2240
902,2532
1036,2532
4995,1456
234,1844
1440,895
2004,2923
5034,2350
3504,2421
1756,2821
3287,2194
3392,1456
2996,1456
4142,2708
1012,3077
1258,100
650,1907
1505,2421
2527,1917
5404,1102
892,2194
128,1044
1026,2194
4331,2580
2256,1831
1953,2584
5580,15
4762,2012
266,1917
2404,1702
263,1619
698,1547
5803,2689
735,1614
843,1147
3243,2622
595,1045
5514,1997
2496,1641
777,2779
3036,3083
2711,1071
539,1675
5348,15
353,2451
2540,435
1805,969
5802,185
5118,2936
918,1671
2234,2580
3349,2267
4030,908
1986,2478
2258,722
1862,722
1941,1015
4557,2145
4875,734
4940,1883
936,1496
1146,3026
2942,1354
2324,2473
1231,855
4734,2946
2571,2350
4407,2551
625,1045
4868,2946
3763,2257
4940,2822
3554,1329
2479,1071
383,2451
722,1917
1835,969
4765,1478
4436,1976
5282,2936
4886,2936
2233,1015
2016,2478
5380,1027
5056,903
2470,204
4794,903
5938,1520
1299,2837
5389,2244
4625,1848
599,1702
4959,970
337,1702
1051,1045
1637,2832
4705,2551
1031,3022
2447,1883
1093,1456
2837,2068
1672,574
2265,1088
3490,2633
1327,2791
5482,2593
3634,1823
5074,1078
2964,308
5815,2244
3447,2936
5847,1001
1148,2267
57,722
1810,2386
4272,1329
5896,2583
4946,2963
3017,1073
5054,2496
2924,1848
1468,2622
5148,1377
363,1179
1440,574
1987,3187
3599,2926
273,2417
612,1883
5440,1027
3664,1823
3318,1186
4834,1217
2841,1032
5666,27
1521,2633
2548,2473
5932,146
4497,1797
4645,1695
2704,734
5792,1829
4674,181
1840,2386
2521,1027
4773,160
1325,1940
2727,903
3902,833
2954,1848
2558,1848
2435,2946
3065,898
1872,1520
2840,1719
174,2946
3939,2593
2361,1684
5728,2194
3697,27
4929,299
1355,1940
2435,852
697,1940
3073,2829
5248,2496
5525,1084
2727,2192
2321,1504
4680,2978
2173,2572
5382,2496
1003,734
1732,1109
2467,1329
4762,536
3062,2670
362,903
4357,2702
4694,2095
5437,1614
4489,2629
4093,2629
3,970
5741,2779
1145,2480
2962,2439
2356,2629
4474,1008
2581,1027
5637,1675
3916,2178
4909,936
5802,1742
5423,1157
4697,299
3255,217
435,2320
727,1940
5477,1844
4882,1742
2437,524
4768,2394
642,1078
4374,777
3635,1377
3017,2496
1613,2706
5605,824
3442,982
33,970
4500,135
234,2946
3555,859
602,898
4876,2866
707,160
3150,3025
5471,43
5650,1506
5481,2451
1417,2013
4180,130
5424,1917
2960,2901
2306,2111
3295,905
1738,2593
494,806
5442,2496
3895,146
672,1078
4192,2584
536,1217
1685,2178
3799,1377
516,1504
459,970
3181,2496
4320,2769
2919,2496
5927,2164
1692,1844
3180,3025
4290,1614
5897,43
4909,131
5074,1696
815,982
1909,2044
2453,2696
3936,2779
3953,2194
4187,146
4044,1558
4613,2240
4222,2584
3250,2451
1722,905
2467,1813
5139,1532
3735,1742
4581,2702
4607,1671
5178,706
4531,895
3240,982
664,971
2235,1655
31,1058
2713,1465
1025,2670
1104,2963
505,160
708,2963
2186,2702
842,2963
446,2963
816,1742
1924,2702
2375,3163
2582,2702
2599,2117
3508,1147
1760,1547
1813,2871
4341,1902
669,2
2586,1131
3826,1456
949,3025
3105,1696
3881,1917
319,2629
3600,1675
3314,1281
3357,1917
1490,905
4611,2702
2916,2174
5161,2580
973,386
5233,1702
2382,2240
2733,777
2521,2584
2698,2
1134,2963
476,2963
1228,1844
4626,2421
1114,2496
1009,982
4147,2194
2268,2111
4940,1830
1958,1131
1872,3077
2839,2866
3135,1696
3214,1989
4002,1281
5552,2586
426,2095
4617,1554
2048,1024
360,1475
1831,43
93,1131
4167,2257
4943,2478
4976,2426
70,181
973,1675
2501,777
1534,1742
138,1813
5384,908
2022,742
688,1691
4282,1456
4182,286
4268,1558
5770,1883
1002,1100
4897,1729
1946,905
3212,2451
3508,1281
4499,2622
2226,3174
2274,1902
433,2111
1878,1902
2714,2174
4973,2478
2848,2174
3648,2981
1339,870
3875,847
5062,1015
2581,2584
2913,1071
74,2178
4477,2082
5707,1719
894,1917
5082,2421
2840,1532
1040,1742
3490,2580
1174,2496
3428,1702
3827,2165
4142,1045
4209,2267
4341,2386
4475,2386
3950,286
1610,3026
841,1532
4970,2365
1202,757
5350,2586
1625,1614
5837,1950
5393,970
233,895
5131,970
3290,1179
1659,2164
4828,969
3871,2622
3040,250
356,3180
2185,1456
2883,266
3812,2981
806,1696
3925,2858
2285,2791
3534,2478
5844,1027
484,2584
4080,1456
1936,1102
5570,266
179,2702
1306,706
5559,1797
3718,2006
827,2923
801,1702
5362,2946
5431,2551
5496,2946
5102,1329
1819,1456
5767,1719
1703,1281
2298,2622
5536,1032
5271,1515
4216,2633
683,1831
1581,2981
2644,2478
5533,734
5127,46
5268,1217
5929,734
25,141
1219,121
5513,1021
5587,970
895,963
5721,970
2274,2386
2279,286
4364,2689
3679,2586
358,2421
3326,970
4842,1001
4587,2926
3023,969
1882,815
2300,574
2696,574
273,1559
2871,1329
3287,1015
4063,482
5756,2095
5857,2901
967,435
2185,1001
1366,706
366,969
3408,2473
923,2580
4075,2936
675,2478
2148,1873
551,722
2905,1098
1924,2165
5651,1520
131,1102
4169,319
4993,1520
2013,1456
5363,299
1046,2421
5389,1520
784,2421
2492,2622
4751,2926
2046,815
1101,1539
1448,2586
792,969
2411,2633
3221,1684
5783,1797
4284,1181
1392,964
5139,1695
5442,1504
1240,2822
2281,308
5839,2106
1940,15
2081,1940
3060,46
3760,2901
5393,299
5527,299
3782,970
2519,2351
764,614
5757,1515
5822,1910
774,3022
2854,1109
433,2729
799,46
1082,2586
3976,1186
4456,1823
523,2622
2245,1001
1999,1534
426,969
560,969
5531,2111
233,574
5565,1695
408,1329
489,2257
3956,2439
3758,734
5790,1813
3656,2901
5406,130
3790,2901
5187,1520
2558,185
5161,299
1983,1940
5557,299
1033,2320
2270,2936
4302,43
5907,1809
1340,3002
5034,1655
1648,903
3907,1207
4165,2963
5063,895
5939,1532
3906,982
3264,1515
2562,1997
659,574
2147,1001
442,2791
5299,2111
4989,1131
4724,1614
3585,2095
4813,905
3954,2901
4986,833
650,2151
2300,2936
3334,1695
1868,1027
1923,734
2831,2572
5355,141
4061,2963
5181,2240
2956,1520
1490,852
5015,2702
5428,2871
1321,1797
1381,1848
1319,970
1455,1797
832,2572
4070,982
689,574
9,815
4183,859
5329,2111
1676,1207
2156,1844
3425,1217
4581,905
1429,1515
4407,1506
465,1997
4362,43
3746,1797
4551,2194
5344,1830
165,15
2840,1695
4110,2451
5490,1655
887,2629
44,1940
627,46
1164,1217
1482,560
2437,2244
2986,1520
3151,833
3413,833
4333,1742
4949,2240
2182,971
1485,1797
5071,1671
5568,2477
3809,2496
3656,2
1999,2018
273,2177
4829,3077
1066,1813
4433,3077
3442,2702
1568,2963
3046,2702
1924,1844
3784,2439
5303,2179
2949,2769
1063,1515
2702,2111
2673,1181
5811,1831
5174,2708
5508,1830
3266,1695
1621,2974
4140,2451
5241,2240
4128,936
3369,130
3732,936
5707,727
5471,2702
2785,833
4101,1742
2339,2244
892,2572
2060,1331
3242,2240
1475,2398
3608,1809
1065,2500
1096,1813
3018,2532
3558,2
4845,927
4993,3077
5729,2179
4046,2974
2236,2496
2131,982
2265,982
372,1001
4546,1045
2823,1475
1973,3025
1407,170
1711,3025
947,2629
5756,969
1100,2871
2776,905
2333,2779
867,2111
5122,3083
2071,2779
2259,386
3277,2584
1472,1696
5125,1102
1181,1520
1222,1521
563,2639
2748,2240
2765,1655
3240,2702
4613,927
4076,2974
4150,2923
841,1829
1257,1515
5116,2487
5666,2365
5372,1918
4630,1281
4234,1281
3394,1075
3893,2708
2497,2779
3574,2174
4006,1831
1846,1506
2278,1917
3436,2240
1290,1813
1665,936
1269,936
825,3174
2162,1742
3296,1671
3430,1671
4216,2580
1974,1691
4106,722
4777,927
2325,982
2772,1671
4935,2267
3582,722
4807,2267
5172,1456
1753,2
1192,1655
2016,2856
2281,121
4514,1456
206,2378
2530,3077
1771,3025
2485,1614
747,2702
1160,2871
2989,1147
848,1064
5798,1329
4432,1831
4896,2689
2945,286
1928,1696
4276,2981
4302,1950
2499,2451
964,2178
2046,1917
2180,1917
807,2194
3754,2118
1144,833
3064,1671
3279,2791
4318,1702
1742,1691
1035,1829
639,1829
826,1655
2560,3077
1612,120
2942,927
94,982
1661,1702
3495,1076
5157,2622
5513,2257
3075,1456
695,3077
4320,435
109,2953
100,1147
575,2194
1067,1902
313,2194
5155,482
5635,1873
4485,2165
1756,2878
2458,706
1103,1532
2576,927
3842,2473
4238,2473
979,742
2868,2267
1491,2580
3396,2386
3814,2145
5643,421
952,2302
329,3077
2447,1456
40,2974
1480,2421
4405,2586
4582,970
4088,435
1359,1902
4268,1534
5939,2634
1472,1025
5185,482
448,1456
1573,1831
936,2708
5007,1873
4792,1719
1827,435
1701,2016
4648,1940
1886,1015
3369,1098
4162,734
2770,15
4757,1883
1789,1082
2269,2473
2665,2473
70,2974
493,3077
4831,2586
2778,2350
5591,1520
4612,970
1382,2421
4813,2946
1418,2832
3880,1021
5227,1997
867,2729
612,1456
1897,1554
9,1917
1857,435
4870,2702
1256,969
5074,1940
2820,482
4831,2936
4019,806
3661,1098
4850,734
4533,1027
1990,964
1971,722
1654,1015
4797,319
2037,2473
1674,2421
5079,971
5939,1829
20,1702
1634,3022
5388,2480
3354,574
4187,1329
2344,903
3925,1329
2600,2586
3799,2910
4043,1550
894,1677
1985,970
130,1281
2582,2946
4094,1515
1948,1088
628,2689
4415,2095
5901,1695
5223,319
25,706
4003,3090
4975,217
4412,1797
5126,386
4472,1848
2734,2936
2314,2350
3761,524
4358,2500
4798,2772
734,2334
2112,903
2186,852
5486,140
706,286
3903,2859
4766,982
1781,574
5681,1547
3556,1997
3203,2633
273,2124
5746,2696
5673,905
4814,2901
5626,2779
1918,1976
4502,1848
1990,1098
4180,1797
2502,2936
2783,734
2521,734
1922,2095
4126,2500
4921,2963
5924,1655
4852,160
4397,2963
2380,2946
5415,2717
3610,2583
5776,2696
1328,1329
1746,1088
1462,1329
2398,2963
533,2586
4270,2629
139,969
2389,1719
2769,1186
2816,1032
658,1534
4844,2901
5049,2367
5935,2194
3794,2111
2044,1684
2928,2936
4755,1331
4824,936
3442,905
1984,852
4427,2963
3321,386
5799,2584
533,2936
2009,1848
2895,1675
2819,899
307,903
2962,1207
3046,1844
3906,2702
45,903
5427,3077
3154,1377
2875,1962
4480,2974
2670,2496
719,847
3100,2080
2470,1684
5431,1506
551,482
5601,1917
2581,734
2264,1027
5485,1742
662,498
4594,982
2663,1675
3472,1844
4855,757
2090,1813
4509,120
4070,2702
4483,2871
1470,2859
4020,895
4584,2923
5258,1147
4969,1044
5086,1629
4989,1696
207,1207
4768,2451
568,1186
3240,905
4756,936
4533,2584
2955,1675
1895,1695
147,2095
481,1217
644,2901
2757,936
4574,141
5487,3077
1313,27
3625,1655
2206,833
5165,3026
4487,896
5010,2923
5607,927
144,1797
572,2244
510,1366
2759,982
658,2018
4818,2164
4104,1131
845,1844
623,2963
5250,131
678,2670
4682,3057
361,2963
1839,2702
5194,2451
2176,2095
734,2013
1221,1377
3404,905
3858,1075
637,2080
1451,2593
1874,2696
2476,1044
583,2783
4296,2240
4301,2584
5801,2082
412,2901
2962,1691
343,852
4264,2702
3516,1496
5770,1456
3289,3025
3390,3077
761,1742
747,1844
826,2891
2416,2871
564,2891
2429,824
4259,2708
2096,2866
847,735
766,3025
2526,1696
2757,131
3302,1917
4360,1070
4797,1071
84,2439
2701,2451
2689,936
3186,1742
2157,1829
1742,833
4734,722
656,386
90,1695
2332,2584
2070,2584
315,1813
2472,120
3045,1702
4934,2473
529,1742
663,2496
312,1515
3617,1147
5267,2124
3369,1045
5685,1883
4664,1831
4053,1677
1854,2178
1880,1147
4841,969
2731,2451
1745,3174
2891,2174
4035,2791
4458,2894
1669,146
5936,2633
1531,1902
2665,1831
5208,1702
5313,964
1079,869
2100,2584
5488,1719
5806,308
4082,1102
3244,757
4171,2837
847,2963
35,833
2325,2702
3538,2924
3832,927
5360,2473
2613,2580
3661,1045
4781,1076
1909,2235
3003,1045
460,982
1847,3077
4261,286
150,2
983,757
64,2702
3307,1456
4219,2504
4694,1831
4871,969
4857,1071
1629,905
4743,969
4020,574
2264,2584
2949,435
2992,1071
839,1917
5256,1719
2119,1671
4732,2473
5025,2551
2977,1702
3758,2267
5399,2936
2667,722
2746,1015
2161,2082
5879,1883
5915,1540
4781,2365
1147,757
4247,1677
916,824
1759,2267
5138,1848
406,722
812,2164
4950,2551
1591,1902
1806,3022
3554,2622
3430,2586
3022,1071
2772,2586
2755,727
1060,2451
5934,1940
3038,1015
3217,2478
295,2584
2559,2478
2435,722
3705,1478
5052,734
1485,1102
5673,852
674,2580
5502,970
4803,969
4844,970
4906,1848
5584,1534
2189,2386
3309,2417
4651,1329
1891,2729
3023,1831
1106,1456
545,665
1295,1917
2804,969
5696,1186
2146,969
2215,574
3899,2633
4348,15
5478,734
4798,975
75,1655
3105,1082
3824,15
5453,2367
314,1671
5406,1797
287,2477
5017,524
4815,1329
4908,1520
5548,160
5759,2824
3271,970
4391,1001
1170,2006
2706,969
4325,2633
3929,2633
4762,2634
5839,2029
2105,2257
4677,806
2910,964
4207,1823
5587,1027
3219,1719
2560,2837
3995,1940
1016,2478
5362,1848
234,722
2975,46
5017,1813
5316,160
5889,1742
3301,970
467,2421
3041,1797
3435,970
4531,2859
3810,847
943,2350
5062,2495
2846,1329
4038,2926
4895,1823
879,2365
3074,964
603,969
4811,2095
2356,2633
3018,1032
4472,185
3577,2716
2904,1684
3654,2936
4014,1027
3824,2593
4963,2866
3012,1217
5584,2018
2812,2095
434,379
3705,2901
5657,1742
4181,386
1672,2351
5440,1515
3941,899
3017,2500
4574,2532
1150,734
3684,2963
2039,832
979,852
1846,2689
3947,1653
505,969
109,969
546,970
899,1088
2521,1515
816,2551
4770,1131
4775,1475
4508,1131
2027,2700
1743,2941
4986,1695
3339,2901
734,1960
4070,905
4710,299
5949,1742
3161,1848
2528,1181
3495,970
3949,386
5425,1742
1161,2936
4109,706
5936,2
3181,2500
4705,2584
908,46
1324,2176
3936,1844
2554,1813
1926,2244
5706,2923
1496,970
3822,2496
4312,1377
681,2484
1173,2946
2245,1997
4800,1131
5196,1131
5016,1695
3273,2439
5890,2451
4758,905
2548,1217
5616,936
1875,185
3241,2901
3838,905
3955,2244
1849,2936
4874,299
2308,2696
5717,1742
5851,1742
206,878
5388,2240
3949,1675
2784,181
4362,1844
3343,1865
320,1165
2980,1813
5038,141
1956,2244
3482,2963
2613,299
4423,777
5356,2702
1584,386
5879,757
2114,386
2599,2121
663,1504
606,970
1002,970
4106,1100
2581,1515
4796,1547
4870,1496
4086,3077
3857,3025
495,2859
2649,895
3112,2871
4526,905
1981,207
3275,2111
2916,2178
2265,905
1859,217
1346,2850
451,1217
5909,757
4940,895
2010,386
5420,1532
4360,2306
1335,971
1094,1848
3358,2496
772,1797
4045,982
2895,2240
2499,2240
3874,1100
3980,1496
2265,1844
4116,3077
1048,160
2417,895
1388,982
4624,2729
5381,2708
2781,2111
940,2320
2750,546
5919,1071
5203,1655
810,2439
1242,2096
5256,727
3415,936
3857,1281
1754,2244
5642,1702
3187,2240
3949,1809
5456,2478
3276,777
2663,2240
1550,936
2047,1742
808,299
2759,2702
4631,1614
546,299
3306,2871
2447,895
3333,2974
2273,1496
1552,982
4556,2194
1691,2080
2768,1475
4795,1456
2897,1131
4511,2451
5524,1831
4545,1281
1974,1614
2325,905
1265,925
3625,1281
2739,3174
812,2111
3885,2174
1283,1696
5839,1842
5362,722
5441,1015
5496,722
3426,1071
4646,3026
943,1813
838,299
1318,936
4561,2164
1553,2496
2067,2717
2833,1496
2110,1101
649,777
432,2240
5121,286
5575,2708
4167,1456
1698,2096
3415,131
4681,1677
5865,969
813,2871
4065,1179
1823,1044
5207,969
5546,435
2442,2779
945,546
5912,2478
666,1131
5254,2478
1550,131
1622,2451
1942,1675
956,2398
1845,1742
112,3174
4099,1702
4460,927
3441,1702
3651,2478
1302,2
863,2584
1436,2
3805,2164
2692,1614
5151,286
3989,2473
2430,1614
2461,927
869,120
5237,969
528,1547
4676,2622
5743,1329
1006,2111
837,2302
431,1614
5219,1329
2125,1917
2747,1671
2566,2791
4696,995
3295,722
3374,1015
1196,141
3534,738
230,2240
2928,3180
581,777
4919,286
1176,2118
2998,2421
460,2702
2002,1702
3132,2421
3394,2421
2521,2267
5336,574
5905,2946
4871,2689
4145,1831
2524,286
4093,1641
4991,2791
595,1614
209,2302
3272,1677
677,2178
3268,969
1950,2451
2707,2622
3402,969
5221,1001
5945,1032
2094,1641
375,2779
614,1075
5569,1684
2372,3083
3666,1015
4812,15
539,1655
4445,2473
334,2189
2032,1702
1832,2580
3384,3022
5768,1520
1425,2421
2130,1456
3783,1950
1980,2451
2737,2622
4332,2946
3105,574
3189,1211
5844,1515
646,1902
1914,1831
5463,1823
5387,1047
277,1281
3525,379
4459,1940
4906,185
1747,2822
5142,2936
1100,2257
680,1671
5914,1695
4797,1181
1490,722
3265,2145
2718,286
2556,1456
176,3077
4161,970
2901,2622
4386,1088
423,1456
2119,2586
1420,1831
2253,2586
4489,1186
939,969
1892,2580
1861,1015
2759,2165
3149,2320
4137,734
4142,1078
2745,15
3672,2095
3610,1217
1527,2832
417,1045
21,1045
2337,1883
1055,3022
4766,1844
1316,1831
5523,1823
904,574
319,1641
408,2622
969,969
1160,2257
4940,2936
5843,2178
2775,15
44,3099
3633,46
1442,2320
4809,386
4965,899
4602,847
3993,1520
646,2386
4574,2963
4450,1207
5486,1071
1676,1211
2156,1848
5665,1475
4529,2439
3871,2439
5356,905
3709,2111
5032,27
5944,1829
1217,1047
5852,2240
2471,1078
5595,2584
1813,1078
4401,160
4869,2480
5941,777
1536,46
3499,1520
4738,2963
1995,560
3473,299
3442,2706
5508,895
1924,1848
4479,982
1466,970
3481,2634
5360,2717
1600,970
270,1883
1870,2551
5559,1614
5342,3077
1825,1088
4946,3077
5579,546
5648,905
3194,1823
1379,1001
4393,2901
5601,2779
64,2946
3524,237
3708,2044
5205,2779
5222,2194
917,2633
3873,2111
4132,1813
1828,46
3791,1520
2683,560
5575,777
4594,1844
4372,2963
5759,2584
5203,2891
2584,2244
4876,2496
5753,2769
4352,2496
4643,982
1360,1109
1530,1520
4582,706
5110,3077
2383,1207
4351,3025
4327,2439
3224,1823
228,2946
5744,1902
3641,2111
3030,1957
5079,2451
4772,1742
921,2351
5558,207
4064,1655
4198,1655
2403,2963
1930,299
4850,120
4015,2702
4934,757
1145,2244
57,970
5941,2473
1999,1567
2343,1377
677,2341
5259,1456
2289,2080
5099,43
5405,1281
4641,131
1886,2629
1433,2095
3546,130
781,1940
552,2080
2068,2111
3155,2194
3389,146
4218,1691
3029,1331
2452,2451
3966,1655
4365,2118
4045,2702
5406,1102
2541,1742
2675,1742
4196,2871
4996,2924
5629,1147
5940,2729
1196,2532
1509,777
2909,3077
1338,895
3630,1147
479,2891
770,1377
4615,2451
3784,833
1702,2111
4436,2708
1392,1131
4513,2174
4869,1809
4246,2584
4712,1071
4316,1071
1754,1520
5186,927
4759,2580
4365,963
3747,2082
3723,1496
3707,963
1723,2584
954,1844
1673,777
2210,2702
3187,927
296,1844
1965,2871
473,982
3217,2267
538,1377
1455,2769
1851,2769
4955,1179
2888,1045
1866,2111
4281,2174
711,3025
2908,2451
2512,2451
4043,1070
1419,79
3071,1691
1892,299
4331,1702
205,386
322,971
816,1506
3746,2769
4813,722
3253,2082
2121,536
2635,757
2740,3025
238,2963
2862,1702
4558,2832
5566,2622
4360,1127
1261,3061
2357,2698
894,1547
4268,1538
708,3077
1737,546
357,2096
479,3025
5207,2689
2676,2451
3273,455
5892,1102
1148,905
2736,250
2010,146
220,1044
643,1147
1340,1075
4972,2822
4705,2478
405,43
4581,722
5522,2700
711,1281
735,1675
403,936
2605,706
2820,2580
2066,2118
4284,2421
638,1742
2522,2923
5901,2504
3277,2267
2296,2580
2186,722
1522,1496
5730,2622
140,1465
489,1619
864,1496
3507,2729
3641,2729
582,120
4497,435
1637,665
1931,2832
1902,1902
4536,1329
4221,2257
4274,1329
4556,1015
5881,1478
3014,2981
3661,1102
445,2451
1997,2139
2867,1241
3545,927
4448,2421
1564,2257
2660,1702
4637,3074
2295,1015
2429,1015
4561,46
4705,734
696,757
4194,2504
327,2580
599,824
5879,1001
2591,784
1574,2194
5770,1997
1274,1902
4304,1329
4700,1329
3680,2633
201,936
1856,2257
4929,2320
168,2708
4624,1684
5350,2350
5338,1027
4338,1098
3605,15
5131,734
4551,2145
4155,2145
1314,927
918,927
357,2580
5113,1848
5447,970
1836,2729
4730,1329
5934,1997
5488,1910
2924,970
1083,1179
2729,2946
2753,1088
3978,2633
2469,1329
4988,806
3527,482
4788,1684
5538,2936
4330,806
44,2241
3635,15
5193,2901
267,1532
2247,2421
5215,970
163,2872
2369,1098
4619,1848
4953,970
228,1015
1902,2386
2320,2145
4760,1329
2602,1831
2991,852
2729,852
2806,1072
3002,1950
4270,2633
5710,2080
1644,815
603,1831
2237,1329
5255,2439
843,2981
3295,482
4592,2095
3799,15
3940,1186
4402,1217
1171,1534
5512,560
5675,2244
556,2924
5303,386
5437,386
2930,734
2668,734
1283,1940
3081,903
5899,2891
379,2473
3961,2413
5048,2496
1724,2622
2529,1329
1231,2689
1365,2689
2005,1329
2877,2012
2108,518
4828,1217
764,1533
93,574
4733,2111
3733,2936
3697,1027
3301,1027
4046,1181
4500,1351
343,722
1678,1873
1568,15
2375,1801
2688,46
4651,1520
4625,299
4730,1813
5494,2963
263,204
1185,1940
3150,1797
5369,982
5212,2496
2626,2551
3233,2963
2328,642
5869,3025
3243,1207
5681,2974
2630,2670
4000,1186
815,1848
3738,1186
4946,1064
553,1848
1584,898
4288,1064
761,2551
694,1329
298,1329
1807,2633
36,1329
2751,1684
3386,734
2792,2439
5072,2866
3680,2901
5543,2451
5748,1917
2599,2044
4015,905
3022,2901
2263,2095
2597,1217
3156,2901
3991,319
4760,1813
1528,185
1044,2058
1082,2350
4079,1829
3864,1675
4383,2240
4474,2358
4123,1377
2299,1001
3861,1377
583,1848
521,970
2178,2926
1171,2018
462,1329
66,1329
3495,1027
2951,2095
74,2910
5893,1675
4346,79
5707,2451
1111,1186
4198,1147
3513,1044
1245,1940
4394,2779
4939,927
5400,1742
4870,2708
2962,1695
1496,1027
3266,386
3662,386
5338,2584
5682,2394
898,1078
972,1027
2820,299
4045,1844
1901,2244
2188,1520
3797,1742
858,1679
1639,2244
3165,2963
2296,299
3535,1742
4509,2702
4643,2702
1384,971
5023,2923
5393,1702
747,1848
1148,2946
5527,1702
4909,1131
5643,2816
3688,1957
5094,130
1883,1823
4873,131
4209,905
3216,2901
5826,1742
664,1032
987,2439
5056,777
2554,715
1150,925
2934,936
2955,1813
3266,1675
3330,936
2065,2244
4935,2702
5854,757
5881,2580
4807,2702
3303,1742
4800,2477
385,1058
1035,386
1467,43
5710,2698
4247,1547
615,1520
2182,2240
1814,1844
1592,2963
1862,2824
597,160
327,299
4269,3026
65,299
1765,2891
2825,2871
3174,3025
5371,2451
5767,2451
5801,1281
1176,2496
5517,1522
756,1910
3311,1044
2726,2111
2330,2111
4369,1917
2629,2178
2863,130
3016,372
2367,2178
206,3163
5815,2118
3098,936
4467,1671
40,1181
5797,2478
3758,982
2887,1655
686,1521
724,1813
1622,2963
383,1520
462,1813
1909,2239
3697,706
3614,2923
5259,1082
3922,824
3149,120
2206,1671
3722,1702
4107,2267
5845,1179
1497,982
4733,2729
2587,2302
302,777
3941,285
78,1823
5632,1071
4228,1281
2705,79
2008,905
3670,2451
757,2111
2870,146
1863,2244
2577,833
2026,3174
5751,1702
1265,43
1480,1917
1614,1917
4143,2082
5769,2473
2472,2702
5144,2421
2902,1532
2382,1496
644,2584
1370,2496
5797,734
790,1655
4508,1456
1442,120
4112,1456
903,1532
211,2702
3623,2985
3566,2451
3905,1917
4258,1281
3700,2451
5753,435
2628,1902
5613,2118
878,1475
3844,1641
5600,2822
4645,2858
1305,2451
2685,1655
2972,2651
1528,1742
1206,1691
3417,1015
4301,2267
2016,742
362,777
1496,706
5584,1538
162,1655
3880,1456
814,120
671,1532
1411,2096
1521,1702
5783,435
526,2871
130,2871
5820,2946
4920,969
4359,2622
4989,574
5426,1329
3664,1831
384,1475
114,1614
4682,1585
483,3174
2716,2257
563,659
3240,722
3319,1015
1170,1071
2188,3077
5746,903
4082,1940
1155,1702
5706,1504
5329,1554
2070,2267
979,722
5523,2551
5657,2551
4191,1883
550,2302
4880,2859
668,79
2078,815
5161,2320
5490,1098
5228,1098
1596,1071
3860,1719
1334,1071
3994,1719
5759,734
676,1071
4399,2936
1715,1702
5949,2551
3067,3022
3249,784
3383,784
3825,1883
4718,2689
1973,1179
3418,970
3077,677
465,2729
5940,1684
205,146
2963,1329
5258,1098
3379,1015
1455,435
1897,1534
4500,1648
3445,2012
3149,738
5845,1797
363,1671
1483,1702
2264,2267
5335,1695
89,1102
2926,2386
5481,1520
3984,1539
3545,903
5133,2500
4106,970
4608,1366
1621,323
2846,2622
3644,1848
784,2832
359,1902
2735,2791
3194,2551
5646,806
1422,2365
3939,1207
5176,1823
1578,2878
3475,2012
2899,2633
953,574
1324,1241
5593,2111
3101,1047
2361,1237
5761,1695
2428,15
4248,2901
5881,299
5249,1520
5223,299
5830,2963
3874,970
1007,2473
295,2267
4724,386
3612,970
3822,2500
1559,734
5117,2532
4754,2480
3890,160
2761,1329
3291,1329
8,1456
4944,1823
1613,970
3129,1001
5441,2629
1351,970
2891,2341
1552,2946
5623,2111
1158,1329
2612,482
2405,2633
1357,2478
5271,905
4875,905
4813,27
902,2837
1979,1478
5224,1813
4589,319
2075,1940
5253,299
2624,2936
4040,1797
320,1169
1813,1940
5716,1521
3642,970
3778,1797
3838,1848
3708,1967
4479,1844
67,2386
3658,160
5289,895
4974,1823
1703,1021
1302,677
944,969
1825,1950
3683,1910
4014,1515
4325,1377
121,2622
1188,1329
4006,2563
5391,2111
5508,2696
5477,1131
1060,1329
4073,2095
929,2566
5301,905
5206,79
447,1102
5266,130
271,2566
4581,27
1484,1098
381,482
1996,2936
5802,2584
3546,1797
5103,1829
5884,2394
5915,1707
5948,1655
3358,2500
4905,1844
4915,2532
4287,2963
5311,2532
4247,1844
1809,1797
4474,2789
1869,1848
1874,2192
4133,2496
1211,1848
5017,1496
215,1883
2291,2480
450,2689
4177,2044
5245,1131
4849,1131
3846,2439
5558,130
4004,3025
928,1001
3636,2629
5458,2178
1872,2496
4076,2901
270,1001
5484,1147
4807,905
4895,1506
4965,2245
4850,43
1701,170
3328,1695
398,1186
1862,1027
5582,1655
1256,1217
3291,1813
2157,386
1837,970
2327,43
1370,1504
2084,847
647,1109
2115,160
4474,1634
3534,2702
1187,299
3484,895
4733,3026
4397,3077
5252,1147
830,1001
5303,146
1808,2080
3324,2111
137,2700
5333,2240
5371,2532
2831,2178
159,15
2776,27
3273,833
1583,2901
2693,2244
4193,1742
2003,1797
764,354
325,2936
4222,982
2902,1829
3372,2532
3036,2583
3468,2240
1188,1813
3423,777
5085,3077
1697,936
2917,2891
1351,299
4138,2974
4582,1702
3272,1547
2580,2717
2866,859
3041,1614
4658,2451
3851,665
4601,1917
4954,1281
1779,2439
2868,905
4134,2451
2625,1147
3100,2194
3322,1075
5369,742
4109,2394
57,1027
3498,2240
3102,2240
5351,1102
2512,2963
5101,927
1042,833
2224,1742
90,386
2096,2496
3980,2923
3369,2769
5227,2729
1237,2240
4406,1045
3341,1475
4972,1456
1763,1532
2229,3025
2303,2974
319,1377
1738,1475
645,1547
1342,1475
3090,1075
1471,1131
1075,1131
1216,2302
2155,43
2504,1917
2485,1675
2153,936
3758,2702
1468,833
492,2244
1206,833
1992,1742
2388,1742
4277,1015
4704,2580
352,1675
90,1675
3168,2082
3144,1496
281,2963
1759,2702
2154,757
3264,100
454,2891
2381,1702
4886,1281
87,1377
273,1567
3256,1902
3294,2194
3392,2729
5849,574
3037,286
1239,1131
3517,1677
361,3077
581,1131
4887,2822
582,43
771,2194
1545,1588
1648,777
3284,1102
2988,3026
2219,1532
1862,706
3034,927
1101,1547
3556,2729
3463,286
4467,2586
5740,2859
2698,1917
4207,969
2795,2981
773,146
1065,2240
1725,1532
3848,2729
3450,1902
3923,1560
5033,903
5840,2689
681,1496
772,1614
803,927
5770,2859
2148,1076
3230,815
329,1044
1585,1902
3431,2791
3508,2257
4239,1015
786,2451
333,1917
4884,1719
5264,1186
1976,969
2437,2118
1537,141
2686,2822
5702,2351
1913,2872
1223,1671
2343,1702
1978,1015
3674,2145
1083,1102
847,3077
2757,2473
57,706
236,2923
2099,2473
1736,2421
4766,1848
4966,970
4905,2946
4643,2946
2716,1883
3987,1329
934,1918
2402,969
5428,1940
5576,1838
1515,1671
4216,2320
3046,482
5766,1181
3154,15
5141,1883
1259,927
2525,2473
3425,286
3407,3090
4734,970
3851,2572
4868,970
64,722
4935,2946
3842,574
3940,1109
4279,1329
4301,1088
5483,1997
2308,903
584,2451
5054,1325
5408,1823
1609,2622
2113,435
2333,2653
886,2227
5010,2716
2018,1329
256,1831
2434,1015
3659,308
4710,734
1143,1102
5673,27
404,1702
3222,2936
4502,970
94,722
569,1015
4636,970
4638,1797
2449,734
4044,1058
4698,1848
4772,2551
1585,2386
1189,2386
1232,3022
4983,2963
4986,2480
5042,160
5255,1207
2856,2586
2460,2586
2200,969
2346,2484
4657,2978
4963,2496
3910,1997
1215,574
2048,1329
3691,2633
5174,2716
387,1883
857,2586
5141,1078
3835,1823
4871,1217
5676,1614
3489,1186
2797,2356
4332,2629
144,435
5359,217
2482,1032
5345,319
811,898
4252,2111
2856,2936
3961,1181
1063,1873
4645,1813
5068,2670
5147,2963
5267,1567
1261,2797
444,323
2667,970
311,3177
1641,574
5247,1100
1392,1001
3059,2891
406,970
841,898
1064,2633
5901,2240
3785,2244
4499,833
2759,1848
1437,2622
4790,982
3792,2634
2975,160
1581,1058
3582,2824
4126,1756
2713,160
5191,2080
5736,1614
5290,3025
44,2432
3776,1377
3118,1377
955,1535
5511,2435
442,2478
4184,2111
5313,1696
1634,1823
1257,1873
1684,1186
2475,2439
3148,1027
1281,15
2604,2095
3691,2178
4094,905
4187,130
5827,1917
2834,2557
518,2473
1211,185
2794,2192
3871,833
4805,2394
39,1684
2219,1695
5478,982
808,734
4333,2584
444,2901
4938,2923
4575,2871
4473,120
466,970
3253,2891
1763,1829
5894,1045
1520,2633
3603,1957
1714,1186
4029,79
5290,1281
4502,299
1324,1940
4316,1075
4982,936
465,1684
640,2439
3176,1331
3962,2240
4358,2240
3372,2963
2773,160
3332,1844
4113,1655
2637,299
1902,833
2769,2670
1671,2398
3070,1844
4706,2923
5212,2478
3574,1377
1793,1829
296,1848
234,970
1473,2413
2956,2496
4095,2769
98,1109
4236,1496
4814,1702
3504,1547
908,160
4110,3077
987,1207
1467,1844
4065,1614
49,2910
1680,2891
1482,1186
3911,1147
3892,905
3728,2194
698,323
1940,1475
4096,146
4321,2708
1673,1131
269,2095
603,1217
699,925
2516,130
4143,1655
977,2367
5430,2580
4652,1532
1670,833
2986,2496
5192,722
3736,742
534,1797
439,971
4997,2698
5759,2267
181,181
3608,1496
1497,1844
1101,1844
879,2963
406,299
10,299
1275,2963
4095,1614
4633,2421
1052,2891
1996,2696
4613,2708
263,1684
1834,1614
1441,1131
3394,1917
37,2095
1923,905
930,2901
1004,2850
2647,936
3528,1917
4345,2139
1700,833
5532,1702
1442,43
430,1797
3766,742
182,1695
158,1109
1725,1829
2162,2584
2553,2240
2174,1655
2291,2240
1575,2824
909,2963
2521,2702
2961,2974
493,2496
5266,1179
1007,2717
4777,2708
1057,2080
3631,1456
4813,2365
1251,3077
1284,3025
437,120
4933,969
3515,1281
2281,1902
440,2111
2157,146
1382,2779
1210,43
948,43
3778,1102
901,1917
946,936
2289,2702
4431,2421
3101,2580
4565,2421
5570,250
1162,2
2562,2302
3795,1456
3399,1456
4581,2365
992,2974
1052,3025
5856,1021
3383,2451
793,1044
4234,2257
2942,2708
345,130
1169,1331
3084,1071
988,2451
5878,2473
3546,1102
2581,2702
234,299
444,1075
886,2174
1672,3083
4246,2267
3279,2478
2083,1671
1687,1671
4774,2386
307,777
1155,120
3075,204
5007,2365
4255,286
497,120
354,1532
1266,2580
5070,435
3309,1539
465,2302
4207,2689
1564,1456
3114,1071
1414,2451
607,665
946,131
80,1902
2547,435
3562,2924
2590,2791
3526,1015
3002,1015
2369,1102
1973,1102
873,757
4610,46
1162,2580
5916,1021
1172,824
5423,1088
2245,2729
4944,2551
89,1614
4877,1329
5646,379
1492,1179
3534,2946
506,1902
2469,2622
2703,574
2825,2257
2372,969
2224,2791
1064,1641
1976,2689
2399,1102
5308,734
5482,1853
5501,2095
5855,903
4361,2351
5364,1797
5820,1848
5496,970
5563,2946
2013,2729
631,2698
3198,903
4069,1950
791,2421
4855,2859
3072,2484
1663,2350
5682,1325
2733,574
3698,2946
4417,2633
649,1025
5532,2320
4155,2633
4874,2320
5397,2095
581,1830
5932,2439
3707,1719
4483,1940
3729,1478
4500,1355
403,969
785,1071
864,2118
5207,1217
4374,2936
5588,1848
3850,2936
3735,734
4136,1078
3155,2145
5266,1797
5280,1695
5676,1695
5030,1520
465,2786
4768,1520
4219,2244
2763,574
729,2832
1424,1179
2267,2622
4046,1535
2005,2622
539,2708
1747,2586
4350,2700
2414,1329
5797,120
652,1831
43,2504
829,969
433,969
1266,970
567,969
4070,3060
5861,1044
4142,2936
1864,138
1148,722
1325,1550
2710,1098
3904,1078
4890,1109
3582,1027
2579,2335
5430,299
1856,1940
4906,299
4273,386
3161,970
5650,982
3303,2551
574,46
2840,1329
4889,1823
5596,2439
1210,1950
298,2622
948,1950
3978,1377
4281,1186
36,2622
2295,2926
3833,2716
4862,1131
5306,2111
335,2689
3268,1217
4551,2178
4474,268
5224,1520
2020,1940
1758,1940
3100,2572
3065,1797
2099,3172
2285,144
2701,1520
5022,2702
5906,1702
3301,1515
3681,982
3700,1032
4562,2717
1289,1088
5031,1475
4769,1475
103,2689
953,2859
1999,2941
4850,905
5295,1521
2893,2629
5362,299
5157,833
5943,1742
838,2320
2650,1181
1132,323
5485,2584
1777,1027
1381,1027
2331,2367
1030,46
4232,2963
4340,1742
2810,1813
3846,1207
5052,2702
4790,2702
5482,1532
1492,1797
5203,2871
5351,2769
1199,2484
5709,757
5936,1702
1228,970
2327,1844
3815,3025
773,1329
1578,2480
4211,3025
3204,2871
4267,1614
4529,1614
3338,2871
4794,1131
215,1001
5575,1696
1894,2716
106,1997
5218,146
3239,2111
1093,1684
1926,2439
1425,925
2595,319
4224,1917
805,1217
2099,2367
5399,1655
5512,1532
4992,1496
2072,1675
5150,2082
5642,824
2942,777
2992,140
1739,2963
1266,299
3979,3025
2174,2891
2456,1823
1847,2496
3657,2974
2203,1377
1496,1515
4297,1614
5276,2194
3056,1064
3531,2111
4735,2779
5807,1830
2873,2111
1839,1100
4136,1696
4516,1917
1837,1027
2301,1131
1730,2096
3084,79
2731,715
4049,2451
2540,1147
2521,905
3161,299
4400,1742
3362,1521
3295,299
5828,2118
1479,1696
3991,2
5030,3077
3543,1532
167,714
5797,738
1877,1742
4492,927
3150,2769
3136,2871
2441,2080
2525,2717
1324,1566
2895,1496
305,2341
3392,2302
1905,757
1153,1684
2507,3077
1559,120
1748,3025
2734,2302
3945,2451
2940,2178
4504,1691
3401,1075
5856,2257
38,2936
807,2178
3682,536
3804,1465
4900,1102
3914,1071
1672,936
2819,1070
2155,1844
1537,2963
4610,3026
3149,2702
5291,2421
2332,982
5076,2267
354,1829
4129,2164
5941,1025
1498,2
1701,2805
2317,859
3426,2421
305,1186
398,1377
2230,1614
2581,905
3245,131
4405,1281
294,2717
1020,1131
806,2111
1883,1506
2289,2194
575,2178
2430,1675
3281,727
4587,1702
3475,1532
4325,1702
3729,2580
4063,1702
431,1675
780,1829
1299,2394
4981,286
1882,2974
2553,927
5517,266
1730,2580
4323,2006
5930,435
2160,2164
3335,1902
3240,1076
5136,574
432,1496
4207,1831
5463,2689
3549,1831
4965,692
1672,131
1324,1111
1195,2421
1441,1696
5094,1102
2012,2451
3137,574
4436,2822
716,2194
2132,1055
2839,1671
1509,1830
3759,2580
5022,2165
218,1917
2723,1496
5008,15
350,1844
1422,141
5627,2504
2356,1702
2321,927
1044,3164
5755,969
5824,574
328,742
2716,1456
3012,286
2471,871
291,1614
4150,2586
4723,4
2042,2451
2933,2622
660,3174
3346,2791
1897,1538
78,1506
2478,2981
1793,2878
5850,2145
43,2451
1361,777
2863,1102
2997,1102
1004,1671
3301,2267
4942,2936
5620,2622
33,982
3567,2386
2710,1045
160,757
5860,1520
104,3077
5453,2859
644,2267
3920,969
2516,1179
4338,728
3197,574
776,2194
1132,1075
2006,1831
2350,1641
5440,1873
5082,2165
5113,1478
1506,727
107,1281
4305,2473
1954,2580
4576,2936
5765,2572
3335,2386
2440,2473
485,1614
5626,2413
5665,2341
3196,2227
4194,1329
5386,2926
5045,2633
3932,1329
5482,2634
2137,1883
253,1456
3806,2910
387,1456
4965,2115
4597,1719
5281,2351
2008,722
1870,2478
3343,1873
4160,2095
2336,1719
5766,299
4419,1797
5141,1001
442,2267
3759,970
1753,2832
2761,2622
3895,1797
650,2216
3566,1329
975,286
1938,1831
2096,3171
451,286
1158,2622
301,1281
2990,2859
1292,2622
4396,1032
3210,2633
3929,2320
5049,2351
2905,1997
4063,2320
4734,1027
3263,15
5618,27
2746,1186
5767,1813
5796,299
4187,1797
3960,2572
4615,2244
606,2267
4133,2500
1982,1729
3678,2859
2582,970
1188,2622
1926,1797
1883,969
2783,2946
3044,1001
3543,2634
4144,2100
1294,574
728,1883
5886,1131
5903,546
3788,1684
4277,2629
980,2858
3031,15
5056,2367
5648,27
5844,905
2134,1719
3696,2095
3197,2936
3935,2111
5065,386
5559,1675
2162,734
5314,1844
1716,2145
4696,2963
3163,319
5912,2702
4804,1742
5334,2496
2273,1504
4938,2496
2276,1021
3611,2926
2441,1088
2224,2551
4705,982
758,1883
5916,1131
1499,1329
5654,1131
3286,1823
4062,2044
5812,27
4227,2111
5643,218
5710,2194
5806,1902
3922,1475
3965,2111
1100,1997
5393,43
5527,43
1869,1047
2667,1027
4219,715
5065,1675
5082,1844
3652,833
2962,386
2810,2244
3939,1829
4706,2496
2120,1797
3500,1001
3677,1829
5456,742
1848,1109
5718,742
3847,2240
3475,2634
1529,1329
1622,1520
5175,2974
3813,2629
2841,2496
112,2243
3009,2080
5557,43
1899,1047
5161,43
1713,1823
2420,2439
5414,2209
5772,1917
3636,2178
4388,1813
4852,1917
2985,905
3816,833
289,2320
4998,1742
4736,2496
2900,43
1482,1109
3779,951
3877,2240
4290,1655
3832,777
4589,2
2022,299
3486,140
2156,299
4537,1532
3133,2496
4621,2923
4285,2974
3943,1547
1269,1001
1446,1829
5510,2267
3755,1496
2258,1515
1862,1515
157,2551
1160,1997
2774,2563
2777,2080
3732,546
3849,1131
640,1207
922,139
2317,2095
1735,2871
128,1032
3643,2194
3295,3174
4273,146
4436,1830
1898,2111
4236,2708
148,1684
1588,1131
1667,2178
466,1027
323,2439
2864,1675
3941,1070
5452,757
2186,299
3015,1844
2619,1844
2397,2963
2767,1742
4567,1532
4710,120
609,2244
3192,982
4040,2769
4389,2923
5021,1702
5802,2267
1574,2926
2620,2
1326,2824
5770,2729
5839,2334
2974,2974
5226,1353
769,1186
4291,1075
3907,146
3394,2779
1928,2111
87,2320
4662,2708
5749,2791
4407,2189
358,2783
551,734
1700,1695
2118,3174
2300,936
4301,2702
2931,1742
4851,2580
345,1797
5185,1702
5252,2924
4923,1702
5411,1456
1046,1844
428,2963
3926,546
3277,100
997,2891
2435,1511
3199,217
57,1515
838,2080
3935,2729
4671,1831
208,1684
1648,1131
1787,1475
3972,1830
1121,1614
3277,1039
3430,1281
116,2095
5558,1102
4529,435
3168,1281
4572,1071
1363,1147
948,905
1490,3174
5442,927
2451,2394
2453,777
2418,2
2332,2702
1210,1844
2667,706
5609,286
566,1742
948,1844
2820,1702
3181,927
3546,1614
3577,927
3735,2267
834,2496
4480,2421
414,1910
794,1377
176,2496
1382,1547
4439,1831
5272,2586
382,120
5010,2586
645,2974
3064,1281
2300,131
4750,969
1520,3174
563,2383
1155,43
5394,482
2603,1071
3857,1102
2100,2702
5357,1354
2936,2974
730,1742
2984,1702
4699,3074
2245,2302
1622,3077
5629,2981
2932,2451
4169,815
4575,2257
4370,2791
4628,1329
3029,1071
5778,2700
2051,1655
2519,969
2500,727
3625,1102
4680,738
404,2861
572,1691
5016,2350
5460,1078
1492,1102
1540,2082
2777,2698
561,1532
215,895
3,2702
5113,970
5569,1021
4913,1848
5329,1534
4799,2500
4790,2946
2896,1831
3959,574
3794,2981
1896,1902
5483,2622
1247,1456
2419,1677
5345,1478
2900,1950
2945,969
5417,2320
1278,742
1909,1548
4638,1801
2052,1102
4958,1217
295,2702
4293,46
33,2702
5148,560
91,2118
783,1702
4943,1848
917,1702
5015,970
1792,1902
4889,2551
5555,160
3235,2586
5905,1478
3016,970
4532,1001
2656,435
94,1076
3936,2633
2508,2257
302,1025
665,1831
362,1830
367,2174
5594,1027
3727,15
2715,1015
5055,2439
566,1071
1424,1102
3740,1940
3893,2936
5369,1848
551,1702
761,2478
1862,2267
3340,2006
2261,286
3453,1883
5584,2941
3442,970
5768,2496
2048,2622
5286,1032
5783,1838
2154,574
2591,1329
3007,1015
5476,2095
3636,1186
4756,1217
5496,1027
2994,1719
4479,185
15,2257
3399,2936
5918,2413
4792,1813
1129,2473
5611,2670
4482,833
5170,1207
5664,1742
2814,970
3346,2551
4330,1001
2621,1329
1853,2689
1125,1950
774,969
815,970
1197,1072
3308,1478
3420,1719
116,969
3800,1186
4087,2936
2259,1098
4618,2572
1770,1873
2056,15
3480,2901
1515,1354
5324,2963
897,2473
3166,1021
2095,2572
2456,2551
1338,903
1324,1005
2599,2105
2785,1329
3681,1844
2590,299
5274,2095
1289,1950
845,970
542,969
979,970
1760,1535
4941,1131
3855,2936
5419,1695
2093,1186
3280,2439
35,2858
5361,936
5858,1742
2936,1848
2609,699
1332,2936
3524,2018
3956,1675
1351,734
2560,2500
3152,160
5363,2702
5454,1100
2725,1813
5729,3025
1240,903
3941,2306
4349,1377
1057,1950
749,1797
747,970
1867,1001
2022,2824
3765,2080
2063,2633
4623,2111
158,1329
3241,2080
5096,79
2341,1823
1995,1186
3182,2439
5799,2451
1384,1032
3020,2111
2758,2111
917,2320
1077,323
4597,1829
3095,1504
4731,1829
2551,2572
4805,2532
2986,2500
3375,1521
4137,1844
4918,1655
2676,1520
3529,1207
5881,1702
4473,2702
2278,2413
5619,1702
1235,1848
4511,1496
3148,1515
1876,1844
5821,870
2633,1823
3572,2974
4952,2178
1342,1910
5361,131
4320,1147
3784,386
2483,1475
3218,1695
1177,2782
1411,734
4169,1917
5210,1655
4948,1655
846,925
4965,1070
5457,1532
5061,1532
5496,706
2213,833
809,1797
5463,2478
869,1848
1743,160
2670,2240
4900,1614
445,1520
815,299
947,2670
2401,1823
553,299
1396,1742
2055,1186
3473,120
2440,2717
4088,1147
3751,64
4284,2779
210,1653
4697,2194
2422,2111
518,1217
5112,1655
2046,319
1626,3143
3336,2451
5217,1671
5741,2580
2396,1829
4705,742
5369,722
4068,1619
2979,1655
2774,2189
845,299
2870,2651
1452,2963
979,299
1426,1742
3226,1532
4699,927
1985,982
1327,982
1466,2080
4570,1456
5695,1831
1693,3025
3613,665
3628,2451
4058,1281
2711,2779
5214,969
2962,146
3354,936
5009,2257
3663,1691
5657,2478
5929,722
886,2178
3754,1809
889,1695
2730,2240
1706,1917
2735,2584
3308,2
2100,1844
2485,1655
3172,141
4106,1702
3295,706
747,299
1590,1742
2361,1619
3608,2923
2863,2769
3534,722
3844,1702
5370,2421
1462,2496
1357,982
4855,2729
1443,2
2346,1496
2220,3077
2332,100
1356,757
2175,1614
334,1823
4393,1917
4965,1554
574,721
5949,2478
307,1131
355,2111
441,1131
5009,1102
1736,1917
700,79
3,905
4189,3026
3377,896
3420,1532
114,1675
4623,2729
4757,2729
2236,927
4797,815
3756,1831
3494,1831
2515,1281
2119,1281
596,79
1857,1281
4132,2118
3395,1071
33,905
1299,2451
3608,2118
3338,2257
1120,2708
4038,1702
2680,2257
2656,1671
1503,2
1286,1465
663,2240
4190,2473
497,2702
3441,665
2907,2421
534,2769
5245,574
2392,2729
4849,574
3920,1831
2526,2729
632,1614
3262,1831
5234,2859
4040,435
3687,1071
3439,969
2878,2622
3630,2257
3177,969
5940,806
267,146
4099,1015
2519,2689
3758,722
3441,1015
3224,2478
3620,2478
3958,2473
4338,1940
4314,1354
4770,2351
4887,2936
3321,1098
4066,2006
4229,2936
430,2769
800,1548
5022,2572
4556,1641
5645,1797
2422,2729
309,1496
629,1666
4046,1539
5543,1520
1200,2421
938,2421
169,927
2017,2451
3304,2622
3808,435
3906,970
5136,2859
3735,1088
4960,2633
3473,1088
2883,1811
5279,2386
5616,1217
1208,969
1547,435
3933,2012
4943,185
717,1671
1503,2580
3418,2320
1637,2580
952,2477
5835,1520
5487,2500
711,1102
1196,2837
5511,642
1727,2473
4289,2586
968,2421
5166,2859
4070,970
4137,2946
5190,1001
5343,1997
2478,1883
1323,1831
3286,2551
5934,1684
5664,1823
4922,1186
3227,2910
1634,969
2740,1102
1372,969
2110,898
4947,2936
4709,1078
3843,2095
345,1102
4137,852
5711,299
2686,2936
1743,323
4468,1366
3766,1848
1302,2832
2047,734
2840,2622
5108,2480
355,2729
4063,1088
3667,1088
5797,2702
3978,2670
1664,969
1713,2551
4180,1838
5174,2696
3357,1047
1478,964
5707,715
5301,27
2429,1186
4263,560
247,1102
4051,2367
5450,1813
5689,1829
1351,2320
962,1047
5539,2824
5948,777
2561,2244
2332,2946
2566,144
475,2622
3123,1001
3582,1515
1877,2551
3642,2320
1875,2478
2523,2891
3201,1823
3903,2095
4796,2901
5131,905
662,2633
715,15
1835,46
1845,734
1318,1217
4011,1813
4379,2963
3670,1520
915,46
5807,895
414,2504
502,2351
2004,2484
4201,1910
4965,2306
5051,2080
1728,1088
4873,2717
2736,1844
5740,2302
1275,1520
5733,1131
4329,2095
3231,1823
4826,2901
5767,715
5576,1147
758,1001
5393,2194
5489,1902
2910,2936
5883,1829
2531,2351
5076,43
2961,1181
3420,1695
87,15
3566,1520
4779,1742
3700,1520
4913,1742
5651,1671
3041,386
5389,1671
1669,1797
4389,2496
3682,2634
1397,1109
3797,2584
5857,1547
3535,2584
3172,2532
5770,2302
5543,3077
2420,1207
4679,757
4885,3077
3253,2871
2042,1032
1777,1515
4397,1044
3812,2111
2523,3025
4720,2451
5826,2584
3493,79
1836,2095
1774,1217
5776,777
91,2012
1870,925
4943,1742
3838,299
5431,742
1833,1797
1981,1695
3565,2584
1772,1521
2930,1844
2534,1844
3303,2584
5423,100
1152,1813
4626,2974
2050,2963
2816,2496
3330,2717
33,2946
5685,2729
4823,1044
5191,2194
110,160
669,1844
1696,1684
1426,1823
4874,43
5839,163
3905,181
4827,1917
1680,2871
42,1719
3588,2194
2688,217
5869,2257
1447,2111
1581,2111
5187,1671
72,807
5583,1671
1749,1695
6,2439
3664,2189
3545,777
5467,1496
2215,936
4813,706
5558,1614
4250,1532
2080,2963
1211,299
4704,1702
5366,855
4442,1702
3857,2769
734,899
3394,1547
3072,1496
3468,1496
5713,1902
2946,3077
4338,598
2901,1614
437,1844
1509,895
798,1823
165,1910
4256,2451
3974,1075
5899,2257
2010,130
1688,79
2653,2451
1667,3174
528,2901
719,217
2687,1281
266,2901
3358,2240
980,2244
3404,141
4581,706
5371,3077
4498,2923
2022,2584
2595,2
578,1675
3625,2769
5483,2729
729,1844
1985,2702
3733,2302
3184,3026
467,1844
1723,2702
1327,2702
615,2496
5512,1614
2163,2974
709,1377
1015,895
1230,2769
3107,2779
4960,1641
61,2095
1086,546
1743,1075
1328,833
4072,2118
2644,1742
4850,722
4898,1702
4636,1702
1528,2584
2101,2
1540,1655
1874,777
79,1331
511,1742
1357,2702
1383,1671
1653,1532
2899,1702
4425,2421
2637,1702
5603,2622
1133,742
3784,146
5143,1883
3555,286
5217,2586
5888,2791
103,2856
327,120
3393,1456
1230,1614
194,2974
617,3077
3109,2451
3405,1281
572,1614
2451,2451
1620,79
1257,27
3943,2088
3710,574
1511,1075
893,2194
2483,2174
2519,1831
838,43
631,2194
2336,2878
5230,1478
772,1675
1558,2584
2776,706
3629,2837
749,1691
4331,665
2729,2580
2333,2580
4181,1098
2405,1702
4810,1831
80,1532
837,757
2060,2421
1798,2421
1029,927
4725,969
4766,970
5772,1653
3709,2981
4311,1329
1028,1456
1415,1902
766,1456
4818,379
2462,2586
1997,2257
2778,2822
5381,2936
1735,2257
2783,722
3949,1098
4585,3002
1199,1496
1362,3180
605,757
209,757
44,3164
364,2580
1828,2421
4505,2484
5106,1950
4493,969
3932,2622
174,1702
5131,2946
5192,970
2579,1831
5402,1719
589,1917
694,1179
680,1281
2232,969
3851,2633
809,1691
5411,2936
547,1691
2813,722
3776,15
1205,1102
4500,46
1339,1102
179,706
2617,2473
5131,852
5022,1848
827,927
115,721
4523,969
4512,2500
5104,160
95,2698
2008,2365
5896,1823
414,2451
4277,2633
2205,435
844,1281
4939,1032
1673,574
1852,2791
3753,2633
5575,2936
4472,2320
5539,1027
444,1539
2581,722
3851,1478
4143,1098
3806,15
4205,1976
2883,498
3289,1940
5555,217
343,706
4656,1848
296,2580
2144,1098
2540,1098
4990,970
5126,1797
4938,2500
4136,1058
2675,734
3800,1109
4232,1520
5837,2532
990,1456
386,2473
23,2421
2917,1021
2657,1848
4111,1001
5451,2496
2729,970
2715,1072
2341,2551
1441,574
3387,2633
293,969
632,435
4506,2439
413,1071
5571,319
5736,386
2637,2320
4774,1695
3082,2936
3442,1027
503,964
1289,1873
88,722
1358,1478
4250,1695
4505,524
4458,2398
4396,1520
5432,160
5539,141
449,2421
5347,1742
2821,1848
2759,970
357,2832
1876,2572
1019,1231
2633,2551
396,2006
4734,1515
2767,2551
2841,2500
3906,2824
2722,1088
4986,1655
5122,2563
280,1831
3320,2700
719,969
2256,2978
5759,905
2211,1515
3369,1838
43,1329
3940,2593
5736,1675
4736,2500
5897,2532
842,1719
3877,2244
4560,1520
4534,299
217,2421
1509,2936
2851,1848
5802,982
5144,982
156,2145
1995,1109
2401,2551
598,46
3626,1844
3280,1207
3760,1844
4436,895
4618,2629
3379,1186
2154,2859
430,435
2964,1910
3050,1684
73,1329
4259,2696
4276,2111
3574,2593
2256,1823
3240,1027
4360,1058
4052,905
4028,319
3790,905
3258,1044
3941,1074
4068,2347
4359,833
4378,1075
4698,299
3273,386
1563,1078
2683,1109
2297,1797
2953,970
5427,2394
5570,982
494,46
4816,2240
4437,1655
373,1217
2329,1520
3172,2963
911,2586
3132,1844
3182,1207
3636,1377
3018,2496
4190,2717
2667,1515
1703,1997
3389,2439
2286,1823
2988,2095
3151,3025
5930,1675
2024,1823
1628,1823
3223,2901
5336,936
4939,711
3473,43
5474,1809
1009,1027
4455,2584
5424,2
465,2095
1797,319
4205,1655
4680,2702
5076,2702
5337,757
3336,2963
4714,1532
5372,1532
1152,2244
3444,2496
388,1848
3858,1547
2590,2584
2824,536
1831,2532
334,2551
5924,1456
4157,1614
3895,1614
5378,2451
5774,2451
4246,905
1522,2716
4176,1075
2046,1181
2942,1696
2870,130
1094,734
495,2095
2212,130
3437,1675
992,2901
3105,936
4235,1655
1723,905
4631,1655
4893,1655
3736,1742
5106,2702
2101,299
1578,2244
4608,1671
5763,757
4620,1496
1206,386
3212,2496
2257,2532
4855,2302
4232,3077
364,299
2308,777
128,1520
1723,1844
3547,2974
1105,2963
2187,2702
5446,1989
1144,2891
466,1515
1727,2717
2419,1547
5101,2708
2239,2111
85,1823
3667,43
1361,2367
3281,2451
2460,1521
3766,1742
5686,2580
1930,43
5758,1702
2079,1829
656,1797
848,1967
4811,608
1001,2963
3532,757
1357,1844
3604,3077
3955,1614
5285,2421
4278,2267
4627,2421
1272,982
3949,1045
745,1465
4119,1456
700,2
765,2871
5364,435
5797,2946
3851,1641
2063,3174
1251,1044
4570,574
3004,2708
5631,964
4944,2478
3437,1809
4528,1102
584,1520
5859,1353
1165,2963
2643,2702
3240,706
3851,2580
3193,2580
1040,982
5727,2365
3887,1456
2385,1131
1418,2096
955,120
3054,2421
5814,1021
1266,1702
4628,2622
2114,1045
648,1131
38,2111
3911,2981
5771,2822
5915,2012
2489,141
326,299
3295,1702
4909,3022
857,1655
3391,2164
874,1070
220,2532
1727,757
1331,757
1537,3077
3447,2473
546,2702
5582,1021
5718,1848
2473,2267
4957,969
301,2871
2144,1045
2211,2267
5026,574
2942,1025
5091,969
5530,2551
5597,1329
3206,1071
1506,2451
5866,1719
205,130
1936,1281
1583,1917
3092,969
3649,2580
3797,2478
4612,1873
1193,1173
608,2240
2065,1102
3259,1082
1361,757
442,2702
1569,706
872,1532
2718,2421
5481,1504
3979,1179
5820,970
4490,1883
5627,1329
4973,2791
2335,1902
1407,2041
1820,1456
3382,2586
3370,1071
3516,2586
443,79
1322,1179
2561,2622
74,1902
3431,2478
5003,1098
3303,2478
1371,1071
842,727
2392,2786
606,2702
4436,2936
394,2257
5516,1848
4064,1078
382,742
1125,1015
5454,970
5588,970
5335,524
3535,734
3996,1883
1119,2698
68,3026
83,1614
4286,898
2591,2622
4423,2859
791,2832
1063,1076
2890,969
106,2729
2563,574
3000,1329
142,2194
3396,1329
1429,2365
1372,1831
976,1831
1740,2981
3595,2478
4044,1550
5826,734
1134,727
1285,2586
4575,1940
302,574
4600,2936
3497,2320
1320,2580
3225,2386
3906,1027
5372,1695
4148,560
113,1614
3881,970
4015,970
3667,1950
5594,1515
2593,574
530,1902
134,1902
2727,574
1760,1539
2510,2791
3186,1088
5483,1684
3038,2910
4471,1186
5787,2095
1559,2946
659,969
4477,1940
907,2791
4909,2351
454,2257
1211,1482
1612,2580
2412,2633
923,1015
2465,15
3595,734
548,2858
4765,2572
1284,1960
5394,299
4045,970
3649,970
3389,1797
2785,2622
2389,2622
589,2832
5496,1515
1747,903
1432,1831
3421,1520
117,3022
2330,2981
1559,852
5513,1684
1765,3172
2806,2910
4239,1186
1450,1848
5755,1217
689,969
1126,970
3196,2341
823,969
3910,1684
3557,2320
4192,3060
1067,1329
2832,1098
5697,2178
2233,15
3556,2095
4850,27
4053,2901
1336,1719
5820,299
4137,1848
5162,299
1229,1098
1177,908
4529,386
2022,734
4267,386
1041,1047
3608,1504
4365,1675
2875,421
1180,2145
5891,2394
5915,536
543,3022
75,1456
1257,2365
3134,1813
4729,2891
5011,1823
5326,895
2244,2244
1876,1848
5510,2702
1552,970
1426,2551
1777,1088
2289,2926
4273,3025
835,1329
5338,905
2488,1823
5076,905
5014,27
5303,130
5437,130
5800,936
4418,905
4752,27
5588,299
2905,2111
1064,2320
4297,386
2265,1027
735,1098
5723,1655
2027,2367
4267,1675
3851,299
3455,299
3281,2398
4690,2532
3298,1813
3193,299
5574,1532
1584,1797
302,2936
4333,982
5575,2696
4207,2563
5544,1131
1801,2963
2780,1823
3279,2702
2434,1186
2172,1186
837,1001
2019,1910
4247,2901
5434,1902
4670,1506
1299,1032
375,2633
3288,1475
4327,386
3021,1131
1519,806
1617,2095
3100,2178
3761,1695
4712,1917
1355,2095
1360,2439
3528,181
4297,1675
5212,2240
2700,2244
2010,1797
2438,2244
4365,1809
1125,2572
4363,982
4452,2717
5598,963
2358,2480
3213,2240
1831,2963
1358,299
4830,3077
1569,2963
2557,1377
2944,1823
2400,2891
1326,1515
2354,1957
2325,1027
3068,546
3966,1696
1786,2439
3570,1696
4799,2451
3558,181
337,1186
4256,2963
5684,895
5376,742
362,2936
2394,43
64,1027
893,2572
3109,2240
3906,2584
3639,2240
2066,1675
2885,2532
4267,1809
3198,777
1493,1813
5581,2837
1520,2670
3473,2702
4175,2974
4309,2974
3913,2974
1841,2496
3610,721
3312,1064
5607,1025
526,1997
3494,546
2047,120
5013,286
3294,2178
4729,1281
3301,905
367,1186
3266,130
3039,905
3662,130
4171,2451
2820,43
1407,699
3468,2708
1216,1131
94,1027
1298,1695
1589,181
2110,1573
3552,1655
5431,1738
771,2178
2230,1675
4758,706
1127,1813
2643,1844
848,2398
4315,2580
1240,936
4253,1702
127,386
3604,1064
2943,1547
4500,1579
5009,1456
5929,2365
1815,120
4497,1281
5722,574
3273,146
3632,2708
2722,43
4298,1071
2202,2451
4036,1071
2336,2451
801,2178
773,130
140,217
3963,1532
4503,722
872,1829
4869,1045
2066,1809
5003,1045
5435,1456
2587,757
2191,757
5073,286
1272,2702
4811,286
150,1844
5886,574
524,1496
1677,1475
3941,2123
4263,2174
2912,1456
4870,2586
4116,2878
4462,1071
752,1131
4061,727
1139,79
2443,1917
2500,2451
3895,435
134,560
1612,299
791,2779
734,2245
1042,146
4657,2478
4137,722
320,161
220,2963
1598,1532
5839,354
2186,1702
5944,2622
4584,2350
816,742
3832,1025
2808,1456
614,1547
1175,1614
517,1614
4187,435
2530,2451
4818,1241
4897,1534
3491,1671
3253,2257
5502,1873
474,1917
1148,141
5718,185
2612,1702
5621,2504
1980,2923
2350,1702
2381,1015
5034,2936
5684,574
2965,2729
5859,1329
386,757
809,1614
592,3077
1743,2421
4420,2484
1481,2421
4110,1504
3451,2622
2212,1179
5856,1997
964,1902
711,1456
1595,2708
1199,2708
1466,608
5893,1098
2128,3171
485,1675
4659,1719
199,1281
388,1742
291,1809
4085,2386
241,2
2899,15
4019,46
3845,2145
4229,3074
4838,903
94,706
2797,1990
2169,2421
2270,2473
4832,2586
319,824
742,927
2077,2832
638,2267
349,2164
1032,2194
4024,1329
1137,1456
1923,2365
5040,2700
5811,1823
2043,969
2029,1071
329,2451
2120,435
363,1281
1915,969
4320,1098
1,1831
2224,2478
3853,2386
3459,15
520,706
3166,1456
2696,2473
2300,2473
1541,2421
2833,2936
149,1702
1326,2267
510,927
1675,2421
3249,2622
4509,970
4643,970
4705,1848
4710,2946
735,1045
4897,2018
5656,2824
263,1989
2570,1021
3960,2633
3655,1997
5138,2080
5556,2593
795,2981
31,1831
1273,2791
2343,1015
3093,15
3630,1940
4710,852
4935,970
241,2580
3276,2351
375,2580
3675,2622
4403,1109
4473,1848
1505,1047
4731,386
1300,2335
4049,1520
4506,1207
1676,2622
4993,1325
1975,969
1648,574
2286,2551
5302,2080
3466,2633
1957,1329
3495,1873
3526,1186
4006,1823
4369,2629
370,2586
1509,2859
4124,2044
906,2566
4681,2901
5077,2901
2186,2320
4765,1848
405,2580
374,1015
157,2478
4195,1695
33,722
2388,734
2519,1217
4389,2500
1407,1801
5144,1844
5184,2963
4158,1813
4768,2496
601,1179
3575,2926
225,1831
5746,1131
3096,2891
345,435
4290,2871
382,2946
4453,2111
742,2700
5221,936
2552,734
2712,2901
5718,1742
2870,1797
2902,2244
5194,2496
5485,982
4165,1829
101,2145
5312,2717
4340,2584
658,3002
2244,1520
3073,3065
351,1539
382,852
5690,3077
3551,1377
3277,3060
808,2946
5106,1336
1484,1997
85,2551
546,2946
5704,2194
814,482
5263,2451
4043,1058
801,1186
1983,2095
3807,27
4509,299
4989,936
5426,1691
3939,146
3426,2779
764,2058
850,1078
4370,2584
4726,1465
2536,1520
2721,2963
808,852
1957,1813
3091,1742
3473,1844
899,970
4273,2651
4906,120
699,1848
4836,1044
1388,2824
1701,1069
2280,2439
2834,3025
4486,665
5427,2451
869,1478
3233,1044
870,2080
1684,2593
1990,2111
3869,2194
5254,1742
1303,1181
3218,1675
811,2439
4400,2584
4808,1655
1755,2244
2042,1520
2083,1521
2016,299
1493,2244
2489,2963
2623,2963
4490,2477
5247,1702
1121,386
5909,855
5138,2698
2760,982
3161,2080
2089,777
5869,1456
1156,2824
160,2859
3260,3025
4989,131
5357,1281
2234,2629
797,2891
761,982
3667,905
4620,2708
2020,2111
846,2783
4559,2240
2322,1695
574,2095
1534,905
5648,706
5484,1241
1948,3174
568,560
2237,833
5339,2580
5638,927
2909,2394
3186,982
4705,722
3645,1496
1919,1655
3447,757
2344,895
1024,1742
1010,1844
3331,3026
1870,2702
4285,1075
3918,1281
542,1217
146,1217
2419,665
2556,936
2064,2194
2267,833
4144,1035
4345,2257
2005,833
5045,1702
205,1797
5131,722
4814,1015
5893,1045
1970,2532
3809,1496
684,2963
2162,2702
2735,120
2998,2974
3072,2923
2676,2923
3046,1702
4270,393
2072,1496
179,1515
664,2496
5585,1831
1094,2080
4191,2729
4850,2365
3802,1456
736,120
1216,757
1639,1614
4686,2708
4316,1677
5681,1539
737,2974
2143,1147
5090,1071
3390,2451
3290,1281
4842,969
1485,1147
3154,2174
3157,1691
2553,2708
1832,2194
1157,2779
1730,1917
4899,722
5489,1719
848,2963
36,833
1218,1742
2352,1671
3138,2580
3472,1702
3833,927
4724,1098
1121,1809
446,2394
4221,2729
231,2240
5014,2365
327,2702
1669,1614
4752,2365
5497,1021
82,2871
505,2974
4798,1020
4311,2622
5268,969
2107,2779
1449,2779
3302,1641
4252,2981
1571,1456
2696,1831
4143,2257
4965,379
5223,2889
5519,1719
763,2451
4934,2786
5003,1829
4069,995
3131,2698
839,2
2114,1102
5178,2365
45,895
783,824
3746,1281
5661,1021
5735,970
5797,1848
1266,2698
5347,2551
1990,2729
106,2302
5350,2822
1800,2605
4496,2910
2641,969
4540,738
5801,1940
249,1075
3346,2478
2162,742
558,2584
5439,46
5948,2367
29,2240
46,1655
1894,927
5030,1504
5369,970
1370,927
5107,970
4243,2622
2020,2729
5451,2500
4050,2981
146,546
4146,2689
674,665
1107,1456
536,2421
1995,1918
2019,2504
3108,970
4490,1001
2344,574
3381,2068
516,2708
1536,815
3465,1015
708,2878
5345,734
3714,1719
3667,1873
5214,1217
5476,1217
4407,185
396,1071
4228,1940
3966,1940
1065,2923
1039,1702
1070,1015
839,2580
3747,1078
5046,2572
5011,2551
5085,2500
4837,2398
828,2421
5752,2963
1829,286
962,2421
3109,2484
773,1179
2425,2791
5045,2320
4978,1098
5172,2095
3941,2233
4077,3060
4149,2936
5883,386
869,2580
5303,1797
3906,734
5437,1797
576,1015
1094,2698
2534,2145
2646,2386
5309,299
992,2421
3626,1848
3564,970
1162,2832
4959,2926
5657,982
213,1902
5796,2080
689,1831
1217,1950
4550,1186
3796,1478
5341,2439
5074,2095
1738,898
1044,1241
5313,2111
586,1329
5772,181
1513,1719
1752,15
1886,15
3572,2901
4969,1520
5444,1813
2161,1940
5550,2963
1918,2936
1097,1252
5949,982
5025,2583
5023,1756
2944,2551
2132,421
745,46
4277,1377
906,903
1467,970
634,969
307,574
1272,2946
372,969
2824,2634
45,574
2483,2341
3442,1515
2935,1684
5426,833
5453,936
3952,1967
5717,982
1388,1027
4605,2532
5455,2702
5059,2702
2476,1520
2915,2910
5606,2871
798,969
2508,1997
5068,1475
646,1329
4832,2696
4801,1131
5276,2178
384,1329
4539,1131
1707,1719
3923,633
2138,185
3504,2901
2029,1181
1100,1684
3846,386
1776,735
5656,2584
5883,1809
5210,777
5389,2240
4635,2532
222,1940
669,2629
3804,160
4363,1844
2933,833
1950,1073
2647,1001
4278,982
931,1848
1401,1797
5797,722
1060,1504
3240,1515
3835,2856
1968,1844
2016,2824
414,1329
1749,2480
3798,2974
2903,2095
4789,905
1172,1910
5021,2194
3014,2111
3024,1109
2136,2367
3225,833
1874,2367
5174,1655
2906,299
468,2504
3749,1742
4895,742
4991,2702
5413,1671
1357,1848
5906,1015
773,1797
1981,1675
847,2500
2800,2532
2779,1655
3041,1655
4505,1496
1786,1207
1949,2891
2240,1377
5199,372
5409,1902
4724,1045
1716,1377
1009,1515
3306,2111
1160,1684
2619,1181
628,1823
5454,2584
3503,181
4086,2451
806,2095
1508,2367
2838,3174
2993,833
2924,2194
2249,2779
5936,1015
951,1695
650,2521
2931,2584
1333,299
2530,2240
3418,2702
3858,2974
439,1520
2834,2651
3729,120
3968,2580
2142,1377
4502,43
300,2115
1499,2439
3705,665
4116,2451
4412,1281
3854,2451
2722,905
5645,435
2916,1902
2954,2194
2792,146
3752,2174
5473,1671
2437,1675
5759,722
716,2178
2956,2240
2560,2240
1158,833
762,833
1574,2963
1944,1742
4251,3026
4265,2924
3936,1702
3700,2923
3337,2871
1306,2394
1931,2
695,2240
2106,757
1003,141
3463,2421
1529,2439
1102,120
5937,435
4314,1281
5470,969
1824,1044
4859,815
843,2111
3520,2174
1875,43
2009,43
3003,1655
926,833
869,299
1846,1742
5277,2267
10,43
5015,2267
1388,2584
1565,2
1126,2584
4722,1456
1429,141
5847,1831
1351,2702
3842,131
5597,2622
2969,2421
844,2871
5173,574
5744,1329
4828,2791
2311,2451
910,2178
2345,1281
3897,969
459,27
3962,2118
1362,1521
987,146
5711,2320
2829,2791
4340,2478
2870,1102
1156,2584
397,2532
772,1655
493,2240
1797,2580
3657,2421
723,2702
1931,2580
5774,1329
5908,1329
5512,1329
1128,1475
3401,1677
4321,2586
200,1614
4290,1021
551,905
3309,2088
5284,2633
2271,2621
5640,1514
5741,2320
4967,482
5625,2145
4596,1478
3832,1082
2127,2118
2008,706
5511,2797
3687,2421
2357,2580
2522,927
3425,2421
1713,2478
3614,3074
3896,2006
5063,1883
4340,734
3342,2386
2485,1045
3545,1025
4405,1883
5345,815
143,706
2393,1456
349,3026
3305,2504
1407,2179
3000,2622
3695,969
1730,2832
472,1147
4006,2551
1043,1902
1349,2174
2531,3083
3023,2791
2352,2586
3742,2478
144,1281
1257,141
2356,1015
967,2257
943,1671
4632,734
1877,2478
1510,964
4521,903
2719,286
439,3077
4424,970
4472,1950
4625,2946
2457,2006
1364,2832
5915,2634
321,2267
2222,2863
5257,2634
5360,1823
274,2451
4055,2012
1464,969
3021,1001
1202,969
1756,2309
4027,1684
1446,1329
4777,2936
5090,1181
4405,1078
4875,1027
3820,2145
967,1102
5908,1813
5803,299
1849,2473
4511,1504
156,2580
2754,2350
1224,2421
4588,970
4650,1848
1009,2267
843,2729
2734,1883
3737,1329
4936,1653
3871,1329
5325,2926
588,1456
2152,969
1833,435
1563,574
1232,969
1027,2257
1476,1329
5120,1181
58,1641
4200,2901
5131,27
1999,323
4222,970
4356,970
2565,734
952,3022
3261,2689
4840,2480
3336,1520
2223,970
2271,1950
2314,2586
4542,1325
5079,2496
4070,1515
835,2622
1902,1329
3015,2633
1924,1088
2960,482
5661,1131
4935,1027
5511,2126
319,1015
1898,806
1564,1684
1977,1853
2314,2936
172,1719
5858,2584
4024,1520
677,2386
3659,833
5949,2702
3079,2244
3267,2480
1670,1329
5426,1614
3323,1823
2619,1478
427,144
1356,2859
3763,2095
5587,27
1221,2634
4906,43
978,1186
2160,2095
5888,2584
2232,1217
3230,319
4871,1742
5929,141
4743,1742
2585,2244
4772,982
498,734
1981,817
1010,2572
2433,160
2636,2963
5738,546
2644,2824
798,2689
3353,1823
65,852
3205,2891
2131,1515
381,1088
4868,1629
4527,1336
2853,2439
3508,2111
1488,1823
5132,1675
734,2115
4800,936
5151,1917
5930,1655
3418,905
880,1186
1666,2095
3779,130
2714,560
1677,1695
3267,1675
211,1027
271,1078
629,1540
164,2901
319,560
2277,936
1931,299
2280,1207
2327,299
2774,1742
248,1848
2800,2963
3620,2702
640,386
3042,2496
4181,2769
4852,2974
2675,982
4915,1044
2365,2
598,160
1800,755
5272,1281
2794,2367
5139,1691
1357,185
4478,2174
3156,2194
539,2936
1707,1695
2703,936
194,2901
3052,1844
2028,1521
5301,706
4643,706
5892,1147
2676,2496
3734,895
5814,1456
3112,3026
3172,3077
1400,2891
5698,1281
2122,2095
2946,1044
64,1515
3369,1147
3448,2194
4047,833
1397,2593
4776,2174
3938,1829
5717,742
2133,1695
1131,1131
2012,2866
3065,1675
1613,905
2358,1813
2733,936
2017,1520
1893,3174
4975,1071
5437,1102
2968,1742
4102,1671
1206,2244
4826,1702
5022,2580
4960,1702
4215,1548
5222,1702
2470,1465
1852,2584
4080,1131
141,1331
955,1844
559,1844
1815,2702
3157,1614
2577,3025
3336,3077
5070,1281
4965,2985
1197,1377
5218,1179
94,1515
3846,146
5238,1831
3161,43
1423,1131
3075,1989
3809,2708
5702,2689
158,2439
2703,131
583,925
4306,1070
4700,435
1756,28
4822,2118
4156,2257
5863,1102
4990,1702
602,386
4105,2477
2016,2584
3358,1496
502,936
1966,777
3628,3077
5646,286
1133,1742
1609,1671
2010,2769
2729,1702
638,982
194,2
5275,3002
5631,1883
3485,1456
1587,1131
1105,3077
3278,1917
4787,969
4391,969
3613,1641
4320,2257
221,1044
4710,722
2308,1830
503,1696
859,1331
2349,141
1996,777
793,2963
397,2963
1875,2702
1651,742
5859,2622
5809,815
3794,871
172,1532
845,120
2875,2816
4291,1677
2217,372
551,1336
2662,2708
2004,2708
502,131
2403,727
3662,1102
446,2451
3266,1102
4940,2473
2820,1015
1803,1671
5583,2350
2527,1702
5920,1181
2341,2478
89,1655
211,2584
2148,2837
2461,1082
1299,3077
4585,969
662,1702
266,1702
3296,1883
3762,2622
4514,2257
1933,1902
49,1475
532,131
2147,1831
55,2421
1134,2451
2586,969
3692,1102
476,2451
2720,969
2633,2478
4534,2320
3760,482
2767,2478
5394,734
4988,46
3747,1940
5545,903
1909,1666
5114,1848
358,2580
5253,2946
4790,970
382,722
3460,1883
215,2302
4619,1088
1290,870
2439,1831
4731,1329
3433,2689
3012,969
2488,969
2665,2551
3802,1997
3845,2633
2021,2257
1625,2257
2401,2478
3198,2822
4631,1098
3132,482
2430,964
5369,1027
300,1070
1857,1102
3636,15
4164,2386
5162,734
1325,1241
3491,1354
3253,1940
5478,970
5082,970
5218,1797
5932,386
1577,2216
522,2580
808,722
887,1015
1613,1873
3168,1078
993,2165
4144,421
4720,1520
4768,2500
4828,2551
115,2421
3217,970
2821,970
5543,2496
2122,969
3679,1001
2628,1329
5343,1684
4985,1976
342,1831
4855,2095
3427,1719
5352,2901
5643,633
5486,2901
200,435
1179,1015
1559,482
1450,1478
259,1015
5194,2500
2931,734
1546,1940
1933,2386
4884,1520
5687,1844
5341,1207
17,2421
2548,969
2985,970
583,2832
2221,574
4105,1001
5602,982
2792,1329
1171,3002
5479,2080
4099,1186
4579,1823
681,2586
5091,1217
4338,2111
947,1015
334,2478
685,1015
2951,46
4914,1520
4364,299
3072,1504
2676,1504
3151,1797
3954,2121
4410,2926
5855,2717
3023,2551
1509,903
1161,1883
1920,2689
3506,1207
5058,895
5548,2974
300,1554
656,435
1351,2946
451,969
1024,2551
3644,2080
583,1088
4716,1131
1051,964
393,964
2067,2335
4612,27
2526,2095
4656,299
3388,1336
924,2320
4157,386
595,1098
2761,1211
1388,734
390,2386
1854,2227
4908,2240
730,734
3158,1813
2657,299
3137,936
3634,1742
4255,140
1726,729
3990,1377
5578,2974
1046,970
3372,2496
5316,2974
846,1848
3797,982
5564,824
3535,982
4777,2696
85,2689
329,1329
463,1329
3758,1027
2032,1186
2818,2095
4697,2178
3449,2901
5663,1742
5341,1691
1060,2716
2533,2111
3827,43
3529,386
4419,1675
4157,1675
800,1853
4938,2240
958,2439
158,2386
3895,1675
2047,905
2023,319
3563,936
2451,1520
3664,1742
3650,1844
3428,2963
4772,2702
4536,1671
4906,2702
1926,386
1272,1848
5394,1702
688,1797
4420,1496
356,1058
3303,982
359,1329
1429,2963
4032,3077
3273,3025
5429,1696
3085,2974
4773,79
3479,2901
4966,2194
5764,2174
2942,2696
2649,1131
813,1684
2253,1131
2962,130
4985,1655
5198,2702
1815,905
2851,299
5652,2118
2537,1829
732,1695
2275,1829
4584,1496
2841,2240
220,1520
1815,1844
75,2859
5223,665
2057,1377
4232,1044
1607,2080
3154,2178
2696,546
5731,1071
1018,2439
3955,1675
689,1217
2542,79
1248,2901
5221,969
1382,2901
1917,27
1700,2244
5516,2580
5881,1015
2742,2584
1286,160
1845,1844
1449,1844
1227,2963
2230,1655
3851,1702
5243,2421
5639,2421
1335,2496
4607,1456
849,536
2051,1131
4491,1281
5287,2878
781,2095
1875,905
3876,1917
2126,2244
2475,146
1979,2194
100,2111
1743,1917
4644,1496
1392,936
2644,2584
4196,3026
1257,2963
2735,2702
3645,2923
522,299
3753,1702
3357,1702
907,2584
1528,982
736,2702
10,1844
5896,1831
1047,120
1048,2974
2072,1045
2891,1902
3615,1179
4369,1641
444,1547
2367,1902
1655,1696
3198,1830
1324,2091
2169,1917
1131,1696
682,372
5007,2837
3758,706
814,299
3892,706
4668,927
640,146
2529,1671
3711,2580
3387,1702
1558,982
675,2584
1644,2
2017,1496
4302,15
3572,2421
242,2702
1784,1702
5808,1021
4557,2227
5035,2791
5374,2257
659,546
4236,2586
1108,372
5538,379
466,905
593,2178
911,1521
3165,727
2693,1671
3231,2478
5065,1098
734,1070
3831,1719
2776,2837
1360,1532
694,1671
1814,1702
298,1671
618,895
5912,970
819,2871
5650,970
5853,1329
4555,2689
145,1614
1366,2451
3610,969
1434,1831
364,1917
5162,2320
4472,1873
4892,15
881,1655
485,1655
3599,1719
4662,2936
1644,2580
4975,1181
78,742
608,1496
2430,1045
4331,1641
5148,1109
800,1666
2617,871
5621,1329
3623,1554
5656,1515
827,2708
390,455
5715,2095
5646,46
1379,969
1322,435
3545,1082
3851,2320
4143,1940
573,2791
4296,2936
1643,1015
5836,1109
4449,734
1040,722
873,2302
5823,1813
2268,286
3081,574
4710,482
3390,1329
2488,2689
5745,2095
2010,435
2199,2586
1409,969
1395,1071
1147,969
586,2622
820,574
536,815
603,2791
2900,2633
2803,2700
3028,1098
3159,2335
2436,1186
2474,1478
3556,1217
5774,1520
4137,970
1303,2421
2177,3177
4273,1797
3615,1797
4995,1001
4883,2480
5607,1757
5380,2532
1920,1831
526,2729
209,3022
2422,2981
3024,1329
5935,1064
3392,1001
1488,2551
5490,2111
22,1883
3021,1997
3783,2320
1159,1329
5228,2111
3478,1684
2728,1186
4192,1027
3653,2439
4350,2367
5516,299
669,2633
5254,299
2076,1940
3907,1797
5464,1829
1503,2832
3779,1797
5300,2926
2548,2689
2273,2484
5552,895
4984,1377
1207,969
646,2622
5142,2717
2917,1997
384,2622
448,1883
618,574
752,574
186,1883
5258,2111
4222,1027
2496,1186
4108,925
4175,2901
4906,905
3230,1181
3448,2572
5798,2240
2016,734
5536,2240
5541,2584
3342,833
4288,2963
3892,2963
2332,970
4262,1742
4396,2496
1474,1848
810,2622
1622,2500
4206,120
1420,2551
1050,1520
831,2910
4601,2901
2660,1186
960,2566
5198,905
5351,1147
1125,2633
1388,1515
4081,2111
5168,2194
2685,2936
5471,1456
1848,2439
3816,1813
2675,905
4950,1742
5350,895
2420,386
4782,1377
1838,970
5706,1496
5437,2769
186,1078
1263,473
4193,982
3343,2532
4632,120
3797,2702
5139,1614
2279,1844
1331,2859
2403,1910
2492,2891
3975,2974
4305,896
2590,982
3832,2696
1552,1515
328,2824
1703,1684
3191,2111
2048,2850
4137,299
4980,1742
4718,1742
4456,1742
1643,2572
3993,2240
2967,1844
4484,757
3180,2891
3565,2702
5303,1614
179,1950
4401,2974
3303,2702
5334,927
323,386
2224,982
3401,1547
5584,1075
5596,146
5071,1456
5458,1902
3307,1131
1977,2044
2140,2974
1646,2439
1975,1217
5517,2482
1484,2111
2822,2779
3046,43
745,1957
2603,1917
3766,2584
5266,2082
3141,2532
3807,141
3454,777
940,2398
1644,299
2487,1742
3595,2702
3729,2702
2225,1742
4109,2923
5116,3077
4217,1702
5065,1045
1407,2049
3334,1614
5927,286
949,2891
3750,546
5085,2451
978,1377
2841,927
3784,130
4689,2451
3749,1075
5125,2981
1299,2866
838,27
3546,1655
5014,706
638,905
1278,299
3575,141
2651,1742
4247,1702
1360,1829
5916,2729
3904,2302
547,2480
79,160
3133,927
158,1207
242,1844
717,2891
1008,1377
734,2306
1448,895
746,1377
1042,207
128,2496
2417,757
5744,2622
157,982
3529,146
4150,2708
523,3025
841,1614
5027,2981
4554,1071
4010,2139
1326,905
4505,2118
883,2779
809,386
845,43
5650,927
4704,1015
3291,1671
3692,2769
1577,1655
1868,141
940,2532
3151,1102
3266,1614
1528,2702
2340,2580
2278,1702
485,2891
1082,895
2042,2923
2350,824
292,2496
5908,2622
5746,574
2864,1045
3287,1902
1050,3077
3464,286
4608,903
1349,2178
1657,79
2961,1917
4470,969
4809,435
5631,1001
2656,1281
428,1044
4535,2118
1529,833
3664,2791
4056,1329
2061,1071
361,2451
2813,706
5755,286
5810,185
13,987
450,1742
1188,1671
2766,2580
584,2496
563,1619
2256,2478
322,2496
5267,2417
5776,574
1132,1547
1765,3180
5034,903
3974,1677
1035,1614
1326,100
1835,2421
2652,2451
5814,1997
3446,2689
2324,1831
3074,3083
5144,482
992,1917
1754,2240
391,2451
5241,1354
3095,927
2286,2478
1090,1671
2162,722
1102,742
2241,1015
5309,734
2261,2421
1079,1512
5029,1848
4705,970
5839,899
1484,2729
5625,2633
3679,574
2717,1883
5456,2824
243,2179
1778,1671
3364,2633
93,1831
3417,15
4943,734
2654,1719
1522,927
5321,1848
3168,1940
2029,2421
3321,2936
4663,1848
241,1702
375,1702
1156,2267
4540,2946
65,722
2071,2832
2682,734
3143,1883
4542,1329
3244,2689
4018,1329
2571,903
847,2451
2242,435
3317,2413
1476,2622
3656,2633
519,1831
3485,1997
2019,1329
5350,2936
5369,734
4973,734
3526,308
3992,1047
4711,734
4790,1027
5005,2901
4540,852
5089,1848
85,2478
405,1702
5219,386
1260,2216
4639,2551
174,1015
635,2164
4594,1088
1495,3022
1079,1646
5602,1844
2164,2622
1066,2350
3609,2413
1902,2622
4020,1001
267,1179
2201,969
2774,2551
2707,1329
4161,2926
3558,2633
5776,2936
5939,1614
4538,2095
3490,1186
2953,15
145,435
188,1071
3624,1940
5838,781
5907,386
497,2580
2857,2936
600,1015
2573,3177
4263,1109
1878,2386
5672,2963
4171,1520
4890,1207
3192,970
325,2473
5122,1742
3668,899
2735,2946
1670,2622
4975,2
317,1831
4811,1099
3481,2012
3904,2115
5067,2974
583,1950
3140,1719
1044,3099
970,144
80,1329
5711,43
4723,2383
5902,1331
5907,1675
3104,2439
1521,1186
2641,1217
2906,734
3797,905
3057,903
4967,299
5044,2963
5178,2963
4018,1813
2962,1797
5682,2496
1482,1231
5262,1910
114,1098
4935,1515
5286,2496
1041,734
4069,2532
2243,1329
3179,2963
918,2586
5097,2974
4345,895
262,969
205,435
303,970
1423,1001
437,970
3054,982
4100,1064
5294,1044
5826,905
2825,1684
5032,1044
2167,1684
3277,1027
4478,2178
5069,1865
5840,1742
4078,2244
1027,1940
5208,2963
2861,560
3816,2244
4549,1829
4473,299
5342,711
1448,2936
3182,386
1979,2572
2707,1813
3827,1844
4212,1655
5740,757
2340,299
2500,1520
3169,1844
3608,2480
4864,120
5394,120
1051,1021
3747,1326
1183,386
467,970
5720,1044
272,2946
4739,2111
745,160
951,2480
3902,1614
1665,1823
2926,3025
4936,181
3394,2901
3595,905
5608,1742
4849,936
5420,1691
1082,2936
1368,1078
4451,1829
4883,2240
3229,1521
178,1217
4242,1655
5770,757
4842,896
1189,2244
2715,2963
5162,120
4291,1547
237,1797
4096,2769
460,1088
2590,2702
2607,2871
5845,1281
783,2495
4040,1147
3778,1147
2033,1064
4387,2194
2198,1131
405,2320
338,1098
2215,546
1635,1957
5052,2584
869,734
4790,2584
208,1217
4035,1742
2880,936
3303,1039
5530,896
2138,299
1901,386
4519,1532
1749,2244
1353,2244
1639,386
5169,2580
267,1797
3230,2
2224,2702
1018,1207
1116,1742
5863,1456
1711,2891
2308,895
899,1515
1384,2496
3942,1147
1418,2080
3257,1044
707,2
5010,2708
2362,1131
526,1684
1966,1131
932,120
5598,2878
1195,2974
4053,1917
634,1217
1528,905
4945,1532
4279,1671
1669,386
5430,1015
3706,1809
5485,722
2250,1829
5347,2478
858,1110
2816,2240
2437,1655
1028,1521
2158,2240
2559,2584
3817,859
329,1520
4171,3077
3090,2974
4382,1045
1776,3077
1308,757
3894,1456
4083,1917
3276,131
5330,969
4934,969
3074,936
3571,1742
1790,2194
2420,146
2146,1075
4443,1671
3233,2878
1669,1675
1211,43
4437,1102
5210,1025
328,2584
1338,757
1880,3026
2157,1614
5579,1831
1076,757
553,2702
157,2702
2399,1147
5303,435
5360,969
5387,1072
5437,435
5602,2946
3656,1641
5797,970
471,2111
942,1696
1456,1917
3347,1071
1251,2451
1528,1039
57,27
3656,2580
2608,1671
3358,2923
3728,1702
5617,2473
3466,1702
4739,2729
4102,1354
3222,2473
4738,2504
321,2702
5493,1848
1986,2267
97,1496
4801,574
2478,2729
3820,1641
3973,1883
3558,1641
5788,1015
1882,1917
142,2178
3129,969
5116,2837
4087,2924
1007,936
953,1831
1980,1671
4277,15
388,2584
3767,2165
3753,15
2382,927
5523,1848
5597,1797
5657,1848
5595,970
839,1702
1266,1015
2016,2267
4201,2622
4831,574
5006,1329
2119,1456
622,1475
3244,1831
3640,1831
90,1614
1609,1354
4692,2859
2003,1281
366,2421
3293,969
4516,2633
3535,2946
3855,2924
4254,2633
2487,2791
5856,1684
3161,1015
4486,1478
5912,1027
5650,1027
1280,1071
5865,2901
564,1655
1756,1000
4058,1940
5949,1848
1754,927
3041,1098
3791,2350
4868,991
3784,1179
5687,1848
3254,2145
1351,722
5170,1329
5263,1520
1887,1456
2403,2504
932,738
2628,2622
828,2832
3634,2551
1772,1883
1409,1831
2665,2689
2269,2689
22,1456
3305,1329
4845,2700
5490,1684
4216,1186
928,969
3813,15
5633,2901
4637,2936
2582,1873
2647,3022
1138,964
479,2082
2375,2334
5427,1520
5797,299
426,2421
3790,970
4514,1001
3194,1848
3132,970
3595,2946
3664,2551
314,1456
4044,2018
5369,1515
5250,1823
1191,1729
5916,1684
1335,3171
4611,1873
5122,1823
1775,2689
1044,2241
1486,2586
4239,15
2322,2858
5223,2629
5737,2850
830,969
773,435
286,2791
1752,1015
3448,2145
3360,46
4060,2901
1343,1719
1761,1478
1704,944
1873,2473
5169,299
3956,1797
3224,1848
5884,2496
3372,2500
471,2729
75,2729
1918,903
1570,1883
4705,2824
5414,1823
2067,2689
5742,1100
4756,1823
1425,970
1211,1950
3534,1515
2570,1997
4471,2593
450,2791
5259,1131
4459,1078
2757,1823
1124,1015
1900,482
2807,1186
2053,1478
1332,964
2404,15
5487,1520
4224,2901
5461,299
5545,936
5275,1075
5598,964
218,2633
3645,1504
1086,908
2705,2572
5943,982
1540,1078
5456,2584
4069,2963
5547,2702
3200,299
4425,1844
1102,852
2685,2859
4340,982
1327,970
2447,1001
2108,1535
5922,1044
819,2257
5289,1131
4286,2439
5767,1695
1142,2910
2434,15
2179,1186
3695,1217
448,1001
3099,2095
5575,936
186,1001
2760,185
2600,2936
1034,1098
1588,1684
3938,386
4268,2018
2520,2418
1100,2095
1038,1217
1993,2901
2590,905
3710,936
4154,2670
4207,1742
4455,1844
4603,1742
4272,2891
339,2936
1681,1848
1815,1848
1357,970
4435,1377
1365,2551
5319,1131
5336,546
1036,1329
5532,2178
1848,1207
2689,1823
3205,2871
5015,905
273,1535
612,1001
5113,2194
849,2634
5706,2708
2368,2936
3784,1797
4945,1829
2142,2593
2070,1027
5912,2584
5115,2240
5650,2584
4072,1675
4895,1742
4485,1844
5557,141
2296,27
5295,895
369,2936
1785,1797
4727,1377
1845,1848
4109,2496
4400,982
3517,2584
3758,1515
1335,2500
3250,2240
2486,1844
1087,2398
3346,2702
3885,536
4399,757
3296,895
4822,1614
1976,1742
5263,3077
214,2244
940,2910
618,2859
2466,1377
3658,2974
1542,2978
2204,1377
1877,982
5015,2194
2172,2593
2458,735
4440,2451
4698,43
5558,1655
4255,1917
1232,1217
2639,2244
1875,1848
4877,1671
4516,2
4271,1070
5023,1496
3023,2584
4202,1532
4575,3026
793,1520
1559,299
4272,3025
4420,2923
2536,2496
4621,927
3198,895
5108,1045
5094,1147
6,386
2012,2496
5665,1902
4754,1456
4360,2091
2374,3077
2011,3025
1701,2045
2650,2194
1633,2850
4240,2174
599,2593
5869,2082
2133,1675
3747,2241
1042,130
1560,1813
3444,2240
3781,1071
2196,2963
931,299
5181,927
4943,2267
2042,2496
1049,2240
1479,1070
2530,1496
5476,286
2041,3025
2115,2974
661,1377
5446,1465
33,1027
3474,2240
845,905
3811,1071
1328,1813
1357,299
961,299
1171,1075
4973,2267
200,386
5203,2729
432,1675
449,1844
492,2480
1168,777
583,1844
335,1742
1047,2702
4686,1456
5823,2622
5726,969
3577,1025
4470,1831
2940,1902
5521,2257
3833,2708
2403,2451
3941,2241
4237,1071
2480,1917
551,27
747,905
2364,1742
3260,2257
3637,2769
4432,2478
1176,2708
3010,2082
5665,2386
3366,963
847,2240
1656,1655
157,1039
3492,1102
4374,2473
5150,1940
1507,1532
103,1742
3487,2421
2047,722
5775,1211
218,2
5866,1329
3275,286
2717,1456
1215,1131
3842,1831
554,1614
4238,1831
5948,2859
2863,1281
3757,969
4096,435
3430,574
534,1147
2741,2981
1545,2174
5829,2386
5576,1940
2017,2923
2449,2580
2748,927
2125,1702
2156,1015
2211,722
1077,1547
2644,2267
3405,1456
3439,286
615,927
1009,100
5716,2859
5267,1535
1256,2421
1822,2832
5540,2633
1135,1902
734,1558
1873,1831
44,1111
326,43
937,1917
413,1917
17,1917
5523,185
4172,1719
5657,185
5497,2936
5101,2936
3998,2320
4089,1684
2155,1702
4815,2350
4858,734
4586,46
587,757
4650,970
5770,1001
4049,1504
3073,2915
3228,574
2299,1831
4262,2551
3799,1329
4479,1088
2037,1831
5387,2926
5607,2700
2503,1072
2157,435
3375,1001
1952,969
5949,185
238,2451
2590,2946
1690,969
5374,1940
2662,2822
5265,2936
4095,1098
5020,2351
4308,2145
4705,1027
4364,734
18,2118
1678,2837
2471,2473
582,1702
1834,1098
3317,1181
1276,3022
376,1045
1331,2729
5431,2824
1014,3022
942,1456
5527,2532
3323,2689
1372,286
680,1456
3837,2910
4513,1207
5354,1823
1586,969
1159,2622
1131,574
1986,1088
3863,1098
4646,46
4391,1217
4790,734
5127,319
2606,15
5839,2245
5941,2702
2501,2473
5426,386
4777,2192
5164,386
4505,1504
4202,1695
88,1702
2657,734
4448,970
1419,2145
4456,2551
4086,1520
139,2421
240,2473
3307,1001
1423,574
472,2981
4899,1027
4198,2111
3198,2936
3088,1078
4540,1848
5775,1829
529,482
1706,1047
5560,1675
5164,1675
136,1719
5093,2963
5463,1742
2942,2192
803,2936
4805,2496
4939,2496
512,2006
1219,2622
4192,1515
1169,815
1587,574
2487,2551
577,903
3533,2633
4309,2100
5107,2080
57,2365
4749,120
1896,1329
3104,1207
3415,1823
5914,1614
175,2586
4308,2629
2520,1910
3203,1186
553,2946
157,2946
2586,1217
2386,2095
1142,308
3869,2178
1197,15
5231,2496
418,1940
5000,1809
2156,2572
3233,1967
2042,1504
4998,982
5745,2717
1792,1329
393,1883
3258,2963
2862,2963
2263,160
954,1950
4340,2702
4517,120
4753,2871
4854,2923
5042,2974
2884,1032
4441,1064
382,970
4210,2629
5420,1614
5875,2194
2508,1684
5839,285
3686,1131
4557,2178
21,964
2817,2439
38,379
480,1478
1318,1823
2020,2095
2488,1217
2822,2783
4529,130
4651,1813
1259,2936
2993,386
3208,1506
5749,742
1021,1078
5164,1809
5909,2717
93,1217
2951,160
3510,1844
3895,1655
4370,2702
5363,706
4547,120
3487,140
1104,2244
736,1848
5891,3077
842,2244
3863,2871
2767,982
1769,2634
5905,2194
4112,1131
4762,2179
3929,2178
2943,2901
804,2891
5056,936
4214,2347
1041,2080
3455,43
3644,2194
1736,1181
2993,1675
1668,2178
2778,1521
116,46
4259,777
971,560
1351,27
1134,2244
1848,833
2187,299
872,2244
442,970
4960,824
896,386
242,1848
180,970
3124,1377
3974,1547
2931,982
5474,1045
3390,1496
5644,1456
1289,2532
3887,2302
3264,3077
3371,2974
3880,1131
1096,2891
1877,2702
4327,130
2424,2871
5662,1281
3857,1147
4428,1902
1114,2716
3674,2194
4333,1076
2359,1695
349,2095
1832,2178
3310,1917
1744,79
2563,936
1897,1075
4206,742
2798,1742
3932,1671
1769,1829
896,1675
5674,1456
1309,1844
1352,2480
302,936
825,2963
1047,1844
3005,2974
5056,131
1743,1547
4699,1025
3821,2779
481,120
1649,1131
2389,1695
2430,1696
219,120
804,3025
3001,2451
4701,1071
4594,2702
1753,3174
2727,936
4172,727
650,2558
4906,722
577,1521
702,1967
1841,2240
1846,2584
382,299
1937,2702
2510,120
2773,2974
3444,927
4743,2421
2198,2477
2222,2871
1126,982
4885,784
1645,1547
22,895
89,2871
4879,969
223,2871
3165,2451
5261,1071
1869,2194
1261,1557
1963,1829
4540,722
302,131
4779,738
2363,2702
993,1742
671,1691
4377,2421
3047,2580
1877,742
3437,1045
4428,2386
5892,2981
3734,2729
5181,903
1227,3077
938,2974
1012,2923
2254,665
3491,1281
2727,131
5043,969
4716,574
1834,1045
2682,2832
1224,2779
1735,2729
1346,1456
1365,1506
5795,15
365,79
3339,2580
1040,1157
1976,2791
2619,1702
5718,734
263,1465
332,1070
4033,1456
1257,3077
2804,2421
5376,970
5073,969
5250,2551
1638,1456
5024,2016
5055,1329
1772,1456
2522,2708
2897,1831
3661,2981
4005,2791
5122,2551
3072,2586
1169,1917
5608,1478
3784,1102
4973,738
2607,2257
1987,2549
3107,2580
3472,1015
3960,15
1785,1102
5476,46
1477,757
83,1655
558,2702
5329,3002
5602,1848
5607,2192
5144,970
736,722
937,2698
522,1702
3943,1539
4882,970
4018,2622
5414,2551
305,1475
1406,1456
3140,2878
2032,1918
2450,1677
3346,2946
4557,2341
1835,815
4290,1997
5405,1684
3502,1015
4386,15
5595,1027
5254,734
3511,1478
3466,15
5345,852
622,1532
5236,1848
5570,970
814,1702
1024,2478
3632,2936
5370,1848
603,2421
5527,2963
2872,969
3906,2946
810,1179
4270,190
660,2174
696,1831
1990,2981
5111,806
4827,1047
5192,141
4641,1823
1332,2981
5759,1027
554,435
5578,2901
2510,738
1221,898
1302,2580
5736,1797
5488,1695
629,1548
2888,1098
3975,1181
5792,386
2230,1098
2705,2145
3832,903
3135,1729
5346,299
5557,2963
5084,299
3797,1848
109,2421
3003,1021
5799,2496
2447,574
4790,1515
2689,2551
5203,1684
4325,1186
3929,1186
2234,2910
641,969
2308,2859
314,574
775,969
3967,1478
5512,2439
840,2118
5484,2111
186,574
623,1329
3338,1684
1039,1015
1113,964
5376,299
4061,2244
4823,1813
5114,299
5587,2963
3827,1848
5325,2963
535,2421
2907,1848
2243,2622
3241,970
5858,982
3717,899
3722,2963
5200,2702
1017,852
1065,2586
5475,1217
1199,2586
1564,1021
2328,2171
805,969
4093,1186
4186,1377
5101,2696
1467,1088
787,1329
2619,2320
3939,2439
2356,1186
2440,1823
3543,2439
5420,1695
2094,1186
4370,905
5751,2963
2136,2351
3273,1797
1874,2351
1595,2936
5888,982
1218,734
5017,1655
5803,120
4108,1844
5407,120
1272,970
3336,2496
2703,2583
3004,1757
3809,2716
4838,1131
4972,1131
3136,1684
5359,79
2208,1823
3049,2439
1340,323
10,482
383,1976
813,806
5431,2584
3189,1695
5035,2584
1379,1217
3982,1331
5381,777
4178,2963
3782,2963
5556,1532
5656,2702
2390,2244
3104,833
5344,895
4351,2891
5882,1702
1042,1797
1049,524
3277,1515
5914,1532
2139,1844
3166,1684
1397,1207
5468,372
2372,1823
2752,2044
5684,936
3941,1680
1016,1515
5426,146
174,2926
181,1653
3522,1696
800,170
485,1098
3219,1695
4506,146
1075,2095
1080,2439
5194,2240
1706,2901
3000,833
3423,936
5947,757
5162,2702
2096,1366
52,2936
790,2111
1394,1848
4804,742
4938,1496
2799,2240
2897,2583
2303,1844
446,1520
3180,2871
3603,2974
4594,905
4365,1045
5485,1076
4826,2194
2470,1957
403,1823
1559,1511
4257,2451
1177,1217
5695,1071
1679,2367
2768,833
2682,2779
803,2696
4956,1671
4338,2790
988,1695
568,1109
726,1695
2701,2240
3716,757
1512,160
555,1813
2962,2769
3344,2871
1888,2891
5639,2832
1852,982
5377,2832
5484,2729
1299,2496
1590,982
4267,1045
4952,1902
2109,1547
2940,1475
932,2702
949,2871
87,1186
3423,131
2759,905
4025,2451
4287,2451
5477,969
2435,27
1831,1044
4114,1742
4169,1641
3085,1075
984,2111
309,2696
5741,1015
756,1695
489,1351
902,1520
1272,299
3519,1532
4369,1702
1853,1742
4169,2580
5237,2421
2209,1377
4468,927
2763,2717
3535,722
3232,1475
2962,1614
1628,2563
315,2891
210,1377
5180,574
2759,2194
5493,2791
3989,1831
1881,1696
50,2593
4152,1071
1134,715
4738,2858
1252,936
1883,1742
2621,1671
2633,742
4302,1015
5052,2267
4793,286
1078,2
1388,2702
1684,1532
238,2240
2895,927
3268,2421
1888,3025
3402,2421
4383,1354
3968,2832
5781,1329
2066,1045
2823,1024
4879,2689
2632,1456
3516,2708
3970,2878
4273,435
2220,2451
3672,969
234,27
886,1902
5481,1976
1018,1829
1756,1004
3351,2082
3041,1102
1496,141
1327,2584
4319,1719
5370,2145
1234,141
5940,46
310,1742
664,2240
535,140
996,727
1679,757
2543,3077
404,1377
4278,2702
1644,1702
3170,2421
4299,2006
2559,2267
5508,574
2230,1045
3073,2488
4620,2586
1003,2837
3582,2365
3921,1831
3604,2878
3747,2432
3907,435
1888,1281
4340,2946
1747,1830
790,2729
4362,1015
4864,2165
3883,2478
194,1917
4984,15
973,1655
4863,1940
78,1742
2394,2580
3462,2421
950,1671
2022,722
3959,2473
858,2082
4213,1831
1429,2837
2826,1456
197,121
312,3077
23,2974
446,3077
4479,1950
124,3026
5265,2859
4231,1848
4632,2946
5399,2859
5089,2633
705,2779
247,1147
2214,1831
5899,1684
3208,2689
448,871
1351,2365
4324,2012
683,1677
1676,435
1903,2878
4117,1719
718,1671
4522,2936
2402,1478
5898,2398
5884,2500
5605,833
4199,970
460,100
331,2164
3937,970
5912,1515
5650,1515
3766,1088
2580,2689
2291,2586
345,1281
2012,3171
1974,435
1855,3187
1877,2946
4686,2936
2828,1478
1637,1015
1420,2478
4625,970
4029,1848
388,2267
1699,2832
4617,2018
525,286
363,1456
1925,2586
1768,1848
942,574
2979,1997
3022,2633
4505,2716
792,815
5668,1131
5148,2593
4403,2439
456,2586
1407,1842
1741,964
772,1102
1257,2837
4067,46
4371,2901
2564,1940
95,2580
4529,1797
989,3022
5898,2532
5139,2480
273,600
672,871
393,1456
5443,2891
5047,2891
2461,2192
5778,895
2110,1211
4854,2496
456,2936
3309,1535
4735,1084
4172,1910
1204,1109
1240,574
273,1539
3330,1823
3318,308
4104,1217
4632,1336
4401,2901
4998,905
306,898
1906,2320
4485,1848
954,1873
1079,821
1836,46
4864,1844
3511,299
3654,2859
882,2936
2162,970
2224,1848
4913,982
570,1883
2101,2946
2908,2480
2381,2963
516,2586
120,2586
3007,15
3991,2629
4431,2901
5639,2779
4565,2901
5496,27
4327,1797
5139,1675
3308,2572
3683,1695
4170,1813
111,1719
460,1873
1274,2386
1866,46
2069,2095
2432,2901
3803,299
5438,1742
516,2936
4943,982
2773,2413
4268,1567
4301,1515
5082,2080
5562,2717
2470,160
4808,757
5047,3025
2519,1742
494,144
1483,2910
3631,1131
3448,2178
5413,1281
917,1186
2200,2901
2773,319
4034,1521
4836,2963
3146,2779
4177,1829
4944,1742
978,2593
284,2936
644,1027
2908,1675
1368,1058
1707,524
1743,181
4219,2240
3455,1844
4436,777
2042,2500
2073,1813
3919,2702
908,319
4755,2974
5440,3077
4433,2923
1183,2244
4364,120
157,1848
3108,982
3956,2769
5456,2267
2070,1515
5850,2194
1106,1997
2541,1100
4838,1696
579,2480
5789,1918
4261,372
947,1186
3161,27
5236,1742
4974,1742
2794,2485
5870,2257
5450,1671
5858,742
880,2593
2303,181
4586,1071
2199,1521
1366,1520
2605,2963
4217,2702
449,1848
1474,299
4967,1702
841,386
2673,1377
2451,2496
2742,982
2847,2496
3597,1496
4490,2302
5039,824
1719,1823
700,1844
1772,895
2902,1614
4475,2179
1973,2871
3941,2245
1740,2111
205,1838
5876,1671
4155,2174
4279,2240
3621,2240
3972,777
1126,905
2162,299
1358,2194
1900,299
2110,1829
4601,1702
592,971
5912,2267
5254,2267
1622,2240
579,1675
5357,1456
2771,757
1852,2702
3010,3025
1986,2702
1590,2702
3517,2267
1046,2080
5089,1641
2885,1044
784,2080
5223,1641
3492,1456
5054,2586
3980,2708
749,3025
1807,2178
1371,2779
5089,2580
1011,2244
4065,2257
5223,2580
4930,1015
773,386
4534,1015
36,1813
5521,1456
2016,2702
2530,2923
1771,2871
3681,2267
3600,1147
675,982
2590,722
5866,2622
5267,1539
4909,1831
779,3025
457,2974
4824,969
4753,2257
5200,2946
3689,815
5272,2822
4564,1015
5839,2115
5462,2165
1054,1917
1035,1675
639,1675
307,936
749,1281
792,1917
1862,141
5927,1181
579,1809
4373,2386
5436,1883
3552,1456
2055,1475
5522,903
5200,852
5248,2586
1306,3077
3140,2451
5029,970
669,1702
607,824
2792,1179
1121,1045
4641,2551
1186,2194
1303,2779
4639,2478
112,64
1738,455
879,2451
1863,1655
459,1865
5619,1186
2260,2257
2960,1702
5224,2350
2774,2478
5778,2936
3125,1015
4983,975
260,1655
1923,2837
3716,1456
808,706
5321,970
5016,2586
255,2974
389,2974
1829,2421
2963,2350
437,1702
3799,2622
1151,1045
1970,1902
2185,3022
4138,2088
4756,969
5193,970
4738,1329
4084,2791
5394,2946
364,665
307,131
2755,2586
2962,435
2757,969
5541,1742
4571,2320
3919,2165
2520,2719
4982,908
3953,995
2893,1015
1912,2082
1366,3077
3276,2473
5394,852
5702,2451
5939,386
4786,969
2215,3022
3631,1883
734,2985
5130,1910
1568,2622
5303,1838
2373,1329
575,2174
4045,1873
2527,1015
3434,1719
3814,1186
5330,1217
512,1071
4407,2454
2910,2473
5255,1797
5310,1504
573,2478
5573,386
924,1015
2407,1098
5834,2413
631,1702
5939,1675
1345,1045
784,2698
321,722
727,2164
1587,3022
1515,1456
4108,2572
5694,1844
5348,1207
3684,2244
4484,2859
5936,1377
5714,2496
4270,2341
5347,982
4705,1515
3844,1186
3966,2115
3978,1186
5454,852
932,2946
3074,2473
2647,908
3607,2936
589,2580
4003,2936
1552,1873
4093,1109
1576,15
2121,1801
5901,2480
3714,2244
3346,1848
4118,2859
2760,970
358,2832
4076,2633
4513,2634
726,784
3148,2772
906,1883
4270,1186
4589,2629
5803,43
326,1015
1718,2700
3426,2901
563,204
1376,2936
2782,1109
2792,1797
3186,970
3248,1848
3506,386
3833,781
4879,2583
1133,734
1138,1078
5541,982
5939,1809
465,46
3627,1844
2417,2859
92,969
226,969
1360,898
1449,2633
78,2791
1802,1997
2917,1684
2960,2320
850,1550
2393,1684
2519,1823
2763,1217
5581,2451
5920,1917
5173,936
3633,319
2540,2111
4226,833
4950,2584
5079,2240
3360,160
3919,1844
3697,2963
3301,2963
4063,2532
5279,3025
4467,895
2051,2859
2337,1001
1017,1848
518,969
3503,1377
3899,1377
5042,79
1807,1186
3429,2367
4857,299
5700,1742
2553,2696
5512,1691
5643,2174
3998,43
4980,2584
1396,2783
2738,1695
5862,757
2942,936
263,46
4943,2702
2596,299
1536,319
1047,1848
651,1848
1897,2018
3533,1377
3736,982
3292,2
3075,1465
1626,212
623,1520
3565,1100
361,1520
3807,3077
1639,2891
3024,2439
4509,905
5173,131
2418,2629
2609,3163
3977,1044
588,1684
1183,3025
3719,1917
660,1560
4481,2240
4832,777
2652,1520
4615,2240
2626,299
1067,2850
157,185
4973,2702
132,2572
903,1695
3766,982
3981,2856
4621,1496
2162,2824
4285,1547
3323,2856
1852,1844
3108,2702
1986,1844
3152,2974
2863,2871
1803,2891
4919,372
863,1515
1451,2439
4779,742
503,2111
1535,43
671,1695
640,130
4389,1496
4499,1102
2742,2702
1634,1742
221,2398
190,833
529,299
5152,2421
3760,1702
2450,1547
2219,1614
5245,1831
4232,2451
3836,2451
4528,1281
952,2095
4004,1281
795,2111
4955,2257
2157,1675
832,2178
2955,1655
1895,1675
1313,2451
1289,1865
878,833
1046,2861
1032,2963
1798,1742
2510,2702
2644,2702
2856,895
3656,1702
3394,1702
4920,2421
5578,2421
4705,2267
3132,1702
816,2584
415,2240
5537,1831
432,1655
907,2702
1743,2974
1770,3077
822,120
1844,3026
1725,1614
3888,1456
5848,969
1833,1147
1544,1044
5718,1088
5434,1329
2163,2779
4723,2257
3751,2878
3847,2586
2780,2189
1458,2963
3232,1532
95,3174
1432,1742
5575,2473
384,833
811,146
2519,2791
3851,1015
3906,722
450,2584
2458,3077
1558,1100
675,2702
971,1532
1611,172
2951,2421
709,1532
4314,1456
826,2871
1559,1702
3818,2006
5055,2622
564,2871
5289,574
1574,1044
4270,1349
249,1547
5616,969
3623,1538
4810,2791
4958,2689
5858,2946
3497,2365
3440,1831
4338,2981
3865,1071
3956,435
1803,1281
4057,1241
4327,1102
125,3174
3420,2118
5572,1047
4479,1873
1278,120
1135,1532
5949,970
1950,927
1723,1702
5319,574
5687,970
1017,722
2770,2386
2083,1456
4918,2859
1537,2451
386,855
4811,518
5666,1032
1700,1691
1471,1831
96,2779
3461,964
4294,1719
4643,1873
5856,2095
3770,2473
2077,2580
4699,2936
5717,970
3267,1098
1295,824
772,2769
5605,1695
5901,2421
3196,2386
3858,1539
2113,1456
5210,2859
320,393
4948,2859
3568,1211
5247,2926
3659,1329
1522,2708
3263,1329
3681,1088
4851,2926
5582,1684
501,1902
1239,1831
2495,2689
5916,806
1001,727
5624,2095
1154,969
4435,15
4657,3060
2511,2633
4880,2351
425,2257
401,1671
1572,2421
1673,2473
4340,1848
4278,970
3784,435
2041,1179
236,1045
3620,970
2856,574
1190,784
1269,1831
3258,1520
1403,1831
2819,692
5916,2095
5854,1217
5659,2439
4319,1910
1318,969
3485,1684
601,2082
3256,2386
4333,1027
3393,2095
5549,1520
4859,319
944,2421
2236,2936
4108,1848
3282,574
71,2267
3118,1109
5759,1515
570,1456
2063,2227
4749,1844
3336,2500
4403,1207
4792,2480
5155,2532
60,1354
1622,2484
1713,1848
787,2622
952,969
1592,1329
1261,1724
934,1329
3308,2145
3033,1940
5932,130
3346,185
4316,2901
4471,560
2375,1940
2662,2936
3947,560
2004,2936
5543,2240
5175,1844
5839,1070
4560,2480
501,2386
4730,2891
4799,2496
1378,969
5612,1064
5691,2111
968,2791
5119,1131
458,2689
1234,2910
4274,3025
5902,79
1629,1719
4423,2367
1484,806
899,1873
3846,1797
4641,1506
5835,2240
4646,160
1199,3074
2524,319
5349,2532
160,2473
2799,2244
3852,299
278,1940
2169,1848
3194,299
5558,2871
5887,895
4858,982
4171,2496
1249,1848
1719,2551
2280,898
1390,1329
5824,546
5545,1131
1128,1329
1338,2859
4378,2974
3540,2629
5596,130
4973,905
570,1001
2528,1377
2736,2080
3577,2696
3181,2696
2162,1027
4822,1675
56,1719
3514,2347
2688,319
3832,936
2853,386
5867,1532
1875,970
175,2350
5347,742
3743,2584
1021,1058
3380,2532
2626,2824
5085,1496
1592,1813
5575,1131
1299,2500
1330,1813
1753,2670
5079,927
930,2633
4973,2194
5329,1075
761,2824
3624,2111
3199,1181
5107,2194
4656,43
5341,146
2073,3025
2044,2095
946,1823
1586,1217
1386,2095
3573,79
2470,217
2993,2244
2172,560
4493,1742
229,2936
4035,2584
1779,1797
3372,2240
3410,2532
3668,1070
2742,1844
1417,2347
1312,833
1651,299
1718,1521
1862,2963
2258,2963
3898,1532
470,2244
4116,2923
5369,100
4224,1702
98,386
2269,2563
789,1997
481,1844
3258,3077
219,1844
2177,2974
4259,1696
1817,2439
4172,2451
5803,742
1114,2696
2883,921
3232,1829
4421,1465
5529,1671
4639,2856
4269,1071
907,905
1953,987
3670,2240
979,27
3582,141
762,2244
337,560
1476,833
1815,299
3766,2702
1233,1829
4516,1702
5431,2267
2910,2717
2511,2
5697,2386
2538,859
4840,1045
5668,1456
3379,1475
3505,1614
4630,1989
1503,2629
887,1377
2800,1044
5439,815
5845,2257
5020,3083
268,3025
244,2439
1725,1695
2389,1675
367,560
4346,2580
554,386
2560,2496
3074,2717
5698,1456
4648,2164
5436,1456
1747,895
57,2963
2311,2923
2297,3025
888,2891
1273,2702
3042,927
3283,2302
4073,2421
5470,286
3267,1045
328,982
3294,1902
4824,1831
467,2080
2454,1696
3230,1917
1294,546
4379,2878
5845,1102
110,2974
1875,299
1393,2245
4010,2257
2456,1742
4710,1702
4741,1015
4262,2478
1963,1809
4217,1015
1381,141
2162,706
235,2861
221,2963
3468,927
2511,2580
1067,1671
685,1377
2125,824
1877,722
5452,2689
765,3026
1042,1614
5228,2981
5830,1329
780,1614
675,100
4450,435
4507,969
2397,2451
1411,3174
4174,2257
1235,2194
4758,1719
694,1281
1831,727
513,2963
3498,927
3102,927
2766,2698
5713,2622
1117,3077
2839,1456
2402,2421
1206,1614
218,1702
4256,727
4409,969
1014,855
2382,2708
4204,2257
4653,1329
1499,146
2063,2174
4613,964
4673,1015
4456,2478
2524,1071
428,2451
2014,969
2079,2118
1943,2257
4553,1098
4157,1098
3895,1098
5411,1883
2272,2698
5555,319
1344,2837
2170,2421
4742,970
48,2580
4943,2946
1894,1025
2384,2350
3454,574
1004,1456
3941,692
1867,1831
5236,1478
2292,1071
592,2451
640,1179
4721,1032
5517,185
5753,2936
2704,1015
4980,734
5804,1181
1809,1102
4718,734
3309,600
1770,2837
4547,852
727,3026
2200,2421
474,2580
4906,970
4973,2946
5570,950
4711,2946
3646,2622
3978,1109
1557,2729
5256,2480
5521,1997
2608,903
5839,2306
5758,1186
5061,2012
5696,308
2074,969
3631,1001
2227,1211
4885,1032
3080,898
2519,2551
2056,1329
690,1831
3510,482
5485,1027
3955,1098
534,2981
3094,15
2593,2473
1079,825
1065,927
4864,1848
4540,970
5948,2584
2541,970
1677,2622
2279,970
2086,1329
2882,482
4539,1684
4909,1217
220,3171
5803,905
373,969
1596,2633
286,2478
5914,1675
1125,15
5407,1844
5581,2963
1713,185
5427,2496
5718,982
2765,1021
2906,2946
5456,982
5547,1100
750,1831
5199,2080
455,1883
3941,2115
5140,2439
3557,1186
4338,997
3691,1186
4699,2696
84,435
1839,2926
4320,2111
4454,2111
2570,1684
3490,2593
9,1015
3524,2177
2760,1027
5420,1675
893,15
4451,1813
788,2473
1059,2936
2401,1848
2475,1797
80,2386
761,1027
4510,2393
4828,982
2507,1520
4432,2702
803,2192
736,970
827,2586
1892,2910
1966,2859
3091,982
4946,2923
4271,1064
281,1329
1987,3147
3809,2696
4570,1131
5731,1917
1672,1823
4652,1695
5865,1917
2508,2095
629,2012
3186,1027
3401,2901
1064,1186
2580,1217
4037,79
4324,1829
3909,833
3940,146
5487,2496
3651,43
4062,1829
827,2936
4895,2584
4232,2240
4645,1655
450,734
3189,1675
2143,2347
2722,2963
5169,120
5432,2974
4351,2871
3888,895
5418,824
201,969
4110,1496
650,41
183,1329
3939,1614
2939,2439
1394,1478
5690,2451
2610,1217
3169,2901
4394,2194
5020,936
5383,1742
945,2783
3830,1829
4658,2240
673,2095
1743,319
3410,2963
2047,3174
3384,1742
3148,2963
1940,833
3024,1207
4660,1532
5772,1702
329,1504
272,970
2,1109
334,1848
398,1109
2975,2
3023,982
4014,3077
2713,2
5200,722
5846,870
3949,1147
1024,982
1425,2080
5894,2981
2403,715
3325,2451
3798,1917
4777,777
2077,3174
1970,833
2309,299
3286,1742
2964,1691
1018,386
5309,1015
2776,2394
2666,536
2382,777
1451,1207
1535,1844
136,2398
714,160
2211,141
3097,2974
877,1844
2429,1532
3475,1614
3493,2974
2527,2629
2573,2974
3613,824
4222,905
4175,2779
1673,2717
3428,1044
546,1515
3796,2194
4290,2729
563,1684
3018,2866
738,2439
858,289
209,2095
1293,217
5651,2822
878,1695
5656,722
5339,1015
5122,2478
4048,1102
736,299
104,1520
3597,2923
2559,2702
2855,1532
3705,1702
4835,2421
4157,1045
1999,1547
335,2584
273,1706
3931,1456
1584,3025
164,2702
926,3025
2010,1147
5353,1071
2853,146
3155,2174
2095,2194
4614,1671
5414,2478
5765,1015
5810,2478
3199,2
1597,1917
2760,2584
5162,722
5229,2698
996,2451
1347,1742
108,299
4358,927
2193,2702
2767,722
761,2584
4484,2729
5616,1831
2066,1614
4241,1281
5397,969
479,2871
2483,1902
246,2111
1278,43
149,2178
2406,1655
5436,1082
272,299
5346,2320
4126,927
2383,1671
98,146
3441,824
5096,2145
273,901
629,536
1351,706
4093,1918
5602,970
932,722
4972,574
3991,1641
4507,2689
5718,2084
2748,2708
1898,286
5563,1015
2010,1281
3548,1071
1452,2451
156,2194
390,146
2623,727
5376,2320
620,608
2151,1671
5840,734
3763,2164
4231,1478
5657,1027
292,2240
309,1655
388,2702
4194,2350
522,2702
2664,2421
5694,1848
3932,2350
5573,1329
5177,1329
5311,1329
799,2421
4089,1021
5083,2633
3940,898
4632,482
22,2729
158,146
5006,2386
4044,2941
1105,2878
5477,1217
1925,927
1,2791
3566,2350
5462,1848
5796,970
5932,1797
1145,964
2483,2386
4305,2689
3240,2365
5086,2500
1796,1456
829,2421
2288,1918
3797,970
567,2421
3535,970
2819,1554
3342,1329
5203,806
5836,2439
681,2708
5717,1027
3611,1719
5643,2044
1099,969
4968,2629
837,969
2110,1996
2139,482
4150,2936
4463,1181
1044,481
1156,722
2381,15
5371,1329
5116,2500
5802,1515
5891,2496
3701,2551
3303,970
5025,1823
1348,1831
4417,1186
4155,1186
4489,308
3279,1515
2699,2926
5151,1181
2315,1997
5596,1797
3354,908
4307,1957
3808,1078
1265,1015
3531,46
3990,560
1536,1478
3919,1848
3700,2484
3595,970
1193,2832
5463,2584
2741,1058
5654,970
5903,2856
700,2145
1340,1539
1918,1021
2716,1001
3312,1032
946,2551
4031,2439
712,2909
3571,734
5555,79
5192,27
3163,2629
1783,15
3999,2901
2454,1940
5632,299
5031,833
4682,679
2524,1181
1175,1098
4079,386
517,1098
4701,140
3001,1520
5181,777
5272,895
2022,970
2856,2859
5010,895
4442,1377
4046,1377
1102,970
1634,2551
665,2689
1050,2500
4978,2111
647,1329
3403,2439
3732,1217
2350,1186
5746,936
5610,1829
5651,1830
3529,1797
4336,1331
5523,2584
2861,1109
4079,1675
4117,1967
5607,777
3427,1520
3874,2963
5657,2584
1701,1679
3533,2670
5899,2871
4056,1691
5436,895
4512,2496
4116,2496
5255,2769
427,1181
1590,1848
1528,970
3087,1829
4210,1377
2534,1653
3927,2974
4567,1614
1623,1207
5045,2178
5052,905
5776,936
4790,905
387,1001
1173,1910
98,898
5022,2194
4347,2779
3234,1475
4571,43
4967,43
206,431
5565,1655
5687,2584
5286,2240
2657,905
3777,936
5594,141
4260,1844
2512,2244
3642,2963
4172,2963
5254,2702
4146,1742
3750,1742
4177,1809
5650,2702
2415,2311
1558,970
5352,1547
4032,2394
1305,524
3517,2702
5038,3077
3651,2702
1777,2963
189,1366
5003,2302
2899,1377
2503,1377
3747,3164
1391,1207
4731,1614
5276,1902
5410,1902
575,2341
4890,146
4377,2779
4436,1696
5024,146
3341,1695
404,15
149,1186
3542,665
2821,905
5333,1655
3545,936
3679,936
334,185
5310,1671
1650,1848
1342,1695
2519,1506
1476,1695
5858,722
3334,1655
168,2367
1663,1521
302,2367
536,319
2425,1844
615,1366
1334,299
2468,2480
3497,141
3023,2702
1915,1742
3681,2702
5054,927
3174,2871
2405,1377
1040,1515
921,1823
4379,2451
1433,1217
5159,2791
3049,1829
1261,1110
898,1058
2840,1655
3611,1532
3745,1532
4151,2974
1102,299
4980,2267
3999,2580
2593,2717
5217,1456
499,2480
3545,131
4443,1281
5733,969
5585,2791
2589,2194
5323,2791
2138,43
5724,1329
1728,1865
954,27
2136,936
3266,1655
2633,1742
1874,936
3939,435
4734,706
590,2194
5755,2421
3243,1671
958,146
237,386
1517,1830
1828,2
1267,1655
1284,1070
3001,3077
5119,1456
1631,2871
3279,2267
906,895
658,1547
16,2080
2619,2194
5174,574
2724,1456
4589,1641
561,1614
2438,870
263,1957
2870,1281
3353,2189
734,1542
5266,1102
1508,936
4331,824
4207,2478
5907,1098
1722,141
2394,1702
1012,1671
990,1131
4584,2586
1659,2421
1874,131
967,1147
3871,435
1094,3174
1018,146
3518,2791
3776,1329
1716,2174
71,43
1683,536
1519,1071
4955,1940
4313,2473
5108,2936
2188,2923
5555,1181
1900,1702
2327,1015
3476,286
4305,1831
2911,2729
3935,46
2918,1456
406,706
1951,2421
2656,1456
4614,2586
524,927
3659,2622
3263,2622
3941,1554
2131,1076
2294,2006
3696,969
2440,1831
2794,3083
4864,482
4618,1015
2615,2586
3917,379
3065,1102
2158,2118
1468,1671
2254,2580
5010,2936
4895,734
2016,722
2217,2698
5334,781
5511,2171
4007,1211
4327,435
65,1702
517,1045
2833,1883
2418,1641
4364,2946
1083,1456
2645,2586
2710,2981
5532,15
5361,1823
1989,969
5915,3163
275,2451
1574,727
4874,15
3480,2633
4156,1684
2418,2580
4290,1684
5453,2351
2627,2165
3403,2386
5839,1074
584,927
1487,2421
2215,908
322,927
2621,2350
2755,2350
4517,1848
1106,2729
1142,2386
2553,903
717,1456
5129,160
455,1456
5045,1186
205,1281
2153,969
2590,970
2657,2946
1891,969
4625,2320
3455,482
5466,2936
1481,2791
1424,2257
1739,1329
5248,1831
4824,1217
2155,1015
1938,2478
4624,2095
4421,46
4772,1027
5656,27
3467,2936
4547,1848
4619,970
1016,1873
2547,2936
355,2164
2566,734
4171,2500
4966,2963
633,1354
5817,1823
5342,2496
2183,969
2224,970
3344,1001
1921,969
3540,2633
5023,2716
1028,1883
5114,2080
4746,1684
127,435
3210,1186
5875,2178
1849,2786
5820,27
5162,27
1669,1098
2596,734
2675,1027
4734,2963
911,1456
5090,1844
687,1940
663,1354
4868,2963
3080,2244
3104,386
2314,1021
2851,2946
4743,982
335,734
1128,2622
4958,2856
94,2365
400,1883
3497,2532
4834,1100
608,2586
3304,2891
577,1021
4422,2095
315,1021
2598,1719
5650,905
5588,27
2033,1910
328,2946
1324,1221
3796,2572
5718,1039
599,1719
5160,2963
3651,905
4117,2398
1696,46
3721,2398
4872,1742
4898,2963
5032,2963
5901,1655
2420,1797
5431,982
4450,2049
5890,1496
761,734
3517,1844
103,734
3121,1844
5296,757
3303,2824
5502,3077
849,2244
481,1848
553,970
157,970
2774,982
2651,2080
5461,43
1655,2115
4597,1695
2854,2439
3936,2178
2616,3025
4626,181
3674,2178
947,308
3681,905
5548,1917
1590,185
3873,1075
327,2320
1034,2936
2751,217
3095,781
3200,43
4007,1829
2902,386
2938,43
3745,1829
4714,1691
5584,1547
5908,1671
529,734
4703,1532
2939,1207
4718,120
960,3172
903,386
2840,2891
323,1797
2909,2496
3265,1377
1018,898
2162,1515
2986,2716
5219,1045
5635,2451
1039,1186
228,1910
3402,2779
4744,1691
3653,146
936,2936
3317,1917
2902,1675
4084,2584
457,2901
2281,833
1730,3174
4471,1532
4521,895
880,560
5085,2923
2879,1691
5059,1702
5321,1702
1456,2413
5193,1702
2569,1465
5907,1045
2968,982
903,1675
299,2500
1450,1844
3146,2974
1267,2891
5565,1281
854,1032
5007,2451
5303,1281
1803,2871
1108,2080
3845,2194
1918,1131
3170,2779
3609,1917
4772,2584
3980,1830
4388,1655
3073,2846
2039,2589
2727,2209
1552,27
2254,299
1498,3174
4779,722
443,1848
5756,2165
3617,2717
2461,777
5845,1456
263,160
5583,1456
4888,665
4750,2421
5729,1281
1133,982
446,2496
3662,1147
2977,1044
4474,1025
614,2080
858,2440
2448,3174
3172,2451
2776,2451
2308,131
2389,1813
1790,3174
5362,706
1463,2779
3127,988
1836,1075
3737,1671
4857,1702
5253,1702
3871,1671
4943,722
2536,2240
268,130
1883,2584
2852,2
4612,2837
2666,1532
1248,1844
852,1844
1026,2963
157,299
986,1844
3846,1614
4035,2267
4122,2421
5830,2622
2315,3180
5135,1831
5310,2586
852,2783
5255,435
2765,1696
2063,2178
5298,1071
2794,936
359,2850
5643,1483
5345,2580
2895,2708
4973,722
281,715
931,43
2042,2240
3480,2580
768,1742
3022,1702
3418,1702
2822,2580
3156,1702
2698,824
2132,2133
2913,2698
1810,2082
3608,1045
5463,734
4203,2386
3812,286
2945,2421
5078,2586
1384,927
773,3025
3280,1179
4257,2622
3923,1056
4146,2791
5462,482
961,43
140,79
1105,2451
200,130
2409,1071
4718,738
2622,2118
3914,2633
798,1742
5029,2320
3809,927
2852,2580
4800,3022
2895,964
78,2584
1926,1102
90,1655
5692,1883
5778,903
303,2702
599,1532
960,757
1032,3077
337,1532
2794,131
454,2871
5547,970
5285,970
2277,3022
3278,1641
1547,1456
1431,1281
3955,1102
2587,969
101,2194
4514,2786
773,1281
2516,2257
4658,1976
432,2708
771,2174
2851,1015
2906,722
2510,722
5657,734
847,2923
5243,1848
621,2580
1108,2698
1870,2267
297,1702
1911,3022
3322,1539
4289,574
5144,1088
5650,2946
660,64
3958,2689
3600,2981
1315,1456
1067,1354
1165,2451
3054,970
2056,2622
5089,2320
2883,1088
3308,2580
5930,2936
2284,2257
2619,1015
1012,2586
3944,1478
5425,734
179,141
4174,1940
4256,2504
651,2580
5541,1848
3407,2936
723,1702
2166,2386
3346,970
3043,969
2647,969
2781,969
4753,1997
4842,2978
1129,1831
1727,2689
3623,2941
4332,1186
5717,734
5400,1027
648,969
987,435
2857,964
3533,15
5615,2901
5024,1679
4833,2111
3797,1027
3535,1027
3194,734
5226,1813
286,738
4859,299
542,2421
3572,1848
5485,1515
2914,1848
502,3022
5555,2
1260,1883
998,1883
1031,1831
3596,1653
5112,1684
3720,1719
1175,1021
550,969
1054,2946
5125,2111
4500,2059
479,2257
3863,2936
3899,2593
3431,1027
2356,15
869,722
5031,1695
1459,1719
3780,2901
3303,1027
4812,833
450,738
3280,1797
1437,1179
876,2832
1261,2643
2882,970
2823,1329
4031,1207
4872,1823
4223,1377
281,2622
931,1950
3634,982
2137,1001
5621,2850
5010,2696
846,1088
958,1329
4631,2111
5027,2111
5457,1695
4796,2178
5426,130
1489,1719
1907,1478
3452,2439
4534,2178
5923,936
2727,1217
5762,1742
4286,386
1894,2936
786,1976
2603,1181
3182,1797
1704,2058
4992,777
5176,2584
790,2095
2946,1520
5840,120
1287,2901
2001,2244
3527,2963
5039,1532
1763,386
3664,982
2666,2634
2716,1997
1160,847
2760,1515
2063,2341
5288,546
2911,1684
4379,735
4643,27
5006,833
5016,1521
761,1515
2022,1027
2851,2572
3792,386
5480,1655
2589,2572
1154,1217
4944,2584
443,2145
5035,2702
2745,833
1769,2244
3295,2963
1776,971
4417,1377
1535,1848
877,1848
3914,2
2224,2824
4918,2302
3872,2974
4250,1614
594,1001
2063,1186
3145,925
3059,2871
4640,79
4981,372
886,2341
3009,1064
5839,2123
4030,2779
2994,1695
4909,2189
1053,734
1184,1217
1528,1027
1686,2367
3792,1675
4611,2532
2121,1541
1278,852
1159,2850
3198,936
2852,299
3721,2963
4031,1691
1871,1366
3433,1742
4339,1844
4185,1377
224,2572
2375,899
3187,777
3309,1706
709,1109
4515,757
545,2398
1725,2480
617,1520
221,1520
2754,895
4110,2923
5214,2421
4603,2267
1306,2496
1736,2080
4697,1902
5194,2708
2546,1131
1164,1100
844,1684
5400,2584
4032,2451
1019,2439
3975,1917
5484,969
2939,833
4871,742
2474,2194
595,2111
3104,146
170,1181
5803,722
4743,742
3413,1655
3712,2
3442,141
3922,1532
3168,1070
2476,2240
4355,3077
5506,2421
1074,833
1017,299
621,299
1490,2963
2968,2702
3145,120
3541,120
3804,2974
4248,1702
3069,1064
5855,131
629,2634
3528,824
1365,982
4765,2194
2717,2302
112,1361
1469,3025
3097,79
2949,1147
4401,1917
443,2629
577,1131
625,2111
742,2696
3755,2708
3309,901
3431,2584
5287,963
447,1058
5502,2837
2723,777
3595,706
1047,299
1890,1742
3132,2702
4918,2786
1628,1742
995,1829
1366,2496
1743,2
4072,1045
4934,286
4092,2451
1251,2923
1284,2871
1311,2974
5544,969
3288,1902
4160,1831
1918,1696
1656,1696
2432,1917
5680,1015
1831,2451
296,2178
1423,936
1569,2451
17,319
5700,2421
629,1829
3065,2769
3736,722
2676,1496
179,2532
1115,2
2022,706
1999,2974
1341,2974
1052,2871
5515,574
3137,3022
4190,1831
974,3180
1172,1475
3709,969
3695,1071
90,1147
71,905
41,2194
3711,1015
4504,651
182,1675
1725,1809
918,777
4407,718
439,2240
1850,757
3469,2421
931,2702
3603,2421
2042,927
5177,2622
5738,969
5545,574
1400,3180
1338,2302
4717,1883
4321,1883
2437,1456
4395,2586
57,3077
2583,1281
1189,2179
3739,969
1079,321
2469,1179
5889,1515
1388,1076
3010,2257
4321,2822
1697,1831
1855,3171
1872,2586
1514,2878
3840,1960
5213,185
5483,46
5347,185
4925,2936
1907,2580
1876,1015
2626,2267
5276,2227
1583,1702
1614,1015
5575,574
3288,2386
4699,903
5817,2551
5891,2500
323,1102
5581,1520
5832,2859
3901,2586
4340,970
3342,2622
761,2267
3846,435
3641,969
2237,1179
2595,1641
5657,1515
593,1902
4547,482
2587,2689
2625,2981
5423,1873
1642,969
5217,2936
5234,2351
4838,2351
72,1641
1644,1015
749,1102
4897,2177
5466,2859
10,1702
2778,1883
5107,2926
4333,1088
3013,2689
5702,1823
4960,1186
120,1281
715,2622
799,815
4985,2936
3839,1684
2712,482
1719,2478
5129,1372
4845,2367
2472,995
4378,2901
75,757
5806,833
5749,299
663,927
4768,1366
2236,903
400,1456
4,1456
3287,1329
5336,1823
43,2350
1877,970
634,2791
5212,2696
2602,2165
1795,379
4813,735
5680,2572
809,1102
3849,1217
4193,1027
2221,2473
2754,2936
3922,1695
219,482
2230,2936
5914,1655
5852,777
1139,2145
1853,734
3713,1329
2340,852
593,2386
2436,560
3564,2926
3223,2633
647,2622
3314,1997
1190,1329
4540,734
1028,1001
1721,1719
2148,1032
2210,1910
2893,1186
4176,2901
4438,2901
81,898
1041,2926
2010,1098
4260,1848
3938,1797
2109,323
2656,2936
2224,1027
1883,734
885,2386
887,15
4206,299
4610,160
5045,2532
3944,299
4950,982
1937,970
1450,2572
1737,1848
385,3002
5932,2769
741,1883
3442,2532
627,815
4431,2080
2824,1207
5375,1131
5850,2178
3976,2439
2527,1186
5114,43
3075,1957
3851,2178
924,1186
1992,1027
3534,27
662,1186
20,1719
2496,560
734,1062
4108,299
5085,2496
4689,2496
4056,1829
4980,982
5823,1671
310,734
4456,982
2804,1844
2582,2963
5581,3077
3815,2871
5463,2267
5316,2779
4499,305
5144,43
2537,2439
4758,2451
1931,2629
692,1186
4350,936
3073,2419
685,15
2906,27
2968,905
3713,1813
5243,1742
5719,1671
1455,2111
753,2593
5490,1619
4748,982
5596,2769
419,1027
4882,982
2089,936
4090,2702
3336,2240
4747,757
4268,2974
268,1797
3210,1377
6,1797
2487,982
5164,1045
4861,1044
4613,1696
3350,3077
707,1844
1517,895
1565,2629
5218,1281
3848,1075
3132,905
5011,1742
1999,2332
321,1027
4865,2856
2998,1844
2602,1844
5030,2923
2750,1742
5379,3077
4768,2923
2884,2496
5657,2267
354,386
1875,1515
999,1844
574,160
1780,1655
2525,2563
1372,140
515,2963
4777,1696
5794,286
2433,2974
1285,895
1894,2696
734,1546
1171,1547
5643,1056
4968,1641
4059,2584
1443,3174
5096,2580
4318,1532
2914,1742
4798,2923
3972,895
1042,386
4187,2769
5133,927
5430,1702
780,386
5949,2267
5790,1456
5521,2729
745,1331
354,1675
2285,2702
3274,1496
3148,3077
4662,2473
3103,1614
5758,1918
5116,2451
391,2496
816,982
3820,2194
3522,2729
3267,1456
390,3025
202,2974
1186,2178
3060,1917
1146,2779
2944,1742
2548,1742
263,217
399,1044
1397,146
2226,1691
2352,1830
1653,1829
2797,2446
4864,2580
2224,2584
4364,722
780,1675
73,1813
3822,927
535,1844
2889,2974
3529,1614
3637,1147
2993,1045
3552,2729
5678,2689
1313,3077
5389,2586
1533,1131
158,3025
4962,1021
4993,2586
4337,969
1357,905
3776,2622
4719,1071
4975,2946
3163,1641
1683,1829
2266,1655
920,1281
5839,2233
4755,2421
1821,2702
2251,1532
847,2496
2657,722
2309,1702
2519,2478
3620,2267
5,1655
4769,784
4019,286
1632,3180
3757,286
1298,1614
2098,2421
5200,970
4436,574
5924,1001
3751,471
4105,969
459,1044
4743,2946
5815,1997
1040,2487
2150,1830
4810,2478
2346,2708
42,1695
2762,2586
520,2451
3106,2396
597,1917
2445,435
688,1281
4523,2421
5266,1940
3358,927
1472,3083
4249,1098
5438,734
2900,1015
1365,742
596,2
35,1655
518,2563
1261,2082
3491,1456
979,706
5187,2586
20,1532
104,2923
474,1702
4834,970
4144,523
212,1702
3106,302
5692,1001
1483,1902
2617,1831
1149,336
989,3087
1840,2139
818,2451
2475,435
3627,2633
1240,3083
5008,2439
5211,1078
1639,1102
4944,734
5789,560
3521,1456
3156,15
2113,204
5322,1848
4864,970
5461,2946
700,2580
4998,970
669,1015
328,722
4872,2551
3406,1883
1260,1456
2385,1831
293,2421
998,1456
3047,1950
5681,1377
896,1179
2819,1534
2544,1329
4906,2320
2282,1329
5236,734
4255,1047
3589,1186
640,435
683,1071
4702,46
5607,2367
5426,1797
596,2580
3748,2936
3638,1078
2244,1976
699,1015
4694,1848
5162,970
4506,1797
5482,386
1982,286
650,2062
5247,2963
335,738
1424,1456
61,2421
2681,1950
2767,970
4424,2926
5384,982
2708,1329
4277,1186
4631,1684
725,2586
763,2878
4801,2095
2977,1719
5298,2901
465,969
3111,1719
5797,1336
333,1015
3516,2936
522,722
589,2698
5482,1675
5895,1844
2481,734
4830,1520
5200,299
5015,2963
103,738
1242,1011
3121,1848
963,2350
1517,2936
3329,1797
5414,982
2857,1021
5810,982
2805,2551
3677,2480
1954,2910
846,1950
495,969
273,2088
932,970
3426,2080
5840,43
3429,2351
3978,2593
2400,1684
280,2478
1643,15
1357,1873
2589,2145
1221,2012
2365,2629
1656,1940
5663,1844
4968,299
2110,2110
5415,1742
3939,386
3543,386
5945,2496
3677,386
1285,2936
2627,1848
860,2006
163,2832
590,2145
2677,1211
2909,2500
4318,2634
2506,1329
1470,2689
902,3171
3452,1207
3526,1910
3772,1377
1029,2192
3813,1186
2278,2633
1882,2633
3826,859
2692,1684
5643,64
2538,1217
1172,1719
1807,15
3832,2367
4525,79
4172,715
4773,181
4864,299
5471,2963
2969,2901
736,2320
5695,1917
431,1684
145,1098
3939,1675
4288,1829
4720,2240
4950,2702
1132,1539
2708,1813
4303,2891
5906,824
1446,386
730,970
1991,2926
1877,2824
342,2551
4915,2866
1221,1207
1582,1186
4273,1147
1716,1186
4073,2779
4486,2194
2741,2111
4224,2194
5387,2861
5017,1830
4714,1829
3475,386
4318,1829
770,2439
3707,1675
4488,2240
2251,1695
837,1217
1835,319
3029,299
2633,299
3462,1844
2397,1520
3858,1844
2371,299
3596,1844
1738,386
4006,1742
4718,2702
762,1797
5771,757
5890,2923
5792,1045
4421,1957
1506,2480
446,2500
477,1813
723,1088
4722,1131
979,2963
2457,2702
3615,3025
5637,1696
4437,1147
118,2634
4650,2194
2461,1131
3638,1696
2108,1767
3890,1917
1500,2850
209,1217
2854,833
5598,2118
5584,2974
1482,2244
2666,1536
1220,2244
852,1848
926,1797
167,991
986,1848
1934,833
3677,1809
5766,1702
2608,777
3045,1532
4225,1614
932,299
5508,131
638,1515
2522,2696
3372,2866
789,1684
5465,2878
897,1217
4338,1676
3615,1281
1908,2244
115,1181
3707,1809
2962,1655
842,1695
2385,2583
2132,2137
592,1520
3906,706
1221,1691
3561,2923
4497,1147
2453,2717
4803,665
2752,1064
5369,1076
4806,1902
5181,1025
819,1684
1273,1100
1810,3025
5,2891
1851,3026
5591,2586
3349,2451
5932,435
1821,905
4870,574
2375,2245
2053,2194
1036,2850
1289,1044
2170,2779
2683,146
2908,2708
5461,1015
1474,43
5650,722
2847,2240
2456,2584
684,2398
3397,2118
5615,2421
1203,2963
100,2347
2707,1671
129,833
2832,2871
5091,2421
4084,2267
803,777
5369,2365
5708,1831
35,2891
2168,2302
5871,1071
4439,1677
370,895
5475,1071
5664,970
4666,2622
3072,2708
472,2111
28,1131
1900,43
5874,1719
375,2178
1207,1742
2871,1671
3657,2580
629,1536
4846,2216
3395,2580
3729,1702
712,2702
1837,3077
309,777
450,2702
1608,3025
1596,1702
1286,2974
1622,2923
5596,435
5756,1848
749,2769
4995,969
1024,722
3102,2708
2090,1456
2386,286
3943,1072
973,1696
3392,969
5642,1719
248,2194
5776,2473
3059,2257
5139,1098
3425,2580
1257,2394
5068,2386
4806,2386
1129,896
480,2702
1822,2580
5784,1021
1498,1702
517,2769
4832,574
5025,2689
3903,1831
2896,1677
4021,2052
5607,570
3422,969
3556,969
505,665
3941,1534
3998,2068
395,2779
5175,2633
5632,2320
2144,2981
5303,1098
5437,1098
614,608
5569,1217
5913,1027
4870,2936
2017,927
408,1671
3835,734
5762,2551
5440,2500
5896,2551
2546,1456
4034,1883
3062,2504
5567,1329
4985,2859
1055,2421
3529,435
3259,574
1225,2832
4747,1001
1882,1641
2601,574
142,1902
4285,2633
2518,2791
5928,2439
5943,1027
965,2878
2297,1102
5733,1217
4210,15
1634,2478
3139,2320
4132,1078
4259,2351
3980,2936
4340,1027
5460,1058
2872,286
5690,1520
3090,1677
3981,1848
1448,2473
3919,970
3967,1950
3354,969
2199,1883
1065,2708
1440,1831
2273,2586
3935,160
2778,1001
1059,2139
1093,969
4529,1838
4828,185
1278,722
4370,1027
2503,15
1491,1015
5469,181
5489,833
2273,2936
841,1098
2823,2622
3425,970
4829,2480
1157,2832
1100,46
5281,1823
3746,1550
1385,969
824,2622
3797,1515
3535,1515
317,2791
1783,1015
2932,1976
3266,1098
3861,2439
4400,1027
3255,2629
5724,299
5462,299
4567,386
1053,2832
1798,734
1877,1027
4950,1844
4597,2480
5335,1655
5810,2702
5049,1823
4207,982
2985,2926
1815,1088
3303,1515
3360,2803
3446,1823
99,2689
1271,2910
5204,2111
5552,1131
2788,1823
5341,130
5114,905
4460,2367
3696,1217
4582,1044
4790,27
2121,1545
1102,2320
1035,1098
5574,1829
2224,734
4421,160
3027,1058
4567,1675
5761,1655
1160,46
5086,2240
5857,2117
4895,982
5729,2871
1942,1021
1360,1797
5892,2111
1628,2551
4341,3025
1839,2963
3711,2629
5144,905
5570,2191
1909,2012
2303,1377
3369,2111
5482,146
1989,1217
4597,1675
4731,1675
3279,905
5913,2584
3170,181
4748,1844
3318,833
479,1940
4264,2963
5642,1532
2017,2484
236,2936
4312,1691
1786,1797
3682,2049
5578,1547
5645,2769
3518,2584
3468,777
598,319
4340,706
1026,1520
2141,1207
2898,1186
3658,120
1046,2926
5065,1147
2188,2716
3661,2111
4640,217
2986,2696
400,1997
5634,1829
2081,2095
4646,1917
241,1186
1614,2629
375,1186
2851,27
2128,2850
3425,299
1756,992
400,2936
2117,971
5513,721
4035,2702
3286,2584
210,560
2295,2963
1696,160
2269,1742
1954,2670
2665,1742
4636,3077
1164,299
4898,3077
245,2244
3874,1064
5787,2421
5291,2779
3085,1547
5413,1456
5313,286
4857,43
256,1844
2861,2593
2274,3025
4867,2451
510,2700
4209,2451
5840,742
5566,1671
3773,608
94,735
1336,1695
3924,777
5426,1102
2943,1844
3328,1655
3803,2702
1150,27
2681,1844
5947,2302
4353,2580
561,386
4944,2267
1713,2584
3182,2769
1050,2240
64,2963
2667,3077
1982,2974
1853,120
1693,2871
2452,2923
3749,372
3804,79
1685,1475
2626,43
4336,1071
2636,2451
3742,2584
4074,1071
2228,936
1574,2398
1949,1521
2374,2451
574,217
178,217
799,2779
1830,1829
2067,1742
4851,1702
5212,927
4224,1015
2364,982
2104,1809
1877,2584
1481,2584
5915,1801
3033,3026
2957,1496
5204,2729
5507,286
3848,2421
3982,2421
4665,2451
3766,1076
4358,2708
3475,146
5579,2791
2962,1281
1499,130
1418,3174
17,2901
208,217
1108,2194
1225,2779
1650,299
1738,146
2627,1742
4516,1015
1572,608
2396,1809
5400,2267
1506,2240
143,2451
520,2963
62,1331
1127,1655
1998,2702
172,1691
2032,1532
2486,1702
104,2496
260,757
4126,2708
5361,2689
5003,2981
311,2974
2773,1917
1272,2194
1320,3174
3610,2791
597,2779
1010,2194
4845,1082
92,1331
1909,536
732,1691
4438,2421
470,1691
2285,1015
1268,1671
2054,2580
2326,824
1340,1547
3303,2267
3661,2729
3964,286
3003,2729
3406,1456
4531,1831
2043,2421
1026,3077
4584,903
267,3025
2598,2451
1951,2832
4487,970
4578,1088
4965,1534
579,1045
4428,1329
5570,1873
5869,1940
633,1281
4776,2012
4831,2473
4800,908
101,2174
1718,2257
902,1671
2845,1015
4290,806
5121,734
1377,1964
4541,2145
1846,722
3174,1456
192,757
868,3026
1040,100
4579,1848
4517,970
4839,1021
2416,2006
4980,2946
3408,2791
913,1456
2420,435
706,1917
5145,1478
5807,2351
3310,2633
4585,323
2613,1015
4490,1217
1584,1102
4483,46
4493,734
5718,27
5472,560
1975,2421
4943,970
4294,524
2895,1078
3287,2622
639,1045
3633,815
4772,1088
1277,3022
2693,1883
4226,1329
563,1989
943,1456
2245,969
1849,969
3406,1001
5871,1181
1516,2257
2734,379
323,435
3010,1940
5689,386
4973,970
3710,2351
1913,2832
1682,2145
5858,2824
1252,871
5192,2963
5038,2496
2013,969
4119,1997
1190,2622
2675,1088
5836,2413
233,1831
2456,2478
735,2981
5200,1511
1191,1534
4981,2901
5650,27
3723,2936
2157,1098
5457,386
5689,1675
3187,2367
2767,1027
5465,1967
3947,1109
3689,319
5356,2963
4487,299
533,2473
1304,2350
2804,1848
271,2473
3972,2859
2112,574
3734,1001
427,734
3049,898
3887,1997
4760,1456
5201,3025
817,3171
3396,2891
1577,2859
4514,2095
4519,2439
481,970
4648,2095
682,2946
219,970
5742,905
4718,1336
1438,2700
1667,308
180,1015
5457,1675
1040,1873
930,15
1854,2386
2456,734
2931,1027
3012,2901
451,1478
3146,2901
3075,217
4517,299
5360,1742
5756,1742
2968,1848
2906,970
5523,982
1987,2915
4664,2978
1646,2622
2780,2551
300,3002
1716,1109
4603,2702
742,903
5394,1511
3589,1377
208,969
1369,1001
5939,1045
450,2946
2224,1515
3980,2696
1248,482
1728,1873
2941,2095
284,964
4322,181
5289,936
538,2012
5416,2963
4547,299
5202,1691
1040,718
2602,1848
2280,1797
4670,2584
1657,2572
4035,1844
41,2145
2615,1521
3783,2532
4146,2584
2286,299
1238,144
2024,299
4321,895
4811,2974
675,970
811,1797
2859,1100
3396,3025
2269,1823
734,1550
770,1207
5727,2451
1236,2700
2523,2871
3545,2367
3930,2178
4137,27
4326,2178
5804,1917
4152,2779
3751,2435
4711,299
3976,833
3792,2244
3682,386
3852,43
3867,1829
1417,1957
1341,1181
1126,1027
4171,2240
785,734
1934,1695
4126,777
4875,141
683,2901
2025,1813
2080,1520
1335,1366
3145,1844
3293,1742
5681,1702
5223,824
3387,1377
3330,2563
4049,1496
5186,1696
2352,895
3888,2302
5757,2451
2976,2974
1775,1823
5099,2451
5834,1917
5087,936
4557,1902
1200,2080
157,1515
3486,43
2853,130
46,1684
1156,1027
3420,1675
3659,1691
3323,1742
5639,2580
5162,706
1451,386
5377,2580
5711,1702
5346,1015
3195,2496
3945,1496
2202,2240
4743,722
2219,1655
2336,2240
25,2500
2341,2584
2553,777
481,299
85,299
2566,2702
2778,895
219,299
5675,1456
1196,2496
865,2891
4585,1075
2088,2111
1324,961
2174,1131
3650,43
647,2439
2359,130
2958,2933
2510,299
89,2111
3353,1742
2064,1902
5741,1702
1427,2779
1255,43
5431,722
2633,2584
5169,722
2767,2584
98,130
965,1967
1746,2532
5705,1456
2016,141
3938,1614
1474,1844
4072,1614
2150,895
1938,2702
830,1742
3170,2974
4180,1147
2432,1547
3784,1147
5353,250
1394,2080
5885,1831
4102,1456
1942,1131
333,2629
3724,1281
3328,1281
5852,2822
1832,1902
2226,1829
156,2178
1615,1675
2401,2584
1429,2451
598,79
2134,2240
5438,738
2564,1070
2626,2702
3283,757
4133,927
3510,1702
5774,2350
2852,1702
4557,2386
2148,3077
4995,1831
4300,286
5893,2981
731,3025
5568,969
743,2096
865,3025
5172,969
4561,815
5347,970
5856,847
4896,2791
1487,2779
854,2866
4238,2791
1609,1456
5688,482
5841,1478
158,130
385,1075
3602,2580
1360,1691
563,1347
3278,1702
2882,1702
2987,964
2968,722
4193,2267
800,536
182,1655
2042,1496
4592,286
5212,903
3784,1281
4775,2622
4613,574
4028,1641
5511,1724
1865,1045
1032,1044
3785,1883
1892,1902
5318,1329
4402,2791
3676,435
1316,1742
3274,2118
4822,1098
1169,2
5749,734
334,2584
3326,1719
4773,2145
5840,852
5638,903
3198,2473
2835,2421
5333,1021
2224,2267
2573,2421
1200,2698
4777,574
200,2769
4708,2689
4694,2791
3692,2981
2579,1677
5296,2859
5034,2859
1257,2451
144,1147
2544,2622
2843,969
2564,1554
2232,815
5315,2320
2037,2791
929,1831
4332,308
5383,734
4975,2629
5111,46
3228,2473
2865,2421
5895,1848
4157,2936
5346,2572
5232,1504
103,742
920,964
2916,2386
2542,2145
5209,1520
3743,852
138,3180
866,2421
2574,2622
774,2832
2942,574
89,2729
2546,574
1565,1641
2463,2791
2375,692
1530,2586
4508,1823
1122,1071
4200,1478
5943,734
612,969
3654,2473
4743,185
2365,2633
5663,1848
5341,1797
1010,1015
1259,2473
5820,2963
3664,1848
3602,970
4056,386
3803,2946
2903,969
157,2267
1499,1179
3001,1504
5276,2341
707,2145
2832,2257
4798,996
4230,1478
5374,2095
1038,969
477,2622
380,969
1588,847
886,1329
4344,1957
5519,1695
3776,2439
3583,1078
3306,46
3316,734
4603,905
4324,2244
1161,2473
1130,908
3766,970
3506,1797
3117,524
4779,2824
4875,2532
4603,1844
3854,2480
3861,1207
5829,3025
5017,895
5738,1217
1505,970
3129,2978
3346,1515
5071,1131
410,2689
2973,1684
2703,1823
5284,2178
4298,2901
4895,905
1715,1719
5887,936
5530,2584
1877,734
4943,2824
1216,1217
5280,1655
5676,1655
813,46
3542,299
5493,2702
1754,2586
2227,2244
3441,1910
1736,2946
1273,970
734,692
2375,2115
2189,2891
3574,2439
205,1102
2125,1186
4093,560
194,2633
4525,217
1768,2080
1754,2936
3609,181
5257,1829
1852,1027
4250,1675
4663,1844
5048,1655
4045,2963
5657,2702
1894,2192
2914,299
1622,1504
5426,2769
302,2351
4247,1377
969,1848
3629,2496
1117,2500
2619,2633
5532,1475
3159,1823
2763,1823
4000,2439
5915,2179
1957,2891
5321,2194
3834,2901
1148,1032
1279,1515
5417,1902
5456,1076
2493,1181
2656,2111
1106,806
502,1823
5736,1655
2016,1027
4275,1331
4094,2451
5527,727
5503,141
4209,2963
3020,1075
4579,1742
2609,1541
2421,2244
3078,299
1395,1848
1770,971
2572,2413
4831,2717
4939,1496
2210,2963
4813,3077
4799,927
2383,2891
177,2413
3914,1702
5843,1902
4270,1337
5625,2174
4159,1506
532,1823
2189,3025
1106,2095
3699,1521
5442,777
870,1064
2828,2194
3370,299
3454,936
2769,833
1513,1695
1499,1797
3056,1829
1817,386
2044,1331
3231,2584
3577,777
3181,777
2200,1844
190,2244
3194,2702
3944,1702
5470,2421
3708,2923
1719,982
3727,1475
3465,1475
696,1823
350,1186
2275,1614
4450,1281
4500,644
3892,2451
3254,2194
2858,2194
2975,2779
1445,2850
2954,1902
1113,2111
5523,742
803,1131
851,2111
1529,1797
2334,2194
2079,1675
1721,1967
1747,936
3211,777
761,905
699,27
1048,181
1881,936
3261,2584
3722,727
4611,3077
3224,2702
934,833
877,299
3604,2923
4437,2924
4632,1702
3322,1547
3712,1702
4822,1045
1883,982
5855,1831
1987,3025
3501,2421
3897,2421
4580,2451
4614,1281
5565,2257
3820,2174
5303,2257
1600,1044
2469,1456
3558,2174
2524,1917
1180,2178
568,833
3708,2118
4169,1015
2794,2717
3090,1547
1426,2584
5843,2386
5156,1456
763,2240
3752,1666
42,2480
1114,777
1255,2702
1947,1532
2776,3077
890,1823
2993,1614
2139,1702
3003,2302
1091,1547
1144,2871
449,2080
5782,1329
4020,1831
732,1614
470,1614
1953,2451
2292,1917
2383,1281
5466,2786
1679,936
2250,1691
5944,1098
736,43
2365,1641
4230,2580
4841,482
2079,1809
5420,1098
5083,15
2016,706
2365,2580
787,1671
1537,2923
2530,927
4987,2936
78,982
5403,2622
3259,3022
5375,574
2505,870
2809,1281
2117,2451
3817,1071
3908,435
1451,146
3894,2257
2897,2791
108,43
5225,2700
3334,1102
457,1917
5292,1478
42,1675
1647,435
4484,2473
2560,927
3344,2729
4978,2981
2693,1456
179,3077
2431,1456
4389,2586
1464,2421
4754,1021
299,927
3938,435
1202,2421
2577,1281
772,1147
3568,2622
3733,969
4895,2946
4373,1329
5042,1653
2578,1883
694,1456
2215,1831
3851,2910
5284,1186
2964,2858
1472,969
2986,927
109,1742
5047,2936
1062,2791
2101,1702
4897,3177
4804,734
3057,3022
4146,734
2152,2421
343,3077
30,2580
364,1702
4462,970
554,1045
1402,2832
724,1456
851,2729
1247,2729
5347,2824
4803,482
1587,1831
194,1641
3585,1047
4268,323
4779,1027
4500,1612
1900,1015
3980,3074
2650,15
2545,1719
5439,319
2108,1718
447,3026
1658,2421
493,927
2950,2936
1618,3022
2638,1883
4407,108
3842,2551
2772,1883
5067,1844
2109,1539
5120,1478
2336,2484
390,1179
1928,969
4667,1910
2566,2946
4340,1515
4753,1684
4768,2716
4943,1027
3613,1186
3210,15
3282,2335
2597,1478
6,435
3351,1940
773,1102
3664,185
5431,27
5372,386
5857,2121
327,1015
3990,1109
96,2580
34,1702
4064,1058
4456,1848
4485,1088
4714,386
4201,1329
5861,2240
4032,1520
4875,2963
3715,1813
2657,970
2261,970
2452,1504
1340,2088
4370,1515
2269,2551
3752,2634
3790,2926
3449,2633
5285,2080
1544,1329
5045,2593
2627,1478
335,2946
5696,833
5140,386
3144,2936
4178,1695
2633,734
5372,1675
1657,2145
2361,46
2767,734
5855,2583
3004,2367
4905,2963
4141,1813
858,1940
3774,299
2427,1797
4331,1910
463,2350
4897,1567
833,1883
4919,2080
1533,574
1970,1329
175,1883
1775,2551
2773,1653
650,2176
5562,1957
4516,2629
5949,905
3015,1186
5021,1044
1084,2633
103,2946
1180,2341
1877,1515
5170,386
2742,1027
4383,1696
2198,2095
2203,2439
2695,2901
613,15
3034,2367
5718,1157
2853,1797
4807,2963
4781,2496
2623,2244
2202,524
1947,1695
4208,2634
4944,982
2067,2551
3426,1844
3030,1844
2333,2670
4725,120
4890,2439
4303,2871
5523,100
242,1950
1116,2706
2876,1377
328,970
5447,1044
5717,905
529,2946
5632,43
2624,2095
5189,1917
4401,181
3845,2178
2644,1027
4838,936
1704,2095
5099,2963
3194,905
4044,1075
658,323
3426,2194
943,2936
2359,1797
907,1027
681,2936
566,734
4699,777
4974,982
4578,2702
3456,1844
1312,2244
3208,1742
529,852
4729,2871
1384,1366
98,1797
1977,2634
1467,2532
5672,2451
3397,1614
5014,2451
1810,2871
5002,936
5499,1742
3214,217
3224,905
4260,299
2369,2111
1973,2111
89,1684
4694,2946
2282,2866
675,1027
1795,1058
1879,1695
69,1217
1559,27
3486,1844
3809,777
2472,2963
2606,2963
4084,2702
1737,299
390,1797
4034,895
388,970
2256,2584
3336,1496
5590,1456
4093,1475
829,1844
1003,2963
4838,131
1840,2871
5178,2451
3469,2779
2399,2111
3882,2194
2722,1044
4279,1830
3224,2194
1832,1475
777,2593
1644,2178
4973,706
1506,2244
1767,299
1065,781
4864,1702
480,1848
554,1797
158,1797
872,386
1999,1588
4444,2082
5260,1702
1885,2240
1909,2634
2236,777
2597,2
4118,1131
5620,1456
4787,2421
2951,2974
647,1207
2199,895
879,2496
2400,2871
4505,2708
878,3025
3034,1696
3243,1281
2890,1917
4385,1071
5753,2924
560,2901
1699,3174
1768,2779
3989,2791
5321,1015
4980,722
5376,722
1334,43
4718,722
872,1675
1023,1844
2279,2702
1883,2702
2599,2118
2893,121
1786,2769
320,2101
5931,1883
1887,1131
4705,2365
1360,1614
5426,435
4677,1071
355,2095
3273,1281
5463,2946
4506,435
5783,2924
2173,1902
5530,2478
1419,2194
2171,1829
2649,1831
5089,1015
101,2178
5223,1015
1102,43
4882,722
5949,1873
2375,1070
704,936
5566,1354
1201,1742
3455,1702
4468,1082
3255,2580
3193,1702
4686,2473
968,982
2597,2580
85,2584
921,2856
1165,1496
396,2
3546,2729
4940,1831
5336,1831
1796,2302
810,3025
199,2871
1713,2267
2107,2194
319,1475
5895,482
5253,1015
2042,2708
4857,1015
3238,1071
1231,1742
2523,2257
969,1742
3223,1702
5664,734
872,1809
5347,1027
2582,2837
2088,2302
340,2702
3979,1456
3012,2421
1847,927
5632,1950
243,2769
1877,2267
2235,2729
1414,1045
2369,2729
5261,2946
5657,2946
4552,2257
4889,1088
1701,2041
1322,1456
2447,1831
1468,1281
1115,1917
4611,2837
810,1281
2758,969
5937,2936
3072,2822
1883,742
3772,15
3555,1478
3271,1719
5449,903
538,1532
1455,2924
1054,2580
992,1702
3676,2936
4270,1231
5090,970
5352,970
5414,1848
145,2769
816,722
5687,2946
5921,898
136,963
315,3180
2137,2729
4728,1520
5031,1329
2398,2504
3091,970
257,2421
2375,1554
5300,1719
2526,969
4864,2320
1614,1641
2770,1329
4993,1976
3052,1015
4631,806
309,1830
5264,2439
5197,1217
5541,1027
732,435
1499,1102
2110,2976
3706,2936
4236,2936
36,1671
5516,970
1187,1015
1937,2267
5717,2946
5884,1366
450,722
3201,734
4758,1520
1778,1456
1308,2473
2956,903
3827,1950
3121,970
2556,969
4175,2633
1663,1883
3913,2633
4006,2824
5584,323
4338,1119
4369,1186
4723,1684
1170,1950
31,1677
423,969
3704,15
557,969
5572,1629
3717,1940
3870,2936
342,2478
3231,734
2825,46
5569,1331
2367,2386
2986,903
4634,299
883,2832
3345,1021
3023,970
4339,2633
970,734
2830,1329
4418,2926
1068,1831
672,1831
4165,2480
4879,1823
5818,2974
4995,1217
3264,1032
4900,2111
4621,2696
3193,2320
3936,2593
5634,386
4027,1957
3392,1217
1614,1186
2999,734
3498,2367
2144,1940
1003,1032
4926,299
5322,299
5903,1742
4031,386
932,2320
2828,2572
5379,2496
1396,734
2927,2551
3323,2551
4787,140
3534,2963
4909,1823
5323,120
5512,3025
3998,1377
1116,1848
734,1554
2767,1515
5064,2111
2199,1997
3314,1684
5511,1110
1906,1186
3766,1027
4268,2177
1644,1186
1682,1478
3719,2901
1095,1910
5844,2451
4489,833
4828,299
2858,2572
695,1976
5700,982
4380,1829
3353,2551
5342,2240
2334,2572
5347,2584
3117,1520
3564,2963
1181,903
3829,2480
3920,1844
5472,1532
3574,1207
3701,982
3386,1910
958,1797
1999,1535
1830,2480
2931,1515
3344,1684
4483,1957
4923,1475
5262,1695
4742,905
3016,1064
3797,1629
4037,2779
3397,1695
2089,2367
3104,130
3933,1675
4931,777
5817,2856
526,46
4810,2702
5240,1532
2597,299
1248,970
978,1109
4854,1496
4728,3077
4831,546
624,1520
4070,3077
5333,1696
1902,2891
3096,2871
4710,27
4772,905
4529,1147
1313,2496
2089,2717
2834,2871
717,1684
3747,1111
5839,2241
5011,2584
5419,1655
3963,1675
1055,925
1093,1217
2994,1813
1843,217
1330,2850
2366,2244
4128,1742
4202,1691
4407,1157
4461,3083
1598,386
4974,2702
1018,1797
2971,1829
5724,1702
890,2551
3260,2871
1634,982
923,1910
5431,1076
5517,2348
4376,2194
5231,2708
2724,2302
1738,3025
5848,2398
2541,905
794,2439
5634,3098
307,2351
3309,2174
3574,1691
4407,2446
5840,722
5919,1015
850,1058
2730,777
1159,1813
5555,738
818,1520
4512,927
539,2859
2507,1671
3689,2580
2519,742
4023,1702
1798,982
800,2634
2579,1547
1156,1515
3028,2871
5170,146
2950,3180
4485,43
5431,2365
5770,1831
3266,1696
4042,1917
4176,1917
819,2095
1153,1217
3871,1281
1390,2850
3926,1742
4000,1691
5218,2257
3072,1830
534,2111
2420,1675
563,1351
3218,1655
1757,1331
382,27
1285,1521
3465,1532
3742,120
4938,927
5841,2421
1040,1690
1830,1809
3991,824
5800,1831
2369,3026
1670,3025
5453,969
797,2871
4892,2622
5644,2257
2705,2194
2390,870
4833,2981
5896,2478
655,1475
254,1131
729,2178
4110,2586
2298,1281
1344,2451
4192,706
358,3174
4706,927
4083,1702
5526,2386
5751,784
1512,2974
5879,969
5318,2622
5552,574
2341,2267
5674,2257
3468,1025
2831,1902
942,1131
64,3077
832,1902
4736,927
1200,608
3803,722
2853,1102
5896,734
889,1655
968,2702
3857,204
4399,2473
2633,2267
2982,2421
2767,2267
2361,1579
5186,574
4136,3002
3358,2708
94,3077
2212,1456
455,2302
1379,2421
5503,2910
78,100
2990,969
4308,1015
3700,2822
4772,1873
5916,46
5926,734
902,2240
5250,185
2359,1102
4845,2351
1882,1702
2401,2267
5350,574
804,2082
5281,2689
5943,1088
5659,1329
5752,1520
3678,969
3282,969
892,1902
255,2779
1927,1071
3754,964
5414,185
1360,435
5451,2696
1731,2822
4091,734
414,1496
2831,2386
5049,2689
3980,903
4073,1848
4145,970
3885,1797
5764,2634
1646,1179
5858,1515
15,2164
1319,784
4755,1653
4891,2480
5240,2634
5915,2049
541,1456
5857,2044
4434,2012
4498,2936
4779,734
4858,1027
1628,2478
5904,1109
5346,27
5946,1520
4485,1950
4612,971
3653,1797
826,2729
5308,2926
1588,46
571,1456
2529,2586
4397,2480
4736,2700
825,2504
3296,1001
3070,2910
3321,1997
1459,1329
3687,2320
4924,2936
3425,2320
2871,2700
4349,2439
4547,734
2124,1719
2599,2012
3287,2386
5376,27
4183,2901
1996,2473
707,2633
1755,1098
256,482
1484,46
3495,2500
4483,160
3977,1520
4424,2963
3689,299
1853,852
5284,1377
2402,1848
3460,1001
5655,2044
4626,1377
918,574
2998,2633
587,2689
3276,1823
5129,685
5,1021
2176,1478
2534,1186
3716,2095
420,482
1920,734
4659,1675
669,1186
4850,2963
2921,319
4562,1742
2824,386
4830,2496
432,2936
1848,1797
120,1883
4234,1684
5815,2302
751,2689
2203,1207
833,1001
2698,1186
4377,2901
4974,905
767,2633
5206,2194
3857,2111
2723,2936
54,482
1033,308
341,1478
2559,1027
692,15
2951,319
3658,181
3720,1813
5250,1742
2964,2244
440,3177
3435,1829
4889,982
3891,2634
85,734
4006,2584
4627,982
219,734
2416,160
1855,1813
2579,1844
5583,2302
5342,927
3074,1823
3943,2235
3986,2871
4944,100
658,1535
5236,2194
1590,1515
3839,1131
5370,2194
3625,2111
4492,1696
834,2700
1209,1823
4929,2451
326,15
1587,1217
4610,1917
4259,936
4756,1742
511,734
3599,1829
4659,1809
4077,141
2783,2963
2019,1813
2757,1742
4918,757
854,1073
599,2244
4379,2923
4945,1614
733,2244
5341,1614
5530,2267
5768,927
5160,1044
3506,2769
1161,1001
4898,1044
2016,1515
3117,1496
4636,1044
4729,1989
1771,1684
4020,546
4388,1696
3565,905
3780,2779
3797,2194
4031,146
3738,833
1656,2111
106,806
3891,1829
5408,742
2115,181
177,2901
2001,833
629,2244
1749,1521
2155,2963
763,2244
2289,2963
2525,1742
2907,1844
3659,1671
439,1366
3767,2702
4364,706
1442,2532
1409,140
2792,3025
3771,1131
1785,2871
3535,100
1007,1823
3941,1542
374,1910
4259,131
4420,2708
4795,1831
1772,1131
1376,1131
2553,1696
2852,43
1114,1131
106,2095
1284,1542
1480,3174
2058,936
4059,2702
4379,2118
2555,1742
2689,1742
4895,722
927,2244
4547,1702
4681,1702
4285,1702
2408,2
5558,2729
2671,2856
1981,1655
5728,2386
5699,1456
948,2532
5041,1456
3303,100
410,2856
3691,1902
5327,2981
4683,435
968,905
1102,905
1040,27
183,2850
4063,727
4377,2580
621,43
1672,2189
951,1675
3349,3077
2640,2580
398,1691
88,2963
854,2496
2712,1702
4104,2421
4570,908
3231,2267
2235,2302
2902,1045
4908,903
402,120
1377,3180
1315,2302
1587,546
4989,1831
2485,1696
5453,2689
1809,1147
3302,1918
4770,969
2264,2451
4112,969
4494,1071
1278,3174
1412,3174
1598,146
4803,2580
3440,2791
1047,43
4555,2478
90,1696
4560,2822
1366,2240
4146,738
5275,323
2511,1015
5745,2689
3794,286
3625,2729
5879,2689
4757,1831
328,706
4800,969
3382,1281
4538,969
3230,1641
1394,2194
1230,2729
220,2866
3747,3099
987,1281
3955,2082
5185,1719
725,1281
5565,1940
5319,2473
2048,1671
518,1742
1810,2257
707,1641
1390,1671
2147,896
2937,1015
2324,2478
2596,722
4487,2320
5511,2643
5347,734
4371,2145
5016,1883
2265,2837
3691,2386
1148,3077
2516,204
2662,2473
5224,2586
5635,1366
4871,970
597,2974
5690,1073
4568,969
3305,2350
1426,2267
4141,2622
335,722
4743,970
4812,1329
4944,2946
1656,2729
5011,2478
1117,2451
5941,1823
5533,308
4953,1719
1840,2257
3798,2633
2755,2822
1554,1671
5456,1027
2443,1015
858,3099
3592,286
3864,1940
999,2580
3755,2936
3359,2936
341,2580
2201,2421
5035,970
761,722
4513,1797
4909,2551
1975,2832
3909,2622
103,722
1987,1903
1448,871
2733,969
2280,435
537,1179
5014,1032
110,2832
767,1641
505,1641
1455,2981
1742,2257
3896,1047
4808,2095
5011,734
5701,2901
3223,15
811,435
2856,2473
786,2822
767,2580
371,2580
5607,2485
3523,2936
3127,2936
474,1015
2836,2006
1461,1456
5748,1377
2804,970
1701,354
4779,1515
1940,2622
4199,2926
1778,574
5694,2080
2745,1329
3937,2926
3596,2633
721,1831
5239,2439
502,969
106,969
1663,1001
2819,2941
5438,1336
221,727
1859,2633
5839,1680
35,2257
1993,2633
4553,2111
3135,3177
3553,2936
900,1015
2858,2145
578,964
2875,1560
3517,1027
1725,1098
4241,1058
2914,734
2508,46
4781,2500
4841,299
5844,2963
2896,1848
2894,1021
745,323
2968,970
3104,1797
4943,1515
2319,524
2706,970
3403,898
5690,2496
2580,2551
2258,2500
3519,2012
4606,2095
3558,1186
5237,2901
8,969
584,2822
4376,2572
5042,181
4486,2178
272,1015
1528,1873
2746,2439
2944,734
3023,1027
3238,2901
4871,299
4635,1520
4666,833
5452,1742
3690,2244
1171,323
3452,386
3975,2413
2466,1109
5091,982
5361,2563
5268,120
5531,2974
1059,1021
4992,2696
282,1329
4468,2696
1474,482
1935,1823
3196,3025
2771,2095
4519,1695
2905,2095
551,1719
5527,2451
3557,560
5515,936
5823,1281
4231,2194
2027,2351
1486,2936
2496,1109
4896,2584
2654,1695
5257,1809
3306,160
3452,1675
2862,2398
3865,1844
4725,2702
5299,2974
1598,898
2742,1515
5362,1044
1513,2480
3743,1100
4381,2111
2631,1684
4202,1614
260,2859
3202,2439
2801,2095
3508,1957
3694,2901
660,2012
22,1001
4048,1147
4803,299
4617,1075
1396,2080
3548,43
5666,2394
2775,1813
5010,777
2871,1521
2804,299
5724,120
4889,2702
3767,1844
3149,2963
4653,1671
5439,2580
2490,1829
993,1848
3479,1377
2550,2634
5463,722
2665,2584
2689,2978
3286,982
2644,1515
4015,3077
1768,1844
1150,2963
2965,2095
1258,2496
2383,2871
2779,2871
4455,905
576,1910
4387,1902
2498,1131
4029,2194
4263,146
2236,1131
4108,43
904,1217
5021,727
709,2439
1798,905
4059,1844
2968,299
2233,833
3415,1742
2599,2122
961,970
1019,386
3056,1809
2829,2584
2060,1844
4045,3077
3054,2702
2658,2702
1550,1742
2954,1532
2011,2891
1906,1377
3360,2974
794,1207
3542,1702
3738,1614
1422,2496
1382,1377
1055,982
4553,2729
4551,1902
2710,2111
1421,3025
564,1684
4014,2451
1555,3025
1159,3025
2773,181
3938,1675
2921,79
2224,905
2162,27
2766,3174
1962,905
2108,3174
1160,217
3254,2174
4899,141
3357,2861
1817,2244
2550,1829
4940,896
24,1181
2288,1829
5657,722
5192,2837
1066,1521
3433,2856
1210,2963
398,833
341,299
167,2398
4209,3077
1318,1742
2999,120
3968,1702
3336,2923
2577,2871
2825,721
4420,1045
1481,982
2336,1496
5376,2365
4328,1456
5849,1831
2447,546
2896,372
5630,969
2951,79
1763,1045
3683,1691
4958,2791
5632,1015
5687,722
1707,1675
2884,2240
2622,2240
676,181
2300,2189
2456,2702
2406,895
2886,1532
1086,1742
2717,2477
3078,1702
1024,2584
4788,286
2052,3026
4151,1917
2714,2179
5349,1702
5341,435
2256,2267
3598,1179
1793,1045
98,2769
4281,455
1975,2779
3109,2708
3484,1831
4382,2981
3618,1831
5717,722
3251,1071
2652,2240
150,2178
3137,969
62,79
4389,927
786,1830
5676,1098
3370,1702
483,1829
391,2240
1802,757
742,777
4388,1456
783,1532
4551,2386
4818,286
1963,1614
175,895
309,895
5101,574
4516,1641
2778,2729
5276,1329
5694,1088
2516,2729
4293,815
229,1131
3823,2586
98,1614
3410,727
3019,1071
3561,2586
3506,435
3563,969
1859,1641
23,2194
3863,2924
955,2174
858,2241
660,536
5569,46
4724,1940
3585,2421
651,2702
1859,2580
281,1671
1165,2923
5031,2622
2806,1902
1725,1045
4511,2586
4992,2859
2041,1281
3593,969
3197,969
3634,970
2770,2622
4554,2633
2608,574
170,2779
2023,1641
5347,1515
5407,2320
5798,1976
3640,2478
5803,2320
816,2365
2962,1102
3199,1015
1184,1071
3011,964
468,1655
5203,46
4511,2936
5925,970
1596,1015
183,1671
5789,1109
329,1496
4467,1883
1237,1082
5380,1813
4017,2586
4060,970
3664,970
3296,574
4108,1950
2965,969
2404,2622
2772,574
3276,2551
3350,2500
115,1917
4215,2012
4516,1186
5770,1217
3505,1098
4017,2936
779,2082
5379,2500
5806,1813
4732,2689
2434,2622
4263,898
5541,1515
3440,2551
3373,1329
4904,140
4651,2700
2715,1329
5919,2629
1032,2878
1392,969
1524,2586
803,574
3807,1032
218,1641
868,969
720,2791
797,2257
4460,2351
4895,27
2806,2386
3883,1027
2412,15
237,1102
2940,2386
5454,2936
460,2837
4550,2244
1897,323
5207,299
5264,833
4871,2824
5000,2480
1999,1539
1641,1831
533,871
3007,1329
254,1456
1040,2365
4215,1207
374,2504
4349,1207
1950,2586
5056,1823
4541,1377
2717,1001
1822,1088
5564,1475
1209,2551
309,574
1538,1329
1603,2478
2749,1478
5422,79
267,1102
3166,46
3307,1217
3866,2901
5895,299
2455,1940
4286,1797
4714,2244
2372,185
2498,1078
2346,2936
780,1098
1224,2832
157,1873
4639,2824
575,2386
1308,1217
3722,2398
5355,2240
4107,2963
5585,2702
3983,1207
60,1940
5323,2702
2224,2946
1422,1504
2881,1001
5637,2111
1568,1329
532,2689
1172,1329
3661,2095
3800,2439
4889,905
5062,833
2242,2936
877,2320
1206,1098
1765,2782
1806,2783
1944,1027
5000,1675
5423,2532
1420,1027
2150,903
4507,1742
2745,2244
5212,777
3063,833
2879,2244
1397,1797
1665,2551
1269,2551
3258,2240
2886,2634
1007,2551
2727,1823
1022,2859
3429,2095
5134,2779
5682,1830
2442,2593
3574,1695
3939,130
4436,936
1846,1027
1149,1853
2596,27
4301,2963
2350,560
3432,299
5517,2702
2537,386
1821,970
2275,386
5427,1496
5924,2302
4220,2974
4643,3077
2000,1844
5794,2421
5364,1147
2148,2496
942,1001
2213,2891
2282,2496
4640,2779
4864,43
3267,2302
1995,2439
4951,1917
4305,1742
5759,141
2543,2244
1175,2111
2677,2244
5177,1671
4208,1809
2537,1675
1155,2398
4935,3077
169,2367
5069,3077
2440,1742
4205,757
678,2244
3286,2702
4807,3077
5451,927
20,2244
2534,1377
5347,2267
2668,1377
5522,3022
3557,1475
3600,2111
3025,1614
1237,895
4246,2451
4981,1917
5418,1918
1758,2095
2456,905
3084,2194
3029,43
2371,43
5511,2082
1738,130
1507,1695
461,2367
3353,2584
3365,1655
3883,2584
4081,1071
3103,1655
1257,1520
5760,2786
4705,706
5085,927
2208,1742
18,1797
663,781
3342,1671
470,386
3615,2769
5910,286
1713,2702
4956,1456
4182,372
2024,120
2091,2096
2213,3025
4410,2451
3097,2779
3248,2194
5371,1671
214,3025
71,1027
4245,1071
2361,644
2545,2451
1714,833
4062,2118
2264,2963
2634,1742
3742,2702
5896,738
2372,1742
591,2194
1221,146
3907,2769
5011,2267
5899,2729
300,2018
470,1675
2598,1496
3104,1102
4986,1456
2169,824
2365,1702
3065,1147
4226,1179
4076,2174
2737,1281
627,319
866,2779
2171,1809
1894,777
5309,15
168,936
1298,1655
1420,2584
403,1742
2884,927
3018,927
4721,784
3802,2729
3308,2194
899,3077
4142,1831
3447,286
2755,1456
4333,2365
5136,2689
2605,2451
1230,1147
1512,79
1536,665
5027,1241
2277,1831
1019,146
4238,2478
1707,2240
1316,2584
660,967
4576,2473
3939,1098
921,742
2244,2822
3777,3022
57,2394
4427,2350
1853,722
5659,2622
4198,46
5166,2689
622,1614
5204,2981
364,824
1828,665
164,1702
1690,2421
4584,1021
4859,2946
3002,2622
3632,574
354,1045
4559,964
5772,1186
2547,2981
374,2451
5463,3060
3725,738
4298,2320
201,1742
2517,2580
2665,2478
5273,2936
2527,824
4896,734
1883,722
4624,46
3679,3022
5854,2689
4651,903
4725,852
2,1532
4950,970
194,1702
247,3026
1720,2421
5151,2946
266,824
3428,2622
4099,1329
4627,2946
4913,1088
2471,1831
2853,435
5936,1186
2238,1071
1990,969
4360,323
2254,1015
4267,1098
2756,2165
4346,2145
1775,2478
4926,734
4046,1853
847,927
3304,2936
4627,852
4980,970
4384,1848
5086,1366
5181,2192
2665,734
1710,3022
2162,2365
5794,140
4094,1520
718,1456
2318,2878
2645,1021
5642,308
2359,435
55,2832
2154,969
4432,1515
4888,2320
3511,2633
2398,1329
240,1831
4297,1098
5035,1027
4376,2145
5431,1027
7,1071
4167,1217
98,435
3040,15
5657,27
2121,1960
5574,2244
3468,2936
2365,2320
3072,2936
3781,1181
3091,734
2774,1027
2115,2145
4756,2551
5585,1844
5363,2963
1161,871
4705,2963
5693,1377
273,2129
250,1179
2547,1021
2757,2551
4156,1997
2428,1329
270,1831
2054,1088
4660,2439
3077,1186
5749,905
4494,2901
3811,1181
4666,1695
2090,1684
2066,1098
5517,2999
2260,2095
1508,3022
2198,1217
5598,1675
5393,2963
1174,1456
174,1719
4608,936
5131,2963
5091,1844
5635,2496
5664,982
2317,1848
2456,2946
2742,1088
658,1539
3657,1653
2196,1329
353,903
215,969
256,970
361,2484
1772,1001
4053,1064
734,1534
5247,1044
5717,27
5932,1147
197,1329
1213,2700
2968,1027
1211,1873
1307,2335
2995,2850
5161,2963
5414,1157
5605,1691
4873,1742
2683,1797
5625,1377
2817,1797
5007,2496
4374,2583
1024,734
2555,2551
5411,859
2825,160
5891,1496
3384,1844
2398,1813
383,903
1004,1021
4818,2974
286,970
1406,1001
3364,1377
2326,1910
5015,1044
2188,1976
5462,43
2014,1823
5338,2451
5868,2451
2511,2629
472,379
2454,2095
2850,2095
3347,2901
4136,1075
3623,2018
4445,2584
1054,734
3397,1675
4133,777
1241,560
1029,2367
5797,706
3202,1207
3172,2496
2776,2496
1570,1001
3528,1377
4378,1547
2805,982
1019,898
1545,2634
1583,2926
5327,1696
2720,120
5445,1917
2298,2871
5932,1281
3115,2901
1883,185
4799,2708
4281,833
3276,1506
2254,2572
1889,1131
4871,2584
822,734
416,46
4342,2240
4638,1070
1651,27
3578,1844
2117,1520
2196,1813
2836,453
2960,2963
5431,706
802,1021
3558,1377
4475,2769
915,144
2971,1809
4086,1496
734,2018
5471,1044
1625,1997
4419,1147
2488,120
4434,2179
5566,1281
5666,2451
3895,1147
259,1910
328,1515
3919,43
5548,1641
1950,2696
83,1684
4639,2584
3259,936
287,925
1877,905
1481,905
2601,936
4864,2702
1761,3174
226,2901
5352,1702
5116,2923
5438,722
5748,1702
1360,386
4438,1547
2774,2584
4176,1547
3854,1496
1481,1844
2341,2702
2914,120
3683,1614
1298,2891
5596,1281
1747,2717
4006,2267
4479,2487
3677,1045
4360,1075
2259,2111
953,2856
1247,859
2083,1131
1687,1131
3301,2451
3425,43
3697,2451
3378,1917
4591,2139
2449,3174
4510,1019
4987,2139
2039,1024
979,1044
4146,742
1016,1865
1360,1675
4479,2837
312,1520
682,299
2633,2702
3469,2974
893,2963
497,2963
1249,1844
3121,1702
2405,1532
3147,2923
3758,3077
1426,982
2508,721
5512,1179
3707,1045
5023,2708
812,2974
3259,131
523,2871
2579,372
5313,969
4917,969
1937,905
1875,27
5561,1071
2169,2194
4507,2791
2129,1075
1511,2194
747,1044
3137,1831
2904,1071
2522,777
2205,1070
2322,1655
2401,2702
897,1742
971,1691
2561,1671
1031,1742
573,2584
798,982
5485,2365
4034,2729
2678,2421
2688,665
5384,970
3529,1281
2120,1147
4492,574
4671,2791
5345,1015
1496,2451
2672,1071
972,2451
1268,1281
141,79
1311,1917
4040,2924
2591,1671
1061,1742
3511,2580
3115,2580
603,2584
4768,3074
563,1465
1631,3026
5323,852
5810,970
2976,2421
5414,970
992,824
5749,2946
4500,815
2364,1076
2206,1456
4095,2981
1650,43
4697,1329
397,2866
719,665
37,79
1002,2451
1398,2451
2440,2791
3510,1015
299,2708
2897,2478
4731,1098
5206,2145
3998,15
3893,2473
5584,1539
1809,2924
654,2118
334,2702
1841,927
485,2871
5182,970
2730,1025
5407,1088
2986,2708
5797,2963
1738,1179
3312,2878
621,665
2880,969
5881,1910
2553,574
115,2779
5557,1032
132,2194
3540,1015
3278,1015
3352,964
4556,2386
619,969
958,435
5517,852
5930,1021
5274,1848
1248,1702
5482,1797
3634,1027
4093,1349
3888,1883
3186,2365
1742,1456
775,2421
3743,970
2745,2622
2910,969
2583,574
3044,969
5718,1515
5456,1515
3520,898
3288,1329
4401,2633
2914,1088
385,1677
3353,2478
519,1677
5782,2439
5119,2095
1045,969
649,969
2877,1960
4620,2936
848,2118
4637,2351
1278,1702
3700,2936
5512,1797
1102,722
785,1015
2917,46
4586,319
2459,2386
2048,1354
3051,46
5355,1813
1810,1940
4465,2244
3701,1848
3377,970
3316,2946
3385,2551
3318,1329
2944,1088
790,46
2727,2551
1294,1831
4262,2824
4594,1873
4468,2700
1073,2586
1044,1656
1075,969
1018,435
1116,970
1713,2946
2498,1001
954,2894
4014,1032
5780,2901
5556,1695
3749,734
3754,1078
5825,1331
5414,299
317,738
3803,970
936,2473
3543,1797
561,1098
2920,2572
2958,2864
3939,1797
3415,2551
3941,1843
3982,1844
5513,1217
1132,1072
2123,2413
282,2622
516,574
825,1329
1503,1015
2652,1976
3344,806
3199,2145
919,964
4646,319
5062,1695
4804,905
5840,299
5084,3174
4920,299
2291,2936
1121,1098
3049,1797
126,15
1261,1078
3288,1813
4012,1844
5268,2702
4912,1377
1634,1848
1312,1797
2406,2859
4109,2716
1318,2551
2405,2634
5289,546
3174,1684
593,1329
3740,2095
4906,27
1289,1032
1024,1515
3321,2111
4787,2779
1084,2320
4360,1022
3475,1797
2828,2178
5825,1465
1365,1027
5023,777
4190,1742
2032,2244
2746,833
1738,1797
5332,1532
239,1181
5812,2923
5920,1702
1080,1797
660,1211
4946,1496
591,2572
3208,2584
4457,3025
1559,2963
3610,120
3799,3025
3873,2974
5165,79
309,2859
4540,27
5096,2194
5230,2194
4517,43
3519,1695
3254,2178
2858,2178
4928,1829
3152,181
4131,2451
908,2629
4246,2963
4970,2240
5758,1532
3958,1742
3063,1829
1165,1504
5688,1702
3634,2584
3594,1465
2044,160
4084,1100
825,1813
3640,120
1723,2963
2711,1377
4588,3077
3199,2629
3309,2235
4398,2953
4181,2164
4864,2194
2042,2716
3119,2111
3838,1044
273,2239
4547,43
4161,2451
881,2095
5747,969
676,2629
1378,2901
4324,1691
4994,1671
1701,1110
1988,386
2024,43
3891,1809
4954,3026
2956,777
4066,120
2371,1844
227,2244
1280,299
1727,1742
4067,2974
2479,1377
2995,1671
4115,1702
4896,2267
4829,1045
2771,2717
740,2240
3235,1131
2839,1131
2285,1511
629,3163
2401,905
5515,969
2757,1506
2280,386
3427,2240
736,27
3105,2189
1988,1675
1281,1813
2986,777
116,319
3165,2240
2153,1742
3735,141
4768,927
19,386
2641,742
3914,1015
4597,1045
4664,2267
2909,1496
4731,1045
402,1844
775,140
3144,2302
1296,1532
1702,2974
1776,2923
2521,3077
3672,2421
26,2496
1767,925
2742,2487
3155,1902
5839,692
1004,1131
3333,2174
1220,1695
2433,1917
3474,1655
4652,1102
323,1147
770,146
481,43
5902,2145
5582,2729
1201,2584
4143,2164
5717,2365
304,1844
5276,2622
85,982
5575,969
5778,574
2104,1045
4702,815
4797,1641
2966,286
903,1614
2258,2451
1862,2451
828,2194
1600,2451
5067,2633
4632,1015
1760,2174
4005,2580
538,146
4153,2478
4444,964
4108,1015
3712,1015
1231,2584
1365,2584
2078,1702
4738,2350
5772,1109
2396,1045
2955,2729
5412,574
372,1547
446,1496
4565,1641
3966,3002
3959,1831
671,1614
1471,2421
2493,1917
3721,727
5097,2633
3669,2257
568,146
5883,1098
5688,2320
5267,600
3157,2082
232,1917
1124,1532
1955,706
5188,2936
2046,824
2139,1015
1361,721
5442,574
342,742
5936,1109
3119,2729
3155,2386
5751,1329
2764,286
5565,2859
4207,970
1024,2267
561,1045
339,2164
3181,574
2615,1883
4146,2946
3747,985
469,1456
207,1456
3273,1102
57,2451
1848,435
4982,185
2224,722
3464,1047
4579,734
2791,15
5857,2105
3751,2797
4468,903
4895,970
4146,852
4633,970
3635,2622
288,1044
3211,574
4986,1997
5122,2824
3262,2791
5223,1186
5947,1217
4961,1940
1673,969
2807,898
3292,2633
1129,2791
3030,2633
4140,1976
5408,185
4871,734
4950,1027
798,742
4029,2145
1042,1102
2604,1478
5704,2398
4992,2192
1695,2421
4725,1848
4329,1848
4403,1797
664,927
1765,908
2615,1078
3007,2622
4864,2946
997,3022
4545,160
5104,1844
5224,2700
5643,3061
1772,574
1114,574
2017,2822
1685,1329
3846,1098
4980,1027
4639,734
2101,1015
2557,2012
136,2878
4174,2095
2589,15
333,1702
3034,2351
2755,2936
4092,1504
9,824
4097,1848
2774,734
4319,1695
3503,1109
1760,1853
4431,970
1044,2437
3976,1329
2529,903
30,2832
1172,2622
2440,2551
3565,2926
3883,1515
3668,2115
1209,2689
5605,1614
3022,1186
3865,2629
4338,2095
2619,15
3880,1217
3947,2439
4439,2901
3181,2936
2802,2351
2487,1027
1943,2095
5338,2963
2595,560
5076,2963
5896,2702
3401,2121
524,2936
4215,2634
4312,1071
5213,982
1938,970
2781,2413
2148,2500
2208,2551
2874,160
4470,120
5129,2974
977,2689
581,2689
4733,2974
1324,518
5694,2194
3211,2936
3949,2111
3639,1131
1803,1684
4845,936
2866,2901
1634,185
2723,903
4063,2398
4710,2963
5462,1844
3636,833
5508,2189
2626,970
5243,982
5086,2496
2364,970
5600,2717
39,46
1976,299
3877,895
1344,1520
4897,2974
5888,905
103,970
3501,1547
5445,2779
2138,2320
4698,1044
4113,2111
5056,1506
5407,43
4510,1747
4945,1675
2896,2901
4613,936
4334,1521
5523,1157
3184,2779
2114,2111
4660,1691
3542,43
5116,2496
5011,982
1907,2572
23,2145
286,1027
1511,2572
4126,1757
4128,2584
3493,1844
3140,2480
4262,2584
4868,2394
5478,3077
4487,2702
1221,2244
3048,2891
4975,1702
849,386
5689,1045
5771,855
334,2946
1005,899
5492,2194
4126,2696
358,1088
1144,1997
1846,1515
5850,1902
3217,3077
5786,1917
5827,1918
985,1186
3000,2850
4777,936
3872,2779
174,1910
2010,2111
2729,1044
5884,1671
748,2936
1916,1695
4287,2240
44,339
3929,2532
2382,936
2062,1520
2093,833
3629,2240
1513,2244
2865,1844
3013,1742
3667,2532
3980,777
4980,706
3147,2496
3923,1963
4272,2871
1760,2121
4286,2769
2780,982
1930,2532
2470,2
1630,2240
1169,1653
5627,1456
4142,546
2256,2702
382,2963
1361,1823
5158,1917
2011,2871
3919,2194
2759,1044
3182,1147
4512,2708
3078,43
3140,1675
337,2439
1419,2178
2546,936
8,1217
2150,936
1164,905
1102,27
1804,299
2005,1521
4101,141
5512,1102
4725,722
5883,1045
2944,982
110,181
3277,3077
808,2963
2286,2702
3048,3025
3232,1614
546,2963
1628,2702
2024,2702
3149,3077
4777,131
1050,2496
1991,1064
3622,1045
1168,2717
2875,64
3785,2729
4043,1075
4938,2708
2028,1131
1763,1614
4044,1677
3280,1281
4570,969
4513,435
5127,2580
4160,2791
4103,2257
5461,1702
111,1695
4493,722
2487,2584
3433,742
3939,1102
4572,1015
4968,1015
5501,1478
5732,2165
1208,1742
2350,1532
103,299
946,1742
3253,3026
3575,3077
818,2496
4772,1076
71,1515
5444,1883
3560,1456
5941,2689
4074,1677
2942,131
555,3025
2069,2421
3148,2451
1439,2779
4190,2791
1590,2194
4582,1329
4909,2478
3725,742
877,43
5381,2473
606,2963
3292,2580
2083,2477
4898,784
481,2702
4849,1831
816,706
5129,1848
1669,1147
5463,970
5008,1329
2375,1538
2017,1830
5078,2822
3104,435
610,1742
2298,2257
4786,2421
4841,2320
2998,1702
3029,1015
3163,1015
286,2584
1738,1102
2832,2164
4143,2729
5141,1831
1863,2302
3110,1354
5419,1021
799,2580
5553,1021
2695,2832
4794,969
3639,1883
3243,1883
2880,1831
4040,2981
2675,2365
2618,1831
551,2451
5511,960
4962,1684
4700,1684
3193,1015
2580,2478
2535,1015
5940,319
5224,903
3419,15
3847,2936
3823,2350
4172,2504
5724,2946
5946,1073
1420,2267
4813,2500
735,2164
2540,46
4873,2551
2299,1677
2498,574
2236,574
4261,2926
4316,2633
78,1076
3999,2926
5329,323
5296,2095
3076,1719
2656,379
2814,1719
302,969
1479,1534
1040,706
3082,2473
5689,1797
1012,2822
4011,2936
2361,461
1316,2267
2920,2145
3699,1883
1942,2729
4836,1329
1567,1354
4929,1520
2819,3002
4388,2859
3218,1021
3340,1950
1592,2350
2428,2622
2727,969
1304,1883
3888,1001
4346,2633
2331,2689
3688,2633
734,1538
4803,2320
3608,2115
3374,1719
523,2257
3200,2320
4041,2936
3645,2936
961,1702
5075,1695
596,1015
3383,2936
3407,1078
3137,1217
5007,2500
3300,2901
3384,1848
5431,1515
5035,1515
3330,2551
5811,982
2999,2946
4207,2824
2099,2689
2343,1329
638,2365
581,1831
970,852
4308,1186
1020,969
5330,120
5228,2095
5390,925
5495,2439
197,2622
785,1072
5054,2696
1000,2946
2774,1515
5329,2901
4350,2351
2206,1997
3524,323
4071,2936
4035,1027
4646,1181
3059,1684
2701,1976
3809,2936
1906,15
4561,319
5725,2901
3726,2901
4610,181
4861,1520
5678,1742
1676,2936
1261,1940
2089,2351
4202,386
3940,386
5946,2496
3224,970
5579,982
1176,1078
3172,2500
3927,1844
2769,1329
1396,852
5525,2439
829,970
2083,1001
5820,1044
374,1329
1284,1550
5881,2451
1808,15
5127,299
5607,936
4922,833
3574,386
3008,1695
487,2145
4625,2532
2820,2398
5122,2584
5700,1100
4101,2532
3473,2963
4452,1823
5102,2871
4006,982
993,970
3833,2717
160,2689
2706,1515
5003,2111
5588,1044
4972,546
2453,1823
4077,3077
5168,2178
4779,905
5212,1696
2765,2095
5241,936
1717,1940
4709,1075
3024,1797
42,1098
3774,43
572,1098
1231,734
2535,2572
3189,1110
3242,936
5840,706
2264,1520
2634,299
2111,2244
5688,120
1605,386
2372,299
1326,971
2429,833
5865,1702
818,1504
897,2551
852,1088
2841,777
568,1329
399,1520
3293,120
1999,2942
2073,2891
3114,2629
5170,130
5607,131
5638,1696
5577,2174
35,1997
38,1514
4066,43
4477,1075
4200,43
719,2629
4019,1917
1689,2901
2286,905
5011,2702
2024,905
1370,2367
5465,2118
1745,2244
2459,833
1451,1797
5895,1702
1769,386
1115,1848
3183,2584
545,1695
927,1797
3360,2
4585,1547
5156,2302
1930,2963
1133,1865
3917,859
1938,2824
5323,722
1272,2963
1642,1742
2488,2702
1776,2496
3264,2923
3646,3025
4645,2729
335,2824
4681,2194
4390,1456
3232,1695
4106,2451
4309,336
1862,735
4183,1917
4274,1281
3582,2451
3745,1691
524,2696
231,1131
5749,722
3708,1809
4301,3077
5848,2421
4652,1614
2914,2702
2518,2702
2544,1671
2683,2769
2669,2871
2917,721
1678,2496
3798,1702
1712,2080
55,1844
2527,1475
4260,43
4158,1456
2114,3026
3874,2451
5868,2484
5839,1554
3908,1281
804,2871
3646,1281
1229,2111
5769,2478
1963,386
2909,2708
5724,1015
1737,43
3327,777
85,905
1255,299
5878,2421
336,2244
993,299
258,833
3694,1702
4028,824
4152,2580
1603,982
2458,1496
1293,2
2122,1547
4846,1456
2332,3077
4426,870
2693,2302
1241,1532
2070,3077
4188,1456
5212,1025
3832,131
1096,2871
3642,2451
385,1547
3100,1902
3824,1179
3597,2708
5080,2791
2714,146
3674,2174
322,2696
735,2111
5938,2822
1767,43
1963,1675
2469,1281
1777,2451
3140,2240
3157,1655
3952,2118
68,2779
3000,1671
4206,722
1012,1830
750,2584
221,2240
3647,2421
1405,1532
1797,824
2220,927
5916,969
2774,2267
5654,969
4682,1590
683,1547
4346,1641
361,1496
5898,1329
416,1957
930,2178
3507,1071
668,2178
3393,969
1053,299
4365,2822
2926,2257
3597,964
660,1536
4436,2473
2264,3077
1951,2580
1257,2923
3516,2473
1427,2580
2079,1045
4677,815
5274,2791
5532,1329
3770,1831
5270,1329
4286,435
77,3026
354,1614
1837,2451
3668,1554
1971,2451
1575,2451
589,3174
2005,1281
637,1902
1905,1831
375,1902
4725,482
2548,742
2792,1102
2654,2858
3579,2421
965,2118
5755,970
3100,2386
5696,1329
2151,1456
1580,2421
351,1666
4243,2586
3849,969
3288,2622
5547,2926
4762,899
3697,1329
1897,1539
548,1456
2385,2791
4339,15
5600,1217
1178,1071
4505,2936
4818,1181
2232,482
2750,2165
4207,1027
3670,1655
4279,903
1610,2421
4287,2484
952,2421
4025,2484
3920,970
5436,1001
4338,729
4190,2551
833,2729
2724,1883
2022,2365
3727,1329
3861,1329
2462,1883
578,1456
4919,2926
3717,1550
1618,969
1356,969
1913,2580
4895,1027
1665,2478
1269,2478
302,2689
3103,1098
3700,3074
2370,15
3294,2386
4089,2095
5721,1520
4260,1950
1378,2421
982,2421
2121,1940
2553,2351
4547,2946
4084,970
3824,1797
2358,1883
3958,2551
1033,2386
1654,784
4696,2480
5768,777
771,2386
3107,2910
5020,1823
244,1179
1386,969
1914,1088
3304,2700
5437,2111
1650,1015
3207,1047
3291,1684
5867,1695
3914,2629
2668,15
5751,1520
5830,1813
1859,2320
5935,1829
2039,975
4014,1520
5581,2240
5811,2702
1554,903
2425,1950
3211,2859
2108,2243
1767,1950
4797,1377
1944,1088
827,574
5553,1131
2666,2012
5370,2178
2853,1838
4458,2850
5831,1075
5843,146
2730,2936
4177,1110
1508,908
2468,2936
2864,2936
4598,386
1372,1047
2487,734
3927,181
5890,1655
1511,2145
2225,734
3727,1813
1564,1217
3782,1520
4167,1331
5021,2963
5579,2702
5643,1963
1811,1848
4932,2891
1883,970
5381,2717
1855,3086
3309,2239
1712,1088
2978,2634
788,2689
29,1883
5449,1131
5187,1131
5893,2111
5347,100
3712,2629
3941,237
5718,2487
219,2946
1862,1032
3851,1475
1261,1566
1600,1032
2894,2936
4890,386
5322,43
4031,130
3346,27
183,2700
5658,1655
5379,2240
3987,1521
3319,833
98,1838
2739,2244
3606,1829
3418,2532
2711,2670
1458,1329
4006,2702
3610,2702
181,560
219,852
2958,2547
4627,1100
5131,3077
5482,1614
4184,2974
5765,1902
906,1001
2451,2716
2938,2080
1365,1515
5145,2194
3266,2111
5541,2194
797,1997
4873,1506
2364,1027
258,1719
1720,925
2257,2850
1921,2901
4531,1742
1384,2696
3898,1829
1401,2111
4813,2394
4694,982
286,734
1817,1797
4207,2584
4219,1655
3840,1070
175,903
1350,833
2162,2963
2296,2963
2914,1844
3640,2702
4524,1702
508,2244
2800,2496
78,970
2380,1910
3476,1547
4610,2974
5833,2194
5931,2729
1509,2583
3692,2111
4807,1044
519,1844
5130,2451
930,1186
4734,2451
2944,905
4460,936
3572,2194
1383,1131
1006,1181
3836,2240
252,2439
2461,936
3216,2532
2736,2861
1853,299
5012,2580
4554,1702
3446,742
3568,1671
244,1797
2599,1809
2948,2717
1976,2584
5565,2729
3082,2717
945,1844
2724,757
5437,2729
5444,1456
3389,1147
3208,2267
4796,2174
5859,1671
3574,146
2132,64
306,3025
1285,1131
15,2095
5047,2924
964,2244
2404,1691
4670,722
4749,1015
5499,2267
4804,722
5511,1338
366,43
1987,2342
416,160
204,1967
2754,757
4870,2473
713,1844
1969,2702
1470,1823
1573,2702
4121,665
3864,2729
3315,43
1181,1131
1446,1614
1394,2178
2461,131
74,3025
50,2439
2667,2451
4367,1071
4763,1071
1273,905
1211,27
1593,1075
3447,2791
5718,141
1599,1829
2347,2
3341,1614
1603,2702
1899,1532
5034,2473
4409,2421
5147,2350
1888,2871
1117,1496
1251,1496
5389,1883
86,2
3639,1456
3243,1456
657,757
4389,2708
335,706
440,2974
774,2096
863,3077
5872,2791
1584,1147
529,1511
2435,2451
4679,969
1122,2779
1139,2194
4993,2822
4547,1015
5476,1478
622,1675
756,1675
4445,738
1845,141
112,1573
921,1742
4668,2473
599,1691
2087,2118
2975,2580
337,1691
4958,734
5751,2622
1444,3180
3266,2729
3965,286
4290,46
4969,2586
103,706
879,927
3921,1677
256,1702
194,824
4750,970
5347,2946
3702,815
1663,2729
3903,2791
3545,3083
4756,2478
4711,1015
5461,15
466,2451
1823,1671
2633,722
5250,734
5778,2351
4988,734
5463,1027
2833,2473
446,2923
482,2580
420,1702
1201,2267
2939,1179
4840,1021
5623,2413
872,1045
4272,2257
2563,1831
3461,2981
5670,1478
5274,1478
2683,435
4990,1719
630,2451
5386,1719
1074,1179
2464,1071
2519,970
3639,1001
1820,969
4645,1684
4225,1098
2401,722
3963,1098
1451,1102
4756,734
927,1102
1335,927
3721,2504
5268,1848
4944,970
4674,1109
1468,1456
4489,1329
4582,1520
810,1456
373,2421
2470,677
2112,969
2945,970
4851,1910
1850,969
3865,2633
2356,1329
3118,898
5838,2351
5442,2351
2555,2478
3417,1719
3766,1873
4984,2439
2924,1032
5749,27
5570,2536
3873,1181
690,2478
4974,970
3976,2622
1625,2729
3072,903
4586,299
5811,1844
5628,2891
4205,2859
2579,970
3699,1001
2374,1504
2782,1329
3200,1088
5032,1325
1687,574
2520,1329
725,1883
2938,1088
4839,1684
5613,1078
5148,2439
5140,1797
5881,2963
3102,903
5495,1207
5579,1844
433,2421
3067,1848
5727,2496
909,2350
4980,1515
2743,970
3524,1535
5360,982
5756,982
313,784
5585,1100
1237,903
3991,1186
4782,2439
3717,2115
441,969
5456,1629
2512,1976
3656,2593
3754,2936
3358,2936
5170,1797
3382,1078
1596,1186
3528,2593
4660,1695
5911,2963
2313,46
5522,936
5475,1844
4847,1521
3338,217
5387,2963
3097,1848
4518,299
3885,386
5361,1742
5757,2496
5390,982
1073,2350
44,2437
1116,734
4177,2480
1186,2227
4641,2584
919,1883
2913,2670
4470,2702
5043,120
4682,895
5203,2095
5306,2974
490,1211
75,969
209,969
2487,1515
715,1329
319,1329
4044,1547
3558,2593
5688,43
1619,15
3439,2901
2284,2095
4915,1813
4180,2347
2781,2901
4471,833
2939,1797
4360,1002
4100,1829
5267,1706
4671,2584
2429,1695
3640,1844
3418,2963
2470,6
4896,2702
5207,120
1200,970
852,1950
5047,2871
1306,1366
604,1848
1074,1797
4403,2769
4436,2717
4074,1547
3802,859
357,2910
2136,1823
1874,1823
5570,1865
1330,2891
5186,936
1003,2496
3136,217
3747,2091
3117,1695
978,2439
2855,1695
3519,1675
3187,936
3672,1917
4472,2532
4066,1844
5126,1070
5222,1532
4172,2240
3804,1844
3107,2670
4960,1532
2384,1521
5440,2923
5583,757
1684,386
1288,386
968,970
4402,2702
4440,1496
763,1504
706,970
5548,1702
513,1329
2132,2239
1815,2532
1409,1844
10,2398
1187,2963
2665,2702
3367,2974
2300,1823
3179,2923
3745,1614
1429,2496
5806,1179
816,1515
3166,217
4200,2194
5267,901
5389,1830
1008,2439
2854,130
3702,1917
140,2629
479,2095
1372,2901
4694,2702
4828,2702
2481,299
5345,1910
3458,2496
3353,982
1684,1675
228,1695
715,1813
744,299
3853,3025
1351,2963
2829,2702
3135,2974
5186,131
3269,2974
1063,2496
1407,2306
3728,1044
1701,2029
3951,2779
5085,2708
2485,2111
3187,131
5885,1071
4085,1281
5227,1071
509,2095
3470,1917
581,1217
2434,833
1467,1044
5937,2924
2172,833
90,2111
1690,2779
1482,386
916,1695
5742,1702
1256,43
2908,1655
3417,1532
2188,777
1971,2240
2675,141
1207,1844
2463,2702
1737,1844
3299,2974
2201,2702
3347,1702
4262,2267
5886,1831
1395,2080
2467,1131
1985,3077
5275,1677
1723,3077
596,2629
3295,2451
5143,969
1786,1147
5482,435
2378,2779
4914,1671
607,1475
1548,43
2095,1902
1701,285
3229,1831
23,2178
861,79
4250,1102
2748,777
599,833
542,299
1781,1742
1123,1742
2257,1671
3439,2580
3747,481
1257,2496
3115,1702
3511,1702
3829,1045
1417,1465
890,982
4784,2729
2304,3180
779,2871
858,3164
1128,3025
3635,1179
4031,1179
5008,2622
4584,574
1265,1044
5102,2257
5417,1329
241,1475
5487,2822
2956,1830
370,1131
5571,1015
5423,2837
918,936
2912,969
164,2194
398,146
4456,2267
1775,742
428,2240
4163,1456
1577,757
1651,706
4326,2386
5684,1831
1315,757
3801,2006
5203,969
1280,1702
3403,1179
3799,1179
5843,1329
1691,1044
2164,1456
3633,1641
3991,1349
2198,286
4,1131
3336,2586
1490,2451
1786,1281
2646,2139
263,79
2381,2622
2942,969
316,3123
2181,1810
2067,742
3385,2478
5219,1098
5276,2386
2977,963
2445,1102
3723,2473
1118,1532
586,1671
5732,1848
2979,2729
5040,574
4078,1883
2717,2729
2796,3022
5609,2946
3816,1883
3453,1831
1670,1456
1099,2421
1646,870
2842,1677
918,131
3404,2878
5297,2859
3610,2946
3049,435
5840,2320
4463,2633
5946,2716
196,146
2696,2791
4254,15
3357,1719
1817,1102
852,2702
5112,46
4420,2936
220,1671
5700,970
5836,1797
1536,2580
5896,1848
104,1496
2358,1456
5663,1088
5076,1520
1700,1456
4931,2859
867,2421
3835,970
1598,1179
1739,2350
4834,2926
847,2708
1186,2174
4396,2700
5869,2095
4124,2012
5545,1217
1080,435
1828,2580
4584,2936
1535,1015
3493,2145
3097,2145
3811,734
4207,734
877,1015
640,1102
951,964
5502,1520
1918,2473
3062,3090
3843,2901
1616,1354
4985,1001
1463,2832
3999,970
205,1147
3235,574
1655,3002
1648,1831
2797,2792
5899,2095
5575,1217
1153,1071
2724,1001
4589,1186
5709,1217
2462,1001
1284,1554
1741,1241
887,1329
233,2791
1348,2478
1701,1842
2711,15
5386,1695
5200,27
3873,2901
5666,1520
4587,2244
5349,1813
4031,1797
2236,2351
2353,2936
3695,1848
4349,386
1976,734
3245,2551
5451,777
1331,969
935,969
1372,970
4433,2716
2519,2824
4644,2936
917,1329
5334,1131
2620,1186
4896,905
3641,2901
4610,319
2645,2936
4126,2192
4059,970
3403,1797
4513,386
3697,1520
3301,1520
4906,2532
4278,2963
3039,1520
4238,1844
122,2936
1798,970
404,2622
1603,2946
1672,2551
2852,2633
947,1329
4030,2080
1081,1329
3935,2974
3732,925
4114,1027
5767,1521
1777,1032
5292,2194
4736,781
402,482
548,1997
1267,1684
1587,908
2017,2936
2726,1181
3206,2572
5835,1655
1719,1027
5267,2137
5690,2240
4530,1844
1925,903
844,46
2138,1950
3177,299
2117,1073
4402,1844
5279,2871
169,2351
1776,2500
5038,1496
1373,1329
4227,2974
2418,1186
30,2946
4424,1044
398,898
621,2633
3611,1695
118,2012
1883,1027
1735,2095
1673,1217
3932,1521
2829,905
150,15
3130,79
2125,560
2684,2244
2288,2244
4871,982
1598,1797
5655,1064
4344,1465
3325,2240
2394,2670
2299,1844
4680,3077
5150,3026
1815,2963
2794,1823
3995,2974
1923,2496
2749,2080
455,1001
1575,1032
1637,1910
4811,2779
1829,2080
929,1823
3804,181
5767,1655
187,1186
2852,2178
2849,217
2859,905
1441,1217
5400,141
4550,1691
2318,2244
608,2936
346,2936
4723,1619
84,2936
5896,722
3981,2702
932,27
574,319
1238,299
1398,1520
1033,833
1845,2963
453,2244
138,3172
866,2413
1583,2963
2967,1377
4421,2974
5733,2421
5122,2267
4659,1045
3747,1717
1099,140
703,140
3327,1131
4813,2451
3121,2194
3611,1829
1066,1131
78,1027
1024,905
1664,299
3274,1655
208,319
1032,1520
366,905
1228,2398
2641,1742
58,560
801,833
3212,777
221,2244
4561,2580
2143,1465
3001,1496
5389,1456
996,2240
2949,3026
3226,1614
1488,2702
366,1844
2964,1614
1928,2974
3308,2178
1639,2871
3764,2421
4581,2451
740,1496
2574,870
2627,2194
834,1131
569,1614
2797,2605
2616,1281
1778,936
811,1147
1458,1520
2745,1691
3717,1070
3567,2257
4978,3026
4401,1702
1092,608
111,1675
1305,1655
3301,3077
2833,757
2437,757
1518,2702
5157,1456
95,2670
0,1844
2354,2974
50,1207
2092,2974
4795,2006
2078,824
4755,1641
2155,1044
2031,2698
3151,2729
2289,1044
2602,43
293,2096
382,3077
599,1614
301,1957
2877,1968
2951,1917
4403,435
4198,969
775,2779
4462,1015
5718,1873
4140,964
1719,2584
2555,2856
1452,2240
2467,757
4220,2421
1978,1532
2458,2923
2432,1702
1420,2702
2122,2974
603,982
2232,2580
2504,824
64,2394
3443,2729
2689,2267
5504,574
1493,3180
2792,1456
5813,1329
629,1614
546,3077
1835,665
257,2974
2380,2451
1984,2451
3832,969
4080,1071
4490,969
4470,2946
5676,1997
4888,1015
4547,722
1819,1071
2939,1102
62,1917
4613,2473
234,2963
803,3083
2262,2580
2200,1702
3377,2267
2365,1015
118,536
109,982
2024,722
5054,903
3665,2145
1074,1102
1829,2698
442,3077
4914,2586
5337,2689
2694,1456
2123,2421
3717,1554
1606,1902
2344,1831
2688,1641
537,870
4656,1015
4260,1015
2033,2878
5223,308
2379,1071
4777,2473
5706,2936
372,1742
2311,2822
3073,2391
2440,2478
4603,2320
2316,722
5623,1181
2517,2698
5132,1883
1291,3180
2382,2473
4560,903
4956,903
138,757
293,2580
2153,2421
592,927
1891,2421
3727,2622
4859,970
320,239
3465,2622
4950,1088
3267,1883
1383,1456
1283,286
1374,1902
5469,1653
5870,1997
4030,1088
5682,2700
5253,308
2013,1071
2665,2946
1956,2257
4232,1976
1145,2981
5212,2936
1800,963
3859,2145
4926,852
2926,1940
395,1702
4889,970
4493,970
85,722
2091,2832
4627,970
219,722
625,2164
2361,441
1413,1456
1433,2832
3961,1109
1180,2386
2639,1883
1051,286
3109,2586
4456,1088
4501,2551
4984,1207
343,2451
3091,2946
4603,1515
4207,1515
7,250
5427,2716
1328,2257
3938,1098
517,2981
4810,1027
4944,1027
3505,2936
3109,2936
5239,386
4523,970
4263,1797
2841,2367
802,871
2110,1919
5855,1823
5160,1032
4895,1515
2221,969
1894,574
2322,1021
3931,1997
3578,2633
3712,2633
307,1831
4784,1684
1807,1329
45,1831
1941,1329
5189,2901
2565,1910
4435,2439
5858,27
858,2119
3201,3060
4703,1695
224,1015
4417,1109
2634,734
4155,1109
5430,2963
741,2473
5142,1742
4906,2963
5524,1844
4782,1207
2750,1848
1012,2936
4752,2496
2300,2551
2233,1329
786,903
4920,2080
4552,1684
5409,3025
4958,120
3540,1186
4068,2803
4722,2095
2991,1910
1413,1001
3278,1186
494,2946
3371,1377
2328,1566
2667,1032
1743,2633
4274,2871
4437,2111
1384,2700
2466,2439
5818,1917
1005,2115
2798,734
2204,2439
3531,319
4725,299
5702,1742
3544,2244
5440,2496
2854,1797
5178,2496
2456,970
665,734
3827,2532
1934,1797
4202,1655
2008,2500
2681,1088
3254,2670
1361,2689
4415,2702
3293,1844
4153,2702
1577,1001
3208,982
1315,1001
4071,2111
1194,2926
5334,1696
4260,2572
3594,1957
2496,2439
734,2941
2563,1217
5362,2963
539,2473
4307,1075
3598,386
3202,386
1978,1695
2465,1813
4579,2702
5921,1614
2232,299
3061,1844
945,1848
549,1848
1029,2485
5690,927
3343,2496
5082,1044
1233,2480
54,1088
3922,1614
5823,1456
978,1207
3342,3025
3020,2974
4056,1614
3080,3025
5539,2451
2758,2974
5277,2451
2197,1217
2073,2871
2830,2850
2890,2901
3981,2194
335,1515
5366,1742
5555,1641
5517,1157
1974,2111
3860,1675
4379,2240
2433,181
4117,2240
3759,2532
2608,936
2725,1521
4468,777
5617,1738
5445,2974
5555,2580
322,2192
2344,2583
451,1848
709,386
3333,1377
2519,2584
4618,1475
736,2963
1008,1207
4817,372
1596,1377
5646,1917
2848,3025
5703,2451
5341,1281
3073,3143
2352,1131
2090,1131
4810,2584
3232,1675
1907,2178
362,1217
1518,905
3034,936
4639,2702
2688,299
2772,936
2913,2861
1397,386
5323,2580
5884,927
5347,722
159,1797
4407,100
427,299
5621,1456
2267,2871
1909,3163
4096,1147
1572,2080
2217,1064
2017,2696
4804,2365
3353,1039
1025,2850
1828,3174
5194,927
4957,2580
2404,1829
5322,1015
599,1695
769,386
4341,2082
2579,2584
337,1695
4031,1102
719,299
803,936
3074,2563
4958,738
2442,1532
3292,1702
3426,1702
4207,2267
1132,1377
5798,1883
4437,2729
3652,1456
147,2702
720,120
5771,2689
458,120
3240,2451
3536,1281
3403,1691
1672,1506
5090,1015
5735,1719
14,79
1375,2451
2359,1655
3780,2580
3523,2924
1233,1809
3394,824
5720,2350
2860,2580
969,982
1750,1547
2146,1547
4078,1456
3816,1456
5774,2586
607,1532
1653,1614
677,3025
2157,1147
4722,969
3318,1179
1499,1147
1695,2779
2942,1831
3513,2586
132,2178
803,131
5328,964
2389,1655
3521,757
5859,1354
1494,1742
1232,1742
3255,1015
2914,722
4235,2729
603,2702
4142,286
1260,757
5329,1539
1862,3077
1117,2923
4360,1677
5585,970
891,2580
4587,2622
2787,2832
3133,1025
4268,2088
5020,969
3712,1641
356,2421
3021,969
4244,2633
5097,2320
3330,2478
3285,1015
3419,1015
2548,722
4697,2386
275,2240
4444,1940
3043,2421
2647,2421
5937,1021
5663,1950
2781,2421
5811,1848
5415,1848
5749,970
4489,2622
5091,970
5361,2551
367,2179
2356,2622
3092,970
5394,1910
3689,2946
1743,1641
1832,2622
2641,2791
5614,1684
2637,1329
104,2708
443,2174
5789,2439
3586,1478
1038,1071
3524,600
1251,2118
4365,2936
3707,2936
3905,1231
5292,2572
5579,1848
823,2580
2771,3022
3779,2058
3524,1539
5867,2480
2691,2504
3737,2586
3780,970
550,2421
1529,1281
3518,970
3024,435
35,2729
3061,2946
5582,806
1301,1831
3529,2822
1380,2878
5814,2095
5700,1027
5787,2901
1129,2478
1115,2580
5153,1797
3037,1047
3701,1027
4267,2936
5322,2572
5039,1695
1751,1478
5447,1520
5488,1521
5247,2398
2234,2386
4452,2689
5766,2963
3383,903
3610,1848
1325,323
681,2473
1146,2832
3286,970
2522,574
2453,2689
1694,1883
106,286
2831,1329
1384,903
2435,1329
2924,1520
1451,435
1098,1071
1244,2586
951,1021
2993,1098
5768,1696
2394,15
3262,734
3393,1217
5323,299
1701,960
3452,1797
470,1098
5671,982
2784,1109
3966,2018
4723,1997
5941,2563
228,2504
1713,970
2833,1001
658,2088
2437,1001
5847,2901
2724,1997
3486,2320
5096,2178
5230,2178
2649,1823
2012,2700
3848,2901
4421,319
1661,1719
3586,2901
4957,299
1225,2320
4389,781
2066,2936
896,1098
1245,2006
3800,386
713,2145
5226,1655
1031,734
3459,1813
4579,1844
5601,1532
5651,895
2722,1520
38,286
3565,2963
4993,895
5389,895
1481,970
1221,1797
5275,1547
598,2572
2754,1997
2358,1997
1429,2500
4617,1547
386,2689
4393,2593
2595,1186
3124,2439
3616,2901
4547,27
2780,185
3905,560
1255,2320
4300,2779
4062,1675
72,1186
1061,734
4485,2532
3384,299
4619,2532
5194,777
3595,2963
4361,1742
97,2936
4837,1671
4761,895
4128,982
3606,1809
1063,2500
5473,1131
5035,905
4639,905
2328,2131
2402,2080
5239,146
3613,1475
2864,2111
4347,2194
1546,2095
3029,2178
4030,43
2382,2367
4483,1331
5274,2584
5007,2240
5420,1655
1855,2850
819,46
3257,1813
4465,1691
2629,2244
2233,2244
1603,1848
1995,386
1599,386
1019,1797
4751,1496
5025,777
630,524
2640,1844
2077,2670
3324,2
3634,2702
4714,1614
4318,1614
4101,3077
1344,2496
1320,1910
5890,2708
425,1997
3028,2111
1144,1684
1586,2783
3895,1696
1109,2629
1386,1217
1324,339
4099,1691
3316,299
3701,2584
4062,1809
777,1109
1257,2500
2776,2240
2456,2824
3189,1655
3664,2702
4729,3026
4744,1614
5544,2421
659,299
2650,1377
4152,1702
3890,1702
5000,1045
249,2121
1770,2496
2842,1547
5161,1902
4765,1902
5297,2729
2427,3025
147,1844
1976,120
2853,1147
296,1186
800,3163
1108,1064
1478,2095
5948,969
2787,2779
2706,905
1321,2111
3007,833
2542,2194
1193,2865
1874,1506
828,2178
1839,2451
2811,140
3752,2118
3466,1532
3946,2923
823,299
2062,2496
2800,1671
3208,742
1800,2496
3309,1548
3658,1702
1552,2394
3982,2580
4316,1702
5588,784
5072,1456
5858,2365
273,1552
3709,2421
4526,2451
1169,2629
1549,2096
2251,1614
926,2871
3299,79
2427,1281
603,905
1360,130
4056,435
3703,1071
5231,927
1172,833
1325,1075
5738,2421
3981,1015
667,1829
3688,1702
56,1675
1105,2240
5398,286
4236,2473
2677,1614
2085,1702
889,895
1689,1702
2962,2729
2602,2194
2275,1045
2707,1456
4940,2791
943,1131
2033,2451
4042,2580
4190,2478
2328,1810
420,43
1001,2240
2797,568
756,1655
2224,706
1181,895
969,2702
4799,2936
3641,2421
2249,1702
1853,1702
3976,1179
5187,574
3941,2124
3996,1831
990,546
2325,2451
2268,1917
3777,969
3909,2586
4415,2946
5072,1001
371,2194
1622,2708
3958,2478
54,43
5792,1098
1948,2878
1295,1532
1159,1671
25,2496
5855,2551
251,1496
4415,852
4445,2946
3545,969
4030,1950
4417,898
4897,1535
4603,1088
2328,1005
4389,2822
4981,482
4339,1015
2336,2586
4017,964
390,1281
4968,1186
4271,2012
5364,1940
5811,185
2120,1241
2720,482
2078,1015
4089,1217
4841,852
4445,852
1976,738
4336,1848
4470,1848
2732,2936
4871,2946
5132,1001
4146,970
2050,2350
2554,1883
3557,1329
2244,903
1972,969
4857,15
158,1281
1696,1071
887,2622
1391,435
1517,574
536,1641
5023,2936
3804,2145
5347,27
4760,1021
4438,970
275,2216
2519,734
851,871
2012,903
5508,1823
1179,2622
1478,969
1915,970
3493,2633
1789,2551
4303,1684
2188,2822
2138,1015
3981,2572
5445,2413
2530,2936
3239,1181
1360,1098
4660,386
4319,1813
3613,833
1407,163
4824,982
5591,895
1508,969
947,2622
3602,2926
1081,2622
685,2622
5305,2783
1886,1329
4642,2439
1228,1329
5803,27
3956,2111
5642,833
2956,2936
3976,1797
683,482
5294,3077
1918,1217
2816,2367
4660,1675
5469,1844
4039,833
4727,1207
804,1940
5577,1377
5842,140
2633,970
5250,982
695,2936
1373,2622
2371,970
5122,982
5836,2769
161,3002
2590,2963
3569,1823
5692,546
329,2586
2249,2670
4143,2095
36,1021
2909,2716
1505,2926
2145,2320
5586,2779
383,2822
5610,1675
1349,2386
4358,936
4492,936
297,15
1813,46
4146,299
4855,1742
4989,1742
2463,1848
2537,1797
1704,1042
742,2351
4756,982
2349,2500
3087,1675
482,734
1760,2105
5705,1131
2623,2480
4249,2871
5925,905
2757,982
1260,1001
5393,1044
998,1001
3350,1496
709,898
4133,2696
1273,2926
2266,1684
3405,1957
889,1997
4473,1044
1338,1823
1472,1823
2456,1027
985,15
768,1478
4388,936
4099,833
2409,2901
4126,936
4243,1521
2698,560
4500,1177
5281,1742
5943,141
2319,1695
510,2351
1916,524
4643,2394
2819,2018
2855,1675
4032,2240
1752,1813
3268,1844
4128,2702
2610,1844
2388,2963
4262,2702
5038,2923
5635,927
3114,1377
5464,1045
2525,982
1883,1515
921,2824
2891,3025
661,1207
3240,735
2209,2439
5356,2451
4074,372
5299,1917
624,1325
3886,1075
5049,1742
446,2716
35,1684
3347,43
919,2936
4935,2394
3049,386
5829,2082
836,2901
2553,936
3683,1655
3404,2240
5634,1614
2002,833
1654,1813
2788,1742
2552,2963
4627,706
5799,927
3980,895
334,970
2689,982
5798,1456
3418,3077
553,2963
1136,1823
4421,79
4990,2451
5386,2451
2132,1064
108,2320
4626,2174
567,2080
199,1684
1644,1475
5058,1831
4092,2240
3464,1917
4424,727
1201,905
2032,833
5134,2580
915,319
660,2244
1374,833
1527,1829
3428,1671
4896,722
3836,1496
4975,1015
1831,2240
4331,1475
1569,2240
5566,1456
848,2480
3186,3077
4733,2421
5712,1281
321,2963
3172,927
3907,1147
5450,1281
2239,2974
1897,1547
5202,1179
9,1910
3820,1902
2344,546
5948,2689
3601,286
958,3025
2553,131
538,2439
3055,1281
3451,1281
5251,1071
2747,936
5751,2302
372,2901
563,217
969,905
114,2111
4976,2529
1280,43
1295,1829
3604,1496
20,1695
679,1331
4507,738
3452,1102
3144,757
969,1844
747,2963
2125,1532
1117,2496
3001,2923
4105,2421
3336,927
1,2584
1324,1254
178,2
4779,2365
1613,3077
2915,870
1850,546
1284,1855
5033,969
4807,2878
4375,969
4757,1071
1610,2779
1589,1902
109,1336
1995,146
914,43
2328,2241
5919,15
867,1917
2362,1071
958,1281
3642,3077
2671,2580
118,1829
3091,722
2743,1702
2189,2082
2481,1702
208,2
2266,2302
5810,1950
3991,1918
171,120
797,3026
4144,2914
5140,435
4608,574
1657,2194
1378,2779
982,2779
3923,471
2188,1830
5663,1873
2073,2257
3169,1702
4478,2386
1537,1496
5675,1883
286,2702
4969,903
740,2118
5043,852
4021,1918
5196,1848
4043,1677
5170,435
4872,970
5142,2551
4551,1329
5082,1719
2933,1021
2966,969
5216,1719
5309,1910
3927,2633
2110,984
415,2708
5934,1181
3718,15
2310,1015
2162,2837
350,1532
5207,852
2330,2421
5666,1366
3622,2936
1719,2267
1299,927
3845,2227
5576,160
5414,2084
1694,1456
2564,3002
5926,1478
1982,2088
2273,574
2173,2622
3957,2633
4795,2978
607,784
686,1831
383,1830
4481,1098
2385,2478
3627,1186
2723,2473
5390,1848
415,964
3013,734
4212,1058
5817,2824
5547,2963
1120,2473
1328,1456
495,2421
2981,1950
3463,970
3067,970
3201,970
2805,970
799,2832
1807,2622
675,1076
2437,574
4121,2633
4321,1001
2297,2257
3816,1997
1054,1072
3752,2012
1284,1534
5074,2901
3529,1940
93,2791
1409,482
4504,1058
901,1015
5711,2963
5238,299
4842,299
525,2421
3608,3172
3782,1073
874,323
3145,1950
3479,1072
3231,970
5174,2267
5471,1032
2348,2572
4810,1515
3105,2551
2303,1109
598,2145
3038,1329
4151,2633
2136,2689
2521,2500
4944,1515
618,1831
1874,2689
752,1831
5368,2974
5203,1217
3441,1719
1756,1879
5155,2866
931,1015
3608,1078
3338,1217
3286,1027
3897,2901
3501,2901
5160,1520
4898,1520
5268,299
3239,2901
5480,936
3953,2244
4636,1520
1365,718
5563,1910
3061,1848
5616,982
1208,734
5755,2080
946,734
2806,1329
4958,2702
1508,2689
3356,1207
4908,895
1188,1021
1000,970
2261,2926
370,574
5044,1695
1299,2700
2965,46
4262,905
3269,2901
3212,2367
5248,936
5745,1742
3353,1848
1901,1078
3045,1695
3745,386
5617,1742
1238,734
1370,2351
1713,1027
4758,2240
5250,2702
3732,1844
2667,1520
3906,2963
2641,299
4804,141
5384,2702
5418,1532
3124,1207
3045,2634
770,1797
1754,1001
4662,2717
2175,1997
2894,1684
406,1520
2228,1823
3489,3025
4468,1131
583,2910
1882,1186
1966,1823
3227,3025
3098,925
4285,2178
2616,2871
3626,1044
3041,2111
4364,27
5909,1742
1070,2439
2176,2572
1204,2439
3747,58
541,2095
2339,1058
1589,560
5749,706
4756,2702
5143,896
3534,2394
538,1797
2661,2240
2341,2824
3331,2974
1743,1377
5442,936
1550,982
3788,217
5839,1538
5481,1830
2895,1131
639,1098
797,1684
1936,1957
451,1047
2657,27
3181,936
3678,1742
2919,936
5216,1532
890,1848
568,1797
4360,1547
2696,2584
3073,2342
545,1813
2061,1844
844,160
970,299
1403,1844
2871,895
1289,2496
1318,982
5074,1075
1805,1100
1457,2080
2529,1131
5552,1831
2546,546
2663,1131
3444,1696
1324,2490
4015,2451
2660,833
2999,299
3842,1742
5915,2822
5146,2082
371,2572
880,1695
1212,936
2738,1655
4206,706
2767,141
630,1520
234,1520
1829,1844
2689,2702
342,299
4169,824
552,1829
2331,742
2840,2871
2854,2769
5765,784
1348,982
5085,1025
1563,2856
1086,982
2700,2302
2955,1131
1714,3025
2698,1475
690,2702
2032,1614
2211,3077
2431,1131
4709,1677
3181,131
4475,1281
1457,925
5836,435
2749,2194
5013,2088
5426,2257
940,2850
298,1131
5895,1015
4878,1671
1989,1917
2715,1829
2885,2240
5882,1719
2623,2240
2981,2702
2745,1671
1252,2563
624,2240
4359,1456
1496,2923
3755,2473
458,2702
754,1532
1267,2871
408,895
4123,1179
5661,969
2519,2267
5399,969
3976,1691
2613,1902
772,2111
70,2593
2210,2451
3252,1071
1552,2451
3400,969
2727,2189
4506,1102
3145,2702
4091,2580
5939,1098
4810,2267
3406,2477
921,2584
5776,1831
750,2702
1875,3077
1877,706
4802,871
2944,1076
5673,1329
4637,2689
4086,2586
1013,79
443,2178
1114,131
450,905
3826,969
3127,968
3225,2257
642,1075
4121,2580
4950,1873
4712,15
4316,15
818,2240
54,1844
730,141
1630,2118
518,2702
2113,3026
1664,1702
4057,2006
5896,970
1536,1702
226,1547
923,1475
2554,1456
3679,1831
5441,1329
1191,2421
5508,2551
1896,1456
5837,1329
2008,2451
1612,2451
1646,1281
2637,2622
37,2779
2877,2082
1442,727
4456,1873
3186,2837
2451,927
5800,2551
330,1496
466,3077
3766,2365
4294,2484
267,1147
480,2194
3472,1329
5791,1684
3210,1329
4241,379
1448,1831
5175,1186
2308,2689
3717,379
2822,2910
3954,2012
4938,2936
1672,2478
1567,964
4676,2936
2883,1873
5673,1813
234,3077
989,2421
1486,2473
4091,970
1293,2832
5486,2926
1427,2832
847,1025
3244,2791
3502,1329
3636,1329
5408,1515
1874,1831
4186,1207
1131,969
3146,2633
4156,806
5427,2696
4670,1027
1440,2478
1731,964
5874,1695
2937,15
4072,1078
3661,46
4146,1027
5362,1520
4123,1797
3725,970
5418,1829
3613,1695
5530,2824
772,2729
1806,734
3666,1329
4340,2963
4775,2891
2048,1021
5453,1823
267,1281
5736,2111
3986,1684
5445,1181
3894,2095
3899,2439
134,1102
4702,319
2897,185
1061,738
5710,1829
1795,3177
2794,2689
2214,1848
2286,970
4507,982
4612,2496
4572,1377
3559,1997
1628,970
4641,982
2901,1997
17,1641
1240,2551
2016,2772
4325,2439
2451,2700
2418,308
4144,1869
2060,2320
3505,2111
4828,27
5612,1829
4867,1675
3387,1109
1286,2145
3091,27
4407,1690
506,2936
5354,2702
4933,982
1920,970
4671,982
2580,2706
729,2227
5930,2111
2301,847
1936,160
2375,1550
274,2586
5754,1131
5771,546
5122,100
2603,1377
889,2859
4585,2901
5182,905
1634,1515
2458,2716
3353,185
5810,2194
2633,1027
1177,1047
3441,1695
5817,2584
547,651
108,15
3940,130
4788,1917
779,1940
4091,299
3695,299
274,2936
5028,1377
2142,386
4924,2717
5690,1496
1770,2500
218,560
4483,2974
5257,1614
4118,2095
147,1848
85,970
3163,1377
4281,3025
286,2946
4095,2111
1949,1684
5414,1039
4875,2451
3574,130
3104,1147
4964,1742
2247,560
2689,905
3725,299
1834,2111
2176,1848
4867,1809
2172,386
1988,1797
4421,2
3977,2240
5720,1496
1800,2500
3309,1552
3715,2240
2555,1844
2598,2480
1521,833
2729,2963
3489,2651
3954,536
2343,1207
4207,2702
3499,895
4573,3025
4983,2923
5608,2194
995,2480
3820,1475
131,160
5444,2729
2190,2096
4509,2451
839,1186
4006,1076
890,185
4732,1742
2225,1336
4541,2174
1206,2111
2032,1695
5750,1496
5949,2837
519,2901
2236,936
3984,536
3841,2702
1551,833
2733,1742
2411,1691
3791,895
2471,1742
1232,299
5086,927
4859,1702
19,1797
1201,2706
4415,722
4463,1702
5743,1456
2372,982
5870,2729
2499,757
1976,2702
4252,2421
3796,2178
1318,2702
1991,2044
4935,2451
3921,372
700,1377
4807,2451
774,2080
3511,2194
334,1027
1139,2178
1185,79
2763,1742
4005,2702
4924,757
1116,2194
2501,1742
5378,927
629,386
5116,927
4445,722
367,386
3908,2769
4293,2580
1781,2584
1776,2240
337,1675
5115,1456
750,1844
502,1742
488,1844
2183,120
1348,2702
2735,3077
1862,2923
2232,1702
5940,815
403,982
1633,2871
764,961
542,2080
2870,1989
3267,871
5273,2981
2212,1989
4946,2586
1090,1131
4588,2878
2236,131
2781,1917
1146,2194
382,1044
3799,1671
4871,722
2343,1691
4554,1015
5330,482
5810,1873
629,1675
4046,1548
1678,2240
2633,706
169,936
532,1742
731,2891
1314,2717
5063,1831
5560,1883
4801,1831
1778,1131
3414,1456
4897,1539
2868,2451
4702,1071
4263,435
4958,2946
1668,1902
3853,2257
5025,2478
652,2194
1903,2708
4501,2478
4639,722
5101,2473
1725,1655
3958,738
1568,1671
4202,1098
2507,2822
3140,1045
153,2
3236,753
4831,1831
1326,3077
1701,2200
4958,852
2081,2421
1050,927
57,2923
4350,969
4407,1503
1650,3174
838,1044
2534,2174
4531,2478
5632,15
169,131
2428,435
2824,435
3319,2858
5511,1940
4723,204
2018,2257
94,711
273,2174
4032,1976
4433,3074
5553,2351
5159,734
18,1655
4753,46
112,536
977,1738
3592,1677
1849,2421
5213,970
2346,2473
457,1702
3117,2350
818,927
4514,969
5414,2946
5675,1001
4407,2792
4756,2946
606,1044
1475,1456
4362,1329
1206,2729
4496,1329
2701,1883
5299,1653
1593,1677
951,1456
1006,1917
5887,1823
5183,1478
835,1281
2318,2118
5279,1940
4725,2320
3348,2633
5530,1027
1044,1620
2300,2478
2696,2478
2701,2822
3812,1047
4309,1853
1360,1102
4909,1848
5243,970
3305,2936
4989,2551
4357,1520
5200,2963
5191,1719
5571,1186
2352,574
2638,379
2755,964
3192,1719
5194,2367
8,1071
3597,2936
5011,970
5212,2192
4811,1848
3558,2227
4301,2500
4556,1329
1832,2386
1436,2386
803,2473
4132,1001
1752,2622
2414,1021
1886,2622
2488,970
5506,2080
3804,2633
2691,1329
3360,1653
1789,2689
446,2586
3199,15
434,1071
52,969
4757,2901
3384,734
4519,1797
2819,3177
233,2478
1596,15
5856,1331
188,1015
615,1082
1334,15
2461,1217
4813,1520
4892,1813
5616,1844
5394,2963
2782,1797
5502,2496
2580,1848
4034,1001
2150,574
1754,574
2721,1329
1012,903
4374,1823
5050,120
4028,1186
3754,2115
476,2586
4552,2095
2759,1032
3755,2717
4512,2696
4925,2111
4529,2111
5921,386
2779,1684
4267,2111
1963,1098
1872,2700
5910,1917
3231,1027
2176,2145
4019,319
5163,936
5280,1521
4216,833
3268,1848
1530,2936
5666,2496
2610,1848
3749,2121
98,1098
273,1853
734,3002
2582,1520
5517,2373
3433,2824
4641,2702
458,852
2822,2670
3123,1844
945,970
3627,1377
1118,898
5046,1475
3129,1100
228,1329
4383,1131
2277,1823
2917,1217
4331,1695
3118,2439
2717,2095
4200,2178
781,1478
5921,1675
2455,2095
4981,299
5824,1742
719,2320
1407,1940
2714,1797
4790,2394
1055,734
2586,299
3415,1844
4671,2702
2720,299
3563,1742
1701,1074
641,1848
3301,2496
3330,982
317,970
5570,1044
451,970
181,1109
4279,1131
258,1329
3797,3077
5590,1696
4158,2302
932,2963
2983,120
1565,1186
2408,2629
5340,1521
3177,925
4598,130
3378,2901
1117,2716
4073,2194
4092,2244
3923,2435
2419,1475
621,2320
1261,960
1426,1027
3709,1917
371,2145
4872,2584
4209,2240
2093,2244
3989,1742
4997,1532
3579,1844
1831,2244
4439,2702
2488,299
4651,895
4735,1532
5585,1702
5946,927
5323,1702
1655,2018
3098,982
2819,1567
2456,1515
5775,1045
1417,160
3755,757
1628,2824
1227,2480
2440,2702
5620,1696
4207,100
3350,2923
1679,1823
2940,3025
2911,2095
4286,1147
4702,79
4890,130
5929,2451
4220,2779
4459,1075
460,1032
4197,1075
2143,1957
4371,2194
4407,2605
3920,43
4768,1830
1485,1957
4773,2174
5030,1830
2951,181
3534,2451
3873,1917
798,1027
970,1511
3568,1281
4652,1655
5858,706
2179,833
3495,2496
5506,2698
647,1797
2204,1829
2863,1465
3214,2
3262,982
4043,1547
5043,722
4208,1614
228,1813
3306,2974
2208,2702
1086,1844
5859,1281
4122,2779
5631,1831
2608,1131
1947,1614
489,807
360,2871
2450,3174
2123,2779
844,217
1653,386
3277,2394
1391,386
5207,722
398,130
2805,2584
258,1813
1029,936
5568,2421
5306,2421
2188,895
3148,2923
3580,2580
235,1829
3060,824
3208,722
4010,2164
2148,1496
2905,721
85,2824
1167,2563
3708,1045
4536,1456
5718,2365
2036,2194
1272,1044
1683,386
320,597
2142,146
2701,1830
590,2178
2068,1917
1304,1521
1653,1675
3167,1071
5108,2786
975,299
663,936
4171,927
2428,1671
3214,2580
707,2174
3312,2923
3348,2580
4566,1456
4338,286
1528,3077
5604,2586
3758,2451
158,2871
4621,574
2422,1075
3296,1831
2172,146
1759,2451
1683,1675
2935,1071
249,3174
3105,1482
5467,2473
2062,1671
5092,1098
2196,1671
4904,1047
2431,2477
2099,1738
342,2584
5774,903
3468,2473
383,895
2843,2421
5811,970
4651,574
5112,969
4551,2622
2803,3022
4219,1883
3823,1883
5618,1329
485,2111
172,1614
273,1666
4096,2981
663,131
2960,727
365,2194
3312,2118
3432,722
2372,742
567,608
3237,2698
4811,2145
2873,2421
631,1532
4165,2936
5646,2946
823,1702
2358,2729
5648,1329
5453,2551
5849,2551
4350,2689
2230,2729
2237,1456
3362,1831
5936,1207
5734,2012
3604,2118
2881,969
367,146
3541,1015
1526,1071
397,2240
3790,1719
1773,1702
2903,2421
4044,323
929,2478
915,2580
1280,1015
1963,1045
5416,1329
4017,1883
4006,970
3173,969
3242,574
31,2267
380,2421
2911,969
3307,969
3610,970
3549,2946
5511,1566
1895,2981
656,1538
1131,1831
5644,2095
5439,2629
2280,1102
1308,969
4534,308
4909,185
4621,2936
240,2791
2456,2267
1365,722
5618,1813
19,1102
5015,1520
4298,970
3697,1504
1417,323
806,2421
3038,2622
3349,2484
3640,970
4471,898
5749,1515
29,2729
1872,903
36,1456
1161,1831
3319,1329
3193,2910
4838,1823
4360,1067
5808,2095
942,969
1379,970
1976,2946
1019,435
5768,2696
465,815
2433,2633
924,1329
213,2257
4389,2936
5292,2178
3413,2095
1078,1015
2365,1186
3344,46
3485,1217
3750,734
5703,1520
4221,319
1098,2421
1595,2473
1199,2473
2715,2504
824,1098
1574,2350
3408,970
3732,1848
3940,1797
4913,2532
4082,160
3046,1520
1554,1883
4288,2480
3899,1207
4369,1910
1366,2586
4458,2891
1805,970
5136,1823
1106,969
1348,2946
1634,1088
1768,1088
2554,1997
52,2689
90,2981
828,2910
3844,2439
3978,2439
4871,27
4933,905
4671,905
5471,1520
4743,27
3574,1797
1781,734
2256,1027
5301,2240
1915,734
485,2729
3379,1329
3446,299
4053,2963
5481,895
5166,1823
1496,1504
1239,1848
1177,970
1573,970
2693,1001
4190,982
2039,211
4809,2717
3286,1515
4415,1100
4833,859
5552,546
4877,1131
3943,2044
4428,3025
5839,1542
2101,308
5532,833
2507,2716
4167,217
2909,2696
2584,2936
2188,2936
4000,1797
1018,1098
2981,2572
3497,2866
823,2320
1890,1027
3738,1797
4301,971
3822,936
4318,386
5011,2824
5682,777
5727,2240
3610,299
4439,1844
4043,1844
4217,2963
4807,2240
2001,1797
2952,299
5249,895
1603,970
2057,386
4813,1496
2172,898
1432,1088
3696,982
5922,2866
2391,2891
3401,1064
5359,2194
5562,79
1713,1515
3036,185
5493,2194
4835,2194
5690,2708
5762,2584
194,1186
2016,735
4318,1675
5099,2240
4509,2963
5896,2584
2007,2901
4261,2861
353,2936
3959,1742
1829,1848
3742,1515
488,2572
3857,1465
4511,757
4523,2080
5464,1614
2248,2963
1379,299
747,1520
30,970
4300,2974
2519,982
3072,1131
2590,3077
4424,2451
704,1823
4162,2451
4909,1742
1121,2111
1897,2332
2604,2194
85,1027
4288,1809
5329,1547
2896,1844
2942,2189
1514,1813
4881,3077
2957,777
5015,3077
3874,2923
4547,1511
3528,1532
4378,1702
2258,2496
2153,982
1600,2496
3068,1547
1720,1100
4850,2451
3752,2179
3449,2178
190,2891
4588,2451
4927,1917
2817,1147
2798,905
3073,2830
5707,2257
1237,1131
1722,2866
1715,1695
3690,2240
4779,706
3433,2584
1544,1813
3760,727
3820,1532
3262,2702
2154,1742
2579,982
2453,2563
1429,2240
4598,1045
269,1844
878,2891
2388,3077
4222,2451
2159,3025
645,1377
2372,100
660,3163
104,2716
1668,1475
919,2111
2182,1696
2,2439
4107,2878
1242,2764
1512,181
3795,1071
2446,1742
3984,1532
422,2244
2332,2394
50,386
1342,1655
2221,2563
20,1675
3805,2698
37,1844
211,2963
171,1844
2055,3025
4407,1076
57,2496
413,1377
3448,1902
1345,2111
5820,1329
2933,1456
553,3077
4629,2586
2783,2451
1501,372
1482,130
2521,2451
2464,1917
3825,1071
550,2779
4633,1015
4237,1015
1489,2240
965,2240
1340,2117
3303,2837
3995,2421
118,1809
1360,2769
68,2
2494,2698
3218,2729
3225,1456
5441,2622
5210,2689
538,1614
3855,1071
993,2194
3985,1329
4737,964
5043,482
146,43
757,1917
4005,1015
5523,1873
452,1281
1257,2240
5285,15
4968,308
3903,738
2695,2580
232,2
3814,2386
949,3026
4963,903
1009,3077
4615,1883
1764,2421
747,3077
2581,2451
4470,970
3472,2622
5731,2926
4167,969
1806,2832
4277,1329
2597,1641
5207,482
1554,1830
2416,1071
5060,1186
1772,969
2510,706
4177,1098
598,1641
5085,2936
4625,1131
33,2394
1189,2082
5079,2367
4993,903
402,1702
1928,2421
763,927
4562,1848
474,824
3502,2622
632,2164
3636,2622
4374,2551
5158,2633
889,2729
2384,1883
5748,1186
1701,163
398,1179
88,2451
384,1281
22,1831
4306,323
2596,1015
1061,742
4079,1098
4674,2439
4872,734
2845,1719
3084,15
3480,15
4904,2901
1528,2837
5250,1848
232,2580
5127,2946
4664,970
3666,2622
1085,2267
689,2267
4402,970
1188,1456
3813,1329
3906,1520
2051,1831
5105,1844
1846,2365
3751,2171
3821,2910
2787,2653
4060,2926
4897,2080
5243,1027
5406,1957
3851,308
1822,2910
2147,2478
361,2586
3525,1047
3871,1684
4234,46
3248,15
4442,2439
5111,319
1871,1082
4756,1848
0,2580
286,722
2598,2350
5148,386
2641,734
5803,2532
4239,1329
956,1456
5135,1844
3538,2413
293,2832
4670,1515
4090,2926
2634,2946
2703,2551
3845,2341
1338,2689
1365,2792
653,2586
2439,2478
5011,1027
4801,1217
4811,1905
4210,2439
5927,2194
5423,971
4019,1181
5643,2435
4598,1797
2671,734
644,1719
4424,2398
3608,1058
4943,2963
2560,903
516,2473
2634,852
3133,2485
4470,299
2203,1797
2201,970
410,734
2733,2551
5767,1131
3399,1823
512,1950
4235,2095
4261,1064
2504,1910
5482,1147
1122,2633
2633,2320
4169,1475
4890,1797
1975,2320
2266,806
674,1719
2532,925
5593,1917
3702,319
4973,2963
5571,1377
834,2351
1149,1231
1901,1058
2763,2551
2501,2551
3277,2772
3984,2634
1377,1058
4190,2702
329,903
3068,1844
3350,2496
294,1848
134,435
2868,1032
2930,1910
366,970
2341,1515
4607,546
3932,1131
5623,1917
1084,1186
2548,1027
2944,1027
2405,2439
4876,936
3236,2367
180,1719
3709,2779
4530,299
3929,833
300,323
1160,1181
2036,2572
2545,1695
342,734
3494,1844
5347,706
5696,1614
3246,1742
2007,299
5727,927
978,386
5238,1702
398,1797
2633,1515
532,2551
5513,217
3632,2717
1099,1844
2692,2095
887,1207
5634,1675
5744,1281
5052,2451
3939,1147
2168,2095
3262,905
3990,146
4919,2861
2407,2111
523,1684
4520,146
5763,742
1804,2572
431,2095
4159,2584
4109,777
1960,79
2356,833
3142,1742
3892,2240
2094,833
3276,1742
1514,2244
5757,927
1008,386
1775,299
5891,927
488,1848
4958,722
4294,1496
880,386
2401,1515
4032,1496
1525,1844
4388,1131
64,1520
3906,3077
4405,546
867,1844
1041,2963
1342,2891
2419,1532
2519,2702
1371,1377
2861,2439
2959,2974
4776,2179
4907,1696
5512,1281
5264,1179
1317,2080
4276,1075
5511,1810
886,3025
1863,1058
4597,1655
1682,2178
273,2044
5158,2
1365,27
1659,2194
3044,1742
5298,1702
5432,1702
5817,2267
2324,2584
1923,2240
2153,2702
1045,1742
2989,2974
2975,824
1208,982
497,1910
946,982
5079,1025
4306,1075
4089,286
5343,1071
1738,1147
1122,2901
24,2629
368,2439
659,925
2928,1917
3324,1917
2085,2194
3074,1742
276,2850
5142,2478
2057,146
5066,1702
5462,1702
2972,1465
4407,568
4756,722
1953,2240
3940,1102
2579,2702
2121,1070
366,299
1209,1742
3153,2974
4177,1045
334,1515
4871,2365
3816,2729
1569,1496
5344,1831
2128,3180
1925,1131
5511,1005
5707,1883
4270,455
1429,927
5464,435
4710,727
4990,2480
4302,2622
3149,2451
1351,1044
3689,1641
1457,2194
5492,1702
5127,1015
5261,1015
1336,1675
185,79
2117,2240
2134,1655
2518,2584
3325,2118
262,299
742,936
869,2963
105,1813
2247,1532
3438,1241
4116,927
977,1742
581,1742
2635,2580
2358,2302
1809,3026
5427,903
778,1532
1719,100
2758,2421
3475,1281
2107,1902
1981,2729
1592,1456
1979,1902
4164,2257
3959,2791
4940,2478
5336,2478
2548,2584
41,2178
1519,1917
4531,738
1007,1742
2001,1102
4704,2386
4279,1456
3914,15
5767,1883
1214,2974
412,1532
5622,970
5427,2192
5360,970
1000,1702
1781,2267
4362,2622
891,2698
1749,2729
4399,2689
2881,1831
527,2421
742,131
3923,2171
4219,1001
2121,1554
5268,2320
3105,2478
3134,964
312,2240
317,2584
4085,1940
2724,2786
5470,734
5487,903
280,2702
533,896
4110,2936
5390,970
1116,722
720,722
3027,2006
1317,2698
3428,2350
458,722
3932,1883
2048,1456
2175,2729
5002,2551
3670,1883
2968,2365
91,3180
1065,1696
800,2179
1390,1456
4071,2981
557,2421
5017,2859
127,1147
510,131
4383,1001
300,1075
1676,2981
50,146
3486,1015
4983,996
3668,2941
5762,734
2682,2910
5490,46
770,435
388,141
3853,1940
5616,1848
4556,2622
2386,1047
2909,3074
4626,1109
2921,2145
2263,2145
157,2837
1714,1179
4279,1001
3214,677
5530,1515
4912,2634
2529,574
3384,1088
2704,1329
1479,3002
942,1831
3566,2822
1133,2365
1234,3171
4030,482
1251,2586
5267,2044
3481,1960
934,435
538,435
1035,1241
3623,323
904,2478
1255,1015
4006,1027
518,722
1788,1478
3309,1853
4814,1695
2863,46
98,1102
2293,2145
5803,2963
5330,299
5679,1207
4698,1520
3585,970
627,665
1647,2936
3063,1797
3061,970
3262,2946
4377,2633
3926,482
3002,1329
4067,1653
4542,2700
1283,969
4259,1823
3913,1186
988,1021
568,435
158,2257
4072,2936
3962,1078
2902,1098
1023,1015
5939,1696
1883,1873
3700,1078
4844,1695
3433,734
2772,1217
1939,2936
1655,3177
3353,970
903,1098
3489,1797
3148,1504
4268,1535
2604,2572
4233,2480
1996,2689
3369,160
3844,1207
3978,1207
5597,2871
5521,2095
1488,970
3132,1910
66,574
2098,1653
704,2551
1033,1329
5835,1696
5532,1695
2999,2320
3725,734
4358,2367
5299,181
1842,3161
4471,2244
5128,299
5212,936
4209,2244
5709,1742
2127,1078
2861,1797
4057,160
3496,1813
3661,160
2759,1520
3602,2963
5906,1532
2210,2244
2148,1366
5030,895
3395,2670
4768,895
1580,1848
4620,2717
1256,970
3582,2496
4358,2717
3231,1515
607,524
1347,1088
2665,2824
4919,1064
5223,1475
405,1329
4340,3077
4956,1131
3552,2095
5300,1695
4980,27
5912,2451
5900,936
1497,1032
1545,2012
3028,2095
177,2633
4733,2779
5012,2194
5504,936
5638,936
3867,386
1494,734
3526,1813
1628,734
243,1940
826,46
2361,319
4752,2240
2636,2244
564,46
5014,2240
5031,1655
3814,1691
4201,2891
4982,2702
1684,1797
2635,299
5901,757
1086,1848
2657,2532
5248,1131
3818,120
1775,2824
3396,2871
3819,2974
1613,2496
4810,905
694,1997
5835,1830
4725,43
36,1997
5148,146
3465,1695
3360,181
1603,1027
2542,2178
4414,1844
2666,2244
5274,2702
3770,1742
2404,2244
2741,1075
3061,299
1714,1797
3844,1691
2032,386
5224,895
1856,160
4526,1496
3091,141
928,299
2153,1844
2910,1823
3670,757
2701,895
1999,1377
1672,982
175,1001
1426,1515
2429,207
5168,1902
5543,1025
3296,546
462,1997
3065,2111
3430,546
3650,1044
5584,1588
2490,1614
649,1823
2579,905
3833,936
2549,2194
1482,1797
5341,2769
2777,1829
2032,1675
2813,2240
5695,1015
3701,2702
1808,1967
2183,1844
2964,1655
2331,1742
1935,1742
4168,3077
4519,1614
5715,2421
1673,1742
660,642
3617,2974
2029,1377
3665,1702
778,1829
2163,1377
1789,2856
1940,3025
2919,1131
333,1186
1811,925
1253,2095
1690,2096
1230,2111
3069,1829
572,2111
2045,1506
3867,1809
5508,2478
3390,1655
286,27
1585,1521
709,130
1148,1520
1602,936
203,2244
917,833
1256,299
2099,1742
3111,2240
3765,1532
4272,3026
4580,927
2587,742
4872,2267
5605,1098
3309,1666
1970,3025
2288,1614
1782,2974
581,1823
1756,1753
3833,131
4301,2451
1212,1131
3336,2708
292,1131
1397,130
1894,936
3358,777
3141,2240
3420,1655
331,2779
3263,1671
978,146
2203,1691
4183,2580
3013,742
1275,1830
4207,722
388,2532
484,2240
1668,1532
439,777
976,2702
2148,2923
5024,163
731,2871
5521,969
3267,2729
5765,1329
5503,1329
4849,2791
4574,2586
1895,1696
2332,2451
5639,2910
4166,1071
3861,435
1662,936
4160,2946
822,3174
378,2194
1008,146
719,43
734,1075
2233,1691
3241,727
4117,2118
880,146
1286,1588
3951,2580
4218,2924
4684,2165
5861,1976
814,2532
1545,536
4699,2473
146,1844
359,2891
2348,2580
2909,927
1828,824
5947,969
1976,722
3982,2832
5501,2572
520,1496
2110,1476
284,2717
5795,1329
5533,1329
889,2302
1894,131
1689,665
3552,969
1838,2451
1370,131
1162,1902
542,2194
3534,1329
5129,1653
1772,1831
5507,1047
1140,608
4199,1719
4975,1186
1466,1532
3809,2473
5748,1109
5906,1695
4361,734
2284,2164
1243,3180
4560,1883
5563,1329
4372,2586
4415,970
1581,2421
3417,2622
3716,969
4153,970
5924,2859
2893,2622
668,1902
2373,2586
432,871
4071,379
1325,1677
1965,1071
1703,1071
5030,2936
5343,1181
4617,323
4768,2936
2386,1478
5820,1520
5209,1366
4512,2192
1215,2421
446,927
2082,2006
3880,969
3319,2622
5896,1515
2228,1831
913,3022
1966,1831
572,2729
2864,2981
5381,1823
183,1456
1365,2365
295,2451
5693,1186
33,2451
1881,969
924,2622
2519,2946
5194,2936
3695,2320
4822,1078
4426,1078
4896,1027
1561,964
3029,15
3894,1217
2884,1354
4480,560
2004,2473
5619,833
1763,1098
5333,1001
1549,2832
83,2164
1996,1831
5050,1844
5807,1823
2990,2689
4442,1207
1952,970
1649,969
3743,2926
2564,1534
4054,1098
3554,1684
1315,2786
1554,1082
2567,2936
2701,2936
3379,2622
2665,1027
1744,2145
1656,46
5214,1844
3474,2859
4210,1207
5060,1377
4222,1032
1679,969
1720,970
786,1883
2993,1997
1090,574
1701,2448
5816,1131
4417,2439
4155,2439
2610,1478
514,2858
2326,1719
2405,2012
2419,1910
4385,2901
4936,560
5476,2194
290,898
5593,2779
4727,386
1981,1684
2024,2320
2731,2936
902,2216
2036,2145
4281,1797
566,15
707,1186
841,1940
4848,1844
4982,1844
2776,1366
1812,1848
4472,2496
1098,815
4902,2080
4272,1684
2899,1207
2503,1207
3062,2891
2998,1186
4185,2439
147,970
4677,2901
5689,1147
3992,2044
4419,2111
5902,2194
2256,1515
1158,1997
4157,2111
5153,386
3895,2111
3150,1957
108,1015
4220,181
3905,1109
5257,1675
5288,1742
3844,833
5872,2702
1906,1109
4483,2
3922,1655
5386,1496
2657,2963
1893,1813
5876,1131
5621,2302
1552,1520
4842,120
5700,905
3974,1064
3067,2080
350,898
4987,2164
5787,2779
1628,1515
652,2926
3663,2111
4957,43
1509,1823
850,2941
2770,3025
5153,1675
767,1186
5363,2451
5511,1383
4705,2451
5056,1742
3765,1829
2342,1797
5678,742
1977,1110
5442,2717
5812,1496
3043,1844
4299,2702
3903,2702
4511,895
4896,706
2559,2963
176,903
269,1848
603,970
3547,1377
661,386
4813,2923
81,1797
4859,824
3940,2769
5162,3077
2835,2080
588,847
3383,1131
1673,1823
2189,2871
2872,2901
3803,27
5220,1742
3384,43
1694,2111
992,2593
4032,2708
2124,1695
1859,2178
119,2439
3056,1675
3842,2584
4233,2240
4238,2584
4279,895
5440,927
2563,1742
801,2244
37,1848
171,1848
4078,2302
5311,1456
3544,1614
1025,2891
1622,895
1159,2891
2463,1511
2886,1614
1957,2871
5195,1281
85,1515
5439,1641
4134,1830
2747,2209
283,2439
1761,2178
1995,130
1914,3174
976,905
2096,936
3239,1917
4393,1532
3727,1671
4484,896
4694,706
2727,1742
4981,1702
2405,1691
5762,2267
1340,2121
4000,2769
2269,2584
691,1675
3738,2769
2229,1465
1909,2049
3349,1496
2019,1655
3091,706
147,299
986,2532
1344,2240
1299,777
2755,757
3574,1614
2328,3164
466,2496
2720,1702
495,982
233,982
3342,1456
3531,1917
1965,79
4630,1071
736,1044
1594,1075
5042,1015
319,1695
659,43
4518,1015
2037,2584
2049,1655
1770,2240
5371,1456
4800,2421
5767,1456
388,2963
3012,1702
4538,2421
1604,2702
1554,895
3846,1147
921,982
1776,1496
3761,2729
4456,1076
1615,2302
1388,3077
1025,3025
3886,1677
1,2702
3220,870
2960,2451
501,3025
1432,905
1451,1147
5642,2858
4489,435
2020,1075
4341,2257
4475,2257
5848,482
660,1557
5517,877
4994,2822
4548,1015
823,43
2062,2240
2067,2584
2017,777
814,2963
788,1742
2326,1532
2056,1671
5488,1078
3232,1045
689,982
1148,1496
4980,2365
1769,1614
31,2702
628,706
1552,3077
867,2974
2569,2421
3670,1456
4277,2622
519,1702
457,824
273,2235
1233,1045
3024,1281
4838,969
5476,2946
1790,1902
4383,574
314,546
1105,1045
1566,2194
3421,1883
3770,2791
4820,1329
5738,2165
2782,435
3009,2878
1068,1917
806,1917
2138,141
5890,2936
5628,2936
2610,2580
5652,1078
2634,722
1684,1102
1727,1738
2372,722
3955,2729
491,1532
186,896
2075,2421
683,1702
1044,1681
5915,899
3847,1883
1567,1456
1694,2729
5839,1843
4326,1329
3001,2586
497,2451
2274,2257
794,1691
1458,1671
2327,1329
5443,2782
644,2878
2743,1015
5281,734
5360,1027
1714,1102
1361,1738
4754,1217
5313,2901
5718,735
65,727
975,1702
206,208
3793,2936
343,2923
2239,2421
1494,2267
4873,1848
5073,970
1628,2267
482,1015
3813,2622
4541,1109
4374,2689
4618,1329
5904,898
2460,1831
3000,1021
116,665
2714,435
3208,970
3932,1001
3073,2997
3670,1001
857,1831
3866,2633
4592,1047
25,2240
5183,734
42,1655
1482,1102
5417,2850
71,141
1079,1651
3823,2936
5239,1797
3561,2936
1634,1873
908,1015
512,1015
2458,3074
3847,1078
4239,2622
4309,1109
5639,2670
1499,1456
3810,1950
4217,1520
3411,898
1950,574
2783,1329
4436,1823
1091,1072
4028,308
3687,15
3821,15
3217,1032
1635,2633
3591,2936
2488,2320
4300,1181
616,964
4905,1520
4879,299
4643,1520
5842,1844
3330,1848
2872,970
2746,1797
5361,982
4005,2926
5359,2629
5307,2439
2499,2859
5441,2439
5537,2901
1067,1021
3596,1186
647,435
160,2791
583,2894
3176,2320
3501,2080
2914,2320
5185,1695
1859,1186
3244,734
1284,2941
4527,1695
1931,308
4923,1695
3672,2901
4935,1520
5738,1844
5797,2451
4704,833
5043,299
4807,1520
5872,1844
827,2473
1622,2936
4148,386
4595,1829
5011,1515
2435,1504
983,734
1062,1027
5343,2
4178,2480
5496,2496
2581,1329
141,2145
3651,2963
1679,2689
3972,1823
837,1848
649,2551
4768,2696
5914,1696
2901,1684
3353,1027
4953,1695
2023,1186
1627,1186
2747,1217
5073,299
3923,1557
3202,1797
1703,1181
5817,982
354,1098
4571,2532
751,734
1238,852
1444,3172
5267,2235
4699,2717
746,1329
5286,1696
3471,120
358,2910
3309,2044
4630,79
2973,2095
3470,2901
5758,1691
4208,386
5051,1829
1019,1838
312,1976
4393,1829
5360,2584
5372,1655
3935,1917
955,1853
5048,777
5619,1532
2637,833
2580,299
3423,1742
1661,2244
4175,1377
4531,2702
3913,1377
969,970
709,1797
2548,1515
798,1088
581,2551
1715,2480
3198,2563
3630,2974
1410,1844
1792,2700
3764,2974
4535,1131
5759,2451
4329,2194
4819,1829
4227,1917
218,1186
302,1823
5123,2240
4732,2584
5839,1656
2956,936
1564,217
378,2572
4793,1547
4867,1496
333,1109
1947,1675
2733,2584
2098,1844
2879,1655
3228,2563
3863,859
4419,3026
437,2398
1440,1844
2696,2702
4840,2302
5296,855
5368,2421
5630,2421
1787,2891
5113,1902
2236,2717
3595,1044
4727,146
2583,546
777,2439
2986,936
2081,2779
3036,299
2454,1075
749,2111
783,1695
769,1797
2763,2584
3293,2584
1715,1675
259,1695
2451,777
3401,2117
4187,3026
4509,3077
1618,1742
3072,895
1356,1742
3240,2923
1781,982
3016,963
4062,1045
1338,2856
4628,1456
5116,2708
362,1823
878,2871
3137,2421
5668,969
2920,2194
5423,1138
1407,1680
2496,146
104,2696
517,2111
2752,1829
551,1695
4665,1496
2927,2584
3655,1071
1898,1917
1278,2963
103,27
2756,2702
3774,1702
4555,2267
1062,2584
1635,2
2008,1496
1012,777
3830,1045
4792,1456
5088,286
1240,2856
1593,2974
2016,3077
3004,737
1202,120
2986,131
5830,2586
3636,1179
4818,2088
809,2111
4286,2981
895,1131
198,1957
516,546
2121,1558
3735,2878
2171,1675
1723,2451
1327,2451
1621,2174
3484,2478
5676,806
1756,1810
259,1829
429,2240
71,2532
1136,2856
1444,757
4589,2386
5511,2432
1409,1702
1743,824
1770,927
4310,1281
2324,2267
958,2769
5204,969
2554,2729
2561,1456
3686,1831
4044,1539
4257,2586
5542,964
4931,810
3241,2878
3404,2118
5610,1098
1611,1055
1050,2708
3834,1702
3865,1015
5482,1098
464,2584
698,536
1163,141
1433,2
4590,1456
4762,1940
4710,2504
689,2702
2458,927
2965,2421
5594,1504
5733,1848
4673,2622
2063,1337
4346,2227
5523,2792
5545,2551
2591,1456
5941,2551
3879,1071
1387,2451
3574,435
3631,969
487,2194
2412,2622
4726,2633
818,2708
3633,1015
4889,1873
5899,46
5909,734
5778,1217
4150,2473
4136,323
5476,2572
1372,1015
386,1738
5575,2551
2621,1456
4243,1883
2655,286
955,1666
1392,2421
3661,969
868,2421
56,1045
3903,2946
3072,574
4560,1001
138,855
749,2729
1747,1831
3710,2551
3842,2478
1777,3171
1725,2981
5808,1217
4426,1940
4992,2351
3433,738
1695,2580
3610,2320
1433,2580
2548,2267
3677,1098
1044,1307
4468,2351
1061,722
3747,339
5024,354
5619,1695
2069,1478
4268,1539
5477,299
3732,970
3429,969
3102,574
5930,806
4223,1207
4214,1653
2509,2689
3149,1329
4610,1653
5646,1047
4852,1186
1564,969
1237,574
906,969
1150,1329
4505,1078
2144,2941
5463,27
1335,1082
4136,2901
25,927
4333,971
1446,1098
2055,1179
809,2729
3534,1520
3582,2500
4115,2963
1945,1950
2375,1534
5890,2696
4787,2080
1509,2551
5186,2351
4871,1027
3341,1098
4535,1078
3904,2901
3187,2351
2825,1181
2646,2936
3800,1797
3528,1109
4145,2963
4515,1742
1665,970
2496,898
1935,2551
3334,1997
4817,2080
5271,1496
355,815
1673,2551
207,1883
3834,2320
5365,1131
3259,1823
786,1001
1,2946
5789,146
4106,1695
1177,2320
4842,43
2361,1612
5238,43
5824,2584
2438,1078
3441,524
3558,1109
4234,160
2670,2367
2508,319
2012,2367
5006,2891
4679,1742
2153,1848
4813,2496
1829,970
4446,982
1065,574
4965,1547
1777,2500
2369,160
273,1540
1756,1623
1374,1329
2441,2480
2532,1844
44,2242
2580,2824
3423,1823
4228,2974
5412,546
2483,2891
986,2910
1060,2859
5372,1147
55,1088
5268,43
5679,1829
3134,1131
1298,1684
3182,2111
2067,734
3758,1520
3092,905
3441,1813
5721,2240
1263,185
4313,1742
4473,2963
2183,1848
4581,2496
1995,1797
2375,2018
3989,2584
2545,1675
3326,2240
3722,2240
5556,1614
4943,3077
2696,1844
2474,2963
3057,1823
2582,2496
4070,2923
3012,2080
5140,1147
1267,1997
955,2634
2863,1957
4423,1506
4067,181
3511,2178
1966,1217
5663,141
3557,833
3500,299
3691,833
4611,2496
5361,742
4014,2240
2068,181
5605,1102
5369,3077
4973,3077
4555,120
2860,1844
1239,299
4928,1614
4485,1044
1603,1515
1324,2100
4619,1044
658,2239
3991,1475
5505,871
3108,3077
3063,1614
4240,2179
2483,3025
5076,2451
4608,131
1340,2044
707,1377
2756,905
3286,905
3926,299
4002,1075
4418,2451
5855,2189
1596,1475
3356,146
2843,2779
639,2936
3490,146
2098,181
1146,2178
3782,2240
3682,1070
4871,706
2756,1844
861,2194
1064,833
1897,1588
1217,1829
3380,1671
3700,895
5596,1147
5610,1045
3264,1496
5814,286
1760,536
1149,2634
3534,3077
2586,120
5905,1902
3771,546
1252,1823
4561,665
2088,2095
4710,2451
4744,1281
4878,1281
33,1032
3087,1045
1325,1547
1669,2111
4346,2174
287,2080
89,2095
4545,1071
835,1131
2745,1281
109,1027
1074,1147
1597,3174
217,560
2934,1742
4639,706
4988,2580
2350,1691
4695,1015
538,386
5675,2729
931,2532
3519,1614
100,160
1781,2702
659,1844
4816,2473
2644,3077
96,2670
5170,1281
4922,1179
5765,2622
959,1547
4171,2708
4709,1071
4461,969
1231,3174
1776,2708
5367,482
649,1506
4360,2580
568,386
2108,1003
4859,1015
1720,2584
4712,1719
5815,2335
1336,1655
3332,3077
71,2963
2325,2923
2433,1702
1848,2769
2519,722
4895,2365
342,982
827,2717
1044,1254
4838,1831
32,2
5483,815
675,3077
2793,1456
2232,665
1545,2179
1407,2245
2921,1641
2336,2708
644,2451
2082,1071
382,2451
3598,1102
2787,2580
2033,2118
3640,2267
5856,1181
4856,2006
1489,1496
2232,1015
5563,2622
4527,784
779,3026
4824,970
1990,2421
206,3164
3127,1867
536,824
5159,2946
4598,435
2951,1641
4969,2822
5707,1997
2083,1831
808,2451
5548,1186
355,1917
2246,1071
4510,1719
489,1917
5613,2335
4644,2473
2392,896
4778,2473
4866,2320
2493,1702
2524,1015
2703,2478
2293,2580
4403,1098
2262,1015
1257,1496
1763,1102
3674,2386
5085,903
663,757
1117,927
494,1702
5451,2192
4890,435
2154,2421
232,1702
1758,2421
2190,2832
32,2580
5122,970
2558,784
4531,2946
3466,2622
1666,2832
4137,1329
2946,2586
2538,1071
5833,15
442,2451
738,1281
5363,1032
650,2400
3726,2926
1537,1671
4567,1098
2688,1015
4634,2320
5360,734
4699,1217
277,1071
800,3098
1397,1102
5569,319
70,1532
5080,1848
5123,2484
5472,386
4756,970
4388,574
848,1045
5767,1997
3399,2689
2757,970
5059,1910
1796,969
3902,1997
2763,2478
2501,2478
4402,2320
5431,735
3206,15
4500,1165
398,435
5231,2367
5577,560
5764,386
3768,2936
5643,1557
1099,482
4786,970
1603,2267
4848,1848
240,2478
135,964
2733,734
1778,3022
2549,2145
2564,3177
3208,1027
4920,970
4982,1848
5056,2551
5472,1675
5423,1032
5469,1377
2525,970
4827,1910
5223,1910
4194,1997
2750,1088
2211,2500
623,903
1168,2689
103,2365
3711,308
617,2586
5159,1336
3536,2936
3274,2936
2763,734
225,1015
5490,160
5240,1675
4958,299
608,2473
5169,2963
2264,2484
595,3177
5702,982
2429,1797
2780,1088
2563,2551
4046,2634
3392,1844
1198,2689
465,852
4723,2095
616,1021
690,970
5547,1044
2665,1515
495,2946
302,2551
2396,1098
5334,936
1614,308
4938,936
5072,936
4069,2244
4330,299
5173,1742
3043,1848
1305,2936
2697,1211
3471,43
2855,1797
2127,1058
1062,734
2593,2551
5929,1496
2863,160
495,852
5758,1614
3442,2496
3798,1377
4500,1649
21,969
3857,1957
2322,1684
4471,130
4371,2178
2826,1217
4099,2244
3166,319
4706,936
4756,299
3069,386
366,2320
696,734
3435,1675
3848,1844
5627,757
4446,2702
3324,1844
5817,100
750,970
1980,2859
946,1848
1204,386
789,144
218,1109
3105,982
3170,1377
4134,895
362,2551
4349,2769
5847,2194
2982,2080
5865,1456
1284,1843
5705,43
4575,79
2527,2439
3358,2367
1078,1186
4736,936
4478,146
5763,1742
425,806
1201,1027
461,1217
2402,2178
662,2439
3133,936
3279,2451
3465,1675
3599,1675
3191,160
4872,2702
2031,3174
3354,1844
916,1797
3858,1377
4560,895
3240,2496
3596,1377
318,1848
652,970
466,2500
2398,1655
3709,2974
1002,2480
4763,665
2347,2629
628,1515
2450,1064
3995,2779
3695,43
3891,1675
2351,1058
5405,1071
4980,141
2841,131
1853,27
4936,1532
1751,2194
610,1848
5128,1702
5555,1015
3404,2496
343,1504
2903,982
1630,1675
174,1695
2043,1844
1781,1844
1385,1844
2641,2702
3766,3077
3403,3025
4014,927
777,1207
2329,895
2819,2974
1009,2496
2609,3164
4534,1902
1129,1100
5272,1831
4902,608
485,806
3133,131
4031,1281
722,2439
3635,1281
3327,936
3812,1917
1883,27
2091,3174
1764,2779
1017,1044
2271,1829
903,1696
3069,1809
5323,1015
2580,2584
1811,1844
787,1521
1563,1742
324,299
1934,1655
2621,895
458,299
3244,120
5706,2473
2147,2702
4007,1045
2942,721
70,2634
3745,1045
4189,2779
5223,784
4311,1456
5436,1831
2418,1475
2554,2302
307,1823
5174,1831
2151,1131
910,3025
984,2974
2517,3174
3095,936
249,1064
2255,3174
1047,1044
200,2111
1673,1506
5353,1015
5136,2478
630,1695
365,2178
1447,1917
2605,2240
3204,1071
2622,1655
5408,722
4222,3077
5602,1719
1667,1691
3432,706
2439,2702
149,833
5681,2012
1792,2891
3349,2923
3719,1702
436,1829
40,1829
1494,982
1941,1671
3013,722
3842,2267
4238,2267
623,1655
1598,3025
786,895
1639,3026
474,1532
3327,131
4459,1677
2420,1147
4985,969
5054,574
5119,969
4897,2088
2652,1655
367,130
465,665
852,1865
5682,1082
1387,2963
5797,1032
1361,1742
5817,718
5638,2473
2233,1671
2990,896
5330,2320
5751,2350
379,2584
1127,757
1454,2872
991,896
342,2702
3095,131
2665,2267
2269,2267
3014,2421
5411,969
3860,1883
3631,1831
3235,1831
4360,2206
1428,870
4267,2981
619,2421
5796,1719
3611,2118
2327,2622
3349,2118
2344,2791
2683,2257
2397,1671
5098,2320
3548,1015
4298,15
5824,734
5903,1027
409,2584
4036,15
1995,1102
493,777
1231,706
1207,120
2910,2421
1148,2923
4178,2350
5878,970
5542,1021
5616,970
4618,2622
3214,2832
5248,574
5354,970
3668,3002
1775,2267
2133,2729
3623,1539
5557,1329
4158,1883
5161,1329
4232,2586
5930,379
1045,2421
3166,1071
2063,455
3751,1724
2861,435
132,1902
2329,574
2900,1329
5854,734
3316,1015
1563,1071
5582,46
4341,1940
4232,2936
4545,1181
3258,1976
952,2580
2067,2267
5782,1797
1516,2164
4852,1109
609,3180
3059,46
4198,319
1646,1456
1942,286
4423,2689
660,2179
2296,2504
3344,969
3082,969
3123,970
3259,2551
4243,1001
2930,1329
3200,2910
3840,1550
906,1831
4979,1823
5839,237
4658,2936
5738,1848
5564,1695
4822,1058
1384,1082
5052,1520
1824,1354
1602,2473
3737,1021
3415,970
3215,1848
5856,2
3423,2551
73,1456
503,286
4768,2700
1094,3171
4797,1186
65,2504
4401,1186
5521,1217
1247,969
106,815
524,574
5426,2111
307,2791
646,2257
45,2791
1864,379
3309,170
4128,1027
5332,1695
3589,2439
4262,1027
2140,1186
2274,1940
2561,2936
995,1098
5138,1829
5267,2239
2328,2176
5010,2583
3217,1520
4416,1844
5173,1823
4777,1823
1537,2586
1976,970
1482,435
1212,574
1318,970
1915,2946
5590,2111
1125,1329
1901,1550
414,2257
1147,1088
858,985
2183,482
1615,964
4626,2593
5359,2178
3552,1217
5758,1695
3409,2629
2029,15
5570,2398
3587,2901
1782,323
5302,1829
5376,2532
3483,1797
4943,2584
5076,2240
1795,3002
5427,777
1743,560
4224,2963
4446,1844
5879,120
4554,1377
4361,982
746,2622
1348,970
3323,1515
718,574
5589,546
5310,1131
649,2689
5358,2111
2185,1844
2858,1186
2942,1823
4203,3025
5048,1131
3387,2439
3196,2871
1558,1719
3879,2901
4013,2901
5902,2174
360,1997
5045,833
1256,2320
5332,1829
4093,386
2097,2936
5769,2584
5502,2240
5519,1655
5636,2240
648,185
4476,1844
5732,2702
5336,2702
1440,1848
5239,2769
1118,1797
4081,2
1648,2551
1252,2551
5345,1475
2215,1844
5212,1131
3421,895
64,1073
3837,3025
3911,2974
764,518
3546,2095
210,898
5764,146
4234,217
433,2633
4519,386
2163,2593
269,1478
3708,1110
5487,777
5549,1655
2641,905
5671,2584
5762,2702
3482,1521
96,15
5840,141
3210,833
3101,1829
1296,1695
4159,982
3276,2584
5074,1547
1125,1813
1154,299
4263,3025
2131,2496
2265,2496
1934,2891
1387,1032
4623,2779
5891,2708
4719,43
3630,79
1515,1217
4519,1675
1716,2439
2074,2901
714,2629
2660,2244
2550,386
2586,43
4898,1671
194,2593
2288,386
2720,43
3131,1829
3301,2240
3440,2584
5675,2302
1184,299
2027,1742
948,1520
1855,2224
4867,1045
5560,2729
706,2926
2521,1496
3008,1614
2469,3026
3556,665
1159,2871
2439,905
1505,1064
4452,1742
2488,43
2550,1675
4064,1071
3074,2584
1667,833
2453,1742
1057,1813
952,299
3433,2702
4352,757
2325,2496
3383,895
5360,2267
3202,2769
3135,1547
2044,2
3706,2302
5590,2729
1209,2584
483,2480
1596,1532
2559,3077
1934,3025
4527,2451
3851,1902
874,1547
3097,2194
1937,1044
4029,2174
1438,1131
4949,3083
2824,1281
4703,2118
342,905
1039,833
2221,1742
63,2244
4275,2580
1429,2708
302,1506
3903,722
5620,2729
2581,1496
518,2824
5661,286
5003,286
1393,18
94,2496
3478,2421
971,2769
3225,2729
5097,1641
5816,574
642,1547
3833,1831
3618,1677
2162,2451
4349,435
4392,1071
634,905
1754,936
2239,1917
2296,2451
372,905
1358,1902
604,2194
5050,482
4348,964
5664,1873
1875,2394
1701,2241
1002,2240
1007,2584
2855,1102
1494,2702
386,1742
2108,121
1232,2702
2008,2923
2044,2580
4239,1179
3747,2437
27,1809
2993,2729
3000,1456
5381,2689
1016,3077
3134,1456
4617,1539
331,2974
971,1614
5835,2859
2039,3175
2770,1179
3778,969
569,1045
1756,2298
206,993
5921,1098
1707,1655
5850,2386
1032,2240
3766,2837
5092,2936
2408,1702
4056,1098
3851,2386
5876,574
3157,2729
3193,2386
5807,2689
1760,1666
2768,1456
4289,1831
388,3077
159,3025
4507,970
4641,970
3877,574
2653,1883
5256,1997
5299,2633
1257,2708
2294,1950
4851,1719
5090,15
38,1917
1886,435
3300,2633
2603,1015
2207,1015
2983,482
4836,2350
5569,1181
1312,1102
916,1102
5078,1883
286,706
4768,903
5912,1520
1132,1666
1196,927
2462,2473
3233,2350
177,1702
4246,2484
4597,1021
4719,1950
1441,2421
4933,970
629,1045
4409,970
5252,2413
3249,574
1883,1076
2965,815
1358,2386
3383,574
2421,1883
1067,1456
2507,903
5461,308
2235,969
5607,1823
1577,969
1384,574
1902,2257
561,2981
4274,1684
4329,2145
5122,1027
2066,379
2212,204
3874,2504
450,706
2012,1082
4113,46
4768,2192
3025,2936
341,1702
3042,2351
17,824
3109,1883
3847,1058
3809,574
629,2334
2585,1883
1883,2365
835,1456
2292,1072
2342,435
2440,970
2641,2946
2381,1329
1699,3187
1670,2257
1274,2257
5792,2111
1121,2981
3292,1186
3030,1186
4508,925
124,1071
4471,1797
2375,3177
3189,2936
4526,1504
2757,1027
3947,1797
673,1478
3309,1540
2154,734
273,1544
3709,2413
5192,2496
1210,2622
4964,2080
1182,574
1700,2257
1509,2689
5908,1131
1407,692
562,2586
5732,905
4739,2901
5408,27
3245,185
1653,1098
2957,2936
5661,1675
2446,734
2525,1027
5376,2963
1186,2386
5336,1844
3163,560
1237,2351
4871,1515
2300,1848
1751,2572
4989,982
5935,1614
78,2365
4818,1100
919,2981
945,1950
3832,1823
5456,3077
1003,1366
5715,2779
1293,2633
1372,2926
5732,2194
1238,482
3166,1181
580,482
2175,806
2877,1078
2555,1027
1225,1186
2412,2439
4604,1521
4332,833
988,2936
4639,1515
3367,1844
3501,1844
2752,2480
2014,299
3941,2116
3609,1377
4774,2871
1100,144
64,1504
403,970
3085,1377
1760,2634
4998,1044
342,2946
5059,2451
4228,79
4214,181
4389,936
5222,1691
4960,1691
2756,1848
2207,2572
2568,1797
1116,1027
1945,2572
2172,1797
2886,386
816,735
1659,2178
2332,1520
4440,1655
4512,777
4391,2702
2149,1813
5912,3077
4026,1823
4425,1532
4965,2974
307,2551
3061,2080
3154,3025
3737,1131
2027,1823
4133,1131
2892,3025
4346,2178
2467,2095
2262,2629
3452,1147
3433,905
5312,1742
3550,2244
666,2080
3665,2194
1872,1131
36,1684
2612,1695
1579,2572
2350,1695
2952,43
1099,2901
703,2901
2816,936
2100,1520
1735,79
2886,1675
1900,2398
1155,2244
3667,2240
4555,2702
4935,2923
5069,2923
1160,144
5043,1702
5701,1702
5824,2267
337,1797
4564,1475
4163,1131
3898,1614
682,2963
2294,2702
420,2963
4376,2178
2244,895
1449,1186
4570,2421
2261,1064
1787,2871
1176,2717
3640,43
462,1684
1907,1475
2609,993
1984,1695
518,1027
4355,2240
666,925
2006,3174
1637,833
5104,1015
5207,1702
367,1797
5238,1015
5921,1045
2099,2584
767,2670
2324,2702
450,2963
820,1742
3026,2974
3160,2974
2635,120
3989,2267
2213,2871
4219,2729
3806,870
1932,1131
2345,546
2813,2866
4093,146
1405,1614
1687,546
4,2095
1494,905
2760,2451
2361,490
2748,936
72,1475
2752,1809
1343,1675
2525,2584
615,936
295,1520
5859,1456
480,2963
1232,1844
1958,2702
1380,2496
3300,2580
4800,2832
3938,1147
734,1567
1147,982
460,2496
1472,742
3860,1456
5883,2981
3598,1456
1191,2974
93,2702
795,2974
5294,2586
5239,435
4886,1071
3525,1917
2349,2708
97,1131
145,2111
4159,742
2519,2365
2555,2584
1221,1281
2305,1655
2838,2118
1014,1742
3495,927
2509,896
2872,1702
1148,2496
1886,1671
5522,908
3555,2698
160,2584
1999,1548
289,2240
5129,2145
2195,3180
5423,902
696,120
1176,757
959,2974
2399,2421
4142,1677
5720,2586
3512,1281
2748,131
5167,1848
4802,969
4406,969
3513,1883
5046,1329
4048,2981
2451,1830
615,131
1351,2451
50,130
5449,2473
5829,1940
5830,2350
1063,2923
548,2477
3281,1883
5738,482
3420,2981
416,79
5438,1910
5133,1082
3276,2478
2080,1671
4714,1098
5903,734
217,1532
5432,560
805,1702
4678,2572
5762,2946
495,722
1653,1045
5173,2551
4710,1329
1823,1456
332,2421
3202,435
4134,2859
4158,1001
801,1179
5794,2080
5207,2320
446,2708
2999,1015
1246,1071
5831,2901
3890,1186
3644,1719
4177,2936
1169,824
250,2769
921,722
1000,1015
1683,1045
1502,2165
3276,734
5363,1520
2059,3022
4874,1329
1020,2421
4705,1520
1517,2473
3726,970
3330,970
3390,1021
3464,970
3839,847
2765,969
4346,2341
2942,2551
2613,1329
4516,308
5555,2629
1026,2586
5102,2095
766,969
709,435
3945,2936
2933,1684
3683,2936
5495,1797
2988,2145
708,964
5899,160
5393,1520
5840,2963
5367,299
2189,1940
5451,936
5948,1742
4473,1520
3756,970
2730,574
5849,982
861,2145
1506,1883
4603,2532
4627,2926
1244,1883
1435,3171
1015,1831
4346,1186
5266,2095
3688,1186
796,969
3208,1515
4032,2716
2610,2320
67,2257
1244,2822
2901,806
2677,1098
581,2478
5397,299
2136,185
489,2889
3657,560
4216,2244
5135,299
3190,1848
3978,386
3725,2946
1550,1027
1209,734
5342,777
5221,2702
5558,2095
1129,970
972,2484
2658,2926
1070,1329
5139,2111
3559,2095
2461,1823
1007,2478
2511,1186
919,379
5451,131
4133,2367
5148,130
2300,185
3354,1848
1976,1027
241,2386
2438,1058
3192,1520
375,2386
4391,1844
5155,2240
4989,2702
2642,299
5006,2871
897,970
1494,2946
2440,2824
5303,2111
838,1329
1144,847
5272,546
3990,2439
5206,2178
5643,2179
3401,2044
3490,3025
3466,2439
1534,1032
5663,1865
4555,905
5482,2985
5776,1742
1158,1684
805,2320
4470,43
2042,2936
3076,1695
872,1098
5056,2584
139,15
2814,1695
4789,2240
4199,2963
1086,1027
3937,2963
3541,2963
2777,1813
4969,895
1753,2244
4045,2496
5511,3164
4401,1377
1123,1848
1457,970
3678,982
5686,1475
1009,2500
4761,1131
3520,3025
2140,1377
3919,1044
1040,1032
3029,1475
4453,1917
1096,2095
1230,2095
1168,1217
3823,1521
2324,905
906,1217
1701,1680
2441,2244
4337,1742
2893,833
4075,1742
3753,1691
4104,982
1528,971
4959,1496
3842,982
2844,2634
5019,1547
3303,2394
2909,777
4932,2302
4705,3077
837,299
4660,1614
3624,2974
1948,2496
1552,2496
4217,1044
4530,43
4087,1917
1363,2974
4221,1917
802,1217
2750,905
4312,1281
5262,1655
5711,727
5409,2082
978,130
2984,2240
5718,2837
1998,2963
3476,2702
4207,706
924,833
576,1813
1870,2963
3644,1532
3976,3025
5228,2421
2269,982
2855,2769
4288,1045
1881,2563
5086,1025
2557,1614
2839,546
93,1844
4458,1456
1655,2974
4754,286
2429,1614
3403,130
5760,969
3215,79
2750,2194
5281,742
2075,2779
3118,146
5031,2257
2844,1829
5941,2478
5817,722
5946,2822
3410,2240
1173,1695
2047,2451
3485,1071
880,130
3244,2702
2136,1742
3194,141
723,2398
1900,2963
1874,1742
3278,1532
112,2244
3758,2923
2008,2496
5654,2421
2916,2082
1550,2584
4714,1045
2176,2080
5139,2729
5116,1025
5146,1456
4488,1456
1976,706
1604,1100
5408,2365
5790,969
4852,1918
3976,1281
5924,969
4506,1281
5306,2088
1079,720
1035,2111
2239,2779
5049,742
4173,1071
1155,715
5031,1102
3923,142
4124,2118
4781,927
1061,299
1508,1742
3977,2822
1716,1691
3710,2478
2067,982
3049,2769
1757,2
5339,2386
136,1675
4914,1456
2258,927
1298,2871
1635,1702
4436,1831
5296,2689
2653,1456
889,1131
493,1131
1617,372
3516,1831
2537,1281
5854,738
549,2194
1743,2174
3988,2580
3926,1702
8,2779
1517,1831
5213,1873
551,2240
3681,2837
1086,2584
1177,2702
1927,1702
1765,2872
3334,2729
2580,2267
3017,3022
4765,2622
5111,815
916,1614
5797,1520
2132,1353
4131,2484
3971,1071
3840,1554
3800,435
2900,2622
627,3174
713,2194
1511,2174
4632,1719
4212,379
5117,2700
3537,964
5146,1940
1407,1070
99,1742
5484,1181
587,742
1509,2478
1433,1702
1915,722
1982,2698
2840,2729
1152,3180
1880,2421
3717,3002
2485,286
1618,2421
57,927
4190,970
3135,2088
3887,969
3491,969
4572,1072
5444,1001
2875,471
5244,2633
2336,1883
452,1456
882,286
5634,1098
3829,964
4780,1186
5939,2111
3697,1976
1324,604
2336,2822
4939,2936
4507,1027
1673,2478
5732,2572
4641,1027
4360,1539
2273,2473
337,1102
29,757
1386,2421
4674,386
1704,1010
3521,969
1556,2832
3094,2622
3696,970
3832,2551
2500,1883
616,1456
5948,1823
2312,2586
1918,969
1995,435
1260,969
699,2622
1721,2118
4333,1032
5690,2696
1189,2257
4933,1027
2780,1873
4671,1027
3200,15
367,1102
1499,204
5733,299
86,2580
24,1702
4520,1797
5383,2926
3929,1329
898,1677
2080,2586
5067,1377
1686,969
1125,2622
2847,1001
3518,2926
813,815
116,1641
2781,2633
4598,1838
5823,1131
4030,2320
4338,2665
2084,1015
477,2586
4305,1027
2713,1186
2780,718
5763,299
3709,1181
1778,908
116,2580
4550,1797
2366,1078
1406,3022
2440,1027
3935,181
5294,2480
4989,1844
5068,2891
5849,2702
2215,1848
4479,2496
1948,1504
1891,970
2027,2551
4262,1515
1729,2894
5884,2696
5591,1131
402,1072
5415,905
93,2946
1870,1032
3181,2351
5330,43
2134,1078
5321,2963
3851,833
5019,1844
1300,2572
2453,2551
221,2350
923,2622
4643,2496
3199,2341
5047,859
2278,1207
960,2689
5621,1131
1003,1073
1304,1001
1474,2910
3955,2095
5660,2779
5579,905
5415,2194
243,1550
4928,386
2555,734
5294,1675
908,1186
2372,1027
5008,1281
4063,1813
2516,217
513,2350
3063,386
707,2593
160,734
984,1181
2405,386
4879,120
3194,2532
123,852
1723,1520
1327,1520
2566,2963
3545,1823
3199,1186
4457,2871
5068,3025
2951,1084
3030,1377
3749,1064
5667,1075
199,847
4777,1506
2807,3025
3390,1131
3610,905
535,15
4064,1075
4468,936
4831,1742
3184,2194
2439,1848
5837,1671
4333,711
665,1027
322,2351
439,2936
126,2439
403,1027
1449,1109
3063,1675
4106,2240
4507,2584
2259,160
1989,299
299,2367
1340,2105
1357,1520
2952,1844
4423,2856
4910,2974
4588,2923
2769,2891
436,386
2733,982
3129,982
2590,2394
317,2946
2471,982
4973,1044
1225,2532
862,2480
5707,2729
953,1844
4029,2178
3640,905
4906,2451
3844,146
3331,2779
3966,1075
3978,146
5879,742
447,3177
505,2593
2697,1675
1637,1695
1379,905
2124,1813
1055,27
4238,2702
3842,2702
413,560
5437,3026
5769,2267
3090,1377
3159,982
146,970
2763,982
3876,1532
2224,2394
2986,2717
94,2500
1613,2240
5348,1456
2500,757
103,2963
3350,927
473,2496
4468,131
502,982
3408,905
1037,2080
240,982
2157,2111
775,2080
4870,1831
5897,1671
5372,2981
4608,1831
1726,3056
3538,1917
4305,2584
2354,181
356,2096
1951,3174
3642,2240
1147,905
2183,299
481,1044
2764,1742
5379,927
928,43
2110,952
1869,1829
50,1797
1132,1536
2440,2584
2531,982
4494,1702
5767,2729
3611,1614
1873,2702
2169,1532
1508,1823
899,2496
2769,3025
2521,2923
5396,1281
4293,665
4360,2641
3093,870
1350,1614
1566,2178
1934,130
2794,1742
1543,2194
3666,1671
5634,1045
3922,1102
4407,2837
1719,141
4938,2473
2037,2702
2849,2580
5447,2350
782,2
3796,1902
72,1532
2052,2421
2735,2451
4583,969
1603,905
2769,1281
4774,2257
1556,2779
1795,1075
47,1475
1931,1902
5885,482
3016,2878
4719,1015
1837,2240
1575,2240
3077,121
2017,895
2355,2580
2641,722
416,2
5543,903
4832,1831
463,757
4613,969
2687,2006
1586,2779
4024,574
2458,2708
2437,1831
5260,1719
843,1917
4998,1719
638,2451
230,936
5682,2351
3392,482
4653,1684
5835,903
1357,3077
889,757
1035,3026
266,1532
2181,2026
782,2580
1830,1045
5214,970
4381,969
410,722
792,824
3113,2006
4909,1088
4625,1329
3172,2586
2382,969
5121,1910
4859,1910
5855,185
2,146
3176,1015
2563,2478
5452,734
3843,1478
49,1655
4144,1406
5484,2901
107,1071
3930,2386
0,2702
750,1702
4826,1211
550,2580
884,1702
1269,2267
302,2478
273,1548
4982,970
1007,2267
2611,2145
1506,1456
2946,903
3168,3002
5463,2963
5485,1032
2546,969
1128,1281
156,1902
1028,1831
3206,1015
370,1831
2593,2478
5284,2439
2727,2478
2639,379
4640,2145
1653,1102
5371,903
1391,1102
80,2257
484,2118
1537,927
4935,1504
5336,1848
3336,2936
652,1702
5148,1797
342,722
1529,2729
1608,3022
1983,2145
3705,2244
3471,1848
611,2832
5122,1515
25,2708
2296,1329
3865,1186
1105,2586
3628,2936
975,1015
362,2478
2554,806
2819,323
3798,2593
4782,1797
1215,2165
4527,524
2727,734
5050,299
5657,2963
4788,299
3105,1848
3043,970
209,2421
1384,2351
3103,1021
1105,2936
1783,2622
2017,574
2179,2622
3177,970
3244,2946
4756,1515
4338,1002
1686,2689
2326,1329
4637,1823
5576,2974
4375,1823
4849,925
983,2946
2757,1515
4054,2936
327,1329
5222,1695
4564,1695
2322,806
5758,1675
3313,2901
5572,2451
5949,2963
5923,1742
3244,852
4684,299
5425,2963
156,2386
3958,2824
983,852
4720,895
4976,2578
3040,1207
860,1950
3510,1910
528,1211
509,969
3534,2496
3563,982
3890,1377
4640,2629
4822,2111
4939,2696
5803,1044
4990,1695
2060,1186
5852,936
1101,2012
5215,1813
4146,27
4982,299
1993,2593
1165,2936
5264,1797
3020,181
2820,1813
3515,160
5330,2702
2983,299
2587,299
3194,2963
978,1797
2358,1001
1344,1366
3593,982
3989,982
2555,1515
5205,1475
5217,546
915,2946
4284,2593
543,1088
2840,1684
5457,1696
4018,1131
2308,1823
3010,2095
3015,2439
3507,2901
1776,2716
3842,905
4238,905
4442,146
5085,777
1031,1027
4873,2584
1246,2901
5360,2702
425,1217
3013,299
5621,757
3620,2963
953,1336
1335,2192
2751,299
1008,1797
1770,1366
3224,2963
3346,2394
5478,2923
3688,1377
880,1797
4142,1547
4703,1614
644,1520
969,1088
2703,2702
2592,2871
3244,1336
785,1910
152,1997
2707,1131
5427,1830
2920,2178
4002,1917
1175,2095
2527,1695
2496,130
3797,2451
574,2629
4117,1675
4502,2240
3043,299
1169,560
2647,299
4519,1655
4770,742
4374,742
3758,2496
5267,1548
549,2572
4246,1496
3900,859
648,299
2654,1655
460,2500
1255,2963
3390,757
546,1520
993,2963
2368,1823
3247,2923
4471,1614
5826,2451
1497,2496
1392,982
2985,2923
3689,824
4664,2194
5839,2124
4373,1456
5123,2708
4123,1281
3861,1281
2030,2178
3508,1917
2037,905
2371,27
3303,2451
4945,1655
2317,3174
5394,727
218,2593
3330,2584
1485,1331
2667,2240
3018,777
3159,2702
442,1520
917,1813
2763,2702
2897,2702
1789,1742
3277,2923
4520,1102
2451,895
2635,2702
3048,2871
4911,2421
4656,1902
1905,2856
4792,2729
5487,1830
5528,1831
1264,3025
2269,100
3420,1696
911,1217
2067,905
3729,2451
5181,969
2898,833
554,2111
688,2111
4690,1671
719,2178
2178,1675
5762,722
1916,1675
765,79
591,2178
856,1695
4550,1102
606,1520
482,3174
241,833
664,936
2961,1532
375,833
4135,2580
5203,2421
3575,2923
3215,2580
3153,1702
2045,742
736,2532
1720,982
3549,1702
3867,1045
5163,3022
1062,2702
3909,1456
5869,969
4561,1641
555,2871
4884,574
5046,2622
1988,1147
4949,969
5006,2257
5475,1015
408,1131
2022,2451
487,2178
621,2178
2056,1281
5889,1032
1073,1521
5629,2421
405,833
9,833
147,43
1800,2789
2891,2082
1129,2584
4756,2267
466,2240
1101,536
4986,2729
5614,46
204,2240
3630,2421
992,1532
1821,3077
49,2891
2172,1614
1647,2924
1680,2872
2757,2267
2972,2421
2280,1147
585,2871
4914,574
5310,574
337,2769
5637,969
5881,1329
3286,1076
4831,2791
5619,1329
5948,2551
858,1717
4225,2981
5684,2478
3963,2981
3886,1071
3242,969
697,79
850,1075
590,1902
1688,2174
5848,2320
2489,1671
3671,2580
722,1829
51,870
5586,2320
5257,1098
897,2584
3433,722
847,777
4023,1719
2968,2837
5141,1677
2706,2837
860,2702
5879,852
2525,2267
5508,1848
300,1547
2628,1456
5253,1329
1970,1456
4991,1329
337,1614
1558,2451
3406,969
727,79
3335,2257
1117,2708
1251,2708
3725,722
5354,2320
4554,15
5330,1702
4854,2936
1836,2580
5738,970
2555,2267
4033,2006
4874,2622
5746,2551
2389,2729
3413,46
3941,2417
4232,903
5510,1520
2430,286
4092,2586
367,1614
2168,286
3436,969
690,2267
3109,574
3534,1504
3570,969
2613,2622
5389,1001
5509,2049
1918,1831
998,1831
4463,1186
1571,969
5583,1217
913,969
586,574
288,1671
1804,1702
4500,2007
1513,964
1494,722
3056,1098
4190,1027
4507,734
5776,2551
5904,1797
3643,1797
3600,969
3732,1088
2328,1298
3844,1329
4649,2480
3279,1520
5101,1823
4755,1186
2348,1950
5914,2111
3037,2926
5635,2696
533,2791
1648,2478
1252,2478
4965,1181
3958,1027
3299,2145
4512,2367
5649,1813
2670,2351
3050,2572
3733,1848
873,2832
3805,970
3545,2551
5075,2480
2311,3172
4632,1910
1672,970
1369,969
3385,1515
986,2894
1351,1329
2127,1550
5420,2111
4305,734
1225,2910
5268,27
1754,2473
4789,2244
4417,386
4567,1797
518,2267
2519,1027
5196,1844
4800,1844
3473,1520
5042,1377
1502,1848
4021,1325
4938,2717
908,1109
1314,2551
526,815
1949,847
5402,1131
4557,3025
3779,1977
3034,1823
2375,2941
2688,1186
2022,1325
2139,1910
3971,2901
2211,1032
1550,1515
2374,2716
4879,43
2079,1078
3357,1695
465,1478
1144,46
4306,1844
5774,895
5063,2963
428,2350
1470,970
2320,386
4340,2394
1604,970
5338,1496
2010,160
1874,2551
2569,1844
1552,2500
4307,2
5187,546
4325,3025
3513,895
3905,2439
5039,1614
4736,2367
1157,2910
1,970
5756,2194
5563,833
3336,2696
803,1823
4996,1917
1315,1217
3903,299
188,15
5938,895
5726,2702
1958,1848
2032,1797
4909,982
5495,2769
4160,2584
1417,181
2320,1675
2377,2963
3989,2702
1272,1520
2867,1844
1853,2963
1053,2910
2713,1377
70,898
5880,1829
780,1997
2356,3025
126,1207
2094,3025
5110,2554
3159,905
3293,905
3112,2779
3466,833
663,2351
5921,2769
76,2783
3357,1829
2961,1829
4190,2584
5767,2302
1333,833
3361,2702
4170,2871
491,2244
2521,2496
5914,2729
5516,1902
5891,1025
545,2480
3279,3077
3382,546
5001,1456
2594,2974
1131,1823
1645,2044
3555,2194
2875,2435
4014,2708
414,2936
3958,2584
1320,1695
2533,1917
2590,2451
1062,905
3295,2240
5148,1102
5308,3077
4301,2923
3623,1547
3697,1496
5257,1045
5293,1456
5420,2729
5031,1456
2519,706
5024,285
1872,895
4198,2421
3506,1147
3585,2194
4763,1641
5854,742
4756,470
3859,2174
3988,2584
4053,727
634,27
4271,2118
1284,1075
4078,2477
2581,2496
3319,1671
3751,2082
5153,1045
4972,2165
1727,2584
1326,2240
5719,1456
5078,871
434,1844
5774,574
5490,815
1560,1131
1565,1475
4321,1831
2079,1696
4746,1071
3342,1281
131,2974
1511,2178
5381,3077
2436,1179
5901,2786
4946,2822
4555,722
4961,2164
1361,2584
5167,1478
709,1675
1882,1532
4621,2473
2866,1702
1496,1496
4512,1025
3056,1045
4670,2365
972,1496
2830,1456
4002,1677
4136,1677
4146,2365
4132,969
4509,727
2714,1281
1781,1076
3947,435
0,1336
2352,1831
3498,3083
3236,3083
805,43
4762,1550
2515,1071
815,2451
2119,1071
5555,1186
553,2451
157,2451
904,1742
2562,2580
2137,896
4389,2473
2634,1702
4148,1098
4679,734
4770,852
4830,903
4909,1950
1258,927
3904,1677
688,3026
1550,2267
2496,1179
691,1045
2778,1831
5739,1653
522,1044
890,2194
1858,1831
321,2451
2988,2580
5508,185
4178,1098
1714,2082
4369,2386
4303,46
4525,2145
263,2
2331,738
4934,852
880,1102
5025,970
465,2580
69,2580
4395,574
4460,969
5250,1088
2660,1179
3737,574
4308,1329
2546,1831
3182,2981
2461,969
563,644
647,1281
2142,435
1872,574
1588,815
5774,2936
514,1691
4208,1098
4965,323
1701,692
5133,2351
4421,2145
1838,963
3347,15
468,757
2099,738
433,1702
4989,1848
4588,1504
4531,970
598,1015
1348,2267
5839,2018
2633,2365
3832,2689
2314,1831
5368,1844
3652,1001
4507,1515
2270,970
3848,2633
4572,1910
4641,1515
3586,2633
1010,2622
2495,1088
1951,2910
3353,1873
435,435
1598,1102
3914,1186
216,1071
3115,15
3256,1940
4631,46
1864,1221
5112,319
9,1532
494,1015
263,2580
1392,2165
1715,1098
5509,1675
5538,2413
5660,1844
353,2473
2624,1848
4078,1001
2300,970
2436,1797
3816,1001
4671,1515
3616,2633
5586,2080
2308,2551
842,1883
899,3171
4730,2095
260,969
394,969
4032,2696
307,2478
4727,1797
5935,1675
262,1015
45,2478
317,722
2275,1098
0,1015
2934,734
3068,734
2266,46
5477,43
160,738
1280,15
2966,2901
3935,319
1555,1940
3814,2244
5641,2891
2466,1797
2060,1109
2860,970
4305,1515
5804,1377
1134,1883
2016,2500
476,1883
460,2878
3712,1186
4832,1217
2440,1515
4079,2111
2171,1098
3358,2351
1422,2700
3941,2177
4378,2178
3989,905
2996,2901
914,15
1516,2335
1189,1940
4558,833
5726,1844
4105,299
5769,982
306,1098
2496,1797
3668,2018
101,2386
4849,982
431,46
35,46
3989,1844
4350,1823
495,970
3573,1377
3246,982
233,970
1902,1997
5372,1696
1743,1186
2534,2439
2925,2095
5867,1675
1180,2012
4153,905
932,1910
1078,15
4502,1813
2031,1064
4636,1813
3433,27
3898,386
4223,146
1506,2936
360,1684
5935,1809
1244,2936
2581,1504
2978,386
5406,1465
669,2439
2794,2551
5798,757
605,734
3623,1844
1324,421
4879,2702
3361,1844
5641,3025
525,970
3142,982
3603,1377
3276,982
4131,1496
4888,1475
4628,2302
1768,2532
1897,2942
3662,1957
2955,2095
3118,3025
2631,1217
4202,1147
3787,905
3725,27
3940,1147
4415,2194
3642,2244
1154,2080
3478,2779
3898,1675
5080,2584
563,1612
1048,2593
766,1217
4768,777
2978,1675
2562,299
4909,2702
1806,3174
1777,2244
2009,1813
4277,1671
5304,757
5135,1702
1119,2244
4550,2769
689,970
899,2500
3440,982
4161,1496
1700,1997
1392,1844
2507,777
406,1813
10,1813
4651,1131
1016,2496
1045,982
1530,2717
2962,2111
1580,2080
4417,146
5038,2708
5642,1691
2438,2111
4155,146
158,1684
4081,1917
724,2095
4452,2584
3776,1281
1952,905
1836,3174
4668,896
1922,2194
2125,833
5561,1702
781,1848
5299,1702
5695,1702
607,1695
777,386
2453,2584
3074,982
3160,2
1308,1742
69,299
4620,855
2500,895
5805,1281
1471,982
5342,1025
2451,2696
52,1823
728,120
917,3025
3906,2451
306,2871
3102,936
5819,2118
2021,79
1866,3174
5672,2822
5725,1702
5281,722
5329,1702
1239,43
2617,2584
4950,2837
5597,204
1237,936
3835,706
2842,2702
5481,2473
1102,2963
1472,1742
1076,1742
2580,2702
2833,896
3726,1702
3130,2580
4722,2421
2020,1547
5473,1831
581,982
1104,757
2601,546
1238,1511
5388,969
3574,1281
5112,1071
5907,1534
831,2850
2474,1902
5440,2822
4239,1671
5524,1015
1484,1917
2609,1538
3375,1071
9,1695
1599,1675
2385,2584
293,3174
1984,2240
3113,1071
5376,2837
5427,1082
4456,2837
1079,1639
1502,1742
58,833
1240,1742
1756,2790
3446,722
4208,1045
1754,2717
386,2584
1007,982
1862,1496
1093,2
1530,757
136,1655
1134,757
215,2702
1810,3026
1870,3077
4000,1281
5156,969
5495,435
3738,1281
2129,2779
2805,1076
267,2111
3001,2708
370,546
96,1475
1629,1675
2436,455
3539,1071
4263,1102
5780,15
5105,2320
4305,2267
2942,2478
3689,1015
545,2240
4559,871
104,777
2162,3077
1095,2118
5720,903
2148,927
893,2923
2440,2267
5186,969
5525,435
5430,1329
5848,1088
2176,2194
2909,1025
2281,1456
5190,1088
5634,2822
4906,1329
3977,2586
3187,969
568,130
1521,1179
1065,936
98,1147
2663,969
3840,1534
2434,1671
2649,2791
3616,2580
5412,908
3244,722
3676,379
2032,1102
4310,1456
5884,903
705,1532
1462,757
4373,2936
1742,3026
5789,1797
1066,2477
4309,1231
1093,2580
2208,2267
5844,1504
4061,1883
5854,2946
4761,574
57,1496
3436,1831
2474,2386
3349,2586
2955,969
2394,2622
2431,969
41,1902
2417,2791
3943,2012
4237,15
622,1655
5763,734
680,1071
5854,852
1934,1102
5745,1848
1385,2580
1323,1702
5858,971
2971,1098
2171,1045
751,722
5369,2500
2991,2504
3732,1950
1065,131
3422,970
5048,2859
516,855
158,1147
2723,969
1154,2832
4019,2946
4951,2926
496,2832
902,1830
943,1831
2051,2791
4433,2936
4171,2936
5847,970
3532,734
3826,2901
414,3180
1909,2334
4612,1366
2110,2058
5826,1032
2956,574
2560,574
4981,2926
2780,2792
3198,2551
3415,1088
2133,2981
4270,1602
4805,2700
5180,1823
4068,1653
5620,2095
5754,2095
4023,1910
327,2622
957,574
1005,1554
4876,2351
72,1349
2379,2633
397,1671
2586,482
4335,2936
2148,2700
3958,734
5150,79
5284,833
3923,1679
5227,299
2336,2936
3616,970
3490,1797
5025,2824
952,2832
267,2729
3161,1329
1762,1883
41,2386
5210,1823
798,2365
5263,895
2214,2946
937,1211
300,2088
1162,1329
1580,1088
260,2689
1318,1088
1435,2427
4879,905
3528,2439
3886,2901
4995,299
3104,2111
4100,386
201,2267
1672,1027
1013,2145
1727,734
1331,734
3124,1797
5858,2394
510,3022
3392,299
214,1940
3999,2963
5427,895
5475,2629
5628,2871
5767,286
5313,1547
5743,1131
493,574
5085,1131
1086,1088
4823,1131
3491,1217
5913,2451
5013,2194
178,2633
2396,2936
4338,2779
4044,2332
5107,1829
568,1098
5539,2240
5556,1655
1361,734
4100,1675
781,2145
4909,1844
5769,2702
5015,2240
5020,2584
4251,1844
5890,777
3556,299
4399,1742
3767,2963
4533,2496
1811,970
5245,2702
1215,1848
1423,2551
4389,2717
4895,3077
5256,2302
1906,1207
3733,1100
3246,2702
4145,1044
4647,2194
2121,1546
3255,1475
3466,1695
536,1186
4340,2451
1060,2095
4369,1691
5141,2702
903,2111
2405,2244
4301,2496
2429,386
3943,536
3046,2240
1124,1329
3276,2702
3572,1532
2816,2717
937,2634
4598,1147
1673,982
2074,2080
4811,2194
3018,1131
4370,2451
5750,1655
5471,2240
5526,2139
1849,2901
2580,905
3354,299
3168,1075
2132,2435
329,2936
4100,1809
5879,722
2429,1675
2224,2963
436,2244
3440,2702
1093,299
2332,2496
3746,2974
4813,927
4890,1147
1719,1515
1101,2634
1061,1515
4812,1456
3045,1614
2143,2974
2014,120
5460,1677
1807,3025
596,1186
3208,100
4400,2451
1330,2871
2013,2901
2890,3174
3905,1691
5180,2791
1534,2866
5665,2082
3519,1655
3245,2584
1877,2451
4028,1532
891,3174
989,299
1913,2670
70,2244
1966,1742
2228,1742
3074,2702
937,1829
3749,2117
4119,896
4282,2580
4678,2580
1869,1809
3696,1702
215,1844
1075,2702
3212,1131
2274,3026
4714,1456
1985,2923
4464,1281
5754,969
5427,574
2989,2779
7,2080
1475,1131
3804,2174
1295,1695
1124,1813
355,319
1153,299
1241,146
1996,1742
3288,2257
5007,927
3002,1671
2606,1671
490,1675
1672,2584
2033,1809
3148,1496
3132,963
641,1844
2158,757
157,2963
2760,3077
117,1844
1989,1702
793,895
3911,2421
5394,2504
5223,2622
2971,1045
4120,2006
2745,1456
3495,2708
4610,1641
761,3077
5164,2981
5766,1329
4338,953
103,3077
4429,1071
2276,1917
1581,372
2410,1917
1496,2708
1269,2702
2081,2580
1007,2702
2611,2580
3330,2267
2934,2267
255,1377
33,2496
2306,2698
14,2
764,1254
2775,1456
5796,1329
4867,2586
2363,2451
2702,1917
3915,2139
1115,3174
903,2729
1999,2174
5251,482
4397,2822
5209,2700
1209,742
2348,1015
4032,3074
2939,1456
3725,2365
4924,2689
1925,131
5798,1001
1880,2832
1018,1147
1618,2832
3156,2622
3827,1329
671,2729
4427,2822
1366,1830
824,1281
471,1917
2057,435
3075,2633
2640,1015
5427,2936
4219,806
977,742
1340,1548
5115,1883
1135,2082
3986,46
4805,903
5949,1520
2499,2473
3003,286
4770,1848
5938,2859
14,2580
1129,2267
4508,1848
3052,2622
4965,1535
2993,2981
4452,2478
842,1456
558,2451
5382,1823
2495,1950
5778,1823
1187,2622
574,1641
2453,2478
4645,806
5025,1027
3664,1873
2067,722
3340,995
3820,2386
5451,2367
4800,1848
3062,2936
4478,1797
4533,1504
178,2580
897,2267
1134,1456
1034,286
1863,1831
2174,969
4818,1084
3476,2926
4190,1515
2089,2551
2154,2946
3269,2633
208,1641
2156,1329
5946,2696
2964,1997
4912,2439
896,2981
5218,1957
5538,1181
4645,2095
1768,2910
4452,734
4531,1027
2590,1032
4773,560
623,2822
4642,1797
4960,386
2453,734
3984,1797
2587,734
2191,734
1919,46
2034,3002
2786,1883
4278,1520
4725,2963
3620,1520
432,2473
2154,852
2493,1072
4677,1475
2307,1848
1643,2622
2641,970
4881,1032
1942,969
4705,2496
985,2622
5440,2716
3958,1515
5945,1131
5291,2593
5463,3077
3481,2115
1022,2689
3493,1186
3577,1823
4814,2439
5418,1614
5769,905
5483,319
2224,1032
3179,2716
983,482
2598,2936
4162,1695
79,1015
1999,1853
2221,734
2696,1027
5769,1844
4282,299
567,15
4889,2963
4416,299
4020,299
4849,1844
3101,2244
5245,1844
2807,1797
1743,1109
1922,2572
2147,970
4979,2856
4454,2
4903,2080
1314,2689
2687,160
3246,1844
3199,308
5250,1629
1134,1001
50,435
5671,905
2519,1515
2183,2320
5190,43
2444,2095
2382,1217
4990,1675
969,1873
3665,2178
594,498
4369,833
3610,27
4396,936
4723,1331
5054,936
4893,1742
1612,2504
5181,2209
2763,1848
3788,299
5423,2496
2439,970
5056,982
386,734
4319,1655
1815,1520
707,560
2658,2963
1266,2244
5612,1614
4650,2923
488,1950
3227,2891
5657,3077
5414,1629
656,1534
52,2551
5537,2194
403,1088
5933,2194
4659,1696
5453,1742
3295,2244
2209,1797
2923,386
4943,2394
5220,982
5941,742
2448,1813
3346,2963
4075,2584
4762,1070
5949,3077
5135,120
2215,299
3044,1844
5338,2923
439,903
1614,833
5050,1702
5642,1614
666,1848
3152,1377
4002,1547
263,677
342,970
409,2946
2563,982
4136,1547
777,898
1350,2480
5806,1456
5054,131
1406,1823
5656,2451
2741,2974
5241,2209
5394,2451
249,1910
1479,1547
3674,146
577,1217
921,1027
1984,524
4501,2584
1471,905
1875,1520
1906,833
2245,299
930,2244
1644,833
696,1848
634,970
1377,489
4106,1496
372,970
3075,2
2727,982
3904,1547
3582,1496
3033,2974
2673,2439
1701,2306
2831,3025
3411,1614
3442,927
4331,833
2352,546
2078,1475
1725,2111
3551,870
3611,1675
307,925
2594,79
847,2367
2767,2451
5172,2580
1490,2244
1118,386
722,386
1154,43
5330,722
3874,1496
2131,2240
4631,721
2265,2240
1874,2584
2270,2584
410,299
3620,3077
148,299
3224,3077
5454,2451
94,1756
3435,1045
3132,1044
3617,2779
1449,2593
232,2629
3489,1281
1684,1147
4645,969
1269,905
1880,2779
4762,1554
4984,435
1007,905
1991,1829
5439,1015
1118,1675
2300,2584
932,2451
1916,1655
2632,1071
4903,2698
1047,2963
2525,2702
2778,896
3867,1614
4032,927
4679,738
3309,532
2951,824
4190,2267
2751,1702
273,536
1049,757
3635,1456
703,120
3373,1456
873,2783
837,120
2652,1696
3017,131
3653,1281
3558,455
1848,1147
5148,435
4399,2791
5731,1015
1761,1902
3397,2981
5128,722
2633,141
1091,2861
2555,2702
3258,2822
3404,927
2733,722
2781,1702
3891,1045
3958,2267
5243,2365
160,2702
3799,1456
1999,1666
294,2702
1068,2096
209,120
49,2871
868,2974
4839,969
1482,1147
4782,435
4908,574
3187,1831
3531,1641
1416,2779
1829,2194
5879,482
1388,2451
5352,1719
5837,2700
1126,2451
584,936
5050,2320
623,1830
4516,2386
94,2240
1947,1102
111,1655
233,2584
4838,2189
5350,1831
644,2118
620,1532
921,706
4503,3090
5799,903
764,2974
5277,2484
5702,970
1727,2267
2219,2729
3203,1179
961,1044
2246,2832
3714,1883
1568,1456
66,1131
4589,1329
2608,969
794,1281
4056,1997
57,2708
2610,1015
5678,734
5361,1027
5643,1679
808,2118
741,896
1011,757
3660,2936
976,1702
580,1702
2490,1098
5336,970
4706,574
5210,2551
5470,970
4210,2622
605,2698
3952,2586
4375,2689
5693,1207
2819,1539
4433,2859
3263,1021
3034,969
322,131
2624,2791
5597,1684
4848,2320
1966,2791
5335,1684
4982,2320
5772,2439
3927,1186
5181,1217
363,1071
5764,1797
2849,2320
4086,2936
2983,2320
5166,1848
830,722
2096,3022
2779,46
1762,1456
2548,2365
795,2421
1796,286
1801,2350
3105,970
2241,2622
1513,1883
2934,1088
2650,1329
1996,2791
2335,2257
4699,1823
4945,1098
5936,2439
1008,435
803,969
1637,2858
393,1071
541,969
4133,2351
1141,964
3854,2936
2288,1098
4647,2572
5418,1695
1307,2165
2085,15
5880,2480
1042,204
2088,286
3509,2901
3850,2413
1221,1078
2747,2551
918,1831
4121,1186
5241,1217
814,727
4702,2629
1669,1241
1075,2946
5733,925
2281,1997
3396,1684
5880,386
553,1329
5739,181
2160,1478
3935,2901
3539,2901
5568,299
2703,185
206,1221
5517,2963
1642,734
4661,2978
2445,1058
4766,2240
4002,1844
4845,742
60,2335
5733,936
4244,1377
3528,1207
2554,1001
2354,2633
979,1329
4652,2111
2840,806
2236,1823
5216,1695
5880,1675
4958,905
4863,79
902,1082
4940,299
1672,734
3203,1797
3277,2500
5075,1655
5374,2
1014,734
3717,2018
5543,777
3865,2670
5684,982
3471,299
21,286
3548,2963
4300,1844
1299,903
5337,120
5771,2856
3701,1515
1464,970
1204,1797
176,574
1031,1088
4768,1131
747,1329
883,2910
5549,1696
5945,1696
3503,2439
2840,2095
2763,185
3174,1217
4349,1147
5161,833
4562,2194
4500,1316
4111,43
1781,1027
2610,2572
3947,386
4198,1917
4864,2532
3472,1813
5356,2240
5361,2584
4872,141
502,185
2735,1520
206,1355
3316,2963
5940,1702
1494,970
1232,970
1784,1675
3592,2080
137,2689
1713,2963
3533,2439
3691,3025
3266,2095
3369,2974
2896,1064
3837,2850
4513,1147
2531,185
4592,2194
5346,1902
3306,181
1470,734
169,1823
4500,161
4990,2240
167,996
284,2335
1841,2367
320,1992
5817,706
1813,319
2350,2244
3454,1742
3258,1830
3282,2978
5130,1496
1716,386
4734,1496
4140,757
1703,1844
3661,2974
242,1520
612,299
669,833
1441,1844
4057,2974
4084,3077
3060,1064
4739,2779
1356,982
5852,1831
4085,1989
4465,1456
2609,1542
4142,1742
3350,2708
2723,2583
4566,757
5889,2837
1711,1331
1384,936
3385,2702
563,6
1867,1844
1881,1742
5265,2421
2753,1671
3873,1702
3940,2924
5399,2421
5661,2421
1357,2496
1648,982
443,2341
5584,2174
5379,2708
2189,3026
3514,79
3400,2421
2555,905
5056,742
780,2111
2263,2194
5854,722
5049,982
1351,2866
5570,963
549,2178
3918,1071
2039,988
2794,2584
4642,1102
3231,141
1937,2963
3415,2702
4146,706
2045,1742
3641,1702
3087,2082
4652,2729
4938,871
5676,46
1856,2974
2265,927
4543,1281
5004,2622
5768,574
4281,1281
2490,1045
3338,2832
2293,2194
3840,1538
2248,2451
3232,1655
1384,131
3736,2878
5627,2786
1886,1281
1578,936
1679,1742
1753,1691
1046,1829
5423,512
3702,1015
4452,2267
2807,1102
2435,1496
3856,2421
2020,2974
2068,1702
1758,2974
5430,2622
4325,1179
1410,1702
302,742
5863,969
1821,1044
5319,2791
1188,1131
5776,2478
1180,2179
4112,1071
750,905
2016,2451
2797,3016
3468,969
403,2487
4574,2822
5250,1873
4904,482
5611,1098
2727,742
5562,2145
4511,2473
460,2240
2325,927
3624,2421
902,895
1475,2477
3500,665
5936,1797
886,2082
2288,1045
2066,2164
3136,2832
3941,1539
5479,1329
2888,286
2230,286
1363,2421
2356,1179
3894,969
4288,2586
2937,2622
898,372
3007,1671
197,1456
1286,2174
2769,2257
3946,2822
171,43
5414,1873
5775,1098
4897,600
4518,15
4635,1354
4946,2936
2181,774
362,742
1666,2580
630,1496
5912,2500
1127,2302
5905,1329
5853,2859
1324,2816
4361,970
386,2267
2443,2622
2856,2791
227,1456
5767,806
1407,1538
1486,1831
2250,2981
211,2451
5930,46
4548,15
5136,185
991,2791
1927,1015
4337,734
3752,1801
5740,299
4391,970
2295,2350
1433,665
5115,1001
3733,970
5390,2926
483,1045
5006,1997
3540,1329
2174,1831
780,2729
129,1456
1278,727
5901,2095
2303,898
964,2257
940,1671
2256,2772
1874,2478
2691,2700
2624,1478
1079,517
2419,2012
5770,299
1950,2473
2721,2350
594,2165
3899,1797
2106,734
1495,2832
4912,1207
3535,1520
5345,308
2086,1021
5891,2696
3305,1997
5512,2111
4872,1027
5918,1109
4531,734
2688,308
568,1102
2526,1478
4322,560
4246,1504
2513,2936
3929,1797
1687,908
4325,1797
744,15
1874,734
2270,734
2375,3002
3303,1520
2586,970
4146,2963
2324,970
3943,2634
4230,1910
5460,1547
2786,1001
4818,2080
1036,574
5513,1181
1495,1088
764,640
2121,1550
5190,905
5128,27
3939,2111
5422,2194
5045,2244
928,482
5367,43
1769,1098
2560,2351
2677,2936
1569,1976
4093,1797
719,308
1149,1390
1302,2386
4332,1813
5039,1675
5462,2532
2451,903
5190,1844
3039,1073
5024,2306
2094,1797
2228,2551
1966,2551
3201,2532
4490,120
1396,2398
639,2981
1637,1329
4417,3025
5176,3077
4551,3025
93,970
160,2946
5220,905
1672,1515
5452,2194
4552,217
5397,43
2986,2351
842,1997
1957,1684
4911,2779
5484,1917
1029,1823
4362,1813
3656,833
5684,2702
3733,299
1446,2111
312,2936
446,2936
1124,2622
5594,1496
4873,982
1996,2551
4613,2563
3885,1070
220,903
2479,1207
2563,1844
1164,2398
2959,1844
3038,2891
3819,1675
3454,1823
4182,1064
4944,3077
5203,2779
5619,1684
4270,130
4779,2451
355,1478
4068,181
2965,319
3204,2779
5002,1742
2130,2901
3061,27
3338,2779
3558,833
3195,781
1447,1181
2978,2244
476,2936
495,734
99,734
4294,1655
3619,2240
5496,1496
2633,2963
2160,299
1100,319
2244,936
4708,706
1607,1813
215,1848
4101,2923
328,971
5629,2779
1565,2341
5355,1456
5331,870
1747,1823
5489,1456
4472,2866
2197,2783
5213,927
4943,2451
827,1823
2422,2901
3630,2779
1859,1475
367,1838
4421,1588
60,2095
2536,936
1550,905
4115,727
1503,1813
5194,757
1637,1813
2012,936
2673,1207
319,1797
2934,982
146,1088
1328,1997
667,2480
2799,757
3038,3025
1897,2117
3752,1614
2587,120
1169,1186
4973,2451
4109,131
3746,79
3202,1147
1507,2871
3511,1902
2917,1917
797,1957
3008,1281
3051,1917
2746,1281
2727,1039
1318,905
1958,299
2827,2963
4305,2702
4601,1532
5189,1702
4927,1702
801,386
837,43
4304,2477
4818,2698
790,1917
2641,706
1648,2702
3303,3077
5779,1918
441,982
5582,815
1657,1475
3684,1456
4064,1677
1390,1131
1550,100
2742,2451
4328,969
4314,1071
1540,1075
4623,2580
2507,1830
4957,1702
4988,1015
1537,777
3595,3077
2731,757
2504,1532
704,1742
2562,1702
1366,895
4654,2832
328,2394
5464,1883
1040,910
3318,1456
3452,1456
575,3025
4754,969
1397,1147
1920,3174
2042,131
1593,2779
2644,2451
127,2111
4358,969
4435,435
4492,969
1348,2194
5018,1015
2146,2174
1716,146
5616,1873
2008,2240
62,181
153,299
1340,1552
2534,1532
5915,1940
5672,2936
2988,1702
1284,1620
3275,2698
897,982
2464,1702
139,1532
3100,1354
4965,1539
5044,2586
3220,1456
739,3025
3996,1677
417,2974
4388,969
465,1702
4727,435
4699,2551
4374,2791
4632,1329
2608,1831
3358,3083
3468,2689
3747,2104
4108,1329
4831,2478
675,2451
2466,435
2756,1702
2890,1702
2308,2478
2580,722
5598,1078
269,2702
565,1532
618,2856
2908,2473
1776,927
5396,1883
769,3025
757,1702
2283,2421
4917,1848
4855,970
1672,2267
4552,969
4989,970
1513,1456
5735,2480
4534,1329
234,2866
2553,969
2496,435
5227,734
5702,1027
4647,2145
4251,2145
5116,903
3072,2473
2676,2473
5548,560
1148,927
5281,970
2958,3125
5086,2192
3233,1078
2851,784
4757,970
4389,574
1959,2832
3427,1883
3924,2689
3165,1883
4705,2500
1795,1677
4140,1001
869,2451
2717,969
4336,2633
917,1179
356,2832
2565,1329
489,1641
2368,2478
4598,1098
3865,15
4730,1217
5685,2901
4723,46
3102,2473
5027,2901
273,2016
5116,2192
5892,2413
5245,1848
5735,1675
136,964
1318,1873
1700,2729
5886,1844
5268,2963
4566,1001
2747,969
5025,1515
1048,1231
2662,2551
5544,2080
4501,1515
2089,2689
2729,1329
4957,2320
175,1831
4986,806
5762,1027
309,1831
4036,1186
5156,1217
4760,1217
4956,2095
3712,308
90,969
3132,1719
3908,1940
5644,217
2385,738
3514,323
2562,2320
3537,2936
488,1015
999,1719
3609,560
152,2786
4534,1813
5221,299
3369,319
5802,2496
2880,1848
1954,2622
550,2832
2647,1088
3564,2480
5842,2080
2590,1520
2101,1329
2132,642
2877,1550
3393,1844
1975,2910
3804,1186
4924,1217
4986,2095
992,898
4567,2111
914,1015
3187,1217
652,1015
2794,734
3661,319
4881,1520
4516,833
5251,299
5266,1331
5684,1844
5772,1691
5832,1742
5906,1691
3244,970
4087,2413
5718,2394
3118,1797
2390,1058
4740,2978
5738,2080
523,46
4487,2532
2565,1813
2811,1088
2527,1329
2224,1520
5948,2856
3201,2963
3927,1377
2827,1032
2696,1515
946,1088
4731,2111
944,1015
1756,139
2389,806
639,379
4507,905
4445,27
2416,2629
3252,2901
5862,1742
5936,1691
3990,386
5600,1742
106,1047
5142,2584
2504,1695
2886,1797
4758,1655
702,1078
2712,2398
4830,777
3849,1844
5401,1532
3231,2963
5702,706
5716,2856
4811,535
1075,1848
753,1797
3991,207
491,1797
1005,2018
5838,1506
970,2963
5803,2451
1388,1032
4409,905
1126,1032
5133,936
1642,2080
2060,2593
4997,1829
4735,1829
1385,734
4509,2240
1123,734
1283,2901
3513,1521
2014,905
5135,2702
3261,2963
5312,120
5885,1702
4873,2702
2999,2963
442,1504
581,1848
4709,1547
4657,3077
326,1329
419,1520
1661,2480
553,1520
157,1520
3636,3025
2891,2871
2579,1064
4439,905
2317,1064
273,2634
3800,1147
4270,1850
1618,2783
384,1684
167,3147
4940,2584
38,1047
5243,141
485,46
5762,706
5896,706
2613,833
2556,299
3399,1742
4151,1377
4533,1671
4679,742
3667,2496
5883,2164
3309,536
4477,1547
413,1109
5267,1666
91,1058
924,1813
2429,1655
218,833
1782,1844
321,1520
1164,2963
3767,3077
3392,1702
5133,131
3803,1044
921,1515
1697,982
5669,1831
3033,79
5698,1071
1276,925
5789,435
5844,2586
2597,2178
5169,727
2402,1902
561,2111
3429,1742
5903,722
3117,1655
983,299
1590,2963
1194,2963
4045,927
1168,1742
5089,1902
1040,2496
4075,2267
1798,3077
623,895
824,2871
1149,2439
2861,130
958,2871
3358,936
5856,2946
1995,1147
2828,1902
4956,969
5200,1329
446,2696
2564,1075
3940,2981
1261,2091
5294,964
1295,1675
385,3174
5865,1719
326,1813
3394,1532
2998,1532
751,299
3848,1702
3433,706
2862,1671
1728,2496
3586,1702
4978,2421
320,1244
3324,1702
3355,1015
1980,2717
4597,2729
211,2240
999,1532
2224,3077
5830,1883
837,2702
1477,2096
2683,1147
4226,1281
5382,969
2858,1902
277,1547
3978,1179
4986,969
1474,1044
4576,2791
2183,43
2334,1902
5646,1015
183,1131
923,1695
1273,2451
3725,706
4093,1102
4974,2837
2916,2257
3683,2924
1436,1691
4209,2216
916,1655
1129,2702
3976,1456
505,1532
4270,1179
5849,970
703,1547
1093,1702
4589,2622
5394,1329
210,1614
4358,2689
5855,2478
3413,969
3356,435
3874,2118
269,2194
3342,2257
365,1902
3768,379
3198,2478
3549,1015
3153,1015
5223,2386
897,2702
1494,706
1709,2580
2008,927
3274,2473
3670,2473
5745,970
2696,2267
2300,2267
1209,722
168,1738
1276,2698
4287,1883
5431,2500
5887,2551
3977,903
5162,1329
157,3077
2101,337
1308,2421
5694,2910
3124,435
2919,969
37,2194
1663,1831
5398,1047
5914,2095
5590,1217
4891,2936
3700,2473
3063,1098
5709,1848
3254,2386
2858,2386
5738,1088
977,722
2334,2386
3836,1021
2055,1281
3607,969
4507,2946
2650,2622
5267,2634
3018,574
3851,1329
184,2779
1655,1539
5361,1515
3193,1329
1212,969
5420,2095
3245,738
4921,2936
1044,604
3556,2320
5813,1797
343,1496
4171,903
5346,833
5394,1813
5275,2121
3740,1848
3678,970
1276,2832
1065,1831
850,1677
2097,2981
1624,1071
5689,2111
4849,185
1358,1329
1423,2478
5799,936
4512,2485
4407,971
4104,970
3844,1797
3978,1797
3346,1520
4941,1844
3454,2551
2747,2689
2014,852
1356,852
1406,969
1648,2946
1213,574
2701,1001
5440,2696
5457,2111
1806,1088
4736,2351
4779,735
1804,1015
4159,1027
2292,15
3546,46
3276,185
5879,299
5483,299
4139,560
2458,2936
5827,1829
2905,1181
5752,1655
5690,777
3484,299
4091,2963
4461,1742
2183,1950
5865,1532
1935,1848
1673,1848
1174,969
4333,2496
2872,2926
4105,2080
3467,1823
5311,1131
4308,2439
5698,79
3258,895
3702,2629
4505,2953
9,2858
4729,217
4276,2901
1590,1032
5501,2194
5857,1829
5050,43
1476,1684
5199,1829
3394,1695
5648,1655
4588,1675
3528,1695
3132,1695
4779,2963
4180,160
3619,1813
3784,160
4517,2963
3705,833
5386,1655
5407,2532
3078,2398
2333,2244
361,2936
5831,1547
4344,2
4793,2080
1183,1058
5737,1131
5472,1614
2256,2963
2528,1207
5793,2194
3227,2871
3074,185
5252,2779
1902,1684
4684,43
4782,386
5229,1829
3424,1695
1810,2095
232,1186
5884,777
4547,2963
1090,1217
2642,905
653,2936
4259,1742
2125,386
5303,2717
5277,1496
1679,2551
2914,2532
2286,2963
1047,1520
2024,2963
1224,2910
4338,2974
5706,855
1781,1515
3420,2111
5655,1829
4984,870
4982,43
5496,2708
742,1823
2039,992
5843,2257
4423,1742
2983,43
3045,1675
5930,721
472,1181
1243,1058
3569,2584
2540,1917
3698,2240
3715,1655
2316,2963
1843,299
2686,1742
5948,738
3482,895
552,386
1417,1588
2162,2496
1171,2121
2453,982
2143,2
4431,1044
2330,2080
3846,2111
2452,757
3054,3077
886,2891
1168,1823
510,1823
1742,2095
3290,1075
5337,742
2570,1917
3611,1655
1782,181
1823,936
1888,1331
4278,2118
4555,706
4734,2923
4935,927
4646,824
296,2244
1425,1829
2,1797
843,2413
5457,2729
3346,3077
703,1844
278,160
2308,2856
4478,2179
2399,2974
2473,2923
2063,3025
2533,2974
2211,2923
3543,1147
2185,1702
5092,2981
255,2593
778,1614
3758,2240
3832,2189
2734,1917
4491,1071
4186,435
2510,2963
4284,1532
1147,3174
4762,1534
1897,2174
350,386
4928,1045
3240,1496
1497,2240
2908,757
2512,757
3069,1614
2456,3077
648,982
5945,574
3063,1045
3746,1075
525,2080
4702,1641
3267,286
1090,546
1856,79
897,905
2559,2451
4011,969
915,3174
4702,2580
4275,1015
3294,2082
2105,2
4658,2473
649,1742
1125,1671
2245,1702
552,1809
1593,1547
2331,722
2379,1702
2697,1045
3652,2729
3659,1456
3263,1456
3559,286
1778,546
332,2974
1624,79
2489,1281
4437,969
3480,2622
3819,2088
1176,855
3893,2791
1255,1902
4679,2946
5489,1997
635,2194
3025,2981
580,43
4117,964
328,2451
2409,1702
2013,1702
1390,2477
1065,2717
2099,722
5177,1883
5158,1641
1634,2837
5263,903
5311,1883
5385,2586
218,1532
3165,1456
899,927
2198,2421
4770,970
4861,2586
100,2974
4508,970
148,1702
929,2267
3510,2622
4494,1072
5428,2633
1500,3022
1419,1902
2553,1831
2654,1883
3189,2981
5353,15
4957,15
2206,969
2192,1071
783,1691
1767,141
5545,185
4678,2320
4282,2320
5524,895
4416,2320
5123,2936
2649,2478
5142,734
2330,2698
5838,2689
609,757
1063,927
4848,1950
4862,1848
4860,1021
3258,2936
4674,1797
178,1702
4934,970
4235,969
4982,1950
2321,1831
3659,1001
2236,969
2974,898
5167,2080
3331,2633
5148,1838
1361,742
2238,1015
1756,2961
4645,1217
2270,738
2755,2473
3684,2936
5284,386
4568,970
160,722
239,1015
5418,386
8,2580
4838,2551
5405,1844
1981,46
1036,3022
2800,903
4340,1520
5453,2824
5900,1823
131,2421
2264,2586
3025,1021
2703,970
5638,1823
3964,2926
4943,1032
2343,435
1933,2257
1198,2791
4209,1976
936,2791
5630,2901
210,435
4475,2095
2097,379
4272,46
4480,2439
5129,633
1257,927
5431,971
4794,1848
434,2580
7,1015
2684,1078
3804,1109
5418,1675
5831,1844
2417,734
1419,2386
5134,2670
423,2421
524,2473
3129,970
2733,970
1146,2227
2168,969
874,1539
4201,1684
617,1883
5906,1614
467,2878
4839,1217
3108,1032
2245,2320
2178,1098
5710,1675
221,2822
1100,1478
4981,2963
1509,185
4169,833
4508,299
1278,2504
5485,2496
2763,970
2823,1021
2563,1848
2897,970
3621,1001
4017,1001
4872,1515
849,1078
3817,2633
3041,160
5445,1377
112,2126
1406,2689
1877,1520
2054,2910
461,969
502,970
3833,1823
2742,1032
240,970
5544,43
5874,1675
2608,1217
3747,1490
4800,299
5381,1742
964,1940
5515,1742
1117,2936
3357,2244
5871,1377
1251,2936
143,1976
2593,1848
2419,1695
2405,1797
4399,2584
5020,982
3764,1844
3368,1844
5063,120
3872,1377
4961,2095
928,970
4775,2871
2310,1910
4628,1131
3578,2593
5543,1696
4710,1695
2967,2439
4448,1695
4417,130
955,2012
4673,1813
4568,299
3387,2244
734,323
3411,386
3015,386
5431,2394
904,734
3643,1675
3992,1829
4066,2532
1922,2178
4703,1655
764,2417
879,2367
2973,160
793,903
1937,1520
2307,299
1737,2398
2914,2963
5050,2702
5517,3077
5707,757
412,1211
2760,2496
1554,1001
3906,1496
3966,1547
4797,1475
4396,1131
5898,1456
1894,1823
2966,120
3518,3077
1370,1823
4338,372
675,1032
3696,905
5575,1742
3911,2779
2402,1475
1743,2593
4284,1829
2238,2572
4850,2240
3411,1675
5281,706
3710,1742
5594,2923
4372,895
5258,2974
3804,1377
894,2244
3186,2496
3081,982
4268,2235
1873,2824
4070,1496
1969,2532
4811,942
2423,2702
3392,120
3765,1614
2373,895
1662,1823
2507,895
3190,925
5650,2451
901,1910
2458,2696
3381,870
4222,2240
2746,130
2350,130
4260,2532
2847,936
3370,2963
4452,2702
1680,2779
2296,833
3022,1691
3082,1742
269,2572
5855,2267
3245,982
368,1797
3064,2856
1593,1844
2269,141
975,2963
1737,2532
2453,2702
4597,2302
5397,665
5830,1456
3471,1702
3567,2164
5480,1831
989,2080
3224,1044
342,1515
2591,1131
359,1684
1713,3077
4956,1831
4665,1655
62,2629
1234,2850
31,1064
3023,2451
244,2111
2479,1829
2921,2174
674,1695
1465,2194
2217,1829
4877,2477
412,1695
5397,1015
5452,722
5581,2822
1757,1844
3742,3077
2381,1671
3191,2974
3239,1702
1341,1377
4376,1902
1795,1547
749,1465
1100,2
752,982
143,1655
4123,1456
4140,871
2500,2302
4250,2729
1058,2974
1877,3077
3575,870
5007,2708
2176,2178
534,2974
2463,3174
3208,1076
4290,815
1478,2779
845,2866
3085,2174
1440,43
180,1695
3363,2118
2647,2702
3244,706
5286,2473
2385,2702
3758,927
126,146
881,1742
2027,742
2815,1532
3197,2580
3269,1702
3331,2580
5016,1831
5861,903
4405,1677
5630,970
4632,2622
5327,969
523,721
1789,2267
4108,2622
4177,2981
5309,1329
2380,2708
128,1131
5269,964
5024,379
3314,1071
2598,1655
2656,1071
3506,1241
3380,2822
16,1829
4510,1097
2325,1496
582,2240
1160,2
599,1655
2483,2082
325,2584
4346,2386
5422,2145
5805,1883
1937,3077
1923,927
2430,2421
5720,1021
305,2871
3693,2006
2707,2729
3658,1231
2390,3022
4768,574
4699,2689
5339,1329
2056,1456
3181,1831
3544,1883
4079,2981
4289,2791
2919,1831
3747,2242
371,2178
1940,1281
3309,2016
2507,574
5172,2320
320,146
2367,2257
3148,2822
3360,1015
3862,2165
5335,806
3189,379
1083,1071
3743,1719
88,2240
5337,852
5886,1848
5891,2192
2957,2473
2178,1045
3179,3074
758,722
94,1496
806,1702
5166,970
5763,2946
2086,1456
5174,2551
4711,1329
3345,1831
3782,2586
2340,2504
4205,2689
1278,2451
1064,1179
4300,2926
4300,482
4035,1719
4807,1976
3840,2941
1070,435
5335,2095
5617,1027
1204,435
3645,2473
5763,852
4753,1181
5916,1848
1556,2580
3075,2320
4178,2936
5854,970
2423,2165
3916,2936
1263,1015
2147,2267
1283,2421
2115,1231
3393,1848
5948,982
4592,2926
3532,2946
4251,2633
4738,1997
343,2708
1114,1831
3803,1719
5365,2095
4121,308
5558,46
480,727
698,2118
4604,2936
404,1671
5758,1797
3708,1078
2,1102
2901,46
5260,1520
5702,1865
2875,2797
3532,852
1051,2421
4449,2244
3685,1848
3958,2946
4615,1001
2101,2622
2815,1211
281,1456
1769,1883
748,1831
2004,2689
3176,2910
5333,1217
911,1071
5056,185
663,969
5372,2111
196,2257
4372,2936
1676,379
2964,1684
2252,1478
1240,2478
3678,1027
3730,1217
1226,1082
5609,2963
4797,833
989,2832
5762,1515
2527,2622
1472,734
42,2729
5271,1655
3354,1088
3070,1329
1728,3171
2767,1520
1392,970
1565,898
1333,1329
2403,1997
3232,1098
1537,2822
4715,1181
4830,1131
5226,1131
3961,2439
3842,1027
4234,319
4191,2901
5089,833
4509,2244
5223,833
1038,2320
3557,1797
1879,2936
4102,1331
3429,2551
5301,1655
5635,777
1240,734
4258,1844
4432,2963
3747,2860
4402,2532
5039,1655
4046,1207
5665,2871
4658,2717
2034,1534
3309,2634
5088,1547
411,2572
1781,1088
664,574
1168,2551
4050,2080
4277,3025
4860,1131
443,1329
4877,546
2408,1186
3251,2629
3333,2439
4811,2178
5854,299
5284,146
2995,1131
3905,386
1596,2439
1873,1027
2269,1027
5319,2584
2375,2177
4290,1917
5052,2240
4684,1844
4462,2963
5007,777
5360,141
5578,1532
1381,1504
990,1848
326,2622
1064,1797
732,1058
3433,1515
5286,1131
869,1329
1805,2963
1335,570
2522,1823
3797,2923
3855,2901
4452,905
4105,43
4320,1917
3952,1521
5617,2584
1171,2044
1990,2901
2587,905
4151,2670
615,2351
1074,2111
2466,386
1084,1109
1388,1520
1040,2500
1467,1813
3447,2702
1573,2963
1100,299
3935,1702
2433,1377
2940,2871
786,2583
2699,1496
3103,2111
1219,1684
3915,1989
5816,1831
2793,1131
1785,2095
2067,1027
3576,79
3127,253
1127,2095
2610,2178
2020,2901
5936,435
213,1940
2472,2244
5526,2257
2635,3174
104,2936
5778,2478
3187,2189
4221,2
1803,1331
3336,777
839,1813
2355,1844
2434,2891
4134,757
4239,3025
4561,824
5142,2267
2136,982
1494,1515
1874,982
5274,2194
5372,2729
5370,1902
5570,1024
5117,1456
1216,2702
2341,3077
1978,3025
1656,2974
598,1377
1117,2696
4073,2174
2113,217
1891,1336
148,2080
2328,2091
872,2111
2562,43
316,1664
3282,2584
734,2177
5264,1102
1248,2398
1160,299
1767,2963
955,833
1108,1829
3759,2923
4191,2580
2300,982
89,160
2819,1547
2633,3077
3249,1131
3390,2302
2767,3077
3522,2421
2326,1614
4133,131
4239,1281
5860,574
4127,2006
1892,2850
5529,969
4968,2622
995,2302
3015,146
5867,964
2770,1281
3475,1070
1092,3174
154,905
667,2244
1586,299
985,833
4507,722
4586,1015
4940,2267
5014,2216
1459,1655
2269,706
168,1742
2401,3077
393,140
302,1742
3552,2421
4049,2473
5169,2504
2521,927
2232,824
850,1547
4155,1179
1987,993
5803,1329
825,3180
214,3026
3168,1677
3899,435
3937,727
1846,2451
795,2779
2142,1281
4251,2580
1744,2174
1489,1655
1440,2702
1736,1532
3105,2267
546,1671
2014,722
5097,2227
558,1496
4467,1831
2108,357
783,1614
640,3026
4246,2586
4234,1071
655,1614
259,1614
1331,665
1455,2421
2434,1281
976,2194
4646,1015
1569,2708
1512,2174
2381,2586
4384,1015
4633,1719
4982,1873
5409,1940
2427,1241
1706,727
1470,2702
4505,2473
4811,1991
5038,2936
3880,2421
5451,2351
4399,734
3048,3022
3110,1456
4197,1539
3144,286
334,3077
4410,2586
5549,2859
3851,2622
4093,435
5311,1001
5707,1001
2498,1831
3998,1329
2236,1831
842,2729
3287,2257
4414,1015
1578,1831
2003,1071
5298,15
246,1917
5439,1186
2861,1102
5901,1217
1558,2118
5464,2936
1701,1672
5044,2350
3898,1098
5085,2351
2184,2580
4544,2936
3374,1098
1340,1666
2916,1940
3895,46
4588,2484
4223,1797
2081,2832
1394,1902
3833,2551
1175,286
5058,1844
2575,2586
5469,1186
2544,1021
4827,1719
4431,1719
71,2451
367,1281
3672,2633
4391,2320
1509,2791
745,1641
2185,1088
2228,2478
903,2981
2183,1015
4062,1098
4855,734
2981,995
2716,1478
4328,1217
3199,2386
5042,560
3259,185
4909,970
2042,2473
5767,1001
2155,2350
4385,970
2599,1078
2289,2350
4259,2551
4333,2500
4529,160
2397,1883
647,1456
943,286
1559,2504
5583,1823
149,1179
2191,2946
3659,1997
4774,1684
2215,1088
4811,31
1996,2478
1029,2689
3892,1976
5083,2439
5456,735
3145,995
5690,1131
4917,2901
2200,1719
5094,319
5490,319
4655,2901
2714,1940
4997,386
3001,2936
4417,1797
3018,2351
4735,386
4169,1695
4155,1797
4456,971
946,1873
4289,2551
3919,1520
4896,2963
849,1940
2191,852
1169,1918
2344,1848
1929,852
2678,970
167,1354
5568,2080
2154,970
1106,815
1524,574
1307,2791
3165,1997
5720,1131
4018,1684
4388,1217
319,435
4732,1027
5678,905
2586,2320
4031,2111
4165,2111
3165,2936
56,964
4175,1109
1599,1098
2485,3177
2733,1027
4185,1797
2471,1027
4799,936
444,2012
745,1186
2975,560
4723,160
5296,1742
4664,2963
5322,2963
5544,1844
273,2130
5650,2240
5688,2532
3623,1535
4772,2496
4906,2496
4753,2
2385,2946
5530,3077
3021,1844
5884,1131
4657,2923
4552,1217
934,1997
2763,1027
2620,2439
2219,2095
2501,1027
3447,905
4963,936
2192,2901
4828,2963
5948,742
3773,1829
240,1027
4032,777
3383,2583
1931,1813
1986,1520
446,903
1590,1520
1707,2859
2829,2963
3526,2891
611,970
215,970
4257,895
5141,2901
2675,2496
5495,1147
734,1535
2324,1515
4225,2111
5429,2779
3963,2111
30,2910
952,482
2650,2439
2927,1027
5191,1675
5243,1865
2044,2629
4993,936
5125,1532
2773,560
328,1032
3332,2244
3843,2194
3356,386
3392,43
4997,1809
3937,1829
532,1027
2698,386
587,734
3326,1675
4107,2240
4374,2584
5210,2856
4948,2856
5454,1496
4337,2702
908,560
3215,1844
307,1848
4144,3061
5935,1045
441,1848
816,971
119,1797
2132,2634
5738,2194
4620,546
523,160
1488,2532
2424,2
1216,1844
2243,1684
3201,3077
2470,2629
1033,2891
5035,2451
5169,2451
4231,1902
447,323
4762,1538
3556,43
273,170
37,2145
1484,319
83,46
3892,1655
1650,1520
676,560
2601,1742
5251,1702
4139,1532
729,386
75,1848
4679,722
4015,1496
3713,1131
3231,3077
984,1844
631,2480
5349,1456
5538,1917
4803,2451
5517,1040
5359,2174
1300,2080
2420,2111
5097,2174
2326,1695
5758,1102
4565,1532
5050,1015
1736,1829
5800,2267
2794,982
4757,1702
2319,1655
2045,2584
1054,2963
3261,3077
2898,3025
2972,2974
1874,2702
2447,120
3294,3025
2710,2974
831,2891
1122,1377
4546,2421
638,2496
2159,2871
3606,1045
1388,1496
3747,2970
4029,1902
3905,146
4526,2708
3805,2194
5868,2586
448,120
3354,43
2132,2179
375,3025
2003,79
1433,2178
2063,130
2968,2451
2560,936
2706,2451
4816,969
1768,1902
5476,1015
2265,2708
3545,742
1093,43
2471,2584
215,299
3016,2118
2300,2702
1904,2702
1930,1671
3112,2580
4939,2473
5868,2936
5915,1062
1286,1377
2552,2923
3898,1045
4195,2729
26,777
2328,1717
2978,1045
2049,2302
1426,3077
612,120
4846,969
190,2871
2757,1076
4436,2791
4775,2257
1884,3174
5160,2822
5289,2478
5244,1015
416,181
1701,1969
2501,2584
3229,1071
5777,1478
2979,896
3323,706
2356,1671
2983,1015
2642,722
4225,2729
240,2584
3424,2451
4876,969
247,2974
3210,1179
3702,1641
1102,1044
2325,2708
73,1131
1566,1902
4147,2257
901,2451
1197,1281
1252,1742
4825,2320
2662,2478
3409,1015
532,2584
4575,2145
447,2
4029,2386
1152,757
233,2702
5269,1021
4741,2622
2,2769
3376,2006
2980,2006
5568,1088
5284,1329
1240,2267
2001,1456
1622,871
4270,4
4364,1329
3041,969
3027,1071
3118,435
3338,2653
5280,806
1763,2981
2365,1329
3841,995
5453,734
766,1071
1182,757
5831,1848
2417,738
5440,2192
5173,1848
1300,2698
837,722
4849,970
5381,2551
4054,2981
2285,2504
493,131
3246,970
5267,170
3849,482
5745,734
5824,1027
3401,2012
3740,1478
3456,1719
3695,15
548,969
887,435
2429,1098
3563,1027
5485,2500
1871,3022
42,2302
4331,2858
2839,969
3276,970
1039,1179
3105,1088
5006,1684
2695,2910
4608,1823
5644,1217
186,1677
4986,1217
578,969
4287,2936
873,2580
1238,1015
4025,2936
897,722
3519,1078
3593,1027
3989,1027
4773,1109
5045,1797
4943,1520
1765,3161
5746,1844
2322,46
1479,323
3354,1950
2910,970
3368,1848
5923,982
2676,574
1650,2622
1855,3054
2784,1797
4905,2702
2851,1329
411,2145
5399,982
3291,847
3790,2480
827,1831
3934,1478
3717,2941
947,435
1045,970
346,969
3957,2593
2556,2320
5223,1695
3678,734
4827,1695
5682,2209
3127,3075
4507,27
1635,1186
4565,1695
4973,1520
5688,2963
3074,970
5827,1809
3528,386
4579,2532
2619,1329
1220,1883
1306,903
5740,120
1032,2586
4322,1186
1471,970
1075,970
2305,2859
3797,2496
3535,2496
445,574
510,969
5690,1696
4002,2901
1760,2012
5430,833
5692,1742
5456,711
1841,2351
3271,1110
3558,386
5857,1809
3790,1675
3186,2500
858,339
1479,2901
4268,2239
4705,2240
5063,2702
5459,2702
1458,2586
3679,1844
5770,120
3803,1910
1977,899
3303,2496
581,970
481,1520
4285,2593
522,1329
3283,2783
5427,131
5487,936
1132,2012
5208,1521
3984,386
4020,43
4416,43
635,2145
4377,2532
1452,2367
4752,1655
1366,903
1247,2901
2985,1813
1961,2244
4473,2240
5086,777
1069,1848
1007,970
1232,1088
3632,2563
1407,1843
3360,2629
2601,1823
4531,905
4367,2194
4088,2779
2708,1131
1710,2783
5655,1809
1042,2095
3984,1675
5044,1655
780,2095
718,1217
307,185
2263,2178
2270,905
2977,1521
5116,777
5854,706
5879,1702
5910,1015
2185,43
777,1797
3045,1655
3344,2
4569,1547
4662,1738
3392,2702
675,1520
1150,1813
4474,2441
5668,2421
5487,131
2248,1496
92,2633
3000,1131
1270,2080
4080,43
2256,3077
1356,1100
2755,546
1473,2439
4090,2451
4259,1506
886,2871
24,1186
1206,2095
2293,2178
2634,27
2696,905
2863,79
5499,141
2372,27
5662,1071
4870,2791
4051,1742
2215,43
4935,1496
5337,722
3508,2
4415,706
5664,2837
1075,299
474,833
1420,2963
2502,2702
3600,2974
3063,2769
1528,2496
1423,982
4100,1045
2405,2769
2076,1547
2286,3077
4812,1281
1195,1532
2024,3077
916,2871
1174,1217
1733,2901
5444,969
2920,1902
5425,727
2534,146
5034,2791
908,1475
2245,43
5887,2478
5763,722
3693,1071
1936,1917
4445,706
1162,833
3333,536
1316,2963
1686,1742
210,386
4301,927
581,299
5204,2421
3965,2698
1050,777
437,2240
5917,1539
929,2702
1342,2871
2405,1614
3398,372
3601,2421
5309,2622
2988,2194
5665,2257
5212,969
4885,574
2285,2451
2057,1281
1850,1742
1659,2174
2722,1671
2861,2769
1703,2
2742,3077
4860,1456
880,1655
3369,2421
5339,2622
5638,969
2756,2194
2033,1045
4631,815
3349,2708
85,3077
842,2302
436,1614
40,1614
4068,1641
4161,2586
4832,2791
955,2179
3491,1071
29,2953
719,1902
4215,2822
4196,2580
2833,2791
591,1902
5806,1684
3977,964
3696,722
1172,1655
1132,536
2350,1102
3661,2421
887,1671
2007,1702
2958,2678
1134,2302
4117,1883
43,757
2233,1456
3888,1831
4678,1950
2078,1353
2422,1917
1138,2421
3426,1211
50,1147
2361,1641
2400,815
2806,2257
380,2779
2794,742
2940,2257
5345,2386
252,1281
993,727
4434,1940
1179,1671
1965,2580
5469,1109
1666,2698
2955,286
5680,1329
2397,1456
2431,286
2035,2006
2819,2088
5866,1684
1148,2708
3419,1329
2421,2981
1626,266
4291,2012
4726,1186
4719,15
2795,2633
5147,2936
2129,2580
4751,2936
4768,2351
685,1671
4770,734
1361,722
4117,1078
2085,1719
1338,738
4397,903
5541,1520
5658,2859
4080,1950
5262,2859
1764,2832
4436,2551
2063,1179
3711,1329
428,1456
5839,2116
2215,1950
3061,2910
3421,1001
5876,1217
50,1281
3221,2633
2121,1534
5177,2936
452,2981
3745,1098
2050,2822
3524,1853
2891,1940
3959,1027
709,1102
2629,1940
798,2837
4912,386
3936,1797
3566,574
3674,1797
5797,2240
2476,1883
1368,1677
2106,852
1673,970
3251,2633
2270,2946
1370,969
3464,2926
1876,1329
477,1883
4868,2716
4945,2936
1614,1329
5666,2696
1354,2910
354,2981
5459,905
3308,2386
4755,560
2597,308
5632,833
2017,2473
5709,299
5271,706
5832,2584
3972,2551
1639,46
3170,1109
2423,1848
1441,970
1906,1329
3153,2633
1644,1329
5816,546
5693,146
5915,2245
703,482
4144,1695
2430,3177
2034,3177
243,2941
2115,1853
5862,2584
3596,1109
2154,1027
5595,2240
4845,1742
1803,46
3828,2398
4979,1742
5903,141
4569,1844
5946,777
2191,1848
4880,982
4193,2496
76,734
3842,1515
5564,1614
4795,120
3327,1823
5347,3077
3086,2700
5543,970
56,1021
4326,3025
4340,2923
4995,905
5606,2779
5148,1147
1146,2341
5568,43
526,2633
3434,1131
4270,1403
5125,1917
209,482
1871,2782
622,651
2198,925
2303,2439
2580,1027
3340,715
4116,936
4512,936
4613,1742
4844,1675
4995,1844
5663,2532
5855,2702
320,1252
2985,2244
3718,1829
5881,1671
5369,1496
300,1539
3631,140
5276,3025
391,903
5317,3026
2777,2480
5332,1614
2116,2963
3890,1532
2200,1910
2269,1515
1873,1515
3747,1254
4531,1336
4978,2779
3168,1547
5489,2729
5787,2194
3994,1131
5336,43
4073,2178
3422,905
4984,1281
4631,1917
5027,1917
4803,2963
1496,2696
3991,833
4777,1742
527,2080
3130,2194
251,2936
4234,2
3026,1844
1596,833
61,560
3160,1844
3521,1823
4232,895
5011,3077
778,386
2039,2342
800,899
3938,2111
5421,2194
1775,1515
4024,1131
3633,1475
3929,305
3366,1131
3101,1614
4512,131
4980,2451
5376,2451
1757,2629
1700,2095
3180,217
351,2012
3947,130
3054,1044
5392,1641
1398,2696
4015,2708
3528,146
1986,2866
4171,777
3959,2584
275,2367
523,217
1808,1813
1364,833
2942,1742
784,2244
4201,2871
5634,1147
3886,1547
4276,1702
4610,824
644,1675
5849,2267
4061,2302
1776,777
977,2824
581,2824
3131,1614
1142,2891
2625,2974
815,2496
1940,2871
4782,1281
157,2496
3808,1075
1664,1475
1041,1496
3558,146
3069,1675
1744,2178
2487,2451
1716,130
2196,1521
2602,2963
5279,3026
814,2244
2727,1157
2870,1465
4368,2580
3358,2717
3752,2082
5617,2267
1327,2240
1007,2824
3280,3026
2115,1532
2259,2974
4706,131
514,2891
1655,1547
4507,2365
1823,1131
3459,1456
1296,1614
2036,2178
4499,969
4442,435
1061,27
495,1336
4428,2257
2418,1691
2549,2174
4763,1015
3758,1496
3520,2082
4795,738
4399,738
2506,757
4736,131
5393,2350
2382,721
2867,1702
5833,2622
5902,2227
2882,1044
2923,1045
3878,2729
4614,1831
746,3025
5703,2702
4431,2878
498,2923
4210,435
2615,1831
2924,2586
5856,1478
5809,2386
1387,2240
3221,2580
187,1691
2532,1015
3282,2267
2587,722
2635,1702
3611,1045
4228,2145
1685,2082
3944,2386
587,120
776,3025
3274,871
2562,665
4778,1831
3403,1281
1598,1147
3998,2622
3941,2088
4163,969
4559,969
1513,2729
5221,1088
1907,1902
1511,1902
4608,2551
2008,2708
3677,2981
1292,286
450,2451
746,1281
3251,2580
176,936
4770,2320
4441,1098
2562,1015
5325,2350
2221,722
285,1071
526,2
2286,2837
2945,1719
4861,903
928,1702
3192,2350
3350,2936
270,1702
1796,2421
4989,1088
3258,903
480,2451
776,1281
2724,969
910,1281
4081,2633
662,1179
4800,2320
1918,2791
1349,2082
2464,1015
5635,2367
3689,308
3751,1940
5549,903
3109,2473
3885,1940
5772,386
1873,2267
496,2580
4794,970
1707,2729
1714,1456
5941,2824
4432,1520
5631,1844
2372,2365
3148,2586
223,2421
3951,2910
4025,2859
2590,1504
2096,969
692,1179
4568,2320
5055,1684
2078,1329
1080,2981
5769,1027
1176,2689
5899,319
5799,2367
2743,1719
3915,1940
3832,185
5733,27
5544,1848
3011,2473
5523,971
3148,2936
4960,1797
2883,975
4832,2551
4570,299
3021,1848
5261,1910
4275,2633
5715,2080
2788,1088
3705,2480
403,2365
821,2878
2452,2859
4597,2095
3169,1719
5763,27
3836,2936
190,2257
5312,1848
3142,1027
4367,2572
659,1015
263,1015
3276,1027
4322,1109
5731,2963
4862,299
5342,936
5266,160
5825,1844
5207,2963
21,2421
2593,970
2727,970
4043,2633
2534,1329
2138,1329
734,1539
4845,1823
161,1677
5424,2439
1370,2689
368,435
1739,1997
669,1329
1744,2341
610,722
2172,1098
1289,2700
1439,15
3440,1027
5288,299
5558,160
5499,2963
587,738
5756,1865
4764,299
4368,299
569,1098
1045,1027
5508,982
704,734
5289,120
3346,2496
1216,1848
684,1021
474,1211
553,1504
1589,898
2115,2634
2733,1515
1812,2633
3804,2593
41,1329
3074,1027
5390,1865
5536,936
4851,833
4794,299
3765,386
4589,833
5771,1742
3503,386
2923,1797
8,2320
2195,1058
132,2386
1209,1027
2883,2398
3664,2963
2425,1520
3886,1844
4020,1844
2559,1520
4562,141
1117,2192
5654,2096
4028,207
4981,1064
2763,1515
662,1797
2331,2824
2501,1515
5517,1044
333,1329
4884,1131
1673,2824
4223,1614
2382,1823
5840,2451
1774,1186
5917,1917
4912,146
4638,1075
2537,2111
5431,711
629,1098
1537,2936
2275,2111
367,1098
3765,1675
4161,1675
3894,1331
236,2335
5413,1071
977,1027
4423,2584
4456,2532
2909,936
5759,927
618,1848
3569,982
2686,2584
2927,1515
3655,2
3577,2563
4914,1131
4535,546
2649,2702
2150,1823
3991,1614
4669,546
4476,905
5742,2451
1635,1377
532,1515
1308,982
444,2634
4284,146
2604,2178
3743,2451
1007,1027
5534,435
4940,2702
3832,1742
1299,2367
2254,833
3436,1742
3570,1742
306,2111
277,1181
5562,1702
474,1695
4185,2769
4192,1496
4588,1496
699,1813
420,2398
1423,1844
2495,141
1999,2943
1636,2891
2417,2702
2990,120
2434,2871
3515,2974
5096,1902
1472,982
2993,2111
1215,2080
2688,1475
3377,2451
2909,131
2611,2194
732,2111
336,2111
2418,833
57,2696
470,2111
3765,1809
351,699
3142,2584
4350,742
5678,722
5885,1015
4222,1496
2553,2189
1455,1917
1500,936
3105,2702
1955,2240
362,299
1587,1844
2447,2702
4612,927
2397,895
3531,824
2211,1671
3393,2580
1211,2496
464,1515
1240,982
2320,1614
3803,2451
186,2702
3937,2451
2655,372
3589,1179
5454,2118
1094,2850
1909,2245
2205,1075
586,1131
5243,2837
1466,1675
2555,141
5411,2421
2899,1671
1369,1742
218,146
3685,2580
4019,1702
1484,2
644,2240
649,2584
2361,275
5007,1025
382,2240
5900,1831
1636,3025
2350,1614
612,2702
1388,2923
1025,2871
3284,2421
4263,1281
4277,1179
5027,1677
4001,1281
5419,969
501,2871
4830,574
4952,2257
3639,1831
1958,43
2147,2194
37,2178
1310,2451
902,936
458,3174
1036,936
3868,2822
1242,1004
3587,2580
478,608
5832,734
808,2240
773,1465
904,2702
977,706
5468,1211
5583,969
4965,2088
283,2769
2933,2729
453,3180
129,2302
1998,2451
5700,1719
113,79
4490,482
2459,2257
4336,15
5862,734
5941,1027
1077,536
5600,734
2780,2837
4869,286
2429,1102
2914,2837
672,2702
2733,2267
52,742
1098,824
1294,1702
2471,2267
709,2769
4656,2622
5167,2572
5461,1329
1581,2698
3699,1831
3840,3002
5199,1329
1654,1456
2430,1677
4340,1073
3218,969
1093,665
4916,2926
828,1902
2956,969
5695,1910
2694,969
106,1917
4975,308
5446,2145
943,1071
2063,1102
2944,2837
4513,1940
2763,2267
4241,2006
5684,970
2501,2267
1093,1015
2810,3022
1946,1456
2080,1456
2596,2504
5359,2341
240,2267
1723,2350
3120,969
5097,2341
4818,2926
1831,1883
5067,1186
3974,2012
1383,969
916,2257
4696,2936
5864,1695
1385,1015
2605,2216
1519,1015
5856,299
1506,2473
4479,1366
532,2267
881,2421
3589,1797
3587,970
2589,2622
3654,2946
3797,2500
858,2437
4595,2480
2396,2981
524,871
5097,1186
5181,1823
1413,969
1191,2088
1941,2586
3713,1082
5464,2111
5202,2111
2191,482
1198,2478
1470,722
4562,1027
1153,1015
1929,482
2478,1478
3627,2439
5501,2178
965,964
3959,734
3157,46
5461,1813
1536,1719
5886,299
5254,1520
2599,2936
1656,323
3609,1109
5250,2532
2619,2622
5943,2496
3517,1520
2030,2227
4716,1844
3651,1520
2522,2689
3303,2500
1061,2365
1837,2586
5526,895
5918,2439
529,2504
4949,1823
2014,970
4340,2496
3275,2926
3989,1515
1315,969
1356,970
2476,1001
592,574
3371,2634
4854,2717
96,2622
726,574
1559,1329
46,815
2410,2633
5318,1131
2840,2217
2470,1186
2508,1478
3986,1217
2609,1530
3390,2095
5916,299
5520,299
4601,2244
5024,2347
3625,2901
5468,1829
4795,43
2331,1027
3387,1797
5376,2240
5414,2532
1673,1027
3626,1813
4187,160
351,1801
5740,2702
3023,1520
5344,2702
1648,970
2625,2413
452,1883
5379,2696
539,2791
1215,1088
5489,2302
1463,2910
931,1329
1024,1520
4181,2974
29,2689
5086,1131
3917,2901
5772,146
1556,2320
5221,43
4393,386
3481,1058
2099,1027
5757,777
5941,2584
411,1478
15,1478
5891,777
2052,2901
5770,2702
4662,1742
3132,1813
4400,2496
4494,1377
3279,2240
3857,2
5774,1131
961,1329
1171,2105
5529,546
1305,2859
2664,1186
2748,1823
3450,2095
3949,2974
4272,217
867,2633
4146,1044
3148,2696
3513,1131
302,2824
5051,1675
3991,1695
5575,2584
1585,2095
2917,319
2478,2901
3013,27
4178,1521
5325,1655
3926,2963
5430,1671
5800,2702
166,2936
1596,1695
1883,971
4595,1809
1716,1797
5052,1496
1425,1813
1048,1109
1528,2500
1559,1813
2593,2824
2727,2824
4790,1496
110,560
4664,3077
5809,1475
2234,2891
5801,79
4834,1044
976,2926
5057,2779
5929,2708
5868,2473
2278,2439
2885,1131
3990,130
4895,2451
2114,2974
433,1186
4552,1331
4460,1742
5210,742
4594,2496
160,1027
330,2936
3473,2240
4958,706
2447,1844
4515,2580
1170,1829
5153,1147
4191,1702
1966,982
5202,2729
3311,1131
1308,2702
2829,3077
186,1844
859,1186
2144,2974
2540,2974
4923,870
1178,2629
1407,237
4435,1281
3105,2194
1360,2111
749,1957
3770,2584
2741,1917
1715,1521
