u,i
4872,760
2480,1095
5532,1035
5100,2344
2873,1026
4449,1071
4805,935
746,2827
589,2880
2485,2378
2,1097
2595,523
3271,1035
2462,2623
3443,95
4324,2059
3157,1724
1058,1372
4936,2623
2434,1329
2754,516
4607,1364
68,633
1021,1719
3977,968
4751,2577
1891,821
1232,1939
3357,1260
3851,2549
4518,1292
72,523
810,489
2515,1173
5539,1051
5936,1919
700,1031
4518,16
1904,2453
3752,971
2346,2569
2456,980
2852,980
481,2155
904,1026
3490,3186
2368,2853
4226,2059
3182,2841
3620,34
4632,1020
3611,968
4368,193
4703,900
3414,1097
4336,1372
5802,1811
1896,10
2068,1019
3869,1906
3781,1793
333,2378
4003,2660
2676,875
1471,2426
1655,557
693,1903
5562,523
4636,1526
3466,1674
3189,871
2179,1237
1819,2880
1813,2577
1636,1483
1350,3075
2735,2623
3182,1097
2492,2865
4712,1026
5789,2407
1900,775
1179,978
3345,337
3357,1623
143,1355
3794,2378
41,1573
1825,2816
2794,988
3527,2034
4613,1020
5729,1575
4514,489
5947,980
3657,1097
4338,1724
3629,1035
5881,2346
714,1329
564,2553
2835,2157
2047,384
4215,1095
4760,666
4560,1773
603,0
3089,2747
3502,930
2409,1002
5885,775
119,1119
5260,952
3971,1903
4943,1016
5767,2217
1135,2490
120,2512
2324,2126
3513,5
3043,1813
3637,337
5598,193
4772,905
694,2747
1132,1963
951,1097
2071,1128
2923,2162
3506,2217
4134,1557
75,2217
3368,2512
5178,775
2540,1606
1041,2976
342,760
4308,397
4843,1724
973,334
1398,1035
696,1517
3600,3020
3557,2155
706,1976
1537,2133
1301,1331
3691,2155
4304,921
4913,211
1958,2126
3035,2753
4207,988
1753,2660
5191,2407
5578,2816
5011,2705
3703,2623
5415,314
5475,1119
3670,2217
1091,1228
2433,1372
1662,34
4924,1016
2171,2126
3451,1355
4464,1260
2532,1085
5300,1532
1845,384
2683,1483
2399,1724
5262,1011
3242,952
5127,557
5815,2126
481,666
761,949
1585,2150
4190,2862
5396,193
4909,2549
315,1128
3844,10
3458,2684
1920,2665
3298,2466
361,1015
4975,1331
154,1476
257,2126
107,1364
694,666
4957,2482
4890,1260
2228,1963
528,1128
3838,875
3640,1119
5658,314
935,994
3798,1476
1081,294
2817,557
3736,598
365,2827
3025,1260
2128,978
889,1292
1947,2623
345,1128
3471,34
5532,848
3568,1364
4454,1228
4364,517
2253,865
780,1241
2437,1211
4684,229
167,489
3909,2862
2990,2821
5535,1038
2723,1016
906,828
4634,1051
5484,1221
4369,2059
4491,1002
5867,959
5413,523
1395,1221
3083,2490
2403,516
3653,1071
4981,2034
874,960
3219,321
177,1557
4019,1128
1295,2976
2162,2790
2205,1211
665,557
2728,986
2917,1905
3378,314
2748,2133
5816,95
1330,193
3226,2660
3565,2126
1409,1011
958,321
70,384
3836,1128
3495,2821
463,1776
539,1128
1339,952
2299,1748
5126,2802
5420,3020
2412,871
354,557
5932,2377
1560,2577
920,968
4891,949
2602,968
2943,1032
1958,2623
5339,2802
1939,2344
707,3075
865,2466
2768,1674
4714,2979
1128,1119
1491,3157
1321,1019
1634,1479
3296,1564
5016,1331
570,2777
5342,1006
548,1217
2619,2490
4954,1355
4726,2171
3905,1241
5691,1096
2697,1097
806,960
1644,2059
4247,2173
5242,775
2122,2623
5107,2802
3491,1372
1903,1007
2538,57
3293,633
1942,935
51,2747
1491,16
622,321
1121,3186
4710,1116
2910,1097
4555,1013
5825,2841
919,1776
556,1724
580,95
599,337
146,1560
2001,1020
4136,1029
5786,57
1102,2126
2909,643
500,1563
2119,1241
2559,759
2521,2453
4261,1963
4536,1902
5603,875
1451,324
5938,865
2985,2853
3804,1724
2641,828
4592,1016
1269,24
228,57
5933,1918
434,2377
3330,1575
5229,1573
4252,1096
2951,2976
3548,980
5425,2451
2983,3157
2458,828
4428,2490
3182,2091
1052,211
2081,2827
2196,828
1616,24
3476,2797
647,2377
1132,2126
5611,2577
2209,1292
10,1002
2966,2466
5261,478
3115,2037
2013,828
652,1674
1440,1195
1607,1372
103,2398
5602,1939
3750,1730
3707,865
5840,2750
1750,1128
865,1903
4855,2126
2919,2512
2998,1573
1587,2827
4691,3186
1647,2841
3063,1702
1509,921
2907,2623
3850,1035
815,998
2857,2802
3857,1748
5464,2126
654,1575
2956,2515
671,990
975,2155
4624,1331
3392,2816
4861,1015
5687,828
1850,1372
1115,1906
2065,1260
5217,384
3331,2577
1085,980
3239,1002
2126,489
2833,314
2544,211
5646,9
785,230
1060,2155
8,2753
4079,1918
3566,875
5460,1724
3187,24
5852,1016
4768,450
4971,1038
2558,2482
3807,2398
887,2577
4294,759
5667,1007
3177,16
1833,1260
4548,1844
5639,3123
5736,2827
5942,946
5191,489
3572,774
5346,1329
4831,1903
839,2802
5560,1029
1344,1217
3939,1241
1719,865
3486,478
3625,1051
4439,1564
1230,1640
2412,2549
3472,314
3482,1002
1159,3157
4151,1097
290,493
4628,2217
5815,1026
1322,2626
1656,1748
3134,1487
2313,557
895,832
1858,2377
3816,1292
815,314
4824,2802
789,1116
1831,1456
5852,1029
2309,34
583,193
1889,643
4788,1573
5698,2777
3707,1241
362,2705
670,2821
4937,878
138,1011
5364,1211
317,1013
26,2490
2488,2665
4840,1211
5251,516
922,598
746,2816
2902,1487
1954,516
402,2777
4277,310
4381,633
687,960
4496,2569
5002,980
93,450
2354,1389
979,314
2715,2829
4692,0
1140,3157
799,2827
4930,57
3139,1844
4591,2577
3672,321
1308,489
2142,2378
380,2880
2918,384
4580,2684
5485,2790
4549,1119
2331,2802
5266,1211
1011,10
5147,1748
4469,638
4517,1581
102,2377
3538,1260
3956,1019
3538,1031
3672,1260
4408,2577
3732,2065
4014,960
5423,865
3370,666
5464,2623
5474,1096
720,211
1795,994
3491,138
246,557
1278,704
2505,2847
5657,1217
1734,489
2260,2225
3891,1011
3459,2549
2678,523
4025,1011
112,3186
582,1903
5393,878
272,960
2378,2217
5387,2790
5435,57
2236,821
4440,960
983,3186
3371,1389
4374,2821
4484,478
5534,1002
2987,2217
3730,2490
1039,314
1352,774
5705,1086
5646,1674
1210,1364
4634,193
5687,1217
2722,1919
1963,1867
514,2829
2226,520
3227,2549
3265,2841
2515,128
686,1623
3129,1748
990,314
5300,1976
1845,828
480,966
1423,1364
4864,2577
3683,321
2642,2569
4390,1903
3065,1211
3495,1024
3402,2028
200,1097
4896,314
4614,2816
5772,1116
2143,606
3196,2862
1857,20
1246,95
4861,478
2061,1476
4391,34
5249,294
944,1487
5378,704
1207,2126
2067,998
5339,2173
1306,1085
2908,1119
4807,2349
2534,878
2405,10
2441,2407
4927,953
2124,2471
5532,1292
1564,2777
1471,334
4172,1020
1230,1211
89,828
524,2217
801,3020
245,2802
1718,2426
1401,2490
2164,557
2282,24
1012,1217
3827,1510
4156,517
4796,1372
2846,2577
3689,1051
3319,57
2496,478
3203,2326
1780,2028
2258,2821
3557,1097
389,1211
2115,557
3264,1518
3350,2753
313,2155
2512,193
3119,871
1352,1029
2250,193
5514,1773
3136,57
338,1919
873,1031
5732,949
1759,858
1926,1035
4584,1085
2232,324
1141,1748
3393,2342
1693,2490
2885,1872
1006,1560
2914,2344
4437,1331
3535,705
5175,1260
1482,1260
995,2862
5313,2133
5762,10
934,2623
2909,953
5212,775
1487,557
2079,203
1022,1918
2364,2816
2868,2349
3549,990
2763,2821
5502,1776
2174,2426
3170,2162
5272,2482
5008,1389
2700,900
4250,1976
702,2623
301,64
1101,871
2524,2660
4351,2553
1696,34
5836,1019
779,2577
2076,1487
448,2706
976,2862
1475,294
4350,2853
5580,2490
1724,1035
3644,1119
3594,1298
719,1479
1780,1573
5541,24
5849,2126
1305,1051
2289,1487
1974,2378
2490,1211
2956,489
4919,1963
5471,2705
3360,1067
5313,1099
4258,2217
5631,1674
825,828
393,3157
419,2126
2155,2426
4039,2816
4851,516
556,2626
398,1020
229,16
4611,1029
1519,1919
1765,3143
2152,2091
1092,2111
2489,959
2205,3186
3964,952
1735,2217
183,314
1754,1035
4596,2626
1041,2065
330,1007
3059,1260
4284,1573
2782,1211
4067,821
347,193
4516,2862
2537,2841
4428,9
3621,1000
5115,1730
5613,960
3515,1476
344,1844
4119,193
2816,980
5708,968
3218,960
904,2706
1848,0
3276,2133
5487,949
1588,598
4826,1748
5156,1623
786,1667
3437,775
488,24
1682,2219
5216,1674
5493,225
1580,2171
1513,949
2051,1793
2639,1963
3434,2426
3303,960
4344,661
5590,1097
4712,828
4643,994
2855,2490
4973,1623
5025,1813
3889,1020
613,2126
1473,998
1349,1228
380,2827
5380,2684
5418,2976
5299,1564
5738,968
1147,1013
1233,1016
4882,229
1912,2802
594,1029
3123,211
296,1372
5337,1038
5681,2797
1653,821
1018,310
2632,2862
3454,1479
2530,865
4226,9
396,1724
601,961
2411,1173
5513,3186
5620,1097
3678,2126
5297,821
2217,1573
92,37
1494,949
2884,2790
5914,2217
886,2490
5160,294
3594,1903
3040,334
5435,2219
3366,1487
3046,2034
2210,1533
4099,2829
675,1031
3861,3186
3857,1724
8,1211
4960,2111
3031,450
5753,1976
3578,848
5512,638
1370,775
3579,1487
2476,871
2631,516
888,1260
2359,57
1624,2577
2123,1241
4117,2065
1404,2079
1498,960
4242,1013
173,2217
1817,3157
1893,1718
1475,1730
2672,1456
4420,3005
526,1029
1319,2880
218,2862
2799,1002
2852,2326
3296,2037
4055,2126
214,3157
451,2841
4099,1903
2717,1872
5372,2176
922,211
170,1101
4540,828
4633,1019
2040,1364
323,1114
3117,759
25,225
768,1730
1606,2829
656,1260
3144,633
5155,2821
1313,1035
1569,961
3238,2217
4936,10
5750,523
2279,828
1,16
2554,2753
4657,100
3903,2378
5921,1573
1943,384
2760,643
3643,990
4436,2841
2104,1241
4155,384
896,1097
5887,3157
5830,2623
1312,517
1317,861
1710,563
4234,384
5708,2862
3306,523
3268,2217
3989,1748
4627,1776
685,1035
5341,1119
924,1051
5387,1006
5898,1939
1477,3186
3910,2623
4142,1963
5374,478
1635,1557
4281,321
4374,1037
5547,2126
5681,2126
973,2377
4543,1260
126,1421
3180,2225
4123,2623
1497,3020
2677,1116
2130,489
3288,775
192,994
2164,1793
1274,2490
1484,2034
3552,821
3323,998
439,871
1229,2976
4517,978
4840,2126
4336,2623
3054,1776
1245,3186
3826,2521
4330,334
4232,1748
5128,314
2843,775
3426,2816
2182,1029
3507,2512
2722,2471
98,1251
2811,1991
5569,959
4423,1730
3437,2453
861,2176
1969,921
3872,2344
1373,2553
3553,1581
5289,1844
1872,988
3293,193
3066,968
3869,1292
2544,2549
474,949
5400,2880
3380,2821
4579,930
4668,2665
711,138
898,230
2474,2490
497,1872
4389,1035
3267,2126
297,2750
3069,2407
3372,193
5567,24
3409,489
2738,321
998,2797
907,952
1306,2684
5750,1128
3606,774
3109,493
5767,314
3597,1479
1305,998
730,2753
5773,1260
5224,789
3813,57
671,1355
1285,760
5920,1724
803,1016
3050,34
5333,961
4634,2155
969,2217
1554,921
4498,1099
3486,2816
4494,1623
5530,980
1424,3026
2228,865
120,959
4955,520
5512,1606
1069,2569
2554,1035
2726,324
296,138
578,1019
5530,1919
2949,1564
5886,1029
4929,2453
1338,478
3320,16
4953,861
5481,980
835,1355
5171,0
2086,2623
881,2225
1657,2217
1471,1007
2044,2626
2388,450
4289,1046
772,1006
4430,2217
2668,2490
4748,1331
3172,37
3659,384
3094,2827
119,2841
2639,971
5067,64
1312,1364
4890,633
1366,1866
246,1606
3945,1128
1488,314
32,334
803,211
4760,523
5584,1724
2268,1674
5427,986
4718,2512
728,37
936,1006
4293,828
3890,1606
2890,2660
127,1096
3518,1963
3019,1084
1567,314
3165,384
3134,3020
5715,1389
1616,2162
3376,2553
993,493
4260,358
4535,2512
2453,1575
772,1019
3045,1221
2315,1116
4331,9
1679,3157
77,871
4951,2346
5130,2577
1446,1606
4182,1606
4290,2829
5849,1510
5907,1451
3892,1773
1848,1128
1065,2705
1581,1013
4809,950
5483,1389
177,1748
932,2553
2952,397
2513,1518
5544,2567
4594,998
4833,489
1562,1939
373,2037
1927,1128
4621,2821
834,971
3138,523
383,1035
3132,449
720,1623
3676,1101
341,1038
4510,775
704,861
1077,2126
2343,1228
1567,1724
5175,1128
5651,828
1499,314
1079,1906
1569,1016
4809,24
5222,193
3126,1573
4079,2659
2864,1573
873,1020
5044,1355
3029,1640
5438,720
3591,2841
432,523
721,397
2951,0
4458,2426
198,881
4165,861
3112,2577
1059,2378
2375,2284
761,2684
2815,1573
4596,1084
3510,2623
1101,1557
5146,1487
2902,0
2675,775
1797,1260
2667,2577
1115,2660
1191,1221
4468,1020
1273,1031
868,1211
3045,1476
235,1298
3874,1035
3612,1035
5321,1195
3830,2426
3966,1038
476,1626
2790,1866
278,1116
2335,2225
1831,211
3278,2623
45,127
4785,848
3204,193
215,2753
2099,965
5456,1016
1605,2379
4122,2490
3384,1063
1030,1919
1818,1211
2831,2577
4641,2789
1511,1963
2337,1776
2767,2821
888,523
2751,2059
2756,3157
989,1329
3224,2508
2582,789
2237,1020
3218,478
348,20
2125,321
5382,959
528,1119
2173,1035
884,0
3219,1117
3026,1476
3535,828
2425,24
4094,2512
1752,978
2679,2829
3431,478
1034,2684
1228,978
5832,2821
5479,1013
766,2344
3887,2155
4228,2219
4763,1331
5367,2492
3040,1007
2644,1007
5051,1963
3881,2111
713,2225
2482,450
2564,489
324,952
4507,2802
5718,2426
998,2623
5718,211
34,1119
5640,557
4442,1101
1980,734
2202,1564
3064,1071
3943,2171
5810,968
2635,2126
5056,1031
2924,1963
307,2705
3858,1575
4978,1606
5212,3005
4904,2623
1134,3157
3185,314
531,878
796,2344
5225,1217
3600,2219
5269,1260
2693,1020
267,310
671,2349
1669,1451
2261,1097
4520,2862
4680,865
823,3157
4132,2753
3008,1260
551,1237
3758,2512
437,1364
1609,1585
2046,2377
2612,1031
2006,1221
3549,1355
3723,1013
2986,2706
367,2059
3600,2111
4830,1748
2631,2249
738,16
3150,2777
5330,2034
3377,1773
1775,1510
4063,2515
4679,2747
5133,968
2153,638
4407,598
4088,64
4322,2217
3174,138
4700,2577
1578,1575
5742,968
1557,2455
411,1203
5528,450
5478,858
4535,2217
433,1487
5469,1038
2454,1919
2304,3143
3221,2549
3859,2577
4754,9
3637,20
4318,2862
4447,2747
37,2426
5066,1035
5634,324
775,1372
909,2126
5585,1105
1779,1228
46,2660
552,3020
2880,980
903,1557
3342,516
3364,2490
3918,1844
4553,2126
3608,901
1889,16
4993,2398
5077,3035
5562,324
4332,666
5798,1105
4127,3186
2951,2028
3839,2490
5258,1097
4107,1487
1240,775
4031,2660
5469,1051
703,1095
1900,821
4080,832
2134,759
2879,2862
716,3020
1325,95
5948,2217
1352,952
2969,1035
5414,2512
3848,2660
644,865
5682,1051
2849,1872
304,1211
1505,2133
2587,1872
880,95
226,1557
4008,848
5737,2155
1513,2482
1487,1298
1666,775
1466,2407
3560,2378
2393,57
466,980
3721,1020
3819,1097
350,3020
469,2217
2728,2521
1771,10
5470,2979
3877,1038
69,2512
5406,1237
4613,2126
5294,2753
1949,16
1615,2880
20,1573
5591,2451
1066,1389
1945,2297
570,1976
1425,2490
167,2037
1249,1776
2440,24
5881,1237
5777,2577
5529,2512
1828,2880
3667,1844
295,990
4443,2065
556,1031
1375,1097
5726,2797
638,2790
5755,2037
1827,2426
1772,2490
624,2626
5235,1476
1288,2377
5415,2346
2380,2346
1449,1019
4646,1606
1743,3186
5664,2821
889,1325
3855,2016
3043,1872
5648,598
5847,1976
4266,2553
4677,138
5680,2802
231,2816
2411,2827
3514,1228
525,1573
2916,1013
2900,2466
627,803
2203,848
675,1517
3617,1097
4732,1013
1698,1844
5824,945
588,57
4626,1260
2692,1241
2427,1724
3683,633
2609,489
2564,1241
3679,3143
4596,334
2698,9
5656,314
1758,848
2365,1260
3115,2512
3497,2577
1102,1217
1680,3143
5417,3186
3877,2569
933,2162
3369,1116
2973,1116
2684,1013
953,828
944,2028
4146,1976
1181,1217
5434,1325
1946,1020
2283,1837
4697,1032
344,2706
1772,2853
2615,95
989,229
5022,2549
5223,324
3144,1119
1043,2155
4842,861
3961,3098
955,1813
4993,3016
595,1241
1314,3143
2343,2827
3640,10
3647,952
4734,1035
5857,2976
4343,921
1548,2034
4724,2976
4194,2747
5833,1128
993,2455
3367,1019
3045,968
4244,1292
1628,1919
2686,1035
4109,875
5050,638
3405,493
3090,1421
4306,1389
5378,211
5061,2490
374,2827
1628,1101
5405,2034
281,384
5458,1372
3689,666
5726,2126
1956,2623
225,489
3513,2426
1644,2802
3196,2490
5904,900
1785,2512
2046,2553
3135,1019
1552,998
2333,1563
4791,2750
197,1329
2158,2205
2967,2374
3261,2821
3330,211
1050,1016
3507,2059
3853,2467
4401,1518
1474,2512
3621,2346
388,2065
5142,2684
5250,2217
2867,1389
5138,2979
2199,930
3997,2862
4143,2162
148,1329
2405,1035
4346,2750
2577,95
4019,2126
4614,1518
1935,2577
1651,832
732,2777
5061,517
4732,1510
470,2777
5640,1096
1732,3157
5335,2217
1080,1016
285,516
5063,2512
2409,2847
4539,2512
5802,865
210,1096
1392,1776
5545,980
2799,1046
2095,2162
1754,2623
3717,1128
5152,2217
4794,294
1086,952
2884,861
5604,1560
363,557
3018,861
2751,517
3066,1575
4119,384
5767,1029
5937,1211
536,2205
4792,598
2648,1035
1707,1006
5203,2155
3231,861
3661,2660
545,978
1264,2880
4681,2753
3920,1837
4295,960
4228,1724
649,1035
4620,1016
5492,1211
1003,1038
1178,2059
569,517
200,2377
917,3186
3887,384
4134,2705
4146,1776
309,2549
5562,2623
4724,1487
1049,861
1792,3157
2563,294
5854,516
2927,1510
2094,489
2928,2378
4057,1963
4346,1837
4146,729
182,0
579,1097
4359,1776
2542,2342
4804,2126
2655,2219
2472,1051
2740,2034
54,2151
3540,397
355,1096
2934,2802
4190,1674
5884,1748
4473,1016
1159,1793
3633,1793
3729,1730
1260,384
2781,759
4087,1963
2017,2349
4567,2829
1275,921
924,2155
2395,952
1502,1903
1612,314
2321,774
2768,2217
1240,1903
1746,314
3298,2217
2833,2346
3993,1510
1799,2126
3485,57
326,516
367,517
2640,2705
3418,821
4612,3016
4715,2471
5408,2398
2154,1011
1337,523
5528,1002
5373,1128
1488,921
5662,1002
3425,1211
2976,1119
3568,2980
4220,1674
5831,774
2019,557
2229,138
2389,127
761,821
2581,2512
1091,1221
1149,2660
4234,2777
1125,2037
531,1564
1567,921
4170,1035
2169,1026
128,2342
785,397
580,1456
3159,947
2066,1019
3176,2577
3403,1573
4017,978
450,1575
4077,992
5269,1128
1683,1254
4735,2426
5334,1028
2522,1006
3188,2816
4592,2377
5452,1020
1033,2569
974,3157
1363,0
2371,1776
2844,10
1543,1099
4072,1035
4659,337
2642,24
2950,2126
3172,1007
1544,2492
4259,861
3602,2577
4344,1228
5787,2407
5830,828
1117,2684
4073,2162
4212,520
5203,666
220,2173
5774,1421
3458,2569
2498,2490
2475,557
3218,2816
3061,2344
2973,16
2121,968
2763,960
4227,2979
2286,1035
1441,980
742,3157
5527,3126
508,775
1635,1748
4088,871
230,2753
4850,3143
4497,1564
402,1776
5882,321
2950,3186
4068,633
4739,1097
3044,2821
2925,1372
769,523
3677,253
239,1260
1371,2577
3487,2344
4516,759
4318,286
5486,1260
5343,1211
4281,633
1227,2569
4489,1565
1769,2623
3479,1702
2159,2549
1593,2626
2534,2426
2713,1903
2138,211
2107,2847
3167,1844
3953,2753
5949,203
768,1237
2566,2378
3409,1606
3037,1963
1060,2577
4331,1918
4780,990
5012,2508
707,961
5413,2623
4074,10
411,1902
2238,2549
502,34
5032,1211
5827,1674
5782,211
5426,1101
751,775
3318,1195
4164,2155
4711,2553
5382,2492
924,666
3226,1606
5585,865
3642,1292
5096,2623
5464,2790
1742,1564
3366,1128
3901,2455
1143,1006
81,2377
700,2126
2591,2034
490,1084
2799,980
5729,1260
4531,1575
1026,2821
4928,1211
4190,1016
4372,2979
3687,661
2398,821
5089,1573
3659,2777
2809,2378
1350,666
3048,2660
5321,2862
3080,2841
4756,875
5666,1325
3030,3020
4324,952
516,2426
2350,1046
1794,828
254,211
4058,1476
264,2848
2468,1038
4455,3098
5453,1217
802,16
4460,998
1397,1128
4614,2862
729,2426
5049,2790
5353,986
644,1564
943,2126
5389,643
4351,3162
2400,759
3862,2705
517,971
3022,2728
1179,1844
3503,557
4776,2816
4664,2346
1560,489
2993,980
2241,1116
3518,865
1317,2717
5823,1285
811,2091
1798,775
3663,960
3200,1458
4459,2816
3640,1730
3597,865
1372,1606
18,2162
1305,384
5689,9
2256,2821
2278,1119
5767,1097
1455,557
5156,943
218,1698
2272,2802
2876,1748
4316,966
4617,2126
4858,1020
5861,1698
1401,1260
5470,1813
1330,2777
2987,2747
5640,2453
2861,2379
5719,1285
1512,310
3109,0
3506,1097
760,3186
2250,10
5132,1525
1333,2553
1704,2466
2141,1006
2578,1007
5314,1007
3223,516
2433,2346
210,2453
234,861
401,1038
2722,5
5717,1626
268,1640
3692,1260
4209,961
2046,1119
3775,2426
3020,2816
955,1560
578,1573
5588,2155
201,1623
5903,998
4583,384
749,2623
451,980
3825,3186
1841,2821
2411,493
2483,2059
1817,20
2808,2344
4959,900
2078,24
5720,998
5787,1991
1370,203
3939,1221
4357,980
2382,960
281,10
3230,2747
3643,2162
3080,1002
4954,1724
5859,1867
5755,1221
304,2623
10,2176
3039,2398
5808,2065
4952,2065
542,990
5872,759
5268,1776
63,1221
433,0
178,3157
4834,1026
3473,1872
3817,450
2153,1487
938,172
3720,517
4436,1919
5690,193
1796,203
2806,2577
3511,1575
1085,865
2988,2059
2781,9
419,775
5558,10
1525,871
2583,24
2256,861
2390,1844
4248,821
2157,1084
2408,666
4660,1260
1783,2829
5200,450
1461,2549
3961,2979
4207,2217
5244,493
1868,2378
4996,2377
4001,1560
1398,1217
2019,1793
2580,2126
589,1573
2516,384
1731,1097
5349,960
1469,1097
5480,211
4147,2553
866,1292
5348,1260
2595,384
313,2577
621,478
1581,520
2233,3186
5724,1776
1887,2549
1997,2155
5462,1776
1735,2155
1783,1903
954,2344
3371,1019
5907,2126
4859,1217
1836,517
2056,520
4184,1573
4838,865
130,2577
1472,2684
4115,1702
4755,1096
5689,1674
3015,1128
4407,1581
5857,1487
215,2126
437,24
1278,1623
4573,2553
2725,1029
5170,557
5442,1016
1718,875
5596,2880
185,3186
2430,1606
3710,2821
2189,2217
3020,2374
3075,95
1046,1007
120,24
1314,2219
2322,1026
5278,2490
5605,633
2325,1031
5621,2829
3154,95
1827,0
4697,229
4449,127
1782,523
5392,525
502,1028
4385,2623
5846,961
1525,1355
3729,1006
3068,1260
1552,1000
5072,520
2276,1031
1046,1128
476,1241
1536,2453
3897,324
5067,2162
3776,34
324,1372
919,2750
4245,1007
1929,2155
1851,478
1939,1116
3554,2816
5285,520
5684,1020
3688,1355
2203,2623
1525,1476
3318,95
1602,3157
735,1128
1005,952
4990,1097
91,1026
1612,2155
3498,965
2899,2326
867,1018
1839,2346
1070,1606
2637,2326
1653,1698
3706,2126
4062,1007
5676,1573
572,2827
5572,2684
3029,1389
2277,1525
2972,2841
4703,774
4818,2976
2077,3157
2593,2256
2667,2205
2710,2841
1946,230
3527,848
492,848
5676,2512
2647,2492
1587,2512
5758,861
3529,2880
2032,2862
4833,2466
2345,878
4002,848
4912,1298
5820,921
4956,2802
983,2482
2528,1228
2979,1918
3927,2660
2356,478
3830,1007
5635,875
5043,1000
5411,2150
5132,520
1637,10
2731,1035
3127,1035
1697,24
3263,2616
3390,1674
3949,1372
1528,1006
3192,1918
5288,2753
148,1573
3639,2378
2226,1573
4662,2705
5419,2684
553,2790
4672,949
1692,848
1346,2426
5726,2841
5265,2217
456,871
633,2490
5358,230
2555,1748
5127,2512
1562,775
4521,2702
2551,57
1396,3186
5444,2862
3677,3020
2758,2979
2161,774
17,1211
5461,2802
387,1976
1646,1119
1357,1016
3396,1051
689,557
1585,2829
2177,489
2337,478
3407,2378
4341,1724
4728,2133
5177,10
1395,2705
643,2841
1589,1487
1059,2490
1233,2377
1544,24
30,2577
1298,557
5883,172
2741,1241
1039,2777
3487,1031
3439,2037
4819,1241
875,1097
2568,2747
5283,1116
4180,1254
5128,10
898,34
4380,1019
4349,1211
1322,1035
1812,1128
2423,1016
3166,1097
117,2623
5607,2344
5232,1006
1882,2126
3735,988
5812,1581
1479,2150
1119,1844
1895,2065
2000,1364
3239,821
3734,1029
3591,980
3321,1119
3281,0
616,994
602,1096
3508,1211
3785,1748
1703,848
4616,1905
4833,1674
5017,34
961,211
5445,1006
343,1101
1769,384
2256,1963
3591,1919
616,2162
695,2455
1158,230
4735,321
5217,324
722,1097
4516,1674
5020,2705
128,2344
5214,1487
2318,828
2564,1298
3471,16
446,704
3980,2374
5637,2344
5320,193
5323,1659
3346,775
467,992
1224,3186
5730,1525
3228,2217
5248,24
76,2827
5644,24
34,881
3501,1063
4239,1029
2931,3162
3437,1573
5278,1364
1064,2150
3669,2862
2726,20
740,1006
3476,1006
1805,1101
3651,1007
3033,2880
4165,1228
2969,2407
5111,2126
2664,310
948,3143
2872,1013
5516,1128
3854,2800
1576,2217
24,314
5946,2173
3439,2521
5190,1372
3909,1918
2378,2841
2906,1011
2919,950
1324,397
2642,2133
4151,1976
1976,57
434,828
250,1007
5298,1844
1206,1573
2605,3005
2930,321
483,949
3012,848
1467,1119
3662,2162
5942,1128
5037,756
3111,2059
4794,1035
3567,2827
3517,1020
5284,633
4053,1000
3418,489
2850,3186
830,949
4276,520
1554,980
3419,1128
2944,2821
3839,24
1746,921
1486,1748
3735,1364
2038,2490
3473,1364
457,1606
61,1606
4933,2217
1256,2225
3663,478
5896,1776
5315,2319
2553,1623
4533,2512
5247,1101
5858,1026
2864,1027
281,2777
1728,988
3044,2126
4169,20
4284,2976
1032,2453
4067,9
204,1776
3783,2465
4884,2217
2988,2490
818,952
422,952
1353,64
1974,2626
2387,1038
2590,643
1024,1020
370,2482
2488,861
3070,314
3146,861
3345,253
3519,2126
4866,2577
1553,2569
431,1674
5264,2623
4448,2037
2967,337
4525,1237
657,2660
46,557
1909,2847
4318,1698
5366,2378
2549,1221
923,1355
1974,2976
2648,3186
5083,1006
3252,1903
1075,2126
5903,516
1613,489
3667,1364
2411,2455
699,2549
4795,953
2491,2155
4726,1119
3038,2553
2090,828
4492,952
2649,2512
5127,2217
1248,1007
4013,954
1098,16
642,968
2388,1919
1328,478
5459,1872
1961,2111
5471,980
2983,2802
1233,1372
1763,1372
1962,2750
105,2426
4823,1173
69,517
2230,1518
5406,1228
2944,861
5933,516
2732,416
2217,2976
2972,2091
1322,848
2590,1006
664,848
5222,2346
3969,968
1983,1991
4464,3162
2098,2466
4813,2821
2516,10
79,1097
4057,34
2751,2802
5898,1582
3606,1101
2878,2577
3323,978
2736,952
717,337
3702,516
4312,2660
979,980
4384,321
4198,1097
144,1872
3227,2623
505,1097
3709,2626
5125,1487
2664,2217
2989,1748
1798,3005
678,759
4666,384
321,1919
476,1564
4201,321
2286,1776
959,2435
4123,2616
399,2512
1813,775
146,871
5908,2512
2202,321
1405,980
5522,2705
5921,2976
2748,760
4121,3186
205,1451
4462,1035
5525,2747
588,2155
2787,193
4067,1674
691,1573
4368,848
3831,643
4707,314
5863,2217
3617,2377
1200,1221
446,759
3939,2162
2316,1776
5461,2173
5165,1128
1273,1211
2708,314
5757,774
3442,2753
295,2512
3743,1698
5766,1237
4448,1487
3345,871
4245,633
4973,2126
4348,2037
1168,865
1075,2623
5070,1241
3215,2747
1042,2217
1785,2490
5651,203
3330,1007
2450,2126
5382,1018
2682,3186
1252,980
302,2821
2231,1035
2747,2349
5030,3010
3058,1487
2187,2426
3916,1518
4310,1674
2424,1844
3200,2065
2663,2126
3637,871
3964,1000
4700,1563
3843,2171
887,478
1477,2495
4187,520
5073,384
5188,2549
2134,321
296,10
2870,1372
5621,1421
2830,24
4089,2577
2771,2827
1054,2577
2561,1031
2726,1364
3965,821
1525,2162
3937,759
2054,3186
4487,2623
717,3157
1999,1035
1214,1748
221,775
5941,729
3998,1119
1871,3186
1269,2623
2702,1128
3038,848
3652,253
1093,1872
5694,34
527,966
654,1007
1074,1364
1162,16
3312,828
275,193
304,2880
6,3186
2084,3186
4615,980
100,606
5647,861
306,2660
1216,666
1040,935
4297,1573
551,478
1936,1221
1081,478
3848,20
2321,1557
3128,1128
210,1905
2505,1903
5015,1035
5480,1623
297,2059
724,2126
5679,557
2936,2126
3151,1260
4753,1294
5688,1020
2491,921
2317,3020
4681,2623
97,2378
654,1020
2166,1575
951,489
4793,2800
5469,1097
3466,2705
3929,2466
2967,1560
4875,2344
1215,2750
4978,2028
1831,2753
117,2249
1760,2284
1624,1228
311,1031
2522,2378
5581,520
2224,2684
2993,1963
2733,2790
2499,2623
1293,1128
2327,1119
5806,638
2237,2623
938,900
914,314
1932,2512
3742,775
762,2660
3833,139
65,517
5772,2976
524,1031
5493,1575
4985,2862
2712,2623
2299,2979
4071,950
4475,774
5082,1748
2358,1573
656,2126
5924,980
2586,3157
4279,2821
1323,1128
438,1903
3349,2133
5528,1919
4143,193
769,956
5187,1626
268,2623
3116,878
73,2155
3586,2490
3610,861
2192,1173
444,1573
3028,1674
3030,57
3212,34
3595,953
5559,2171
4483,2183
1969,2821
1334,324
2167,1116
2327,314
1697,2133
2230,2862
3443,1623
375,921
2431,2623
1440,1016
2966,1698
3403,2490
3358,1027
5108,959
2781,1918
1723,321
5267,952
3508,3186
1524,2821
3453,1035
1538,2490
4642,900
4497,253
815,1866
1730,2660
200,516
1088,978
3522,2037
2770,2173
1672,211
1892,2466
4982,2173
5768,2816
1721,598
3225,1292
434,1393
1676,1084
5041,2753
3484,2455
3780,1285
1460,3186
4034,384
5089,20
1405,1035
5402,2466
219,2865
3464,2217
3934,971
5794,775
1000,986
910,2490
5898,832
2675,1010
1575,2880
2370,1128
3122,9
4340,2790
5909,2684
3715,523
1786,848
691,2567
2162,1364
3974,225
1654,2126
5555,2829
5670,1355
5713,5
4837,2549
5737,2577
353,1525
1406,2549
1490,3186
3376,10
645,2865
1942,314
4208,1560
4743,2133
1737,848
4275,2553
1131,1038
3094,2512
1733,2126
4610,557
5369,1016
3324,759
3224,1575
5079,1035
3193,10
2286,1026
5801,2225
725,1518
5496,16
3689,2577
5752,1020
5031,1260
10,489
485,1573
3823,1116
409,760
669,1128
3406,2225
3043,2173
455,2862
1546,2155
2934,954
967,2219
2815,774
3782,2512
1096,643
3744,5
215,2880
1951,3143
834,643
8,2816
2001,520
4241,2797
4838,3016
1059,2976
3717,2797
2151,959
2125,1724
2712,1026
3357,10
3598,1119
2450,1026
516,1007
3800,1748
3802,2346
2654,2482
5108,1564
5803,2126
5477,384
5437,1251
1053,2151
4635,2549
3811,1119
2644,1013
5113,861
4743,1099
2532,2492
2673,253
4846,517
706,1518
2404,1260
2636,2549
1373,520
2469,1389
1743,1285
1175,10
5533,666
1276,2802
1331,523
2945,3075
3934,2623
1427,2217
3977,1007
2043,759
3976,1573
4220,2162
1940,523
2561,1099
2879,1674
3865,1476
3178,775
3794,1007
5310,1038
4373,1128
369,1724
2382,2790
3044,960
1607,993
1211,993
2880,34
435,1260
1178,2802
285,1730
1319,2512
400,2471
5185,225
5866,1606
5360,980
1105,1011
5673,1211
2531,1085
5282,1097
230,1013
3864,1372
4488,2219
2547,2490
5321,759
2943,1029
66,1844
4030,2344
4140,489
46,1606
2434,2549
2914,3186
1610,1119
3628,314
3941,774
1711,3157
4518,2512
3348,2660
3807,959
2828,638
4046,1241
5476,0
350,1724
1382,1117
1838,2151
3727,1195
292,965
3241,1487
4616,310
266,1730
572,1019
5223,759
5732,865
2549,2162
1754,2453
4393,9
5494,1976
2297,1389
2889,1035
965,950
2493,1035
1378,1119
4948,2217
5356,1517
827,1016
1403,2344
1744,193
3848,1606
990,2471
4264,2753
945,3186
4715,1228
513,1085
2882,1032
1168,2706
934,324
5244,0
4989,3157
538,95
3270,848
1823,193
245,516
1384,789
513,2482
5620,516
3555,980
4680,1355
2930,3143
3293,980
1834,1254
1648,2821
4659,20
2317,2162
3396,2155
2685,1097
1405,848
1742,1702
5016,523
585,557
1380,1020
172,2862
1175,1325
5600,988
667,2841
3760,2028
5732,878
2717,2217
5191,2217
3004,998
5256,2346
2394,2466
2148,1013
5644,2162
1036,2829
1628,489
5071,314
1905,1026
2777,1221
609,1035
4950,24
3768,1101
5480,1007
347,1035
3382,1560
4046,557
4340,2495
5885,9
699,928
2939,990
3682,3020
4425,324
4425,95
2840,230
3714,986
3597,172
4844,1476
5314,193
4825,968
3276,760
1452,384
3033,1298
3012,2407
4364,1024
2072,1260
2956,2512
4821,2660
3971,1029
5607,1354
4284,1260
230,1510
180,1918
1541,2829
708,2037
118,774
4631,321
4412,1674
2839,2866
1170,1573
4620,2377
4905,789
5158,1006
829,1051
772,517
5548,666
4417,3186
5119,489
759,1221
1356,1211
5274,2349
5298,2706
3921,2790
208,1872
1170,2512
5060,848
3659,1292
4175,2377
1661,1029
3853,2326
5016,1007
362,1292
742,759
1518,980
1936,968
1974,1260
1141,2979
3288,2059
5655,2162
3122,2521
3504,2623
4314,1903
1596,1573
2117,1016
3380,2816
5140,1487
5766,2407
4878,1487
1552,978
738,990
2620,324
844,3143
663,2802
4543,450
3727,1813
2601,1479
5509,1963
2995,615
166,949
1482,2841
4206,2750
5078,959
754,1119
1480,1748
4995,961
4016,2626
2166,2490
163,2866
27,1019
777,2271
3833,704
1687,2492
2408,2777
4244,9
1890,865
1494,865
3980,1626
1585,229
439,1000
4157,2979
2851,314
1935,1510
2594,2378
4629,759
2755,1020
413,3162
4653,1116
1609,1525
2350,3186
3637,2162
889,2862
2400,2549
4807,1031
2742,34
815,203
1248,1748
2726,1487
4495,1698
1647,1228
4691,1573
5047,225
3123,2126
3422,961
1565,2623
3528,1128
1537,2790
3132,1128
3648,2176
4143,2155
270,1019
1653,1918
3601,1606
4327,286
1221,1241
1990,520
2422,968
5495,1260
5679,1606
4906,865
1814,294
3340,1013
4711,397
1798,1518
36,34
4969,921
4900,821
5175,2975
3045,1095
221,1019
2418,2660
3089,384
4741,10
1877,2979
5719,3075
593,2059
4012,1298
2914,1026
1154,2126
3709,1260
682,1084
1513,1241
5921,1260
341,2777
1736,2976
3271,3020
79,2777
4776,2862
5738,321
4275,1119
495,211
4110,557
2198,2512
3891,2176
1912,2155
3958,954
5711,861
2034,1623
766,2660
3049,1372
1366,935
4269,321
4623,1573
5633,978
3255,1211
5001,2162
1269,1002
5350,2841
228,1035
2468,1097
3426,2490
3667,1421
4720,193
3037,988
951,2827
3661,1606
2685,1031
3033,2037
2771,2037
5620,1389
100,3186
5797,2217
5630,1811
5659,2549
4140,557
5172,704
5936,871
1223,253
3754,1016
3888,1016
5870,517
2895,760
2062,759
4247,2346
5369,760
2177,2466
1277,489
2724,878
2810,2150
5738,2549
2579,2217
4757,2862
5201,2344
445,861
689,1487
4187,1019
613,2660
952,2126
1573,2702
1778,1939
2671,759
5506,2162
2691,1640
1975,9
4898,1525
2969,1096
1995,1119
4858,2126
1530,3005
1645,1006
2199,2346
3655,2326
5234,2871
5045,2218
129,517
5922,276
2360,759
1756,1776
3053,1211
1649,1421
1766,774
5873,1811
3882,2490
4952,943
1650,828
2433,1237
623,759
2703,832
2307,832
4279,2126
4635,1007
1622,729
3974,1032
3903,2549
2967,878
5513,229
5578,2802
3873,1623
538,1560
1574,954
4117,34
4920,2344
25,517
5668,2466
869,384
1939,557
1837,775
3750,1903
3912,2490
1167,980
2667,478
5014,666
239,1119
1149,1606
1603,1776
3370,1389
421,638
524,1517
3000,2344
1668,1905
4194,2553
5204,9
3641,1623
4190,633
5062,828
1306,2492
5747,2880
3275,1007
5391,774
2657,2126
119,2407
3584,1991
3699,517
4031,2976
4232,980
2933,489
1866,321
2365,3186
4610,1606
3982,2037
2325,2821
3989,2979
167,2569
4047,3186
5943,2684
2736,1372
5912,1119
1447,337
5645,775
5824,1006
5070,1298
2637,2827
5013,1730
997,3026
2055,193
3012,489
195,1355
2048,3186
587,2862
4216,3143
1148,980
5322,1024
5835,2821
3209,774
5707,2821
5015,1776
3790,2217
1553,2426
452,193
5911,2816
379,3098
1862,966
2664,193
2008,1020
4658,980
4718,1031
3467,2466
4912,2028
3205,2466
4012,2037
1462,1032
3566,230
5197,2426
2943,1005
1449,2490
3149,127
5515,557
148,1364
2323,1031
5673,2126
134,5
158,2577
5650,193
5801,2577
3738,1919
5125,2028
5192,1035
5321,1674
586,314
715,953
250,1119
4029,1573
5698,2829
4569,1029
2993,489
2509,1837
3631,2466
3999,2862
5405,1035
5926,478
7,314
2189,2155
769,2623
3231,775
2639,900
593,1872
779,2816
5765,789
1064,1228
331,2131
520,2821
234,478
728,1013
733,1128
1191,774
4639,980
5924,324
2811,1128
3604,2979
4669,334
813,828
4822,1101
1244,1051
1605,2979
55,920
1216,952
1572,2802
1040,992
3948,1476
715,1195
171,314
947,2521
3970,1006
2996,1029
3491,1237
2506,384
5386,1035
1817,3020
3474,775
1055,253
232,2660
574,1606
4108,832
4729,2162
5247,1105
2048,2623
787,438
1640,2569
1833,520
258,848
1591,2155
5686,1906
2601,1560
1997,2577
3265,557
2007,821
3662,193
5558,2660
2750,865
2390,2508
2063,2150
2049,0
3367,2490
5578,1097
5471,971
3279,1623
3785,34
414,314
5634,2426
1458,1518
1401,193
4472,2398
5255,1575
2175,1573
4787,1241
585,1364
5475,1844
1488,2821
3417,1035
743,489
4334,478
3260,2549
1672,952
4320,314
4779,828
3433,2706
3848,1487
4765,930
3872,1844
582,1029
2423,2577
4491,1364
5587,1038
3339,2549
3886,961
370,1560
3324,2426
1619,15
4022,1007
5546,633
164,2623
2633,2508
5126,2225
439,384
1220,949
4682,1016
1011,775
1954,1173
2534,1748
1321,1260
3640,1844
3354,1487
3540,2660
3459,520
2824,9
475,1963
5339,2225
5141,520
2309,2569
5339,10
5370,1575
2352,953
2188,2508
3133,1518
1887,1119
4022,1128
2740,1035
4390,1029
5916,516
1356,2126
5778,57
5752,822
1655,961
292,980
426,1963
1644,314
1286,606
2499,828
2604,2342
1697,1372
5424,2979
2072,1020
236,1573
1230,2660
5129,321
2568,1867
2692,2162
1088,1035
3409,2217
1934,9
5348,1119
4570,34
4787,557
965,2133
4198,2377
466,1217
3706,225
3807,2492
1443,2660
3719,2150
1198,2829
2081,961
5379,1866
3922,523
1167,1035
1301,1035
382,994
5320,2225
3002,523
120,1748
2267,828
4552,138
5770,704
806,2490
830,861
1687,24
5825,2626
2024,2827
2652,935
3519,520
1003,523
1051,2028
1119,1903
3301,2512
5245,775
3631,172
293,2349
3254,2171
217,1573
1445,2827
1624,2829
3539,2569
3783,980
481,828
2955,828
5193,1487
2968,2753
1187,990
2706,2753
3239,1001
978,2802
5405,848
2667,775
3625,1976
4487,1217
5495,1007
1376,633
785,1626
2695,1776
1807,1085
4106,2508
1642,523
1485,3020
3543,1119
3765,0
4658,1035
5811,489
497,930
3568,2344
4698,848
5352,2126
1198,2963
4840,968
2510,949
2615,2426
2615,211
3771,2151
3382,878
4356,2841
4428,2155
2697,775
2537,557
3633,2217
3144,1006
4190,1051
4276,337
4749,520
1032,2378
3888,1918
1140,3143
985,2037
3337,2569
2910,775
3450,2217
3498,945
4489,337
2887,2777
5371,1479
2088,1606
1585,2217
1631,1101
3873,1007
4253,1228
2323,1099
626,2225
1258,775
4764,397
4286,2344
306,557
4163,1456
2301,34
1723,57
5364,2378
1260,821
126,2841
174,1606
654,1011
2562,2549
4804,2684
3417,848
1782,2623
2202,1748
4774,2512
2239,324
918,828
3046,1844
3579,2344
5081,225
253,1606
4155,1228
5055,990
3718,961
3838,1292
5448,1031
1057,2569
635,1119
4355,1518
4830,1811
879,1479
3897,1606
4630,1228
5256,1919
1873,2862
4598,1919
393,310
5646,384
2810,3186
5461,2553
977,775
757,1260
2529,1217
3472,1844
2761,557
1534,2349
591,968
1656,1292
3177,1667
4037,310
4030,1354
4410,1575
4427,2976
4076,9
4310,2162
5060,2623
5707,2205
1538,24
3052,211
5202,986
2239,337
5102,1573
2471,1626
1091,961
2796,3143
4119,1776
282,2549
258,1963
5499,980
2379,2037
4962,775
1835,1644
1028,1844
4598,2979
4801,1581
231,517
1007,775
3204,2150
1657,2577
5239,2975
1409,489
3153,384
1854,2862
3931,1203
5579,865
608,211
4099,1016
687,2490
742,211
4880,598
3259,1039
4649,2880
1218,2126
5244,57
1937,1813
4191,1019
4519,821
5565,2623
446,2549
5127,2626
4967,193
4564,1237
1460,2827
1795,1585
1267,3186
978,1097
2932,1031
678,3020
2495,10
4248,1903
4396,2821
1887,2342
457,1331
4318,952
5932,1518
3065,1331
5147,16
5759,1038
1184,384
616,1095
3959,3005
5069,2577
215,2508
3425,1085
3941,2133
4705,314
2547,2802
3559,1573
4553,2660
883,2378
296,2847
1461,2126
4735,193
2720,478
5736,2976
662,2150
3986,2549
3239,2800
4278,1903
1356,1026
4663,24
5265,2344
5936,2512
523,759
2964,57
1949,2065
1350,1211
1701,1963
2253,2705
5410,2173
5035,2821
3765,2028
3579,2841
2872,2979
4491,1903
5403,1002
917,1329
2345,1476
2677,0
5463,1016
4659,1487
5845,1872
3100,2577
1613,1032
1470,1020
1258,2790
5019,1241
3379,1211
638,2853
2300,952
1849,1016
32,828
3550,2490
3626,1051
3027,5
1380,1211
1209,2790
3408,865
5736,774
4803,2821
3763,2490
4391,1564
638,988
466,2453
2140,1084
294,949
3434,1002
5822,1228
715,3157
2518,478
1026,2790
448,598
2526,2059
2982,878
711,1237
3090,2626
225,2512
4984,1260
4063,2378
3948,2162
2029,960
5941,775
2216,557
4590,848
4516,633
756,1101
2748,832
5630,2310
4348,2217
3269,9
872,0
4502,1903
1952,861
3686,2512
4283,2502
1771,557
458,2346
2540,1031
3632,1000
4936,1606
5096,1329
2864,1128
696,3157
4927,1557
1527,1099
5409,1560
773,2623
5784,949
2425,34
1327,1748
2913,1020
2071,2660
896,478
2200,1084
5710,1902
524,2821
2222,2829
4774,2217
5660,95
1876,2155
1900,334
680,1119
1781,871
819,2217
2839,24
5504,1016
748,1748
3742,1518
3828,2753
2888,1606
2869,1364
3896,1167
5718,450
3956,952
3966,1640
5523,211
198,557
2405,1903
1039,1173
459,598
409,1006
2064,1573
729,193
4587,2512
10,1903
4313,2623
1278,2623
1462,229
3623,2176
710,1119
4461,2521
5428,95
4574,2398
5507,2374
5553,2490
5059,1918
687,1364
1315,704
1590,643
845,489
898,1813
418,193
1232,935
5320,1730
2128,1221
4072,2453
3982,1476
520,2126
2810,1026
948,2344
447,2816
1937,1626
2011,1575
3083,2841
2895,2790
4411,2821
2315,0
1830,1005
942,314
4832,865
5737,3186
3872,557
2163,397
5420,1035
358,34
4358,945
27,2378
4292,2577
3182,1019
646,666
3089,2777
3373,321
3915,2590
1817,3143
5661,1097
356,2553
158,848
4523,2217
3807,24
4855,704
684,2126
1410,15
1928,1698
2124,1573
2659,685
5861,633
4778,1918
258,3186
3849,960
564,489
1218,1013
2562,523
2756,1557
4035,2133
600,1903
3124,1724
5767,3186
128,861
1623,15
5940,633
5728,225
5413,1116
2259,1919
1875,2976
4867,2111
2503,64
4519,2862
3714,1674
5744,2155
5768,2512
3011,211
1507,1237
5032,643
5541,520
3070,2777
491,3020
1912,2225
3920,961
609,1026
2042,1517
2395,881
3224,211
1008,1260
3962,2126
1426,3005
199,2848
880,1260
1112,2549
4916,138
5287,2037
2410,2623
4659,253
106,1573
4636,2750
1026,2482
5011,2398
2941,2747
5902,2569
3985,1211
485,1606
905,1963
1438,2426
5920,2623
266,1976
3561,920
5350,1046
3418,871
1360,557
2548,988
158,2150
1519,321
1648,960
3145,978
3797,638
5411,9
223,64
457,2217
2726,994
3001,704
4456,954
230,225
3122,2162
1317,2028
2041,2059
2072,1372
1647,1674
5083,557
1151,2490
1602,211
3577,756
2515,666
4817,1606
266,821
238,988
2893,1292
3056,2976
1172,2549
3340,520
3956,523
1053,3123
4412,1557
1970,314
5852,775
1207,557
2934,1000
3390,1051
3665,990
3744,2037
1676,1035
3291,520
1894,2426
1529,1776
3220,2037
4177,1101
42,2217
4254,2553
1633,3065
1507,2660
5533,2577
5029,2549
748,2379
1655,1097
4005,1031
5273,960
1988,489
3325,1006
515,828
1248,450
1074,2512
403,2344
4436,988
22,666
2441,959
4545,1389
252,1128
4562,2790
23,2059
947,229
434,2862
1499,3186
3932,2623
3670,2623
5701,848
3634,714
3682,2219
4754,516
1956,2378
5209,1325
1322,520
2043,3020
2788,959
3944,2862
2538,1013
1877,2728
5568,211
4862,1217
3506,2407
3776,16
1324,337
4901,2377
5632,1364
1513,990
88,2346
5062,1019
1304,2802
874,774
4960,3186
5416,1776
3790,1119
870,1298
3912,2802
3041,1260
3658,2626
446,1007
2110,1919
3364,193
3393,2880
5186,2482
1665,980
228,1013
3767,2569
2122,438
5527,1203
1724,1560
4071,1748
303,2126
2598,138
5888,953
1612,861
306,1606
3174,1237
920,1011
1269,1919
161,959
4996,520
64,1026
1061,2155
3174,2176
3688,2626
4628,1292
1694,1573
3478,2816
1181,759
1754,2378
238,1364
1866,633
2757,2790
3817,821
4264,1510
2383,2549
3185,1776
4267,2976
4887,2684
2142,1211
3897,1487
2289,2133
1546,2577
4497,1748
2186,988
3306,1019
732,1606
3748,1364
3204,3186
4138,2044
4852,633
5931,2841
2577,321
662,1776
2510,1085
1376,1119
3501,2426
3132,314
2554,337
5219,1329
5319,1038
952,828
2232,57
4262,2753
2137,1217
1538,2349
4390,952
276,959
5159,2217
1028,557
5338,2219
5484,1748
1449,2802
4350,2344
1466,2217
2037,986
2758,517
2844,557
3350,2378
3620,24
452,2841
4989,759
5825,1260
2807,638
2917,1035
5119,2037
1452,1006
698,1298
1820,1173
734,2941
4268,2167
4175,1939
603,1963
2824,1221
5102,1575
5510,875
5024,2150
3976,9
4150,1128
612,211
2040,2344
1503,1173
937,2482
3086,2426
3315,34
5161,2155
5511,1221
3136,3186
932,337
4364,10
5634,1557
2005,2508
1303,775
3593,2378
4988,2577
3348,1793
172,2800
3711,384
3754,1020
5350,980
3060,1097
3989,1560
3462,848
260,1866
4506,1298
1395,714
1992,704
1656,489
1004,2549
3798,1211
3266,384
5599,2623
1182,2821
2254,1872
4126,1013
5205,1006
459,211
557,517
237,1101
4239,661
4418,138
5018,2577
1730,1606
5256,1237
364,2862
2769,517
3564,980
3228,1031
3689,1389
3546,1606
2667,2455
3534,54
2532,15
3142,2684
1614,384
1490,2829
3028,633
3386,1095
5535,1002
667,1035
4349,2374
3984,1724
5847,2028
4792,2126
760,2660
1128,2827
3279,1117
5593,1128
3764,2623
1042,1097
4164,1776
229,1748
4480,1487
1980,828
60,1939
2539,2512
5647,1364
4263,1260
1983,2065
2224,959
3296,10
3963,968
1112,523
4073,1099
3319,2623
399,2802
2020,900
5031,314
5879,1872
3000,2577
2673,2219
3466,1101
3244,988
1924,1835
921,928
3705,1117
4214,1260
26,1015
1753,1724
810,1097
3186,0
2563,775
5653,1007
4734,966
589,1623
5092,2660
2598,998
4389,968
3544,2862
3661,0
4454,1097
5345,2059
3399,0
1704,1724
4940,24
418,2155
1196,988
2710,2407
824,1116
576,1051
2408,1776
4269,2219
1032,1038
3320,57
5464,1606
2215,2549
1857,2841
74,2466
4496,397
602,2622
2250,557
3678,704
309,828
5507,1195
992,821
1009,2451
2962,1251
2793,1479
3375,666
2868,2821
4499,2802
261,1016
806,2802
2642,34
5037,1919
3151,2126
2755,2126
5818,1730
3772,1241
4212,759
3625,1228
4308,1221
4129,2976
4032,828
1623,1748
1879,1674
4787,172
5711,557
1146,2577
480,2753
2968,2126
4592,1919
1187,2349
4425,759
5941,3005
5493,2549
5011,1085
3748,2466
1630,1872
3965,774
530,1527
5800,1016
2393,848
812,193
115,1019
2651,1372
4883,1573
2064,1575
3141,1007
3697,959
574,321
2764,1020
3848,1128
4219,775
2942,1026
3627,900
559,952
2811,314
4117,2979
2522,211
5344,921
493,598
1221,1071
4015,2702
4841,2515
4758,760
4221,821
5575,3005
4059,759
5919,2549
3324,310
4494,1919
4903,2841
3007,1128
5015,1096
5497,1099
870,1487
2062,1623
5558,557
4536,832
1327,945
814,2346
1779,517
3090,2065
5177,865
4676,2569
4912,1119
4275,10
5450,1963
5474,2549
123,1674
5233,1211
78,211
687,1487
4789,2217
4651,2512
3028,1372
4881,988
2899,1221
1369,1292
5402,2151
2561,2623
4557,2059
4495,952
2628,2155
4768,2508
5482,1097
4066,775
5320,1035
5582,1035
2467,517
4363,15
610,193
383,968
2532,875
1568,1128
2476,980
1464,253
1882,2981
1195,1260
3893,968
3430,978
3631,968
4677,821
5434,9
4680,301
4709,1002
1385,1128
2761,1085
2835,3020
3609,2377
4305,2346
5098,1228
690,980
3756,2841
4468,832
1331,1013
2397,1976
241,861
3782,1029
4473,2344
540,3143
2004,998
27,1575
1971,821
1732,310
5830,1793
1683,2111
267,1035
2727,2790
3844,3075
3553,2374
275,859
664,1903
3866,848
5645,1518
5881,2512
698,1487
1269,2471
5892,2378
2795,2924
3543,1097
5048,710
3706,337
3778,1674
1734,1029
856,1026
2289,1517
3714,1918
5715,1698
933,980
2397,821
3825,968
4437,1724
1629,949
4628,1026
2479,1119
1517,1674
4812,1372
23,1698
749,1573
193,1355
2156,2829
511,2684
4754,384
4234,2829
3121,1525
4912,1724
1061,384
3179,2927
3485,230
2258,2059
2998,2623
5620,2750
3679,1035
2452,2827
2612,2816
845,988
2880,1813
4430,2660
5125,1724
4039,523
1826,3075
5074,2173
2610,3157
3336,1046
3231,1518
3506,1228
3129,1241
4607,980
1444,1963
4799,921
2266,314
198,1298
1221,871
5440,954
1434,1918
2628,666
3937,633
2027,3186
5254,949
756,2205
1826,2378
2626,1007
2008,2126
3078,1811
4023,821
2142,2126
3730,2225
1978,3186
4528,1976
1716,3186
589,523
5914,2126
1232,858
1017,704
1483,211
4057,1573
375,1237
5590,1019
3016,1606
5621,598
5805,1173
2205,1364
987,2747
4979,865
1938,1020
5678,314
931,2623
535,2623
459,1581
3377,2753
1658,1905
3771,2155
3511,2753
1833,2660
5245,203
787,2349
2968,1013
3873,1119
4040,64
2973,1128
2706,1013
1954,1903
4836,1203
722,1173
1854,2490
1477,517
1590,1626
482,666
4453,2862
5554,2880
461,314
772,2162
889,2747
5597,1035
1959,3186
4263,523
5202,1674
792,828
1028,1364
4553,1228
5121,517
2297,1195
1177,935
5738,193
5884,1479
3176,1837
230,832
5469,3186
1868,523
2461,1037
1802,2155
5735,861
798,1518
4831,2377
1398,759
70,321
345,489
999,1013
4034,821
1809,64
3063,2310
2199,1976
5776,2821
5814,861
4069,1007
3847,2126
5449,211
5796,1487
2709,1260
1816,225
1876,10
2278,1976
1486,2979
2888,1905
390,1844
4060,2126
2315,57
5369,861
4075,714
5400,211
5613,1487
1499,1228
4157,1241
1848,1116
5736,1557
4466,2521
5257,3020
849,557
185,1331
3139,211
3368,34
4171,2344
4302,2827
3672,2660
4011,2126
114,633
213,2827
5244,2034
2345,875
2386,2862
3831,438
460,489
1692,953
2738,1035
3956,1372
1910,2344
2956,2426
5055,2512
4336,1364
320,1906
4155,2521
3945,1479
2404,2623
1461,10
2660,2549
3758,2821
2142,2623
5019,2037
5382,875
4234,2521
2942,986
3131,1905
827,138
973,2407
3272,861
2568,516
2296,57
5219,1573
899,1963
1200,3123
1494,1355
4161,959
637,1963
4627,1698
5345,517
726,729
5558,1793
5404,1097
3955,2059
4382,1372
283,2374
569,516
1780,2126
503,2377
1678,2344
2113,57
2170,2577
2233,2862
5015,2453
5318,10
120,397
1383,211
1467,848
5240,2800
911,1421
2172,2623
1967,3157
3679,848
415,988
5907,1573
1440,193
2443,871
4356,2753
1987,2577
2706,1510
2971,2976
4826,1241
1133,2665
1596,2426
1334,2426
5138,1476
752,1024
4814,598
3749,1028
4117,1195
2887,1292
2969,1331
4365,1031
2016,16
5507,821
1384,971
3292,523
1874,2821
2397,2862
4582,2426
4802,2466
5270,2800
375,1976
2099,953
4169,2553
5287,0
1684,2660
1816,2816
3084,759
1802,666
1859,3186
2165,489
5792,172
136,2862
2428,1128
2507,1421
3909,384
4155,1837
968,211
2451,294
5493,1007
3578,1038
2029,2816
4529,1260
4557,2490
1181,211
2270,138
1315,211
4474,2492
50,1748
3493,1573
5181,139
5885,294
1770,1020
2453,1013
4201,384
5114,314
2989,2979
5045,2466
652,1035
3658,2091
5389,24
1588,225
3509,1702
5341,478
1836,1724
5126,324
5327,314
4169,1748
2696,138
3229,2816
2976,2407
1085,1038
173,1939
1938,954
5474,1007
3657,1573
1482,2660
5157,1071
2598,1000
1978,1026
2303,557
787,2512
2826,598
885,1623
4538,2490
5157,24
2115,1260
5333,775
5711,1364
984,2797
1084,520
2882,1698
361,1128
1121,2802
1138,2217
1069,397
835,230
837,828
2561,34
2967,1476
3450,2155
4904,517
5790,1364
4974,24
4981,966
1643,3143
5187,1071
3470,821
5853,666
5715,961
4006,2750
5627,848
5281,2426
3839,2344
4016,1748
1134,2219
4143,1035
2071,557
5187,24
5822,2521
5233,2126
5663,1939
1859,2623
21,2349
370,2466
3324,1117
4122,1097
3188,24
958,2407
4955,1623
911,871
202,1606
2287,2777
4787,1221
1268,2569
2443,321
4611,1032
2720,858
2837,211
4716,294
1658,3020
44,2417
4731,1097
1078,230
97,1031
866,310
2051,965
3636,2816
2018,2508
5266,1606
2541,334
1362,3143
550,1013
4383,2979
2356,517
1523,1748
4491,2512
5941,203
3248,1364
366,1835
827,998
4635,1510
1252,2453
4060,1013
4900,990
2208,2790
219,95
2932,2821
105,1013
315,557
4704,2512
1588,2816
894,1173
3833,1007
3194,1020
5558,1606
2664,2777
3827,1421
3140,2706
12,1724
1089,1119
2734,1035
5507,1560
2453,1510
3559,1606
1606,2577
4751,759
1256,478
1788,2059
2593,1032
874,2133
423,211
5129,1119
2088,2028
479,557
4992,821
518,2471
4210,2512
4730,821
4876,875
4086,2705
5430,0
3284,3020
2396,1097
1900,930
2502,1035
1602,1007
4289,2512
686,3186
3217,980
3530,1211
648,450
4758,775
2316,1518
3219,1026
4988,1237
4760,821
5505,2924
2924,2569
3278,1606
5895,1389
5544,2623
4520,314
2340,828
3026,2553
175,2374
5044,1748
5395,2271
123,1918
2112,2398
2461,2515
752,2126
1253,193
3703,1260
1586,2059
4636,2862
3043,921
5099,2623
5063,714
3836,557
4526,775
4612,24
3447,516
5156,3157
1649,1590
1633,828
4904,1364
4369,2777
2946,759
2097,1228
4924,821
1369,489
4554,1776
5507,2862
3132,2841
3466,1963
5362,229
4223,1905
5312,2623
1463,1844
5286,1173
862,2378
2491,2515
2391,2577
2355,705
4318,193
1598,1251
3662,2777
2652,928
2380,2455
1578,1013
2242,2979
5941,1518
2200,2753
2799,1355
5796,871
5727,1000
1028,2037
2280,2453
3228,980
2727,2684
2273,1016
4687,2426
4084,2133
3160,1748
481,821
715,759
2282,1479
1614,2777
1898,321
654,520
5155,959
884,1211
3570,865
221,2853
1988,2466
4158,1035
4349,337
5386,828
3223,986
4099,2377
317,871
2717,2346
4140,2378
1046,980
3976,1260
3961,871
1507,557
3324,1748
4535,2126
5113,1837
660,2378
5519,310
3714,2162
362,2684
5424,1241
4340,2853
1131,980
587,2802
5261,954
1075,1573
2594,1084
2542,2880
2881,2346
3269,2162
678,1119
277,775
984,2623
1746,960
3549,230
3606,2979
4322,3186
5502,1016
5812,10
4268,1674
4145,520
43,1776
1168,2151
757,1119
1696,321
5552,1776
4461,2217
517,878
2922,1007
5692,1298
4720,1919
234,2512
2438,2126
2519,1031
93,321
2080,203
750,1116
256,1776
901,760
2274,3186
3394,1002
5424,1483
1024,2816
4195,2219
4274,2512
4370,759
2496,1020
3955,517
70,310
2091,3186
3588,952
207,1776
3345,1002
5475,1421
485,0
2388,2426
4368,1329
1541,2490
2355,2249
1548,1217
493,1581
3155,2827
4311,2515
646,2577
1350,478
1513,2162
4439,980
2438,3186
898,2569
2794,2821
4585,3020
5843,2490
5773,2660
1284,1292
4708,875
5814,3186
5258,1019
1492,9
2990,666
3986,1119
2281,2155
5108,1748
5631,1035
732,1718
5453,211
4835,1101
2440,1919
2032,633
4613,988
3391,946
2424,3143
414,2577
4313,2453
3979,1116
4027,2059
1021,774
484,2821
1007,2862
4295,598
1244,294
2006,2566
1975,1038
237,2126
2844,1487
1598,1051
4096,3098
2503,3143
546,666
2382,2853
5689,1097
5716,3186
4701,993
5662,1903
2169,759
4089,2829
5660,1564
1473,9
3085,1963
4334,2862
1032,2747
5272,930
4647,878
4912,2344
3831,1487
4316,1007
558,2827
5833,2660
5568,3143
4286,606
4024,2821
3785,2310
3986,314
4098,784
3752,2133
4270,2059
689,314
5534,2512
613,1487
4553,1364
2712,1573
1965,821
5358,337
5439,1228
5616,861
5330,2453
2773,1260
2623,1730
3485,3186
4342,2349
2148,3157
5489,2217
3877,34
1779,2802
972,1016
4417,1476
2577,2553
1383,321
1620,1991
5882,1919
1067,1024
1098,1128
1175,557
5738,450
268,1573
2009,2217
2336,2346
3776,1793
4559,1007
5560,821
5942,1906
4243,1939
5174,1051
3935,1557
506,2155
1352,900
887,2490
2907,334
3504,324
5090,1811
3705,2034
2282,16
4448,2344
5854,517
220,980
5614,10
5084,1013
226,1963
5704,2155
3598,861
3629,211
3906,2963
2739,871
4914,2753
1820,2816
5852,821
1173,1019
3124,978
2298,1128
3633,1084
3375,294
3283,3186
5169,10
62,1976
2003,1476
298,2512
3333,334
3491,1903
115,1573
361,57
1844,2126
2763,935
3186,1038
3979,2660
2377,1128
1181,321
4500,1837
4875,960
66,2391
2705,2162
442,921
2348,2827
1107,557
3366,861
5744,2577
694,2862
3020,2173
294,3157
3838,1085
4215,1560
5524,1527
1398,211
4080,1372
324,821
3200,10
165,10
2422,1702
4829,2133
1596,1623
1057,1086
1188,337
3452,2217
1322,337
4598,1483
4706,1016
3314,2512
4990,775
2853,1888
5092,557
492,1573
719,2747
3983,2378
3148,759
1503,2829
1181,2549
3779,1565
2017,2821
267,2623
3665,2217
4582,1623
5399,1653
4857,138
2808,1364
4950,100
1605,1564
3523,821
2303,1606
2831,1991
4662,865
3230,10
279,2862
2046,489
1478,3186
4357,229
4720,1035
4071,397
4162,1976
134,0
4969,1776
151,1364
3315,1811
3344,2512
5467,1006
5799,1479
5484,384
816,1000
2737,1016
3857,64
1004,2219
1639,515
5285,211
4550,516
2595,1606
4601,1730
1614,1919
1805,1221
2753,1963
3508,1573
3222,2936
569,1015
2919,949
3346,1016
5023,2133
202,1487
262,2521
4658,1217
1886,1331
939,1228
4082,2747
4191,1037
5269,324
1024,1006
4864,2490
528,1364
5347,2378
5290,1844
218,384
5333,1019
2900,2777
804,2171
4013,1866
1986,865
5861,384
3832,1525
5828,961
881,2162
5538,1128
3267,1487
4736,211
161,1018
3373,193
3342,2829
1743,2800
1757,520
4234,229
2527,438
2136,2502
4142,2626
4173,1939
5085,1038
131,1260
3722,1020
34,1364
827,1000
2035,878
1718,3157
3313,34
4159,994
2882,1016
2285,760
2744,557
3396,3186
4583,9
4672,990
1200,952
5004,2217
3228,2821
2989,2310
14,2553
4661,1097
4035,2126
1404,193
2407,871
5105,1811
4089,1837
2962,1389
441,1085
45,1085
2051,980
5659,384
1858,2800
1003,34
824,557
3460,848
4625,127
1696,523
2620,871
2833,1918
159,1372
1124,2512
2241,57
4438,1698
2175,1918
3906,1837
5164,1573
3400,1211
5348,1919
1337,324
2216,0
4664,2455
3327,2426
536,2490
5402,2155
2585,1035
775,557
2941,633
3032,34
5561,1919
5177,990
1462,706
5263,10
899,34
5119,2217
5162,2853
3486,1372
2985,861
786,1325
1737,1813
2630,633
5426,2862
1274,2577
3129,2037
5607,988
5743,2569
16,2841
5627,2623
2628,294
1759,1831
3982,1724
1581,253
1347,611
1493,2126
2546,935
3501,633
3513,1919
1336,193
4918,2577
2843,633
3330,980
5694,2569
303,2790
2920,2802
3880,666
1096,2426
5444,1640
4953,2800
1705,1487
2799,2512
1063,34
3785,1560
2933,2512
5149,2217
1634,789
3146,1573
2180,1228
2595,9
2636,10
2863,1221
5043,478
595,1097
3133,2802
2303,1298
5185,598
4956,775
434,1674
3206,1331
1127,2126
2648,286
3135,633
657,3143
4348,2841
5251,2349
3566,1085
3134,2623
663,2665
861,2155
4383,95
3032,397
5035,775
2426,2802
2593,1518
2825,821
2300,1939
5731,478
4299,2841
5780,2326
5620,2862
625,1097
568,334
2870,1237
201,1035
2541,15
101,1585
4944,1007
5379,935
3447,760
4059,321
2349,1013
3560,2623
731,3186
2751,2225
3262,980
4370,1674
2869,2217
3700,2374
372,1038
1451,1031
3340,1573
2354,310
2345,2705
1170,523
2562,1013
5514,1015
1541,961
2408,775
2804,775
3349,2790
2948,2217
5675,1872
3803,516
358,1813
3436,988
3157,1573
2885,1114
3945,865
5323,666
1410,2841
2174,1776
2198,2133
3189,1525
3958,2790
4104,858
3569,1517
4462,337
1103,1903
4964,1487
4649,2378
3759,3075
4726,1844
1175,759
2429,1019
4569,2126
4185,968
3079,606
453,1003
5365,1013
2385,949
1296,2217
2242,900
5920,1006
1486,1560
3702,1228
3855,2490
4385,2490
519,310
5543,3005
5376,384
3679,1510
2540,3186
5859,1292
711,2466
2896,2821
2858,314
960,1221
1280,2623
1498,2028
2386,2490
3735,2344
1567,172
2501,1016
4748,34
4884,861
3784,516
3634,949
5750,1241
3544,9
5507,1483
2436,1035
2441,2133
3370,2862
3919,1872
668,2217
5372,1029
4219,821
2868,2880
1063,760
526,821
321,1355
47,557
1528,2028
2017,3010
181,557
2574,1844
1581,871
3169,1007
3114,1071
4628,2453
3186,193
4297,633
5472,2549
1785,2623
2872,2706
4419,64
1346,1004
4770,2802
3625,2455
1285,2980
698,2217
2367,2490
4600,1573
4188,2797
418,2577
3653,1241
1065,2684
3109,848
3525,9
256,34
1321,2344
1517,1007
2866,861
4925,57
577,2829
4629,998
4223,310
711,2829
2560,1020
3792,1292
5705,959
5942,606
1969,1518
1115,2626
2058,1038
2163,337
905,2816
2421,861
2073,1575
1605,9
2243,37
3778,310
753,961
1257,760
376,1011
1410,1002
3974,2171
4275,1116
5161,980
5052,1976
1220,878
136,2490
2182,1518
5805,493
1524,1518
5058,478
1596,1128
4094,960
107,3186
2817,1211
4290,606
1206,2111
4406,0
4795,1007
5547,871
2902,1026
4645,16
4433,2577
2790,327
1823,1292
2561,2453
3108,865
2619,2660
2206,2225
659,666
1299,1292
1769,9
3357,1606
5227,2623
5748,1800
1309,24
2339,3020
2503,2219
439,1831
1979,2219
3187,865
3319,2482
943,1364
4887,717
4317,1355
2729,990
4122,2577
1392,961
4081,324
1493,1013
137,971
478,1035
2799,2217
3817,2466
5753,1097
4080,1119
909,1487
1437,1872
456,1919
5404,2377
2200,2797
5626,9
493,1020
61,1097
1850,2684
4794,2862
1585,952
5618,1811
2741,2626
2144,2407
3627,2490
4112,24
4747,2521
3742,1016
2350,2512
5132,871
4213,2816
5576,1585
1868,1011
3499,1029
3758,960
5019,2162
4484,2821
2414,1221
1798,952
2579,1517
4730,2059
4766,1487
4842,314
2348,2816
428,517
940,2126
4443,16
100,2378
2089,2821
1395,949
5553,2217
2709,1748
3657,2490
2122,2217
5591,294
4410,1007
2698,1101
5588,225
1713,2426
2489,2684
1854,2173
3818,2034
4102,1564
2594,1128
4972,666
4082,1097
90,2979
2237,2059
4568,24
3879,2660
2704,478
3490,633
5565,1116
2062,1011
658,1221
3342,2455
5945,2569
164,2110
377,3157
320,2623
105,520
549,2217
833,1976
2741,774
3503,1097
2551,2865
4922,1195
5949,998
2062,193
1544,2482
145,821
1802,2777
4350,969
141,1116
3551,2979
189,598
901,2790
2267,2059
3007,2623
5447,1016
2303,1487
245,1173
5028,1298
1482,557
3557,286
4114,1372
1406,1730
2359,2816
592,988
2545,1020
2970,489
1249,1029
2097,2816
5050,2777
3425,1564
2971,1128
5631,1776
1360,2028
1484,337
3610,2512
451,2217
2044,2660
2820,666
961,1730
3179,1013
3843,2225
5546,2577
3378,2162
217,0
1074,2344
5659,10
182,945
1407,2490
2200,2126
264,489
3836,2976
4314,1029
3223,9
2734,1013
3398,2979
4616,1101
4347,2374
1947,633
2659,1364
1260,1918
2640,1085
4032,821
3374,821
5907,2182
5203,1837
1142,2865
502,24
5930,1119
1341,2028
978,1939
2048,2378
797,881
5293,1730
3025,1606
5151,334
1324,1566
4885,858
4195,2626
1098,1748
659,2344
3775,1811
325,1007
2314,1487
1046,1292
4401,516
4709,2847
1973,3143
4430,988
5550,1019
2117,384
653,314
2344,1329
286,1015
448,848
642,2111
5561,848
5779,24
1503,1918
5899,2829
3378,310
2466,1211
2421,1963
2803,2028
4066,2862
721,1128
4756,865
5372,1097
246,606
1459,828
2202,1101
2226,1724
2083,921
3174,2466
3857,1476
641,1364
2365,1573
5350,557
804,79
465,384
4675,2862
5000,2393
1233,2407
3776,1487
443,2059
1883,1506
2296,921
4333,2344
1155,2753
4925,2219
5324,2490
5352,337
5592,1487
141,2660
745,1606
1187,2705
2579,980
2923,1019
4666,9
4900,2162
2249,1748
1621,193
2779,516
4909,935
640,1260
867,2471
1128,2512
1116,960
2781,2777
2726,2841
4529,2111
1831,3157
3285,324
3638,1674
5434,2217
3262,2821
5120,337
4905,2398
5526,759
5512,861
3065,1260
5731,2816
1392,1016
3890,848
4358,953
5827,1101
1558,2217
1350,1019
472,1016
1348,2407
5505,821
5243,1575
3999,1020
5389,875
678,2841
4749,20
4981,1575
1366,1000
4117,1241
3,1211
3198,971
3969,848
779,1203
4158,1013
5598,2217
3129,871
3650,314
759,965
2700,465
4059,1007
4802,2512
5198,1051
1003,1325
4425,310
2620,2162
5495,520
591,2549
1324,2171
5868,994
3373,450
3223,1674
3543,861
358,1560
783,1029
4358,2471
3454,789
1613,961
5028,2976
962,1674
3362,3186
5375,2037
258,1329
1280,34
4246,954
4931,828
473,988
3246,759
164,2862
747,968
389,1260
3939,1211
3677,1211
3956,2841
4295,92
5043,2466
1825,1002
5072,952
3229,2512
2201,1518
3325,759
1845,193
2287,1292
790,520
4973,946
3899,1031
5661,2515
1576,3186
729,1035
3888,384
5825,2623
3103,1097
2831,638
219,704
685,211
4470,968
676,2377
3243,2797
748,2482
3262,861
194,2862
395,2623
257,2393
3380,2802
1248,324
5143,953
4274,2490
908,633
1252,968
3513,1116
5333,821
4089,229
3297,0
4336,3075
1084,337
3539,1748
4523,952
5356,953
3790,1101
1937,24
1906,2660
2255,828
3196,2577
4225,1029
5474,945
2229,1364
5676,2126
615,2747
3576,2569
4142,1031
4751,321
1313,2789
1946,1241
3460,2623
3727,523
3594,2623
786,1811
2625,775
5849,1007
5286,2816
317,57
286,478
4814,1020
2784,310
4069,2623
2687,606
5770,2111
2205,1128
37,3157
835,397
3244,2217
546,294
4834,211
5071,1844
5289,1020
865,276
3191,1573
5254,16
3382,875
892,2853
892,638
534,2162
391,2342
3500,2853
4785,2426
3154,193
3343,2344
4389,211
1237,821
1323,861
1696,1372
4370,1918
4380,2377
2623,1237
2632,2777
5342,1031
1083,2569
6,959
1327,980
1363,2623
4228,2508
5477,438
2574,557
1667,1573
2623,2176
3468,16
4705,861
2843,193
3419,1292
1122,1221
1409,2217
2386,1674
4201,1035
3079,2126
216,661
4598,1674
3318,193
1666,2553
3402,2816
1416,2378
2156,2151
5227,384
249,2235
2451,1776
5257,1724
3368,953
1609,935
2791,1844
3732,2398
3687,935
5375,1487
2223,865
5745,1020
4927,1031
3697,1128
2520,2549
1877,871
2450,2490
3489,1364
1333,478
4700,759
4600,1575
3079,3186
534,310
2239,1260
3173,2821
3302,2706
1218,3157
1087,193
2024,517
97,1211
3450,2577
4541,1116
4322,520
2524,1099
402,1029
5274,1906
1585,2577
3672,1606
3861,310
2856,1020
3634,1085
2410,2660
829,1776
4982,980
1248,3157
986,3157
5370,2553
884,2880
3513,1963
2857,2827
5292,2862
1338,2821
4185,1575
4075,949
615,211
3261,961
3436,1487
5261,516
5784,557
4402,2512
2900,2150
5799,865
9,1606
847,2705
3579,489
1022,2706
2641,2155
5158,3020
1278,3157
1304,2126
5457,1101
3843,1730
1176,2126
4877,2512
897,1479
4080,1939
2533,1575
5647,2393
561,1035
4499,314
798,2705
2001,253
4982,993
154,2374
5818,1228
859,2126
1496,1020
3901,661
3832,3005
5303,1573
4988,478
2866,2623
1567,900
2797,2789
1979,2342
1167,966
2223,1241
2529,759
3857,968
180,1730
3826,1389
4633,960
4829,2821
4958,2706
2767,2802
260,935
4038,1016
8,1623
5187,1748
1684,1606
1587,1939
1838,1292
3292,2623
4114,1011
2490,952
3013,993
4057,2426
4723,301
1254,3190
4241,557
3334,1573
3478,2490
5168,193
307,1626
2898,225
5907,2976
2,2747
2519,2821
783,1097
2541,1119
5576,661
4008,2426
2743,1748
3691,2490
3390,1101
2889,1573
583,3143
4874,2577
3676,2626
1535,557
3596,2374
2696,2346
4002,1564
4313,968
1598,384
5739,2466
2511,314
2347,1640
520,1518
1480,1560
4384,848
232,2512
2221,1006
2682,1364
2985,1173
4375,1028
4838,789
667,225
3000,478
613,3143
861,2225
2006,34
2472,1527
1699,557
3545,1217
396,1573
4202,1221
568,633
721,875
2280,310
793,980
4840,1020
5155,92
5657,1013
3569,1919
543,2037
844,1211
5481,1016
5529,10
2760,2344
0,2512
4811,1487
3823,1575
1158,2569
4833,980
5368,321
5901,821
1868,450
2203,2426
5742,10
4302,2512
1941,211
475,2512
5914,1019
4313,2378
2229,2829
2100,729
3540,2162
5732,2705
3266,2862
599,1235
2,1016
755,1748
564,2217
5533,775
2310,953
5865,1019
4511,1575
546,2577
1981,1451
1432,980
4183,1221
2853,148
3909,2150
5661,960
504,1119
2412,1903
1488,1518
1605,871
4399,1748
2446,1487
312,2346
639,2512
3817,871
1475,2747
635,821
4809,865
3489,2466
4597,1211
5743,2426
261,314
1257,2790
3387,2455
3891,2217
949,193
2922,2126
2151,34
2801,2065
4403,1116
581,706
1049,774
639,2862
3065,1128
2344,1331
3414,1016
3541,828
2827,24
497,1237
3095,1007
1611,928
4997,2205
3089,438
2447,3186
4978,1963
3278,1128
4071,2979
4456,2790
4644,397
3033,1260
669,2660
612,2126
455,193
589,3162
4758,2862
1809,2111
1814,2455
3228,489
2452,2217
2383,397
5640,1035
215,211
526,2059
371,953
5939,1331
5598,1038
5202,1038
5493,1510
4589,57
375,2829
5428,2549
5512,3186
2596,397
4643,2508
5457,1035
2007,2217
166,2426
3946,1119
3187,3016
1607,2512
4262,2816
1989,1116
739,1241
5013,2455
3817,2173
799,1026
389,1128
162,1903
90,337
439,2706
2344,2512
4446,2344
1712,1518
616,1844
4709,2983
5418,1228
3396,1325
3728,1835
5409,2162
1940,1116
4901,2924
3946,1011
4801,1525
3493,2426
1624,2802
5301,1811
490,2378
2214,1355
1637,2512
171,1844
1513,2705
608,384
3543,3186
3574,321
1468,1013
4539,478
2233,2802
4048,1372
1154,557
1947,193
1988,2217
4736,1517
4316,2126
5921,1906
5052,1228
3658,2126
4324,489
4152,3186
4809,1241
1772,2821
46,1031
2808,0
4917,774
5175,1298
4636,2747
4230,2059
1150,34
1055,965
3046,57
4751,1007
3579,557
5592,1623
4267,2126
5618,821
5819,2797
3310,1564
3661,1084
2766,3157
4311,1903
4216,848
644,1101
5835,2512
5797,1237
4248,1029
5638,921
2001,321
5920,1573
4251,1071
5063,949
4521,666
3667,1020
2160,314
3381,397
4255,961
1951,2126
3224,450
1696,1119
3573,2553
2183,1237
3585,2378
5818,478
1179,2549
4861,1939
5255,2058
2373,314
917,334
509,3020
5252,1006
1007,493
4278,1029
5341,2512
3634,2684
4355,1020
712,2790
2212,2059
3003,1097
634,921
2351,3157
3473,1046
2521,828
5558,2217
1437,1016
4135,1919
4491,1029
2555,2398
1373,1260
2689,2398
5941,706
1111,1260
388,865
393,980
1888,2349
4020,397
5632,1119
847,921
2884,2344
3128,984
506,2577
4812,2777
2582,959
3805,1906
3695,2034
3392,2225
3903,980
4550,2777
4891,2841
3089,9
270,2980
738,1099
5313,1487
4626,557
2826,2753
2122,193
2619,1228
4785,321
1600,1020
2853,900
1664,1035
3257,2976
4838,2133
509,0
1006,1035
254,3157
3654,397
603,1813
2358,2126
116,1237
5408,714
3653,172
301,465
518,988
1626,3143
3470,990
4659,2841
1586,2549
3556,10
4153,0
2895,493
3984,1211
4454,1389
5302,961
1038,2155
1212,1813
1779,1372
3995,3026
5449,193
4826,968
3766,988
2491,1837
1238,230
4247,1032
3010,2173
200,9
4280,980
5766,314
5310,34
5320,493
5819,2126
4272,2553
2725,203
4346,516
5047,2549
4651,2549
1934,384
5845,314
1230,2217
3871,2623
5294,211
4898,211
4850,1217
3767,1748
240,1020
5563,2816
4419,2162
1222,1575
3815,1001
2104,1963
8,1128
5913,1128
3993,1007
4631,1035
5075,517
1415,2155
971,946
5721,2126
1316,2378
4518,2326
5571,1364
612,1013
32,438
283,20
677,2162
4213,0
5073,858
255,2927
3361,952
3681,139
2051,1026
3572,1364
110,1260
5903,3005
4843,1564
5538,2126
5827,1963
1333,2466
1355,2225
5320,1903
965,2979
2658,2377
4499,1939
5015,1038
1546,2466
2497,968
5873,1557
869,2453
2244,2508
1172,10
1220,990
279,961
2464,2777
4300,9
1545,521
3998,1364
5386,2378
4226,1228
131,1211
2961,321
1395,2684
4972,294
1448,1527
472,952
5319,2553
2800,861
5350,1903
1334,193
1363,2880
2689,3016
3988,1292
1383,314
2854,1097
4547,2747
3628,2706
2759,2028
3617,2059
96,557
3212,24
1631,1355
2510,2492
4084,1939
5813,1260
932,2549
968,1011
2069,9
4581,759
4381,2162
5360,2217
1750,0
332,2490
5755,1026
4540,2155
2998,2660
3366,2827
1069,16
969,832
3409,1211
353,2549
4584,949
4973,2976
3961,1724
2911,3186
5024,1221
1075,1487
1046,557
3043,2847
1570,1237
1181,193
1088,968
3791,1020
1022,2829
198,2153
4537,1776
991,1035
712,2374
4505,1006
735,557
3008,759
5110,2577
1951,1013
4876,949
3439,1211
1501,1487
5852,935
5635,2398
4255,1016
4057,1260
552,520
3026,520
42,980
2700,2979
4847,2059
3080,2217
2777,230
1208,861
1908,2521
5872,1035
1185,1372
581,211
3874,1260
4989,193
4484,960
3142,2802
4506,2705
2407,138
5588,229
5538,2623
1794,1372
2587,1237
5123,2344
2153,2702
2664,1228
5382,1292
4035,2790
1674,489
3888,2777
3656,1976
335,828
4383,2490
5398,1007
3230,821
5888,871
4988,2829
1483,2126
2700,1006
4066,2490
425,2155
5582,2521
3510,57
4052,2326
4239,203
5808,1292
3924,865
1171,1221
5546,1292
3001,1119
387,2802
2044,557
2517,1006
4236,871
2988,2577
1930,980
2860,2577
2750,2705
4677,321
5740,1013
645,64
2899,24
5638,1002
2006,3190
3088,714
4287,1038
1995,557
3736,935
2203,1260
3156,2346
3335,2577
4319,990
4849,24
5262,193
2154,321
349,2173
4346,1389
290,775
668,2155
916,1991
3825,1623
296,2512
5735,1019
2598,1237
2607,2777
643,1573
645,2171
4912,1211
2823,1355
4349,2037
3456,1002
1140,2150
5512,489
3863,1097
3550,2623
2715,775
4198,821
4452,2660
935,2391
1551,2623
2936,2171
1346,3157
2232,1035
3263,314
3975,520
5267,1560
2827,952
4525,2155
2663,1487
2365,1793
3031,193
5806,2777
4659,2091
934,1119
533,775
2663,2426
1085,1517
450,1006
4490,821
4424,2453
1358,2349
3923,2171
5372,980
4069,10
2405,1084
2001,994
1104,2698
5832,2133
452,557
5856,2490
4214,2091
4703,821
200,1016
3218,2126
3044,24
38,954
2431,1487
4897,1101
5112,1026
3355,1606
4282,10
5257,2841
4834,523
5816,324
3266,2059
2299,1038
1552,1518
2693,2426
4654,821
4215,2171
2632,2150
4364,988
300,1075
2466,397
124,324
4620,1173
1287,954
2512,1038
3465,138
3599,138
2479,2847
2613,861
3366,1364
458,2829
1036,2577
3636,959
2660,384
599,324
442,2821
5153,2841
146,1776
3391,1128
2083,1046
2348,2512
3664,203
486,1844
1121,2126
4142,2753
685,1007
124,2660
568,193
964,193
3228,2827
2010,9
2242,1564
3968,2829
4191,2349
4422,821
5440,2790
1441,2747
522,2706
5620,1674
1697,2407
5508,450
5916,2490
5816,337
5258,2490
167,34
1318,1364
1526,310
1476,489
2033,1575
4822,2862
3798,324
1095,1026
988,900
5637,2028
1745,2865
5002,1517
1373,1007
5301,1813
311,2378
3384,980
1880,20
3375,1389
2487,2684
1248,1241
2611,2225
3676,334
12,1035
705,1487
4330,2521
230,211
2587,821
2153,2515
952,1364
5670,2326
4665,821
709,1606
1270,1939
2385,1626
2543,980
4986,2862
3260,1035
3122,1101
319,633
1728,2753
4059,193
5367,1241
3777,1032
4052,971
4083,321
2245,2225
359,3186
108,1389
2620,1119
2792,2623
4084,960
4803,2862
5698,294
147,2512
5947,1035
3459,871
4505,953
1027,2827
15,1575
495,980
2730,2684
4963,1013
1912,2466
3211,2728
1953,1006
74,2155
2973,1099
4814,661
4569,2816
1283,1211
4712,384
3600,968
3531,1097
53,2217
4325,1372
811,2569
5329,1228
3376,2162
5208,2924
1938,775
2409,2346
3572,2976
4346,384
1357,729
2389,2862
345,2217
2487,953
4132,1623
3937,859
1857,557
1062,57
3854,861
1669,1260
786,2862
889,1563
3511,1919
4022,2660
4695,1211
703,878
5145,2171
5352,20
2731,2747
2148,2426
4178,921
3235,294
4866,2490
5577,138
296,2217
4169,1101
5399,775
1743,2377
540,2577
748,1560
3360,1228
3198,2398
4328,865
1119,978
897,865
341,2862
5377,2184
203,3157
3021,2176
5059,2777
2765,1698
950,2862
2717,489
3947,2378
4582,2623
4816,2790
1237,1872
1491,3186
3938,1097
5292,2490
2742,24
5008,516
2948,2344
107,2816
785,1748
3153,9
1415,1097
3194,10
5393,34
730,994
2984,954
105,3157
5642,775
624,1241
2747,489
3648,1119
4467,1976
2034,324
3264,2176
239,2827
1612,3075
1784,1573
1192,1698
304,1007
1956,633
5046,2326
5299,557
3301,1011
2148,2789
749,1128
3285,20
1564,523
5745,314
5055,1099
2904,557
2374,1560
3377,1006
4418,1976
2076,1903
4156,478
952,935
2619,1364
4731,1389
1460,2802
3507,1237
5945,789
2223,2037
2524,1211
3735,2821
5302,1097
3891,1119
4852,1800
5079,759
2221,2378
3112,2549
596,1128
2430,1963
4209,2862
2701,211
2210,2862
5897,1364
5090,1564
5126,1221
4161,2821
3025,2028
3092,1035
4568,930
5332,1097
3599,314
3539,34
5330,2219
5380,1811
1582,2512
2977,2482
3524,2880
3658,2880
5867,1606
2937,1097
4057,1128
5585,230
4251,2162
1815,10
3716,2821
5373,2037
1572,1006
451,1016
1991,172
3481,968
14,520
4284,1292
5022,2453
4962,2173
3439,971
710,489
4598,2162
654,557
2471,1748
3682,2126
5764,2797
5301,821
4552,1228
3652,3186
2112,2569
1472,960
575,1203
3842,314
1459,203
3291,2426
4860,2512
4886,1518
5242,2577
5591,516
3132,1844
1220,1355
678,1035
3603,3186
1469,2059
2756,1035
5798,1748
5120,638
2183,1173
2480,871
4464,1007
2239,1748
4959,949
1803,2349
5719,2623
824,2028
5003,2453
440,1099
3227,3020
2842,994
1610,493
3184,2155
4889,1119
5708,1976
2230,881
2698,986
1323,2880
3663,1372
4105,2471
4140,1031
5650,988
297,1730
5865,2862
3752,397
3877,1560
1535,1487
3954,1026
5284,2816
5924,1456
3021,821
1777,1020
2613,1292
4566,92
1119,1020
1634,971
2544,1421
5660,1117
255,1211
866,1099
4919,1119
3238,2512
404,516
877,211
1615,2126
3353,1038
3496,821
2370,1241
3032,1626
1772,1026
1543,1203
5528,1119
5132,1119
956,211
3451,2512
801,337
5261,775
4519,138
3316,2553
314,478
4233,1730
5797,489
3245,1626
891,230
5371,2569
617,930
2814,2571
3010,2217
1305,1038
5632,2344
917,633
3264,821
1782,1606
1202,1031
3946,2841
3466,1221
3366,2037
4758,2490
4217,3075
2823,2512
3205,2577
1018,2378
3809,1560
2021,2827
4965,1019
1995,1606
5071,1903
3519,0
2459,20
4575,2490
5344,1015
259,525
1283,2797
5897,935
1618,2558
2325,959
5112,2880
4236,994
3317,953
3573,2865
3972,921
4300,1918
5728,79
2032,2777
1101,1221
1159,2623
3155,2059
5285,1724
992,2217
302,1016
3542,24
2943,2176
3065,1119
773,638
2776,1016
2798,775
5269,1487
5358,253
3670,704
5747,1031
3448,2577
2302,1096
3630,2059
3657,2162
3320,1116
5861,1776
4419,2219
5269,2426
1397,172
669,2880
4690,2490
2124,1211
3569,1002
2791,1903
5492,1128
2209,1026
779,15
4583,1051
6,1260
197,2777
2413,2482
2208,3016
2974,2549
3015,2816
5037,1221
4178,1002
1664,2623
19,1724
1091,775
5609,666
600,952
739,64
973,2217
5154,759
1489,821
85,1031
2834,2660
4319,1355
1287,2821
2906,321
4231,1013
2613,3186
5113,2155
1214,64
5321,1101
3041,1906
1193,1173
5918,1128
1017,193
4217,2512
3231,1020
1789,709
1183,1128
1627,2862
3790,489
3287,2349
3483,1241
4347,1575
2564,3186
4712,10
4006,1016
5157,397
2772,1903
2080,858
1492,193
5822,1016
115,1260
3449,1364
541,2829
462,321
4660,759
1317,2821
219,2549
2762,397
420,324
814,2466
4043,1285
4470,598
2589,1903
4905,2512
2886,1372
4901,821
2459,1564
5671,968
5601,0
413,321
194,1674
3496,1560
3425,1128
4370,138
1391,3157
4791,2346
2012,1518
343,1016
948,2816
3128,2827
1440,1292
17,1260
208,2777
2656,1031
1192,961
364,1038
2924,1748
3065,1724
1993,2407
1590,1007
5270,516
5707,517
4389,2753
500,1084
3962,959
3518,1211
4220,1483
66,2549
5037,1476
491,1035
5537,2028
4255,952
258,2490
5346,16
497,557
4418,2407
5082,172
4428,2829
2093,2466
4918,478
1327,489
470,1097
5532,2623
4697,775
3824,3065
868,1372
285,1051
1078,953
703,1564
4538,193
606,2126
1427,2827
2610,3143
645,3020
5781,294
4285,952
364,1051
324,1918
4450,1019
644,1105
260,2391
1779,1939
3508,1260
392,1564
2018,2184
3181,865
3064,2037
3186,980
5507,2162
302,2802
2279,10
2654,1119
1778,253
2163,64
3118,1748
2096,828
2631,2155
3631,1101
4919,945
5001,489
706,384
2182,1016
3749,2490
1834,1730
5318,1364
228,759
498,2569
295,520
4166,2549
3698,229
3216,980
819,3186
1077,1724
2261,1016
48,828
1603,1016
932,57
2200,1006
2479,2407
722,1038
801,1331
665,2453
5749,998
3834,1029
2827,875
5031,489
5650,2453
2794,2684
3174,2151
1942,1421
2582,24
3227,994
4803,2059
1628,965
2867,193
1886,1260
1703,321
1168,980
4423,1020
2162,2821
641,2217
1028,2626
1835,211
1604,1776
5565,1298
5904,2979
2736,2827
2550,193
3966,286
3522,1292
984,1573
2439,2577
1283,2623
2000,729
3643,2979
3693,2342
448,775
3123,2455
4042,1035
1786,2426
186,775
358,64
4307,1976
5453,1013
3983,1623
4260,211
4869,1487
261,2346
784,172
2200,1019
801,1573
687,2225
1327,865
4274,523
1228,2549
366,598
2301,24
2213,2126
792,706
401,821
1375,2747
3271,1013
3673,2750
5605,1905
1405,2626
4710,1026
214,2126
1205,57
3574,2219
802,1101
4049,2512
1000,2577
2720,92
5894,961
1264,2623
467,1525
1520,2549
1654,2549
2056,2034
4789,1211
1936,397
3152,661
782,489
3430,1837
627,1406
1267,9
2631,666
5200,930
4735,1096
5946,2706
1447,2865
4179,878
1975,1035
1579,1035
4881,921
384,2816
5814,2028
3711,2466
1431,1285
767,2059
4509,2217
1047,127
1635,2512
3010,1372
4572,1748
1758,633
4805,229
452,1903
1479,952
1573,2802
4861,2790
2824,1101
5203,2490
3854,2407
1646,1331
2517,2378
4318,821
61,3186
2702,1606
4490,2059
4992,994
65,861
1777,2753
4982,986
1785,1116
3318,2777
3863,2577
2707,2623
2805,980
4061,2821
2701,334
220,1903
2176,2435
631,2706
3155,2490
2730,1560
2661,935
4137,2816
410,980
2443,978
2373,10
674,1026
3272,2028
1906,1298
4669,2862
3712,314
3898,1487
3392,861
5735,1573
3414,2377
3147,3016
1110,1364
1714,310
891,1963
4318,1292
581,1020
3301,450
3127,2549
1398,1013
5147,2342
157,921
3925,314
2394,1237
1741,1581
3338,517
710,2827
2138,988
3000,229
5770,520
214,2623
2812,2393
2017,2684
3397,1097
828,2553
4422,2059
5100,954
4279,24
1956,193
1011,954
1694,193
1663,2829
4566,1020
2747,988
4724,1606
4500,666
3242,930
143,878
1915,2821
5638,980
5368,1119
3814,2553
2479,1173
2071,1119
4915,2342
4008,1372
3564,2378
5794,998
2705,2159
3517,2037
4284,489
521,1211
5254,990
5543,598
1883,775
2062,1006
5458,2217
3562,2490
5806,1237
1423,1019
2610,57
4339,1364
256,2862
4031,1211
8,2797
3857,1095
4774,1026
1991,1476
4649,1031
237,1573
1754,1011
3674,1095
3982,1211
5778,1525
4840,1013
2543,3157
172,2346
2529,1007
5476,2880
4600,1260
5608,821
374,760
5642,1866
5866,1116
3543,1285
74,2225
2966,2176
5583,10
1307,2133
4337,1560
5328,952
235,2816
372,1101
3198,2684
3344,523
1116,1518
92,0
656,2028
4326,95
157,2344
2628,2827
3698,2512
788,1918
5217,2777
1065,2492
5776,2512
3444,875
1515,3186
6,1128
3053,2976
4409,1032
4600,2549
4713,211
2829,1016
3011,2979
3049,1285
4816,861
1385,861
5031,557
5545,1007
3,2816
5509,1084
2687,1606
4543,968
5816,1241
3228,2684
4551,2549
4176,1211
5253,606
2636,557
3109,1006
2049,1026
2173,2553
3522,2407
4057,1748
5005,2490
956,1623
4251,2553
5349,314
875,1698
2007,1029
5631,1195
35,489
5501,1085
833,2455
5026,2549
432,1128
1091,2750
146,1525
3730,2521
4084,2790
3148,1119
4511,871
106,2126
486,1364
3507,5
2896,1837
3159,2705
115,1128
1101,2162
3425,875
4289,980
2852,1013
3251,1476
2100,1903
2404,557
2695,1029
1602,1101
4830,1038
4453,1051
1776,759
4625,2326
3104,968
3221,321
4728,2976
4792,517
416,1241
3525,998
4347,1564
154,1241
5113,1097
837,2466
1453,520
4490,1872
4142,2623
2464,1776
2070,2374
1824,921
3259,24
224,24
3479,64
3642,1748
3544,193
722,1698
4289,1101
5873,1724
2707,450
2860,729
1583,980
1480,64
3615,2059
2734,95
2780,965
4533,643
1544,988
1706,821
4089,666
5042,520
5264,633
5532,384
3582,2821
2252,1748
3432,2059
3088,34
579,1016
968,828
3502,1071
3906,666
3985,959
5255,520
2918,2777
3133,2665
5342,2623
1875,980
1968,3157
5483,384
3045,337
3399,2821
4724,1298
782,557
732,965
1900,1976
3039,34
2330,1560
523,2777
2550,1563
10,980
4399,949
4294,1421
5555,2623
2124,2623
4383,2173
1100,2300
5307,1097
1523,3157
3849,24
1178,1173
2811,557
3764,1606
3929,1939
5148,2915
468,1013
857,34
5774,2374
2885,1903
366,211
1474,3157
550,557
1971,1748
4464,2219
1950,871
2974,3143
3316,2126
4639,759
169,865
1165,1355
3887,666
3458,489
3983,1128
4783,952
5239,0
113,1724
4760,2217
42,1026
639,1016
5470,1101
5778,1217
993,1019
1184,321
1980,1918
2572,1564
2653,2455
4752,821
5757,865
1868,953
2616,2802
880,324
3714,859
2148,1007
1910,1364
1736,16
5939,2976
4979,2705
5089,1116
5316,1573
1966,478
455,2777
5796,978
3392,1976
1673,1128
301,95
2708,2512
4924,2217
1142,2660
5779,516
5801,2490
5808,1217
880,2660
823,2126
1553,16
2963,523
3888,1776
4303,557
5213,1007
767,2490
218,1228
4793,2407
505,2490
4910,1006
4271,1019
5484,1241
4061,1963
2297,1867
2276,2976
750,2028
2372,2684
2336,775
5433,229
3000,2512
3867,148
3452,1101
4653,37
2951,1573
2748,756
2999,2553
3135,1919
4785,193
368,2377
2880,875
2001,1724
3804,1260
1061,2829
2310,759
3482,980
1391,489
3416,2841
823,3186
4968,314
4023,1038
2392,828
2581,1518
535,2490
5155,2126
1223,1844
600,633
1574,1364
4086,865
4249,2549
3695,980
2793,2569
709,3020
2734,3157
5790,2344
215,2219
2605,828
5684,871
510,861
109,517
1360,1031
5362,2577
5653,1292
2318,1000
3063,1117
4462,2549
2605,2225
4424,2028
2947,3157
4081,871
3886,2847
3707,172
4923,2126
5866,1292
874,993
4241,2028
1997,2490
2238,1421
3975,337
516,2453
4084,2495
5536,1013
842,2623
2000,960
2265,2426
675,2217
2711,557
904,1811
3240,1581
5621,828
5855,995
2720,1020
2668,2816
3630,9
4115,990
333,9
2432,324
4042,2205
3880,1389
4076,1035
3405,2816
2496,1019
4397,861
1694,1563
4700,633
1250,2569
4832,789
3755,1128
3526,2059
2727,2349
3018,2821
2426,960
695,775
4853,848
677,2155
1716,2490
2217,557
3196,2827
3211,2398
804,3162
3474,822
2741,971
3455,314
1481,2623
1,34
823,2623
2573,606
4211,2512
1095,2816
1145,193
1494,1101
587,2346
3041,2660
4207,821
4928,1372
2839,1479
3966,1698
5673,1260
2820,3186
3611,9
5285,2841
1610,0
35,557
1583,1035
828,193
3488,2827
284,1298
1287,1939
3068,1487
5490,1260
3033,3186
2699,1095
383,1011
3891,1002
2509,3186
4966,1748
3555,1016
1012,953
5914,2490
4513,2217
965,878
2424,2553
3109,966
5767,1016
5302,2377
4760,633
4980,865
3084,384
2280,1084
570,1776
1652,2747
5229,1606
342,2821
1705,2344
3506,1016
4382,2407
1307,1517
5044,1560
3315,24
2210,759
1862,1510
2521,2378
1693,2455
5363,2508
5132,2841
4540,980
1670,2508
2088,1035
5257,1035
4099,1237
4985,1101
246,1019
640,384
2811,2827
1178,1228
4635,759
1135,2349
1701,774
596,314
3767,949
2972,1203
391,848
2201,1097
3316,1013
2540,2512
4789,2623
5914,517
2677,1026
1368,2816
1211,2344
4141,2816
4218,821
2998,1606
238,1020
4008,1011
4039,324
4080,1116
4209,1001
926,1128
2127,64
4135,557
4033,775
392,2426
3800,1476
5758,2377
1305,666
3275,1096
4467,478
4071,20
1273,1128
798,2821
1643,661
2899,1748
5466,2205
209,211
2125,1573
5499,1564
1153,16
2297,633
5437,1918
5633,1564
3716,960
1882,2111
2534,2037
5478,229
3764,1674
2573,1211
2525,2217
1288,1372
842,1026
5713,1035
2306,1355
4384,2816
4632,666
1851,960
2534,990
3033,2623
5450,1564
5923,1518
3063,1748
4496,24
1065,24
416,1564
1405,321
5770,1919
3982,3186
1461,1421
2175,10
5905,1097
2154,1119
4883,2126
2486,2346
4624,1606
5479,2157
3211,3016
1812,1355
3161,980
3878,1035
617,921
5541,2217
474,1101
1410,557
2465,193
1420,1016
4653,1260
1406,1835
4054,968
3615,1564
265,2684
148,1116
2364,821
5239,1128
2467,10
555,1211
111,2217
3562,1674
485,1906
60,2171
4184,2660
1782,321
2749,2059
3948,397
4705,1837
2002,324
2826,1525
3672,2219
3102,871
3405,643
2861,1748
4683,1260
619,822
4530,789
1222,2549
2989,2162
998,2841
284,2037
1762,1776
3264,1872
3405,1811
5356,1016
1113,1101
4717,1029
637,2569
3694,638
4112,397
1944,2426
1975,1776
2644,1117
772,1976
2904,253
4777,1016
3385,2512
873,2553
1267,1918
1721,139
2246,24
4331,1195
3085,1991
1970,2829
1416,1260
5031,1606
1705,1097
533,2862
4198,2800
1839,1097
187,2225
4306,384
3112,138
450,878
4993,1085
5192,2426
5780,2862
5830,10
3956,5
5879,2346
2166,2660
3088,949
4442,2379
3697,10
2153,1903
2514,1128
5088,2490
4663,1560
1452,1038
208,1237
4146,516
2489,1071
808,478
3645,759
4003,2453
3910,10
546,478
2227,3020
441,950
2619,2349
1788,2155
3479,1221
3386,2979
1922,2155
912,2521
5945,2821
3124,2979
3683,2219
364,666
5025,865
5202,1730
1975,3186
1488,2802
1070,828
1290,1097
2352,921
3095,1002
5858,314
2998,1298
4911,2426
109,598
4099,821
1540,225
571,2349
4972,1389
3394,2466
727,2862
703,253
3905,1221
3423,952
4359,2623
589,3157
4520,1228
1703,633
4645,2162
4237,2862
1382,1221
1535,2217
4608,294
2123,172
122,2378
545,1020
2200,2378
5226,2558
3901,1866
4054,2862
3235,1776
4200,2162
234,2821
1748,2217
5041,2549
306,1906
4108,2344
1348,2512
4008,945
178,2660
3963,1697
2798,203
150,2827
5448,2378
124,1606
5876,1364
1719,2684
3388,971
5050,1285
659,489
2185,3157
70,848
2546,921
2661,871
3900,1119
1396,193
2141,1101
3077,557
3784,1173
3765,2880
363,2827
3620,1479
3121,2549
2061,2569
4640,2326
4743,2976
3284,1035
1288,138
1599,0
4400,2344
4952,871
4907,1623
2032,821
3028,557
3857,2065
440,1963
1762,2623
1368,1006
2443,1035
2636,935
1772,2816
2846,516
3661,2126
5189,1228
5280,821
3566,1071
2200,1573
467,3005
3640,1020
5039,1698
2432,2862
2258,760
40,1211
1251,2821
2762,2508
4601,2455
172,1101
769,1128
1562,10
3121,1623
5471,1557
5213,2753
2587,935
3407,2660
1024,2549
3844,3186
3555,1097
5210,2684
5490,523
4843,2927
1321,557
402,516
6,1748
5543,1581
2953,211
2466,1813
4768,2753
5709,2553
5631,2862
5130,1119
37,3020
156,2217
3029,2155
1033,2490
692,211
771,2490
2120,2344
4255,138
3797,980
784,968
3141,1844
4865,821
173,2800
4004,1724
4694,710
2896,1518
616,337
4088,900
4814,775
5303,0
3059,2219
2324,2753
3592,1487
1780,1606
2513,1228
3714,2150
3127,633
1217,3186
773,1260
568,2777
5004,606
47,1119
1163,1903
3338,2802
511,1748
1120,1038
3193,2155
5786,1581
5526,193
5214,2816
5264,193
2464,1228
31,1525
1084,2549
3317,878
1376,1903
3642,3186
5813,2623
5930,1976
3010,2155
720,57
1678,1487
2939,1228
4284,1606
4972,960
2083,489
2434,9
3647,2217
1446,1329
2781,1285
3294,638
685,450
4240,516
5062,1119
1251,861
227,1292
5294,193
3594,1573
2642,1355
2723,1051
3370,633
3826,2862
3459,1119
1143,1035
1160,450
1449,324
3419,0
4451,2133
2901,828
1576,1331
3174,2155
2630,1237
1470,2827
1367,3143
1575,2126
2198,1085
4242,1730
3844,2623
4095,1976
1476,1329
2456,828
799,821
2619,2512
1525,1221
2077,1963
1705,2091
2436,324
4621,2665
4215,1748
3635,1173
3380,2344
5001,1903
2165,1029
413,2219
1363,1573
3959,516
1161,2378
2971,2590
4476,971
5469,961
147,1016
4264,2549
5608,2059
186,2176
1294,921
293,2827
2872,598
3037,2126
4412,986
4735,1905
2634,726
584,2976
1200,2979
1351,2623
976,1285
298,138
3519,1119
81,1372
1638,172
5590,1372
4303,935
4096,871
1042,821
4879,2034
672,1813
3196,2829
5307,1020
5357,2827
5899,666
1303,633
5866,489
2984,960
2103,1211
621,2225
2591,211
395,2407
832,193
42,828
3404,994
4772,861
1654,2553
4763,3027
5747,1211
5867,310
2379,3186
786,1016
2429,334
252,557
952,2217
1348,2217
4030,638
5174,1026
1671,921
248,1835
3658,2981
4412,1228
3892,704
1161,1573
4368,633
610,2453
1553,865
3716,478
4896,523
1723,2508
2948,2821
4092,994
5181,921
5854,478
2722,34
3231,2126
2835,2126
593,1237
1880,2162
3867,2044
4557,2225
5371,789
5104,2623
816,2706
3636,1128
205,1128
5561,95
5606,1329
1569,994
3572,1372
970,2126
1875,1037
4671,2512
5600,1026
1706,1228
842,2880
3784,1228
5921,1606
4243,759
704,960
1146,2059
1557,2862
638,2821
4762,1058
5254,1557
2998,1487
419,1730
3079,2378
1919,1228
2800,2963
2244,759
2230,861
3132,1487
3507,1364
2142,519
5361,865
4836,980
2439,3186
3043,1903
231,861
2136,704
119,2377
872,2880
4931,759
3544,384
4461,1776
5698,1389
519,1035
775,961
5794,1097
2748,2665
4231,2482
2204,1518
5506,172
1646,1456
1197,1364
400,2777
2788,980
4756,2569
1511,1002
847,1776
5262,980
2710,1097
2257,2512
1321,2827
4265,1019
3943,968
797,2827
1069,1071
3037,2623
5604,865
5205,1119
5862,1389
958,1203
2656,1211
717,848
1570,2750
4285,1119
2728,821
3724,557
1537,2344
1069,24
3280,1563
2600,1575
5308,988
1385,489
2734,1575
421,3186
1777,1013
2830,2037
555,3186
4566,314
5352,994
500,1035
2821,2217
718,2426
4006,2377
3292,1573
2137,2753
4699,2829
3465,1730
244,520
870,1211
1553,1241
4896,1128
5469,2747
2258,2225
288,2549
4228,2426
5768,828
5893,2028
1361,24
5664,1939
1813,828
1302,2827
4547,193
3019,633
218,9
1986,2705
4223,1035
5276,2059
5678,1285
1416,1128
239,2512
3475,95
3427,1101
3339,988
3251,875
5563,517
3493,2623
4957,478
4943,314
2811,2037
247,1097
4094,517
410,2515
1406,3005
5623,1241
318,2963
616,2391
5822,633
1612,666
4877,1128
5426,138
3595,1035
4440,861
3729,1035
3464,1518
5241,2344
5041,1007
4480,2660
2403,2821
106,10
1845,1776
3495,2790
1411,1026
5867,2217
5886,15
5144,1364
5073,666
5675,1000
5816,2171
2354,606
5091,949
3102,994
2873,3157
3291,930
268,193
1622,2377
2534,1476
2568,2521
4249,633
5336,2702
5680,2512
1499,1260
1430,1389
1475,2623
2939,478
5934,1116
1920,1024
3329,138
3919,2155
5758,1119
5593,557
4787,2379
4486,990
1074,478
597,1573
3269,1292
3517,1128
5182,959
290,2059
531,990
3993,828
2518,2821
2886,1002
5171,2490
4290,2512
4107,1573
3231,1939
2009,2126
2107,3186
717,1116
3993,10
1799,2841
5192,334
5832,960
585,2623
1700,324
3639,2407
4320,1573
4435,1560
5256,1029
2618,2126
2800,1837
978,2059
5387,960
779,2344
1548,1623
3456,2407
5034,1101
5836,557
808,2816
2389,24
2943,1364
3474,1000
2247,2829
4704,2623
5664,2665
2271,971
2479,1903
1322,2219
436,2126
4137,2512
1191,1241
3861,2577
4501,988
4105,988
5272,865
3706,1013
1018,2747
4454,2862
519,848
4349,1119
3712,10
238,2821
4130,523
914,1872
5202,1035
5188,871
5613,2821
3873,2816
4379,998
3417,321
4929,2862
5648,2549
3509,95
594,1372
5940,1674
5499,2426
3985,24
984,1298
5578,2490
2185,5
927,2521
1137,2065
402,384
3712,2346
4712,1292
4302,1128
3858,2171
4223,606
1406,2455
2815,1606
5188,992
5725,968
5945,971
3742,10
3903,2816
3953,193
5663,1487
5687,1844
559,489
645,1724
98,1097
4686,229
1599,2217
584,24
4283,1007
1461,2512
3784,128
4797,1228
263,2827
306,1211
3537,2880
2854,1389
3136,321
5538,2660
2661,994
1812,2217
4536,2126
2347,1329
243,633
2667,516
4059,1006
5599,1623
738,2827
4473,1518
5827,1221
3346,2790
2716,2623
2599,1055
3001,1035
413,1724
1000,1026
1881,775
2612,1748
3219,2426
4468,2342
3828,1487
3675,1016
5210,1518
2178,998
4686,1518
5108,1241
1102,2471
5529,517
553,980
5742,1793
1115,949
1153,1241
4869,2393
5808,1329
1568,2880
692,1260
2839,865
3249,2426
1649,775
2265,1007
465,1217
448,1573
2196,1173
1836,2816
2779,1228
2605,1866
1230,2777
5624,875
3475,968
1577,2821
321,980
4712,1776
56,2217
5565,2217
4660,1128
4875,1016
5933,2155
1862,775
2197,1748
3210,633
1415,729
3223,1097
2170,2059
3642,34
2033,1007
321,1101
5581,2346
3650,1844
4768,1011
1129,2028
2820,828
2852,1046
3038,2219
3726,1573
4908,2482
813,516
5792,1748
5926,516
749,2975
4763,1606
5217,1776
5683,2515
3873,2037
2424,1013
3599,980
1202,3186
3919,921
600,2623
3191,1451
5347,314
3793,1748
1114,858
5173,952
5407,1119
5488,24
3046,2753
3822,988
816,935
1067,517
246,1573
2832,57
3453,633
177,1702
4649,1211
2539,478
1489,1674
4572,2425
2777,2979
3543,2512
895,935
4797,557
1815,1844
1192,633
3890,1573
4836,2471
1221,1105
3812,1919
4287,980
4975,334
2325,1128
3359,1119
996,2155
2104,900
4771,2490
3480,2577
930,2326
3688,1331
4374,2790
4140,2623
3878,2623
4425,1035
2276,1128
2410,1128
2625,1016
2864,1298
1446,1573
159,1173
80,2829
1484,633
2561,1260
4025,1101
4182,1573
3359,1011
4472,100
5620,193
673,1128
984,2976
2701,1011
5905,2577
4306,2777
3549,2569
5411,1776
5407,314
3282,2979
3208,24
3853,1748
362,714
1308,821
4866,633
64,1020
1127,517
2813,959
490,1128
1990,2841
1186,1097
1129,2512
1239,2155
3701,832
3938,516
5786,1020
2898,2171
5799,959
2731,1011
3290,2466
783,828
5255,337
1476,2512
655,828
259,828
4853,34
4965,2490
5133,193
5228,1372
252,1606
5655,1476
3199,2284
1599,633
1773,520
2086,980
2884,960
1227,2976
3703,1292
5781,1026
2111,1976
2525,1027
4867,871
4882,1903
5464,861
2024,516
4859,1919
4950,2037
1161,1575
2171,1963
2329,2549
3950,2862
1906,2217
5256,1097
121,1015
4536,1939
4004,2344
2433,2377
4790,1038
5284,95
1474,988
3150,3186
4110,1013
421,489
3998,314
2167,1211
5073,1097
3275,1905
3280,34
4730,2155
1182,2802
3429,1820
2316,516
2758,861
4035,1364
757,1606
3370,193
4970,861
1049,960
5768,2790
4550,9
2388,1035
2519,1518
1266,2126
4117,127
390,1260
2568,1905
2267,516
3583,193
2960,968
336,1963
4577,1051
1659,1828
4140,1013
4501,2453
3276,2665
3926,2747
244,2374
2073,2865
2732,1518
581,1013
290,2490
791,557
2336,1518
2773,324
2907,324
3258,1039
4918,2512
1217,2880
5897,1372
3295,2126
5850,1260
2741,520
5946,968
1915,478
5053,1919
5614,0
820,2426
765,2490
787,34
1384,24
3017,1623
4049,1016
5007,756
375,1029
1870,2398
5741,980
5937,2841
1745,3157
2841,1811
3849,1372
614,493
1247,2126
4277,321
4987,1476
2530,1626
85,2623
2991,523
4422,2173
4396,952
5609,1211
328,1038
5892,1270
2693,2034
3357,1031
1258,2665
4028,1724
36,2623
1409,848
5239,1119
667,211
3162,2512
5703,1748
2482,2753
1596,2660
2268,286
3617,1372
2581,517
5948,2976
1958,1292
4974,821
1113,3186
3009,2684
5552,2747
1247,3186
3382,1963
4793,2466
3182,397
267,1674
4374,2482
649,1510
5038,1479
3747,1566
3327,980
1037,1097
3712,2777
2886,520
1778,314
1096,1906
3558,95
5471,1748
2157,310
937,1095
5309,666
5366,5
4228,2549
4668,2821
1366,2706
430,1035
726,1097
3016,714
5220,1119
827,1903
882,1573
1479,1563
727,2490
4882,2521
1520,2126
1785,1606
465,2453
1315,2660
2996,1001
5515,1939
4391,3186
3947,1260
3381,2569
3620,865
3783,2549
617,1046
4917,34
3189,1581
4371,2490
1267,633
482,821
1688,2841
3742,1730
1593,1557
4342,3186
2274,2184
252,1298
1007,2665
3037,2880
4981,2126
695,821
2763,2577
2090,2777
2401,949
916,2217
3581,994
2942,1007
3221,193
4062,1038
4401,2490
4535,1487
636,2577
446,2453
1528,1963
5074,489
5506,900
867,2217
3508,2623
2907,3157
5887,1006
4545,633
3182,881
4032,1051
4283,633
4770,980
4995,1364
4544,2660
3792,1564
248,1421
4924,666
700,10
304,10
1247,2623
2563,314
3972,2205
2616,1372
4266,2157
3044,2344
1155,1573
3830,1038
3992,871
542,821
631,1573
3243,1241
1882,2841
4833,1221
2837,324
4096,928
5709,2155
1207,1211
1350,2980
2893,1128
4371,638
3313,24
5515,1026
2170,2490
5384,2492
4061,2398
4668,861
788,998
2806,193
1720,978
5450,2065
519,1776
1539,2623
1143,2623
1604,1032
1334,3157
2215,920
3273,2059
3214,661
148,557
951,881
4141,2512
2599,1031
4810,2378
940,988
3937,2453
3452,489
2189,638
1413,3157
3937,9
3319,1128
783,775
227,557
4499,1173
4561,590
2200,2490
5333,1372
3135,489
805,1702
3527,1013
3076,848
598,1372
2069,2155
782,1718
1157,878
5448,2490
5539,2379
2003,2326
2944,2126
222,2549
5769,2841
531,1355
3349,1128
5465,858
1351,828
3899,1006
4078,1237
2557,633
683,2126
5418,517
4795,1063
3007,1364
3611,310
1706,9
5816,2549
2545,1976
1423,1872
1984,2205
4623,1976
4377,523
4928,397
103,2490
1187,2827
5478,2490
2615,759
4399,16
1219,1813
4519,1101
1792,1217
3258,865
3459,2841
4976,2508
234,960
449,848
643,1128
3379,1128
5545,450
4146,775
2463,2553
5930,557
3913,15
5401,2162
2591,523
1742,1221
3573,95
2012,2802
1594,828
3129,1101
1188,2126
4913,2344
2695,2566
3280,1270
5090,1748
5479,1035
752,24
762,3186
1228,1939
1441,1000
2322,520
1900,1285
2146,523
952,314
4039,2490
4209,952
747,848
4102,789
4658,1007
1385,1364
5099,1918
5933,1097
709,1724
2605,1976
2359,523
3436,2133
3856,2490
2541,5
956,2126
4314,2816
3462,321
1657,2173
3510,1035
5869,523
1448,1016
3573,337
732,1563
3643,1564
4188,1364
1172,1606
4995,935
800,1963
84,1793
843,384
5227,9
5536,2979
5503,2802
689,1903
761,988
5747,3162
4181,1095
1130,2777
1980,998
2343,821
2952,2326
3964,1097
5743,10
5352,2111
2993,2623
3249,2549
2781,229
1976,1027
3304,2219
2774,1007
2254,1237
1712,954
1676,1260
2634,704
4915,2753
839,1029
5743,949
3530,2976
2284,2577
4273,3020
71,3143
503,2800
782,0
2435,760
3557,1389
702,1963
1497,2426
1497,211
1141,1101
2507,1831
3713,1902
165,2512
755,1560
2369,2126
4186,1560
5122,1016
4003,2378
3719,633
2843,1228
3428,1918
5766,2515
45,875
2657,314
5908,878
934,1976
27,1006
5027,900
1004,1217
2012,24
1769,2777
2880,1002
189,775
1152,2549
2737,953
1749,324
1630,2847
2841,2471
4954,1260
1927,1084
3250,949
3654,1564
5889,2706
1918,1035
1064,1389
2482,848
4995,2466
501,0
284,2217
5270,2176
1927,37
2200,1364
1075,760
2186,3186
5312,1355
5926,760
391,1525
5673,314
3393,1119
4757,1776
488,2626
1828,2660
4670,2790
3493,10
5657,2706
2701,1013
4728,1748
1508,2426
5503,24
3041,1606
1652,633
4699,229
5287,2880
4119,1640
1784,523
4081,1119
2785,1128
3729,2623
4235,3020
5075,516
3123,598
2674,1031
4886,1260
2558,1085
3444,949
3893,775
5687,2706
2998,1128
670,953
1931,2155
4424,2626
3782,1173
1772,1573
578,1364
4499,1228
5602,1844
920,310
2470,2140
4065,478
3659,1776
2086,1211
5534,397
4594,2256
3011,20
5905,2821
2567,1026
1772,2512
5213,1510
2974,2841
3130,2829
1998,2037
2349,2789
5194,2665
1426,828
2052,1748
4488,1456
2122,1026
5133,211
4381,1101
2939,1019
100,2126
2655,1260
4689,1217
4384,2567
1736,990
4652,1564
1225,20
4984,2037
1973,2623
5681,1211
1391,1221
1687,2037
3134,2426
3134,211
2005,397
3937,2521
1788,2577
2932,1016
3827,434
5057,337
5222,633
5640,2378
1753,1573
1770,988
1550,2705
835,2171
4118,2569
5226,523
3636,314
1926,1006
3374,314
3429,775
5261,517
202,1211
930,489
4111,314
5685,1976
4797,1285
5439,523
2684,1035
5609,3186
3298,2426
5158,1035
5719,1331
3619,1020
2540,2976
2817,1564
3564,1084
236,1963
5367,2569
5790,1211
4174,1013
3391,2590
1414,952
825,557
4092,193
4831,2976
5189,2455
719,1329
5051,2979
1083,34
3409,1331
936,775
5623,172
380,557
3169,1844
5841,1563
2305,1510
3563,980
3203,2660
2429,822
1252,1011
5079,1011
2898,2549
5692,1211
5206,1991
2905,1919
3096,1221
4137,959
1974,2349
3025,523
2144,774
3968,921
4778,2453
2479,1518
4898,828
2673,337
3358,211
3545,37
5384,950
5592,1919
2779,9
5841,2623
5636,3157
5016,2217
1231,965
391,1217
1819,1364
3412,1844
1905,384
1123,2829
2436,20
2909,2684
4184,1606
2289,2976
3413,2217
1730,1026
1398,324
1716,1128
264,2344
3151,2217
2509,2750
4431,2466
5396,2623
857,1626
5334,1479
3226,1573
1015,34
3505,759
5060,193
3136,2848
5483,821
1880,1724
2749,2173
1107,1020
2585,759
4263,1606
59,865
4751,606
4558,211
1731,1372
4202,1101
2806,2155
5845,1173
1264,2660
999,3143
1341,2126
1587,1364
3271,3157
2641,775
1531,1203
3840,1099
4831,1016
5407,2344
1078,2426
2994,1573
2271,949
3121,1119
2235,1026
1020,2155
3021,952
2298,557
2308,1016
3132,2217
56,193
4271,2490
1451,2378
4445,2377
4907,193
3142,949
1008,2037
1746,1020
3191,2797
3317,950
3072,1119
3378,2623
2783,1016
4524,1623
3383,523
4176,2374
279,881
1712,1372
4066,516
4262,1623
1927,1031
5676,1606
1656,1211
3349,875
3798,2162
3817,980
2175,1776
2232,95
4073,2626
2364,2466
3436,1517
5434,1026
3016,2126
4833,1331
2386,1730
2465,2777
3010,2577
3650,988
608,9
4677,2777
277,138
84,9
2753,211
1605,1101
3317,24
3926,334
4747,1035
5825,1298
3148,1006
1372,1573
893,1575
1385,2037
1003,952
316,2466
1383,1173
1567,1748
4485,971
4755,337
2807,1844
3053,1119
1432,1560
2368,1016
3046,2126
5186,789
4959,1564
3412,5
628,1011
3935,1241
1075,2225
5433,666
1360,2623
1873,1976
4832,971
1482,2091
162,952
2232,337
2263,1902
1817,95
3187,789
5814,1260
2956,139
3727,16
3104,37
5012,1575
5290,1260
3752,1241
4550,1221
2408,2256
343,1000
2437,971
723,2453
5646,666
3596,2162
1000,775
3307,2059
4506,397
3367,2827
5767,138
2021,2490
3456,1364
4631,1331
1597,2162
2416,3019
5083,2623
2304,2549
2784,3186
5181,980
1786,2623
581,10
533,1016
1128,2623
5323,1329
5841,1026
2764,1487
2735,557
1601,2577
5797,2151
819,821
2643,968
5389,865
2517,2549
4714,1221
5910,2028
2339,3186
4514,638
3719,138
5001,2217
1833,1099
5482,2490
2844,2126
5864,865
2978,2126
4325,1116
4416,2466
1439,2865
4194,138
4278,775
4722,523
3266,314
845,2126
1535,2344
640,2660
2796,1331
906,2816
4017,1939
4476,2453
4784,2569
928,848
2093,127
4121,10
3591,1013
4207,1016
3935,557
4673,523
4752,2802
5521,95
1123,2521
1309,1479
4695,16
2496,517
1195,1606
5548,1918
4333,832
5164,2975
1186,2577
1730,489
3080,1211
1395,2162
2357,2802
5497,2626
5233,2028
1974,2512
2000,1518
3793,100
2141,1228
1764,1241
2345,2684
2032,9
2469,10
5830,3186
1742,2162
2845,2512
3039,1560
883,2660
2330,871
2841,821
4129,2880
616,101
1058,3186
5194,760
906,2829
1849,9
2432,64
54,334
3039,2728
3662,1724
530,2249
2727,921
4499,2827
2782,1116
3650,1835
2081,2466
4791,2706
1427,959
4510,478
2330,1221
4419,848
5570,229
62,1097
1122,848
4711,10
4852,1181
5540,1518
2355,2217
297,1903
4005,1016
2613,2512
5212,935
2991,1640
4954,1128
1843,1776
2863,2623
2839,2037
2975,878
3544,1035
509,1035
4633,1487
333,1038
4015,2377
4056,2378
904,1793
4405,1071
5484,310
3474,1730
1039,3186
3126,0
2904,1119
1670,20
3165,1389
5916,2155
2781,2217
3937,1905
1196,100
1972,321
5566,1813
2367,2577
3618,1105
268,10
1443,1963
2114,2131
2986,865
1976,2426
4177,1099
1382,1724
4897,900
4109,2133
480,1623
2524,16
244,821
1732,1019
2267,2346
2775,1355
1388,980
1567,1211
1377,2777
85,10
1322,2841
3304,2342
998,1963
2978,2623
199,2512
254,2219
3936,2326
1649,203
2196,2816
3194,935
3639,1285
277,1119
572,1976
2255,952
3738,1035
2511,2827
4056,1573
4733,3020
4530,971
3208,954
3977,2219
484,2802
4579,2553
5575,828
3892,1623
363,2512
5941,2346
349,2577
1961,1084
4910,1606
2680,2003
4886,1020
2114,1097
5584,774
4020,2037
613,2623
5709,2225
403,598
5661,1016
5688,1119
5605,1084
2229,1020
4939,1031
4020,990
718,875
3858,928
5200,1035
1308,1872
3643,774
1010,229
2075,324
2032,1674
3575,2037
404,1173
3952,2512
886,193
1727,1038
3716,1518
5383,2176
4299,1573
5901,1119
4471,633
2652,2816
5737,193
651,821
3820,1575
2299,3186
3240,1000
1139,2036
3240,771
4412,1221
4587,1976
4172,980
1586,1035
4437,2217
1720,1035
1851,1518
1923,1623
1069,1748
4992,978
2318,203
2075,2660
4045,875
2512,3186
2668,959
4287,2623
5163,2028
5577,3065
1506,1456
3648,2407
3295,828
5160,1730
2049,2378
2555,789
5851,2816
2747,959
3273,2466
4476,2037
1205,1235
3247,1016
3581,138
5797,1038
3632,598
4716,935
5898,1844
473,1020
4788,57
834,16
68,3186
2471,1963
2003,397
3068,1724
4322,523
1190,294
691,1364
1811,1395
2475,2378
1200,1241
5107,978
3906,1776
2154,980
1118,2111
3453,1013
182,2426
5292,2155
1032,2862
4402,2623
472,953
2808,1211
829,961
5395,2549
2236,2217
1391,2162
4175,1119
3793,34
1630,2407
703,1724
3924,2705
2888,1096
3670,314
821,1487
2772,921
2844,1026
3818,966
559,1487
1359,2065
4134,714
87,2660
3156,1032
1752,10
4262,1128
5886,921
1228,10
457,2378
930,2827
272,2827
5169,1051
62,1031
273,985
3807,2426
1,2512
1938,2802
3442,1510
732,1270
4713,1939
2132,1355
3066,2162
545,2841
283,2841
5686,230
3578,324
1095,2490
5861,2217
1499,1119
3144,1035
5866,1329
372,1903
2724,2398
1182,954
5323,821
906,1019
82,2558
242,1793
2737,2862
2797,927
431,2217
2631,1389
269,2155
3357,1035
1576,1487
1736,1476
2438,2980
3408,34
657,988
3917,2126
2403,478
1233,2841
2728,9
3860,1097
95,1221
2536,1007
3377,1623
5383,1518
457,1573
775,2377
1575,1006
348,2569
5721,988
1098,1606
518,1031
1896,832
2715,1918
232,2623
1001,1902
4096,1724
3466,1557
5312,2217
830,1037
4820,1260
814,1029
3634,875
4424,1031
3114,1105
4480,1606
1443,3186
3561,1565
4932,949
3485,523
1537,2821
2955,294
4966,2482
3522,1573
3919,980
2482,1013
4297,1606
3717,1031
2268,2747
3407,2037
4694,1013
5594,775
267,523
934,986
1956,2660
1455,2378
2580,2753
4239,1372
4400,1963
4302,2623
5735,1128
1607,3186
5153,2466
695,1872
1287,1518
3176,828
5235,24
5939,2126
1207,34
1804,24
1745,2827
3734,2553
2903,935
4474,865
1225,2037
3620,990
1796,2829
4102,993
1648,2665
4119,2623
2914,10
4812,3075
5113,2249
329,704
3765,1573
5609,881
153,478
807,1002
2579,959
3241,1573
4222,1031
5531,961
3399,2684
3764,1119
4034,980
4367,3075
420,1007
2935,1237
5707,2126
1464,225
3160,1355
2327,2549
2683,2184
785,1105
3980,865
2896,1016
353,953
1839,516
571,2344
5048,211
1959,1372
89,2829
3068,2705
2956,20
227,1487
3160,1476
2451,1016
4846,1918
4238,1510
855,9
1889,0
366,1013
2386,1035
3716,2862
975,828
3105,493
4935,2377
1485,1573
5554,2126
444,1606
3288,2829
1371,10
1799,1211
3485,1128
321,489
3941,2162
1885,2217
188,1128
463,1067
3980,878
4109,1517
4253,478
4927,2378
1188,10
5837,384
90,1724
1167,1119
5322,921
1841,2790
3610,1015
950,138
2557,516
5125,2623
5153,1674
4124,1007
1436,2512
75,2126
1444,875
1174,1051
2409,1032
3911,1128
26,921
1686,2623
609,1013
1091,1016
4442,2979
2847,211
5500,1903
2926,2490
1515,2512
1382,2626
1618,3162
3118,2660
3562,193
4878,1331
272,1364
3713,2577
2080,978
2512,1389
3990,1128
2381,1872
1880,2344
5185,1976
770,557
5558,1026
320,1260
3916,1364
3083,1097
1498,478
4872,2684
1350,314
4070,1013
491,324
2848,3186
4297,9
4942,3157
2218,2790
2211,1811
1497,1007
783,203
3825,953
5200,1237
795,1260
5096,1116
3733,1364
2933,520
462,2777
2537,520
4810,759
3891,489
200,2777
1189,2059
3061,3186
2691,2155
5327,2217
2610,1035
4325,2407
414,1016
4643,2753
350,1260
3258,990
3113,2558
5484,1117
4940,2976
536,861
94,2502
1900,1518
4674,1019
4278,3005
2538,2034
1375,384
2770,2569
5065,2567
327,229
1080,961
284,1027
4499,2829
4248,1032
994,2880
3618,865
4079,28
4549,960
5251,478
2260,1945
2962,2217
2196,2455
2447,2037
4321,1776
5885,1518
5391,0
5499,1748
2080,294
4286,1260
5067,1071
2047,1837
44,2213
4294,2841
2131,1013
5171,1128
2265,1013
5092,606
411,2155
3238,1748
958,2553
2603,1237
1954,828
3902,516
5613,988
373,2802
5385,2521
1663,1029
23,1228
5494,478
4924,2577
1863,1585
2460,1575
903,523
1054,921
3762,2549
2862,2521
302,828
4255,9
4875,1372
2380,828
4582,1793
2925,2577
4986,193
4590,193
523,9
127,9
729,2558
2890,1573
3282,865
5896,643
1663,921
2812,1653
5420,2111
570,1518
2777,878
5355,1487
5310,24
3723,1510
4523,139
5700,704
2140,1260
689,2378
3609,2162
5919,253
1564,1329
3183,1007
2861,2979
4800,1844
3200,193
4380,2490
1006,1038
5096,2660
987,759
1188,520
267,1867
5182,1128
1340,1557
4296,1035
3007,0
2785,1119
567,2802
4934,1026
2100,1016
5658,828
584,756
5078,24
4135,1575
2156,1325
1034,1221
5060,384
3191,2975
5786,1013
15,1013
3229,1015
3659,828
5579,949
5684,1002
4176,337
3861,1228
872,1573
3386,706
4702,1844
2625,1251
259,821
5760,960
1300,2508
2303,3186
4617,1211
2554,324
2101,1776
5360,1026
1201,1748
2022,1217
5695,1016
657,2816
313,828
5101,1031
4182,2976
1102,988
3440,1585
2951,1128
2717,961
819,2622
2144,1099
3897,1006
862,1006
2897,1831
1417,1228
5629,140
2719,1007
5448,1260
5388,980
396,3162
983,478
1936,1564
3699,2455
3472,1015
1087,2521
944,523
4027,1237
1171,714
1613,1813
2131,1510
155,1006
3352,1364
2314,2126
2588,968
4322,633
3007,2349
2852,489
5593,2028
1572,994
5631,334
4562,1517
3194,1421
2998,314
4565,3020
809,1237
5138,172
387,1019
3766,1354
32,2777
4567,2800
5477,1035
5040,3020
1122,2865
5692,960
3897,1019
2873,1487
5280,1918
4325,5
1062,1013
3751,901
1910,2342
2340,2155
3434,965
4277,193
5474,1905
4433,706
1898,2453
2115,2976
315,3186
411,679
53,971
3408,949
2527,3186
4990,516
2529,980
528,3186
4740,1573
5751,2829
990,1002
326,1776
5455,1518
2917,2553
4565,0
3051,2553
2423,998
5651,935
3336,965
4804,16
700,2660
2517,633
4172,1237
598,397
4393,2862
1449,2455
1062,1026
1934,1221
1468,253
1743,2407
2483,2217
1497,954
5244,1456
5096,1292
2083,2512
1245,2167
911,2816
5591,517
4558,1128
4608,2706
502,1039
2021,2802
1603,828
2723,859
3970,2126
1596,1606
5212,871
1124,2816
3982,968
3123,978
745,1211
2309,990
2111,2466
574,1329
4182,1487
1417,557
1627,138
5302,2750
4911,2865
5119,1811
4885,1644
1229,1031
2326,1573
822,384
4242,2706
2893,2623
3947,314
3369,337
521,2378
2857,2377
4967,666
5099,1051
3327,865
3547,1097
314,2802
639,384
5219,1116
2633,3157
4567,961
1411,900
327,2512
2534,2626
705,1906
1978,193
5832,821
5914,1119
1564,324
5093,1421
5411,2979
2221,1119
3437,858
3222,2919
2014,789
2253,1071
2788,2398
3669,1918
3273,1918
4030,1372
1922,3186
1471,1035
662,2623
2119,24
424,1748
4452,314
3301,704
5866,2512
3612,337
1299,965
3537,2378
2467,478
1617,2028
1899,960
2336,961
2570,1128
3105,2455
4447,384
1143,2374
1506,211
2416,661
102,2407
957,935
3123,294
3266,1097
160,2577
1607,34
5029,968
3616,2378
692,2623
5057,20
5890,775
2918,2750
4031,1573
5249,2176
3934,1906
1962,2827
3428,1051
570,2862
1397,1099
4308,1329
3021,138
5400,1298
4378,1573
5823,1364
4154,633
365,2349
3245,1051
917,2862
4002,2979
2116,3186
5471,949
1548,450
3162,1016
3363,1006
4373,2626
4815,1776
5865,314
1833,848
1389,871
948,1623
2906,2753
1409,520
2937,1837
3114,1241
4583,1389
1880,2091
3466,875
3516,2453
2396,961
4628,2623
4221,1976
3240,828
251,1173
1519,1331
3561,3098
337,193
2675,3005
853,1241
493,935
1572,3143
4117,1101
5249,203
97,2426
1635,230
3192,1016
1695,1035
5294,848
179,775
4716,871
3057,828
4208,172
271,1007
789,704
3115,15
1372,759
1764,2037
3276,2821
4998,971
455,2521
4211,2577
3545,2753
3815,2577
5298,2660
5637,2126
2077,1221
567,2173
3747,901
1706,2217
3376,2126
4111,2346
1325,310
3505,321
4038,821
261,1837
2675,1032
3642,821
2604,2549
3406,1776
5763,666
1785,2217
706,9
2413,1557
3058,2490
4555,2508
5668,1331
4446,1518
1385,2512
3926,1748
557,1606
5197,3143
4791,2455
880,310
2678,2205
1494,2684
5486,1031
919,9
2930,2426
2930,211
5552,2553
5290,2553
2907,493
1441,1811
2471,865
2259,1211
2233,1976
1837,1976
1274,2802
3621,775
2862,1918
665,1031
1931,2577
4209,945
2275,172
5193,1573
4009,2577
5516,1031
1361,1000
910,310
4112,1241
4993,2976
416,1724
3105,858
4528,661
4500,828
3436,2126
1285,2816
5413,2515
2761,2482
4306,1228
718,2705
1577,2466
539,1013
3089,1035
5432,1976
1177,775
1540,598
1158,2482
2419,1698
2562,57
110,1573
3315,789
4024,1020
3542,980
1042,321
4519,1228
197,229
1976,1128
4273,1724
28,1211
4202,1026
4188,1128
3792,1128
5394,2623
5344,2802
5554,397
1758,3157
3040,1035
5645,1976
4803,2155
5419,172
5481,821
1761,193
4194,384
324,980
1719,950
5869,2623
5060,10
808,2490
1116,2377
5011,1811
5358,1101
3572,980
2579,2976
3840,1963
662,1389
4884,952
4615,2225
1494,953
2017,2980
3631,1560
3369,1331
4857,2512
2605,935
5941,1866
4425,1606
5949,229
384,2549
413,1035
2829,828
427,704
3596,1724
3310,1101
4320,1260
1615,1364
5679,1573
94,760
3602,980
1312,1097
916,1097
1339,3186
4479,1024
2077,900
4071,1724
1151,1903
1251,858
3326,2802
2990,2853
3071,2512
2644,230
423,935
3785,1101
4886,1119
5194,1006
393,2490
4177,2379
4613,960
5012,2426
2579,774
1775,2706
4979,34
4037,2490
2247,1698
2973,1573
435,2342
1345,2829
2503,900
4774,2490
546,2853
3566,397
5546,2747
4498,606
4963,211
3221,2577
5289,1364
4439,965
1142,3143
1992,1364
3427,2453
1221,1221
3334,10
2463,949
5078,2349
5369,2821
3357,2623
408,1872
4021,2374
5344,24
4022,1027
3661,1573
3382,172
5510,959
5169,666
2676,949
5186,2821
406,2176
2868,1119
225,1872
4776,1674
5930,1518
1386,1675
2728,321
5472,1606
1007,861
4811,2126
5492,1292
4623,2829
4754,1097
1404,2217
1989,921
2663,2821
5834,9
256,138
3048,3157
887,1173
5524,1015
2198,2492
4250,517
1529,384
1338,2802
680,2802
1217,2512
2798,952
2261,1730
664,1811
5175,1211
2212,2777
1054,10
1969,2790
3216,2862
3335,2059
5035,2665
945,1006
3906,828
5031,1203
3460,1007
1144,2155
1020,2577
1877,986
5411,1195
1486,1101
5388,1211
529,310
2447,321
4997,1097
5597,2553
2313,1260
4536,1116
3851,1013
136,729
2629,3186
3663,1228
2147,968
4052,774
5356,2841
3594,1128
5623,970
2312,1035
4332,828
452,965
4371,2217
1336,2217
1847,935
4109,756
5759,1016
5814,1211
1228,1866
4246,2976
1937,865
3714,900
109,1013
5778,211
3061,1015
4723,1329
664,1006
3625,828
588,193
1985,2976
5512,1260
667,1011
856,3162
675,2821
744,2426
3521,478
2423,2155
4870,1527
2342,1035
4262,1119
4439,523
437,2949
4122,2802
889,2521
2300,1038
600,203
5748,978
5687,968
3836,489
2941,3020
3686,959
4209,1000
1363,1128
4023,1776
4078,2466
4577,1167
1275,1015
5556,2205
404,493
1765,2865
810,952
1283,1364
587,2829
3321,1211
1636,2162
1120,848
4860,2623
5089,2217
61,2490
1224,3157
5412,921
3942,1006
2841,988
3880,128
5019,172
662,384
4798,2684
2871,2853
1983,2162
1298,2059
3946,1421
3989,34
4472,3157
2058,1518
4971,2346
5007,54
5924,1217
1390,2816
2940,1906
1882,1292
3434,980
3969,321
641,3186
875,384
1107,1939
2573,2378
3764,2841
3079,523
1210,1128
1513,900
117,3186
2366,2802
2399,2979
3684,337
3708,960
523,1918
679,2660
2718,517
4285,1237
548,3143
1604,1698
2967,1221
568,2829
4990,760
1819,1128
1189,961
330,3186
1175,1026
2183,2802
1328,2059
3790,2426
3869,2490
4528,2126
61,517
1742,127
4581,1006
2079,1698
2454,821
4734,16
4472,16
3658,1260
1822,1776
459,2549
4853,2862
4034,1776
92,1035
3695,95
5212,994
675,861
5150,2065
4613,2880
5050,666
2422,990
5390,1525
5704,2853
3705,1456
4429,1487
5248,2344
2481,2802
4914,1007
406,821
5745,935
5521,1456
421,2378
5245,1521
2573,1573
2610,2623
5418,954
2536,193
4993,24
4800,2827
2274,193
4509,2126
1293,1260
23,9
2946,1525
5532,9
745,2623
537,230
277,828
2873,0
4588,1372
4344,517
2205,1298
3743,1051
3841,2377
3644,520
5793,952
2116,960
94,828
2100,952
2755,2344
1017,1217
344,2171
3324,57
4148,1221
376,3143
1537,960
3760,2802
5207,1013
3228,1517
2173,1844
4909,1844
590,2577
2073,2660
2653,1020
4432,1919
4227,1221
4046,2378
5837,2577
3965,1221
3079,1128
904,0
2342,606
5688,10
2579,24
1491,2426
390,3162
2847,1007
3172,2753
5464,1019
1570,1029
474,1355
307,949
169,2705
4300,2150
3326,2173
5126,1963
5415,1837
4900,2374
633,1119
4303,2155
2966,1372
3165,2750
1706,1038
1214,1101
1083,1813
1277,2847
3161,1813
5709,1237
1662,968
2751,666
3066,1724
3243,1128
5476,2426
1961,1035
1565,1035
2152,337
1928,858
54,1119
5247,2374
3741,2802
188,1119
1506,1623
5747,2660
2130,1487
5896,16
4139,633
3767,990
1134,704
3699,2512
4704,1573
371,3162
3267,1606
4063,988
4030,2797
5288,1035
76,2490
1098,0
740,1487
3670,10
3823,1006
5755,952
4308,2512
5853,2217
2578,980
5415,1032
927,2747
4194,2346
1733,2847
5575,203
3725,821
2068,2800
5347,982
1840,2155
2879,2490
503,1372
899,2126
1580,2753
964,2521
2595,1270
3049,952
3390,1016
3965,1476
2715,1372
561,1084
4064,960
779,489
890,1525
1812,1046
2600,2553
1681,2512
5186,1037
115,2660
3823,1019
708,959
3922,961
2485,1031
2755,2841
2810,2777
3151,2841
1879,1221
597,1128
3567,2490
4028,1653
4052,24
5024,1389
5283,337
5097,1867
241,3186
2073,3157
5,2155
1839,775
223,1560
2494,935
5596,2490
5935,1919
5489,1573
2454,1573
2139,478
2180,516
1497,1011
127,3020
3405,334
2768,1211
5163,2342
5247,2979
1152,1013
5725,1557
4851,2750
2179,2802
995,1029
1535,2471
1311,1006
652,138
934,1019
4055,2816
120,1031
32,2150
5906,2800
3436,34
3262,2133
3501,2378
5564,821
729,1260
2286,1292
4320,1020
2563,1866
999,2841
80,2800
4063,1364
2778,1525
4760,1292
97,0
3230,1097
5677,2684
5691,633
5941,1976
194,1101
4862,2471
4726,661
3504,848
1267,2777
5158,520
227,2217
3470,971
4222,2821
1159,2426
3019,1035
4970,2684
5512,523
436,1573
4004,1844
1562,2816
3508,2660
5287,1573
5690,2515
2883,2342
3490,3020
226,1211
1317,2490
3232,1035
1487,952
2244,2126
2734,2219
1953,193
5117,1835
1247,2660
4403,1031
5411,821
3194,3143
5605,606
1630,1903
3500,3186
2991,828
5393,952
666,2385
5076,1016
3780,988
3897,1573
1722,2660
2307,1364
3169,871
4081,1919
4196,2660
4418,1016
4294,980
5638,2217
2605,2455
1184,1035
5202,2300
2942,828
5538,0
397,921
1615,1487
3762,2553
5152,193
4925,968
2862,310
4608,1032
3338,2225
1287,2853
5881,2059
3224,3143
901,1097
1703,324
3499,2853
2730,127
5390,775
3294,2155
2208,954
1004,57
3743,998
694,1292
3082,1518
4646,1260
2531,2398
480,3026
3269,1573
2266,666
3470,1105
5698,2059
1971,489
3134,1119
42,2800
2783,138
1155,1623
52,1007
5735,2126
4661,1016
2264,1007
3499,988
808,2976
3714,2862
235,1128
3979,2150
4311,2623
1482,3186
5007,2821
4267,2028
5289,1487
5814,2126
638,1518
1404,1051
3640,1866
2124,1606
417,2044
1019,2378
2771,959
584,760
2843,310
587,2455
3206,1116
3665,2862
4739,2777
4758,2790
5028,2880
3319,10
5210,2133
4860,34
992,1228
1484,1919
1713,759
3896,516
1628,2378
5439,384
924,10
1151,1221
344,1421
934,2455
3,1128
3377,1119
3532,10
4330,2205
5512,1128
5710,1372
4691,1918
5028,557
5876,2344
2980,2880
0,2816
2550,1606
2223,1211
1684,2623
2730,2705
1264,2037
5379,2706
809,2167
4453,1228
315,2827
4420,1051
5079,1919
4019,478
3,1020
1123,1051
3621,1866
5149,968
5469,384
517,1241
2549,334
2239,1606
4082,9
5675,489
2727,2821
5671,1013
1483,3020
4499,2512
5769,1844
4972,517
5505,980
3691,1292
1322,1116
1946,1963
2631,1837
3359,324
246,1128
1681,2217
4663,930
815,3005
5842,1016
3146,2660
2967,968
126,1211
5895,384
4152,1128
1927,2623
2737,1674
3019,606
1405,1006
2167,1329
3459,1844
1819,57
1876,2577
5155,988
700,2880
4960,520
2773,321
2907,321
1200,1476
4445,828
2559,1035
5376,2155
5586,2379
1441,821
5778,2549
2917,450
3803,314
5370,3020
5217,2512
442,1016
5750,1026
1223,598
1359,193
3093,1844
4473,294
5564,1573
3227,1844
782,1084
2611,1575
1673,1292
4849,1039
5625,1260
2841,2037
4195,20
5735,2623
2854,286
5426,821
90,978
2311,2976
907,3186
1306,717
5224,1626
3663,1364
3355,1211
1476,1128
5879,1032
3143,1557
3683,1013
1283,1487
4588,1119
1634,24
1238,24
2735,2028
3886,1372
596,557
1506,1007
4242,253
3228,1372
2204,3035
3758,2126
2727,861
4582,321
4936,1573
3737,1020
5812,978
918,1776
2005,1105
3070,3186
1250,34
2755,2091
3151,2091
5580,2577
2560,1623
5872,211
3528,1260
3719,2777
4824,1776
166,865
3296,230
1537,478
2540,1119
5694,878
4300,1776
3534,516
5538,2028
289,935
335,1051
3648,1032
3681,980
5286,760
1624,2059
4831,1119
182,1748
4569,1119
393,2426
5894,1582
3003,1038
926,2660
1936,2065
5656,478
5671,1510
4090,2841
3498,980
5910,760
2756,2558
3250,878
3675,384
1665,1013
839,3186
443,3186
2362,2173
3170,2841
4014,2028
4364,2821
2408,828
2485,523
4782,1119
5171,2126
5417,1364
5718,2753
2691,2577
5874,822
2656,1573
3012,3157
3089,2623
47,1644
3421,881
2970,945
3627,986
419,2455
4216,2549
3858,2841
5052,2821
4954,34
1466,961
2908,1006
485,2028
5946,294
3556,1456
3198,1748
2582,1479
2933,16
2993,821
1508,2126
5376,666
2521,1011
2839,2569
3212,865
4458,1035
4062,1035
2546,775
1604,1016
73,1939
4448,24
4417,2660
4400,3016
4844,24
3553,2326
1167,520
4319,1105
2674,960
289,2466
1397,1211
4494,2126
2346,2821
3444,878
3050,1476
2764,1119
2363,775
797,2155
2569,2829
2340,2777
884,2797
932,1525
1467,2623
3521,2495
5560,1776
658,2979
314,954
2998,10
1038,2217
1867,1776
4488,1035
341,828
1480,1101
3830,1035
4995,314
3262,1517
3303,1518
2947,193
4858,1211
3965,2162
1248,980
4586,523
1334,0
79,10
3386,994
2422,1476
5476,1260
5837,2471
603,949
947,759
3218,2349
3765,2976
2495,3186
4809,1211
839,2623
266,775
4736,2426
1969,861
2984,1364
921,706
4047,861
4185,337
4357,821
5045,1195
1982,1096
2536,450
4626,1211
3986,2342
5543,2374
1169,1976
1896,2490
93,968
2761,16
5309,1389
1064,2862
398,557
2399,337
2896,1372
4367,2155
984,2344
4544,3020
2302,633
4420,998
3245,1526
2436,633
2902,2126
5603,1085
978,314
4873,980
119,324
1915,2853
3973,952
857,24
110,2490
1639,1228
641,2880
4225,1698
4817,1573
3703,310
943,478
4442,878
4201,523
2799,1331
4021,821
2092,2378
4045,949
5910,1097
3002,384
2391,230
3734,10
5632,3075
5792,2310
1924,1518
3273,1372
3529,1298
4620,2577
1956,2453
2028,1575
3972,821
1873,2455
452,1035
2124,2037
4390,314
4951,2862
4849,865
5013,1525
883,1487
2168,1097
3921,775
5884,34
989,193
4158,193
4507,2821
324,3186
527,3020
355,321
2210,10
5833,3186
1562,2455
1686,2750
5251,1518
5147,643
5918,557
4209,2346
317,968
1786,1116
5454,1096
2541,2217
1918,1006
1510,952
5163,2344
1183,557
3129,172
3657,557
2017,756
3932,2482
57,2963
2767,988
2013,1051
2522,3143
3976,310
1314,1013
2380,1976
1396,557
4161,1487
5250,1939
3543,2377
38,1674
4613,2816
5389,2512
4456,2344
1278,2753
2474,2577
4632,2829
2088,1575
4879,2706
4402,832
2191,10
1062,2374
5921,1097
647,1903
306,1573
944,2126
3418,1564
104,2378
2224,1355
4378,1606
4646,1128
1060,729
3166,2777
5439,10
5838,2496
444,2217
2961,1096
4458,848
1636,138
624,1101
2033,1006
4810,1007
4063,1487
1451,321
4176,1364
1984,821
5062,1228
1870,2705
1409,95
5731,828
732,1573
336,1573
1451,1260
1809,968
2304,3162
1664,321
5086,2753
5590,2515
3305,2976
2233,478
2059,2577
5824,2453
903,2623
1290,1837
5667,520
1888,2466
2540,2126
134,1331
4554,384
3511,2034
5293,952
1926,1674
735,1211
1592,337
1831,848
4494,1013
5590,2407
1961,2126
4912,1260
4934,1019
818,2377
3595,2378
5672,2705
842,519
269,1640
577,1527
5231,1013
260,1820
721,0
3343,2342
3687,920
1698,211
3854,1097
194,1237
1882,557
3991,1331
1620,557
4949,775
3306,1228
398,478
3808,2378
26,2821
3393,1116
2579,1128
750,2623
2140,1724
4029,3020
3984,1557
3590,2155
2222,2059
1253,2426
5520,1237
4006,821
1170,2162
984,2975
2049,1084
3238,949
3408,1626
4022,1031
2792,1128
3103,2976
395,1119
3965,2217
4806,2833
4589,95
4625,2492
1942,2126
2367,2827
1866,1084
5369,960
1635,397
5876,10
738,2626
3293,1006
1624,2490
1197,2157
2867,1837
938,2162
3529,2976
4248,1872
3716,2802
4879,1217
4715,557
5341,1019
872,2976
3979,2623
5581,1903
3960,2344
634,1872
2886,2466
1114,294
5140,2426
3994,945
1592,821
749,1364
4725,1918
4847,861
3532,2577
2322,1606
1947,2217
3729,2862
3886,1119
5186,34
1430,1698
1285,2512
1777,988
4072,986
256,384
794,1228
4378,9
2160,2217
3187,34
5057,2549
3092,2426
5167,2155
5365,450
4069,193
1419,2219
2558,2492
3905,1748
1613,1001
4443,2326
4925,1575
5417,2037
207,384
3889,2706
2970,450
1091,138
2118,1173
5221,1573
1895,1101
2771,2492
1031,2753
3987,16
2765,203
1769,2453
4828,861
1041,960
5623,1095
4217,478
3133,858
5533,384
3384,2426
1515,2802
3153,1776
5818,516
3464,1372
1270,2217
5279,2490
3441,193
707,2777
4449,949
5256,520
3568,3186
5495,1031
5486,1211
2826,2549
5276,2155
5410,2155
5014,2155
5034,821
1264,1355
5445,2378
2198,2162
2742,865
4832,1626
2643,2549
5031,523
2686,704
2001,2816
3859,2059
1070,1260
3709,1031
5579,1560
1849,998
3454,24
3366,2126
4648,2219
5247,821
5393,875
420,2841
1344,1011
4300,489
4463,2173
3410,1903
1395,10
5529,921
2327,1939
2886,1674
4388,2753
3340,1844
2734,2034
4854,1011
4308,20
4838,774
5863,1211
3793,1560
4777,2750
1976,2126
5114,1581
3887,1195
688,1730
2443,57
3191,2660
6,878
1028,337
145,1976
1024,861
1793,2126
4974,2217
1366,598
1316,1006
215,988
1510,1020
1484,324
4653,324
107,2623
2894,1097
2519,954
4100,148
2553,2753
660,557
2088,704
2594,310
5045,821
5494,2862
3715,980
5895,991
3355,2623
2964,523
4160,1101
4576,1016
333,1101
5694,2398
4579,2482
3502,1626
3772,1221
5454,2453
1598,961
5696,229
419,1518
481,2167
2079,1005
1382,848
3476,1573
5427,1007
5205,2880
1645,1487
4909,1835
1803,2827
3255,1116
3580,2862
5433,2515
5777,2059
3170,520
2695,2176
4755,321
1713,2789
2953,1919
1074,2802
3598,2623
5903,828
1409,1331
3890,1748
2472,828
5686,2816
2769,2512
1360,2378
1692,865
3378,1573
1301,980
131,1128
3505,1119
2056,95
578,2342
1404,2155
2209,1128
3692,1211
266,2750
2100,138
2535,1527
3707,1748
5052,2126
582,1000
1416,2660
1311,2378
5227,666
5442,2577
170,9
1827,1211
4117,865
162,828
4740,1487
4869,2126
4537,633
2897,832
3114,1355
1364,3143
1978,2777
4165,2976
1216,10
5178,666
5892,9
1525,1748
4071,1099
3147,714
5805,2750
2524,1260
3702,478
3409,1128
1033,10
2918,2059
1173,1976
3114,1476
5868,968
2363,1019
966,2171
899,949
2800,1020
3920,1051
1817,1260
2791,3186
3758,760
5349,1837
681,2453
5287,959
273,901
968,2217
4318,1097
6,557
3977,2753
3572,489
5834,310
4447,2150
4232,2979
1264,0
5063,921
1584,1173
4846,2155
3194,314
1067,2344
4049,828
4529,2219
4544,1036
4909,225
3224,193
2527,1019
1622,2862
4979,2684
992,2466
2251,1084
5102,3020
1791,1099
2555,34
946,1007
3525,2750
528,1019
2665,1626
2563,1844
2341,2963
3279,1031
3701,1020
1207,1573
4055,1518
4829,875
5379,3005
4555,1575
5348,1211
809,2466
4434,1285
1435,3157
838,952
5781,2490
115,557
361,1027
4332,1237
2052,1813
2222,2490
457,1260
4734,759
2177,2976
12,321
4986,980
2966,921
3291,489
3795,2466
2243,2549
1372,1007
1745,57
3493,1606
2569,1221
4900,2862
2811,1020
3628,1013
4519,1221
3237,1128
1776,2753
1229,2126
2318,858
1965,1228
1562,1518
4654,2577
2424,759
2837,3143
5015,1573
4215,1483
1367,1013
3208,2790
4724,606
4851,2862
5314,2623
5286,2790
3746,2173
1819,2342
5585,871
2863,1331
1006,1007
4454,193
5321,2747
1584,489
3287,2827
3609,2841
4326,3162
331,1097
4615,821
5016,1919
236,2028
12,2549
2624,2217
5576,2219
2405,638
1665,828
4874,523
2224,2512
4982,1517
1288,2827
527,3143
16,978
4656,2515
1621,1724
2259,520
5831,1037
3814,1674
822,324
2162,2802
457,1623
2698,2553
57,1918
2433,821
3899,1260
1046,3186
4769,2577
5304,1918
3072,1976
1124,2059
2392,2217
4412,24
4515,2660
5100,1364
561,633
5800,1038
423,3143
786,980
2608,2515
2401,990
804,3020
2094,1476
845,1331
2209,2217
3394,2377
43,828
177,1811
1125,2553
2572,2979
3143,1748
89,1698
3957,2490
2441,15
4697,314
987,633
5146,2126
56,1292
5004,959
174,759
4434,2829
2,9
1674,1011
53,469
2042,949
3611,1035
5927,1119
488,397
3153,1389
4008,1903
4624,1906
3600,2374
157,2512
1623,965
649,759
1507,1019
3720,978
5571,1228
3668,2508
1054,1976
2924,24
112,2217
4121,2490
494,821
5143,1195
4575,2660
5205,2827
5830,1573
5426,1483
718,980
2239,1355
1048,2841
1702,2133
2345,24
2653,2126
5010,1016
187,2512
4335,1372
4010,1575
4490,980
4130,2660
4025,2378
5818,960
833,2623
1752,449
2426,2349
260,775
925,2626
765,3162
3055,2816
3695,1456
5555,1260
5639,2651
1750,1019
1755,1097
1216,294
2907,1117
1004,2626
2900,138
4839,1026
5283,20
496,1173
4142,1623
4536,988
2660,193
4174,1575
3115,1002
3784,1097
396,3157
631,1748
748,1101
5547,968
1768,3143
4399,875
4674,2800
2776,489
2466,1724
759,2162
4758,1976
475,3157
3488,954
468,0
327,24
1182,2790
1717,1902
991,1007
3677,1119
1424,337
4096,2271
5140,1260
768,706
1635,520
4197,633
4878,1260
303,2821
5881,2426
1459,294
230,1525
1008,2344
5550,2821
25,598
3070,828
1633,2847
3887,821
2772,905
2761,1241
2656,959
4134,2684
4409,2623
4753,935
1260,1518
1728,1623
1773,871
802,2626
4873,1037
1442,1000
387,1364
19,968
3021,2777
5170,1260
2687,1211
2064,0
2735,959
1389,2571
3235,1016
5649,211
4780,1748
5215,1905
5268,2963
1149,2626
354,2126
4041,2577
2582,865
4607,1002
2587,980
3681,1776
1979,2558
1781,2802
2123,1748
4986,1035
1536,2217
3386,138
2331,2451
3969,193
433,2126
5447,1918
1169,1228
2112,1626
2726,1260
1790,1575
1807,990
114,1097
986,1292
1738,1119
3068,1963
4965,1097
2245,2155
763,954
4132,2816
3003,1016
5438,1051
5813,2426
2280,2378
5554,2660
2221,980
3363,2490
4348,1364
5063,881
4450,2344
4837,2753
4536,1364
3971,2346
4587,2349
4731,1051
533,384
1352,1241
2782,0
5290,520
5898,225
1575,2976
197,2155
3180,2490
3080,337
86,2553
542,1372
1029,965
5681,1573
5662,1331
3064,100
5457,633
173,980
3717,2880
4930,1116
4171,2821
4658,953
3737,314
4974,930
3661,1487
3790,1372
4719,1872
4860,1811
3549,34
4876,2344
2236,2577
4304,1364
1554,5
4720,1013
606,1020
3805,1128
5240,2217
116,2553
1620,1298
1797,2880
202,1573
2530,1748
5711,1573
112,633
5690,2453
1362,2171
2897,229
5882,2623
2239,0
3397,286
5404,1372
1332,1016
2815,1099
3314,517
3622,633
2493,1573
5266,1573
5834,633
56,2623
541,1389
4488,1013
5183,1575
1678,2821
348,1748
1650,1527
3197,871
5499,1811
1256,1371
4814,954
1273,557
2942,1813
3768,1626
4779,438
1401,3186
4756,949
4649,557
5110,952
5745,2217
4380,1372
5558,1573
3798,1919
3390,633
4971,1776
5840,2225
2581,760
4747,2297
1378,960
4447,1776
5705,2037
5579,878
482,1051
3080,821
1700,193
1115,1260
1297,3186
2524,1128
2653,1013
3828,980
1180,1389
2840,1105
2573,2976
2895,775
4403,1211
5660,1476
1940,848
4156,516
1131,450
3669,2155
4290,516
5606,193
5840,2346
1230,2378
411,1292
5428,1355
2893,1116
2697,9
3793,878
986,3186
5754,1525
1559,2553
1179,871
1344,450
1757,848
2096,314
4439,1026
4699,2377
4119,1573
5380,789
1286,2660
3012,20
3531,2800
4052,1748
258,3157
578,2344
478,945
5887,1007
472,871
3278,1573
1234,3143
3082,1698
2199,1314
4243,1730
2746,1483
1412,3186
2909,952
3425,2037
2052,1560
5219,1487
1124,2490
198,1241
881,517
540,2173
2016,1085
1660,1975
1171,2979
2107,1203
2955,775
3662,2623
458,828
2409,1016
167,127
2533,557
1509,988
3629,2217
1230,1573
2820,321
581,935
3449,2515
2778,324
4082,2162
3925,229
4226,1389
805,1811
3885,2816
2300,965
464,1518
946,2753
2546,203
2957,1006
3112,2829
3227,2816
4091,935
4934,2378
2236,980
4192,1512
4911,2660
5040,1084
1926,0
5758,1364
898,1221
4809,397
3625,2862
4401,1097
3692,2623
4635,1035
4826,337
5463,921
3984,1748
4887,990
1124,517
5917,310
1311,1575
5189,1557
643,1116
843,9
1280,10
3900,2508
5368,3020
894,2455
3726,2126
723,2802
4691,1051
1518,821
4183,1813
4966,2976
4100,2044
2684,968
1490,759
4487,2453
1839,2862
5724,1837
2255,2777
1901,64
56,1026
653,1016
5484,1101
4167,2219
4914,1510
5296,1575
4917,2976
3943,1013
5613,959
5329,3186
2022,704
3121,1844
2360,2426
2522,1027
2720,517
5810,978
2699,1626
4779,2453
18,2841
1654,1217
4975,1116
2425,865
4161,1128
2397,1032
117,1837
5334,2217
1127,10
1674,2623
201,1013
1698,994
2228,1748
1464,598
3064,34
3233,1038
660,1298
3671,2698
4514,2155
5196,2512
453,968
5539,865
1540,822
3207,1251
17,1606
5167,2225
1832,2162
5368,0
3489,1903
433,1026
1078,10
2568,1035
3733,314
372,1016
3216,24
3075,2034
5143,821
886,3186
3508,1364
540,2549
5421,1031
1455,1128
2637,2037
4994,2684
240,2028
2055,1389
429,732
4958,775
1931,828
391,211
174,1674
1747,1007
1423,2344
45,1560
4278,1016
4594,1518
2111,1698
5222,821
2109,871
3136,2660
2520,2391
1529,821
2241,2976
338,321
5156,2453
5703,865
5042,1119
2915,3186
5229,1211
5437,1389
5902,1748
4095,1016
4692,1006
3420,1372
5507,172
4901,2577
11,865
947,321
4572,1355
5052,760
286,2790
401,2777
599,1035
2920,2217
5332,2800
4597,1119
1587,2344
2143,310
2740,337
1031,2126
5584,1560
4764,478
1569,489
812,1035
3064,397
4308,2184
5027,1117
4285,2466
5794,1518
4548,1119
4419,968
635,3065
3379,2660
3895,968
2305,759
5385,2747
3537,1031
1288,1903
2855,2623
353,871
4673,1006
1323,2126
72,2807
640,1867
4962,2829
1887,1939
2867,2862
3607,1211
3068,2623
2884,2802
1387,2821
3063,64
3684,2626
1889,965
4628,2660
4457,2549
2777,875
587,930
2338,10
2718,2217
2362,138
2675,598
2456,2217
4872,24
732,759
66,935
432,2453
186,1000
2741,2349
2242,1241
3592,1963
3449,1389
5830,2622
1269,1903
1312,516
2893,3157
5830,2393
3452,2626
647,1331
2500,193
3854,2377
2550,310
4877,489
842,523
2915,2623
5074,774
5308,2927
2292,954
2674,1019
4155,2490
3732,172
4115,1105
2561,324
2982,2569
5945,774
582,828
530,638
1848,2374
4334,1674
4685,2426
5278,954
4316,2034
5164,1606
320,10
547,1221
602,3143
2235,2490
5700,2111
3405,127
834,2217
2090,3075
3757,1518
3829,1623
5880,2981
1052,1393
4978,2126
296,821
4377,2660
1476,2623
1500,994
5367,100
647,2512
2455,2126
3288,666
4067,633
2267,2829
5596,1128
5709,2466
458,775
5673,557
5683,1016
4415,821
1758,1905
4874,1372
1939,519
3286,1007
5619,1260
5548,2777
2370,3186
3729,759
4662,2684
2924,1557
2974,1903
4185,1564
4808,523
1530,994
4018,2619
960,878
5361,2133
1643,871
5490,557
2823,953
471,2407
2169,2378
2904,1844
2580,966
2485,2126
5663,2471
2151,789
957,314
3448,2173
2321,971
783,952
4582,1119
1333,2816
4923,3075
5441,557
2944,1364
5253,1260
4310,633
4136,2466
3549,949
177,95
3795,2173
4158,10
4800,2217
1902,2155
4538,2217
1664,1051
2670,980
4712,2747
22,1389
1560,2162
4676,875
4321,2862
763,2821
2485,3186
2270,1046
463,314
1934,1097
2693,1903
4262,1006
2297,1674
2400,2553
810,2344
3926,1811
5679,1260
486,3186
5649,2549
4429,1119
4986,2205
337,848
862,1487
5027,1748
2737,633
1148,1292
2700,980
2967,1095
4293,706
1039,2059
3687,1421
4401,10
1319,2342
3580,2490
4380,1119
4700,2521
4803,1976
5350,2374
4367,2577
1012,384
5217,2747
5222,2862
2419,1640
3513,450
4564,2862
560,489
1283,1372
1434,1016
3163,337
2595,1573
5051,2162
3456,2841
443,2829
1830,952
1716,1116
4364,478
2036,828
1829,2979
4491,24
14,2157
5656,1518
5115,871
5562,1331
4239,1237
710,2126
5600,1623
5724,1918
2778,2862
3691,2829
1439,20
1506,1013
4467,2821
1533,1116
1774,10
1115,1128
4205,2821
399,921
4990,2862
1875,2802
626,1903
1051,1372
5163,2753
3463,1918
3172,1217
4333,1020
4106,563
3574,968
4431,2346
733,1211
1965,2466
208,1097
523,2155
2811,1211
5889,1581
3215,1035
5825,2091
2315,1007
2571,704
5783,633
2314,1573
1072,384
2937,2747
2954,2162
669,2623
8,3143
1190,1837
2895,2750
3557,1674
2736,1939
4646,2126
3438,1228
5241,1518
2498,2821
772,1031
2527,1573
1116,2790
5211,2578
1205,95
3612,2549
5818,775
5823,1119
3641,1035
2020,1476
5775,1573
5856,478
2389,821
5042,490
350,520
1105,1096
2411,314
131,1119
2424,253
5602,598
108,2155
3279,2753
4328,100
3736,225
5389,2705
3627,1221
810,2841
344,1119
2503,253
4898,1421
2821,828
5302,1016
2748,1518
3397,1698
2803,959
3570,1626
1149,1260
3408,1564
5514,2821
1758,321
729,2623
333,2623
815,1872
1928,961
4031,523
4030,2779
2119,34
4127,2217
4540,666
5154,34
5601,1019
2366,2126
5055,1260
1543,1564
1720,968
3389,9
3478,990
3848,523
658,878
3791,1975
4183,2728
2311,1372
5642,10
1390,2490
4537,516
239,2880
82,3162
3802,821
1921,2126
5457,193
470,9
1583,1084
3579,520
1872,921
3978,0
4756,1085
3152,2927
4876,2133
5805,2862
1426,871
2723,2521
5796,598
1668,633
5639,2829
1065,865
2758,1724
4002,64
5719,314
5853,314
5891,2821
541,828
3977,1697
2143,633
422,1173
1769,2378
3536,5
5838,716
1106,2034
4580,980
4048,1119
4215,64
4471,1976
4118,397
3101,1016
2923,2407
22,384
1892,1667
192,832
1584,1285
2855,960
921,712
1074,954
3202,775
3252,138
1003,2471
5435,1844
5946,1831
5896,24
1930,875
2138,1844
3272,1019
2666,1963
811,1483
1358,1881
881,2976
5852,1903
248,848
1743,2217
4086,714
39,1906
3253,1945
1575,1623
475,1241
535,1292
344,1724
1292,2466
2830,1024
175,2706
1560,2217
166,900
2485,1026
5446,848
332,1606
3570,16
4093,57
4489,57
4031,1128
4160,1013
2300,980
1904,980
5671,966
1940,2623
2169,2217
3146,1674
2096,921
2696,2377
3097,1260
3816,193
5944,1963
3151,3186
5417,2217
1210,10
2447,2841
2700,1035
2667,858
5413,2512
5738,848
972,138
574,1260
1799,1573
3132,2126
1372,1011
5365,980
124,1963
4155,9
2154,0
2360,2549
581,1421
5096,2512
543,900
2389,1560
3636,2827
2626,978
1750,1573
3586,1020
5495,1211
3573,1724
3389,1903
1266,211
4208,774
173,1037
5581,2217
429,2949
1754,2217
1797,2816
3447,861
2330,1101
5673,988
5043,821
5394,1573
3620,789
1963,1573
3021,2150
5454,2378
4996,2466
151,2217
2489,865
5125,1119
2112,878
2652,2549
3638,1560
4302,557
5589,1748
4305,828
3503,1372
2844,2490
4864,2512
287,2492
3054,1051
3317,1919
4279,1364
3112,1221
4786,643
1030,321
3012,2037
295,2841
412,1211
2237,2455
1246,848
3056,1097
2581,2790
4067,138
2871,1051
3122,633
1678,1939
3144,2378
3063,1221
1060,2829
4056,1211
5224,990
1629,1525
4926,1067
2257,828
2293,2508
2969,3020
5204,523
2279,2344
5488,16
4018,138
773,557
3822,980
5343,1355
1533,16
110,2162
3663,1667
5764,1119
5127,10
4058,2425
386,1279
375,2847
2961,1331
4379,3005
3768,865
2340,489
2825,9
980,3186
2799,774
672,2841
1584,1903
2480,2455
3151,2623
1174,1776
2555,1811
4666,968
3733,1029
2680,1991
1169,2829
3658,2841
5076,314
3615,1976
4814,314
5000,1487
877,1903
975,2963
3189,821
2086,959
1979,79
1494,1084
2060,1724
4734,321
3443,2623
3493,0
2861,1221
2899,1476
3004,775
3183,1006
4110,871
2229,2176
3862,1560
5016,2407
3130,2577
967,520
1366,1020
4365,1097
110,1128
244,2111
4062,1096
4654,3186
3394,2623
2317,1013
2737,138
3948,1748
245,2750
2526,598
3937,1101
5673,1364
5831,489
2190,3123
3513,1002
3587,988
687,2802
3034,775
3402,3157
5582,953
5768,1372
2111,1029
3002,1237
2050,3005
3404,988
3342,2059
1974,1963
778,1119
5680,478
4040,2626
4152,881
2429,557
4595,633
5156,966
1257,861
747,759
2586,2426
4005,2790
328,775
4201,450
5600,1128
868,2217
2967,1071
2719,1006
5790,959
3601,1128
3649,2862
2028,2549
440,952
5679,1128
3110,2059
2248,337
5190,1903
5852,3005
905,5
4432,2453
4910,1031
2090,2151
5557,384
1250,3157
646,10
3578,1117
4290,828
2533,1674
2321,34
991,193
3226,2126
3186,1007
2410,557
4547,1918
2155,2482
1938,1730
713,2171
1122,878
4327,1097
3711,828
1514,1173
2804,1844
2914,1487
2668,34
1966,516
4617,1573
3375,384
3366,2816
5050,2623
2751,3186
4788,2623
2066,1097
5065,1211
810,10
2959,1903
4342,2802
5760,2490
385,1029
3151,1844
618,1237
5766,1029
2199,1626
5399,1730
3128,2880
5096,2217
519,2426
4332,1067
1663,828
3688,1002
4834,2217
2134,450
4806,2155
733,2126
838,193
1676,1292
5688,557
2197,2492
2369,2976
4057,310
5366,1031
4402,988
1582,2862
2647,971
5214,2623
2017,2790
2394,525
841,2827
550,2126
4509,821
3666,1364
918,832
679,321
782,3186
3404,1364
4180,1585
4877,988
594,1903
945,2426
4532,953
2223,1811
4864,2217
287,2426
5585,1748
144,2377
1319,2344
5044,1101
763,2126
2007,1698
2602,1844
253,2549
545,1903
2534,397
2811,3186
1644,828
2179,2155
4574,1071
515,2963
2199,821
4176,15
4706,998
2037,759
2216,2976
1395,1292
526,2829
1204,1724
2873,1031
3191,1606
856,489
4695,314
5713,334
1188,1487
5250,832
881,24
3840,968
5650,1217
1283,1724
3958,960
5720,229
5818,2750
1867,2455
2280,638
2815,1211
795,1906
5822,1674
2508,2451
452,520
4280,193
3325,0
5286,2862
4171,960
3560,1035
1149,1128
5261,294
4912,2126
712,861
4041,3065
956,1487
4330,953
4755,193
5799,643
2433,1001
5628,2976
3190,980
5055,1128
3226,2623
2689,2684
4580,2821
4862,1487
185,2512
3683,95
5125,2126
3698,861
2917,821
5138,2065
5776,861
279,1918
5924,759
4083,968
5304,1051
1106,384
1125,397
1651,2133
4638,961
4610,1128
2781,2623
3597,1748
5453,2342
463,921
2335,2802
3407,1099
5621,2155
3625,2490
628,759
4659,1020
328,2453
259,633
1321,1211
806,1031
1169,1837
4170,2549
4516,3186
2292,1119
2994,2623
5695,828
543,1560
3155,1228
2792,3162
2814,935
3867,1730
3082,1918
362,990
1019,1260
1599,1606
4393,1251
747,2558
2309,1702
2022,211
4322,324
5898,598
3188,2344
304,2217
4002,871
734,1801
5795,1116
420,1116
1416,1606
979,2800
3037,1128
399,10
3706,994
3814,2217
173,2407
4999,953
5441,1298
4004,1331
4002,1221
509,1575
3427,2747
1658,321
3647,2979
820,3157
2592,1128
5665,1945
4412,2553
1528,2426
1062,704
2268,775
3280,1007
5239,1019
5351,1260
4408,633
2589,2816
4215,1221
1840,3186
899,3157
3244,2747
3094,1002
1848,337
5683,952
1877,1038
5430,1260
405,821
4154,2150
1370,978
2471,959
5019,3123
4200,2037
690,953
2562,848
5034,1674
225,1119
719,193
3153,2750
2506,953
1723,1510
2628,384
1196,2747
965,2326
1375,9
4131,1119
3890,10
5099,1776
1190,229
5811,1487
2342,966
1246,1292
4083,1573
96,2816
2462,1031
4936,1260
5468,2841
3289,2466
3738,1575
4218,980
1174,1389
1050,828
227,1020
571,2816
5010,2377
309,2816
3141,2753
3284,321
1360,2976
3925,828
5659,1776
3642,2217
1937,1038
3217,2482
4258,5
1637,517
2762,2841
1659,2225
1857,520
2048,2037
3760,960
1311,2976
5417,930
5785,1097
4286,1006
5225,2157
674,2126
4836,921
5787,1372
238,24
1735,1991
231,1031
2640,865
482,384
5468,1097
3584,1902
951,1128
1949,230
4215,1476
5837,1903
2432,1101
5381,1623
2972,557
4056,2126
1566,2155
5262,211
1881,998
2046,1331
2113,2553
3598,1019
1065,2398
3672,968
5086,1217
2656,1260
1341,2976
5312,3186
1974,2623
3428,1776
3342,2490
2693,95
5835,517
275,1195
4402,935
2033,759
252,1211
2029,2037
3670,2706
2741,1748
3181,34
182,1906
906,954
5710,1919
5663,1844
2621,865
5835,2853
5243,992
4839,1582
4097,945
5360,759
5635,2684
103,980
901,960
20,1211
2503,994
2613,2623
1546,203
2143,193
4063,314
3538,2378
4362,1364
5463,2577
1910,2880
2620,2747
5624,990
4870,1016
2034,2623
5131,828
5666,2155
3933,1372
5612,1101
4321,959
3471,523
4209,489
5358,1221
2400,2865
850,1560
5745,2155
2345,714
2942,704
4203,1906
4970,2802
2236,1939
5483,2155
2642,2398
603,865
1642,3186
377,2508
2935,930
2546,1872
5082,2979
5034,1016
3074,2028
5537,1573
2378,1241
3560,2150
1440,729
3310,1221
4313,438
5431,1820
1649,314
2848,638
4,2155
5045,64
3672,1573
3295,1623
1378,1019
1815,1020
3293,759
3651,2453
1276,3186
2374,489
1806,3186
5667,1575
2552,2976
4142,1724
2638,2750
5659,2623
1600,314
5282,2407
576,516
209,1217
1472,1031
5011,1355
5350,821
4980,1776
603,878
1227,3186
676,1097
5251,24
4394,2847
4881,1016
5559,2126
5634,1748
2000,2126
4746,2777
1850,1364
2927,759
4135,2623
1053,2777
1836,3186
2889,9
2978,2976
1925,2706
1285,1097
660,2028
1816,1487
1286,2490
737,1228
2182,3005
3698,821
530,1918
1609,3143
4604,2549
2572,1241
4110,994
911,2549
2833,1016
4882,1776
5596,1119
4106,57
4534,2490
2029,1487
3722,2346
4553,517
5358,1476
2020,1667
5065,2126
5311,1364
3964,2862
356,489
1861,1085
758,2455
5899,2059
4813,858
3641,2623
5668,1372
2378,557
1313,2219
5946,828
4358,1217
1190,1331
2515,2777
3573,3162
3683,1573
4485,1029
5729,2816
5939,1606
5321,1035
2256,2028
4718,971
5170,314
951,2217
3460,1006
3310,1476
309,2750
1684,1573
3616,1748
5676,1906
4982,34
947,1051
1332,633
936,633
2089,2790
1619,397
2303,2490
1501,1573
1131,1811
2283,2777
1521,2225
5688,1364
2801,259
5483,666
1722,0
1486,1221
2083,1211
815,1016
1661,1976
3442,1487
4562,1518
3283,3157
1714,1573
1829,1560
3338,2827
3632,2816
528,959
5445,1084
5615,1724
4383,2455
1680,3157
639,9
2019,2623
3335,314
3872,253
4725,2155
960,64
4778,1035
4348,1939
1927,1573
4755,2034
4569,2847
1155,10
2545,1097
2645,1035
2834,3186
3548,314
2686,2793
5289,921
5513,666
1178,2623
3174,2059
2324,1623
3339,2126
4843,871
4958,821
4185,871
4973,2378
4756,1626
2638,1032
4011,489
4202,20
2660,2777
3517,1903
5134,2740
2816,1038
3986,661
2745,2326
895,729
4544,2157
5836,1211
2730,971
1142,606
616,2482
370,1029
153,1260
2292,516
2978,1487
4991,2553
1240,2346
2384,2963
3241,2126
4120,1011
4681,1573
4354,949
923,949
5787,1211
5391,1211
797,1776
401,1776
2757,1518
2593,858
3791,314
5598,1918
3962,1364
1054,2829
1236,2577
4829,949
5940,1389
5866,1211
4116,1013
4391,952
4754,775
583,2426
1946,0
2178,1518
5581,1456
1061,775
5753,516
2050,1518
3201,633
1984,1918
5339,2862
5700,2841
2849,2625
3107,3186
3895,1724
1508,3157
4407,1835
515,1918
1867,1518
914,203
2891,1575
1256,1364
4711,2512
5171,16
3639,980
2618,3143
1429,1026
529,1035
1613,1372
613,211
7,2616
1817,2865
136,286
1356,1487
3639,2377
2942,988
4532,968
884,2660
5021,193
5384,16
2580,1575
154,865
797,3186
3022,230
17,2028
683,1623
5731,1228
4215,968
882,520
3067,875
5711,2976
164,2455
2676,990
2989,1221
3359,0
444,523
5155,314
4260,1421
4900,24
1462,314
3466,1560
1195,1919
484,861
4758,2829
4166,968
5414,16
2576,759
3942,1260
5351,1128
2140,606
2864,2623
803,2563
3022,1748
2831,2217
990,2426
4765,775
1262,633
3715,1217
2679,2577
2400,3162
2746,1355
4346,2777
2579,949
2467,708
3611,1096
832,2217
1066,2155
479,638
1771,2173
4545,1674
2996,1237
4771,2660
4714,2126
2933,2349
5467,643
4550,3186
1458,666
4627,666
2979,775
714,397
5912,2750
220,1811
1875,954
656,2378
1384,865
945,0
3302,2862
3684,2927
4936,1128
2512,1016
1643,2553
4298,871
925,1748
5333,2750
2847,1006
1988,1016
2912,1364
128,946
2404,2880
3323,706
4243,1844
2999,57
5367,1085
1201,865
2197,1355
277,2466
2297,310
2932,821
5499,1241
1034,230
631,520
956,3020
2269,211
1565,95
3265,2162
3802,1872
2540,2660
933,821
4116,1510
1824,1029
2421,1019
5017,2140
4002,2162
3902,9
426,2976
727,2150
1711,2549
2117,1776
892,2217
3846,1097
4338,3020
761,714
5363,1730
4038,1038
2632,384
1214,1221
873,3143
5660,1724
4140,2217
1153,1211
1991,2310
5812,775
2601,24
3050,2065
4017,871
5082,1195
2745,3186
2483,3186
2789,489
103,2821
1485,2623
2959,900
4444,1581
1187,714
170,138
698,523
2386,1038
3874,2219
5072,921
5521,1013
3612,2219
4887,875
4076,633
4893,2841
3506,2466
2429,856
3680,138
359,10
803,953
44,901
1954,334
2038,3186
3265,1128
3535,952
1458,921
4700,2217
618,1173
1528,1623
2146,2490
3880,2155
4658,759
4720,1637
2677,2126
2073,3143
4905,865
593,2577
3033,1724
3738,759
5328,968
1515,2623
5935,1905
3631,138
5642,606
2884,1372
582,203
1963,2490
201,1006
2913,1844
5528,1029
4103,2577
550,2880
2551,2660
2890,2126
2869,1020
312,1776
1898,523
2934,1903
1103,2800
2970,1560
3906,1016
5561,2374
5590,3075
5924,2426
4812,2515
1479,310
2525,2378
3659,321
1389,1585
3557,310
4691,10
5396,1260
5129,2865
3241,1013
4872,1748
4237,1237
3509,1730
842,2126
1544,2398
1785,1292
3689,2829
1772,10
2343,1031
2586,523
4165,314
3666,1421
5240,1097
1520,994
2865,1372
1196,2065
740,1031
55,3143
1330,2065
3326,1730
3310,968
3427,321
4618,821
5330,2747
4459,2225
3781,324
3330,2374
177,1564
872,2126
708,3186
1649,1000
1539,1128
1957,1116
2977,1963
1958,523
1514,775
2092,523
5323,2155
578,861
806,954
3170,557
770,1031
780,1719
5481,1051
2447,1919
2612,0
4969,2862
1128,2173
1727,775
2133,2217
3542,1331
5703,871
5227,1776
5702,875
838,384
3322,1035
3561,2549
2174,3157
4282,848
5696,1097
2743,1099
5749,2155
5534,15
4372,1007
4339,2816
2706,1217
194,1221
1369,959
2179,2225
2924,127
1783,10
1642,34
52,1811
57,2155
5568,2753
3455,517
4286,2660
77,821
32,1573
911,1020
2867,2747
145,1221
3514,1097
1525,2374
3032,865
229,397
2440,953
432,2217
5386,9
5561,2979
3823,1623
3704,211
3081,986
5517,2155
92,1331
2239,2626
1551,2777
2096,2577
1330,2549
5254,2684
5619,1119
5841,0
3542,2512
4602,314
703,172
757,2623
1214,2310
2229,2059
209,2037
4751,1016
200,2217
642,1101
1375,1918
62,2512
2163,1476
2373,1020
3025,946
5571,2512
2059,2816
5833,2512
4249,3020
5816,1525
140,1119
797,1389
866,1748
4937,2374
5184,1019
4091,633
4956,1835
1439,2549
802,1211
1602,1035
2703,1016
3804,3020
5346,34
5621,10
5199,775
4170,633
4589,1260
2963,1128
394,2059
3102,2455
3233,952
4014,1517
4050,1211
4184,1211
3074,2393
5196,211
271,3157
1226,1623
3516,523
5734,1055
1075,2393
3757,2800
3800,1221
4051,2789
5178,1776
3156,1119
3330,1006
732,1007
2454,1372
4405,1560
2598,828
4274,57
2355,2827
1959,2827
4950,865
3451,20
1334,523
1623,397
1504,3186
1050,2750
1735,638
5360,211
4964,211
5816,2706
683,1007
5815,1020
3389,310
469,489
424,1241
1589,520
5749,666
2731,310
2793,959
241,2059
5284,337
2109,1724
10,1372
1925,1903
5600,314
2059,1903
4442,1748
1565,1331
2654,1029
128,1364
5637,1364
2093,1221
2407,334
1228,3143
3489,2059
5172,1035
247,9
3554,10
3521,2802
4383,1518
3349,1298
4841,935
1036,2155
317,1007
3168,203
4811,2490
4370,2747
5416,2829
762,1128
1159,10
2320,2028
2788,2133
3640,952
3772,1071
4295,2344
2010,1573
4453,1698
762,310
3155,2829
2035,2569
2946,211
878,1195
1490,2217
5497,1626
5564,633
1371,310
1522,2923
4636,1038
742,1011
4758,2455
4417,2162
1595,2684
3092,450
1965,2217
3331,961
1474,2623
5153,1035
4972,2155
901,775
5418,1976
617,1016
2797,1027
44,2137
5713,1372
1895,172
1198,998
2330,100
3049,1019
2323,878
2042,865
2061,878
1536,10
495,1026
2339,2549
1558,523
3055,2490
3848,2126
434,1016
632,1260
2160,2577
2008,988
3128,1019
4279,2349
4475,1241
1622,952
1219,10
5357,397
708,1026
2514,2028
3491,24
1564,193
1557,1237
3498,966
3141,2126
2565,2747
1627,478
1381,1011
5880,1606
2236,1525
3712,666
1351,314
4097,1002
1062,211
2686,2219
2660,1035
5702,1748
464,1016
1383,1020
3220,1372
1837,998
1,760
3996,1364
4973,1575
2399,2162
2478,2455
3925,666
4603,1776
2278,1872
4370,1016
3525,961
2307,2344
5311,2802
2484,1748
4342,954
3829,2126
1349,2577
2192,1051
3412,1020
1791,478
3926,1241
5289,10
2718,1097
4867,775
3365,450
4583,1016
5732,1748
2962,1228
18,821
219,57
2046,704
186,1866
3145,1844
2859,1221
5746,865
5519,1640
2449,828
100,2028
2638,1518
570,516
5905,1032
3355,1573
1225,1908
1323,1019
5478,821
1758,193
3198,1626
4020,1963
4846,1776
255,2841
4844,949
747,2549
1528,1128
967,337
1156,1027
3551,172
4831,2407
519,1867
4956,2816
3947,1606
5339,2059
855,1035
1908,2059
5860,1007
3499,921
5598,1007
207,1228
1105,2378
1308,980
988,1564
105,1217
3557,633
3147,2684
3030,1116
1385,3186
2087,489
2216,1128
1462,666
2987,2466
2993,2217
572,1097
2623,2455
4227,1101
4440,2377
3965,1101
3569,1101
5409,24
5861,828
3598,1573
3916,2377
4902,193
3737,685
103,1292
3219,759
5065,2880
5588,935
4031,2623
1006,1325
4325,2841
1990,1724
4800,1902
2296,1013
4488,95
3090,2271
843,1038
3756,1866
3799,516
4119,1918
1978,1606
1544,1085
1716,1606
1618,3020
2936,1575
4481,321
4238,2549
2617,775
917,2155
2978,0
4950,1028
5432,314
5946,2750
2854,193
136,1590
8,2344
309,1518
639,1918
1267,1221
169,949
2856,10
3780,2344
2990,10
4712,2553
736,2753
2546,1016
5302,1372
971,1573
1162,875
1105,1573
3887,1918
802,2326
1480,1221
743,3143
4246,2790
2224,2133
3117,953
3814,127
4559,1035
2652,1119
1036,921
2411,1730
3273,1237
3894,1813
4484,861
4718,1028
3778,1867
3105,2821
808,10
2401,2705
4538,1097
1188,2217
546,10
909,2802
2865,1119
5563,2059
5681,1260
3186,945
2864,2880
3485,1241
3970,2976
2953,2171
577,1016
1972,986
1139,2217
1715,1101
5371,24
152,729
3111,1939
3347,489
3476,1128
3734,935
597,1116
3214,1128
103,1776
4160,1006
841,1476
2286,1038
3345,2816
2280,1260
5384,865
2569,1097
2739,1020
3515,1241
3298,489
4220,2979
3461,2173
973,2800
1816,2028
1317,2344
2843,848
2972,1487
1869,871
3352,954
950,2816
5716,557
740,1020
1886,57
3591,1007
2973,2126
1378,1573
4086,949
5266,1260
3010,961
4744,397
1513,714
1707,1748
4671,821
5414,865
3903,949
1546,2059
2745,397
5037,878
5028,1095
4250,2225
5193,2623
1786,994
394,2490
4864,2155
2133,1038
617,24
3752,1719
5558,1260
4532,2059
3515,1483
2123,2979
4974,980
4463,10
5863,324
3757,1016
2365,2512
4443,2512
4935,988
2354,633
3078,1667
688,2829
2295,1221
5825,3186
5932,1097
5770,1035
5591,2790
4481,0
2019,828
909,24
3992,775
821,2126
2440,821
3317,865
5274,2790
4104,952
212,1035
5417,2344
399,861
3410,1029
3484,978
404,1730
3065,1031
1964,1013
262,334
3407,1963
950,1903
4491,314
929,1026
1624,2342
29,1035
3990,557
4972,2344
2608,2512
2231,310
589,2126
3278,1260
2583,2684
1602,1011
544,397
5083,1128
2476,1575
2956,980
5439,9
5779,1097
4726,2059
1794,952
1990,598
1324,774
880,1026
4502,1119
4827,2865
3029,1458
4875,1364
3352,2377
3283,557
1483,2753
5382,643
5690,759
2221,2453
1994,1013
2293,1575
5094,2162
4927,1002
1341,1128
3915,2490
250,337
5088,1364
561,1919
2667,998
2896,821
5817,1510
4850,489
1999,310
994,1020
5020,2398
5469,9
718,1085
119,2217
704,921
3111,1389
4792,1487
93,2753
5912,1518
4986,2521
4659,2126
3038,2567
211,759
500,633
3678,978
1,949
703,1221
4187,1084
632,523
1480,2310
5024,9
3849,2028
2973,2623
3738,2426
1739,1029
3702,517
1625,2176
3719,1918
2406,2512
578,2623
845,523
373,3157
738,397
4559,848
240,1581
2461,1364
2318,1581
4904,1260
1664,2777
2908,2349
4904,1031
2832,1573
1743,2841
3866,1564
4759,384
5802,949
445,0
1020,2217
2921,2059
4492,211
5727,775
2778,24
1692,1038
1200,1101
3655,2512
1382,95
5661,2407
1903,1487
878,821
5308,828
1225,2326
2617,2816
3274,871
3790,1919
5330,321
4795,980
3141,1510
719,10
1219,2777
3317,1241
2754,2821
5648,1421
5527,2821
2877,3157
3663,1097
1151,1101
1295,557
3864,821
5672,960
3082,1051
1773,2841
231,2821
2961,2747
2013,1776
146,2979
3274,992
3534,128
2534,953
2085,861
3976,1035
5201,557
4889,965
5521,10
5655,2979
2592,2126
3893,1000
4254,225
5431,3005
928,1702
3347,1241
5186,959
1743,1097
1453,1035
2537,1372
5708,775
2900,1195
4293,2553
4045,990
2813,489
1266,2111
4963,1035
679,1119
21,1119
4312,1748
5525,775
2894,828
3169,2753
5898,1020
225,2346
903,1241
1190,517
1701,1221
3041,1026
5205,2490
5721,2821
4391,1748
201,3157
258,1476
3924,821
4275,1573
5748,968
4405,865
766,1128
253,314
3462,9
3615,2466
5473,211
2078,1329
5211,2426
311,1487
2391,1560
5538,606
5584,1476
419,1020
969,935
4307,478
2416,1095
1638,2979
939,9
4160,953
4263,2623
2083,397
1687,397
1675,1097
1596,2753
2341,921
3530,557
3624,2407
1812,1331
747,1007
2531,789
2228,980
227,3186
1476,1116
3293,321
4666,2747
4394,2059
2012,2853
1215,294
499,2827
5339,517
5559,520
1961,1575
4576,760
5044,865
178,3186
2647,1085
2444,2217
2385,1085
1648,2512
1562,294
3695,193
5486,2378
5605,1575
2493,1557
4690,229
3138,2490
5158,2549
1407,2342
5449,1035
2207,934
4287,1007
536,1029
56,2378
5882,1331
1062,321
4940,2326
1436,2225
2436,3157
4091,314
4151,1119
2657,2567
1812,2512
874,1963
4991,1510
2386,2747
1472,2821
4560,2455
2196,2623
5427,1811
361,1563
3095,965
5774,1626
1128,15
4965,1228
3812,1020
715,334
5452,1575
5827,2684
2270,1525
4677,2747
2046,2800
220,1560
239,1573
884,557
5870,516
2422,1101
2983,643
966,2841
1838,821
5377,2569
5506,2979
3331,1097
4981,2111
5263,1006
5490,2217
3611,1905
5462,2155
5710,1991
2497,871
3094,2847
3658,2660
623,2623
227,2623
1820,2349
576,2777
5920,0
2871,294
5741,523
333,1329
5006,828
1604,775
5594,998
5198,998
793,2482
2006,489
1951,324
3451,2037
490,0
3752,1211
3738,1084
178,2623
2055,2862
4302,3075
5081,598
3894,1331
5487,1811
4172,1016
1815,2126
662,1918
5774,821
4689,1013
162,2800
1781,34
5803,704
1293,2660
2133,193
37,1573
269,2862
362,875
2917,9
3639,2623
4993,2821
2627,2162
203,64
4666,211
2434,2521
3991,2553
5111,598
1472,861
1537,24
4080,1844
4295,978
5575,998
2906,759
3245,225
1562,1020
2940,1575
2546,2173
4251,3123
4084,1963
978,1228
2464,828
664,1038
4172,1029
2775,949
5889,1013
562,2747
5385,1776
3363,1119
1343,1097
4784,2310
3275,1006
408,294
4799,861
1614,1331
4095,516
5306,2126
4356,557
1321,520
3045,1483
2038,2827
2728,1776
3211,2684
5933,9
3486,2623
4176,2841
4374,1099
5914,1487
678,828
3615,64
3778,1748
1118,871
1467,988
1319,861
18,489
1095,1116
2377,1963
1105,1575
1645,1031
4310,2777
3763,2150
4059,980
1571,2802
1235,2853
4511,57
768,2155
3595,1748
1439,633
4980,3016
5735,1606
2889,310
232,1128
263,478
361,1013
2792,606
1171,64
1544,1329
3860,2167
3428,1527
4183,871
4462,57
5790,1020
4742,2326
3343,2880
795,1241
1538,760
3692,1573
3804,57
182,489
3890,1292
5287,2126
5724,666
3578,2225
5687,1013
472,1002
816,775
2602,1421
5692,1128
4136,1698
2085,2326
1316,1623
3267,1020
2076,557
3466,2398
634,1000
2420,2841
372,1000
391,1013
5712,1487
1431,2512
3088,2482
5340,1844
2881,203
658,310
4586,1116
4978,2660
4164,1918
57,615
2333,2549
3238,2426
2214,871
3153,2059
973,2802
2921,2490
990,2217
3960,1364
4450,1228
4560,871
3713,935
5862,384
710,1116
5089,397
488,20
369,557
663,775
1372,1006
3402,1487
2748,2949
117,1016
31,1730
2968,966
2873,2126
1550,1241
5022,1575
2527,1260
2052,2162
1,2790
3964,961
4311,2466
4471,2455
4631,1919
4822,1221
4930,0
5157,1211
5636,980
3295,314
592,1016
2610,211
5027,1101
746,2880
1904,988
3814,384
3886,489
4765,1626
527,1035
2013,1389
4176,1002
2823,211
5309,935
3776,1260
1281,945
1099,968
2408,1918
1938,986
2921,517
990,15
752,2816
2578,1575
1919,478
4545,310
318,1837
1285,2821
483,2133
1593,1476
1008,557
1388,24
1670,3157
3050,2553
3991,138
4992,706
5627,988
4701,5
1628,945
4766,2349
1576,489
1889,949
3766,959
4160,324
772,960
4321,952
5019,1748
2536,2453
3090,1844
1235,1364
2472,2963
4948,821
5717,100
167,971
988,2426
3507,1903
5164,1119
1925,1518
2702,2378
4082,2777
940,2880
3965,1963
651,2777
4765,821
2180,2976
4606,2225
3233,1748
889,848
4373,2660
5185,2346
5672,478
5272,1002
1117,971
2765,633
2586,1119
2572,1221
3675,1837
277,994
1593,900
4738,314
5263,953
1763,557
951,679
654,2378
2410,1573
1168,384
2345,949
1187,397
3198,865
3367,2623
2890,520
2329,2173
3718,1389
832,2155
3738,321
1852,1016
355,1035
4132,211
4211,2490
4577,2059
3531,516
4004,211
1468,1844
3732,2492
5241,1581
5403,1872
867,2378
158,1918
1901,3123
1992,2753
3255,2567
3599,2377
4292,2829
424,2037
992,1097
303,1518
2871,2577
5318,24
534,633
2881,821
1198,384
644,2979
5582,9
4133,971
2930,3157
3269,2623
4212,1035
2696,775
951,921
4692,2426
710,337
92,1456
1838,2407
2143,2777
4001,34
3392,478
348,1116
5849,2753
3049,1573
888,2558
258,2162
2720,314
3888,1325
4554,1903
3962,2028
5177,1128
3327,1517
2219,557
5507,774
4665,953
3796,2490
1119,2841
1940,95
2993,1119
892,2155
1986,2426
2946,1007
972,1101
4081,1575
4621,1031
5335,1606
789,1919
1078,1793
1398,980
1883,729
2788,2821
4221,1097
1702,2374
382,1006
3274,994
3293,1007
3408,1748
2157,968
1799,1260
1895,968
1592,930
4563,1211
3040,9
122,557
3379,0
4607,988
4724,1573
390,79
3834,1038
4737,2037
2359,321
4859,980
4179,1221
5389,1963
1894,450
2837,848
4511,2219
5522,2492
2793,24
360,321
5869,321
3243,489
4031,10
2398,397
5316,1606
3370,301
312,775
1062,1007
783,2346
633,2816
5072,2377
2842,1084
2427,3020
4889,980
5472,1035
4135,1006
5690,2426
1631,871
762,193
951,2344
1966,861
2157,2378
188,2816
990,57
3643,1483
4575,2217
4313,2217
870,2126
4557,2577
2370,2378
3447,1019
2951,1606
1805,2111
5800,729
4523,980
4955,2623
2336,1976
256,1674
4153,952
4299,1006
238,314
178,34
2900,1560
1795,871
3137,978
1996,861
1067,1364
5439,1918
2624,2150
5711,2377
523,3186
2061,990
5934,2126
158,321
4967,2862
2971,1211
2565,523
2112,1975
5319,1035
1119,1002
2590,1748
3433,1013
5288,1456
5064,1748
4339,2512
