u,i
474,971
1900,520
1752,2342
883,3061
3971,2466
5819,984
2245,2625
3948,2482
4204,193
5735,2976
1381,1244
1943,193
5797,821
580,966
3731,1851
2232,1235
1437,1526
1784,321
4906,1000
2175,1640
5554,2914
3705,1919
4030,1487
5757,2684
842,1851
3356,984
3272,2976
3585,2914
4261,1211
5472,606
3743,467
4323,3028
1927,2426
1581,1035
1188,3026
5226,1489
1098,100
741,994
3552,1811
5484,966
4367,1206
4091,3028
480,2508
1319,45
2017,2827
2060,1211
5114,1032
3541,467
5549,960
3422,775
21,2344
5024,1489
1536,2150
2381,1976
3864,2059
4146,991
4120,709
4882,1032
5528,1372
3687,1581
2749,1032
2411,1976
3976,2623
1915,991
4975,2512
1889,709
3542,1203
3788,478
1382,878
1897,11
4674,1244
4551,2342
2906,211
2424,2157
2162,467
1900,467
1504,467
4730,1526
1786,1119
5237,3020
2653,704
2371,991
2654,525
917,2777
3074,1084
706,1776
1075,1084
5918,1260
737,2028
3217,988
947,2777
3121,2219
3802,860
4843,598
458,519
3367,2625
2909,993
4497,900
2117,2521
2247,1813
4490,860
649,2157
2627,2219
4391,100
4965,2816
3516,1563
1511,3061
5726,2914
2996,2466
79,2162
3734,860
3808,1563
5322,959
518,519
1538,2790
297,520
3511,2508
2305,1013
3674,1748
513,525
4119,1051
5313,1031
2083,2482
5486,959
2020,2133
2423,860
2223,2492
3819,1698
433,946
1315,1563
3984,984
677,525
4545,1051
3865,1292
3887,1051
5516,959
3176,666
5411,384
2411,45
4248,2346
3150,384
4951,3028
854,952
2149,984
5051,1919
5063,990
294,2426
4278,2346
2569,230
1333,24
1664,1292
3276,1031
2618,1031
5268,991
2343,45
5608,1032
2209,984
2004,1518
2700,1221
4135,324
2722,980
3916,960
92,2426
2845,821
5272,709
2455,1575
4481,1119
2858,467
3074,1031
5560,1526
3550,960
5646,519
778,1976
4756,950
5161,2167
3757,2377
3151,2567
883,1211
1664,1776
1984,1000
716,2037
5852,1526
4552,2059
1917,2407
3851,3143
5302,1244
3443,2567
2782,606
3442,2342
3293,2219
406,2346
451,3028
5198,1244
2580,1007
2170,2829
1000,991
604,991
4281,37
2937,1244
2555,950
3076,2342
1346,2567
1703,1084
3019,2747
4224,1573
1646,1489
3101,1244
3098,946
1348,519
4488,2558
742,709
5055,1851
5436,2482
4989,450
1646,334
1539,2157
3128,946
226,950
465,966
1129,946
536,3061
1584,1526
3886,2466
514,2521
1529,1038
3138,1260
5898,45
423,1844
1068,828
2220,3026
3260,95
2699,1748
2332,988
217,2126
2070,988
4725,1292
1415,2225
4846,2750
1064,1244
2789,860
1676,310
1323,946
92,1084
3018,1851
3294,968
1635,2349
1889,953
5571,1097
4614,2750
3883,959
3525,1251
760,3061
2163,2626
5656,996
3099,1035
5752,704
2524,1292
5474,2453
1100,1035
4801,1421
1184,2426
1287,861
4385,954
4725,1776
5609,3028
951,1851
555,1851
4416,1206
802,2482
33,988
4603,1032
2109,1585
5736,709
5474,709
4493,1776
1882,1020
3456,467
641,2914
4763,324
4262,2028
5362,2346
2370,959
4706,729
5573,314
5655,878
4273,2567
4507,519
5733,946
1576,2037
1264,984
3619,996
3736,1581
4091,991
5660,848
5200,2553
346,2750
2126,2827
1434,991
2989,950
3118,606
5014,858
5822,1526
1168,1811
1474,1329
827,1518
4163,1217
1439,3028
1458,45
2192,1730
5220,1084
3833,709
1247,10
1681,467
719,1776
1603,3028
4643,3143
3164,1489
4223,1244
2024,991
4362,2342
2882,1776
3038,37
2502,966
1602,709
4675,1526
4598,525
2876,1557
6,1099
3163,2553
1719,2398
4646,946
5745,100
1894,709
4994,875
3097,1906
239,519
2838,3143
2074,2747
2225,2162
4155,1244
4599,726
2367,525
5909,100
5919,2508
3620,1085
5657,2508
3425,3061
5686,1748
7,519
1184,1084
141,519
297,1032
2255,2162
1561,253
2448,1244
1912,2173
785,971
327,1813
3282,100
4274,1851
4169,337
5272,953
2422,2625
973,1372
3984,557
3863,2482
5771,1051
4117,1086
428,525
5814,1128
4304,1851
286,2512
4161,984
1946,952
4439,2426
3971,860
404,1228
2028,2482
4378,2150
1115,1963
1564,1035
4107,2037
5323,1776
4063,984
4866,3028
4107,2976
3273,2750
288,2342
4355,45
2123,1564
5749,1776
635,2800
2356,45
3276,954
5172,1206
3754,1518
4578,467
1635,2914
1997,1051
4963,1217
5828,729
4998,1211
4196,523
3747,2417
5089,1329
1871,1851
5004,467
4864,2150
4875,996
2398,2684
4951,991
3132,959
5028,1211
370,34
5425,1032
5578,2028
36,1851
858,2417
27,45
1121,2827
3239,1206
2511,467
2695,3028
5859,1489
5575,1730
2001,1119
2318,45
2315,3157
656,1128
4844,878
4252,966
3856,966
4814,2167
3066,2567
4547,2577
2279,467
2014,950
2798,1032
434,3186
2636,704
2674,996
4961,2567
5742,2378
834,1026
2306,950
2410,519
3377,2028
32,523
642,1206
494,3028
86,759
5113,1244
3825,848
5237,2219
1064,2777
2203,606
5879,2625
2558,16
5742,1573
1442,858
783,1976
473,996
4912,557
5015,1244
2088,1006
5183,828
3634,2569
2870,2173
4783,1086
1462,729
3867,858
2682,3061
1782,1084
3853,2091
4910,1019
2071,2126
713,991
2784,1244
5812,598
2177,1963
2712,3061
5404,2466
1497,3143
4342,2790
3462,2219
48,2829
1323,519
2811,946
4316,2508
59,709
4506,1851
5638,953
5366,1019
5801,193
1843,2625
3228,2173
4420,1518
4378,1292
2966,860
4827,337
3913,2626
907,3061
2933,1851
639,1526
162,1372
2559,2549
680,2466
1616,875
3225,1851
4474,949
5098,3028
5258,1031
1027,2173
1128,2225
3327,34
380,1019
5332,1919
705,3061
2279,2508
4824,954
3094,1903
2984,45
3380,45
4562,954
3554,2827
3528,1606
3361,3186
3262,2426
5415,991
533,860
4428,1489
2951,2914
4974,467
5802,878
3261,861
2865,861
4909,1011
1975,1292
4284,959
2096,2750
1696,2816
3729,2777
1179,45
530,1851
1323,1487
829,1918
3764,519
4578,1032
2278,138
5428,2865
5557,2521
1062,3028
4804,971
4864,1776
261,2750
3019,523
1343,45
4049,1038
5154,37
1867,954
3794,519
1688,1211
798,861
1312,2802
5588,2342
2448,2777
3986,2567
3199,467
4235,2490
510,1518
3480,1244
3516,709
5630,100
1006,759
3146,3061
1097,123
4194,1526
436,606
587,775
3290,2059
1235,996
3721,525
775,1011
1177,991
3906,1244
4787,2979
3678,828
452,1489
2047,1813
3903,946
4975,2626
5076,988
1727,2747
1603,991
5661,860
4005,2512
3067,1963
3805,946
897,950
2242,1099
1436,2167
2857,1372
4710,988
4980,2569
5059,2862
4033,2466
1469,1526
3771,2466
4970,2790
2050,525
5238,1292
3419,1260
2388,520
3012,1101
71,211
4773,2626
2980,1563
1505,3061
5706,1518
5948,1051
552,3143
1372,438
3736,2256
5651,2750
1569,952
684,37
3189,3026
3144,1563
4559,953
2317,64
1503,1244
3800,1086
2912,2344
3362,860
5101,1128
3457,1851
4240,45
2644,1748
2866,2349
859,3020
3770,1035
2736,24
5550,2802
1634,3016
1906,1260
395,2512
988,3026
898,100
4081,523
434,2625
1203,1086
1423,860
3246,1011
1152,3026
705,1748
3999,467
5568,324
5363,858
1703,1035
1922,3028
1022,1051
1554,1851
5050,519
4158,2567
1610,2914
4311,1119
2184,3186
5131,858
1149,984
3380,960
3887,10
1531,2217
53,34
4712,1813
4684,519
2712,1211
4212,709
2149,2037
927,9
4588,996
2392,1206
3367,324
2410,1031
1333,138
5405,2157
3117,334
2898,1724
2968,211
2706,211
2615,2567
2422,1206
3764,1084
2224,467
2408,3028
1384,2705
2223,996
115,861
5435,2157
4849,1279
3049,1489
3977,37
2355,519
2123,950
4036,3061
1873,775
3695,324
2394,2167
1269,1011
665,2028
4796,1244
1081,960
5019,2979
2781,519
981,729
580,385
392,334
3781,633
419,467
23,467
5570,988
157,467
79,3028
1521,858
841,1099
4870,2482
372,1560
443,1211
2733,828
5016,1526
931,211
1898,966
2664,2162
4653,1851
2935,2625
4900,2482
5251,1019
3473,988
3342,2225
2595,1244
3087,952
4209,1029
473,2342
3798,2626
5064,2482
1382,1557
5214,2426
1167,2157
112,2521
3486,2512
509,2157
3683,3026
364,1244
5329,2349
73,314
138,709
4090,2626
5461,24
2252,100
164,3061
3089,193
5895,666
2898,598
3596,2626
4949,384
1050,952
1967,1563
224,3061
1125,1476
3901,1518
5439,3028
2044,2914
4504,2750
1517,953
722,1244
326,1244
2241,984
1074,2827
1284,193
2051,860
5062,45
2259,1563
624,1086
5397,523
1395,2626
5879,1206
4254,2171
5469,3028
1845,2862
4240,960
728,1035
3692,1128
3093,45
954,789
1859,666
3765,1606
5544,519
3100,2155
5052,996
239,2914
5927,2162
5390,991
3726,2028
436,984
231,1518
5062,2623
2867,991
1857,1128
4570,848
3068,523
1648,954
4795,966
3282,1206
5940,2747
2574,1119
5652,1526
4329,2829
3909,1489
5528,709
5626,1244
2702,523
2718,467
2756,759
433,2914
2399,1653
2733,775
4681,2126
1768,1032
5049,832
794,45
1535,1211
5755,2162
883,467
1798,1032
2233,960
4027,2625
1970,1489
3871,1331
4635,37
5486,3061
2385,950
481,1776
386,950
1962,1032
2115,2028
2411,858
810,2217
3600,2157
398,960
1179,1525
5516,3061
5743,34
3517,3061
2221,1084
4043,633
1178,519
154,950
283,606
38,775
814,996
2436,3143
2093,525
3619,1244
4849,100
5835,1851
5573,1851
5311,1851
2085,2512
4251,2625
1744,2219
4789,988
1440,2747
3382,900
5623,1564
1784,1244
5865,1097
5180,994
3053,3061
3104,3026
1385,946
5651,1518
3080,1851
2820,988
3812,1019
2944,1963
3089,1563
4646,2349
105,37
5561,2914
5165,2914
5299,2914
432,1563
3300,2914
3124,968
1186,1244
2911,860
3580,2150
5533,2155
427,2508
3751,692
3265,984
3430,1051
3034,1051
3672,3028
1905,3186
3114,2508
34,520
591,2508
3780,467
2338,193
5452,1011
2815,2976
695,1518
2566,959
5943,467
3128,2914
5635,314
4731,847
4538,1206
3548,467
5689,1489
5293,1489
1229,1051
5031,1489
4568,1206
5027,966
4108,467
3712,467
5252,1084
4646,2028
4107,996
4248,2167
126,1724
2519,2028
3921,991
3983,2623
1476,2217
3196,1489
1520,45
4674,1228
5453,966
2595,2777
761,959
4763,519
5544,1084
2326,1606
1989,523
3882,2167
1743,467
3041,2490
4665,334
4758,525
4793,519
5343,397
1757,523
2978,606
5605,3026
1926,709
1375,606
1906,996
2002,704
636,1206
1643,1525
2123,2162
3213,1038
2681,211
3002,37
662,2777
1670,2567
4184,946
1675,467
2456,1032
2327,2342
2070,996
3024,1489
2408,991
1941,1525
530,729
2753,2342
1039,606
3487,3061
3372,859
5046,1476
2604,2219
434,1206
2655,2157
4904,1019
722,2777
105,334
1447,966
5368,2816
495,519
361,704
1445,489
2961,520
820,2157
2289,2342
3949,1563
263,519
2078,3061
4628,1851
1654,1013
391,704
141,2219
3565,1573
3582,988
207,1526
2352,2482
4033,860
3876,2374
911,1844
2370,3061
4396,1851
3167,2816
1140,3020
734,2332
813,2625
2107,557
1225,2569
3316,2508
1766,1203
3607,994
2010,1563
401,1526
2405,557
4402,861
5192,980
3736,1000
3378,1292
3452,1241
2005,34
1165,3026
5890,729
5582,384
4924,384
3327,953
1048,2626
4294,1119
4851,1976
3791,2750
5823,3075
2089,1051
1998,2626
5887,966
5018,3028
4968,467
3132,1020
1757,2914
2216,984
397,952
2756,2426
4705,996
345,2482
787,2827
5822,729
5227,519
1598,9
2723,384
4337,950
5383,1032
5944,1099
3015,1724
128,1851
1260,953
4473,996
2035,949
2341,467
5073,991
2736,996
5290,2157
5947,966
5025,950
5630,2979
2612,2623
2221,523
3002,334
5022,2342
2355,523
5142,946
3911,1084
2371,467
2889,2150
3162,996
5648,525
2254,821
2013,1698
1023,959
5660,2979
5309,1244
2278,2346
2926,2567
2816,709
4579,3061
2535,467
1392,1206
4364,2126
1241,1976
1176,2490
4447,848
2019,1489
3742,1032
4743,3061
3794,633
452,1119
474,878
303,996
4042,1674
437,996
2799,489
2330,950
4377,3061
4415,1101
4833,860
5874,598
615,709
1162,878
4002,2625
863,996
3545,2157
5181,2482
1817,1489
79,2577
3890,2569
2873,946
5488,1851
321,16
3564,1244
3290,2173
3302,1244
2538,848
917,2521
5056,100
405,2346
311,3061
1006,2162
3242,2482
5224,34
5330,2150
3234,1086
4176,2508
948,2342
5673,45
5925,1020
603,3061
4818,2914
5193,2037
5011,865
1508,2157
5756,2150
4634,1292
644,1557
3016,984
2989,100
767,3061
4437,1128
2236,994
680,1372
5530,467
3032,1086
3855,2816
5436,990
5544,523
3122,1918
362,100
5864,878
4027,1206
3375,1051
2299,1292
4709,1011
3636,45
1624,2816
4334,2827
2854,9
5646,3028
4930,606
1998,24
2844,984
2978,984
3795,1206
3463,467
1415,2827
1,2349
782,2914
2846,2750
965,1086
1488,861
2249,959
2961,1919
3487,1211
4765,138
3231,467
4131,0
3153,3028
3760,996
107,2344
1256,861
1187,2976
2617,954
1173,45
476,871
3805,2028
5398,966
2512,729
5934,946
610,2914
4586,2219
3935,946
5738,1007
426,1292
2341,1032
1086,3028
3291,1002
2527,606
5722,100
2905,966
436,1606
1852,467
3634,3061
814,1000
4682,1526
738,1355
4681,520
3736,1244
4137,2342
2626,211
1759,2346
2500,1038
184,954
1882,467
3402,3061
2292,2028
5690,1851
4239,525
785,16
928,324
4491,2466
4518,2569
5554,1963
4157,900
65,858
5303,1563
1650,467
2752,858
795,1084
5646,2841
5584,1963
3863,2466
5768,1518
768,2829
5916,1389
2959,2625
1837,2521
2048,489
4515,3186
2906,520
3547,516
1172,37
4302,45
5181,953
86,2219
2598,525
1278,2126
3709,2914
1926,95
5645,2750
5249,2750
4227,1564
3662,1563
3266,1563
4957,2349
2185,2426
1395,3061
4341,1851
5910,954
378,2219
385,946
4675,384
3295,988
3873,2914
970,2508
1422,1851
2678,1019
1803,2482
3341,3026
3414,2750
2999,2508
3713,1851
3028,994
1006,633
4577,384
4974,959
1825,1086
4526,45
4743,1211
3805,2914
5493,211
3447,954
4130,984
2839,1071
3785,949
4643,980
3474,2750
4824,991
4958,991
2335,2827
4043,3028
1802,1051
5767,729
147,861
2865,1487
5691,1084
4277,606
4700,709
1470,2914
3719,1776
73,1851
4990,1976
2319,2859
870,1606
1286,1292
4031,1489
369,1031
4906,935
2757,991
5336,519
3737,2705
2429,2623
1296,1606
729,1724
1486,949
4504,2059
4185,1525
795,1031
4498,709
2063,2623
3622,1038
3947,606
5244,2219
5307,1228
269,3028
1287,2028
5507,2979
843,1206
172,1001
1426,1032
2667,2521
5191,2342
2563,828
1868,37
1344,37
279,467
380,519
1982,324
4081,2625
689,2028
1762,1489
4468,2482
4366,2205
174,2521
5223,321
806,519
443,467
5171,1851
5306,1487
2756,1007
5172,2426
2584,900
2566,1260
4801,978
1273,520
3458,875
729,2342
4543,1851
1698,3143
672,2747
3676,953
2554,95
3426,24
5043,861
4201,3026
1812,397
2157,1563
3444,953
5019,1564
3209,1086
5648,45
5531,3028
5469,2150
2840,34
5818,991
790,1035
5227,523
144,860
3853,2827
2759,984
5376,996
5510,996
888,2482
498,984
1365,2821
4741,606
4002,1206
5144,996
3740,1206
3542,467
4684,1011
2328,774
643,3186
5354,991
2267,2750
3035,1575
5328,709
757,2914
3360,3028
4091,1032
2735,2976
1589,1724
1098,2426
4263,1489
5020,714
5596,2567
2731,2453
4293,2829
3602,467
3206,467
804,1575
1162,2037
3359,709
3703,519
5384,3061
5800,2747
3226,1119
2479,138
3735,996
3480,2167
19,1241
605,3028
2047,858
3153,991
5872,2219
4129,519
2800,314
3873,2219
975,467
5845,2466
1915,2028
5346,2553
5650,1244
5681,557
3919,1813
3936,1228
5316,3061
5206,1203
629,1119
4103,1526
1534,996
723,0
3425,1813
4428,2225
1086,991
2994,314
1934,334
341,1776
5373,1851
5096,1573
1398,704
448,1084
1872,1526
3711,1244
3449,1244
2972,1844
2660,37
3238,1963
736,211
1589,2342
3115,3061
4739,2625
4780,2626
649,966
3290,1372
2987,1563
5593,2914
5197,2914
2024,2455
4803,516
975,2829
588,848
3317,1101
5433,1851
2262,2219
246,1084
884,3061
4980,943
3932,34
5860,2453
2964,3026
5134,2349
2975,2626
2480,1866
5933,2150
3985,984
3928,450
4456,2821
779,1331
2401,2512
5421,2914
1102,1203
3366,1851
5177,1241
703,2625
5866,2217
4570,1206
3238,1292
1168,860
1025,3026
901,516
3848,2914
1135,1851
2616,2827
4190,3028
3565,2976
4053,1976
4192,3074
5489,1489
3616,2914
3392,954
1814,45
1299,1851
4850,980
5708,1011
5385,1489
715,1241
751,706
743,2508
1292,2750
896,2750
2723,953
3421,729
1385,2914
3988,3028
4072,1221
5507,324
4333,996
284,2344
1141,1241
1989,3028
5003,1730
4409,991
5489,1623
5659,314
3288,1489
2794,954
1746,45
4855,519
3720,1119
4472,0
5198,858
3854,1119
4733,2219
3876,878
3284,966
2594,519
2709,1031
3037,2028
5153,334
3634,971
2844,1606
3990,606
4650,2342
2673,1724
1716,2623
4534,2167
2624,519
412,1724
4567,1526
3497,858
2139,2167
2817,1099
4530,2398
5352,520
1014,1011
1869,1525
3854,314
1065,949
2548,1032
1020,1206
5711,988
2362,2747
3770,966
2455,2157
3121,520
4633,3061
4371,3061
2865,2028
5337,2625
526,1206
4645,2482
4996,1019
4600,1019
5462,2512
3989,865
915,2829
1972,848
2726,2219
5804,2626
3324,633
1106,1084
1574,960
5221,1487
4809,2482
3384,2569
2504,1244
4491,860
2031,1963
1774,3061
5074,2349
5647,1487
3967,2553
5412,2344
695,1526
4435,1086
4989,2426
4125,860
2795,1019
2578,2482
2061,1963
1593,397
3640,2508
4750,1097
4884,1851
5923,954
3865,2626
3603,2626
270,946
2161,100
3359,953
5423,789
844,2157
1974,1563
365,3061
1306,875
4184,2914
333,1244
1214,2979
113,2409
2674,45
1115,2569
528,557
265,1086
399,1086
1370,994
5322,467
5079,709
5538,1031
452,1851
586,1851
1274,2225
175,2482
295,1086
167,1086
2182,2750
1524,2750
2868,45
2742,1626
5035,760
4820,606
4828,467
645,337
5485,996
4006,1032
1353,774
584,34
2898,45
646,1851
1469,2827
980,384
3640,1032
2781,3028
5689,1526
5427,1526
5015,2521
5488,489
4907,709
5688,520
1947,1489
4216,37
3042,709
4252,633
1368,1031
5006,314
2753,956
1693,1730
5896,2512
2563,832
837,991
1685,334
3955,2490
3645,1510
976,3028
421,2217
1202,2028
5199,1244
3200,1244
3593,946
2137,966
2866,3061
1006,3028
4490,2625
4099,525
1217,996
1358,2167
5394,557
3387,1228
1038,2162
888,3157
3387,2167
1267,709
527,1084
1061,991
1483,1623
497,2346
5348,1851
2967,1557
1189,1526
3491,2466
927,1526
3558,1244
1818,946
5503,45
690,1963
4910,2914
4648,2914
3849,1019
4985,994
301,848
1579,2219
2864,1563
2468,1563
993,3061
4675,953
179,858
5194,1518
1009,3005
3658,1020
3827,2549
1596,1260
2948,860
1334,1260
3121,2508
1472,2133
1384,34
598,2508
5792,1221
2607,193
5538,523
2246,2816
2224,24
4545,1206
1950,953
4300,1560
1318,861
3706,1575
3698,2623
4447,1206
1300,2914
2279,1020
3003,1051
4037,3028
5898,253
1161,1035
1274,1851
4739,1206
685,1456
4664,1032
5113,858
3620,996
1488,467
1806,3028
932,20
5414,971
852,2508
5319,1084
1098,2914
3211,949
874,954
2036,2150
2433,1032
4787,2162
5864,1557
652,1292
2868,960
1651,996
911,994
2979,1730
5532,37
1727,991
4306,519
1604,3028
1590,878
4697,525
3377,2126
2294,2162
1953,2623
2689,971
5755,3061
4247,2167
3890,3061
4659,2111
2016,878
2611,2219
2552,858
5656,988
2183,991
4516,1244
2728,525
2117,2623
5845,860
1196,1489
3453,966
4310,1526
5585,2626
1875,996
106,519
1659,3061
2445,1526
5079,953
2630,525
2234,525
2425,1813
568,1489
702,1489
3560,1563
4425,321
2737,1526
1009,858
736,3143
1266,3143
5634,3026
661,525
2518,2512
2446,946
1052,1844
2115,3061
574,2219
4615,953
769,2660
532,2747
3935,2914
4642,1086
218,1244
703,2979
4242,563
1487,3061
1907,1203
1511,1203
2247,1244
593,525
1117,875
5848,1776
1094,3143
5619,1724
42,1526
3796,984
4095,1051
2441,1086
673,1019
456,2482
5028,1606
741,2816
3621,1518
3579,1292
5083,0
5647,2028
2338,3186
1622,1518
344,1086
4855,523
1773,2626
5337,1206
126,45
5830,1489
2356,2802
5928,334
1731,2750
3860,729
4061,2705
5136,519
5445,2028
4772,996
2378,467
2958,3028
4962,2059
2038,3028
3425,959
1633,2750
2581,45
296,1903
1980,1518
2664,2150
3872,2028
3476,2028
1220,1241
1137,1206
2617,991
3549,971
5811,2512
1182,2827
4750,3061
3850,1084
2045,950
1713,211
4990,2521
5114,1244
2595,2521
4852,1244
3798,520
978,2623
4142,1084
4646,3061
2428,314
34,2037
4915,253
2735,996
1668,37
5751,525
1518,1032
79,467
511,878
2925,2059
1839,858
5502,952
5175,557
4882,1244
4090,520
5046,1086
1398,334
1838,606
3269,2219
4637,100
1543,2378
1698,37
4158,1563
653,1119
3335,1526
1869,858
3386,525
2066,1372
1854,1489
3596,520
318,991
5368,2426
266,2521
1054,1813
3299,2219
1862,37
1688,638
2075,1084
5001,1851
1898,633
1013,2162
4858,984
1685,525
281,1489
1786,1331
2538,966
1223,2157
956,2567
4189,633
2743,3061
5031,1851
3971,2625
4064,2816
4509,988
1972,2625
4245,1292
5797,980
841,900
3510,321
774,3061
5927,1211
1954,3143
1298,1526
2594,2914
4275,1292
1969,2862
4639,2508
2826,978
2774,2508
2407,994
5885,3028
5329,861
1017,321
2555,865
3083,984
3726,861
4164,2750
5910,991
370,860
2309,1748
3050,2914
5480,1006
3673,45
835,34
3015,45
608,1563
551,1029
2256,959
5895,467
84,1563
4490,1206
474,1748
501,1851
3128,861
2918,1051
5708,991
763,2790
5842,991
2602,2508
5117,1489
4516,2777
1890,959
4182,1211
5663,467
4735,606
4258,1206
4392,1206
2664,1292
325,2914
3310,878
4086,1099
1106,1035
2341,1016
5162,2521
425,1051
3477,991
5712,709
887,2802
3688,1211
1210,45
3211,1811
948,45
3694,467
5368,1084
2503,1724
5892,2747
3349,2684
3303,996
5177,1489
1152,225
2447,1011
430,994
4896,2378
3473,2346
4249,2567
3593,950
3220,1119
881,1051
1123,3028
3728,1525
1897,170
5215,37
2451,729
3743,1244
4990,858
2408,1032
3799,1526
106,1031
2848,1489
5936,1086
1089,10
3405,848
3912,2342
5694,2492
4623,633
3439,3061
4801,2625
2624,633
5060,1573
672,1011
4748,520
1332,2747
1604,991
2411,525
5528,860
2740,966
1815,2342
1844,828
1673,946
3156,1029
2392,633
4973,988
3114,1557
5891,2790
471,324
2966,2625
209,324
3998,557
5546,1035
414,729
1701,900
3237,3061
3798,2374
5921,1851
4407,203
3505,1563
5011,2569
2996,2625
93,2219
5852,1872
3262,1963
4090,2374
5633,2508
1875,2342
1106,848
500,1038
290,1228
539,966
3669,1563
1688,1203
510,2665
598,2512
1613,1029
5816,1811
3564,988
1552,3005
3549,865
3301,1517
5492,2626
1550,865
3437,1563
3720,1851
2591,953
91,1526
3958,861
3068,1292
1832,1086
154,2979
4137,45
1260,860
4271,45
317,2219
5010,384
426,1573
1742,2482
5087,954
2750,959
4479,2037
2040,45
3000,2827
4179,2684
786,953
5342,1099
5625,606
1808,45
4030,467
4601,1976
1731,1518
2070,984
3675,2750
3021,1206
3569,1011
4713,2567
4322,467
2579,1211
235,45
4193,996
2457,467
1703,759
2086,2217
2590,996
4087,950
2862,2623
4505,709
3350,1623
3558,606
1051,954
4581,704
3664,1032
246,3186
1962,996
3836,1489
3574,1489
2696,991
2198,714
2646,2567
1553,949
2439,3028
2163,878
5900,921
588,1206
3944,1557
2674,2521
4797,1244
3874,37
3609,520
1244,729
1061,1776
3649,858
3430,2625
4822,900
3168,2625
553,996
157,996
2115,2126
1769,1489
3074,519
685,334
1075,519
1757,324
3876,1557
2992,1244
4717,860
1857,1844
1461,1844
5320,2816
335,1244
736,2342
1447,633
5282,1019
3719,2862
4297,1563
5811,959
4524,2508
2426,3061
1139,638
929,828
134,1119
2090,860
2649,100
293,3061
5776,2816
2579,1963
779,2173
395,1244
3246,2426
2382,860
781,2219
2462,1563
5705,1071
5054,1518
3627,24
10,1029
2722,1086
140,1260
2152,2626
4822,1518
97,1563
5250,467
52,100
3553,1364
566,321
3800,1241
252,1851
4243,2750
3601,1031
4795,1011
1972,2816
3074,1487
1952,2349
4574,2705
1851,954
5574,1099
596,1260
2175,1051
2989,1564
669,984
2255,2508
5906,525
4799,729
2646,1575
3814,334
5500,3028
3088,230
5686,0
2239,2914
1095,45
2097,1518
1531,2827
2781,2150
2929,2802
1908,2750
4666,1489
5365,709
738,1851
5254,878
2730,1811
3085,467
4019,2028
8,2914
5545,2747
2486,138
4392,324
2848,2217
4798,2705
5133,709
5632,2342
207,2750
3971,1206
2981,467
3299,3028
5847,991
5533,2521
3782,2623
901,1976
2465,1489
4330,1674
2203,1489
4734,37
3298,709
1818,2028
806,3028
5687,1244
2921,2829
5414,1085
3799,294
2674,858
3929,525
4858,988
4481,1038
2142,2660
1922,2162
1526,2162
2293,2829
1082,990
1123,991
3189,900
1602,2157
1931,935
136,1489
1619,2326
4193,756
1596,2342
2618,1084
4787,2626
219,211
1750,2028
1884,2028
5516,557
5649,1086
3949,2466
2356,525
5189,1101
1499,2567
2,334
1523,709
3317,2374
1965,2747
5368,2914
5827,984
3493,1260
5449,1563
1553,709
1790,2342
1394,2342
3242,860
1528,2342
54,1032
5652,1518
3642,952
3114,2553
381,2558
2542,1573
1416,946
1481,3061
4031,1851
3063,871
5286,1518
5625,984
1437,2173
1845,1244
2330,2979
3770,2426
4135,861
311,1573
5833,2037
1115,3061
1139,1203
1175,860
987,1563
508,3026
1538,1851
2536,953
853,1748
2076,2816
5772,606
1568,1851
2257,2827
5913,996
5319,1011
3703,3028
973,860
5422,2829
4769,729
5213,211
1047,1748
5250,1032
5943,996
3243,949
4115,878
3836,2217
5252,324
4340,996
1208,1292
5690,1489
1230,1051
2149,45
4600,519
1535,2037
4123,1119
3407,949
4385,2028
3394,2407
1491,984
835,1811
4,193
5062,1489
701,2750
439,2750
4028,2171
1324,2914
2996,1206
1182,1518
523,384
1290,1051
2088,1031
4374,714
759,1011
3715,489
3107,606
1774,467
2092,3028
4234,2747
3825,1007
2641,991
4712,1244
5360,2219
5623,1101
4702,2219
3527,37
61,1211
2590,2342
3889,1557
3450,729
2013,991
1041,858
4023,1557
4346,1244
55,1581
2686,710
4012,3061
5374,2625
447,1031
2931,3143
5402,1640
937,858
2544,253
3517,988
5334,193
5158,2219
772,1730
906,1730
4003,100
1143,1084
2574,253
4203,1851
4540,1244
228,704
5553,2344
2870,2466
60,2059
4442,1086
887,525
1458,314
2540,1019
4033,100
182,709
553,2342
5664,1020
4831,1019
4569,1019
2772,2466
783,525
4034,860
859,520
4912,45
4263,1851
4057,2914
4191,2914
2370,557
3739,1292
5524,959
2432,2374
2461,860
4814,45
1398,3026
5861,729
2428,1851
3918,661
2166,1851
3355,1487
5631,1206
2069,1918
219,321
108,1244
293,1963
2361,1918
601,2466
3853,774
3009,45
4854,709
4757,3028
4325,1119
2217,984
1312,2827
3826,1206
835,953
5172,991
43,229
5082,2037
162,860
3959,954
5490,519
5927,520
2184,2914
4864,996
3184,3028
5434,1526
5788,334
5881,525
4512,729
5310,709
1669,1128
421,1851
4180,1653
3886,1206
546,45
215,2914
889,384
393,3186
3736,858
1969,1016
2767,996
5121,2126
5315,2342
4113,966
4600,1084
4338,1084
3482,1099
5216,2521
1539,1031
4281,1489
537,1221
5468,1244
2771,714
606,45
5134,3061
2847,709
2585,709
4610,3061
1192,519
1086,1032
5699,2466
5632,1244
4581,37
3617,519
3658,520
4897,1963
3644,2342
5636,2302
4790,3005
3165,1526
617,1119
4270,525
5661,1019
5427,34
5072,1563
3067,3061
1023,467
362,950
59,949
647,1119
4705,988
323,1372
3817,2219
3097,3061
2573,3061
3621,1526
4861,1851
1622,1526
5772,984
4924,860
1078,1813
42,729
4468,994
5287,1851
1586,2219
3704,598
271,966
5747,523
1433,2162
2998,557
2640,2569
3228,1019
5127,2508
5704,45
2684,3026
2604,2508
2392,2625
5844,2684
4949,1051
5871,1097
3717,1718
1162,1086
3735,45
5241,1051
5389,949
598,2626
3586,861
4947,954
1565,321
5513,3028
5633,878
4454,1206
1754,193
4244,2150
3381,2684
3667,45
5110,729
396,2626
2366,2827
3756,467
230,994
2504,1606
2175,384
4364,858
1447,3028
4063,2623
4739,1674
4694,211
4341,2567
4313,519
1906,2037
3707,709
3688,467
873,2914
4340,2342
5052,858
387,954
4506,1099
165,2827
4545,2747
1427,467
4661,2141
4442,525
3038,1489
2160,991
1583,1919
3410,314
1441,523
3442,37
3046,37
2447,1206
2896,1032
3897,3061
110,1211
3506,961
2069,2162
4357,952
3460,966
3076,37
2985,858
4077,3005
68,3028
4776,2225
4017,2173
2637,525
4353,3061
1739,314
967,966
4806,2225
4854,953
3270,37
406,525
1405,37
747,37
2435,525
4014,2790
4941,2426
2872,2219
1485,1844
5492,1748
103,1813
1161,966
3454,100
2856,2625
1725,900
2981,2512
756,1038
132,2342
234,525
1341,1260
2819,999
23,1244
642,2979
2001,3026
1605,3026
2373,1851
3508,2914
4260,2549
3109,953
2847,953
449,1244
2424,1035
1111,3026
1679,100
115,3061
4196,2914
3934,2914
1031,2508
2914,1020
4596,0
1870,984
44,1666
942,2816
4306,3028
306,1851
5271,704
4913,996
3901,2750
2569,3028
670,34
1629,871
5404,1206
3913,2171
5878,2028
3143,1206
4643,704
2683,1221
2867,3028
5143,2747
4967,2521
2682,996
4559,1006
4350,832
2820,2623
3210,334
1749,10
4046,606
5088,946
3756,1032
3123,2028
154,1564
5505,2173
5804,520
4172,314
3630,519
3134,2567
482,467
3575,2660
5834,520
3035,2157
1053,1195
953,991
4817,3061
2112,950
2241,606
4602,2126
434,3028
2168,478
907,996
366,1581
587,991
2956,709
4184,1963
4166,633
413,57
1610,2028
3506,1526
675,996
3691,525
2698,2521
4337,865
751,991
4666,3026
2750,3061
329,709
5774,953
5675,193
2718,1244
333,2521
56,1489
2379,1963
70,606
730,2342
3880,2625
4600,2914
2807,1851
4338,2914
1043,1526
2882,1244
5760,1031
4836,1851
2203,3026
4630,2914
4401,2862
2971,1851
5089,984
677,1526
2150,921
1053,1813
2888,1035
18,1331
5911,45
5387,45
2104,172
3263,1851
1103,1526
2378,2626
2877,95
577,921
3136,2426
2895,1051
5562,3028
5269,2217
761,984
1167,2426
3052,45
2572,2626
1966,2816
383,1563
4495,729
4629,729
5229,2976
86,2508
5390,1581
5407,996
5541,996
3269,2150
1920,2821
5154,1489
4758,1489
4892,1489
148,1292
2568,9
1787,2827
3361,3028
3595,980
5513,991
5771,2747
1217,984
3572,996
4922,1489
806,861
4936,606
1119,45
3773,878
3489,1119
4910,324
3227,1119
302,954
5749,1244
4698,37
2774,211
4473,858
414,1518
1230,10
2735,606
3227,314
1926,2157
4166,2219
1248,0
2962,2490
5639,2553
1535,996
1273,996
5920,1260
1215,991
155,1011
5535,860
886,1489
3417,37
4275,2512
4106,1013
5174,100
5898,1851
1736,878
3712,1244
44,1560
5699,860
5019,1101
258,1489
392,1489
2221,519
228,334
3378,3061
3467,100
2959,633
5414,2569
3742,1244
865,2059
5333,860
2953,37
3864,860
3325,3026
1167,1084
5490,2914
280,1032
3697,1851
467,858
3047,988
5865,2976
5293,2750
5699,994
2896,2512
2469,193
1772,1019
5851,45
2358,1116
4123,1851
5258,2914
1237,860
3238,2626
373,2512
3322,1573
5620,1051
3980,2482
269,2162
3393,2914
2555,2569
1738,95
3516,1035
5384,959
1517,1035
5789,2176
4580,2827
4272,2482
5044,1241
3798,2037
522,3143
1506,95
3942,1035
4833,1206
433,1573
3501,1292
3733,861
5414,959
1382,968
255,520
1943,1035
102,1244
389,520
5525,9
3170,2626
3587,2914
3191,2914
3229,954
5753,775
1670,95
2297,193
1091,2862
4613,1031
94,952
3655,15
5618,1489
3284,1011
3879,2914
2086,1851
2473,45
1700,95
2956,953
2974,1724
2221,2426
2632,1206
4443,2848
1060,1051
5683,729
5762,1776
1458,1851
4670,760
1782,2914
5770,324
4858,996
329,953
5169,858
2068,467
124,2426
5146,2567
4722,519
3807,139
493,953
1098,1292
2354,2150
1791,2976
1555,1945
3715,1489
3319,1489
3742,2346
5299,2378
2307,991
5282,519
884,959
4523,467
4913,2342
2936,1724
4808,828
5288,2219
5329,2028
5501,2512
5490,633
3043,1032
5431,992
348,1329
2733,991
5397,2512
4277,37
3345,966
10,2623
4903,2162
1169,138
2425,996
2029,996
2763,991
2625,2747
4115,1557
5297,2466
4736,709
4834,1244
3336,1038
2456,467
1246,1674
3128,2028
3221,2219
393,1206
117,3028
81,1119
172,1237
3210,525
5137,2342
5471,875
1145,2157
4140,1563
819,1206
2397,1526
728,2219
5677,2821
3029,1244
1494,971
38,991
1628,971
670,709
1323,2028
1696,324
109,1581
4073,2569
4773,1260
5934,1292
4564,1086
2936,2342
2841,2482
3262,2512
438,709
675,2342
1191,946
5481,384
202,3061
5004,984
4355,2790
5544,2426
1543,1748
5616,959
950,2173
1278,3143
2782,1851
1635,2626
1870,988
2258,2790
2249,984
2717,860
2133,1563
1044,64
2675,45
4936,984
5555,467
1900,988
2656,3186
2880,450
1283,1019
426,3061
4318,9
3363,45
1593,2349
5342,709
2707,1811
1148,952
2366,1518
4551,1119
5322,996
5456,996
559,557
1051,1019
1213,34
1515,2816
221,1851
2735,984
4082,1206
4828,996
673,2914
15,2914
717,3186
428,3083
1616,774
5361,2398
3881,334
338,1096
2702,2914
909,1851
4589,606
4608,848
1820,954
5261,2167
5516,996
5582,2747
420,2037
165,1518
2395,138
4471,1489
44,999
541,1051
4209,1489
286,2976
943,1031
3136,523
2740,523
5541,2342
2210,1489
3285,57
3281,2567
3171,709
3711,2151
2909,709
5720,1526
4650,858
3562,2028
3992,858
3426,2167
1013,2150
3764,2162
3757,991
1024,996
2720,2126
4643,37
4722,1084
3572,2342
2784,606
3718,2167
843,3028
545,1119
531,1221
4132,2157
1124,45
733,1355
1392,991
3365,709
3463,1244
539,523
1448,519
2000,1032
3562,2162
4049,1526
2434,1489
2914,2126
501,1355
2750,971
4176,520
3615,2173
5414,2492
2917,1084
5515,100
5843,1851
545,314
3952,253
1821,858
993,2167
1344,704
3657,1244
1167,1007
1904,519
3585,3061
3720,253
5349,1851
2766,3143
5468,984
1833,2157
105,1489
263,2829
1688,1244
1164,1244
3776,1851
3380,1851
4911,2914
3716,1019
397,1489
1456,1244
5796,45
393,966
3127,1563
2731,1563
1908,1526
5400,984
1479,100
4445,1020
4959,1241
4045,1086
1286,3061
2493,1748
3085,2626
762,1563
4700,384
5787,467
3565,984
1560,2482
3152,2508
5635,2705
4139,1606
1739,1851
2778,954
5563,2802
5870,478
1596,984
3715,2217
5647,2126
4760,384
1498,45
5746,950
1537,1851
5114,858
1132,984
268,384
5099,1489
1183,949
3423,1011
5924,848
2216,45
1655,1698
4053,2346
458,666
3404,1119
694,384
1965,3028
2696,1032
4654,2162
1922,2577
5795,37
3002,1489
5521,966
2386,991
5308,858
4320,946
3817,2577
3089,1084
847,949
2617,2028
3294,1489
2161,2162
2011,3157
3857,848
1920,760
4019,3061
1003,334
4990,525
160,3028
2174,2747
2308,2747
1902,2059
4779,1244
4656,2342
4423,828
4982,2512
3120,1844
1093,2829
2502,519
2657,2342
1492,848
5661,2800
1467,37
107,519
1108,858
3408,971
2453,1007
3493,520
1952,3061
2080,1526
5891,1518
2709,946
4905,1086
5030,34
4904,861
888,2157
3902,1051
2083,1019
481,1244
4228,2914
4687,984
5200,980
3830,3026
996,2225
2236,860
522,2342
5637,954
3108,789
4455,45
4258,2914
1277,2625
5668,1206
5814,1031
2188,2482
4536,10
5620,384
2891,1851
2629,1851
911,2625
5885,1032
353,2482
1830,2750
765,2426
830,2821
3383,1128
243,1563
1512,2626
5268,467
1571,954
5031,2217
188,1260
1598,2750
4979,714
2814,45
88,1029
4637,950
419,45
3631,1206
2941,759
5631,2747
3743,858
5245,991
405,1086
324,1097
2851,2155
4423,775
2593,3028
4135,2028
5198,1525
321,984
888,1031
3371,1228
5229,996
316,990
416,2914
1873,1776
2169,606
5403,1526
2058,775
2713,2167
464,861
496,3028
2910,991
2443,1525
3589,525
3256,2567
2595,606
1363,519
4836,489
476,1221
4381,848
5538,946
3631,2979
5847,2455
102,606
5100,1851
1650,2777
3176,1244
1831,2034
1213,709
3238,3061
982,3028
2162,858
1604,2028
1863,1730
1007,991
1090,2157
1989,2219
2670,860
5032,1851
745,3061
5643,692
3370,1244
2951,1260
975,1244
3659,34
5324,1851
4928,1851
5711,45
4439,2626
5585,1626
1846,756
2611,2508
2310,2553
2279,988
2667,2790
476,900
3563,861
350,37
2810,1563
5822,384
5552,523
370,100
3916,2827
4642,1241
5784,1031
832,1851
1565,1244
2435,2790
5085,2750
1303,1244
3684,225
951,2482
884,1260
3539,1564
4402,1939
4759,2176
3257,1851
2572,1748
2292,2862
4671,1016
2867,1292
5941,991
1280,2549
853,984
2854,2750
3287,1851
258,3026
392,3026
5497,950
347,1563
5634,1221
4968,606
5670,878
1026,1851
3278,984
4491,1206
3099,2150
5709,991
827,860
895,994
5925,996
984,2914
4231,878
5796,1525
3294,2217
4060,996
5410,1489
3936,2623
5028,606
5575,775
3714,709
5739,3061
3617,3028
5037,1099
1434,467
597,2976
3982,1813
2237,1730
1980,384
3198,950
5484,633
339,1031
2331,991
1935,991
5429,1084
5702,2374
3357,606
5949,3005
2152,467
4324,1526
5634,900
1365,996
3159,971
1421,2059
3654,950
5206,638
978,1489
1131,950
4226,1526
1867,991
5754,978
5692,100
1707,709
2594,946
448,519
5323,2862
1172,1489
3811,1260
1202,2829
2231,1244
5561,2626
3723,100
4957,2862
2287,1526
2025,1526
5913,984
2086,489
3391,1963
2753,952
2138,2342
402,1813
2130,946
246,519
2765,2625
131,946
241,525
4317,34
375,525
3470,1101
3700,1563
164,1244
451,520
3911,2914
5531,1016
316,2173
5217,1206
564,2625
4303,1051
4385,861
1871,2482
823,1573
575,2225
3658,2976
714,2569
2541,1903
5119,1206
4084,2976
2155,1086
2303,984
2051,2426
298,2482
36,2482
5379,729
5411,1206
5149,1206
4918,519
4739,3028
2540,523
2474,2155
4950,996
3150,1206
567,24
2377,2976
21,1019
5642,1489
2811,959
4662,714
5238,1813
5650,37
5949,858
5425,858
4456,996
2422,1564
5339,525
3140,1026
1634,959
5140,2567
4768,709
5112,519
4710,704
2005,1811
1267,384
2060,20
2524,878
4311,1372
2225,996
411,3028
2563,991
5544,2219
2696,1520
3171,2567
3833,966
1343,729
3662,1084
2913,996
5662,2625
1259,1031
735,1031
3534,525
2527,2623
4191,1963
528,2623
2548,467
2701,709
1951,211
2833,828
3392,2512
3650,858
1277,1206
1464,1032
3117,1526
3160,2162
286,996
403,1581
2141,493
2734,1007
5738,2219
2731,709
2829,1244
2968,2342
4845,100
4366,1563
451,467
4663,1557
2885,1526
5624,2467
712,996
5426,2482
3466,525
2062,1489
1750,2126
5413,3186
3804,520
424,714
1000,1813
2765,828
3514,946
1134,2567
2525,3061
3311,1526
3049,1526
3625,2625
614,996
2432,1557
1050,1526
5010,860
664,709
5602,1903
2353,860
3030,321
4771,2914
5127,2549
32,3061
3714,953
668,2521
2963,2482
792,1244
5248,974
931,2342
324,3061
459,253
4397,1518
4243,1051
858,901
3438,1031
1209,2821
2353,994
226,3061
5384,996
5392,2577
3088,1564
502,865
3903,959
5265,523
2940,1851
5319,759
93,2508
807,1851
5153,1221
1677,953
3566,34
1840,193
5422,2577
157,988
4959,1355
597,1260
5547,1525
3619,45
203,3026
158,1563
337,3026
4548,2171
4254,1724
3858,1724
313,1851
5091,878
3630,3028
765,2914
3184,467
700,984
304,984
3387,45
105,3026
5233,1119
730,45
4204,1206
3610,467
795,2914
3214,467
3794,3028
3136,3028
991,759
1827,1031
978,2217
5262,709
4973,606
317,2508
470,2750
3359,1006
1501,1211
2678,1776
339,954
4035,996
5201,1372
4111,991
1199,1031
1225,0
5908,2173
1801,1099
1116,996
5663,2342
5313,1963
1784,2623
3138,606
2765,775
882,950
1465,3028
5319,438
4331,334
1194,1976
4318,1038
4978,1084
3689,1244
3195,709
3002,314
3686,946
475,949
3355,3061
645,606
3214,2829
192,1011
5579,1085
1838,334
2693,848
368,2176
3647,3061
3909,1526
4618,525
1844,2219
5141,1963
2553,2157
1221,900
3420,961
5441,1851
2487,756
729,37
2502,633
3090,1557
2546,2625
5477,1292
3273,860
1143,966
3481,1563
599,2034
494,520
3219,1563
3632,978
952,3061
3636,1851
5895,2155
3347,1748
5549,1518
4279,2482
5890,2750
4429,2426
58,525
248,2342
1634,2492
178,2512
3594,2914
4430,3186
2799,953
5911,944
1382,1086
342,2512
1018,1563
1107,100
4900,1206
2264,952
1950,2482
1363,2914
1803,3186
1688,984
4757,1837
3790,2802
5767,10
1370,860
1461,978
1599,1851
874,2349
4074,467
1859,2155
3734,3028
1251,1518
2553,1031
734,999
2726,959
5720,729
3932,10
1078,1748
3842,467
26,1851
4895,996
1882,984
360,384
3588,1489
3993,2706
4399,950
2525,1211
4452,3028
5546,1084
56,1851
4572,878
2863,1206
1768,2171
5513,2829
3799,2059
4291,2521
3490,1489
3094,1489
1877,1525
5197,2219
2662,519
2765,1206
2166,2567
2355,3028
1959,3028
1522,775
3387,960
5001,1526
976,1016
2566,996
1765,3162
2051,523
2482,709
1422,729
2220,709
1931,606
400,1206
4748,2342
1685,1489
3942,966
277,991
4933,3061
2401,878
1609,1844
826,1206
1403,2126
3204,828
4439,3061
1404,1038
2546,828
3026,2219
2771,946
1315,966
5042,321
363,519
3995,3020
5860,953
3802,2625
806,2028
4530,1085
2408,1244
4830,34
5872,2626
4781,1835
1491,37
3807,875
5154,1851
3549,1748
4323,2862
4615,2482
5027,2426
3396,193
1839,2790
4470,2508
707,1244
846,2342
5175,45
2793,839
46,946
5175,984
4440,1518
4765,1086
5577,1903
2256,984
4257,2750
79,1244
480,2342
614,2342
5077,45
2682,45
3427,953
1781,2569
5107,45
2230,860
3625,2816
4918,523
2822,1903
3591,953
5924,1206
2450,984
4886,3028
2687,523
2887,3028
5173,991
1824,2750
5112,523
1562,2750
19,172
5128,467
1041,45
1402,24
2917,3028
5180,1007
267,1563
4379,729
4626,606
1554,953
5432,2167
3887,1206
3215,3028
882,523
2365,606
5712,2157
1772,1031
5276,314
4216,334
5439,1244
399,2217
97,1128
883,2037
4104,1032
380,2914
705,984
2907,0
952,861
346,1051
3532,991
285,775
2731,3157
2411,1489
3610,1813
3627,1228
4631,1084
3601,946
2533,324
2180,960
5857,952
5895,1244
5760,1019
5543,2482
2080,729
3874,704
2571,966
595,950
993,996
2209,1489
5651,860
111,729
1365,760
3068,3061
3763,2162
5127,2553
4834,988
431,1084
5692,1019
5461,1086
1644,525
2604,2553
1578,2157
4959,875
1555,2173
5782,1851
4835,1748
4439,1748
3573,321
1489,1526
4737,2344
3596,1244
5750,34
2341,988
3855,946
4964,2508
939,1244
449,858
2229,2625
3984,952
5026,1292
1560,2466
969,1244
430,966
2551,3026
1293,3061
3447,1097
4978,2914
2762,994
3715,1851
14,2219
3319,1851
5494,1518
5833,984
4211,3186
4794,1292
80,1526
5716,3028
3631,1564
2932,1563
5538,2914
2635,2508
3401,2041
3998,45
2778,2816
1140,321
3979,3186
4142,2426
4109,34
3849,861
683,1573
178,2569
1327,1086
2208,2821
3379,1851
1619,1086
5044,2705
1439,337
2233,2827
1338,2914
4703,1099
1974,1031
1122,2508
4381,1206
4445,467
2044,1211
3525,467
844,2914
1567,1811
4182,996
2778,1206
398,2827
3460,1011
4621,1043
1305,2750
1604,1097
1997,991
5733,3061
3419,606
3092,211
3267,966
4084,996
2680,1206
1952,467
2430,1031
2758,2028
3054,858
5385,1038
5701,520
3230,2777
3454,950
262,1195
3705,37
5231,1510
941,729
2763,1032
2377,996
4295,253
5530,988
1853,996
5664,988
2125,2623
5172,2219
5251,2512
4547,2167
4285,2167
1903,709
877,313
3667,253
4961,2157
147,467
331,3028
4553,1019
5784,100
4354,3061
5299,1748
2054,2167
3785,100
5841,1573
247,1206
5858,988
1830,961
5076,952
4322,1244
1679,950
180,334
4048,860
2334,2342
5350,2625
3175,706
4859,321
46,519
2698,525
4613,1019
1378,2126
5444,193
364,2521
1891,3061
2232,321
4045,2790
2255,1244
4594,3005
323,2466
1782,1963
1921,3061
2318,253
312,1526
3010,2466
497,525
2585,193
5336,959
19,900
4429,2914
3033,1487
1978,1851
4232,1811
5589,1031
779,2466
2262,2549
3464,138
923,875
5916,1776
477,34
2657,45
2395,45
1341,1573
4400,2684
1207,2512
173,1851
3242,1206
5176,996
17,557
996,2827
247,1019
2519,996
2589,45
5488,709
4541,606
3406,1206
4906,704
131,2914
2338,3028
5010,2747
5365,2157
2619,45
5493,2342
4001,2705
4309,606
2561,1006
5747,946
5351,946
96,45
3895,966
4719,2167
3757,1032
4206,858
4123,3075
4778,2747
4864,2521
1321,1031
498,2684
2597,821
5262,2567
3113,1869
3447,991
65,2802
999,1919
1859,2777
3672,520
2345,950
4222,960
3812,2028
4567,1372
929,3028
5548,1244
5687,2342
5129,1260
4017,1844
1216,991
4818,3061
3527,704
4003,633
1877,858
2025,729
2234,314
3003,2747
5675,2466
1227,1099
4353,988
3353,1813
4336,2512
239,2126
3995,2219
5615,321
1250,709
269,1776
1371,2167
1326,704
5637,1019
5802,1086
4389,1742
1168,2747
734,11
2256,988
4857,1029
349,2829
1022,828
5600,1487
2355,1906
4863,2914
4849,3016
3870,2466
4807,2790
171,2126
4909,2508
2811,3061
230,2706
4528,2816
3296,100
4214,2626
5551,2914
5486,984
3958,2821
3154,3026
4774,1128
976,3061
3517,45
208,1203
5516,984
2379,2626
2796,2914
2001,953
3517,984
3399,2426
943,1019
3037,2976
2580,2508
4467,954
5898,2567
5769,467
4185,1241
1781,24
3764,2150
154,1101
2498,954
4480,1724
3053,984
4150,1031
1063,2790
5541,1525
5417,1489
5693,606
2475,1128
4739,1776
670,994
3686,523
1227,1851
5191,1119
4034,1206
1283,2914
3362,3028
3701,996
1218,984
2035,1206
2713,138
1644,45
3094,1119
5649,253
5823,1372
2199,1206
1605,1221
889,1051
1126,2684
4393,334
3408,878
2229,1206
1501,467
1805,878
1634,996
985,2802
5831,1963
1452,2453
1906,2623
2642,971
1620,2037
835,10
4066,2167
2056,2567
3709,3061
5071,2625
1022,775
5347,988
2893,2660
2468,1730
4494,520
3443,848
3940,900
2615,2157
491,1489
4672,2512
4135,3061
1117,2705
1452,709
2740,324
1145,966
3975,1244
1838,2623
813,2829
441,971
818,729
491,334
192,1206
4244,321
1642,3061
2032,1526
1643,253
3604,900
3398,1963
3534,2790
3732,1085
5769,2508
1605,900
548,2157
1205,966
5126,2816
4094,1851
3698,1851
2638,2625
3099,3020
38,2028
1934,1526
2772,2625
5706,2344
3176,988
1870,952
3499,860
5221,959
3445,1563
1697,1963
3049,1563
2359,1116
936,1084
1178,3061
1446,1563
3602,988
5621,1051
4625,1086
3663,860
79,1813
1593,1963
290,2225
270,2512
1125,3026
3948,2914
3758,2790
376,2157
3764,1292
978,2225
1998,1086
242,2342
696,2512
434,2512
4454,3028
4449,2684
3554,1051
753,952
1578,1035
4339,45
2596,789
1453,3026
4142,2914
33,1013
2677,1128
3562,1292
1485,2914
3166,1292
4804,0
5881,334
5946,729
5816,848
1941,871
5657,37
1064,9
988,953
342,24
3716,954
5037,709
5381,519
5687,37
1609,1421
3532,1776
4502,2802
756,953
5086,1510
2283,3028
3463,858
2124,2217
2966,991
4543,709
303,45
2916,2567
1042,384
1859,606
5489,1526
3605,1099
4995,991
2550,2217
3231,858
1892,2217
2000,996
5337,1105
2024,2521
467,45
1280,2777
5917,633
2656,519
5699,2625
1284,1206
2803,946
115,2976
5097,1244
5236,2342
4296,966
3344,519
3781,520
2738,709
458,467
2801,2162
3288,1526
2630,1526
77,775
4598,900
4640,2065
533,991
4927,3061
2506,709
5370,598
4492,100
5832,2349
4820,1851
2660,1526
883,996
1837,1489
4610,1260
2884,2173
425,2747
2291,1844
4216,3026
2161,1963
4532,2508
275,709
3924,2625
603,16
766,946
4707,2482
3322,1244
2664,1244
5088,861
2,1489
877,935
4201,1563
2988,3061
2764,2764
1758,3020
593,1526
4743,984
2262,2553
5514,861
5706,1031
3284,2426
1294,2512
2969,321
2857,1019
3156,1086
2792,1563
2575,3026
2819,1666
525,3061
3209,1851
1825,993
1887,2625
2289,1851
3053,557
2741,2914
2345,2914
1,1748
2129,2508
5174,523
5843,2567
5848,467
3033,2914
4452,1292
3041,523
1411,952
1053,1244
1452,953
307,865
5399,991
3007,1851
4939,1006
4576,954
2998,45
5878,467
2998,984
3801,3028
5091,996
278,2914
3215,2150
5409,2059
809,860
2080,2750
353,994
1920,24
3807,1099
3518,996
3790,2623
5584,878
940,1851
1733,1487
3434,709
3516,519
4779,858
4517,858
2638,775
933,1811
3526,1237
2331,1032
1935,1032
1287,996
3969,2157
4669,848
479,1991
3579,467
3336,709
2518,1016
1318,467
1317,996
668,2802
1831,1217
1517,2747
5787,3061
570,954
2001,2567
2548,1016
3850,2219
648,1776
1348,467
3782,1526
93,211
1464,1581
1481,996
3370,2521
4163,2157
405,1237
4896,988
1826,2162
4701,520
1564,2162
437,960
1266,253
2014,2398
1981,2450
5472,3026
2693,966
4625,875
2443,37
5710,1851
2446,2028
1232,1581
5322,988
1849,991
4278,952
3920,1244
2385,971
5249,860
496,2829
5288,2508
2928,3061
1120,966
4927,1748
3950,1244
1900,525
2829,988
4248,1086
30,935
3414,860
1723,1013
2979,2625
2717,2625
117,2028
1228,253
456,2625
327,525
4141,34
3211,100
1642,1963
1781,3061
1385,3061
5720,1518
2212,2466
5475,2626
1943,2426
1638,100
1204,3026
338,633
3369,2914
3170,984
1702,1963
1044,1963
5436,954
3858,45
3661,2914
4755,1724
4731,384
680,2625
2476,953
1974,3186
640,193
5097,2777
5727,729
1374,1851
2017,2482
4577,1206
3021,1776
3771,3028
4917,2028
1742,3186
4716,991
4062,2453
10,1086
1928,1097
2449,45
5452,1032
4409,467
3707,949
4947,2028
5243,858
2870,1206
275,953
2197,2426
287,24
4012,996
1918,759
4963,2157
3264,729
4942,2219
2624,3028
4900,2747
3258,1099
1915,996
830,959
4092,709
2726,1211
5368,2219
4960,704
1812,467
1246,1776
2392,3028
2640,878
5853,921
2618,2028
2536,3157
2417,991
16,45
5936,3026
5466,633
3778,1084
3415,1032
2910,2028
2850,2162
5037,900
4117,900
2792,2157
1687,714
448,991
186,991
3546,1084
4843,253
1322,966
4185,253
788,1032
5688,988
485,1031
1075,2028
1794,961
3022,525
3982,2553
3538,1573
3519,1331
970,3143
3941,1963
2945,1244
164,2521
1439,211
2022,37
452,709
2014,1085
171,467
952,1032
1470,2126
4,1458
5713,994
2881,828
2972,946
2092,2065
3982,1748
3005,1244
4530,2492
901,1228
4280,1563
482,1244
4688,45
345,946
2236,100
5078,2482
3500,1573
148,3061
4950,984
1181,2157
2615,1035
4234,1918
643,946
440,3061
178,3061
4379,1518
5931,1206
3365,193
4569,861
5726,959
537,900
676,1244
1807,875
3561,1421
706,1244
4226,2750
5766,334
2913,45
4095,954
3191,1487
5863,1206
5264,2567
4873,467
399,1851
1875,1517
3864,1206
4417,1355
5334,2747
5120,2037
319,3026
2098,1939
5790,519
1939,1128
3160,1211
3974,1724
5684,1032
305,95
1573,24
2080,1518
930,1086
2201,2976
608,1035
3037,996
3375,991
2000,1939
2656,523
4139,606
4686,775
3514,3028
5502,1526
245,1518
4417,1489
4155,1489
1285,1031
553,2802
4238,211
614,45
3117,709
679,2914
1219,384
3617,1032
4388,909
4066,858
2888,1007
5375,946
2615,848
2578,966
3261,996
2201,1016
819,3028
5366,3061
1240,991
381,1489
2376,966
3339,1013
1564,2219
1156,704
798,996
5005,988
2424,633
5774,2482
5908,2482
1630,1526
164,858
3207,1244
5852,860
545,1489
1086,1813
2418,37
312,729
5134,1748
632,1084
5747,2914
874,3061
4330,2862
4294,953
1794,1526
961,1525
5474,1035
3633,1244
5752,225
2252,2569
108,2777
1144,828
4702,2626
3305,1563
583,37
1369,946
5182,984
1742,2625
5085,1051
1536,1244
2993,860
430,1084
2904,2508
4092,953
5007,1518
1409,321
3284,2914
5128,2976
1095,1851
3085,984
3826,2150
1207,2065
3782,1851
1292,860
4530,24
842,1563
2656,2914
1558,952
3606,1221
5742,2623
493,978
703,2508
893,1851
4754,1206
750,1573
1274,2482
1785,3186
884,984
5378,1006
2623,2750
3647,821
672,1101
685,3026
5014,729
3487,2037
3778,523
1319,1851
4971,1032
1247,2914
1949,3186
452,953
4600,2028
4338,2028
5458,2059
1423,861
1405,1221
5178,729
1312,2750
3546,523
2918,954
4702,211
2737,384
3292,606
3880,3028
3830,1221
3866,878
4664,858
2478,1032
3771,991
4613,519
2235,523
2620,334
1315,523
2717,1206
311,1606
989,1292
1465,467
2533,2028
2256,996
1607,2802
2629,2490
5479,37
5214,520
3111,729
2388,334
4316,2753
2934,1032
3935,3061
1813,3028
1114,775
1119,1119
1890,996
2248,704
4439,1813
2352,2747
1957,3157
3669,848
4037,1244
1943,1007
4764,2512
440,1211
3965,3061
1433,878
3744,1372
1099,1032
837,1032
1270,2577
4329,1244
2213,2157
3409,520
5621,978
2314,519
2949,2979
1123,1776
321,334
1575,1119
3956,100
1492,1084
2167,2162
3492,2625
4493,1244
85,996
1039,1489
4261,1086
2134,709
3769,1563
1967,946
5663,988
4582,1851
4523,1244
2026,1526
4829,2482
1479,633
2725,2466
1988,2173
4106,3026
3537,1563
4010,2914
5825,1292
2685,946
828,2342
5258,2349
1568,1563
4040,2914
3732,2569
1985,1851
3153,2862
4633,984
3280,193
2762,2482
602,2157
719,1244
2620,1086
2224,1086
457,1244
1976,984
334,2342
3591,994
1563,2508
4471,225
5364,1031
766,2349
5537,959
4387,2217
206,2133
4916,467
5413,519
5050,467
1973,2914
255,1244
1475,193
2417,861
232,1260
1952,2976
5577,334
4797,2623
2209,1851
2210,2453
826,2349
2740,2426
4913,704
1036,2344
4035,960
4745,2059
321,1086
5043,935
5263,709
4979,950
1360,1128
2175,523
5258,2028
1285,954
3525,1016
2509,3028
1750,2976
365,984
509,2426
1309,789
2197,2914
3275,467
3345,1206
2278,1001
2297,1051
2751,467
5185,1526
1212,1206
2750,996
1894,1011
4665,709
2724,714
5814,946
5624,2512
3144,519
4407,858
100,2914
2555,878
2921,2167
1376,1206
3203,1099
2914,996
2990,991
3200,2521
5323,1244
4269,520
2940,2567
4827,1013
2944,996
1956,1084
1102,980
2456,2346
1098,1211
3097,2342
5380,34
1500,2157
1109,57
3544,1526
426,0
1943,633
723,2623
2999,2342
1263,1813
3028,828
1410,520
1416,2028
1712,858
3847,2816
2917,438
2299,1557
3548,1244
600,314
3934,2569
1343,1526
947,1526
1088,253
430,1007
1043,2173
659,1244
3687,598
827,828
2503,3026
5261,45
5263,1811
5268,2155
4170,193
5465,225
2866,984
3733,2821
1704,2979
2750,1748
623,1563
1163,3005
5514,467
5698,3028
5013,2171
4811,2976
1103,2173
5499,2037
5924,523
5934,1211
4504,954
1070,1851
5204,3028
2202,953
5586,878
2214,24
5677,996
5811,996
3225,1051
137,865
785,1086
5558,523
5439,2521
5389,714
3027,2914
4490,1032
632,2914
5381,1011
4985,1011
639,860
2955,1698
470,1051
3464,821
5248,832
4632,334
4697,729
4129,1211
3723,523
1264,1851
1389,45
5609,996
5745,2577
2152,1724
2909,949
5665,2059
1181,1035
3610,996
500,1051
2525,959
995,2750
5480,966
2941,1776
5513,2577
850,1056
3549,878
2498,1206
1106,2150
3857,2162
4046,2623
1449,45
842,10
1314,759
1806,467
1410,467
2587,1032
1198,3028
5016,966
1881,991
4116,709
5745,3061
1815,2623
227,1026
3551,900
3570,950
4803,858
4338,2219
5489,1563
1831,2567
908,606
2124,1099
4851,525
4401,1228
1185,2577
2527,1489
4244,1244
4378,1244
226,959
2101,334
3443,966
4241,946
662,1489
2491,519
3717,946
1489,709
1623,709
1604,467
1387,2684
4038,1526
4172,1526
2410,2028
827,775
1145,1084
2620,525
1918,1007
3735,212
3483,900
2259,519
5543,994
5704,1851
5182,988
1417,3061
282,1217
5767,860
5901,860
1202,2126
3873,2374
3506,860
3618,1101
3992,3005
483,1099
4195,2775
4904,1020
5606,1292
2565,952
1181,848
615,2157
1315,848
4295,1851
5755,984
5550,1518
2702,1573
3251,2569
2,1526
4453,1097
1245,3061
369,946
430,633
2064,1851
1534,2790
1659,984
1731,860
1019,1563
2085,45
4703,1221
2034,1019
4405,1564
4441,1221
1937,1086
170,1244
3894,1991
556,2219
3355,959
3917,2914
2655,1487
3006,24
4669,1206
2854,384
2115,984
296,952
1514,1518
244,2482
1529,860
2950,1031
5834,606
1892,1851
1038,1939
5816,966
2061,2037
3964,1016
2962,1206
623,384
5304,1730
4972,991
4428,2059
5424,334
5671,211
5296,2219
4773,0
4909,1581
4402,996
4580,709
4790,704
2663,519
2038,467
3649,1489
5261,1228
5787,520
2509,991
5497,946
5101,946
2341,2346
940,2827
3089,519
2464,467
1471,211
2201,996
401,1206
253,3028
681,1031
373,878
2792,3157
5407,2342
5145,2342
5174,828
272,45
4800,3061
886,2567
233,467
2647,1813
3848,520
570,991
704,991
2543,709
2723,2747
379,1581
1492,633
5327,1019
1120,2747
1137,2162
1491,2660
4333,2790
5126,2426
4134,860
2198,1963
1833,1084
424,950
446,709
5417,1851
564,930
3699,2625
4289,2841
600,1526
4411,1518
5156,2426
3397,193
4164,860
4417,3026
2832,946
3258,34
1222,2219
5884,1071
3427,193
4185,3026
735,946
2610,321
270,3061
1844,2508
2954,1851
2558,1851
4086,953
3690,953
2296,1851
816,3005
3290,1019
3028,1019
1030,1244
4531,2508
5632,45
5370,45
4980,2684
599,95
2827,1086
708,2482
3220,34
786,860
1919,2816
1489,953
5369,2802
5622,996
5718,704
2525,2976
5632,2623
888,2426
162,1568
5782,2567
283,3026
4170,384
59,100
1045,1097
3371,2623
5522,950
4614,775
2414,1051
5862,991
5328,2747
3199,45
4399,971
1947,1026
1596,45
4412,1206
3888,1206
345,2914
5620,2747
5339,253
2433,138
602,1035
4741,334
2208,959
5186,950
843,1097
509,2914
1175,523
3061,996
3747,11
312,2750
4143,1674
4207,935
4241,519
1400,991
1139,2155
3487,996
160,1016
1488,996
5930,828
830,996
1430,991
3774,2342
2700,966
5389,100
2185,520
457,606
3476,2126
4346,1228
936,991
2046,334
2139,525
4546,2979
5256,860
5598,1563
1375,314
1719,878
1959,2028
3506,1372
144,1206
219,37
2379,520
1434,1244
255,606
3421,860
5339,871
5158,2553
5058,2349
5443,2914
5888,1086
1490,1526
4450,2816
4218,2466
4509,952
3658,557
5874,225
3754,1019
3919,1086
3409,984
1590,952
3877,860
1796,828
3706,978
3427,1563
3448,1851
3439,984
5178,2750
5906,1237
1391,900
782,1573
1306,2482
3251,2626
1721,253
1103,1372
5555,606
4374,861
5208,2750
3090,1338
1414,860
3728,871
1360,1563
4496,2140
2775,953
3237,984
3140,1051
2949,1483
3670,1051
5528,1011
2740,1117
3111,2750
3600,2914
4466,3028
2960,1241
5122,858
2742,789
2143,2150
5483,1776
1152,994
1575,1851
1962,45
2748,954
4778,1206
4446,467
824,1128
3785,950
4368,3028
399,2827
2966,1032
2663,1031
1348,2976
3098,959
5803,37
4080,467
4995,1032
3548,606
5840,858
4886,2028
5058,2512
476,953
4724,946
1117,949
4423,991
4768,2157
1960,2577
3302,1489
432,1031
1129,959
4635,2567
867,959
2876,334
5405,2219
5009,2219
2608,519
3389,1084
1718,950
1771,3028
5651,2625
3281,2490
3070,1489
2786,1730
5514,2512
4402,2342
2013,467
1084,1724
4826,2111
1486,950
2685,2028
4977,1526
3141,2079
5424,525
198,3028
4817,1244
4951,1244
2327,253
2300,1813
5830,1563
984,2028
3121,2342
335,2521
1847,1844
4200,1029
623,709
3589,875
1276,2028
1175,633
5055,2482
803,2747
3447,2862
1680,3020
515,1526
1917,489
2092,1244
3629,1563
4966,1851
2806,1526
261,828
3817,2553
71,704
5434,384
3641,1573
4494,1260
2122,1244
3041,1019
4282,2508
2446,3061
4311,994
4245,2626
5769,1020
3576,2467
1586,2553
956,2157
4784,1564
2547,1019
1041,952
2379,2374
3879,2626
942,946
5890,384
4430,2914
1880,2626
2637,1851
3251,24
3543,1364
5444,1206
5532,1026
4701,2037
5142,467
1440,2862
1178,2862
5025,821
2280,1563
4902,1919
281,1563
1812,2626
3427,384
5094,3028
2833,3028
300,1963
734,1666
5336,467
4940,467
14,2508
2259,2914
3817,138
3273,1206
3183,0
3208,996
2196,2750
4904,2126
239,2976
2693,523
5776,2028
2760,2684
2765,3028
2918,991
4532,1557
3135,467
5313,3061
2238,2171
312,1518
1058,3028
459,225
3351,2162
534,3028
3196,2059
5403,2173
637,2217
5415,1244
4023,525
3627,525
5667,2219
3160,1813
2325,2705
1600,729
3701,2167
3151,946
762,10
2210,1038
1849,1032
2850,3061
1238,878
1587,1032
5871,1244
714,878
1970,2490
1546,2162
1267,2747
2318,729
2471,971
1117,709
57,729
2741,1963
5425,3005
5430,1851
5541,1086
4940,2374
3355,1260
4960,3026
502,971
2771,1963
615,848
596,606
1510,946
1569,1526
2947,95
1314,1007
5832,861
1409,1244
3310,1086
257,1675
1075,3061
5290,2914
1203,1526
3482,2482
3800,1071
4697,2750
1712,2342
201,211
1345,828
1028,2841
1501,3061
5590,523
222,2219
3914,45
5440,1518
209,1203
3059,2914
3327,450
3518,984
2932,860
5464,10
868,1963
5725,2037
2447,2508
4689,953
5651,775
2890,984
4089,3028
3726,2976
2953,3026
3643,1221
5181,1011
5071,92
5717,2684
4347,1724
2895,954
4791,1206
5654,1581
4716,1032
1445,2482
5284,1489
3659,10
2139,45
3086,1811
3887,3028
5709,2577
5445,252
2444,1031
701,994
5060,37
2512,384
2560,1364
3752,709
3468,950
3357,1119
1115,984
1018,1051
4211,2162
1976,0
1628,980
2540,2028
3144,1011
1915,1976
1541,45
3493,606
4153,2342
2969,606
4965,2028
2160,467
1323,2976
2032,1221
1758,2150
3972,991
2773,1606
3924,950
3349,2705
404,2827
2687,519
1928,467
1270,467
2323,996
523,1206
2076,2028
3950,2521
1403,996
339,2028
4074,1244
2482,2157
3539,1085
2348,2342
1582,1119
2098,2167
425,1206
973,1011
369,2028
4365,1019
1046,1489
1180,1489
302,991
1081,729
3508,3061
1595,950
1500,1844
1818,2126
3608,2137
4298,1086
2007,1244
3934,3061
282,2567
516,519
3544,1563
1673,3061
802,324
993,858
5501,24
2510,525
3313,2569
80,2059
4277,3026
1248,37
1965,3061
4387,1851
4506,2482
997,3020
3722,2750
454,2219
1879,2482
2020,1963
4978,1487
2634,321
4113,2914
422,1526
1718,2914
2425,1086
262,1244
4602,45
1799,1563
1816,978
1368,2508
5862,1776
2216,1851
3873,20
5509,1099
4435,1221
1826,1292
1430,1292
2908,1031
1564,1292
1963,1563
715,34
2767,45
2109,45
4328,950
3584,1206
4339,2802
22,1918
3012,980
3400,2028
358,1086
4864,2623
110,984
4750,2521
254,2426
4757,467
4504,775
2005,230
3204,3028
2739,225
2757,996
43,1051
2833,991
3633,1606
2149,1298
5471,1099
3179,2567
5379,1510
2130,467
3307,1032
4441,961
5222,1526
2412,1119
2525,996
1308,1032
5330,1244
1614,1489
282,1575
4600,3061
536,2623
341,2155
1413,1206
1151,1206
5571,525
479,3028
181,1119
5360,1244
2765,991
5098,1244
5237,2342
4559,966
1644,1489
3466,1038
5357,946
3373,2567
3001,709
4630,3061
2321,950
700,2623
2988,2167
716,2567
919,1206
5555,557
4917,1963
796,991
1837,729
3812,520
591,1525
2867,1244
3006,2342
4666,1563
27,2880
2864,946
1136,1032
3581,1526
4439,1557
1457,858
2100,1489
634,821
1212,2747
1838,1489
372,821
4884,860
4389,100
4143,633
5113,1851
2931,1013
2010,633
5165,1260
5657,968
1655,2162
1376,2747
5090,1086
5644,2426
5755,1476
1321,946
2248,3026
1052,2219
2465,1563
3124,253
5704,2827
332,3061
4809,2914
5254,1086
467,253
5868,225
3218,1019
3352,1019
4890,1563
1421,2466
2410,1260
1522,828
4756,1748
2702,1260
551,489
3037,984
71,37
1156,1013
3472,1851
4383,954
4969,1051
3315,1086
3389,1035
1592,2482
1285,1019
5894,991
4075,959
3231,45
3409,2037
5274,2976
5601,1119
2376,2914
4988,138
32,1748
3000,1051
3344,861
5470,821
1995,1128
5806,2059
5410,2059
2605,2750
667,3026
1426,45
4963,966
3174,3028
5863,2162
3385,996
4484,2028
1196,1811
5161,1489
1601,3028
1735,3028
3785,714
776,1575
3727,709
3181,950
2072,519
4320,2162
4058,2162
4658,2157
4391,1813
5115,1844
5449,966
5569,1260
4910,2378
4263,2567
3211,950
3629,709
2701,848
4113,2219
5543,978
5264,1563
1348,996
4292,2342
4746,2512
5601,3026
3018,1844
2968,37
5294,1563
5003,633
1398,709
3005,858
4209,1526
5306,1573
1773,1525
3525,1244
4048,1019
2062,2567
3191,3061
4239,1526
2634,3143
3982,557
5938,860
4940,2512
5910,2976
4780,1476
2600,2219
4302,1851
2846,2625
246,2028
77,2219
5392,138
5502,2750
194,525
390,2157
3484,2508
5729,2914
3051,2626
2873,1573
3394,521
2079,2466
3683,1563
961,37
4077,928
1015,1963
4362,1851
874,2512
5300,2750
3860,1051
1779,1019
3388,1241
5361,959
5302,729
4598,384
809,2625
3001,953
1607,1851
3438,954
2796,1487
4344,467
3022,1241
697,2569
1860,984
4151,45
1637,1851
4234,2150
2152,984
3805,2976
4951,1976
5826,2176
268,3186
1247,1292
4583,991
5362,729
3085,1724
3991,1237
2794,959
5461,334
4476,878
2307,467
965,774
4838,2398
3394,1489
3558,1489
2949,2162
2546,991
5562,520
5344,2512
3154,2567
17,45
1199,954
3942,324
3546,324
240,467
2633,1525
5372,2466
126,1119
1153,959
4389,2706
239,996
3596,37
2894,519
4575,3061
1559,334
3028,519
1999,606
1341,606
2161,2065
5817,988
5538,1573
3496,1526
5073,1244
1551,3075
2196,2059
255,2037
4105,1203
1974,1084
1368,2028
734,170
1813,2829
5244,321
2642,3061
578,946
4129,1573
1031,3143
401,2747
3364,952
3145,2342
4543,1563
1358,2225
4498,100
2410,3061
58,314
5859,193
4817,984
4481,1035
3994,193
1037,1244
2312,1563
3125,1851
4907,1035
3680,2827
2523,2914
3225,3186
5407,45
3594,959
2625,1097
2893,1851
2270,2626
5258,861
4442,1241
2363,2790
2411,1518
4751,2750
5131,2217
2235,1292
2653,1051
617,2482
5091,2037
695,860
2914,45
5761,519
5136,467
5793,996
5803,2623
1862,2750
766,861
4783,729
1966,2349
5562,467
3910,1329
296,1851
5523,704
5676,946
2451,1051
3089,3028
3383,1031
2791,1119
683,984
4203,2490
5060,606
3191,1211
1062,1919
3253,3028
5808,2162
715,1811
5546,2162
3068,996
4687,2660
757,2976
329,994
1490,1026
5084,37
3776,709
2829,606
3880,1032
3194,704
2277,1032
1881,1032
1772,2028
221,2750
2730,950
710,2914
3015,1119
110,1606
2494,858
5933,1244
1129,996
4419,2979
2889,606
5605,1563
2700,1084
1359,2747
1426,1525
2728,1038
5143,1101
4747,1101
5284,3026
5328,100
1007,760
1580,2342
1098,878
5394,1851
3543,1372
4730,2625
1323,996
2885,1372
4151,1228
1759,1526
1936,2162
31,858
2197,971
5719,860
5224,100
179,729
1483,2567
2154,520
5686,1851
130,1776
2718,858
5820,1851
5135,1748
3008,1563
420,37
2826,3020
2057,1526
1704,2162
5811,984
2237,2625
1065,714
5922,34
5850,1851
1966,2512
905,3061
4205,2349
3985,1851
5841,984
2267,2625
5138,1241
3663,1019
1804,2342
2227,193
984,1260
480,37
5808,2914
1069,3061
5609,984
2498,2349
4000,2482
2439,988
80,2173
379,520
1105,1563
664,100
3378,984
5379,2750
5879,821
1858,1019
5248,954
1352,100
2649,959
3848,2037
5844,2705
867,1748
2247,952
4211,3028
489,1573
3949,3028
1050,1051
769,1563
5786,606
2667,2827
1780,523
2114,3028
5469,2777
5912,314
5662,324
1207,984
2816,1206
3958,996
2010,3028
3137,1032
3498,1011
2438,1031
4378,2521
2029,45
2573,1606
4008,709
1974,523
928,1195
1894,759
154,1020
2294,878
4460,991
4656,2623
5557,1038
4544,2567
2524,0
4497,2162
5426,2625
635,138
4300,1244
1400,2829
3511,37
2809,519
1523,950
859,1724
4007,1372
5461,525
1921,996
75,861
3172,1510
3533,1489
1797,960
2645,2747
1287,858
4068,1244
1553,950
2455,2219
344,2567
3088,2162
1283,2028
472,1032
4032,1563
84,519
4519,900
78,704
5744,193
2350,489
4452,3061
4087,2374
2263,1244
4221,2374
2693,828
1471,520
1474,37
2656,946
4741,1851
4875,1851
1756,100
4273,2914
1637,2660
5930,706
5272,2426
84,2747
1292,2625
5414,789
4431,1029
4348,994
2221,3061
32,1244
3690,994
4020,2626
5927,1724
4748,1086
2943,952
4896,984
5209,2612
3854,994
4673,1851
1599,1563
124,3061
1593,1748
3366,2344
2915,193
5876,954
5359,2155
5203,861
1974,2914
4577,3028
428,2482
2336,1051
4734,2453
5905,729
184,3061
1362,2508
5080,996
4358,1011
5280,2747
5486,2623
4715,467
4584,950
4992,775
637,1851
5929,1099
2611,2171
1659,1724
5444,2747
3895,324
232,984
1837,2750
42,860
2460,2914
1907,2176
5847,858
5236,704
3639,519
5068,2059
773,3186
5930,519
4658,848
136,2750
2894,523
5553,946
3325,709
5521,2162
643,1211
3850,2028
3466,1099
3177,996
981,1206
4393,1489
3777,991
643,2150
4423,2829
3592,1211
1685,2490
3994,2157
5754,828
4389,966
3437,519
1069,1211
565,1119
3273,2747
5593,1260
2296,1489
1546,991
5613,946
1012,2747
1038,935
1437,1206
2645,1084
2887,3061
4884,921
5713,2466
5646,1244
1438,2747
4399,2569
918,991
713,1525
2621,848
5372,860
3637,2219
4660,1563
5735,1851
3153,1244
5402,860
5474,2426
5703,34
718,714
4735,3026
3317,1086
1034,950
2874,516
1060,828
3556,321
2262,3143
5369,2790
3214,557
2324,988
209,2126
3085,1086
3276,2374
5795,1851
1933,2271
383,966
5524,45
608,1084
4852,1867
3324,321
2066,2800
5065,2914
4020,24
5637,861
3259,865
2601,865
3115,1086
5130,2750
952,1244
2930,3026
5357,2914
4038,953
5554,984
2834,2914
5437,3028
5910,996
982,1244
2185,24
370,865
5450,230
4505,954
5584,984
3156,871
2043,321
5451,832
4129,1606
3126,2914
2984,1518
4286,1031
3814,1221
3624,1097
1602,2426
1571,861
684,1563
4747,1776
2853,661
1235,1851
1971,953
4290,3028
633,2914
3093,2750
5321,1489
4979,971
869,1851
1321,2914
4655,1032
4842,858
4135,996
2130,959
5172,211
600,2750
3508,467
4872,858
166,953
1286,984
1509,467
806,2976
1255,2802
873,2508
2652,1421
993,2802
4458,2157
3929,2567
1785,523
5716,3061
633,954
2064,2567
2298,519
4412,2162
1411,1221
2192,1032
2641,858
5146,2157
4488,2157
1805,1525
3676,966
21,1487
2297,1206
1965,467
1722,709
4914,2157
1778,991
3462,606
5782,1563
2148,709
3911,3061
4327,2747
3650,253
462,1206
1470,996
552,1099
1,996
1444,714
5582,1101
3437,1084
2182,828
2400,2219
1438,1084
4305,1244
2204,1526
3324,1557
1331,2126
723,1489
859,37
5526,953
1854,2059
4868,953
5726,984
3610,988
540,2162
4237,1086
2074,1244
3933,860
3611,1563
87,2567
2205,946
5436,2349
4019,984
4352,2133
485,519
378,2342
1116,1517
3359,2816
236,946
1559,3026
1931,1851
2268,1244
269,1244
2348,45
5560,1206
2476,2482
3570,1292
4442,1221
1952,984
1762,860
71,1013
1294,2862
2378,984
2364,1086
200,1019
2256,2684
5588,729
3537,1128
2804,45
2155,1851
5941,1032
4552,3028
4672,878
1853,2802
5056,467
5575,1032
5709,1032
5559,2219
1837,1518
3127,1206
4664,1525
2178,2750
273,692
311,984
2072,1011
5449,519
3153,2777
5476,2342
737,45
1946,1811
2218,2684
5840,525
2182,775
4046,1489
486,3028
2772,991
3317,525
2615,1007
767,45
2047,1489
2850,1813
4316,37
1552,729
3871,1084
182,523
2983,2342
3661,2028
5161,1526
4946,1372
912,3028
588,2150
2900,1526
5531,1244
448,1581
2354,2521
5358,2979
3751,2860
77,2577
2601,2398
4081,520
1929,1776
3260,2219
2164,1084
491,2567
138,759
3588,1526
2057,1372
3115,525
1845,1489
1229,991
5067,1086
2536,848
166,3157
3072,828
5054,100
2967,253
1428,2490
3541,525
3879,520
2145,37
2523,397
1733,1032
4888,1851
946,2342
5022,1851
4399,2626
3471,321
3842,988
4143,1101
1485,2219
4799,2344
2147,1557
2861,900
1078,525
593,2173
605,1244
2711,3026
1253,2219
5905,2827
2142,1563
795,3061
5280,523
271,3061
4385,2862
1936,2626
4034,1292
5075,2750
896,1019
2568,1563
1349,1526
3721,953
5856,467
1584,1019
2879,1051
5534,1355
2643,3026
2639,1564
1517,2426
4450,954
2619,1851
1786,2816
337,1563
5619,2567
5822,1206
5660,878
1150,1851
2929,1518
2667,1518
2673,3026
3089,2150
3471,0
5520,467
1046,1851
5896,0
3559,759
5786,1525
2380,2750
1148,34
3402,2623
1463,45
948,1851
1345,1487
4757,1016
719,301
1637,2827
2944,2684
5602,253
2806,2750
204,1518
1901,1560
1627,45
3978,2567
2239,20
2541,1489
3612,2567
3039,2705
3617,467
2951,606
3731,946
1880,467
1356,467
5763,1244
2131,1217
4393,1038
4904,988
1373,1575
5449,1084
2472,729
3764,1244
3382,950
2986,950
5825,3061
2701,966
2563,1032
2765,2829
3794,1244
3830,709
3817,2167
2007,935
212,1489
5861,1563
3594,3061
5218,2625
4956,2625
744,37
2645,633
5360,988
5538,1260
504,1489
2099,1813
22,991
424,971
2755,397
212,334
5623,1748
512,37
5254,2790
4910,2980
2146,1228
5659,1563
1727,1244
3654,3061
5680,1851
5736,2914
2835,3143
2621,2625
193,2512
5552,1292
2635,988
3283,1963
1495,1244
3339,3026
447,2028
2389,2625
4534,2827
84,633
2444,1019
2879,193
4419,1564
79,1228
4189,321
3700,1096
4137,1851
4262,45
1187,875
5309,729
5510,2705
3407,2914
950,2625
3485,1292
3453,2508
1677,860
5802,2705
1906,1851
4699,3028
282,193
2732,1031
5522,971
5582,1776
5901,775
2205,1487
4615,1206
843,2862
2878,1206
5370,1489
4754,991
3298,1011
5849,211
1838,1851
2173,1575
2434,384
4447,467
2568,384
3781,606
2726,1724
236,1487
4446,996
2090,759
5067,525
4472,2567
4343,467
4474,950
2975,334
5129,2342
4251,878
2082,467
5359,525
2107,2217
4634,2521
2033,2453
3980,950
4883,946
3267,519
369,1211
2265,709
5076,1526
1269,2407
5457,2157
5469,1228
3729,1489
2979,991
2774,1525
4677,2167
188,45
3591,966
3603,37
2557,709
523,523
908,334
2033,709
871,1206
3639,633
2737,2747
5409,2466
2845,1526
3965,1557
4417,900
5863,1101
2721,709
2437,950
24,2623
5270,1526
1512,606
1925,775
2439,996
4843,900
2067,2521
4429,1260
912,991
3369,2219
4737,100
3433,3143
342,996
2522,1007
5923,2821
4154,1563
5341,2816
2144,1963
3948,2626
4705,1851
4952,2482
3795,2569
1255,525
2781,1244
2112,1085
5790,1487
4339,1851
4473,1851
5686,2827
4529,2914
1232,3143
2474,1851
972,1526
812,1244
689,2342
4955,2914
5075,1518
4813,1518
2298,2914
3979,1292
4449,1241
647,2466
318,1244
745,557
4365,954
3065,1487
1405,953
2531,2492
2326,3026
2254,871
1867,2862
1103,2466
2951,984
3506,1206
2854,1051
639,1019
542,1086
1012,1035
2538,2508
3377,45
50,1563
4162,729
277,2508
5739,2167
998,1487
657,2914
5906,1526
4797,314
4857,1119
1489,384
2972,467
4283,1032
4052,1099
750,984
3528,1099
226,984
4851,1489
5933,1228
4351,2829
4375,971
3511,2623
2867,2521
4859,37
1746,2827
518,984
2409,138
1469,1206
1615,1031
797,3028
4889,37
3925,519
1337,3157
2639,950
2544,1844
2482,966
3702,2167
5479,253
3365,2747
5842,1244
4258,520
3721,2567
3611,709
1114,991
1367,3157
5029,3026
2066,2377
1529,1206
1956,519
5019,1557
1164,704
4887,2569
5522,865
996,2059
2847,848
5765,34
3354,2342
1228,2567
1858,519
5402,921
5818,45
2067,858
640,1084
5035,2790
1174,991
3641,1244
2877,848
1853,525
449,1489
3506,1019
321,1489
1754,519
1148,709
3233,860
597,606
5461,1851
96,2660
4991,3026
1806,1244
1895,2979
119,1331
1600,1526
2309,525
5781,1051
4350,2821
3228,1963
1507,2466
1440,1244
1579,2342
204,1038
3466,34
4822,2816
4668,2349
5,828
4081,337
3132,1851
5307,1518
3969,1035
4990,2750
1604,1244
3851,225
1447,1260
5313,959
3358,100
3453,337
835,100
5104,1724
5854,2976
2732,954
2033,953
4762,1206
4320,1211
741,2508
4058,1211
4658,1206
3579,984
1318,984
314,2821
4859,334
3546,2914
4212,523
1809,2914
5141,959
2379,1724
3456,1119
624,953
1009,1518
3239,138
4590,1206
4359,519
5173,1032
1774,984
4391,996
2475,1031
1294,2976
4415,2521
3711,2176
994,994
3084,1489
4703,709
4651,519
3890,606
2621,1206
2027,467
3771,2577
3255,2660
5490,2378
5104,2342
3751,1551
1151,954
3384,37
2389,1206
4759,1526
5140,2157
3174,2829
1959,467
2777,1099
2778,2455
632,2028
5114,2225
4024,1844
3700,966
3316,37
5642,1563
749,519
143,709
4627,952
1699,489
1506,848
383,519
1694,1084
3935,1748
6,946
4142,1260
3507,520
2562,1244
2835,2342
2038,1244
441,1813
4438,1029
4227,1748
5648,953
1621,3026
5905,1518
2464,1244
331,1244
2626,1013
2753,34
5591,954
783,1526
5306,1724
4919,1086
259,1526
4076,3026
2285,2790
5862,666
1486,865
495,1244
143,2482
1824,860
5337,1195
4774,523
529,1013
4758,1518
2187,1851
883,952
525,1244
748,2979
5478,1026
1988,860
5912,729
4551,1575
2613,1851
5113,2217
4471,2750
5510,1099
2134,1035
5221,996
2977,34
4594,871
4812,10
5040,3028
5347,704
2372,984
1283,1020
2747,861
2020,2976
4714,10
3739,2777
5301,709
222,2508
1264,1128
2205,2914
3877,1206
1294,24
3615,1206
2911,861
839,2827
206,2914
531,2482
3802,1032
4559,1011
5481,2747
651,1086
4632,1489
3441,1026
70,3026
919,1251
1015,959
2636,1006
5049,996
1501,1606
3414,519
2923,1221
3747,170
433,984
5186,2398
3578,334
1779,954
3675,1206
3210,2567
2685,467
3251,878
1098,1724
2989,878
3221,2167
3921,858
608,3028
4419,3020
5885,1244
5227,1244
3729,1038
895,991
2283,1776
3917,2028
1003,709
910,518
22,1776
3461,2162
4390,2625
3268,2521
2595,1489
4914,1844
3537,2157
3153,1228
3270,2567
2500,848
4833,1101
3058,3061
5346,1851
4958,988
3166,1813
4570,2569
5585,1086
364,1489
977,935
4480,3026
5428,321
1300,2342
1214,878
2471,1557
831,709
929,1244
5278,1851
3664,3005
2862,1563
140,37
730,253
5341,860
1361,1813
296,1489
1820,2512
5364,2914
5102,2914
2692,1101
264,988
5329,45
384,1844
2660,1563
2520,994
4990,1518
2301,2569
152,2625
680,1963
5081,2171
5602,1119
55,598
4311,1206
1675,952
5875,2217
1476,3186
5807,1524
1868,34
647,860
3262,45
5044,949
5930,3028
4068,1606
3065,2914
1659,45
5370,1119
5745,996
721,1748
2357,2827
2164,3186
804,2914
4553,2028
1129,984
867,984
1772,861
3158,1011
4473,729
3126,2227
3365,523
3133,954
617,994
5796,1119
4767,1206
3777,467
2032,384
3253,467
5013,858
3395,2802
2301,959
5632,314
1323,45
3375,1776
1635,2037
3863,3028
1418,1221
4157,2162
5876,832
4248,1526
2320,2490
4490,1813
3029,1489
3192,729
1269,2037
3328,775
4811,858
4170,2747
2012,2495
5660,1557
4463,525
3193,1489
2130,1211
3212,950
932,1489
2499,519
1607,2567
2306,878
493,1011
2145,2623
3881,900
4378,952
3753,900
4441,2994
3219,966
2529,519
1923,709
1904,467
1372,606
649,211
4123,1372
5310,2625
2314,2028
3687,253
958,966
3599,1372
970,37
89,3028
4027,1260
2999,37
2431,519
1006,606
5290,2508
1475,1084
432,519
1455,3061
2635,3143
1037,858
4438,952
4887,24
2688,525
5783,1101
3490,1563
3385,988
5202,193
5644,1292
3123,988
3259,2569
406,1526
1849,1244
5350,2508
3941,2374
4533,34
959,1675
3737,100
1515,3061
5768,954
4929,384
5844,949
4347,968
4567,3186
3361,1691
47,253
154,1813
5722,959
4095,1097
4002,2626
4762,1560
1739,860
11,946
76,3061
310,1013
3895,2914
384,2625
3861,1051
1318,988
2438,1019
4205,861
3976,1563
2603,1086
2206,861
106,3061
3529,2914
4646,984
4607,467
2862,384
1003,953
203,900
4548,45
1366,978
5627,1206
5372,2377
5033,467
5217,3028
4297,3028
2160,2155
2401,1086
4770,996
4904,996
4846,991
1759,2750
5759,729
4999,1206
2619,2827
5367,878
4718,2684
704,1020
4332,2059
3191,959
4824,2521
2182,1698
5713,1084
1303,9
1888,2914
1993,2176
2564,1211
5241,2028
1746,1518
1509,1016
5531,1228
2322,523
3977,1844
4739,2167
5302,1526
2759,2217
175,1564
2743,2623
757,1919
2245,2346
4170,1084
2763,996
1441,1016
949,3028
1647,1084
107,467
3235,991
619,1581
3856,520
2947,709
2289,709
3297,2219
3500,858
2244,966
3035,2219
4582,1563
5122,3005
3389,2747
393,2150
3781,1285
3101,1526
943,2028
4020,520
2952,2342
2536,966
3334,946
3468,946
1584,519
692,2567
5477,321
2237,1084
1099,2167
1366,1730
500,2747
2843,1244
131,2126
1658,37
856,2567
2771,3061
268,1084
1694,633
3882,2225
3135,1244
3269,1244
4544,1563
2801,3061
3901,2625
3919,952
937,253
3299,1244
3861,193
4303,1292
3359,2426
274,848
5253,1851
5680,2827
2858,1851
46,3061
1147,598
3425,952
857,1963
4924,1918
1835,598
4807,1518
5235,467
1449,2225
2674,1518
5014,2750
987,100
770,1563
1187,1851
5285,1119
2180,1518
447,1260
5860,2747
5598,2747
3447,1976
3082,1097
1289,34
5886,935
800,1563
2723,1918
5825,467
2811,984
749,2914
3222,703
613,3026
2082,959
3976,384
4927,606
2044,1606
3823,519
1455,1211
4824,858
517,2914
3516,3028
1939,1031
3669,991
582,2750
5711,314
5822,2747
951,523
1823,1206
3437,991
88,2750
2712,1489
4981,37
3783,2567
1655,467
393,1292
1315,3028
919,3028
1912,1032
5800,1244
4146,525
2013,2777
1536,2623
5472,1563
1423,467
1927,0
1642,16
4979,2569
3394,489
2692,971
3703,1244
1227,3157
2887,2378
1978,2567
5630,1748
519,37
2156,1526
2603,525
5532,1563
4778,1101
5487,100
4083,310
2448,1526
40,1099
458,858
2633,525
712,2660
5479,3026
2160,1244
2447,520
5294,994
1477,2126
3866,968
3769,1035
1928,1244
3768,1564
877,37
4356,953
4764,24
3676,2914
3211,865
119,1526
957,2625
2080,2173
5850,1575
81,2173
3650,1851
5879,1000
5642,2750
5767,1698
1890,1086
481,952
123,1244
4140,523
1681,1851
1815,1851
2813,953
3805,984
5030,1031
3309,1534
3774,2802
5489,1730
1032,1563
1836,45
2272,2827
5598,1084
1759,1518
1356,2976
3751,2417
3938,523
5158,1724
5213,1623
1669,2914
5399,1032
3914,314
3213,1206
2292,45
3033,1211
4929,709
3473,729
4514,467
92,321
4770,2342
1833,2914
31,45
3168,1032
2772,1032
3321,2028
1743,1119
1926,1011
4959,709
4632,314
5196,2342
4108,314
5047,2219
2877,1206
2384,519
1773,1119
61,984
878,1206
3123,858
1244,775
5432,525
4569,1813
4964,2342
1371,1489
3072,519
568,384
46,1211
5591,2625
1042,1206
570,2150
5733,988
4002,1557
3454,971
1139,1489
2961,1038
1693,2829
261,991
4917,3061
457,2623
2385,878
5621,2625
2751,2167
1785,324
2650,1526
4753,2256
3020,1244
2624,1244
425,991
2755,946
5855,1866
1786,1084
430,3028
3506,2800
416,878
3457,2157
117,996
269,2521
1000,525
2253,1085
773,519
2454,3061
3857,2626
5078,1019
2907,2225
4719,1086
1883,212
696,2342
2222,3061
1205,2219
639,2747
1009,1526
2511,1851
3655,24
468,2865
4369,2750
4540,1851
2782,1563
253,3061
5666,384
4830,1051
2321,3016
1013,1244
4027,138
489,1244
2447,2374
399,2482
1399,2569
5313,996
5651,991
100,1260
623,1035
2112,2626
3794,1606
3864,1032
391,1035
3152,45
4334,954
2307,1939
2807,10
3068,2037
504,1851
1287,45
242,1851
1648,24
4849,996
4653,1084
972,384
3632,1032
636,2155
290,1518
1058,1097
2370,1298
1317,45
272,1851
4458,966
1036,3186
3142,996
3276,996
772,861
2736,493
1079,230
5700,1525
5748,253
4409,858
3717,2028
3843,2167
484,1518
3044,996
1230,3028
1020,0
784,1221
536,1119
3002,2059
1209,996
2354,2777
4033,520
4907,1084
1142,3157
1603,334
2540,2378
1497,2567
710,467
992,1119
3943,253
5513,1244
22,1032
2589,1489
5512,1019
548,324
5436,1963
1060,2162
2847,966
1780,946
4954,2569
5593,984
2024,525
2493,37
5566,100
1417,1244
1690,2342
4310,2625
2133,633
366,37
2909,100
4645,2349
1084,253
2316,525
5418,1518
4666,193
3163,3026
3797,1851
4932,2914
1503,1526
4929,953
5653,984
3903,557
5052,1518
3191,1260
4259,2821
271,2378
2931,3026
4662,959
1539,3061
932,3026
589,2660
244,2625
3408,1086
2780,1517
4065,861
61,1228
5088,959
828,3026
3586,45
2366,2816
1596,1851
408,2625
3699,861
4127,3028
355,520
5194,954
2740,2626
3230,9
3553,2914
3673,1518
5591,775
3973,467
4244,2623
1233,994
5405,211
1790,1851
1915,45
4628,519
1188,2914
926,2914
3039,949
3925,3028
1385,984
3727,10
844,2508
4033,467
4582,709
1593,2037
4186,709
3592,2976
4337,878
4686,1032
295,953
1153,984
1510,467
2090,3028
4242,991
4190,2521
3517,1489
5125,520
4326,2567
2048,523
3513,966
2327,2567
4658,2747
1426,1119
2245,1976
89,861
5147,2157
5289,520
4344,1244
1868,3157
3566,950
3293,37
1754,3028
2881,1032
2934,858
4122,2521
4915,2157
1317,960
1975,2623
3969,966
1865,950
1347,960
5001,2466
4538,1244
4535,946
3808,3061
2330,878
5312,988
160,996
4306,1244
3905,900
4567,1019
2051,1813
3844,1563
2438,946
210,709
735,2028
5349,2344
786,2747
4658,2426
1548,37
5061,2816
3612,1563
5673,1128
215,2342
554,2747
158,2747
4530,1086
2436,95
266,1526
2665,1086
624,2173
1632,1963
2561,2426
408,828
263,2167
4836,2482
5278,2827
4653,523
4369,1518
296,1526
4050,984
1672,988
2695,1086
1662,1963
3600,2626
2203,1563
2538,321
5689,1206
4610,984
5338,225
5413,3028
4842,2623
100,3061
3386,953
5457,1206
2444,2914
2627,1086
508,2482
5483,2777
4877,523
2313,337
5914,519
5022,2567
157,1851
4764,996
2536,759
3150,2150
657,861
2490,10
2100,1518
5056,996
2662,467
3973,1032
917,384
2534,1221
1884,2802
4410,1006
2865,45
2871,991
604,45
3420,1206
2047,729
947,384
2974,1119
5656,1526
2698,1221
1965,138
1421,1206
4848,2521
4798,714
1082,959
3776,2157
4658,1084
3271,709
3771,1032
3160,878
2727,996
4907,1007
1175,3028
5304,828
1066,991
3015,2567
3301,709
1046,2217
1727,858
3086,3157
4639,37
3496,2466
221,10
1308,1813
4749,3026
1442,2567
5,2829
5117,978
1414,519
2902,946
1570,1032
3249,2747
3223,1526
1199,2028
1522,991
3660,2466
4900,1101
68,2777
434,2346
819,467
5285,1851
1676,2747
970,1013
2642,1557
3824,2466
2960,900
3488,1019
1373,2157
4853,100
317,606
4954,2626
3932,2349
4746,2862
2455,3020
5712,2426
514,2059
3697,2482
333,1489
21,2126
2652,1844
5401,1221
4026,2923
1130,1244
2656,1963
4526,994
443,314
3018,100
1058,3061
5336,984
5217,1292
703,1557
5076,2750
4814,2750
2885,860
2623,860
4607,959
5565,2914
5303,2914
4907,2914
2400,2508
5613,861
1301,321
5645,3028
3427,1035
3748,861
1113,1963
2783,1872
990,3061
3540,1851
4847,954
600,1563
2072,1487
3326,1518
2873,984
5650,2217
526,2553
1615,1019
1122,1086
5767,523
3308,1851
422,860
630,1563
2840,2914
5655,1221
2806,1051
3778,2150
2491,666
3927,2623
3932,523
1464,45
2362,1195
5304,775
4049,519
3020,606
5693,1489
5198,729
3957,2623
4540,729
2034,1487
4310,1206
120,2349
1410,2037
773,2914
4020,878
2707,1206
838,1811
3849,996
5738,2521
39,1606
717,1292
3791,991
3925,991
3739,2521
4470,525
369,959
3101,729
3877,950
5790,3061
2737,1206
4037,2521
1356,996
3195,714
4033,1813
5237,37
5692,3061
1289,3157
1499,523
4286,946
1384,950
4099,2059
2667,2665
1273,1119
526,138
5082,1038
4453,1244
1462,991
1983,878
5497,2569
1383,324
2433,525
1440,2521
3862,2065
221,1730
5145,3026
4726,598
5913,1851
1413,324
5344,2862
4239,2173
535,1489
2386,1244
5254,875
3454,1085
1095,1331
2376,2219
4340,1851
2757,598
4216,95
5934,984
5553,1292
3935,984
4308,34
2293,2342
966,520
4878,2816
294,2342
189,828
4108,1851
2652,2625
1513,100
4214,557
3064,2569
3703,984
4472,34
4210,34
3983,1563
2214,1086
5235,959
91,828
5065,1487
182,946
3616,988
5092,1031
2536,2426
3858,871
1490,1563
3962,2914
4628,523
2169,1851
3342,954
16,253
1074,2816
5372,1206
1892,2482
3778,1292
4700,3028
603,952
4515,996
4236,1581
117,1244
5701,334
4246,1518
2864,1487
4730,3028
4334,3028
4298,1119
2879,1206
177,1086
2532,2037
4998,1099
728,1724
3591,1011
5826,729
36,450
4628,1007
2745,990
4735,2567
2586,2623
4606,467
4074,606
132,1851
4873,996
2267,3028
385,984
4815,991
2091,2802
1600,2750
5294,2157
268,3028
1296,1026
2924,709
2113,467
360,523
2297,3028
5241,991
4943,1526
5077,1526
2846,991
2837,3157
2914,2623
1859,1489
3545,211
5644,2512
3679,211
5041,2219
2223,2705
3396,2747
3684,2625
2147,1525
1973,2126
2564,1813
1160,2777
2932,519
3369,520
683,2623
2056,848
4981,1013
158,523
2817,946
2110,1084
5484,321
194,1119
2506,2747
2234,2059
4715,1244
3719,525
5417,2482
3514,1813
2464,2521
5372,1019
3926,37
4838,1085
4727,1254
3018,828
1125,2567
3243,946
1563,3143
4087,520
4406,1963
5001,860
4906,34
2803,1963
3332,1526
1470,858
4058,2569
2910,1244
1714,2157
475,714
2777,900
3474,828
806,1228
4798,100
2437,1963
685,709
2741,2374
19,848
5647,45
2157,633
5596,1019
315,3061
1882,2091
4855,984
4758,1051
2722,2482
2778,1101
1074,1019
274,966
5776,24
2567,100
5218,2914
345,3061
479,3061
2119,2569
2946,1035
843,1244
422,1372
3882,2827
4965,2976
416,1557
932,1851
536,1851
2401,2790
3521,2821
5252,0
4320,959
2955,1097
2394,2750
3872,45
137,2492
3912,2827
5698,467
304,1851
4709,138
1832,953
3065,861
2855,1051
1330,3186
543,1086
4822,954
2785,2914
3160,2037
4061,1206
4739,138
3127,3028
4554,1489
572,861
3219,523
5763,996
3235,467
1073,1035
808,1518
3115,2802
3394,2217
546,1518
1292,3028
4554,334
1116,2802
4828,314
2097,954
4543,1084
4314,1032
5859,2747
4628,633
1400,467
1188,3028
4882,1489
474,1241
1060,3028
1220,1031
1642,0
3474,991
5484,1557
783,2750
4322,334
1558,1026
3953,2157
2389,954
3820,2567
3558,2567
4494,37
4573,1084
3939,946
1762,1206
4997,1038
3219,1007
3393,2126
3874,709
5498,1963
1234,3157
2631,1776
5375,3061
3592,996
959,2171
1588,2342
5150,2569
5664,2790
1751,2521
2148,2157
584,954
4467,2512
136,1730
5015,1563
1618,2342
2430,2028
2034,2028
2987,633
903,1084
1823,2747
1840,2162
4099,2466
1931,1526
1676,1007
5748,3026
1905,1244
5724,1851
5462,1851
5336,988
1987,2747
5187,865
4106,2482
3911,1260
3264,860
5492,1851
2387,1526
2310,525
5923,2976
2188,2979
5712,2914
1369,3061
3919,1851
5825,2037
1375,1563
4539,24
341,525
4553,861
612,988
1635,1086
1027,1203
5044,1071
1044,1557
3473,1518
3663,861
5286,954
822,3026
3126,2349
5799,950
3955,861
1971,2482
4249,3028
5813,1006
5548,1489
1620,1851
3055,954
237,2349
159,2466
2382,861
5840,1489
4169,1355
4962,991
4896,2623
5688,314
3642,1811
3346,729
5280,519
1589,1575
4521,467
4443,3028
4763,0
2048,3028
2399,1565
938,1241
4730,991
2806,384
3317,334
1162,2827
2023,123
5251,1228
903,1031
2895,991
4734,709
3544,848
4459,2167
376,1487
4452,996
2454,467
2638,3028
2211,709
3422,858
1415,775
1998,1355
1335,1011
2267,991
5283,520
1260,1776
1423,1016
89,467
951,1206
1959,996
2791,1526
2641,2521
736,1217
3038,2157
5674,2219
5016,2219
4532,1086
4852,310
2422,878
2647,996
1321,2028
906,1032
5051,900
386,996
2872,525
4228,2553
4563,557
2940,2157
4722,3061
2567,828
4520,860
2065,3061
673,2342
4749,1851
2851,1526
423,2167
2240,1372
3232,2157
4868,2482
4666,1035
709,2157
3218,946
1072,519
5175,1851
4913,1851
4290,2626
4904,45
3570,1748
1676,633
2364,253
317,1525
1592,2625
5048,2426
2637,2482
1143,520
4943,1851
4320,2626
209,2342
4475,2914
3418,953
173,1372
4333,1518
3636,2344
4278,2750
95,900
4973,1851
4711,1851
3220,2816
3186,953
3865,1241
4198,138
125,900
5338,1575
315,1963
1395,875
2028,2508
2119,2626
1857,2626
1958,988
5459,0
5197,0
2394,1518
491,95
5088,996
4962,2577
1012,2426
490,1563
563,321
2162,1518
3714,1206
312,860
2313,2626
4632,729
5512,519
4583,1776
5930,1032
4617,606
257,1338
1667,384
1498,2827
3072,3028
5744,2747
3366,1031
2810,3028
5620,991
2507,775
2651,2217
569,1051
4666,848
2768,523
2012,954
3543,519
3088,878
3447,996
943,861
925,1221
3975,334
5599,2342
3077,2567
5388,3061
3973,638
5912,1526
3754,2028
4070,1510
1267,3028
3956,2162
246,2976
4594,729
707,1119
5848,952
1216,996
1292,991
545,10
3956,2512
639,3028
2420,324
2769,478
4908,865
3643,2173
2822,489
3942,520
1060,991
865,523
1668,2567
4930,1563
4369,1526
1796,1032
1276,996
3194,253
5221,988
1359,2162
1844,3143
5264,1035
2227,2157
4412,2512
5126,1101
2634,37
4925,2508
2013,858
452,1084
1177,1525
3916,2466
5294,1035
2200,1623
5386,1563
4980,875
1094,709
5407,1851
391,966
1215,2167
3125,1563
4816,2349
3542,1851
5780,1086
3617,1244
5208,860
3647,1086
2748,1963
790,2553
37,37
2468,633
3572,1851
4785,1292
3436,1963
1363,1260
198,520
656,3061
4746,24
4267,1487
662,1563
3938,1019
3530,2914
1131,321
3593,984
5948,996
3871,2426
3838,34
164,2225
999,3026
1567,100
4502,953
267,633
5767,3028
657,2508
2902,2914
5716,996
5432,1237
46,1573
3101,2750
3796,1851
1909,2816
4855,1606
856,1563
5868,2706
2547,2349
1535,1851
3391,984
848,921
2534,774
1670,2426
4213,45
4954,1211
5774,950
5776,996
4436,467
4620,3028
2691,384
1818,984
314,24
3402,1119
1459,1051
1338,2976
1472,2976
3189,1011
4701,334
2721,384
3538,606
4344,2167
5859,1007
1469,3028
5925,314
4958,525
461,959
5017,1105
199,959
1008,1128
3707,950
1890,2684
1583,1221
1308,1016
3061,960
4391,2521
3668,2126
229,959
2182,991
3030,334
3880,2167
5384,875
2022,709
4201,2747
2045,878
3929,2059
2547,2028
2163,1099
4109,714
5798,865
1488,960
5292,2225
1157,1355
4545,1244
4283,1244
1456,2176
3806,1844
4938,946
4058,2065
4601,1526
3066,2219
5453,988
578,2028
5067,952
4798,2979
4447,1244
2437,2398
4357,2482
2903,858
3560,633
3164,633
5745,988
5600,1573
3342,2625
4439,952
1907,489
3027,520
886,2157
4277,1563
2384,828
5808,2626
3798,3026
1028,520
5466,2862
772,2028
5585,1241
654,2157
1784,1563
5550,2344
5099,193
1864,3020
4701,1086
2537,1019
3462,3026
3596,3026
2440,1086
3947,1563
720,2753
2210,1563
3859,2847
4286,2914
3320,2569
4278,1518
4617,984
4181,1585
5184,1031
5357,959
4656,1851
3637,2626
1352,1101
4385,45
1716,1563
497,1526
5655,774
2776,2482
5676,2028
829,952
2792,2426
4811,45
5021,1575
3699,2349
2425,1851
331,1614
5029,2567
1304,2349
4318,1051
5706,2028
2663,861
4049,1011
5259,935
5823,519
5845,1032
1576,1128
4924,2150
2446,984
3659,1206
1279,2827
122,2914
2828,2217
3454,959
5818,525
1924,2750
692,34
3890,1489
4459,2171
5016,3028
5597,2219
4972,2167
3165,1206
2833,467
4536,324
5797,1526
3075,0
724,861
694,2150
897,789
5119,1813
2691,10
3119,1211
4196,606
2556,2037
2478,2346
182,2914
722,384
5333,991
641,984
4890,421
2536,1011
3129,1525
3072,991
1174,666
4751,2706
5138,900
2612,1006
4878,946
2325,949
964,1206
3236,991
1176,2028
4384,37
3076,709
656,1211
1996,1016
3331,2167
2794,996
1058,467
3390,2747
2237,324
1206,2028
542,2802
5247,2482
564,467
5017,865
3630,1244
5605,1035
4832,1085
1012,1007
1380,2157
4809,1101
4860,100
5322,1851
4437,2626
3169,253
2599,100
842,946
3599,2466
3532,1244
4411,2344
2277,988
4322,3026
755,950
875,1244
5471,2482
3891,2466
4711,2205
77,2553
5120,1851
3043,1029
4652,2914
3255,1851
1357,1526
4772,1518
5014,1051
3038,1035
979,2482
3682,1487
5198,1518
5537,984
3079,2914
5178,1051
2817,2914
4498,1292
3538,984
642,1557
4881,2750
2675,1518
1525,1086
5618,10
4991,1575
5784,1211
3702,45
3306,45
5790,467
3243,2914
1691,193
844,1260
1105,1035
450,3026
1028,2508
4586,334
5692,467
795,1748
2210,384
231,2349
2297,1292
4365,2028
1844,1724
4509,1026
4758,1730
4943,729
4616,334
419,2750
295,994
229,2626
986,1851
5817,704
2071,2827
3704,225
4811,960
5659,2747
5206,1489
498,949
644,774
4924,1776
3341,523
459,994
2518,2176
1007,45
5214,37
1738,523
668,1518
1810,3028
1414,3028
1051,2976
5771,1244
4837,2157
3371,1489
5244,37
4070,709
2400,211
2512,1206
4031,946
1988,1206
2019,519
2833,1032
1840,3028
694,1776
2758,858
4221,1228
5262,966
3187,971
1731,991
1722,3157
2826,211
2049,519
1290,467
462,1776
1572,1119
281,1206
1423,996
3657,489
3509,1557
3966,1244
1649,935
2475,519
4310,2747
5559,2626
1844,2342
2534,1099
1587,996
1925,991
657,2028
1720,1525
3333,900
5750,100
1735,1244
1401,3061
2304,2865
2888,1573
2972,520
146,334
5804,871
3302,1563
580,37
1451,1084
1827,3061
5512,2914
231,2512
612,3143
2656,2512
3511,3026
70,2567
488,2326
3454,2492
94,709
42,519
2247,1526
1042,633
2918,2862
958,2625
1990,557
997,2553
344,2173
4556,2482
4092,1035
4279,861
2295,2482
1637,2482
1831,1035
3906,2750
1220,100
4112,2037
5409,1206
1585,1918
4553,467
3716,2976
1673,984
5099,384
3356,1128
5235,1211
594,203
4583,467
4321,467
4613,467
4086,950
3425,1241
3080,1206
258,2482
910,193
4956,991
4560,991
1598,1698
5168,2567
5192,709
3736,729
1979,1575
4207,314
5745,858
5530,704
41,1851
3110,1206
2497,225
2304,3028
3484,858
5738,37
5543,2979
5613,2028
4940,996
5402,2747
1706,2705
2680,467
2468,3028
5695,525
4306,2521
5495,2157
106,2976
763,1031
4043,606
1372,1489
5219,946
3142,878
4882,1526
647,1206
895,3028
4059,1489
209,980
1403,960
2733,2521
471,1919
1718,971
1223,211
2056,966
1080,2377
2019,1084
401,3028
1285,2028
4809,1963
1462,2829
2887,1244
3768,2979
3021,1244
1486,971
5342,2426
4388,1906
3995,3143
5027,321
765,2342
2204,1372
3600,520
1936,1557
1525,525
2789,1244
3481,828
1735,520
1345,2028
4743,1851
2164,633
2228,1557
1704,1557
2729,2482
5805,2816
460,709
1468,2219
1827,1748
1061,525
3171,2426
5327,1097
588,1244
1719,875
12,1084
3972,2862
2422,1557
2119,1748
477,100
4193,1518
5413,467
161,1557
4796,2750
2343,860
3355,45
3395,2827
5181,467
4056,1031
647,1019
2998,1851
3123,45
2901,1918
2792,2914
4905,949
3130,2155
3396,3028
3236,861
1700,1117
2132,774
4085,1560
890,3005
5241,467
591,871
3242,467
1103,1019
5846,991
2988,2802
815,1518
5286,775
4471,1730
4973,2880
1401,2150
1697,980
2201,2176
4567,2377
1301,1919
4002,878
359,2914
868,2037
94,953
4538,858
2165,1206
540,2171
1257,1031
1317,2802
3400,2126
3542,489
3597,950
5140,1084
2760,2705
989,2155
2410,606
1601,467
1785,3028
14,1724
3675,991
5027,1557
1338,996
1472,996
3887,1813
3429,935
1271,3157
4282,2342
2702,606
5191,1372
3680,961
803,1776
3803,1526
4028,1644
1585,2162
1774,2623
719,1489
1923,2157
5240,860
1656,1813
5493,3026
5448,1563
5799,100
2763,858
2164,2219
3967,1526
465,37
4693,2569
240,858
3679,1244
3985,2482
5666,860
5216,1563
2183,525
2106,1244
5663,1851
3030,3026
4912,1128
3000,2625
3508,557
3322,3026
3599,860
3405,1748
4883,1487
127,2219
1904,1244
116,525
1604,952
2862,193
1485,1260
4181,1565
62,1228
1581,968
1410,1086
5921,523
1630,860
972,860
1046,1563
4724,1211
1065,1963
5555,1489
4013,45
5195,954
3682,2914
3879,984
1880,984
3619,2750
1356,984
3555,2176
5404,138
5581,966
4528,467
1451,2914
4004,467
881,2569
3649,2750
3387,2750
1267,1292
2189,3028
1107,2508
367,2698
3466,949
4142,0
5794,858
1812,984
1416,984
461,1020
3969,1011
2513,1031
2478,1976
4243,991
2238,45
2789,2777
2049,523
5225,2219
2397,1206
2461,467
1987,3028
2677,1031
1937,1221
4116,1007
4423,935
3468,971
3658,314
705,2827
2491,467
2592,519
5059,1526
2075,0
1966,996
3578,1489
3712,1489
2824,2747
4648,2342
3280,519
4102,1085
3324,37
4303,3061
4506,946
1996,996
2906,1217
2854,2747
5350,520
3013,525
3187,2398
1743,1489
2104,714
2546,1813
3738,966
5408,875
1757,606
2679,2342
2001,966
2926,2219
809,1032
346,3028
1392,858
84,3028
4826,900
572,2028
3693,1573
2576,1813
623,2747
2188,950
42,523
2593,2167
421,519
5772,1128
3141,2157
5737,1292
663,991
2338,1244
613,2567
4688,1851
317,704
4348,2914
1581,3143
2502,1244
776,2157
904,2342
988,2979
1010,294
1951,3026
5891,954
297,1526
1673,988
2321,1963
3577,2821
533,1244
3667,994
3519,2816
5900,1016
3575,2344
5836,1031
2330,1086
1003,2482
2255,1851
4986,2150
1388,953
3048,2426
4247,2750
100,557
1016,34
4878,523
5285,2567
4194,1776
2475,2914
4192,949
286,1851
673,45
4379,775
5289,996
2276,984
3489,1206
1770,2344
2410,984
4979,16
214,2914
916,3186
2789,980
1012,450
5910,525
524,861
5683,519
3995,1724
4867,1653
2363,1518
2822,2217
3848,334
3044,2037
1941,1421
5087,996
2955,467
3273,3028
4658,324
12,2914
5821,991
2961,1221
1609,1032
4730,2829
5508,2342
3644,2567
5949,1526
1672,980
21,2976
1743,3075
342,2802
867,2623
1519,334
2644,709
2661,1844
5154,100
1072,3028
810,3028
651,2217
1379,704
5424,900
2371,1489
1975,1489
3174,1813
3938,519
4177,2979
3418,2173
3826,1244
4113,520
3156,2173
3168,1244
139,729
1236,3028
1736,1099
1051,996
772,1581
5660,968
1647,2747
5248,1963
2741,1557
5361,1086
3733,2342
1339,1813
2671,37
2127,1105
4735,1563
3126,3061
1863,1032
410,37
439,775
1215,996
4368,988
778,1372
5914,861
3489,1019
5116,100
3552,3061
869,709
5217,2626
5182,1851
574,37
1756,946
3369,321
1681,1526
4406,2569
2653,2625
2257,2625
1426,253
942,2126
2973,1260
5742,1851
3419,34
5140,2914
1845,1526
5733,984
640,633
3191,557
4442,1071
5792,1564
2170,2225
1418,900
2042,2979
5629,45
625,1614
2601,2569
5107,2750
759,2553
3169,3026
5596,2914
5866,523
5601,1006
908,3026
4273,1211
523,2626
1527,2482
3151,1292
1781,1086
3644,1575
631,1563
4437,1211
5926,2802
1416,557
1104,2914
2881,1000
193,24
1412,34
5426,2829
2437,959
4331,384
4071,1211
5945,950
944,1851
1474,1851
5264,966
2728,384
872,2914
4105,980
5256,324
4081,1525
2601,959
2205,959
1733,1903
2504,1026
5294,966
1371,9
2167,1606
4374,996
5905,2059
3716,996
3454,996
142,193
1699,225
131,1724
5382,971
5153,1084
3215,606
3325,966
3082,1016
3075,37
3471,37
2476,1206
1748,467
2950,2028
3189,324
1907,2217
1511,2217
5399,1675
361,1031
4192,709
2430,1211
2537,519
1513,950
100,1606
4346,1526
3014,858
2269,704
3181,971
2331,2521
4454,1244
1921,2623
2731,1674
5102,2219
1423,2346
1557,2346
4451,946
1163,729
2748,2028
2478,2167
4957,525
275,1206
127,3028
1670,3162
185,0
3631,1557
3154,2157
1772,2126
3683,966
5804,3026
152,991
4100,1254
2246,2167
4514,1244
2922,2157
5834,3026
2515,1244
4416,1086
1138,1557
718,971
762,519
918,1032
307,878
681,2028
366,704
522,1217
2283,1244
4008,860
3603,3026
530,519
2345,3061
22,1244
4633,1851
5164,1487
804,2219
1007,858
1466,1372
3327,2569
1976,1851
4038,860
4172,860
3633,3026
448,1244
5253,1128
114,3061
1983,1086
1523,1101
943,2512
602,2219
1140,3026
1809,2626
2276,557
2813,2482
990,988
2900,384
4567,3028
5692,959
2409,1086
4162,2750
2701,2426
1643,994
1381,994
2200,1851
2983,45
2334,1851
4247,1518
5403,1206
2872,968
253,321
4428,775
372,952
4348,1011
4424,1006
2230,1097
2003,2626
1775,1456
3826,2777
2698,384
5907,2028
365,1851
1120,1195
1538,954
4838,996
3434,1206
4972,996
1450,2827
2220,759
3774,493
5931,520
2350,990
5360,704
124,45
4692,16
4148,1084
4280,1011
5202,2747
372,1086
134,2426
2811,45
3695,1489
1656,959
5030,950
5396,519
5121,314
3972,1016
3263,519
3034,467
2555,2684
3936,2490
3233,2747
1292,1032
4743,489
4798,950
3695,334
5177,946
5108,3061
2406,467
3620,1099
987,3028
1848,324
3221,2521
4876,3061
3900,2028
186,2346
3797,1526
1075,0
711,2167
704,996
3375,1244
1821,729
5263,100
2312,966
5001,100
1360,519
3019,2521
5569,557
2034,2126
3166,1228
4088,520
5860,2426
3071,3061
3868,2816
5732,1086
5088,984
1519,525
4755,3026
169,971
912,1244
5317,2914
4921,2914
946,1013
237,324
3202,1019
1483,2157
1948,1173
5489,523
5447,1051
5529,861
2947,1035
1101,900
1725,2979
1668,193
5781,523
5369,1518
5312,984
788,3005
5931,467
2259,1573
215,3143
5669,467
2592,2914
4014,1031
2401,875
2801,1748
4397,954
591,3026
5718,709
3393,2037
5258,2976
5621,3028
5832,996
5672,714
1288,860
3507,45
1141,1564
4823,954
459,978
4454,2777
3986,1211
3048,2914
3452,523
1146,2847
984,45
3590,2150
3390,3028
3550,1031
984,984
2952,2802
5376,729
255,3026
3023,2453
3357,1575
309,2508
1023,1851
5899,2167
713,871
2196,954
4092,1206
4123,519
4226,1206
748,865
3554,3028
3919,2217
2093,1206
1127,861
917,1051
1555,3028
3310,1355
919,1097
2884,954
4549,519
5801,2167
3681,709
4839,1032
585,2914
3399,996
267,1292
2182,1032
3861,2747
1688,2217
3193,2059
1872,991
53,959
1467,3157
3862,878
3934,0
5685,1029
2025,1206
1431,467
3901,991
3999,1526
4061,714
4987,2569
3195,950
5638,3061
519,1489
5772,1563
2055,1206
3970,946
816,729
114,1211
1196,950
1325,606
1631,878
4298,253
5927,1851
2541,1099
2663,2028
2563,858
472,138
302,858
1306,714
5757,100
1882,2567
2250,519
3407,3061
2096,991
432,2028
2641,525
2245,525
975,1489
713,1489
2898,1844
2280,519
1674,709
2336,828
1379,37
456,520
800,1084
934,1084
2486,1526
758,858
4197,1244
268,2162
1802,1244
5456,2750
962,1038
2663,2512
3869,1563
5582,2862
2232,1013
2254,1526
788,858
1429,100
281,2747
5729,2508
1004,2553
639,1674
2147,2753
5430,1128
5314,953
2598,2625
3396,1292
3533,1563
1523,1963
8,2342
1885,100
200,2512
1427,1851
2122,952
2559,953
4158,2150
5549,954
5946,775
4724,467
5505,1032
5375,959
4799,991
2901,666
5931,1032
5535,1032
2264,2482
4542,3028
2073,2914
5164,2028
4887,996
917,193
2971,1031
5924,211
3375,2777
2103,2914
5699,1032
1652,9
4917,996
295,2482
2017,861
2445,3028
510,2821
4891,714
3722,1730
5333,1032
5830,1084
767,2827
2885,1206
901,2827
2737,3028
3831,1084
1985,949
5426,2162
5460,992
2208,2684
475,2426
4470,253
624,1206
3378,1489
5368,2342
757,45
3723,211
5832,756
2915,1206
1395,1241
2167,0
4627,1526
4768,1007
346,861
2968,1217
1237,1032
3271,2157
1521,1730
2766,709
2747,467
764,1724
2197,0
2907,1099
1663,1032
1817,3162
358,1221
4263,848
5166,2342
3830,966
695,991
2534,709
2632,1244
33,1811
42,3028
4748,489
5415,952
387,996
1603,1489
715,2747
2936,2567
4784,1085
1633,2829
1523,971
3345,520
1164,1038
5705,2569
5939,1487
5082,900
21,996
1553,971
3184,952
5510,34
2163,900
4580,100
60,2829
5314,95
2882,1526
3895,2626
18,324
2519,1851
5033,984
3651,953
375,2059
366,253
2028,2553
104,1007
2855,1019
1103,519
5206,1851
2934,3005
2863,321
1926,2626
3681,953
405,2059
2917,557
3378,952
3543,1019
4611,860
2959,968
1021,1244
625,1244
1189,828
4974,1851
1494,875
291,3061
5434,523
4506,2914
4143,2862
2556,1086
2776,860
4995,45
3392,45
344,978
2537,2914
5104,1119
5830,1031
819,1244
4473,2750
1080,1019
4839,821
5169,2453
485,3061
2059,2508
1940,2816
5405,2171
5797,709
4321,1016
1404,3186
306,2914
1987,1292
521,1563
5827,709
2993,2914
5016,467
5412,467
3001,523
119,994
3151,467
3335,3028
3669,2150
1191,984
5123,714
174,1051
3622,991
2613,10
254,2508
2141,954
5320,2167
3909,1206
5749,1526
5792,2162
3710,996
1042,2150
5108,971
3836,519
643,2037
2150,1016
2764,2407
4085,2162
5753,1244
5371,950
4290,1813
4833,520
4437,520
5553,3061
1069,2037
5380,100
3245,1525
1524,2028
4525,525
3427,1007
1229,2110
5321,1563
1384,2398
5868,978
1769,519
3584,3061
3818,1013
1144,467
879,950
3712,1526
881,996
5088,988
5736,1963
4082,1244
5613,3061
3318,848
2660,848
2635,37
3218,3061
1174,467
1327,709
5349,921
1684,946
3382,3061
297,729
768,314
2237,2219
392,966
1907,1526
4209,2466
2887,988
2038,1228
5011,875
2977,100
2731,633
5186,2569
4239,2466
2920,2225
3607,2374
5169,2750
4877,2349
970,3026
3902,1918
5839,2171
5362,1051
678,2625
3594,984
4363,34
1327,2482
3653,1564
2814,994
5464,954
2666,2816
2405,193
173,2466
4815,666
3230,2750
1569,860
5694,2705
5149,138
3557,1051
1977,1035
3656,2750
3187,959
4814,1730
1598,1389
4258,2037
2215,45
1566,1851
1819,45
1857,337
3683,759
4180,1565
4359,3028
5713,1011
2782,1031
2978,1128
901,2750
5934,606
1587,45
1128,2914
2358,861
5434,633
2987,1032
810,1292
1952,2802
5021,2157
4964,1623
3293,1489
27,1031
4232,950
3703,606
148,45
357,384
1762,3028
1700,2150
2908,2028
4706,991
1459,775
4162,2059
1647,1011
4890,519
3293,334
3604,950
4917,2342
5171,946
3025,519
3544,1084
4822,2455
1078,1241
4956,2455
1601,1016
995,1206
523,2150
4808,1244
4118,16
5396,633
281,523
1898,606
3659,633
1738,324
4972,1244
506,991
3359,2219
5475,525
824,519
77,2167
408,991
4406,3061
3127,2219
2011,3061
5681,1128
720,704
4001,100
2437,3061
4710,2482
5061,1019
1618,3143
5089,34
636,952
2205,3061
4889,1851
5132,1020
4410,1035
2471,1086
375,2466
3704,994
531,2979
4523,1851
581,2342
2241,1563
3755,959
2920,1851
2524,1851
2000,1851
4175,1518
3557,193
4073,1241
5939,2028
5784,959
3350,1031
5074,45
1869,994
1366,2625
5305,2802
703,968
291,1963
229,1085
5562,334
3367,45
3105,45
5690,519
5327,467
1705,1128
4423,1000
2709,984
3218,861
2854,3028
2926,2150
5402,991
5619,2157
4055,954
5452,704
2962,467
2380,1051
5828,991
5623,1525
1870,949
3518,1099
1821,2750
2602,871
3501,2623
218,2750
380,45
4666,1084
49,2914
2685,2976
5432,1526
3966,858
5879,525
686,2976
2799,1011
5813,2157
1681,1026
4623,606
4879,37
3168,2167
555,3028
4979,1557
5698,1244
3499,991
3103,991
3817,334
766,996
3978,2157
4635,966
5364,3061
3287,519
3568,946
4712,1563
2236,1032
981,3028
5862,1244
2589,2059
5204,1244
796,996
4665,966
5630,1086
1530,991
2724,971
590,2059
3176,314
259,10
3598,946
2154,37
523,1776
3919,1526
4099,2625
5802,2482
2778,1557
5589,2374
1036,991
1843,525
2407,2553
5222,860
2580,37
3366,946
2639,3061
5063,988
5825,557
136,1084
3003,1244
5186,2492
2610,37
1278,2567
4936,1563
177,334
2083,520
1935,2342
337,966
2250,633
5147,2914
4102,24
3729,193
1430,1244
1,643
105,966
2280,633
1230,3061
834,3061
3854,1019
5376,2750
1594,1244
1198,1244
5367,944
1332,1244
936,1244
1366,828
3131,1563
4930,1128
184,858
5538,984
2485,1573
5515,1000
4439,1241
1010,2482
3321,2976
945,3026
4005,2827
5529,467
2303,1128
1317,1851
5101,959
317,3026
3279,1006
5445,1119
4550,1206
2170,2827
3388,949
3816,2150
5439,1489
743,3026
2346,959
1115,1851
4318,1206
5808,16
5264,1084
4804,1099
901,1518
1667,1051
1615,861
460,994
4027,2346
5477,37
5081,37
5457,324
28,24
5499,1489
1779,861
1187,949
4621,991
5023,971
5609,314
4303,1813
3238,1489
4571,2567
4177,950
1507,523
4117,2747
3945,950
4862,2342
3640,314
4338,2342
3672,37
5905,1372
4127,3061
1871,3028
4255,1526
3638,1557
2158,991
5820,860
236,1211
1717,467
889,1776
2221,0
5385,2625
1625,878
4285,1526
1850,996
524,2028
2986,971
3382,971
1769,1007
189,991
968,729
706,729
1995,946
111,519
2848,633
2316,1526
5433,2800
2563,2342
4015,860
4223,1563
1694,3061
448,2167
5126,24
4625,2482
3664,229
3773,172
4251,1086
825,2625
434,525
3133,2821
5669,959
3986,2508
1353,1963
4819,2482
1441,1029
4691,984
593,2625
3210,193
2296,2482
582,2466
802,520
253,1244
2708,2426
1009,998
1733,1029
4000,2914
5755,1241
1388,994
3426,2827
1423,988
2001,2914
2937,384
2259,1260
2594,984
1862,1035
1746,860
1558,1563
5917,606
4234,2155
2400,337
2343,3186
543,952
4716,1525
4308,10
5507,334
4860,523
173,860
2047,10
2203,523
4613,996
4000,15
2737,2150
259,2482
5085,991
319,1035
4823,991
5321,709
5296,2342
3635,1206
814,1364
1363,1606
2779,467
2912,996
2323,1355
5399,935
5433,519
5567,519
5184,946
1082,24
3568,519
1157,2827
1064,384
1487,1241
1585,1776
5420,2162
2433,1119
1404,1206
5227,2521
2957,2028
1026,1031
470,3028
1537,954
4011,2378
3330,704
2314,996
910,1206
4322,1489
500,3028
686,0
598,1119
5604,2979
2803,2126
5512,946
1962,729
2476,950
3288,828
3425,1099
5751,2625
530,3028
3176,1526
4974,489
2579,489
489,2623
5654,598
4425,1563
942,878
5238,1851
5739,1086
3057,2342
4905,860
1420,1038
5190,1029
494,314
1769,633
5507,1086
24,1489
4898,978
949,1244
1479,1244
2151,1085
1222,2342
5289,45
1073,2219
1476,946
5092,2914
5215,1035
1586,525
1974,1573
1101,2173
2880,1086
2640,875
517,3061
3598,1487
3937,953
4456,1518
2498,2862
3058,984
4401,2750
2383,2508
3493,1851
3097,1851
5690,523
1003,860
1386,598
172,2625
2564,984
2889,3026
3317,1221
2413,2508
2242,2626
3729,384
1793,1487
5093,775
5607,996
342,2790
4793,2176
1104,861
405,860
5822,3028
335,2750
2599,954
1766,953
4661,2407
3505,467
1853,2827
5375,996
2063,193
824,2914
1808,1364
2156,384
5251,960
755,865
3165,3028
5837,2747
1021,984
3661,1919
5930,467
4493,729
2664,9
2268,9
3228,2037
4300,334
4706,1776
2233,954
5798,1479
4032,519
2790,2750
1330,3028
1611,45
1215,45
4062,519
2737,1776
3283,0
2032,1206
4757,2249
4941,2558
2353,1032
1694,2150
4006,1526
735,2976
1571,996
2120,1211
3224,709
3637,878
4535,2028
2690,775
5047,2553
2456,729
5330,3026
851,2346
1761,2567
1554,3028
2438,2028
855,775
2027,996
152,1032
284,959
458,1489
4230,1526
1508,0
4677,525
1910,946
5065,1573
1969,1526
41,2490
1949,1813
2083,1813
2591,2219
1570,2167
56,519
709,1084
346,1032
2395,1526
5340,2508
92,334
3698,860
685,848
5531,9
2055,2747
5059,953
5673,2344
3374,921
4241,1260
4397,1019
3679,968
1736,900
5261,2750
3767,34
1669,3061
5863,2037
15,2342
1775,1013
390,2219
4344,45
1062,3026
5902,1241
5506,1241
3181,2569
3483,1564
2590,34
4121,1851
1092,3026
2048,1902
5893,2976
5535,1016
404,2625
934,2625
2503,2482
2107,2482
942,988
3619,1051
4813,1031
4257,3028
1441,1086
5720,954
4058,2037
2364,953
1684,2914
3387,1051
131,557
5749,729
1468,2508
2932,2349
5112,1606
5935,1084
1848,2914
4939,2028
3181,959
3524,1298
5580,519
5184,519
5612,966
4660,519
1857,2037
3607,20
85,1851
1220,2914
5399,858
996,954
2878,3028
2432,1221
1036,1292
2514,1031
4057,606
2512,3028
2384,3028
1988,3028
3530,2028
5739,525
4870,1244
4841,314
270,45
8,45
4294,1084
2230,467
2414,3028
3572,1099
2539,1976
281,3028
5435,2342
3442,2157
5752,706
2541,709
4062,1084
779,1211
5090,1526
261,467
2721,2747
1902,2829
2881,935
5451,2821
2808,2342
1312,519
2227,1084
444,709
5094,1244
3306,525
4742,2482
4040,520
2833,1244
357,3157
2432,900
305,523
4370,1563
188,2567
422,519
147,314
1599,1084
1995,1084
4405,1557
5551,557
958,2219
2238,253
2096,2829
2863,1244
2959,952
4784,2492
293,489
1809,520
3732,875
4007,2800
4817,1851
1772,988
110,2660
4072,1101
3951,3026
509,2342
1676,2219
5067,871
4972,45
432,3061
4895,1518
1058,1244
784,2173
2301,1086
534,1244
2061,875
2502,968
651,489
3325,1035
4222,994
5667,1724
3033,984
2771,984
1348,952
2527,1563
3206,1851
3737,1487
5782,519
2549,9
5553,467
3008,523
549,1851
5814,996
205,1260
3080,3028
5890,991
466,1035
526,1086
2223,1128
4081,334
3600,1724
966,45
451,1851
704,45
5186,996
2364,1518
819,557
3584,467
3506,3028
5658,991
5606,2521
849,3028
5607,2342
151,1939
4286,2028
13,2914
1763,2028
3165,991
2057,31
3375,2521
5116,950
5264,848
4126,211
3644,2157
4141,519
1795,1724
4450,2028
2605,775
1793,2028
3689,1526
2302,1905
4043,334
3186,3157
5659,946
480,1575
1669,1211
2440,334
5590,3061
245,954
3283,996
2429,1084
3611,2747
1307,980
3621,991
1168,821
4089,1244
4228,2342
1851,1228
4543,633
1334,709
919,467
2096,1032
3792,2162
1672,704
1448,996
5303,1260
5721,1019
5886,1086
4208,2979
2131,2157
269,1489
2265,2157
1105,1007
5277,978
4175,1526
5811,1851
2312,633
261,1032
3296,1557
448,858
3655,1086
5255,2508
3787,1013
447,606
5841,1851
2734,3143
3064,1557
1420,1526
3041,1573
5454,1563
2275,2979
1584,3061
4778,2862
5261,1518
5831,2802
1686,1244
3601,984
2017,2512
3357,1563
222,2342
5829,2914
4626,1128
5899,2155
5949,1518
2755,2626
926,1906
700,1563
5533,1051
139,1526
4927,1241
1350,921
62,525
2956,2508
4540,953
5747,606
2675,953
3280,1292
1337,2914
3922,1698
3083,1128
5481,1776
4679,334
3366,2914
2724,1195
4642,1206
2171,1019
4628,3028
1207,1851
3855,984
5300,775
2426,2827
1531,2914
1135,2914
5257,324
993,1518
1475,1292
1841,861
5299,1489
1624,45
404,2816
1372,2453
4371,2567
4242,467
2101,384
4637,996
4375,996
4096,1581
364,384
706,2750
4908,2398
5016,211
4425,709
2386,2623
467,1421
5078,2028
2273,467
4587,478
4691,2521
2814,1730
4059,709
4314,2167
2590,709
1540,2171
2359,3028
1963,3028
3967,2059
4132,2126
4488,1007
4092,1007
520,1031
4427,2983
48,1221
2384,991
4722,2342
4606,2167
1058,2777
2200,2567
3136,37
2202,950
3611,1084
4879,1013
2205,467
5586,875
56,523
4383,3061
3104,2219
404,1206
538,1206
569,519
3900,2126
2394,2059
4971,952
3221,525
354,2028
2123,253
3212,971
5792,1101
1189,2829
215,2623
2388,709
1703,606
1563,37
2127,2065
1301,37
236,467
158,3028
2434,2747
4765,2173
3065,520
4047,3061
1643,1844
1453,966
2444,3061
2048,3061
2310,1526
495,704
99,704
2114,1614
2886,2625
3153,525
1105,633
3956,2569
452,1007
56,1007
570,1228
2545,1019
4083,1563
2677,946
2580,1013
849,828
570,2167
341,1526
2710,1244
2157,1260
856,2157
4509,1563
577,1244
4402,1851
708,946
3033,557
837,952
441,952
2406,3061
810,2512
4037,9
3181,24
1154,1009
4170,1292
4272,2508
247,1244
2100,860
3822,959
1695,3026
5072,467
1995,2914
598,1851
2831,3186
5482,2028
212,95
3949,138
2995,3028
321,2482
703,1086
3889,1026
211,1563
3223,384
2796,2037
619,45
5512,2028
5301,2747
3044,45
5132,467
4889,709
4600,606
4978,0
5575,1976
4582,966
1746,2344
3599,1206
238,861
3342,991
5921,519
3887,2777
554,1097
4234,606
4726,314
5290,2342
1221,1560
426,1851
3891,1206
3292,2567
2901,467
3405,0
490,523
354,2914
5469,1526
1630,1206
4122,1489
1687,959
5836,946
3084,709
1021,2037
3064,996
1066,467
938,1221
4081,525
5643,901
851,1976
77,138
4949,1244
2445,2829
1003,2747
4544,966
3224,2567
3510,709
3895,520
4459,858
2318,775
3228,996
1621,2567
4062,633
1018,3028
5899,1244
5241,1244
571,996
3783,2157
1305,991
2908,3061
1724,1325
1259,996
4013,525
5831,1086
651,709
2810,3061
210,966
4809,1748
251,775
3820,2173
2378,2091
5747,984
5161,860
5648,978
1449,2567
1314,2342
5524,1851
648,37
4839,1748
5515,45
3739,3123
5184,2914
337,1084
1941,2625
2462,1573
3599,1019
1200,900
1478,2342
103,1038
800,966
5283,45
5618,523
1657,1526
3066,2626
1837,2625
56,633
3670,1020
973,1244
1508,2342
1630,1019
3094,860
4468,1939
5936,990
1137,1086
1297,3061
773,3061
4758,954
1936,1476
3061,1851
5216,1051
3691,3186
1062,1851
2151,2569
3425,34
3054,2750
2658,2750
3478,45
5185,775
29,1573
4876,959
956,1963
4149,3074
5162,10
3319,523
3431,1518
3253,2155
4127,467
2870,138
5757,950
5490,606
467,994
5484,37
43,666
3499,467
4079,3028
1897,692
2882,2750
1442,1051
2636,1031
762,1292
440,1241
2547,959
3379,523
2401,2827
4519,1206
3791,467
3925,467
2689,2705
5289,858
273,2417
3671,2802
2008,1031
3718,2059
2732,2028
5804,900
3275,1489
1274,2914
4345,2342
4720,2219
4350,996
4458,2219
3312,775
278,1606
1713,709
3595,1063
2366,2028
4164,991
4900,1813
3335,2829
1156,10
5146,2219
4096,2927
5367,875
5501,875
2120,467
4318,2747
4292,1526
715,1206
4739,525
401,1016
3157,2126
2811,1489
2143,2521
2874,525
1776,1007
875,2777
2117,519
5797,994
2653,2219
5861,1918
252,519
1633,2577
2097,991
1861,714
32,2623
2192,2167
2749,1526
2396,2162
603,1099
314,996
4422,952
4945,2979
1091,1038
3790,860
5581,2816
1398,966
3068,875
50,519
4889,953
3170,2091
4916,1086
256,1526
4258,1086
1752,1844
3504,1563
3993,2508
5061,2349
1499,3061
5396,1292
24,1526
3914,2750
2381,860
2400,321
2348,1851
2647,952
2781,952
4711,34
4001,1564
5229,1128
1041,2344
4272,337
4764,45
5550,954
1961,1563
1744,3026
5638,959
2033,1035
3712,2750
3243,959
4363,990
1785,2626
1065,1748
5402,1032
1940,2914
2385,1086
253,557
3742,2750
318,952
1180,193
4630,2623
5822,1776
3843,1489
5828,1032
4804,709
2973,1606
1970,2914
5163,1581
2167,984
1962,1518
34,2482
2250,2150
2312,3028
3229,1976
446,2426
415,861
5836,519
4815,467
5210,996
872,1487
2886,1206
1071,384
1986,949
2471,2684
5286,991
3238,1099
114,2976
2227,1011
5236,2567
5370,2567
3873,334
4409,314
5348,2219
5823,2512
2768,3028
2322,467
1869,1653
2583,996
2321,996
917,1206
5137,2157
507,3028
1781,493
3338,525
3139,2567
3679,37
4550,1084
2747,996
3258,946
744,2567
1112,519
213,2150
5295,2342
2325,714
2509,2521
5287,946
3180,2167
4432,1563
779,467
1881,858
7,1119
612,704
4451,1963
726,991
2276,606
3969,2219
5108,2492
3227,828
4462,1563
1568,519
3056,946
566,709
3909,633
1615,2028
4328,1748
904,704
942,996
284,996
3816,1573
3680,2466
3900,520
3418,2466
570,2521
4658,1101
1497,2157
337,1007
3475,2219
4201,633
1102,2567
5921,2349
851,2167
2582,100
4995,1029
476,950
4784,1748
1869,2271
4811,1851
1513,946
4798,865
902,2455
1228,2625
3847,1020
4967,1051
5311,861
5363,1051
3313,1086
1613,2466
1027,2342
1670,2219
3238,1851
4411,954
5234,2684
5258,45
841,1963
1006,310
3006,1851
4016,24
3393,45
4284,1128
2341,2750
3829,1487
3226,2914
5380,950
5645,467
4189,1241
5740,704
5382,996
3192,1051
1667,3186
3122,1221
433,3026
667,978
1221,1564
5937,467
1588,45
4903,1119
4270,1206
5412,996
4039,519
3933,1032
932,1811
5124,714
2217,1128
5021,966
4038,1206
4069,519
4172,1206
3182,467
501,2914
5604,950
1648,45
5197,37
5721,946
3209,950
2465,1206
951,467
4490,525
4424,2157
4938,2378
2313,1724
1837,1206
4605,633
1396,709
1525,1119
1772,996
3334,2126
1510,996
2988,1489
3930,2157
601,1939
1394,1575
5450,3061
5906,860
2734,37
5172,2558
2,1206
2756,1489
2352,1813
5256,1101
2577,211
2814,1844
5882,1563
2062,519
3877,3061
2118,828
1118,1653
173,2377
3062,633
5697,2914
4625,2173
5746,1086
2587,525
1594,2521
2953,848
659,1489
5676,2976
43,991
5650,1563
2114,1244
4039,2426
1004,211
4431,1526
2826,3143
880,1084
5157,2569
570,858
704,858
3085,2091
3270,1844
2010,1244
552,2157
3886,1029
3429,3005
5495,2914
5187,2569
5230,953
5692,984
4584,24
4434,1019
335,1526
1766,2173
4502,2816
2647,875
5921,2914
958,1101
4509,2482
1937,900
4263,2426
1711,557
4993,959
5896,2453
10,2466
5528,2407
4628,2150
5157,959
3231,2750
1118,2271
1737,34
1031,3026
2939,2349
3563,2176
4536,467
2691,3186
932,953
1656,984
1007,2790
1715,1564
118,2133
3077,1128
4154,523
1468,2626
5556,1206
810,2626
4636,1206
1227,2914
4164,2150
5107,1730
5249,1032
3408,1241
5632,2490
4097,2217
4467,996
1590,1811
4205,996
4929,2747
4805,991
5603,971
2081,2802
3556,1489
4755,2567
4760,467
277,45
1063,954
2499,467
2287,3028
193,2037
2581,1031
3324,1489
5029,2173
4547,709
5180,2342
1054,1026
2117,523
3978,966
2028,2171
4311,3061
5359,1526
5789,2800
2786,1032
3000,991
2862,2747
293,2217
1074,2028
1257,954
3874,966
4282,37
4008,966
3084,2567
1719,2705
1784,848
3103,2028
1236,1016
4388,2126
206,878
4577,1244
2043,1489
1415,2829
1420,729
3063,2979
2455,2342
3429,858
2971,946
1868,1084
591,2567
200,467
4857,2173
5003,1244
1386,2249
5033,1086
2966,952
2203,966
5243,1835
4110,2508
4562,1851
2786,2455
936,858
5063,1086
2638,1244
4539,1086
3173,2342
1664,1038
1662,211
5060,34
4309,1563
1019,519
1903,1963
2327,978
1091,1526
855,2747
829,1526
2345,1557
948,2157
942,2342
5018,1851
2394,860
4529,2626
14,37
5017,1626
2474,1563
469,3061
4146,1518
1956,1573
4516,1051
2525,1851
2263,1851
3056,1487
5580,3028
2510,2482
4755,1575
2951,1851
2293,1851
4041,138
1288,1019
924,3186
5284,10
693,3061
2024,2750
5590,467
5075,775
324,1851
2972,984
5589,996
564,557
252,2914
4580,954
5262,759
4959,950
5050,314
3637,1724
2656,2037
3557,1206
5453,704
1573,2827
3001,759
3543,3028
2656,2976
345,984
1692,1206
551,860
481,2750
4020,334
3721,1206
591,1575
3258,950
2915,3028
4665,1011
3049,3028
2973,0
2851,10
4886,606
5558,2167
738,2914
5634,2162
3829,2028
880,523
2380,775
334,1518
1080,3028
180,1051
4031,2162
4307,525
2245,1489
5172,37
5488,1963
3697,946
1947,519
1551,519
1188,467
485,2976
4705,921
5037,1101
1112,1007
2941,37
3491,2167
3920,1526
4758,2625
5790,557
1944,1510
5662,557
5541,2482
814,10
3066,2553
5881,860
2578,520
3560,3061
5029,994
5833,2482
5712,1963
3266,1244
2270,525
2803,988
3243,1260
5244,3026
3381,2133
5255,2626
5616,1851
2881,1029
5148,2914
3355,1851
5664,1518
4516,193
88,1730
3156,860
2086,946
1158,1085
1359,3061
5553,2037
2762,2626
5375,984
678,633
3179,2914
4020,1086
5271,1011
407,520
4073,1851
624,2625
863,921
4901,138
4938,959
879,865
1131,1086
1613,860
12,2219
2013,952
3976,2426
1948,3186
1767,1835
3403,2914
1348,1851
1142,2914
880,2914
4577,2777
2171,1487
918,1866
1369,984
2012,861
2332,1031
1472,2802
1804,1851
1003,1011
4380,519
3120,2171
2430,1724
1344,523
3240,775
5500,1489
3690,1011
5323,1038
3466,714
1645,1575
5853,1203
5345,2490
484,954
4694,1217
2068,1119
1410,1119
3269,1489
3,1031
4863,2342
5575,858
4976,2219
4351,2167
541,2777
333,384
2396,3028
5752,2625
2083,996
4899,2157
2824,2162
4620,1244
3953,966
5194,2455
1692,966
3082,858
919,1016
2968,1510
1591,2577
2451,991
3392,525
2996,525
3130,525
1250,971
2769,519
4248,860
1722,966
3753,100
285,2167
3986,2553
4686,1244
2062,1007
974,3143
4278,860
4703,100
828,2567
4033,1029
4224,1563
4507,1851
678,2219
3597,2569
482,1526
2460,2342
4046,860
2298,1260
5058,45
5798,959
247,1228
4022,1563
4511,2508
5088,45
2374,100
1592,2508
1630,2800
4940,1086
4502,860
2534,2425
97,1260
2593,3005
182,3061
4263,2914
5539,1206
143,100
1686,988
3200,384
4066,2750
4886,45
1866,3026
3731,959
1153,875
2896,1851
406,860
3230,384
3061,2827
4406,2976
4846,996
2024,1518
1967,984
5770,334
18,1101
5471,1206
1873,9
4877,467
4956,760
269,1851
7,1851
1413,24
4876,996
5299,1099
3062,3028
5797,1002
1707,2349
2340,10
5038,950
1445,2349
4771,606
171,1851
1230,1606
2384,467
672,1086
2270,1119
5333,467
4795,37
3831,519
3091,709
3072,467
3435,519
2540,606
1485,1724
5666,2747
5094,2521
236,2976
4831,606
5095,2342
5241,2167
2570,606
4189,1489
5371,2398
1050,991
588,2623
3118,946
1939,2028
927,3028
144,138
2354,1489
2660,1007
2092,1489
2384,2829
879,2398
4857,1372
4733,3026
2412,1844
3174,2167
22,2777
2837,1084
1114,760
4845,988
510,996
2122,1489
972,2747
1244,991
1696,334
796,2521
3800,2979
1589,2157
3836,946
2970,1963
5793,1851
5397,1851
689,1119
3830,2979
1248,709
852,709
267,1776
3634,34
2095,2271
5190,2847
5814,984
4951,1518
3143,1086
543,489
5292,2750
350,848
2683,1101
4840,2626
780,3061
4078,24
2808,988
2150,988
3404,1019
1629,2979
5392,1237
90,520
5004,1128
5098,9
1649,598
5776,45
3107,1563
2890,3026
2829,2750
5921,3028
2867,9
2614,2569
2297,2862
5736,996
4024,861
5946,991
889,2549
5250,729
831,100
5767,467
5900,996
2768,1292
2790,1051
4117,1560
1395,34
3792,1211
5509,966
5472,1084
3840,878
3778,0
3407,996
3815,821
2735,1128
4999,1776
5314,848
3020,1489
895,1939
3396,1776
1947,523
1685,523
998,2037
4816,756
723,1051
5897,832
3909,991
4119,2521
4751,519
3020,334
4093,519
1374,230
3442,966
4208,2162
2537,2028
5548,1563
2826,37
3939,3061
458,729
1363,606
4725,1526
2579,1099
3456,1372
5181,988
52,980
4699,1244
5766,860
1944,709
3707,3061
1070,1084
5560,2862
1795,1525
2275,2162
2679,525
4115,2482
5742,1563
2755,520
1805,900
3609,1563
1405,966
747,966
5750,865
5194,2862
5884,865
2658,1526
3382,1557
5321,193
3242,988
5826,860
3116,2569
165,991
5794,9
1002,1084
5144,2344
5949,1051
2266,1244
874,525
674,2157
4199,1563
5,1244
292,520
624,2979
2456,1526
2898,2625
5305,2827
4242,2549
4006,1518
2065,557
2992,193
2198,1086
392,2979
3155,2816
4582,523
4241,984
225,1526
3717,984
5948,960
5304,666
2126,3061
2487,34
99,1013
2153,1851
5222,1206
2627,953
4550,3028
3663,2976
296,2466
4569,45
4771,2623
1073,2508
1526,9
4318,3028
5464,2028
1984,860
4867,991
3182,959
5799,971
4544,523
2076,45
5006,3028
711,1903
348,1851
1483,2914
2879,3028
4759,2747
5483,334
951,959
3993,211
3869,1084
2585,2150
5159,1526
2733,2802
2638,1976
5896,1038
4877,1813
4994,2398
5145,2567
4639,709
2209,523
3146,2567
2755,467
3823,2028
1500,211
678,3028
3842,1489
231,996
5032,946
345,2037
780,1211
2409,1119
722,1206
1043,1032
876,2612
5327,1244
3405,525
3539,525
1873,1489
2948,996
1731,1032
5715,952
2860,1526
687,996
3001,1007
2962,1244
2313,606
1237,1813
5158,253
4984,100
4371,1563
603,709
5050,1851
888,878
5745,952
1686,858
5364,1260
397,991
2472,2706
2072,520
2288,1084
371,709
1004,2342
5080,1851
5476,1851
2185,3026
2753,100
2140,1563
947,2747
5080,2790
4735,1035
3028,1244
578,2126
4712,1051
324,489
3350,2426
604,314
4172,2800
510,2342
4453,9
2109,1095
2983,1851
5101,984
2847,1963
3776,2426
1059,1244
658,900
4094,1015
5274,1851
2379,3026
660,946
4664,1518
37,2660
3349,1019
2617,2790
2930,1035
1178,2225
2643,978
359,3061
2329,2508
101,2271
5698,2155
3177,1851
2781,1851
3430,45
4076,193
2386,9
2971,2914
3282,1086
5035,2750
5389,996
4131,1031
5158,871
5727,991
5145,1575
2177,774
5532,523
1542,34
3594,45
4776,954
2322,2626
574,3026
3937,384
1980,2862
4803,2750
5536,1581
5553,996
656,557
3421,467
4161,1031
2408,2750
1312,861
4918,606
2323,2827
2061,2827
4031,3028
770,2914
2487,949
1864,1724
4156,1976
2225,949
5639,2059
589,1563
5499,709
5192,966
4471,1206
5613,996
4209,1206
3634,709
800,2914
735,984
1110,861
4631,2777
3428,991
5689,3061
3402,709
4164,1032
4055,2028
910,3028
2429,324
3406,2521
2867,1489
2896,729
3804,2567
2259,1606
994,2914
4211,2167
4008,2747
1718,878
226,1241
5821,1244
535,2750
1285,996
1161,2623
3417,966
2905,37
3488,3061
5910,2790
5568,3026
4847,2512
1091,729
4048,3061
1231,709
2886,1084
5055,2626
5030,2569
2639,1557
5669,984
3888,1244
1412,3157
1966,525
923,714
4015,1019
2810,2378
5291,1563
4078,3061
1395,709
5285,994
844,606
3075,3026
1100,37
1159,3061
2339,3143
1169,2059
2783,2625
3321,988
5905,860
3707,1963
3447,2790
1907,2173
1662,2342
3906,860
190,1105
2788,875
1384,1085
1451,3061
3149,100
4135,1851
1150,100
3717,557
3529,1260
3947,1019
3689,229
4112,1086
5731,2750
357,2157
2676,2512
1615,3061
4165,1097
1976,34
4639,953
2988,2225
402,1526
582,2625
4216,1035
1717,1244
4215,1564
3535,1051
4716,45
3805,1851
5321,384
5059,384
4102,2037
3203,2914
619,598
3323,1518
4117,1564
5845,138
3009,954
3353,1518
4905,1206
1827,984
173,1019
2898,2816
5652,1032
2260,2155
4870,996
4474,996
1476,1292
335,384
5556,1674
4093,523
5130,519
4661,980
1116,2827
5496,1027
1609,2171
2032,3028
4318,991
1627,2750
3146,2490
3117,1560
61,1851
4668,996
3264,1206
3002,1206
1759,775
1934,3028
3623,1489
4955,2342
216,45
5532,633
5530,1526
44,692
3707,971
4846,1244
4293,314
3558,848
1922,1489
3121,2567
3874,1084
2225,709
5286,2455
3832,858
405,1206
73,467
80,2577
5262,2219
3825,37
4938,3061
5172,1013
256,709
3203,633
421,3028
909,2028
5346,2482
3793,2569
4829,1963
849,2162
312,991
1640,971
2779,1244
4370,860
4655,1029
1288,519
2514,946
4839,557
3457,2219
2715,828
43,2829
450,709
2872,253
5499,953
214,3061
2572,900
4373,1292
5455,1031
718,1813
1590,1742
177,900
4531,1851
3908,2626
4202,2349
4587,2914
634,1526
3325,2426
2300,1851
1467,2816
2157,1573
4851,1051
3775,1292
1392,952
749,1260
4582,1011
2988,1851
2359,337
93,3026
2782,2914
3766,1364
5201,467
2916,2914
5813,1031
3094,3186
2321,984
846,2482
266,860
911,598
4190,729
4969,467
1684,1487
2747,984
2485,984
2628,1292
2306,1241
4647,1355
5292,2059
5089,10
5178,991
882,984
4355,954
296,860
5758,519
659,1851
1610,2827
1809,1724
4926,2059
3133,996
419,1051
1217,1031
5437,1228
5022,2706
689,1851
2258,954
3970,2028
284,984
1917,1011
5701,900
3111,991
5444,1244
1368,45
2386,1489
710,45
1804,2827
3214,1119
5500,1526
3616,1099
4677,1489
3073,2577
855,3028
3751,11
3940,2162
4156,1228
3039,714
5642,828
5867,946
2183,729
5770,1013
963,467
3678,822
3557,2747
2177,1099
3665,1526
11,959
3639,1244
5393,100
5527,100
4751,633
1542,709
1127,467
1537,2028
864,996
5436,1086
2530,971
3669,1244
1693,1228
1548,2567
3597,3061
2939,3061
514,775
73,1032
1074,3061
3437,1244
3280,1260
1778,935
5224,2492
1340,709
5787,1851
3588,100
862,1084
2684,633
5116,865
2728,2625
5382,984
4169,2482
2608,988
1597,900
215,1623
5421,1851
467,1844
733,1963
2933,2626
4507,2827
3795,1086
3151,984
5096,1128
5641,2914
3839,45
3776,2914
3118,2914
5562,2217
70,2157
3062,1292
1388,860
992,860
1157,2425
3664,1518
5560,1016
1998,2482
5687,10
476,1101
4382,1919
3844,523
1772,45
4178,3028
2015,3186
256,953
4110,1581
1510,984
5579,2705
3380,954
5601,966
4682,467
1505,990
1946,2426
2281,2150
4233,991
4429,2623
1966,45
4310,2150
4336,1119
4444,2342
700,1128
4321,996
3663,996
2083,980
1310,2750
5150,1228
4347,2567
2781,729
3705,848
982,9
4074,314
1771,2155
3008,519
4031,3061
1059,606
4951,1526
2382,996
4143,2521
2196,991
2542,2567
1697,489
4719,1526
5557,2625
2150,996
3840,1557
5044,2979
35,821
3505,520
679,334
928,1038
2435,1515
1497,966
4723,1244
4327,1244
2935,525
2539,525
4588,1019
5634,1101
4887,1086
4491,1086
77,2521
736,2157
3769,1101
1090,211
2714,2219
212,2157
5052,2816
103,709
2518,1526
1391,324
4595,1035
2096,1244
1829,900
895,1813
4518,34
1623,1963
5239,1487
1550,172
1985,100
947,633
3978,2914
5021,1035
3084,193
4059,1563
1468,520
523,1244
1206,520
4476,1851
1491,100
3566,2569
1592,2626
425,1244
2278,860
4809,2037
4279,2976
1199,988
5010,980
1877,1051
3165,666
3291,24
5216,1206
2203,2914
3363,1031
2019,1292
298,2549
5425,1730
5093,991
4773,1575
2439,1851
574,1851
178,1851
709,1487
674,3186
357,1035
902,2821
2046,994
2856,45
5340,467
3597,1211
5843,2219
5218,2167
3860,1032
398,2914
5015,2747
2663,0
4577,2521
5699,935
4865,709
1807,954
363,45
5241,996
2582,950
174,523
770,3028
5116,2398
5785,1244
5674,2167
4254,1844
991,2623
196,2914
5471,2747
600,523
2919,878
2748,996
137,2684
4027,525
5515,952
5418,1019
371,1575
5219,3061
630,523
3035,2342
646,467
568,3028
8,1119
5614,557
3795,525
5448,1019
1449,1730
1867,1489
3317,900
1596,2157
1334,2157
2125,966
810,467
3640,1526
341,2059
5119,1086
2689,900
4943,860
748,878
273,1551
4388,988
2381,2625
5149,1086
5163,984
2005,1557
4647,875
3048,3061
338,606
4622,2508
491,848
5589,45
1373,2219
2675,978
5116,3016
1183,3061
1203,2747
5065,984
2553,988
4914,2508
889,1244
3039,100
1863,3143
555,3061
1603,1526
3492,45
5357,984
2179,2625
5497,2684
414,2829
3105,2790
462,1557
1315,1244
919,1244
3918,45
4663,953
853,1563
4818,1241
2864,984
1441,952
1255,2482
2927,3026
4396,959
2480,994
838,100
452,2508
5944,878
1038,1851
3756,225
1277,1086
1015,1086
5160,954
5815,2346
2797,1990
2740,1456
5539,950
1851,45
806,1851
4674,2377
517,1748
3861,3028
1455,984
1830,861
2798,2750
4793,729
5703,950
3287,2914
2929,954
1098,1851
3068,1298
2157,1606
4103,467
1296,523
3326,775
5886,253
4794,1489
829,2750
323,138
5314,966
4331,1206
1170,10
2696,729
3737,467
5015,1084
660,2914
4782,324
2728,1206
3784,1976
3985,946
1872,467
3345,1525
3221,1489
5041,211
1065,2037
3369,606
17,1128
4071,878
4869,858
204,954
2784,1084
3954,828
234,954
3034,858
5358,1557
4814,2625
1415,2577
4114,709
3816,1244
3052,848
5398,3026
2762,520
4140,3061
425,2777
1742,878
3846,1244
4152,2482
5734,100
5934,1851
2697,633
4249,321
1405,1084
1716,946
5212,1866
2695,1526
2433,1526
3530,1573
3020,2225
5774,2508
130,334
3714,1101
3491,1029
2142,946
3965,1851
3560,1573
2902,1573
5858,1051
5695,2750
2172,946
3753,1564
2103,3061
1707,3061
1445,3061
5080,2827
1100,3026
494,1526
1352,1557
3029,193
3889,1051
613,2157
5083,1031
2249,2482
3998,994
1506,2374
5661,2176
5594,954
1130,3026
1052,3143
2160,1851
2884,2821
4314,45
3094,2816
5055,1211
2940,2349
1722,2914
4325,3028
431,557
3920,2750
3,1019
2601,789
1049,2821
4147,2914
5219,1211
1696,1851
5882,966
5161,1206
4930,519
4751,3028
4350,2684
3950,2750
2900,1206
3624,2176
4608,2346
5924,37
4728,950
3668,1724
1520,2914
1336,1292
153,1851
2350,523
540,45
4385,1119
1938,1518
272,2482
1650,1051
2026,3028
3568,2028
5906,2625
1305,1016
2246,2802
2499,996
2263,2217
5310,1813
129,861
4944,709
4669,2167
2893,519
1183,1211
2663,996
4013,1489
2605,991
5072,1244
1598,1776
3366,2028
3459,2219
1437,138
662,519
337,759
4043,1489
818,1032
324,2217
3314,525
3470,1038
4313,37
2980,2342
46,2623
4148,1101
1918,37
4285,1372
692,519
1244,1032
3555,1526
4458,3020
215,1119
4002,525
5789,1019
4011,988
3379,519
4659,1963
4408,1563
2557,1084
1424,37
677,3028
4202,2626
3926,1038
3559,1244
5549,2821
2901,1244
4802,1086
3436,2342
4834,1563
797,1228
4907,321
253,606
306,3061
722,2747
5108,984
418,2521
2993,3061
4757,1851
336,3061
5749,384
3090,900
4861,861
5884,959
1192,952
2761,3061
2154,3026
5401,990
5239,2914
3184,1851
1616,2569
3041,984
2952,1851
2005,1748
5107,1051
2896,229
5946,1032
2547,984
1200,2482
5276,1991
2610,3026
521,100
304,1563
5775,3028
721,1851
1089,557
3790,1206
1102,2482
2560,2508
4941,1489
481,1051
5877,2342
2743,1811
2798,1518
3226,467
3544,3028
985,3186
1119,3186
3755,996
623,1292
5739,314
5408,709
906,45
4015,519
3652,467
575,2914
2994,467
709,2914
3699,1976
5135,1489
129,1292
3399,2623
3442,1007
4300,1038
5009,37
4735,966
3150,606
3553,996
5590,2419
2336,1032
1081,3028
1401,0
5435,37
3450,467
5628,3061
1225,3157
769,2914
4016,878
5153,324
3561,2927
1585,467
1189,467
623,1776
3800,2162
2291,858
2232,1217
3993,1244
3731,1244
4266,2342
3017,211
179,954
411,1489
5547,978
3258,1963
1716,519
1523,878
5163,988
1824,991
5287,1963
1562,991
447,2058
3760,1019
5477,3026
3758,946
604,729
1746,519
2923,1084
5757,3016
1978,2747
4175,2173
1458,991
5912,860
5948,517
867,1489
2740,37
1993,2466
1803,2342
5774,337
5087,2790
3079,1573
1243,2126
4261,2482
5721,861
377,3143
2052,952
2090,1244
2342,2219
1167,37
3493,1563
3448,100
4814,2816
406,2568
631,966
5695,1518
2126,1813
5450,2626
1513,1963
1390,3061
1262,1563
4944,953
1754,1244
3642,100
2823,2626
4974,953
3636,2914
4302,523
783,2625
1065,1557
259,2625
4342,861
5938,821
1445,1963
4259,45
4864,384
2666,1487
988,2626
4348,467
3370,1051
1845,3186
4791,1976
1780,2976
4506,1211
4774,467
4434,3028
5184,2028
3324,1241
4108,10
3054,1730
5869,37
4874,1206
4621,760
3714,1776
1599,2914
5622,1099
4388,0
4584,878
4279,996
2262,225
2523,0
45,1086
3300,3075
3106,1489
4935,519
3732,2705
4040,606
4179,950
5605,2219
4450,2167
5935,633
2527,1031
2754,1976
2855,2028
2452,2577
2520,991
2454,2623
3808,606
2604,2567
336,1211
4952,2162
3543,2028
4556,2162
5881,2625
4566,2126
2346,996
995,1032
2761,1211
5156,2342
3136,334
961,1421
3229,525
4216,966
1459,2829
1858,2346
2868,519
3649,1084
3855,960
5520,525
5512,1573
5529,988
3309,2332
2931,2157
3428,2963
253,2623
905,334
2123,900
258,523
1389,1844
1723,966
255,225
2452,3061
143,950
4815,1244
11,996
1375,633
1495,1489
1701,1557
221,991
828,2157
5238,34
2431,2342
5278,2816
5938,2862
1406,858
4508,1851
183,2577
1865,1557
2942,952
1951,1331
2427,1260
4166,3026
2977,946
1134,520
4255,1563
5196,1851
4800,1851
5920,1128
1988,3061
5670,953
709,2219
2211,100
4734,450
1484,525
826,525
4267,984
4673,2426
564,525
5036,34
2799,1963
1008,946
5761,1606
1643,2625
208,489
4930,523
957,203
1848,2626
3615,24
5130,3028
2785,1260
2784,1035
2462,984
146,900
3045,1564
1947,1292
3667,2816
475,3061
213,3061
2763,1851
3586,2827
162,1029
5735,519
5110,467
3976,1292
4535,2976
5447,991
5581,991
5357,2037
2213,2508
3314,45
3720,1487
4924,2155
5006,467
3125,523
1839,954
8,1851
1620,2344
3659,2150
3792,959
905,1086
2243,2508
1097,1256
2000,2750
5566,467
244,2508
687,45
490,2914
5359,2059
2831,3028
5739,1526
5379,991
832,3028
92,3026
394,2802
4425,848
154,871
3330,2567
3092,709
5903,1526
3468,996
3342,2577
600,3028
4258,334
3344,2623
881,45
2833,606
2244,211
485,984
1288,3028
4452,1489
503,1001
568,2150
3178,991
3312,991
4248,2625
1285,1976
911,45
2483,2829
4195,520
5573,3061
2555,2705
3286,709
94,954
856,523
145,138
5585,2482
4095,1228
2221,1489
3414,1244
3553,2342
5797,860
2279,1844
4906,100
1055,709
2211,397
3453,2111
1043,2577
2971,1963
1295,519
2899,397
1576,946
4876,988
1161,704
1199,996
2033,633
365,2490
4009,2342
3243,557
5896,34
550,1489
1475,1244
1115,709
430,606
5562,1851
165,2028
2389,1557
4299,953
3407,557
2268,1038
3548,2482
1377,1244
2959,3026
1567,3061
5782,2914
647,3061
4725,953
2667,2625
5904,1564
3394,860
1317,2482
1467,2426
5613,984
4109,24
683,1563
5852,1000
827,3005
5733,2217
4884,959
2696,2750
3391,1851
2768,2626
4523,953
307,875
441,875
3495,861
1117,865
3023,1051
4269,1221
349,2225
5484,1489
4990,954
1184,3026
4547,384
5395,2171
5202,1776
319,1235
5879,1237
4055,861
4349,3028
5050,3075
1357,860
5675,2346
2421,959
4016,2037
3379,2914
4451,1211
3454,2684
252,1487
5558,606
3971,2802
4499,2167
3962,996
20,1487
481,384
5312,1489
47,1031
5370,1844
5055,520
3031,1776
1978,523
3165,1776
4383,2342
3705,966
1974,0
4300,1526
5816,1557
3838,714
3215,1489
3510,848
5799,2492
3089,37
2521,519
4618,2747
2467,1976
5450,1557
491,1206
2028,1525
4292,2173
4700,1244
2841,1813
5018,1526
2387,2747
2397,991
3615,1557
4000,3061
2608,2342
4175,1372
5900,988
5638,988
763,2028
2964,1573
1178,1489
4349,2841
2376,2342
2830,2512
4081,3026
746,519
1183,520
235,946
1816,2126
3407,988
3985,2914
1366,2829
2625,952
2267,1244
1848,1260
346,935
268,1244
4870,45
3254,2816
3,946
1137,875
3390,2862
2297,1244
2431,1244
694,1244
4090,994
1159,2512
2231,1563
691,946
4550,1918
2700,321
5011,34
2984,1019
3727,1292
5205,1031
3861,1292
200,1244
3596,994
3792,2626
1999,1563
1782,3026
1558,100
1964,2508
5881,1206
3286,953
3766,2344
4891,467
3965,1241
4973,1031
4897,1221
5729,1724
47,978
1817,337
2827,2482
1662,988
2565,230
1716,2914
2437,984
4539,2802
1067,24
5568,1217
28,1086
2142,2914
215,1851
4709,1119
2205,984
3814,1206
3156,1206
3244,1026
1524,1939
4872,709
70,1096
3370,384
4208,1483
2172,2914
18,2626
5248,996
806,2827
2592,467
2017,2976
4965,1058
4104,729
796,45
5296,1013
2806,3028
3436,980
316,2037
541,2155
1613,1206
955,1206
941,3028
283,3028
16,994
5041,2342
5819,946
5092,3061
5616,1526
3854,2028
1529,138
1830,1032
4475,1557
5189,900
3802,525
524,996
3545,1623
4455,1844
1258,991
996,991
2986,878
555,467
677,2150
5620,1244
2038,1489
3225,1244
2067,729
3356,946
4839,1029
4913,978
847,467
1413,878
1366,1032
1927,1099
3153,1526
4669,1557
1095,946
3003,2521
3734,525
3122,900
415,2126
1285,1228
5060,1563
4881,100
1116,2173
5343,1851
1151,2167
5679,1019
2470,1095
2239,2660
3777,952
3140,1829
2329,2553
1146,2173
891,900
357,966
2772,1029
5741,3186
2850,1851
911,1525
959,253
1177,1644
3844,1019
159,2829
1060,1244
1490,828
5662,45
5476,1575
5601,523
2428,2508
4310,2862
5790,984
2756,95
5454,1035
5266,984
3216,1019
3142,2790
3515,1086
3380,861
1652,193
5692,45
2889,1563
2493,1563
4803,1051
5078,2976
2961,1035
4248,1206
5192,1011
2385,875
5816,57
5683,467
786,1748
3544,2150
5356,1011
3124,1564
1868,2426
5852,2346
3625,45
4807,954
822,1563
5011,949
5883,878
2674,954
3374,3028
67,2569
731,2549
1230,984
1797,1031
1375,3028
5896,709
384,2626
5876,996
5835,2126
998,984
5227,1489
2530,959
604,2750
4914,211
4137,519
2867,729
3512,467
3338,314
5258,960
1845,1206
3669,2521
5763,314
1918,2623
2897,729
3695,709
3144,606
4078,2167
1292,2346
268,2777
636,729
4507,1526
4154,2162
1549,1221
5822,1244
10,1206
3026,1489
4982,1038
1298,821
1752,991
2297,2777
5750,3061
77,334
538,1483
4671,1526
2513,2028
1444,996
1182,996
4388,2342
5435,3026
825,2829
3984,946
2523,2342
4305,1526
204,1206
5553,988
2620,2625
2229,525
2726,1331
5688,1563
464,729
1351,966
5583,988
2048,1244
2182,1244
3287,1906
3294,633
1714,3061
226,1099
2677,1573
2209,946
3838,100
1220,3061
4553,45
337,2219
1370,3005
7,1526
1519,95
4530,34
254,2342
3934,1851
3363,2816
5369,954
5847,1518
3990,2914
2069,1851
1673,1851
2805,953
747,2625
4365,2976
4666,2150
3984,1564
2299,34
4613,45
738,2512
5794,729
2205,557
1315,988
5052,1031
1900,860
5563,954
1757,3026
1316,1563
4219,2346
902,2862
4228,1119
2937,1206
1915,1518
3615,138
2233,861
5620,2777
4449,714
4552,2155
1888,45
5836,2028
2967,1206
5212,858
983,2827
535,193
2629,2150
4967,2747
5718,2157
3594,1489
3162,519
2799,467
4805,2577
2537,467
2459,3028
4329,2059
3886,1489
4301,950
3969,211
1986,714
2182,2346
2567,467
5161,2747
4356,1007
3045,2162
574,1221
2900,2747
4232,971
5248,2342
2753,1007
5106,946
515,991
2065,606
3537,2028
916,3028
1834,858
2638,2346
3018,1813
3413,2342
4603,860
1024,2157
3863,858
863,519
422,3028
3792,1557
616,1581
3591,520
4809,1086
313,991
3635,2512
1583,966
530,467
5048,321
2942,1013
4862,1851
2447,253
408,2167
4840,557
1493,3143
5192,450
3034,952
2810,1244
4948,1029
555,1813
572,1228
4475,1748
2565,100
2699,100
572,2167
4883,984
1839,2625
2121,1557
2274,2553
3363,1019
4431,860
986,2157
1786,520
579,1244
2717,1029
903,3061
507,3061
635,1526
4857,860
5526,2150
4829,2976
3296,1086
1883,1742
1623,2569
4372,2508
347,1244
1039,828
70,966
1264,946
2507,2508
2202,2626
3689,384
4597,2976
1297,1244
5637,45
5241,45
4396,1939
166,1963
4782,2914
5157,2037
1917,2800
761,860
3719,384
5942,1031
2906,1035
2641,1518
2322,984
5797,2747
731,3061
1354,34
5478,523
5863,334
4700,606
5736,0
5474,0
3779,1724
4851,775
1640,24
236,988
2053,193
3271,759
2990,517
5765,1869
1289,2426
862,861
4454,1489
1954,2816
5743,16
2122,2750
4066,1730
4760,606
422,1097
4155,1206
746,2914
350,2914
3165,467
1320,3186
5759,2747
1147,225
5430,966
1107,45
5947,704
4735,1084
5751,2455
290,954
815,775
5737,1244
5876,2342
1411,1560
2581,954
4246,519
3244,709
5799,3061
3507,1119
2504,1084
4190,1526
136,1776
1385,2217
5932,557
2843,1489
5766,1019
1084,10
1173,991
4161,946
3765,946
2455,37
1409,709
937,1653
5856,1851
3307,253
119,1206
401,138
4938,988
5072,988
1775,1217
2957,2126
3670,1244
1151,2521
1944,2157
3955,2167
5252,3026
4063,946
645,848
736,966
2383,3143
1989,1526
1527,714
3070,848
2120,1228
2209,519
868,489
166,971
465,1038
3426,860
4990,2625
1328,2167
254,37
729,1084
1783,2747
3655,1851
2877,1557
3393,1851
5907,984
5446,3026
3456,860
4235,598
1531,3061
1765,1013
1572,1372
4514,952
58,633
3676,984
1499,1244
361,1573
3001,2508
3849,1851
4039,2914
778,2800
903,1748
2283,952
266,2625
4007,1097
794,1963
3456,994
937,2271
3194,994
5052,954
1356,1851
2149,1487
301,525
1482,1963
2640,34
5576,1489
2800,666
1700,321
419,2816
835,1748
5929,1011
1648,2790
3640,2750
1812,1851
5827,1084
4605,3028
4209,3028
3947,3028
1810,2155
2620,1206
5330,1217
4428,2577
5770,1489
4758,991
3673,954
5104,2567
5045,1206
5076,519
4052,950
4450,996
4591,2167
451,953
270,2827
2853,1565
2240,3028
2190,1221
1978,3028
4526,991
1737,1811
2611,2567
4352,996
2086,467
341,384
1862,759
4534,478
3527,324
2267,1976
4192,714
3965,1489
4628,1244
4762,1244
1023,1128
3979,606
3717,606
2269,709
2613,519
1985,950
2434,3028
1988,467
6,2915
4694,709
4782,2219
1924,832
3080,520
5642,633
3066,2342
1844,314
2017,996
4608,3005
1896,2167
1121,858
2175,2521
2968,2157
2567,1813
3687,1844
1106,1489
2706,2157
4403,1260
4819,946
2614,878
2954,946
2098,961
5577,2466
1721,1011
4515,1851
353,878
1251,2028
867,1099
208,2217
2317,2173
4652,3061
888,2326
628,709
1365,2665
2781,1526
716,2219
4140,1573
4983,3016
2822,2466
833,525
1567,520
4509,100
2421,3061
5307,1019
5090,2482
4304,984
2881,952
3208,34
776,2219
2016,100
3012,95
2792,1260
5868,1032
5866,959
1308,952
912,952
554,1244
5528,1903
2541,860
456,1086
354,3061
1623,2626
4498,984
4057,1241
651,2466
2499,984
4104,2750
1241,1019
2255,1563
4165,959
1391,2626
4935,3028
5229,1031
673,1851
5019,1221
411,1851
1409,953
2529,984
4268,2750
5156,2623
1873,2750
4306,9
2279,994
4271,954
5568,2567
1459,666
4801,1119
4054,138
5721,2028
4850,1011
3528,1031
5320,2623
244,2626
5078,996
2640,949
3080,467
3264,3028
5812,991
2601,2684
4148,2028
5416,991
2353,138
2067,2750
4825,1489
367,1097
1487,1128
4839,606
1428,1487
1808,954
5249,2167
4425,966
2331,729
2420,20
1095,523
4417,324
849,467
1630,1032
4117,971
5395,2342
5125,37
1052,45
3269,2567
3503,519
5184,3061
3293,709
5189,961
4793,961
4290,525
5019,900
2624,1489
2362,1489
5679,946
2850,489
5610,3061
2282,971
3039,950
2242,606
5643,1666
644,950
1824,1032
1562,1032
4053,2625
2228,334
3353,709
3738,520
1530,935
1817,211
1335,467
1761,2157
3543,3061
2171,2028
5569,1851
2728,633
886,3061
2090,1285
5371,1085
2530,1557
2048,1813
2915,3061
3049,3061
5733,1851
2253,875
1440,1526
3675,1244
2412,2625
1178,1526
567,1372
3936,1019
1810,1244
2734,3026
2644,100
1476,3061
1710,1013
3368,1851
2745,2626
2046,2625
4191,2827
5127,1051
1907,2466
1840,1244
3755,984
878,2553
1249,2466
3732,34
762,2378
393,37
765,3026
5170,2976
3747,692
4946,1016
1376,1086
4357,1560
392,1101
793,2199
5510,950
3094,2914
375,2625
1899,1019
5314,1011
3169,994
301,3026
5802,950
652,1563
4833,334
3528,523
405,2625
1125,2914
4358,980
2484,1241
2285,1031
5303,606
3353,1811
1300,1575
4092,2150
4885,1032
893,2914
631,2914
4365,996
4236,1525
1653,1097
5825,314
5053,966
4133,996
3737,996
349,2827
1739,467
4963,3143
2057,3028
2217,1031
26,861
2806,1776
1491,523
117,2827
4585,2567
5521,37
3266,606
3233,2378
991,1489
2586,2567
4373,3061
3715,3061
4367,1526
5339,2625
414,138
4552,525
5464,1573
5908,2553
2580,1217
740,2028
4826,2979
4079,1244
3692,606
1906,714
3501,1038
1723,1007
4056,1260
2640,709
788,729
2699,2979
4519,2455
773,606
34,1206
770,2028
2979,525
124,1099
2267,1228
3189,520
1086,729
1590,2706
189,935
2300,1526
5097,193
5120,1116
958,520
2988,1526
4743,2482
357,2747
2299,900
672,1038
4282,3026
5634,2626
200,1228
3858,978
1970,3061
1290,858
4383,45
436,946
155,704
5867,1292
631,633
3129,953
1353,1557
680,525
4756,34
475,1813
480,2157
4946,1097
73,1244
1599,1963
4684,1851
5071,45
4422,1851
3455,2816
3900,988
4478,2914
2396,28
3350,1487
4153,1811
5230,1206
2475,1260
5945,959
595,952
2486,860
3757,2750
885,2219
1962,860
3984,2914
2191,1851
3950,1051
267,1244
4799,996
2254,860
5731,1730
1821,978
1373,2508
3261,1364
1753,2914
5273,1976
1873,1518
4053,775
4165,1016
4829,996
4653,16
2855,861
296,1019
357,2426
4710,523
2483,2386
1264,2349
5379,1032
738,24
3589,1206
2995,467
4992,1525
5167,1526
96,3186
4525,2059
40,1564
1513,959
5253,519
468,321
2067,1518
3223,1206
2390,2171
2061,949
5459,1526
3993,858
11,984
685,2426
5115,935
5224,878
5048,2342
571,45
4595,1084
916,1211
3937,1084
5885,1526
2715,3028
3751,170
3188,996
4949,2521
5603,1813
2992,2747
5340,2342
2143,1489
3844,519
3238,709
1070,523
108,1051
1343,1032
5432,2466
3839,525
2846,2521
325,2217
3271,1007
3377,2157
1627,1730
2287,1776
3138,828
1582,1206
1186,1206
2315,37
2295,324
5395,1244
3145,2157
3396,1244
3129,900
4703,1101
3196,3061
380,1119
295,1011
3164,1244
822,3157
1439,2567
3226,3061
4891,2626
4912,2914
2327,2625
1093,1526
1207,2567
2994,3061
4921,2626
4560,1866
4415,953
258,324
3346,860
5312,1851
71,848
5565,45
1483,2219
2529,988
2250,1573
1871,988
3387,1019
5219,2976
3186,2426
5467,45
716,2841
4312,959
5172,2571
665,1563
3271,2914
5384,949
3449,3186
3334,984
1291,1244
4023,1206
4035,1031
4529,1724
2640,953
2335,2569
2763,1518
5853,996
3349,861
1218,3186
1574,2821
4506,959
2823,2508
651,860
591,994
5792,878
3411,3028
3182,2976
4972,1489
531,1101
5740,314
1575,1487
4247,1206
4875,2495
2555,949
2691,1776
951,2037
3534,775
3786,996
773,984
5348,2126
1598,1097
1461,45
1264,2914
3117,1776
2721,1776
1002,2914
2278,1206
108,193
1422,467
1308,1119
906,2802
4232,1813
2934,729
4496,1105
2046,1206
226,949
3227,2829
2831,2829
2206,525
5659,3061
4162,828
4017,2167
3621,2167
207,2777
1482,467
5215,3020
5263,1748
1615,996
4565,2157
1229,960
2490,2162
2094,2162
571,960
1548,3157
4158,1244
4163,2342
2392,1038
5023,756
4047,2167
2961,966
2953,324
5716,1851
847,1016
2791,2625
1880,489
2189,1244
52,2623
1829,709
1932,2342
5936,2914
344,930
5471,865
1862,1007
5618,1292
3724,1086
5205,2816
1084,1844
5339,2816
2216,946
3890,1563
2409,1526
2013,1526
2389,1813
3342,2862
2974,2466
961,848
2549,193
2439,1526
1480,100
972,633
4734,2426
4472,2426
4367,1851
5407,1364
3380,2349
5255,1724
3899,2914
208,1526
4103,2155
2083,1086
3702,2750
1489,1101
2064,2914
1305,2862
4622,1565
4491,2802
1865,984
2566,1031
3438,960
5668,334
1353,1748
4513,467
39,1851
4822,1976
5467,960
4490,1237
3896,2750
5288,1217
2008,861
5840,1730
2839,789
1550,949
3790,1011
4134,821
2059,45
2664,384
4281,467
1544,1292
2466,3028
5014,991
4962,2521
3157,1606
5225,2342
4707,467
1534,954
5472,2219
2096,2155
5083,946
205,557
333,3186
2630,3028
4680,714
2436,3162
5918,966
5770,2034
2783,991
3369,334
2660,3028
3148,2028
120,984
1333,1206
1621,1084
661,3028
2483,2577
2020,1355
3145,1730
5158,2567
4786,709
4761,2342
4083,966
2735,519
1974,606
2676,878
5081,253
3016,946
4597,2126
5639,2466
2715,991
5478,828
582,991
254,2623
2926,2342
259,523
2248,966
841,878
3239,1526
5205,1019
1624,1489
3224,2157
753,2162
1291,2777
5501,34
2282,1085
40,950
957,2342
5033,1851
2455,1013
1204,2219
25,1581
5272,1086
2173,3020
5430,2426
371,3157
4429,3026
2844,946
2978,946
5063,1851
2872,900
3309,901
1419,2157
4810,1563
5247,1564
518,709
4569,1851
2594,3026
20,3061
1644,2625
2668,100
708,3061
1886,2508
50,3061
581,253
5627,980
1554,988
2081,2225
5131,3028
5045,1564
2839,1086
1430,952
1072,1244
4887,1355
339,2790
5089,523
402,860
4333,954
1879,2626
5635,467
2954,2914
2933,2037
2998,3186
2755,984
5069,995
2827,860
1140,193
1978,1292
627,1136
5253,523
4625,954
3983,1487
1807,2349
5138,950
2326,2914
3187,2684
2963,2976
5433,467
2199,2176
697,1851
950,45
4790,775
688,45
5924,704
2718,1051
5911,2162
3988,1026
719,1051
2711,1011
3292,10
5220,709
5289,314
5065,606
4379,1032
2761,2976
5620,2521
3814,2162
458,2750
4768,211
3628,467
2788,2705
3366,467
1351,523
2856,1119
4184,1099
1449,1031
5733,489
3389,2521
1104,996
4073,709
3549,709
2671,965
3899,2219
1498,519
1283,1119
2499,858
5513,314
1606,991
2454,334
2856,314
2894,606
4325,2219
5493,978
1690,2567
1528,519
5342,1748
1036,996
4103,1244
3309,2137
3025,2378
2906,966
2216,519
523,37
1705,946
1502,1526
4200,2466
3859,2173
5724,860
2145,2157
1861,2398
5462,860
4130,946
5274,1563
3403,3061
4160,34
4242,598
413,966
1404,3061
504,1084
5619,2914
1666,1526
4515,2827
3025,1573
5323,1051
3032,1963
2233,2512
5333,988
5387,2914
5903,1518
2810,988
3847,984
2021,2225
144,525
3919,860
1797,1019
4094,861
434,1038
5884,1626
5094,9
3172,2508
5455,954
319,2219
2698,2625
2637,2349
3937,1035
1796,952
3755,2684
250,520
1227,1963
965,1963
5485,954
1577,1029
221,2219
1372,1563
4106,2914
3844,2914
5301,1776
3758,861
4084,1031
194,2466
1391,1963
1780,984
4080,1851
1456,860
3123,2750
1664,1563
5387,954
5663,2515
3853,2037
1262,994
1819,1851
497,2625
1018,1573
4550,2150
513,2569
4300,1221
1209,1518
4165,996
1426,994
2573,1128
4380,3028
2819,1534
2791,1206
5082,1206
4507,709
4226,467
234,2349
5403,1032
5194,858
3165,1016
5757,971
4697,991
5411,334
2034,45
2241,523
5021,2219
4766,946
2735,1031
1783,3028
2929,2028
1069,1241
5797,2625
5406,525
4822,1228
4439,709
4537,1244
1479,1489
2554,57
723,954
2650,519
2784,519
1719,949
4203,3061
1622,1016
3720,2126
26,467
3714,1557
4567,1244
3513,520
3504,966
2451,467
1489,1776
1785,606
4757,1526
2303,946
112,3028
4719,2173
4731,1244
3858,1844
2610,2567
5872,1563
2336,1244
744,2157
946,1510
2628,1244
327,714
4482,516
2389,2167
4037,1563
665,709
1315,37
3612,633
3656,2625
498,946
5052,1019
3670,988
4506,1260
5440,2821
2396,1244
2440,2482
4255,860
1738,520
1039,519
4294,2508
2590,2426
4746,1851
528,946
3962,988
5579,1071
1559,2625
3384,193
4096,1338
5163,45
4514,1851
176,2342
4648,1851
461,1013
2649,1851
4826,1564
4146,1051
5187,789
2374,865
4044,774
4111,2750
2032,1101
306,1260
1111,2219
2699,1564
118,1963
5004,523
4535,984
1357,2625
4154,1292
2619,1019
4451,2976
4151,994
4013,2750
732,1260
421,3061
4903,225
1979,2914
4305,2750
5451,996
292,557
4936,523
5711,519
4374,2705
5348,467
5270,3028
4314,1119
2371,1051
1631,1241
3565,1031
2346,2684
633,45
4432,966
3480,519
40,2914
3250,996
4786,3157
5670,2157
3192,991
3722,991
3326,991
3522,2623
5450,878
1823,1195
4462,966
3672,2567
3906,519
3543,467
4425,1084
2884,996
1070,3028
4234,1489
2498,960
4368,1489
1045,2217
740,1581
1767,1421
3278,519
3983,2028
1496,3028
1050,467
1528,1031
1569,1032
576,3028
4403,520
5123,3061
4902,1372
3978,2219
3615,2167
1674,1206
3212,996
422,467
1250,878
926,0
4628,988
2557,1674
1372,2157
4942,3026
1500,2342
472,1119
847,996
3266,2521
3390,1244
2989,900
2626,848
3791,2342
198,1489
608,606
704,314
2402,2271
5344,1851
84,606
1011,996
5138,2914
4830,2569
1550,900
5112,1851
3047,100
5430,2914
2405,633
5761,984
5268,1051
5371,2492
5348,2508
4971,2750
5243,994
1189,1244
3510,2426
927,1244
4812,1939
5529,45
2943,100
2755,988
5573,2976
5707,2976
3382,1086
3530,984
5632,523
1019,3061
2911,1851
3363,2914
4037,384
5341,2976
5668,1119
3822,984
2902,984
3463,1051
3881,1564
128,988
4039,2150
1360,1260
3599,1097
1672,34
5891,760
5280,606
3335,2155
5945,996
3468,2684
5759,991
1607,2426
1502,1851
4967,1206
1474,3186
764,3026
4900,334
837,2750
451,994
4007,467
4160,709
4177,878
1730,523
788,1518
2340,1206
1770,861
909,2976
3865,10
3166,9
4915,211
57,666
1553,984
190,1195
2306,1221
2032,2150
910,1292
4246,991
3186,1011
5687,848
4859,2157
4937,2979
4224,828
719,384
3613,1613
1307,2217
5151,2157
2411,991
3209,971
3559,37
2595,519
2885,1032
1892,3028
2623,1032
3072,858
2130,1099
1841,996
72,519
527,1099
4651,2342
1871,996
4105,489
161,1099
2754,525
1363,2660
4673,946
1808,832
2293,2567
2527,519
2019,1244
4006,860
1896,2342
1492,37
2405,2219
3131,633
3180,525
2918,525
1925,2521
5058,2827
706,1730
2440,900
1073,211
3893,3026
1248,966
3369,3026
3663,1029
4900,1086
636,1526
2960,2979
4861,2821
3750,1563
3977,2508
3940,2626
1083,875
1838,2471
3834,860
5121,1031
3825,3026
2171,3061
5841,1128
3640,994
1969,860
5603,24
1858,1029
956,3143
5089,3186
5323,384
5797,1206
4653,0
5062,959
370,952
4417,2914
4425,523
3494,953
5713,138
5752,1032
4759,3028
2601,1086
5924,1489
1975,1563
4491,1119
5707,858
5082,1560
2024,1051
2528,3028
5200,2747
4814,991
5855,729
5924,334
5287,1211
4253,954
194,860
4769,467
5913,1084
1389,661
3364,1206
3945,959
395,3186
5502,991
4742,714
4426,2171
4400,950
578,45
4289,1119
1276,2827
2404,467
4806,2577
2660,2150
559,3186
4988,2059
182,984
1888,2802
429,861
3887,1489
3625,1489
3807,971
4297,606
5728,2219
5735,946
2830,467
2699,950
2298,606
5424,2747
5405,253
2946,1581
189,1000
4313,1489
3029,2747
5921,520
2844,523
3384,2157
1513,1211
3357,519
2032,1776
4776,3061
3404,2028
4223,633
2335,996
728,2567
917,3028
3046,1007
2388,1007
4348,520
808,991
546,991
3018,2342
4483,1095
947,3028
3223,2747
3331,1526
5566,1244
1173,2028
238,996
576,991
1918,1623
1713,2157
474,714
2595,1084
397,467
2971,3061
2226,2126
1285,525
361,2126
1441,1038
818,1813
4610,1563
71,832
2132,397
5289,1851
180,775
1314,704
5083,2914
1130,1526
3401,901
3461,952
4944,1035
3989,1071
5090,860
1006,709
610,709
2695,860
212,848
2829,860
5143,871
5509,2914
3936,2349
5291,3186
2394,2625
2796,1851
5092,2976
2778,871
1900,2625
1771,525
761,100
1515,2225
5722,2217
3079,984
2817,984
1295,946
4000,24
178,1563
149,633
3243,984
4014,861
2862,1292
4340,1031
1054,860
2693,1456
4929,1776
1073,321
2625,9
3908,1724
2153,953
5114,775
4090,1206
1658,193
5704,991
2617,2750
5652,2521
381,1117
5921,467
5678,709
4998,950
366,994
4516,1206
4882,775
5374,1237
3844,3028
4365,1976
4352,960
4562,2490
1993,1206
1481,1031
2281,2777
3428,467
613,2914
2862,1776
5188,858
4792,858
4747,334
2552,954
4785,37
4083,519
3587,2567
3854,467
1975,384
4142,1099
553,954
3901,1976
4560,858
4956,858
1593,1221
3919,2747
5409,1557
318,2750
5843,1260
3258,971
4274,2342
1349,2150
4083,2747
4453,1526
2534,324
4900,525
218,1206
4638,525
3791,2346
5454,1084
3344,314
2247,1206
2706,966
237,1606
5015,633
1388,950
987,606
3831,3061
5603,1557
3959,1526
1524,996
2740,1489
4660,1573
4044,1075
1960,1526
875,1489
4185,2219
5675,1029
5042,1116
4123,3061
2180,519
2073,2342
2239,1099
181,519
4969,988
5681,2914
4845,952
4583,952
4220,900
4844,2979
3873,2482
3424,966
5331,2508
1591,2167
3284,3026
2399,2111
520,2028
2971,1748
2467,525
5539,1117
4416,34
3927,1563
3870,1029
3269,1563
925,397
584,858
4418,1019
3939,984
4002,3026
37,2567
2086,3061
3716,1851
4499,45
149,2219
4982,953
3644,2914
2546,952
4476,34
2352,1086
3871,45
2004,3005
4059,1035
955,2625
4674,3028
2511,3186
519,193
1143,3026
1216,2750
4066,1051
1443,2914
293,2482
2149,861
4812,467
4882,1206
1672,1811
2231,1051
2767,1031
2841,980
1482,2626
5109,57
5601,519
2169,523
4636,3028
4338,1119
231,45
5801,1489
5185,991
2561,0
97,984
3771,2176
4225,2346
4212,606
4858,946
2511,2515
4095,960
1973,1119
3790,324
4614,1525
4880,1644
30,1051
1604,2750
406,3028
5165,2567
356,1221
3257,211
469,2037
2683,878
1153,949
4669,2521
5802,2979
695,1976
1570,2176
2369,314
2016,950
3442,2219
1459,1032
20,467
5703,2569
2824,1244
296,523
4712,100
708,467
5226,321
368,3028
445,996
5025,2482
5017,1086
2756,709
2854,1244
4129,1563
209,2567
443,519
3491,525
4652,557
5278,1019
4859,1035
4871,860
850,1058
4555,1563
2619,946
4349,2626
5708,953
1943,3026
747,2219
2282,2492
4766,2914
4576,2790
267,2521
4368,3026
2441,1963
1188,2342
4117,2626
5872,953
5370,3186
2943,1019
2726,2482
460,1007
3242,1086
421,1244
956,2342
5762,384
4960,2914
3033,1851
617,3061
4340,954
5705,789
2303,2914
5302,3028
2423,1518
891,2482
2574,2626
3188,45
988,321
2264,865
659,2482
3212,789
4425,1011
276,1963
2435,1097
341,860
5918,1031
966,1851
281,1748
5835,996
5311,996
3101,3028
5298,10
1541,2698
808,861
3120,45
5599,2567
2902,2976
5212,1525
3459,1581
2464,2750
4661,2176
3412,45
4359,2777
4612,971
5657,828
1285,45
5371,996
3967,1206
5417,3061
3108,950
3557,3028
700,523
2178,1016
4057,1099
2957,0
1706,1206
1300,518
2388,1011
1629,959
3396,2521
3927,2157
2363,954
5380,1085
1383,2623
3403,467
2475,606
530,2155
1998,1206
5821,2521
963,2976
1028,1119
3546,2623
5156,37
5611,3061
1428,1211
3341,878
5350,253
1797,519
1900,1206
3370,2747
3740,1526
1567,996
3540,714
4728,2569
4659,520
1833,334
2798,2706
3574,2927
740,2126
1751,709
3776,3061
3118,3061
5668,1851
2008,2028
2020,1099
564,1119
2427,3143
2693,37
2431,37
1837,991
4605,2862
5615,1035
4035,1019
5499,860
1156,1007
1647,1244
602,606
5177,1748
5600,1851
2033,2219
312,1032
4102,1086
192,334
5269,2626
3815,1029
3045,2508
3179,2508
3045,64
4355,2821
1702,900
3244,1563
3378,1563
5850,2914
4057,1851
160,1526
4603,1206
4995,2750
83,525
3554,45
1892,2471
2704,2349
3889,523
4023,523
4977,1016
4242,45
1439,1563
685,1101
2256,1031
781,1563
5059,1206
4355,861
3905,1564
4278,991
5126,334
5666,1776
929,2750
3792,2037
1972,871
515,666
5014,1032
4155,3028
3718,775
4917,1099
3970,996
5320,1489
5596,606
5143,1038
1779,45
4857,1206
2854,2777
4969,858
4807,2028
4396,996
2448,3028
1622,1000
2218,1031
5320,334
4567,1228
5029,2979
3172,211
5395,858
4126,704
2364,1206
2202,878
1553,2684
644,1560
3529,606
5141,1099
2591,57
2732,1228
3511,966
2191,2567
694,334
3757,1372
2667,991
4738,1244
2857,334
5648,2219
2223,950
1505,1084
705,1031
5388,952
5330,193
174,991
1686,314
1032,1776
2646,2342
1768,1844
2497,2219
1322,37
410,709
128,996
5756,193
1046,519
3857,3026
165,2167
3174,525
637,2162
2918,2225
2567,1244
167,2398
2490,1963
4917,1851
4521,1851
303,946
4774,984
2955,952
116,2059
496,1526
1220,1557
809,525
4656,2426
5855,2750
5347,1031
4485,100
3862,875
732,1244
470,1244
347,2342
4000,1748
3800,2626
4749,523
4938,984
526,1526
130,1526
3187,1086
2925,1086
567,2466
500,1244
4383,2802
2037,1563
3627,954
4884,2976
5735,2028
193,1851
3374,666
196,3061
5833,1031
4352,2684
1751,953
2984,861
3349,959
675,2133
4711,523
5882,519
5123,467
2841,2623
5642,1032
253,1851
4843,1581
1338,2827
5342,16
4994,996
2408,1051
2124,1292
883,3186
1936,1241
5339,2162
5594,991
4169,324
5790,2623
2887,2217
1849,2750
54,860
4572,714
3065,45
5771,1038
5568,709
5650,519
1897,2417
5689,2167
3288,467
5558,2623
2013,2750
4998,714
4091,1730
1505,1031
2092,10
4458,211
5195,2167
1881,729
4099,1032
2717,1001
4420,858
3651,2747
5738,2567
354,2976
5082,950
5202,1244
5575,294
1584,334
3758,2028
866,1811
3851,2219
5605,321
3681,2747
5890,1244
2481,478
3295,991
5623,900
2916,2126
2986,1525
5780,2173
854,996
5396,1244
4061,1813
5239,1260
2338,1489
3397,1244
5324,3061
5062,3061
55,1730
5535,1029
5330,1563
4934,1563
4111,1526
1421,2167
1042,2521
3165,1244
5548,860
3426,1019
3813,2219
5360,1563
672,709
2831,3061
2459,1203
1189,2167
4550,2862
5358,1086
1115,3157
3456,1019
5250,994
2722,1963
2861,3061
4860,1748
407,37
5601,2914
5205,2914
3556,95
4020,953
3652,557
1437,525
4878,984
3665,2482
1337,321
3785,1086
3127,1086
3287,3061
964,1244
3910,34
1922,193
4973,2914
2254,2625
3324,95
5073,1051
3039,865
3291,1086
5596,45
709,1260
660,3061
3138,2914
5027,1241
5438,775
1262,1035
2922,2508
1047,100
5905,3028
166,1748
769,1260
1486,1086
1164,1035
842,984
1248,2426
3663,45
5447,1776
2936,2914
2671,953
258,2626
2421,24
4332,3028
872,984
1307,1851
5060,1084
5093,1032
5454,1011
3802,1119
4588,2028
4225,1976
4167,1217
917,1292
5166,729
5259,920
5484,1038
2924,971
3965,709
3280,606
1469,2155
3945,996
1723,759
969,1051
1473,3028
4612,2398
750,1128
3315,950
1694,2623
4109,996
1503,3028
390,1724
5947,489
3425,714
1388,1011
1924,991
2638,334
4159,709
3021,1038
1622,2346
4912,946
704,729
1480,950
1787,878
706,775
818,1016
2012,996
1207,10
833,1489
5869,3026
5824,1563
4284,946
5356,2626
108,1206
2478,1526
3121,2157
5943,100
1034,2310
3781,860
4956,598
3564,633
484,2028
1857,253
4508,34
4488,321
1248,1084
461,704
1887,253
4510,1019
179,991
2512,1244
4237,860
3742,100
5546,9
5855,1518
5096,3186
333,2747
2105,489
2280,1244
2414,1244
3600,3026
281,1244
1946,3061
667,2219
4864,3186
1711,1851
1950,1086
5931,1489
2907,2816
3796,2914
3029,3186
2867,384
542,2466
5418,2028
1977,2508
2167,1851
5222,3028
4380,467
1699,2914
2365,523
3249,2529
1455,1241
536,3186
4851,991
4656,523
4537,2521
5001,935
5197,2567
1429,959
1202,953
4526,1581
608,968
3722,1032
1134,2704
1593,774
696,34
5756,2157
4293,1006
1197,959
3165,2777
4836,467
4989,709
2821,523
1185,2827
156,2914
3662,1489
5019,709
5772,946
121,45
2819,985
4365,858
2229,1119
3000,996
1200,1206
924,3028
2552,991
815,991
1245,2827
99,1575
1267,334
1652,1084
642,1221
34,3028
3785,525
4547,848
2559,1007
4348,638
3335,2167
3087,2065
3040,2219
3630,1526
3944,2625
4069,1573
2510,714
2179,2829
4892,2549
511,714
963,996
1180,2162
2436,3020
5260,100
2899,1963
4998,100
1398,520
5722,1851
219,848
2987,1029
3742,2625
3876,2625
1795,1095
4596,2914
4928,1963
5461,2426
263,2059
2924,865
2940,3061
902,2167
565,1084
5284,2914
5022,2914
4626,2914
4397,2862
5219,984
5289,225
2049,988
5920,1031
1305,1244
2896,860
2842,1563
333,1084
786,1029
4056,1606
672,900
1503,828
721,2482
3475,321
276,1085
5682,2155
4159,953
5279,984
5502,467
5240,467
1028,1851
2196,2862
766,1851
5635,996
1851,2827
871,1086
5568,3157
5647,1006
2434,2626
2044,1128
3255,523
4738,606
796,1851
3105,1518
5799,996
2345,1241
2083,1241
5421,1575
1183,984
1350,1097
3015,2914
5604,878
176,988
3605,878
4799,858
5905,991
951,984
3568,996
458,1051
3906,991
4636,1776
5634,878
5350,1119
990,1851
4224,519
5779,478
1054,523
585,984
5650,1007
4552,1489
4282,2567
3256,2171
1496,467
3366,996
2545,1032
2336,858
2802,2351
5655,950
5770,900
5775,1244
3390,2521
2512,2777
1839,991
20,959
4022,519
3389,606
3898,2927
4657,2979
4812,638
3799,2167
2254,1206
2598,1016
2185,2567
4490,1526
732,606
1186,3028
1793,996
1530,1525
2414,2777
5867,3061
2711,519
4326,2219
3930,2219
1819,2567
4809,875
2605,1032
1562,467
5110,988
235,2028
1355,2059
1735,1526
4227,900
4243,2342
5695,860
2773,966
1458,467
926,606
3637,253
2559,633
2423,1526
4620,952
943,960
4752,2569
3,2028
5898,2508
3538,1563
3672,1563
5385,2862
1801,3061
691,2028
2633,2625
2638,525
1769,1244
5685,2750
3203,2374
2065,1013
5516,2914
1173,3061
3379,1260
4353,3186
729,3020
5715,2750
5300,2508
3262,860
4169,1564
5039,666
5942,2914
5680,2914
4274,45
1940,321
644,64
1963,1244
842,988
5276,959
3178,1512
1680,3026
816,706
404,2455
1165,2553
2744,2344
1450,2914
1087,2862
5079,980
5808,1355
1895,1086
3252,2750
5614,1489
3557,1292
4295,467
1036,988
4773,1031
3104,1724
4155,2150
1939,984
2237,45
3952,2171
494,2482
1445,984
1240,1518
5269,1211
5816,37
1129,1128
2350,1211
4514,2217
4884,996
6,984
5434,1813
1008,959
3082,729
4249,606
298,45
5022,2219
4990,991
3622,858
737,1031
3345,1489
1936,1355
95,1564
1577,2176
2882,1206
2913,519
244,2037
2045,709
2422,1221
5432,2625
4310,2521
5237,2157
4836,1813
2081,2059
3345,334
172,821
1935,729
4892,3061
2708,2342
375,3028
3021,1526
2188,1525
3730,525
1209,2665
1406,1489
4059,966
2995,1244
3134,2342
3711,633
2698,2162
4477,1075
5317,557
3182,1228
38,2453
2987,952
4166,1563
532,709
243,606
2691,3061
3081,1526
2826,253
761,946
3462,2157
4442,865
2703,2482
1196,1813
3924,875
696,709
2325,3061
2519,860
55,1844
159,2167
5128,2482
3618,953
2592,557
5944,789
3550,2512
2142,1260
1217,946
1670,3143
4975,523
2912,1851
7,1372
1868,2569
1799,520
5864,1560
2295,1101
181,2841
2808,1851
5417,467
1638,952
1018,1244
2919,1086
1062,2482
2600,3026
4648,1575
5816,334
1862,2508
4878,2037
4031,1606
5447,467
32,1563
2370,2914
577,1851
3211,1086
2963,984
4306,2750
3022,1564
4596,1011
5341,1919
4957,990
5590,2623
5349,467
4683,606
1479,1026
479,1851
669,2914
2733,2750
542,860
1813,2750
3597,2037
319,2508
5398,709
509,1851
3578,1206
3564,3028
41,2914
2677,2976
5559,253
748,1086
822,1035
858,692
2763,2750
5671,2157
3937,1674
1728,1487
3421,2346
3327,2684
3700,980
4589,324
3288,2167
1877,1206
3155,2577
3609,2747
3619,991
5858,828
2632,1489
4755,966
3803,519
3307,2567
3593,709
5114,1084
5618,3061
738,2037
4194,525
5720,1244
4524,2157
227,959
2563,729
3099,709
4706,858
5380,2492
2924,1085
4309,633
1600,1032
1753,2028
2593,729
1629,1211
4024,2342
1109,2865
1474,519
3424,1007
289,1032
3938,1228
5944,1086
1706,2747
4982,860
1794,1813
2852,966
4784,875
5021,2508
2318,1032
5869,1851
2221,1099
1894,704
457,966
2504,633
321,324
3282,900
2024,2625
2086,1813
4245,193
931,1007
1971,520
3349,3061
5375,1851
5202,2862
2753,2626
1714,1244
3615,1086
3908,557
2622,988
2236,952
2748,2790
1743,1019
361,988
1481,1019
3823,45
4580,24
5687,759
1908,1244
531,1557
3968,3028
1294,2482
3887,1908
4262,1031
330,520
1968,2426
976,860
1184,1563
967,3026
1535,100
3528,2914
2745,24
3252,1518
5461,15
1652,1035
2775,24
1107,1851
847,988
3864,1119
1756,984
1360,984
4110,1525
4516,523
1533,1851
2222,2827
964,2862
532,953
1931,3028
1392,2750
1816,45
5615,966
4797,519
4057,709
4401,519
4434,467
3198,2705
4172,467
5536,858
737,954
3029,1206
4171,996
4247,991
1401,1119
4047,2623
1910,996
3749,714
3260,1489
5742,1084
167,959
4458,2342
901,954
616,1724
3009,2028
5218,525
536,1206
1678,996
286,1031
4623,2567
3410,1032
1667,1776
4511,1013
1461,1119
2366,996
2111,2167
3269,2490
4513,1244
4914,2342
4943,828
3141,211
3578,966
1539,2880
4703,3061
2154,709
4831,1526
992,1206
2,467
5423,2569
808,2028
3216,1674
281,821
4936,946
5911,2508
1499,606
2522,704
395,519
1530,858
165,996
2670,952
3881,1101
1785,37
3587,1563
1978,3061
586,2342
2673,2162
2368,1526
1002,2028
5616,2344
4140,988
29,704
5741,1292
1668,3020
2342,1244
688,525
4954,1851
729,2219
929,1526
533,1526
4088,3026
2295,1963
507,1244
2434,3061
3612,2508
4847,45
504,946
1737,100
4254,2914
3209,24
536,1019
252,1260
4284,2914
1777,2508
2491,1851
4022,2914
3778,1241
5342,0
2730,1086
372,2466
1881,1518
5309,991
5542,1724
5462,1206
2711,2914
5130,467
2967,1564
2791,3028
678,2549
362,34
3072,45
1700,1456
5261,519
1306,24
3083,3028
2905,1221
3550,959
225,860
619,225
3702,1730
82,3026
4743,714
5057,2567
5324,467
4663,950
5062,467
31,994
5318,2342
2386,1006
3475,1724
445,45
1627,954
5202,2167
3247,3028
2347,1051
4131,2028
3735,2028
426,3186
3869,2028
445,984
2800,996
2345,1355
3534,991
4728,971
5507,709
5468,946
4158,37
603,230
4161,2028
5563,991
5661,1526
3911,1099
1822,1206
2488,478
3838,971
4038,1032
4349,520
1963,606
510,2802
763,996
5148,1260
1908,2777
3602,828
1580,2157
1681,519
1471,709
660,467
3886,1526
5821,952
1896,858
5507,2482
3860,1244
5000,1338
5814,1851
158,606
1589,2219
1596,946
3834,2625
1181,704
1730,946
5656,861
570,1489
1355,2173
1269,709
3032,3061
2094,2512
3517,100
366,1844
1128,2167
1169,478
1557,1526
5177,984
3358,952
4616,193
1742,525
5162,861
1781,2173
4898,2508
1274,2342
5350,1851
453,2378
1528,946
1132,946
2455,3026
2243,3143
3485,1851
2550,1573
3403,1260
1142,1260
831,3061
210,2219
882,3026
5287,2976
4323,1206
2751,1051
5038,959
4642,959
3093,2508
460,1963
2365,1015
4483,148
5742,523
3646,1903
5114,954
3274,45
4717,729
888,1851
3462,1035
3140,984
2154,953
5891,996
2372,2344
3387,861
2437,1241
1261,1086
5242,1489
1085,860
1976,1031
918,1851
1433,2482
3711,3028
1567,984
2910,2750
4056,996
5406,1489
4726,1730
4777,729
5097,1084
1513,2037
3025,606
3212,2684
3802,1237
1251,2976
5010,334
938,1698
5160,1032
4084,519
3189,606
5513,2059
1856,1221
2200,1031
1937,1560
3074,1006
2950,2660
5027,1038
2645,334
4510,519
2404,1211
4317,878
4141,2342
5115,858
1474,523
1078,523
5013,2271
2511,519
1886,467
1490,467
4170,2521
4701,2157
406,1032
952,10
2172,1211
2922,211
4687,946
977,1006
614,954
2510,1206
2178,467
2100,3028
1838,3028
2622,858
1770,1581
5830,557
5269,520
5922,1085
1968,1007
4230,828
873,1006
3113,2034
2877,37
2099,709
1018,606
3466,3061
4514,1526
1262,966
279,1206
2515,1526
4846,952
1950,1525
4087,900
4226,1244
1430,1489
4532,2482
1168,1489
1971,1813
5808,3026
2105,2567
4875,2821
1164,966
5785,9
4719,2466
5940,1051
22,1526
3794,1563
8,2567
4285,1019
4975,3186
3039,2569
5162,1292
4584,1086
88,991
802,334
4807,2821
5941,2750
2560,2342
2087,3061
3012,2816
3356,2626
147,2702
3591,988
108,2747
3203,2569
3246,953
2055,1244
3258,24
3275,193
4875,861
859,2157
401,525
201,2157
56,1244
3953,2508
4037,1051
833,2225
217,946
2360,321
1721,2256
2017,1086
4142,1575
5771,729
2028,871
766,2827
2736,3028
316,1086
133,2133
1654,2508
3639,1489
2097,45
3782,1016
5265,1099
5387,2028
4580,996
3100,2150
5321,2162
2785,45
3682,1724
5679,2028
5121,946
1487,2344
826,2827
4840,704
4878,996
2350,467
5089,2162
4944,2747
2827,1560
2199,1237
223,1221
5400,519
1232,1421
4945,878
1601,729
1360,1606
2514,467
1848,606
2261,775
294,1811
2126,2802
2513,996
1331,1026
3330,2157
5195,2342
584,45
2225,714
3430,294
3559,704
2034,1119
807,467
333,3028
3277,991
787,0
544,996
4690,1244
1602,334
4752,3061
3310,2979
4612,2492
2690,1581
1628,966
1334,519
1141,878
1079,0
3448,2162
3102,1525
2881,1526
708,996
2666,2126
3256,2342
470,2521
5267,100
1405,520
2582,1085
362,709
474,950
363,1119
5573,557
1964,3143
1308,1526
500,2521
3278,946
2813,3061
2289,3061
4839,1851
4175,2625
1668,2219
219,966
3784,525
2915,1244
3049,1244
3739,193
3572,1019
2977,3061
4551,2508
5914,45
5652,45
4797,2914
156,1906
3385,2482
2727,2482
2094,2569
905,489
3183,1035
5286,45
2409,860
5368,1575
746,3061
1792,3143
4565,2914
3770,953
4947,1518
5464,2976
1575,1573
2907,2426
2439,860
2781,1563
1235,2821
4970,2037
3532,384
2334,2914
2023,3052
5672,996
1273,1019
3114,1564
5135,10
2832,1851
5441,467
4381,1241
2563,2750
2057,138
4791,1489
634,860
372,860
1640,789
2910,1518
1528,1487
4200,1206
3510,759
1820,2827
3132,3028
2593,2750
387,1518
3343,996
2124,959
4226,2777
4460,729
4974,950
3871,334
1765,1026
3834,1206
5042,1084
3558,3028
5000,858
1484,225
5687,1007
3768,1525
3360,10
1182,45
2491,729
3685,709
5710,3061
589,2914
3290,1119
1737,1206
1143,1221
1924,1032
3973,1526
1151,2802
3274,1525
1538,996
4576,1038
2902,606
3604,878
2575,211
5321,633
2500,37
1536,519
2918,1489
2055,2777
2894,314
1330,2521
5559,3026
4039,3061
1962,519
162,729
4033,1526
194,1206
476,138
515,1032
1664,2747
3436,489
4002,900
4007,1244
5908,1086
949,1489
3965,1018
556,1006
687,1489
2295,520
2773,1084
3807,3061
3645,1013
3634,100
545,1032
5526,2862
5938,1086
1695,3157
3909,1244
5863,1851
3239,860
5919,2914
313,1032
4201,1244
5885,1051
2405,1573
1039,2829
3643,1101
3665,860
4078,1029
466,2378
3215,1563
1513,1557
3118,2569
2433,2466
3641,1563
491,2219
5575,1518
2201,2466
2096,952
3697,2976
1126,865
1527,1963
4923,959
3727,2626
3890,523
1094,3020
1431,1851
767,2625
3945,984
2126,952
4341,984
3982,1051
4048,2802
1395,100
4984,1211
747,2508
3426,954
5666,1016
2811,2344
1335,988
4332,467
4516,3028
4078,2802
1848,984
3885,2407
5533,1776
5640,1084
2107,2914
2086,2037
4679,709
1449,2914
3599,1016
276,24
4725,2747
2003,1221
5138,2162
4473,991
5214,2157
5321,2219
1988,2037
3762,606
4978,1099
998,1298
2773,1031
4851,2455
5701,2625
4560,1525
5244,2157
218,3028
1968,1011
4976,2342
1383,1489
5096,946
1546,729
2459,467
2247,3028
1971,878
64,467
3752,1557
4605,1244
3213,525
3275,2157
5140,2342
1449,954
3417,520
4991,2219
2622,996
3084,2747
2512,2521
227,996
4731,952
2776,1813
1711,1489
4059,1084
1151,334
3171,2342
3304,2871
4208,1557
2399,900
1168,1038
103,714
441,709
5285,1487
5397,2482
25,996
5135,2482
2568,1244
78,1007
1332,1038
4718,100
2357,1963
4918,1851
700,946
304,946
2837,321
2523,1851
5544,34
5476,1031
995,1244
1480,2979
2920,2426
2579,2133
5899,2827
2091,100
4480,2914
1868,1748
3024,1244
4587,2976
2209,1260
192,489
4283,2750
4264,2508
1382,2979
2459,2374
2488,860
3248,1487
1807,2569
2249,2914
5408,1031
2739,2549
3081,34
703,2482
1751,193
770,1260
2113,3026
1498,2349
2945,523
4099,138
2043,193
5451,704
4814,1581
2548,860
5431,991
5169,991
4084,954
4727,1585
568,321
3080,2037
2085,954
5123,996
3719,1206
2619,861
3906,1032
3047,3028
1280,3186
302,1518
1611,1421
942,1851
1812,953
5549,996
3284,2567
2931,759
3237,1031
3860,1976
5908,525
3909,2777
4175,1206
3548,519
4859,1084
1576,1211
3441,2150
5753,1526
963,984
924,467
1454,1221
5471,1813
4192,971
5861,1244
3342,2521
4755,1084
2771,2705
2308,729
3368,709
83,9
867,1811
3227,2167
4712,633
5897,1813
1506,980
1760,2028
572,2802
4125,1038
968,523
995,2346
1743,519
1481,519
1790,2028
4082,1526
300,774
1513,996
5525,1244
57,1016
1251,996
5831,2482
4289,1038
5918,946
3922,1244
5191,3061
714,10
3030,848
3432,828
2213,37
1167,709
2216,2028
4554,2625
139,1206
159,138
1396,946
3901,525
4966,2569
5733,2482
1902,525
2093,1813
4252,193
1675,519
785,950
3135,1372
1688,946
5373,984
400,1489
3808,310
2211,2569
1843,2173
5412,1851
3347,100
3413,1851
5806,2155
5204,3026
3550,3061
1882,946
822,966
2809,3026
5703,1626
5236,2914
5370,2914
4175,1019
538,1557
1653,1244
5245,1872
599,520
3741,1851
5176,954
1325,1563
1280,100
2056,321
4380,1020
1398,321
659,921
3449,861
2821,1292
4286,45
4024,45
3463,1698
158,1285
1772,1851
5731,775
5721,996
2985,1292
1114,2790
4188,45
59,875
5675,1001
3865,523
3792,984
4199,3028
1135,984
1434,1051
1150,1292
5661,729
4000,2037
1473,1918
3004,729
769,1573
4215,878
4440,996
2984,1016
4295,1581
1784,467
4188,2623
4862,2567
371,2816
3574,2171
1664,523
5835,858
1536,523
528,1487
1648,1518
4342,996
3667,1581
5558,1489
1998,3028
5303,2660
3740,2059
1569,821
3049,606
1361,1811
824,1606
1446,606
1537,2976
4925,2111
4419,253
2373,996
5028,519
5175,946
3123,1844
4864,2747
1746,467
341,1206
4812,1244
3092,2157
3578,1084
2172,467
3085,397
5840,2625
1975,2747
1275,858
4318,1244
2002,2126
4642,3061
927,2777
1937,950
3984,3061
4073,100
1134,37
4207,100
700,519
304,519
1963,2521
2756,2157
5655,1101
1290,1489
1770,2126
2360,2342
4303,1851
3814,2626
1976,100
2978,1573
4093,1260
170,2747
4616,1035
4676,1086
180,991
4018,1086
816,828
3541,2625
548,1013
2191,2482
2707,1086
3312,2923
3678,994
5146,45
5028,1487
914,2625
4473,861
4393,1097
2433,860
705,946
4338,1575
1715,1748
4012,2344
3299,193
1599,1573
2060,2914
4261,15
4721,939
4627,523
5895,1206
5530,519
5039,467
1167,953
5038,996
4802,2217
87,1260
5708,1730
5376,991
5114,991
2423,2750
2460,1851
1441,1872
4935,467
2101,1918
5484,709
5588,1032
199,1851
5464,996
609,968
2092,1051
2233,2976
63,1963
4882,991
5618,1813
437,861
5724,519
2659,2037
4970,996
2746,878
354,984
4889,1007
2562,10
4201,606
2642,3157
2852,523
3108,2398
2647,1811
384,45
4195,37
3264,467
457,523
3948,1099
3970,858
5047,253
2631,2217
2541,1011
5660,2173
2476,1525
740,996
2090,1489
820,2453
1926,334
1777,211
1814,1032
4381,1489
1115,1031
559,3028
5833,946
4905,1085
5581,321
820,709
4603,2625
3708,992
4078,525
3972,1038
1754,1489
556,1575
4874,3061
235,2126
3991,2219
4667,516
4925,3026
4529,3026
3333,2219
1852,519
4474,875
3009,3061
1899,2028
3905,1105
439,1525
2043,2157
726,2521
1112,1244
2777,3061
5327,1851
4130,1573
536,1084
5312,2482
565,324
1168,1526
3398,900
691,2126
1182,643
5091,978
1137,900
168,1038
5357,1851
5491,1851
1394,2219
1797,946
2941,1563
4700,9
1594,1526
1198,1526
3598,557
3275,1035
910,1244
3555,860
838,3061
2412,2508
3126,1851
2899,2626
2439,921
5173,1518
5512,984
3232,557
448,1563
4211,2827
2920,2914
5415,1051
5032,2976
3760,861
4928,2626
2758,1051
1002,3061
5324,2976
3288,2155
4886,2750
490,1573
434,860
5312,1811
291,3026
4754,729
1807,24
2354,193
2668,1292
1560,1086
3776,0
4975,324
1372,1035
16,2979
717,3026
3278,2914
5031,606
5840,775
1089,1851
2221,953
4636,1016
3606,878
1476,984
3697,996
5208,2346
5339,2829
2350,959
389,2914
3042,139
5888,950
4900,1038
5244,848
5034,1038
4428,1228
5207,966
2879,2777
2794,949
2964,606
4511,704
2749,1206
1631,1221
5423,971
1656,2217
4313,2567
2441,1211
2881,729
4075,709
1207,1051
4627,633
1444,2684
2741,1099
4745,2574
256,1206
3406,1489
2394,991
4069,1244
5734,3061
1713,1007
1675,523
2185,1002
1562,996
5373,988
999,324
1900,991
5725,100
4161,3061
5127,2625
1458,996
1262,1084
375,1032
3978,1260
4052,1963
5922,2492
65,991
4063,3061
115,519
405,1032
3956,1851
1796,1526
726,858
4749,2426
3757,860
3351,172
4010,3026
2029,946
3703,1563
2787,2466
3715,984
4040,3026
197,1244
2124,3061
4799,45
4141,45
3265,2626
3628,988
4727,142
4118,34
1619,1963
558,2512
1809,3026
4712,3028
1941,2549
1181,3026
176,2753
1949,1851
2083,1851
1687,1851
4801,225
820,953
1866,1035
1425,1292
1317,2698
5921,606
147,860
2366,45
4951,519
4588,467
4984,467
4727,1565
4109,2684
3317,1206
4209,821
1720,994
5014,467
4540,3028
571,2827
2937,3028
2037,1051
5230,2162
2279,3028
1035,1241
1491,1292
4101,2577
4080,10
3422,1730
2560,45
1064,666
4556,878
165,45
794,24
5847,1730
4059,1011
1614,1483
2258,996
4011,2660
3954,2126
569,1976
5315,2219
132,2914
2041,1119
3357,2028
4840,2111
5695,2625
1597,324
2694,2623
3602,2963
5479,2219
5486,946
2972,2567
5411,1526
5132,2111
304,523
1759,1032
3150,1526
4948,489
2508,2059
2790,991
1598,2777
2740,2567
2742,950
4789,3061
2148,211
124,3157
1752,211
5575,1526
3644,2219
2885,2167
975,519
2924,3061
3103,525
3695,2157
4032,988
297,991
1312,1228
4691,1563
1654,211
2798,828
4825,1563
1167,2567
509,2567
511,950
1273,519
1658,1084
1371,2747
3414,952
2660,1244
275,2521
4045,2512
5043,860
1080,1228
4855,1563
3053,946
5272,1851
4876,1851
2582,2492
2399,1095
3627,2349
851,1526
610,3157
2520,2553
1298,525
3116,1086
2279,2841
3309,1666
36,37
1218,946
2327,2508
1277,1526
1328,525
5144,861
4516,1292
1716,1573
4909,994
1128,2342
1116,1019
4185,2626
5591,45
521,3061
807,1203
348,100
2142,1573
2800,984
1019,1244
26,988
4728,959
5028,2914
5298,523
2612,2626
2973,1851
2350,2626
5142,949
4783,1016
3735,861
3091,759
951,1086
2966,2750
3652,45
2807,1939
2994,45
5869,2567
4699,729
325,1563
1874,953
1693,2827
5375,2217
1385,2482
5544,3157
733,984
5810,832
273,999
355,1563
489,1563
616,1338
5898,2342
5072,314
2969,523
3247,467
700,2914
304,2914
3515,1221
763,984
3380,996
5011,950
4832,2705
802,1851
2469,1489
596,2914
5871,2747
4379,858
3410,996
1494,1031
3338,2059
533,2750
5170,606
2499,1489
4228,2567
3460,709
2094,1211
760,2914
2432,1206
3860,2521
5709,2173
5510,1963
1642,3157
1934,2777
3092,848
2677,606
56,1606
4834,633
2365,519
1210,467
678,606
1369,2217
5751,1244
2693,1489
2851,2829
5739,860
3629,2342
2701,37
381,211
2974,3020
5945,1086
181,2028
5697,984
644,971
3844,3061
36,334
576,1776
3972,1526
4414,2625
1537,996
1999,2747
2576,1038
1896,525
1947,1244
4333,2821
3643,2374
93,2157
2192,294
222,2567
3639,1851
2713,2625
4020,2482
5673,2976
953,921
5769,994
3642,3061
3964,860
5205,2349
3931,1851
1119,3061
9,2028
439,858
5659,984
991,1563
3983,1260
4401,1019
2884,1517
3646,1086
165,1228
3723,3026
310,828
1149,3061
1209,860
1634,100
3493,2914
3168,2750
1936,34
5776,1518
1447,1563
2657,1487
5067,1206
4716,225
684,988
954,2569
3999,3028
2043,1035
4155,1097
1665,860
1269,860
3538,1128
2368,953
5097,1206
1261,2847
4107,467
848,988
5175,2028
5195,960
4240,996
3961,1581
5590,1489
1801,2976
5751,2346
3266,9
171,2816
4896,519
5601,2028
807,24
4954,2567
3395,954
3442,211
4187,1119
3374,1016
862,1020
1638,1241
1962,3028
4608,1526
3389,1489
1718,1355
5396,37
244,45
3659,37
2070,467
487,3186
3348,1084
3511,324
5872,1844
1039,666
4437,489
4239,2167
3255,519
4743,946
1568,606
23,3028
4319,1557
1041,2028
4781,2342
1584,1489
3975,966
2945,828
3163,2219
1580,966
1442,1032
3227,3143
4215,1557
675,2028
2709,709
1322,334
2545,1244
4472,3061
52,709
814,1032
1998,324
1793,858
1113,1099
4117,1557
3612,2553
3715,988
4365,2790
2959,2173
4958,860
4562,860
1379,2157
4300,860
3357,2219
3895,3026
2605,1244
3090,2979
4859,450
4988,860
5027,34
3466,2512
577,314
5352,1487
2143,1563
367,2167
4353,2914
10,3061
2896,1019
781,2157
1189,1228
1099,2466
2933,1086
2524,100
40,3061
869,2162
3460,953
2447,2482
5059,2150
3099,193
4454,2750
3262,2816
2682,2914
5841,1031
568,1244
5100,996
5170,45
3508,1128
690,860
2591,1456
3295,1020
5912,1032
5413,1119
3476,1031
125,1963
5197,3157
252,984
5180,709
687,1851
5833,2028
563,95
1074,45
2677,984
1772,2827
3162,467
5032,996
3480,3028
339,1518
4151,954
4383,1489
5320,2567
5688,519
22,2750
717,1851
5324,996
2665,950
708,984
5596,2623
986,2426
3050,10
448,2750
5508,709
3087,2521
186,2750
1873,384
17,2914
683,523
2166,606
3778,1099
3296,1355
520,2976
759,518
1311,1031
3303,991
4264,211
4145,519
705,2914
3308,3028
3776,2342
1799,1724
2131,211
2265,211
1341,1031
4089,1526
5700,828
2954,2126
2212,1489
5393,1085
3679,2567
1786,334
4936,3061
4369,2455
4255,633
2653,858
1135,0
5696,1244
892,996
1422,996
1026,996
566,1011
945,1007
3993,1013
2733,2665
3491,1526
4463,2625
2809,2660
5233,557
5441,1260
3861,1244
5190,860
541,1489
1349,467
2248,2219
5553,1851
4635,988
1522,1526
1045,1372
5148,984
3793,1086
1798,828
4960,2626
1536,828
1296,3061
3584,1851
3460,95
2262,2625
5574,984
5321,1292
5475,978
3501,1035
5613,1851
859,966
201,966
344,520
5290,1575
426,1084
930,3061
2688,2625
4362,24
5089,1292
3146,2914
4082,384
2182,952
2386,193
1472,2482
5833,2914
5841,523
3572,2914
4031,984
5863,1221
1713,450
2979,2750
2923,2626
5321,1776
2941,953
3403,984
1875,2821
3124,2508
2881,2750
1103,1029
5010,729
4464,1724
5192,211
2447,953
2488,954
4858,2028
1350,2976
5202,2777
1473,1097
5568,848
2780,954
4698,211
1797,2914
3500,1051
4133,2684
3288,606
4473,1032
1239,1051
1743,3028
110,3186
3273,2176
5561,966
3467,729
4771,2567
1314,1575
5052,2028
1423,1518
2348,519
3807,16
2169,3028
1845,2150
2939,960
3087,858
4432,1007
899,959
1074,960
279,1251
3235,729
3883,950
3293,1084
1574,2976
2282,996
2156,2577
4924,1038
1104,960
722,1016
364,3028
0,1031
4654,2466
3695,848
4627,828
5600,1563
2228,709
1019,606
5353,2625
146,1206
707,519
1092,1084
3083,2162
5742,865
1050,858
4422,2466
4751,1244
5809,397
1777,2126
4399,2482
5137,2219
773,1489
4052,2374
2367,2342
544,878
2284,1526
5477,193
2927,2157
2694,643
4057,1563
2554,1013
4870,1851
2983,2816
2059,253
577,1526
711,1526
2288,1244
2026,1244
1429,988
3881,2626
3578,2625
3458,988
3043,2466
90,253
4305,860
4216,2508
453,1244
3973,2750
3954,2508
4406,1851
2011,1851
4585,1035
4659,984
4263,984
221,1244
2571,1851
4484,1518
4968,3028
1527,2569
3724,1241
4536,1119
2676,1086
5115,45
93,1035
5060,523
622,598
5076,467
4374,949
954,24
4813,996
542,1019
5930,729
603,2426
4066,954
5106,467
1880,1128
2800,2037
2829,523
5812,858
2228,1811
4939,704
3585,1031
2826,225
1867,1051
2404,2976
5167,2059
2786,45
3670,1489
5936,520
2569,10
4229,729
2307,10
3265,1211
5044,878
653,45
5276,2167
2035,2705
3193,3028
3045,878
598,523
2530,2684
186,1518
3346,991
4125,729
1628,1011
5277,2927
2622,2623
2889,523
3976,606
5032,2342
4821,3061
2961,3028
96,2914
5831,2173
5447,1244
2750,714
4658,37
585,45
5182,946
787,2623
396,523
5358,2111
3268,2747
668,2150
2882,991
1873,1730
2449,2829
5138,1963
2572,950
698,1211
426,523
2215,1844
4462,633
5238,100
3085,946
1982,1084
3016,3061
576,467
1357,1032
3802,1526
257,1653
1478,2490
1037,2747
5409,1086
2059,1489
5543,1086
4971,860
366,1007
2591,37
3358,704
2542,1084
606,467
759,709
93,848
4735,3020
2231,633
1084,2162
1175,1526
3544,1244
3767,2979
1690,2157
1698,520
5626,1097
5364,1851
1026,2342
4269,2816
360,37
884,946
1999,633
3507,2466
3713,2342
1128,525
5156,3026
1838,2378
3080,1086
1961,2219
5266,1851
390,37
164,633
3770,193
624,1557
3110,1086
3258,984
947,1244
3402,2426
5558,1851
474,1963
2346,875
3297,1851
5287,984
5796,1211
837,860
3255,2914
402,2625
2289,2569
1709,2482
3722,1976
5434,606
2228,953
2673,2508
3908,45
5464,606
5887,709
950,871
4725,1206
4463,1206
3473,467
2771,949
3657,3028
1513,984
5604,1525
3868,996
1498,861
5579,714
5590,314
4643,211
3282,1811
3503,467
3634,950
4083,3028
1218,2914
4814,1032
5681,3061
4867,858
4590,1489
2945,324
4822,334
2987,1489
5256,37
5293,858
1649,225
3742,991
2139,991
1877,991
2591,334
2026,2777
4001,878
4099,2167
308,2827
5060,633
4554,2747
5003,1038
2621,334
2359,334
4633,946
3402,1084
1597,950
2272,2028
1861,996
3107,2829
4762,952
3607,900
4543,2342
2154,2157
1887,2567
1892,467
1379,848
1360,606
958,37
5054,952
1829,2747
1366,1525
2641,2625
26,996
1944,1007
3793,2379
38,1730
2722,520
1679,709
1395,950
3838,3061
1654,2342
5895,1918
3515,1095
285,294
1316,1007
2610,2157
3343,988
4277,2549
256,2747
677,2777
3595,1963
2198,900
1439,848
5308,2508
5795,2626
5189,2816
1607,3061
397,858
5916,1051
4794,193
2228,900
4134,1086
3770,1563
1232,1844
4635,321
5569,1128
1247,1563
822,633
1589,3020
54,2747
162,1526
1041,2626
1716,1260
2,1244
136,1244
1673,1563
5785,729
2352,1851
2292,1019
1703,1563
3217,959
553,2821
4255,3028
2373,984
2183,860
3208,1031
2793,789
1065,875
2150,1851
1754,1851
4957,1206
151,1851
1682,2914
4497,1221
4631,1221
123,3186
5024,334
3353,954
5548,519
4808,709
5152,519
5184,996
5199,2028
3122,1206
2074,1051
2860,1206
2528,467
4142,1006
157,861
1752,1939
4172,2346
5182,519
4819,467
5619,520
3189,334
5525,858
5048,704
2820,467
880,1606
2692,1221
3473,1032
5018,2747
3603,324
4978,2567
1210,959
5585,2979
4470,848
5748,2219
5882,2219
238,45
2951,519
4766,3061
2345,709
5115,1525
2325,996
5341,525
4639,1007
907,3028
134,45
2487,950
2905,709
527,3157
988,334
4924,1526
2264,878
4709,1372
2496,2167
2866,946
2489,996
4703,1557
2060,324
2925,1526
2679,2059
3066,253
4636,1244
2397,2346
762,2623
3038,2342
3172,2342
2303,3061
443,3028
399,2167
2216,2126
4069,988
2147,2706
5050,860
1471,2157
2940,2342
914,519
1653,858
5027,95
5450,952
1866,1905
342,478
4621,2790
5330,1035
4684,860
832,1244
450,950
498,3061
4699,1518
2136,1742
3183,2426
600,1244
5464,45
309,314
5376,1918
2578,3026
597,946
2092,100
528,3061
4029,1292
5884,789
3580,3186
1287,1019
3354,2816
1950,3026
296,3061
4773,2914
2980,1851
1961,2626
1529,525
3293,1035
2971,984
3043,860
3010,1851
3921,954
2542,2914
689,1019
4870,729
5668,709
1175,1851
1204,337
4244,1206
3893,225
2074,193
5124,996
311,2914
3540,1211
4311,334
2998,2914
2977,2037
2116,954
3045,2171
5550,996
1632,2827
3781,519
999,2914
3602,3028
1196,984
4291,1560
3091,1011
3823,2623
5330,848
4176,1206
3811,519
3844,467
1705,1211
404,2862
2484,949
2346,2705
3370,3028
1519,1206
3193,2577
3647,2747
4669,1489
570,2750
4754,1038
829,1698
1128,45
5661,961
4714,858
2394,1032
4486,2162
2962,1489
3637,2567
3072,314
2521,211
3782,2167
1381,467
1303,3028
1900,1032
3858,2162
1521,2167
5832,2482
3825,709
1404,2521
3666,2342
207,1489
3134,37
3913,2219
1774,519
3589,3061
2217,2028
4951,2625
2117,858
402,1206
768,775
2852,324
3328,253
5355,988
3986,253
5648,2553
457,324
5880,3061
3557,1244
873,10
349,1730
4719,2625
4928,520
1650,991
5884,1086
1336,2521
3619,967
5303,3026
5289,876
3250,2790
2118,1244
5937,1851
3447,860
2377,946
2585,2558
3414,1851
1912,1526
2621,525
3990,1260
1892,1813
4177,1086
2237,2225
3653,1086
98,525
5906,821
5830,45
305,37
3149,2492
5753,1518
2178,1244
3697,984
4206,861
1915,1019
2919,875
1241,516
2548,2625
5419,1241
3798,2914
3402,2914
5157,1241
965,1557
3401,999
92,2157
1552,2256
2061,2133
5402,2176
5874,2171
317,2625
4382,1221
1260,2205
1616,1086
3235,2750
4055,45
1207,100
1803,1851
2813,24
2155,24
3540,1292
4462,3028
208,2466
1982,1035
4411,996
5627,1489
231,2827
3293,1011
5597,334
4960,1211
1119,2508
4336,2515
1562,45
4671,519
712,2349
2825,384
1042,9
3382,1241
4230,3028
2086,984
5126,1099
2169,2150
2365,3028
3356,959
5627,334
1810,2217
4203,2521
906,2750
2819,2417
4863,2567
4813,760
4202,606
1927,523
984,1128
3544,606
5008,2167
4519,1976
5178,858
3891,2407
4963,704
2409,1206
4016,1355
2951,1031
755,1241
5288,2157
3560,1489
3298,1489
4776,1228
5646,1084
5154,2342
4776,2167
2913,2028
5772,1573
3724,1489
5859,37
2316,991
4289,709
3738,606
5068,2167
4773,2219
3324,966
2796,2567
3111,858
1746,996
2280,2623
3851,2553
5086,2342
813,1730
481,991
372,1206
2870,1526
1524,960
4977,1244
4887,2482
4766,1963
1309,971
1799,606
54,523
5475,2625
461,2567
1986,3061
4536,1851
2638,1526
4917,2482
2741,900
4673,3061
3753,1748
1091,2747
3239,2466
5025,860
4313,1563
515,1244
1645,1963
155,709
2806,1244
556,2157
2125,1260
941,1244
4308,2508
2757,978
5141,2482
601,1526
3631,953
4677,1035
3030,2426
2696,860
2300,860
5311,45
4614,871
2463,100
4863,1575
637,3061
2529,1851
2663,1851
5534,467
5878,1031
2782,984
2842,1035
2767,861
4362,1939
5341,45
4759,821
3355,1031
2276,1563
2503,2508
5123,2037
1979,2508
1874,994
5949,1032
4328,2705
880,321
2829,3028
1225,2426
4327,9
495,860
2413,871
167,2492
5465,996
3665,1206
4807,996
5339,2577
1495,193
3250,2684
4571,719
4252,1905
235,2976
2888,2453
2447,990
2215,1421
4835,950
2951,523
2686,1006
2880,1811
3492,2567
3695,1206
4035,2028
860,3186
2240,138
4265,2490
5781,2521
5545,709
3260,2567
3284,709
2888,709
2869,467
3265,467
2204,1016
2868,996
1054,3028
4890,606
750,523
3409,946
3032,996
638,467
777,1565
3864,1526
4914,37
362,10
1957,334
3977,2342
5534,2374
914,523
3439,946
4554,633
4470,2625
5867,1244
1063,996
4417,520
1618,2157
3309,2943
577,729
3596,2219
122,334
824,606
3272,3061
1630,2167
3011,253
831,996
2949,1095
3045,1557
2610,848
18,334
1253,2567
452,37
1761,2219
1257,996
4789,1573
4544,988
5194,2790
608,1489
3434,1086
1734,2466
2350,520
1678,2342
3204,1563
3159,100
2885,1029
1766,2162
3792,952
3015,1260
2081,2173
25,858
3118,984
1509,2482
3443,3026
5805,45
4912,959
3353,100
2730,875
5887,1575
3291,1851
4588,1020
5936,878
4705,1016
37,2157
3689,3028
1295,3061
3970,45
1093,860
3708,45
4832,949
3836,984
3356,2976
1556,3186
785,865
4739,384
1748,1851
1125,2626
2135,45
4895,2028
884,2914
2639,1241
4645,1099
619,953
4094,996
3698,996
1852,861
3082,2750
4949,729
1507,45
4719,1206
1517,2453
4010,709
987,9
4387,467
1976,523
3014,1653
1730,467
4794,1730
4190,2747
4066,991
1943,2453
2631,2827
5198,1032
1116,954
4557,2167
3758,996
1664,759
1868,0
2372,1031
1261,2217
4308,1813
4669,1038
2959,1730
2563,1730
3211,2705
3223,1776
4837,2342
3672,848
4620,1526
2072,1119
2094,878
2969,324
2261,991
3683,606
2607,2567
5316,633
4414,2747
497,1016
915,775
1717,2217
139,3028
606,959
4635,2342
4926,828
4736,704
30,991
5816,3026
164,991
5827,2626
1446,37
451,1206
119,467
2947,3143
1030,324
3000,525
5011,2979
3898,1675
4436,2482
1072,1489
3472,520
328,991
973,729
1042,334
1029,1038
5908,871
540,2567
168,709
149,467
2979,1526
1813,2059
3661,1331
2506,525
4273,3026
3966,1563
2223,3061
173,2342
5818,954
4764,2482
928,2625
4166,1035
5845,2750
3331,1173
3996,1563
3291,993
5545,953
1735,1563
146,2747
2124,557
777,520
3748,2750
4443,1851
480,2219
468,704
4696,984
3597,1241
3215,193
3657,1292
2942,34
2245,860
5780,954
1578,3026
2608,1851
5233,1724
5602,1032
3425,1292
422,1244
1246,193
1742,3026
1409,2816
5214,519
2629,984
362,2482
4529,1355
451,1019
1268,1241
3055,45
2659,45
5640,519
4881,467
2200,2914
1096,2827
1904,1051
1620,1292
2052,949
1741,2750
3570,1026
208,860
1930,959
5274,519
2829,991
3166,384
1375,2777
1210,1020
3230,3028
365,2914
3128,1031
4982,2747
1129,1031
707,3028
2664,523
4281,606
1667,2777
4616,1084
1409,1206
999,3028
2538,10
2618,3157
3368,2157
4555,966
433,523
2816,139
2067,775
979,467
1323,1031
4724,2091
1401,1099
2689,714
1590,971
5442,1526
1603,1206
1940,37
3518,946
869,2150
3090,2162
3207,2747
5411,900
484,996
1621,2162
3952,2342
2016,971
1563,2157
2821,3061
1449,2028
783,2167
93,966
5445,1019
2002,3143
54,1011
3252,2466
3307,2173
934,2521
3247,3061
924,1244
2589,3061
3208,100
3078,2471
2214,2625
3611,1244
3760,24
5408,2426
568,2521
1490,1813
5585,1564
913,489
4284,2626
669,1260
2887,1563
5032,984
2241,1573
2886,557
3221,1035
92,848
4875,1939
2700,3026
3039,2492
1046,3061
4320,1128
3459,45
4553,2827
5227,1051
5681,467
2604,2914
5837,980
2676,2790
3094,2549
1943,953
675,1963
3046,2508
3599,1903
5711,467
5895,3028
3663,2827
5844,996
893,1260
1311,1019
5581,1525
2833,2750
3519,45
543,100
1092,1096
3002,2155
3958,1031
1580,1035
5406,2059
3639,2217
4283,1730
4730,729
5506,950
4093,1606
2948,1518
3423,1811
676,1918
1225,2914
3381,996
929,1051
4530,1206
5476,1084
4299,519
706,1918
5214,1084
3008,606
1929,384
597,2914
4084,2028
3673,996
3807,996
3149,996
1496,2976
4924,729
4240,1228
4357,1813
4881,1032
1951,523
3439,950
2695,1206
2486,1032
3711,2577
2377,2028
606,2976
4037,2747
2545,858
2955,729
3108,971
1652,991
5650,3061
643,10
567,954
3275,1084
5097,633
521,959
1539,3157
2643,211
2290,2567
1634,950
1637,467
1821,3028
2605,858
2140,2219
1770,996
3588,1557
4040,900
2653,525
4565,2219
3572,1963
561,334
4107,3061
2511,2512
1379,966
262,1206
1740,945
812,1084
2632,1526
4106,557
4515,2482
1151,1489
889,1489
918,729
1809,900
769,606
5936,2626
1409,966
1792,704
2266,1526
4478,1260
2923,520
190,525
124,2157
781,966
3732,100
1906,3061
5259,1421
1644,3061
3932,1851
110,946
3726,2914
825,3143
2953,520
631,1557
3733,860
3679,1563
5193,959
2304,1013
1734,860
3999,1918
459,3143
2434,1244
4335,1086
2344,2482
1296,1573
1187,2569
4388,1851
5112,1128
1502,860
1240,860
1308,994
414,525
5080,1031
2524,2426
272,2512
4325,2037
4354,523
4632,467
5129,519
3021,384
3370,1292
4638,1221
1028,953
4219,1237
1371,1292
1183,1241
5620,729
1077,2508
5555,519
2917,384
5274,1031
4322,3028
3473,1016
2867,1206
45,2482
4955,2567
3862,949
81,45
3555,1206
1741,1518
2303,467
5035,991
3403,1724
120,1851
844,1128
5493,2219
4269,1084
2913,3028
1008,1724
588,384
2255,3028
4803,991
5739,2625
5544,2157
3816,1489
5657,2219
1689,2243
4610,946
754,1211
2271,878
1642,1084
2531,990
4900,900
5001,952
5039,1244
235,996
3709,2157
5687,2219
3842,966
1553,2705
3179,2342
1995,606
3292,2219
3037,946
528,467
3122,2747
2860,2747
1778,729
2576,709
542,523
2269,966
3545,1510
2736,3061
34,467
1195,2219
5099,1244
901,991
5522,34
5126,34
4162,516
3224,2219
689,519
326,467
152,314
2894,1526
4169,2626
204,2167
1200,2162
895,1526
3252,2173
3141,2342
3737,875
509,709
2924,2492
3271,321
5012,2914
4172,988
3555,1019
4786,100
1033,1244
776,2342
3876,2508
5239,45
2615,3026
1498,2512
1957,3026
2525,100
3743,666
5042,2914
4646,2914
1483,3143
4583,2750
2555,100
2338,1563
4359,9
3017,1851
4668,1518
294,100
2924,2037
5372,2802
2097,2790
2502,1563
3568,45
5527,996
2514,984
4135,1031
4745,960
5274,523
5367,714
5820,467
3409,523
292,1851
2942,1811
3609,3028
5169,2577
2984,2976
3366,45
4107,1211
2773,2914
4660,606
2576,1811
4183,1206
3787,1206
5308,1581
5129,1084
3193,467
3805,1031
584,2790
2204,138
5640,1007
3144,2453
577,2750
5330,966
2210,2777
4014,996
5775,2521
4231,2162
879,2684
1104,2802
5245,2706
1095,996
1906,1211
2281,334
3144,709
714,523
1388,467
4244,2747
3306,478
1310,3028
5533,1244
5772,1260
4594,1032
1980,729
4958,2625
2258,858
2434,2777
5685,860
5401,1101
280,954
2635,966
1315,2567
5029,2626
3888,1526
177,1206
4726,2625
1319,996
4124,1244
3857,900
1343,2521
4347,2979
4376,2219
5208,1029
3790,3061
3394,3061
5393,1748
1344,2342
3569,1372
1062,966
1860,946
5032,988
1821,991
4154,1244
5673,984
4019,1019
5483,860
5879,860
2046,520
1770,2342
140,519
1425,3061
4669,2225
5606,1051
5060,1292
602,1489
4244,2426
2062,2342
2091,828
3648,860
5876,1851
689,1084
217,2028
5486,1292
3629,968
5387,2976
4949,2750
99,2157
3245,978
3362,1563
5948,10
5080,954
2960,1748
3383,1851
5800,1051
144,1526
2079,952
5241,2750
2941,193
5587,943
1248,1963
2043,2426
115,946
3603,2914
1676,1851
5903,775
1520,557
1412,1963
2174,34
3416,994
5274,954
1468,3026
3237,2914
5782,606
730,2508
5121,2028
1926,1221
5699,729
437,2821
1538,2802
985,2626
5104,519
3154,1724
741,953
1522,1518
1606,2155
3094,138
5333,729
2252,990
3730,729
1828,2914
3407,2705
3319,606
304,1487
269,3186
5392,2625
1985,996
5197,2157
5592,966
5298,519
2457,991
3611,606
5379,858
5640,633
1237,729
5818,2625
1613,1016
5684,1844
4419,900
4817,946
1661,2346
3373,37
5010,1526
5827,1748
2320,2167
698,959
5236,2219
2472,467
1902,314
1588,1844
805,1206
395,3028
5496,988
83,1221
5014,1244
4714,952
5741,2512
1694,1489
1134,334
3154,2342
2043,1084
3114,2162
1771,2059
881,2490
4430,2482
2922,2342
4448,3061
4897,2133
795,2157
3969,3026
889,1038
3633,633
104,704
1372,633
4811,1019
4728,984
4787,1564
4892,45
683,946
4109,2790
4568,860
1792,37
2745,1086
1201,2979
459,2342
2703,860
5318,45
3702,2816
2661,45
3418,24
5739,1206
4660,984
1490,988
3067,2426
3296,34
885,2342
2337,860
914,828
4690,45
2277,994
150,3061
4763,523
3826,384
5097,3028
4938,2217
3097,2426
1187,24
5072,2217
4927,523
1649,994
2855,45
2524,2914
4637,949
5127,3028
469,1851
3490,1724
4823,2802
1106,193
5810,991
866,2426
127,3026
1403,2816
4708,950
685,321
895,1851
3292,3028
2929,2976
5840,991
2584,1221
605,3186
2331,775
5924,2567
1312,45
3267,2567
3897,519
3322,3028
457,2914
2435,2976
916,984
2622,2802
5506,714
3009,996
505,861
3743,991
5582,709
5540,2927
4879,966
2783,2346
3693,2567
3927,519
5811,946
487,2914
1977,1724
495,523
3368,3157
787,2802
5841,946
3065,2567
5086,1013
5504,1526
1815,211
3573,2219
1269,1206
3541,991
3639,1526
808,996
546,996
5609,946
832,2521
2154,966
4463,633
1120,709
2278,1032
1241,2167
5642,1244
1310,991
3638,900
3283,709
2842,966
4029,2219
3047,3061
1837,858
4712,2626
4013,2625
1002,996
5933,1019
5129,2914
177,324
4356,520
2281,525
5391,2133
1095,2126
1418,1813
5255,3026
333,1776
629,606
1289,2342
623,37
5350,2482
574,1084
5555,2914
5865,861
1700,2034
1576,1244
3241,3061
466,211
3563,860
5791,1851
5529,1851
4106,321
391,37
2500,3026
3068,100
5388,1811
1236,1526
2155,520
80,525
580,848
2935,860
1341,946
3560,1851
882,1563
1441,2466
3695,2426
1302,3061
1733,2466
4532,1206
3694,861
1569,557
5839,1063
1403,1019
1246,1035
5869,3157
5256,2176
5054,729
3297,1575
4993,2705
5702,950
645,2508
5813,0
3349,984
5704,996
4300,1206
4152,3028
2990,1051
266,2862
3731,2217
5732,950
1785,1851
3715,2623
3421,2176
413,2508
5823,314
1127,1851
1910,45
5354,775
4330,1206
2346,2827
2998,1292
5701,324
5482,960
10,24
3275,1011
4284,1211
472,994
5568,1084
3766,467
3950,3028
3198,949
5108,1099
3874,0
1921,3186
3652,1119
4161,996
4584,1099
4295,996
1901,1221
4294,1525
4378,2162
4817,519
157,959
3922,606
1115,2914
4582,2342
1535,467
1415,2802
3280,1489
4351,2567
3672,966
4355,996
4859,2219
3367,1084
1699,467
2929,858
2767,2028
101,1565
1970,2623
5165,397
734,2417
1183,1489
4896,946
3318,37
324,1206
48,3028
1938,991
1475,1489
2557,1228
5050,2702
335,991
2260,2173
653,334
2174,709
2518,519
2807,2342
5837,988
2904,2625
996,858
4332,557
3327,1038
1139,2829
5855,978
3084,2219
2230,1526
2939,525
4427,952
519,2747
123,2747
2795,2466
1174,729
478,2157
3773,1101
4191,860
4265,1563
545,935
4024,1851
5213,1487
536,2512
5063,2482
3357,1573
4539,2482
261,1526
837,2625
637,1813
223,2173
3893,994
3898,1338
802,1099
232,946
3223,2862
1411,1557
1240,921
4060,1292
5822,9
5350,953
255,2219
455,1526
1309,2569
1047,2569
5382,1026
1909,1029
4187,1575
4290,10
5104,523
5895,1776
5190,1206
4704,0
526,2466
4359,2217
1716,984
5847,954
2666,45
4610,523
4711,1329
4626,467
4364,467
2142,984
2269,759
1701,1241
2549,3028
5713,1489
3540,959
2282,2684
5031,2623
5309,1813
4787,950
2172,984
2943,861
4789,996
159,1086
4383,493
5882,520
2661,1525
2671,523
4154,606
3827,211
3153,1206
140,2914
3736,1032
2347,3028
4952,1525
5000,253
3243,1099
4170,1489
2896,991
3241,1211
243,9
2493,759
178,523
3657,2028
2984,996
2508,478
4230,2829
2313,10
2798,991
2051,10
3244,519
5193,3061
5492,2162
4244,633
749,2567
1898,1084
676,3028
5554,946
953,2747
3976,37
829,991
113,1575
624,1525
4585,1084
372,523
2586,1084
2828,3061
252,606
2806,2521
521,996
3995,2157
2133,1489
2217,2126
4579,865
941,2521
3360,828
1550,2979
1966,2665
5754,953
1777,3143
2899,1557
5074,2133
1341,519
50,606
292,139
4035,2821
5340,1851
5078,1851
5465,45
1975,633
4610,2914
919,1526
365,1906
4972,1051
5426,1221
1551,1244
2815,1963
92,966
1286,946
559,3061
4640,2914
2183,2625
2620,2626
3228,2482
2895,1518
3220,1086
3211,34
4577,2750
3016,2976
2856,1563
846,1963
723,3061
3804,1487
5799,2684
4035,861
1610,1019
2509,1051
1409,2426
5696,2155
3097,2914
5516,467
2835,2914
5686,878
3296,1811
2174,953
116,2625
3032,984
3517,467
5387,996
5648,1525
3034,2750
2772,2750
5084,2126
5376,1776
2641,954
810,1851
3207,3028
420,1292
1122,1564
4950,971
4738,334
5579,950
522,2508
4336,519
4043,1206
3812,519
3449,467
3633,3028
1392,1051
3920,991
1213,2217
581,994
1257,45
498,959
2862,2777
4004,2567
5726,946
4045,878
2074,1206
1876,467
1798,3028
157,1016
601,2750
3900,2567
569,960
3046,211
2837,37
342,954
4078,1526
4121,2162
1128,2802
2938,1028
2993,1489
3127,1489
5262,37
5067,2979
4186,1244
5717,3061
3408,950
2398,525
3667,2342
732,1489
3963,2111
3765,2126
2119,709
3882,3061
4017,253
1952,946
5499,865
2273,1526
115,2028
273,170
664,1489
4895,2821
5681,2976
3912,3061
747,211
4885,598
2378,946
3599,1029
5852,1518
4477,2466
4312,1086
5931,2750
134,334
1226,37
1750,946
3555,2800
4094,45
140,2219
1816,253
1630,1029
2652,525
1569,3005
108,991
5699,2750
2107,3061
1509,860
3737,1851
3114,2626
3927,2914
2488,2349
1872,1851
3990,984
2209,1244
367,1228
1736,1963
3730,2750
1277,860
1134,3026
4631,384
5450,1241
3296,953
5105,1206
2601,1071
5251,1031
1879,1086
112,1244
1965,860
233,2702
5193,1211
1237,2750
2656,1128
4904,519
1148,988
2562,3186
839,2862
97,1851
5396,1489
3659,1489
5481,1038
5360,519
2190,523
2119,1811
2658,3028
1899,2976
4867,1525
118,984
229,34
276,789
3510,211
4081,966
3239,2377
2370,467
1597,1483
3008,0
1099,1206
4169,971
2122,523
115,2914
3812,1084
1473,1016
61,3028
5281,710
5076,1244
5215,2342
4025,37
2693,2567
2954,2342
20,2623
3382,1099
3404,858
2435,996
5833,1573
1913,2577
5831,2466
5240,1244
5725,2979
5083,1260
1786,1489
3132,520
3493,2219
2056,37
2249,3061
1273,2028
4874,1244
5755,2979
4918,2482
3820,520
3424,520
1983,848
1150,1813
771,1228
4150,1563
2541,3061
2669,1526
3507,2625
1000,2219
5344,2482
3289,2173
713,2162
4889,2841
1766,971
4993,1851
1688,2219
641,946
5329,1019
1070,1244
2732,2790
145,900
5761,1026
4761,1851
1658,633
3774,2349
1654,3143
1260,1526
289,1029
3632,953
2941,1035
4620,2750
4754,2750
4248,138
972,1244
576,1244
4492,2750
1111,2342
882,2482
2420,3026
2727,860
3218,1851
3343,45
3320,34
698,3061
3647,1560
5824,519
5116,2684
978,45
40,1748
1461,953
2977,984
710,2482
2580,759
2860,3028
3342,2802
3007,45
4846,729
1963,9
359,1851
493,1851
746,45
792,1918
989,3186
1008,984
5932,1526
3363,996
3580,2162
3132,467
5812,2521
3155,2521
5563,2167
4445,519
3553,2567
1404,2623
198,1128
3159,950
743,2914
4838,2665
3302,2167
1495,1206
5247,1557
4307,2625
4178,525
4915,37
1568,2623
3414,314
3961,2927
4574,875
3371,3061
2691,858
3253,2059
1460,996
3079,2660
1805,2162
1798,991
3612,2342
4517,2219
4585,633
5946,3005
3791,1526
5823,1851
4643,988
3491,2173
3503,1244
3764,1019
4787,1117
5719,1851
2907,3061
5853,1851
1806,828
1969,2512
2352,1526
2090,1526
2403,525
5844,984
1047,2065
1730,3061
1334,3061
1858,1526
1462,1526
2696,2625
5273,1518
5515,1051
1838,1813
5394,2976
172,525
4153,2426
5841,2914
3163,2626
5127,1292
4772,2821
1824,952
1466,1244
4412,34
5251,954
5333,1518
5467,1518
854,2558
3214,2914
5576,1653
3704,2549
3995,1035
5710,2407
899,988
3985,2976
3890,2150
3470,1564
3450,1851
938,1101
96,2512
2682,959
4886,1364
3910,523
5880,2976
3020,954
5656,1016
1046,1573
4084,861
1898,1035
1576,984
1949,34
4465,2623
4480,1211
5713,1119
4684,1206
3851,2171
2438,2827
3750,3028
2190,1035
3501,1011
2742,959
3989,950
4235,225
1311,2914
4394,2167
2849,1206
2587,1206
1613,1000
5560,1038
4942,2157
1018,9
560,2349
3908,1119
633,2827
2239,1031
4493,991
2048,2217
4627,991
1877,1581
3484,1730
1840,2453
4183,950
5100,2342
5576,2271
3747,1551
4160,966
5550,858
1053,1292
5717,971
2496,1976
2582,996
1537,2802
3842,1007
3437,729
2000,991
4304,314
4981,2219
4261,3061
3099,1084
1991,878
4009,2059
2639,1099
5246,423
218,467
402,3028
3650,2126
3620,971
2900,1813
4687,3061
3341,2660
170,3028
4820,557
1775,1007
5254,2512
3738,37
1236,729
647,334
1499,1489
2284,2173
2951,946
1373,37
4532,1564
1111,37
4774,1851
4950,3016
3681,2862
4476,100
495,828
4369,2862
2752,1244
2351,900
2595,1260
5858,666
4254,2508
2519,861
14,1844
5442,953
1820,860
750,946
514,2167
226,946
2707,1851
292,253
2692,2482
2168,2482
4217,2976
4699,2750
3507,2816
518,946
5468,1211
2147,100
187,3061
2871,1851
4368,1051
2610,2426
2088,1563
5489,2623
644,2374
2505,1851
1882,2626
2329,871
1671,871
3792,1241
3923,1724
5920,2028
746,557
5627,1217
5323,991
2878,2217
235,984
5400,1211
2669,1851
5769,519
4215,1724
4478,606
3003,384
3920,1776
3739,1206
2563,1051
5161,821
202,2914
3201,3028
4159,1011
5749,991
4628,1489
5414,2398
4268,954
3313,990
1535,959
3940,334
4380,606
691,45
3672,519
1564,384
232,2914
3391,1031
5507,2747
5383,991
2537,1119
3055,2802
2810,2217
2223,959
5885,828
3261,3028
207,9
396,2914
0,2914
1062,523
5696,525
1410,1206
2552,996
2870,2059
3738,334
1287,991
3107,467
5584,2162
3502,996
1440,1206
108,1292
3414,1526
3512,2623
4919,3061
3628,704
5727,3005
2678,1084
1029,709
2154,1084
652,759
4826,1557
784,878
730,1581
2621,1489
3953,2342
0,954
3804,2219
5595,203
1403,519
1821,1032
5110,1851
2792,2660
5491,2482
4596,2569
1652,2162
2309,971
5381,1563
1998,520
3579,946
3248,3061
5140,1851
4878,1851
5014,988
4232,952
1377,1526
3612,1244
158,1489
1758,2157
