u,i
612,905
276,956
376,2880
3480,2256
4211,1014
2990,1840
2078,2512
591,967
572,725
5073,1918
5464,1574
1893,480
3558,2297
4890,521
4368,1348
803,99
407,99
1009,2419
2882,967
1958,2568
2629,521
3025,521
2599,1810
4055,1009
4165,615
3463,1097
1283,1840
571,99
5108,949
1723,2297
5742,1272
3743,1272
5434,2058
136,521
1709,1840
4386,1903
1051,1840
495,1393
904,100
1088,1907
2582,1590
5338,256
4035,1272
4169,1272
4989,1011
5350,990
1215,1840
2772,1872
252,480
2817,1241
5367,31
5773,719
3605,533
550,2739
40,947
1844,856
20,480
815,943
3543,5
1020,1348
5560,961
5396,2058
3543,944
4470,3024
1681,276
1815,276
796,1051
1968,1272
1214,1564
2158,615
1167,994
3935,421
5079,1038
2839,949
4246,1976
1114,1518
3311,944
5909,714
5928,956
1998,1272
5740,905
399,2704
1008,533
1474,1272
4482,940
3031,2058
1508,856
3165,2058
1312,944
1050,944
2963,611
3267,1022
4068,519
3094,313
4369,2167
4995,909
5329,31
4167,2218
5535,99
5347,48
5875,2419
2673,256
295,2704
4636,976
4774,940
1900,1272
4512,940
3068,31
1342,944
5614,1331
1080,944
5221,2568
673,31
1196,2058
1330,2058
4234,2100
343,1590
5565,99
2235,2100
5041,99
4186,1305
2198,2218
2702,31
1110,944
4475,2347
5779,967
4879,710
5264,521
2019,940
964,2058
3040,211
2644,211
3895,725
4058,2409
5333,99
5729,99
5467,99
5541,48
2794,909
1966,2218
3730,99
1704,2218
816,1032
2299,1869
5690,521
4988,1003
3050,1279
4484,2409
4742,947
5833,48
2758,2568
3914,2256
1266,679
4344,1840
2292,1048
2130,2218
2426,1048
4912,2297
3038,2558
4650,2297
5720,521
2079,940
1093,909
47,1581
1734,905
5421,1393
80,940
3982,2548
4770,1840
1560,725
3266,99
1851,1840
5742,1569
1267,99
1401,99
1466,1248
5198,947
1252,730
2842,710
3227,521
2580,710
4142,1840
1743,967
1877,967
254,2567
3275,942
4252,2385
1693,99
2711,2297
1637,2419
773,99
4869,1014
4471,1907
5341,1009
2569,1840
2307,1840
3886,2385
5684,1348
1814,1907
1592,3026
1065,99
1958,905
877,48
3945,521
3683,521
3287,521
3155,1533
4633,1272
5481,615
4039,533
4823,615
1998,2374
645,829
5471,1590
474,947
2643,2297
3849,1348
1643,870
4700,400
49,956
4641,759
382,2297
1714,521
4401,1272
1452,521
3867,1338
2249,276
102,967
2673,2297
240,1840
1372,942
1667,301
674,2297
5089,1272
3793,2705
4431,1272
3760,313
4565,1272
5733,31
4833,2218
4007,944
757,1019
1101,829
4537,944
2566,1272
833,1014
2734,856
910,480
8,1840
1006,942
4760,400
909,1009
4857,1272
5395,2079
2895,400
4863,2218
3909,944
387,2775
2959,1324
4432,719
5,229
1,2739
4924,400
335,1272
5722,2100
2735,276
4596,719
3794,31
2336,944
4595,1248
5037,2347
286,979
365,1272
761,1272
103,1272
1203,1590
2693,400
5057,2218
5086,704
1526,2243
694,400
2628,944
4279,611
1698,256
638,276
242,276
395,1272
1706,1837
2745,940
1697,31
1629,1590
4918,2409
5910,942
3592,31
2826,2218
3122,1048
4393,1248
2479,2110
4313,730
297,1272
5245,710
2528,1248
412,2915
80,2176
3027,2100
3286,1048
3962,99
717,518
589,1272
2153,31
2939,940
2280,2058
4551,679
165,944
2565,2419
4834,967
1900,1248
281,2058
778,2110
1074,940
3453,2100
4874,1305
4972,1840
290,2521
918,400
3578,1048
4388,99
4522,99
4200,48
3804,48
4458,2558
2870,961
1192,2100
2183,31
1909,960
1865,99
5134,2548
2902,2347
1104,940
708,940
1131,1043
3812,2568
4476,2548
903,2347
2341,967
3137,1840
5308,2297
2157,99
738,940
1292,1526
4117,521
753,1248
4080,1393
491,1248
1067,2347
671,2347
2371,967
3524,946
5463,1272
2596,1085
3167,1840
2771,1840
353,725
912,2409
902,940
456,99
963,2347
3081,726
2801,1840
4286,306
2935,1840
2425,48
5575,2775
2163,48
2094,2163
1666,2625
5632,276
90,99
909,956
5261,1272
4727,1338
3371,276
4188,306
51,521
1868,480
704,1840
14,1393
5253,1569
2405,870
120,99
2916,1574
4471,1533
2342,521
896,2949
3426,1272
5620,400
5823,5
5826,276
2061,2349
220,2558
1698,2297
2506,521
5293,944
3456,1272
507,521
4390,2079
4624,31
5906,2110
5289,421
1195,1272
5172,775
3154,533
3620,1272
275,521
3938,615
2800,944
5319,421
5591,1294
3949,400
2386,2243
3333,1565
441,1348
4302,3147
1292,400
4783,976
3091,719
1310,979
3342,2058
3088,421
5481,725
4043,1324
4848,31
3948,2218
4813,976
5551,905
2588,256
2440,1324
1681,1272
5428,2003
1023,1272
3635,940
691,533
1157,1272
995,944
5664,967
2010,400
5480,99
5614,99
3750,1048
5218,99
5453,905
1449,1272
3386,1525
3156,1248
5832,1840
3676,725
1778,400
5322,48
2541,1325
5588,2419
1550,950
3735,1305
2052,2100
808,313
1656,2100
1881,2218
1189,944
793,944
3484,905
4800,2568
1830,940
3046,679
5074,2548
124,31
1180,2521
5600,1840
3706,725
4354,946
5016,99
408,729
3091,48
822,719
4977,521
550,31
4013,1003
3889,967
1793,2347
2471,1279
4778,2563
5025,942
606,313
4897,942
2075,2218
1975,1048
3443,99
3121,48
2785,99
3678,905
2919,99
1396,3061
2182,1526
1643,1248
598,48
985,1248
1119,1248
3261,967
4191,1840
3795,1840
502,1279
2105,2218
981,725
1278,719
5173,1348
402,1048
3821,967
3038,521
1047,971
3825,1840
532,1279
1822,967
3728,1907
1164,967
2728,480
2793,875
1826,1840
1960,1840
2696,942
612,1393
1054,48
3204,1348
3687,2256
5499,1117
3336,521
1558,1244
4251,1840
4552,1014
5350,994
5861,944
18,2347
4875,1667
1503,32
3079,306
1038,1393
4712,1272
4316,1272
1098,2548
38,2568
1105,521
1624,1840
3055,1009
2326,2297
3768,127
3931,1811
5911,256
5921,944
5659,944
1650,967
4742,1272
4401,979
1001,521
1137,1348
4084,1272
4148,533
3254,256
1915,861
1998,337
428,1009
3301,2704
1563,1348
4486,878
4510,1272
5544,31
4766,3147
4348,944
3428,944
2377,1272
2511,1272
5585,971
689,942
4068,523
3022,1195
3988,759
5312,31
5212,2079
2650,276
2388,276
2541,1272
2279,1272
4503,2521
1799,1574
4161,313
4193,760
661,1903
4680,878
4838,2218
1370,1811
5816,99
1977,533
1319,533
5660,1279
23,276
157,276
829,1837
5435,2100
612,856
1830,2176
4911,2100
1544,1590
2772,400
1534,313
4206,32
3273,2079
3137,2218
3641,31
3847,99
1643,256
1653,944
4308,1248
474,1272
1119,256
5288,710
1642,31
2326,2915
4698,2342
1529,127
2475,5
4818,946
4632,32
4108,32
3712,32
4273,99
236,518
4011,99
3374,976
5029,2297
5837,521
498,3147
3996,730
4070,679
3564,2793
3063,525
4072,725
851,1730
357,2915
2213,1294
4393,1305
3197,2218
2185,966
2539,2218
4303,99
4509,2419
3645,99
2528,1305
3388,2163
272,1272
2884,940
5867,521
4948,2466
344,1525
4129,2548
4917,1840
4956,1014
3814,2163
4452,730
558,3147
966,2218
3156,2163
2206,99
1810,99
3109,2347
1875,1248
3057,2157
4831,726
2847,2347
2045,905
1049,940
2585,2347
4428,521
787,940
129,940
4685,1840
4850,1907
2286,967
2024,967
4175,48
3448,2163
1974,99
1237,1526
4062,521
878,2347
3772,947
3130,726
616,2347
2454,1840
2192,1840
2753,1907
2266,99
1944,48
1548,48
5254,24
5175,1451
1742,99
1940,2558
2105,905
364,32
4092,521
71,719
4226,521
616,253
473,2419
1056,525
106,905
166,956
240,905
3982,1292
5481,1908
5572,1272
64,679
2880,1840
2618,1840
2034,99
5258,2775
4789,984
5577,276
35,99
5711,276
375,2419
4944,1272
1995,521
2996,860
1212,1014
1045,1840
950,1014
2043,942
387,1840
5931,400
1476,306
405,2419
5632,1272
1351,2297
2287,521
4974,1272
2025,521
1061,1003
4812,944
5538,856
4946,944
2822,276
3371,1272
2975,1272
413,967
1075,1840
679,1840
813,1840
5437,400
5400,1272
3267,518
4308,256
3139,1272
4830,2058
581,1840
88,1907
3730,400
5832,2218
3278,276
3169,1272
2837,533
4860,2058
873,1840
2879,944
776,1907
908,1272
1622,615
2465,2058
3258,940
5474,416
97,306
5762,1048
2437,949
5945,940
4890,2058
2503,256
5309,2419
5364,2880
1596,1272
1334,1272
938,1272
2774,719
993,979
676,1272
740,533
5667,2100
1634,975
5426,725
5077,2419
1211,276
5368,905
5908,2347
2842,1011
2198,909
2258,960
5852,725
282,944
2475,2880
5747,1840
3570,2100
5177,2249
3399,2218
5163,99
4505,99
4975,48
1932,2079
3744,940
2038,31
312,944
3939,2347
5358,725
2209,1606
39,31
562,2058
3825,2218
4116,704
4535,99
1735,2100
1339,2100
1826,2218
5339,2553
70,256
3707,2347
5541,967
1251,940
1961,2793
5283,1840
524,611
2731,725
4773,48
783,313
4186,480
125,313
417,1653
2024,1048
2700,99
2834,99
2438,99
5580,521
1927,1869
2228,1043
423,909
757,31
5445,2548
495,31
4660,521
5575,1840
5709,1840
3572,967
3176,967
3255,1260
2386,2568
4679,1702
3314,1840
3223,32
2730,99
5531,1918
2542,48
2282,875
4718,2569
4690,521
469,99
1506,2347
4400,947
3087,521
5654,978
2952,2548
3344,1840
3478,1840
2968,48
85,1048
1633,1526
4833,1364
633,99
1094,1248
4826,947
3370,967
3117,521
2721,521
5804,1272
2855,521
3897,861
3914,276
5077,943
2807,480
1509,1840
5301,1590
1247,1840
4905,1590
999,48
5417,2704
797,99
5155,2704
2211,2297
1815,2297
3021,1348
4950,959
2369,604
1013,2548
5264,2058
1673,1840
1277,1840
2409,942
1442,1907
1979,2297
2915,521
148,942
2789,1348
3712,276
4323,2150
4261,1272
3865,1272
2023,1256
1307,1840
2792,306
373,2349
4392,1324
686,1348
1080,521
820,1348
1596,1569
3831,533
4084,979
3563,718
1374,1907
5085,729
1936,856
5236,898
112,480
4754,400
4492,400
5651,2079
2722,2704
4059,1272
3727,533
4965,31
2060,1272
2512,615
5948,730
5249,729
1988,615
634,942
372,942
1545,45
1061,1918
5663,719
618,1348
4491,2218
4887,2218
5391,31
3799,944
3403,944
1956,518
2486,1272
2133,1908
1675,276
5796,1248
1828,1272
4440,940
484,1533
1962,1272
3392,31
1404,944
2130,856
1266,256
443,943
4552,400
3877,2705
3793,725
4259,2218
59,953
5761,99
3161,256
3484,909
4604,940
1264,533
356,1324
5822,725
4679,710
4722,2100
4673,3147
3823,725
1925,400
5791,99
5395,99
1866,759
1334,898
2908,1099
4394,2419
132,276
648,1324
1326,256
1336,944
23,1272
157,1272
957,2079
1714,2058
3851,679
1325,31
4886,2100
1730,1248
2559,2793
5499,48
2229,2100
2704,3147
2716,2218
1967,2100
3120,2079
2488,1048
3560,99
1762,944
3634,48
154,1324
2520,1525
1761,719
2525,1869
959,31
4432,967
3910,2548
5472,480
4436,1840
2655,2100
2259,2100
3724,99
2053,719
217,1272
4480,2297
473,3147
1051,909
1385,31
5812,521
223,2218
1350,976
2762,2347
4336,2548
2104,2347
2685,2100
4600,1840
5240,480
1786,725
3282,1043
1845,1305
637,3147
241,3147
1153,31
1755,99
1359,99
2648,2568
3715,521
4630,1840
4669,1014
2231,967
3784,99
1517,2563
3905,1557
713,1048
1785,99
1523,99
2154,905
3611,521
3074,2568
92,1869
238,940
2261,967
1980,725
5125,856
3161,2163
3531,942
2137,1840
1553,99
1687,99
4173,1348
2452,1851
3909,521
5244,2426
4968,276
5121,1272
2563,1840
2167,1840
570,2409
1717,99
204,1305
302,1840
2467,2482
215,905
4602,276
5151,1272
5796,256
870,2297
5285,1272
5823,2079
1282,521
175,725
1126,947
1496,480
838,480
972,480
101,1907
2549,1918
1970,521
3191,604
4495,944
4629,944
2767,276
2826,856
362,1840
2443,337
5473,518
5388,2100
2096,229
2987,400
5820,976
2688,1272
5038,940
1032,480
526,1840
4704,313
5503,3147
2718,1272
2456,1272
1862,533
2824,944
2022,256
2166,944
459,1907
500,1908
5716,2100
1287,975
3651,2793
2424,421
5079,725
5841,1048
5149,2218
5242,2409
5593,946
5494,940
1736,20
4050,31
4184,31
2854,944
5056,714
596,276
1934,944
4589,1248
4279,1022
2178,2058
3943,2793
5563,3147
4837,37
51,2058
5906,480
3089,2100
4476,31
2622,944
1175,518
4158,99
4535,611
1847,2079
2081,31
3659,940
785,1272
1819,31
2620,1248
5292,967
4896,967
4615,725
5108,99
4846,99
4524,48
4584,99
4188,99
4262,48
2937,1305
1077,1272
53,949
1701,1099
5708,1003
1587,31
3046,1248
3488,2347
129,944
507,2058
3843,1003
5722,1840
245,2058
3758,3147
1144,400
4554,48
5082,2419
4614,99
2316,32
5454,1244
2615,99
2814,1248
1747,1043
5888,947
4828,967
14,31
553,1248
1174,400
2829,967
936,986
1015,1279
3229,1840
3869,480
5400,2297
1265,3147
1277,2218
481,32
178,31
1814,1110
5654,1840
5258,1840
447,421
619,905
5730,1835
5723,856
3655,1840
3393,1840
2809,99
2487,48
2547,99
3044,905
4635,521
1390,940
4769,521
5151,1569
2516,1917
649,905
1011,1294
2239,2548
4063,480
599,37
2577,99
3074,905
930,1305
1064,1305
4539,1348
679,905
3062,521
4271,1533
2404,521
2540,1348
3191,1840
1054,967
1594,2409
1588,1840
4831,1348
814,2419
346,99
420,48
2022,2297
84,99
282,2558
5017,949
581,905
2966,1348
5779,1272
5913,1272
667,679
2308,1348
5093,944
1065,725
569,521
1308,860
1356,1840
8,1393
5730,225
188,48
2996,1348
5215,533
908,337
5385,944
4315,276
3919,276
5519,944
3548,1272
3350,533
4977,2058
1386,1840
1330,1908
3207,1918
480,48
3045,1590
3877,400
2476,127
1182,2949
26,1009
3821,276
2234,1533
3378,2150
3712,1272
2722,533
3288,944
5547,1248
1634,979
57,480
971,1574
4331,1667
709,1574
5630,909
5568,31
533,1348
3148,533
5830,940
3714,944
3046,256
5747,905
2139,1272
1743,1272
2784,256
2880,718
1481,1272
1915,975
4296,518
3220,5
3363,313
4211,2100
5336,31
834,1811
5301,976
5676,99
1620,276
2169,1272
1773,1272
2814,256
2929,960
5921,2347
3137,909
1313,533
1679,856
2097,615
3599,940
5058,2157
4417,2326
1498,2915
3979,2100
4850,3147
5310,99
3512,944
1937,1272
1541,1272
3367,31
4549,940
3105,31
3991,2110
2843,31
1513,944
3906,1248
3644,1248
3334,1022
449,1195
538,2176
5736,99
5078,99
1162,313
4439,1869
5115,920
5,400
2873,31
1111,533
5137,679
1542,719
874,31
4368,2568
3198,730
1794,940
5562,2548
2014,714
2504,2793
35,400
2695,1048
3183,48
3639,99
3317,48
1038,31
380,31
1562,940
2533,2568
2461,1002
5021,480
2600,2100
4515,1840
1567,725
2067,1048
3669,99
322,965
3347,48
3407,99
3011,99
3085,48
3904,905
3508,905
2947,2558
302,2218
546,858
1876,2419
1669,2880
5363,1533
5116,875
1124,313
3625,1840
1865,725
3699,99
5318,1009
3377,48
3437,99
3115,48
4589,2297
1098,31
1304,99
5591,1518
1116,48
2623,525
1539,905
780,99
4175,967
1169,32
1146,48
5435,604
4343,1840
5170,306
244,2347
4378,1272
4942,856
1820,1840
3898,1574
4037,1918
2388,2297
3458,521
5175,276
5167,1324
1712,967
3326,1533
1459,521
3148,480
5904,1590
1850,1840
2677,306
4067,1918
1078,48
3151,1128
3643,1590
2060,337
3228,1348
5205,276
5096,1272
4285,276
419,2297
4834,1272
1489,521
4572,1272
5867,2058
450,829
2878,1908
1795,978
15,1840
259,480
3527,2704
4178,944
2512,1908
1773,2508
307,1840
613,2297
217,2297
5138,878
5934,31
4579,2577
2371,1272
2173,533
772,1014
75,1840
110,1272
1630,2176
2962,400
4802,2218
4390,961
3631,909
3703,31
4226,2058
1160,722
907,276
2111,944
402,1272
536,1272
140,1272
4328,1022
726,615
3759,313
1794,2176
244,871
5490,2218
2537,5
1498,313
1575,533
4094,976
3261,975
675,276
279,276
3698,976
17,276
4714,2347
170,1272
213,1908
700,1272
304,1272
1307,718
2642,1869
3621,729
756,615
5295,2100
2139,1248
3259,1279
4658,725
2918,986
5113,1305
3791,2079
4462,32
895,400
4826,1248
2668,996
4103,99
3466,976
443,276
596,1272
639,1908
3631,1043
730,1272
2213,1355
3342,940
4878,2347
2565,1248
2216,313
4619,1305
2561,725
1059,400
3027,2218
4073,48
401,400
4529,99
5288,905
492,518
5285,2297
2200,719
1990,909
460,980
2334,719
766,2218
1872,99
2474,2419
798,975
2369,905
2775,2347
2327,679
2832,2100
4912,1907
3353,1048
827,400
4559,99
4297,99
1046,3147
1958,31
2178,2249
1696,31
2164,99
2298,99
2459,956
2939,2347
2677,2347
483,940
1680,2157
2755,725
1688,520
5550,1009
3213,1014
1131,2100
5847,1003
1457,3024
2006,48
1868,2558
2140,48
4803,967
4550,521
4154,521
513,940
647,940
5203,1840
1104,2347
4488,3026
52,730
3338,1840
4031,306
786,725
3838,2163
2230,99
3644,2297
97,99
231,99
5489,517
34,1248
476,2347
5268,1272
2446,2548
209,2003
3368,1840
991,726
185,2548
711,1840
2424,2385
523,99
467,2419
5737,1908
5298,1272
4957,979
3699,1014
5008,944
3542,276
737,967
322,725
3601,856
1137,1840
3704,2297
3112,2385
5571,276
103,48
5724,1272
1047,2297
2117,521
2253,1348
350,679
3968,276
2566,2976
1167,1840
1411,480
5370,2622
905,1840
1732,306
4435,1590
5492,1272
2283,1348
5068,944
2411,1533
3493,1272
3293,2150
3231,1272
3627,1272
22,1348
2969,1272
4331,1590
1287,979
68,942
4634,1776
4928,533
2051,1348
1736,24
490,1574
1052,2775
4416,1324
5075,960
314,1348
3657,1272
3325,533
3395,1272
186,1348
4563,31
4690,2058
2691,2058
5623,950
4602,898
5863,2100
3187,949
3687,1272
3425,1272
4089,2218
190,127
3323,995
1273,276
1426,1272
3764,1869
3117,2058
3913,1211
2256,975
4438,1032
5081,909
4415,1048
5225,99
5169,2419
1456,1272
5604,2347
1652,2150
2390,2079
2371,1837
3806,940
1839,1976
3029,1248
3163,1248
3784,400
5420,725
3421,725
4183,1048
167,1590
5651,99
5389,99
5454,1248
5595,2419
5228,905
5634,2347
1620,1272
1896,2079
1196,944
497,943
5731,967
5469,967
5343,2548
802,990
5869,1840
3692,2100
63,1590
932,1248
2052,1279
3189,725
4835,48
5817,2589
1827,2100
3224,719
304,898
3626,2419
2762,99
3223,1248
3393,905
2028,1043
619,909
2463,971
5899,1840
5637,1840
2187,2793
812,2243
5449,99
5127,48
5523,48
3273,961
497,138
1820,2218
3188,99
3656,2419
5014,521
2740,848
2112,1279
1887,2100
4800,942
5777,2385
2100,3147
2408,1048
1838,3147
988,725
3218,99
3292,48
3154,2558
5178,521
792,32
1537,940
5807,2385
1577,2409
1571,1840
5606,1348
1607,1305
3221,2625
5344,1348
781,31
5566,229
987,99
725,99
1195,48
3596,967
3732,2548
4258,1840
4927,2349
1997,1840
3230,1748
1413,99
1151,99
567,48
3635,521
3111,521
4432,276
5595,943
4110,225
1627,967
5023,717
1369,1840
5774,127
5557,1590
63,3147
5230,1195
5918,1569
5484,2243
1181,99
5539,2704
3143,1348
2816,953
4390,400
4858,276
4749,1272
1404,521
75,2568
99,710
3770,2385
1533,1840
2531,942
832,480
436,480
3307,1348
1497,870
3222,2930
5696,944
3755,949
4517,1272
4255,1272
3923,533
3527,533
5812,2058
4289,856
5806,1489
1915,979
3379,1574
4846,400
5913,16
856,1574
4151,1272
4285,1272
3953,533
4999,615
680,1348
5849,31
1036,229
3861,944
3599,944
2152,1272
3685,718
2329,1908
2024,1272
425,1014
3386,1590
2720,975
3709,2243
367,1009
2029,276
1898,759
1963,1908
4788,1869
1460,533
3215,2243
619,856
2169,2915
4918,2100
3278,313
2645,400
5591,99
2736,3147
1886,533
481,1272
4228,2003
4011,1022
649,856
3897,1674
3308,313
923,1590
4734,2521
4790,1110
2944,975
4921,2347
93,759
5055,2347
158,1908
115,1272
4258,2003
3943,679
679,856
21,856
4796,1305
3204,2218
3238,1048
4048,99
1458,944
4247,1248
4691,730
279,1272
17,1272
669,3147
1731,729
5302,480
2485,2100
346,400
84,400
3816,99
2565,1305
882,2100
2303,1305
357,0
671,1099
3460,2157
1882,1248
4039,521
4954,1840
4692,1840
5824,942
2536,725
3980,99
516,2100
2340,32
741,2218
345,2218
775,1048
1585,99
4947,1019
2046,1248
1650,1248
2827,1813
4322,967
4069,521
3367,1003
4196,2548
428,940
4203,521
4722,1840
1382,679
181,1248
5021,1907
4101,1907
2461,1840
3101,480
4486,1748
1951,48
643,2218
1140,3024
1749,99
1353,99
1821,2419
2652,2347
3163,2297
78,719
854,940
2070,679
1046,1110
1069,1279
2887,1840
2491,1840
3623,942
923,3147
1779,99
127,961
139,32
5322,276
203,956
4994,1908
2525,2548
4140,306
2078,516
534,2409
264,2548
3947,1574
4033,1348
3771,1348
2169,1573
3430,2775
16,2419
9,1248
2032,521
4719,1272
5677,975
3817,942
286,967
1480,947
420,967
1922,1292
686,1840
1993,943
162,1840
5516,276
5120,276
5407,1272
2196,521
4551,533
3517,276
54,967
3146,1272
1151,1014
1490,480
1228,480
192,1840
5303,518
4581,533
3572,1272
227,521
4344,31
1844,604
618,1840
1024,276
4683,2880
1763,615
4534,313
728,2385
3639,400
5903,1048
3334,518
3053,276
2810,518
5544,1869
2612,533
4769,2058
3843,3024
1450,276
5309,1248
2248,256
2652,871
4171,611
945,1272
683,1272
342,979
4915,1294
3669,400
5637,2218
5933,1048
3370,1272
4810,719
5720,940
4142,31
5198,2521
2550,944
5339,1248
5650,1110
2412,256
4579,971
3511,2793
5335,725
3258,2347
3437,400
629,1574
5236,719
5454,2110
3790,3147
3802,2218
4908,99
5362,2521
5107,1248
325,759
4807,956
877,1272
2307,31
1591,615
2434,2058
2568,2058
849,944
3570,1279
3625,986
4003,2100
5522,1840
2363,313
374,1590
5169,32
5072,99
4676,99
5435,905
2961,2110
3257,940
1242,996
932,16
617,944
4999,725
3452,2347
5122,2256
5814,1840
5948,1840
3771,2100
5290,1840
2102,2793
3600,2218
465,2243
2941,1084
4780,48
5102,99
5308,2419
2395,1325
3589,1305
2907,719
2239,31
5840,967
2519,48
251,944
2906,1248
4310,1038
5862,726
3220,2347
1288,940
4667,521
1422,940
3926,1048
5619,1907
1221,2347
4223,480
3230,32
1357,3147
2475,99
2972,905
520,960
5746,1840
5350,1840
3892,2753
1103,5
3883,947
755,2705
4387,480
3485,1840
1783,3147
2639,99
916,2249
5776,1840
2728,521
603,971
4909,942
3310,2374
835,725
2669,99
5107,1866
1776,1013
5046,1590
4156,2775
744,48
348,48
1838,1110
5841,1272
3288,521
2632,1348
1666,1003
3545,1840
4677,942
4506,306
5762,1918
1546,1840
2442,2163
5427,127
693,1372
572,99
2248,2297
5277,533
2085,24
1310,967
4436,856
5301,2058
3685,2385
1052,1840
2184,942
4844,1590
542,48
2692,1348
4569,604
2690,521
3306,2739
5611,944
4625,1667
4036,1272
4884,615
3942,856
1478,1840
1082,1840
5656,313
3776,5
5775,944
3500,861
3268,1292
4462,1272
4066,1272
3804,1272
5034,909
4972,31
951,229
2076,604
5368,31
1508,1840
2974,256
1805,1272
1543,1272
2235,856
1973,856
816,943
5137,256
3146,898
5670,719
5398,31
5525,2058
5659,2058
2761,306
4402,975
5061,611
1420,276
369,604
1969,1272
3137,31
2137,856
3002,2058
4297,400
3455,313
4437,2100
4562,1048
3836,944
257,1487
5446,2300
5768,99
2362,1324
3482,1355
1603,1272
4745,940
3167,31
5529,1022
4369,2346
5125,2100
3302,606
4954,2218
5895,32
2936,256
4775,940
2935,31
5633,971
1343,944
3998,1248
905,718
1459,2058
3324,2243
5925,32
2778,986
2096,400
2632,2100
1388,313
1047,20
4832,1043
2461,2218
2757,1048
2187,3147
3192,976
4735,1110
3370,1248
5780,967
1372,719
1489,2058
2282,940
5596,99
4059,719
2400,2100
3577,2665
3057,909
2613,3147
261,400
3993,99
3356,976
3409,48
4333,2419
3512,1489
5819,521
4506,2347
2278,2110
5172,710
1536,719
4638,2466
1653,2058
5509,480
1455,730
4607,1840
5477,942
3393,1393
2555,1048
3596,32
3103,99
3996,905
2046,2110
1946,940
664,2079
2799,2347
2141,2347
3975,967
4507,2548
1879,2347
1881,730
1127,1022
1561,725
2120,2409
3865,48
3529,99
3663,99
5751,521
780,1099
150,3147
162,2218
1926,99
2147,1007
4480,1260
4148,521
5054,34
4539,1840
4973,2297
2540,1840
2041,961
2784,480
3771,921
192,2218
1238,48
1694,99
2162,2419
3340,1866
1234,2558
960,1043
1395,971
4841,276
2017,725
2044,2548
393,2100
18,725
1821,32
606,3147
3393,2816
4896,1272
5610,615
1938,967
1812,2548
2978,480
1942,1840
335,967
1754,99
1375,480
339,1840
3861,9
1101,2163
3976,521
3454,1348
3985,2704
5322,1272
645,2297
5060,1272
3594,604
4402,1272
4240,944
2163,2374
4372,871
103,967
107,1840
747,480
5651,400
2412,45
5352,1272
413,2297
1349,521
3967,943
2542,276
4490,718
3091,1272
2695,1272
2829,1272
4802,990
1519,1117
5493,2793
4018,127
4252,2243
5559,2100
5120,1272
4264,533
4434,944
1949,1051
2859,1272
37,2548
4550,2058
2411,2802
5088,421
4430,421
598,1272
940,1009
1050,615
5327,2100
4217,313
1653,127
2926,400
5586,1048
4779,16
2998,276
5030,1355
998,1364
2889,1272
2493,1272
5635,940
3897,2028
4057,31
999,276
4851,2521
3854,611
366,1272
2057,2058
5186,2218
3053,1272
5007,940
695,400
2629,944
4888,1248
985,1667
1054,1272
658,1272
4500,2829
396,1272
1244,615
848,615
5350,2218
3522,2100
4554,32
1383,400
987,400
3473,3147
3621,2079
3385,1048
463,400
2397,944
4269,48
5088,905
1084,1272
426,1272
4218,1022
5426,900
5770,710
2251,2058
5463,967
3570,986
3119,2218
3193,2167
4883,99
3549,1048
2857,2218
562,944
2559,1248
4582,521
5235,1840
1346,2157
4651,99
1455,2100
4710,679
5127,967
5261,967
3033,730
5661,1840
1972,1279
5399,1840
1166,2347
765,2003
4906,1907
4571,870
5291,967
4804,2569
5165,2548
215,31
4380,521
5295,1840
2896,967
1583,2793
5198,1907
3011,725
3430,1840
3034,1840
3168,1840
4603,943
878,725
4300,942
1012,725
616,725
4735,870
1082,2218
2846,99
2524,48
2584,99
2398,875
2322,99
3340,2297
4410,521
1607,1285
2643,679
686,905
1,48
3767,829
5677,979
248,679
2545,521
3460,1840
4683,306
4028,2297
438,961
353,99
5786,1272
5920,1272
5524,1272
2702,2548
1193,1244
3194,2256
4130,480
3228,1840
1091,967
4248,1667
829,967
2718,48
2456,48
5925,276
453,2558
5554,1272
5688,1272
2083,1348
4698,533
5130,944
3402,276
3555,1272
1129,2548
3723,856
3857,856
487,48
225,48
5584,1272
2924,1590
711,2385
4663,138
3585,1272
1857,604
3125,533
1423,1840
4819,1590
1309,2492
1326,1907
1729,2297
5324,944
5062,944
3487,1272
1444,34
2280,306
2364,943
5716,421
5806,314
5410,314
3130,3105
1301,2385
1840,384
327,1590
530,229
568,521
4807,960
5081,31
5039,2249
5352,1248
1823,1908
5508,1007
3092,719
1256,1272
5384,971
3504,2915
3878,2567
4607,2218
3949,2218
4807,2249
72,1606
1875,1667
2878,2079
1286,1272
5078,1022
4756,971
1258,944
5774,725
5927,967
5908,725
4345,2568
5571,1305
2273,400
4933,1048
4409,1048
4013,1048
5949,2419
5219,99
1316,1272
2618,31
1016,256
5695,967
5831,2548
2185,1869
4358,709
4795,710
358,1195
3271,37
4927,48
1333,313
675,313
2440,1048
3718,2419
3654,714
3194,2419
1713,719
4025,2347
771,960
1552,1525
387,31
2083,2100
2162,3147
3074,31
5868,871
4144,2419
3676,99
3280,99
3092,48
2942,1043
5502,521
1137,909
1075,31
679,31
2257,940
3756,967
1646,5
4796,480
4290,1840
2113,2100
623,1038
3541,32
1476,725
3797,1907
3912,2419
3048,99
3258,875
3545,905
3182,99
2786,99
4462,2297
4858,2297
5532,521
1511,719
1115,719
327,3147
2025,940
65,3147
581,31
1644,1248
4980,947
3920,967
26,940
4621,1014
538,334
5082,2163
78,2793
5190,942
278,2100
269,1048
95,3147
442,976
1287,48
576,976
951,99
4234,726
1844,905
3067,2569
3655,2739
3125,480
4260,2297
3221,942
1827,1840
3355,942
2657,2297
3727,521
3467,1348
5425,943
301,1279
2687,604
2119,1840
2727,942
1407,99
1011,99
1508,905
5362,1533
685,2558
3388,1590
408,1526
3629,521
1496,521
4975,1272
972,521
2283,1840
1887,1840
1393,2271
1790,1907
1924,1907
2851,2297
662,480
3418,1590
618,2625
4456,276
4728,2684
5515,31
3412,994
2051,1840
3517,256
52,1840
5334,400
1873,1918
3877,949
5035,1272
4773,1272
2223,984
4425,0
2640,1272
2378,1272
2025,1908
3488,615
2365,2915
4803,1272
489,2349
1193,1004
3813,533
5709,31
2445,400
4379,944
2408,1272
2201,979
2972,856
4241,421
4944,2793
995,615
2895,986
5531,1048
3161,1667
3634,1325
5184,940
2740,856
1688,959
707,1272
311,1272
2901,400
3041,2100
1124,1533
2870,2218
3570,909
3473,976
4175,1248
603,1272
79,1272
1189,615
1636,2058
2032,2058
509,856
3296,1279
5295,2218
1682,898
3464,1048
408,400
4536,99
237,518
1539,31
761,3147
1934,2058
2736,1248
3260,2157
3198,1279
4624,2548
2973,2100
1120,986
438,400
3982,48
5718,2297
2633,719
1187,3147
791,3147
1441,31
111,944
2540,905
5141,946
4654,2548
194,2110
5180,1840
4918,1840
369,421
4431,32
3938,99
4569,905
1451,1099
1939,99
2454,730
139,1248
2530,725
97,1022
5120,2297
1395,1325
1168,2100
985,3147
2043,48
2103,99
1232,3024
1781,48
2237,99
3255,2297
1080,940
4452,2548
565,1248
5112,1840
1141,2347
874,2003
560,1813
759,710
2529,99
2133,99
2267,99
2764,905
3285,2297
268,99
333,1248
5701,1272
3992,3098
1024,2297
5439,1272
2765,726
2490,521
5891,615
3405,1840
2747,1840
348,967
4572,2626
3782,1009
2297,99
1784,480
298,99
5182,276
5865,1272
5469,1272
3005,2256
5271,533
1074,2949
3173,1840
1600,521
2911,1840
4783,944
755,725
493,725
1706,947
1475,1014
815,1907
792,203
2867,1918
140,48
5895,1272
5499,1272
1218,2297
5667,856
2026,521
1773,829
4813,944
3743,276
542,967
3238,1272
3634,1272
676,967
1978,480
942,1840
680,1840
5828,400
5566,400
583,1907
5304,400
4843,944
3402,1272
453,521
3436,856
710,1840
1011,1014
1116,276
5596,400
154,1393
3993,400
1818,1487
4364,313
412,870
4862,31
223,1348
3170,1272
4600,31
221,521
2838,533
3600,856
45,2739
4338,31
1342,1908
1080,1908
1488,979
5052,313
2271,1590
588,2385
4396,2079
2868,533
3864,2218
5550,940
2776,944
1256,979
515,944
1750,1487
2155,2704
3669,2100
2614,774
4190,1048
2806,944
5602,2419
5199,1248
1474,276
3067,719
1627,1272
899,533
0,2349
5855,771
822,2915
5650,1305
3437,2100
4220,1048
4058,2218
5426,99
5030,99
4506,99
5325,956
1395,1272
1063,533
1933,2079
2167,31
3349,940
1233,944
4827,679
1401,2218
4059,2793
699,256
4202,2347
1487,1211
167,2058
2619,313
3488,725
707,1248
4088,2218
5134,48
4122,1048
4932,99
3547,1305
1727,1048
3649,2521
343,944
2998,1248
467,256
71,256
3970,2347
1898,1869
2102,1110
5298,48
4902,48
4640,48
2148,704
3225,99
3359,99
2963,99
3460,905
2701,99
5700,967
1164,719
1532,1869
3959,1003
1425,1248
901,1248
2021,1279
5479,1907
3839,1840
4971,942
1875,3147
1887,2218
77,986
5794,1918
3127,99
2731,99
2805,48
5217,1348
1970,940
2883,870
1229,905
470,99
967,905
3207,967
4509,480
5092,306
3741,1840
3345,1840
5135,942
3097,48
3157,99
2761,99
2835,48
4571,2297
2573,48
4672,2349
3913,2297
5138,1590
5119,1348
762,99
896,99
500,99
1715,956
1537,2347
5735,533
5652,2750
3637,1840
1918,726
1772,1840
1262,48
866,48
926,99
530,99
1745,956
466,2558
1944,2297
3150,1348
2633,829
4207,276
4528,856
2198,1840
1802,1840
1936,1840
3025,306
146,1048
956,99
372,48
404,525
1432,967
4262,1272
1798,2256
4296,856
5110,615
349,1003
2228,1840
1966,1840
1570,1840
1869,1907
1223,978
5082,2704
2138,2297
1526,1918
5867,944
4005,276
4554,1272
2826,604
947,521
2154,2426
3095,994
5254,313
2401,24
4359,400
4431,276
3770,759
4322,1272
3926,1272
2856,604
1221,127
4294,944
1069,2739
5455,976
2968,256
2995,2079
5889,679
3490,2058
1967,856
3161,1590
4859,2793
635,942
3547,313
5258,31
1015,1348
2200,276
5598,99
3404,944
2549,2150
363,604
2543,615
5150,2568
5162,858
322,953
5890,99
3424,256
1397,1241
2880,1324
5552,1043
1450,313
4855,1869
1923,533
5725,971
4090,1248
256,1272
4404,2347
1947,2058
1685,2058
2108,2915
5210,2218
4848,1048
5797,2163
4152,32
2462,2100
3191,31
3992,1248
3596,1248
931,256
420,1272
24,1272
1588,31
4772,2342
5896,48
5309,480
5479,3143
2888,2100
2492,2100
3920,32
2583,2218
2717,2218
3013,1048
2078,16
2479,1114
961,256
32,759
4598,2347
54,1272
5785,1348
188,1272
1618,31
1349,2058
1356,31
4258,966
2219,2880
4037,967
4699,1840
4437,1840
4346,32
452,5
4249,99
3853,99
3591,99
2736,1305
523,2100
84,518
5813,521
1386,31
1120,1043
569,940
173,940
5426,1014
4075,2548
4467,1840
4269,1101
1125,2326
4279,99
4485,2419
590,2167
1409,3024
1147,3024
1360,99
4493,967
4097,967
1719,971
5194,1014
4631,1840
2737,725
161,714
2920,3061
2632,1840
930,3147
2048,99
4453,1918
1177,3024
1786,99
1390,99
1524,99
1887,905
2823,2347
4886,1019
4624,2739
2942,726
1887,1844
3492,604
2270,2548
485,2100
244,725
1001,704
2152,48
1816,99
1494,48
1950,99
565,1305
1554,99
1628,48
4396,229
3642,521
4988,1272
4372,3026
5156,856
2000,2256
577,726
1000,829
2168,1840
2770,1908
1658,48
333,1305
3808,1348
243,99
2386,1918
999,2297
5018,1272
3213,384
5548,1272
5152,1272
1943,1348
3290,604
2460,1840
3208,979
3424,2297
11,99
5182,1272
4920,1272
5878,975
1839,1533
3317,1272
1023,947
3111,615
664,1014
1798,943
931,2297
4262,898
5910,1048
5184,944
3079,518
3858,256
3347,1272
2951,1272
3085,1272
3119,856
5309,2521
393,1840
4185,1590
3414,400
2275,127
2385,2739
3377,1272
4975,1305
4555,719
5727,940
4283,31
2667,2802
2254,943
4239,2176
5046,956
1116,1272
5449,2100
5808,2218
1403,1487
2786,400
5842,1048
5757,940
4750,32
3442,704
2289,533
4653,99
2958,2577
348,1292
750,1272
1280,1272
884,1272
5808,2568
4849,950
2336,729
4801,909
1475,400
3181,2218
1219,1908
3910,1869
835,225
1310,1272
914,1272
2051,718
3264,940
2209,2058
1820,31
1713,2793
3516,2100
981,400
5109,99
654,5
4847,99
4451,99
1383,2100
1006,2150
944,1272
2938,1305
1441,1324
1078,1272
3394,2110
3690,940
1850,31
3459,253
248,256
1581,3024
2913,1248
999,2110
112,2058
3808,2100
4771,1393
2909,725
5213,48
4817,48
4877,99
4615,99
1413,2100
5112,905
4405,1043
776,533
1376,2218
422,944
16,256
5353,967
5357,1840
5792,1014
420,1248
1645,2793
1936,1279
4907,99
4490,942
2998,1305
1315,2100
188,898
2540,1393
2299,3024
1440,1048
2512,99
5383,967
3798,2297
4734,521
73,2079
482,32
568,2058
965,940
406,976
5927,276
1704,1279
3522,1840
1345,2100
4557,1009
3012,48
4161,1009
5472,1574
2810,99
1425,1305
2488,48
4900,1348
5034,1348
908,32
1257,940
4636,521
1395,1813
5588,1907
2331,1003
3160,2548
4383,1014
1771,2100
3686,1840
5181,994
3851,1907
2116,2512
2518,48
4254,2297
2423,942
3596,2297
4406,1348
841,99
445,99
204,976
579,99
3578,967
5878,1272
3716,1840
3454,1840
1601,726
5011,2626
1735,726
3619,1907
4355,1009
406,521
1321,1840
4022,2297
706,32
475,99
3271,1574
234,976
609,99
287,48
347,99
5314,533
1867,1003
5618,944
4152,276
3781,1272
4495,615
1485,1840
5614,421
639,99
4990,1533
4073,1272
3658,276
4207,1272
3811,1272
1249,967
466,521
3549,1272
230,1742
1515,1840
219,829
5045,1590
3203,1574
412,2163
5812,944
4346,276
3688,276
4237,1272
2363,1533
4037,2150
3975,1272
3579,1272
2113,604
1153,2548
4828,959
2883,256
5548,1248
1976,1272
114,604
513,875
5427,729
3391,2914
1175,994
4170,400
1131,2385
3453,759
2534,2704
5497,909
5569,31
4911,31
5534,976
2140,1272
2196,615
145,1014
4297,518
4212,2100
4821,3147
256,1195
538,127
5939,99
5302,976
5790,730
1774,1272
3727,2058
1512,1272
3736,2521
3743,1248
3377,898
5573,99
5311,99
2200,1272
4812,940
4142,1869
1938,1272
3368,31
3168,909
2896,975
5521,848
2372,975
4349,2347
653,615
369,856
3099,2243
239,975
3769,725
2267,400
4235,2218
4724,2409
5677,48
5737,99
5811,48
2273,2100
4215,253
2224,3147
2740,31
5400,679
3930,2521
3937,1248
5788,37
4061,725
4620,2409
4195,725
2833,2100
455,384
2437,2100
3999,32
5810,1866
4108,2419
3712,2419
4399,905
1167,31
1032,2058
3372,1038
1572,1248
2692,1279
3088,1279
1310,1248
2205,2100
3621,961
2418,3147
3550,2249
3476,48
3932,99
3610,48
3670,99
1395,16
4167,905
553,3147
157,3147
1551,2249
169,2218
2239,1869
4408,967
1474,1248
3750,967
3497,521
4020,2548
4412,1840
2756,1048
4923,1009
845,3147
321,3147
1567,99
5011,829
4176,967
3821,1907
3217,480
967,1393
3224,870
1409,48
1469,99
1073,99
1271,2558
4089,1348
4606,1840
2491,726
3310,829
5517,943
4562,979
430,2100
2083,1840
4215,871
2248,1907
393,2218
1499,99
2913,2297
3721,521
5042,276
5176,276
4988,979
5067,1272
5385,615
4409,1272
1976,1569
155,710
2519,276
4322,337
4645,990
4330,1918
1609,994
3491,1348
4810,276
816,2297
1752,521
4439,1272
5549,615
5153,615
3787,1117
5683,615
526,1003
402,967
3366,306
4093,1574
2918,2775
4974,276
1075,2349
3790,2704
5127,1272
3296,856
3714,615
570,1840
473,1907
5328,400
1768,1939
1867,1918
4133,949
1508,2739
5192,704
4471,944
4209,944
1814,1533
2896,1272
2543,1908
3292,1272
1948,944
5723,1279
4205,421
1087,615
4199,606
5102,2100
5243,1581
3322,1272
851,2775
5672,940
1327,2704
73,229
2664,1272
4290,909
2240,944
665,1272
1229,856
5790,2100
478,2385
3389,400
3127,400
3090,1272
5440,940
3996,31
3392,1048
4882,2110
2834,2218
616,225
1091,1272
1746,944
5239,2347
4597,2880
829,1272
5558,2100
735,856
1129,975
4448,313
5055,725
4659,725
3693,2100
3297,2100
1791,313
896,400
4628,99
2434,944
5051,956
5089,1248
2487,16
5125,905
5269,2347
859,1272
2550,2058
2026,2058
569,944
3948,1279
5104,967
5847,1048
2564,421
1758,2243
3284,710
3723,2100
5882,480
388,2037
1212,986
1060,400
664,400
4336,48
4792,99
4857,1248
5810,2297
1279,3147
2977,940
3111,940
1323,975
5268,967
2079,729
5272,1840
3116,725
4523,32
5175,1907
1164,2793
4164,99
4238,48
2493,719
3711,1285
2221,31
2427,99
2561,99
2796,905
222,31
3716,2568
4153,2569
5698,1840
5436,1840
1943,2157
1337,2347
4530,48
4402,48
2313,909
1211,3147
1519,1048
2591,99
2269,48
2329,99
2826,905
4940,2548
3770,710
251,2058
1992,679
4180,2271
2652,725
3201,967
5501,1272
4107,480
3601,1840
1290,2100
3967,2163
2718,32
391,725
2359,99
4321,1348
5487,34
2448,521
1135,2347
3235,1840
2973,1840
421,725
3088,100
2389,99
4789,1574
390,99
1558,1110
1283,905
5561,1272
2352,1348
5695,1272
1386,1003
847,725
2906,1907
742,1840
5890,400
2717,2385
158,99
1572,2297
5725,1272
5329,1272
2380,521
3464,1272
515,521
1430,1840
1731,1014
2154,1117
3405,2385
1168,1840
906,1840
510,1840
1995,306
584,99
396,48
5803,0
2699,1590
2674,1533
1285,2775
4152,1272
3890,1272
672,2548
1838,480
802,1840
1404,1908
5822,400
3153,1918
426,48
3920,1272
4954,31
179,521
3262,1272
3658,1272
4458,2079
5088,31
5215,2058
1525,1272
1318,979
669,533
4826,1724
5187,949
5278,313
56,306
5525,944
1741,2775
3554,518
32,2349
3950,1272
2530,949
3688,1272
5548,1305
3956,2218
597,1569
3264,944
5521,421
1951,1272
1751,2150
1293,1272
5402,729
911,978
1427,1272
1461,856
3621,400
2716,2243
4419,2100
62,2349
3895,2100
3986,2218
5687,1248
1323,1272
3293,719
2940,1355
4492,1043
729,533
1505,0
5285,679
2752,2058
5371,2705
4407,935
954,1590
4400,3147
2497,1724
4412,2218
5749,32
5196,48
5652,99
3052,256
5462,2419
5887,905
1926,2100
1487,1272
2139,3147
3825,1869
2655,31
4369,2521
893,533
2455,909
5053,679
1459,944
2579,975
2620,976
2995,99
2994,2880
917,2058
4351,2100
1321,421
1455,421
4110,725
3784,2218
5286,99
5360,48
879,2705
1956,2100
2090,2100
2847,2079
3122,32
4013,2455
1907,3147
5479,679
2860,32
3421,99
3025,99
3770,1007
3090,1248
5896,967
5500,967
4314,2568
947,2058
1621,1248
1089,421
5638,1840
5128,48
1487,467
243,400
1937,3147
3666,253
1687,2218
3055,99
307,1324
4431,1813
3290,905
5926,967
482,1325
5015,521
984,31
1770,940
5930,1840
1515,421
2093,2347
4170,725
3665,967
5158,48
5459,942
4366,1014
1754,2100
2872,3024
3687,2419
3219,99
2823,99
3293,48
5619,1574
2957,99
576,2249
2801,1279
3703,2548
4491,1840
5131,480
5184,306
4660,306
1434,967
5916,1918
2927,48
3383,99
3061,48
5425,1866
144,2218
539,1027
988,99
1062,48
1807,956
726,99
4521,1840
4822,1014
4995,942
413,2793
1734,2548
5813,1574
296,3147
1676,99
34,3147
3169,870
46,2218
342,1048
1018,99
756,99
830,48
5701,20
2717,2466
4289,1840
5374,2816
5424,1590
372,1048
1182,99
2200,2297
1099,64
3406,1348
460,2558
25,940
3163,1590
3404,521
5919,256
5012,1272
4616,1272
3234,1241
4750,1272
2621,1014
2058,1840
2435,1009
955,2163
533,942
3174,1348
4774,518
5042,1272
4646,1272
5814,31
1039,521
4518,1272
2389,1014
2519,1272
4305,1918
2553,856
89,1840
126,1907
208,2471
4523,276
5139,2494
1601,1348
2920,276
2000,276
3194,256
4784,990
2208,979
3397,615
4240,2058
2455,856
1149,1574
5096,3147
1126,1590
4584,2218
5477,3024
3224,256
2183,1272
3485,31
2485,856
293,276
1194,943
1621,256
794,1009
2129,2914
589,2297
5776,31
2384,400
4318,944
2475,518
2743,1272
3543,2079
2057,944
4316,1248
5145,2793
3970,611
1389,256
348,1272
1747,718
4491,2003
4140,1022
3904,2243
5296,710
3072,400
5162,3147
1825,5
4378,32
3545,31
5123,940
3679,31
3014,3024
5184,2347
4084,1248
5832,2568
942,856
1949,421
4639,719
5726,48
1736,313
2117,944
1721,944
274,518
651,276
146,1272
210,533
2496,940
1837,2058
2618,1869
2919,1043
2661,253
2511,1248
3631,1279
4372,725
5585,947
1703,2243
120,990
4399,2548
2162,313
3144,2100
4277,2558
3211,1043
3345,1043
1915,32
2716,2003
4951,967
2850,2003
4577,726
2,2058
5922,875
4955,1840
3174,2100
2799,725
2945,2240
4858,1907
4243,99
5919,2297
4740,905
5624,2349
1004,2218
3304,79
2244,99
4719,967
589,2915
2765,710
5759,480
4167,1393
46,421
3518,947
4213,48
3817,48
5687,2297
3364,480
5311,2949
2536,99
376,2218
2348,48
1616,99
3292,2297
4758,521
4790,968
98,961
593,940
5149,1840
1430,2568
2092,967
1564,2568
973,2100
2657,1907
4971,1918
2378,48
371,719
4884,229
3194,2297
4023,1590
5476,1272
5214,1272
936,2568
1301,1003
3180,1840
616,900
2918,1840
2656,1840
519,967
3256,1835
4739,1918
657,1840
2632,2385
704,905
1621,2297
2557,521
5506,1272
5244,1272
5640,1272
2035,1348
2033,521
2566,984
3082,1840
549,967
3151,856
687,1840
2640,2626
4460,1348
590,1907
177,48
5383,276
4908,949
5274,1272
1433,2569
1804,2512
3015,1907
3409,1272
451,967
3443,856
1491,480
2405,1574
2451,229
2229,1348
1986,1590
3548,276
3439,1272
3086,1908
1973,604
1783,480
881,1840
5767,400
522,1907
5736,2218
3902,400
5870,2218
4490,1324
436,1574
5178,944
3128,979
4699,909
5545,1869
3637,856
4636,2058
3322,2915
2871,10
2883,20
3237,1272
3633,1272
1771,604
559,984
5602,1248
820,759
2540,31
714,1272
2667,2058
1540,856
4506,1022
4432,2793
406,2058
4831,31
2673,533
5037,99
5370,1248
5755,1813
5170,2880
1006,1272
2966,31
3456,2110
2697,2058
5232,725
5785,1840
974,421
3699,2218
3833,2218
4953,2249
4939,99
50,1241
2076,31
484,944
5262,725
5811,967
5415,967
5821,2409
2701,1022
3141,1294
5125,1393
1499,400
5600,905
4215,2111
3456,1305
2764,31
3550,940
1468,2218
910,944
3169,1248
2907,1248
3349,2347
1539,1869
431,909
107,31
5845,1840
3427,725
3184,967
4811,48
3396,99
3000,99
3602,2419
2738,99
2476,99
5222,521
1703,1869
2931,679
5613,1840
5804,2374
802,421
3591,725
676,1248
1592,725
1662,2218
3164,99
2768,99
2842,48
3661,905
2582,875
2580,48
4990,521
5126,1348
5640,1569
1252,1007
2716,2568
4006,2256
223,1279
5011,1748
3006,48
4786,2569
2195,1526
5416,521
1030,32
3836,2949
5552,1348
551,2249
5408,1569
933,99
4864,947
2759,521
5842,1272
2893,521
4505,1014
1633,2173
3546,1840
5031,306
275,1038
2460,1393
5946,871
5816,990
2187,480
4924,1348
3630,1918
5538,2739
963,99
641,48
701,99
2320,1009
3185,521
5710,944
2804,829
4200,1667
1709,2548
4269,1272
662,521
4437,856
1577,1840
1711,1840
4613,2775
2145,2297
2279,2297
3108,1590
1603,967
1207,967
4695,1272
3958,979
4037,1272
4205,856
1741,1840
567,2512
1644,1907
4762,400
4438,276
1296,1574
5370,256
4463,1272
4131,533
722,521
3805,1272
1771,1840
5836,2880
5054,400
2644,1590
4134,400
3609,20
78,2297
3426,313
1148,521
3765,533
4499,2218
5003,31
4793,975
3411,944
2098,1272
30,2256
2275,1908
2751,1837
3085,959
5884,2705
4822,400
4164,400
4389,518
5719,2079
4523,1272
4700,2100
1333,1590
4913,3147
4510,1976
577,2775
2524,1272
784,1533
3492,909
2000,1272
1604,1272
3430,31
3483,1355
2034,856
1576,944
194,1667
4693,1279
3486,313
1101,1590
5251,1048
5199,858
5799,99
5288,1869
2292,1272
3226,2079
3460,31
4642,940
2682,3147
4368,1869
4834,1110
5352,2793
1606,944
427,1272
2645,986
2621,400
4985,2218
1454,2243
5567,99
2499,2100
3256,2079
2237,2100
3568,99
5211,2157
457,1272
61,1272
2807,940
1229,31
251,615
5859,99
5671,48
2529,2100
1157,313
2358,2218
3860,99
2170,2167
2989,3024
3223,976
3598,99
4417,956
4021,956
4491,905
5012,2297
588,1324
2541,2110
231,2218
2053,2521
5701,829
5772,480
3450,2079
2656,2218
4024,99
3762,99
4364,2419
4780,2297
255,1272
1189,2079
1423,31
1485,909
3940,2091
1223,909
2666,2347
4481,725
5694,947
4634,967
4238,967
740,940
2656,2568
2086,725
3041,2409
1162,2326
2220,725
2948,2218
4407,1907
3792,99
1120,2100
2024,32
587,1048
2197,714
1531,99
374,940
5064,1840
4668,1840
4802,1840
4406,1840
5404,942
1988,725
5236,2297
334,760
3935,942
705,3147
1957,99
1635,48
1893,2558
1497,2558
404,940
5662,604
259,1525
1200,1813
5921,306
5434,1908
938,1813
203,2347
5559,856
3965,942
4780,337
1927,48
2088,905
5904,1241
3139,2297
4211,1348
1308,942
4319,127
906,2625
5080,979
5555,1272
105,2347
1948,521
2433,2256
2075,2548
5349,615
3503,480
2467,1840
2017,99
504,1305
108,1305
1773,870
2846,2775
4391,1292
5585,1272
531,2347
137,730
5861,2079
398,2949
3533,480
2631,1840
1201,829
912,726
766,1840
21,905
2036,2569
5353,1272
428,2949
1486,1348
2617,979
2696,1272
2864,856
796,1840
5286,400
5024,400
5511,518
5383,1272
5051,533
984,1487
4697,944
2726,1272
2860,1272
4155,2058
5351,421
564,1840
1768,256
4545,2243
405,1029
5279,518
2156,2058
5093,1294
2381,2176
5328,2100
4331,944
4455,256
5898,940
3542,3147
2728,944
1262,276
2862,944
4463,1248
1287,1272
2448,2058
1081,615
5358,2100
5833,3147
2377,313
2502,759
4494,719
5270,940
3618,1048
4755,1248
4428,99
2234,944
4889,1248
4925,905
568,1908
2454,718
3655,1869
659,1272
3009,940
5208,1001
5390,2927
5784,2100
5543,725
5642,704
359,229
4720,99
3078,3147
4523,1248
3697,940
689,1272
2172,1355
3301,940
4913,679
2522,421
2601,714
5330,967
1694,1730
2592,2880
2309,313
1018,400
4636,2249
4488,99
2690,944
4562,48
4884,99
3371,1305
1115,1272
48,313
1225,878
3203,940
4945,725
5630,2548
5760,1840
3717,2100
2946,725
4104,1048
3080,725
3594,946
4256,99
1584,2100
2313,31
1413,2218
1535,3147
2435,960
3495,940
2653,99
3284,905
3700,3035
4741,521
61,1837
1618,1869
3032,2347
3546,2568
5790,1840
5528,1840
1839,525
4756,48
4496,875
5700,2297
3267,1840
3176,32
4795,942
1873,1048
2817,99
2421,99
2882,1248
5361,3016
3573,2297
226,719
1002,940
5558,1840
485,421
5910,979
5595,1907
4595,480
4199,480
3035,1840
879,725
3109,99
617,725
2847,99
2451,99
2525,48
3344,905
2263,48
2521,2558
452,99
389,1248
1227,2347
3061,967
1972,1003
965,2347
564,2003
4420,1014
3327,1840
3065,1840
1305,725
975,32
2198,942
2936,679
354,99
3353,967
3100,521
990,2003
2167,2568
2838,521
5037,774
4450,1014
3997,480
1261,2466
3491,1840
830,967
3447,979
5789,5
2315,2816
2060,2297
4601,1533
2870,1348
2472,521
4435,1241
2606,521
1256,967
1656,1840
3603,337
488,48
1828,2297
2772,1348
2061,24
5557,944
5161,944
3848,1272
3982,1272
1290,1840
5082,1590
1992,2297
851,1389
252,306
4274,518
2469,384
1316,967
4012,1272
3616,1272
1063,521
4146,1272
3750,1272
3588,944
3722,944
961,1907
2755,1128
4079,400
5751,944
4405,1324
4042,1272
3362,759
4176,1272
4444,2218
5834,2110
2152,276
5615,1248
1824,1908
1915,1272
4248,1525
4249,2100
4383,2100
5376,858
4978,31
1115,1569
5580,99
1939,518
2073,518
5815,905
1549,1272
4584,1043
2483,2079
1351,533
3029,2777
3368,2243
1375,2058
3431,313
784,1590
4364,3147
5348,99
1162,2704
1975,1272
4587,940
908,313
3143,31
723,533
3689,2419
2740,2243
2064,940
3199,313
3544,725
4406,2218
5512,99
5314,2558
2703,1048
3513,99
2439,975
68,2150
3674,956
3712,1248
4832,1279
4232,725
1275,1022
5220,48
73,400
2041,2218
2437,2218
2733,1048
3939,99
1763,961
2112,1869
942,31
2258,940
4539,1003
1600,940
1743,1248
2968,2793
342,975
1481,1248
3604,725
3757,967
4553,1840
3707,99
3942,905
5795,521
710,31
844,31
1064,2249
1312,99
2112,714
1446,99
3525,967
3795,2548
999,2793
3925,1840
267,400
1922,967
3811,48
3475,99
4755,2297
5151,2297
224,3147
532,1048
5659,229
1738,99
1476,99
3960,521
3698,521
4613,1840
5836,306
118,2347
766,2568
3579,48
2352,1840
2992,480
2090,1840
5703,127
38,1048
1110,99
1712,2419
221,940
2266,726
1963,725
5108,856
2778,1840
2382,1840
1274,99
23,1305
1344,2558
802,1043
1426,870
5885,1837
2020,2548
2808,1840
147,967
1309,2163
5748,1724
2852,2297
3924,1348
1006,1573
2267,2775
5134,1272
4872,1272
591,2297
4610,1272
5720,615
1401,1348
2314,1840
4186,944
3007,306
1821,1907
4130,1574
577,1840
315,1840
3800,127
1719,2569
3159,2016
4640,1272
3037,1272
1568,306
1721,521
4472,533
4210,533
3176,276
3974,256
2518,276
2867,2150
2409,1272
5155,940
4378,1248
715,1908
578,856
1887,1348
3396,400
3000,400
1382,1590
4840,2218
2944,276
3097,1272
1102,2704
4130,2058
5584,1211
3741,31
4923,940
945,276
2545,944
440,1272
574,1272
5303,2100
2652,225
2865,1272
3799,2079
4429,31
4167,31
5349,940
113,1035
5096,1248
975,276
4373,99
2179,944
4579,2419
448,759
866,1272
4176,1248
604,1272
1772,31
2658,2110
5333,2100
2437,421
4696,725
255,337
3730,2100
2224,313
3072,2100
4889,1305
5379,940
4403,99
4162,976
762,518
4141,99
5044,2347
2754,478
2604,719
3380,940
372,1272
2699,956
1824,729
5413,1840
4919,1305
5657,480
3327,2218
4829,99
1188,518
4171,99
3909,99
3699,1043
2634,719
1450,3147
2740,1869
1966,31
2456,2110
3045,253
3136,1869
3462,2793
112,944
3596,2793
2109,1248
2221,2243
4917,2548
457,2110
5013,2256
887,940
5687,480
5917,942
3025,725
4597,99
4201,99
4275,48
4803,2419
5820,1009
1267,2100
140,898
1096,2218
2202,99
665,719
4162,521
131,31
225,2110
5473,1840
2397,725
4701,48
4439,48
187,313
1522,2218
773,2100
1220,1099
2366,99
2440,48
2436,2558
4812,229
3917,2568
1331,1869
5241,1840
5375,1840
2580,967
880,2347
3242,1840
2882,1305
4069,306
958,725
4411,1009
2208,48
3027,905
1621,480
494,32
4618,521
4754,1348
5110,229
1028,905
1131,1003
2748,1840
2154,1101
330,725
2047,480
749,1840
2277,942
2974,870
165,99
4528,604
5732,1272
2521,521
2741,2739
1557,1003
3174,1840
4263,306
2943,1907
779,1840
3284,2385
5609,276
141,48
3872,276
3901,1014
5076,944
3610,276
3897,1272
3501,1272
3239,1272
290,521
2107,480
943,1840
1244,1014
2428,306
4819,2981
1773,2297
5902,878
5926,1272
4780,20
3097,1569
5502,944
3640,276
3927,1272
2065,604
5618,2058
4379,615
5185,2176
1107,1840
4765,1590
201,48
3860,400
5270,944
4874,944
2620,2704
3695,1272
5125,31
3363,533
486,1348
5530,1248
5268,1248
5266,421
4751,729
2953,1574
1468,856
5526,725
692,1574
3131,533
5949,2521
3435,944
5692,421
5628,2880
1860,1272
1464,1272
2109,256
70,480
3693,421
4985,909
3670,2100
2189,400
5098,32
3895,2218
3465,944
5686,956
5001,99
1756,518
1494,1272
1628,1272
4240,940
2013,1837
2796,31
1204,944
546,944
5149,909
5524,32
4187,2218
3459,725
5689,99
902,1518
1299,400
3663,2218
5031,99
5492,1248
5501,48
5790,905
5662,905
180,1533
321,2704
2430,31
1496,944
4462,1110
30,276
972,944
3231,1248
4465,2347
5769,967
3807,2347
1115,2915
4955,1393
5810,1907
4873,48
621,313
3689,32
2460,31
2386,1048
3664,2419
4901,3035
5933,967
1262,1248
2778,1279
551,2176
916,611
998,421
3816,2409
5561,48
2157,2100
2370,3147
2678,1048
785,313
3622,99
1462,2218
3226,99
3723,905
1807,940
979,2249
1426,1248
1030,1248
2568,1038
4537,1014
3330,48
2619,976
2233,940
5216,521
1558,1525
733,99
1636,2347
4132,1840
4004,1840
1452,725
3511,1907
3098,48
3917,905
5401,1590
303,3147
3826,1918
1918,905
1159,99
501,99
5090,947
2985,521
4936,480
3900,1840
5731,943
315,2568
3450,99
5454,1574
2937,480
1247,2548
2541,480
1161,1084
3262,48
4602,2297
911,909
1189,99
5122,1020
531,99
3927,1569
1269,967
5118,1251
1150,521
4925,856
1277,2548
4529,856
1803,1840
5442,1348
2704,1009
1219,99
2633,2297
635,48
4428,400
5704,944
1000,1866
4391,1272
1046,521
4129,1272
1307,2548
271,710
2229,1840
1833,1840
474,480
4720,400
3090,829
1784,1574
5000,225
1212,1348
5785,909
5007,615
5655,1590
5779,313
467,598
472,942
3483,127
5109,518
1194,1866
3897,898
4189,1272
3119,604
1376,1348
4975,3147
718,1348
4987,2218
2433,276
2586,1272
2386,2150
2358,856
1716,1574
4677,2150
4743,3147
5861,99
2750,1272
2397,1908
2999,256
4692,1869
5100,940
2092,1272
3184,975
5413,2568
1613,2176
4718,996
3405,1324
3687,256
2250,518
5254,976
2518,1272
3290,31
628,276
232,276
519,1272
1233,615
178,979
3989,971
4083,606
29,856
5461,3147
5921,99
2280,518
110,2915
2548,1272
3716,31
4502,940
3246,1048
3681,976
4056,99
1466,944
1600,944
2240,2058
1978,2058
5016,2100
1972,2243
5738,3024
3151,2100
4928,940
3276,1048
4348,99
1892,944
4151,1248
4285,1248
2153,719
317,1272
2929,940
451,1272
1485,31
1922,32
2152,1248
4824,967
4562,967
4300,967
4962,1840
5602,480
1541,313
1675,313
2998,3147
4335,961
3132,3147
3058,946
5563,525
3245,3024
4613,905
4456,2419
2435,940
3302,525
5250,967
57,944
2314,421
5388,1840
5126,1840
4468,1840
4628,1563
2050,725
3884,99
5503,1009
2564,946
1212,2100
3029,1305
5298,2297
2371,1305
4298,870
1175,2218
779,2218
51,725
3405,1003
1944,679
3460,710
5156,1840
5400,480
4894,1840
2779,726
3797,480
3919,2163
2895,1840
3196,1014
4027,942
943,2218
843,1048
1989,48
977,1048
2049,99
536,1305
892,940
147,32
697,2162
234,940
5186,1840
5563,1009
3622,1014
3565,480
2663,1840
1007,1048
4517,1866
1817,99
3493,2297
2138,679
4293,1569
279,1248
5251,1272
4869,978
3487,947
2167,2548
3595,480
1525,829
2431,1840
3254,1907
2137,1393
1730,480
432,1840
4331,521
341,32
3809,1348
244,99
5524,276
5415,1272
5019,1272
2466,521
324,967
2626,1907
458,967
200,1840
5744,400
109,32
509,905
1426,2297
4241,604
5445,1272
2100,521
5579,1272
1312,2949
71,679
3555,276
3374,615
888,1840
1132,480
2111,2750
4680,1590
2843,1918
5609,1272
3872,1272
1198,726
3476,1272
3610,1272
3348,1272
4062,615
5187,990
5039,2058
5302,940
1558,480
2528,944
5224,1811
599,3026
4421,898
4953,944
3640,1272
3244,1272
3378,1272
3046,533
3916,2079
5432,2110
1488,276
3678,975
4951,1248
3311,400
3049,400
3408,1272
3076,533
1312,400
5066,2110
4981,1248
5122,2419
1409,1272
3485,1869
806,979
1315,856
55,256
4011,2100
644,1590
1363,523
2767,313
4740,31
5810,2419
5342,99
4705,976
3275,719
1177,1272
1311,1272
2111,2079
2345,31
2969,2110
887,944
5269,725
5818,967
26,615
2338,2243
5462,1305
2401,313
4132,2218
4870,1393
749,421
5797,1029
5869,905
1316,276
3033,31
1207,1272
1780,2100
2363,960
1341,1272
613,533
747,533
1179,944
783,944
917,944
5848,967
5452,967
5722,2548
2368,2243
5590,1840
5493,1907
4330,1048
5140,99
5214,48
4878,99
2801,31
2331,1048
3721,940
2745,99
2879,99
4692,2568
3522,730
1722,940
4034,2568
1460,940
5657,1907
5170,99
5667,905
4982,48
3657,1305
334,313
2562,3024
2513,99
5930,726
570,31
1752,940
2894,730
46,31
1760,2521
5784,1840
713,1248
5687,1907
451,1248
4183,947
4425,480
3275,48
2939,99
2543,99
5735,1574
3436,905
5519,229
5161,521
1508,1869
1074,99
3415,967
877,1248
3153,967
5044,875
2900,521
5924,2385
5122,943
3291,1840
3043,48
2647,48
4732,2451
4517,2297
4669,1348
1104,99
842,99
914,2419
5726,276
5922,1908
3027,1393
5800,1918
4752,1009
1584,1840
969,32
4171,2949
2627,870
738,99
550,48
2698,521
1348,967
3327,2385
92,1048
714,48
3124,521
3234,127
4445,276
5608,943
5243,256
4336,1272
55,2297
982,967
4074,1272
4117,1908
729,521
3812,1272
5907,421
4508,975
1006,48
253,942
3290,1348
3028,1348
4537,400
219,2297
3118,1241
4238,1272
3842,1272
5272,31
2376,604
3644,533
5533,2058
2769,306
845,480
770,306
3032,127
714,2626
3909,400
3751,1534
401,1348
131,1487
932,2704
1146,943
4008,5
3476,898
5903,32
5600,31
1620,984
2427,518
4008,944
2433,1272
3436,718
3872,1248
914,943
1745,871
3460,2243
2628,400
3395,313
4243,2100
4334,2218
542,24
5836,99
992,2704
3659,2079
3903,719
205,604
4813,940
2973,31
4029,2521
1381,944
4478,2347
5860,2563
5144,3147
4498,2218
5866,99
1426,313
3661,31
4207,2419
2531,975
4262,2126
3720,611
494,1272
3804,1248
5814,2568
232,1272
4382,730
2582,940
1265,2058
4961,2100
5114,2342
3187,1279
2065,421
2846,986
5634,99
1941,1294
1194,313
561,400
165,400
946,211
2925,2218
2563,1048
4031,99
1837,944
4009,2003
0,1272
2734,1869
5320,2568
830,975
3830,725
5738,48
1161,2243
4645,1840
2864,2100
2989,1048
3403,99
3873,48
4260,1248
3537,99
3900,905
3045,2111
3327,1043
5350,2568
1656,909
2514,940
1538,99
860,975
901,976
1603,1248
2441,2347
765,1869
4013,967
4409,967
119,940
5711,480
2894,2100
5764,306
3427,2563
502,2398
3507,48
3963,99
3054,480
237,2100
1624,31
758,1048
4792,2775
5499,947
795,1869
4186,521
5101,1840
30,1248
2275,900
2025,725
5662,2816
2322,2409
4096,978
5145,2297
267,2100
4892,1851
4787,337
26,725
1184,1048
1336,99
1410,48
5949,1533
481,1305
1668,2558
1833,905
3956,1348
575,940
179,940
313,940
194,1248
3573,829
4904,1272
2608,1840
3697,306
2346,1840
452,725
3740,942
3913,870
1161,633
800,2347
538,2347
4934,1272
276,2347
759,1003
4840,856
4138,1338
2376,1840
3673,1009
2291,978
4908,990
279,1305
3773,1590
5263,400
5001,400
4808,759
4811,276
2268,967
5360,1272
5898,2079
569,2949
4237,943
4674,944
269,967
403,967
7,967
3267,856
3084,1903
5689,400
5293,400
3919,2704
5128,1272
4732,1272
1783,521
3434,1908
2976,276
3129,1272
2867,1272
571,1840
5927,2793
1264,306
3967,1590
1441,942
743,2297
5158,1272
5426,2218
5854,975
3006,276
3221,2150
688,2775
210,521
5129,719
1503,480
121,449
902,1014
1805,256
1350,615
5761,2100
4121,313
2493,1569
344,871
4419,909
3061,1272
4618,2058
5497,714
1835,256
775,276
1062,1272
4330,1776
5529,2100
3390,400
508,871
3481,518
320,1574
3219,518
2024,313
281,1811
1048,1724
4090,976
4465,99
4611,2176
4488,1022
434,1272
498,533
5778,710
3634,1110
113,2385
3420,400
3024,400
3560,2100
3745,1099
2697,944
3483,1099
4629,99
5928,2347
1767,256
3856,1869
3084,2521
5651,726
2891,2880
5501,967
95,1590
5156,905
1253,1324
3121,1248
204,944
3198,714
5531,967
5815,726
47,960
4873,967
162,718
598,1248
2721,725
3280,2409
5025,48
862,1294
1968,3147
1060,2218
2824,99
2166,99
2605,1489
2663,905
3979,2568
4416,2569
5565,1840
313,2176
2904,967
366,1248
5602,1907
20,611
5618,1851
1648,1048
624,725
2532,48
2196,99
2270,48
2798,2419
5076,521
5333,1840
352,1730
2010,2568
3049,725
5370,1907
1748,2568
3730,1840
4370,480
3370,1305
3468,1840
3834,2163
1766,3147
1475,2409
1504,3147
2622,99
2226,99
4664,1866
2360,99
975,1305
3640,2297
689,719
451,1305
4584,1348
21,31
5064,2739
623,99
1084,1248
1395,1110
784,956
1264,2347
2972,2548
3102,1840
4702,2508
3632,1840
1342,725
5211,2385
837,967
2726,48
5010,1348
4614,1348
5861,400
888,905
5824,1272
2615,1348
5172,1117
5562,1272
1911,1003
3136,2548
3393,861
3164,1563
3169,1907
5483,1918
2565,480
837,2256
4663,1590
5258,2739
757,48
421,99
1835,2297
1311,2297
3166,2548
480,679
3213,1051
3989,1272
509,2548
3761,856
2782,306
773,1840
4552,604
1341,2297
2413,1348
4019,1272
1070,521
4153,1272
4925,31
546,521
4209,615
2158,1014
1065,1840
1141,172
3015,1574
167,875
4445,1272
3063,1241
4828,256
2309,1533
5339,960
3525,1272
4306,1837
576,521
2931,533
3497,944
2556,2349
5407,313
2760,1590
4341,518
4213,1272
742,1348
5905,940
3357,533
2869,944
1403,276
1952,1272
486,604
1215,979
1294,1272
4006,2110
296,480
2979,2243
2861,1241
4645,2218
3557,944
2244,518
1848,518
5554,1248
730,533
4310,400
5946,725
4971,1048
5616,32
4017,2218
1750,1272
2598,615
2818,2833
3717,421
147,1272
3639,730
1839,940
4038,1001
3721,1294
2237,986
5755,2419
5287,99
2615,2100
80,400
2578,2218
3756,2419
3288,99
1084,256
24,276
1228,944
177,1272
687,31
3407,730
5375,2548
1607,940
5473,1393
5200,480
3933,961
2346,2218
2447,3024
3452,99
269,2150
2846,1043
1603,2110
397,615
1637,940
641,975
4190,967
3794,967
2094,2347
1946,5
1106,2243
5096,480
4328,1840
1169,313
5623,2626
2934,1048
2325,940
881,31
2782,2347
3064,1279
1427,2419
3958,967
1382,956
64,940
4864,480
5394,480
4358,1840
4832,942
42,400
3586,48
3186,2558
1603,1305
45,1048
1251,99
4122,967
2021,2003
3869,521
5770,1117
2905,1003
4388,1840
3509,1117
608,2100
466,704
1281,99
3091,2297
1019,99
520,940
4552,1840
4853,1014
4059,1907
5568,959
3315,2163
3464,943
3858,870
1707,99
1385,48
1445,99
3121,2297
3533,521
3273,1348
5250,276
5013,1272
308,1003
2708,34
2059,1840
2889,2297
5884,949
4946,400
5171,518
3310,2704
366,2297
4385,1272
4357,944
4441,2335
427,1260
2816,856
486,1840
5372,400
3620,1590
1906,1574
4177,949
5073,1272
396,2297
4811,1272
2921,276
2678,1272
2812,1272
3264,615
4511,421
254,1840
990,942
3719,1195
3945,949
5379,2079
5505,2218
3104,518
1268,1071
2763,979
2156,944
3276,975
5194,986
1876,2058
4032,729
749,856
5535,2218
5770,3024
2981,276
1144,604
5356,940
3778,31
2320,944
4937,956
3044,975
1392,1837
270,979
5254,2326
2444,421
2902,518
3079,2100
4978,1869
3426,3147
2046,533
4035,976
4869,421
4849,2398
775,1272
379,1272
47,533
117,1272
2433,2110
5657,2342
4492,848
1209,975
2970,1002
3243,2100
4178,99
2380,944
3500,975
4252,48
4312,99
2235,31
473,533
1711,31
3029,2521
5050,967
2074,1776
3273,2100
2029,313
2163,313
4305,32
5208,1526
3532,1048
4282,48
4342,99
4416,48
2889,2110
1017,0
841,2218
149,944
2804,1248
5080,967
2406,421
2542,1248
3380,2347
4665,725
4684,967
2722,2347
4954,2548
4692,2548
5781,1014
3298,1002
4372,99
3976,99
4869,905
1255,3147
1934,961
179,944
2185,48
4982,967
1350,940
5644,1840
5248,1840
962,2521
4476,48
1401,2568
1468,2100
1072,2100
4962,2385
810,2100
2799,99
713,2167
2081,48
3005,2419
1900,976
5016,1840
205,421
1179,2347
79,1248
3919,480
2642,1963
3413,1840
1065,2218
1361,1048
2171,99
782,3061
4393,521
2626,679
306,99
1125,956
407,905
5782,1908
2781,967
2259,2548
3443,1840
4083,480
2785,1840
1066,726
2409,48
4268,2862
336,99
410,48
14,48
5769,1272
571,905
5507,1272
950,1840
4435,127
178,48
2504,1574
238,99
5854,979
5537,1272
5671,1272
1362,1003
3538,1272
976,967
327,521
318,967
3706,856
1114,1840
718,1840
1415,1014
2203,306
134,99
5545,759
1548,2297
4973,533
5539,944
4881,944
669,1574
973,1019
3702,1272
3306,1272
357,521
4132,856
4870,31
491,521
5131,2058
5450,1811
5322,313
1120,2385
5307,944
3841,276
3732,1272
523,1348
3900,856
345,2739
4318,615
1174,1840
4603,976
2774,256
2378,256
1318,276
5239,2880
5027,2243
1617,1097
2900,2058
5090,313
2705,1590
2309,1590
626,2385
3933,400
3762,518
3562,2150
4152,3147
425,1348
2906,533
4172,2079
4468,909
2804,256
1367,518
5469,1248
1635,1272
5785,730
2803,31
815,944
1935,975
4383,986
5847,1581
3792,518
951,990
3969,2100
5059,976
5434,99
1774,276
1378,276
1927,1272
5813,2347
1269,1272
1403,1272
1241,944
5223,37
4267,2100
3234,725
5464,99
2602,256
3555,1305
3187,909
1009,944
5659,725
5814,2548
5552,2548
4382,710
729,2058
264,975
2232,2793
1053,2155
3264,725
5494,99
4836,99
1431,2515
2164,2100
388,2704
975,20
5467,905
3233,99
4052,956
1039,944
416,1719
2971,99
3468,905
223,1324
5708,967
5842,967
1028,31
766,31
1035,421
5290,1393
4940,48
5396,99
1889,710
3659,99
3397,99
3001,99
690,1325
5485,521
5443,2739
4259,1003
5876,1840
740,99
3477,967
5067,947
5366,48
3672,2374
3615,1840
2617,1048
2221,1048
3914,1907
5731,1866
2355,1048
1558,704
2769,99
3239,48
97,2100
5389,1348
5872,2256
1746,940
1166,99
770,99
1768,2419
2717,2568
4835,947
4041,1840
1489,725
5649,871
3063,172
2591,1116
4609,2297
4347,2297
3951,2297
352,2218
5393,127
1941,253
1196,99
800,99
874,48
1330,99
934,99
1619,956
612,48
2233,2347
5559,604
2068,967
5892,1918
3039,875
2712,480
1810,1840
652,1325
2450,480
1566,2419
1461,905
2774,2297
4507,276
1440,967
4566,856
2498,1840
2403,1014
1974,1840
3815,2385
3949,2385
198,946
184,1048
1128,99
3528,1574
5345,1533
5090,2704
711,942
4671,276
4275,276
4562,1272
5014,615
1098,48
5254,2704
4629,400
5392,1325
5760,31
1381,521
1517,1348
4068,1272
5178,615
1081,229
723,521
3906,944
4764,975
2069,1272
3557,9
35,1840
470,1014
3502,1241
4756,1272
5790,31
3028,604
5266,31
3504,533
31,2256
4186,2058
2005,856
5085,400
1753,1574
3315,2704
1200,1590
1181,1348
5558,31
938,1590
5484,1048
5692,31
5289,3024
2896,276
5898,99
2525,1272
3559,31
2263,1272
1705,944
2431,856
5255,2100
432,856
5319,3024
2196,400
4130,944
3462,256
3596,256
5194,1043
3489,2079
1961,533
4442,2347
2146,2915
2908,986
4974,3147
805,1195
2847,518
5830,99
3625,31
3831,99
171,276
324,1272
458,1272
2674,940
62,1272
1239,1837
2400,1869
1230,31
4550,725
5538,48
2792,2100
2926,2100
653,400
3447,1048
4257,99
3861,99
4322,1248
4463,2419
3785,1043
488,1272
2704,940
226,1272
998,31
2899,2347
4580,725
3218,2100
2907,3147
2919,2218
4361,48
1143,1324
3703,48
4928,2347
2111,961
2868,940
820,1048
3547,1228
2929,2347
4501,967
1951,679
4771,2548
481,2521
5202,1014
4391,48
4055,99
987,2100
2408,1305
1778,909
292,2218
2056,99
1794,99
1472,48
4815,726
5833,480
771,940
1638,1279
256,1248
2540,2548
5237,2297
4198,942
3802,942
2086,99
819,3024
1824,99
1562,99
2455,905
4308,521
1486,1043
4046,521
2205,730
2543,725
2300,967
4602,1907
3494,947
5392,1272
742,710
1181,2100
3397,1014
4195,994
2250,99
2456,2419
737,1305
4472,521
79,1305
4076,521
5135,276
412,956
5818,1272
969,1813
2555,1085
2864,1840
312,725
2280,99
1254,3113
1505,480
469,1840
1007,2455
5489,400
281,99
93,48
1845,521
3796,480
1202,829
476,725
70,37
233,967
895,1840
633,1840
2068,943
5192,5
4543,1811
49,99
2009,521
3726,276
3276,979
3355,1272
2959,1272
4358,718
4795,719
1303,480
2092,2626
5683,400
2613,1574
2951,1569
3288,400
5222,944
3647,1272
3251,1272
2989,1272
1487,947
2657,533
4099,615
2727,1272
4553,31
955,1086
3157,856
5534,2347
730,1907
2648,1918
2020,2349
5738,2150
5517,2151
5904,1099
4990,944
3128,276
3739,2150
3262,276
1937,1533
2348,313
3153,1272
204,521
5503,940
5346,956
3849,975
5817,2793
4726,1248
1075,979
2315,2243
3798,2326
4613,31
3105,1581
4578,976
5018,1248
1427,276
5012,679
5876,2218
1158,990
3475,518
5865,1305
5563,940
5372,1372
3615,2218
1610,1272
1348,1272
4383,1043
1007,979
3698,940
924,944
662,944
2841,730
3596,2326
5597,1840
3855,2028
1415,400
5147,99
4751,99
4489,99
4425,2558
982,1272
3162,2249
3466,940
2024,858
5885,967
5604,725
5627,1840
2043,2793
1583,334
5177,99
5016,905
3268,1305
1585,2100
4178,1526
2072,2218
2314,31
1414,2218
2916,99
722,944
326,944
2279,976
2594,48
4497,1279
2719,1248
3151,905
5885,2256
838,2058
2598,729
2639,730
4570,1003
576,2058
180,2058
5529,1840
3392,967
2977,725
654,2880
5019,48
4432,480
4757,48
767,313
2131,704
1112,725
3443,905
5084,1574
345,31
1527,940
1950,1043
5302,521
4787,829
4391,829
1287,2419
3422,967
1925,986
3296,2548
1974,2568
4462,480
3956,1840
4649,306
5535,2385
3207,32
2788,48
2848,99
4676,1348
509,31
5046,127
715,99
453,99
950,905
3586,967
3422,2256
1894,710
2231,480
2556,48
2749,2163
2952,48
4891,1128
3782,2949
4840,1348
2758,2626
557,48
221,99
2031,2297
2430,2568
3101,521
5718,533
4016,1840
431,2568
1499,2409
2982,48
1889,1840
4844,127
909,99
721,48
325,48
3131,521
2869,521
5656,944
1366,725
1123,967
2353,604
2162,1009
2815,1574
2639,1348
3549,1569
3958,276
4507,1272
3849,1272
5413,31
4279,856
1854,1014
5818,1248
2514,306
3765,1574
5461,2704
3241,1574
3327,1348
3985,5
3988,276
4275,1272
4318,1908
1066,1348
1064,521
668,521
1989,276
1717,1840
3964,821
5940,1776
2204,615
4305,1272
834,1348
3619,944
2440,1272
2044,1272
4774,2100
813,2349
5699,909
4959,1099
5241,31
602,1348
5375,31
3387,944
5646,1248
2719,256
1812,1272
3242,31
4162,940
1218,533
4822,986
1927,2915
3114,1724
2334,41
4901,2218
5842,32
785,1590
4974,976
3730,909
2238,1272
3080,2490
769,306
239,1272
4669,1279
4310,2100
4840,2100
2567,400
4931,2218
5775,99
5453,48
2268,1272
3436,31
4222,940
3599,961
3174,31
4810,1110
1186,944
269,1272
370,1324
7,1272
2679,991
141,1272
2357,940
3835,679
5863,2548
1627,313
4030,1305
2822,3147
2042,2218
3806,99
4625,956
4437,905
1630,961
3544,1038
2969,2793
2389,986
2320,2347
4816,1840
1440,1776
4158,1840
2718,3147
435,5
2398,725
3514,48
4438,2419
4071,905
3510,2558
457,3147
1369,31
469,2218
3005,1110
2289,940
2350,2347
4320,2548
3535,521
5108,1840
4846,1840
5608,2163
4188,1840
5673,306
2032,725
530,400
4091,1907
3416,48
408,2100
4494,2297
487,3147
1461,909
633,2218
533,1048
2001,99
1343,99
4760,726
4476,967
2514,2347
3303,521
4614,1840
1030,2793
2081,967
2062,725
2097,2409
1827,2548
3651,480
42,2100
651,3147
1604,32
1769,99
1373,99
3729,521
4345,2739
2379,967
3800,172
3023,480
1799,99
3314,2349
2951,2297
2955,726
5367,1272
4971,1272
2013,967
3627,1533
2156,521
1760,521
4093,3026
4709,1272
4764,979
1718,2739
1552,757
3582,1009
3478,2349
55,1907
461,905
4277,1241
2439,967
871,2466
1634,947
822,480
316,1840
3623,609
5202,400
5437,1206
5886,1032
5299,1272
4438,943
4041,718
51,229
3468,856
3922,1026
1740,942
346,1840
4400,1590
67,2425
1082,942
1925,2385
3876,1590
2825,1918
3233,400
4735,533
1858,1348
5597,2218
1832,127
5631,1048
4247,944
3330,1272
3579,256
5668,1869
3068,1272
2410,1272
2840,856
5292,2521
4295,611
673,1272
2555,1626
2326,1574
5402,2100
3204,759
2964,518
3327,1324
3360,1272
3857,1324
2702,1272
2766,533
4132,31
5052,940
4393,2058
2412,944
5509,2347
550,276
4063,611
2951,2915
4929,725
5791,2218
3165,400
4756,16
1103,1364
3567,2100
2323,313
2061,313
2138,533
2272,533
976,276
1129,1272
318,276
867,1272
2834,421
2636,2880
5093,725
5454,704
4425,37
3227,2567
3993,2100
5409,961
3731,2100
1330,400
5559,905
4404,99
1938,256
5045,2347
2985,940
2124,611
3433,2793
5316,1305
4552,909
4020,1048
5092,99
2932,2218
4770,48
5589,905
3429,3024
4830,99
4755,679
4815,730
3149,940
2896,1248
2839,714
2088,2243
5310,1840
3529,2100
4860,99
4464,99
2927,719
2562,32
2259,31
4041,2625
3418,956
1962,976
2978,2347
4425,521
2262,679
218,2249
5340,1840
5078,1840
2941,967
5243,1907
88,2176
2660,725
4981,1907
4890,99
227,1022
280,2346
4568,48
361,1022
667,1294
4702,48
1694,2100
548,848
3110,961
1785,2218
4302,306
2891,99
2569,48
2629,99
2307,48
1811,2850
2864,905
3781,2297
5113,521
696,719
849,961
90,909
1210,940
814,940
4589,521
3625,1003
1091,1248
4470,829
3239,967
2843,967
4145,480
3639,1840
1627,2167
4144,1009
4944,870
4548,870
2659,99
2075,48
3435,2949
157,976
4238,829
136,99
5831,1272
3675,2409
777,2347
3931,1840
5104,943
3407,1840
2239,48
824,99
428,99
1321,905
372,2419
1580,2297
1976,2297
5162,517
2784,521
3871,604
2928,1963
3699,1840
2588,3026
5230,1590
592,99
8,48
4547,1533
3901,604
5601,944
1633,2466
2299,829
5067,256
672,967
3764,1272
5321,2058
434,48
2765,1918
2844,521
77,942
920,2385
5369,944
4299,276
5107,944
5668,1011
3794,1272
3849,979
3532,1272
323,1348
2409,943
5155,611
5217,2243
4439,1195
5697,2880
877,1907
4329,276
4220,1272
2924,2705
5703,1355
5154,2079
3958,1272
4388,856
2968,533
3534,944
3272,944
1806,276
2604,256
4923,611
5578,313
490,306
3317,313
2921,313
5144,960
5156,31
1293,1569
2098,276
3698,944
1989,1272
1593,1272
2123,1272
1727,1272
5781,1022
5233,2880
679,1117
2895,31
5123,1022
333,480
4861,1022
5819,725
2888,2243
5320,31
5264,99
2778,1324
3070,944
3321,31
5361,971
2761,1128
4505,986
403,256
3338,2829
3322,606
2981,313
5008,294
4359,2100
5780,1305
4410,1099
4188,2218
4484,1048
5368,48
2049,518
3090,256
4137,940
3151,909
2755,909
2693,31
1759,944
2431,31
1211,2802
2424,3024
2658,976
3360,1248
4728,2347
3516,1007
4669,986
4608,710
5324,99
367,2827
5398,48
5800,967
404,615
1348,2110
723,2058
814,2176
2927,211
1263,1248
2280,400
4178,725
5750,99
1654,2567
4835,2163
3312,961
2121,2218
3563,48
1295,944
2204,940
619,3024
2584,2100
4499,1840
2413,2218
3519,99
3593,48
5924,1918
3653,99
5695,1866
2935,48
3859,2419
5741,521
5481,1348
1052,31
448,1048
2557,2347
2839,1279
2295,2347
1899,2347
2033,2347
3480,521
4219,860
3623,48
3683,99
3287,99
4701,2297
976,1325
1123,32
1684,99
1288,99
1026,99
4462,968
2325,2347
1232,2419
3906,521
3510,521
4033,2548
265,940
3,940
4559,1840
3129,829
4515,979
1502,967
1879,725
2259,946
2164,1840
2298,1840
1902,1840
2542,480
2938,480
2772,942
5105,1195
1889,100
4294,229
2604,2297
3540,521
3676,1348
3936,521
3374,229
55,2419
1928,967
3230,480
4792,856
1932,1840
672,1048
3182,1348
2258,2949
520,2347
4916,1272
5050,1272
258,2347
3317,2704
4454,2150
4392,1272
4788,1272
5502,615
2358,1840
2998,480
3531,943
5088,975
1586,48
2561,856
231,1840
3889,1590
4793,276
5080,1272
5725,256
1473,521
1607,521
3828,533
4394,944
2126,1840
5514,975
123,967
3338,1837
1425,480
261,1840
2306,1626
4986,1206
638,1009
3826,1776
3115,2704
1503,521
2122,2256
1141,1071
1122,829
3725,943
4162,944
2300,276
3379,306
2630,1908
726,1014
3425,1590
5055,2100
201,2297
5784,31
2988,276
5749,976
5217,1869
2617,1272
26,229
2660,1908
2355,1272
3069,615
5676,2568
2047,2058
3516,2243
3342,400
1807,127
1590,1590
4726,2167
3043,1272
1169,1533
4985,1869
2781,1272
5816,1043
4076,2058
4473,940
782,1272
4099,729
124,1272
4005,313
5078,2218
2387,5
4909,719
2677,518
2006,313
2811,1272
5423,940
3067,3147
4041,909
2217,533
2817,2218
4518,1248
154,1272
3284,1869
5404,1048
2699,2347
3414,2100
2585,2218
708,518
842,518
4548,1248
318,1272
290,944
2547,421
4969,2409
4833,2548
669,940
2176,2171
2411,725
2865,3147
4057,48
4513,99
4117,99
4191,48
3795,48
3356,940
5155,2949
2118,99
3417,2347
2183,1248
58,944
2499,730
1095,940
3638,1003
5389,1840
597,2915
4543,99
4281,99
2896,1305
5561,2297
3864,942
1942,31
1002,1099
2148,99
1886,99
4632,521
2923,2347
4370,521
717,1869
2529,730
4761,1840
3001,725
2739,725
1176,2568
973,519
405,1001
981,2100
1240,1048
2312,99
1916,99
3330,2297
1654,99
2547,905
4796,521
5049,967
3863,2568
5352,1907
4828,1907
2792,1840
5397,337
2439,32
829,1305
567,1305
5476,1569
5910,1272
2565,521
2692,2548
1544,469
2523,2739
5420,856
2956,1840
2694,1840
4253,1009
431,2548
2446,48
821,1013
695,1840
4334,1348
1118,253
2262,870
930,956
4066,1533
5544,1272
2595,521
5678,1272
5450,856
4022,480
3120,1840
3947,306
4936,1574
199,2548
1383,1840
215,48
366,1907
3103,2775
5708,1272
658,1557
5446,1272
5695,1976
1720,829
3447,1272
102,521
229,2548
1413,1840
1151,1840
5676,421
305,99
5738,1272
1457,2297
4671,313
2527,521
4748,533
2351,2739
4135,1272
3873,1272
3215,1272
4383,31
2404,306
1084,1907
2142,306
2735,1574
2297,1348
1586,24
3903,1272
4548,256
5071,31
4809,31
3083,944
5476,1248
1751,276
164,1533
1642,1272
2072,856
984,1272
1108,1338
5531,1305
326,521
462,1348
4839,31
200,1348
2985,944
2035,1324
5032,611
5517,2346
1410,1272
420,533
4544,1022
2510,1590
3243,421
4140,2100
3878,2100
4353,3147
1605,400
4265,1048
5075,99
4887,48
3778,1869
2608,31
3131,2058
754,944
5666,725
5823,1840
4691,1048
1769,400
4368,3024
5700,1248
1732,518
799,313
4204,1869
1180,944
2341,976
3753,2347
5685,2256
5065,2548
5591,1840
3697,725
5269,99
5343,48
2164,2218
2399,3024
3008,99
4179,2347
1075,719
5357,2548
1711,1869
1064,2058
668,2058
2724,1279
3484,967
3902,726
3203,725
993,313
4754,942
1610,2167
2066,2218
1966,1048
3434,99
3172,99
5183,2553
4586,2297
3159,1557
1619,940
571,31
1372,1248
5688,1907
800,1022
5141,48
4554,480
2133,2100
972,725
3202,99
2880,48
268,2100
6,2100
5560,1348
1434,32
1387,940
5162,521
4620,726
1337,99
941,99
5114,480
4078,1840
4379,1014
3554,1840
366,2793
2126,2218
3044,48
5416,229
115,3147
5454,521
3869,1851
1045,48
649,48
1468,905
4126,726
3842,967
4664,1533
4242,1840
3980,1840
4673,306
1847,1840
2979,942
5620,1348
3560,2385
5377,1590
3286,870
5364,604
3619,521
3223,521
4104,2256
3357,521
5882,944
1458,725
394,1003
2651,480
1615,1840
2255,480
1749,1840
2881,942
5541,1590
1165,99
3966,1918
2317,2297
3387,521
2872,829
3658,984
4530,1667
4733,1272
5447,615
4075,1272
2573,947
5766,2058
5033,975
611,829
1779,1840
5595,2176
1682,1907
420,480
1596,1574
5025,1272
5126,1324
4763,1272
86,2297
1292,1348
5669,31
4535,856
3681,944
2695,1667
2749,1903
245,1014
512,2297
5727,2079
4531,1272
5303,31
2245,276
3573,256
5842,1248
4223,2058
2651,1903
5213,3147
4829,2218
5333,31
2995,400
4567,2218
2013,276
2300,1272
3730,31
1572,533
2038,1272
3729,2058
4135,1248
439,1014
5310,986
148,276
4267,421
946,256
5027,1048
4335,2218
1255,2704
1525,313
2464,1272
4814,940
2732,2218
1372,256
5157,1279
69,1272
1602,718
5086,2567
1760,2058
237,856
5319,1048
5867,99
3012,3147
3934,719
2488,3147
136,400
3868,99
604,276
2794,975
361,518
757,1272
5187,1279
1894,718
560,1667
5522,1003
3293,2793
3225,2100
3692,31
562,400
2530,2218
3898,99
2100,944
4032,99
3636,99
4104,2419
525,1272
4272,2003
1662,718
263,1272
4807,2347
1431,31
1954,2058
2217,940
2613,940
2494,1248
2437,714
1814,1489
1062,2793
695,1279
3057,3024
4559,905
5476,2297
5214,2297
651,980
2160,32
5613,2568
1449,960
1461,31
1866,1248
3382,1279
2000,1248
5732,947
632,1869
3638,710
4023,521
3888,2548
5072,1840
5316,480
2520,725
4841,1907
3282,1048
4166,48
3830,99
500,2100
329,2218
960,3024
203,1355
808,940
5102,1840
4840,1840
31,1248
4609,1907
5345,1009
1121,2568
3934,48
1188,2100
3347,480
2841,1840
530,2100
3515,64
5822,1348
1493,1393
1995,99
1673,48
81,961
442,940
1164,1110
2733,967
771,2347
1822,521
2083,2548
956,2100
2871,1840
1489,2563
715,725
2287,99
2522,905
4763,1569
26,99
2763,967
2501,967
5197,1272
5593,1272
3860,1014
5761,856
5365,856
3990,306
483,725
2804,1907
2055,99
3104,856
4017,1348
4927,1569
56,99
5336,276
5885,1272
5227,1272
29,905
1882,521
4965,1272
1620,521
3571,480
5923,975
532,967
513,725
2966,1272
2176,1907
278,2548
670,1840
4200,1590
5653,1272
5321,533
4995,1272
2182,1348
1650,521
1786,1348
996,2949
3239,276
1059,1019
3061,1667
46,2548
834,1840
572,1840
1570,942
5062,400
5363,1294
5598,2100
1950,1348
1554,1348
5823,2218
4997,944
5131,944
4473,944
3026,1272
473,521
3160,1272
4328,31
4851,2058
4418,2176
1216,979
2014,959
2418,1574
3085,2037
4620,31
3324,1272
3358,856
5278,940
2900,944
2232,256
838,1908
1256,1667
4747,2243
2066,718
835,856
5396,2100
5417,725
3659,2100
3872,3147
4825,32
4793,1248
5187,421
4225,1730
959,1272
5822,2100
5581,725
3683,400
3287,400
217,1574
2545,729
5408,16
5220,719
4048,2218
3652,2218
4631,324
5154,99
4758,99
3440,1581
4892,99
1385,1272
1486,1324
2219,909
2511,2249
31,256
2916,1022
5768,1840
3591,2100
224,1590
2481,313
3716,1048
5184,99
5390,2419
1019,518
1153,1272
1330,2100
1421,2218
1851,1048
333,944
3129,2419
5794,967
2860,1248
2464,1248
449,2058
4017,2100
446,1006
3137,967
4952,99
1521,1294
4690,99
4764,48
1360,2100
4791,2625
1573,3147
1881,1048
2316,976
3152,1248
2926,905
3466,2347
1534,940
90,31
2557,1038
5566,1840
1982,2793
1287,1248
545,611
2886,725
5207,1907
2048,2100
1786,2100
3305,1840
2855,99
2459,99
3218,905
3873,2297
5593,1569
254,31
1436,940
2286,1110
1628,1110
957,905
1055,1248
659,1248
3331,967
3993,1840
4820,306
3221,48
2510,976
2959,48
4405,1003
4847,1348
284,31
1383,905
4726,829
1047,956
1527,2347
3361,967
2712,521
5396,1563
3331,2256
2973,2548
4984,306
5474,2385
1244,2409
3412,905
5053,1574
4756,829
1256,2419
2878,1348
5825,1272
3757,2256
2616,1348
3663,1840
1392,967
3004,706
5092,1128
1530,1840
2662,942
684,99
890,2419
2232,2297
1836,2297
1041,521
77,1003
5906,2176
5090,1590
1463,1907
2524,2297
526,48
2262,2297
2599,1128
3070,521
2414,1348
5585,256
5595,944
3733,276
4020,1272
2856,942
5,726
5189,1195
3278,1574
1381,1851
2859,1590
5759,944
1459,229
1237,1348
3626,944
3364,944
1898,276
5673,611
5869,2243
5502,729
2219,856
1195,533
4775,400
320,306
2627,1590
4117,400
4476,1272
4080,1272
871,1348
4214,1272
2586,276
2324,276
1928,276
3132,944
1819,1272
749,604
3873,2110
1225,533
746,306
1077,1574
406,615
5842,1305
639,1348
5016,31
1696,276
767,1533
1849,1272
3685,719
1587,1272
3936,2058
1425,944
4909,2793
5578,858
5782,99
3316,256
2013,1272
4625,940
51,400
106,861
3982,1248
4424,2347
3725,2346
1705,2058
4106,725
2342,400
4122,2167
5550,99
2878,2100
1238,313
4897,2163
2688,1976
3011,909
2942,3024
1357,944
178,1272
978,2079
3872,679
950,31
1473,2058
2396,986
2580,2793
3637,31
4074,32
507,400
3977,99
1783,944
3655,48
3715,99
1884,996
3393,48
5129,2297
3109,1043
1866,2110
2162,940
1114,31
1519,1248
4038,725
3890,1793
4493,1305
2280,2100
3842,32
695,986
2639,2218
3611,99
3685,48
3349,99
3423,48
2098,1305
1843,32
3825,967
3959,967
327,940
4883,1840
4523,1305
4621,1840
4359,1840
3849,48
130,3028
2497,2111
0,3147
1776,99
1514,99
2116,2419
1579,1248
5731,1533
1749,905
4068,1260
3065,2568
4651,1840
475,2100
609,2100
905,930
5767,1348
438,2218
42,2218
2014,2492
1940,99
1678,99
1356,48
5645,604
3506,1348
4289,2548
5221,276
1230,2568
3322,480
1206,1393
3455,1009
2205,905
5202,384
2726,2297
5937,604
5332,615
3224,480
2188,1840
166,725
4143,1918
2756,2297
225,1305
2890,2297
3719,1590
236,905
3706,604
1303,521
4727,225
5336,1272
4940,1272
2345,2739
4516,944
3184,276
5811,976
3982,256
3109,856
1639,2698
1515,942
1253,942
3324,1195
4418,5
4728,2705
5366,1272
5939,2100
3984,1241
5372,2218
3214,276
3367,1272
1627,1533
2709,1272
161,865
2447,1272
5798,1279
66,978
1529,1348
178,1569
2449,944
5284,2347
874,1272
3880,1776
5828,2218
5466,1048
5600,1048
3965,1325
3342,2100
5387,940
1013,276
4411,99
3733,975
5013,2419
947,1908
2072,31
380,1272
1810,31
1338,975
2545,2880
2149,2880
5679,940
4235,31
3335,2218
4703,99
4228,3024
5043,2419
1579,256
5082,2347
672,1272
736,533
2155,1355
2236,31
364,2058
2599,1022
1471,2793
3600,3024
5102,905
293,313
1098,1272
3448,940
1488,3147
1374,2079
2790,940
1735,3024
2325,611
3643,2347
4947,967
3381,2347
5217,2548
5743,1840
2554,848
3325,725
148,1248
2667,725
4635,99
4709,48
5132,905
4736,905
808,1294
61,313
195,313
2860,1305
2867,32
2034,31
3216,940
2168,31
2636,99
442,944
3267,905
1217,940
5119,2548
5249,1840
5550,1014
2697,725
3246,967
4665,99
3890,480
2885,961
2897,32
4120,942
1332,1048
2404,99
2142,99
5108,2739
636,32
689,2110
985,940
23,2249
5245,2256
604,1248
3150,2548
4182,480
3280,1840
1499,2100
1258,725
2434,99
2172,99
2642,48
659,1305
4656,521
435,99
569,99
1693,1003
3950,480
1548,2342
2270,2512
2538,48
3354,2297
337,99
1439,1244
4800,1939
3814,1908
1209,967
5028,1574
1213,1840
951,1840
4347,1590
307,48
367,99
441,48
969,2419
105,99
5800,1272
743,2830
5538,1272
2589,521
5376,944
3935,1272
3145,1907
5626,2058
5867,400
3513,990
209,48
114,942
2873,1569
5144,944
4074,276
4227,1272
3965,1272
2103,604
1970,1014
581,2256
3475,856
5932,421
1579,2297
4910,898
5306,898
235,306
700,1574
4736,718
5163,31
1709,276
3707,990
5185,729
5353,313
1151,2385
2572,1590
4062,400
5327,31
158,1348
292,1348
5065,31
3473,944
5768,905
1898,1272
3597,421
775,943
4226,400
4620,519
4628,2100
4232,2100
5787,1305
954,127
4591,2218
3933,2218
3503,944
2056,518
3107,944
3327,718
1928,1272
1596,533
3223,2058
3620,940
3501,1248
5017,1279
256,1667
670,718
3089,2243
1534,5
4259,1048
5331,99
3533,944
5143,48
891,313
1696,1272
1952,3147
1102,533
3920,2521
4238,1110
4102,2003
4883,2568
5941,967
438,718
5553,2548
2025,400
5495,99
5596,905
3581,961
1394,533
1563,719
957,909
4785,2568
1901,714
1298,421
5582,633
1457,2171
56,400
2917,3024
2882,2249
3264,99
1965,2577
3002,99
3905,2347
1321,31
5486,521
1833,1869
5367,829
1003,99
1464,1248
2188,1279
3721,725
5765,875
4536,1840
4140,1840
4274,1840
1963,2100
3294,99
5104,2297
1089,31
1875,940
5650,521
593,2079
1429,99
4267,1019
3651,521
5263,1014
3720,99
2986,1043
1181,909
2493,1110
387,1048
1137,48
2611,2297
3421,1348
2965,1105
4511,978
5245,943
456,1003
158,2100
4020,337
1167,48
1227,99
831,99
905,48
5840,1533
643,48
2379,2297
3449,521
4770,276
4508,276
265,2347
4399,1272
5113,615
3005,480
4963,856
2237,1840
3336,994
2402,1907
1593,48
1257,99
5056,1020
1391,99
3877,1348
3615,1348
4350,979
1876,521
3835,533
4597,856
2529,1840
703,829
1871,1840
2267,1840
5154,400
4758,400
4574,1811
4855,1272
2594,1272
4248,2176
3170,1590
4747,3028
4757,1272
5529,31
3020,1272
2624,1272
3412,2816
2758,1272
705,1009
3855,1292
5621,909
5055,2218
2916,518
5524,976
2501,276
3588,2079
2392,1272
5427,1043
4937,2347
174,1908
3170,1724
5515,1048
3997,944
5929,99
5156,1869
4772,940
4525,1248
204,1908
5545,1048
1718,2243
2848,518
4842,1305
4902,2110
4632,2249
3250,2218
1992,533
3719,976
4421,1248
1900,944
5393,2347
1232,256
721,1272
368,1908
3059,1869
2663,1869
5232,709
493,856
2107,2176
5575,1048
3119,3024
4124,99
4520,99
4585,1248
4883,905
464,276
5705,1279
2453,719
4767,730
718,1324
1229,2028
3101,940
327,944
1488,976
4843,725
5280,726
3219,2100
4812,99
4490,48
422,400
4228,48
5306,2297
2221,719
1615,909
775,3147
1687,31
2869,940
861,2167
4347,679
2008,611
222,719
2092,1248
3212,1279
4368,967
3008,725
93,1248
3152,2167
2350,725
4580,99
4258,48
4318,99
988,2100
1463,3147
217,533
1213,2218
3356,2347
1162,940
3498,710
638,940
5194,1840
776,2567
5571,1009
1018,2100
2933,1840
5835,2775
4754,1918
3505,726
1125,2347
2959,967
87,2880
2175,2548
3359,1840
2963,1840
4532,943
545,725
1104,2409
2453,48
2604,1907
2117,99
3927,2297
2053,2558
4693,2739
118,99
252,99
5136,276
2593,967
5210,979
2474,521
2078,521
2563,2256
4029,480
2993,1840
709,725
20,99
1300,2297
4859,533
4361,256
343,725
1370,942
50,99
2536,1348
2754,2739
5059,944
4797,944
3484,1272
3102,978
139,521
5309,2058
1188,1840
926,1840
530,1840
1060,1840
664,1840
154,48
1098,2297
5053,533
5485,944
366,870
3361,276
2432,1533
3514,1272
956,1840
5134,313
452,994
1625,2349
5945,2218
2603,2704
1938,1533
3416,1272
4374,975
5827,2347
1283,1272
4189,1195
300,1512
5629,1581
317,1866
4876,31
5224,714
5279,421
5415,1248
3797,940
3239,2110
591,533
602,2385
3350,2880
2401,2704
5312,719
267,1348
4840,909
485,2739
3838,1099
4984,99
3041,31
1215,1272
3683,2100
5132,909
450,1590
4600,1048
3908,2218
4030,3147
1282,400
5475,1248
5148,99
5354,2419
5655,2347
1641,1272
1635,3147
1647,2218
1943,1048
389,533
5325,900
559,944
3214,1248
297,944
1125,1355
820,719
3528,2347
1718,1869
1799,518
4782,99
2235,1048
3759,940
3640,1248
5544,48
600,729
1375,725
1841,2218
3343,99
3706,905
2174,1869
1014,719
1924,940
1664,2521
2005,1279
3297,2548
1494,16
3870,905
3111,99
3474,905
5199,521
5684,2256
376,31
813,32
302,1048
5157,2739
978,99
1619,2347
3065,2548
4627,480
3591,1840
3007,99
3141,99
5546,1918
4555,2297
4293,2297
5384,1590
843,32
5898,1811
1008,99
746,99
1207,1248
880,99
484,99
3617,967
2431,2568
1925,710
4279,1840
4017,1840
5190,943
1618,967
5414,1590
706,858
114,946
776,99
910,99
3396,1348
3132,521
1291,730
4191,276
5354,943
1648,967
2477,2512
724,2568
4344,1272
4796,615
2048,1840
3180,942
1786,1840
356,829
1524,1840
940,99
3340,1574
5694,2704
752,48
5913,533
5949,944
5222,615
901,521
1816,1840
1554,1840
1960,276
853,480
457,480
4385,276
4142,1272
4990,615
931,521
5734,1298
1070,306
3629,1811
5475,256
4489,225
4568,1272
4669,1324
4306,1272
3160,20
5736,31
3316,533
4278,944
3882,944
2307,1272
1966,979
5693,334
255,480
2213,856
5926,313
4239,400
317,2297
5513,1837
4513,2100
4988,3147
5638,31
5844,99
2203,518
2700,1324
2471,1272
2075,1272
1813,1272
2047,944
5030,1279
4890,518
244,856
4543,2100
5930,31
5895,976
4506,2218
5399,3024
5612,99
2763,1272
2625,3028
4443,1869
2239,1272
4555,2110
773,604
4193,940
1645,533
5671,679
4336,1248
106,1272
240,1272
4383,2003
12,856
1078,1590
2568,400
1267,2243
3699,31
2799,2218
4039,99
1845,944
5224,1279
1177,256
117,276
5019,1813
270,1272
2486,940
8,1272
4515,967
1581,1248
2598,400
3134,2100
4653,1840
5651,942
4069,99
10,5
824,518
4203,99
3807,99
4888,956
1905,32
3866,679
1611,1248
2836,2793
3225,2568
2902,2100
5772,306
2981,3147
5579,2163
2626,704
3911,48
4439,2419
5614,2349
1935,32
1116,3147
2057,961
5799,1348
2299,1248
1576,99
4313,967
2212,2003
553,940
1015,971
4847,1840
2557,725
2295,725
397,400
4263,99
3545,48
3266,633
3679,48
4075,48
169,950
2361,32
2092,1305
1662,31
488,3147
1868,99
2406,714
2499,905
1344,99
1841,905
2777,2347
187,940
4877,1840
644,2347
2352,2548
3971,48
5626,615
5342,856
2616,1840
5183,2297
1374,99
4548,1907
4326,3026
3042,1840
2062,99
5286,2775
411,3061
4284,521
4024,1348
412,253
5634,1014
197,99
5368,1272
4972,1272
3470,947
956,2568
2508,2256
4161,306
2810,1840
277,967
324,32
3792,1348
724,905
2365,1574
1379,2297
5398,1272
5136,1272
2011,2739
2840,1840
2239,2374
463,726
3384,1903
1481,480
445,1840
5087,979
4572,533
1567,604
218,521
345,2548
2905,1272
475,1840
910,1014
1439,2297
1936,2349
323,2385
4602,533
4510,944
1853,1533
4365,31
2511,944
1045,276
5164,421
5525,400
4506,421
5750,518
230,100
842,856
2017,1348
3002,400
4540,944
3623,1272
2633,533
5711,940
3880,1837
2937,944
2675,944
2279,944
1209,276
5330,1248
5510,2347
3020,2110
872,856
3428,400
3257,518
96,1574
2720,313
4325,2079
3929,2079
4559,31
5360,1248
1392,1272
4702,1248
5032,2880
1826,975
5222,725
4960,725
1269,276
5164,905
898,1272
2589,2058
4929,1038
5013,1675
3129,1248
2867,1248
5413,2548
36,718
4286,2100
2518,313
3887,1048
4959,99
3625,1048
4697,99
5158,1248
1266,1294
4435,99
1367,2100
1592,2218
2218,960
1318,3147
2457,976
5831,967
3157,421
2897,1248
97,31
5835,1840
3792,2100
5311,1840
2018,1279
920,1007
5123,99
4861,99
4539,48
1397,2100
153,313
2006,3147
2928,719
2563,32
1140,0
1348,3147
2728,99
2862,99
4331,1038
3359,905
4104,1813
5660,2374
5603,1840
3581,725
2018,2568
600,2880
2950,2548
4569,48
4104,2163
1561,2100
1165,2100
1128,2218
2496,99
4980,521
5114,521
4852,521
143,1099
256,976
3630,967
1092,1248
3611,725
434,1248
1950,1279
3506,1840
1804,3147
2922,99
2734,48
5060,1574
1020,32
5502,229
4882,521
496,32
286,976
399,99
1292,905
1698,2347
684,1022
5656,1046
3932,1840
3670,1840
2690,99
2764,48
4238,2297
4874,229
369,48
5530,533
3962,1840
3566,1840
5185,2750
643,967
1567,1840
5787,2037
1043,1840
1117,99
795,48
946,1907
2269,2297
4027,1272
5604,990
943,2548
1731,1840
1469,1840
2904,943
982,32
121,1393
5647,313
5368,898
1775,2297
3107,521
4453,1272
4057,1272
5936,1355
1100,1569
1133,1517
3963,856
1499,1840
809,1393
370,942
5390,256
3005,1533
4087,1272
4221,1272
3825,1272
1012,1348
3493,533
5389,31
1960,1272
1099,943
5826,944
4871,980
5158,256
3437,759
5185,2079
1965,276
3303,944
1990,1272
4328,1869
3023,2058
2994,1128
3090,1590
521,306
1248,1574
5477,1325
2548,2704
810,1348
4784,3024
5726,1248
2020,1272
1624,1272
2154,1272
3632,1011
2188,856
3542,2249
4249,2865
1343,2750
2716,975
1730,944
4778,1674
5146,2100
4488,2100
5166,1032
5916,32
5613,31
4317,2218
451,2704
3218,31
2440,3147
185,1272
957,31
5923,48
4267,946
5721,99
2778,1048
2604,3147
3588,99
324,276
3326,99
3722,99
3823,905
542,1667
215,1272
1383,31
3707,730
1121,31
3385,679
4505,710
3275,2793
4179,725
5751,99
1573,313
3356,99
1161,719
3966,967
5364,942
312,400
2676,2218
4279,905
5920,1574
5330,2297
3129,2163
2363,940
3975,679
1465,2419
1520,2880
1580,679
219,1525
4004,2548
5054,1840
4792,1840
4396,1840
3228,48
5327,2349
4964,2297
736,704
1947,99
1685,99
4706,726
1621,2558
3405,2569
1574,1022
254,1869
5385,1014
11,421
2423,967
5253,306
2561,1840
2201,1305
1816,905
1131,48
3937,521
5679,306
3647,947
4887,1272
2989,947
2423,2256
1280,521
1803,2548
732,2409
2232,1907
1745,99
1819,48
1483,99
1419,2558
3707,1348
518,1110
2901,726
4764,276
5179,1272
5313,1272
1833,2548
3491,942
2000,1907
1262,480
1587,48
3997,521
5056,276
4947,1272
1062,2297
1870,521
2389,1840
2690,1014
749,1019
1164,480
4715,1272
3333,1241
1614,127
3439,1667
1122,2297
5409,2218
4927,0
5543,2218
2727,276
2618,1272
3332,615
2652,856
202,984
584,1840
2588,871
619,1272
5939,2568
1515,2349
4545,1776
298,2385
1719,1590
2452,421
3658,1724
2910,1272
57,229
3554,31
5603,1279
5013,1248
1962,944
5455,2347
387,1272
5707,2568
3659,986
5271,725
1487,1590
3111,400
2715,400
3074,1272
3638,1048
4582,99
5401,956
1337,518
5872,2793
1075,1272
679,1272
722,1908
2558,1355
4641,679
3873,2793
5301,725
4643,725
1840,2243
4313,32
3506,2218
3110,2218
4447,32
971,518
709,518
5387,2347
447,1272
4635,1022
419,944
2812,1248
3388,2347
5110,726
5488,1840
3707,2100
2201,313
4642,99
4776,99
4380,99
1135,518
1446,2100
2867,1305
3254,253
970,1582
2842,1248
5402,726
3022,2347
95,1355
5855,2923
5914,1840
2554,966
4410,99
4088,48
769,518
4544,99
4907,905
5303,905
2995,1840
1293,3147
2205,31
2267,909
1427,3147
1406,3024
2411,99
2872,1248
2908,905
2149,99
2572,956
4886,967
5304,726
333,2058
4894,2548
5286,1840
1000,2521
2887,967
1187,2347
925,2347
3025,1840
5592,2297
4157,942
5029,871
1003,725
2837,99
5242,1918
3043,2419
2575,99
2649,48
3334,905
3072,905
5321,521
1788,2163
3216,2347
5059,521
236,31
4924,2548
1627,525
5450,1840
5856,276
2898,725
3335,726
5747,1272
2789,967
4148,1014
3451,1840
3055,1840
1274,2100
2209,99
2343,99
1643,2347
985,2347
4311,604
5515,1272
307,971
2957,1840
667,725
820,967
697,2065
432,2548
2051,48
1521,1014
2424,2508
1636,1526
3329,2385
314,48
508,99
5545,1272
3477,2256
5283,1272
3655,276
3383,1840
1134,726
5204,1918
200,2548
1628,480
726,1840
1858,942
2285,1009
404,99
5684,276
4001,1071
212,2558
1690,2297
3538,1569
2058,1003
2500,1348
3976,1014
1276,967
5013,256
365,521
5229,1574
1414,1840
2546,942
2587,943
2241,306
5642,400
568,99
1586,2297
1720,2297
5801,2150
5407,533
5145,533
4111,276
3587,276
395,521
2543,994
3054,944
5573,421
1479,1272
85,480
1750,2297
2537,1364
3508,1272
5115,1421
5562,2110
4803,2058
1880,276
3480,944
2908,718
5423,2705
5479,1294
5128,313
4495,400
4099,400
4196,1272
5794,1305
3934,1272
3340,533
5939,905
5245,1248
1539,1272
5441,2880
1673,1272
2192,1837
2700,2243
4423,1032
755,1348
2618,898
2952,20
5132,31
5472,99
494,2704
1812,276
5633,956
1965,1272
5671,1248
3253,2577
3267,31
1441,1272
4323,2521
5929,725
3014,1248
4567,2100
3738,2218
5180,48
3297,31
2519,3147
3702,1248
3798,956
582,615
5463,521
4201,2100
1384,714
3698,725
5532,99
1934,400
734,605
2427,2218
3065,31
4247,940
1903,2218
3271,99
4165,726
3466,725
1429,1022
2492,519
5112,48
3782,961
5043,2163
4647,2163
3697,99
56,518
3435,99
2777,99
1922,1305
2701,1043
3777,967
4817,480
5008,1014
4311,1840
3962,905
3203,99
5687,521
1091,976
1070,99
2285,956
2756,2793
1204,99
2847,2157
2389,1279
3292,521
1227,1022
1659,679
4776,1014
5430,306
1923,725
3569,48
3307,48
1496,99
2098,2419
972,99
3971,967
3979,2548
3676,2739
5068,1014
1031,679
4243,1840
1848,1840
5506,1590
5621,1348
1264,99
942,48
1398,99
1002,99
147,1305
2918,1003
5521,1117
1457,679
4559,2426
1874,967
1844,2256
2914,480
2012,1840
1368,48
1032,99
710,48
519,480
844,48
2653,2775
5895,2058
2877,1702
2605,1014
2872,2297
683,480
2610,2297
1175,942
3024,1348
4957,1667
215,2297
4630,1272
1419,521
4044,2114
2369,1272
213,2409
374,1014
2252,1626
3804,533
4370,944
3974,944
3712,944
1062,2704
1805,533
2963,856
5385,400
4019,313
5001,2100
1634,1590
4872,0
2728,400
5596,31
2862,400
3742,944
2276,276
3731,31
4913,940
2139,944
673,276
1877,944
5293,2100
5031,2100
4982,3147
2197,1272
3499,31
2565,944
2303,944
4166,1248
5138,2347
2077,1355
4742,2347
4475,2003
5215,2567
762,856
3342,986
5582,1048
3196,2100
4961,1869
5369,940
2029,533
3013,3147
3529,31
3966,32
2595,944
2751,3147
4131,99
490,518
3869,99
1020,1272
1675,944
362,1272
1592,909
100,1272
5310,710
3570,971
3226,2100
3189,2218
4161,99
4367,2419
3899,99
2228,719
3260,1869
3862,971
782,3147
1694,31
102,944
3259,2398
4618,725
4356,725
5311,2409
218,2058
5073,1305
5171,1840
2146,313
2811,3147
3950,976
4063,99
556,1272
1120,1048
958,2218
2064,99
3363,2347
2561,905
5044,725
4809,2548
1041,940
5841,480
4939,1840
3045,725
2387,725
5172,321
4093,99
4167,48
5769,2297
4029,2558
2446,1305
2191,32
2356,99
5101,2548
4712,521
4443,2548
675,940
3063,900
4707,1840
2813,725
2966,967
2308,967
1189,2100
2708,1840
4102,942
2611,1907
2988,2419
2124,99
1936,48
3672,2297
344,961
4346,521
4482,1348
705,940
608,1007
1444,1279
2608,2548
3000,1840
3134,1840
3435,1014
2550,99
2228,48
1037,1305
5847,1533
4376,521
5288,1569
4995,2256
5831,276
1118,1644
712,956
390,905
930,2347
5856,1272
226,1248
3727,1014
2318,99
2130,48
4542,1348
911,2455
4540,521
3884,1348
3259,3016
5733,276
5795,1908
1471,2297
2794,967
5490,1272
3321,861
533,967
3229,1272
5411,1918
362,1085
1439,480
933,1840
1067,1840
4310,1348
1433,2163
5557,400
87,99
5782,518
5320,2150
5258,1272
5654,1272
3764,276
4968,944
5692,975
3655,1272
1781,1533
406,229
444,521
571,2548
3823,856
1437,942
616,978
5352,533
4338,898
3588,400
3309,985
1552,1831
4864,944
4726,256
959,2256
5773,940
721,2842
1127,1840
2216,306
865,1840
5751,400
4385,313
5720,2218
5458,2218
5477,16
1244,2775
2369,898
4883,31
3121,533
3191,1272
4882,2058
1563,276
1697,276
5884,1279
4252,2793
4811,313
188,1574
4135,3147
2533,898
644,127
3617,1272
272,521
4785,31
3885,2218
3193,944
1880,1272
1484,1272
1284,2150
4622,1730
869,1908
3572,940
1024,533
628,533
536,944
1867,1195
3851,1294
3903,3147
4311,2218
1685,400
556,1569
5417,99
4546,3024
5885,2419
4759,99
4833,48
5220,1248
1648,1272
5796,2347
3998,940
990,1272
2100,615
1924,2079
396,533
962,944
2519,976
3976,400
5631,967
2957,421
5216,725
5612,725
5447,99
5125,48
4414,976
4789,99
1416,1272
349,313
5304,730
992,944
300,2114
5923,967
3123,1248
1471,2110
1889,1869
5799,1840
3643,725
2061,2326
4889,2558
2019,2100
2098,3147
4300,2163
3350,99
3847,905
894,944
3153,1248
1785,1869
5565,2548
3333,2347
718,718
749,31
5567,1840
608,2243
3168,967
3259,1085
4661,48
2049,2100
3568,1840
3215,32
2308,1048
1616,2218
2984,99
3380,99
3586,2419
3118,99
4535,2568
5206,521
3365,730
779,31
1269,2110
505,960
4944,521
2147,2793
3441,725
5041,1393
1498,2347
1441,1813
5450,100
5388,942
4992,942
3598,1840
5083,306
1817,2100
4895,1009
4136,203
2692,48
4166,2297
575,2079
588,32
491,99
1528,2347
4024,1840
4402,480
1868,725
1606,725
5057,2626
4196,2297
5316,1574
5402,1348
2263,2163
146,976
521,99
917,99
5664,944
4089,1272
2356,1014
2695,480
2925,942
4002,337
1766,956
1081,99
685,99
1182,905
2801,2569
4652,604
2800,2344
4519,1014
1161,967
4705,615
1299,1840
5724,944
3533,3026
1200,521
1587,967
1334,521
1065,2548
2889,480
2493,480
386,947
3180,2349
3122,1590
5008,400
5888,944
4313,1272
5543,909
706,521
5219,31
2017,1840
4023,944
2369,979
2052,1272
5474,2243
5844,1022
3743,2058
4776,400
3947,518
5907,31
5948,32
3919,944
3657,944
1000,1533
3192,615
1820,1272
426,480
1355,943
4830,986
3349,949
983,24
2545,400
1569,1811
2221,276
5619,99
1850,1272
3937,2058
1688,944
5568,2793
3945,421
1085,1590
2179,400
4577,1048
5274,976
5723,48
2538,1272
2276,1272
2814,2079
3571,2058
4347,1525
4364,940
4686,991
1852,944
1456,944
5286,986
4687,2347
5225,710
4963,710
4369,725
4878,2100
4957,3147
4573,2218
4707,2218
5003,1048
5679,99
5204,3024
5887,48
5491,48
4142,719
1635,313
2483,2100
2574,2218
3694,2249
1316,533
3814,99
1620,944
4416,2419
307,1272
951,31
1759,729
5330,480
4428,1840
5190,2163
3000,2218
112,400
3844,99
3369,3024
4240,99
3978,99
3768,1043
3071,1869
4619,2347
2804,1525
1043,909
3932,2548
5360,480
2677,2100
5681,306
2768,2218
3948,48
3612,99
3286,2558
2106,32
803,1048
2215,2419
3216,1038
1812,1248
2244,905
4350,967
5146,1840
782,1110
5711,306
568,400
3642,99
4112,48
3454,48
5866,1348
842,2100
2619,940
833,1048
659,3147
349,2167
309,1048
1777,99
1455,48
2238,1248
5273,1019
4514,967
2932,2568
3999,521
2232,679
96,940
5688,480
2649,967
4199,3026
1838,725
3620,875
2653,1840
872,2100
2814,253
1807,99
1485,48
2959,2297
4291,521
1451,2157
5088,276
7,1248
351,1058
182,2003
1359,2568
3079,1840
9,1294
22,967
2720,1907
1837,99
1575,99
4061,1348
3123,2297
2447,967
2583,2548
5143,1272
1564,2569
5835,856
1151,710
3109,1840
3487,480
2585,1840
314,967
295,725
3278,306
186,967
3486,1009
1679,48
3382,2349
586,1840
5282,276
4886,276
5569,1272
381,95
2122,1907
1602,1117
616,1840
502,2492
3967,127
5240,400
1285,2349
4779,944
4255,944
5676,1869
2675,928
2348,533
3394,615
1420,480
556,2297
5905,2079
4377,533
4943,944
3630,1272
4808,719
2972,1272
23,521
3906,2079
515,229
2710,1272
4942,719
1316,480
3274,856
414,1840
5508,2793
766,979
2825,2915
4988,313
5574,2100
5787,3147
5391,3147
5403,2218
5699,1048
2708,2515
5474,1869
4304,31
5486,940
984,276
1137,1272
1180,1908
2670,718
4447,1248
875,1272
4891,730
2170,2058
4360,313
2395,2176
5467,1048
3294,518
291,2914
3166,1272
4792,909
1167,1272
4527,611
1301,1272
643,1272
1357,615
5247,900
481,944
5393,725
1141,990
5185,961
1496,400
4156,1048
2602,533
4290,1048
3598,2218
4725,976
972,400
3355,16
1560,1324
2238,256
2905,719
5563,1294
2237,31
907,944
208,943
2904,1248
5180,967
1107,975
4755,37
5580,1840
3537,2100
2900,725
3366,2218
371,533
3772,2347
5210,967
3792,1279
523,2243
1032,400
1763,2568
937,1294
1568,2100
3328,771
5654,2297
1781,3147
1385,3147
3130,32
1531,2218
2899,99
3353,2521
2637,99
443,944
3134,905
3936,2347
3674,2347
5508,967
4725,521
2622,730
3092,679
5908,1840
5512,1840
3915,2409
291,2243
29,2243
5684,2297
1732,2100
488,313
1336,2100
3153,1305
1561,2218
1165,2218
2667,99
2405,99
4627,521
5542,1840
1225,956
731,421
1309,2347
4827,3026
3413,2548
3151,2548
2755,2548
4240,1014
3543,1840
3281,1840
4439,2163
2949,1101
2771,48
783,961
1724,2747
492,31
929,32
292,909
832,99
436,99
1181,1007
551,611
2658,521
4839,942
4930,306
2359,1393
912,967
1312,1840
3617,2297
5085,1348
1086,1305
4823,1348
2085,1009
204,99
5771,1272
3355,984
2785,1393
3640,1907
1308,2256
1738,1840
602,1084
1476,1840
989,32
390,1393
2303,306
3292,1574
630,99
234,99
828,2558
46,48
2718,521
5207,533
719,521
4198,1272
1240,967
591,521
2408,480
1069,1085
386,1809
3001,994
2679,943
5818,313
2882,521
3018,1348
5237,533
3869,400
3296,1292
1195,1574
4075,276
623,1348
3570,1272
3966,1272
2976,533
1274,1840
3249,2385
5193,611
1614,1908
764,48
311,480
4124,518
4903,256
3234,949
3662,2150
3996,1272
787,1348
5164,31
3402,533
3968,944
1735,1272
5919,314
4795,2793
2808,1487
3568,421
1006,870
859,1574
597,1574
5590,31
1035,2739
5534,99
1820,979
3598,421
4093,400
37,2297
4492,1048
3370,944
5679,611
3359,31
1533,1272
2963,31
2185,3147
2491,975
3764,1248
703,256
3366,421
4028,1294
4551,2567
4921,2100
1782,2915
4918,1048
2221,1272
1959,1272
3399,719
3826,32
3617,2110
4133,714
3737,714
1922,2521
4052,725
2550,400
1016,729
1095,1022
2917,1325
5436,48
2824,2100
3849,1305
5105,2163
2823,909
2761,31
5817,679
1169,944
1303,944
3758,2880
2474,940
896,31
1563,1248
1613,611
3973,967
889,2243
1610,313
5505,942
1348,313
2979,1048
2287,2218
2583,1048
2421,2218
3527,99
3265,99
4941,2297
1188,31
5749,521
5489,1348
988,909
3131,1038
2439,3147
245,986
3953,99
3557,99
3295,99
3369,48
4188,905
361,2100
956,31
4736,710
2272,940
5660,829
2160,2419
1692,99
1296,99
2538,1813
1853,956
3771,967
4303,2548
139,940
4829,1840
5073,480
4171,1840
5699,942
5872,870
3983,99
3399,48
208,3147
4197,967
988,1043
291,1869
3286,521
5256,722
1670,848
4335,1840
4104,1907
45,1813
439,986
3238,480
421,2100
1849,32
5002,24
1752,99
1490,99
1094,99
1168,48
1134,2157
4967,1908
2362,967
2384,726
4662,1272
2628,1840
3268,480
2667,1014
210,725
414,2218
2007,1907
911,3024
4182,1574
1124,99
1525,2163
2538,2297
3744,1348
5459,276
5063,276
1996,967
34,2347
810,2568
1481,521
1877,521
1048,639
2433,1907
1037,480
775,480
4831,276
4569,276
703,2297
4722,1272
3652,604
1249,521
1865,2739
3462,480
2560,1840
4724,2284
165,1840
1035,942
5185,400
3519,1364
4995,276
5148,518
3682,604
4886,1272
1677,1348
1675,521
2753,518
1805,1533
2412,225
2952,1667
3021,1272
3321,975
1646,2385
4507,313
5489,2100
5588,2079
5318,2218
3051,1272
359,1840
2231,944
503,276
5379,400
4558,2880
5561,2326
2686,1524
5385,2100
4442,2705
4013,313
1404,384
2551,518
3081,1272
5035,940
3087,2218
124,1569
2261,944
2395,944
1999,944
4993,714
5774,1279
5230,2347
686,1272
424,1272
5135,16
3288,2100
4709,1305
887,400
942,861
4780,956
3283,975
2729,1355
5512,2568
3178,400
5442,1048
3714,2100
4739,1305
3452,2100
783,400
917,400
2885,2218
3577,1048
4649,99
4783,99
5146,905
5237,2521
1142,518
2642,16
880,518
5424,2347
618,1272
1786,31
1524,31
3744,2100
5263,1840
3086,2100
5001,1840
947,400
1081,400
4491,48
4623,2419
4155,99
4914,905
5048,905
4487,2558
373,313
2618,719
1816,31
1809,3024
3589,2347
5825,947
4378,521
2215,679
5293,1840
5031,1840
5671,480
1581,2793
5901,942
354,421
734,642
1437,1324
1080,2218
1376,1048
1114,1048
1711,3024
2781,1248
4408,521
2567,730
471,2110
4146,521
5719,1840
3301,725
1476,2568
171,313
5907,1487
1110,2218
1406,1048
382,725
2612,99
2290,48
3109,905
2350,99
1954,99
5836,2775
5096,521
4834,521
1181,1869
1315,1869
635,2110
755,714
5827,1908
4056,604
732,730
1726,2342
3226,1840
2380,99
2514,99
3928,2297
4864,521
2123,2163
4342,1348
3974,952
5661,276
193,48
5814,1272
5879,1667
4470,1533
5313,2976
3557,1014
4741,306
3293,1907
4949,1918
3696,2297
635,1305
4787,1590
368,961
149,99
1792,2157
283,99
5716,1272
2371,521
530,730
3252,2256
2257,1173
1283,967
2967,3026
1927,480
1159,1840
575,99
4996,20
2294,1590
2535,521
3594,276
1051,967
393,967
3485,1272
536,521
1757,2297
4920,533
3886,276
3624,276
4173,1272
2440,2704
3362,276
4828,944
3911,1272
170,521
5011,1590
1571,979
2967,127
2750,1590
4240,400
3844,400
3524,984
4069,518
4875,2079
3679,1272
4393,615
4847,31
5514,1248
4428,986
5510,725
3971,1272
238,1348
2719,533
2081,276
5902,956
1423,276
3023,944
1448,1272
5802,725
865,2385
3642,400
4907,31
3145,533
2173,400
5041,31
3745,2218
5509,99
3449,944
5670,956
1587,276
5804,956
2237,1324
2908,31
12,604
198,959
3271,1022
1170,2058
3444,950
5861,1840
4467,1048
3429,1581
640,2243
4272,3024
5277,99
5738,1248
5745,2419
5747,48
5879,2419
1947,2100
3334,31
4278,1526
1334,1119
3737,421
4375,2398
5753,967
2735,611
3215,1248
3015,2880
5238,521
1334,2058
676,2058
5891,1840
5597,1393
5800,32
1216,1248
3473,725
5307,99
5441,99
5119,48
3794,1305
984,898
2498,1048
1678,2218
3442,99
2368,975
3507,1248
2285,940
2011,1869
5268,521
414,718
3253,2829
706,2058
2611,1110
5921,1840
1674,5
5471,99
5149,48
5283,48
1293,313
5145,2558
2,400
1696,3147
3472,99
1742,1048
2439,976
3284,48
503,1325
1539,719
1697,1305
5656,229
1657,940
375,2079
1410,1248
2248,2347
2530,1279
3918,2256
948,2880
1196,730
3956,2548
4348,1840
4086,1840
3737,905
5724,521
385,3147
2587,2163
5860,1348
5462,521
1630,1372
773,31
1241,99
1368,2126
342,976
3716,967
698,611
2016,2347
2895,1003
5205,306
5685,943
1698,725
1851,967
1832,725
3270,99
3404,99
336,2100
2987,942
5492,521
865,909
634,976
1405,99
747,99
3746,967
4016,2548
2969,521
5182,480
3884,1840
1881,967
2787,480
2525,480
2647,2163
5343,24
1788,1907
5484,1195
67,2218
1039,99
1173,99
777,99
4397,2775
3919,521
2191,2297
3793,1348
2013,1244
5879,943
3817,1907
1785,2548
615,710
1947,1563
1690,1907
690,480
5170,604
3427,1348
4674,400
5939,31
1687,2548
4939,856
2380,1014
3564,306
2213,1840
3633,1574
80,1840
3457,1348
5733,313
3142,24
5063,1272
2196,2775
4801,1272
4539,1272
5834,2058
5101,975
3843,256
2540,1272
2992,615
750,480
3313,1195
3756,2704
4831,1272
4569,1272
1444,2739
2283,276
158,726
2417,276
2570,1272
1976,533
3999,2058
518,480
5160,400
705,306
3408,1590
4636,400
1828,1574
3479,1241
3911,898
4420,775
1543,1590
1480,1241
2247,1908
2701,1324
4174,719
4950,940
4029,2058
944,480
4908,714
4173,1248
339,1272
5464,2100
2929,400
2502,1272
4718,940
4456,940
4060,2660
369,1272
1943,719
107,1272
2221,2915
4836,2100
2905,2793
2697,400
5753,1048
1926,2243
4694,704
5905,99
2264,518
4748,940
2200,533
832,400
3091,704
3658,2249
3906,99
3228,975
4367,1248
4389,1007
4799,905
795,1272
380,276
1567,31
4759,725
1844,1248
2040,2880
2129,2171
3488,2218
600,400
4332,99
3936,99
691,518
4070,99
4963,905
740,2100
62,2976
664,1324
1731,31
1235,2079
1434,976
2270,1248
4393,725
3622,2568
640,1869
5342,1840
1935,211
1683,1653
234,400
4436,48
4040,48
3838,99
770,2100
2943,940
5403,2466
1499,31
733,2218
2569,2419
387,1581
1904,1248
2038,1248
2086,730
2198,971
23,2058
3676,710
4584,2548
5372,1840
4879,1907
235,2880
5544,2297
2624,32
1409,3147
2362,32
1159,2218
2131,99
2265,99
712,940
834,1869
610,2915
615,1007
4878,1840
4188,1393
5779,1009
2745,1840
886,2409
2557,99
2792,905
2033,99
1711,48
2134,905
4517,521
900,1526
4644,2548
4255,521
614,940
1333,2347
937,2347
4227,947
2383,2548
2775,1840
2909,1840
4080,870
3552,2471
2325,99
2003,48
4547,521
3868,1364
3481,726
5497,1272
5631,1272
2286,521
2809,2548
2151,2548
2939,1840
2580,1907
1035,946
1241,1014
1375,1014
4451,1348
2703,1748
2379,870
2423,2862
4183,1533
5265,1272
4195,604
2316,521
5399,1272
5661,1272
5910,1976
2570,1569
570,967
182,2548
2197,48
316,2548
1104,1840
1348,480
842,1840
3051,337
258,99
5404,276
4533,949
493,905
5295,1272
2753,1811
2734,1569
4871,944
2214,1533
3430,1272
3168,1272
4278,615
1134,1840
738,1840
2223,306
1337,856
3569,276
3856,1272
3460,1272
3594,1272
3198,1272
4628,31
5810,940
2604,533
4493,2058
4627,2058
2125,306
5788,400
1813,943
5719,2515
1470,2297
1972,1195
2254,127
4568,138
645,871
462,1918
4803,944
195,1574
4531,256
3624,1272
3228,1272
279,521
1581,1724
3030,533
2634,533
4396,31
5282,2110
1734,276
1338,276
5061,421
1229,1272
1363,1272
5076,729
5830,2100
2983,313
4419,3024
3230,944
1502,276
4547,1489
1655,1272
5323,956
3609,940
2561,31
735,1272
1845,615
3084,2058
5312,16
4123,2100
494,1590
4914,909
3952,2218
4652,909
2076,898
3824,2218
4995,1248
1423,1272
3965,1110
5911,725
3572,2347
3891,2100
1490,400
4150,1048
5222,99
4960,99
4638,48
765,898
1843,3147
2882,2058
901,944
3160,1248
5698,967
5832,967
2326,1022
2811,313
5427,100
4668,48
5124,99
2056,2100
1398,2100
209,20
1885,2218
2019,2218
4555,1110
3125,99
2803,48
2488,976
3226,905
3331,2419
2844,611
156,2079
1572,940
3504,2347
524,31
5078,2548
5866,1840
314,975
845,611
3467,967
1505,2347
3186,725
1589,1294
4832,48
2086,2100
4694,2558
3997,940
2990,32
3417,99
323,2377
1787,2218
1391,2218
2759,99
5560,1918
3652,905
2497,99
2994,905
582,2079
4324,2466
991,32
959,1248
3235,967
1535,2347
893,2880
4933,480
3635,1840
3259,2492
2527,99
1252,719
88,2079
662,99
3642,725
3146,521
4061,1840
4835,480
4626,306
1400,967
1119,725
5620,1918
2953,99
2631,48
19,2100
1538,1840
5533,229
1028,48
692,99
766,48
1328,2003
220,1043
1335,730
5863,1272
2914,521
2654,1348
2399,829
1168,967
906,967
1568,1840
1215,32
3759,2949
1058,48
722,99
796,48
1615,905
856,99
3342,1348
1439,679
3534,1518
1594,967
1198,967
3500,1907
4290,1272
1332,967
2428,604
2557,1014
2730,942
2468,942
3129,1590
4357,400
4033,276
5623,256
4563,276
1624,967
4320,1272
1371,521
4058,1272
3726,533
5749,2058
1363,1569
1762,1840
161,947
269,480
3772,127
4478,518
4870,3028
4746,1272
5914,31
4088,1272
617,1348
758,829
2619,306
1827,1272
2675,615
433,480
401,942
2010,1918
99,2297
5286,31
4090,944
2515,1272
2119,1272
2253,1272
1857,1272
3034,1837
1115,1574
3854,2515
4135,313
2811,2704
5712,31
1309,127
2448,400
4550,2218
5677,976
785,127
2607,2150
3596,944
2283,1272
4895,940
1951,533
3451,31
4252,1248
131,276
4250,421
22,1272
4751,2100
1122,1590
1103,1348
1855,421
2313,1272
2387,1221
4785,1869
585,604
2747,975
2260,2577
314,1272
4056,905
3820,2880
4596,2347
5091,2326
1877,2058
3671,313
4778,1048
5609,976
2782,2100
1806,313
5116,1043
4082,32
2774,704
3173,975
3985,99
2911,975
325,276
4888,2347
5140,2568
4768,710
1249,2058
953,976
4461,967
4442,725
5880,99
4367,1305
2288,2100
4239,2059
2513,2218
4015,99
3619,99
4080,1248
3357,99
1442,2079
246,1272
2177,956
1960,2419
2215,1248
4793,1305
4629,1840
2848,2100
3880,32
2706,704
3387,99
715,2100
544,2218
1784,99
5008,2775
4259,967
761,940
5055,1840
1845,725
343,400
696,3147
2268,2521
4818,557
4289,967
815,1526
395,940
517,1869
3045,900
4655,2256
5085,1840
14,1248
800,2157
5516,306
476,1279
4726,1907
2298,2548
738,2218
906,1048
1978,99
1716,99
4066,521
3570,2569
2885,2466
1775,679
1226,2157
5739,1667
358,2347
2192,967
3155,1014
3098,480
5421,2297
4027,943
2196,1840
1506,1393
40,725
995,2409
4675,1918
2433,1029
936,1048
1548,2558
4232,1348
2502,2297
5289,276
3453,829
5825,256
4918,1272
1969,521
2884,1840
2622,1840
466,725
204,725
97,2548
361,1840
2182,1918
1999,521
1603,521
2992,1908
2293,1907
1857,2508
4207,2176
129,1840
5015,400
3908,604
4307,313
5112,1272
5826,615
4384,533
4554,944
3022,1908
4156,1837
30,521
4408,2058
421,1840
1906,306
555,1840
159,1840
1248,306
890,598
2134,2385
5532,518
5513,276
5084,1294
5404,1272
5672,2218
4810,533
4980,944
4322,944
110,1574
3405,1272
4456,944
5743,1869
4979,719
4766,611
4912,2880
4170,2243
882,1272
2378,1590
3210,400
4882,944
2579,533
4746,1248
4431,2176
2215,256
4878,421
5382,2398
912,1272
955,1908
571,979
5775,2100
5534,725
301,337
3605,2218
4995,2110
1375,400
4102,3024
2913,944
2255,944
5342,905
2816,1011
942,1272
3426,940
1772,975
5564,725
3831,2157
5302,725
5222,961
3544,2100
4535,31
4972,32
3361,3147
4335,909
1009,400
3669,1048
4741,99
4875,99
4553,48
838,518
1368,1272
710,1272
844,1272
2764,2110
5715,1244
1609,3024
5217,967
14,256
3904,2793
3181,2398
4936,725
4031,2568
402,2058
3836,2100
3574,2100
926,523
4061,2218
1039,400
3699,1048
2675,725
3437,1048
4979,48
4643,99
5942,2347
2576,719
1174,975
2447,1248
2297,2243
2345,971
170,2058
5781,1840
3738,2100
2967,725
4125,1048
4613,48
4673,99
4072,633
1529,1324
3258,1840
2674,99
3725,525
5411,967
5545,967
4896,521
1255,940
4634,521
5515,2256
993,940
5683,1840
5287,1840
1703,2793
3150,967
132,611
3131,725
3747,2943
462,2243
2762,2548
4190,480
1769,2100
1373,2100
3288,1840
1111,2100
2838,99
2912,48
5060,521
237,31
1157,940
1038,1248
4616,480
4541,306
3221,1907
2058,1048
2808,48
2959,1907
5575,2256
2927,679
260,3024
473,99
5411,1101
672,1248
806,1248
842,905
2695,521
1382,2347
592,730
630,1022
2956,2548
3744,1840
5457,2385
4655,943
2972,48
2353,942
1239,2419
1134,905
2679,1866
872,905
5808,1272
5476,533
4471,1014
5214,533
1094,725
3977,856
2549,480
1513,1840
1814,1014
2645,942
1891,480
2409,2163
1154,1907
5538,1569
5025,2704
2889,521
3431,2790
2627,521
1925,1003
1839,2949
1939,1840
851,2256
3434,994
1415,1840
2370,306
1580,1907
5905,400
2835,1574
371,2558
2573,1574
4265,1272
4193,615
277,829
5836,421
182,942
669,306
4332,400
5173,1016
1562,2775
822,521
562,1348
4619,615
1143,1101
1772,1272
2486,615
2202,856
3463,2058
4978,898
2872,1590
2726,2704
4197,1272
4191,3147
2307,276
5309,99
2198,1272
1845,1908
5620,2243
1936,1272
3104,31
2969,2058
3768,950
4666,2100
5749,2249
4307,2167
3803,944
5601,99
5339,99
2228,1272
1813,276
5660,679
3530,31
3134,31
1372,533
714,533
3403,421
3537,421
5796,725
3389,2243
5319,1325
3930,2567
157,615
1000,2058
4921,2218
3797,725
4659,2218
543,1590
5181,48
2903,256
4346,940
1782,0
1140,533
1706,944
904,256
642,256
3307,1248
131,1272
5853,2548
5079,710
5795,99
5533,99
3886,1305
2166,2218
2462,1048
3740,2419
3272,99
5522,2569
2511,940
1456,2058
1322,2243
5050,480
5375,48
3564,99
3698,99
4195,905
4940,1813
3537,905
1359,31
4956,1003
3302,1038
3778,967
2022,725
4941,321
4151,956
3070,99
3963,905
5690,1348
215,3147
1127,31
1467,99
4466,967
1145,48
1928,1248
4185,725
4226,726
3689,521
4342,1840
3758,99
3174,48
65,1294
166,2100
641,3147
1587,1305
4648,2297
1198,32
5720,1348
391,2218
2534,2347
5274,480
4409,1907
3275,480
2373,1840
159,2218
455,1048
943,48
1720,679
5625,306
4083,3026
4833,1272
1178,1793
2799,1840
2781,480
5888,127
1295,99
1369,48
782,480
272,940
2740,829
5125,1272
4729,1272
186,2297
1652,521
1741,2256
609,710
3207,480
4136,943
3740,943
2998,306
812,480
306,1840
2477,2297
1042,942
1611,870
904,1008
5289,1272
5027,1272
4631,1272
4299,533
1286,521
1420,521
4207,944
3137,276
2558,1323
2632,1272
4516,9
1322,1117
3732,1590
5618,400
5222,400
3033,276
3975,944
646,726
2583,979
3226,856
1006,480
238,1840
4990,400
5450,1324
5264,2100
3088,1272
2692,1272
4994,1458
2430,1272
1836,533
4255,2058
171,1907
733,856
5294,2100
3788,313
5257,2218
4861,2218
3118,518
2460,1272
2524,533
2170,944
991,1272
4857,5
5458,2100
5062,2100
5549,2218
1433,1590
1436,2827
4366,1084
4746,1305
4450,31
4188,31
4415,976
4891,905
4789,2880
1802,1837
3629,1730
4773,2347
1793,31
1531,31
2873,2915
335,944
5247,725
3227,2100
4521,32
4820,99
4424,99
4558,99
4921,905
4623,1248
4659,905
5055,905
1051,1272
4086,1043
2219,31
393,1272
1045,3147
2624,1248
2758,1248
4900,967
4774,2548
2881,1813
246,2915
227,421
4040,1048
1765,211
2620,725
1221,1279
722,400
4122,858
4662,48
4326,99
5740,2297
3135,2110
1517,1048
2341,2249
2335,714
4668,967
1980,2243
5464,1840
4715,32
131,1248
2784,725
4356,99
4430,48
1684,2100
5770,2297
1413,1048
2223,99
889,1048
2563,2419
5892,947
279,2058
3615,1003
5738,480
676,940
423,1248
2833,967
737,2347
1269,3147
2125,99
874,1305
4967,229
4705,229
2277,870
5563,1014
594,2419
191,1248
585,421
361,905
1939,2568
507,730
3263,1840
3001,1840
3641,480
4036,1009
321,725
4817,1574
2652,905
1642,480
3307,2297
2872,679
3455,2949
375,961
4993,2739
5698,276
156,99
1324,1110
355,1248
3753,1071
5129,533
2769,1840
3901,942
3330,1907
747,725
2581,99
4981,1574
3995,2297
806,1305
4803,521
3619,2949
4386,1364
5540,225
58,99
1734,2297
3057,967
2542,521
2669,2548
2765,2256
3457,1840
4097,480
5463,944
4284,306
4022,306
1759,1014
4852,9
3171,2385
934,1840
2066,942
350,99
424,48
28,48
88,99
5308,225
585,905
2574,1348
5097,944
1795,829
3918,1272
848,726
4756,1590
5079,2243
4863,898
2476,1348
5127,944
5261,944
257,1574
3686,1272
79,521
1390,1840
5538,2915
1400,276
2014,1667
413,3026
5657,1294
5291,944
3716,1272
5146,31
5156,719
3454,1272
4884,31
1826,276
5289,1248
1851,1272
1455,1272
5608,1001
5687,1294
5074,313
5625,1355
5076,2079
4014,2218
535,521
5048,31
2890,533
5319,1248
3648,1114
4085,1869
1485,1272
4907,2243
5635,730
4629,986
3486,5
2742,2705
5078,31
1814,400
3916,2218
5284,99
1515,1272
5257,905
3079,31
3569,2110
2421,31
1091,944
423,256
4313,2793
5760,967
5741,725
3983,2100
4900,1048
1978,400
5314,99
5388,48
3980,1048
5052,99
5126,48
874,313
3109,31
5433,730
2847,31
2678,976
4090,2347
1513,421
4281,2100
4372,2218
4668,1048
5814,48
4869,3024
1746,400
5216,99
3569,1305
3703,1305
425,1776
5537,679
301,20
3040,961
1950,3024
3700,1007
3987,2003
3596,2347
4658,710
1283,1248
2724,1105
5186,48
1815,1294
2312,2100
3831,1840
1879,2218
3643,99
3992,253
2775,1043
1314,719
5469,521
1169,2058
1445,421
3597,2548
3208,521
639,2243
4123,1840
2342,2100
1946,2100
3599,1840
2467,1048
3351,48
3015,99
4429,2297
5895,521
4167,2297
172,2218
5237,521
5058,24
3277,1038
4433,726
4149,967
1215,1248
2591,710
4927,480
1492,967
1473,725
111,2100
1928,1305
472,1325
3158,942
324,3147
1120,48
1939,905
1180,99
784,99
3521,967
4579,1086
3529,2548
5228,943
2336,726
1503,725
2696,480
4623,2297
1794,1840
5586,1590
1210,99
1707,905
948,99
3434,1348
476,1043
2484,947
1562,1840
5027,1195
1109,3026
1052,48
5732,2704
3462,521
695,942
3336,1348
4412,1272
1850,967
4150,1272
1201,521
499,1003
939,521
4714,856
1988,1840
2206,979
233,480
405,1526
5847,533
3343,1364
423,2297
4576,1272
3848,533
4314,1272
4099,1872
2290,276
2620,1908
525,480
3549,1590
5039,400
4715,276
5512,31
3920,944
2741,1272
2345,1272
3482,718
2083,1272
689,480
2251,856
4178,421
3579,1590
4312,421
560,1009
1341,1574
5542,31
3950,944
5507,976
5882,99
3033,1272
4345,719
2175,2150
4725,940
3223,615
647,604
1781,533
2168,979
4344,1248
114,1272
962,615
2405,518
4615,1869
3665,2249
3766,611
144,1272
2775,990
5464,2568
1446,31
5892,1325
4370,725
1764,313
2261,1119
4907,1869
5303,1869
3737,31
1579,533
3475,31
4538,1248
1611,256
570,1272
1738,31
2261,2058
46,1272
1999,2058
2658,940
3681,1038
5262,2218
2679,2167
4971,2419
4107,99
124,0
2426,940
4845,967
4826,725
4583,967
4564,725
510,975
1343,1730
4717,967
4195,2548
5745,2163
5418,1014
4234,32
4757,1305
4137,99
4271,99
3949,48
827,1032
1932,31
3017,1007
5427,726
4769,726
5409,1840
1563,2793
1301,2793
4375,2492
575,2100
709,2100
1366,909
1741,32
1906,99
108,944
276,2218
1644,99
2040,99
4777,967
3591,2568
225,940
4519,1840
240,1248
4422,1907
1135,2100
2654,1840
1260,1048
3646,2625
5160,2775
2070,99
3484,2297
1744,2558
4294,1348
4554,521
4942,1569
389,940
2527,725
644,900
3080,1840
769,2100
4078,942
1994,1393
285,967
4896,1574
2174,48
235,99
5406,1272
4012,480
577,967
558,725
3678,2297
3,99
77,48
1283,2297
5698,1272
2093,1348
4750,944
3284,276
2043,480
1385,480
1123,480
295,99
2206,2349
1447,2297
5070,1272
5600,1272
2613,229
2391,1348
5634,856
2001,604
3601,1272
2611,533
909,1840
2041,942
647,1840
2478,943
63,99
5935,2100
2051,2569
5932,1048
839,2949
5206,944
3994,1324
26,1348
3369,1272
2379,533
3141,856
4858,611
1017,1908
540,2508
5251,313
3564,400
5654,3147
3040,400
232,1574
3508,276
1799,604
3709,0
334,2790
5630,1248
1138,1272
5230,725
5319,16
396,1574
3097,533
3539,878
3685,3147
4597,31
4659,909
4101,2079
1012,759
1430,1272
3914,940
906,1272
3518,940
2657,611
5413,967
2907,5
5715,1305
250,1348
1759,400
4123,2218
4761,31
4330,976
2931,1530
1594,1272
1198,1272
3648,2110
2889,2058
2769,421
5424,725
5581,1840
5094,32
2556,313
770,421
3891,2218
3163,725
5393,99
5131,99
5203,2419
4809,48
4473,99
5887,2297
1880,3147
2792,31
3198,719
1630,2218
4183,525
2736,99
676,944
2935,1248
4549,2568
1317,940
5513,1305
3830,2100
3851,725
879,714
5055,1393
786,2243
5161,99
5235,48
4899,99
933,950
983,313
2884,909
721,313
2560,31
1956,1048
3176,2249
706,944
2578,48
5250,521
3099,1248
5637,967
2214,525
2453,2793
1542,2347
3357,725
2452,2568
2961,725
3737,946
1995,2100
1599,2100
2652,909
2120,1048
2765,32
3192,99
2346,48
2604,2558
5018,521
5152,521
391,909
3049,730
868,1248
3428,726
3144,967
1050,730
654,730
4369,1014
3806,1840
4489,1116
1629,2100
4184,480
992,725
2638,48
3094,99
1051,1305
5182,521
1192,32
359,31
1541,940
1122,956
764,1248
437,99
1998,2347
3854,726
5334,1292
3183,521
3048,2548
4476,480
19,1279
1571,967
56,2100
4142,2297
2445,942
7,3147
750,976
4434,604
4902,480
3738,1840
1601,967
3195,100
1739,1840
3948,337
571,48
631,99
994,905
4436,276
5630,256
13,2157
1373,1840
5299,1590
735,48
1679,2297
4491,1272
4095,1272
4659,856
2573,480
1537,1840
5770,20
3311,1348
3049,1348
240,2297
3927,533
652,521
398,604
3689,2058
5475,2704
5600,898
3315,127
4588,400
1342,1348
4289,1272
1099,1590
3433,533
5188,3024
4985,975
5862,1248
5516,611
2391,1324
3719,2058
372,480
2409,1903
5117,1279
481,615
505,1009
3767,5
5154,2100
5549,909
578,1487
5827,99
2647,1667
2454,1272
721,2704
2101,1908
330,604
5409,1279
193,1272
3219,2243
3315,2705
361,856
4355,2218
2484,1272
2490,2218
5654,679
594,276
1798,944
3715,730
1652,2058
2075,2915
3233,986
657,975
1085,2176
4949,1048
3087,2100
3682,31
4119,32
4864,940
2642,3147
290,400
4490,2419
2948,975
3385,976
764,256
253,1272
4000,2003
2591,1869
3759,2880
5848,521
1286,2058
2655,2793
1960,1248
898,1195
4776,2409
5655,99
4800,1305
5863,48
582,400
2846,1048
3887,32
2584,1048
4052,99
4186,99
3528,99
21,1272
1451,31
5382,2569
411,3147
1990,1248
2432,2347
5064,947
1528,2880
5363,1014
2526,2167
3498,48
3954,99
3558,99
490,2100
3494,2558
624,2100
1615,31
2423,2419
1559,99
1624,1248
3140,1279
4887,2374
4830,1840
1337,2157
4172,1840
404,986
1882,725
5660,2297
5398,2297
258,2100
392,2100
867,3147
483,2218
1985,99
5006,726
1723,99
3137,2297
3811,521
5366,480
5557,1014
3692,48
3501,480
5166,2297
422,2100
3770,870
647,2218
2089,48
1753,99
1357,99
1491,99
4373,1348
2877,1003
334,940
2491,967
3135,480
4198,943
3802,943
2544,978
4141,1348
5064,276
415,905
5217,1272
2006,521
3489,604
2140,521
3724,2349
1434,480
136,1840
2741,337
445,905
1100,2297
4787,533
2833,276
686,967
3029,1908
1571,2821
428,1840
1560,942
5448,400
3228,24
3119,1020
5908,1324
4725,944
3016,518
5583,975
1684,604
192,967
1694,1292
2888,1272
3284,1272
1750,1574
5831,3147
4627,944
3223,1908
3314,1272
2961,1908
4348,31
2586,533
5664,940
2656,1272
4438,2176
4734,1006
5577,5
962,1908
5782,2100
5386,2100
4672,313
4523,944
5180,719
3344,1272
1482,604
3082,1272
4278,2079
4250,31
4994,714
71,3026
4875,1022
2856,2622
3411,400
2844,518
2978,518
4664,960
3776,2218
5462,940
5343,1248
1113,1272
2047,2079
510,979
2019,31
2946,421
3727,986
2684,421
2424,1248
4516,99
1677,1206
2718,944
5147,905
1143,1272
3219,1869
3231,940
3112,1248
4232,1279
5513,2167
4202,2568
4711,725
3611,2100
2088,898
4777,32
4814,99
4616,2558
4915,905
911,1272
1370,1032
3261,940
3099,2110
1817,31
3395,940
5814,967
3587,1110
2916,905
79,2058
5690,1840
146,1590
5032,1840
4710,99
4388,48
4448,99
1380,2100
4384,2558
5600,2297
2505,31
1739,2218
2711,99
2523,48
255,944
5582,967
3601,2297
3620,2347
516,719
4924,967
4933,521
4932,2548
5324,1840
5458,1840
5062,1840
1739,2568
4874,99
2933,2548
4457,942
1373,2218
1111,2218
2553,48
3358,1007
2687,48
1742,3024
5359,521
577,32
0,960
494,2249
1194,940
5750,1840
1171,956
417,1248
3089,967
899,1022
5785,1272
4129,480
1333,725
2583,48
5444,1918
1392,1305
4057,2297
382,99
5662,276
581,1248
2857,967
1957,710
5004,306
3257,1840
3558,1014
2052,947
5474,1918
2747,48
362,1325
996,1840
674,99
1276,2419
808,99
1272,957
546,99
909,905
5647,533
2761,2548
4246,1014
4585,480
4989,533
3287,1840
5262,2385
4023,1908
626,967
1026,1840
838,99
120,48
5613,1272
2664,521
2564,2569
5198,2750
5323,944
1314,967
4065,979
1546,2256
5439,2058
1958,480
1452,1840
2092,480
1355,1907
606,99
680,48
4568,2704
93,480
4955,898
1758,2297
2434,1348
5353,944
3961,225
4436,1272
4040,1272
1091,521
3699,979
172,2466
3778,1272
829,521
5342,31
3516,1272
5469,2058
2122,480
5681,2880
2598,1348
5383,944
3917,276
4466,1272
3808,1272
3942,1272
3546,1272
5237,2058
3780,944
951,2739
1918,276
3122,944
2735,306
5515,1248
2261,615
1977,856
2647,1590
286,1009
5712,1011
3167,313
1539,1569
5140,31
4878,31
2344,276
4668,975
5545,1248
5884,714
1483,856
619,256
3578,5
3672,606
5862,1305
2040,400
5128,2249
5510,99
5575,1248
1924,225
2003,1272
1741,1272
4470,1525
1147,533
5233,730
911,2508
1317,944
1225,1355
3947,2100
1743,5
4172,2218
5540,99
5278,99
3462,2058
1311,533
1743,944
4002,1248
3279,99
4519,986
740,909
1074,31
1597,2058
4854,710
4248,900
939,2058
3391,313
4635,2100
2234,400
5644,48
5704,99
5308,99
1978,2100
3795,1305
1341,533
2232,704
3047,99
1249,944
198,1272
581,256
1890,940
4488,710
842,31
2734,2793
5674,48
5808,48
5412,48
5221,480
2355,3147
3735,99
3339,99
1541,944
3473,99
3151,48
3970,905
1103,718
2316,940
1920,940
3458,730
2054,940
2031,956
1635,956
2793,1279
2434,2100
4989,480
3717,3061
5572,306
5341,2625
2094,2409
3503,99
173,2100
851,1032
1997,32
5725,521
2084,940
2001,905
2135,905
4222,725
2114,28
4814,1014
4757,480
1961,725
1565,725
4282,1907
3533,99
3345,48
5671,1574
203,2100
4423,2297
3672,1574
4405,967
953,1285
4281,1840
1748,967
824,2568
4499,979
3637,48
2282,1840
105,2100
1224,2660
1537,905
3264,1348
4717,276
2174,967
474,2347
4080,1907
4870,1272
2048,2548
561,1003
1819,1907
1140,2558
3454,2569
4600,1569
36,2471
4900,1272
4638,1272
1946,1840
5651,1032
2855,2775
5064,1272
272,2347
3598,604
4406,1272
1061,521
4676,2853
4378,944
2912,276
1076,829
4327,1918
3245,1590
5131,400
3948,20
1445,2739
2808,276
4408,944
4002,256
4146,944
2754,979
2833,1272
2437,1272
781,480
231,979
4112,20
4191,313
1083,1195
4438,944
680,24
2710,276
2863,1272
2467,1272
4031,31
3738,718
1207,480
1915,944
3192,400
3326,400
2197,1569
127,1918
2759,518
1294,2704
2631,1272
4719,940
4862,1248
5691,2793
875,276
1028,1272
632,1272
5312,3147
4596,725
2698,400
3829,31
2789,3147
4169,99
2371,944
5167,2419
4234,1248
1058,1272
400,1272
1830,31
3146,940
1829,2058
5086,710
3460,2793
2020,313
4391,858
5915,942
4418,961
3489,2218
729,400
3227,2218
4273,48
3521,975
4756,956
5747,2297
4974,2347
430,1272
564,1272
232,533
2914,940
1952,2249
2399,1248
2533,1248
2975,2347
3314,1813
903,1869
1987,2243
2071,2880
3294,2100
4715,1305
4460,32
856,518
2454,1305
2944,940
862,2218
3794,1110
1989,976
170,944
2966,2419
5082,725
2743,2347
4577,967
2476,2003
1650,729
5373,1840
2578,967
4071,48
3740,2163
2491,32
5283,2297
1288,2218
1718,1048
752,3147
1060,1048
2773,2347
2907,2347
2453,679
3969,710
4750,521
4839,2256
4877,2548
147,2249
5269,1840
728,1248
3288,726
1161,2793
528,2880
2616,2548
5868,856
3008,1840
1227,2100
660,2218
794,2218
1900,99
1974,48
1045,1305
4518,521
5313,984
5433,1840
3034,967
1334,2347
1616,1279
3529,946
2776,1840
3416,480
2588,99
4810,521
4550,1348
2800,921
5869,276
327,99
1072,1007
5607,276
526,1248
5760,1272
2549,521
1630,2466
3168,2256
2772,2256
4904,533
3842,480
803,967
2430,48
2034,48
4337,1590
959,2419
95,99
169,48
5790,1272
4191,2704
5528,1272
5266,1272
2469,1292
1367,1840
5025,1590
612,1907
4325,1364
259,99
2263,1574
5558,1272
2745,1348
5613,979
5692,1272
2347,521
4964,533
3352,979
475,2548
86,521
2714,2385
2951,1574
2593,1866
5313,313
4732,533
2245,1533
3370,1908
3723,1272
3857,1272
4368,256
5811,940
336,2739
2996,943
769,1840
5635,714
4980,2705
4947,313
2761,2739
5305,960
3887,1272
3491,1272
4921,31
678,1348
282,1348
5055,31
1601,276
2764,943
3201,944
2399,256
5062,421
1492,1272
1230,1272
1285,979
3284,2110
4447,2777
4715,313
503,943
4603,1038
3558,400
312,1348
4455,2079
5133,1011
50,1348
4916,976
4613,975
3231,944
5750,421
1656,1272
4006,940
998,1272
1062,533
3813,518
1015,1626
3142,313
1247,2915
476,1348
5321,99
5455,99
5193,99
5654,1248
3260,719
1092,533
696,533
5321,1038
5059,1038
728,256
4117,1279
944,1574
2585,2243
4675,1048
4105,3147
3721,2218
5089,99
5780,956
4066,940
387,313
3028,719
1030,944
2150,975
3603,2347
5931,2256
1684,421
2945,1623
5589,48
5740,1907
5253,99
5327,48
5387,99
5065,48
2252,878
2532,3147
5405,870
5446,679
2992,99
3066,48
3227,905
5699,2256
1969,940
3541,314
5867,1840
1588,1248
1192,1248
1837,986
5357,48
3107,961
3519,905
5767,2548
4707,2568
159,31
5897,1840
1482,421
1046,1022
4934,480
522,1022
52,2793
477,1279
1614,725
1980,1048
3448,99
4671,1009
2864,48
4600,2297
252,2100
5274,521
1253,719
69,3147
4310,1003
81,2218
925,99
1386,1248
30,940
2500,710
435,2157
478,2793
1248,725
1382,725
2703,480
1703,1305
20,2100
145,1048
1217,99
3355,1574
4055,1019
2768,2568
1336,730
2134,710
2089,967
2400,829
1674,725
1412,725
2093,1840
2867,480
5361,1590
1587,2419
723,99
5348,604
4528,276
362,1813
4553,1272
1208,521
3109,1117
5848,2058
2257,1840
136,2409
3188,2349
1149,99
636,480
3635,1348
3373,1348
2977,1348
1167,870
3367,1533
4430,276
4583,1272
1372,521
976,521
1112,1348
329,710
424,947
26,1840
853,306
4613,1272
1664,521
4668,979
5781,31
1140,521
4323,944
5943,1298
201,2753
2090,1272
2916,856
5076,400
3324,1590
3838,1811
4359,759
5873,909
1390,2739
5079,1048
4091,944
916,604
2120,1272
1858,1272
3336,1011
1908,1389
4215,421
1774,1574
5063,3147
3478,313
2546,1272
2150,1272
5581,1043
4120,719
1690,533
3983,421
1588,256
4874,400
3969,2243
4285,5
5148,2100
5535,1048
2613,400
5212,3024
1509,313
2314,1272
5048,1869
4402,940
686,276
3447,976
3834,2176
4283,1248
577,1272
3887,1248
711,1272
315,1272
4782,2100
5269,2218
2247,400
4611,2218
1539,313
3521,1837
1750,533
4828,940
3917,1248
345,1272
3079,1869
2683,1869
1513,31
527,0
2551,2100
1070,400
1441,313
4144,99
546,400
899,518
615,759
3882,99
3956,48
5296,2297
2001,909
1939,31
2859,940
2201,940
943,975
4754,967
4628,2548
1906,1022
5154,1840
4758,1840
2977,2100
180,400
4382,48
4514,2419
4046,99
383,759
3650,99
9,518
978,2100
1237,1048
970,704
579,1048
2047,99
4765,725
1700,2243
5824,480
5318,1840
2766,725
4412,48
4897,1029
2999,704
4076,99
5228,2297
1873,858
2523,1906
709,2218
1440,976
1889,48
2062,730
4952,1840
15,1248
2534,725
5913,306
4219,942
139,725
639,1048
1183,946
2107,99
362,16
2738,905
2051,2419
1583,99
4067,521
448,2419
186,2419
5413,1272
5865,615
3361,480
5013,1338
2271,99
1553,48
1687,48
2765,2297
107,32
3165,726
2979,2256
785,2347
389,2347
2359,2548
2885,1840
486,967
2526,1907
1788,480
3453,2297
1579,2558
5825,1724
4237,127
4416,1590
4619,229
2478,1866
5473,1272
4879,533
3817,480
3321,276
3133,979
2950,1272
524,2548
1050,1840
4708,1590
4663,127
144,48
2924,990
5604,1324
5241,1272
5637,1272
4951,944
2980,1272
422,1840
4432,729
5667,1272
4583,1837
5359,2058
3144,1272
157,229
5239,421
5175,2880
4630,313
4764,313
5612,2100
1983,1590
5000,31
5405,1248
5143,1248
2970,718
1175,1272
2050,718
4081,2326
2682,2880
5883,2162
3868,2218
5554,940
2610,533
4506,31
3902,1048
3176,944
1448,276
2112,256
5355,730
943,1272
3555,940
3038,421
5827,725
2514,421
1692,986
3932,1048
3362,3147
5138,99
4742,99
5210,2419
1082,276
4480,99
3707,1869
1107,1272
1907,2079
2537,31
2664,2058
2765,2110
2636,1730
3518,2347
2134,2243
4062,2218
5430,99
5108,48
4096,1048
3404,2218
4772,99
1508,276
4510,99
4584,48
5269,905
2171,31
1789,3147
3475,1869
975,944
2972,1248
5644,967
5666,726
3212,2398
1091,2058
1488,940
829,2058
5272,48
4936,99
4540,99
5010,48
2081,3147
2397,909
2615,48
5655,725
2881,2419
3172,905
1484,2110
336,31
1397,421
5550,1840
875,1248
3394,725
5453,1907
4453,480
437,1022
4902,2558
5442,967
5323,521
1670,1869
1167,1248
1308,2419
444,99
4546,829
3424,725
769,421
1946,986
2756,37
5070,48
5047,2508
3715,1840
3319,1840
1629,2218
2735,99
3366,905
1700,1869
296,2079
5067,127
134,31
474,99
4094,2775
2683,2568
2823,2548
958,2548
5385,1348
5383,521
2215,598
1162,99
900,99
504,99
578,48
1918,2297
316,48
1274,2003
2860,521
2464,521
4686,943
2678,480
3014,1338
958,1393
272,99
346,48
1270,2419
411,2163
5415,944
3949,276
5028,306
3020,1533
4236,1272
3840,1272
5531,2058
2842,480
2446,480
1940,1840
1678,1840
698,99
5856,313
2660,1348
5671,533
3191,984
5435,256
4528,1272
4113,276
1570,967
661,1348
2526,1533
4004,1272
659,521
1970,1840
3580,944
2532,789
802,48
5609,944
3900,1272
15,2297
2749,615
1420,1908
641,480
5629,256
5878,960
2727,2704
5931,32
2159,3186
4728,2218
5899,1248
5572,99
587,1533
2065,1272
1803,1272
4153,940
1971,856
204,1014
596,306
639,942
3636,421
4853,1324
2394,400
642,1590
5062,909
5396,31
4066,944
1942,276
2491,1272
2076,276
4089,1305
2229,1272
1833,1272
3263,31
4868,1043
1967,1272
234,1014
3666,421
4892,2568
3390,2243
3620,2705
4697,2100
4822,1048
3798,725
4956,1048
5632,99
5568,2558
2259,1272
2436,2100
1927,533
3833,719
4248,961
4871,940
2649,3147
47,225
1563,256
4804,2347
2348,940
4556,2218
5736,48
5400,99
2728,2100
4545,1305
3089,1325
2862,2100
1695,533
3591,31
327,400
3797,99
3153,2249
5096,2347
3650,611
4176,2347
1602,719
1196,31
1330,31
588,2777
5638,48
1648,313
4411,1840
491,400
4223,99
3501,2558
2290,719
1894,719
2792,1869
1360,31
30,944
4823,1003
1884,940
2489,1279
4041,967
2855,2568
2660,2100
2477,3147
787,519
5405,2297
399,2100
1820,1305
994,31
4853,1003
624,2218
1596,99
1730,99
1334,99
2502,1110
4751,726
1831,905
4467,967
4071,967
3543,2568
2155,1002
110,2347
886,2568
3695,2558
2088,719
4911,2297
1212,1048
654,2218
258,2218
554,1048
2022,99
4797,2949
1760,99
1364,99
2109,253
1498,99
4244,521
3982,521
5248,2821
1819,679
5198,1014
4635,1840
5767,942
2498,967
536,2347
3538,480
3672,480
45,16
1528,99
2808,2297
4014,1348
10,961
22,32
4108,229
3750,521
1048,2091
3631,829
5071,276
2247,725
2806,2409
4621,979
2026,726
1616,2548
3536,942
1846,3010
4042,521
3782,1348
423,2419
5918,306
5126,1272
5169,1908
14,679
4898,856
5032,856
2821,34
4646,1574
2409,1029
435,1840
1593,2163
569,1840
173,1840
2740,2297
5321,400
4722,1569
4760,1272
5290,1272
4842,2802
4708,358
3771,943
1501,480
4924,1272
5830,31
4197,943
3168,276
2663,1272
2310,1908
3755,975
4892,421
1232,598
2710,337
1402,1009
3879,2704
5350,1272
4360,533
5652,1048
4926,944
3600,256
2748,979
4653,31
2431,1272
397,1840
1529,942
1570,943
5703,986
5887,2793
1704,943
694,1272
2190,1590
5719,1869
4955,719
4559,719
2857,1272
3571,615
2695,944
2433,944
2027,256
571,276
1120,1272
4626,2880
630,856
2309,127
5846,1048
1820,313
4451,31
4055,31
5259,2419
888,1272
2056,31
1794,31
2508,313
2942,16
2627,944
4425,99
1052,1272
494,944
222,256
4072,1674
4748,725
3196,2003
3483,1279
1692,1043
4373,2568
5113,99
5240,1372
4589,99
5086,905
1082,1272
1734,3147
92,533
1654,909
2917,1248
2590,99
2655,1248
3627,2347
4669,967
774,2058
1593,2326
4955,48
5378,905
4619,99
1551,2100
2620,99
2224,99
2298,48
2019,633
2855,905
1167,2110
4582,1348
2202,1279
5233,1840
1253,2793
2815,725
4585,2558
1544,2218
3137,1907
3252,2419
3281,905
875,1305
4872,521
5753,2256
5931,276
5166,1907
501,2003
1964,710
1745,2100
4300,480
1483,2100
712,725
1574,2218
2418,99
4228,2297
1905,480
905,1305
419,99
5699,276
157,99
5852,1272
654,905
3290,967
612,679
3729,1014
2700,1101
5403,2385
2844,99
2126,48
2780,2558
1429,1840
3600,2297
2091,993
845,99
449,99
187,99
5882,518
321,99
3029,229
5288,533
2932,2548
3720,1840
663,967
2253,947
3755,1272
5274,1574
4603,615
1595,947
1760,1014
1703,480
3038,2385
1110,905
1765,2297
5784,1272
2439,521
1255,2949
2535,229
3485,1569
4770,1667
4215,856
835,2548
5019,1590
965,1840
3949,1272
3553,1272
370,2569
604,521
3291,1272
827,2256
1257,1840
52,947
3031,1348
3727,1051
4107,518
222,2297
4568,1667
4241,1272
4913,2079
1250,2739
3717,1272
888,1569
2569,1667
3689,944
5552,1248
324,480
115,306
717,2626
734,2041
4046,400
5635,909
2047,400
4015,2218
276,1348
5142,976
1461,276
5516,2880
2885,718
1486,1272
4198,2110
5502,730
5884,832
1916,856
1654,856
4758,986
4942,2793
3517,2880
17,306
4478,2100
4216,2100
938,127
4045,2218
5547,99
5681,99
545,1364
5285,99
5350,1248
5782,905
4010,719
1840,2150
2174,1272
2955,1837
4128,940
1946,856
1318,533
2346,975
3349,421
4642,2100
4380,2100
3984,2100
5711,99
5389,48
5053,99
3434,909
1610,533
2198,3147
314,276
3735,1022
3053,2880
818,718
3913,1294
4239,2218
4669,1048
5553,48
3966,1305
2670,1048
5631,870
3158,48
3977,905
2323,940
2061,940
3241,1022
2069,2521
3937,725
5449,48
3568,2548
4755,2111
4094,1840
5488,942
2936,2079
3510,99
1775,704
5472,1348
5859,2548
909,31
1817,1869
2152,2347
1052,1248
5613,48
2209,2100
3172,1393
2468,1048
3540,99
3218,48
3278,99
3352,48
2956,48
3880,2419
4171,905
4692,2297
5762,521
5500,521
4434,726
3888,967
4812,1840
3366,2548
3892,1840
5420,942
5532,1348
3421,942
5270,1348
1103,31
5750,2739
1705,99
1383,48
1443,99
5149,829
785,99
310,1526
2701,1003
4580,1840
5220,480
338,2793
1900,725
3775,100
5696,1348
1174,32
1077,99
1151,48
4697,2775
5831,2704
1813,2419
3299,521
1458,730
1175,1573
531,1279
4383,1272
1957,2548
5871,9
4170,1918
3641,1574
3861,1348
3618,1590
1096,2569
4809,1272
4852,1908
1860,521
4081,533
1202,521
3019,480
2117,1840
3805,1574
252,1840
1831,2385
2496,2775
5101,1272
4839,1272
4443,1272
2017,2548
4577,1272
664,1003
4415,944
2553,276
18,2548
2612,856
2749,2847
454,2297
3403,604
1658,521
3879,533
1220,2739
4183,944
2717,276
3921,944
2608,1272
2346,1272
1922,944
3769,2243
1650,229
2638,1272
1172,604
2772,1272
2376,1272
3806,31
3968,2079
4067,2058
5643,2332
982,480
486,276
829,615
5240,2100
1989,2704
3064,1272
5703,1043
4294,909
5414,940
2406,1272
3970,31
1972,256
5757,1279
669,518
5517,1038
803,1272
4113,1248
145,1272
971,856
709,856
2636,421
5029,725
3234,1279
5233,2218
3271,2100
2144,898
2832,1272
2408,944
281,759
1095,518
680,276
4897,956
2001,31
239,533
2135,31
309,1272
4063,730
2404,421
4663,725
4816,967
3697,2100
2777,2100
3830,909
4048,48
710,276
4569,1248
2427,31
1931,2079
1769,31
1903,31
1507,31
1472,976
3012,2347
3032,1279
1064,400
3125,2409
2927,704
4078,48
4534,99
4957,956
1070,2100
1799,31
1021,3147
1537,31
5792,1003
2139,99
2636,905
1877,99
1942,1248
5010,967
3310,2347
2076,1248
4614,967
5817,2753
1116,940
2124,730
162,2110
5410,1840
5014,1840
5061,905
1778,1032
838,2100
1709,3147
2266,32
2565,99
2169,99
2303,99
109,944
1036,3024
2368,1248
632,719
2939,2003
4391,521
1146,940
2876,900
4782,1840
1289,2157
5081,1907
2364,725
1958,37
4892,2385
831,2218
2595,99
2333,99
1937,99
2071,99
1675,99
4817,521
1203,1043
2683,2548
453,730
3209,1840
3343,1840
2363,99
2041,48
1779,48
944,940
364,99
498,99
599,905
5931,1272
3064,1085
4275,480
3373,1840
3111,1840
2601,2492
297,725
5930,1020
2205,48
978,1840
2473,994
3679,2297
1356,480
3303,2949
266,99
5412,276
763,905
5565,1272
5303,1272
2354,521
5437,1272
1106,1244
5275,944
3007,1840
3413,276
3141,1840
3609,1908
3631,1667
608,967
1422,726
3472,856
746,1840
484,1840
5632,400
558,99
296,99
370,48
34,99
4263,604
1052,2297
2122,521
5701,944
3229,2976
3074,1907
481,229
510,967
5818,940
250,2548
3920,615
2074,480
4568,1590
5460,2171
1225,1851
5165,533
5469,944
5073,944
470,1918
4156,1272
5471,990
5323,2058
940,1840
5826,400
2890,1574
4223,400
5929,2218
715,1348
3662,1272
5353,2058
1267,1272
2696,2058
5237,1294
5605,966
3729,400
1079,2914
3692,1272
4860,31
3960,2218
5006,2300
4457,3024
5780,940
1150,1811
3268,944
5661,1248
5697,905
5399,1248
1359,2150
1297,1272
3171,1011
5579,2347
4882,729
3400,1248
928,1590
3899,2100
3128,533
4112,3147
4420,1048
5698,2419
2482,1324
1723,518
3297,719
1461,1272
3025,31
2629,31
2429,909
775,944
5580,2548
1924,400
5656,99
5394,99
5495,905
154,2704
3055,31
3841,940
2277,3147
1031,533
1463,944
2583,975
3720,421
939,944
543,944
4036,2347
4093,2100
5515,1907
5424,99
5028,99
5102,48
5162,99
190,1206
2767,99
2841,48
3228,1248
5900,967
19,1324
2295,1043
4714,2568
2826,679
2594,1110
5879,1029
5454,99
5132,48
5266,48
2124,2100
4039,1840
3455,99
3133,48
3193,99
2931,99
916,909
5415,521
2624,1110
5373,2739
1655,1248
932,99
1412,709
3807,1840
3297,48
2639,48
4771,2297
5445,521
118,2218
4615,1003
962,99
1423,1248
700,99
4062,1019
3437,967
3580,521
4099,1840
3327,48
3065,48
319,2100
2927,2558
5630,1590
5585,127
270,3147
730,99
1447,679
392,1043
3348,521
3437,2256
1476,2548
3095,48
87,2100
2002,1840
1096,48
84,1048
834,48
1092,2558
3378,521
4699,276
325,1110
1894,967
4237,1908
4328,1272
5885,2058
1770,1840
3255,306
2076,2297
2886,1348
1138,1748
4467,276
2545,2775
4620,1272
4205,276
5399,256
738,2568
1013,521
2062,1840
2702,480
5054,975
3631,943
1480,172
1230,2626
1179,1348
4522,1272
1177,521
4952,856
5752,909
2527,1014
3430,256
111,726
2127,1272
266,1014
605,480
4851,400
4284,518
4661,276
4552,1272
947,1348
2662,276
2266,276
2157,1272
2687,1272
3447,960
835,1292
2346,979
4881,400
3714,2243
4030,5
5750,31
5368,3147
3342,1324
843,1533
4409,940
25,1840
431,276
4290,1248
456,1272
2295,990
3590,1776
2650,400
898,1590
2388,400
5115,3024
2485,1272
3257,31
4320,1248
5545,2793
5044,1279
4058,1248
486,1272
90,1272
4712,725
3236,1032
5631,2163
4831,2110
2771,3147
815,400
363,276
516,1272
120,1272
1684,31
5004,725
3209,1279
4742,725
4783,726
4499,967
4373,2548
2683,2926
3651,2563
2773,1099
3888,32
2289,2218
284,1272
1380,909
552,2218
1975,2058
2360,1869
2372,940
1410,2249
1857,1248
3977,1393
252,421
3784,32
4083,99
3895,48
3346,1526
5909,521
1887,1248
2379,956
2201,2347
503,2110
5355,1840
5093,1840
991,1110
4697,1840
5920,306
2279,725
606,518
3529,48
5399,2297
521,2100
259,2100
868,3147
2248,99
1852,99
1926,48
2313,1248
4985,967
2192,2419
1796,2419
1949,971
4861,1840
2066,967
2443,725
3630,480
1775,37
3764,480
685,2100
1160,3147
2016,99
3430,2297
503,1305
1690,2558
1447,1110
3857,829
216,1248
2096,967
474,725
515,726
231,967
47,99
2806,726
5614,1272
5218,1272
1873,521
560,2347
3487,306
261,967
1754,48
4610,1574
3125,856
962,1014
5772,518
5357,276
5644,1272
2299,521
3649,1014
4824,944
3387,1014
3438,979
3902,1837
1727,480
1895,64
2512,1918
1730,1128
5016,1272
5250,944
4726,944
68,521
3151,1272
5501,940
4842,2058
1117,1840
894,1014
4251,1590
4603,729
9,99
2233,1348
5844,2218
2894,276
4872,2058
5257,1869
446,450
885,1840
4011,975
5148,421
1316,306
4688,2880
920,1272
5803,2567
5734,518
1088,856
4539,313
3906,400
5182,944
3607,1272
262,521
3345,1272
5661,2110
354,2739
2921,944
5904,1279
950,1272
2641,2058
4831,313
5813,2100
5938,1048
3765,518
3241,518
3637,1272
3814,2100
5626,961
4543,31
4749,99
5702,956
1376,1272
5130,730
3726,940
3464,940
1361,1903
5602,725
4944,725
3844,2100
5661,1305
3978,2100
4635,909
5777,2419
4913,99
1053,1908
4045,1043
2340,2079
3756,940
405,1872
2979,1248
458,944
4974,725
3612,2100
5527,1840
5205,99
4943,99
335,729
2195,1324
5584,2347
107,313
2738,31
3144,719
3262,940
2682,99
216,256
3719,2347
4904,521
1659,940
746,421
1503,400
732,2243
4973,99
5575,2419
5107,99
4711,99
4909,2558
3594,1305
2988,2249
2712,99
5845,967
2319,1336
5330,521
1427,940
4419,829
5721,1840
3169,725
846,2880
5137,99
188,2880
3624,1305
3722,1840
3235,32
3742,1526
3138,99
5360,521
1707,1869
5100,1348
5098,521
681,719
13,31
5751,1840
3614,967
4032,726
680,1248
3352,967
2166,2568
4014,1840
3003,32
1334,725
3242,48
2980,48
2584,48
5306,1574
1655,1305
2644,99
4887,1590
532,976
3479,900
907,99
270,976
645,99
323,48
433,2660
1106,1248
5816,1272
2143,1244
3748,2256
4684,480
2220,710
1480,900
1383,967
1102,725
1521,1840
4636,1348
2826,870
937,99
675,99
3075,1574
353,48
1172,905
413,99
1568,905
5846,1272
2897,521
4380,604
3120,2256
4452,480
5068,2698
3956,276
1151,967
636,521
1551,1840
501,2548
4587,2775
1101,99
705,99
383,48
775,2558
940,905
1857,2297
5510,949
3023,229
2037,952
2097,1003
4365,861
5595,2750
4273,1272
129,2568
2701,1117
5863,2915
4784,1195
4849,1590
1222,1907
1366,905
5316,1241
5616,944
2412,1364
1574,1019
4346,1908
1219,2548
1745,1840
1483,1840
1780,1272
5202,2243
648,480
4632,400
220,942
5738,533
1305,1918
5646,944
4314,276
4071,1272
4205,1272
5635,31
4523,615
3647,944
2072,1272
3501,2058
5727,909
5269,31
3507,533
4491,3147
2139,400
3641,533
5169,2079
368,1348
3415,944
1687,276
758,1533
2236,1272
1974,1272
2666,856
2008,856
2822,615
3269,2058
2142,856
318,480
4564,400
4667,2218
128,1487
1717,276
3307,256
2266,1272
3568,31
3172,31
5874,1844
5,1272
1529,1918
5861,2548
2798,729
2595,400
2034,1272
3598,31
1086,944
2519,940
2123,940
3565,1022
4261,725
2571,2793
5833,99
2326,518
1259,313
2241,2100
3690,909
2850,3147
1470,533
2454,3147
2466,2218
2204,2218
3310,99
3807,905
4743,2347
5794,521
5257,2568
4751,710
4272,2927
4444,967
2447,2326
4582,1840
1557,313
2880,3147
266,400
3676,48
229,1272
5824,521
2579,940
2701,1869
2220,1007
5883,1101
4514,1305
4125,32
4102,48
5251,1009
3444,48
3504,99
5286,1003
387,3147
695,1048
2002,905
3086,1279
1704,1248
5601,1014
1132,1022
4642,1840
2224,725
326,400
4132,48
2278,961
2381,1840
3021,480
600,2100
3143,2163
4686,2297
2881,2163
987,1048
5758,1348
1797,99
167,2218
1535,99
1931,99
1213,48
1471,2558
2572,2347
2687,2297
2273,967
177,2347
3900,48
715,710
522,2567
2807,1840
2411,1840
4978,2297
2545,1840
2149,1840
2789,480
4386,2385
368,2100
5112,2297
1796,32
459,2218
1961,99
1308,2163
688,2455
3921,521
3525,521
5778,256
1779,967
1526,521
1787,2548
2179,1840
1803,48
89,32
4205,1569
5406,276
915,525
5559,1272
505,2347
4901,1272
2520,978
4686,337
4002,1590
2136,988
5193,518
5174,276
1693,2862
5065,1272
1974,1569
2779,276
3720,2816
3066,1272
4905,990
2838,856
374,1840
25,905
5357,1272
1228,1348
4409,944
5529,975
2962,1272
2700,1272
2868,856
4525,2058
404,1840
69,49
5564,2100
844,2297
5789,2218
5897,31
4531,533
4305,944
1744,1241
2864,1272
4428,31
2898,856
5038,714
4025,2243
4484,313
5332,2100
282,2385
3986,975
1200,1908
895,1272
2717,821
2190,2058
5758,2100
3223,400
5621,1048
5408,940
2713,1237
4893,1248
1321,1272
584,979
1059,1272
1704,256
401,1272
1227,856
2092,2058
2632,1248
5285,725
4889,725
3387,400
1668,1730
2220,2243
3478,3147
3390,1048
4462,99
2664,944
2268,944
821,518
4596,99
5355,905
3701,940
3439,940
3043,940
269,944
1127,975
5334,967
131,256
3238,2347
519,2058
4626,99
3375,1305
4364,99
1692,2100
1296,2100
5778,2297
1657,2079
1125,2218
1247,3147
3050,956
2365,99
2430,1248
5898,1840
5240,1840
431,1248
3084,725
5405,1907
1186,400
167,421
310,729
4656,99
2345,1325
4468,48
1722,2100
2609,3061
1539,3147
1821,2079
1721,909
1673,3147
1277,3147
3237,940
2657,99
2791,99
191,256
2856,1248
5275,521
5140,2548
5532,1840
3133,967
3114,725
2871,967
276,714
2456,725
3411,2409
4498,48
1313,710
1752,2100
1490,2100
1094,2100
3004,1496
1228,2100
3083,99
2425,99
2163,99
912,1305
888,719
220,31
1106,2110
164,99
17,611
3301,1840
3736,1014
3679,480
2529,48
2589,99
2787,2558
2005,48
1936,2163
4570,1590
5605,759
6,48
2678,521
2669,967
5761,1272
3727,1840
3465,1840
3203,1840
4335,942
2619,99
2431,48
5638,276
459,905
1395,2347
2582,1348
3639,276
4515,1667
1230,967
3530,1272
842,2548
2220,1117
1630,1840
5930,276
1540,2297
3008,1348
2610,521
5793,944
581,679
4882,2750
5135,944
3407,276
1260,967
3956,1272
602,967
4146,615
2300,480
1264,1840
1904,480
3476,1574
3833,276
1290,967
3986,1272
5415,2058
5019,2058
3892,856
4816,975
4053,400
472,870
4016,1272
1425,229
5580,31
3754,1272
3888,1272
4660,31
1458,1840
4887,976
126,1364
3464,944
5919,2880
2400,256
1639,1097
4003,2915
816,2750
329,942
2989,1590
1018,1918
4223,2100
3784,1272
5348,31
5086,31
5894,2419
5357,1248
2112,1667
1785,1272
1850,1667
1919,1272
4653,1869
1597,1221
1182,979
3492,1248
3094,421
4271,986
188,306
4649,2100
1852,400
5322,99
5783,1248
5819,905
2856,256
1553,1272
1687,1272
3244,2058
4025,1869
536,615
4551,2100
3028,898
4642,2218
5748,99
5352,99
5090,99
88,1364
3345,16
1463,1355
3028,1248
2056,1869
855,718
4185,2100
4706,1048
1650,400
4310,1048
5516,99
5120,99
5650,99
5254,99
1321,898
1338,313
5668,870
3276,976
1312,31
5477,521
1836,940
3993,967
5911,978
2031,2347
3605,2548
5220,2558
3869,1840
710,313
2441,2218
2737,1048
1713,725
3141,909
5001,942
3359,48
3419,99
3023,99
537,1324
4322,2347
3926,2347
411,2151
684,31
2000,940
5248,2512
1485,1248
1521,905
4520,1019
1223,1248
4031,2548
3246,521
1,940
4161,1840
5689,942
4295,1840
3127,48
3550,905
5933,521
506,1048
614,2079
1450,99
1054,99
1829,2347
3438,2569
3403,2548
4587,1840
4325,1840
3929,1840
4063,1840
1511,725
3832,1907
1249,725
3553,48
3291,48
2692,2163
5925,229
4235,2297
4273,337
274,1048
2707,2471
2402,1835
1854,2003
5052,1014
4355,1840
509,2793
4499,276
5182,306
256,2347
2356,1840
2094,1840
1584,48
1248,99
1382,99
1580,2558
1483,905
2400,2297
2782,1840
3026,480
2258,1840
2951,306
1600,1840
2994,942
5186,24
5723,1195
956,48
1412,99
3055,2349
2430,2297
3119,829
5108,1272
2150,967
1754,967
4450,1272
4846,1272
4584,1272
1892,1840
2460,2297
328,1014
5309,400
5004,518
461,2297
3935,2704
4480,518
4614,1272
4282,533
5782,31
4190,944
3918,256
5521,1195
3045,856
3463,615
2012,979
620,1014
57,1840
4943,400
884,306
3408,127
1742,337
1250,2349
1454,1590
5543,3024
3041,1272
2645,1272
2779,1272
4699,2110
221,1840
5107,400
3544,2243
4936,518
5509,2100
5113,2100
5722,3147
4058,20
4476,533
4122,944
4511,719
2656,276
1472,2704
2809,1272
2547,1272
3977,31
1819,533
4983,714
261,276
1137,1667
5015,2100
1629,1348
3138,400
4844,2218
1255,2827
4391,960
2577,1272
4793,940
3807,909
3745,31
2845,2218
4141,31
3710,976
4412,1248
1881,256
1891,944
4546,1248
4582,905
640,2150
1223,256
350,856
5258,3147
5270,2218
3669,1325
3046,2100
3784,1837
4171,31
4661,2110
4957,940
3694,3075
2183,944
4321,2419
4314,1248
608,1272
2578,719
4474,971
14,533
84,1272
5096,725
5374,2167
1966,313
1145,2793
4242,32
3274,3024
4380,905
2632,1305
4786,2347
772,1272
1940,31
2067,2058
1678,31
3183,2347
3317,2347
2083,1248
4359,967
431,2110
3325,710
5417,1840
5155,1840
2978,2100
3069,2218
3203,2218
4571,99
4366,633
3987,48
4245,2558
802,1272
5065,2297
2376,719
1770,909
5347,2949
5876,2512
2113,1248
4921,2548
891,940
5447,1840
5691,480
4789,1840
4584,2374
4923,1840
4279,48
4339,99
698,518
564,3147
2546,2419
2078,99
2539,1248
1441,976
4824,521
4562,521
4949,967
262,2058
4181,829
4953,1840
2950,967
3856,480
2166,2548
3350,1840
1039,2100
402,725
1264,2218
990,3147
902,1048
2370,99
2048,48
1031,704
2504,99
2444,48
1782,2558
3260,2297
4196,521
4330,521
570,1248
5785,276
2846,967
740,905
750,2347
5676,1272
5323,1908
1264,2568
3380,1840
4289,870
323,967
4019,1009
2534,99
4934,1574
5362,2775
2272,99
3948,2297
3028,2297
2757,521
2748,967
4658,1117
647,2003
2495,521
2839,1085
5874,856
4050,480
5612,856
4280,942
1033,726
4443,2626
353,967
2784,1563
1789,480
5144,229
887,1840
393,1305
1885,942
400,32
4399,2704
5736,1272
3874,604
2525,521
2263,521
1867,521
5050,944
4351,943
383,967
4039,856
1179,1840
3154,2385
2140,306
3396,1918
3295,2775
1485,2297
1223,2297
5638,1272
2033,1348
619,870
5906,2218
3505,1272
160,521
3243,1272
3639,1272
421,2548
555,2548
3886,1903
4906,10
5338,421
1081,1840
1074,861
1571,1667
4666,2243
2635,1574
5930,1272
5936,2218
809,2256
2621,1117
3011,1272
3407,1272
4255,615
5764,421
1111,1840
2546,943
4499,975
2200,306
1055,1908
5692,3147
3412,276
3367,533
4614,1837
4151,615
226,521
816,1518
1872,975
3370,400
2662,313
518,521
5093,909
2477,533
3043,944
1577,276
2781,944
5040,1248
5868,905
2227,1324
1468,1272
1602,1272
612,533
42,942
5694,725
5451,967
2422,2704
703,1590
307,1590
441,1590
45,1590
3899,2218
5401,99
2811,944
4764,976
5898,905
1916,1031
5780,2347
2666,31
1300,533
2404,31
1208,944
1932,975
5881,1840
4621,1048
3929,2218
1303,400
5035,99
5505,48
5637,2419
4773,99
1934,1206
1132,518
1724,2150
3498,719
2172,31
2358,975
976,944
5888,725
3549,2347
557,960
569,31
4428,1003
1550,2347
1832,1279
2947,966
5461,99
166,2243
4803,99
1558,518
4877,48
4615,48
1098,533
2094,2218
1698,2218
1820,3147
1832,2218
2616,48
1671,3024
4519,1279
2177,940
4489,2568
5813,1840
3919,725
302,976
1004,1248
1596,2880
2053,2567
5229,99
304,1022
5576,1338
3716,1305
2908,48
2968,99
3042,48
2646,48
3174,2419
2706,99
2274,2162
629,31
1430,1248
1571,2419
1168,1248
772,1248
906,1248
5333,48
3232,1084
3844,1840
5545,870
2998,99
5398,1574
3132,99
3453,679
2922,1393
3424,99
4385,1009
2840,48
5648,1348
5646,521
5143,1590
901,99
505,99
1264,905
1002,905
3647,521
1148,730
3123,521
4601,1014
3642,1840
1783,2409
1513,2548
1647,2548
2941,480
1777,1840
75,3147
1546,1907
87,2218
347,48
3415,521
3019,521
3153,521
5940,944
5425,2750
4212,276
4365,1272
1020,521
4103,1272
4951,615
2203,1840
1807,1840
1326,978
3915,2914
448,480
4432,400
5538,533
1184,521
924,1348
220,1003
2233,1840
1837,1840
2873,480
1575,1840
5690,2243
5664,1022
1065,48
478,480
5474,898
5491,313
4425,518
903,2349
540,2297
3365,1292
906,1866
4406,276
4297,1272
692,1348
2748,2821
2273,276
4993,975
3909,759
3243,898
4327,1272
722,1348
940,2739
4037,944
2571,276
5198,1730
2462,1272
2066,1272
4382,2110
2113,337
4201,759
235,856
1761,1575
4930,2100
5921,31
4759,2218
4329,944
354,1487
5930,1248
2230,1272
5492,1022
3525,2058
5509,2157
1806,944
97,1272
1630,718
231,1272
1526,2058
5222,2100
3883,2705
5481,1048
2098,5
4823,1048
4097,944
2631,276
3429,256
4358,719
1851,313
2126,1272
3194,2079
2798,2079
2824,1048
4095,1248
3487,611
261,1272
691,856
451,615
1834,1248
5215,2218
4650,2409
4126,719
3720,31
1958,533
4125,1248
3798,99
1604,944
4083,1022
2641,940
3118,1279
1714,2243
3350,2568
1452,2243
4148,2548
3155,2100
2893,2100
2588,2218
2722,2218
2622,1048
4090,99
3768,48
4224,99
430,276
4325,905
711,3147
4283,679
1227,31
2312,1007
2028,1248
2064,905
2866,2347
4547,725
4700,967
2688,1294
4312,2548
5606,480
5100,1840
4254,99
3932,48
613,518
3670,48
3467,2163
528,2100
479,3147
61,944
2192,1248
4334,967
2367,2003
144,2110
1978,730
2953,2100
4472,1840
2316,725
2613,2409
4284,99
3566,48
4781,905
2865,940
905,3147
3840,1748
1462,32
3453,1110
655,2218
5729,829
1627,99
4760,967
2258,905
3175,2297
4245,521
5160,1840
5404,480
1192,1110
4502,1840
89,1248
1271,2157
3864,829
223,1248
4898,1840
5199,1014
4801,1907
2994,946
1110,519
856,2100
2150,32
981,1048
144,1305
4275,521
285,32
634,940
5190,1086
3311,1003
3617,521
289,905
5072,276
2510,725
2663,967
2799,2548
3230,1014
1879,2548
511,725
808,2409
1011,1048
3306,1009
763,946
4617,1574
4305,521
171,253
5255,1272
974,2297
5389,1272
5819,856
1782,521
306,2548
1856,2163
5528,276
5681,518
1004,2297
742,2297
1444,2569
4429,533
4356,994
4006,615
4453,2058
1559,1014
862,1840
4239,1348
5449,1272
2214,127
4593,533
4739,2802
5159,944
1972,1533
3188,1272
3833,256
2926,1272
234,1840
3041,2915
4276,2704
2640,127
2268,521
2956,1272
2746,1462
5010,2110
4925,1248
5649,2218
5272,16
3510,518
3491,276
3050,533
3120,1272
4216,909
2696,944
1304,979
1383,1272
987,1272
2424,256
5454,2100
2954,421
4941,37
3540,518
1946,604
3680,2218
5204,2110
3714,1048
2726,944
5343,956
2464,944
998,276
1285,1272
4277,2100
2341,729
5698,1305
2105,2704
2771,313
5436,1305
485,1569
2436,966
5084,99
1181,1272
5329,2347
919,1272
3369,2110
2610,2058
1615,975
3459,2003
2712,1022
2371,729
2450,1022
4170,1048
154,1590
147,611
3612,2218
3216,2218
4792,48
1784,2100
3683,1869
2117,31
1351,2218
2925,2419
3890,2347
252,31
775,2058
1038,940
5157,1085
521,421
4072,1048
5144,99
704,313
2846,32
172,1206
2487,99
2561,48
5620,967
3082,1248
3746,1228
5642,726
5852,2256
1726,940
5105,521
5463,229
1464,940
4836,2548
5187,1085
20,31
5758,1840
687,1248
1525,2347
3746,2167
275,2243
2849,1619
2971,2548
4795,480
1716,2100
2913,99
3410,905
2651,99
2329,48
3688,2347
4739,521
5016,48
1831,710
256,1038
4519,2625
1575,2218
3017,48
2681,99
2755,48
2359,48
2097,48
896,3061
1266,1840
5301,1348
2398,942
682,99
2127,829
3295,1840
4646,306
3181,2492
2785,48
5484,1590
4742,953
4912,1364
918,2419
450,99
911,1248
5861,759
188,99
1864,2297
3583,967
1602,2297
2672,521
2291,829
1584,967
4925,256
1060,967
411,521
2624,480
3538,1574
5425,1518
480,99
1373,905
614,99
292,48
539,679
5453,533
5885,944
4365,979
4048,1272
3666,978
1752,1840
3954,856
1228,1840
5605,2243
718,48
5943,518
1662,2297
4583,276
4321,276
4078,1272
4212,1272
1003,1348
3554,1272
4268,615
1124,1840
5268,729
610,2558
4613,276
3955,276
4242,1272
3980,1272
5410,31
375,1348
4248,2218
3422,944
2352,276
1956,276
5679,421
2286,1908
4319,1869
3207,9
3081,1590
3239,2176
4309,400
1501,1574
4400,518
1184,1867
62,1009
1244,1918
4674,2218
2273,1272
1858,276
1462,276
2374,1324
2770,1324
5743,971
545,604
1749,1272
2918,1195
5841,725
3038,2243
699,1421
4966,2218
4430,3147
2169,518
2150,276
3750,944
2019,759
3863,821
2175,1272
301,1533
1779,1272
1581,533
180,1014
2863,2777
210,856
5634,31
5914,48
4210,2218
5578,99
5316,99
5813,905
6,1211
2205,1272
3373,31
3414,32
2211,2218
315,276
4698,2157
978,31
2160,940
5194,1048
1105,2243
5742,99
2674,2100
4095,1305
2297,2150
2899,2218
139,400
1641,533
2503,2218
2637,2218
3007,31
3141,31
3609,99
3347,99
2072,719
3978,905
4780,2347
1452,1011
3444,971
3142,2326
5712,48
5450,48
4357,1840
5119,2163
2180,2100
2701,1048
3377,99
3189,48
3039,1043
1578,719
1172,31
1893,730
4219,2256
5411,2163
4783,1840
1969,725
2731,1048
4009,2419
3541,99
3215,2558
5765,1348
424,3147
2518,940
5195,1003
1280,99
4675,967
1345,1248
4017,967
4549,2548
3764,521
1923,730
5319,480
4813,1840
5114,1014
3249,48
3576,2163
192,3147
500,1048
1572,99
1968,99
1778,2419
1310,99
1384,48
2129,956
4152,229
549,940
1295,730
1765,679
5713,942
2182,967
862,2568
973,1618
2186,1840
2582,1840
5035,2949
4529,337
1998,99
664,1048
1736,99
1474,99
5832,2704
1575,905
1014,2558
5441,604
305,1869
3562,521
4611,1840
1288,2568
892,2568
2086,2548
2216,1840
2350,1840
194,725
3220,942
3917,870
991,480
2522,2297
62,956
4938,1272
146,2347
657,2297
1980,967
4719,1908
5072,1272
3815,943
243,967
2732,979
11,3061
515,1840
119,1840
1117,942
5364,1272
1315,1866
5102,1272
4706,1272
4840,1272
3633,306
3271,856
1447,480
448,1907
4998,518
1921,521
4142,533
5522,3147
5534,2218
4708,944
4446,944
3267,1272
5605,1869
2394,1872
4300,2058
313,1840
4485,1811
2317,871
1086,1009
1972,1590
4095,313
5860,1048
3228,1667
3297,1272
2901,1272
1557,1533
2639,1272
3002,1324
5251,940
3807,31
1900,1872
2069,2058
5890,1048
1829,127
3065,1272
3013,2802
4757,940
2641,944
4900,1248
4631,2521
2729,10
5746,3147
2020,2704
1199,1020
2105,533
700,518
4843,2003
1768,2079
572,1272
2407,1248
4002,2326
5822,1048
3478,2326
3564,2100
3302,2100
2665,725
3427,1048
4895,99
901,400
2869,2218
4633,99
4311,48
4049,48
1771,256
193,313
1041,2100
1536,2079
1832,909
2952,940
3348,940
5352,725
2831,421
5090,725
4847,967
3854,519
3231,1294
4760,32
4882,961
3853,1048
3161,2218
4401,99
4475,48
3232,1869
2062,31
1162,2218
1962,2079
2196,31
2275,324
2982,940
604,944
2467,1248
2140,99
3439,2347
3382,1813
1367,1869
3977,710
2975,900
2297,1776
4325,1393
2616,967
4827,99
4109,48
4565,99
1034,878
1710,3147
1622,1048
2828,99
2432,99
634,944
3325,905
2566,99
2170,99
4870,1866
5177,2548
227,31
2005,971
5045,1840
807,2003
3042,967
4535,48
3442,1840
3046,1840
3082,1305
2318,909
1228,2218
2200,99
3093,905
1938,99
5333,967
687,1305
4684,521
694,32
915,940
5471,1840
4481,1101
3072,967
5768,1272
4302,604
4720,1117
1776,710
3472,1840
3076,1840
5689,1918
2042,48
25,31
4548,229
200,32
4479,2344
761,99
365,99
571,2419
103,99
862,905
564,1248
2327,1348
4942,533
3636,1840
3541,1014
1237,967
822,725
426,725
1381,2409
2881,1907
723,2409
979,1840
3597,3016
1809,2297
4887,2704
2989,2379
5566,1272
5368,533
2355,521
3236,2256
2236,829
1005,967
609,967
3307,1907
4415,615
2569,480
4131,856
1271,1840
1405,1840
5895,400
1308,1907
237,48
1973,2297
5596,1272
1315,2297
2781,521
3444,276
3993,1272
4868,718
3765,856
482,229
3921,615
1039,1840
4165,975
3390,1918
4864,949
1345,2297
1349,726
2679,1533
3895,1272
2429,604
1590,34
2772,943
1118,978
5785,1305
582,1348
3529,1272
5355,31
3663,1272
2843,944
1926,1272
1268,1272
4040,2915
2094,856
1698,856
457,306
61,306
563,1456
685,2385
927,1918
610,521
5123,31
5133,719
5463,99
3269,944
1803,276
5662,1248
1956,1272
3647,2058
2850,960
3267,1248
5786,725
3117,2243
4253,2218
4287,1048
5493,99
3415,2058
3153,2058
3438,2419
1733,45
4269,2347
3873,2347
5798,1085
5613,1305
5657,99
5261,99
1754,1272
4488,1869
804,898
2922,31
4843,1279
3065,1248
1831,1869
788,2058
3719,725
5627,48
5687,99
5291,99
4638,2163
2456,2079
2886,909
3292,99
3030,99
3527,905
5252,521
5905,1840
4582,726
1230,1248
2145,2567
5133,48
4302,1840
5434,942
2572,1099
2350,2218
3322,99
3295,905
5940,521
783,909
3119,679
1880,956
1195,99
1520,421
3670,967
2350,2568
1218,1022
3486,99
3983,905
1553,719
281,1048
107,3147
119,2218
1060,32
2524,2347
5321,1014
4362,1840
3066,829
3895,2374
1420,725
1839,1840
2601,2163
137,3147
2262,253
1255,99
933,48
993,99
1812,956
2292,2347
4960,604
4000,2548
1314,679
3215,521
4536,276
1731,967
2545,726
1216,521
2131,1840
3289,2163
1607,1840
227,946
1681,99
963,48
1023,99
1157,99
835,48
685,1043
3245,521
3641,521
0,940
4556,1840
4566,276
4459,1907
3509,1533
1246,521
1769,2548
1373,2548
1111,2548
2295,1840
3864,943
1637,1840
3600,870
1449,99
865,48
4359,1272
5916,2058
312,1003
2325,1840
3424,994
2364,1014
64,1840
1056,2625
5566,1837
1440,521
2299,1908
3819,2058
4980,400
5114,400
4852,400
2044,1574
4281,3028
5721,31
5552,976
2529,276
2663,276
3857,256
1506,1117
4245,2058
2326,856
258,1840
4649,421
4728,714
5247,1279
3379,604
5235,3147
5247,2218
1131,1590
2431,276
2911,1667
2584,1272
2188,1272
2627,1908
4014,31
2322,1272
4660,1869
2160,944
5198,986
4207,611
4353,2880
3611,2243
323,1272
2558,990
5448,2100
5188,2927
4100,1653
5177,1048
4092,1011
3782,31
200,276
680,1667
749,1272
3641,1489
4897,2347
1521,31
1049,975
5776,976
1307,2704
100,984
4152,99
3890,99
645,518
383,1272
3418,1043
517,1272
121,1272
1231,615
1947,31
1055,2079
1036,1837
2216,421
4628,967
1784,1730
2090,1248
4762,967
3793,1105
3976,31
2552,2218
4316,99
4252,2558
334,225
413,518
809,1272
2863,2110
215,533
5054,967
4404,2548
4930,1840
4431,961
2640,725
5928,942
3228,3147
2378,725
3978,1393
5399,598
4286,48
3950,99
4084,99
4158,48
4581,905
5498,2297
2182,32
1965,2249
5604,1003
979,2218
1483,31
2085,99
2546,1248
3940,2979
1732,1674
285,1248
2804,725
3755,947
5924,2297
1046,2100
2699,1840
3642,1043
3461,2163
1971,909
1874,976
2249,99
2612,905
5339,2775
4590,967
182,719
830,940
434,940
1838,730
3089,1244
4990,1840
5425,1014
5289,1907
115,2880
3785,947
2329,967
2310,725
3426,1014
2729,1840
1395,1099
3721,2625
2145,99
3559,2297
5107,2775
3693,2297
860,940
703,956
5560,276
3017,967
3851,604
17,2880
2629,2548
3417,1840
5619,856
2759,1840
2893,1840
2309,99
2383,48
1837,1043
914,1526
5707,861
2389,967
5219,1272
1070,726
524,967
1575,1393
2826,1907
2017,48
1826,480
2151,48
924,1840
564,1305
662,1840
4435,1348
5548,400
18,48
503,1029
212,99
1115,2347
1626,2297
2562,521
4917,533
5679,856
2953,1840
4825,944
5945,975
576,726
1784,604
292,967
824,2548
2634,3026
3964,615
5760,2915
1350,1840
3325,2385
692,1840
1332,480
4419,1195
2383,2626
108,99
182,48
242,99
5937,1272
4923,1637
2728,1348
5343,533
3676,1272
3280,1272
3414,1272
4128,615
4133,959
4582,31
5105,2058
688,2256
1074,979
1787,2349
577,1866
1010,2657
4757,944
3706,1272
3291,276
3444,1272
4927,1355
2547,2976
3182,1272
3874,856
1148,1840
5413,1248
1354,1908
3418,990
2702,1574
4668,313
5650,2100
3108,949
5048,719
5528,2110
4380,31
2618,533
1584,276
5441,421
1609,1272
951,1272
4743,1022
5845,2167
5905,2218
2742,949
3229,313
5474,719
5854,940
2275,1483
2218,949
4544,31
5012,99
10,1364
1183,467
1243,1272
2807,31
2411,31
649,533
5469,725
2829,729
1492,2915
5528,1305
4836,31
1706,400
3674,2218
4366,1048
5063,976
5176,99
1535,518
979,2515
5673,905
1669,1272
2837,31
2847,719
1075,533
4442,1043
5895,725
4496,1279
1375,421
4482,2512
3238,725
5437,32
4134,1048
3921,940
3848,2347
1012,719
1788,940
3324,2347
740,31
5820,1840
1145,1248
3402,725
4164,1048
5310,48
4914,48
4461,480
717,20
1644,2100
4717,2163
2798,961
2810,32
1177,944
189,1032
2202,1869
4130,2568
1176,719
1294,940
1564,2521
5588,1840
5078,48
3985,1840
3589,1840
1899,2218
3394,1372
3492,1907
3005,99
3898,905
3139,99
2743,99
5885,521
5876,967
2978,905
1230,1305
3895,2297
800,31
5227,521
5323,229
5705,1085
5750,2548
2840,971
2177,2347
943,1248
3481,967
3619,1840
1838,2100
3431,99
2773,99
3243,48
2568,633
2907,99
2585,48
1656,1305
5653,521
1170,99
3130,521
5747,533
3212,1085
4610,306
563,37
3199,99
4351,2297
5557,1348
2284,2163
773,32
1200,99
878,48
3675,967
5034,2704
3422,521
2900,1348
3776,2739
2196,1003
3118,2739
4833,1667
529,1742
1026,2548
4744,2349
2454,480
3037,306
5272,24
4005,2949
968,99
4588,2775
706,99
5064,2704
3326,1348
2794,521
271,1110
1840,967
4140,1272
929,521
2412,604
63,2100
1978,1840
3110,942
1881,1907
3013,1009
1223,1907
5760,313
4832,2704
1692,2385
2698,1348
5745,944
2675,1364
4170,1272
5648,1011
4700,1272
5238,2079
5472,31
1746,1840
2573,306
1649,1907
1253,1907
3539,1590
574,306
3022,1071
1151,2569
989,521
5471,718
5898,31
2444,276
2469,1272
4302,421
5692,313
4336,5
3425,1811
5385,1324
2898,604
5532,31
1153,521
4766,2218
4074,944
5631,976
3812,944
1028,2704
2103,1272
4837,1869
2237,1272
1905,533
3794,2058
793,1117
3532,2058
108,1014
5559,2793
4332,421
4431,400
1956,2915
5180,3147
5462,2079
5923,976
4830,1048
1986,1811
3842,944
3969,719
5263,1869
667,604
2267,1272
4187,2110
2289,1031
3831,31
3435,31
4220,2058
3562,2058
4179,714
268,1272
6,1272
4735,2100
3491,313
5767,32
4564,2218
2016,1811
4598,1048
510,24
5804,99
2607,0
2159,3028
4647,940
1307,533
2007,944
4004,1248
298,1272
5618,2568
432,1272
36,1272
4277,848
5834,99
5908,48
5512,48
4583,1305
2504,2100
5508,2558
3495,31
4811,940
365,400
4303,2419
356,2566
3900,1248
3573,99
4872,2347
2678,940
2483,2162
1858,2110
5191,2100
4311,967
2930,2100
2272,2100
2747,3147
3915,1906
3189,1048
3865,99
2067,944
3999,99
3603,99
669,2100
498,2218
4782,710
68,944
2161,956
1803,1248
3037,2347
2379,2347
3826,521
4349,2548
5438,1014
5381,480
4875,1840
5515,480
3527,1393
5910,1009
5514,1009
3969,48
297,400
3633,99
2593,1525
1428,31
1228,909
2236,2419
4767,967
4252,521
599,1869
2411,730
2947,710
4905,1840
4509,1840
4643,1840
954,1279
4133,2492
2225,725
1829,725
924,2568
4479,685
3995,2558
5473,2297
3802,2163
558,2218
1423,976
5160,1019
1536,99
4282,521
3760,1348
1857,679
105,1869
439,991
4935,1840
4673,1840
1689,2034
3468,947
2012,967
1886,2548
5250,1851
3174,2163
631,2100
1828,99
3447,1009
1506,48
1962,99
5052,2775
2980,2297
866,2347
5848,615
2704,1840
3005,1014
3862,2163
3927,306
1992,99
2190,2558
5796,1364
1479,480
345,1305
5463,400
1161,1110
5560,1272
1172,710
3770,480
4000,942
207,967
2504,1563
5565,276
126,978
97,48
1642,1009
5060,518
3990,604
779,2297
5590,1272
4862,533
1849,521
5328,1272
4600,533
4338,533
1468,829
4236,256
3329,1272
2933,1272
2317,3026
3363,856
899,1840
1673,480
375,1840
4766,421
1507,942
540,1907
5261,400
2322,337
2854,1918
5486,518
5145,225
5620,1272
4553,313
2371,229
2013,521
1491,1348
4538,944
4266,256
267,967
2963,1272
3359,1272
3415,615
13,2548
706,1014
5687,400
5291,400
1266,856
2198,1590
623,1918
2993,1272
3454,1667
3127,1272
4295,31
2569,944
2703,944
1037,1908
3736,1730
4154,2243
4613,313
2228,1590
5720,1048
1704,1590
5212,1581
4640,1355
2761,1272
4848,2058
3105,2802
2167,533
4063,31
4730,1248
896,1272
2379,1355
3246,940
1086,615
2778,313
2763,944
3549,1099
4447,2249
4695,99
4617,2660
2229,256
1188,1272
773,276
1584,1272
1322,1272
926,1272
728,533
2153,611
2897,1294
3790,2100
2635,1294
3528,2100
161,1590
3345,3147
4746,976
993,400
4725,99
5121,99
1352,1272
956,1272
5106,730
2124,31
2246,960
2258,31
3044,940
4725,1038
2663,1248
3600,2326
5637,1305
5151,99
4829,48
4963,48
4627,99
4429,2558
2956,719
1068,2802
2955,1248
3051,956
55,2079
1209,940
4109,1048
345,313
1723,2100
2084,2079
3500,940
1452,1048
3054,99
4999,967
5142,521
5133,967
4209,2568
5224,1085
184,2058
22,976
5939,276
4436,480
1491,2100
1582,2218
5268,229
1269,940
1007,940
5563,1840
427,99
712,1022
4466,480
3698,1840
1705,2409
5015,2385
2852,99
542,961
853,99
457,99
591,99
1494,2347
527,2558
2941,521
4820,604
5933,1908
5945,979
838,730
3332,1840
3466,1840
4901,943
1428,946
2235,480
1333,1840
3900,2297
1467,1840
2465,942
980,32
5324,2739
1308,1029
1232,253
487,99
1380,905
621,99
827,2419
2816,2862
4588,604
2843,521
2141,1003
284,679
3758,1840
203,1279
5471,2385
5192,718
5506,127
1235,1840
5027,1590
255,99
389,99
5794,944
4992,256
5252,2058
1265,1840
906,1907
5830,759
4620,276
5824,944
3962,276
5562,944
3853,1272
5417,31
3591,1272
2125,604
4305,615
5155,31
3393,533
3088,1590
4994,1776
747,2385
984,1574
4279,1272
4017,1272
3027,533
4185,856
4923,31
1721,1840
5850,421
4451,975
3595,990
4346,400
3950,400
4153,5
3757,5
3242,313
4224,2100
5738,2058
595,1590
134,1003
5349,31
1426,1518
3623,944
5555,99
3361,944
5880,421
2444,1272
2048,1272
5754,1248
2182,1272
1786,1272
2896,615
3350,31
2216,856
2954,31
3914,2059
5172,334
3964,2176
3282,1590
4376,400
4510,400
1021,1590
5323,99
741,2704
2274,2150
4824,940
1816,1272
1950,1272
1554,1272
3046,909
2206,3147
3118,31
3380,31
5301,1279
1784,421
4905,2218
4247,2218
5353,99
2108,518
2242,1272
2498,3147
1556,944
5040,2793
1294,944
4035,1022
4073,725
5719,48
5779,99
2187,2100
2796,3147
120,276
4337,956
1314,256
4411,905
1052,256
5740,521
3241,730
3122,1038
4999,1048
1716,421
3579,725
5621,48
5361,875
3442,1393
3404,909
2342,1048
3488,48
5852,1866
4189,2347
5099,2568
5508,521
181,2218
1287,99
4682,967
4024,967
4158,967
1682,2880
5326,480
4558,1840
4893,598
5863,870
3316,99
2925,2163
1338,976
245,1048
1317,99
1713,99
1778,1248
2881,1110
1055,99
294,940
4850,1840
5574,1117
2432,725
3682,48
1106,37
3833,1907
5156,2297
639,1325
3560,1748
275,1048
1949,2419
1481,99
5448,604
516,1110
4356,1840
729,2157
376,2793
5445,306
5841,306
4653,1272
405,2218
1115,99
1717,2419
1746,905
3059,2297
4091,229
5634,1117
69,956
287,2347
4342,979
2783,1840
4787,871
5521,1590
2028,1907
2431,2297
144,2419
5876,1939
2155,1840
152,967
1796,1907
1058,480
3119,2297
1461,870
1560,2569
2190,521
4877,1272
1928,521
5835,975
2581,1840
2878,1272
1725,1101
2616,1272
152,2256
3442,856
4136,2176
4112,1590
3785,1195
3454,1590
1405,2816
492,2297
3823,898
2316,229
5813,31
4230,2750
906,1533
2384,1272
3076,856
350,1840
1311,306
4879,1294
5772,2100
4528,313
5114,2100
5601,2218
2084,229
3371,400
1600,1348
5373,1048
5371,975
39,1574
388,2482
3334,1272
3072,1272
2844,856
5884,971
2978,856
3506,975
1341,306
845,856
2106,2058
5229,518
5357,3147
5369,2218
2968,518
2840,1272
3874,31
4280,719
407,1569
5033,956
5071,1248
950,276
5647,2347
5251,2347
445,1272
579,1272
613,856
5207,1294
1868,2243
5388,1305
4730,1305
4362,909
4378,99
5271,905
871,1272
2947,1869
347,1272
4005,1022
15,533
144,943
4835,725
4728,2548
1665,729
4767,32
4348,48
3336,1048
4408,99
4146,99
639,1272
3251,940
773,1272
3089,2110
3385,940
2870,1248
1772,976
349,944
3833,2793
5127,725
4865,725
4581,966
5284,1840
3241,2100
5096,99
706,400
4834,99
4819,730
2857,2110
1575,31
5594,726
117,944
1020,940
1142,1869
5052,1840
293,611
1602,2793
3292,725
4955,1907
4280,48
2955,1305
2962,32
5754,2297
839,2218
2838,905
694,1305
4691,521
1172,1869
525,2058
1318,940
2400,679
4119,480
3243,3061
3217,1840
2857,1305
1515,3147
1527,2218
2633,99
5340,2256
166,31
207,32
4545,480
54,729
1327,1002
1466,2100
263,314
283,966
2401,99
5202,1918
2898,905
3553,2297
4389,2569
140,99
3273,967
5494,979
301,956
5573,1272
1292,2297
2624,521
2758,521
2362,521
4313,480
5479,856
2676,2374
3015,1840
2243,48
5712,276
4662,2704
5603,1272
1208,2949
4065,1667
4190,615
5167,2058
1442,1840
3644,856
1877,1014
2675,994
699,978
2638,1866
5876,276
2734,1574
5767,1272
5435,533
1090,2297
4911,533
5739,944
5071,256
1490,726
3768,1272
5342,719
414,967
3506,1272
1210,1840
814,1840
4929,2243
1778,2297
5859,2150
81,942
5769,944
3932,1272
3670,1272
5590,2110
5227,2058
325,521
1541,1014
5844,714
1780,276
5122,729
3999,400
2491,2704
3566,1272
357,1348
2072,276
5931,1248
2870,256
1810,276
3014,944
1567,1272
235,604
4039,1869
2131,856
5927,725
4960,909
2740,533
5032,31
3296,256
1731,1272
4465,1869
1865,1272
1469,1272
3422,2058
3807,1869
1045,944
4059,400
5620,1305
1798,400
5342,48
5212,2419
4507,940
1499,1272
4111,940
3949,2110
3730,1248
813,944
3807,714
3149,714
637,718
2660,2243
1292,2110
929,2058
5882,1840
5383,961
4314,3147
1962,400
4023,2409
4689,3024
5298,99
5372,48
5694,99
2987,1325
4263,1869
2597,2079
2327,2218
1239,944
3758,421
2014,940
5912,1840
2674,986
3756,725
3890,725
3494,725
5724,99
5140,48
1998,2100
4878,48
2357,2218
2083,3147
1687,3147
3931,2419
3662,1248
924,909
862,31
989,2058
600,31
3012,1331
1267,1248
3201,1038
3677,967
5492,99
5170,48
4839,2163
3493,99
3097,99
3171,48
3627,99
3231,99
2909,48
27,519
1584,1305
5319,521
752,960
970,99
1467,905
4103,967
1043,2829
2449,1002
98,1109
2326,2100
4934,306
2652,3024
3261,99
3395,99
2999,99
5745,521
5881,1348
5483,521
144,3147
796,858
1000,99
1074,48
1497,905
4533,1840
4777,480
1853,725
1350,2548
357,2100
3099,2558
5871,229
5609,229
1500,48
1370,2419
4245,1908
3324,3026
3797,994
4970,2349
1953,905
3156,1348
2474,2482
4628,1272
4762,1272
3417,2816
1560,48
4852,384
2376,2297
1363,1574
3321,2704
377,2297
3314,1533
4792,1272
4439,1908
2302,1035
1838,1840
4209,2385
2137,1907
5350,2704
235,1840
875,480
601,2163
4535,276
5581,1324
3755,313
4164,1272
2096,2256
2427,1272
2924,1324
2561,1272
2445,1097
5354,729
643,480
5789,2377
4627,400
1603,229
985,1348
2987,1272
4470,1355
4211,313
2261,1518
5022,2218
2755,1272
2359,1272
3555,2079
3212,959
2527,856
2331,944
1935,944
4533,714
1286,306
4262,2880
5418,2568
4565,2100
3084,400
5896,99
2785,1272
3881,909
4215,31
1965,944
895,276
633,276
4030,2880
4991,2100
5926,99
1082,2704
3983,31
4323,99
682,518
1461,256
401,276
2870,2110
158,1272
222,533
292,1272
2125,421
1715,2243
3830,324
2519,725
3482,3024
3716,976
4091,99
273,3100
4588,905
584,1272
632,0
1256,2079
2013,2058
3522,1110
160,944
2327,905
3149,1279
5363,1840
285,2521
2436,848
1517,2793
5863,2163
2327,1844
4457,48
4061,48
4517,99
4121,99
4940,956
5768,24
649,704
2256,99
5255,967
407,2110
4473,1840
2579,725
2732,967
2336,967
3341,1048
4151,99
5303,2297
3868,942
1712,2079
3128,940
1168,3147
2038,2249
1890,99
2024,99
1129,940
3441,2568
1156,1043
4765,1840
2762,967
2743,725
5830,2349
589,2100
802,3147
482,725
3334,2297
4278,1348
3880,521
635,940
2666,2548
434,2347
40,730
3192,1840
3326,1840
3966,480
4324,942
4019,306
3666,942
815,726
1758,2558
4306,521
4402,229
5627,276
219,99
642,956
1122,2347
5914,1272
1398,710
4942,2802
3734,480
146,725
705,2409
1095,1840
1339,480
3629,2349
2227,942
437,1840
1569,942
115,99
5791,276
350,905
5744,2150
4954,533
4213,306
3421,1272
3063,1564
3851,856
729,1840
2620,994
467,1840
4502,1348
1028,1907
5749,400
17,99
5316,518
4645,313
5450,1272
4722,533
3822,276
3451,1272
4096,256
502,521
1553,947
1589,604
3189,1272
5686,990
5303,2915
3357,856
4809,313
1875,1348
5882,2218
532,521
3615,1272
5831,940
4224,1730
958,1272
5687,2100
3548,400
5912,2218
932,990
4008,1324
3383,1272
38,521
2655,533
1287,400
5423,714
988,1272
2941,2058
910,1389
3578,400
3712,400
251,1918
4895,2665
3675,1272
4965,960
4373,1048
3681,2218
5651,2419
1785,276
1542,518
4109,975
2727,944
5767,1813
1414,1272
1018,1272
2843,2058
4212,2793
1401,2915
5553,2419
5016,1248
5592,2347
2674,909
1182,1272
2612,31
5689,967
3151,1248
90,256
3932,1813
3989,2347
5823,967
2579,1022
5215,1084
2785,898
3909,1048
5583,2419
5874,905
4719,99
1837,1324
390,898
4247,1043
1602,3147
752,533
788,944
3539,956
526,944
1555,2577
1697,940
4076,2100
1541,400
5011,99
3976,1869
2028,3147
3146,99
952,944
3629,1007
2488,99
3345,1248
5630,521
1593,940
4972,521
1314,1525
5495,2548
3488,967
5790,1907
800,2243
829,729
3760,1840
1449,2100
2898,909
1583,2100
2366,1048
5596,1260
1401,1305
5002,521
241,909
5136,521
709,31
2345,1110
2429,1747
5108,947
1952,2347
3390,967
4608,1533
4052,1840
2290,2342
3790,1840
1634,725
1372,725
2884,48
2944,99
1042,32
5524,229
945,99
1206,2126
5705,2492
3420,967
1004,679
5651,943
4388,2297
5112,1574
40,2100
1559,1840
2717,2163
165,1048
2422,525
653,48
5663,2616
713,99
451,99
3450,967
3593,521
4644,947
2278,2466
4547,1014
5856,944
5188,256
1451,967
927,967
4026,3005
2887,480
5538,1574
1327,1840
5119,1590
122,947
877,99
951,48
3634,1811
4682,276
58,2625
2188,829
1615,967
2711,604
4311,1272
5710,718
1847,2256
2259,480
5411,1590
1357,1840
2885,942
1491,1840
5149,1590
4378,400
1392,521
4406,1667
4079,1272
4475,1272
1130,521
5013,2079
4509,856
5509,31
1783,1840
1387,1840
1424,1907
5636,2243
1040,978
820,480
916,942
4408,400
60,203
1223,870
1605,1918
4146,400
5684,944
5339,909
5673,31
4805,975
779,829
2219,276
2437,1667
2549,1908
5816,1248
1848,1272
4582,1869
5467,313
4937,1279
818,942
4535,1272
4712,2100
254,2297
1083,1590
3679,533
2140,518
1537,979
3122,615
3442,31
4107,421
5363,1279
4864,400
103,34
4156,313
5004,2100
5263,1048
5825,2249
3617,944
2347,1908
2438,1272
3878,719
1844,533
18,276
4137,421
950,256
5872,725
4003,606
2905,334
5288,704
881,1590
2371,400
3637,256
1214,1241
3898,31
3636,31
4422,940
4444,2419
182,276
5579,1038
73,1272
207,1272
5021,710
1906,421
1985,714
5149,3147
4299,725
2535,400
5609,99
1693,313
3694,2079
1827,313
402,400
3062,1048
1508,533
3404,31
2074,944
3235,976
3610,99
1406,256
3675,1248
2837,1869
1333,909
1271,31
667,856
1928,2058
2587,940
5795,1393
4725,725
2987,1813
2589,986
1730,730
3180,3147
2656,3147
4036,99
376,276
4137,905
3452,48
1707,719
444,2100
5862,521
2617,940
5077,2466
2960,1279
2154,2347
4140,48
3744,48
3408,99
3220,48
870,2100
5892,521
1902,32
1599,31
437,2218
1805,99
5645,829
1543,99
4523,725
3124,1279
1742,1248
3356,2568
4154,2548
5076,1840
4814,1840
3083,2409
2019,967
2231,99
1835,99
1969,99
2041,2419
2034,1248
1311,99
4844,1840
4448,1840
2292,725
602,2793
1808,1844
3243,947
4667,1389
5016,2297
2187,1840
793,1048
1999,99
1677,48
352,1305
3017,2297
184,940
2737,967
923,1279
5171,1272
1826,521
1960,521
1564,521
2087,2548
5735,856
2613,1840
2914,1014
2029,99
1841,48
1703,2558
3855,521
30,99
3474,829
370,2419
5597,1272
5201,1272
608,1244
506,967
382,1840
5268,400
5340,276
295,905
1758,521
4545,944
408,967
3104,1272
1371,1014
674,1840
546,1840
3519,1487
1717,870
2624,1574
3924,2704
2408,229
3929,604
5797,2218
3505,276
4709,944
3396,1272
3000,1272
5567,975
438,967
3134,1272
5742,1730
5472,1869
4302,31
4825,2058
408,2256
180,1840
5724,400
268,2626
4739,944
136,1918
3491,1667
4716,960
5910,940
2902,1272
5514,940
2936,856
4197,2058
472,1086
1303,1014
606,1840
2872,871
903,1272
113,1907
5632,2100
5891,1048
3322,518
4768,719
2932,1272
119,1348
2734,533
3838,31
4024,975
1067,1272
1497,856
2362,2058
5536,2927
5673,946
4130,31
5016,2110
3760,2218
1000,400
4470,99
5327,1248
5072,2419
810,276
5655,1279
1359,1272
963,1272
5507,2347
2131,31
369,533
835,1272
2197,1590
3066,1248
3687,400
5585,725
3565,2100
4222,909
3382,3147
3790,2218
4896,99
1747,980
3669,1110
5768,967
5372,967
2288,2243
4772,2665
2351,313
5510,1840
4558,1393
2756,1530
4289,976
5060,99
4342,48
1023,518
4402,99
2731,719
2325,31
1285,3147
461,256
3566,1520
3306,2347
1642,940
167,718
4850,1393
5278,1840
385,611
3122,725
4768,48
4372,48
3279,1840
120,313
1711,3147
2829,99
5828,967
1562,3024
3732,2347
490,31
1672,940
1398,1869
3874,710
752,940
1284,2521
5704,1840
895,1248
3286,725
3949,480
1693,2167
2859,99
2933,48
2201,99
2387,1043
4011,2297
5828,2256
1702,940
1178,940
1754,2793
5940,1908
4782,1393
1635,2347
2939,967
4241,480
3735,1840
1558,2100
3473,1840
1055,725
2889,99
2963,48
2236,2163
5073,229
494,99
1709,956
5799,1272
4068,306
2993,48
889,32
2088,1110
396,99
5567,1272
1156,726
4494,306
1930,1840
1534,1840
2231,1014
5045,1348
919,32
5019,127
822,99
426,99
5859,1272
1578,2297
5659,2150
3560,1569
4103,276
2005,829
1530,2256
4028,856
2525,306
350,1393
4832,1590
4956,313
3737,276
4286,1272
1612,726
5860,719
719,1640
1037,229
5715,2058
553,1348
771,2739
3066,256
1107,1907
4182,518
5763,944
4188,1272
3792,1272
3856,533
3630,944
456,2704
1793,1272
781,3026
2641,615
1961,856
4255,400
428,2349
4990,31
5217,976
1191,830
5117,3024
5344,2249
3532,944
5791,1248
2219,1272
1561,1272
3910,2058
3125,31
2013,615
4092,759
4687,2100
4425,2100
4242,3147
4550,1048
5622,99
3166,944
2096,276
783,604
3427,719
3956,1248
122,1272
5844,2548
2316,400
960,1590
4284,2218
4580,1048
4418,2218
4313,704
5920,99
5524,99
2017,1272
5487,971
3948,956
3986,1248
18,1272
662,31
3848,725
4945,3024
917,2243
5554,99
1833,0
2449,2218
2953,31
3349,31
3689,99
1495,944
4112,956
3499,2419
182,1272
3934,2347
1350,31
692,31
4165,967
4169,1840
1144,313
2479,2218
3420,32
2513,1048
3585,99
3791,2419
3820,905
3061,99
3663,2419
3954,905
1146,2079
1380,31
5545,521
1245,2058
1785,1248
4061,967
3799,967
2777,1279
2613,2568
5581,1117
4839,480
823,1022
5727,942
2043,725
2631,3147
2677,1048
2498,1305
3487,99
644,2218
1585,32
3710,521
69,940
4625,1840
1834,1675
5003,480
3015,1393
3853,48
3457,48
3591,48
3496,942
312,1048
1901,1557
1479,521
2394,1840
4961,2297
613,2100
3264,942
1576,1393
1682,99
1286,99
5659,1292
3906,1348
5253,604
4286,1569
2720,2949
2933,24
5932,138
3127,829
1905,521
1247,521
948,1393
41,2409
1316,99
4117,1918
1524,48
1128,48
2864,2297
4993,276
3406,1533
4884,1272
2326,1840
4640,1851
2229,1907
197,2548
1554,48
327,1840
4951,400
2143,1574
1703,521
4058,533
3966,944
2653,1272
4082,2058
2559,856
5050,5
2178,1918
5045,1324
5568,1099
4916,944
5072,3147
5380,1048
3000,979
3079,1272
2879,2150
2817,1272
2421,1272
3985,31
3850,2058
1161,480
4912,421
259,1840
4390,1248
465,1908
5681,2100
5285,2100
5880,31
4118,533
5102,3147
5510,2218
4684,944
2560,276
3109,1272
3210,1324
4411,31
2585,1272
1857,533
3880,2058
2423,944
2143,2058
1881,2058
3176,400
5194,1581
5178,1048
106,1574
5613,976
3054,2100
4494,1355
3059,0
4965,940
3633,1026
4448,421
878,1272
5704,1279
616,1272
2569,2058
5237,2567
1882,1128
5479,2100
4708,725
3090,225
4512,32
5391,940
3813,31
2355,944
4614,1248
493,276
4810,2880
2482,719
2129,1355
3392,940
384,1272
3118,1869
2615,1248
2217,421
4872,725
499,2915
3510,2100
5327,1305
1371,400
975,400
3769,1048
713,400
4445,99
4579,99
919,276
5597,2297
1072,1272
4814,905
810,1272
5703,1003
1644,909
1978,31
1716,31
1112,1048
2741,956
5298,725
4706,32
2168,313
3503,2218
4213,99
4815,2419
4347,99
2433,961
5788,710
1746,31
2348,99
2413,1248
3251,2347
4436,521
532,2058
3527,710
5089,1840
5619,1840
1169,400
3364,2409
4639,99
4377,99
1628,1099
184,944
2116,99
4232,2569
5249,967
4340,1348
4861,2548
38,2058
5253,1840
5387,1840
2854,967
5290,1907
1668,2568
2862,2548
2466,2548
2901,32
3116,1906
2482,48
2542,99
2146,99
2220,48
2748,2419
2643,905
895,1305
2965,956
5250,229
5026,521
5115,2256
4368,521
608,1248
2884,967
3018,967
528,730
244,971
1503,2100
3418,1840
866,725
1425,2409
604,725
2252,875
4614,1866
1988,48
4794,521
5853,276
311,99
674,905
2124,2568
3692,480
634,725
399,2548
4740,1574
1187,1840
4979,1590
4564,1348
2057,942
1661,942
415,48
5640,518
1493,2297
5512,1272
5567,979
3865,34
3216,1840
3513,1272
1351,1840
1652,1014
2044,306
4568,127
371,99
445,48
49,48
5542,1272
3209,2739
2289,2739
847,967
3543,1272
3939,1272
5021,1011
728,521
332,521
2283,480
5459,2176
985,1840
723,1840
4381,1590
3094,2385
5871,400
811,2626
4978,533
2471,127
5112,533
4078,276
2242,829
5282,944
3573,518
2503,604
5106,718
3707,1272
3021,944
1446,1272
5589,313
5327,313
239,306
3401,2104
2680,1590
3640,400
477,2349
3737,1272
788,521
130,521
266,1348
4643,31
4870,976
3447,944
2199,1667
1476,1272
1928,615
5357,313
2996,2176
312,942
4066,400
5702,725
2962,313
558,1348
4035,2218
3173,533
4553,3147
5289,2249
34,1348
4597,975
5034,976
5734,421
2164,1272
2265,1324
1506,1272
3058,960
40,604
3956,2110
2674,31
4723,2777
1216,944
1515,45
5732,725
3037,1022
2811,1241
627,522
2231,400
1957,1329
4765,909
4333,2218
5701,99
5305,99
5439,99
3245,944
812,1241
4215,2162
3874,1869
942,533
809,943
3639,1248
4081,2347
5896,725
1100,2058
2894,313
2261,400
3501,725
1999,400
1603,400
3967,2218
5731,99
1828,518
3158,1325
633,313
2868,31
4561,1644
5051,1279
3208,99
3631,956
5683,967
4759,2568
1392,2058
3267,679
1093,2176
3665,725
5835,48
5499,99
2565,2100
5880,730
2960,909
30,400
1998,2218
4080,940
5797,2385
1736,2218
2032,1048
3634,99
3238,99
3879,2347
2081,940
4758,1003
4527,2568
5603,48
4248,1840
1675,2100
1888,3147
2196,1048
3402,99
3080,48
3241,905
4158,2297
5230,1348
1587,940
1028,976
1468,1248
370,976
1609,2419
2306,2347
3725,725
1206,1248
1784,730
3752,2548
3356,2548
4849,875
3620,1840
1860,725
3506,48
3110,48
429,2495
3667,905
4188,2297
5616,229
315,3147
2037,1526
623,1048
3908,967
1149,2003
3650,1840
1647,967
3553,1907
5600,1574
2783,942
1036,32
1201,99
3163,1348
4482,276
5208,942
230,2793
4373,1272
1415,967
1947,2548
1815,1840
3790,2385
1231,99
647,48
2383,2297
3415,229
3589,1348
5211,2529
5808,533
4799,1272
4403,1272
2881,480
2485,480
671,2512
1073,48
882,480
5491,2704
1809,870
4938,276
2133,967
37,2347
4567,1272
5212,256
551,2568
5862,2058
2443,604
4757,615
392,1003
1875,1840
3007,942
2702,306
1778,1907
912,480
5791,313
578,2297
1252,521
4698,1324
4731,1272
4173,944
2445,276
1404,1292
2336,1272
1983,1908
284,480
3594,2176
3570,1590
5930,256
3989,2705
5239,2028
5029,2218
4167,533
2871,276
2421,979
198,1086
3886,2176
3862,1590
1293,306
935,598
669,856
5443,3147
1582,1348
5455,2218
1719,1811
2829,400
4797,2218
2524,518
2901,276
5903,99
2854,2150
2792,1272
2396,1272
2530,1272
5142,940
4484,940
535,1014
1323,306
1564,2058
210,2385
4565,2218
4658,719
1755,313
3756,2079
127,1569
70,1035
4165,32
3063,3024
165,1272
695,1272
1467,31
5241,3147
3388,1279
5549,1048
4857,2218
2068,2880
4876,16
3163,2100
1919,313
3758,31
4940,940
1904,944
25,861
42,276
634,1908
3325,1869
3901,1248
725,1272
463,1272
1466,718
1497,31
2417,940
1758,2058
2874,2347
3193,2100
4712,1840
4347,961
4524,99
883,518
4262,99
4730,2419
5709,525
4468,2419
2591,719
1892,718
3105,940
761,2218
1265,31
4604,967
4585,725
3680,2568
2642,2347
4089,521
5004,1840
3223,2100
4232,48
3896,99
4228,2558
1148,1324
5048,2297
779,3147
2477,940
3330,2347
874,940
5430,1840
4322,99
3926,99
4000,48
5340,2297
3738,48
1251,1048
2323,99
297,2218
2061,99
608,2110
5766,604
3887,521
4544,2548
523,1248
1613,2568
85,1022
123,725
1695,99
2165,48
4313,521
4447,521
806,940
5372,276
3247,726
3274,829
2567,967
2548,725
1186,2100
2762,2374
4099,942
3832,598
1537,48
1671,48
3011,2297
5689,1272
5732,1908
2731,967
5470,1908
5823,1272
2209,2548
3417,2426
1514,1003
2343,2548
2735,1840
451,725
4662,1590
222,2558
459,27
5125,533
5591,1272
500,967
2843,1908
504,1840
638,1840
4251,127
3117,1918
390,48
2721,1918
54,99
128,48
3858,1364
5621,1272
2276,521
5063,944
1895,829
3488,1272
4363,718
2559,994
1074,276
5193,421
4017,1020
4584,313
2046,1348
3555,400
3293,400
5227,944
269,229
3390,1272
2994,1272
2796,533
2924,718
4995,944
3682,1272
4912,909
3420,1272
829,229
3024,1272
4984,31
4588,31
5253,421
5831,2347
3394,990
3991,2377
5751,1048
3041,313
3627,2100
241,1348
4236,3147
2460,533
4356,31
4321,976
1298,276
2628,1837
927,1272
991,533
5405,37
447,1574
3657,2100
4144,2218
424,1590
28,1590
761,421
2547,313
3486,2218
4782,31
1652,400
2794,944
1615,1272
2067,615
2648,2058
2352,976
929,944
533,944
5598,967
5579,725
5183,725
4083,2100
5602,1840
3425,2100
791,421
3912,2218
3545,704
1420,400
5152,99
3639,1305
3243,1305
2854,32
1639,3147
3733,940
2155,31
2289,31
2079,975
4966,2568
1338,940
2914,1022
1472,940
813,2058
957,1248
2211,1279
1316,400
4786,99
2065,3147
3183,99
3317,99
1157,2218
2921,99
3523,2419
4220,2347
3120,1248
5396,967
843,2058
5796,1840
987,1248
641,611
4245,310
4699,480
683,1022
3797,1840
2403,1048
1379,725
1845,2218
3412,1248
412,909
5826,1840
3030,1331
1151,1248
1292,2419
1593,2347
3711,726
3408,725
889,1248
2107,2568
3165,967
3697,2548
3914,2775
1145,679
2046,2100
1650,2100
1409,725
4788,306
1166,967
3115,99
4529,2297
5203,521
4943,1348
5077,1348
1584,2419
1754,1110
458,99
1351,905
644,1043
3204,521
5083,604
2009,2568
3203,2548
407,2793
40,1279
3632,1907
4630,1009
1596,1840
5522,1590
28,3147
4711,1348
981,32
884,99
226,99
2974,1348
1119,905
1205,679
3106,521
5852,943
3759,1840
5225,256
964,967
4056,1272
1498,1840
5507,127
854,48
454,2558
3136,521
1446,337
3407,984
5661,944
4348,1272
3933,276
4086,1272
1524,967
1264,2548
875,521
1398,2548
1924,1840
1528,1840
3095,870
3166,521
4883,276
4561,225
4774,1272
3763,1908
3854,1272
643,521
1954,1840
5823,1248
3018,1939
5015,2243
3508,1574
5870,313
825,942
1668,2385
3865,1811
127,2297
1247,1574
5080,2079
3884,1272
2418,604
2733,615
1292,943
3029,384
3976,2150
1120,1590
5612,31
443,1348
1319,2739
4712,2218
5818,99
3624,944
3362,944
833,1533
2049,1272
5841,1022
2501,615
1187,718
2164,2915
636,615
5126,3147
5434,1048
4742,2218
3159,965
5683,32
5862,2249
4480,2218
2986,256
2475,1272
3120,256
1655,944
323,276
80,1272
3699,313
5464,1048
5878,99
5616,99
5802,1043
3701,2079
4459,940
2511,2218
1253,533
3242,976
1423,944
4907,2793
110,518
165,979
244,1272
3074,611
674,856
5318,2512
3812,725
5458,48
3187,3147
2529,3147
3038,3024
1849,944
3781,99
3459,48
2066,2110
1703,2058
2107,421
708,975
2967,1279
4257,967
4401,2409
3869,2548
3138,2100
1632,313
3705,1393
2605,1048
4073,99
3885,48
3489,48
4630,956
3549,99
5591,1866
1868,31
42,1272
5799,2569
2788,940
2273,1248
4287,967
4705,726
4161,2548
3899,2548
1301,334
2906,2100
2857,3147
3519,48
3975,99
4472,905
645,2100
1120,3147
724,3147
2066,1305
5801,521
1601,976
1976,99
2048,2419
2003,956
943,976
2182,2419
4055,967
127,2110
3131,2568
4325,2548
4851,1840
4455,1840
4589,1840
4532,3026
535,400
717,2326
4005,99
2590,1840
4761,2297
413,2100
3028,1285
934,1048
335,2409
1610,99
1348,99
2762,2297
231,1305
5711,604
2127,1557
728,2111
2018,2553
2317,900
4619,1840
3522,480
2486,1840
5084,856
5449,2297
2133,32
930,2218
272,2218
1774,99
1378,99
1848,48
1512,99
2009,905
5479,604
1926,870
3734,521
2512,967
10,905
5342,1272
4946,1272
154,2347
930,2568
2124,2548
5510,856
4135,306
3782,942
3386,942
494,725
2286,1563
4471,1918
1804,99
5900,2704
5638,2704
436,905
5372,1272
2027,521
2384,2256
2455,1907
2059,1907
3279,856
1455,480
419,1840
553,1840
5439,400
2235,1574
3455,2775
5202,2150
5140,1272
3266,1533
3278,604
4454,944
321,1840
5469,400
1718,1590
5142,944
2884,276
3414,276
1693,1533
3305,1272
613,1840
217,1840
1253,480
4405,1590
2167,1574
5639,2100
5845,1976
5590,3147
409,2949
4514,944
2677,1272
4107,31
640,1569
4731,2110
3525,615
1847,256
678,1272
1392,615
2792,2915
3268,400
5666,1048
2947,759
3103,1272
4137,31
4543,719
4271,31
2283,944
497,860
970,518
1467,1324
1104,1272
708,1272
4896,1022
842,1272
1538,975
5830,1048
100,1574
4731,1305
5087,940
2447,944
1134,1272
738,1272
186,944
5826,2218
2557,2243
2033,2243
468,1569
4933,99
3291,3147
994,861
4034,976
5132,1248
5918,2157
2738,719
231,313
3709,2347
4759,2548
5285,1840
3129,725
3669,2167
5037,48
5188,1907
969,400
1584,3147
2440,99
2901,1248
416,1355
235,31
3729,2568
3796,2100
5127,99
4956,1907
4939,48
3225,32
1364,2218
1102,2218
3363,905
1998,1043
1709,940
2589,730
3,31
13,719
5046,2739
5345,1840
2157,2793
5741,1840
1088,1007
3080,967
4573,48
4612,942
928,725
2970,48
1562,1048
2634,99
5039,1918
2735,905
1121,1305
4722,521
1900,1043
4460,521
1215,940
1237,2419
373,99
698,421
1266,905
5674,1907
1410,2347
3644,1840
434,725
4703,2349
2664,99
2268,99
2476,48
799,99
826,956
5836,1272
1044,2347
2887,521
2391,2569
2625,521
3021,521
5490,1574
2041,2163
4656,1348
1847,2297
245,48
5866,1272
5909,1908
2917,521
2791,1348
2789,521
4194,1667
5525,1918
4169,856
1268,1085
1047,1840
859,99
271,2558
1749,2297
2559,1348
5606,944
5344,944
1335,967
4031,1272
4165,1272
677,967
820,521
2432,1014
3959,615
1077,1840
5685,2176
3186,2385
6,947
4098,400
1007,2949
4304,276
4195,1272
3537,1272
3601,533
3375,944
1843,1908
1613,2385
5404,944
5823,1305
3884,979
1568,1272
5415,729
1489,1918
803,1590
5598,32
3399,533
5828,1248
5501,99
5566,1248
1841,276
5707,2419
1598,1272
1732,1272
5613,313
871,943
3218,313
5191,31
1344,759
3994,719
4374,940
4770,940
2206,0
3326,31
5516,730
1564,533
5554,1022
4700,1110
2661,3024
1851,940
3989,725
4193,2218
5561,99
4924,976
953,729
5299,99
5695,99
5901,2419
2231,2100
3628,719
2365,2100
4800,940
4500,648
1502,944
1240,944
5775,967
1095,31
1105,719
1881,940
4415,725
5822,32
1154,611
4519,1048
5329,99
1413,313
2486,2218
2782,1048
2224,2218
3165,32
2258,1048
3330,99
3726,99
5552,521
2307,940
4643,710
2707,1813
3827,1844
3613,572
5755,99
3814,2548
1577,313
2029,2100
4340,1840
2254,2218
3360,99
2723,976
3494,99
164,2100
5582,521
1155,31
881,960
5320,521
3844,2548
4766,1840
5010,480
2589,2100
4108,1840
5593,306
2676,756
3460,2558
985,909
1659,99
2022,905
1378,611
490,1869
3738,967
106,940
228,1869
3485,521
4534,1840
3940,1101
1720,725
378,2567
2139,1840
1951,99
1427,99
1031,99
1528,905
3777,521
3651,1348
2856,1639
270,940
3642,2548
1090,679
1769,967
3417,1117
2565,1840
2169,1840
5132,2297
2303,1840
59,878
251,1048
2216,905
3547,1348
2213,2297
2757,2949
2581,1003
60,2419
5421,306
4891,1272
1284,521
3030,1014
1937,1840
3465,942
2236,1907
1165,48
1299,48
3711,1348
3747,1005
3468,1590
5828,256
45,956
5117,2150
3539,1241
4659,1272
1930,2739
5089,856
5223,856
3003,480
504,2409
1138,480
4,1305
4988,400
4817,518
2057,1918
804,2297
408,2297
2824,1272
5573,1211
132,1840
266,1840
3170,1128
5152,400
176,2297
3225,276
5549,975
2963,276
158,967
2854,1272
3991,718
2592,1272
3887,2058
296,1840
1731,943
34,1840
1500,256
636,1908
4989,5
2117,1918
5448,519
4078,313
3861,1776
4889,2218
4197,944
4720,719
4248,909
5392,1526
5242,2521
4846,2521
928,1908
361,1272
4163,20
2119,1590
5090,2100
5486,2100
5577,2218
1595,1590
5812,3024
1371,384
15,1574
2652,1272
4257,32
4160,99
653,1272
238,276
2227,719
434,1908
1640,959
3842,729
70,2385
5333,3147
2210,2243
3121,2100
3255,2100
2011,313
3380,1048
458,400
2822,2218
2392,944
4190,99
4586,99
5083,905
5358,1110
421,1272
1598,1837
2369,960
1985,31
2771,940
4511,679
589,856
723,856
3772,1279
2324,2880
4706,1305
1779,313
3544,1048
3972,2249
4294,48
4750,99
1109,518
4560,2419
4815,1248
5391,2347
585,1272
1815,909
2149,31
1491,31
2590,905
3674,1279
4966,2548
2508,314
4968,1840
2678,725
3540,2218
914,400
4646,99
5248,2419
4384,99
4458,48
4518,99
4122,99
1054,2100
4536,870
3026,2347
452,719
3155,2003
3160,2347
4882,726
4472,2548
4210,2548
5394,1840
1309,1279
5163,1907
2512,32
2209,31
1343,1048
3717,1110
2227,48
3046,905
4133,988
5286,967
5686,1840
2872,725
2899,2548
4256,48
1248,2100
2579,99
2183,99
2653,48
3076,905
2317,99
1921,99
2391,48
3993,2297
4198,1009
4928,2548
198,2249
1617,2347
5672,979
1497,710
3455,1840
3193,1840
5009,1574
2287,48
2421,48
2844,905
4454,9
5364,984
4054,829
482,99
5781,1272
2823,967
5440,979
4017,947
2174,521
333,730
1637,2568
5257,1272
700,1840
609,32
452,48
4870,2704
5811,518
613,905
5876,1667
1153,2347
2736,1348
5683,1272
2296,2739
1000,2482
592,967
1894,480
1388,1840
730,1840
2683,2626
4765,1348
220,48
478,2558
5713,1272
3980,2704
2368,521
2860,229
2502,521
5685,944
3410,861
3823,276
1018,967
3714,1272
4110,1272
4824,615
4747,2058
5681,421
937,978
250,48
2949,1590
952,2949
3591,276
3744,1272
4389,256
533,521
5832,940
3284,533
3916,975
1538,979
1221,1272
2321,1590
3811,400
5483,944
3621,276
3908,1272
5850,1869
659,229
4814,31
3914,2218
2816,256
4342,975
1513,1272
657,533
1815,856
2319,2833
5477,725
5513,944
544,2349
3938,1272
5378,719
333,1348
4340,2218
4448,31
3252,944
3305,16
2990,944
1390,276
1524,276
1128,276
1939,1272
1677,1272
5099,2243
1019,1272
1449,856
5507,725
5534,2548
539,1574
711,2058
3280,898
5566,1305
3962,3147
4867,3024
1348,400
5476,99
5214,99
5711,905
1769,2150
3271,31
2622,1837
3009,31
2613,31
3540,421
3476,2880
3278,421
1879,975
3414,1248
3214,2880
5690,967
3238,1022
875,2058
388,250
4309,2100
5737,32
897,127
5640,99
5244,99
5479,905
3166,2058
4826,1279
2983,99
3182,1248
4020,2347
5458,967
2536,2793
1443,421
472,2176
5348,48
5876,2419
5408,99
1773,2218
2869,909
1215,944
819,944
2335,975
2772,976
3644,905
4184,2347
5001,2569
796,960
5631,521
808,31
2050,991
4271,1003
2199,525
1609,1248
2729,1279
3489,967
3470,725
1494,709
2059,3147
3513,48
3278,905
4195,2297
208,2079
1624,940
2020,940
803,976
1377,1248
4744,2512
1425,730
3945,3061
3265,2548
3955,1305
4789,942
3469,99
2149,946
2811,99
5249,1866
1694,1305
1305,32
1754,2110
2924,942
606,31
2242,1110
136,1048
1810,2419
435,1869
3296,521
2759,2568
3168,521
3821,1840
1269,725
1422,967
3237,99
4389,2297
166,1048
990,2249
1182,2419
714,99
5601,604
2527,2568
4118,2184
44,1058
2683,829
4247,1840
2888,480
1852,1840
1986,1840
1006,99
818,48
4634,384
5768,313
3362,521
5877,256
2938,193
1900,726
1229,521
2522,480
2656,480
3729,2385
1640,2492
1432,99
2188,2297
189,2297
1908,967
2046,1840
616,829
3181,1590
4409,400
4896,518
5393,1324
4238,518
4615,276
4506,1272
5801,2058
4344,944
2878,276
4082,944
211,1840
116,1014
5097,400
2032,1918
1011,1866
383,2297
4975,2100
1212,1590
1807,2739
5200,2218
3942,533
2250,276
2537,1272
2141,1272
241,1840
1954,2385
469,1667
5005,2100
1638,1590
5096,2218
5796,909
691,1487
1069,127
4572,2218
3880,944
3474,256
2930,1324
2567,1272
3308,718
3735,31
4917,940
443,604
3473,31
3869,31
9,1840
1881,944
4400,421
1609,256
306,1272
2541,990
736,856
4773,2100
1048,1128
2896,400
5160,1048
4532,725
5556,1048
4161,31
4673,1869
2307,944
4905,714
4170,1248
445,276
5142,2347
257,225
5067,2173
3866,1022
1645,421
2798,400
3667,31
2767,2218
4135,99
4269,99
3873,99
1813,944
762,1272
4910,2347
238,1272
3560,2793
4330,725
5785,480
1091,400
1858,313
4299,99
1064,1206
3641,99
3715,48
396,518
4940,2347
530,1272
134,1272
707,2100
982,615
536,2218
2941,2347
2521,1007
5175,1840
4913,1840
4329,99
4007,48
2302,1084
4067,99
3671,99
4141,48
1232,2079
1258,1048
996,1048
2267,1248
2447,2347
4290,521
4281,967
2187,730
3326,1003
387,940
5205,1840
4943,1840
5339,1840
528,421
3991,1393
202,2880
767,2100
2232,99
1836,99
1910,48
4573,967
2553,679
949,2521
5369,1840
4973,1840
5107,1840
4711,1840
874,2347
5538,306
2524,99
4929,1918
2000,99
1604,99
1678,48
4090,1348
3147,2707
73,2419
3000,967
424,956
102,905
5434,1272
5776,1009
3138,1840
522,710
2292,99
1574,48
2527,905
116,961
5835,276
293,99
5311,276
132,905
2768,967
5464,1272
672,2347
3998,604
5507,1908
5598,1272
4861,979
3469,1014
609,1244
2567,2374
4038,942
2644,1840
226,725
2134,48
5531,400
5360,518
5890,1272
5494,1272
5549,979
2283,521
2936,1840
3233,1272
3474,203
2971,1272
22,521
5219,2915
1315,480
1437,2163
5695,400
5767,276
5262,1272
5396,1272
4972,944
3659,1272
3263,1272
701,967
3001,1272
1273,604
3565,856
3169,856
4974,990
4497,1590
443,1840
2259,1574
2439,229
5816,3147
2750,1811
2435,2739
5432,2218
2060,1364
4606,944
3165,1272
5279,2915
1596,856
5219,16
246,521
5941,940
3033,944
2509,944
5028,421
126,604
843,1908
1251,979
934,1272
3021,2058
2625,2058
3048,2915
3108,714
3487,518
2150,2704
5345,478
3798,2100
4789,31
926,1569
4754,976
5129,99
4733,99
1070,759
2539,944
2709,1355
1360,1272
2160,2079
3710,940
3314,940
153,306
4090,2100
4763,99
1103,276
1177,225
5358,1248
1128,1272
2995,32
1780,3147
1692,1048
138,533
570,944
5220,725
5509,2548
5734,946
1479,940
3089,606
1822,1279
4379,1048
4117,1048
1061,400
5189,99
5395,2419
4531,99
5001,48
1859,2100
732,898
3414,1305
3025,32
2722,31
3389,1248
3965,2347
66,256
1509,940
3047,730
3386,950
5541,1840
448,1489
1986,1279
3542,1840
3182,1305
3092,99
3455,905
230,256
1935,940
460,718
577,2249
1277,940
5534,2739
5833,1840
5571,1840
1937,986
2016,1279
550,611
3153,725
3572,1840
2988,99
2666,48
2726,99
2860,99
2464,99
5859,967
3357,905
4274,2297
1213,1305
1953,1869
3878,2297
5346,1348
1307,940
1188,1248
465,99
3860,967
1764,2347
4278,726
3202,967
3998,1840
226,1022
5577,2385
5814,1574
2756,99
2830,48
2890,99
1377,1305
726,32
757,99
282,3024
956,1248
3628,967
5721,979
2180,2568
1674,710
4028,1840
77,525
4855,306
3504,1840
1086,725
4959,2349
2715,633
2594,306
525,99
659,99
337,48
1261,2419
2073,2297
4626,604
3796,1840
4014,979
4569,1009
1797,1840
1931,1840
1535,1840
2650,1527
3740,2847
689,99
3485,1574
5181,2704
105,48
5517,1872
4123,1272
4257,1272
4300,1908
2395,604
2223,1840
4425,856
339,1009
4000,276
4549,1272
3738,276
1591,967
3891,1272
4025,1272
5582,2058
1203,2548
5193,31
5320,2058
1370,1907
2590,856
2264,2349
5892,944
4055,1272
1106,521
5619,31
4,480
721,306
3245,127
4122,400
5387,31
5593,99
5918,421
2151,1667
1824,1272
5726,2880
2961,718
1562,1272
3878,2110
3938,2915
4810,400
5679,31
5075,1048
2549,400
5623,99
2512,1272
2250,1272
1918,533
3184,2079
1988,1272
4600,940
2418,856
1430,944
1960,944
3823,1248
1707,2915
1158,1195
4081,725
2183,400
4535,3147
5653,99
4116,719
2280,1272
4630,940
3644,909
1424,533
1966,2802
3179,3024
1594,944
4390,2419
1332,944
281,1272
19,1272
1187,31
4507,725
5442,976
1471,729
5495,48
1639,313
2974,2218
2438,3147
482,400
3209,3024
3818,99
217,856
2223,714
2742,1279
1441,2176
4428,967
1606,2243
4572,2409
5847,99
5334,480
3848,99
3586,99
3324,99
838,1324
2563,940
4899,710
5549,2512
1786,1248
1524,1248
2644,1279
302,940
4858,1840
4462,1840
1012,2793
2306,725
2440,725
2846,2167
3202,1048
4012,99
3616,99
4086,48
3750,99
2005,16
4768,2297
5164,2297
1429,48
1816,1248
4488,967
1950,1248
4362,2548
2130,2347
2930,710
4888,1840
5189,1014
5923,1009
527,2347
1812,725
4042,99
4116,48
3458,48
2529,1305
1172,3024
1781,99
1385,99
1915,99
1882,905
1197,48
2422,2347
6,1305
350,1869
4653,1569
1220,971
4656,1840
3559,480
480,2100
1908,32
693,3147
5035,2775
1623,48
5169,2775
36,1305
2701,2297
5488,276
4,2521
2287,967
3517,604
5547,856
1235,2568
839,2568
1510,521
3723,480
269,725
26,967
1975,99
164,1840
4790,1035
3780,1364
473,905
2451,967
5147,1272
5543,1272
5792,256
5053,856
4461,944
56,967
988,947
1230,480
1582,2625
4102,2704
5177,1272
2619,1840
3421,276
4229,944
5349,975
2825,1908
3181,789
3428,666
1188,2297
5341,1272
2908,1569
4867,1581
5347,2218
4655,944
5379,975
250,967
3080,1272
2343,979
1290,480
5175,421
5274,400
5912,2377
4566,313
5371,1272
5548,2100
1900,1348
3038,2150
3019,1908
1906,604
3110,1272
3529,1606
4680,950
5529,3147
5541,2218
2781,400
4336,2079
5624,940
2716,944
4973,421
969,34
2192,944
5027,2347
617,1272
1727,615
3229,940
1047,856
5742,2100
2712,421
296,2385
4104,2079
5258,940
3298,3147
2694,0
3310,2218
4699,976
5235,956
3050,1355
647,1272
1361,615
1077,856
1815,31
5154,967
568,1918
5590,1305
4134,1325
5104,99
2910,944
4467,976
5205,905
5601,905
4184,99
4681,905
2993,2110
2007,2079
2368,2058
1375,1048
2930,1007
2985,714
4903,725
651,990
5322,1840
907,421
1664,400
5225,1907
5340,2419
4872,99
4946,48
4610,99
4973,905
969,518
3441,1869
3742,1043
509,533
1505,2218
2009,31
2611,99
3072,1248
1537,975
4699,521
1877,1043
5356,2548
533,2058
2372,1022
5352,1840
5486,1840
1432,400
3087,967
3493,2409
4092,1048
4580,48
4961,679
1523,3147
1127,3147
1158,16
2379,99
3282,2347
1868,1869
4603,1348
436,31
40,31
1676,1110
5516,1840
4177,947
3117,967
3535,726
1021,2347
1797,2568
1078,2100
703,725
2685,2249
5905,1019
3823,2297
3561,2297
4631,521
3447,2949
3543,967
3945,947
2885,967
347,1248
433,1022
1723,710
3925,480
867,725
2775,48
2573,99
4249,2297
234,31
5177,1569
574,99
178,99
3311,967
2356,1003
3049,967
3117,1101
1312,967
176,211
1050,967
1450,1840
866,99
544,48
342,99
2953,2548
156,2568
1781,1014
1084,1840
708,48
372,99
1786,2297
5869,533
4202,1272
1244,967
818,2256
1248,1840
1984,942
738,48
1816,2297
4232,1272
3836,1272
2370,604
1244,2256
2980,533
1674,1840
1278,1840
5228,2176
5361,2705
5194,313
545,942
4037,400
5575,944
5041,256
4000,1272
395,1348
3738,1272
393,521
5833,421
2135,1272
961,978
4089,940
1145,533
3853,2915
575,942
2839,1590
4067,400
3612,759
735,1574
4154,3028
4936,31
297,1348
1806,400
3072,256
3082,944
5737,1248
1769,1272
1507,1272
3770,5
1032,1918
72,856
3975,2100
4818,1099
5568,99
5093,3024
5306,99
3102,256
5803,905
1799,1272
1537,1272
5329,1022
1509,944
1511,990
2698,2243
3068,1022
4401,2100
4876,3147
5433,32
5672,48
1604,400
5074,99
1963,1272
2140,2100
2763,2079
3193,909
73,276
4112,2347
5946,967
5022,2568
2436,1869
3415,729
1266,31
870,31
1797,421
1535,421
4190,725
1273,421
2055,2150
3860,32
926,313
2557,1048
3367,99
5774,2553
3897,99
4142,2347
1296,31
1820,940
318,615
1567,1248
3985,2548
3628,32
2029,2218
2163,2218
3209,48
4424,905
3269,99
3343,48
3504,905
5753,521
3986,679
2246,940
1738,2419
1469,1248
932,1043
1644,2003
4785,480
4444,1907
3695,99
3299,99
3373,48
2048,1305
5783,521
578,3147
1524,1305
5521,521
490,1048
698,31
1434,99
1038,99
1797,905
819,1489
3909,967
1323,1022
982,729
1493,679
4872,1014
4175,1840
4815,480
1016,1279
1891,725
1223,37
3007,48
4222,905
3141,48
395,2100
2611,1014
258,1048
96,2218
1464,99
1538,48
1961,905
806,99
2482,2297
4201,967
295,1869
5700,994
4339,1840
4242,1907
1962,726
754,2568
4804,856
4907,2297
4031,2626
3210,942
481,2409
1098,99
2646,2297
3716,521
2564,952
1275,1866
4404,1272
887,1003
1716,2548
3144,480
5219,1606
871,2163
5625,604
1375,942
2954,1487
4786,34
5092,1272
4739,1908
4355,979
4434,1272
4830,1272
5282,615
2138,1840
2840,2297
1035,2163
4579,1811
5384,518
2913,2775
4707,276
4860,1272
4464,1272
4598,1272
3132,604
4266,533
4004,533
685,1003
2708,276
476,829
2599,1272
2258,979
2633,856
303,1840
3654,127
5323,400
4890,1272
5067,2100
609,2297
3424,604
347,2297
3900,533
4296,533
5796,31
3025,1272
3274,256
248,978
4920,518
3836,898
4234,944
3055,1272
398,1272
700,856
304,856
1632,1590
902,24
2464,400
2860,400
4398,944
4828,2218
2932,276
3186,1324
4607,2249
5761,1110
4792,1248
671,276
886,2150
824,1272
562,1272
605,1908
1565,718
1081,1837
2395,421
4654,725
5812,1048
5254,2218
3292,2100
4689,719
3687,909
4155,31
158,1569
4784,956
1771,944
3094,3024
5660,2347
2930,1869
4305,729
1440,615
2427,1248
1422,975
22,2058
3322,2100
779,2037
4975,1840
4884,32
3407,3147
4150,976
4129,99
5022,905
2616,1305
1528,31
308,2802
198,944
594,944
1521,3024
4605,967
4741,2548
5799,947
4315,1393
4743,1840
3053,2218
4817,99
1411,1324
1882,909
2216,31
2160,99
3724,1110
2657,905
1898,99
2643,1007
5293,967
4635,967
339,960
4769,967
2293,2880
3449,2568
5035,1840
5470,1014
96,421
4585,99
4189,99
2840,16
1220,1325
993,2100
2025,32
2190,99
2324,99
2747,956
4304,988
391,719
5762,1014
4803,1840
3062,967
3043,725
1218,2568
788,1294
2354,99
1958,99
4792,1866
2092,99
579,1305
4712,1348
5229,1840
957,2419
5373,276
2568,967
868,2347
5694,856
2793,1085
4057,306
2706,1840
154,725
3741,1009
181,2548
707,1840
4742,1348
2882,726
2607,521
5690,1272
2039,1003
504,730
2998,1840
3132,1840
2046,1393
337,967
549,99
153,99
2687,1574
493,2419
2729,2739
5492,856
4523,994
1169,2409
3380,979
3459,1272
4978,1574
901,1840
1202,1014
4717,2176
1016,100
804,1907
317,99
814,905
4279,2704
5750,1272
5884,1272
5156,533
2279,1348
5326,944
2691,1292
3885,1272
397,967
3489,1272
1108,978
421,48
2485,1574
4847,313
5908,3147
4024,276
882,1574
5228,944
4560,256
5355,719
3166,1908
570,521
3653,1272
4686,2058
2833,944
1763,276
642,3026
4877,313
917,1918
3945,1272
3683,1272
3287,1272
5341,2110
1531,276
2329,256
1288,1272
3750,400
947,1918
2891,898
2908,313
5580,32
3890,2100
5404,2058
4216,3024
1976,518
4584,976
4641,1510
2755,256
2765,944
1576,3028
977,225
2930,1011
3506,2110
5333,313
2621,1195
3355,2880
4182,2100
5737,1305
2676,313
642,127
1915,400
5647,99
5251,99
543,1811
3516,704
4490,940
1220,1272
1058,944
1192,944
390,256
534,944
3053,421
4346,2100
4175,2218
4471,1048
4605,1048
4209,1048
5019,99
62,2827
5912,905
4757,99
2210,1048
5002,1623
564,944
5738,725
5836,1260
5233,967
4376,2100
1218,421
1975,400
4635,1048
1154,2880
5445,99
3566,16
5123,48
837,729
5257,48
2906,909
2844,31
2078,2218
3050,99
3943,905
1420,2218
990,944
2862,48
3607,956
4221,2347
845,31
449,31
4776,2569
27,2028
5925,1840
2165,1813
1038,611
726,1248
5153,48
5287,48
1386,1294
1642,725
1712,2218
3476,99
1846,2218
5698,521
5040,521
5174,521
2645,1110
4632,726
3952,967
2195,1813
5137,1393
5770,3026
3960,2548
5730,1907
4525,1014
2126,3147
3244,99
2922,48
3378,99
2982,99
4792,2297
2987,2163
5686,2739
1847,2419
1379,99
2168,525
721,99
1218,905
3742,726
1378,2880
3537,1260
4760,480
4498,480
4419,1907
2906,1393
1440,725
1197,967
1859,1840
4426,2297
5776,2790
848,32
1500,1907
1147,99
3235,521
4022,1840
4411,861
5245,2750
2936,1393
1489,967
5718,718
1604,725
2285,1840
2529,480
1627,1840
3893,871
1439,99
1117,48
105,1048
781,99
593,48
1933,2297
4349,1272
5459,615
333,2568
1400,521
5087,1009
4517,856
3538,306
2431,480
1207,99
1281,48
694,480
432,480
2359,2297
3962,984
3683,1569
4884,276
4226,276
1430,521
5681,31
4681,856
5546,2058
4089,944
1821,1840
5286,1195
3930,2385
1462,1907
200,480
558,942
1055,994
4726,225
1938,2775
128,2297
4543,1272
4906,1324
2079,2256
4973,856
936,521
676,1348
3553,533
159,829
492,480
2450,856
3382,1590
151,1907
2986,1590
3705,2243
983,717
4573,1272
3227,898
5541,909
4975,2218
3736,775
2574,1272
5058,940
16,1840
447,306
1051,1009
503,615
219,856
5403,1325
5893,960
2641,400
5301,1048
4743,2218
5849,99
2129,225
4658,2110
5088,940
3644,31
3248,31
1656,944
586,276
2776,975
81,1272
1614,718
5206,2100
4639,2218
3992,1653
5465,1048
2,1918
4343,944
5900,976
2945,2100
71,3186
4460,940
4079,1248
354,276
4917,2347
4733,725
5721,48
1065,2704
1469,313
3188,3147
2542,2218
3910,99
3039,3024
250,276
5343,2347
4947,2347
4243,1248
1977,719
1705,31
1839,31
1443,31
2370,421
5025,725
5525,1048
2538,5
2919,2326
3139,2100
3500,2079
5747,306
2956,3147
2106,725
208,400
4336,99
4014,48
3752,48
433,518
414,276
3812,99
4991,710
2498,956
1001,975
5346,1840
3169,2100
4688,1840
5328,480
5450,2163
2270,725
4992,3005
5914,2297
597,518
5141,2347
1121,3147
517,0
4390,870
737,2218
2297,2521
4580,967
2484,2347
686,940
1134,2793
2300,725
3550,48
4204,2558
2097,1305
1873,99
4018,2553
2168,956
554,2110
192,940
3186,710
4748,1840
5144,1840
5784,480
2330,725
3023,2409
3991,2800
968,2100
209,1294
1489,1048
465,725
4312,2626
5945,24
2505,2419
1711,2558
4125,521
1072,1110
5580,276
857,956
679,2347
407,1659
150,2003
5218,45
3120,598
1483,48
2823,2297
5070,1086
2353,870
408,2419
303,905
5239,1272
5373,1272
2424,521
5803,856
3583,480
3508,306
2544,2508
420,1840
1060,480
4298,1364
232,99
3774,1364
5403,1272
2058,521
3513,276
4196,306
708,967
312,967
4234,9
712,1840
450,1840
3112,871
1539,306
188,1840
3653,1195
5743,0
5099,2150
1152,2297
1124,1003
3994,2427
4747,944
3739,1908
3434,1272
3568,1272
3886,615
480,1840
5762,400
2697,1918
2430,1574
5226,16
174,1918
3049,276
5814,940
253,521
3336,1272
4766,31
5256,2110
4497,2058
5948,940
4108,31
5612,991
5747,2347
5021,2243
941,1272
5435,1294
5889,710
4822,313
5203,944
4858,909
3366,1272
2918,2802
2445,138
5597,1248
2546,944
5297,956
3404,975
1026,979
709,1272
5599,1294
1273,856
5834,2100
3695,400
3299,400
3573,2100
1434,400
2576,944
4904,99
5750,1813
2156,1324
1397,1272
1135,1272
1935,2079
794,979
2303,31
4531,1022
3104,1248
2621,313
5262,719
4078,3147
4090,2218
370,1590
2097,313
5776,940
1464,400
3828,2218
5196,99
5330,99
4934,99
4672,99
1031,518
1165,1272
2071,31
3000,1248
5022,2548
958,2110
595,2058
199,2058
5810,1840
3633,2100
5548,1840
3392,725
162,2176
3596,2218
5360,99
120,2704
1954,1324
2759,31
2263,2079
4002,2347
5440,967
5178,967
1546,940
4357,1003
5840,1840
4732,99
5229,905
1664,2100
2080,1032
1536,2100
2807,48
2096,976
2471,99
2867,99
2968,905
5217,521
194,909
132,31
528,31
1414,2110
3889,726
4312,829
5158,99
3217,2548
1657,2218
2763,99
2897,99
2635,99
5119,521
5208,2256
296,31
1478,940
4053,726
835,1248
4035,1840
318,729
2117,1048
1652,2409
2927,99
3001,48
3424,905
4341,2297
2343,48
4574,24
928,99
1530,2419
1062,99
1302,2003
3150,521
2888,521
2444,480
2578,480
1189,32
927,32
1560,2419
2194,2934
5867,1272
4797,604
2918,521
4268,1014
1153,725
2608,480
2805,994
1733,253
1122,99
1328,2419
464,99
138,2558
4007,276
1598,967
4294,1272
1830,2256
16,2568
2566,604
1998,1840
1337,1569
1474,1840
1078,1840
2304,2297
5239,898
3088,127
5467,533
5771,944
4458,1272
5753,2058
455,521
1367,1569
1370,1086
1766,1840
5154,975
1504,1840
3104,256
5569,2880
491,1117
2882,1348
375,942
1064,1918
4354,518
5928,719
2755,2704
4092,1272
4226,1272
1214,172
2093,1272
2657,856
4341,2915
4817,400
3282,127
4228,5
4485,1324
4524,2218
5028,31
1995,1272
1599,1272
4585,400
3996,5
3615,313
5794,99
5472,48
3734,944
1953,2150
3517,909
3455,31
4375,940
1601,944
1735,944
1339,944
26,1272
5346,2568
3186,2243
4627,2100
2354,400
5562,99
4311,1305
2707,3147
1105,898
4025,719
2841,3147
2027,944
4022,421
452,1272
56,1272
835,256
2110,2110
3216,2243
1763,1248
4748,2218
2122,400
5928,48
5592,99
5726,99
4831,940
2749,2218
5254,1043
2709,1099
4569,940
1298,138
2225,2218
3593,99
3799,2419
4546,956
3828,905
583,1324
4764,2347
1398,719
2174,940
3616,1022
4851,1003
5278,2568
5553,521
520,975
1182,313
153,400
4019,99
250,1272
3682,679
256,2218
339,940
2651,2568
4895,1840
4633,1840
5722,306
603,986
4536,1907
3599,48
3203,48
4022,905
5749,1348
952,2079
852,909
2368,940
1382,909
5045,1003
491,1869
5303,480
4566,1907
3891,48
3495,48
621,2100
1653,32
3860,1866
484,1048
1952,99
919,976
1294,99
3778,521
3516,521
4565,1840
5563,942
2032,967
4468,1907
1906,2548
1517,521
5133,2297
3302,942
410,725
480,2218
1398,48
3134,2297
73,1305
3944,1348
4857,1840
189,2419
4813,979
4892,1272
1943,521
1241,1003
2858,1840
2200,1840
1938,1840
4234,521
4326,2739
5031,276
5580,1272
5184,1272
4769,276
4660,1272
5352,856
1315,521
3266,480
4940,1851
4236,944
5356,975
3191,306
4545,9
4419,1590
365,1840
103,1840
1101,942
1261,2163
4112,127
5348,1272
5800,615
4358,533
2996,1908
265,2548
395,1840
218,1389
5555,2100
5768,3147
1249,1348
3226,276
5550,975
421,967
443,726
295,2548
2113,1574
5414,2218
3409,518
2994,276
2001,20
2553,533
4418,718
63,2548
156,2739
2687,533
589,1840
1416,306
2593,871
624,1272
5615,2100
4407,909
324,229
5661,940
2625,944
3349,975
1312,1272
916,1272
501,276
654,1272
1502,615
1350,975
5642,1048
1664,384
3609,2218
3731,3147
3617,2079
2970,16
4688,905
4774,679
422,1272
2596,714
2651,421
2056,211
2438,313
3673,1048
4221,99
5436,956
714,518
5258,2347
4998,730
1278,856
254,533
1544,975
2760,714
2941,725
5115,2419
4647,99
4325,48
5249,2419
3396,1305
4385,99
3228,940
4840,679
1643,3024
2585,1248
3767,2157
4861,967
1229,940
3937,2568
5523,1840
5657,1840
5261,1840
452,1248
2862,967
5829,2297
4394,942
2839,956
3018,2419
2154,99
5153,967
5549,967
473,31
3595,710
878,1248
616,1248
559,714
3288,967
3751,2943
4086,947
70,2243
3292,1840
3426,1840
5745,2949
1636,1048
2446,99
2580,99
2786,2419
5326,521
7,2079
185,99
816,905
2660,967
2534,2548
3700,480
3194,1840
642,725
2610,99
3628,2297
5096,1348
3762,2297
3366,2297
2762,870
215,99
2690,967
5782,1272
2833,521
274,679
3486,1840
3787,1014
2056,829
672,725
437,2548
1526,1014
669,1393
1725,2163
641,99
715,48
319,48
5921,276
117,99
5550,1272
4480,604
5218,533
273,2332
1214,900
4252,1908
2157,480
5799,2915
87,48
2219,2297
126,942
957,870
4086,276
3581,1272
4758,1837
2115,604
2237,1533
1681,1840
1023,1840
2155,942
2973,1574
509,2558
4914,256
4007,1272
3611,1272
1058,521
4141,1272
402,1348
5175,31
796,521
94,1003
536,1348
3017,533
5040,2058
1449,1840
3321,944
855,1101
5755,1811
1131,1908
3242,1590
673,306
2584,1590
4074,400
493,870
2420,435
5205,31
196,2569
3443,533
3909,1272
4690,1837
5339,31
5204,2058
3655,1355
1910,1272
3842,400
2966,729
4457,3147
5893,940
5313,99
2049,276
3253,944
3776,719
2659,959
3377,421
4929,1048
1873,400
4237,2218
5137,31
5739,99
5417,48
4706,976
1574,1272
80,276
4663,1279
1022,944
3857,2347
3131,2243
3422,729
3972,2859
4665,1325
1280,421
898,127
5507,99
4734,1869
4472,1869
3809,1525
3969,1248
1448,944
384,256
2089,940
4797,2568
5537,99
5671,99
929,729
5869,2558
1844,1294
5211,2558
3635,32
2432,2218
2728,1048
2936,31
3132,909
3538,99
3672,99
2285,478
3475,1248
3511,905
5089,2568
5044,1105
5856,229
2241,1869
837,2079
3657,730
675,31
4565,2568
5894,521
936,2058
2828,2568
2371,2100
3799,32
1804,2218
2630,1048
3776,48
4720,2297
3118,48
4458,2297
1531,1305
3425,730
5409,829
797,2249
1244,1248
3916,967
1094,2243
4316,1840
2364,2218
2660,1048
1240,725
3938,2419
5146,2297
3074,99
2886,48
140,2100
1075,99
1932,1248
2112,2347
1145,2558
3559,521
2246,2347
314,940
4230,726
2388,710
3950,1840
4590,480
4084,1840
591,2157
3500,99
2987,480
2085,1840
304,2100
5462,1348
5942,2739
1336,32
1501,99
1239,99
2653,2297
1882,730
4454,1908
1327,2548
2511,1840
5771,9
499,2167
5370,604
1650,730
392,2455
4812,276
4703,1272
1492,521
1879,967
5685,615
2975,604
1491,2548
2279,1840
1589,1393
3180,1009
1111,48
5529,2704
5782,898
3631,127
3928,1811
5774,256
1918,521
5715,615
1656,521
2610,1014
4102,1590
5330,400
4934,400
2688,2775
5542,256
4635,1272
1290,521
4769,1272
5803,31
794,2569
3677,256
4807,975
1326,1117
4461,2058
4695,10
340,1840
429,2821
3694,1364
250,2297
4665,1272
5833,31
4071,533
1596,604
2325,979
2404,1272
5138,1869
2142,1272
5860,2793
4633,421
235,861
5033,1294
4403,898
3706,1724
2867,400
3475,256
5168,1869
5180,940
2172,1272
2540,944
272,1840
435,1272
1968,718
569,1272
4831,5
603,856
3056,1211
248,2385
5557,1048
228,1918
4369,324
2598,1272
48,230
5344,940
3504,31
1912,944
520,979
2473,1011
733,1272
337,1272
2828,421
4902,945
1933,2171
2091,1067
2034,533
2896,2218
3326,1048
3414,3147
2338,944
3499,976
5717,1279
367,1272
105,1272
1535,31
1796,2058
339,944
3427,2793
5008,967
1372,1730
3444,3147
734,692
2368,944
3978,48
4797,905
2223,31
397,1272
531,1272
2747,940
1183,3147
799,2218
5873,829
107,944
1227,975
2762,1248
3770,1038
870,1869
4196,99
3934,99
4008,48
4404,48
4972,2949
951,3147
1326,3024
45,1355
2712,730
2013,729
5903,1014
5846,480
2392,725
5378,2297
4574,1748
2173,48
1777,48
3513,2297
4845,521
4583,521
4321,521
680,940
5236,1840
2309,848
4974,1840
165,1248
559,421
1137,2347
2556,725
2807,2256
1456,2100
4529,1574
2263,99
1867,99
3677,2297
4724,2981
5410,276
2352,521
2343,967
5041,1907
2090,521
3702,1014
3139,1840
2743,1840
2686,3026
3042,1907
4297,1574
653,32
16,909
1609,598
294,99
32,99
1446,2297
4383,1533
1069,2347
2120,521
3675,480
3809,480
2907,1840
4860,2626
908,1840
2749,2385
3475,2297
4285,1348
5794,400
2991,1918
5866,276
1738,2297
4816,2704
5800,1908
5495,1272
5559,533
3896,1014
404,967
285,521
5116,1626
3798,856
1974,480
676,1840
2651,2385
5653,518
92,99
2888,1574
589,905
1506,2297
5921,1272
5525,1272
5589,533
2316,1348
5659,1272
4931,533
4647,774
2964,1569
3635,276
3843,225
3264,1272
3828,856
1364,1840
968,1840
3960,975
2100,942
1007,1014
4094,975
4193,954
2656,1574
1670,2297
2084,1348
2934,1518
5610,2110
4858,31
599,1569
1538,276
5313,611
5593,2880
265,942
3623,400
741,871
3757,400
5725,2218
3720,1272
5294,719
5411,2058
247,521
3430,944
780,984
3034,944
3168,944
1822,1324
5172,729
4855,1022
3150,2058
4849,2705
124,306
3921,400
722,1918
2413,2704
3927,2100
5314,31
4140,3147
5052,31
5489,32
1526,400
5493,905
1986,1324
1623,1272
1270,1908
2657,31
4023,2747
965,1272
3577,940
5493,1844
3817,400
2784,2243
485,1574
462,1590
5288,99
69,2827
5100,48
4764,99
1257,1272
2587,2079
1391,1272
2883,909
2547,960
3741,940
3082,2058
3226,1248
5745,725
5502,967
3146,730
4346,2218
5084,1393
3618,725
3688,2218
4815,976
5658,2419
3939,1305
3543,1305
1939,3147
1089,533
2589,31
2816,976
3652,1248
3390,1248
5532,967
2022,1869
5666,967
905,1355
5936,2548
1772,940
1510,940
4114,2218
3811,2409
5294,48
4898,48
5156,2558
1087,1776
5032,48
2377,2218
2103,3147
2619,31
2899,48
3355,99
2959,99
3682,1248
3382,956
493,256
3194,905
3600,2347
1506,2110
1862,991
2250,2793
1195,905
3282,725
4737,480
2598,1032
1871,3147
3647,99
3325,48
2989,99
3123,99
2727,99
3546,956
1471,961
3706,679
397,1837
1966,940
1840,2521
1809,956
1189,1248
1631,2347
2161,2347
3599,967
3865,1840
4243,480
3019,99
3621,2419
3650,905
3089,2558
5241,521
1996,940
3474,679
318,2079
1154,99
3891,967
3503,2548
3107,2548
1937,710
4535,480
5786,994
1496,967
474,1279
1630,967
444,2568
3257,48
2331,1014
1274,1305
5763,229
374,1048
1184,99
788,99
4726,1364
2749,2466
3406,521
3144,521
5931,944
2340,726
5750,2626
4094,1272
1288,48
952,99
556,99
1026,48
1086,99
1449,905
2500,2297
5361,949
3532,229
5658,943
5699,944
1824,967
4520,1272
5602,1011
3952,2508
1794,2256
2224,1840
2468,480
1962,1840
1518,860
5358,1590
2134,2297
4453,400
4812,1272
4154,1272
1601,521
272,2568
3956,533
1139,2153
2894,480
1968,2385
3346,954
5893,944
4184,518
4318,1272
1369,521
5486,31
1083,127
4290,944
3456,718
2057,1272
267,480
497,942
984,306
1315,1574
4787,2100
5516,31
2386,400
3662,944
2592,276
2707,980
2392,1908
2745,1272
4699,940
92,1014
923,942
4677,400
3658,421
2902,1606
4555,2100
4780,2218
4518,2218
4814,1048
2775,1272
4258,1355
2513,1272
2117,1272
3547,31
4567,2110
4467,940
3419,31
4033,2176
173,979
252,1272
4932,3147
4082,725
5654,99
1077,604
2644,1324
2799,3147
4136,961
2933,3147
3449,31
653,276
4954,2347
1459,1837
712,856
2632,940
2377,421
2115,421
4974,2218
5758,48
2573,518
4147,719
5797,942
2963,3147
4081,99
4265,2660
4900,956
2814,3024
2148,719
50,1272
480,856
2274,2521
2993,3147
2743,2218
3039,1048
4507,99
4245,99
476,1272
1906,31
1248,31
1382,31
1772,2660
431,940
2761,3147
3391,1099
2045,725
3258,947
3879,99
3953,48
4013,99
683,2100
209,2217
546,1048
1618,99
1692,48
747,3024
3051,2347
4355,967
5945,947
5395,480
4889,1840
5133,480
2733,725
993,986
4874,2471
4043,99
5735,1487
972,1048
2044,99
1648,99
1722,48
1782,99
2243,1248
5821,480
244,1248
424,2347
4426,1907
4875,979
4560,1907
164,730
2528,2548
5487,2297
3054,1840
3298,480
1002,1048
2148,48
1812,99
2964,2297
4755,1035
5355,276
5489,276
2550,967
12,1248
3914,604
1333,1003
2026,967
3346,1840
2688,1840
2989,1014
532,725
2987,1907
359,16
3256,2297
5938,2704
239,99
736,905
5672,1272
5276,1272
5148,1272
4807,979
2718,1840
3358,480
2456,1840
1513,947
57,967
3491,1009
1359,480
457,1840
1327,942
2910,2949
269,99
81,48
5306,518
1025,2297
5371,1667
5044,1272
2365,1348
1969,1348
4754,944
3506,1667
3521,1009
2265,1117
1619,942
3298,1903
5903,400
5245,400
5208,1272
1737,1348
251,967
3343,1272
2615,533
3377,856
904,34
1291,480
292,1907
3317,990
2677,1569
4552,944
4686,944
2977,1272
3111,1272
978,1272
1112,1272
2378,1128
5841,2100
3306,400
1950,1590
632,1574
5427,16
690,990
3403,1272
3007,1272
4581,719
5008,32
5094,2058
5357,940
5457,2110
4714,1248
1008,1272
1332,615
5630,725
5700,2218
3405,5
3470,400
1471,400
2577,533
4473,31
5140,1248
4885,2419
5582,2347
1103,1667
1172,1272
578,533
944,856
2745,1248
2333,2243
5487,16
5555,1840
11,1590
145,1590
3603,2218
4971,99
5367,99
4334,976
4447,99
3686,940
3290,940
5520,314
912,944
244,256
995,2110
5193,2548
2928,709
3408,2100
3804,2100
5397,99
2905,725
5135,99
4739,99
4264,3024
3445,2167
282,898
1543,2100
2959,961
2940,719
1634,2218
2138,31
2038,2079
1869,3024
5895,726
3911,2347
12,256
5089,2548
4700,521
5353,1840
4319,829
3593,725
678,1248
2935,725
5165,99
5400,905
1439,2100
2048,3147
1390,3147
2364,909
1128,3147
2582,48
2267,976
3941,2347
1255,478
2578,2558
5379,967
4730,521
303,31
1607,1869
5779,1840
1309,714
5913,1840
5816,1907
4611,48
1999,2100
1603,2100
844,1294
4158,480
3008,48
3068,99
3140,2419
3565,905
3169,905
2410,99
4760,521
3053,730
5148,1569
4117,829
3432,726
588,1489
3544,967
1828,2568
2895,521
3836,3061
1986,710
3944,1840
3450,1305
3548,1840
2702,99
1189,1305
2376,2558
4924,521
5060,1348
297,909
703,99
5704,861
200,976
2079,1813
377,2558
3574,967
1478,2347
3806,2256
1992,2568
3578,1840
1313,967
1294,725
898,725
1187,2548
5266,1574
1317,1840
2079,2163
11,3147
2540,306
2548,921
3267,1574
1364,905
1102,905
3742,1840
4039,1272
1081,967
5558,1574
4229,615
1481,1840
2570,306
3559,1574
3297,1574
2723,521
4440,276
4069,1272
1216,229
462,521
985,2548
2074,1014
1511,1840
248,942
1817,2297
1621,2385
3556,1811
5546,944
2024,2775
2621,1533
4099,1272
3479,1564
1142,1569
2238,1014
1541,1840
3110,943
1480,1564
1578,1907
769,48
3315,1348
5591,313
5442,944
4263,1272
918,521
5178,1837
1437,1086
1568,1569
3011,533
3973,944
1868,1272
2398,1272
4083,523
1419,2385
4330,400
3259,2705
274,2297
2354,384
12,2297
822,1348
1302,2739
2069,400
5560,976
5866,1248
4056,16
3741,944
3345,944
2156,3028
950,1533
688,1533
2166,1272
2966,2079
1176,533
1231,994
1994,1919
5082,1324
871,1590
5229,31
4759,1048
4960,3024
5569,99
2062,1272
596,604
1446,20
3705,324
4412,940
3625,2058
289,861
306,276
1510,944
197,1272
3593,1022
3357,2243
2049,2915
3420,313
3917,1119
1867,400
1958,518
2193,1324
4838,940
3819,961
4576,940
2616,3147
3132,31
1406,944
5033,2347
3799,1248
3895,956
3191,611
1102,718
4713,2342
4453,725
214,2915
2695,2100
2829,2100
3830,719
4606,940
358,1324
1831,719
4539,2347
5590,521
1285,960
2083,940
3561,679
1830,1248
429,975
2743,986
5038,947
5867,48
5471,48
4378,1840
324,400
2292,2218
2984,1048
5609,921
3794,99
3868,48
3532,99
784,1324
1589,31
1598,1248
3114,1279
593,975
2570,2347
80,2110
2889,2100
4146,1840
1990,725
2549,2409
3636,48
494,2100
445,3147
1357,31
1301,99
5652,1533
4172,967
4308,2548
144,940
5340,480
4834,1840
945,2157
988,2793
2039,967
339,2347
3988,99
3592,99
3079,480
658,2100
396,2100
621,2218
225,2218
1593,99
1942,253
1989,99
1405,48
1465,99
4173,229
4992,1086
3689,1348
2906,710
5504,480
211,1007
2465,967
310,2706
1458,32
1757,99
1361,99
1831,48
1495,99
1173,48
1152,3143
3719,1348
42,2110
795,2347
2233,967
1837,967
2241,2548
5493,856
78,2706
2633,1840
3273,480
413,710
3594,306
1599,48
2748,1009
3925,1574
1012,480
2010,521
301,2347
4697,1272
3437,480
4376,2385
5527,975
4744,337
1438,480
1956,1574
4836,276
1694,1574
5123,1272
4861,1272
2337,2205
4529,533
4699,944
2971,276
2862,1272
810,480
304,1840
1134,2297
5153,1272
5330,2100
3687,604
1904,229
4559,533
2052,127
2475,984
1165,829
4195,256
5721,975
3288,1272
2630,1272
4583,2058
596,1840
1195,856
23,1389
1501,1128
5360,2100
4250,313
5098,2100
1865,1590
5311,3147
4235,944
713,2775
3165,276
2581,979
2970,0
3828,31
361,1569
4014,975
5598,1110
4429,2880
661,1272
2112,127
1895,1590
212,2385
948,1487
1822,2243
5091,2218
2930,759
139,1348
1353,2704
1620,604
2690,1272
5436,940
2004,944
5497,2347
5631,2347
5235,2347
484,979
859,856
5779,2218
3019,400
5383,2218
3153,400
4178,1325
5372,1305
5110,1305
1020,400
1787,313
2522,533
5443,956
3550,975
3071,940
5857,946
3895,2326
2826,1294
5238,1840
307,127
3548,2218
788,400
3904,1099
4916,99
4728,48
5115,1248
5547,905
994,276
5285,905
2711,31
2215,2079
595,944
189,256
2592,1248
5111,725
4827,966
2378,730
5530,1840
4480,2548
457,421
4316,1393
3246,725
131,2880
4362,48
1092,2100
1849,2079
2217,31
5160,967
3064,2347
4898,967
83,2058
5298,1840
5694,1840
883,421
487,421
2262,1844
619,725
1085,2218
2453,99
2976,1372
2191,99
2265,48
1074,1305
4675,521
301,1355
1134,2110
5724,1840
5243,978
2648,725
3147,2358
5418,979
3969,480
3463,1840
388,950
1045,725
1511,2218
1208,2409
2221,99
5423,3016
2355,99
2852,905
4443,521
16,31
5492,1840
421,1248
2697,967
5395,1907
3227,967
3493,1840
3627,1840
3231,1840
4320,306
3967,942
1837,1048
832,967
2325,48
3537,2297
3803,726
124,99
2608,521
4963,533
5725,856
3657,1840
3562,1014
1258,967
862,967
843,725
1569,829
996,967
5216,1918
2528,942
5679,861
550,99
154,99
1568,2297
5721,1272
5755,856
3687,1840
3425,1840
3509,225
1026,967
1162,2548
368,967
1932,480
1426,1840
5555,421
2408,1348
4014,1272
4659,256
4148,1272
3752,1272
803,521
4466,615
930,2548
4316,856
272,2548
3374,1097
4001,1195
610,99
422,48
1366,2297
5753,944
3891,276
749,1574
4440,1272
4178,1272
3782,1272
707,1348
4688,31
309,521
3972,615
5744,2521
2709,306
1521,1272
1792,2297
5115,256
4055,276
312,2862
79,1348
5762,1006
3260,944
1947,1272
1551,1272
539,3026
1210,979
4514,2079
5278,31
1038,1811
2086,276
5484,99
115,604
1758,1908
1319,1272
5545,725
4043,400
4344,1294
2939,313
5349,32
4134,3147
5273,976
5252,99
5893,2347
4083,1869
1879,1272
17,604
4962,525
1059,944
3714,1248
391,256
1732,2915
3103,313
718,1590
4250,2167
5544,99
3233,1325
5356,48
4031,1305
2943,31
4125,940
4259,940
4859,2625
3021,99
4058,2347
186,2079
4596,710
5896,1840
5648,48
5312,99
2504,519
5446,99
262,384
2603,2218
3709,99
5400,2548
1513,1248
2342,2793
3770,725
2268,400
1392,729
2408,2100
902,313
3178,32
1509,725
1053,482
2667,1048
3417,48
542,909
1662,940
614,31
1216,99
1281,1248
2119,2347
4349,967
276,975
869,2243
4749,1840
1328,313
2661,829
2401,2218
4390,1907
4918,306
3507,99
3443,2558
3116,2163
177,2100
1598,1305
311,2100
5469,1348
362,1099
140,2218
1081,32
920,2558
3721,967
4084,1019
4517,1840
4121,1840
1965,725
1722,967
536,2568
2953,48
603,2100
1170,1393
204,1048
752,99
5449,480
1073,679
5646,994
4285,1840
1752,967
1490,967
4582,1272
3379,48
5034,615
2024,1840
5816,1590
2189,1907
234,1048
1065,976
1178,99
3266,521
21,940
2082,2949
347,1110
2178,967
1995,1260
1267,521
1401,521
1005,521
4780,856
4802,615
1920,1840
2054,1840
1364,1393
335,726
1102,1393
1148,48
791,942
2360,2297
4679,400
4642,1272
5757,959
361,2297
1297,521
4380,1272
2084,1840
1141,947
3806,1939
85,1840
3615,1590
4709,400
4447,400
391,2297
1423,229
4544,1272
4110,256
2807,1272
2411,1272
255,2409
2545,1272
115,1840
2317,856
889,480
1119,942
2065,1574
2403,1569
5104,2218
5751,1837
969,1348
5742,31
1104,2704
2506,1667
184,1014
5048,0
672,953
5302,1048
4170,256
4314,944
2405,2150
2343,1272
2773,856
1749,533
3697,975
5694,1279
3,979
3977,211
4570,725
4640,2218
2635,518
4118,1355
2769,1272
4711,1869
770,1272
1542,31
3238,2100
2842,2100
3067,2218
4194,976
2805,2218
3101,1048
3495,975
4307,99
5358,525
3985,48
1717,944
4804,905
2373,1248
5463,726
1776,211
4613,2249
3955,2249
765,2567
4337,99
3180,940
1502,2079
2742,714
5075,967
5873,947
4813,967
1879,1248
2218,714
4551,967
5213,1840
5347,1840
3261,2218
3714,2163
5257,2297
854,3147
2948,940
2382,2249
4426,679
1270,2079
3082,940
3425,1279
4328,521
3395,2568
5940,1014
4589,2548
304,421
2167,725
2720,1840
1414,3147
302,725
2767,905
3684,2297
4620,521
4611,967
4716,229
4754,521
1971,971
470,1248
4914,1907
8,2880
2224,2548
3241,946
3012,1840
3843,1014
3146,1840
2750,1840
2060,1393
728,725
2562,99
1228,1048
1529,976
2038,99
1432,1043
2,32
869,1869
881,940
1548,2157
39,99
500,1248
4232,947
3836,947
5472,1272
2798,726
5119,1908
5527,979
5034,1046
4046,942
1317,2409
515,967
4997,1918
212,966
2142,48
1746,48
1608,2558
4554,1348
555,1305
4361,953
888,956
2507,1866
134,1248
4298,604
2806,967
700,905
304,905
710,2347
2515,229
4165,2704
390,679
5349,276
5898,1272
3206,1840
3450,480
3078,1840
526,725
553,2548
945,1840
1585,480
683,1840
4475,1590
173,48
5928,1272
5532,1272
4472,1292
2457,1348
3804,604
2202,829
3671,1014
4846,944
5242,944
556,725
3271,1272
5902,990
4962,2058
3835,856
975,1840
2532,1872
451,1840
366,978
2663,1574
5696,1272
1829,1348
2199,127
2309,2739
4840,533
5406,944
5010,944
3148,276
3301,1272
3831,1272
3435,1272
5773,1869
90,521
310,2739
4730,2058
2698,1918
10,942
4736,533
5174,944
432,1574
3465,1272
3599,1272
3203,1272
254,521
5553,940
4161,975
2779,944
3037,421
3794,400
2042,1590
5896,2218
2471,949
4725,909
420,1348
24,1348
3467,944
5464,1248
1496,1272
5847,986
972,1272
2730,1590
3562,400
1629,1020
54,1348
4357,1048
4565,31
5181,2249
5530,905
5808,2347
1264,1272
3998,1869
1761,1324
1398,1272
3748,940
4720,2793
1407,45
694,2058
976,990
2559,2243
5683,1305
4857,31
4815,2249
5063,99
1818,518
3729,1048
5197,99
4875,48
1032,1272
1096,533
4628,1110
3659,1248
4488,2793
4092,2793
5935,967
3830,2793
5811,1840
1361,400
4155,1048
5227,99
4905,48
3930,1869
1860,2218
2364,31
1118,1581
3785,956
4265,2347
2329,976
5684,725
3607,2347
1285,940
4322,2100
5841,1840
1079,313
1927,2100
2152,2218
3972,940
3860,2419
3392,99
2734,99
4028,2003
344,1032
5380,2569
1961,1869
5741,2548
832,32
1577,940
1093,2059
5053,1393
3048,2891
4512,480
4307,1014
3610,1840
1751,2409
3026,99
4915,870
2838,48
2502,99
821,31
4867,829
765,99
2198,2347
2987,521
3510,2548
4036,1840
1984,1048
960,725
2581,3024
2868,48
3687,905
4604,2297
3946,2297
1257,719
1325,99
1003,48
2228,2347
1426,905
533,1038
3969,1907
2852,1393
5111,1697
5759,1918
2841,480
4372,2297
899,48
959,99
5055,2704
3183,1348
3831,1569
1152,679
4199,275
4570,1908
115,2568
920,521
5560,2058
1835,1840
1969,1840
1573,1840
3609,1348
5742,759
1569,2256
1405,1101
1153,99
1590,100
831,48
965,48
1713,2385
5638,944
4172,276
1629,967
4325,1272
1116,1348
4063,1272
5493,31
4777,615
5845,2176
3161,942
5155,975
30,1840
5050,400
3989,949
2877,1533
4355,1272
4489,1272
4093,1272
5585,909
2356,1272
2094,1272
1500,533
3590,1590
4684,400
1249,2385
2423,400
4095,944
2782,1272
531,829
2124,1272
5575,729
3426,31
602,480
4848,400
3681,2243
2428,2622
5384,2100
3220,313
1078,1348
2659,276
3863,944
1034,1241
2550,1272
5284,1869
3403,959
2026,1272
3979,2058
3583,2058
3421,976
4123,1248
1592,256
4833,2347
4437,2347
1195,31
5018,2100
5152,2100
2504,523
1860,421
5277,1048
5015,1048
5353,1043
2970,3147
3252,2079
3486,31
4594,991
4656,1869
4852,2747
1044,774
715,1272
57,1272
2010,2058
5182,2100
1553,1590
5238,2409
5929,48
872,1606
2921,2100
2525,2100
1415,313
2263,2100
3650,31
3691,32
2476,3147
4324,2419
3856,99
1796,944
330,276
87,1272
221,1272
2537,2110
1794,1248
3310,1279
1445,313
2293,2100
4282,99
4020,99
4094,48
3362,99
3560,2558
5846,521
1023,31
89,944
3058,2347
3402,2157
1562,1248
172,2110
3572,2568
1412,2243
4896,1840
654,2793
5370,942
3466,48
4285,905
2537,1305
458,2100
933,3147
1449,31
5382,952
287,2218
784,3024
4810,726
3877,521
2168,2347
4530,1840
5304,480
115,421
4402,1840
2112,725
4963,1907
4080,99
750,2100
1819,99
3438,1009
1497,48
4303,521
5920,604
3781,1348
5090,1840
5100,276
358,714
2538,725
5457,321
5262,2297
2829,1840
731,3147
865,3147
4516,1918
1923,48
1587,99
2304,679
3809,521
5130,276
5417,1272
219,905
3121,1840
3365,480
3422,1014
944,2100
3595,942
2201,1840
64,967
441,725
559,946
4237,1348
111,32
5094,1908
1166,2297
5581,1272
393,2347
5615,856
5771,615
2804,978
2924,1272
3092,856
1024,1840
4005,1348
2685,2949
5324,276
5062,276
2782,1569
2224,2739
965,829
2560,1907
5585,990
4927,990
1054,1840
1355,1014
5940,400
957,1907
2314,1851
1347,2816
5282,400
3913,604
3093,276
3289,1908
2831,276
3380,1272
2984,1272
4431,1698
558,2548
3118,1272
1674,1117
2890,856
426,1840
1576,959
4950,950
4327,944
3210,2150
3148,1272
5760,940
4316,31
3582,975
5738,400
808,979
4466,729
546,979
229,521
3568,3147
4480,31
1216,400
3150,944
5407,421
4049,976
2230,944
1179,1272
2085,31
5475,2218
5143,725
2799,313
2403,313
3781,2100
1561,1724
5692,940
5318,2419
5213,905
4454,99
947,1272
2377,31
1081,1272
685,1272
749,533
2115,31
2559,1011
1115,856
523,944
261,944
5151,966
4246,2028
4746,99
5243,905
4484,99
4558,48
4981,905
1373,1272
1111,1272
2279,31
2289,719
2946,1248
425,944
19,256
19,1195
1440,400
4910,99
4514,99
5407,905
5011,905
1976,2100
3397,1305
2633,909
5231,679
5948,2949
1839,1048
5648,967
3948,2347
2012,976
3146,905
3834,1279
1814,991
1552,991
4940,99
4356,48
1744,2100
1473,1048
1299,3147
2941,99
1311,2218
3075,99
2753,48
2885,2419
2417,99
2615,2558
2840,956
2623,2419
5416,967
5028,2548
986,1869
5688,1840
1851,2347
617,1248
3155,967
1774,2100
1512,2100
2806,32
2783,48
5109,1574
2843,99
2447,99
3340,905
2944,905
5289,229
4931,521
3052,438
504,31
941,32
4671,1348
448,99
683,905
5621,1907
4117,947
4883,480
829,730
911,1294
1563,725
3061,1840
2813,48
874,99
552,48
3633,726
873,2880
5704,979
3353,1840
3652,1907
2977,48
2581,48
5303,1574
700,2548
1488,1840
2486,942
3045,2626
5127,1348
246,99
380,99
2056,2297
1273,905
5813,1272
5877,533
1023,730
2468,521
3776,1569
5651,944
1798,726
2923,1101
3814,1272
4378,856
1256,1840
2823,870
1008,48
3334,1574
672,99
5426,2704
281,2163
742,2558
4349,276
5553,944
4106,1272
4161,979
4603,1324
3844,1272
3978,1272
760,2548
3033,306
1682,1840
776,48
4330,384
376,2558
4173,400
1574,967
2933,2704
4008,1272
401,521
4966,975
5437,2058
2623,943
615,480
5215,898
4970,313
1091,1348
3350,898
3706,533
4172,1272
567,1348
2946,256
695,1533
2173,1272
3730,2058
383,480
46,306
773,1574
878,1590
5632,31
5775,1248
2203,1272
1807,1272
4553,940
3599,2110
5365,37
3148,898
4409,2100
5400,31
4930,1048
5606,99
5841,905
2233,1272
3662,2058
3266,2058
4835,2100
4439,2100
2665,1279
4256,3147
2038,400
5770,99
5844,48
5508,99
4735,1869
2653,3147
3231,909
3169,31
1407,533
4956,525
4546,2347
3312,1248
3508,2880
5146,2342
1955,523
5800,99
3891,1305
3374,32
4298,905
1741,944
5939,1574
3604,1248
1868,719
4182,730
166,1272
2382,940
1344,719
1858,940
1433,10
4015,967
3734,725
1390,313
4153,1840
1735,725
3965,99
3703,99
3381,48
768,909
2284,940
699,3024
892,975
2127,956
2741,2347
2345,2347
4585,2409
3919,2548
151,940
5085,480
2664,2100
477,1110
2423,725
4348,1907
525,400
598,2568
2062,719
4489,2297
141,2100
220,3147
1132,31
266,1048
1338,99
2336,2419
467,3024
1799,1248
1835,905
1895,956
2719,2157
3560,521
3947,967
1948,967
1929,725
2999,1393
690,1002
433,2100
567,2100
1988,1305
281,16
1368,99
1764,99
1963,1248
1025,3143
2916,2297
5591,1533
66,1525
4639,1840
3687,1393
2240,967
2221,725
278,2347
3196,1533
4280,1907
5104,856
861,2173
2679,1014
597,2100
5774,1590
3601,306
4487,2385
414,3147
1868,48
2351,956
948,48
1602,2558
3890,1348
4239,2256
3888,521
5100,1272
5530,856
426,2568
2408,1840
4299,994
2542,1840
2146,1840
3369,306
1696,99
147,1840
5719,1667
5130,1272
1785,521
3402,604
4547,2385
173,967
2213,1907
4393,1918
1475,480
5924,729
3950,1348
5288,518
5256,980
4898,1272
2307,229
1949,521
4636,1272
2203,1569
4870,944
2899,1272
5134,990
2637,1272
603,1840
5227,400
2157,1574
4130,1292
4928,1272
5062,1272
2966,400
4900,944
4242,944
458,2775
1592,2704
2576,1908
2984,979
3574,256
3777,615
5702,1043
3493,856
2405,1272
4754,2058
2073,533
371,1840
515,276
1302,2349
5397,2100
1436,2349
5622,2218
1640,1590
4498,533
2940,276
2435,1272
2237,533
2273,944
807,276
2001,256
545,276
4516,2243
832,1272
5561,2100
5299,2100
540,871
5424,1048
1233,276
600,1272
4750,730
1858,2176
2863,5
5177,16
715,2915
2831,467
3068,2100
4517,909
3555,2218
5375,940
3656,3024
5263,2419
4399,99
1799,256
1026,1272
630,1272
1860,909
368,1272
1798,31
1925,2058
2995,1248
5584,2218
4875,967
4749,2548
1854,313
4526,32
4691,99
5859,1110
3061,2218
3357,1048
2631,944
4429,99
4825,99
4452,1022
446,0
1962,31
3144,940
5439,1840
3128,2100
5043,1840
4749,1393
232,421
2887,725
1129,2100
1053,1324
3436,940
4914,679
2594,99
400,944
5818,2775
4935,967
4682,521
4807,967
5713,480
2917,725
4559,2558
3208,1840
1256,2218
2624,99
2228,99
3121,905
2823,1248
5108,521
4846,521
419,31
4973,2548
219,909
157,31
943,940
1610,2157
3100,967
3244,2409
5536,1907
100,2880
4140,480
3238,1840
3878,480
820,725
5321,1918
548,37
2070,48
2526,99
2130,99
2204,48
1107,940
527,99
5673,276
4355,2512
3264,967
366,905
767,2003
4170,480
3402,1840
3006,1840
1003,967
2422,99
3574,2297
647,1305
4778,521
5573,984
235,48
584,956
5441,276
3294,967
802,2347
396,905
5771,1908
2779,521
3694,1840
5145,2385
3335,1907
4467,1009
3312,203
2169,942
3738,2297
4414,1348
422,32
2001,2297
5758,1272
1583,1003
5334,944
5072,944
152,521
5897,276
355,99
2397,1866
2579,1348
3826,400
3636,276
5272,1355
3374,276
831,967
1459,2256
5581,2110
2133,480
3433,856
2785,1574
1799,2297
6,480
4615,2704
5132,944
608,521
348,1348
346,521
456,127
4986,2058
84,521
1692,1272
229,875
5177,313
266,942
825,2626
3624,400
3983,1272
5547,31
1988,2704
3552,2217
2598,943
5294,1248
5690,1248
2152,856
5173,729
5341,313
4190,2100
146,1348
4919,31
5053,31
4877,2249
4884,976
5727,2419
1752,1272
4486,1869
1886,1272
1228,1272
2186,975
5582,725
3491,5
4616,2100
1302,2914
5775,1305
5011,909
5551,99
5437,2249
5289,99
5027,99
4511,1525
4963,2558
1520,1272
849,313
5348,679
1910,3147
2192,2079
572,944
3227,1248
5746,725
1507,2915
2245,400
1849,400
4509,1048
5078,976
5688,905
1522,944
1260,944
3257,1248
330,256
3191,2880
2640,1279
2774,1279
4728,947
3542,2548
5087,99
2549,2100
1891,2100
2674,1048
2961,324
2116,2218
3484,99
1290,944
3585,905
1308,961
2053,1869
883,31
2488,1043
942,611
2604,2157
3698,967
3283,725
5513,99
1208,730
3572,2548
5191,48
1676,606
2183,2100
1424,1294
2930,48
1739,1305
5474,521
4827,710
1459,2419
991,99
4124,967
2725,1521
3466,967
4262,1840
3866,1840
678,2793
5351,306
1438,37
3356,48
86,2100
5504,521
165,3147
1077,31
581,2079
4982,1348
1283,99
5338,2703
2173,2297
3639,521
4030,1840
1759,967
2967,64
1447,99
1051,99
1548,905
1742,956
713,1043
3669,521
28,940
186,1526
3627,2739
4322,1840
2341,726
4357,1272
1535,2548
2963,480
5387,2349
1963,1305
359,3147
1477,99
1215,99
893,48
3727,2569
1316,905
5182,604
80,2419
5372,1667
4649,1272
4783,1272
1176,521
3127,480
212,1003
2731,480
3526,943
2526,1014
4293,856
5883,1590
624,947
1245,99
1319,48
923,48
5603,2704
732,480
1181,2558
3865,1348
3229,2827
1780,1574
5075,1272
3080,2704
4417,1272
2951,604
4460,1908
4155,1272
3823,533
4981,856
4136,2750
5675,2176
3459,256
392,947
2720,856
500,480
3063,1195
3959,1518
4843,1272
4944,1324
3103,1533
4185,1272
5362,1837
1236,521
5011,856
5515,2079
2625,1908
983,1014
286,1840
530,480
189,1907
4514,400
196,2297
1664,1348
4788,2100
5913,31
3925,944
3008,1272
2612,1272
2350,1272
1280,604
884,604
4666,2110
2914,856
751,1014
3870,2176
489,1014
803,615
2203,2915
5575,2079
164,2385
5943,31
902,1533
2435,979
2514,1272
3789,3126
2552,975
515,1272
119,1272
5439,2568
5009,1294
5719,3147
2348,421
5369,1048
1353,1590
2843,400
4381,944
2276,518
2171,2976
2907,1324
3640,909
3082,2079
3208,2218
2382,944
916,276
654,276
4475,956
4513,1248
2028,1355
1479,2079
283,1272
5274,2100
2154,3157
3293,986
3189,2326
2702,518
5186,940
2830,3147
3534,1048
2976,2218
3272,1048
4344,99
147,2515
422,276
1375,1325
4281,1248
1805,909
2925,940
2985,991
1481,31
2663,940
1608,2058
285,944
2544,1248
1437,2176
4801,725
1886,1248
2724,2347
4143,725
5860,480
1529,2704
5598,480
2781,2100
1129,518
3790,48
2995,1305
782,2100
733,3147
1645,31
2574,1248
1851,99
4163,37
4596,2548
5250,1840
5384,1840
51,1248
2308,725
3466,1048
4142,99
4276,99
812,2100
1569,1325
3408,1043
4294,870
763,3147
1675,31
1946,1248
2378,905
210,719
1409,1043
4888,2548
2656,2347
4103,521
4756,1840
3804,1393
4306,99
161,2705
1203,1325
714,2100
2730,956
1723,48
3459,2297
3224,710
5822,480
4786,1840
4920,1840
92,1006
687,2347
2368,725
2791,2548
5647,856
143,971
3317,1840
883,946
1491,48
4297,521
5552,1908
3347,1840
290,967
3774,2816
2105,99
1783,48
4463,1348
106,99
999,905
240,99
1143,2347
4202,2704
5539,1272
5673,1272
4207,604
614,2003
5841,856
3377,1840
4185,2508
2719,1840
582,967
2209,48
1116,1840
720,1840
3683,2297
4908,1590
1847,598
4715,229
1616,2163
270,99
8,99
1684,2297
1654,1866
5307,1272
5441,1272
5413,944
3145,1840
1715,829
3442,1272
2652,1907
97,521
224,2548
2048,480
750,1840
2278,942
884,1840
4676,1590
2057,943
4018,1590
2080,1866
4000,2704
5471,1272
679,95
1338,2949
5181,944
3715,276
5905,975
3868,1272
523,521
261,521
4214,1128
276,2492
2292,1348
4907,533
2510,2739
3898,1272
3502,1272
3374,1272
2978,1272
4804,31
944,1840
5414,714
1241,1272
1284,1908
5059,2243
1805,856
2737,1590
5933,2218
3703,400
384,870
5241,944
3794,518
3379,276
971,1569
2846,944
5946,1110
839,861
1271,1272
1405,1272
2962,2058
3755,940
415,533
5497,725
4153,986
2612,898
4926,909
4602,31
4829,976
4942,99
1039,1272
4470,1043
1173,1272
4569,1022
1207,856
2468,2058
3866,1279
5003,725
3903,2100
5818,1840
534,9
3641,2100
4037,2100
4828,909
5368,99
5046,48
2894,2058
788,2750
499,2058
4329,2100
3164,606
2214,986
5660,99
1848,2326
5136,99
3885,1305
3121,909
2563,2079
1623,3147
4433,1110
1635,2218
2755,2249
2762,976
3926,1279
5486,2548
797,2058
401,2058
5616,1840
64,975
3198,725
4844,48
897,949
2323,2218
4009,940
2061,2218
3002,32
3033,99
1391,3147
2771,99
3232,1248
2905,99
566,31
1748,940
1474,1869
366,909
700,31
4731,521
5120,2548
5254,2548
1233,1248
5780,1840
1809,2347
3381,967
1285,2347
3255,2548
4344,1014
4082,1014
3412,253
3271,48
2935,99
2539,99
3009,48
5335,1574
1,2100
2609,2558
80,3147
1002,719
4114,710
5120,1393
3673,967
5713,1907
3023,2548
4451,480
4450,1009
760,31
5467,2790
644,48
1100,99
704,99
2003,2347
2255,2568
3449,2548
3260,3026
1450,2548
2673,48
2482,480
4281,2297
2310,2625
1130,99
3530,1574
2544,2297
472,99
5835,533
4302,1272
1348,1840
2312,2297
3122,1348
5645,944
4253,979
4728,1272
1383,521
2733,1014
5852,2176
3729,1918
602,2558
4209,276
5499,718
449,1003
3838,1272
1804,1840
2715,943
1457,978
579,480
766,306
1652,2385
3747,1534
1181,521
2786,1533
919,521
4532,2218
3172,256
609,480
347,480
1162,2349
1127,1574
5922,16
4556,1272
4562,2218
1482,984
2666,276
2404,276
1746,276
4131,719
2295,1272
2338,1908
2033,1272
38,1014
4623,400
305,2297
3519,313
4407,775
4988,2218
5492,31
5853,976
5906,48
2172,276
2325,1272
2459,1272
3493,31
3231,31
3511,2300
3898,1248
173,276
4677,986
3777,729
912,615
232,856
4793,2100
366,856
1560,1590
3287,313
4290,725
5052,1048
217,1487
4360,2218
5936,48
5101,940
4827,1869
4900,2347
490,1272
4332,2829
2064,719
5892,99
1022,729
4513,1305
2554,704
4099,2419
3390,976
4226,1248
520,1272
3830,1248
5881,2569
258,1272
4406,2347
2346,940
264,2218
4746,725
5260,946
2988,2100
3122,2100
5403,2163
2939,3147
3661,99
4191,99
465,2100
4116,679
1074,3147
294,2218
719,1458
4929,967
1515,611
4951,726
5073,2409
4496,1085
4933,1840
2756,2100
3825,99
495,2100
1104,3147
2406,940
821,3024
1826,99
2774,3056
1585,976
1564,99
2025,1248
1629,1248
4697,967
2121,956
4571,2548
4439,1840
5571,942
1887,725
5870,1009
3929,48
3667,48
525,2100
2440,1840
3252,1526
872,3147
226,2218
1332,99
4212,521
3816,521
5127,1840
309,940
2447,725
2078,2548
2020,99
1624,99
5819,1020
1758,99
507,1305
4504,521
4242,521
589,1869
1817,679
316,956
2100,967
5192,1272
1838,967
4930,1272
1585,521
1682,1393
5087,2949
1466,48
4660,1569
420,905
2273,521
5356,1272
968,710
2289,1963
4099,943
2798,1840
1100,1014
403,1840
141,1840
4176,1348
25,2419
5648,1272
450,905
1367,2297
5233,276
5386,1272
4990,1272
3658,604
5158,856
4700,944
5820,975
975,726
2375,3026
3125,1272
2853,1338
3577,615
433,1840
567,1840
171,1840
1699,942
5135,1811
480,905
5416,1272
2425,2739
5422,2218
3526,276
2868,276
3417,1272
5588,975
3551,1272
3155,1272
3800,256
5605,2110
5505,940
4846,2058
5483,400
4712,2243
4775,313
1165,2297
283,337
3709,518
4760,944
2898,276
310,2914
5021,719
4515,2079
2923,1272
5669,940
490,1569
228,1569
2499,944
924,1272
662,1272
4838,2705
5866,3147
578,1574
4924,944
3349,1272
2953,1272
3605,3147
4527,719
3202,1976
991,400
3651,1048
5182,421
1197,276
1350,1272
4842,730
2779,2058
2870,2176
2661,1248
1440,384
3379,1272
5517,2747
4285,31
2955,944
4887,99
2693,944
814,861
2297,944
722,1272
3334,940
390,533
3468,940
4514,1022
128,533
3087,1248
5344,725
2429,1248
4975,2548
1367,2915
5276,32
5501,1840
5014,32
3324,2100
5179,99
5662,253
2723,944
1257,276
5692,2347
1325,2100
2712,31
1538,3147
3224,1869
159,943
5415,726
5131,967
1225,1869
5401,2548
1963,1606
5433,1305
1215,400
4947,99
5021,48
4685,99
4920,905
2408,909
2962,2249
584,533
2521,32
5764,1260
1337,16
1612,975
3183,905
219,31
5561,1840
84,2058
3162,967
624,1248
4715,99
4324,2163
3692,940
2737,976
918,944
1845,3024
2850,99
2924,48
250,256
143,1325
4938,521
601,2176
3192,967
518,421
3326,967
3425,946
3330,1840
1153,2100
4200,942
3142,99
3876,64
1056,2167
4365,1009
2618,99
2719,905
5229,2548
1065,940
1199,940
3453,900
3640,726
4658,480
260,920
1877,1003
2100,1048
1076,725
2910,99
2648,99
3145,905
2584,2558
5132,521
75,2079
649,99
387,99
2737,521
5863,1908
3959,1014
3262,1840
999,2548
954,1085
1263,1840
2395,942
1813,1526
679,99
1831,2297
2901,521
2641,1348
4094,276
3985,1272
2386,1014
999,1393
1427,1840
447,99
521,48
4891,1724
5880,1272
2669,521
5852,944
3319,1569
5590,944
3621,1907
4015,1272
1323,1840
1061,1840
2754,1009
873,99
685,48
194,942
4344,400
5620,944
231,1009
3758,276
3832,225
1349,967
5086,256
5213,31
3451,533
572,521
3462,2385
1784,1272
994,1907
1839,979
3379,1569
4471,1272
1262,1348
3947,1272
4981,31
4661,615
602,521
2957,533
4946,976
2057,276
470,1533
5567,313
345,306
3880,400
1206,1574
3568,313
2876,1483
634,1348
1183,1590
5011,31
5407,31
5138,3024
5812,1248
1899,979
1978,1272
3456,1011
3857,1355
1716,1272
3146,31
3669,2058
4328,940
1750,856
172,1667
1292,944
5067,1279
593,943
1,1031
2214,990
3034,729
5104,2100
4263,3147
4275,2218
4409,2218
5515,99
4754,940
1746,1272
2914,31
5379,211
4544,2793
1139,1991
392,256
1042,2058
4610,2100
3366,313
5642,32
4601,1048
5881,48
1813,400
5619,48
5283,99
3874,719
4376,1869
2944,31
2744,909
2474,1048
5411,1038
2868,975
39,518
173,1272
2511,1869
5759,967
1351,719
945,31
1072,2058
683,31
4824,2409
4399,725
5207,1393
5649,48
2827,1324
4062,1305
3314,99
3388,48
3916,2419
2677,976
2145,1869
326,1837
1774,421
3393,1331
5380,947
5830,1907
5432,2800
4226,1305
2884,3147
2534,1048
4002,99
3680,48
2069,2409
1861,16
3418,48
3478,99
2093,1305
3156,48
3579,905
5828,521
1576,32
2321,940
5304,521
373,2218
1479,99
212,3024
1976,905
4090,2548
5864,1117
4750,1840
1540,725
38,400
2698,1048
2080,2167
3508,99
3186,48
1995,1305
1606,32
1905,99
2111,2419
3090,1279
2768,1228
736,1869
3993,521
4380,967
352,940
474,1869
3471,1348
4908,1086
5476,604
4646,1840
2483,1244
4780,1840
4384,1840
4518,1840
1723,967
3612,48
866,2100
3025,480
604,2100
2519,1840
3517,942
3952,870
555,3147
3977,1866
120,940
1996,725
3642,48
2153,1840
787,2342
5945,1590
907,946
1703,99
1307,99
2200,905
452,1305
56,1305
1441,99
3925,521
3665,1348
4875,1272
1917,967
3481,480
2579,1840
2183,1840
1921,1840
3714,1590
5276,276
4905,1272
1956,521
5753,615
1694,521
5811,31
1036,521
5207,856
2648,1014
494,726
3208,856
2812,856
744,1840
3551,1195
4972,400
2385,2482
4673,1272
5369,975
3977,256
2979,1908
5503,975
4103,2058
2580,856
684,2297
5501,2218
757,2775
2244,533
3028,615
542,1840
2111,943
5397,2218
2028,127
364,1918
4873,2218
4047,944
5370,3024
263,2775
4036,31
4297,2058
2182,944
1776,256
1003,1272
5858,2963
5927,2568
5561,2218
5165,2218
258,337
3331,400
4833,725
5287,3147
3007,276
2898,1272
4450,960
4892,1305
5644,940
4066,31
3804,31
4165,976
4867,1248
746,276
1950,944
771,1272
375,1272
1805,31
1201,856
172,943
2866,421
1633,2176
3367,2100
5286,2521
4436,99
2638,944
1980,944
4239,1248
1997,2079
5725,2568
5615,710
3890,1279
4631,725
5844,947
2421,313
3269,2100
4862,99
4600,99
940,276
4338,99
5752,2297
1099,2218
145,944
3629,2793
3638,2347
5076,967
5319,725
5360,726
4814,967
523,2058
127,2058
5476,1840
3299,2100
665,421
5214,1840
3262,2218
4630,99
5782,2297
1513,3147
1982,1905
3554,525
309,944
30,31
164,31
1010,991
5244,1840
4982,1840
1214,986
2692,725
1222,2567
4472,48
2983,1840
4237,2625
635,2218
2605,2419
2211,48
2634,905
256,909
1080,2110
1114,940
422,2110
3316,710
5274,1840
5670,1840
5709,1014
337,1248
2856,725
3019,2409
4915,1907
3409,1840
3049,1305
2751,1840
5626,1918
2167,99
2637,48
4651,521
629,1248
403,905
1487,1279
21,611
5735,1272
3701,1840
3043,1840
3683,480
2593,99
2197,99
2713,393
4038,829
433,905
2582,2569
4695,604
5162,979
391,679
2811,1840
2110,480
3672,856
1208,1840
848,1305
2078,942
4719,1348
362,99
40,48
100,99
1776,2297
1910,2297
5442,1908
5929,1272
4939,533
4837,256
3381,276
838,967
982,2409
4671,718
1634,1840
5862,400
5600,400
5563,1272
2750,1348
678,870
4069,276
5273,944
3411,276
3564,1272
615,521
3698,1272
1402,1840
5892,400
188,1393
1967,306
3218,1574
1779,1009
2518,1348
4027,400
3990,1272
3771,1908
383,521
519,1348
3466,1272
3134,533
4576,615
4314,615
965,2374
2259,306
1376,1908
1467,1272
3758,1272
5060,31
3730,944
4402,31
3072,944
5861,1248
4686,729
1403,856
3068,421
3400,2880
3959,400
4227,2100
5352,31
2855,313
5090,31
5131,32
451,1348
4222,975
4397,976
5233,1248
5887,725
1635,990
786,2176
4129,2100
4516,1048
3958,2218
5722,99
3266,944
4007,2110
1295,1272
3611,2110
3255,31
794,2976
1267,944
4780,1279
1780,940
2185,2157
2123,1279
3522,725
5490,99
1898,2100
2373,3147
2345,1099
1297,944
3229,99
3726,905
3344,611
773,944
2206,940
1151,2058
889,2058
4189,2100
4507,2409
5258,99
2586,2100
4007,1305
3740,961
4655,1526
3053,31
2153,2218
2498,940
4495,1244
5219,521
919,2058
3735,967
735,2880
4135,1840
2354,2100
4269,1840
1455,725
3363,48
3027,99
93,2100
2555,1043
2770,2163
1094,719
3262,905
426,31
1028,99
1155,2126
3503,967
1803,2347
2579,2568
4035,2548
3806,1907
3453,99
3527,48
3191,99
3265,48
3389,2558
1164,1084
4867,2297
336,3147
86,2218
1951,905
870,48
3533,967
1833,2347
3280,521
3671,1840
1542,2548
5579,1348
847,976
4023,1918
1683,1248
1323,905
1603,730
4794,1014
146,1279
5309,1837
2098,1840
317,2100
1836,1840
2135,1907
180,1048
930,48
1458,2419
990,99
2142,2297
2637,24
3342,1533
4424,1272
4820,1272
4558,1272
5668,615
1600,967
566,710
2524,1840
2902,480
2000,1840
1604,1840
147,726
1416,99
903,480
1,1840
4697,276
4516,2150
1892,967
4588,1272
4631,1908
4984,1272
5233,256
981,521
2593,1014
2932,480
4494,856
3902,944
2632,1908
2654,1667
2327,1272
4085,1590
3408,1348
4462,759
4219,1001
203,2297
337,2297
4286,533
4356,1272
3670,944
341,726
1117,947
2419,2150
2753,1272
758,1014
61,1840
888,306
4782,1272
2347,3186
4188,533
4620,944
5688,31
1395,2739
3012,1324
2234,276
2783,1272
3235,615
1793,533
2951,856
788,1014
4354,421
4715,400
656,306
5009,2567
5080,2218
5780,909
5114,1048
21,2949
1026,24
3897,1084
3458,256
4365,960
4901,940
3003,615
4646,421
5215,2793
399,276
3,276
1585,2058
5415,2100
5019,2100
4836,3147
5540,1048
4982,2218
5278,1048
971,1606
5766,48
2581,1272
4812,1248
4089,99
5388,2347
5126,2347
5482,1228
2920,1869
5392,2466
750,856
3771,729
510,615
5262,3147
2910,400
5308,1048
3878,37
5107,2455
3579,909
3013,2218
4515,99
1925,944
3857,99
4318,1248
713,1324
350,1272
746,1272
1580,909
740,3147
2438,940
1442,975
3496,1813
3439,1279
4595,967
4333,967
2769,3147
4545,99
904,518
4283,99
3887,99
4355,2419
1683,256
3625,99
877,1324
1548,31
479,2217
814,975
4625,967
2519,905
5819,947
4759,967
5516,946
1550,1043
1570,729
5025,1840
3244,2100
4763,1840
1263,986
3517,946
843,400
4575,99
516,5
2083,725
4313,99
4810,905
1316,31
2023,1613
3351,2347
895,940
499,940
633,940
4793,1840
2528,967
970,710
2434,1305
271,709
5233,2297
2096,2249
5886,1364
1820,99
4565,2548
4957,1840
282,1248
5784,306
2702,2409
781,2100
2696,1840
2594,1563
1850,99
594,961
5805,1533
2984,967
888,2347
3128,2409
5418,1272
5452,856
2726,1840
2464,1840
2276,99
3952,2297
1489,2163
367,1305
3842,1348
2032,870
15,99
221,2419
5369,979
5448,1272
5844,1272
2499,521
5900,615
855,1244
4241,306
3717,306
5195,45
472,725
761,2548
3663,1009
757,1840
1761,942
307,99
45,99
119,48
5191,276
2491,229
2133,521
3616,604
5579,1324
2267,521
3722,276
6,521
1823,480
525,1840
3123,856
659,1840
5904,1272
5112,518
2299,1348
4914,533
3356,276
3381,1272
4073,856
4095,615
1386,1014
689,1840
823,1840
1041,979
3782,276
4986,944
3673,1272
3411,1272
3015,1272
4345,2079
200,521
4706,2058
5425,991
1115,1840
4904,730
3550,276
588,229
1479,400
5529,940
880,1569
4137,975
2579,718
2737,2058
5412,1294
5061,313
1597,1560
5668,725
5035,31
1259,225
4782,1248
1210,1272
1378,856
792,1698
4494,966
86,718
2601,2705
3812,2100
49,1590
3903,2218
3937,1048
5009,99
5143,99
3076,719
1737,1324
3578,1869
4844,971
1212,944
4747,1038
688,944
3785,2347
1412,975
5881,967
1038,10
831,2915
3467,725
2123,986
5670,905
4419,2111
1581,2100
3373,1248
4067,2568
1481,1869
3740,2173
311,31
1372,421
3631,725
4393,1048
5506,100
2630,1325
2086,3147
3808,1526
1702,2218
1998,1048
3204,99
1562,3147
5706,2790
1261,940
3680,967
3,975
1104,956
3814,967
5045,48
3459,1907
3046,48
582,1032
2710,99
3312,2419
5328,521
567,909
1687,940
5847,1840
33,975
1368,2880
946,905
1486,2347
3329,521
4545,1014
3848,1840
3982,1840
3586,1840
5153,870
3227,1907
3136,99
2740,99
88,1032
553,48
5104,604
4830,1533
2704,2512
3354,1840
4839,306
4574,789
3166,99
1225,2548
5409,1590
4858,1487
845,48
583,48
643,99
321,48
3155,2569
3389,521
3127,521
2731,521
5652,944
1781,1840
1915,1840
539,99
613,48
747,48
347,2558
104,1110
5816,944
4107,1272
4162,979
1681,2548
2508,1014
1157,2548
5603,1590
859,1393
3030,2816
3370,1918
5448,898
5846,944
928,1348
3875,1272
1060,521
5371,1590
4705,975
784,64
3110,1590
4435,1272
5865,31
2149,276
3312,943
3785,1355
2040,1272
5868,679
4550,2915
2230,615
4234,400
1303,1918
5634,256
4331,1272
5351,1099
5853,2249
1078,2739
2695,1324
2728,1272
2466,1272
3634,31
2204,1272
4816,940
3365,2058
2634,856
3566,1590
3903,421
735,306
705,2349
4934,2100
1567,1590
4538,2100
5321,1048
5059,1048
5704,32
2072,5
5869,99
2624,518
3809,944
2343,276
2496,1272
2100,1272
1838,1272
2948,615
4450,940
3068,909
3402,31
1810,944
5585,1279
235,1272
2068,421
3556,848
2825,400
5637,99
5711,48
2650,3028
5375,99
3756,909
2264,1272
1840,944
4809,2347
3,1272
5292,1003
433,856
37,856
2057,2110
171,856
4732,2100
1095,975
3275,986
4248,967
3833,725
5667,99
1164,2243
4812,1305
3658,909
332,400
3165,976
4299,905
1742,944
295,1272
3330,1043
2265,719
4981,710
5,944
5247,829
4125,725
2578,2347
122,940
4318,1305
1257,313
5574,2163
2626,1048
2659,996
3966,99
3644,48
1366,256
63,1272
3494,1043
1754,2058
2547,940
2151,940
4308,967
5122,726
5104,1840
50,2915
4446,1840
2028,725
3540,48
3996,99
3600,99
5822,521
221,3147
1601,99
5018,726
2056,679
4084,2548
3688,2548
5512,480
4476,1840
5608,942
2454,725
4102,875
3513,480
3838,48
4782,2297
434,2100
2765,1526
2367,2419
5261,1019
4502,967
312,2110
346,940
3868,829
1,905
2998,946
3037,1840
3338,1014
1951,1393
3674,2626
689,2218
3946,870
723,1048
1211,48
2667,967
5010,1908
2018,521
3049,480
406,967
1637,48
1446,480
410,1840
3373,2297
5321,2150
5240,276
5393,1272
716,2297
5052,979
5131,1272
1786,521
5561,856
458,726
2080,1907
178,1840
1382,64
1008,2297
1142,2297
4765,1272
2865,1840
3166,1014
4172,943
4645,1355
204,967
2900,1272
5438,991
866,1840
604,1840
342,1840
1827,306
4323,2243
5368,2100
1586,1348
1980,521
2334,2739
3588,1272
914,726
243,521
4766,719
372,1840
3760,975
4487,2243
5398,2100
5277,1581
5380,16
5192,719
3356,1272
3003,1908
2619,979
3632,2079
3128,856
4218,2176
5428,2100
5949,1048
2765,400
3353,1324
5736,940
2792,533
3380,3147
4815,2058
2134,533
2962,944
2428,256
2438,944
4160,1043
794,1667
2158,2058
1031,856
5592,2100
4350,2079
5504,940
98,1590
1058,400
2560,533
1192,400
3160,2218
2814,1581
5058,99
2468,944
1076,225
2123,909
631,1272
3953,2793
207,944
2862,1248
4985,725
3099,2100
3190,2218
3546,1099
5088,99
4692,99
3002,2167
4766,48
5160,2419
4430,99
1689,2495
161,949
923,1272
895,944
2496,1248
5946,480
3284,725
2888,725
3645,704
4722,99
5874,2297
2820,32
5612,2297
3699,940
1751,2218
2047,1048
1093,2218
663,944
267,944
1824,976
2922,1248
3522,489
22,2079
2148,2793
5771,1014
5074,1840
661,1248
4076,1048
4886,99
3007,16
3471,1840
4207,942
1781,2218
2901,2249
2887,99
3444,956
2726,905
978,1305
2122,1730
4042,2568
711,961
2946,679
2588,971
420,31
4974,2548
5801,1014
5906,276
3781,726
3497,967
1401,2347
363,2880
4470,1702
738,313
4001,2163
973,1119
1449,1048
2789,99
1404,1305
2071,48
54,31
491,32
1236,940
1079,956
5827,1272
1374,1813
2743,2548
3927,1840
3832,1014
4567,480
4982,2385
2685,99
5219,1574
1991,2162
910,1305
5017,127
686,99
1288,2419
820,99
498,48
2800,988
921,905
1387,2398
3295,967
1975,2568
1869,829
4431,942
1266,2256
1434,1840
1038,1840
2566,942
794,2419
689,905
2002,2297
3334,521
4421,604
3034,229
5759,1272
2810,521
911,725
668,967
3760,1272
1464,1840
378,1393
1202,1840
2687,306
954,2492
692,48
296,48
1115,905
146,1043
1770,2297
2605,3098
5093,256
4052,1272
4186,1272
3790,1272
579,521
4354,856
1098,1840
4325,276
3650,861
2745,2704
3667,276
4478,1272
4579,1324
2080,1533
609,521
1132,2548
3396,944
1930,276
1177,978
2407,615
561,480
1372,2385
5785,725
5821,944
3625,400
5153,256
3052,1292
4246,1272
3984,1272
1255,2739
5152,31
117,1348
3154,256
245,1533
1723,1272
3280,2058
1664,2385
4313,400
1140,2385
885,1866
4712,1048
4020,2218
2143,518
2124,276
4710,975
5522,99
2922,256
1466,276
1619,1272
4749,1869
4365,940
1491,1272
1159,533
1921,856
368,943
4617,2100
5064,1099
4172,3147
4184,2218
3754,944
5290,99
1783,1272
4395,940
1917,1272
289,276
4148,1248
4581,2793
5766,967
4251,2100
4010,725
4772,1048
3784,944
5716,99
3701,909
2209,1272
476,2704
1538,313
2203,3147
2437,1099
2881,2079
1869,1581
2244,704
3321,99
4462,1007
1385,421
3778,725
5746,99
2105,518
4495,1305
5847,905
2629,3147
3145,31
2480,3024
3485,99
4784,2347
884,31
2795,3035
1551,1248
4223,967
4357,967
3942,725
3037,2568
3546,725
5776,99
5001,480
2580,2100
1943,725
2483,2167
3589,48
4012,905
70,2150
2931,48
5739,1348
2385,1043
914,31
2230,940
148,2218
617,976
3972,725
1895,2347
489,1730
219,1869
1198,729
4391,1840
5614,306
440,1279
2924,947
3679,99
3283,99
428,3147
5507,1348
944,31
3604,679
5245,1348
937,3024
5648,829
1546,99
4305,726
2436,2297
4817,1840
4293,1840
5244,2816
2160,1840
1972,99
342,2218
39,2409
1388,48
1448,99
1052,99
4194,521
2005,956
3670,521
5684,994
2060,2548
628,710
2586,1840
4788,856
5254,2349
3322,942
1478,99
1082,99
3154,2297
2382,2949
81,2419
5217,1908
4912,1272
1954,967
1558,967
5476,856
5787,718
5214,856
2488,1840
4067,2385
5705,127
4102,127
5929,20
3470,1348
3872,604
4814,1272
1088,829
2528,276
119,967
525,2409
385,1840
3588,1195
3653,1590
691,2297
4710,1272
4844,1272
4682,944
2820,276
2954,276
2711,1272
549,1840
1189,480
927,480
3926,1348
5398,518
5499,1324
4740,518
1529,521
5704,975
3634,1324
179,967
3009,1272
2613,1272
4170,2058
317,1840
2189,944
1521,256
5739,2100
885,2297
3820,898
2209,1569
2886,276
4073,31
4993,940
4072,2058
3735,975
5660,2157
5393,1813
644,1272
382,1272
437,979
5769,2100
4246,898
3442,2793
5231,704
2710,400
4959,16
5365,704
2673,1272
5011,1869
4278,32
1341,604
3459,3147
3309,170
783,276
1977,256
1070,1272
717,1908
4380,1248
808,1272
412,1272
2248,719
3834,2243
546,1272
1260,615
4300,730
4900,725
5366,2218
3538,2100
3672,2100
3552,1217
5104,905
5644,2347
4544,1248
838,1272
3873,1043
5731,1003
576,1272
3188,940
2140,31
5581,1244
2807,1248
2411,1248
2461,611
456,1355
3501,2568
268,2058
5221,1840
2499,314
1482,1724
3431,1048
4241,99
4836,1248
4932,956
1045,2100
2862,1305
606,1272
3218,940
1774,31
12,533
81,138
3544,1110
2933,956
2573,421
683,1869
5647,1840
1796,729
5251,1840
440,421
4636,32
4539,99
3656,2455
2625,961
1288,3147
1570,2079
2200,31
1604,909
2540,99
4551,2553
346,944
3037,905
4881,967
211,719
4366,521
2599,679
1592,525
1941,679
2693,314
5415,1840
4757,1840
344,1248
2863,725
2601,725
3160,2409
806,2218
2174,99
1986,48
2805,905
3722,2297
855,2110
4134,521
3881,829
1599,2793
1890,1279
4106,947
2650,967
3027,725
2784,967
2524,2548
5241,2949
370,725
2278,48
5774,968
2016,48
162,961
4164,521
5776,1014
1158,956
404,1248
545,2419
1376,2347
5772,1272
5906,1272
5510,1272
2552,967
3476,1840
3214,1840
2952,1840
400,725
2704,48
2865,905
4988,1348
466,32
973,1526
369,99
107,99
3331,2775
5936,1272
748,2347
5278,1272
2852,2548
826,725
564,725
815,2256
3709,856
2019,480
983,1840
5018,1348
721,1840
5532,1569
427,1393
4045,24
624,1907
533,99
4794,1051
3375,229
1289,2297
5308,1272
518,730
5872,856
3408,1840
3760,979
1972,1014
2311,480
2875,2508
1409,1840
1147,1840
1974,306
3230,1918
301,99
1977,2297
172,2163
5600,518
1319,2297
2282,1590
5444,944
3601,518
4131,1272
3735,1272
4845,615
3869,1272
5789,2110
4583,615
1009,2256
5823,940
1817,480
915,1840
5087,1811
5751,1976
4161,1272
3765,1272
3899,1272
3503,1272
4933,31
3171,533
4733,909
5325,821
4999,1590
1351,276
3329,2058
762,1574
4057,518
2386,384
3533,1272
3729,2150
5898,1248
1119,276
3108,719
5628,606
4070,2793
1883,2365
3996,400
5226,37
3803,759
3745,0
5302,32
3999,1048
1688,3028
5270,1248
2739,256
1698,1272
3389,2058
2150,615
1470,856
3127,2058
344,256
218,1837
732,2058
4166,2100
4300,2100
933,1590
537,1590
4913,48
5696,1248
2247,1837
1134,533
3030,31
5817,2706
3554,940
2162,975
3301,1248
5558,725
1630,1114
2493,2243
762,2058
5323,2548
4196,2100
5849,1840
2265,2793
4068,2100
3763,2218
5265,99
1673,2100
3101,32
2786,960
3897,905
2641,986
404,1195
5429,99
1468,1294
3430,99
1236,944
3853,956
3240,2419
5905,967
4666,1244
4994,521
1592,956
3906,967
3887,725
3910,1840
4216,2297
1685,1305
921,909
5809,2548
2498,2347
1398,1248
852,2243
2774,710
4074,1840
1260,725
3564,48
3164,2558
2644,48
3298,2558
32,2100
1064,32
3870,2949
1363,99
1569,2419
1202,905
2821,2569
1742,2347
4878,480
2412,829
392,2793
3468,875
2879,480
4544,2297
1490,32
1131,99
735,99
4690,1533
3219,521
5868,256
1473,967
549,2568
4733,856
1873,1840
4244,2385
1423,99
1101,48
2837,2297
5890,2058
1511,2548
2677,480
1641,1840
2864,306
4041,871
678,480
3675,521
3019,1348
2704,24
210,2297
344,2297
1676,521
4759,1272
5721,313
542,942
5179,518
1360,1574
4180,225
1184,1348
2637,276
2394,1272
2528,1272
5864,971
232,1840
4460,400
505,2349
5683,2249
528,1020
1221,2704
0,1840
1872,944
4129,421
4886,400
624,1667
3782,313
5251,2218
5755,31
2625,400
4989,2218
218,1918
3901,944
2326,1272
327,1272
757,856
3723,1022
3550,313
761,975
4697,2167
5863,99
2296,467
1685,313
3982,909
5102,940
3658,31
2758,2218
4530,714
4318,2521
600,276
2790,975
4,1908
138,1908
1628,718
1659,31
2182,2058
3923,679
5002,709
1187,975
5049,2218
4717,725
4321,725
2455,2567
2959,2100
3346,1048
4156,99
4290,99
649,518
783,1272
409,1031
521,1272
1951,31
3554,2660
259,1272
2871,940
3953,679
1917,2110
2356,1248
2490,1248
2094,1248
5859,2558
2141,313
3123,2100
3818,1393
4155,32
4320,99
3662,99
4519,1248
5472,2297
2889,1869
5840,1003
2505,940
127,944
3924,1038
2520,1248
243,2058
5196,1840
3019,2100
4836,1305
4934,1840
5761,306
2982,2218
2882,1048
4088,99
2441,1305
1078,1324
496,2100
983,2218
1084,3024
2586,905
1827,99
2544,679
670,940
2148,679
4049,521
4176,2548
5866,480
5360,1840
1013,2218
2119,99
2318,1248
4990,967
4079,521
2312,679
572,940
38,1006
4909,978
4261,942
4507,1348
112,1305
3728,829
5302,276
5455,1272
2781,726
1311,2568
2763,1840
1118,2927
2897,1840
3537,480
741,725
83,725
2313,99
4852,1918
4224,2349
314,99
1220,1110
5747,518
5881,1272
2536,521
5581,980
5619,1272
1207,2568
1093,2466
4059,942
4150,306
4882,1918
2155,48
1568,480
4439,1348
4043,1348
3702,2775
5911,1272
4178,2704
5253,1272
2266,229
4921,533
5387,1272
5055,533
2042,521
1340,1003
1782,1348
4332,138
4397,533
3497,276
3101,276
3388,1272
34,967
304,2548
696,1840
1336,480
830,1840
434,1840
140,1393
5320,400
2250,1574
5679,1272
4731,944
3680,1272
3265,276
722,967
326,967
3156,1272
3848,856
207,521
5647,421
464,1840
2280,1574
4608,729
3605,2037
1791,2349
4776,313
2391,1590
5837,3147
1092,1035
5240,2110
5417,1248
3066,1355
1187,1272
5546,2567
5068,313
3612,1272
3216,1272
4646,31
267,521
5828,940
4384,31
5270,2110
4518,31
5447,1248
4724,99
2520,256
5185,1248
1534,979
1544,1667
3567,940
5181,725
3642,1272
2971,313
5150,99
1247,518
5791,2347
5529,2347
2945,31
1119,1272
723,1272
787,533
4949,725
4370,1048
3678,2218
5603,956
1520,276
4918,99
1673,518
4596,48
1139,3028
1149,1272
1801,3147
3499,940
987,944
463,944
4336,2568
3620,2398
5530,2548
5696,1305
2769,313
3638,725
5697,1907
4888,48
5445,905
4364,48
1618,2100
3791,940
1356,2100
1227,0
3663,940
1877,1048
3768,956
889,944
2886,1248
744,31
1630,2110
4043,2100
5562,1840
887,1248
3144,725
2,2777
4978,99
5048,2558
3563,1840
404,313
3069,1305
2455,99
5588,967
1548,1869
1398,2110
5854,1840
1179,1248
5298,1393
5726,1840
3436,725
3589,967
3067,2548
5082,48
5294,870
1937,1048
3217,48
3566,956
5627,521
4969,521
882,99
1523,2347
2961,967
3493,2548
867,730
3757,1840
1601,725
3929,2297
4999,521
364,1048
3459,870
4608,1831
1373,1248
1111,1248
1147,905
1553,2347
3387,967
3396,521
3261,2548
4484,1014
4427,480
5500,2385
1487,946
3015,48
2877,2558
7,2100
3239,2385
942,99
3743,1918
5293,1533
1311,905
3164,521
5257,533
1938,1003
37,2100
1952,1840
1294,1840
2822,942
1046,48
710,99
844,99
1862,2297
2932,521
5853,944
4144,1272
1604,726
4333,979
933,521
4730,615
1586,1840
2021,1014
5932,2176
2809,306
3695,2385
814,48
623,480
227,480
1072,2558
4836,2704
3360,1348
4970,2704
5621,944
4308,1272
4046,1272
5476,31
837,1348
2184,604
5214,31
835,521
439,521
3581,943
4742,975
448,1014
5928,313
225,942
1706,1918
4381,1908
5668,2079
1263,1348
867,1348
4210,1272
865,521
1981,810
3651,719
745,604
421,480
2379,856
5271,2793
1410,994
3989,714
3468,2705
3697,313
5698,2079
2235,518
3410,256
5373,976
2028,225
2107,1272
2241,1272
2955,615
2356,1976
3409,31
1583,1272
4643,2793
5196,2218
4800,2218
4672,2218
5644,99
3846,944
5007,976
3312,256
793,1533
3864,961
4621,940
3573,31
1585,944
1179,256
119,276
406,1272
3668,1022
4242,1294
3874,898
3020,986
5346,2512
4964,2218
4568,2218
4702,2218
5808,99
3235,2079
3906,32
4651,940
1015,949
77,400
149,276
2869,975
2640,1869
1208,31
1731,2058
2390,940
2507,1525
5098,2568
5165,2100
1298,2176
1201,2243
503,400
1337,37
3336,976
1111,256
3812,905
3105,1043
1499,2058
1896,940
1724,2176
2173,1248
638,975
1973,2880
4053,967
1231,2243
2205,5
5489,480
533,400
2179,2167
665,519
4003,99
3741,99
5021,2297
234,1272
1464,909
1529,2058
3041,2347
5539,947
4460,725
5781,480
4879,1840
1212,1038
3223,1048
3637,99
2233,1248
3071,2347
5739,604
4247,967
2547,2347
1891,730
4385,1840
5517,942
5185,203
3462,633
3875,48
3288,480
5215,2297
867,2100
422,3147
334,1048
2839,2347
3350,2297
5471,947
3764,1348
4158,521
3643,829
1105,1110
1122,1279
2278,967
316,2347
259,1813
5560,615
2979,1014
5742,2349
3452,480
2154,1840
1906,48
1966,99
1248,48
1384,875
5534,1272
2046,967
5138,1272
5568,856
3405,1014
2446,1840
4894,1851
568,2167
1674,48
1670,2558
915,2625
4881,276
1777,1866
5430,1272
5564,1272
1299,521
495,726
192,725
215,1840
3483,1590
2593,2775
2865,1019
2937,1272
375,967
4628,2058
641,1840
1076,1014
1019,480
2270,994
117,1840
5661,400
3933,2176
298,1851
685,2297
4768,533
5664,1048
571,2949
4938,944
3363,1272
5021,2110
2873,856
3759,2935
2300,994
4674,1248
1736,2349
4587,313
2183,1348
4483,1653
4063,313
3430,400
4310,944
5743,940
2735,1272
4361,909
4695,31
4164,2058
845,276
1796,2750
1266,1272
4583,729
5733,2100
2104,1590
1947,1606
5215,2110
4294,976
4904,905
2015,959
3250,940
1202,856
2803,2880
3453,518
3630,2100
3191,518
3593,2218
3715,3147
4293,909
4833,99
4437,99
3759,975
4898,1248
1971,256
4636,1248
3018,940
5552,725
4488,37
3559,1294
2321,2705
3794,2100
5349,1305
5705,940
5125,99
3483,3147
4254,3024
4729,99
5212,253
2669,944
2063,1134
698,1272
4826,971
1350,3147
2000,31
2886,2110
3182,940
5885,726
5601,967
2667,1248
3809,1038
2405,1248
4943,967
2517,2243
2699,971
3781,710
1967,1022
1526,1279
256,2243
438,5
4051,1510
4732,905
1301,2100
3212,940
1770,858
2498,99
3496,2419
2632,99
2697,1248
551,821
5769,1840
5546,1014
832,1248
436,1248
1873,986
3817,2218
2990,2409
4735,48
4339,48
5158,905
2886,1305
2736,48
2796,99
2400,99
89,2079
887,1305
61,31
947,2110
1377,940
3534,967
3119,725
32,1730
2857,725
4765,48
1757,2100
3276,1840
3672,1840
4038,2163
1324,2218
2692,99
2430,99
2168,99
4916,1348
5430,1569
662,32
1062,905
1463,2003
3702,1840
4801,994
3044,1840
1041,967
5160,1866
2460,99
2534,48
2138,48
3874,2297
2272,48
5698,229
3612,2297
4684,1348
2433,2625
199,99
3905,829
756,956
3070,967
5766,1272
1034,900
2159,521
3732,1840
3976,480
1873,2409
4890,1574
722,32
565,48
437,48
1777,2297
5796,1272
4726,604
2451,521
2585,521
56,1110
4459,1014
3500,1840
1123,726
1235,967
3141,1907
1635,1840
4442,1195
3060,1918
393,99
4013,2775
1941,2297
3097,2739
4494,604
4332,276
5130,256
869,967
3565,1272
1012,521
5881,2110
5129,31
1269,1840
1403,1840
317,1393
3935,990
402,942
1575,2297
2647,1348
3043,1348
5828,944
4362,276
1199,2949
5566,944
824,1574
2264,829
5304,944
4898,256
4034,1908
5024,2058
4600,1730
1730,1272
336,480
5596,944
1072,521
4465,0
810,521
1083,1811
3731,944
3335,944
5790,2880
1607,276
5726,421
1366,1907
2405,256
5266,2880
1498,1272
2324,856
104,480
5568,966
3363,898
4414,1324
5341,960
5758,1248
1437,1908
4536,940
1528,1272
4111,10
2758,909
1958,856
4274,940
5752,679
1962,975
5754,725
2673,20
5589,99
5327,99
2216,1272
1536,759
617,2704
1960,2218
5811,2548
4641,710
726,2058
2753,2793
2283,400
5588,32
531,1590
5693,48
5357,99
5279,2660
4334,940
22,400
1036,944
4452,2100
157,975
2521,2793
728,1730
5461,48
5521,99
4008,1305
3619,32
3746,2059
2020,2218
2316,1048
186,400
3522,99
3260,99
1462,944
2549,2747
5744,521
1379,909
1317,31
1327,719
1841,940
1275,2249
4538,2409
3610,2548
5229,48
4033,961
3760,48
2267,940
689,31
185,2218
481,1048
539,1026
1752,1248
1088,679
4586,2426
3476,1393
1486,725
3716,99
3132,48
1321,99
1059,99
4836,480
3934,1840
231,2347
38,986
2233,1305
5708,1348
1207,909
1485,99
1089,99
1025,2558
2503,2297
450,1869
212,2455
3049,521
200,940
4384,2426
1446,521
2757,1840
3397,480
1612,32
1187,2512
5872,1348
1589,48
4796,276
2478,2775
4534,276
5083,1272
3355,604
5535,615
4855,856
3427,480
2525,1840
4104,2385
1867,1840
1619,48
1357,48
3683,1574
3093,2297
770,480
3507,1348
2508,2775
3124,829
2439,726
4760,1908
4851,1272
1642,1348
1246,1348
4589,1272
1244,521
201,710
2590,1272
1196,480
2758,856
294,1840
4671,523
1067,1009
1848,1574
5244,1324
4881,1272
4982,1324
4619,1272
1410,1348
1384,127
2599,984
1991,1101
3923,256
3757,718
324,1840
3458,1590
4686,400
4911,518
5484,2100
4240,313
5045,1272
4317,533
4215,256
4359,944
3275,1324
3953,256
2232,759
2388,1272
1661,943
4357,1248
1237,615
5847,31
2723,1908
3848,31
2552,1272
3982,31
4243,2058
528,276
5824,986
662,276
25,1907
419,1272
3405,400
3021,2100
3112,2218
2158,944
4551,1248
34,276
321,1272
355,856
4675,725
4809,725
3142,2218
3276,2218
4850,2419
4843,1248
326,276
1520,256
4185,1248
5157,2347
613,1272
1781,31
781,856
2042,2058
2446,421
2980,1294
5392,1840
3838,1325
3215,2100
362,1811
3044,2218
1946,256
3888,99
5187,2347
777,1272
2697,2110
3115,1869
2731,940
5386,1244
3732,1279
91,944
2350,1248
3964,2568
207,2058
5666,480
4764,1840
3370,1048
4811,905
398,313
5728,2297
1075,2218
4435,1557
1035,1099
2315,99
1919,99
3218,2347
2034,611
110,31
3494,710
5056,1840
5830,480
641,421
3296,725
2791,967
5093,1907
3589,947
5567,1009
4750,1918
5655,829
2083,99
3382,2347
832,1305
4567,521
140,31
5083,1569
545,1248
3881,947
5560,1908
226,714
2134,37
4448,48
3355,1840
1178,2100
803,725
1257,3147
1269,2218
5075,1866
1303,1048
2113,99
3527,2297
4337,1348
978,2419
582,2419
5656,276
1413,2347
518,714
671,956
755,2347
5681,1272
2336,521
3647,1840
5849,856
5453,856
3385,1840
4025,480
3123,1840
2727,1840
4255,942
598,2548
3295,2297
4475,127
963,956
5820,276
278,99
3277,967
2628,521
4233,1533
525,730
2500,521
856,1244
3850,1014
4151,942
1434,726
3983,2297
1154,1840
2243,2558
794,1305
3104,1574
46,99
2396,521
5147,533
2270,1348
3617,604
2488,2739
3880,1014
3985,276
1046,967
3480,1272
522,967
2086,480
1824,480
3527,337
1658,942
5546,400
5880,276
412,48
2380,1866
1752,2297
150,48
5375,518
81,2163
1094,2297
5905,1272
2300,1348
624,870
5431,1581
5085,944
3772,1272
3906,1272
3510,1272
4444,2079
426,2548
3678,856
5302,2110
2783,943
952,1840
3973,400
3540,1272
4842,31
5332,2110
5163,611
2017,1009
281,480
2775,1590
5709,2218
2899,313
3286,759
4800,909
1971,2704
495,1348
4999,2058
5935,1248
3414,944
1705,1272
1839,1272
582,943
5062,313
4532,1279
1405,1919
3911,2100
3740,2218
5242,99
3038,256
3182,944
2786,944
3037,31
3549,1869
3964,421
1183,944
5456,967
3959,986
4564,1325
5406,99
1612,276
5478,2419
1765,518
1369,518
1899,1272
1503,1272
3055,960
3129,909
4521,1628
491,20
2402,3024
3861,2521
3472,1248
951,944
545,256
149,256
5882,967
5886,1840
3976,0
5158,909
5533,32
476,1590
5510,48
5671,905
3097,31
996,313
1844,2100
4279,940
2835,31
2231,1048
1073,533
2573,31
3041,99
5912,967
5650,967
1359,2058
4258,1002
5916,1840
3498,725
4702,1393
3632,725
3557,1305
3290,961
2865,31
3028,961
1237,725
1825,3147
5689,521
928,909
5912,2256
5554,2548
604,31
2636,1110
1524,940
3924,725
2129,1279
3681,967
747,1248
5067,1117
4081,1840
2117,3147
4677,2625
1401,725
2626,3024
3624,1372
3235,99
3722,1907
2913,48
2598,976
2973,99
4387,2297
5553,229
164,1048
1554,940
5158,1393
1615,2347
3449,967
3981,2548
5629,978
4111,1840
3061,2548
143,1110
3849,1840
4719,942
2386,2409
3322,633
3003,99
1759,32
4551,2297
1779,2347
3622,521
4275,1840
1461,725
5834,1918
101,2927
4581,2297
1618,1840
4185,2297
2872,2625
1430,99
1927,905
1168,99
772,99
5385,1533
510,99
3130,1348
1153,730
2607,1014
2550,480
4904,856
2044,1840
1648,1840
3623,2385
2518,942
1534,48
3598,1574
936,99
1088,870
4741,276
4632,1272
4766,1272
4370,1272
2904,604
378,710
3776,533
4276,856
1399,2425
1812,1840
2848,480
3708,1338
5539,1195
5604,1590
1493,3026
3147,712
5713,944
4247,276
4443,1908
1451,521
3068,604
2410,604
4702,856
4110,944
239,1840
2617,2775
3052,2703
3750,759
4564,1272
3970,533
5859,2058
2870,1908
153,726
2303,1272
3860,2058
269,1840
4417,2915
7,1840
4497,400
989,1348
3992,1581
2595,1272
2729,1272
1980,1908
3897,31
2635,856
2239,856
4180,2571
1647,944
3890,2243
240,856
5197,2100
5558,2079
2887,518
2472,276
3346,1032
3666,256
3270,256
3384,1324
4595,719
2759,1272
2363,1272
4221,478
3980,1355
4451,940
1903,533
1677,944
1415,944
5252,2157
3870,2880
102,1272
1212,615
5190,2218
23,1918
5638,99
2756,1324
2966,2100
2527,1272
4877,940
241,276
4360,421
4100,1248
528,1272
2306,714
4358,725
2734,2100
3209,3147
2813,3147
3443,1099
4155,1305
2959,2218
2859,1048
5774,525
2133,944
4461,99
558,1272
296,1272
2634,1869
34,1272
1464,31
5244,710
1869,1248
3026,2100
2764,2100
3521,2079
3251,2218
2502,2100
2581,3147
625,400
4035,48
4095,99
4169,48
4556,1248
4697,2419
326,1272
5646,2568
206,1355
4705,967
3275,710
119,2110
1550,1279
4259,99
4457,2558
5935,2297
4494,905
1686,2079
1586,909
1482,2249
1489,976
1389,3024
1602,99
4473,967
5397,1840
3122,1003
4873,1840
62,421
4289,99
4006,942
456,725
922,2218
526,2218
822,1048
1257,976
4512,521
475,940
1991,971
5527,1667
1184,2568
5630,856
5368,856
946,710
3544,480
3378,942
90,725
2058,99
5062,557
4542,521
144,961
4416,1348
3578,1003
4930,1569
5626,1272
2019,521
3836,480
953,726
2088,99
1766,48
673,1840
1569,2163
5369,276
5656,1272
5394,1272
2049,521
4826,2508
2605,1907
1739,480
3270,2297
837,1840
441,1840
4476,1348
5327,400
5814,518
253,99
65,48
5686,1272
5424,1272
5028,1272
747,2297
4830,533
3138,276
3346,979
333,967
4206,1837
3163,1272
1129,1840
867,1840
1956,306
906,1014
209,1840
21,99
5716,518
2398,1590
2893,1569
3589,1272
5731,991
5939,940
467,2256
936,1014
932,1272
2452,2176
2032,1590
5624,2218
4526,256
5835,940
497,2256
4129,31
1624,1014
871,1908
2882,1918
4941,848
3534,760
3387,1272
4817,31
4,229
178,1348
4321,2079
5458,1525
3225,944
0,2739
2567,944
4960,1248
1235,276
992,1272
1818,856
4644,2705
777,337
4991,719
4081,2218
5371,940
3719,1048
5648,1248
4925,99
2043,1324
1781,1324
2586,31
5299,2003
1852,975
470,944
5644,725
3746,400
4986,725
3291,5
4905,1325
4020,2100
728,421
3849,2218
5351,99
4955,99
5452,905
1186,1272
1320,1272
1588,2218
2092,31
896,944
500,944
3597,2347
2839,2705
5831,1840
5569,1840
5478,32
5204,961
2014,1279
3879,2218
1584,5
664,5
2546,2079
3186,719
2284,2079
2014,2218
902,2802
1652,1048
530,944
5442,725
2252,1043
4946,521
2747,1022
3179,679
2485,1022
1893,1110
5898,1907
5089,48
4565,48
2851,32
1648,2218
3150,99
1040,1581
2888,99
2953,1248
5334,229
3135,730
5072,229
5110,521
5595,2256
1867,986
1268,2347
3345,725
146,2243
3238,2548
4857,48
4160,1840
1849,2100
1090,1294
1212,725
1812,2218
2918,99
2522,99
2656,99
1103,940
1380,1248
657,99
1118,1248
1560,2347
3637,725
656,2880
3006,2548
210,2793
1376,725
5749,1918
2173,480
5051,829
687,99
761,48
425,99
3656,2256
4776,1533
2909,521
4944,1117
3958,1840
4259,1014
3696,1840
2223,947
2610,1393
748,725
901,967
2465,480
3743,1097
3163,2508
2363,2455
2433,942
3386,2553
1113,99
925,48
952,905
2941,1348
1172,679
3998,276
5598,944
4340,979
4023,1272
678,521
1989,1840
5385,1590
2898,870
1143,99
881,99
485,99
297,48
5918,1272
202,942
5890,944
4236,225
4642,1667
2037,726
1066,229
5221,31
2980,306
985,48
667,870
5648,256
4588,276
1446,1574
4083,1272
4864,1837
5647,31
4669,615
3397,944
2139,979
1562,1907
3936,2915
749,306
4570,986
3570,1811
3888,400
2776,2704
228,2297
5739,909
4247,1272
4515,2218
259,829
2248,1272
1852,1272
4586,1869
508,1533
1758,856
5816,725
3243,2705
672,1348
1221,1590
4815,2079
806,1348
5588,1248
1882,1272
5012,1869
3568,960
1684,533
4354,1869
3311,2058
5508,730
5367,1279
5105,1279
1513,1590
1117,1590
3357,898
5609,31
4709,2218
5433,2249
2570,518
5553,99
4646,1869
5054,940
2046,1272
2180,1272
4396,940
5874,679
156,276
2218,975
181,1272
215,856
1971,2037
5035,1048
1356,421
4768,704
3640,31
3378,31
1118,256
4361,730
3271,2793
3221,986
4437,725
4803,1048
5613,99
4362,1305
1173,313
2904,2218
3748,99
3426,48
3142,1043
2989,986
1416,421
4071,725
1140,2243
5713,2558
570,400
3230,1048
3382,99
3984,2419
3516,99
3879,905
3194,48
5192,2297
5866,521
9,1272
1876,32
2743,1869
673,2218
277,2218
2097,940
4794,2409
5690,480
5294,480
1070,2793
2873,2100
4788,1840
703,1279
2236,725
2702,2218
1974,725
4295,1907
3942,99
3546,99
3224,48
478,2100
4698,2297
87,0
1207,31
1107,2079
1809,99
167,3147
1306,976
1285,99
4418,967
3384,710
524,940
5080,1840
4684,1840
2521,1244
1112,1110
5091,2349
246,2100
3293,942
1796,961
1315,99
2614,2347
3125,2297
897,1279
2449,967
1525,2568
2061,2548
2587,1840
2003,99
4408,1918
1681,48
1741,99
1345,99
4845,229
1281,2558
5696,1533
584,940
4781,1907
5175,1272
5309,1272
1821,967
2221,1840
2355,1840
4308,2626
4960,337
3752,1590
5242,400
5448,276
5205,1272
5463,3028
5339,1272
547,2347
4943,1272
1598,521
1734,1348
5077,1272
2647,1840
2385,1840
3820,943
2791,276
4864,1918
2953,2297
124,1840
289,1907
5010,400
5406,400
5101,518
2742,3016
4973,1272
1088,2297
692,2297
4302,313
3374,2704
4711,1272
1762,521
5107,1272
5537,856
16,967
2318,1907
2767,979
286,2548
984,604
5122,991
4537,2058
2618,856
550,1840
154,1840
5040,400
1721,870
201,905
2190,1348
2150,229
3200,2150
3138,1272
3657,1837
3909,2058
881,1014
1669,306
318,1840
786,1908
5204,400
4133,2705
5731,1048
577,229
3364,2150
3302,1272
2906,1272
3350,0
4439,718
2644,1272
907,1272
4620,729
1041,1272
1003,980
2336,2058
2893,2915
5112,2100
3235,400
5599,2218
3695,1324
2936,1272
5670,1869
5386,2110
2738,533
4004,2079
3749,1560
3573,3024
2384,944
1333,1272
1988,944
4643,1248
5039,1248
2628,2058
1609,2079
2297,9
3281,2623
2527,2915
581,856
5559,725
5856,2409
3003,400
3035,2567
2832,518
3900,2079
4967,32
3764,2218
4705,32
3094,3147
4870,99
4226,2249
1210,276
2729,16
2414,944
4869,2880
2541,719
705,1272
839,1272
281,944
5589,725
2412,1248
3569,2100
3703,2100
2459,313
3782,3147
1430,400
4231,2219
5115,253
1168,400
4900,99
4504,99
5240,2419
3865,1869
535,2150
3603,1869
1768,3024
579,944
2358,611
3676,2347
5916,2409
5114,967
5258,2409
7,718
2715,2346
3818,710
5910,1840
5514,1840
4340,2512
5004,48
4661,1372
3393,2409
4742,48
60,729
4406,99
4084,48
4903,905
137,949
1563,2218
1167,2218
2201,31
213,944
2406,2880
4629,521
1384,940
5544,1840
867,421
5185,1907
3378,946
3192,32
1106,2100
1180,2049
844,2100
1319,3147
4018,525
2571,99
2175,99
2249,48
3851,2297
5570,967
2410,905
1140,1869
756,940
5312,1840
673,905
1989,2568
3028,725
461,1022
1424,2567
3953,480
1532,2100
3447,1840
895,725
3921,942
1029,725
1483,3147
2467,99
2541,48
1350,1305
5604,1086
5735,1569
136,858
1182,940
354,2249
5379,1907
205,2880
2043,710
2153,2568
2824,521
3085,2548
3983,480
663,725
2631,99
5031,1574
1216,1840
4485,2569
4989,1348
632,99
5650,276
3525,726
5541,1272
3507,1840
3410,1907
3884,1009
984,1840
4757,1348
340,48
534,99
5680,276
5833,1272
5571,1272
5239,533
459,679
2503,829
1534,967
3877,1908
488,2548
1672,1840
2312,480
1410,1840
720,1393
5157,127
2964,1574
5269,533
5573,944
3449,276
3998,1272
5689,2058
4904,31
1741,1014
5187,127
5930,400
272,48
5205,898
6,306
4137,276
5196,31
953,1348
3342,944
5733,421
4095,400
1875,24
5767,944
2318,1533
847,521
4964,31
3506,944
2040,276
1797,1272
1840,1908
5615,2243
1535,1272
1273,1272
3622,2058
4125,400
4679,986
5405,1844
3692,518
5056,909
4490,2218
4228,2218
2332,276
2223,1272
3840,1355
1961,1272
4311,940
4049,940
1105,533
4825,2100
5158,31
5760,99
5364,99
2898,256
5704,2419
2494,3024
1043,944
4099,2346
2756,2243
2864,1022
4855,2100
3349,313
4197,2100
5759,32
2058,400
5790,99
2192,400
5266,99
2594,2100
2807,3147
3543,2249
3123,909
769,533
4959,1110
1731,944
1335,944
1469,944
1334,719
3552,1022
2232,1869
1069,421
5558,99
5236,48
5692,99
89,400
2191,2218
2482,704
3297,99
1499,944
3938,2347
2190,2747
5781,521
4072,2347
4035,967
4173,1840
5262,2558
2392,2100
2651,1048
3723,99
2255,1048
1529,944
3065,99
3139,48
3667,2419
1790,719
527,2100
4365,2949
922,909
2647,1279
3937,967
5373,480
153,519
3031,2558
4643,2297
5937,229
1492,99
2660,1110
2264,1110
1989,905
1230,99
3318,521
3579,2548
4367,1840
5499,942
4105,1840
154,1279
2102,967
1976,2548
3634,942
325,2100
5552,953
202,946
1656,99
4056,1574
2153,905
237,940
5906,138
1453,679
4531,1840
2394,967
2443,829
1474,967
1290,99
1921,905
3252,1348
476,525
4705,276
2960,947
2394,2256
4596,1272
1647,521
5733,718
2562,1840
2806,480
2300,1840
2256,979
1268,875
405,2163
2754,2949
1759,1866
5284,1272
4888,1272
4473,276
4626,1272
2736,276
2536,1908
2365,1272
1233,480
1713,1117
3103,1009
1105,480
69,1840
543,942
5052,1272
4656,1272
5590,2079
1927,2739
5872,1011
894,2862
2766,276
5486,975
2791,1272
5129,1869
495,1840
1135,480
233,1840
534,1014
1188,306
4658,5
3040,1195
5050,2515
4869,225
667,2297
801,2297
5592,31
5726,31
3083,1272
2272,276
1343,1533
2163,1272
826,1014
4788,421
1697,718
5027,2100
3150,400
4164,944
5721,976
3592,718
4019,31
303,276
1497,256
437,276
5020,1279
4516,1776
5838,2665
4816,725
4874,3147
2918,400
5282,2218
2591,5
2485,518
4875,1305
2619,1272
5019,2747
4310,2058
4452,421
5426,2347
1671,944
267,1908
675,979
401,1908
5568,710
3675,729
96,1272
2327,1248
4603,967
3082,400
2826,2100
4553,99
1963,944
3895,99
1409,1324
1046,1272
4081,1043
4788,905
1952,31
1201,1560
2753,1248
2933,2347
4614,725
3514,2100
5033,1840
5167,1840
2615,725
4261,48
3925,99
1748,2079
2388,719
2419,32
2768,940
5818,1019
2330,714
3562,986
4778,725
506,2058
1975,2243
5197,1840
782,421
3507,2218
4687,48
4351,99
292,5
4029,48
1283,2100
3767,48
1778,2079
2932,940
2352,99
2775,956
5245,726
2731,2347
4701,2548
1067,940
375,2110
5867,480
552,1248
4059,48
1447,2100
2966,1840
2778,99
2060,48
2120,99
2939,956
2581,1248
4857,967
1003,1305
177,31
963,940
5825,604
4082,1348
3695,710
3433,710
4995,1840
1101,1813
2992,967
5294,1907
58,1248
4294,480
3392,1840
4032,480
819,2100
2247,32
1044,2218
2486,48
2334,1906
1888,99
637,1305
4730,229
3040,2297
5284,1569
1127,940
1188,2347
1805,1003
4062,480
46,1022
3160,1840
2314,99
2388,48
1992,48
5134,2914
1801,480
3728,2297
3872,1487
5785,400
577,99
783,2419
315,99
5461,276
550,905
5486,1272
3190,1840
141,2548
929,1840
4568,1348
4676,127
345,99
5516,1272
2567,521
5650,1272
2790,2256
4660,533
802,725
2039,1533
3517,1272
5050,718
3255,1272
5886,990
4103,615
3330,2385
141,1393
5808,518
5942,1272
2955,229
2733,1348
4214,604
5348,533
2951,2739
1285,2949
3394,276
3547,1272
3132,276
732,521
2944,979
3419,1272
470,521
1385,1840
619,994
2723,229
2082,1364
3315,1272
762,521
104,521
3879,856
4364,1837
2855,533
5799,940
3421,944
3025,944
5284,1248
3883,975
5361,714
5712,5
5922,0
842,1574
5367,909
530,521
5312,421
1327,276
468,3026
1280,2150
1614,1272
3466,2915
2814,2171
4082,2100
3686,2100
4839,2079
5376,32
4811,31
5881,2419
5413,99
1772,518
5612,1248
1906,1272
5252,905
1644,1272
1248,1272
2444,2079
2182,2079
2096,615
783,943
5736,725
5501,2548
678,2058
5533,1305
4895,1048
5662,961
464,1348
4882,32
4063,3147
1315,400
5544,905
4785,99
4859,48
5604,956
1674,1272
1930,3147
2446,31
5166,730
3366,940
2800,2249
854,944
1712,975
726,944
5657,967
5638,725
2785,2880
5801,2409
2275,334
3015,898
3505,725
3971,2218
3243,725
4105,2218
5285,48
4889,48
2143,2100
2610,31
3680,2419
3561,253
1018,944
2950,99
3853,2347
5687,967
921,1011
1759,2110
5434,521
1055,1011
1519,1869
1531,940
1931,1813
3426,967
5577,48
4919,48
2569,2100
2603,930
2124,3147
1478,2218
3242,99
4135,905
2980,99
5230,2569
5860,521
1099,909
703,909
641,31
5202,521
5598,521
5949,2256
4555,710
117,31
3456,967
3068,2548
4892,480
3856,1840
4752,2163
4726,942
1892,3147
3668,99
3084,48
4424,2297
827,729
4020,1840
615,1038
1468,725
3174,99
3248,48
2852,48
4588,2297
4326,2297
5620,229
601,2079
2017,940
291,1099
2605,1110
103,1048
1175,99
779,99
853,48
2327,2297
307,1043
3659,521
3128,2548
3658,2548
2620,829
4006,979
93,710
3087,480
2185,1840
2787,942
943,99
681,99
3427,521
3165,521
4080,1840
4381,1014
757,2568
3943,2508
1427,2548
1819,1840
2689,942
1806,100
1107,99
1470,905
785,48
2125,2297
2935,1348
3549,2739
4912,276
5720,944
11,2347
4541,1272
2667,1533
4145,1272
4183,1564
4731,615
2245,1840
1849,1840
3540,2626
1077,48
490,480
285,1014
4284,276
4418,276
2312,968
4705,1272
4309,1272
964,521
3581,533
1654,1907
14,1840
1872,1046
1146,942
3749,1056
5769,31
1130,1348
4473,1272
2845,276
3156,138
2187,276
996,1533
4031,2058
684,480
5484,986
3501,2243
350,2297
4942,2100
5417,3147
5699,2079
5537,31
1294,1348
5671,31
2370,1272
5143,1043
5821,729
3672,31
1910,533
3799,2058
5094,400
1605,1590
4789,3147
2833,400
5197,2218
2175,400
4539,2218
5666,976
2400,518
3293,1324
2534,1272
2138,1272
5292,2455
2924,3147
382,276
60,225
1936,10
2381,2346
4865,1048
1759,313
5377,2162
3732,31
4278,2419
303,1272
4451,2347
5227,2568
437,1272
1598,2058
1336,2058
209,856
1876,1248
2631,400
2185,2003
290,2915
2905,2100
2896,1048
3426,1048
3854,2249
442,276
333,1272
3067,1869
2671,1869
1501,31
2387,2110
2421,940
919,615
2821,1813
45,990
2801,2100
2935,2100
1295,313
5708,2625
4132,99
4004,99
1403,31
73,944
2466,1248
4084,967
4354,2548
4746,1840
4393,32
3900,99
2155,16
118,313
255,3028
1091,1048
1713,48
3848,2568
866,1869
4123,521
1301,1043
189,314
1357,1325
2649,1840
4624,2385
4369,1866
2065,99
4465,1574
1803,99
1481,48
4027,1348
1094,2793
2937,967
4843,1907
2675,967
1379,710
3715,480
4073,942
1989,1393
2417,1840
2169,48
1833,99
1967,99
3795,1348
65,32
810,940
3674,829
475,2347
5444,1908
1385,2568
3367,1840
3695,1117
3105,1840
3406,1014
4278,943
1937,48
4263,1574
1675,48
3484,2775
757,905
5758,1667
4956,225
639,2347
3691,1533
1986,2569
340,967
3213,1908
496,726
4404,1590
1086,942
5824,1324
2250,521
3384,450
4513,944
3938,1009
3390,615
1148,480
380,1840
5201,5
545,1907
5229,1272
2280,521
1758,1348
344,870
5201,944
3473,276
3989,1324
4281,944
3230,1272
3364,1272
4479,959
4804,719
2636,533
2706,1272
3420,615
669,1569
2157,306
806,1840
2889,1918
313,1907
5661,2218
4969,944
3503,276
4793,718
3394,1272
2998,1272
4824,31
2666,533
5163,2880
1438,1908
4555,2243
5429,2218
1444,2827
4407,1032
3787,1324
2357,313
4654,909
5908,940
3000,944
2466,256
4473,1248
3501,1869
4585,2243
901,1272
5849,710
2196,2058
5389,725
5710,1305
2783,313
4494,31
4700,99
2506,944
4765,1248
4906,2419
5593,905
1589,1272
1236,1908
5341,2347
5603,2347
1327,1272
3665,1869
733,533
337,533
2622,2058
1365,975
5023,725
623,2058
2462,1022
554,9
4057,2100
1918,400
4008,3147
3624,2218
3920,1048
5388,99
1406,225
4804,48
857,949
1419,2150
1357,1272
2513,960
2525,31
3311,940
3326,1248
275,944
1312,940
2850,730
5214,2548
3825,2100
4690,858
1290,400
519,2243
123,2243
4760,99
5156,99
5362,2419
4498,99
1960,2100
2858,32
3381,1305
2895,99
3356,1248
1821,975
5776,2409
60,2079
1872,940
699,1248
2956,725
4169,947
4924,99
4998,48
746,313
2081,2218
484,313
1853,1048
3274,253
5363,1866
2603,48
3059,99
2663,99
5404,1840
5934,1840
414,2176
1221,956
467,1248
2986,725
1059,2880
3674,2065
5028,48
5034,994
4671,942
5543,871
1517,725
2693,99
2767,48
2431,99
1046,1305
206,1099
92,31
1274,940
432,99
3587,726
2269,710
4044,2133
3703,1840
3307,1840
3947,480
4701,942
471,966
3210,1907
889,725
2122,633
809,961
580,909
1120,99
5655,2374
462,99
5897,1907
2946,521
4429,604
3733,1840
2699,829
4937,256
1181,725
5287,1574
1734,1840
1338,1840
4301,2297
2643,870
492,99
700,48
304,48
3246,1348
3012,1117
3798,1272
4512,615
4624,856
714,2548
2142,480
3768,871
918,99
656,99
5418,313
4623,604
3528,1569
4224,1272
3883,979
177,1003
5044,2704
799,942
5433,944
4516,1272
4254,1272
2380,1533
3858,1272
4369,1976
4899,256
5818,31
5912,2110
1696,1840
3568,944
5825,421
95,947
2240,1903
337,480
1652,1918
3997,276
4150,518
4284,1272
4022,1272
677,521
5713,2058
3860,944
3161,943
2285,1272
1870,276
2737,615
1019,1574
4376,2150
5248,2079
5220,31
2090,400
4750,1048
5447,976
2296,276
2960,256
1855,533
5619,679
1541,1097
5770,848
907,959
3411,313
3509,848
2382,400
4350,2218
4746,2218
5590,99
5328,99
3124,256
5825,905
2217,1272
3647,31
4555,1869
4829,940
4567,940
4171,940
1623,533
1125,256
729,256
3654,421
5015,2793
218,1272
3748,1022
2546,400
4805,704
4648,2218
5620,99
5694,48
2899,3147
2637,3147
4910,2568
1154,31
2210,2521
2714,334
3046,2793
4212,725
5784,99
5393,2163
2454,2100
2929,3147
1591,944
16,1272
5305,1003
2366,940
5074,2568
1318,31
2204,2110
2269,1007
1589,1248
2941,2568
3999,967
781,2243
5492,48
2313,2218
2447,2218
3553,99
3627,48
5363,2297
46,518
3081,1043
2900,2163
2037,1007
1673,730
4691,1840
2910,2100
4429,1840
4167,1840
3873,1393
929,986
1749,725
1725,139
3979,99
4476,905
152,1294
3245,1043
4621,2949
1718,99
1322,99
2275,956
2635,710
3507,1393
2437,725
5494,1009
3388,947
832,2342
2960,2163
1838,1305
1174,2079
234,3147
642,2218
2010,99
4415,1918
380,2218
2766,2297
3836,521
4455,2256
5525,480
5320,1014
210,1248
1352,1038
524,2347
380,2568
2758,1840
2661,1907
2265,1907
706,1048
1714,2558
4002,1348
2388,967
5402,615
806,2568
3294,480
2693,1014
1429,480
131,1840
4022,1569
584,2347
3643,2704
5035,979
1098,2568
1509,1348
1903,521
2828,276
2556,1840
3383,306
293,2548
1409,1117
423,1840
3646,127
179,2419
4857,276
1125,2297
729,2297
1692,1590
3254,276
2858,276
3279,1272
587,1840
4117,1590
4949,400
1155,2297
631,2297
1703,1348
1376,953
1441,1348
2236,1811
5605,704
2913,1272
2651,1272
2361,1698
5241,400
4137,313
5740,2218
5689,940
3849,31
4735,2110
2087,533
4566,611
5479,2793
3509,1279
5393,16
2817,5
336,1574
4712,32
3879,31
559,276
2159,944
4814,1248
4876,2880
889,1908
4938,725
3174,400
637,2037
2053,898
2451,944
2055,944
4383,99
5944,2347
5934,2568
1770,960
1462,615
4227,1279
4840,725
4002,2100
2496,313
809,400
2841,725
3307,2218
2911,2218
4749,48
5568,905
4809,99
4881,2419
2386,1084
4910,905
5450,2347
1083,2100
3244,1869
3652,940
878,944
5132,725
3055,2347
4763,2548
470,2058
5191,1305
2209,606
5192,1907
5101,99
4839,99
2925,961
2906,719
2937,32
399,313
1722,3147
1835,3024
2444,99
334,1581
2578,99
2777,1248
3615,2347
239,31
3702,1003
4531,2548
763,940
2131,2793
4023,829
3054,967
380,421
2639,725
4869,99
4543,2558
4147,2558
2233,976
2608,99
2814,2419
2346,99
2148,2558
5763,726
4830,521
4570,1348
3787,710
808,1248
3480,967
546,1248
3065,725
3620,947
3484,1840
108,1776
1124,3147
3108,2492
4307,2816
2638,99
3656,2297
5772,1569
37,31
171,31
576,1248
