u,i
2773,674
2687,2620
4053,2118
2594,177
3287,895
3662,18
945,556
4293,824
853,967
507,330
1026,895
374,740
1893,480
2755,1973
210,2029
4329,2174
3503,146
2749,2158
116,1613
3975,2585
183,391
2882,967
4570,1482
3888,896
1641,417
2570,880
1883,2394
5658,2729
713,556
1012,3067
5438,1642
4247,1179
1661,480
1341,1064
5935,2448
2091,64
1629,1696
4401,2585
5856,2340
4956,363
5885,1580
1836,2174
877,556
963,330
1114,2189
3743,1272
446,1501
3608,855
414,2717
4922,1883
2341,1528
4645,851
639,2835
694,290
5905,862
468,2953
3916,2139
4590,363
56,1696
3992,2134
2674,2118
258,110
5158,820
459,2086
3405,876
5717,2504
3776,2509
2518,824
785,2256
2633,1528
5286,1005
5896,934
4619,3171
118,480
2420,1420
200,290
1019,1147
4699,2376
3606,2448
2811,2739
2121,1538
2470,194
472,1917
3017,363
957,1400
5119,2181
5005,2833
4160,755
1973,327
3931,1457
126,2411
2715,2627
3154,1765
2412,374
4234,677
3964,816
4418,2484
3661,815
2642,836
359,700
3982,3085
2855,1883
3922,590
2727,2637
4205,2376
2369,677
1383,1400
4034,2494
3764,2633
2563,1482
5548,1890
861,2227
3244,877
4908,806
3259,1185
5404,421
5538,421
4497,1437
4230,1093
4062,2448
4096,1278
2592,318
2365,1093
49,1009
118,614
128,1302
4543,277
5338,740
5076,740
4919,3008
5368,2080
4535,2079
3427,1119
624,1883
953,661
610,2739
1494,1739
3526,2818
5582,319
2199,2494
858,774
1320,805
3965,421
687,892
1568,2627
3703,421
3975,1109
5186,1258
4988,519
2825,677
2207,1796
4800,1222
1312,1883
3094,313
3187,1258
1289,179
3591,1119
623,318
5148,1151
2295,862
3057,1185
4918,1628
2898,374
4226,2798
1573,877
1714,2802
5599,1023
1385,1580
2223,2679
4320,181
106,738
5159,1690
3369,144
4112,417
4508,417
5939,2030
5139,1977
956,127
5367,1804
2361,519
198,677
4396,1115
5588,268
1221,21
5688,849
3305,2953
5300,740
157,272
2896,1967
1110,1883
4463,243
3534,1500
3141,1017
2354,637
1819,478
1676,2644
4568,417
2661,1696
1663,904
4577,880
570,1730
4305,946
3515,2547
2703,417
2307,417
3253,2547
526,677
2513,2737
3153,1377
4643,187
5166,2214
3574,3127
626,1258
258,862
2579,2044
4358,957
612,3080
4561,1316
506,2095
2746,1403
3601,1917
3804,556
4370,967
3974,967
4514,2409
960,730
5530,1528
5506,942
423,1279
3403,1151
918,1258
5892,1917
3041,1701
1284,2547
868,2080
880,1151
4027,1917
2313,181
3913,849
4393,2240
2650,2984
3073,3087
3369,1917
5418,2411
5548,1703
3151,1465
5389,892
1529,2701
3785,290
2687,18
5311,1009
1971,602
5617,527
2521,480
5437,2811
5738,2739
2553,957
5369,2118
128,1115
5840,1703
4644,896
5081,897
833,2624
714,458
3742,2256
387,63
5029,2427
5208,480
718,1331
2228,1547
5787,2227
5938,2396
2400,1250
1842,3174
1006,458
3490,2570
2370,849
5234,738
861,2174
3244,824
4782,614
1859,1276
821,1809
2977,480
1647,639
2654,204
3110,1009
5307,435
4806,2139
5441,435
2188,2656
4459,2031
756,818
1036,3087
3643,2411
3259,1482
23,674
1409,824
772,1701
2212,1148
1565,1337
3466,1179
3977,1883
2163,2195
2877,1538
43,737
769,1403
848,1696
1275,1009
2345,1677
552,614
199,1250
2522,3067
4490,2633
1183,1420
5365,2079
3343,964
4650,821
1028,1482
2468,737
4479,939
3040,374
5134,3085
915,824
1108,2939
1426,1528
2484,681
4822,1278
2666,163
909,1009
978,614
5169,2325
908,784
2155,2842
383,2656
658,609
3679,482
597,2585
3412,892
1101,2118
1825,1395
4781,1627
796,1482
3346,272
3162,1683
3733,718
4540,2504
4915,1627
2428,2627
4494,816
3804,369
5252,1397
2314,2498
5402,2095
5082,2679
3705,740
2693,2494
40,573
5778,1628
320,2842
210,984
1736,1703
3976,1765
2863,461
1328,188
3833,3177
1849,1580
2625,1047
2289,1098
3335,2900
3670,904
4157,1022
4972,417
1176,3177
2202,1883
3322,1914
5206,2341
5341,1977
919,1831
1554,127
3216,2427
2063,4
3319,862
1061,194
990,1482
1771,2047
2463,877
4784,2059
1217,2427
1900,1703
2013,1580
4382,1490
565,1683
3681,2382
4273,42
5446,1397
3663,1022
4207,1674
1574,1883
1999,369
4397,1017
1835,1658
5837,464
4018,432
792,1093
4211,2547
4799,2717
4561,1613
1491,313
3396,119
4838,201
1350,862
343,2960
4880,3056
4768,371
3825,1730
494,877
5050,1023
4082,43
4975,849
2664,1109
620,2679
2215,3003
2516,2177
3576,2157
3877,1331
2540,319
4804,967
1485,1437
5566,1290
5032,602
5426,721
3337,3080
3956,2563
554,1278
1509,2962
5404,181
4593,905
3528,581
1354,3024
5423,1362
1510,2783
784,2679
5931,1014
5578,1650
4335,2717
3179,777
4822,2835
1778,1258
2755,2701
1184,519
3505,1701
900,760
2465,3127
5481,2656
3977,1696
3662,2624
4909,2430
4998,967
1154,2747
773,1335
3615,1465
1129,2690
623,78
5676,1030
2341,967
3438,1014
5704,2297
1758,2080
3611,1696
3800,1403
5431,2138
1305,822
1910,2851
64,2716
5138,573
5260,2256
5900,896
4303,1465
1042,1351
4822,2030
3693,193
3779,1465
3524,946
2446,2080
5757,968
2322,2953
3354,885
2402,2158
5266,327
1641,1279
3736,2118
2143,177
3192,1496
707,849
5411,681
3747,1718
2288,2029
2153,1804
3357,2472
425,1136
19,448
1678,1696
353,2953
3766,2118
273,2435
4359,188
1986,2980
262,556
2141,639
4608,892
5389,1457
962,967
2183,1804
2596,1219
3308,2179
5008,1765
2088,1917
5820,862
770,1147
4192,2118
1902,249
3101,573
580,1023
5266,461
1959,2
4677,820
255,674
3328,737
1827,1014
1505,963
3908,2709
4627,1642
5023,2396
2471,527
3689,1093
5588,862
3857,677
1302,2297
3131,573
4060,1036
5524,877
5128,877
725,973
5558,461
3343,1395
4468,1770
493,3067
199,2620
190,814
1150,2842
890,259
40,1809
1739,204
2630,2627
1897,1544
4545,677
2012,1302
2807,1765
3887,677
1536,784
3912,2427
1749,1831
5001,139
4276,2889
126,1179
1686,1482
5518,2351
1820,1482
632,758
2753,374
5351,144
521,927
1725,1595
1305,2729
508,1631
2404,1883
5071,1258
919,973
1937,3171
3788,1206
4003,3080
2496,2411
3979,2494
4638,1376
4202,1977
681,2498
2477,1580
1424,327
3552,1868
1062,877
1337,2802
103,1703
1877,272
2042,2591
5719,139
3618,421
3745,2448
5625,2167
2829,1658
1235,1744
2613,313
2450,2012
4096,1335
4144,817
2769,1765
3638,2177
4818,2259
1413,1457
5396,21
370,892
4155,1915
3897,1125
3501,1125
3150,144
3239,1125
4527,740
995,1883
599,1883
871,127
1676,1278
337,1883
5508,3056
3292,1890
1246,2633
564,2047
1135,2802
739,2802
4,892
1382,2679
2182,1042
1944,2382
5827,1496
5887,1547
4715,2080
4727,1151
4906,2614
1697,2690
3863,2803
1177,934
2772,1258
4657,3041
4703,1696
1098,1580
249,2012
2236,1628
2962,42
1051,421
397,1883
786,904
828,2069
2392,3080
5738,1023
5920,2195
3014,2080
1957,119
2793,391
1487,1109
3152,674
4982,1804
3679,376
239,519
4404,1009
2012,1115
1831,2989
2137,63
5334,2636
5600,1035
2429,1403
1902,2640
3261,967
4023,2256
4386,3062
2603,243
5710,2334
2735,2614
2752,2029
362,2962
3474,2953
498,756
4474,3067
3265,2964
3108,2980
71,2382
1743,674
4420,737
5607,1990
3043,1804
3941,2954
3177,1804
2215,3113
551,740
2552,1752
1750,1064
1189,2717
2230,1701
4202,2729
2118,3180
4484,1661
5267,609
1018,2835
4889,2878
3048,3087
2236,957
4985,896
282,700
903,818
3131,1809
5431,2114
5543,2355
5011,1528
4753,738
4791,1030
2724,896
5074,2816
633,2620
1244,330
2462,896
263,1397
2635,824
5861,1883
2638,2815
2531,474
1521,49
1381,1732
4221,1035
1113,1917
2064,2139
4180,445
5314,374
3801,1580
2261,963
4601,2195
1825,3062
147,259
580,1804
4054,2965
4751,2139
5009,677
1084,1337
5123,964
1143,1917
4142,2031
5076,2838
2808,1482
1342,814
1500,1400
2546,1482
4423,738
3229,2478
2741,2889
4078,1457
4164,2729
2686,738
5659,1883
5406,1437
872,1050
4986,851
2298,2319
3796,1744
2688,784
5301,862
5039,862
4643,862
235,614
5106,2838
3356,2411
5555,1910
5642,2818
5048,2079
5518,2782
332,1486
1899,2960
2665,1739
2033,2960
2578,2494
4847,1042
29,896
3861,1765
120,1014
5032,41
1472,1580
3351,2417
4710,744
4,839
1635,820
661,614
1187,2350
3124,2411
70,146
2850,1088
4904,1926
3491,892
4803,1093
1735,2340
1028,2478
1898,1580
2736,2679
4439,816
1927,820
3850,421
2403,749
1210,1179
814,1179
3882,898
4257,21
1238,194
711,677
5623,458
631,2411
2709,2145
4538,421
4290,319
998,892
1264,1765
2938,2382
3136,677
1284,2417
3747,1962
5884,391
5275,1064
4215,1838
4617,1064
4802,63
4986,2624
4795,3056
1003,862
607,862
3166,677
5597,1465
2136,539
4106,740
1874,539
905,677
3129,1926
5861,1696
5465,1696
1492,1376
175,2494
1479,2080
3151,2624
4849,417
772,1437
4581,602
4058,2547
3662,2547
360,180
3431,2614
4405,376
5334,839
3558,1443
2691,2989
4105,1023
4554,849
3337,3137
4030,849
854,1627
5456,2118
4255,967
4952,895
5568,3113
5738,1804
678,647
2348,556
106,421
629,2448
3058,2409
2256,967
4157,1563
4907,2815
1693,2547
2842,1064
5915,1127
2721,2989
4956,1953
5030,2656
4011,2677
1186,272
1848,2835
3514,181
2853,664
4090,1280
2670,957
5827,2411
35,2059
4887,1035
4223,1809
2640,556
5002,1547
4310,2717
676,1109
1130,1279
3117,895
2776,602
3218,1701
4909,2487
2022,2614
2623,2989
3232,818
5228,1486
2788,3056
1248,2439
2473,1732
4412,2620
4181,1933
4681,2256
4397,2497
4223,3098
1659,2158
4019,824
1713,2394
425,1998
5834,2585
756,822
1150,187
107,376
1459,1696
2369,1917
3943,2118
2712,2256
2686,1035
4324,2749
3677,1595
5869,677
506,2717
2624,1096
886,2184
612,3113
4908,2396
5111,1035
1489,1696
2399,1917
965,1696
2305,1501
3607,1014
4551,2509
3345,1014
2741,2031
2017,1973
3230,2195
4520,1883
5640,1914
1871,3087
5437,2494
2663,2498
54,849
188,849
5695,1971
1485,18
4325,1765
4550,1883
2397,2729
2361,820
4415,1658
886,2318
2040,1179
5887,3080
3595,1138
1556,3052
5229,1390
5325,1098
3233,1688
1823,363
3047,1683
2001,2355
2039,2647
748,1014
2352,892
5368,421
2356,1765
3882,2484
2863,815
2844,573
2589,1744
505,2195
2329,127
5794,1926
4328,1258
1986,3171
5107,996
864,3067
1120,2498
5804,1109
889,1030
1295,2472
2040,374
3726,816
2745,1883
2524,194
3662,2494
3266,2494
3392,2633
2734,2633
497,2842
5834,1109
4170,2900
1663,2494
4085,2038
5545,417
60,774
557,1580
2775,1883
1859,1093
62,820
3692,2494
3422,2633
791,2915
3160,2633
4338,2080
5692,63
5783,181
1545,1842
3727,236
3907,1335
2100,374
474,1703
4856,730
4708,2552
1425,2679
3603,1109
3262,816
4910,966
2023,1093
5001,330
5671,1064
2928,2633
4664,910
20,1883
2629,1253
4886,730
5469,556
1193,2679
5243,967
998,1457
1409,991
312,1883
4694,910
3560,2701
1280,1520
2118,2619
2123,519
3964,1064
3683,822
2590,2614
4995,1023
2350,3127
4124,1696
4838,1039
4900,1917
2708,391
5034,1917
1415,2095
3378,1125
5540,1496
2033,1915
472,421
3977,895
1886,2619
632,144
2667,740
3460,376
3964,2353
2959,2080
2224,2614
5259,2385
1902,119
1695,3024
2177,2044
3947,1403
5272,2620
5638,2189
3347,849
3137,1039
5308,1496
2615,2620
550,3121
109,1658
331,2259
5876,1953
5392,820
1302,2167
5815,1677
254,1258
5228,1917
2561,290
899,2716
1501,1064
1981,1701
3118,1147
5031,814
332,2080
2833,1917
732,2953
1226,78
1716,1403
4391,3113
2993,859
1831,602
5258,1917
3798,2195
553,2614
100,2080
1955,1577
3333,146
1235,2419
3071,2620
3833,2189
4705,2118
5438,1703
3789,2082
5413,892
884,849
1999,536
2902,2030
2830,464
2950,758
3712,1081
1764,3113
2812,824
714,1377
1423,376
177,1926
4762,3002
321,2614
2117,1696
2172,1403
5883,225
2077,2297
623,700
707,1337
4814,2411
4124,1964
2964,814
1656,1486
1530,3067
3357,2960
5186,1990
3085,2272
1273,967
1574,895
2467,1701
1018,448
587,1393
4436,1677
3355,820
1605,1147
5323,194
5345,707
20,1696
5596,1457
534,1917
5006,2180
2437,896
1559,2842
1831,1086
2975,1703
3225,188
5705,1400
2910,527
2483,2180
659,1804
2080,1009
5643,899
4361,2792
3941,2206
4424,862
477,1009
5423,374
5808,185
3502,2509
3910,1580
334,2394
563,2
647,639
3727,2627
5208,1883
273,2118
2453,2129
3074,527
1749,1030
3153,820
2506,1009
5364,144
1024,1528
3601,421
3219,127
120,2815
2742,3171
4784,2494
1475,1400
2896,605
4059,1272
1609,1400
4398,738
4570,1222
3594,2633
3967,1683
3678,1580
2229,327
4319,822
5341,318
2101,1081
4950,2382
4037,1109
2977,1883
4450,1278
3111,1883
4288,2448
5248,1258
2452,749
2457,1093
977,527
669,374
5330,2788
13,1009
887,1765
5369,2716
1940,574
536,784
3321,380
118,1964
400,896
3094,374
3785,2177
5805,21
3403,1883
1622,2335
3141,1883
4237,1520
5412,1258
2148,1627
3170,369
1095,374
2917,677
1155,1179
4570,417
4702,2788
2393,677
3654,2633
2200,1036
818,1005
5890,2953
3708,2115
3312,2115
659,194
1269,877
4717,63
1477,1580
4685,1279
626,1185
5674,2547
4862,417
2735,2484
4910,1397
1891,816
2813,862
703,92
3151,2547
1100,2946
4837,2989
955,313
3393,2080
3687,837
5221,885
5351,177
4000,21
1594,421
2714,452
1332,421
4768,1290
3075,1397
588,677
3346,2614
2635,2788
3819,2080
118,2448
3096,1685
1212,1258
4742,1008
843,2889
5395,2327
1522,3177
864,3177
4794,417
5879,1393
2300,2690
89,1868
2007,1125
1160,2946
3653,448
3295,740
313,41
4286,2835
3833,1547
3131,2029
3191,2080
3978,1147
745,637
903,1977
5335,367
3931,1331
4237,849
1977,1074
3243,2620
4432,2256
5423,187
4230,3061
2301,417
3617,2080
551,744
2872,1926
5289,2816
46,986
4540,1008
1880,2080
2119,376
1618,2080
2253,376
5437,1933
4663,849
4621,3067
3857,1917
111,822
4151,674
3922,814
5431,2118
1740,730
5589,1014
3087,952
1927,556
1347,1967
2558,1362
4968,1081
2404,895
5403,1009
3943,2041
3657,1455
2977,1696
3111,1696
143,895
4981,727
3625,1917
220,1115
3699,2620
5595,2118
5857,2118
94,2696
2245,1023
450,1577
3273,1465
385,2121
3929,49
3354,1804
5766,2350
2700,1014
5341,1420
1859,1337
3760,1179
4727,968
3978,2570
472,181
1468,2620
3675,290
2016,1671
1295,1911
2023,398
2556,3113
3069,480
658,536
849,1070
4271,2041
4804,2504
5814,677
258,602
5655,2118
2552,2590
5460,1088
2676,2656
3152,2585
5807,2889
4696,1631
4374,1580
1077,1809
4102,892
5729,2417
5803,2366
1133,2118
4465,1883
1488,1528
4230,2740
3320,75
696,3056
1336,1696
1673,527
5520,738
3899,2411
4986,2494
4666,826
1013,2174
5605,1977
54,556
4004,892
4099,1883
3481,3002
2750,1800
1609,892
4909,934
3766,3171
1001,1009
4074,1072
5514,519
5216,862
3485,677
510,957
702,1127
3789,1842
832,2139
5605,822
1327,2118
1260,896
5007,1627
5286,1042
3388,1683
807,2082
5597,180
2045,1580
5049,2792
4001,1883
5876,1258
1812,820
3421,1042
5940,519
463,737
5642,862
5466,3080
1328,249
2002,1883
4495,139
3629,964
3467,3080
1972,1482
996,2139
1070,2842
2486,1703
5450,1042
1630,964
2471,1580
4947,421
5117,78
1803,892
1813,1580
2381,2818
4322,369
2238,820
5261,1520
502,291
4187,144
5708,519
1723,374
1807,1765
2032,1883
3505,1278
1340,609
2188,2396
4273,2547
5319,2629
788,1035
189,2396
1778,1185
453,1688
1437,892
2218,703
3803,1093
3956,1335
3615,1042
690,877
5886,417
1357,374
5624,417
106,1580
3396,180
1809,1437
3574,452
5537,1926
5933,1926
900,1626
3935,1397
4019,2788
3399,3080
4206,2614
4192,2716
1508,1482
4340,2614
5818,2353
2447,2633
570,933
320,4
5079,2953
3107,2679
5022,2419
3635,2798
4631,319
1217,1683
4529,42
5067,849
2484,421
1656,1730
4660,2188
3078,1345
5220,1064
3964,1926
4397,2717
619,421
4743,910
5892,181
5136,3056
2022,740
1190,395
5684,417
300,1580
38,1580
2452,2953
2266,319
1743,2264
2648,421
2623,2054
3633,227
548,2059
4054,1977
1342,2859
4416,1804
5166,3056
5212,957
909,2977
2824,2717
1635,637
1877,2614
289,1017
3990,1403
4827,1496
4518,926
5638,957
1536,227
3895,1701
2038,1377
3143,376
622,826
3600,63
2397,2249
1325,946
2185,1804
1598,2798
2138,268
5352,2256
5648,1086
3426,849
3030,849
4138,1809
590,2419
3250,3067
3517,967
447,421
5000,1050
2859,967
4736,977
1828,227
3992,2923
2380,740
1984,740
3672,1255
2215,1804
2270,1511
3063,1147
1559,187
3940,1420
4998,573
699,268
273,1557
4330,824
990,417
4120,1014
1645,1809
1430,2409
3305,1030
2183,926
2840,2953
2248,3041
703,2080
2974,1455
680,376
220,391
4607,1482
4355,480
4494,824
750,556
488,556
1675,1809
1594,2409
231,2620
3765,614
5919,2622
2861,1147
3837,3119
4842,194
803,1506
3564,2960
489,1316
5071,1185
652,556
822,967
2004,1876
1523,1014
2404,2749
1041,2960
5150,2417
354,2030
282,464
2904,820
3711,2606
2257,1009
1565,2179
4657,2484
4753,2946
5209,2997
4393,2411
5556,826
3250,2396
1023,849
3979,327
2497,3098
1237,2498
3563,1580
5385,1883
3232,2729
3017,2575
2593,527
2727,527
4771,677
237,290
5430,313
4392,92
5770,2633
3258,1883
2862,1883
2657,3171
5267,2012
2641,194
643,1917
581,1039
100,177
1356,1035
5411,421
5508,539
4603,2382
3820,1744
401,290
3842,1503
3411,2448
3980,2376
2387,435
4467,2494
98,1420
3549,877
2965,1580
126,435
1481,1272
694,892
1475,1457
2660,1883
3474,2396
4176,1914
788,527
1977,163
5003,380
4901,2547
4089,417
5696,2818
4851,740
3665,2341
2882,1703
1199,2498
170,2585
4294,822
574,194
4450,1335
5031,2778
4243,1042
1968,2679
1572,2679
5223,504
3867,2448
3951,3085
5357,1258
5861,2481
2232,1971
2244,1042
4859,227
5239,448
3733,2633
3380,1017
4911,2080
959,2637
5835,2953
208,194
1742,2494
5691,730
1348,877
3325,2249
3063,2249
2748,3177
5129,2158
1373,2627
514,651
3348,2418
4289,986
2625,2023
5445,674
5786,967
1019,3038
4121,2341
5394,2614
3859,2341
2412,1915
3410,1017
2066,1278
285,1730
765,3121
958,318
1011,2396
2594,1397
4094,895
4856,1218
2812,2788
3684,2717
3227,2249
174,2838
2292,1971
2531,267
10,1683
4411,952
5347,2394
4187,1998
162,734
5162,2614
4494,1926
1175,144
3160,1377
3630,2080
3277,2716
5548,1337
3712,1890
2972,2080
3581,3127
4800,885
3705,1850
3307,1023
5267,536
1304,904
3549,556
4110,3067
5070,1685
5562,1393
4125,2409
2344,417
2688,227
5021,480
563,677
4140,2717
4436,1547
301,677
4033,376
4836,700
127,1278
794,21
5154,1009
3471,1804
4892,1009
4243,2815
4964,885
1743,1890
979,740
4685,1470
5850,2964
1137,2080
932,2614
5094,177
70,1683
388,272
4316,849
3804,674
3883,967
220,1627
643,1730
335,1577
5517,1219
4789,480
3908,2717
5857,2041
2978,2029
5580,1009
1670,2701
3105,1804
3882,2435
1933,2522
2661,1009
3688,849
3144,1917
3614,2620
5510,2118
5071,1482
267,1042
170,1109
2085,849
2792,1465
1568,330
1700,2701
2913,2923
1796,2409
3560,290
1593,2080
2353,1014
4371,2195
5527,1883
5861,1005
4387,2139
961,268
2303,146
320,1403
4778,1014
58,1403
1944,967
1383,2620
3339,2923
4393,614
251,2737
1156,2614
2019,737
2721,1009
2528,614
5387,2411
4110,2396
1087,1696
691,1696
4588,2960
5620,892
5799,2355
4338,2031
4577,327
2772,193
3309,2118
1846,967
2413,1014
2547,1014
5145,784
2311,737
3498,1990
3954,2041
1755,290
2759,2590
2432,2195
2151,1953
4343,1035
1335,3087
447,181
1023,1280
3296,1482
2772,1482
4191,1580
816,2118
312,895
1232,1804
5024,1554
4821,2915
1873,1800
5259,108
5393,862
5131,862
2558,2842
3380,964
2387,2960
2722,964
3608,3043
571,193
3291,892
4547,2504
383,896
2623,204
4178,1883
3782,1883
684,1009
3695,194
2053,1744
2703,2792
1925,2498
2379,1914
108,849
3232,2355
327,2842
614,2118
4969,1042
3558,81
2212,461
1990,1580
5807,3080
872,1595
3725,194
1018,1420
2501,1503
2555,1739
5707,2095
5005,2577
3941,1889
1773,1703
3533,374
1936,2633
2614,2319
3667,374
802,1014
3608,3177
5351,181
3976,1883
402,1272
3065,1437
2891,2038
5905,740
2763,2792
4623,2633
1715,1883
2735,744
741,1677
1976,1658
2437,2807
313,2139
1423,1482
397,1086
3347,2439
1748,2181
3300,1869
2890,1971
2012,1473
4543,21
1483,1883
1230,1437
1278,3171
1512,369
2467,2807
5719,1115
1701,1022
538,163
1639,144
2912,417
4870,1547
465,816
2507,2583
561,1278
4403,2835
5819,1696
3117,822
2848,2095
3105,2690
1919,319
5131,1480
5676,1014
738,574
172,1883
4903,1064
495,816
2422,2633
987,1278
5587,1696
5721,1696
1662,2356
4134,2953
2210,3127
1305,806
3846,42
821,2679
4518,849
492,1457
1087,2798
5366,946
600,236
5149,2409
5371,1290
627,1093
5099,602
5481,896
866,1109
3341,1977
3137,3113
2161,2080
5562,2174
5030,3067
2793,78
5076,968
1700,904
4212,2620
5208,895
5679,480
4798,2717
1618,1279
1222,1279
2433,674
1447,1397
5239,1147
5600,372
858,1002
2379,1377
1995,448
3464,2353
5921,952
4126,1506
1345,2783
3508,181
4798,3067
4504,2620
5054,2498
5035,2256
5675,896
3163,146
1206,2624
5418,2960
2713,849
2582,2086
2567,2717
3582,480
2016,2614
199,376
2553,1506
2065,1917
699,2419
4035,2118
248,268
4248,2411
29,904
2804,2256
300,2121
629,899
5764,163
2586,1804
2391,3026
4417,2570
561,2835
3952,2241
3327,2189
1,926
3645,778
1945,2158
3697,968
2385,2430
2096,2327
3474,896
416,1141
4397,3042
992,2240
312,2481
1286,243
4383,892
205,140
3376,738
4909,938
5695,1093
3661,1661
1381,480
1119,480
2855,2729
5030,2396
4768,2396
581,3056
3095,2189
1438,1953
2619,1671
5279,2319
3894,327
5590,1457
2281,363
4225,1595
1556,3113
3371,1683
1234,3062
5885,816
4914,127
2670,2575
1090,839
2012,2575
4156,677
4290,677
3894,677
709,1147
1211,2297
2381,1883
657,2677
760,146
5111,1580
3662,327
4363,374
3426,2679
4811,2227
2934,527
2321,1990
3895,1437
4370,2484
4320,677
1835,784
1482,1420
2411,1883
2586,194
3821,2427
1590,1138
2268,824
2606,2509
3994,1042
4400,2484
334,1219
3971,92
2746,1765
619,1580
3999,2325
4436,3080
5482,2408
3088,2633
1887,1482
3888,2494
5486,837
1755,2494
5800,2690
3050,836
649,1580
563,116
2605,1883
416,820
1689,1093
4344,1397
4500,1910
1857,677
575,2570
5088,2080
4499,1685
5488,2953
1625,327
40,2411
1129,877
4608,1628
813,1580
4588,1915
773,461
3672,1125
5357,376
5572,1496
508,1883
5718,1321
1851,1397
4151,2264
910,2802
5695,556
2506,318
2313,677
4943,2614
404,1883
2797,2187
4010,2409
3748,2409
5221,1804
2151,1258
2361,2788
2991,740
4202,135
3918,376
3976,2798
5117,700
4327,1335
5908,1953
954,2700
5890,3067
2800,391
3939,664
2605,2367
4570,1470
4518,1280
5731,2256
3409,849
4973,2614
1984,744
2839,1258
5268,1219
1849,519
3205,2547
3239,1377
5097,1337
200,144
3686,376
2655,2080
4405,63
5752,2729
2383,1392
2830,391
2202,822
3309,1557
1483,2798
3573,849
4204,2409
4099,895
3892,602
3291,1136
3592,1064
4442,480
3713,78
2245,2747
2931,1732
2002,2989
2399,181
2003,181
2545,1696
4895,2118
731,318
772,319
627,1658
3419,1671
1525,556
1533,417
5824,1800
2656,1685
5001,1009
510,1258
536,227
2067,2044
601,1376
458,2788
3737,1953
561,1977
1878,2522
2251,818
988,2953
1272,268
3245,2430
3572,573
1872,1953
4609,2821
3088,2
5940,820
4005,3057
2952,1804
2556,1804
3243,290
1622,2717
3446,3093
1276,2080
4316,2195
5737,1400
5868,1883
1893,3180
3658,2195
3715,2729
800,1562
5251,194
4931,778
2857,1917
756,2953
2962,1933
622,509
197,2989
3736,573
3197,2739
5432,1703
740,1696
5941,1580
332,181
1882,2240
1286,674
2499,896
5446,820
3557,49
1041,1809
3745,2729
1616,1717
1379,1804
320,1460
4308,2842
5575,1580
5881,2818
1803,2482
2042,778
4334,1030
1906,1671
937,1809
3836,753
2435,480
4907,1831
4803,727
97,1014
4918,677
2115,2195
3636,2570
513,700
5247,2838
5412,1185
2134,1656
1950,3067
3375,1482
4856,738
2717,1482
2364,2118
3889,1703
2159,2652
5005,272
349,2174
4743,272
3730,892
918,2856
4383,1457
761,2118
4780,1093
5914,1022
1072,290
215,3113
492,1701
1206,290
466,480
3210,1765
4556,2139
3967,1744
2262,2780
4909,1503
4305,1739
3610,194
1980,3067
2747,1482
2723,896
1312,127
2881,1482
3958,877
2638,2478
3770,1580
109,1532
536,845
514,2749
3737,127
1720,1800
3203,1883
1727,527
1472,1698
436,614
2459,2139
3173,1482
5394,740
5347,2614
2221,1035
1622,2396
1133,3171
942,193
2124,1102
2917,738
821,2118
5255,1335
5556,509
5454,2484
254,1482
2877,3002
2249,2679
4283,421
4374,539
793,1009
397,1009
2016,1919
3405,677
3845,195
5058,417
2445,1278
2746,452
751,194
2143,2633
942,1482
902,363
5071,63
5078,1042
3064,734
3487,837
1431,892
1441,1580
4306,2633
4700,1998
5425,2439
1347,605
4929,2989
5562,458
5596,42
5200,1008
1406,1185
1552,2700
564,2596
5853,2327
321,2838
2847,1042
4003,730
1888,1868
174,1098
2354,1109
1170,1093
72,821
4850,602
4929,895
512,1093
4645,1136
5560,1701
3662,1376
3911,2080
4697,2989
5240,1696
4331,2639
3991,504
2282,78
1764,3121
4262,967
2010,144
5014,602
4752,602
2307,1828
3057,3080
844,677
4285,1890
4025,2717
4314,376
5334,957
3159,2044
5258,181
1340,2012
180,862
3683,2953
2728,2989
1611,31
1626,2783
4181,1917
4463,849
5079,3067
2276,421
987,1335
1749,904
3863,2547
4613,1547
5340,2815
2793,1290
5861,1009
1048,1207
778,1346
4706,957
2598,822
165,1119
3460,63
2083,376
5596,1465
472,1047
2841,957
3665,2158
4389,2189
5852,896
5194,896
1474,268
4189,1377
3323,2394
4937,2960
372,816
1982,674
4738,1030
4160,824
3354,926
1478,2080
4969,2656
3465,1696
3133,957
557,946
2121,1957
1023,2439
3234,1009
3599,1696
3929,110
3659,249
2506,78
4113,1917
5445,2585
5827,435
4264,2086
1504,268
2183,556
5426,1030
3725,1219
5659,1009
3157,1701
1612,740
3131,480
588,417
1505,1809
3475,290
3957,64
4346,1337
3495,1696
3526,1009
4751,2554
582,602
2082,100
3343,1302
5879,194
3732,885
812,1064
3363,2708
1630,1696
43,2953
2300,2430
89,1608
2090,2620
618,417
2280,2717
4630,2385
4172,753
1323,1926
311,674
4896,2504
1176,1876
1811,926
2207,926
2248,927
2597,1081
3327,957
4302,1765
902,1115
570,376
2853,1266
3689,784
593,2989
3072,3067
2676,3067
4223,2411
3961,2411
5716,738
191,730
3151,327
4763,820
4926,2504
3720,1009
3059,738
3131,614
1331,824
5813,1021
2647,2487
885,2989
3846,2811
1032,1696
1459,1009
3155,2139
5870,2494
4378,605
3741,1482
1991,1809
2443,2842
1335,2636
5053,1683
1328,1465
1772,193
233,2430
3428,204
4770,836
1700,290
1982,942
4325,1883
2453,527
4063,1883
2301,2385
1489,1009
2421,989
1397,1420
2591,1400
3783,2997
3771,1482
2934,1739
2710,2031
1311,2585
4974,2679
3639,2494
686,1035
2286,1703
5512,1042
5665,2038
873,3113
1230,2596
2221,527
3107,2606
3513,1042
545,49
2356,1883
5007,2977
2063,2570
3009,2448
3983,964
452,989
4643,2700
3154,2802
1908,188
2429,826
1656,2596
1022,738
5136,539
1815,374
5552,417
302,1580
2263,2227
3474,2376
5069,2700
3699,2494
10,1179
1711,2653
2647,877
3922,1977
5527,2989
2922,2802
5871,1109
2593,1580
3687,390
1304,2494
4647,2418
3356,2505
3633,1093
5892,1397
2268,1231
1855,2782
757,820
3074,2792
4163,1258
1821,3171
1936,677
3197,2633
5272,376
227,1005
4660,2249
3343,1115
1206,2494
4057,458
1082,738
5457,2758
5746,417
352,892
2063,610
2947,2054
263,820
4057,1397
5884,1290
1536,1093
3521,3080
3485,417
5147,2717
5698,376
5815,372
3373,1115
3791,1628
3816,2624
526,1580
968,2679
3857,181
2895,1490
1878,2900
773,1457
4173,417
3123,1125
5019,1377
2801,1828
1743,231
1464,816
5070,376
5211,1547
2040,1915
4569,2080
109,1642
221,1883
4364,2614
190,318
2143,1104
2096,1258
2939,2701
4770,1804
4508,1804
3852,187
2966,2080
5353,849
5284,2964
2056,2798
2420,42
1311,1109
2161,1279
145,144
4157,2112
4931,1506
1653,1977
2076,2080
2279,2439
4094,1009
2738,2953
486,1376
1489,822
1341,1109
4219,896
4568,1804
991,730
2315,2
5861,2729
828,3183
1982,2044
2150,1628
5632,2842
503,2080
5766,2842
916,2249
1531,2522
3170,674
625,730
5045,49
205,144
4212,1014
3976,2989
1075,966
4812,1009
4557,2180
949,2547
3846,664
1702,1064
5850,2139
2124,1696
2917,1332
1193,2126
5083,2411
4035,2256
1378,1125
1161,2588
3377,2256
4504,1014
3638,2031
4617,137
5460,1580
1211,1362
1290,2409
1646,1290
1116,2256
2448,480
1374,602
2334,2630
405,740
9,740
5835,2396
632,1685
5330,194
4114,2118
4981,1703
485,1608
210,1403
954,2086
4085,2319
1749,1014
5185,1883
928,1804
2745,1009
2235,1661
1118,1147
2849,3052
5230,313
1995,1420
1004,1799
2769,814
5916,1580
79,1455
5248,892
3159,999
917,110
4637,738
121,2620
2437,1014
430,1685
4561,1093
309,2856
2775,1009
3160,820
4299,1093
987,290
276,464
1437,1250
2683,1420
2108,3175
5069,2997
1459,2729
1471,1800
2293,2174
2883,3171
3958,1739
4791,2494
547,2620
2156,2842
2796,1482
1980,896
669,1297
3260,2340
3017,892
3779,461
4302,236
2884,1302
444,2118
3940,3038
4141,1042
283,480
1489,2729
2984,1883
3380,1883
2722,1883
5389,1258
2097,1831
3631,2633
3903,877
1275,2396
874,2052
3453,1580
1727,1739
78,2118
4973,2484
683,1703
5437,144
3751,2176
234,187
4752,41
1192,1580
3410,1883
1653,2729
5676,160
920,892
4168,744
663,1990
2232,1093
2681,3171
4527,862
1545,163
5086,2546
2099,1503
1087,1005
772,1933
4392,637
5235,2080
5648,2249
1305,2396
1795,2031
2724,2494
461,1482
2462,2494
5700,1658
1672,877
1685,2802
2282,806
1356,1580
2949,2023
5187,1258
4855,519
2673,435
2566,1504
23,2195
1819,523
917,1883
5836,2835
4714,1977
2358,2494
4617,2044
393,193
5665,509
5121,1577
1922,2341
4018,180
1499,1457
5575,966
2688,1093
1153,820
72,1683
3855,2633
2209,277
3725,308
5472,1403
1349,2802
2543,2782
3343,391
5748,2964
3852,268
5820,2086
137,738
2475,1335
5706,2738
4801,417
1640,1473
609,3177
3159,1967
4539,417
1373,1883
4002,966
5913,1496
791,2659
2183,934
450,2366
2002,2054
2986,1258
5634,2835
5336,926
5484,824
1285,2413
5922,269
2049,1119
5447,1696
1383,1258
5032,700
3483,2249
3113,1218
5437,1917
29,2494
4244,849
2218,524
3431,1500
640,1335
4599,259
5079,896
5139,1701
2252,1828
4132,1547
3624,2080
3245,1495
1831,1017
2677,1977
4953,1696
1859,32
3968,3021
1602,376
2717,63
2732,2815
3184,2158
651,1093
1516,2295
4924,1116
4836,2989
4975,1081
3610,1219
4797,2472
5705,2620
839,740
4626,146
5861,127
4156,1917
933,2095
2082,3056
217,2679
3832,1039
2144,1490
5855,2564
4045,2086
1474,2419
5864,2118
4944,2118
3943,1809
2148,2363
3664,2394
5307,480
1183,2620
5223,2472
1441,966
3652,290
4471,1147
2330,1064
3538,942
869,740
3947,1147
1903,2717
2605,2989
5439,784
5482,1420
2816,957
1504,2419
2707,1953
3791,2327
1498,1850
345,181
1663,1917
4177,1050
3816,290
1537,2717
4562,1800
3312,1696
4088,1917
1163,1752
2947,1009
194,1890
2871,1953
5357,1482
4044,1056
4584,2498
5859,188
2292,556
4418,2960
1094,3086
5450,892
3401,2118
118,2245
2711,1671
3535,2118
4896,1272
981,2620
67,2465
1278,2614
4714,2729
1295,2029
5450,1831
3635,1009
5555,1093
439,1290
2748,957
2142,1147
1407,1681
2319,2729
2243,1953
1190,700
1343,1696
725,2815
2879,851
5876,892
922,885
2200,2256
402,849
5840,2366
2110,1050
652,243
509,2409
404,895
3007,1009
4277,1765
5056,1503
1749,290
3844,1883
5394,744
1404,1009
2097,973
4134,2396
5194,2376
5881,862
1856,352
791,28
2650,2842
3037,1036
3924,307
2715,204
2844,614
5521,677
5051,2448
5056,2792
457,2195
4471,826
1858,933
3675,892
2340,707
466,968
3964,2715
968,2118
5920,2264
553,2842
2962,461
5195,1042
644,2960
5098,1109
4038,1883
3642,1883
3389,1437
1596,374
3117,749
4194,144
3948,677
3557,1021
5463,2927
826,1661
3201,2325
3404,964
565,573
771,2139
1473,2411
4386,1253
1132,2118
1223,1482
2696,877
533,1035
4239,1765
1568,204
263,393
1701,3177
4271,899
255,2195
5055,2701
5082,1114
1515,1482
5936,1403
3434,2095
997,738
3652,1042
1657,784
817,3022
5870,2
2752,2448
1940,318
3910,519
5868,895
2232,1658
1485,677
1089,677
3739,637
4162,740
557,816
4058,2080
734,2206
3659,119
3447,1926
5596,2624
3994,2095
1351,862
432,2807
1027,738
889,2494
233,877
5104,849
2077,2659
2691,78
1866,1658
5092,2717
4192,740
2404,21
2,1883
4068,1613
3029,1012
919,2494
599,826
745,2341
75,1580
4479,2086
4181,177
2057,448
1926,1685
4173,474
3075,202
3503,1403
4374,2450
4458,3087
1135,2095
1591,2900
5828,1014
2840,1998
2649,2430
1099,1125
703,1125
4261,2923
5949,28
4250,290
1961,2029
3874,1696
2062,391
5682,3067
1191,1064
2077,3143
1965,458
5767,896
4148,952
5631,1035
632,319
2896,967
52,1730
5876,839
1267,1998
4465,1009
5202,2965
3547,146
4489,814
5735,984
1540,63
5399,1035
2875,1968
1715,818
2391,3087
4175,3098
3670,896
4310,290
4100,480
2289,2029
4,1258
1513,310
5083,1179
4098,784
552,2029
5199,573
4297,1933
1570,63
2979,1917
4291,2118
2534,2964
2957,3067
3456,2256
2798,2256
1889,193
1618,3113
2186,187
50,448
63,3127
1971,1696
5223,4
3645,3067
4193,2118
2419,1297
882,1917
4156,738
4290,738
3932,1030
4243,892
1798,2118
5005,2935
619,2446
2295,480
1372,963
3712,2195
3111,2729
215,1804
3923,163
244,290
4826,2411
414,2953
3000,1400
5672,1119
761,1748
4071,2478
5203,1580
3097,2272
220,3087
4535,892
3924,738
2224,2118
4455,374
3588,2509
38,572
993,2256
2942,1580
5160,1883
36,1465
4636,1883
5159,1658
5073,194
5411,2633
1676,973
1729,2297
1899,2708
1969,1195
2528,435
4078,2494
4217,2838
3816,2494
1655,1035
2083,1482
4633,272
1057,1086
2010,445
5031,318
2794,527
1481,101
94,480
3063,1883
5334,1258
2405,1883
3525,1914
5072,1258
5738,1873
4624,2788
4118,738
2497,2411
5150,2080
2526,897
2493,1703
3941,287
419,2118
102,2411
5615,1658
3046,374
5137,313
3093,1883
469,892
3812,816
4862,108
197,204
3908,1278
4002,2633
4788,2788
37,2174
835,1400
854,2396
1647,1278
2325,964
3708,3095
2839,1185
800,3099
4666,2798
4032,940
2898,1765
893,2509
633,892
3152,369
5920,2240
1231,2504
2559,2484
2917,2946
613,1179
2113,677
3508,2633
485,1933
2460,2478
1295,984
2871,1258
3346,2305
703,1072
355,2052
4574,1115
1583,862
4310,1042
4437,63
5258,966
1770,1627
4716,417
3752,899
4194,1998
4978,2080
5169,2614
1509,539
1875,862
144,677
1333,313
5555,1337
2082,1340
5048,1506
1937,2679
103,272
3931,433
3356,2188
5216,2029
794,1883
3464,967
921,1658
5074,633
2751,2788
177,1914
1197,21
839,313
2960,3127
6,1278
5548,1455
2529,1628
1520,647
4479,1362
3324,556
4914,1290
323,1335
2253,417
644,1915
3412,376
5294,1696
4676,2815
4929,1009
3251,458
5625,2964
4541,146
5199,1809
1544,78
4049,3067
4180,140
3364,2964
4658,896
5566,290
5607,291
177,1109
4485,187
2933,1465
998,1258
4026,3056
5093,1009
1526,1377
4468,957
5681,1179
228,2737
2723,1628
4378,2195
4309,146
754,2029
1647,2835
5229,1809
5525,639
2259,181
5626,2411
1921,1125
3225,1465
2132,1537
1519,556
5801,2385
2451,1290
4452,3056
4667,204
314,417
2215,259
3044,1804
4861,1009
5711,1179
2871,2815
1019,2835
2420,664
3607,1917
4505,3067
4109,3067
1074,290
5023,778
4797,435
5668,1482
5739,194
2044,1316
3291,2620
4108,2842
2666,1070
4271,2082
5556,2180
3732,1804
1292,2620
1240,2430
1512,674
1863,2409
743,2378
5018,784
2497,480
425,2
3935,820
5024,1538
1335,977
5,1136
2630,1009
498,480
5424,2411
5436,1482
4484,1035
5079,2376
3303,2980
4918,738
1265,2086
2755,896
1872,2498
1158,1465
5758,1883
1763,1050
35,1136
845,187
583,187
2921,784
399,1009
2622,1656
2042,3067
4222,3078
1789,2621
2095,2139
1324,572
4020,877
3570,1580
786,896
3833,1990
5698,677
221,895
5833,313
2032,2729
4981,1036
1760,2041
5430,862
438,2815
2986,778
4973,2838
4753,2340
3223,2411
2839,1482
2961,2411
3357,2411
5657,272
4258,1580
4285,1683
1391,639
1328,290
2381,2509
3295,1883
5566,1258
1196,1302
5132,2494
230,957
5882,740
1976,1642
1692,1883
3942,2633
48,2606
3119,2596
992,2411
1226,363
3540,374
186,1035
547,1014
4241,421
4838,2397
3721,1883
835,892
1226,1302
5362,862
3677,1022
3023,2484
2973,677
5808,2080
1077,2118
2639,2494
510,1482
3977,1664
3760,3127
1783,2509
3087,2095
3904,2125
1662,1990
2068,426
3895,319
311,1272
1696,820
3907,144
4303,144
722,614
539,1661
2562,934
4119,966
5488,1701
1004,677
307,1503
5224,1628
1931,313
5778,2214
5310,648
2147,877
1500,1258
1598,2355
1266,862
2026,2802
4724,1490
4569,421
3211,1730
737,1272
205,445
1414,3177
5344,417
5021,895
5007,997
5425,756
4369,740
5914,1701
4057,1377
5220,2044
2935,519
5626,480
436,2448
732,1278
5675,2624
3923,1562
4081,458
3365,1042
3850,2023
3182,1335
1444,3177
3256,2038
1578,3177
3467,2450
2044,2418
5645,880
237,1457
450,2504
4710,602
773,1437
5598,310
5420,1701
4379,2717
550,3085
3513,1290
5527,1009
1221,1977
2005,2059
28,3161
267,1457
2557,1074
2266,144
2066,1022
3659,1465
2308,2999
300,816
501,2038
4255,1496
2925,2409
3300,1532
659,934
5,144
4597,2953
5194,957
5743,1953
4485,268
156,313
2198,2080
4133,1506
4773,146
3844,1403
3661,2450
4719,849
2830,78
228,2818
1274,2900
4824,1804
3547,69
4841,1219
35,144
3135,1064
4974,28
3410,2989
2050,2717
4230,2728
1716,1151
1547,2096
4071,1917
1196,1115
5880,480
2132,1968
3992,1809
4062,1050
1911,279
942,417
4359,290
1888,2547
5625,2590
3899,2749
5432,2195
1330,1465
5891,2709
344,2188
2171,2835
5576,1385
1226,1115
5943,2118
917,2989
3069,952
820,3056
656,181
1974,1917
1690,2158
4340,2118
580,1125
4415,1703
1416,1397
72,1850
707,146
4093,1460
4390,892
3896,357
439,2583
1903,172
1941,464
3075,393
1345,2096
5870,677
3860,1831
2998,146
3846,1933
3908,2811
4978,1035
2266,1917
5387,2960
5003,2031
5798,2494
3974,2118
364,1850
787,1953
1981,1933
5251,820
4270,1887
3991,2472
3550,1009
1211,187
5449,2498
4805,2396
4578,3171
1324,64
5082,984
1916,1696
1551,1009
978,1147
329,2953
4083,2411
1877,2118
1187,1671
932,2842
3542,1683
5739,1109
937,1496
5537,1914
4155,1883
3933,3002
4969,2396
1419,2179
1008,1147
1319,1009
4308,435
4065,677
4940,877
2815,573
5765,236
682,573
706,967
1645,2118
1308,1035
1970,188
2013,824
2887,1580
2954,2802
2615,892
4225,3002
4638,2417
3134,1457
4323,1093
262,926
3883,2484
3563,816
1087,2729
3248,1744
4984,21
5300,2509
1065,2189
2278,2411
1882,2411
1796,193
4960,2818
4505,3177
3340,1683
16,1809
5933,1109
1206,327
3231,2679
5003,421
467,927
2244,3177
5778,417
2612,1883
2350,1883
3131,2448
3470,1914
2065,2653
3180,2340
2685,1580
954,1395
5426,904
5429,421
3395,2679
1911,3125
3060,1642
4782,21
2380,1883
4651,1258
4637,3080
622,814
3819,2044
3908,1335
2042,3177
4181,181
1206,461
1426,2679
3112,3121
2671,1658
2962,144
3354,934
1289,1627
3839,417
5047,2547
1361,1503
886,2176
4590,2079
3788,637
3220,1119
439,2396
5236,2419
5418,1147
5738,1125
5624,1023
880,826
3017,201
4674,1403
2175,1612
4727,448
4980,2614
4997,2029
5692,376
91,3002
2942,966
3988,1048
5196,926
4270,1700
92,194
3844,2989
2077,3147
1172,826
5855,2999
4514,1279
3771,417
4303,1998
1393,421
3798,2240
4856,1393
4106,895
1246,1125
2562,2788
253,677
459,2997
4449,480
4108,187
615,1258
2564,2080
4145,1008
2157,1921
3752,2245
390,2079
734,1889
647,2644
886,2660
2878,2620
2616,2620
5190,1804
4794,1804
28,1848
3202,2717
3336,2717
3095,376
3491,376
3632,1547
4944,1748
4581,1696
4075,3056
2566,1752
465,2788
5045,110
5556,814
1879,822
3851,1850
2691,700
595,2080
2410,458
4063,952
2253,474
4414,243
5117,363
2949,177
3439,2256
5721,2729
1167,966
50,452
779,2547
474,1911
1283,2080
998,376
1448,3056
5383,1394
1756,957
4712,435
5870,758
276,391
472,2023
1150,2086
2244,896
2688,2630
4885,1302
2674,480
2417,824
5,1998
2233,2989
5247,1883
450,2614
393,2080
1823,839
2986,1506
1360,2835
5893,2031
5707,2807
5311,363
5865,1703
3667,1086
5582,1580
3505,758
3300,1292
5483,820
2233,895
2212,18
3036,1219
4915,1302
1372,2256
1165,2717
2837,1009
1964,855
5119,1482
5800,877
493,1506
1025,3087
3760,122
1299,3067
2767,2118
4205,738
1760,1964
1108,1809
5127,784
4390,1457
5045,1883
5919,195
5217,677
3455,1179
4000,2965
5901,2807
5371,363
1947,2729
1680,2385
3336,2396
3372,363
844,1332
4836,204
3545,291
5916,836
3243,892
5471,1883
2026,3180
5035,2484
899,480
952,1804
4293,1093
3223,1179
4723,677
4851,862
2017,3067
5797,740
298,1953
3159,605
5861,1664
3567,3059
2365,1683
4300,1109
4436,2690
1077,2041
5148,452
3150,677
2453,1503
2754,677
3067,2894
2203,574
66,1953
1511,1744
3887,2633
5169,740
1650,2842
2796,1088
955,1297
4974,272
5643,1562
101,2139
2554,2494
966,897
1823,1457
4068,1109
4935,1448
5461,740
894,1179
1990,816
1405,1883
3917,2633
5450,2079
2912,108
2215,934
2201,1036
1165,2396
5117,1115
4951,1577
4677,816
1700,461
1468,892
1072,892
4231,2419
4088,421
3692,421
810,892
5705,1258
2518,1093
5840,2614
5857,2029
5263,1290
3728,1017
4198,966
1283,2243
1102,3171
5892,2023
1083,677
5200,187
5618,700
425,677
2742,2679
2545,822
3369,2023
420,1272
67,1908
93,877
2405,2505
2746,2798
2780,2382
3420,1022
4105,1125
2914,2382
4723,6
5289,417
627,784
3022,1915
4966,895
5427,1290
3152,1207
4704,895
5886,1804
1464,1658
717,677
4903,2044
4915,1115
5648,700
2225,1756
1475,1258
62,1914
1609,1258
4637,3056
5079,957
4108,268
188,1272
2786,1042
3882,679
5655,2029
3403,452
3103,160
5130,895
4868,895
4720,2717
3508,1377
3990,1151
5812,700
2800,1290
319,2859
744,1345
809,2494
1072,1376
2266,1356
2236,201
2175,2177
807,2798
886,3091
3983,330
1237,1628
5160,895
3805,967
4712,1671
3991,1911
5770,824
3342,1465
3803,2614
5162,187
62,1109
2512,2701
5898,1009
679,519
1957,1136
1093,2788
3319,700
2032,2249
538,1977
5651,1482
3608,1742
762,2624
2460,417
5046,2082
4724,2031
362,2690
2376,2409
1965,1377
2667,895
3272,480
4182,1455
1189,2095
903,1701
5187,193
5414,1138
5553,1482
2658,967
300,3101
3908,290
3359,1014
5224,1953
2261,1496
93,556
2321,1547
4344,820
1006,1048
3697,1009
3767,1748
2014,1804
3404,1696
174,895
224,1012
671,1701
1882,1850
3845,2570
3895,1933
1405,1696
5142,1739
837,2178
3017,2189
2426,967
2658,2256
2818,259
1572,1809
1537,1973
1897,64
1544,700
929,3056
4643,1395
305,2640
2456,967
4524,1703
1877,2980
4113,1580
630,895
5845,677
1898,824
4224,2350
5313,816
5711,862
5747,519
800,2245
3661,897
5251,877
4022,122
312,2656
1499,1465
3737,892
1426,2118
2066,758
4702,820
5915,1042
773,18
1014,3113
2368,1096
2605,2729
2228,527
5020,2792
5765,1448
5741,862
5345,862
937,614
42,2953
1188,1953
2628,1400
4290,2946
5014,2977
5675,2494
241,1850
1634,3171
4352,3043
2014,194
3266,2596
1315,193
2230,758
2894,738
4479,374
225,2256
2164,892
5111,816
882,2031
4421,369
4273,1437
5336,934
2278,1179
1859,1195
1798,3171
1961,2411
3377,1272
460,968
1303,2411
2516,2633
3999,272
685,1086
4847,2059
1497,964
4777,539
1852,374
797,738
4293,1658
3355,1109
5534,895
1943,677
893,2139
5413,376
5591,648
2459,1883
2354,369
5931,2409
2978,2448
2966,1125
4468,1258
1221,1042
4516,740
1973,677
5300,822
4207,2614
1189,2258
4546,2080
607,590
3697,822
3636,2798
3932,1628
3975,2264
425,2047
721,877
5251,556
2849,2418
3392,1125
4818,674
5473,376
1355,3085
882,421
4314,2080
4818,1613
100,2637
5764,2245
5548,146
4223,1403
743,2679
2384,904
4710,740
3686,417
28,1421
4267,1860
1822,3086
3372,2701
5789,1147
3087,2717
5334,1506
3991,1403
2371,268
1053,2504
2853,42
5585,2256
817,1473
1610,1109
5572,2960
778,956
5105,1804
3033,2080
3282,1064
3691,2989
3295,2989
4646,1455
298,1258
4758,1696
3069,956
5589,1035
289,391
5822,1014
3511,2240
3518,967
3884,1290
3777,3113
2989,1377
2013,2788
3823,1014
98,42
1223,417
3281,2717
3721,2989
2217,2029
3812,2353
3416,2353
4736,1506
1470,1048
66,1258
647,2701
2543,2953
4778,1917
1581,1064
5514,2739
2131,1696
491,3127
2265,1696
1857,181
2194,2984
2359,1331
4401,3098
4855,824
4958,1703
2626,2614
721,556
812,674
4241,372
2219,1701
3356,1147
3302,1850
5857,984
103,2614
1104,2953
1859,2297
900,679
2890,2256
3869,2082
4163,839
699,2086
1800,1875
1843,259
1287,2256
208,2788
3378,2195
2325,1696
2356,1009
5367,194
310,1752
1951,3175
2389,2620
2420,1933
3060,573
5868,1119
5849,877
1048,146
1122,849
2242,880
3565,2960
5399,1580
4736,1990
5087,527
1596,1671
2392,824
360,1465
5222,1883
315,2
4143,1661
5356,1883
4960,1883
5941,816
4268,609
2520,1009
837,1804
3003,1917
3820,2139
1390,1953
5483,877
839,1850
608,1917
4467,2889
2395,2411
2450,2118
1481,2256
1085,2256
1508,3113
2935,820
3532,2796
762,290
896,290
209,1804
2900,1765
5039,1021
876,3021
3020,369
1034,1917
4356,964
772,1917
2620,435
3083,2411
4970,2355
2163,2411
2793,363
2218,2118
2242,1014
2965,820
5372,1022
1991,614
4203,2038
2143,1385
4314,1088
5570,2700
5883,945
2650,435
5084,740
2601,1482
3377,1703
730,2980
4627,272
249,2118
3931,10
3354,938
1981,461
4620,986
3861,180
5814,966
4043,1914
817,2575
886,2180
2136,1503
3588,21
2175,677
5463,2614
2340,744
662,1883
2875,1842
5557,2249
3752,2115
2499,2494
1198,173
370,1482
4506,1042
2319,806
1460,2802
2222,3125
2924,391
3607,421
2953,1883
4003,421
3345,421
5224,1258
3832,539
1853,2504
1125,1765
4764,519
1350,1883
1355,2227
5587,2249
953,1658
5462,268
123,2894
4896,1577
4,1482
2600,2145
3637,421
3886,1125
1465,1991
3244,1658
2361,816
2682,3086
5550,2717
5705,376
4812,1290
2399,519
2679,2788
2877,1083
4102,376
5301,700
4886,458
3418,3127
364,862
847,1770
5422,2158
869,1529
1010,2700
3524,1833
4838,417
4658,2701
4945,1977
3868,330
2625,1397
2747,3080
400,677
5534,2749
4904,2353
1977,2115
2047,602
1040,2700
5524,1280
4490,1023
5816,2620
1609,376
2063,2798
2829,1577
4480,1244
3815,2547
2581,1448
4878,1290
4508,259
4348,3010
4551,895
915,1658
5337,1804
5733,1804
2083,417
3661,2080
2341,2927
1188,1258
4990,1696
664,1258
728,519
4396,957
2859,1577
5174,470
2863,2450
5024,1465
786,1628
1032,903
880,509
5806,188
4479,3062
5396,290
3765,2029
1090,1258
3659,290
1902,1136
5930,1917
926,2547
4995,885
1108,2029
4561,2313
4433,3067
5446,3
3877,2620
5334,1482
3615,2620
5072,1482
2140,146
307,2690
5037,737
5823,892
1781,967
4379,737
5215,1009
2307,259
4953,1009
2009,602
2498,1547
5476,784
1856,2080
3984,1147
116,2341
1437,376
4095,1917
60,2409
5299,2585
5748,2411
5068,2652
3608,2738
1154,2158
2138,1362
947,2619
1819,2548
2806,2989
1271,464
5598,3002
2819,942
3017,957
5337,194
2703,2487
4636,1086
5333,1014
1206,1917
3109,896
1357,2086
2365,2842
4290,1580
4453,820
120,2409
495,1532
3410,1009
5765,1021
1360,290
5942,2411
300,1064
780,1701
3333,8
3078,1179
2615,1677
4504,758
887,1009
2530,3067
207,1250
5560,2494
2115,573
2944,2118
5833,374
2345,1035
1297,880
2347,1081
666,259
313,895
1786,290
784,480
5266,677
4411,1883
3753,1883
38,2353
5260,862
4528,2633
183,1953
5498,2905
79,849
1963,2030
2506,737
1976,1703
2277,877
5558,677
640,327
846,2647
858,1718
3743,2484
584,957
5162,862
2851,2842
3095,1482
3491,1482
2479,984
5517,272
3495,2355
1480,2411
2531,2837
2175,758
5193,1114
2701,2494
3990,82
5299,2264
3200,1683
3633,784
1628,1528
1232,1528
3558,610
3812,1658
5290,1397
5770,2788
1019,1420
1814,1883
2872,1036
3025,1278
1490,1005
1132,1297
1989,194
2993,2494
4765,236
4340,2716
2199,2633
2872,1975
932,862
4239,1883
4645,319
5400,1915
2900,236
1585,2181
4529,144
5272,417
4957,1345
3491,677
3885,42
5280,1998
1458,127
185,820
3490,452
1685,318
4383,1258
3357,862
4953,822
2763,877
1091,1272
414,1030
646,2319
1713,272
3968,3086
186,1580
2942,2690
366,2679
2923,2448
5129,674
5256,2701
3320,2084
3358,2376
4249,2547
2531,877
2751,2341
3940,1977
3111,2095
4327,144
5196,556
505,1683
5456,2358
3911,1397
3849,519
5015,895
1424,677
1596,1915
4605,2717
5092,2835
5045,2989
5398,2353
3574,1977
2540,966
4912,1147
1734,2788
3542,187
5097,146
3352,63
5487,2583
5530,967
822,2679
2398,2953
1125,236
5703,895
2566,2537
2843,1125
2447,1125
3235,417
867,1109
3905,1151
4096,1685
1406,3080
3971,458
5440,2363
4411,1696
4791,1917
4529,1917
1941,391
320,2818
5530,2256
801,647
5092,2030
2212,2547
1726,1341
1853,2614
1796,2080
2192,2080
3025,2835
3823,2815
2405,3127
5158,556
2458,2953
4297,1917
4849,2430
5322,2842
4243,2620
3030,146
1784,1696
2091,2378
145,319
2726,674
4264,464
3345,2409
4684,1804
91,1022
1684,1465
3941,942
5419,681
4856,1507
1568,1290
3569,3056
2065,2096
1702,2044
277,1377
4327,1917
1034,1356
5468,573
1667,2989
1596,305
980,2059
2724,1917
1223,474
5870,738
5672,753
2805,2256
3779,18
3784,1116
4271,480
1714,1465
5215,2729
2199,2
3525,2353
734,2942
1550,2939
5263,2396
70,3127
1338,3056
1916,818
1515,474
2358,1917
2230,1917
3302,968
5430,2509
2429,814
434,556
5343,820
1967,2
2447,1393
3293,101
4432,374
5335,1868
4561,784
889,1136
1988,290
21,2080
5427,2396
1325,1666
2008,1696
1743,2179
4788,194
2081,2174
3540,1671
3893,1035
2987,933
5210,1580
96,1850
1977,1070
1863,2
4686,1580
5457,1457
2647,1804
372,967
2960,49
2332,480
1497,3062
1865,1014
1808,480
4905,1883
901,1496
648,1804
2148,1302
1511,2179
5883,518
4601,2411
232,1337
1983,2174
5112,1580
1449,2240
4310,892
2261,2118
29,1917
3823,2494
4219,2494
634,2256
1587,3113
5778,2572
955,2082
5855,2792
4055,3002
1837,1009
106,824
1971,1009
4187,677
2232,784
3075,2227
2946,127
3503,984
3613,590
37,2158
4235,2596
164,1179
1200,573
4011,3080
3321,2633
5148,82
1691,3062
2737,892
5099,1883
5880,2448
3306,820
2707,2181
28,1291
4111,1971
2748,1990
2791,374
5315,195
5764,21
4731,144
882,1580
4847,1258
1708,2827
2558,2997
4344,637
5106,960
5338,2249
2132,1842
936,1035
2550,2355
5511,2177
1328,327
2548,1528
4277,2798
5256,904
5605,2778
1308,1580
129,188
4838,2084
5593,674
1238,2504
4545,519
2566,2484
5059,740
2516,677
3739,2341
3515,2633
3119,2633
5299,1890
221,127
4075,755
4106,822
4415,1577
5583,2588
2653,2079
2589,374
3130,2418
408,892
2343,318
2116,1093
5089,740
3072,2413
5438,2614
5119,2080
1356,816
375,1883
1848,1278
4469,1971
2619,374
5451,1506
1294,877
1106,1580
3,964
2769,318
367,2180
3307,1125
4210,2619
5757,2717
3957,2927
2123,1109
5495,2717
667,1883
801,1883
405,1883
1040,179
1650,862
4537,1701
4850,700
3446,910
4239,2798
5271,1696
3101,3127
2270,755
1712,2679
3940,664
3721,2054
2914,268
536,272
2899,2619
934,318
1641,934
1314,539
987,144
479,3121
345,677
4567,1701
1850,519
3118,448
5014,700
3610,910
4752,700
4960,1403
5039,1696
1780,2409
2869,3127
3203,2249
4497,181
3206,268
1179,1253
828,272
5468,1809
1070,2249
5213,2980
5023,2856
1974,181
4407,2358
5544,1804
1902,1998
2105,637
4364,187
305,847
2022,602
461,3080
3482,2953
1388,2716
1689,1890
1654,1115
3018,1506
334,272
4217,1830
1834,1490
2083,474
1940,2640
1747,2999
1279,679
4264,895
4997,480
2115,951
1617,674
3148,1737
1434,967
3342,290
9,862
2657,187
193,417
3899,1147
2658,3041
1156,2716
4648,2174
331,2044
430,2023
158,1335
3337,2548
4538,1255
1635,849
3992,1496
2507,778
2295,895
1593,1377
2088,1356
2905,824
773,2547
4106,2729
1227,2717
5490,2052
2527,1403
1216,1804
2637,1009
2012,957
2115,146
1545,2245
3369,177
1927,849
4370,2960
4965,137
4022,1496
5264,204
3192,480
301,1397
622,1977
954,464
431,2409
391,1290
64,895
5463,2484
1707,2953
3546,1917
5413,677
275,1115
5211,1482
4125,1035
5584,532
2311,3067
5566,892
1285,1917
2305,778
4201,1030
835,2620
1200,1809
3318,188
4172,2729
1302,3025
3093,1009
5142,1503
5241,1482
2672,198
2472,1830
3690,2396
1090,1799
919,1917
3230,2411
5074,1719
4847,2494
865,2620
3890,1703
305,1465
1024,2118
5439,1093
3570,1698
1870,3078
3508,820
695,896
1061,1219
1014,3093
522,187
940,700
1819,1800
3705,610
4116,2396
4508,934
4681,862
4416,1345
3394,2411
4607,2633
3406,1482
4615,2494
4718,1683
5409,1042
5696,318
4493,2504
288,895
3419,374
719,1081
2381,2627
1971,2729
3697,318
3466,1883
3728,1883
3738,127
5737,1258
565,614
4711,862
4907,2494
3436,1482
177,2195
622,367
1587,2739
3060,2134
1566,1862
4369,2818
2384,2494
913,1482
4593,991
5486,1797
1540,1580
3861,318
1703,820
1056,1009
729,614
568,1420
4405,2633
5425,740
5556,1977
136,2729
2703,934
4918,2629
749,677
5499,2382
1966,1580
4674,956
1614,2818
425,738
5483,2788
3174,677
4270,314
1661,1883
5625,1151
1855,2880
798,3171
1175,677
4965,2044
4609,719
2773,1272
333,2842
4383,376
3063,1977
4608,494
1560,2181
5252,946
374,749
2308,539
1205,677
5618,2989
3978,448
5062,822
4960,2989
3528,1151
5424,1403
3299,1853
3693,1218
3789,1680
3892,2367
5275,3000
3528,2090
3163,1403
2781,1109
805,1093
5383,1752
5457,1701
4392,1377
1107,677
666,934
3759,3127
5867,818
4836,78
2898,2798
5042,146
5859,2620
319,826
1498,3127
4726,849
734,287
5074,1532
5475,2630
5857,480
3386,2737
3785,2
5555,1081
2294,967
3226,1701
5919,2297
4260,268
3014,1064
2016,2716
3631,474
5859,1465
1191,2044
5890,778
2054,2419
4585,967
1018,1335
3356,1932
4555,2256
4261,1809
2812,556
423,1125
2324,967
5839,2129
3931,1116
3679,1804
4393,1147
3319,2989
2178,2835
4339,1850
282,139
3466,1696
3526,249
630,822
1048,581
1767,268
5168,2082
1006,1109
2901,1136
4105,1804
4000,290
3420,1701
4191,824
2167,2080
2305,2953
3320,1470
319,2249
2177,1455
3001,2656
1497,1696
1841,1506
3788,3
2558,2086
3012,2256
3798,2411
1798,1809
3219,1014
1015,417
2532,1804
4259,527
4991,2139
4919,573
5705,1482
5053,573
2773,146
1500,839
1923,1696
1661,1696
2437,1917
2175,1917
5506,1272
3749,2118
4458,363
5707,2494
1223,1470
3472,1086
3624,137
4536,1185
1010,1362
287,967
2964,1030
416,1377
5918,435
3249,1953
286,1496
3058,2385
3763,2174
5454,2960
2467,1917
5803,862
1018,664
1219,2640
439,957
3596,2411
5578,1683
2068,2585
4893,1580
488,849
4631,1580
3390,1030
1609,1482
1239,259
683,2256
2111,188
1183,327
1721,1696
1752,1009
1036,839
4102,677
3448,2139
1228,1009
4284,2411
5767,2494
5130,1119
3270,1086
2265,1005
3447,1914
4182,2134
5245,877
3082,1035
632,1917
369,2446
2389,290
2650,2509
4966,903
2400,1580
69,3093
3932,2494
243,1933
3670,2494
599,814
4339,374
1768,2427
5560,2177
1728,2062
2067,1528
2939,1457
4778,421
4489,318
3709,1109
1176,1734
3803,744
2543,2396
4396,1258
430,1917
4198,519
5419,1356
5837,1115
4727,82
367,814
145,1933
2753,139
3145,1683
55,3171
517,758
3896,1093
2143,1149
3316,2504
2466,82
2311,3177
3653,1335
4857,313
4370,1915
5810,1362
842,1457
2065,677
2046,435
2199,677
1803,677
4943,2716
639,2791
4421,1853
4682,1628
5332,956
4752,2367
547,758
4000,1042
3956,181
1989,1971
3749,642
526,820
4320,1397
2475,144
3695,1345
5672,2717
5897,1115
2755,2413
3380,21
4406,2080
803,539
4941,926
5407,2419
5887,3056
3851,2989
365,313
4274,648
3003,421
969,2679
5821,2409
3252,1125
5647,2256
2901,144
1982,2089
4886,1377
1013,2227
1138,421
3017,1258
88,1883
902,2396
5033,1804
174,903
4136,1064
1529,2494
3179,2717
1355,2341
4805,2327
5711,1086
2683,42
4410,2737
5289,1393
772,421
4201,119
4643,464
424,3121
5135,926
1857,1397
470,1022
3904,1064
2897,910
128,1258
4357,1009
5780,849
4914,2620
3923,2245
1280,1012
5579,2256
751,1422
1828,817
3306,556
3702,556
4226,1465
802,421
2328,2860
366,268
2606,330
5679,1147
2735,740
3289,2080
5527,753
114,986
2765,2080
3202,2835
2507,1290
4752,1696
2983,1219
3315,268
1916,822
4101,423
766,2080
3603,146
4919,1809
3895,1486
3153,849
4268,536
4908,896
5257,1050
4995,1804
4680,480
4284,480
748,2413
2456,2614
5011,1748
5381,527
1919,2409
718,1258
3859,2179
984,1377
1431,376
1176,1547
1747,3056
2901,1917
2180,1403
1139,2419
1853,1008
2639,1917
5153,1050
5210,1584
2585,2620
5842,1272
5111,824
2234,1639
5711,2509
181,1403
2638,2
4807,3042
1197,330
2845,480
3992,614
3713,1953
1065,376
1612,2989
5213,3171
3955,1486
2619,110
4639,2118
1299,957
2060,146
3516,1035
144,181
742,1039
2774,2118
3056,1050
5575,527
4212,738
2479,480
2138,187
5314,1883
190,1465
3655,820
5227,194
4962,677
4700,677
4307,1914
5905,2509
1230,1917
2720,727
4504,738
4762,2494
572,1917
5839,1889
1382,968
384,2620
2648,824
3918,1580
3016,2940
3372,2575
3721,2729
5612,1883
3038,1009
2380,1009
4076,2139
805,1337
3217,1883
629,1111
2488,3171
3187,1482
1072,2620
2285,2842
5148,1375
2235,1035
1603,2256
639,2738
3552,1580
3041,2596
5243,2366
384,1465
3018,892
2462,2889
3770,527
989,1804
2479,614
1075,824
5113,41
4557,2038
2217,614
813,824
5228,2243
5932,144
1588,820
2780,3171
5058,519
3528,590
5438,740
4822,2494
2876,435
1979,2139
2693,1482
2786,892
2571,738
385,1666
1484,820
1253,2385
5023,2376
3305,144
3059,677
4320,2633
1978,574
5772,1151
3662,2633
1026,127
3421,1258
4130,2509
5434,2095
2297,327
1639,2047
976,1703
1881,1580
5482,42
1335,2575
3964,1658
2582,1627
5476,227
4644,3080
4608,417
1996,1503
2519,524
5323,2614
5075,822
5837,391
413,435
626,1482
632,738
1829,2679
3431,2484
2629,1042
3104,1335
3253,3121
1042,2299
2434,574
5854,910
5749,2614
1991,2448
3935,674
1366,2396
1454,2243
1555,2295
4836,2095
5765,2558
462,677
2905,2788
2184,3028
4328,376
4338,1064
5890,1506
1728,533
5127,1520
772,2596
3337,2418
4321,2588
2776,1627
138,738
3939,42
2555,2382
4229,2999
1245,2227
1324,2520
4227,674
5517,2614
947,318
2547,986
1680,3121
3249,1258
4505,2116
5682,2681
100,1385
5389,1116
4069,2717
5550,1973
552,2448
1930,1017
1983,2341
3874,2249
5161,700
5538,458
2186,2700
900,3131
3405,458
225,1272
4118,1828
2726,1109
451,272
4166,556
4245,849
2691,2054
3405,1397
4862,259
5342,896
4643,895
1298,144
1946,1119
3503,1151
5874,1696
3642,2249
660,1550
686,519
2353,2409
4674,1147
2533,1064
2846,63
5593,2585
2088,421
3843,2158
4421,674
4104,967
4935,895
3518,1809
5099,2989
3371,69
3135,2044
4740,3056
1713,2614
4514,1023
971,1977
1048,1443
2732,1250
3895,1917
545,822
3549,1280
5798,896
646,1628
4896,2256
5536,896
1993,1850
2901,1998
4062,2030
3742,2614
5,319
2228,966
3716,1393
5703,1009
1160,2788
370,417
4193,1732
4852,614
1290,2080
1760,2029
2606,2989
3611,818
2666,1542
4187,1917
5584,536
2708,1953
5734,480
35,319
2299,967
3735,480
2322,1136
1312,1465
1663,2
3261,3041
2566,1496
4436,527
721,243
1684,290
3000,1953
3798,1179
1033,2989
1635,1337
375,2989
3725,2394
4198,2052
1894,1039
2238,849
772,181
2067,967
4080,1804
4455,927
1738,1465
457,2240
257,674
1265,464
1714,290
1108,480
120,376
254,376
405,2989
2470,44
5517,1138
5570,964
3949,2637
224,2419
236,1490
979,1009
1012,957
1875,2086
1142,249
4838,291
7,849
62,556
361,3067
5514,1971
1171,2118
4180,1230
3552,1661
3574,1420
4076,2570
5418,2448
574,1081
1756,1990
40,1147
1993,1179
2404,2965
2705,2139
4171,363
5425,2838
3735,964
791,557
4349,2355
2365,4
2888,2031
5152,2679
2230,2031
3646,892
3693,738
802,2409
4623,3089
1908,290
2355,979
963,1014
1646,290
5593,1109
5930,2946
4925,421
2528,2627
4209,1005
5382,108
5511,518
2703,938
70,1147
5383,1272
2157,1933
3068,1036
389,146
3923,1550
547,1486
2457,882
1371,435
3847,2494
4516,2818
4170,2181
1231,2118
1706,2411
3103,1030
682,2842
1365,2118
3941,2129
5623,1109
4270,318
2508,820
1066,738
1678,1302
4442,21
2374,1005
168,527
5486,996
3667,964
3615,2494
4857,236
337,2965
4298,272
3697,806
5641,2038
5317,2880
4157,1730
3979,677
2728,1883
3978,452
3324,1914
970,2504
5696,2095
2069,1658
2365,488
2186,2997
1322,677
5460,1064
1778,1482
623,2396
5292,2419
5660,1125
2786,1457
3415,2382
2128,3177
5392,556
2496,1883
2230,421
2361,1658
5666,1290
5146,1254
3143,2633
3526,119
1132,1842
4907,2177
4265,458
5643,2245
758,877
5381,2999
2158,3177
926,461
5105,849
4764,556
5170,1998
46,1580
2264,1883
3198,2690
4561,227
768,2504
4417,448
5895,187
3508,637
5533,2989
4146,2614
1080,1278
1171,642
4660,2835
1583,2838
4582,700
5135,849
3175,3056
5427,2189
5308,777
2209,1021
1180,354
2322,144
4194,2
295,1883
1086,2382
1556,3085
4381,2080
2722,1017
1972,519
3856,946
5700,1008
1278,862
3819,1064
5818,2195
3846,1921
4132,63
4612,700
5023,2486
1915,2614
583,2700
1794,2095
2654,2953
4906,2086
4622,2327
1936,458
2717,1023
587,1129
3491,417
1454,714
3355,556
1113,421
3129,967
1174,108
5465,737
804,2295
1721,277
2232,227
2341,2614
2212,514
73,1258
3202,664
1173,822
920,376
1465,2162
1423,2690
3293,967
5172,1804
3728,895
4225,1701
3614,1547
2177,1809
3963,1701
2633,2614
4333,480
2710,2080
3453,2353
2383,1685
3399,3056
787,1136
2602,268
1082,2747
3152,146
5571,1671
5583,742
3148,2656
2950,1917
2554,1917
3153,556
3585,967
2927,967
827,2413
3086,2717
2401,2614
5405,820
2562,1219
4496,1009
194,1911
3838,1009
321,740
1114,376
1397,664
4950,2118
2322,1917
3463,573
4383,1482
4393,480
1970,1465
5867,2729
5569,820
1661,895
1062,2256
2385,926
2679,3093
301,1377
709,448
5948,816
1870,480
3205,2385
247,2080
1080,2835
2960,110
489,1613
986,2419
4821,2997
4401,2411
1743,146
4456,2118
5189,1703
2351,2
391,2209
5174,1580
5253,2627
4121,1081
1545,1070
1911,3113
830,2256
1866,1650
5393,1883
1019,2717
5785,421
334,2614
5549,2396
3042,1990
1999,2179
612,1804
1647,973
5239,2355
5275,2012
4485,2647
4619,2647
987,2620
2432,2411
5780,2679
1723,968
2800,363
3846,445
563,572
3925,738
5428,2227
2580,1528
775,1394
5778,539
3954,163
3434,127
5684,877
809,1917
943,1917
4012,1272
1030,573
2188,896
1164,573
880,814
5335,319
3984,163
2943,1179
1831,2729
5559,966
1790,2139
3390,2807
3667,1395
5718,2716
420,1179
4243,2494
669,1883
545,127
1032,2497
1760,984
4399,755
2212,327
2833,2889
3003,1580
3166,820
5442,539
3244,1642
1002,753
2960,1883
3094,1883
1215,1800
4305,2032
258,1009
2870,677
2212,677
5789,2717
4003,2633
1117,2396
2340,862
2099,1739
4306,1853
4698,391
5646,1658
1281,1457
1494,2504
5530,2614
4660,1977
2504,862
4758,822
1038,194
1411,1688
377,677
4489,2095
5241,1730
583,2997
1772,2633
397,363
571,1482
1648,877
2145,1683
1594,1580
936,1580
5167,2158
1065,1990
4497,1397
4831,519
930,1765
5345,740
188,374
1809,421
1155,1883
5637,2080
2803,1279
5053,2029
640,1437
631,1883
4103,2409
822,3171
2966,519
4459,2044
2754,3080
1334,313
2429,1977
521,964
5039,818
739,2355
1171,2012
4297,181
3268,268
5823,2620
83,738
3608,2588
4436,2999
2476,1042
2367,2038
1701,2177
3941,2239
4378,2240
2210,2054
465,1971
3381,330
833,677
2352,417
3594,1377
2090,417
2852,740
502,2792
339,519
1211,2700
762,1376
4100,956
4229,3056
4327,181
5645,1917
1145,2080
5195,2620
5726,2256
1567,1022
1990,1125
2502,519
2648,2788
5943,1732
3916,2717
3675,376
3649,3127
1321,966
3387,3127
369,519
835,1258
5090,2984
2800,1115
1326,2249
1011,3177
3972,2999
3676,1917
954,391
1341,837
4116,2189
3827,2086
3921,967
3525,967
3613,814
4618,895
2546,417
2150,417
4182,1496
3600,2080
2830,1115
455,3080
2986,1628
1339,2080
2693,63
3192,1696
3326,1696
161,2044
4934,727
3182,1917
228,822
2143,1316
5859,290
3226,1465
5860,892
846,3086
5037,855
3307,1804
2610,2630
4417,1147
865,2547
5428,2174
4414,849
1838,838
5530,1138
3554,2620
477,2815
4897,2134
876,3086
5017,738
3250,896
4306,1666
5810,374
1952,2256
4409,101
4758,2729
1149,1151
2398,1030
5113,2139
5770,194
4550,2965
3347,1179
1289,2851
5699,1482
4997,1964
2183,849
1639,1917
5396,892
3792,290
1164,1809
536,2240
623,896
2560,957
5934,194
595,2820
397,1115
1042,1819
3760,1883
3498,2637
3374,127
1669,1917
5005,862
4124,3099
3661,1877
1219,2620
586,1953
4927,979
2652,896
5431,2956
140,146
2108,1964
5622,272
1196,2636
4933,2679
3561,892
4258,820
5397,1093
2861,1420
4862,934
692,1009
5169,862
119,1147
2596,2842
4146,1703
2559,2960
2719,963
3037,1272
3458,1302
5383,2484
4698,1627
723,480
4997,2448
4699,539
2875,163
1863,1917
3518,2484
4467,2633
826,3052
660,1070
104,3067
847,896
5427,1628
1915,1703
4155,1765
5607,283
132,2082
4504,421
4762,2177
4910,1109
2241,2627
1007,1528
300,1666
4507,1658
5859,1258
4202,1022
5413,417
5399,519
5583,3080
3112,3085
1723,1883
1480,435
1340,2118
5853,1628
3585,272
2573,1272
1613,964
236,2031
260,173
4181,2023
1128,892
4965,2105
2198,836
5809,740
5387,2737
1810,2417
915,784
1758,2227
2118,318
5896,2614
2568,1278
3439,2325
2236,539
1713,2484
3595,2838
1267,677
5386,822
4990,822
1449,2411
4737,376
4384,1012
1065,1482
1211,2997
5487,1628
5748,1403
4822,2177
479,2324
723,964
5850,2619
5783,1397
547,738
5473,417
89,1580
4941,556
2831,2038
3239,1109
2833,421
2843,1109
403,2679
3595,744
4185,21
3460,519
4632,740
273,354
773,677
539,1035
5005,2419
5524,2984
3094,2798
4030,268
4277,2619
567,2679
5419,2409
2091,1073
2254,313
3742,740
4669,376
3745,1977
3380,1290
4185,2249
5427,957
2139,740
1786,1376
4804,1732
4172,2953
3475,1335
302,1068
5878,829
4608,1039
5659,1465
3288,2640
1003,1115
2928,2105
460,1627
5391,1650
5176,1496
3453,1926
1987,1258
3217,895
3282,2044
1315,3080
5054,1506
2115,1443
4898,2656
3790,1696
5244,849
4774,2620
2268,1658
5599,259
4601,1911
900,1525
2460,1828
2176,2069
44,1540
5672,737
2590,2086
3811,2923
387,1125
5588,1009
36,144
3398,1064
3458,1115
5089,1850
5173,2487
1780,2
3149,2989
1645,2029
3491,474
4334,1917
3546,181
1581,2044
2675,854
4187,177
5090,1671
3789,1070
3935,2585
5917,137
82,3121
5584,2179
2239,674
5618,2729
2316,2614
3905,1403
4411,1009
364,740
2356,700
900,720
3493,146
4981,573
690,910
633,376
5261,2842
4227,2585
2081,2158
3001,3067
3747,2133
4990,2729
5119,2385
4613,527
2641,1219
85,2614
424,2080
162,2080
1196,839
4456,2980
1784,1009
4151,3098
2737,2620
2816,2913
54,268
4328,1482
5430,2627
4777,527
553,2086
157,2086
3813,1009
1474,187
2655,1625
3789,1554
2505,2620
2661,127
598,1455
202,1455
1026,2656
2540,2052
1640,75
5820,1627
1467,1086
2012,2872
1506,1014
35,2
5076,1883
5857,2448
4814,1883
5886,934
423,1804
5223,590
452,290
1682,2179
4194,677
190,290
312,1973
2872,1451
828,3021
1590,2590
3340,573
57,700
1624,2174
4798,3043
4060,862
462,1917
3860,2494
4321,2889
200,1917
4663,374
2641,1703
822,1671
127,880
3611,2729
629,2030
706,1496
2917,820
3331,3089
342,1219
3308,2139
4738,144
777,1147
4056,1278
322,1506
4224,862
2200,2118
4158,2494
4183,272
2147,1703
5538,1109
5655,2448
5676,319
335,2118
4354,1093
410,1703
250,290
384,290
1392,1800
3267,421
4360,2012
3857,637
3344,1580
3017,1185
1613,1395
4403,1335
4045,1627
1464,1272
4160,1577
4227,1109
4552,677
4643,41
4417,452
4914,1258
4155,452
2746,318
5463,1500
4572,740
5126,2080
1237,2397
1889,108
1536,744
4191,1048
5015,2249
2774,2716
55,2427
3847,2177
5340,1258
2420,1437
3065,421
4746,519
1552,1627
4102,417
4484,519
2852,313
4471,1977
1800,2668
587,194
4676,1628
1417,2341
5491,1023
4383,63
4541,1403
3481,2177
2416,1853
5769,967
347,892
1586,3089
262,784
3011,2413
3787,2634
5640,1496
323,1437
1391,1278
2119,519
333,435
954,2997
5324,2953
5417,700
3966,1064
2925,2080
3269,1890
4900,181
3554,2059
586,1258
5426,1917
204,964
911,1580
4309,1403
5446,849
2013,1971
3764,556
606,1883
5289,1804
5750,2953
3993,1547
2488,2614
3302,3127
4436,3056
5738,849
5746,2430
937,1838
2179,2798
5423,464
3466,2188
2879,2620
3230,1911
2113,1397
4184,1650
595,2259
2857,2080
2172,1977
4844,1696
5271,1009
236,3080
2796,1804
5358,1917
1707,1648
1825,1115
817,2079
3637,730
3716,1023
3045,818
5307,639
197,119
5441,639
4933,2118
2745,1465
5131,3042
3999,1496
2416,243
2438,2
2548,2614
1471,967
2961,2029
1997,259
3936,1147
1496,2717
1546,2080
1795,1064
1284,2080
972,2717
5752,127
3271,1696
337,1977
2534,1403
3785,1917
5636,2396
550,3024
3671,849
4956,193
1733,1125
4101,3062
5766,2627
4178,1030
5014,1302
3543,290
2596,187
1372,1496
1348,910
367,1977
699,464
3039,1696
2698,1403
5178,363
472,458
644,1696
5513,3093
2939,1465
867,987
1178,849
1371,2964
4962,738
1403,967
5936,1883
4702,784
36,1998
1699,3180
3485,820
1596,49
2105,2178
663,2096
2146,2179
3636,989
386,1064
470,1701
1473,1147
444,480
5248,1482
4370,984
674,1696
412,1696
1322,1917
5425,1529
2896,2118
2323,2256
3343,363
1211,2086
903,1933
2701,896
5919,374
5440,2591
1324,1963
5837,1473
4471,2729
3342,892
5530,2484
440,1650
5218,677
870,480
5429,897
180,1696
4817,1272
3017,1482
2798,2118
2675,964
3110,892
295,895
3426,374
5644,677
3202,1420
4423,1503
3473,1883
3992,2448
4627,744
2132,163
5876,1185
2572,435
5072,3080
2773,2411
1341,573
5073,272
4593,2853
5665,1904
3734,877
1846,2960
1091,2118
4122,2679
3540,1765
238,896
539,824
1210,2749
4551,2038
1318,1528
172,1030
1340,2041
5908,1258
3151,677
3168,92
5009,637
3725,1703
3888,2633
3513,1258
2421,2494
2235,1580
698,480
4982,2382
5090,1915
3020,2264
2785,677
1023,1179
2344,934
4295,139
4479,2700
3326,277
3109,2494
5039,822
3664,2716
5445,2264
706,2411
940,363
5505,63
3906,2249
5418,818
5817,1089
5910,1280
462,738
2422,1914
2217,2448
1346,3121
3889,740
5014,1115
649,1503
5532,2798
1552,2997
2083,2633
1637,826
639,2478
2155,2509
888,738
5511,2860
146,101
719,1683
1023,374
457,1683
5426,1998
5806,1465
2839,108
848,3002
1858,421
3737,1258
4888,602
5363,895
624,1042
1360,144
5178,1115
2972,637
1308,1674
3610,2614
1017,744
2557,2115
1872,1258
5473,474
3504,3127
5342,957
2033,2115
882,519
4030,2419
780,2494
5515,885
317,1272
1149,82
4074,1967
2434,180
1467,391
892,2900
4562,967
1891,1658
3369,1397
4983,2717
5700,1577
5161,2989
3277,2562
3991,1151
5326,3056
847,2376
1640,1258
1738,2547
912,519
2813,1115
2615,376
2064,2717
2114,2080
2802,2454
3024,1335
4777,2999
651,1683
4219,1917
146,2679
607,822
4108,2086
4975,1671
4751,2717
563,523
869,41
1932,1258
1260,3080
1991,1838
2144,2080
1748,2080
5891,2811
3735,1696
2749,2419
3406,474
1265,391
1451,1335
1530,1628
3799,2620
3192,895
5795,1009
3035,2409
5468,614
886,2465
3749,1752
5696,249
3700,2799
3447,2353
4460,2487
1323,2439
3558,1403
1404,1115
2940,2522
2050,2953
3941,2861
5314,1086
5388,1035
5596,18
5804,2411
1060,2214
1351,700
1230,181
4182,2923
5202,1030
3488,1014
4608,291
1805,1809
3909,290
2142,448
5301,2729
3303,480
1493,2
4662,527
2215,926
1184,2630
3861,249
2830,1953
5834,2411
4273,2637
4701,1394
3018,2189
5647,1272
5251,1272
43,217
5533,204
3427,896
4800,3093
3165,896
4870,1580
2137,1393
3926,1748
1357,464
1649,1804
1940,290
1360,1701
4180,352
940,1115
2497,1147
5876,1482
1765,2918
5247,1688
111,2953
1164,1008
4271,3099
367,664
4500,707
4822,758
2719,967
4338,1877
3262,2118
3768,2478
2261,1809
3749,2236
1598,1465
5099,2729
1341,1809
3659,1030
1291,2
3755,738
4500,1646
305,725
690,2256
1970,290
2489,855
2540,820
3266,1486
4770,194
1466,1696
2242,1917
4885,2396
4508,194
3675,193
2085,1179
1159,1953
3621,896
2308,470
1447,2585
1894,1584
2608,173
3513,2494
3895,2596
5311,1457
5770,1971
226,967
324,2256
4316,374
1299,2872
5021,1883
5836,1278
5608,862
4180,486
938,614
5869,637
256,1748
145,1917
1487,829
3476,1272
3543,2494
1719,2118
3281,2494
3749,2370
908,2842
4838,836
2833,1580
2435,753
3075,1113
907,927
934,1030
5005,195
4303,677
1770,1302
5216,2859
5096,313
4643,2997
1219,1953
116,1337
2394,1883
2189,2417
263,44
3613,2859
5430,2818
3511,862
3955,2596
1897,2016
1883,2118
518,2256
3505,1047
3761,2730
2591,892
194,3098
5634,1278
3977,1042
3703,1971
3309,354
2333,1765
5428,2341
5466,2633
2336,3002
5672,2701
2091,3171
4199,862
5797,895
2256,2484
2206,677
1509,1503
2619,2509
1980,307
2171,1595
4096,2023
632,1580
3526,180
3765,2448
4405,1088
5215,139
2429,318
4619,1017
3791,3080
4470,2614
726,1400
2868,1119
5222,2249
4960,2249
5810,2419
2391,965
1049,2807
1558,964
5605,2953
1506,2494
5939,1486
1634,2679
4180,2259
3416,1109
2721,318
3659,1998
1756,575
1742,677
4681,740
4896,2614
3807,1115
2067,2130
4328,63
797,2340
5267,1968
4250,2624
1829,272
826,1580
3895,181
44,1544
340,374
3027,1125
4973,740
4293,227
3291,417
1106,816
4869,2080
416,369
2035,1279
4301,2562
35,677
1700,2494
695,2413
3109,376
3350,2717
2665,2614
3243,376
3921,1752
4617,1455
5653,849
1285,2629
5220,967
5767,1136
1835,817
775,837
2652,847
1747,2690
547,421
979,78
1519,1520
4972,1804
2792,2547
5231,1506
3011,376
957,1258
1142,2701
5139,1917
5273,1917
4862,885
3258,1973
305,2766
5162,2086
1411,647
2128,2917
3160,849
3647,967
3148,2717
5746,2487
4820,1009
4811,1455
1770,1115
1895,63
1146,2419
3324,849
3647,2256
4025,896
3755,1035
1778,417
3123,2256
2863,1393
1906,602
5333,1917
4261,614
1723,895
1313,2717
1072,376
1468,376
2961,1147
3873,2195
3804,146
249,2029
4630,2174
4981,711
5581,2396
111,2095
3072,1917
3841,967
3280,2620
3555,573
1318,28
2360,2620
2076,2861
3549,2256
218,1403
2201,1809
2519,2118
3988,3057
2080,1290
4618,1009
937,2029
1962,480
4018,1953
5193,1883
3347,1748
3604,3067
4972,194
4046,968
847,2486
4090,2960
3198,2564
3946,737
2388,480
4647,784
5881,1883
2783,1009
599,290
790,824
2068,2195
4535,1482
1347,2435
1999,146
1981,2950
3717,1035
3827,1395
3992,2960
5286,892
2579,2118
2512,896
2685,824
4378,1683
2934,1528
3419,2509
3295,753
5907,421
3892,2729
4411,1042
4941,1796
4951,2484
2437,1661
3954,574
4694,1138
234,700
2531,1296
783,1696
1756,1677
639,1917
5116,1770
1537,3067
2132,1964
3723,1580
3845,2509
5280,1612
3451,892
2499,2889
2793,892
4763,1093
3169,1179
321,480
1508,2487
3022,1883
3418,1883
1895,681
3156,1883
4595,2448
5016,2478
551,1696
5823,1258
2488,1195
2609,2653
3244,1703
3378,1703
5656,2249
2097,2478
3625,1580
5251,1971
2336,2494
2341,2838
4196,3089
4818,2089
274,1014
1160,3093
12,1014
1490,753
2001,1457
5719,1258
3991,590
2344,1796
5329,2012
5024,1376
5330,2614
5908,376
1528,1395
4757,1971
42,1014
4393,2448
4085,2295
377,738
5351,1397
4483,2341
1155,1005
2824,1278
2853,518
4929,1115
3991,2818
5140,1335
4923,2798
4556,2038
4296,421
4838,2690
5071,417
5640,2789
4647,2341
5863,2080
5128,2614
465,1093
5427,2681
3524,2012
2400,519
1175,2946
5915,1681
344,574
5170,1335
5772,1403
5799,1506
1320,826
5885,1280
3357,2249
4852,1403
5707,1917
3102,1730
3379,318
309,738
5360,1809
5790,1393
1894,539
4344,1377
4650,895
228,749
4082,1377
4240,2717
797,677
401,677
5485,1696
786,2962
3387,2249
4032,2953
2029,1114
4416,849
4020,849
1964,904
5570,464
5076,895
5487,2681
337,1042
2856,519
2608,417
2028,1828
4965,1064
4710,2989
648,934
1716,21
2811,2439
4014,1973
5767,1917
1062,2614
5482,1933
2939,2624
1206,1612
3902,1917
5543,896
1042,457
3288,1465
2185,849
5053,480
4146,1496
3172,1290
5195,2815
2803,3113
5836,2811
4733,2195
349,2341
1505,2029
4194,1917
4080,849
2036,2419
2091,2126
5329,536
3670,1917
313,2095
3744,2620
4754,39
5835,896
4554,1671
842,2624
3318,1465
1019,42
792,817
2414,1998
2440,967
5218,1836
2764,1064
3161,700
4965,609
4798,2189
417,2044
2375,3174
3939,1933
3646,2620
2853,1486
1872,1799
4439,2256
2379,849
3867,2030
3134,193
2222,3117
2208,967
4919,614
4449,1631
1173,2737
4290,820
5597,677
2278,1147
4743,573
5622,2427
4094,127
1613,1696
3317,435
5884,892
743,1813
209,1125
2208,2256
14,849
2882,480
2885,1717
1070,895
2654,1030
1183,18
5627,677
546,895
1370,2096
2254,1850
4248,1883
1178,1337
2157,1917
4500,2858
4388,173
652,2984
2010,177
282,1953
4470,1703
2930,1086
5547,1098
3057,3113
4230,2216
3103,1014
4311,892
4746,820
64,1501
5685,1971
442,895
576,895
180,895
5791,677
3045,2729
5529,677
1529,1917
947,249
1325,609
1316,1809
665,2256
3865,374
4223,82
1067,1482
606,895
4462,2350
3725,2057
2813,2729
4442,1883
374,737
847,957
1289,1302
3560,677
5217,2633
757,2195
187,1850
4777,1580
90,1917
1318,3171
592,3067
1743,2411
5091,2679
5836,1335
3293,1272
5619,2798
311,573
989,259
724,742
2711,2802
2840,738
3767,374
3708,3177
2825,3089
3986,677
5675,3080
3338,3085
4995,877
1815,1883
5842,2439
3652,2494
1773,2411
5527,1115
1728,948
1540,897
2668,2509
1923,2355
5192,78
4617,1833
1267,738
1616,892
2101,2627
2313,820
4016,677
1077,614
215,3093
3408,2484
479,2385
5148,2408
4724,2080
890,1138
5816,63
3837,2782
146,1394
1646,892
1878,2181
3442,940
4531,1658
1976,272
5119,1828
4900,966
5696,119
3533,277
3686,519
869,2139
1729,2997
4905,2249
4758,2953
4071,2023
607,826
305,461
83,1580
343,753
4040,1397
1519,1093
3716,519
698,163
5691,1064
4230,740
4445,2614
2707,1258
2746,432
5184,2953
277,1072
3279,895
2375,2182
3705,2989
5119,1023
689,2679
2434,318
3182,181
3942,1397
4871,2614
1142,180
4727,2835
742,2690
1716,452
618,934
2533,674
465,1658
4202,1701
2968,602
4508,1219
3904,2044
98,144
1237,417
3441,822
5601,1147
851,2633
455,2633
4278,1696
2533,1613
4468,1039
4342,2620
4791,2
5324,2717
203,318
495,1658
4550,290
3624,1064
204,139
1871,2783
3117,2953
4822,1917
469,1376
4476,1280
5500,849
1289,1115
4689,2327
4773,2964
1490,3091
5007,916
60,2080
3367,849
2723,2999
3160,556
5842,963
1155,2054
4116,1876
2003,1397
616,1022
3805,2923
3769,1014
3929,2989
2647,910
1685,1465
237,1376
725,376
3187,1039
3976,1465
4232,896
5794,1272
3330,2256
2519,2980
4138,480
5211,2385
2558,464
176,1258
1272,895
978,448
5016,1917
267,1376
1626,3113
1581,1650
4575,2174
2852,1850
5541,984
100,1613
1573,1008
2755,1917
2398,2811
4134,896
5665,461
3261,1496
4669,1405
1099,2256
1008,448
5085,2811
3947,1420
4651,75
418,2080
2723,1039
2802,1332
2031,3175
4097,2118
4176,2411
3128,2256
621,1850
4766,964
2126,2
4097,3057
1129,2256
4331,1009
5112,820
2939,290
1686,3113
4138,614
311,1809
3401,2041
3406,2385
4068,784
5560,421
2036,2179
2490,1595
666,1219
1053,2419
4523,2118
20,290
1716,1420
5718,2700
554,1917
4752,2355
688,1917
3757,1272
3430,877
1739,1030
5746,934
3700,1677
2234,1009
2091,3175
3333,163
2361,784
4188,677
1676,681
2142,1420
204,1696
918,1039
561,1933
3198,877
3695,1683
3869,2802
4409,272
3000,892
1300,2272
3134,892
3982,2679
3519,1457
3653,1457
31,2118
2288,1595
2599,3177
2972,2227
4087,1914
477,892
4594,964
3654,2032
4566,3080
457,1179
4213,1272
2456,2118
3748,2633
5823,376
4212,1047
4012,2679
5939,1490
1097,758
718,173
3084,374
4374,816
4057,1109
1684,1457
586,1185
2926,2417
3743,2639
4942,519
4040,2633
4045,2977
1266,1883
5789,2835
403,3171
170,2411
3766,529
1399,2385
5790,966
4229,2690
1106,820
2859,2484
2809,677
2215,2382
4498,3080
367,1420
2059,1088
156,2139
510,2637
548,677
4338,2044
5030,1628
4768,1628
1698,2802
3811,837
4270,1351
2372,272
2468,734
2337,1971
2824,1335
5692,966
2507,1628
4702,227
5275,1809
1498,647
5013,1809
4941,243
930,1883
5207,2614
2141,1278
811,1437
3567,2547
4489,119
975,313
1315,2633
3163,1151
5071,474
4797,1403
1600,2802
2691,2095
175,2889
2429,2095
2854,1335
3177,268
5596,2547
3407,730
1352,421
1894,2690
4160,967
1486,421
106,1971
3819,674
4264,1290
4331,822
5378,1506
2496,1977
4669,63
474,862
986,2700
274,2494
790,2788
228,806
1384,494
3041,2450
2105,816
4190,967
3794,967
3976,2701
10,2798
208,1093
688,1730
4891,1014
3060,1911
3953,2717
307,2792
40,2448
5332,1696
1054,740
909,2079
5924,2739
5437,177
4897,2118
5709,1804
538,42
2976,1809
2904,243
3432,2614
4,108
1697,967
902,1258
2394,895
570,519
1036,1258
4085,1681
1638,2080
1756,1547
5743,75
2296,2989
916,2095
5007,2636
1289,391
258,2095
3427,2620
2637,249
4237,1671
5424,480
3352,2446
5709,3093
2133,2409
1782,674
3635,290
4765,1009
5161,1009
2182,1547
3907,1917
4189,849
1496,1973
4596,2139
979,700
4146,2842
4485,3062
1596,110
2838,1070
200,181
300,2105
3854,2441
430,1397
3799,290
2797,480
254,417
1171,1809
2931,480
4610,2195
2930,1009
382,602
4845,1503
719,187
5022,2139
1961,1147
5261,435
5340,1482
276,1115
5854,1703
1296,1696
772,2450
5161,204
1305,2913
2827,480
497,1464
4291,2041
5801,2227
4426,1677
2414,1250
4329,1744
4593,1036
5543,2376
1095,1009
5859,892
5005,980
3286,2118
4019,1703
1128,2620
479,2174
2566,2960
3860,892
3914,374
622,1701
4777,1503
4507,1642
4808,816
3565,1883
2975,2606
2949,1385
5237,2427
2328,2206
4981,1683
4296,1580
2599,225
921,2118
3495,1302
2720,1683
583,3062
2367,2319
4253,1883
273,2082
4392,2227
1133,2940
5464,1278
2143,1113
4801,934
4474,539
859,2179
5367,1345
1595,527
2942,1503
4638,2633
3036,1138
1019,2811
2535,2842
5618,2095
4902,2679
1347,2118
2298,2340
2711,2509
2296,1513
1294,1703
525,963
3682,2417
5280,6
1713,374
923,1009
3980,539
3273,677
2576,1503
5859,1376
4200,313
1340,1297
1951,3171
5755,272
4163,1185
1031,3171
3598,1376
1456,2411
2677,2494
146,2256
2422,1975
1133,2135
1823,892
852,2647
4178,904
986,2647
513,737
1531,2181
3105,2382
4956,417
4553,966
4157,966
1703,194
3981,740
1042,677
4115,740
4273,2080
596,2842
3992,1838
4701,837
2125,826
1863,1580
4148,99
2835,2679
4609,1248
388,3078
842,2494
3452,1335
3111,1042
3538,1109
4267,730
5248,417
3990,452
5321,895
2566,2639
1468,677
3221,2341
5325,822
770,1278
4254,3127
1305,2376
5501,2179
5797,1009
537,518
4360,1833
1134,2494
5271,2656
5412,417
1993,3127
1981,1612
1289,2782
2965,816
2356,1489
4814,2188
870,354
1589,41
5796,1696
2066,380
2138,2700
5128,1008
1102,862
706,862
126,21
2101,2818
5246,2949
3389,181
5696,1465
2508,2418
2403,904
5543,2189
2776,2583
489,231
4410,2835
4570,1804
4465,290
5284,1147
2340,740
2737,376
1200,996
2636,2953
882,1064
930,2798
2322,319
5080,2256
1064,2798
1019,1335
5114,1086
1232,2382
3854,2738
2082,2552
4601,2029
172,904
4862,1804
1042,6
1212,417
3156,895
3519,1701
4290,824
4665,2953
1559,1464
2505,376
932,777
5488,1677
3595,1696
947,119
1234,1115
3061,1008
4260,2086
5817,2118
5908,1482
1584,181
3275,967
3613,2652
718,417
5393,2729
2430,2080
2034,2080
5527,2729
1161,1926
934,2701
2307,926
3768,1250
925,895
4378,1179
1862,1973
5274,2256
2902,1486
378,2419
2952,849
4484,824
4468,291
3967,2749
1148,1290
3524,2179
3990,1420
3239,2195
3170,146
2962,1917
4813,2396
2438,1917
1758,2158
3401,1964
1735,2174
1716,1932
4992,1580
721,849
93,1280
5325,2729
3991,2180
4631,820
204,330
1286,69
1040,602
3657,614
1852,480
3531,2195
5083,1883
286,2614
3847,1677
4435,127
1314,3056
1558,1696
1887,474
1723,1009
954,269
4438,2118
1019,664
4255,2411
5210,877
2689,573
460,2363
4488,892
207,1917
281,2620
1781,2118
1208,2256
1452,896
2531,926
5284,1765
2895,1580
206,2
2184,2508
451,1496
3204,3089
1984,1696
4234,194
1407,372
1491,1009
4151,2411
2403,2811
4499,677
2057,1420
1728,952
2999,2842
4479,964
4231,862
4914,892
4303,738
5643,2233
3645,738
3375,877
3915,2319
315,2739
1738,327
2302,2355
2663,1580
3501,2679
1720,2939
89,706
5273,421
4791,677
4880,1658
3832,1503
3921,2484
129,290
3871,677
208,1337
5266,2633
2776,2396
3999,862
4061,2494
1165,3067
4219,3080
4897,2012
3860,1457
3598,1457
537,465
2839,1405
289,363
4191,1971
4886,1072
1862,2591
3046,1883
3832,2792
1953,2709
3438,421
3075,369
2722,1005
3508,1914
626,2385
299,1990
5146,1376
402,1179
4225,2494
1902,677
2096,1482
748,1035
2138,2647
2055,892
5202,904
2010,1149
1738,461
263,239
4511,986
5482,140
3199,4
1898,1093
5840,602
3104,144
2417,1658
5509,2717
4958,2614
56,1831
1680,3085
1248,984
5052,2249
167,127
1700,327
5301,2953
115,2411
1536,862
5039,2953
2900,1253
1878,2319
4001,1042
2619,1765
5876,417
3508,1109
220,892
2964,2177
5910,967
5696,2701
3638,2121
5539,2717
4639,740
4503,879
50,1420
5566,376
3441,826
5065,2080
321,1883
2950,966
4471,2095
362,194
17,2411
1240,877
1207,1683
2184,3126
35,738
384,892
1232,2679
2715,318
4803,740
5357,2080
2884,1258
320,318
3018,1258
2686,519
657,3121
3861,2701
523,677
3284,1377
5899,1316
3667,1115
1411,2802
3047,3127
4480,1403
359,1185
1930,1115
334,374
5939,2031
1297,421
949,3121
4338,946
3868,2717
3339,3127
1467,1017
4985,2450
193,519
5708,2256
5842,2256
4094,2656
5229,2029
4924,1393
1121,730
3048,2547
3356,448
4617,1650
4779,480
3230,2029
5015,1696
204,277
1183,2547
4841,2297
1635,1890
895,2080
690,2614
633,2080
1268,376
4045,2363
4336,849
3016,1696
2121,63
2850,2158
2843,987
5155,363
659,268
98,1921
3771,259
3124,448
5771,1800
5076,1009
60,2568
476,2254
720,2614
1845,2989
2143,202
458,2614
4255,2708
4821,3119
1459,2953
5050,727
289,1115
5,1356
4872,2118
149,2798
1635,146
828,3086
1199,2999
4710,1009
2162,602
2241,895
2979,824
3318,290
4844,1009
1979,895
2450,480
3790,2729
4322,146
5576,369
5557,127
2814,1696
2549,2179
2561,1250
367,2095
1566,2419
5389,1482
4969,896
5349,363
4086,2498
4182,2960
419,1696
1747,2430
145,181
2923,1050
576,2619
4874,1009
5397,784
199,417
732,880
1754,376
5814,1072
1825,1717
796,1804
1221,290
161,1064
3841,573
3001,2811
5537,1703
4904,1036
1725,1486
4710,204
1604,967
3785,1580
416,243
3513,892
2599,3181
2938,2647
2470,1081
3974,2041
2974,614
4505,1677
907,480
4547,2842
4946,2551
3480,1883
4032,2396
4729,2324
5121,862
382,1009
4859,862
2474,2139
1937,968
3310,2411
5271,806
3741,877
3108,964
1747,2564
4391,2679
990,1804
424,3113
4765,2139
336,1014
279,480
3419,1765
4460,1503
5114,41
5284,452
4926,744
5672,2254
116,2179
934,2811
3470,1703
1765,2739
2792,327
5365,1730
1738,2047
275,896
1106,824
4989,2382
3148,2591
3936,1883
3278,1883
4092,2396
4608,2690
5702,1500
4568,2325
1945,1744
1613,1005
5778,1495
4775,2803
5274,272
946,3171
908,435
1383,1482
1030,2118
1687,173
4589,2798
1867,1272
439,896
2433,1683
786,2889
2862,1042
4575,2341
4272,2340
1777,1005
3346,862
1816,933
4856,1048
2392,2032
5929,2953
5155,1115
3403,3059
4774,2177
2174,1580
1325,2012
3505,2023
5896,1500
2788,2382
1728,3156
1105,3177
5374,637
5821,2080
3696,1776
3426,1915
1208,2366
346,681
4331,826
4712,895
1472,1658
1267,2946
5891,1506
5765,643
129,2494
1793,3177
2333,647
3940,42
2157,421
452,1457
1895,421
4264,2583
1898,1658
1201,2484
4040,1377
3236,3080
4382,2080
619,816
5371,1628
1716,82
3574,42
2989,1109
4429,556
2820,2054
5430,895
1677,319
1018,1437
770,1335
1711,3121
5259,259
489,1093
1272,41
3942,1377
5588,700
5543,957
3667,391
305,225
1714,2079
2390,376
3109,63
15,2341
5196,849
3320,283
517,1047
4180,1141
1778,3003
2110,1490
2769,180
915,1093
5464,1014
5462,187
4154,859
3907,1921
1976,2614
4512,1506
3644,1696
3740,2158
674,822
1811,268
4192,1501
5823,1482
4369,639
348,837
2624,556
5772,204
1888,3117
2626,602
2003,1377
4515,3093
4735,1147
1550,1809
3014,1650
4836,1953
3977,1697
5816,661
3705,1009
3025,1250
970,187
180,822
3907,177
4531,2256
2735,895
3232,1701
2270,2256
1926,2
1191,536
2999,187
4651,1799
5071,2385
1717,2080
2147,910
3372,957
1283,1064
971,1701
3263,1953
1859,2163
3020,2195
5616,1138
3253,2174
5586,2427
5541,964
42,2177
2427,2620
5103,738
3336,896
3976,290
5330,1683
5896,374
4645,1580
1617,536
2489,2717
4710,2729
4512,1990
2111,290
743,3163
5001,1400
4309,2570
121,376
3147,3067
4078,193
4119,194
1116,2590
2138,2086
2866,573
791,2830
3433,2118
138,730
5031,461
3847,2889
1507,1465
2288,2030
1180,1070
4141,892
3300,276
2435,737
520,2717
2354,1337
4078,1482
5289,877
5099,753
3736,964
1860,2118
578,39
1543,2411
2608,291
1314,3113
3162,1631
3086,855
4369,318
1910,892
5695,1915
850,1666
3876,1883
1770,2575
5223,2859
660,1542
5517,862
5102,2340
4494,1703
5645,1047
2384,933
2231,2411
3714,2494
5928,1335
3328,738
1311,2411
2619,49
5721,1042
3293,1683
4339,1765
4826,1883
1940,892
5725,1915
4390,1730
3722,1042
4078,677
1989,784
4574,1258
169,527
4644,307
2950,2633
1580,2427
2707,1185
5575,816
614,2082
5132,2690
2885,1457
1221,2494
2539,820
5937,1397
75,1804
4908,730
3545,1503
5599,2341
1977,3002
2333,1883
2009,1005
3316,862
3338,2341
5696,180
1513,2494
2982,2679
690,1703
4081,1109
925,2509
3344,816
3545,2792
2879,2177
4316,1915
4768,1258
60,718
4912,448
669,1765
3700,3080
364,1883
4097,272
3892,806
1240,1739
194,2411
5268,268
2494,272
458,1703
3962,986
2683,144
682,2350
2046,1021
4718,740
2668,21
4626,1151
816,1761
3966,2044
4954,458
3969,63
1548,1683
5319,556
1439,2679
3617,1109
5067,2964
3095,2690
5010,2430
2066,2023
1880,1109
4051,812
5336,910
5296,1511
5008,290
3041,2080
4890,42
972,1119
4766,1696
5280,1917
4860,1331
4096,181
4264,2209
1728,1627
2230,2023
1819,991
3181,2999
5786,1496
5390,1496
727,2227
3762,1998
2597,504
1150,78
2361,227
2863,1377
1741,519
4432,480
4776,290
5743,1799
4643,700
923,826
876,2700
2660,1957
2698,2249
3765,956
3789,1542
5946,3067
4332,249
2625,458
3327,730
3406,1023
2054,3086
127,2023
4485,464
221,904
2222,2670
3595,895
4032,896
2552,330
5202,290
4142,1064
3904,1650
893,21
2634,2614
2288,1977
1651,602
1941,1115
578,2080
4845,2877
2909,1506
4894,2739
519,2439
4774,193
4720,896
2928,967
4547,187
4142,2353
4586,1081
2082,946
1342,1136
1865,2409
4645,1661
450,740
5076,127
5334,2637
1977,2815
3092,1748
3505,1917
4143,2174
5752,2396
2212,1177
1738,1486
3343,2498
5919,2509
5931,1580
5015,3042
2584,2
1537,2701
4527,1009
3075,239
3481,1681
246,2788
480,740
1822,3062
3608,2954
1295,135
376,2080
5648,2396
589,3127
2294,3057
1836,2179
4809,1072
1199,3056
2720,1179
4585,2118
5452,1703
5565,1580
446,1506
4481,1014
1778,3113
5407,1179
4727,1420
1496,1737
3106,3093
5260,1883
5394,1883
5812,2396
583,464
431,824
5011,2118
2466,1420
219,187
1910,973
1034,336
1512,146
1304,1917
2066,1486
2737,193
2707,1482
3567,2340
2841,1482
3468,1580
5542,2104
3532,2504
3200,1765
5705,1344
538,290
5675,2633
489,1337
5857,2115
327,1009
2524,435
1882,968
1761,2139
5025,272
4763,272
2830,892
385,2118
1957,738
4180,1385
620,480
3455,1883
3233,3002
5082,964
5188,3080
5419,734
183,75
2903,1528
5255,2023
4702,1093
5411,92
5574,1022
1267,1580
5625,21
4221,231
3223,1883
1910,1457
4028,590
4138,2448
5590,966
4900,519
5423,2546
827,527
5719,1376
2308,1503
4624,2341
1137,194
1747,877
1159,892
3387,1883
3658,2346
5840,740
2990,1658
2235,816
3694,313
4406,519
4186,21
3900,2633
5736,2080
5474,2080
1417,369
3263,1258
1645,2448
3954,2115
3226,1376
846,2997
4934,1577
3172,2079
5290,458
725,2478
4071,421
4489,180
3933,2177
5368,1280
3613,509
2635,1093
4018,6
5608,740
1289,1473
4584,417
5931,1393
4657,895
3229,519
1446,144
5642,2953
876,2997
4527,822
578,1088
3718,3127
5643,1111
3382,734
4225,2177
5682,1039
902,1185
1036,1185
470,2494
4699,2999
818,3177
1193,3054
4827,1464
1671,2864
3911,674
4172,2701
3857,1377
4502,1115
3511,740
4660,1701
3547,1151
2,1278
821,2135
1196,1258
5260,1696
3209,2095
2813,2095
4998,1696
2947,2095
5624,2158
2353,1356
5663,2086
848,3177
3809,2999
2410,1109
3853,2547
4441,2717
5456,480
3625,1377
1144,2946
1851,556
3506,1685
2430,1926
1322,966
954,570
5861,1697
2590,895
439,2376
4093,664
2326,822
1834,2080
5569,1296
689,272
3939,1917
721,2439
2034,421
3393,2158
5148,485
5299,3098
2314,2690
3890,2964
4838,259
662,2798
4201,1136
4445,1496
2151,417
4209,2717
5355,1717
2987,2409
5454,1696
1390,1258
5182,1008
925,2619
4920,1008
5789,1420
2855,1701
1129,2614
4365,1917
4251,849
2291,3056
1279,2558
2132,2245
2550,2758
4606,259
5024,18
2839,417
2307,556
4535,1547
1695,3183
3436,1804
3085,69
5253,1009
4284,1147
2682,3062
2914,187
2800,839
1449,3127
3278,1403
783,822
5786,2411
5920,2411
1725,1490
5579,2118
2470,146
4476,2256
1296,818
5914,2596
554,181
2374,3067
3681,480
2402,2082
1061,2614
2830,839
3418,1009
2014,1219
553,895
551,822
5566,1482
3319,249
627,817
508,2815
3392,727
1222,2158
3108,968
3658,3098
3281,896
1454,1003
3747,137
2828,2082
185,849
4393,2729
4753,820
331,674
1211,464
2056,290
321,895
3378,1179
5410,2258
5090,2842
1702,1455
3166,1296
5731,2838
5285,277
5464,2494
218,1147
3952,892
4831,1800
3869,2355
842,193
3129,101
1050,896
43,742
2222,2780
3623,609
4490,194
3305,677
1646,2620
2463,2842
3098,1138
5046,826
2413,1035
3681,964
97,1917
4964,2679
3720,892
1500,1482
1147,2118
4062,1595
5681,2505
5596,677
3053,614
4083,1883
4217,1883
1643,1009
5724,862
1027,2174
3756,2427
127,1917
3463,862
3659,2494
504,1086
2553,1580
4509,1883
4247,1883
4665,2396
5181,2690
1012,738
4374,1658
4403,144
4303,2946
5588,570
1749,2694
4554,313
3034,2792
4498,2633
2943,984
66,1799
1986,1883
3336,2376
3427,2494
3165,2494
5823,63
372,2256
143,2396
4286,1437
2365,2818
5916,227
1599,1595
1969,374
783,2729
5702,2927
2278,1883
5264,2701
2996,1345
1547,92
549,1744
1268,677
5719,63
3616,272
1248,964
2485,1580
1000,862
2896,1114
5537,1520
3455,2798
1149,204
1765,2422
4201,144
3630,1109
551,2729
88,753
2961,2448
3558,452
4181,1397
1101,163
5711,2989
2693,2633
4541,1151
3861,1392
3303,2562
1164,862
1976,740
1360,2494
3497,1115
3846,2023
2039,2782
1708,3177
2864,421
5142,967
4421,1207
3949,1397
301,3089
2925,1828
1328,677
4270,1977
887,180
1288,1278
3958,2614
4309,1151
5888,1696
1824,1258
5343,849
2894,421
3895,2450
4308,2619
3143,1125
1734,991
2723,539
5555,1671
1888,3121
150,1765
241,1883
4401,2029
643,1109
4862,926
4108,464
4504,1218
4679,1219
1322,1397
1802,2788
1936,2788
4852,1147
1342,2803
5457,1486
2613,2249
385,2012
4567,1917
2397,904
5099,2717
947,180
699,78
3906,895
3745,1701
1255,1464
1446,1998
5255,1917
5757,3067
5366,967
2630,2953
335,740
1878,1628
1743,1403
4334,2
3501,967
4044,2118
4200,2631
38,1658
803,966
1250,2409
2697,2835
183,1258
103,740
5123,2498
3277,2363
3264,3067
3954,1070
2574,2620
2713,2964
4679,1703
1874,2394
4097,3041
2861,2835
1684,18
1152,2409
637,2717
5150,2227
687,2080
2,1977
5383,2960
825,2953
3000,2620
2579,1809
3518,2960
3819,2134
4812,892
1429,3067
2062,1290
959,674
2879,758
4157,2129
4019,2195
643,1377
1737,187
3511,2139
4268,2118
5830,2494
3296,2739
5436,877
4739,1703
396,1850
561,1917
4986,1580
2665,2118
2269,2118
2202,896
326,330
4813,2591
3672,1683
4763,784
5924,816
4681,1883
5450,933
1232,28
5007,363
4611,363
4032,2376
4393,2355
4878,892
4611,1302
1202,2256
2642,1703
5374,2227
2745,892
1790,3180
3314,820
2666,1538
3264,2396
2491,194
1257,3067
4287,2494
2201,2118
5090,374
470,1933
1251,2498
1179,932
1003,2396
3248,2802
3403,461
5915,2177
2298,738
1902,738
3344,820
5443,3121
187,2749
4215,1278
4349,1278
2917,194
2440,2484
5860,376
3211,1580
4503,2095
177,2411
5270,318
837,1703
5311,1258
4915,1258
5409,2547
5734,2115
4767,3080
2554,677
4332,119
4144,822
104,778
140,435
615,1482
4677,1093
4809,458
1710,3146
906,877
1443,2802
4540,41
4631,2788
5261,740
560,1179
1795,1914
5396,376
2512,2494
44,2016
1988,2494
2012,3080
1322,2633
2764,2715
5810,2086
2965,1658
5929,2717
5218,1393
839,1883
4533,1290
1257,2396
2778,519
4340,895
3691,2701
5651,2214
2939,1376
5325,2953
4969,1628
3484,910
3561,376
1061,1703
1119,1119
3882,956
267,2596
2144,2044
3677,1490
3610,268
4033,1125
4163,417
3931,848
5679,448
3700,2413
2342,1278
576,318
779,3121
5886,926
5751,2953
2468,3080
3013,2614
2242,1047
2582,1115
2186,1115
1924,1115
5150,2174
5506,1809
2603,1403
4057,556
4201,1998
3624,674
1540,1125
4611,1115
1760,899
4215,2835
3060,2029
1363,674
5599,2158
3386,2953
1121,2080
4250,1486
416,2264
3573,2964
5431,480
5035,480
4154,2717
5716,3093
1655,674
5564,1009
3050,2630
2454,1064
4453,2195
2851,700
1151,2080
2236,3056
381,1115
3390,1917
4159,967
174,822
241,2798
1397,42
1985,2656
3733,2256
5383,3041
1723,2656
5453,1528
2290,259
3601,824
2028,259
1787,1136
5920,1179
5374,2174
4973,1830
2906,1696
5814,194
2961,1403
5115,193
5029,2139
364,2989
1897,2435
1941,1953
439,1628
2003,1141
4420,2031
1703,849
2875,1070
3416,1394
3574,290
3025,1014
807,1465
4503,753
5688,1179
4986,1661
1345,2080
3846,1917
5115,1482
5763,1703
852,3086
3159,2118
3003,824
5465,3177
3094,188
5833,1883
1406,1393
1380,172
5936,318
3833,527
545,310
737,480
417,1064
2058,2487
2132,2436
547,356
4294,2807
5679,2355
973,2450
2451,2189
3867,1050
1033,249
4169,826
4437,1580
2341,2960
3635,892
2721,737
5482,1437
3161,1009
3546,820
1425,480
2004,1096
901,480
1780,1580
3249,75
4981,862
891,3175
1360,1933
5804,1838
4909,2679
3799,892
1725,2031
3141,892
4234,820
2654,2494
2489,737
5111,1093
2234,1908
4954,1109
5484,1109
988,1014
5585,1915
330,1014
903,2596
4838,934
1608,2385
4044,1073
4056,144
5145,862
5341,2494
5695,740
5167,2341
2319,2396
2310,2842
5794,2439
4235,1580
5771,735
2626,3078
1475,1482
1831,363
2598,1030
5349,1042
2028,877
1655,137
3069,615
1613,2355
3939,1437
4202,319
1841,1990
4468,2690
2954,1042
5948,812
1548,1179
1429,3177
4761,1222
5678,2614
2138,1395
5564,822
2578,2633
5372,63
1800,2339
291,1035
2333,2802
29,1035
1304,2889
5203,816
5340,1279
3380,1042
2394,1765
463,738
2722,1042
4658,2413
5389,417
5437,1397
5521,2788
2625,1109
2117,2396
465,2504
1232,3171
5003,2044
4444,2080
2212,2633
3346,2562
3827,391
889,738
3172,1628
4818,951
2645,421
1153,784
3104,181
3187,2690
1738,1437
5423,1290
20,1457
99,2504
1990,1658
5691,2044
4770,910
2638,2633
296,574
5394,2989
850,1914
2223,139
975,862
4829,1490
3939,1921
2861,1335
3732,2382
5010,2999
5187,417
5414,1362
1799,3002
775,2679
4741,330
4269,2964
117,2679
4954,1377
5260,895
2154,1658
937,2448
3903,2614
4216,859
1408,1279
5162,2989
1545,1550
3319,119
4246,2953
1598,1376
4597,1490
3964,1577
1689,740
2735,822
2888,1064
861,2049
2277,910
5338,2656
5855,2394
1094,2782
1521,2095
4910,674
5861,896
5119,259
759,991
5633,480
2964,1998
4607,1804
2427,2547
5766,1009
3624,2044
957,417
1853,740
3736,1696
3526,2640
4324,2620
2104,1490
5930,824
1007,2382
4479,464
84,421
230,2690
3193,895
4666,290
1383,417
1331,227
4060,480
3750,1752
4137,700
4221,1337
2115,2029
3343,839
545,2701
4184,1455
5734,1070
5770,727
333,2818
3590,1470
4092,2620
4226,2620
4897,573
4529,177
1714,2624
5726,2118
1505,1696
3805,1809
870,956
3989,2118
2788,967
4338,2272
5766,204
3576,259
5482,445
4090,480
3109,1547
2205,2080
1329,2409
2344,926
2514,2835
621,602
2861,664
290,2717
218,1151
3251,849
4918,2739
305,2059
2445,1917
2161,2158
541,1023
305,2998
2528,639
5267,2334
2531,910
4900,820
4268,2041
390,2547
1057,1290
2203,290
3899,1420
919,1356
3672,2195
3257,1953
2305,1506
5832,1739
2475,1917
374,2953
5938,2889
5174,1739
699,269
4536,1482
3525,2118
3592,1650
4578,2647
3683,1014
1604,1809
1024,968
5064,820
4441,1595
4863,2227
5130,127
4880,1642
1234,1717
4477,471
1991,1696
3713,75
5033,194
2156,1009
537,99
827,3056
5505,2633
1496,2656
244,1917
526,849
4781,2575
3390,738
1406,3113
1395,480
4093,1420
3470,2195
4502,127
648,1219
4801,194
2,290
1597,614
4255,435
1190,1953
440,1455
5686,2802
104,1506
183,1799
5005,2818
3544,2494
1220,1014
2863,820
3300,821
1296,2729
3572,2448
3592,2134
4232,2494
3574,2494
993,2139
1841,1482
3013,1703
4555,2366
465,707
3111,1457
3300,2110
682,2627
177,1179
1419,2139
4158,3080
5643,1546
1114,1503
4065,637
4180,1149
3141,1457
4349,1335
5111,1658
4068,1093
1217,1631
3911,1109
3505,421
4103,1279
5082,139
5576,674
3931,2515
4624,227
3307,1345
2237,677
4003,1048
1769,2494
5170,144
4561,817
5212,2999
785,2509
2619,1883
3696,524
4388,108
2361,1093
2488,2366
3522,1125
1342,1868
564,820
4296,519
4096,1397
5025,2614
5448,2717
5102,2080
4840,2080
4852,1151
115,435
4619,391
1799,2494
3342,376
5358,730
2543,3177
3971,1109
466,2355
2687,1613
1598,1457
2420,2023
1403,2679
5024,2547
2297,677
5468,2029
2603,1915
3554,417
3788,2341
4531,2614
5266,2080
5307,2835
522,1883
460,1005
2659,1258
2793,1258
3889,895
4206,602
5071,1804
563,194
4362,1115
36,677
1186,2802
2082,873
5523,2086
29,2889
2823,319
5849,2256
708,3177
3655,849
759,1422
3314,556
4897,1809
814,1883
1886,180
2157,1397
333,1021
5300,2953
3643,2717
5883,2779
2350,1977
2912,926
300,2012
5212,1039
4922,1465
5646,1496
5794,1394
2650,2619
666,268
3040,330
4385,2923
3277,2717
3647,1496
5677,1748
2093,2701
2342,1685
5170,1917
2451,1628
3333,2245
4037,146
583,391
2885,1331
5275,2118
5192,363
5484,1703
4980,480
702,1022
3575,2717
2429,1465
5082,1696
4500,2472
3034,1804
5701,1179
2772,1804
1185,3061
2821,1696
5221,3171
3879,849
1496,2953
4018,1193
4171,2189
1760,2245
1894,2999
5761,1580
3677,2031
2132,1070
2978,2030
4201,1250
3093,290
4698,1302
5476,2350
2251,1701
5341,1933
4945,1933
602,2080
337,2563
3195,1506
339,946
3753,2965
1261,1901
2708,75
266,818
3208,2118
1678,2189
5558,820
205,1104
4157,2267
3563,1528
5748,1883
5362,127
3238,1179
4738,677
620,1696
4818,2134
1134,1917
26,957
1812,849
4255,2960
3095,2564
4993,2889
5389,2889
3317,2411
2117,896
2943,480
2256,2960
5518,266
5619,318
182,2409
2895,2129
2814,1009
2597,2472
5426,677
1449,1147
816,480
1046,1696
3950,984
5144,964
3609,2411
5379,1770
2177,573
4436,877
2273,1035
2457,2842
1566,2082
5768,1730
3238,374
3625,820
5836,144
146,1008
321,1009
378,2297
2933,677
168,2487
949,3052
61,146
2377,984
3903,1703
3987,2340
3641,1703
5663,374
5593,2264
312,896
2478,1975
3274,1128
5275,642
2064,2335
4884,986
1687,2385
4660,1278
2819,1487
613,1009
4694,862
747,1009
1388,1005
2473,1981
1115,3098
5284,2798
5160,1042
5239,1335
2018,2340
3905,3038
2866,1683
233,1138
5190,2382
1919,1580
878,2596
1984,2729
2495,2679
3844,318
280,2647
5884,1258
460,1302
5670,740
2540,1109
2557,1278
3789,1550
2634,744
1147,3171
3623,2012
4851,822
1188,1482
169,1503
2397,2494
664,1482
3780,3127
1291,1580
3941,1540
547,1836
2405,1042
3945,2413
2761,677
5593,1809
3257,1258
3744,1376
1158,677
762,677
5005,2578
956,1482
4698,1115
5546,458
3514,1853
3620,2249
5251,2984
5772,1932
3891,1022
2727,2382
5146,2409
5497,946
1147,2366
3998,330
157,1627
4223,448
3653,2547
4419,2080
2004,2926
525,1272
3202,1335
2135,376
4941,849
4545,849
4187,1141
1451,1437
4217,2481
3713,1258
4943,895
4241,1377
5163,3113
4681,895
2503,21
4261,2029
3202,1685
5449,474
2656,1926
5650,1696
1684,2547
4838,320
2619,2798
1743,3127
3505,181
4165,1917
5672,896
5818,2411
4973,895
551,749
709,1335
4301,2717
2633,602
4644,3056
888,519
1664,740
5335,1661
3499,2214
1694,2080
1033,119
4195,1917
1211,391
5903,2118
3483,2620
3727,1290
1149,452
408,417
2510,2989
1493,1393
1899,2835
4129,1455
4225,1917
4361,2744
3963,1917
3309,1127
4202,1933
788,1577
1559,700
3940,1933
1383,474
2904,849
3623,536
1546,2158
4951,2960
2938,3062
2076,1377
3432,187
5247,2729
2530,1547
2134,1547
3395,2749
5267,163
151,2080
3574,1933
3846,177
4732,2256
2672,849
5853,2889
1732,1917
3148,778
5017,173
2501,967
1940,2620
5593,1272
3440,2118
4256,2677
5236,2139
5871,435
839,2989
4929,2396
1169,1403
2420,1917
4290,194
57,2953
4651,173
5208,1030
5397,1683
3659,327
4710,753
4572,2509
4574,892
3543,2596
532,967
4668,527
1738,18
5172,2504
2235,824
3704,1009
519,1671
4030,1179
4157,954
4301,2396
3924,194
5653,1272
2946,2498
563,438
2927,2256
263,146
5451,2454
1222,259
2715,1030
1340,480
5517,41
1068,3175
5218,2633
2835,573
1346,2365
1986,1005
3608,2186
3689,862
4554,374
5882,2798
3229,877
720,2842
990,259
3743,1098
5582,816
2779,1580
4601,1883
4379,3002
5831,1520
4308,318
4473,1883
1503,1009
3320,214
1637,1009
5845,637
845,2729
382,753
5363,2583
1149,1420
1715,1831
321,2729
4012,2427
2515,194
3755,519
2597,4
4617,2012
1592,677
2671,707
2048,1482
2132,2119
3304,2340
943,39
1390,1482
1366,896
1429,2376
2836,1683
5055,144
3033,2227
1214,2195
5374,2341
2077,318
1775,3171
256,1179
1902,2946
5773,2989
4104,272
1702,2134
652,2842
5196,2419
1684,2494
4108,391
2740,820
1028,877
3631,991
5566,417
1087,1457
3072,2690
3483,1278
2598,2807
429,2396
2665,2716
3542,2989
5335,1608
5405,849
5730,417
5804,366
5064,556
5630,967
3102,2690
1287,1114
256,374
2967,21
5286,376
303,1883
2970,1258
437,1883
41,1883
4401,1151
2232,740
3421,376
4945,1022
1610,2679
4249,2450
1668,2095
5104,2964
2721,904
5794,967
5398,967
3631,1125
5833,895
4573,2547
4277,1465
2026,1022
273,1078
3299,2049
5195,1547
3000,1258
4082,243
5450,376
100,369
4281,1392
2080,1258
2870,1377
3451,376
1378,2679
982,2679
5824,967
5272,1393
4919,2029
3667,1290
322,539
2096,3080
4305,1577
2641,2614
3324,1890
5275,2041
1350,2701
467,139
5306,573
4115,1830
2365,1403
3848,2240
212,2249
3803,777
4379,1876
4647,2630
5034,824
4294,1014
4633,480
1219,124
3356,2717
2960,2717
4710,700
3010,2080
3464,1496
5413,820
2147,2614
89,2788
3588,973
5470,573
5828,1035
5363,2396
2854,1917
4239,1465
3690,2189
5464,758
2404,2620
5518,994
5676,1580
127,986
5008,892
5061,2970
4479,1302
5229,2554
465,227
4171,957
2032,1701
4081,2195
779,2080
457,2029
2819,3020
2163,1403
1793,372
872,1490
1612,2054
2964,2620
2515,1296
367,42
5261,2627
2331,2118
3009,1050
1274,2409
2747,1804
3518,927
2881,1804
2437,824
4018,1250
2175,824
893,2717
3133,527
342,2614
2365,1887
4918,194
4653,677
1678,957
4847,1482
382,700
3549,2842
4678,2427
127,181
5696,461
2573,1809
990,556
1069,849
2757,2118
3173,1804
1392,2256
337,2620
2966,1703
440,1809
777,448
3249,1799
5476,313
3831,1400
2234,249
2459,2811
4995,1703
437,1696
4915,1185
1257,2189
3069,1050
5772,82
5414,374
1313,2498
599,1465
2364,480
2985,3042
5461,1883
5891,713
5094,369
5605,319
3922,1868
942,1804
618,926
4320,1914
595,942
1171,2041
5930,1580
355,1455
4431,964
2979,194
5857,2233
3847,2633
1956,1035
3263,892
1511,2082
5490,1658
361,896
5070,1072
741,1117
3413,836
3309,2176
5905,1119
4645,519
2234,2827
4476,1272
4011,2633
1650,1086
3644,1119
2147,1138
3324,1703
3031,892
3548,2350
4320,1109
595,137
3656,1883
4332,180
4058,1109
3394,1883
4838,2792
1637,2729
3132,1883
3907,2633
182,1661
5323,740
1634,179
3991,826
5219,2080
1289,2396
2364,964
2639,2889
5263,1628
4910,2264
1849,1272
5223,509
183,1482
226,2118
331,2134
3199,1765
4088,1109
1196,892
1335,1990
581,1528
2111,1457
3250,1730
2508,1093
326,1009
4803,862
1611,2797
4723,2788
2414,677
5907,2080
2197,2894
5702,2614
1497,1005
5884,376
404,1831
1044,471
4960,1977
3172,1258
696,3171
2117,2376
5346,700
597,2411
4339,2798
3503,82
2763,272
342,1138
2183,1683
750,374
3544,1022
5729,1377
5718,464
1065,2637
4432,895
5552,926
1909,518
844,194
2346,519
5255,181
1760,2115
5225,1470
777,2355
2435,749
2934,2382
4651,417
5306,1809
5762,2614
1193,3172
1064,318
4209,2701
4462,895
4897,69
1356,1658
4661,2044
3548,740
4364,2989
341,862
2326,2095
3732,268
3933,1490
5932,177
4815,417
2313,1109
3980,2999
72,822
4093,432
669,2798
4335,2409
5242,3113
3316,740
561,986
3874,2953
1609,2080
622,1612
2348,2419
2623,2624
4392,849
387,991
3931,1393
713,1915
2143,674
3433,2614
5200,204
1693,1377
994,1376
823,740
3547,1403
551,806
2218,2696
5038,3067
3952,2620
1574,904
655,2095
5531,2411
266,822
4385,967
1799,1022
5610,1014
2344,556
2211,2656
561,181
1870,2363
5898,892
5941,1528
3258,896
2559,895
1857,1377
2710,1064
1646,376
1080,1685
4103,2385
887,1290
3132,1696
2060,1147
1781,1732
5561,2411
5267,1964
1034,751
5220,2118
5299,2411
4129,573
5311,1482
4385,2256
2898,1465
3765,1050
5394,204
2386,2256
3322,480
3771,1804
3456,480
5780,1179
4739,2195
2619,2989
3713,1799
1667,290
3193,1009
2866,614
3938,1917
791,2871
1575,2953
5737,1482
1425,1696
4145,2395
5798,2889
2848,193
2619,895
1614,814
4499,1580
801,1465
4712,2627
2093,290
1406,1804
986,464
2516,393
3708,1990
5573,677
1082,926
2298,2385
3798,1883
1630,1697
1327,1696
1358,1009
998,474
3372,1482
5306,1272
2470,2842
5780,374
3727,892
3214,1081
3250,738
4855,2504
3747,1544
2630,1030
1174,1804
5341,677
4090,1883
814,2989
5731,862
5717,964
1295,818
276,839
2060,2570
3658,2411
2634,2842
844,1296
1687,2739
5765,631
386,2138
1525,2411
846,3062
4516,1883
2212,116
1211,3160
1803,820
2622,1677
476,1250
2520,1400
2122,573
1993,1883
2903,1138
2292,984
4136,2012
2639,2031
698,1070
5868,2799
2778,877
257,573
1191,2134
876,3062
1807,188
1705,2355
4341,2417
2056,892
2945,236
3991,318
825,1030
1284,1544
1378,1179
867,2195
3835,744
5266,637
2157,2637
3791,2889
3419,277
3622,3080
5394,822
1335,1482
2942,877
5471,1042
3788,1837
2566,1529
2230,1580
5525,1278
3935,2264
1562,892
5743,417
2981,1744
1498,318
4106,806
1609,1088
5404,1109
3098,2679
3739,231
1099,2679
4507,1500
4887,967
983,2504
742,2792
255,984
3357,1977
2082,2597
1011,738
551,753
1552,2782
404,1457
1598,1437
5815,2117
273,1940
1331,1093
5882,895
5338,2717
1499,677
510,2792
4285,3127
4032,2681
3638,1064
1915,740
237,2633
5705,417
3561,63
1909,3177
892,2335
2091,2659
2987,730
2059,3121
4234,2788
4614,2255
1529,677
4027,243
4555,2614
4176,2029
2235,2788
5562,2179
3668,1064
1431,519
1973,2788
2687,1377
4898,2953
2303,448
3000,376
267,2633
2115,1151
2177,2029
4916,1280
3828,1696
1992,2249
4554,110
4738,1917
3075,146
5721,896
4374,2394
4057,243
3840,1706
3239,2240
3246,967
2451,1258
663,539
3722,896
4801,926
1424,637
825,1998
4017,63
3144,2353
3614,3056
2180,2835
4388,2450
2667,2953
2610,2419
3161,78
5141,967
4824,2980
5219,1035
1451,181
5274,1496
5654,963
2841,1039
3343,2189
4014,896
5483,1081
3711,895
851,1125
2668,330
4922,290
5260,2729
819,2341
2507,2856
5394,2729
2431,2080
3964,2472
182,966
220,1258
1947,1701
2365,1460
4223,1420
1265,1115
1320,822
5695,2842
807,1957
2708,1799
1464,12
2933,1917
5051,1050
1429,957
4507,2118
2745,2620
2910,967
4704,188
3365,1547
1045,967
4741,1009
1585,2409
3381,737
1715,1701
2508,1337
1104,1547
5720,2498
2296,700
835,376
3507,849
4850,363
2849,2569
488,268
5751,1030
2420,177
3440,2256
2650,639
1246,849
4114,480
3207,1496
588,849
4110,738
4182,614
4417,1420
3775,1953
1278,2989
629,99
1568,1250
2731,1917
630,2953
3608,2190
5014,363
3558,383
4439,2118
433,1850
2864,2446
5419,1580
5023,1580
1496,3067
732,1917
470,1917
3333,1204
5582,820
1132,1070
2123,2411
5879,2504
1171,1964
2202,1014
317,2614
3357,2729
4909,3171
5638,2792
461,1804
4628,677
1257,957
2866,1179
2179,249
4940,1703
4225,2889
4227,1272
3134,1344
2403,896
2752,1050
4075,3130
3176,2509
2417,1703
1006,1496
4589,318
2748,527
1383,2385
3279,1883
5345,826
738,2620
4299,1683
3846,1149
3218,1580
114,137
2557,3002
1170,2627
4229,2792
211,1009
2621,1482
2541,964
808,2396
4385,272
4643,2782
2497,2355
2793,1185
983,707
1831,2494
958,2340
4277,180
2943,1883
1697,2679
4259,2792
5511,2942
4699,812
241,1009
681,527
2591,677
1894,1503
2656,1072
1370,1503
3724,2633
5164,2080
420,1883
4971,2439
611,3171
5945,201
4382,2044
5564,2953
2658,2838
5257,1490
3208,2716
128,1482
3947,1335
3309,1078
3054,2249
2154,272
1889,755
5148,42
4468,283
4938,986
1979,2900
2265,1042
2621,677
3772,21
740,3177
5607,1495
5328,2080
4576,755
1797,2859
3935,1890
4976,1628
3542,3127
3146,3127
2153,2679
5150,2158
3778,1125
3784,2633
5651,1393
5859,376
2058,2792
1662,2792
4348,2409
5389,1393
2356,2449
979,318
2885,1258
4850,1115
3466,2701
390,677
789,194
4904,3041
2975,1151
5690,1506
3114,2249
5464,1917
3683,2177
452,2494
4822,2450
460,2355
3481,730
2142,1335
1417,1833
2236,2690
3369,674
4145,895
158,677
934,144
3389,2080
3869,2717
4980,1696
4773,1403
3369,1613
2009,2095
273,1566
5605,1933
3590,1023
4173,849
174,806
4307,849
3661,674
3535,1501
5765,875
2915,2547
3899,2717
2758,1809
2773,1151
1698,139
3661,1613
4748,1696
5144,1696
4882,1696
4617,2179
2046,822
3947,664
5518,1348
2221,1577
4258,556
1988,63
3659,1917
2475,181
4813,778
2529,417
4356,310
5390,3041
3244,2614
2872,756
360,6
5339,1009
4647,2179
516,519
3277,1973
1584,2080
1823,376
768,740
4421,146
5443,3052
4295,973
3230,1403
4367,849
3823,1917
5445,3098
3165,1917
3635,2620
639,2023
5226,1482
4873,2118
5212,1584
1444,730
5740,1703
2010,1141
2457,1830
1631,556
707,1403
640,181
3805,1496
1713,2086
1112,2620
4973,1009
1905,2256
5243,2590
298,417
5299,1179
5548,1883
623,1116
1490,2953
5640,2411
3804,2964
254,2747
4970,896
529,700
5770,1703
1592,1917
3921,2960
1533,556
4202,758
650,2158
2099,967
2505,2409
5187,2816
66,417
2096,3113
1862,2717
4818,2195
2381,1030
600,1290
1193,2558
9,822
4104,573
2875,1538
41,2989
2092,146
2830,75
4225,2031
3492,194
1360,1917
2122,2240
1862,3067
5030,738
2605,896
4298,2509
3320,3093
1142,1465
4509,2729
3776,892
3380,892
701,2
5702,2484
41,895
657,3113
774,480
1175,824
2047,753
3914,1765
4268,573
4414,2842
5159,744
236,3056
4974,964
5005,277
4660,2494
2793,1482
3703,1703
4212,1580
1295,2030
2341,3078
4063,1457
42,2409
949,3113
4113,820
3070,1009
995,1014
938,480
3658,1179
3649,127
4165,421
3511,1883
4984,1278
5027,1914
4158,2633
4793,1683
4034,877
4504,1580
57,3067
2961,2355
1442,363
2343,1030
3494,374
3931,1129
968,480
398,327
2965,784
1074,2596
3716,194
839,1009
2067,573
1814,127
5456,2562
4957,1683
2392,1272
2562,1683
432,1035
4782,1278
374,1030
2522,1503
777,1420
4108,21
5068,2803
732,1677
1987,1344
958,677
1006,2411
5495,1335
2623,2494
4975,2989
2437,1580
2175,1580
91,2031
3417,1042
2759,1042
5558,2788
1193,3176
5879,2614
1044,3053
2154,1642
4141,1258
77,820
5856,2630
1649,194
3782,2079
4298,3127
5311,63
2890,1683
3719,1915
2356,2880
4171,1258
3775,1258
4119,2788
2336,2413
5240,1701
3433,740
5169,2989
4056,1685
3302,1977
4713,494
57,2396
1910,1258
2001,1376
5170,181
5808,2158
3991,509
3077,2798
157,2977
3447,1577
4109,730
5224,417
4485,1017
1503,318
2014,268
3103,986
305,2848
4071,1377
5021,2717
5461,2989
1999,899
1975,313
4101,2717
1678,1258
4813,2953
5014,957
3200,2989
4890,140
4497,1377
2062,847
1033,180
826,3085
3522,946
5705,474
1376,519
5178,957
902,3080
5415,2590
2048,2080
4035,1696
4723,1316
5101,2430
2157,2023
226,996
2184,2126
3020,146
4151,2029
5233,1014
2715,2701
3465,1701
4101,2851
4392,1337
1793,2096
3529,181
366,602
4263,2620
500,1356
522,1115
4001,2620
1019,1921
589,647
2151,1023
1475,474
2996,849
1609,474
3192,2481
5530,3078
548,1023
1188,417
4118,926
4261,480
5028,1147
1581,1809
3525,3041
934,1998
1295,1977
1775,2614
3998,1009
1984,2953
948,1115
3002,1953
194,3127
5431,2668
4268,1809
4032,778
814,2054
3873,2411
499,730
4239,290
383,2999
1696,227
553,2656
5102,2385
4379,1990
2524,49
2083,1804
3415,28
489,1890
1736,1696
3148,3067
2384,1917
3129,573
4037,2411
5522,877
4923,1457
2404,290
1547,3113
2841,291
626,259
1834,137
2142,290
1061,187
3251,2606
2895,527
1100,1081
864,3056
1647,1250
1306,957
313,2953
5552,877
3389,1035
586,1799
5090,2509
615,1039
618,556
301,849
5511,287
788,967
218,814
3392,1683
1432,480
4703,3002
4945,815
2906,2729
4473,1005
5646,862
4311,677
992,1147
343,2953
870,2847
3592,963
3977,2494
5842,2679
5415,1114
556,967
334,2086
3818,1683
4100,615
4301,2591
5753,1109
1684,327
2465,892
68,3098
3380,1457
2688,2627
4431,1883
40,1050
1160,1081
5219,421
587,1219
3090,163
1366,957
337,290
2183,1179
4475,677
2391,1128
2432,1883
2495,3171
2682,2997
5915,1063
3396,2340
1324,142
3745,2494
1238,2842
4804,2249
1714,327
1201,2960
1139,2082
4387,2900
4693,2418
3640,1919
3029,1765
5212,539
3773,2448
2113,194
2054,2997
1340,1964
2422,1703
211,127
2442,2355
5367,268
2975,2818
3309,1940
5790,1125
3797,940
2004,2129
3289,2227
3679,2382
1093,1683
2010,1385
4635,1258
3267,1125
4555,740
3273,2633
4293,740
3407,2633
5317,2783
437,1005
1261,2206
3054,1017
4924,2300
5418,2835
4822,2023
352,897
73,1482
1425,2802
5552,556
791,944
3850,1109
5696,1998
4163,108
1790,2900
386,3110
3182,421
4347,1915
5090,2188
5460,967
5642,2701
2834,3121
4071,519
4981,740
1851,1109
1455,1109
395,1883
2800,1258
570,194
1574,2494
2720,740
5208,904
3513,376
751,1703
2318,3177
4727,42
1729,2782
1834,2044
2527,318
3401,1074
2685,1658
3530,730
5911,2717
453,3177
1485,1109
951,421
2830,1258
1974,519
4696,2799
207,677
255,2411
604,313
3608,771
4633,1696
5825,849
1797,822
2320,2095
146,374
2135,63
4279,417
280,374
3430,849
4667,1465
3218,966
4407,602
3725,2460
4486,895
5668,1804
1230,1125
3226,2547
4224,895
4241,1064
1856,2341
4516,2989
2518,740
3717,1064
4906,700
3643,2835
3990,664
5177,1917
1859,2989
4202,1486
3303,2363
3594,849
4516,895
3132,2481
4421,69
5436,1804
2385,1500
998,1125
3582,2717
2436,1465
4540,700
2635,2614
4431,1696
5341,1917
4945,1917
1256,602
5050,1179
2144,1064
60,1515
841,2080
925,2717
2656,458
4660,1933
2420,181
2962,2450
3058,2158
979,2953
2796,2158
1263,268
963,730
1909,2860
3793,1035
4519,1701
3612,2717
4888,1009
397,1258
5187,2739
3874,3067
154,2439
1132,1074
3453,2256
3642,2717
323,181
1811,1362
2234,1465
4483,1081
5730,2385
1327,2481
2839,1804
4360,2179
229,519
2183,187
1314,1495
648,1634
1035,2080
2364,1696
616,2096
1770,957
4019,573
5908,1344
736,700
4262,2960
583,3087
1082,556
4587,1030
5690,892
3131,1050
5223,2180
4557,2319
2955,824
1356,2256
4028,2729
678,880
5879,1703
4889,964
1305,1917
2970,1482
5244,374
3993,1580
4127,1580
5111,784
3108,2355
5465,3002
3548,2627
2452,738
4807,3002
5062,1831
5948,1658
457,480
379,3041
3292,1883
3426,1883
5530,2838
5705,1873
4072,2031
4471,2494
2726,2411
4,885
4708,1683
4842,1683
2990,1703
3054,964
5583,1129
414,2
3266,820
5582,1658
2619,1009
4437,816
3456,1883
2838,3002
3332,127
3466,127
3163,318
4768,2084
2727,3171
2973,194
1982,573
2524,2842
5939,2080
1720,573
2897,1138
1494,984
1351,2396
933,193
3257,892
2701,2889
5354,2366
946,2118
4984,1335
1,2842
221,896
3396,677
3399,194
1752,1400
3665,313
5666,2079
5418,1977
5113,2095
2212,2324
5642,904
5733,268
243,1035
2245,1683
853,964
3055,734
3597,3003
2465,1457
4235,816
470,2889
4056,319
1857,820
3080,1730
4419,1125
5255,1397
3606,1022
5183,740
42,1661
425,2365
2204,1278
511,2139
4782,1335
835,1482
1984,753
3312,3177
4108,78
3189,2023
3898,1022
5899,2788
1834,2125
5836,1685
5810,464
952,3171
3309,1566
4141,376
3604,3177
5548,1403
1823,1185
3447,2439
1299,1185
3928,268
5896,2086
3738,144
3490,42
5854,2614
2824,181
4247,21
2941,1520
5582,1926
879,1730
965,3002
4871,602
3824,2547
1306,262
5024,63
5316,1403
5743,1470
1684,1376
2814,2095
3907,2023
4946,372
3022,2798
1910,376
2854,181
3430,1280
1611,1248
909,1730
978,1335
1036,3003
4338,674
205,1385
3419,2619
4340,1501
4412,1377
48,647
731,677
783,867
5003,1064
2222,2341
2728,2701
3839,926
2983,187
5223,249
183,1222
3609,1403
2566,838
4746,849
4202,1917
4527,1485
4539,556
3940,1917
506,185
1008,1335
1018,2023
5581,896
3784,1377
4372,1547
3905,2835
5717,1696
987,1397
2804,602
2857,1926
5464,1250
4897,614
5253,249
1731,2080
2211,2717
915,740
1743,1151
1469,2080
10,139
1973,1613
3394,818
4734,3067
986,391
1547,458
4313,2256
1725,730
3757,1809
2253,849
3094,1465
3502,1290
981,986
3785,824
2799,1547
3466,290
5424,1420
4658,1917
2875,1542
4000,1917
1637,2953
1360,1921
3550,2620
4424,932
5208,1014
4555,3078
3865,2631
978,2758
3286,480
5892,2585
747,1290
655,1701
5323,2842
1102,700
1188,474
3369,2585
2667,3067
1211,3087
1213,1470
2849,2549
2642,2256
5879,1195
3315,1009
144,1377
5646,435
1238,187
5145,2139
1112,1014
3815,3052
5334,2792
4811,573
2390,2385
5859,1482
3300,2606
4585,984
2195,1917
37,2419
3781,435
1253,2158
5861,2494
4770,1703
2908,1035
2531,1085
1982,1809
1720,1809
4572,2627
5718,1627
100,674
5394,749
5617,2484
1909,1681
4316,1883
4477,2740
1876,1009
5695,862
3133,1503
5233,2494
551,1485
1750,1809
3823,2889
98,1917
1044,829
4458,1185
1672,2118
3075,1683
2746,461
2687,820
1644,1009
4042,2411
2085,1883
622,1486
2470,4
3726,862
4995,2679
3684,3080
3966,2012
5360,1114
1336,1014
5933,1915
5200,78
4113,1658
940,1953
2249,1883
4386,1258
2125,127
2667,2396
1545,1538
4279,2889
1823,1482
3296,877
4507,272
5850,2038
406,2396
2574,892
1481,964
2322,1580
1360,2889
5212,2690
4434,144
3522,816
3060,2448
3356,1278
2189,3121
5905,2095
3482,3080
1987,1482
5751,1628
4275,272
5610,2177
4517,2249
5892,1109
1690,2427
5881,2640
2524,2818
3644,2095
2080,892
3788,1093
814,2729
929,2679
4267,2259
5519,2409
5810,895
1842,3171
4896,740
4634,740
5840,2989
1689,862
4684,268
1554,2889
4890,144
4465,2624
1721,3002
2046,318
826,3089
494,2350
3751,1002
4150,519
1132,163
5284,448
4626,448
4879,2614
3979,637
732,421
474,1883
212,1883
1825,1258
4982,268
646,2340
3300,2419
220,1185
5502,2189
4929,2327
5008,2620
2986,539
3846,1397
3932,417
5198,2717
113,2227
4268,2029
3714,2409
4803,3127
4421,581
5124,2953
900,1294
36,2946
2987,2080
645,21
4771,1337
5511,1901
3511,2989
2759,1664
2991,2953
2466,99
4857,330
5817,2358
4096,2861
2002,2624
3375,849
4997,2030
1332,1109
5881,1030
3220,2409
2809,1377
3511,895
4645,824
5802,1676
1521,2701
282,1258
4401,1403
4084,1696
2138,391
4598,1917
3043,268
3405,849
2694,1023
3539,849
3143,849
734,1540
5605,758
825,904
1339,1125
4804,480
2493,740
354,730
1739,1998
2580,2614
3356,2835
5116,1506
852,2700
4606,2158
494,740
5223,814
1365,2696
252,1392
4254,952
1725,2450
3191,674
4268,69
2366,2
3016,1050
5614,820
4571,1009
1415,2409
2474,2164
1058,1613
2541,1696
3700,901
3189,1917
3705,2965
3629,2189
3014,573
4172,896
2842,1809
18,2450
2179,1465
6,181
344,2620
1454,1963
4339,1009
1622,1547
302,2394
1595,2353
5217,194
979,1855
2078,1009
3592,967
3843,1744
3767,968
2769,2620
332,1455
3670,1035
844,849
508,2620
811,177
4957,1179
165,2
3300,943
5144,1005
1761,3180
1656,1666
5362,2396
4593,902
2177,614
2,1701
4723,194
136,1701
427,187
4914,1482
4438,964
954,3087
988,1917
2724,194
330,1917
404,2620
106,711
1971,896
2905,1703
2093,327
3340,1631
3696,512
4291,163
4454,1093
1955,1302
3466,989
606,1973
1213,2385
1557,2195
4186,1278
5012,862
3317,2586
180,818
1018,1917
4615,2889
181,1420
3892,2494
1380,2498
3959,1272
4759,2079
337,1933
5353,374
2294,2838
4407,1627
5792,421
4484,1093
2696,374
5399,1658
3045,3002
3666,1400
4182,2448
5768,966
3149,127
1903,1677
764,2158
437,1009
4981,2838
5330,740
4318,2494
1513,933
3474,1580
5836,319
4316,2798
586,1482
1663,877
2294,1683
3376,1422
4374,524
1278,2729
3169,1883
2157,1385
2471,2484
4768,3080
957,836
5809,2818
4078,2633
1326,2396
1701,1519
5541,2249
2745,2494
5618,217
220,1482
2586,1683
2756,374
190,327
3722,904
360,738
1065,527
1199,527
1371,1765
5748,448
3697,847
1596,1883
4997,1977
1743,590
3343,1258
605,3171
4724,1064
190,677
3712,2818
4027,1890
1902,2340
4484,1577
3075,1443
5425,330
5712,2080
5046,1465
4762,1706
1102,1883
1778,934
3605,2547
1079,2653
5103,1218
4348,376
3797,2717
3952,376
3410,2079
5738,268
1749,2633
2122,1683
850,2012
20,2494
3974,1074
3745,1022
5405,243
3526,160
1189,2417
2314,2792
4609,2753
2343,1278
3141,1258
1350,1022
2475,1397
973,1072
3635,2547
4698,1290
1585,1828
4221,1890
3961,2717
986,2997
3555,2029
5864,1696
3694,3127
915,313
5490,1455
5602,1696
2296,119
4612,957
1062,740
3708,1490
4078,1023
3907,1141
2945,1696
4320,556
2088,1109
4452,2927
4803,1464
5584,2029
2234,180
3610,2086
3486,330
5583,1804
3403,2547
2591,417
5220,1752
2411,2701
470,986
2111,2409
3604,1490
4108,269
830,740
4483,146
5532,1465
4429,849
5671,1809
5089,895
3996,967
212,2798
5948,1528
4310,376
3014,1809
3759,2717
3387,859
1694,966
4039,290
5169,1009
3804,1147
1810,2080
3100,2522
3060,1403
3129,1008
3999,2554
2132,1542
3727,2620
5160,896
5361,2118
3964,1809
4636,896
5333,824
5371,1116
2119,556
732,181
1857,556
1936,849
2253,556
5461,1009
5177,1250
2334,895
128,417
1790,2717
183,124
733,2
1383,1804
5292,2139
1097,1218
1320,2953
1363,1337
1776,1506
2416,146
5862,1703
103,2989
2362,849
4922,327
5837,892
4887,1272
5490,784
4967,2729
2969,480
3788,1337
1608,2080
1153,2439
2531,1008
838,1115
5583,194
3010,2174
1200,1696
3939,2637
4560,1035
5694,964
2313,556
597,1403
1848,1917
5461,204
4100,1050
1264,2620
3239,2411
185,146
4027,1703
5221,1683
4,1828
2440,2960
645,1070
2825,1081
4358,527
395,895
2163,1147
415,1547
659,187
3789,1538
1003,1717
1211,700
5476,862
1220,1917
3531,2411
666,2297
2238,1671
2355,2256
512,1830
3636,892
2686,1272
530,2409
5779,1021
650,259
2835,614
5512,677
2573,614
4137,127
1776,1990
901,1009
194,1147
5511,2145
1930,363
5789,1335
4477,2797
5468,2448
2429,461
3337,3053
3566,661
4058,369
3662,369
4290,1658
174,1030
5855,2305
5609,2838
2627,2139
2915,327
3013,862
179,3067
3426,277
3670,2889
4719,236
154,2256
1312,327
317,1496
4145,903
1559,204
4993,2690
3940,1437
2400,820
5700,862
961,1009
1176,2129
1484,784
5941,2614
437,2729
41,2729
5881,119
2656,1914
5894,2044
1312,677
3244,2838
1446,677
3333,1375
5666,1628
4379,3177
4709,837
5411,1109
1508,1528
3525,2484
1460,3177
2486,1883
3244,744
431,820
2748,2792
5253,119
1495,3171
3639,519
4415,740
4019,740
3403,2494
3561,3080
3165,3080
3638,1048
658,984
2025,892
3356,1335
4736,539
2148,3177
2528,2644
432,1580
2656,1109
199,820
138,2796
3407,519
4687,2717
3894,637
4341,2080
4079,2080
3394,1977
1403,2427
5789,664
3940,1921
3124,1335
2931,940
3846,2259
2280,421
2956,2690
5261,895
2238,195
4920,602
5113,2717
5758,1701
4421,1443
4878,376
5425,2989
179,2396
5502,957
1622,3080
4982,2419
3189,1356
3132,822
3199,2798
3890,1403
4093,42
297,2802
1586,390
1596,2798
2532,268
2707,1023
2342,144
3529,1397
1700,677
4881,2717
5901,824
1240,2382
2687,556
5856,1081
2062,1258
5666,957
5705,885
2116,740
2331,2614
3658,1403
4325,2620
703,837
3072,2999
3249,417
3383,417
995,2177
3481,1706
3904,1809
3350,2189
5564,1030
5218,393
4521,1219
4650,875
2650,2717
5797,2729
456,556
449,139
3792,63
3673,2815
4069,2815
5756,2139
988,1356
4828,2086
3847,901
194,2249
127,1027
5889,2668
3929,1465
2186,2209
639,421
3091,2086
28,267
2710,674
3224,895
3661,1650
5307,973
2552,2717
4758,1697
4897,2041
4059,1696
4224,1009
3017,2487
469,2080
1255,2989
3306,146
4089,784
2115,1403
3252,849
2624,1280
607,2953
3134,39
4768,291
4178,1014
2094,1465
4375,1528
3562,2179
4333,1302
4842,1179
341,740
5148,697
160,2614
3935,2195
5220,573
237,2080
311,2029
2919,2487
4490,727
83,1613
2342,1917
60,1629
4141,1482
2735,1619
1763,1486
2525,1809
4202,2889
4892,892
4914,1405
108,330
2152,480
2496,290
1811,187
5936,1278
4373,677
3022,2965
4579,2997
3156,2965
5024,1169
5879,1683
5454,753
903,1917
4232,2889
3874,737
1910,1482
1246,2256
98,177
2660,290
1715,1014
5421,1744
3394,2729
2998,2729
4879,1195
2962,820
5584,984
2702,1455
5919,708
1057,1953
797,2780
5620,1580
4735,2355
2820,363
3648,1683
1866,2472
3974,163
4364,318
4,1804
2707,836
1707,1661
2949,369
5634,1047
4099,2494
5897,1457
2571,194
1970,1482
2286,964
3511,2509
2800,1185
5076,904
4162,749
63,290
4201,677
5748,21
3351,2227
1042,116
5596,2633
1327,2729
4142,1036
2364,1005
4879,740
4965,2012
3258,2413
1751,1744
4001,2494
5635,494
3995,2679
2885,892
2002,2494
563,239
241,188
4040,1109
3768,421
3506,421
2587,2366
2647,3171
4880,1500
401,820
1356,2504
5201,2080
5748,2249
2862,1258
2232,862
1764,2679
652,2509
2882,1883
4439,1915
43,738
5693,448
1393,1231
3791,2633
5207,740
1284,2227
5711,2717
5604,376
1044,2740
400,194
5200,700
5883,730
3343,376
3517,2249
5605,1917
4142,1520
5632,330
1084,1765
1579,1744
2840,2946
5395,2080
1047,1883
4811,2029
1308,1658
5072,1804
2892,2547
5903,1732
3635,376
2580,740
4855,1577
3134,2080
106,1036
4488,63
5042,1403
4646,1403
5121,1696
4916,2984
2361,817
2003,1109
3918,849
5905,2717
320,1904
5805,1547
4643,1290
2420,1397
379,2484
971,144
3508,1890
3799,376
5757,1506
2902,2080
5285,1696
4889,1696
5944,1332
4627,1696
5319,1280
4978,987
5119,2158
3190,268
218,1977
4344,849
3700,2999
4082,849
3686,849
5090,639
1859,956
2715,160
4451,2409
3950,895
2255,2619
5346,1009
2314,755
2909,2096
2162,1115
2511,2989
1568,376
3354,268
4589,249
5776,2256
1853,2989
2421,63
4663,952
5797,127
5220,1809
2713,1403
4728,3067
4965,536
4070,3067
1340,899
1376,556
3812,1496
44,642
489,504
5465,1990
4422,2179
2249,895
2641,187
1359,2080
1171,2029
770,1685
4505,901
637,2095
2280,181
3202,1917
65,1115
3819,573
5001,1482
4190,2960
2677,2
4748,1009
4781,957
813,227
73,417
3094,290
2430,1064
2545,1014
2718,1696
2773,1403
1004,926
5880,1050
558,3091
1063,1506
908,1403
687,2158
1915,968
2006,1086
485,519
1322,1393
4379,1677
2882,1696
4515,2504
1509,1219
1980,3056
103,602
5719,1482
5266,194
5445,2411
3991,814
2418,249
4942,1036
3906,2396
5243,964
676,1403
183,1470
2800,1482
5336,374
1480,639
2944,480
3417,892
917,1465
2739,1014
934,880
5819,3002
2508,1081
1551,290
4992,1503
5031,677
4468,1503
3914,1883
3559,194
682,1009
4106,2807
57,957
4890,445
4699,877
1018,177
4538,1683
4471,461
4509,753
3977,892
959,536
3421,2889
4362,1457
4967,1042
3131,1595
3186,1302
3695,1179
2122,614
3944,1883
2526,2195
4468,2792
5147,3080
3508,1703
5920,2249
3394,2355
4989,2679
5393,1042
2380,1030
1351,363
4456,1627
2422,2195
3499,836
3578,1883
3712,1883
5226,1279
682,204
4388,934
1244,1405
3187,1503
480,1009
2176,2139
4172,2807
2964,677
5903,740
218,2729
2079,2206
2528,1278
1159,1482
2506,738
2182,1580
599,327
5186,2792
4919,2448
3964,2484
5009,2341
616,681
2997,1914
5765,2095
1330,2653
146,1671
2400,877
2635,1683
417,2134
4206,2367
5642,160
2063,1457
2861,1437
5371,3080
2723,1503
3024,677
3817,313
1773,1883
5859,2080
355,2195
2230,816
3782,1258
3197,2325
5012,895
3372,3080
3021,1345
1006,435
1424,194
5937,458
2554,2633
317,2842
1896,2633
3676,458
4364,78
928,1683
846,2782
5619,1465
1684,1437
5765,1290
437,1042
3964,2029
2460,877
94,2396
3447,756
4667,1957
4379,1490
4162,2953
4028,509
2328,1889
1763,2080
2852,2798
386,703
367,461
876,2782
1284,1853
2657,78
2011,3121
1204,1335
4561,1911
5132,946
3000,417
3344,227
918,1503
1995,144
2370,21
3182,1397
4450,2080
5868,1014
2328,2239
3804,1151
987,519
2936,2095
1517,519
5737,1470
1793,2080
2428,376
3543,63
4631,556
4314,849
3686,1280
324,1114
262,236
2215,268
2450,1074
5867,1701
4284,448
3819,1809
1250,1279
534,1109
3485,243
5840,1009
1819,1207
5452,2590
4815,1023
4831,967
4008,2620
3832,2394
1896,1023
2400,556
4862,1219
5949,1302
118,1022
4216,290
4167,1337
1987,2080
1999,1151
1725,2080
3475,63
887,2701
1527,2095
1563,1752
3072,3056
869,2095
2495,1732
5471,896
5244,1671
8,1012
1923,1506
3943,1070
5092,2031
5300,1014
2259,674
4642,290
249,1074
1866,1911
4657,3042
2759,2717
3435,1014
835,417
666,1362
917,2701
2381,290
3511,1009
228,1136
2599,1681
498,2717
653,376
4211,2174
4766,2396
1877,1696
1180,2522
4275,3098
1995,1917
2764,967
2203,2620
1807,2620
2502,967
3574,18
5871,614
3725,187
5079,1580
4411,892
4882,2729
3872,614
2411,290
2555,1732
4903,573
1102,2989
2169,1696
2244,527
4966,2807
893,2815
1645,1696
2238,2964
3747,2016
4235,824
5109,1580
570,849
4350,1528
1807,1465
229,556
1149,1465
5810,1627
1472,2118
2179,290
2998,1147
2646,2385
1675,1696
4159,2118
5090,2627
3722,2494
5556,1868
1569,896
2266,824
2369,1703
3905,1420
5419,816
1002,1014
1284,1666
3954,3002
2779,820
5427,2397
3059,3089
1815,1302
5006,2340
2418,814
5250,2700
1516,2174
3904,2134
4284,2355
4301,1770
4239,892
4270,205
4635,892
2281,1482
2908,1580
4864,1883
5652,421
5679,1278
5085,539
4562,2484
1495,3175
1120,1800
4415,744
3857,1914
5414,2700
4612,1258
1148,3067
4178,2494
751,2842
3334,1580
5931,1125
10,363
5244,195
404,290
4631,1658
560,49
1341,614
5899,2341
4445,744
52,1528
213,2385
5932,946
4232,3080
2281,677
5949,1115
519,1179
4958,740
2435,2807
3335,2340
57,2811
3787,1683
1006,2960
2849,1134
2840,1580
1114,1739
3796,2900
1165,738
3899,1335
728,1703
1805,1098
2033,3177
3857,1109
4309,452
663,527
4042,862
4776,2547
3976,2494
4679,2614
2998,826
3779,637
4192,806
5169,2249
4028,2095
764,2272
263,4
3751,1063
4169,822
3167,1012
3712,2798
758,1703
362,1703
5859,417
4202,181
5497,967
519,374
2525,2484
3908,1397
2213,3121
1132,574
669,318
3991,119
3803,822
2866,3127
3172,201
2105,2248
238,482
4037,1403
2698,318
1256,236
3281,2588
1044,2797
3938,1397
5399,967
5398,1496
3400,967
3844,2701
5387,2835
160,2484
2273,519
2407,519
244,677
4382,1064
5469,1147
49,2653
4118,991
4517,700
2072,1926
4752,1506
3016,977
874,2012
654,3177
3918,556
4704,1465
2252,1520
3048,3117
333,318
106,1093
1255,2054
804,3121
4785,1804
3754,1064
4547,700
2398,2
4438,1696
2125,2095
1815,1115
2045,1577
4027,849
3686,556
561,2023
3856,967
4728,896
2467,519
3747,1963
5211,1804
1823,417
2769,2547
4338,1650
234,847
4711,700
5676,820
3700,3056
276,1258
1484,1890
1845,1115
3798,1147
3822,2487
458,740
4541,1420
616,2080
5117,75
2861,42
3745,1486
4903,1809
3795,849
3664,2086
4768,1584
3228,967
1475,1023
5107,1050
82,3085
2637,1465
4338,2939
4410,2815
4663,1009
1492,1377
3441,2953
2429,1701
1338,910
3825,849
2359,181
2623,1917
3920,1086
5695,2509
444,818
1223,556
3525,1496
2121,1706
1278,1017
5089,1009
2155,1290
3406,1804
4772,1302
5771,2504
2533,1650
5530,1883
810,2080
1237,1393
1340,2245
1782,146
4177,2031
73,474
1446,1917
4989,374
4268,614
3803,2729
5298,1883
2596,1009
2675,1302
913,1804
202,480
2101,249
3792,1035
4664,964
3401,3099
3999,1513
5816,718
4757,374
2054,3062
937,1050
5496,713
3815,3089
55,3062
5158,2411
1959,3175
3864,2227
5352,964
4813,2376
1237,938
2745,327
3274,1580
3343,1185
5492,1883
1872,173
3002,892
2295,1030
2381,2494
624,896
5006,677
658,480
305,1116
3154,2417
2875,3002
5898,1258
5502,1258
4442,1278
3783,2396
202,614
3025,2946
4536,2633
4556,2319
2898,892
3373,1185
1335,291
5170,677
5693,452
2277,2679
4176,2448
1289,2575
2794,3171
2792,92
297,1009
2255,2139
2620,574
5452,740
3528,2412
4266,2341
2177,2448
1019,1933
929,3171
2641,862
5216,2900
1479,605
3640,374
4868,1628
2020,1683
366,964
903,2889
3683,421
2833,1971
228,1030
529,204
2191,2504
1929,2504
2939,677
3319,144
452,1677
2671,862
2872,2838
943,194
3857,1890
4898,1628
1099,2427
1136,1528
3746,369
3844,904
3202,1437
3281,1730
2539,1093
1194,1883
5337,2614
4182,1838
1107,194
842,677
4574,376
4827,822
902,1482
4906,1115
3677,2080
4740,1577
707,452
4598,181
5310,417
4914,417
1514,3177
4064,1967
328,806
502,2679
858,1560
5763,2614
2697,1278
1028,1971
3949,674
709,1437
652,903
3297,519
3023,1448
1134,677
480,2139
5936,290
5803,700
309,1503
302,524
803,2792
3946,376
5061,63
1900,1119
4369,2953
538,2494
414,738
586,1222
2124,1766
4491,849
5267,1070
1032,3002
5946,2856
2188,2690
4187,1377
5675,1804
4627,895
5761,824
3663,1377
1433,313
2899,2701
2418,119
1926,1377
3705,290
4868,957
5417,1953
3463,1696
3134,474
2531,935
5752,896
5356,896
5705,1804
2451,417
5185,1014
5228,1650
2010,674
2144,674
2894,1926
2658,895
1588,227
5693,1420
4344,1337
586,417
3447,3041
916,2803
3152,1403
4403,1917
1180,2095
736,1115
2969,1696
5806,1482
5849,2118
1026,1628
606,1042
3398,1809
3064,243
247,1109
383,2690
3346,895
1351,2327
4331,2953
3555,480
4260,269
2016,2717
2952,187
2852,2989
228,1998
2145,3127
4383,1800
3017,3056
3698,1697
4715,849
1936,2199
3130,2179
5623,435
4121,110
3851,249
1822,2851
719,2989
2558,1953
2212,1316
3545,2394
2958,2826
2877,1706
2192,849
3611,1701
2456,895
5682,1954
4201,1917
3105,28
5806,677
2143,1337
983,187
3249,1470
4818,573
2741,2195
621,2989
2202,1917
3592,1809
1018,181
2336,1917
4220,3098
5868,2494
2012,1039
1752,2620
3111,193
3343,1482
2780,3062
144,556
1064,1465
448,967
3051,1081
2344,1219
948,1290
225,895
3528,1420
5534,1278
40,2835
4931,1739
2921,2139
3282,2118
3373,1482
253,849
1445,2
3650,1009
2552,737
5169,749
1919,824
5608,2139
5871,1021
2457,1631
3558,1420
5511,2206
4643,2396
5336,862
5537,2838
2595,814
3525,2411
5285,2802
1981,2052
3471,862
1991,1050
4336,374
4327,820
2527,1030
436,2030
40,2030
1420,480
4935,2396
4389,2637
1770,1990
5798,519
4031,677
5896,862
5321,1119
1477,2118
3435,2494
5949,1627
2478,1703
4238,374
1051,963
2228,1528
2971,1047
409,1496
1684,2596
4516,318
5223,180
4457,3121
4367,195
5709,2325
2299,1179
5908,1222
385,2041
2420,2637
4295,1258
812,573
3599,2494
5462,2798
5526,2059
672,2256
434,2842
1397,445
4798,539
75,1219
4629,730
5744,417
5018,313
1948,3177
3102,2792
523,820
2573,2448
4197,2012
1568,677
5009,1890
4537,2080
3654,272
2389,1580
2162,2355
329,173
1301,1272
3978,1335
2636,3177
2374,3177
5908,417
880,461
4221,504
5148,140
5585,895
4325,2547
1598,677
3513,417
5474,1064
5706,2353
219,1883
4264,2079
2132,1550
1712,964
2597,2818
742,877
5272,556
1392,2679
292,1580
868,2679
801,1457
781,1744
3534,2583
449,1005
4597,2080
4335,2080
218,318
2938,1017
3459,2409
4142,2439
5682,3056
5131,2953
2206,2788
3600,1109
3851,2640
494,2818
2660,2177
4993,2430
2568,144
4610,1911
4973,2717
279,1883
3319,1998
4773,1151
537,421
5548,1147
1546,2341
3263,376
4206,2989
1284,2341
2104,2080
2317,3127
856,2803
5075,2620
5414,2086
3963,2450
4472,2327
3737,417
4664,2497
1331,817
174,904
3548,895
2634,740
3437,1064
4270,1819
218,452
2587,2614
3316,2989
3712,2989
3192,2953
2132,2973
1834,1064
3236,27
5770,2256
4968,814
3922,1486
5482,1035
4818,1809
3314,849
1848,181
367,144
1005,2121
1640,417
530,1828
1326,2701
4965,1455
1713,895
1064,2701
3609,1147
4665,1917
749,1377
2934,1732
4388,885
3708,372
2657,700
1196,376
707,1151
4374,2118
2,1335
3742,895
5488,1580
2308,2394
1857,243
2385,2614
3604,372
1952,480
5854,2842
3040,973
2450,1696
5643,2807
2964,1917
242,391
2568,1917
4001,193
2683,177
4209,896
5143,1703
5914,1580
55,1696
4038,1014
110,1403
5731,2627
4172,1014
3131,2030
1773,895
2210,896
1616,2409
1308,2256
2693,1804
2724,1117
3613,461
3661,2195
4073,2139
3758,3067
2598,1917
1957,3052
3767,1086
4288,2478
5286,1580
1941,75
599,1917
3075,4
4485,1302
2045,2118
973,1377
4776,2417
724,1804
1983,2179
2867,1179
1031,1732
3450,39
5460,605
1117,1506
4723,312
5504,877
5337,1703
1653,1486
4433,738
2733,2118
439,1039
2471,2118
1368,2256
60,2174
812,1809
149,1465
3189,1580
5839,1540
3597,1405
1105,2031
5317,3121
334,464
143,896
2703,374
917,290
5055,677
1370,2487
3961,1278
279,1696
509,2158
531,1917
2398,677
2214,2842
2501,2118
4201,738
2196,1482
1244,1035
2990,1528
3466,1457
3533,989
1750,614
4126,1503
2020,2195
5079,2552
4988,744
4492,2792
1467,1457
1391,681
1702,573
2884,1482
769,2620
3823,2633
3561,2633
538,1933
3645,1580
5797,2953
532,2118
3689,2818
227,1482
4442,1335
988,1580
2984,3002
3304,2418
3758,2396
3078,1883
2285,749
3369,369
1574,1677
5349,1258
2854,677
4359,519
2592,677
2196,677
5689,2080
4500,0
683,1883
724,194
3007,892
5803,2367
648,1138
300,2118
696,2118
2564,2012
3547,82
4512,2454
643,1703
1278,753
4308,180
4151,2448
1280,1765
1245,1744
4017,2633
5457,2080
5541,2717
3380,1258
866,435
2488,862
1390,1344
2288,2494
1894,877
3609,2249
1748,1991
108,204
4437,1125
3048,3121
899,3177
3356,1022
4232,2413
5398,2789
5363,1290
1687,934
2628,1222
3118,2547
1184,313
5406,1337
1786,2633
1541,2802
94,2376
476,2478
4610,1403
2879,1218
329,738
5203,227
1833,1109
5947,910
1284,1833
1561,421
1034,1658
5676,824
1887,1345
4485,1115
5039,1701
199,1796
4619,1115
3182,1377
5280,824
3571,960
4223,2835
2903,272
520,2376
1535,139
3961,2835
837,740
221,2494
4032,2486
5482,177
4761,417
2111,2177
1715,2177
5096,895
4003,967
3497,2327
3662,674
4875,896
2628,417
3531,1911
3574,2547
542,41
4864,2989
3170,1151
283,1278
5011,1696
5921,1917
4813,957
2101,119
5525,1917
3300,2163
2056,376
474,1977
2244,3056
4056,1917
5045,1465
3687,330
4695,1086
18,421
1284,1967
3450,2080
5014,839
2341,895
5772,1420
4581,957
3975,1147
2230,1064
1189,2080
2734,3041
1003,2856
4852,1420
1562,376
4630,849
4234,849
2582,957
3010,2158
4192,3067
474,822
5355,1482
157,1115
2115,2245
3199,2619
3939,177
3525,2789
4592,1496
777,42
5887,1528
2265,2189
747,1331
5632,1009
1103,966
2746,18
3422,3041
4328,1800
2944,1696
845,1115
3854,1917
4222,3067
583,1115
2140,1147
2017,2999
2003,849
683,1696
5874,892
2228,967
3563,2118
2401,895
2710,1650
3548,2749
2928,3041
4234,44
4365,527
2570,1081
719,602
2730,3056
2776,957
5933,2411
5537,2411
666,187
1132,1680
2521,3067
3593,2118
1299,1039
1996,967
3312,1876
4049,1580
799,1655
2991,737
2976,614
4793,573
1718,3093
5054,2792
5040,2894
5208,2478
5499,964
5452,2838
4542,173
5185,2494
2604,2139
1702,1809
5321,1042
1778,1804
334,895
1807,290
3503,1420
1278,700
4758,2807
5917,2012
3288,677
3470,2411
416,146
1744,2570
2105,2549
3318,327
4505,1580
3598,2596
614,1070
1087,1482
2964,738
2012,291
4152,903
1576,892
3318,677
489,2472
5183,862
2330,573
783,2949
3245,1138
3446,862
2797,2668
130,849
4039,1376
1322,194
331,573
2722,2494
2598,738
4541,82
2402,826
325,2256
5605,181
2735,2729
116,2082
5307,1278
1728,2575
2067,2041
4768,2690
2175,820
1211,1302
5318,124
756,1661
1838,1400
2834,3085
2784,1278
3172,3080
4309,82
852,3062
5582,1109
1679,1528
686,1272
2945,822
1909,1990
3022,1042
3958,2484
1893,3177
5427,417
5823,417
843,2195
622,2950
1441,3053
4008,1258
1532,3171
3746,2012
5735,1701
3978,2547
5941,1577
304,574
257,2448
3631,2439
2062,892
969,964
4770,268
5267,1074
917,2494
4508,268
1436,3059
2909,2454
261,877
3320,1796
2817,421
284,1800
3324,1915
5530,895
2073,3121
4977,2409
3506,1397
3958,740
4596,2717
164,1883
1812,313
5908,474
4650,2953
4800,268
3078,2798
3513,474
4302,2620
5045,2701
2411,1022
194,1883
94,713
273,2176
2735,1119
3991,1977
1004,934
2143,1207
4280,2080
1048,452
1941,1258
3820,2095
4568,268
4096,458
4612,1506
4006,1696
3111,63
3202,181
3453,1520
2799,730
2088,1658
4464,2547
2949,674
354,421
3210,2701
4485,391
4710,2953
4383,1804
5097,1147
2395,2717
7,313
3141,63
1589,2095
1938,2249
4550,1917
1005,2044
341,2818
3703,2984
822,647
1324,1797
3277,2583
2819,951
3936,1465
656,1109
3860,2409
4279,1804
4704,290
3083,2717
183,1828
2079,2080
2270,2614
1817,2080
4799,527
358,139
4840,336
4714,1917
321,2701
4318,1917
1047,1115
1121,1064
80,2080
2863,849
4181,2585
2656,556
2849,2671
651,2054
4128,480
3807,839
4151,1403
5465,1677
398,2547
1211,1115
4965,573
5457,1035
4956,2739
157,391
1219,417
1028,849
3631,963
4443,3093
3087,2031
1039,2701
1357,1290
2899,290
2759,1973
1661,1701
2664,1147
5097,2570
2256,3042
3161,1953
5682,1503
2261,1696
674,2953
808,2953
2451,1039
4574,1482
4300,2411
3758,896
3892,896
1810,2174
2856,2256
3983,1014
5335,1580
4533,892
3763,2179
1194,895
1295,1701
2405,290
4278,3002
919,2353
1877,1302
2677,1917
180,2953
946,1732
4342,1482
2602,2497
1272,2656
3390,1035
2330,1809
678,1917
394,2158
331,1809
1182,3113
5005,2176
3159,2041
3317,2627
3952,1677
4664,1883
5478,2396
4990,2807
377,3093
5628,2340
2763,2980
115,1403
4772,2355
911,556
990,849
1191,573
4909,374
3718,1631
2178,1014
5352,1883
5610,421
2862,892
2901,820
2560,527
70,290
2695,1883
3976,327
1384,1503
3548,2509
4821,2782
5120,1883
1176,1739
4471,1437
3846,1385
790,1703
5148,144
3976,677
4506,677
3809,1503
2398,734
2916,2417
1102,2729
1732,681
1193,2847
3149,2396
1788,1744
2132,1554
4038,2494
3642,2494
5511,1889
858,1056
3316,2509
2500,2889
1335,2149
4234,1093
686,1703
4034,1971
1517,877
2521,3177
3949,1109
3290,2227
704,1528
5372,2080
5456,2717
4365,1926
1032,2498
5538,837
4882,1664
4724,2044
5300,2177
5906,2953
5556,1608
62,2411
1285,877
1097,1580
78,2355
4092,986
3445,421
2617,2484
2221,2484
5896,895
5063,2614
2236,2792
5140,2080
4710,806
396,1883
2587,740
4108,1115
4185,1335
5662,849
2172,1437
2715,144
5912,2717
3090,21
5805,376
1080,421
1701,2983
204,3002
1756,2690
2379,1915
1341,2448
529,318
3333,2408
4670,2696
4871,700
1634,2700
5672,1917
4223,664
1733,2679
1536,822
3664,2363
5942,2717
3168,1967
2133,519
3489,2547
1570,1345
3977,1547
4121,2989
494,862
2066,1926
2890,3127
5836,1917
3300,3025
4965,1809
3857,849
5593,3098
589,318
5699,1804
2707,417
485,1658
3441,1136
4649,1014
5041,1804
5851,855
4547,2989
1023,21
2986,1495
5352,1696
128,108
1728,1530
4859,1009
0,862
432,519
97,1926
3491,849
2925,2158
387,2439
3529,1141
5313,2118
4996,2411
4922,18
465,817
1018,966
2286,895
5634,1917
2125,1701
3658,1147
812,2029
872,2080
3866,1850
5423,2636
115,411
4142,967
4252,573
2156,1953
3324,2964
5948,1703
4086,1035
4160,984
2243,417
2764,1809
2893,1465
3206,464
158,1397
492,519
3183,480
5077,1595
2012,3113
489,1911
4961,2174
3495,1506
3696,2728
1473,2835
1237,1804
2961,818
2047,855
3624,573
2003,556
846,3087
586,1470
3218,824
5835,836
4553,1975
1191,1809
3508,1337
662,1465
5920,1883
5476,903
2017,3056
546,1290
5434,677
1683,1490
236,1064
3672,1179
5019,435
4028,814
858,64
992,818
3276,2118
3355,2411
1061,2086
2045,2256
3602,3042
2380,1014
3588,892
1836,2082
5688,1883
930,290
1116,480
5202,677
3555,1883
426,1696
2989,2411
2445,1035
2049,1035
2123,984
3495,1990
649,2118
2879,738
283,1014
3719,1883
1888,2780
1882,2965
2252,1744
3654,707
4628,2633
4636,2494
3782,892
2104,2031
1685,2047
4,259
88,896
2516,1975
1299,291
3789,3002
4809,1109
1125,892
1168,1528
4268,2448
3659,677
2566,749
3447,2484
5560,519
5387,2254
1756,2637
2396,2031
5114,2095
5121,822
3063,2494
2405,2494
977,2118
2219,1580
4589,180
4768,2397
2182,1698
5870,2788
2769,677
2638,1914
3030,452
2522,1739
773,194
2561,2633
3865,1253
4627,822
5307,1335
274,1035
4496,2059
4587,2177
1342,2596
3346,1627
436,2494
1057,892
3259,2382
2858,2038
2870,1109
5872,740
3205,3085
5431,997
1477,3171
2793,108
3891,380
3281,3080
934,677
5823,474
1129,2838
5074,1110
4124,1490
1927,374
703,1683
4505,2121
305,856
4164,1828
5778,2394
2366,421
2235,1658
3903,740
1317,41
4981,2989
4800,2419
5445,1403
4427,2588
867,1683
4900,556
3210,2624
182,1580
209,1683
1823,3003
1484,1093
3041,1125
4952,2409
3548,2619
3928,2086
599,1868
663,2792
3278,1977
5888,818
1228,1258
2465,376
444,2115
4456,2363
2596,78
4277,2620
930,1042
2234,2880
4252,1809
967,1109
2407,556
722,1278
3468,946
1322,519
4527,2953
1206,2788
2374,1547
650,2341
4590,1023
2140,1151
5837,75
4973,2481
4171,1039
5437,2585
1010,2095
5002,967
1676,458
24,2818
5898,1482
5392,2842
1087,63
3874,2738
1221,63
4208,1860
5646,480
3624,1809
1716,42
1585,1279
2715,1998
2345,967
103,78
578,1125
4253,290
2892,1136
1018,1397
2871,259
2067,2716
1702,2029
1846,2717
3078,2989
1512,1151
3804,1403
4270,644
4811,968
785,822
1513,63
900,1526
5246,2616
4050,1809
1968,3087
5867,1014
483,2177
2398,1917
118,1490
4388,1804
3164,3113
4212,824
1655,1809
4234,1337
4627,2729
2497,2835
207,966
4009,2158
5499,968
3711,249
4239,2620
4681,2965
3026,146
402,3127
3160,146
5878,964
1941,1799
1012,3056
3813,1465
2032,1917
1748,2158
3090,1070
4081,2411
2188,2430
4136,2118
1978,2620
4504,824
5465,1734
711,849
3751,1718
5258,2195
2276,1496
3833,1528
160,1500
4938,527
1500,2995
595,674
4019,2472
2491,926
4359,820
1375,1014
1882,818
4705,2396
1912,2158
3904,2118
1614,249
4981,1513
5399,1272
5423,168
385,1968
4113,1703
5280,1580
5345,2729
625,674
1702,69
1905,2118
1096,259
3742,1009
3525,2472
2350,290
3747,3073
1749,824
5830,677
1289,839
4754,194
1481,1009
460,957
3416,435
3617,2411
4178,2478
57,1506
5337,1683
1335,2877
5048,1580
361,1917
5397,236
4781,1990
4829,718
1673,2118
4166,374
1463,3062
865,3113
1173,1014
2381,892
5871,277
3822,1503
3462,968
3861,677
3135,573
5425,1688
4282,2427
2277,3171
5654,2679
3856,1272
2099,2118
3176,1513
1441,2118
4906,1473
995,2031
2882,2729
3785,1971
5034,1658
844,1081
149,290
5949,2977
1532,3175
3822,2792
3438,1109
1017,2729
5024,2633
893,973
3463,2859
3295,2494
2516,312
2,1933
1824,1482
2585,1580
1991,1595
5444,1125
2713,1765
4201,2946
2725,836
512,1631
2819,471
3892,2376
1679,3171
4776,1376
3721,2494
3413,2341
4850,2079
5259,32
3803,806
563,1569
1819,2427
3595,1042
1623,1734
878,1580
1867,374
5427,2999
4704,160
2990,1642
827,1800
2437,1658
4791,2788
2270,2484
2159,2653
3095,877
2582,1258
5609,2639
2555,374
1161,1272
2004,2715
3137,2419
1155,1457
4611,1258
4124,2860
5065,674
4531,740
4897,2029
5267,1562
3084,1253
4945,730
5487,2999
5473,849
4403,181
1937,2782
743,2802
404,892
3420,421
5481,2430
3717,2105
4572,2619
4957,740
1827,1109
2508,504
5545,910
4813,2681
2029,277
281,677
1848,1397
2724,2788
5083,290
2573,1838
381,1258
1931,119
5427,1039
2171,2023
3699,1125
502,272
5751,1136
1857,1109
4940,2614
3695,602
4956,1804
825,144
4973,1973
2968,2717
4871,1696
2417,2614
4743,1696
4910,1809
5248,1804
3601,2256
4590,1804
5834,1147
3834,2989
3357,2835
2961,2835
5487,1039
1865,946
523,2788
4045,957
2004,2044
5797,2396
2707,474
3174,849
3367,2964
4910,3098
5617,2960
139,2798
1701,3174
4929,896
3234,2620
4471,18
3631,2256
1363,146
3328,2255
4701,480
4723,239
5317,2698
5046,892
2202,2409
5096,1009
5536,527
1138,967
4834,1009
4913,1302
1573,895
575,2547
145,519
1685,1136
4362,1953
3603,1147
425,2788
951,2080
2804,1696
2628,1470
5549,173
1053,78
5117,1482
3002,2620
598,1403
4369,1030
5695,2627
4602,1009
3210,290
4206,2729
5226,836
773,1377
5701,1883
4956,194
5770,707
1057,2075
2898,2620
286,700
5000,2186
4933,964
3135,1809
2949,2585
4325,327
825,1917
1430,2256
2070,896
5244,1765
3126,942
1042,1393
5207,1883
1212,1804
3108,1302
2268,130
2008,957
1813,2179
1185,2610
4915,1482
603,1696
2213,3052
625,1455
17,818
4874,892
1472,573
1613,2498
2649,1138
4490,1683
2144,2134
375,1465
302,2118
718,1804
1484,1337
4489,677
3603,2570
2400,784
3238,1883
2861,1933
1190,1799
4879,862
109,1696
2727,2118
2264,896
2410,2411
3499,877
3929,461
5921,421
3882,2335
3312,1990
3573,1765
4645,816
3934,1744
2416,2606
4608,934
2782,677
3243,1072
359,1470
3791,877
2084,1086
5136,272
5464,2023
4841,2798
2119,1272
3865,1765
2094,461
4232,2690
2420,1385
5837,1258
1802,2504
2516,1093
754,1595
3342,677
72,2729
5930,1422
3442,1258
2677,2889
2746,2494
3415,374
3854,421
623,738
2949,2264
4757,1915
4203,2295
101,2319
858,1544
870,615
2764,2484
4202,2824
5740,2614
468,3052
2278,1278
3756,1017
2708,108
2713,452
5462,391
4500,1700
2800,3080
3392,740
2380,2494
1616,1344
1536,826
829,964
5765,1331
1264,892
3199,318
448,1272
2638,1971
3046,1042
5897,1258
3097,41
60,2853
5391,2029
978,1437
1750,2448
2180,1278
2872,862
2908,519
4840,1926
4454,1890
5541,1973
1828,826
3452,2080
4634,2989
5033,1008
201,964
1701,2182
1048,82
1086,374
2705,2038
305,563
4981,1757
1008,1437
3131,160
4605,2409
2012,539
3218,2788
3636,2547
4591,259
647,677
1569,2413
311,2448
1811,2700
3919,391
4144,2953
1680,3183
4878,474
4945,2450
5879,813
3990,42
1028,2439
4187,556
4004,849
2101,180
4965,69
2840,519
4096,1377
4170,2080
949,3085
4827,135
3643,2563
2961,1977
2016,2701
4643,957
2544,376
4954,849
2527,180
2568,181
481,1115
3065,987
5460,2118
5090,895
4694,895
334,1627
5876,1804
662,2624
5003,1650
2090,556
570,1345
2488,602
5461,249
5504,885
889,2788
3580,2749
3222,3041
1338,2614
1625,1890
3857,1337
5801,2569
1415,2080
4178,1917
5260,1656
4917,2256
4617,1964
3965,1809
5386,1014
4990,1014
5329,480
2531,2342
4802,963
12,421
3773,1050
5428,2179
3685,2923
2463,895
4364,737
4755,1147
391,417
1738,1393
3400,2939
569,2409
477,376
91,1064
535,2798
5349,1482
4024,2739
3401,1070
3683,2
2843,2240
4288,2031
5148,445
5492,1009
3718,188
4903,614
648,1362
5431,733
4586,2627
3825,1748
1191,69
4459,573
1054,2989
5135,2842
539,1577
5003,2134
1715,1917
5247,2494
3423,2118
73,1023
839,1465
1617,69
3623,2179
959,69
374,1136
4111,1179
1129,480
2206,3093
4074,1297
5691,2134
149,1957
2403,1917
1879,1917
2092,2964
2618,2256
4856,1683
1673,2980
2385,1496
1220,2
4389,527
3687,1009
1350,1014
3552,784
3866,1883
4680,2396
4220,2411
5045,2494
4859,826
3756,964
172,1917
4597,1580
242,2656
3972,1528
5476,236
4911,2679
899,3185
3667,892
21,967
1356,2118
2999,204
4245,374
387,2256
1719,480
361,1035
4043,1179
5218,1109
4554,1883
2453,2919
4968,180
5212,2792
4811,2448
5460,642
3085,163
848,372
1342,1661
5471,2494
1782,1179
326,1953
2565,127
4755,826
1826,3171
2677,2031
2708,1344
161,573
1325,1842
917,327
3926,1883
255,1147
4477,2171
2976,2448
3573,452
1955,2396
1317,2139
3660,3080
5895,2798
4129,1838
4485,1473
2124,892
2134,1580
4570,268
4217,904
3248,1042
4000,677
2262,1765
4442,1022
1878,836
168,1528
992,2729
3738,677
5596,637
386,2919
694,820
3603,452
4362,1258
320,579
5127,2818
5803,1115
1739,677
3202,1047
4862,268
1675,2355
1405,2494
4230,1489
477,2633
1812,374
289,892
2513,421
1663,1971
200,820
1320,851
4290,227
5907,1064
1115,2139
1373,677
3274,519
256,1883
4399,2614
145,2052
3889,822
2853,2182
3694,2798
5576,146
383,877
2238,374
2441,3177
4419,987
789,2504
5218,1377
880,1868
4980,2717
5114,2717
5042,1151
5403,376
24,1883
4184,2029
1981,2788
4450,458
246,1703
2720,3127
3002,2059
5473,556
3093,2177
5290,849
2418,318
3352,1125
2343,144
5118,1496
135,3003
1823,108
1470,744
1005,2105
3689,895
3706,1064
3790,1701
5820,1953
2537,2080
701,2633
5061,1901
2275,2080
2571,910
3041,1613
5055,1332
5893,1650
5308,2717
476,421
2888,967
436,1022
374,144
520,2413
439,539
2359,1377
2812,1911
4142,1752
5009,1337
2118,2
1328,637
1882,1977
1966,2614
5299,1850
923,2803
2148,2096
5202,1917
410,740
2450,1680
5149,2256
4459,1809
481,391
472,837
3485,849
4768,2564
1413,1125
3727,1136
2467,2788
3339,2717
4142,3041
1996,2614
1815,1290
4516,249
4163,885
2143,597
1989,130
691,1490
474,2953
1030,956
4008,193
2948,967
539,1658
5005,3042
5719,2385
3057,910
4149,3057
1108,2717
2123,480
1548,2989
440,2029
2596,700
3802,2195
5510,2396
1394,2522
64,2681
2343,1917
1211,371
4313,2118
5481,877
3978,327
60,2158
1875,1290
1723,896
3578,1147
3390,1096
587,2614
134,2080
1923,957
2024,1009
3648,573
3388,1400
4587,2478
2350,1933
103,700
466,1506
3532,2842
3957,2082
60,64
5183,2509
770,1917
4923,892
4997,1595
707,814
435,880
161,1809
937,2030
2322,824
2458,2405
2924,892
245,2
3011,1800
5162,127
5308,2396
5139,897
3282,573
1735,2195
4407,2668
79,1403
3525,2960
934,1917
538,1917
1751,2139
3931,2150
4547,204
1177,1086
3844,461
5365,836
2964,1580
5574,421
692,290
3964,2448
2410,1179
2926,2227
3882,1103
1378,968
4917,272
2153,964
350,1465
3001,307
1855,3027
2904,374
3291,820
4662,2382
4273,1109
396,2749
828,3160
2113,784
3347,1883
1602,1800
4592,862
1099,1179
703,1179
3860,2633
2781,2411
690,1883
1707,1035
3420,1580
2069,862
2403,738
5634,421
3667,1457
3863,3089
4940,2484
1299,2149
3441,1868
5270,144
203,1014
547,824
3009,3177
3661,1642
3377,1883
3769,421
887,892
3115,1883
4531,744
926,820
2199,1093
4792,519
2894,194
3336,539
2233,677
867,1179
4494,862
5423,2079
3287,2340
5615,2249
4420,2044
4735,924
5886,268
2305,738
1338,1703
4388,816
4768,283
4071,1109
1149,461
4270,6
1897,354
4436,2927
4940,740
4054,2633
750,1883
3974,2115
259,1831
1040,2396
2105,276
398,677
814,363
3276,2716
5335,1454
4497,1109
1615,1580
992,2355
685,892
2006,647
631,1595
808,3177
3103,2946
1974,1109
2244,2690
1000,903
205,1194
1070,144
4540,2095
2909,3080
4039,1547
4679,187
3397,2080
5859,1023
126,1278
465,744
146,964
5552,1280
4788,130
4287,2588
4768,417
5112,227
1211,1473
5591,1393
5627,1804
4906,1290
3049,966
2373,417
1299,539
2543,3080
3615,1377
2097,519
4072,1064
495,744
2735,806
954,1258
5496,1506
2657,1115
1340,2233
4607,849
3907,1377
4818,480
3135,2029
3212,1495
2990,2614
1834,674
5696,1917
2007,602
3595,2953
5830,1917
1936,1890
1879,1356
2116,2989
581,272
736,2095
2699,2815
3697,1917
5338,896
5484,2411
3247,2620
5663,464
4639,895
5076,896
192,2382
5039,1014
1324,1484
2231,2188
4803,2989
1311,2188
3625,2199
2042,946
4719,1009
1775,602
856,2547
2408,2989
2685,1577
1341,1838
2311,3056
1206,1613
2689,1696
2613,2640
1472,1732
5173,2118
5252,2411
990,268
2594,146
4440,1035
3526,880
1998,2717
3753,290
2500,3113
5456,2591
1870,2717
2212,202
1303,2835
147,895
4586,2630
463,2629
2188,2999
801,2624
405,2624
1778,849
3282,1809
2332,2189
2619,1465
792,818
1437,556
181,664
1306,1039
3015,1465
1870,3067
2942,2118
1576,2620
3459,193
2792,3113
1283,1809
3387,290
742,2394
374,1998
1033,880
2531,305
2825,2472
1340,1562
242,1290
3957,1574
412,1701
5264,677
4538,573
341,2989
2528,973
1700,1316
2338,849
2422,2240
2754,727
3709,2411
1811,2086
3664,948
3447,2411
1622,2564
1756,2564
4285,2729
5780,1883
5789,1437
5121,749
319,1136
262,602
1802,1219
1208,480
812,480
3078,1009
5057,2427
5007,620
1082,1280
5356,2494
5438,806
658,952
1019,177
1561,2446
4512,1580
107,849
3394,1595
808,896
4244,1765
880,18
1053,700
2825,2606
5418,1278
4498,2032
498,855
4990,2494
599,1661
320,2246
790,2195
3257,1482
2567,1035
1455,2585
3714,2889
5811,391
1563,2118
984,2411
2966,1683
734,2236
667,1014
4891,421
978,2596
4651,934
877,1009
170,1147
5178,3080
4488,2633
4147,2340
1905,3171
4377,2802
3238,277
5016,1971
2168,1272
1936,1703
3968,2782
4212,1422
2887,2679
1686,1528
2524,2627
4986,816
975,204
3712,318
852,1302
2509,2504
3784,194
4411,1258
1278,363
4612,201
379,2960
1807,892
778,225
4969,2690
3455,1042
2780,1627
576,1030
180,1030
2986,1503
279,2729
17,2729
4045,1258
894,3002
5330,602
359,214
3451,519
5474,2044
5591,2629
1819,313
2421,2633
3589,1392
4862,2419
5836,181
106,707
586,1344
36,877
1509,272
4268,899
2298,2418
5947,2614
4529,674
3939,1397
5761,946
3141,3080
5207,2989
4037,1151
1432,964
4529,1613
5267,1542
452,2633
3115,2798
3380,63
3149,1628
5071,849
5270,1998
5731,895
3220,1279
4297,674
2451,539
4471,2547
3263,417
5735,1014
4374,2614
1743,452
4451,2080
116,590
5811,1009
2347,2818
148,313
1794,2080
230,877
1080,1047
2341,2249
3702,1403
3905,42
42,1580
5326,967
2492,2418
1394,2900
4668,967
5208,2409
4239,2547
3031,417
1321,1109
260,1658
1746,1258
4260,391
1080,1397
5579,1009
5765,1953
2695,3127
759,1756
3574,63
4477,1557
4813,1506
1559,119
4506,43
4587,1917
1176,2044
2568,319
5147,39
3065,1125
5343,1671
1684,2450
2833,967
5906,1030
2215,2086
4846,1804
2962,1377
439,2690
2619,2701
4388,926
2222,3065
5745,2590
1070,1998
1390,1222
3083,2835
2163,2835
2101,1957
1552,2681
4489,1917
5299,968
2847,1023
3296,849
4142,1809
1810,2158
4064,2118
4299,480
4247,290
5909,2590
658,899
2734,1496
2314,910
4267,942
4298,1009
3709,614
89,1910
3774,1009
4490,1179
4519,1917
2788,1732
3922,1661
852,1115
761,2717
3514,146
986,1115
5732,2139
4740,573
1853,700
3064,849
304,2249
1324,1110
3974,1070
5842,964
5257,2031
3072,2430
2676,2430
441,268
3966,2118
1555,2174
1390,417
1899,2738
200,556
2122,2029
4066,1009
1278,1115
655,1136
1672,480
3102,2430
743,956
4982,1395
2100,2620
1436,2640
5696,738
2905,573
1417,146
2500,2739
3697,738
5194,527
1336,2409
1248,310
3992,1595
2151,1804
2516,239
267,1377
1466,1701
5599,1744
5914,816
475,2080
3119,2195
5067,1883
213,2080
5743,934
2200,1696
3717,609
1344,957
5852,877
3964,2960
5027,1703
3056,2031
5286,1405
2027,2118
2008,1876
5007,1990
5862,2504
342,2086
2000,480
2879,1580
754,2030
4439,1883
1607,1717
1265,1953
221,1917
1747,1138
1795,2118
2066,137
2899,892
5266,2227
2793,1405
1702,614
3223,989
241,290
3524,163
375,290
2866,1883
3138,127
5512,2633
2977,933
3192,2807
3474,1739
3608,1739
4611,1185
3587,862
4578,2957
5780,2798
481,127
1269,1671
5238,2249
64,778
2032,2596
5039,319
2840,820
4851,1022
405,290
2091,3176
1363,1683
4281,677
2510,127
1219,214
329,645
1886,677
2941,313
3543,2633
4209,2494
5463,2717
3281,2633
4719,1253
5246,2490
3446,2700
3611,1047
5058,2439
2014,862
5092,2023
2210,2494
3679,2679
1829,1082
857,1703
2042,2129
1393,1683
5830,417
1064,461
1102,753
3662,231
3724,1109
4403,1397
1032,1677
4855,740
4239,2494
5409,2080
4397,3080
5889,2717
900,2689
1323,1102
1122,2509
4694,41
4351,3085
600,892
2599,2023
2912,268
580,1179
3627,21
3341,2633
1395,574
433,1883
5748,2835
3100,1258
1678,108
945,2997
4582,1116
1738,2633
5584,899
5023,2552
3784,1109
5341,1141
1478,2679
1882,1042
4110,2999
4650,469
5425,2717
3788,2167
5345,2953
92,435
3977,376
4933,1696
1340,3095
2746,514
705,2355
2635,3127
1508,2679
3922,1608
3230,2778
1153,236
2978,1022
3749,899
5414,464
1888,3085
596,318
3199,432
4524,895
126,1335
2056,417
2400,227
1044,2171
5050,187
4540,3091
2848,2080
2590,1290
1614,2701
4439,1696
227,3080
4344,146
3628,730
849,2080
4500,659
5692,2256
5398,1809
5468,1050
3723,967
2900,2620
5412,926
3244,740
4947,3041
4501,480
1562,417
3152,1151
2224,1290
3891,1490
3927,1147
587,740
5600,573
194,1977
5889,2396
4058,849
4500,1948
5088,2118
2930,2620
731,3121
4119,2256
4542,3113
865,3121
5189,480
1634,2363
144,1109
4927,480
4753,1081
2215,1362
379,1915
5181,1528
2138,1115
89,2341
1567,2080
5448,2811
489,740
2659,63
3507,1850
3746,146
2896,1696
3240,1506
2951,1403
5657,2396
3126,2158
3544,1917
5593,2411
987,458
785,2953
2143,146
3094,2620
2942,2980
4893,2939
1431,849
3654,1496
2623,2
4502,839
4638,1666
1095,2620
4949,1528
5097,2180
3302,290
485,1910
2696,480
669,1465
4932,3052
3091,1009
553,1290
157,1290
3574,1917
5623,2411
4224,2965
1163,1973
2569,146
1999,2245
4270,1620
2119,849
1857,849
2473,3067
62,1403
4661,2939
2211,3067
3331,3098
1526,2964
1125,2620
3200,363
3320,1219
4151,1147
183,417
2910,3041
5028,1420
4143,2195
2188,3056
648,187
4018,214
71,1115
3163,1420
2075,146
829,1696
1605,1917
1887,849
5464,2889
4679,862
2549,968
1850,967
3837,3027
4150,1272
1703,1671
5738,1179
2852,188
1200,1050
5725,1883
422,2
2968,1302
5881,144
1977,1681
839,290
3726,1883
5947,1703
4880,744
2132,1969
1373,1917
5091,964
3446,2997
3790,2807
923,2620
2819,2118
804,2174
5446,374
2212,393
2330,614
921,480
1306,291
5756,41
621,188
3756,1883
5934,313
3890,1883
4181,369
4561,590
1622,527
1756,527
1054,1009
1133,1302
3931,194
4940,2838
33,957
1246,1179
2746,677
3288,2946
984,1179
2020,573
3167,2427
3817,2509
1012,194
5284,1335
2741,1272
5363,1628
4178,421
5482,2259
652,3042
471,2472
2243,214
3222,2484
560,1009
5099,2494
2841,2792
5346,119
1397,2637
4064,2012
3606,380
2171,2031
3668,2012
4709,996
400,727
551,896
3507,374
4479,1473
2679,1683
1287,964
595,2134
5392,1403
4736,2792
3688,1883
4505,2105
4171,539
1246,374
5879,740
5483,740
194,2729
4693,2341
5775,2080
1701,954
1169,127
2800,108
2122,984
5513,390
960,3171
1268,1072
222,1744
4926,822
1001,1482
4411,376
3874,3177
1752,892
4369,904
4146,78
1529,820
259,1030
2010,369
485,784
3493,452
10,1457
1875,2396
2529,934
2830,108
4062,380
263,2842
1951,139
1467,1258
689,964
837,862
4340,2953
1303,2355
3292,2798
513,738
375,2494
3030,2798
3369,2264
1777,3177
1381,3177
1324,2643
3528,42
2234,2864
2547,1109
1859,1489
1879,421
1567,1088
3931,2906
4183,3127
4632,2953
2450,2115
4272,2418
5223,2640
5259,2297
4803,2054
405,2494
5701,952
4768,2999
1411,3177
5461,1465
5600,1809
3229,2984
2847,2690
2451,2690
4583,967
5414,895
3552,227
4450,1377
3342,417
2946,417
4756,895
3804,448
5361,480
5273,2353
1166,1279
882,1520
66,934
1265,1258
1795,2012
5690,2641
2968,1115
175,877
2152,2249
4798,2999
3726,1696
3263,474
3452,181
986,2782
1017,2095
5948,2118
3024,1397
890,41
4114,2717
4880,1496
5883,942
3319,2
84,1109
1691,1258
4578,2851
1193,981
4713,2487
4763,1850
1581,2029
3250,3056
249,2115
792,822
4613,2256
2870,556
5041,259
5874,1014
3668,536
2687,849
5868,2889
2960,2701
5104,49
1451,1397
1999,448
3979,1337
4526,1506
5264,681
3564,2815
3808,1455
1776,2096
690,895
3262,1696
4038,1917
4172,1917
4917,573
2131,1506
5147,1035
3911,829
1500,885
1701,2861
4163,1804
5663,1302
3115,895
4326,290
2163,448
1994,1393
333,2701
3719,1009
5776,2118
1005,1064
2092,1147
1161,1577
5075,758
1019,181
4106,896
2416,2964
5253,1030
2314,967
1491,2620
947,1998
489,366
4479,2575
3727,1250
1932,1804
805,602
1500,3113
1617,480
78,2717
5897,1482
5329,1964
4310,2739
5852,1739
1323,1696
2233,1917
5770,2838
3941,2118
658,2245
1150,1953
3006,1086
2971,2031
3210,327
741,967
5818,2505
2096,1804
3121,2729
4950,1005
5335,816
4270,1246
5531,2448
5827,1278
639,2353
2265,1990
4364,127
5847,964
1191,614
1717,2158
3871,194
5770,1683
5374,1683
398,1917
2,1917
680,849
4460,1528
4142,2350
2492,3093
1036,3113
3546,784
4645,1658
1011,3056
4674,144
696,1732
3636,677
4737,2186
5920,1977
4012,964
4287,2889
5016,820
1831,1482
1874,2118
4367,374
3250,1580
1667,327
617,1035
4156,1093
5007,2397
2359,820
5427,539
5061,2633
1336,1661
2172,1933
3607,1036
2077,2827
2830,1344
5939,1064
3072,877
1575,896
1826,2427
3307,1683
2622,1580
2360,1580
1548,204
3323,1627
4142,2484
364,188
2473,3177
5672,2413
4226,677
5881,1998
3747,642
2093,677
2025,1482
3102,877
3917,272
2327,1258
4093,1437
3353,1627
2300,374
5001,1023
5839,2122
1049,1580
4440,986
3397,421
4637,1500
2391,3121
3771,2325
2783,2413
1995,677
5663,1115
4873,2716
5919,546
468,2739
2753,1258
523,194
4385,3127
5462,78
1661,2494
995,2633
2504,904
2159,3121
3491,1345
1803,1796
3722,2409
5394,2953
5719,1023
666,2700
1423,2679
2085,2798
1971,1730
4601,1977
1614,180
1090,934
240,2484
4980,1973
4110,3056
1402,647
4516,1465
1867,1915
3916,2409
5389,1804
5454,2953
5824,1732
5445,1147
237,92
5584,2245
2635,740
2063,514
5106,2620
5873,1035
5458,39
2044,1403
2519,1696
3797,3067
5538,1496
132,2900
4237,895
3144,967
5109,824
3273,1377
3376,2256
38,2484
1145,967
4445,1009
890,2700
2602,391
3312,1490
4874,2620
1197,376
3919,2656
2470,1403
3063,1917
4269,968
4919,1050
4005,895
1622,2999
5139,824
1713,2363
1230,674
1348,895
3905,664
2532,187
1611,1305
3586,1850
2579,1696
4285,1070
3667,2189
52,1577
427,700
3732,1086
3171,2739
3570,2256
5713,2385
2652,1393
4477,2179
5167,374
2694,1804
1732,3113
218,1465
2384,824
653,1393
4624,2606
2387,2815
957,1804
236,2044
2116,1009
2861,1917
2966,1179
1911,2297
4910,2411
4230,2652
3836,1035
5436,1703
3588,933
2910,1809
2020,2240
4234,1081
2076,829
2883,363
1124,1136
4206,753
2619,290
3187,1528
2409,480
3692,2195
581,2614
2155,2815
1038,49
3392,1179
967,1337
1311,1147
2825,1297
4690,1482
1058,1455
1728,2189
5441,892
4696,738
2667,896
1369,2256
5094,784
417,1809
3442,892
3046,892
5279,2227
150,1465
3615,820
4432,1042
5626,1022
1341,1147
3275,1883
2614,2174
4305,2960
4788,862
5471,892
5653,374
3660,2633
3210,892
2241,1030
3704,1400
4855,744
1625,2195
3595,2396
5142,1740
3218,194
4701,277
3720,1344
2276,435
2794,2118
2885,1482
2850,2427
5415,2249
1036,2739
1775,3078
271,2118
5772,42
1513,1580
4389,2792
1335,527
440,614
2459,677
3045,2494
68,2139
463,194
5642,319
3152,82
3766,1473
1744,2802
1677,1580
5815,1967
918,1528
3891,421
4171,2690
5246,2978
2623,677
5381,2614
5398,2029
976,1883
5458,2080
1340,3099
1980,1739
889,194
4762,1064
4065,1890
1324,122
2063,461
5140,1397
5078,519
5854,740
4272,2341
5834,2717
2479,1278
4516,2701
1040,713
5376,1115
5663,391
4386,376
4038,1356
4456,1115
3885,2080
953,744
5531,1403
3268,391
372,964
3202,2023
5170,1397
423,1683
3745,730
4860,417
4210,1998
4236,967
2739,986
5748,290
2995,417
1037,41
4657,2717
66,1796
4812,376
4822,1064
3999,2717
2590,2583
3230,1977
2908,1926
3684,1393
5758,1917
4547,78
2883,1115
4309,664
1100,740
2602,1627
88,2494
21,1272
1094,3177
5497,829
1997,2419
536,2095
2673,1278
1169,318
5621,1804
182,816
4399,1496
4822,2353
5517,700
5030,3056
3992,2835
3529,1613
948,1258
3739,110
4296,967
5851,172
2281,1023
882,1577
4956,259
2793,417
3705,1465
4355,1547
5470,480
5700,1696
4619,839
2530,946
3485,2630
4156,1337
1714,2080
1509,2614
3360,1403
4349,1917
3266,987
5248,259
3940,177
5767,824
2823,417
2632,849
3356,880
770,181
3992,2030
3400,2118
5306,614
3162,1014
3449,290
773,637
1616,2080
4973,2656
846,1115
1026,2214
2105,2244
4338,573
4479,2498
1822,3087
3534,778
4960,327
5079,1739
538,181
5325,1014
3670,824
2624,1496
91,2121
4843,681
3268,1009
1296,1701
2046,2953
2433,1147
5545,1138
4786,1086
1293,1403
1372,1696
4405,1394
1475,885
1965,2964
3715,193
3935,2411
4138,1050
4446,1395
5125,1683
5269,681
2490,2031
4302,892
1750,2029
5296,2504
3036,1009
2843,614
4020,1179
2423,1748
4651,2739
2008,1506
583,839
4081,2586
2178,1917
4227,2411
699,1953
2381,933
4960,461
120,556
199,849
5180,2679
686,967
2217,2030
5047,3089
4336,1765
5280,816
1271,839
5085,2792
3313,2606
1210,2815
1948,1990
4078,194
2185,1179
5612,2494
178,1850
2590,2396
4362,892
363,849
2288,2031
1655,2118
1899,758
5693,1335
3931,1837
1326,896
2888,1272
5882,1042
5506,2448
4463,1883
4881,2396
3893,2484
474,1030
529,737
9,2953
563,321
3166,435
3319,677
3598,92
3775,1482
2224,2396
5045,1457
1898,2411
4157,2715
166,1035
5427,2690
1607,892
3978,1437
5836,1397
5473,1345
1269,2590
5016,877
4909,2700
1132,1538
3717,2012
689,968
2162,363
2063,2047
3832,272
4093,2299
2305,1580
4516,904
870,225
3664,1627
3379,677
5266,2341
505,2729
109,2729
2365,318
5840,1115
1091,574
987,1914
5718,371
1232,964
1769,2889
5033,268
4247,1022
732,1580
1112,1047
3815,3085
5558,2341
2292,1883
2328,1540
153,2627
3804,452
5037,2080
4436,2614
4513,2080
812,2448
2677,2633
4186,1685
1237,934
4779,2953
2910,1114
4801,268
1074,2633
2753,376
5884,417
4770,2086
613,1457
14,374
2278,1022
5695,895
655,1868
5796,1701
2945,1485
3289,2049
5440,376
457,1883
4543,2080
4617,2029
2652,482
919,1914
5802,957
791,416
2453,2716
842,2633
1993,1977
3980,812
4677,740
1139,2038
2264,2413
3257,417
4102,243
5005,1737
3972,2614
446,539
551,2807
3481,1064
4711,2953
5098,1147
4124,941
4146,700
1245,1683
5357,849
2253,2439
5016,556
3529,2983
320,3059
4363,2620
1044,3090
4588,2738
5319,1496
539,1642
919,1109
2165,1279
4398,2614
4813,2856
251,421
3494,895
4149,3041
3760,1014
2354,1151
1154,602
3626,1953
2218,2953
1831,63
3713,417
2682,3087
2394,2620
3717,536
4601,290
5425,737
4339,290
3790,1014
4129,480
1190,417
2456,2717
1479,2240
2707,1804
1474,1115
1030,135
5350,2256
3941,2122
3008,1917
511,2953
3931,845
2857,967
5851,737
842,1023
2144,536
1120,967
3766,1717
502,2086
4523,1696
4561,2180
5335,820
952,602
2151,926
2215,187
537,2080
4033,3000
13,2080
1735,2179
2380,1917
4192,778
4837,1482
800,1901
5598,1580
1613,2189
2022,896
666,2086
1650,1290
1242,3185
4626,1420
362,2614
2710,1455
3104,820
1211,839
4034,727
4985,1703
3166,1671
5890,1580
2343,880
283,1917
4698,892
3991,1030
4746,374
5718,1473
2411,1014
1834,2134
5585,1883
3031,2385
5218,369
1728,957
1819,321
1999,1420
2904,1297
3346,2396
3945,1035
4471,327
971,1917
229,1280
3020,2411
2797,2339
5402,836
2389,824
1871,3113
2122,480
5873,421
4957,1883
5480,1658
1407,1666
1928,614
4261,867
2447,1179
2163,1420
5267,1550
624,1405
256,1009
1183,3089
343,1917
1497,2498
3689,826
4692,272
2295,2478
3811,2509
2656,1703
4069,1047
1727,2960
3549,2509
4112,1683
3936,1457
4791,1971
5775,421
52,2118
2282,738
3016,3177
2121,1544
287,480
4249,3085
5818,2188
1704,2195
5393,1258
24,1009
4031,2633
5844,376
1818,984
2750,964
5358,1422
4033,2679
4912,1335
3105,374
2050,738
2143,1683
4631,1093
5806,1023
2447,374
2756,1883
1390,2385
5423,1258
2890,1883
388,2575
4264,2962
238,2816
5845,1890
2421,92
5239,2080
3403,2633
2935,313
5034,2614
3141,2633
2083,1036
2900,1258
3277,1770
5414,391
2953,892
4603,1115
4284,1335
4463,2798
4473,1042
851,1703
5944,556
4259,524
737,2355
692,892
2724,1971
2462,1971
3952,1535
2434,677
5269,2080
4340,2583
83,784
1702,2448
2356,986
931,127
2562,862
2004,2032
2732,519
1100,313
4641,2696
1819,0
1287,139
106,2838
2568,1027
326,892
2358,1971
2877,92
3991,1998
674,851
823,1883
2824,1397
5310,926
616,92
2264,2494
4069,376
3673,376
397,1482
2849,3147
5369,1506
4818,1403
2681,2782
5649,1331
5117,1470
662,1376
5784,967
1549,647
1779,1109
4508,1362
4938,946
631,3002
4982,464
3334,2788
2544,417
3490,2547
5909,854
169,2382
3798,448
1859,314
4927,1696
4519,181
5379,1039
3280,458
3861,1901
504,2079
1576,376
5418,1933
4432,2656
5635,470
5223,1465
481,2095
2205,1109
4751,2409
3388,2620
1101,1022
5583,1219
3170,448
1286,21
3232,2080
4008,1547
5615,1696
2755,1926
2311,946
1289,1258
5091,1696
1973,1890
1515,1012
3172,2214
2855,63
4016,849
1080,2023
2520,1470
5400,172
5837,173
4810,895
4431,310
3882,1034
5019,480
3850,1496
2673,1685
2895,1532
2105,2167
1057,1258
3696,1029
2626,1115
3770,1732
1531,2080
1135,2080
5522,3171
4660,1486
1797,2953
3784,849
5484,435
5148,486
5539,896
1767,78
430,2264
4399,2842
970,700
5815,1703
3022,1465
4844,1014
5456,1770
1669,674
5518,958
3656,290
4920,1009
5889,2591
1637,1136
5345,249
2062,376
2481,2989
5798,194
2162,957
1587,268
2545,1661
2187,1953
4513,1035
5647,964
590,2522
4172,742
1149,42
1011,2552
2083,849
5075,738
1217,2620
4851,1030
2347,895
2853,1255
485,227
4487,753
3333,1111
1241,1701
2758,614
5282,435
512,2989
4206,2396
714,1403
2531,1362
1569,1917
1643,2620
3852,363
985,2620
4374,2919
955,1465
3194,1302
3547,1420
1036,1804
5393,2494
3447,435
4997,2494
2507,1503
3259,1138
4972,1683
2453,2960
144,849
3924,1528
4277,892
2599,2031
2442,327
317,777
5773,2900
4926,749
1003,1482
3145,1009
280,895
321,896
756,824
3848,1883
1036,3093
3586,1883
4768,2792
4897,2448
310,737
3596,127
5227,862
3416,2411
2368,2256
100,146
900,953
1445,2739
1877,2396
2617,2960
4045,892
4055,1580
5414,1627
2437,1272
4407,1473
2244,877
2230,979
3703,374
4909,179
4597,816
2971,2145
4798,2792
1923,1990
4956,934
5040,2325
914,1009
702,2816
3526,677
5707,2788
3458,1482
5548,1977
1871,2739
4988,822
1368,2118
1447,2411
349,2139
5881,1628
1815,363
3797,2079
858,2016
1973,1703
3819,1838
5364,1109
171,1086
386,2960
1814,892
5859,1088
38,1496
375,327
5248,934
669,2494
655,2596
2071,1457
2859,749
5591,519
5024,637
1915,1883
2639,1914
1033,677
2960,2494
4957,2798
587,2842
4415,2249
801,327
2826,2679
3364,1042
4205,1658
4246,2413
5894,1809
2330,2448
5907,2044
4428,2080
3545,272
2493,2627
1813,2114
4716,268
1141,2438
4530,1017
662,1457
5397,602
1508,3171
3696,37
260,1642
5772,664
2134,600
5346,1953
2531,236
631,2494
3726,818
49,1580
868,1683
3065,1109
1021,2679
2266,1658
4953,2409
1961,1022
3172,417
3010,2341
4639,2249
4611,201
5345,2640
3194,1115
2143,1443
2227,2080
1874,2716
2862,376
3261,3091
3908,458
3977,63
5932,2585
2886,181
1647,458
3546,227
4322,448
1286,452
5847,1696
3644,1701
2341,2717
5094,146
4192,1506
4909,2086
4401,2030
330,421
4516,290
4163,926
2475,1377
228,144
1019,1397
3278,1701
5780,1009
2767,2717
1187,2701
366,1017
1169,2095
4660,1917
3034,28
3082,1008
4085,2174
3085,2245
4210,2620
4965,1964
2068,1403
2780,2363
2809,849
4131,1014
4354,2749
5548,2729
5133,2487
5883,1487
205,483
2851,2953
160,740
1185,3163
32,740
1238,2989
3712,249
1611,1285
2043,1696
2130,1850
2557,1917
4479,2636
2295,1917
2577,849
2429,1917
328,2953
2083,1280
1324,1228
5840,2729
4358,1528
5578,2729
5280,820
4237,1009
1896,1804
3611,1486
1546,2179
5665,2324
4386,1482
846,1953
1044,248
3850,2411
4781,291
5543,1580
3447,2960
5608,2729
4309,1420
2951,2729
64,2856
563,325
4718,127
4459,2118
4197,2118
2688,814
4011,2894
2710,573
5518,1873
5275,2115
4950,2355
228,1917
1286,1070
656,674
1191,1964
4116,2129
4429,374
2299,480
3110,2385
5596,1914
472,1496
5682,934
5162,2396
1132,1542
1581,614
2496,1933
5661,996
258,1917
2228,2118
1202,968
3372,291
2571,1703
1554,3113
3455,1457
4815,194
1611,614
150,290
2379,1883
886,1112
3931,2325
2554,194
1996,2118
3684,2633
1691,1482
4637,272
5059,904
3075,2525
5876,934
4931,1658
2422,1179
5837,417
3063,421
2409,1883
1043,2385
2147,1883
2735,2807
3714,2633
2239,2411
5509,1490
5643,1490
736,363
3100,2181
161,2118
3387,1457
4187,2264
745,826
294,2647
3420,816
3895,1109
5801,2049
5927,2188
2265,1730
3249,934
780,820
384,820
2483,3121
5425,2701
5530,2717
4979,2614
5935,1490
563,4
1177,1395
1488,2977
3549,822
1142,2340
801,2047
5574,730
5713,1828
5329,899
1418,1457
3914,2640
5029,2327
4874,1258
1749,1971
1926,1109
5348,2080
5143,2614
2154,744
5299,3127
271,3171
2442,1376
1513,2633
3588,376
1542,1119
4506,458
1375,1356
5396,966
2113,1093
2211,1628
2593,2484
4506,1397
5170,1377
1687,2382
4332,1998
4724,536
773,2227
4135,895
119,1437
1306,2690
4420,1064
4271,941
2528,1685
5272,1280
3606,1490
3924,833
5555,814
3956,556
2120,1109
4468,2394
3389,674
5743,1804
3903,895
3609,448
4338,69
3696,602
3782,376
1637,2803
3857,146
5180,2980
460,3177
916,1730
1220,421
5115,1804
2238,2619
5335,824
3261,2717
40,1278
4968,249
320,514
867,3127
1054,2953
1032,2413
2764,756
2468,1926
3789,1681
4143,2179
12,519
1688,2717
2694,926
526,740
3303,1973
1725,1064
3000,474
3784,556
957,926
2600,2984
3035,2158
5812,173
2869,2620
4087,1496
1468,849
2,181
2710,1809
1347,330
452,2861
2541,310
5127,1009
5512,820
1264,2547
4538,614
1320,1136
4773,1420
3611,1917
1066,1219
1537,3056
2101,2640
4990,896
3202,177
757,1403
4215,2031
2723,2394
3630,3098
2146,1070
1038,110
1528,2189
2753,1482
4919,1595
5289,374
826,227
220,417
564,227
1801,1035
5431,2709
825,2
4371,2729
4247,973
1332,1496
5754,1642
5439,318
1475,1804
2643,2815
266,1701
1976,2729
3356,1933
3712,814
797,1337
2760,2811
5692,1703
5360,964
263,1403
2016,3067
930,2620
3533,290
1461,2256
4202,1580
4019,2627
4139,2729
1505,1050
818,2564
5906,319
5326,2484
5761,1658
587,187
1485,1337
3501,1883
397,63
3239,1883
1030,1696
1057,1799
372,1696
852,3087
986,3087
5076,2494
1397,177
3857,1703
3129,964
930,1465
3896,1631
947,880
3211,1528
582,193
4546,2679
5878,903
2691,738
2634,204
3040,892
2393,1081
2432,2729
3665,1883
3269,1883
4184,2448
1574,1917
574,2180
3788,4
5856,740
1535,1400
213,2174
3625,1703
1283,2118
2778,1272
2721,738
3252,374
2200,2729
2779,1093
5256,2788
2293,2139
3141,1482
1704,1744
2000,574
4493,2802
5000,2044
1404,1482
1295,758
5464,458
5144,1042
440,1964
1042,312
472,2411
1102,363
4151,3038
4748,1042
2125,461
5160,986
2083,2679
2676,1503
4892,417
5420,2788
2715,677
2233,933
2016,2396
2095,2689
3804,82
3764,3127
3702,2249
644,2494
3403,677
2967,1278
1432,1005
2915,1088
1628,1883
5718,1290
614,3002
4821,2994
4031,1377
3305,519
1142,677
1558,2807
1909,1344
940,1482
1860,139
4223,42
1215,374
2839,2382
3947,144
4943,2583
2312,421
3667,1258
1919,1658
4111,740
5630,480
323,1109
440,2448
3819,2029
455,1036
5470,1696
4928,181
1540,2012
1999,82
350,461
1623,734
3063,181
1349,2417
1903,3003
3195,108
2656,1520
777,1437
5808,2630
44,354
3533,2547
3929,2547
5703,1116
1716,144
3975,448
1246,1915
4957,2989
2123,2188
5700,818
770,1397
5730,2158
5737,885
4300,1147
539,1272
1910,2080
55,139
3160,1403
4614,556
744,1115
5324,2409
5394,896
2885,417
4151,2717
460,575
5121,737
4536,1804
1134,519
2696,895
934,1397
1268,519
3563,480
2140,448
5398,2708
4703,1917
2340,2953
2679,2419
3324,1403
5874,193
2645,556
4947,1496
537,2865
3966,1809
2870,674
2527,1998
880,2450
512,2054
2291,967
2704,1136
2988,895
3354,464
1360,1397
3819,69
2306,2029
4953,1661
832,2409
4889,1676
3947,1917
258,1356
1034,1577
4155,2620
4246,2738
3528,1933
2151,556
5394,1030
2291,2256
4896,753
3784,1337
3156,1014
3591,942
4152,1009
3059,1081
4981,2554
5676,1093
1278,2095
5892,2411
1102,1115
792,135
3469,952
24,2249
1464,1696
2636,1917
3766,2636
1560,2158
5772,2494
3182,2585
5648,738
4553,1703
1431,243
1811,464
2394,290
5482,1385
511,2717
1187,1014
3312,372
404,376
2866,2729
5543,2792
4779,2396
823,2989
1263,1009
2142,1917
55,2851
638,957
5812,738
5941,2838
3807,1482
5280,877
3117,1035
3941,2236
2881,2256
5119,1683
4073,2355
687,849
1745,2
143,1917
2734,2960
646,259
5642,677
2891,2385
4391,1883
3369,2195
1767,700
5306,2448
1634,1302
4221,2411
3135,1964
5863,272
151,2158
2212,3
2764,2960
3614,3130
329,2430
1871,3093
3060,2729
2327,892
4144,851
4555,1883
4973,2396
3939,1385
1027,2179
4465,677
868,614
2566,127
4544,2633
3906,2376
1285,902
416,2964
2234,1051
2778,1703
2516,1703
2958,2802
1750,480
5845,231
3004,703
5645,1109
5919,180
4683,2418
4099,677
1855,3125
772,2195
2720,1883
3840,1914
4368,313
161,2041
3258,2690
2218,2396
2237,194
5695,822
1770,1482
2988,2802
4578,2782
5937,1109
3631,2679
5269,421
60,1585
4263,677
3249,1796
4806,1828
3135,2448
2510,2396
2062,1482
4350,272
2155,892
5259,268
4997,1022
461,1528
4215,986
3182,1109
987,820
2222,3053
5544,602
3861,1397
4379,3080
1454,2915
3721,3080
2924,1258
5243,2367
543,1688
5099,2588
3299,354
5585,2481
3202,421
5234,1500
3382,1520
5744,259
5243,2717
1335,2792
3085,21
4442,1685
197,677
5169,2953
181,144
5818,1147
3677,1064
3556,2989
4215,181
4361,1696
2659,3003
756,1580
3232,421
5303,674
4141,417
1233,421
1306,2397
2722,1258
3527,2409
273,1022
5329,2245
926,2341
2115,1977
743,944
1634,1115
3432,78
4171,417
1657,2038
3775,417
3336,2999
4418,2738
3243,556
4903,2029
3953,2409
3280,1377
4770,187
900,2998
4637,3041
3727,376
4926,700
4365,2353
2503,1685
1596,2701
1320,2803
2707,926
5935,2031
4589,1465
5418,758
631,2177
3983,2409
5089,290
772,1658
555,3121
563,1484
2975,2030
3257,962
841,674
4585,1696
753,2547
3524,2245
260,2614
4121,249
1953,63
5595,2498
841,1613
3024,1141
870,99
2776,1039
3600,2240
3046,2620
3211,967
4042,895
2347,2619
4217,896
4652,824
1383,849
3317,639
3320,910
3889,1030
4384,1009
4525,2180
4057,614
4518,1009
4972,1179
4645,784
3726,2729
4065,2195
3012,1696
518,2249
1657,2522
3412,849
2510,2209
4509,896
4593,1533
1006,2188
736,2327
2864,1394
3406,1219
4889,1302
3022,290
4322,1420
120,1048
706,2835
1066,926
3755,2504
3753,1677
5426,194
1528,957
5002,2118
5642,758
5898,2633
5774,877
3752,2206
2375,829
2034,536
4835,2355
1946,2409
4236,1272
4217,1030
2016,896
5765,10
352,243
1671,3113
374,2
1610,1147
1214,1147
238,1804
5938,877
5750,1580
4062,2031
779,2158
4660,2889
2375,2118
778,1933
2271,1014
5764,2417
1188,1804
71,1290
4379,2088
263,1460
297,290
4134,1503
4435,677
5001,1088
3965,2448
1050,527
5291,2355
2963,194
5021,2494
390,2174
2251,897
3982,2802
3519,1580
3994,1873
5511,1540
5881,319
3504,1457
211,896
956,1804
985,290
3933,816
5581,966
2747,3171
818,527
4393,2494
3655,313
158,2174
3683,1580
4894,975
5850,2295
4723,1093
5857,1022
5808,2069
3640,1883
3378,1883
5649,1258
3505,1658
146,1009
5335,2788
4232,2926
2630,677
317,1830
4751,1047
4982,391
734,2118
5930,1658
5908,556
5007,3080
4611,3080
5203,740
5337,740
5948,2614
5804,2835
4968,119
269,2139
661,677
843,2411
3496,2080
4777,524
1210,892
1220,1580
2058,2679
948,892
1796,2679
3990,144
4032,2999
5534,880
3708,2121
2650,1278
4649,2409
2782,1397
3116,519
3680,2547
5834,2835
4889,1115
825,677
3452,1377
5771,1732
4295,376
2975,1977
5239,181
2804,2095
5715,110
9,1030
3923,1901
1044,2643
4635,417
4862,1362
2391,2865
223,2679
1429,1730
4105,602
593,677
6,1109
3306,1151
1988,2633
5615,818
2115,2408
3608,735
5772,1933
3506,458
4208,730
1286,82
4000,966
3480,2620
395,1042
3695,330
553,1628
539,2484
4762,1666
5190,423
1931,1136
1525,448
1647,1377
551,2494
1702,1838
1197,2080
999,2095
2179,2177
2590,957
4407,916
4307,2964
3510,2620
325,3090
485,1093
280,1627
2830,417
200,1109
322,2792
301,1915
2396,1064
3246,480
4065,1337
4906,1953
1022,2614
2132,1957
3531,1403
3466,1917
3540,2620
5832,2118
1649,268
4973,896
3249,1690
5174,2118
2852,1465
3592,2029
2157,674
5271,738
2602,1290
5274,1009
3538,480
647,1397
2906,1701
2147,895
5556,1661
3014,480
596,119
561,1064
1782,1147
3704,2620
3797,2811
1379,1696
4422,2082
5752,2889
709,181
2662,967
3085,1070
3467,2118
2498,2256
2515,1671
4681,1030
1102,2327
2439,895
3822,1528
4658,1800
1082,2614
896,946
495,602
2391,100
3609,1420
3631,1179
1409,1696
815,957
2559,3067
4407,2339
2144,573
1819,813
3694,188
793,417
3470,480
4171,527
4250,820
1390,1804
4807,1677
3014,614
5538,435
3991,2811
1701,942
768,2989
5881,2494
4963,877
286,2656
1740,1809
4367,2509
2557,2031
5778,272
370,849
4117,1580
4018,820
1449,290
3825,1179
67,259
4470,1883
891,3180
2336,527
1207,1696
4364,2396
5453,862
3782,1482
4993,877
3526,738
1168,2118
4838,939
359,259
5426,1109
4044,1078
4388,1642
4529,369
5769,1448
4279,194
4019,1021
5483,862
1169,249
5147,2633
5350,1272
1781,1005
2758,2448
1170,851
5939,2044
1319,193
388,3067
3418,2494
460,2189
1289,1482
3393,1683
1471,964
4046,3002
1238,204
5825,1915
4094,1730
2143,81
2801,1744
851,2195
116,2729
4447,313
1057,1482
1611,2822
2965,805
2738,1580
4181,2264
2391,3162
92,49
1812,1765
2299,1883
2975,180
4897,899
2006,318
5846,1048
299,527
966,1744
592,1503
4386,2080
1483,1482
442,2498
5251,838
328,2396
586,934
5259,2419
1487,2355
4957,2054
3961,1335
3546,1093
2238,1765
3389,1109
586,1873
5625,648
3961,1685
1356,744
1815,1258
1574,2889
4972,268
5431,782
162,1703
3935,1403
5418,1486
1748,975
1634,1627
4180,1207
5663,1290
5336,895
2230,1658
7,1765
4076,2547
4506,1377
3914,1465
4664,2717
5034,1496
5801,2163
3707,1926
4068,1151
1831,3080
1738,637
673,313
15,313
2866,2249
4724,1455
3199,180
5589,967
2010,2264
1023,1042
1584,1109
3428,417
1322,1109
267,2227
2853,674
3615,243
1473,1278
5246,978
891,2054
103,318
4268,1562
2191,740
4710,217
5632,1953
2829,2717
1996,2716
2722,376
2562,3127
2853,1613
10,1258
3172,3056
3812,1696
4264,1039
1372,822
5005,2205
2739,730
4587,2
3712,1465
3682,1064
60,971
4136,480
5299,1147
3695,2989
2308,2614
4421,1403
3662,597
5090,973
5912,3067
2517,2953
887,376
2002,63
4407,2636
1910,474
4919,2030
812,956
3119,2240
321,904
4877,1804
823,2054
412,1022
4562,480
2144,1809
1700,637
2627,2717
3408,838
2482,1804
1756,946
1093,602
1179,376
4341,2174
5399,573
2558,1799
3045,1917
2007,1696
1105,3056
3405,1671
1383,556
987,556
2518,1619
5207,753
4156,1081
5286,1800
3481,1666
895,967
2476,1393
1901,1650
1159,259
5691,573
3975,1420
3803,2656
685,376
62,1151
5456,2396
450,2953
5007,291
3739,2082
5635,1580
2026,2
2967,290
5105,1765
4401,1420
5884,1503
5330,1883
5765,1811
2067,1696
658,1562
2201,1696
1165,3056
1299,3056
2715,1917
867,1147
2140,1420
4423,2118
2274,2174
4824,964
3354,1086
4216,327
2101,1465
998,849
2149,193
4473,892
5624,236
2776,291
355,1911
4916,903
3608,3073
3192,1697
5908,934
3623,163
4230,2827
183,1804
5405,313
212,290
3823,1914
5646,2627
5596,820
2454,2118
2149,1482
3321,1703
2853,137
2063,18
1581,1964
3300,826
4119,1683
4699,272
844,1671
2836,1631
2900,892
5128,1883
1859,1908
2292,1009
4212,1093
5454,2807
1813,2472
5435,313
3132,1400
2867,1883
4770,862
427,1009
4974,2355
2381,677
1655,573
2780,948
2837,1482
4046,2494
3380,2633
4715,374
4849,374
3887,1683
726,2739
3558,461
3336,1580
5158,1883
5564,319
2319,738
4504,1093
5068,3121
4316,1042
5023,1658
4044,354
4109,1503
2672,1765
5203,313
5695,21
2635,1883
5190,1017
763,527
1981,1093
2414,194
387,1179
1913,2652
3616,2509
4466,2679
3311,1873
2179,327
4336,2798
5643,1901
4836,677
3705,2177
1095,892
699,892
1184,2627
427,204
3405,195
2085,1042
2179,677
4094,417
111,1661
3574,2633
5088,2029
857,3171
1581,2448
1872,934
2016,2376
4727,2023
3611,421
5001,1279
4163,934
3860,1125
2664,318
1298,820
2175,1093
38,2472
3309,1022
4093,1104
1149,697
2042,1503
2343,677
4755,1977
2661,986
3459,966
852,2396
1289,2397
3300,155
276,1482
5028,42
838,1185
5418,1917
2007,2798
4464,1397
4812,417
5554,2717
1786,1109
5504,910
2799,519
3712,2701
5608,2953
374,677
4116,1064
3094,1376
1769,2633
905,313
1014,2700
4660,181
5821,967
2232,822
3235,268
3792,1125
2601,2382
4968,1465
4273,674
5311,1804
2701,519
3265,2547
4008,376
4555,2989
5360,1696
2784,1685
270,862
2458,2454
2437,1577
3891,730
1800,2454
5003,1809
5440,2564
3554,556
2365,2640
4130,2409
400,1093
5584,1562
4555,895
5737,1804
568,677
3603,448
5845,1337
3198,2614
2802,2614
75,744
3616,3127
4741,1250
3736,977
3075,1460
5642,1917
2311,1064
2720,2989
2828,2522
3129,1696
5691,1809
3225,2158
4479,2189
2970,885
7,236
4150,967
958,458
5247,1014
3029,1465
3766,977
794,966
930,2547
500,519
4220,1147
1830,2080
780,2788
2079,1064
4075,1732
465,1464
1652,2717
1807,376
910,2080
3159,1696
1515,2419
2969,818
1253,2419
1019,2023
1247,1850
2938,2636
2707,259
5353,1009
1471,2497
1786,1377
282,417
4619,1953
1236,910
516,1752
5490,2411
3690,2621
123,2989
5288,964
1392,110
5323,204
3217,896
5777,374
2198,1671
2518,895
1229,1809
3390,824
4458,2385
72,1896
2639,2353
2138,839
1596,290
620,1701
1721,1490
3772,2811
4422,2139
5575,2118
5258,2411
153,2989
4234,2842
1030,818
1040,1506
5190,964
830,1696
3076,1014
4294,1580
2057,1035
4755,2729
2888,963
4032,1580
967,3098
3572,1595
1498,290
2351,3175
2175,2195
5616,964
4908,877
1113,829
1161,1809
1479,2118
3946,1405
2074,49
3710,374
5334,2382
3957,1005
4153,1883
1176,1528
4612,2397
1327,1697
659,1009
332,614
1025,3052
1359,2174
3943,3177
118,1035
5696,677
2516,1683
1191,2940
3868,3003
5005,2449
3890,318
5860,519
3690,1950
597,1420
5548,2095
3316,204
52,573
838,1482
1234,1482
2715,738
5437,2264
1550,964
1930,1185
5273,1109
150,327
1370,1528
3846,369
2901,1093
4369,144
3727,677
1715,2694
218,461
710,3175
457,2729
3827,1258
1294,1883
2361,590
5585,822
5268,1115
2735,2494
586,1796
1307,2118
2465,2633
4071,837
2601,2679
856,2596
1142,738
5658,519
1733,1179
5881,2
239,2627
5810,1290
3659,519
2965,862
1513,92
1499,194
5694,1115
184,2139
1407,605
1617,2135
4316,1957
3454,272
3958,2249
5794,1696
514,738
3905,144
135,1873
1132,3002
3427,519
5765,1116
1448,2484
610,2139
5462,1115
4495,2080
4037,448
1525,452
2156,1258
3382,2439
1064,2494
398,2633
4405,2537
4393,1022
408,877
5413,849
1878,2418
241,1868
3653,1397
4417,2547
4757,895
177,1883
3924,2614
1331,744
439,2792
1924,1258
3481,2044
4606,2419
2068,448
5634,2861
116,826
4333,1506
1285,2439
2585,1125
3621,519
203,421
1175,1520
2615,967
4827,2953
1743,1977
5829,2174
1811,391
2771,2419
2566,2953
3994,885
1552,1628
3007,417
2737,556
4332,880
1417,1403
5479,1014
773,1109
3651,896
5917,2179
5228,614
3819,480
4958,753
3607,3041
1473,1685
4959,1917
4247,2620
2846,849
2901,556
5905,1014
49,3121
2953,2409
3244,895
2903,602
5318,2385
1615,1926
4333,1990
1169,119
1088,2409
3586,1009
1038,602
19,1377
3040,1250
5346,1400
751,2989
3752,1486
393,837
3784,243
3524,1070
4436,2118
103,2953
2412,2620
5615,2729
408,556
2330,2029
4957,2729
2608,1219
4044,3176
5119,1744
52,2614
2175,1337
170,2835
1999,1111
1419,2522
4628,194
2630,1917
4295,1482
2189,2174
4664,3042
3222,2960
648,2086
5908,1796
1839,1014
3048,2780
5598,816
5799,2792
5398,2448
4197,1297
298,926
3381,1677
4948,707
3850,435
5333,1272
510,28
3667,1482
5116,291
602,556
2235,2118
3477,3078
5392,2818
1930,1482
376,967
1560,259
923,1136
2418,290
3376,1683
255,448
1036,259
5243,1005
1068,3180
5581,2690
2938,1457
4908,1658
1880,614
128,1804
66,926
589,2953
3336,1503
886,2385
1230,2195
3929,327
3416,2960
4448,892
2478,2411
3565,2494
5399,1114
4630,374
5817,1627
3845,2319
3406,1683
3117,1580
4677,1883
5487,934
4219,1971
1144,1081
1975,1009
187,290
3929,677
4325,677
458,753
2849,2704
4318,2889
4044,1566
3063,2633
2638,1703
50,177
2820,1185
5495,421
5918,1278
5233,421
5193,1022
2266,784
2751,1765
4093,677
3506,1109
624,1580
5383,1119
3757,2448
2105,1590
708,527
2094,677
5,784
4874,2181
5306,1838
4838,272
3518,1119
4230,2079
5463,2953
5260,904
289,1482
2563,374
1976,806
42,824
916,1580
2218,2591
4619,1258
4349,1397
4645,227
5849,895
4025,519
4209,3080
1299,1503
5437,1890
5879,2989
5710,1490
1342,1580
4096,1109
3712,180
2036,2900
3543,1125
5360,330
865,3089
2534,144
5227,740
4724,1809
4918,2614
5257,2080
3008,966
4603,1290
1299,2792
1929,744
1160,4
3985,2409
1684,2633
5665,1316
947,2340
3275,2249
3901,991
781,2802
4890,2259
2489,3003
1171,2233
5474,967
2222,2659
2848,3121
5045,2547
5341,1377
2698,144
5153,2080
3711,1998
5363,2856
4965,2029
3753,2409
3154,2080
1810,2341
3933,1064
4470,2989
5485,1506
5275,1696
5789,1917
2110,2044
1184,2818
2023,355
335,806
1324,354
1499,1109
3639,967
1180,2295
2512,519
533,2484
4862,187
3506,1377
87,677
3638,1496
3056,2080
2703,464
583,1258
5705,849
2298,2630
3709,1147
2286,1115
4975,249
1843,2989
3655,1850
2569,1403
5874,1035
4102,849
829,1664
4285,1465
770,2023
4870,2118
83,1093
2342,1397
468,1658
2280,519
4971,480
886,3137
3360,1151
5266,1337
2747,2614
3320,32
2764,2029
2105,3147
4433,3056
1728,945
709,966
4842,1009
1559,1136
5325,1917
691,2080
4108,1953
4058,146
3662,146
1303,2644
1289,494
1743,664
2142,181
1061,78
364,2624
2062,417
2196,417
5558,1337
4873,480
1609,849
5485,1990
5144,1697
4115,1030
4882,1697
2793,1804
5042,1420
4259,28
1597,2717
1191,2029
1201,2717
1752,376
4553,2195
3895,2195
2842,1696
3356,1917
2239,1403
5417,1482
3608,2138
5155,1482
3689,814
3699,2256
3069,1860
2485,1809
2852,290
5749,127
1456,2835
2872,1696
666,464
831,2783
3386,1917
1237,1219
4136,163
4599,2139
2068,1147
2016,957
5256,194
5803,363
5940,826
3350,2637
1803,849
3850,2960
5144,892
5039,2596
4929,738
5856,2818
2442,18
2934,480
1896,259
2190,3180
1666,3180
513,1511
2098,1147
4142,2960
4116,1739
1437,849
5091,2355
631,1917
2601,2118
2914,363
5431,3177
2081,2082
3103,824
5446,1765
3703,2509
5537,1883
2121,1666
2780,1302
1154,2631
2914,1302
3672,1883
1915,2729
4917,862
3630,2411
1028,1179
3380,1482
2344,2842
341,249
1867,968
2722,1482
3078,363
1796,2256
3045,2889
1006,639
1983,2082
1572,1050
5596,369
2944,1302
93,1086
220,3113
2773,1420
4255,1278
5360,277
604,1009
3410,1482
4561,826
2088,2256
1379,1005
5075,1047
5684,374
3266,1703
2934,964
3286,2355
3303,1770
2157,1272
5641,3121
2630,738
4889,1042
5646,1021
897,480
1989,2627
3470,1883
970,204
5111,862
3526,2946
5069,3080
4807,3080
1147,1005
2898,2596
3705,1376
3046,2494
1802,707
4114,2335
685,193
3671,1765
44,2082
1678,1580
1721,2970
2004,2504
5099,3080
2451,1503
3528,144
990,1179
4512,1068
1635,1883
2707,934
2097,1914
510,3171
2654,519
887,677
472,435
3199,3059
3846,426
4677,2798
2232,826
2634,806
1789,2700
328,2376
2212,1113
4975,2640
2375,2797
3163,1335
1010,2181
3847,1967
1178,1765
5691,2029
1269,1883
2876,1278
4030,139
5692,2439
1559,144
917,677
4659,1064
4148,2080
5330,2989
2188,877
3399,272
2215,2700
2877,1853
38,2960
3534,1628
321,2494
1193,3177
4861,417
2720,2054
1402,318
3936,2547
3533,1376
947,677
1513,1088
4262,2717
3505,1048
5562,1403
5737,2158
2824,1064
5833,2620
2488,1115
1512,82
588,1683
619,996
2260,2419
448,1114
1205,1093
5797,896
3202,1397
4000,1377
3542,1465
3624,2029
2712,2701
413,1278
4255,2835
2703,895
1122,277
1211,1258
1607,1258
3491,2439
3914,290
581,862
4943,957
2914,1115
5265,1008
5461,2640
5705,1280
852,2079
2029,2644
3144,1577
3672,1696
247,2679
4213,330
1637,319
5498,2118
4925,2256
5520,187
5260,1014
2292,21
554,1109
4456,2717
4714,1255
5584,1111
2427,1377
3194,1290
1305,519
551,811
3944,290
709,1397
1227,3080
2635,2989
4803,1485
1255,2095
3574,2450
998,2439
1000,822
1853,2953
2949,146
596,180
2698,1998
2897,895
1799,1377
2556,602
3394,1701
3712,290
3060,135
4842,2729
4246,1917
1030,822
928,2989
2447,2537
1471,1696
4151,2030
4648,2082
3535,778
3624,69
40,1022
2255,2717
2625,1496
1221,1706
54,139
1062,895
1743,290
5881,677
5714,1503
1603,1973
2535,1953
405,2059
5398,2960
933,2178
2297,849
5074,2082
4198,2411
5681,2494
190,1316
4703,1580
694,849
231,2256
434,895
2726,1147
2884,2487
4661,573
4532,1883
3907,2585
4256,2739
1403,1696
5711,2494
3130,2139
2524,639
5156,1683
3680,327
1558,2738
5223,461
1565,1465
66,849
2877,1666
158,1377
170,448
5543,816
450,2717
1042,377
4718,2396
5807,862
1464,1009
3814,677
4268,3099
5751,738
4008,1482
2430,573
547,3000
210,1917
5031,1580
5144,1457
450,3067
1522,2118
2289,2031
3480,2494
5835,816
3974,3002
4330,1883
5507,2448
1054,737
364,290
797,1081
4087,435
3844,677
344,2267
3847,1914
2007,1005
5307,1047
2260,3171
5637,2679
2657,363
2266,707
3386,738
5767,1971
595,573
2394,892
5017,1658
4270,677
1785,784
809,2195
926,2780
2371,127
4033,2427
3014,2448
1407,609
4638,2012
3936,2494
1050,1503
1332,435
1387,896
1767,363
2746,2633
3991,1612
3670,1971
3052,1400
1145,2679
2420,369
2067,1005
1867,1883
5735,2409
4202,519
5755,2095
727,2139
5090,2644
5704,63
3863,272
2598,1580
5306,956
1448,2838
2761,820
3984,1730
4681,904
787,877
4945,950
10,1185
3785,1520
25,527
4698,1258
4796,2547
1019,1385
1595,2484
4484,740
4699,2614
2338,313
5423,201
4165,1926
450,2396
4340,2681
658,3099
4973,904
2538,2818
3866,2798
2004,2130
5440,2999
4626,42
4027,1403
3101,2177
3746,1915
3013,78
4487,2327
5879,602
2322,1658
5854,2989
4467,2614
1112,421
458,1883
2865,1119
4205,2614
5563,2059
3537,1926
2135,519
5593,1147
1634,2977
3151,1890
3046,376
3442,376
1122,2802
4453,1403
1635,2798
1511,1042
3782,417
1676,1109
320,2299
5132,910
4910,2029
4151,1977
1303,1278
5191,1490
3386,1356
2417,740
2236,2614
3210,376
4824,1696
4483,1403
4063,63
3576,2419
4221,1403
4814,1917
1457,2095
5284,2620
5698,1671
5815,2256
2163,42
4909,464
4877,926
474,1022
5549,2487
2662,2614
1559,1998
769,2633
2689,2717
4150,3041
4592,1696
2422,3127
2448,2096
3690,3056
753,1376
5439,814
5449,2256
757,2249
1235,2059
5710,2031
646,2418
3001,2430
1910,885
5460,2041
2046,1685
580,1017
914,139
2345,1752
1116,2717
1737,1115
2155,1628
3471,2729
3041,1455
1647,2353
112,2080
4727,177
5384,2396
2416,1403
4661,1809
3291,849
116,509
3631,1671
3722,1035
4083,1014
4072,2353
1042,674
1294,895
4293,1009
1767,1115
5946,1503
2634,700
416,1151
2372,700
4323,851
2525,1696
4791,727
1566,2522
1738,1316
858,2435
3752,1035
3893,2960
4148,1035
4956,1703
2430,1809
778,1917
4224,1030
3000,3093
1618,3062
3531,2729
3571,3067
4777,2118
4710,896
3412,2256
3904,1964
4929,2889
2224,778
4516,1030
2382,2118
5405,374
96,2620
3818,1631
3337,3021
3659,820
1271,1799
28,2866
4857,892
2625,2411
1315,2256
2046,1014
3264,1580
793,1393
2921,2180
5772,144
2599,2129
5906,144
718,1219
1205,1337
4202,816
1669,2195
5848,139
354,942
519,1009
226,1696
24,249
3346,1770
3690,1580
5904,421
3497,1185
4532,2798
3160,1765
2802,2057
4171,2792
3123,1883
3904,2448
2861,2637
153,1009
2899,677
1032,1917
4826,2494
2506,194
2637,677
5381,2716
1355,2570
2573,2355
688,1703
3153,1883
1360,820
4032,539
5740,740
2231,1278
5240,2080
4975,119
253,435
2734,2838
3751,2182
4470,1115
2343,738
4404,2747
4126,524
5614,227
5770,740
255,1420
389,1420
2715,2946
5702,1737
3455,1258
2395,1278
3680,1376
3179,3080
2189,2341
1831,2633
4293,822
4302,376
4331,1868
70,327
5906,1917
1897,1940
2553,524
2243,1796
2213,3085
3939,674
5847,2249
5236,2095
516,2484
4112,602
4530,1115
5700,2953
4879,2989
4860,2747
3779,1890
5185,63
5897,1023
1580,139
5936,1917
3835,2953
4609,2347
3069,1730
5803,2327
3217,1628
3547,42
5623,639
1454,2659
2560,2792
3413,227
5682,1219
200,1093
3927,448
4073,2717
3653,1377
1172,2946
4207,2717
3811,2717
4362,376
1027,313
3935,2029
5043,2989
3499,910
4946,3056
2365,2701
2827,1042
2820,63
3802,1850
2389,816
1902,2418
5212,2394
2638,1520
93,822
4909,895
4267,674
32,2798
5610,942
3891,2080
3975,2717
5220,1696
1734,740
2518,822
2265,376
4131,1917
4650,2482
5839,2118
4082,2964
4870,2256
1320,319
4677,895
1831,1023
432,1577
413,1335
4637,1496
5020,480
5536,1528
2609,536
2678,895
3994,1804
3932,926
3627,290
726,519
5118,2708
2231,2835
1153,2249
3765,1917
1311,2835
542,2095
1536,2953
4382,573
1080,458
4242,2256
4338,1964
978,181
3302,880
3279,896
3062,3113
4271,1681
2815,1701
4386,2385
1428,2080
5688,363
1834,1455
1008,181
839,2624
4459,2082
4182,1050
2430,2240
3638,2118
828,2465
5475,1009
1,2656
5837,836
276,417
2543,3056
4709,163
2228,1732
1420,1973
3256,2174
5387,2478
3668,2118
1770,1039
5106,738
2533,1964
5148,1149
1266,193
4609,871
1823,1804
5159,749
5004,1400
5427,1503
3152,1420
4081,1883
2720,2729
1061,700
1348,1696
4056,1072
4407,363
3832,2118
3436,2118
3911,2411
5270,738
5394,2494
2491,2842
66,556
5522,2679
761,3067
2526,2082
1882,290
5323,749
4416,1765
3600,1179
4407,713
5399,744
4234,4
1125,1250
2709,2139
5025,2977
5300,738
4467,1703
1707,824
5745,41
1187,2478
3879,1883
4053,3002
3674,2417
682,1030
5478,3080
1743,1420
5925,2079
2533,2448
3455,2494
1548,363
4080,1765
4959,421
2087,1580
5418,181
1815,892
2663,2679
5330,2054
4146,318
3528,1437
4264,539
1819,1765
4746,313
3691,677
3104,1109
1823,194
1300,2139
2647,1395
3357,2494
2961,2494
3828,2079
1228,1482
2152,2355
648,1395
930,327
2117,1580
2184,2802
1064,327
2186,1185
2431,2679
5372,1125
3558,1437
4425,1022
5898,417
3721,677
4958,1485
3893,1915
5823,243
4479,1258
1345,3171
3057,862
5464,1064
4399,740
3387,2494
1064,677
3149,3080
4295,2080
618,2842
103,2396
1581,2135
4561,509
992,2494
3316,749
5666,417
3608,2089
4807,2413
10,892
1577,2366
2064,1730
14,1765
3087,1828
26,836
3575,3080
108,1400
2379,21
1986,1258
3528,1921
4309,42
1609,2439
5463,3067
3481,2105
5874,2409
2121,1833
5769,895
4731,674
3258,2999
178,1765
4651,910
4768,1495
4809,1496
1480,1278
4140,1926
4835,2717
2597,2701
3244,822
3827,648
3411,181
2690,421
5045,433
1566,2900
5537,895
1134,991
3727,417
5253,1136
4382,1809
5497,1496
756,816
928,2054
432,1658
5879,1009
5650,957
4910,1147
2124,2080
216,313
1821,2079
4008,63
2147,2249
3281,2178
2808,268
1409,822
1536,2095
5528,967
5760,2256
302,2716
1778,2382
4133,2394
4546,1809
607,319
842,1125
2442,2547
2533,1911
2550,2080
2092,448
3289,2419
4339,2620
915,822
5643,2206
4605,2739
4982,2497
5381,2960
5715,2082
2528,1917
1055,78
659,78
1280,2640
4035,896
2068,1932
2266,227
3267,2256
4681,290
4075,480
2798,2717
3500,2989
1325,1070
5038,527
4174,2179
2591,926
3327,28
2050,1511
665,2717
2456,2953
2843,1147
1095,1547
3239,1147
126,1685
1206,597
2066,1455
4339,1465
4841,363
3559,2256
2473,1055
3054,2498
2078,1465
2422,2029
3504,1014
1121,674
1248,2701
1736,1701
3269,1147
3785,2195
4499,784
4712,1831
5300,1035
434,3127
2984,1917
4078,727
4762,605
3819,1964
2647,2497
926,556
5177,820
669,2620
1665,895
2847,1804
3528,445
5632,1400
1874,480
4971,1883
993,2717
1929,187
3605,2385
4408,2709
3004,2919
263,1151
3016,1990
5920,1278
5823,1345
3562,968
3075,2570
1485,146
1982,952
773,849
3101,758
2540,2411
4954,374
5341,820
4379,2129
2816,1528
3244,2729
4796,2417
228,2
4739,1883
3426,1457
172,824
220,1804
4234,435
3661,573
2256,3002
2497,1933
783,1917
4053,2494
2582,1482
3659,877
2162,896
2938,363
1924,1482
4474,272
972,1035
1349,1547
2004,2939
4912,1437
5251,903
4645,1093
2774,2591
3763,2139
4417,677
4551,677
4155,677
4611,1482
3819,2448
2518,127
3194,2396
4314,2427
551,1917
2160,2139
4217,2494
110,1420
3754,1272
5419,837
3991,461
900,758
4284,1437
4457,3085
2492,784
2712,3002
4054,1914
5112,313
4484,744
2450,3002
2410,1883
1438,2504
4929,3080
1176,2504
4509,2494
5376,2079
1270,2139
1334,1400
3581,2633
5516,2059
683,127
3051,2818
5253,144
4286,1109
561,137
3356,421
2662,2484
0,1009
5793,2717
5077,2547
5843,2080
703,1883
837,1883
3483,2633
2077,518
2605,2889
4859,2095
795,2411
5323,2953
2417,2838
4285,1042
1172,1580
3386,421
504,892
583,1185
1708,1560
242,892
2306,2448
867,1883
5010,2614
2417,744
574,318
4755,2095
2494,2095
1336,1580
930,892
1897,1058
4975,1465
5725,2717
4943,2681
5318,1804
4633,1701
3931,2183
5734,1490
5426,1337
3331,3127
3529,1422
5881,1917
211,2494
821,3177
5627,1219
207,1971
2142,1397
2990,740
477,519
3725,371
241,2494
3935,1147
5387,1917
2861,2023
2853,2162
919,837
666,391
5506,1050
3682,674
3811,330
3993,2256
5801,1907
739,3121
967,504
4638,2179
3826,49
75,862
111,519
4227,1147
5679,1917
3316,2953
1814,376
2232,135
3013,700
5456,2811
5454,2738
3846,674
3364,2620
5833,290
194,2624
1149,144
1672,2363
3200,1465
1451,674
2731,1926
1227,966
4427,3056
2966,480
106,1464
1866,135
1343,2080
3024,458
3177,700
4268,2245
3251,1403
5068,3052
4106,1917
5241,2980
4811,952
3844,1917
3861,1332
264,2989
5207,363
4436,2960
5602,892
1137,110
5330,204
1484,1911
3249,926
5128,1009
1867,895
4260,1953
4470,2729
707,1465
3668,2041
3874,1917
3590,2158
651,2095
4114,3067
2163,664
5186,2118
1121,1455
5338,2889
2998,1465
5632,892
5076,2889
1289,1039
3369,3098
1834,573
4965,614
4500,2729
1198,2614
3966,2041
160,895
669,18
32,895
460,2096
5063,2842
5264,92
1238,700
4400,2498
828,2522
2961,1933
3436,2980
1529,849
3442,1482
4450,1272
2626,896
4257,877
1858,2256
4383,2679
5374,610
3495,527
2566,1030
943,2630
1191,480
533,480
2076,614
5471,1482
3401,1831
4932,2894
4918,744
4995,964
4410,2031
5045,327
5702,2546
2035,1744
1278,2327
992,1933
2446,1086
1754,2256
5746,374
5159,806
352,849
1917,742
3827,892
3474,1528
4589,461
3738,820
183,259
5045,677
523,1081
4948,744
5527,3080
224,1953
3519,897
4441,2633
4837,2633
4778,1272
4842,2977
5323,806
4385,2509
2418,327
967,2411
2334,2319
4593,2623
4768,934
2724,2504
2703,1627
5203,862
3210,677
4471,2633
3840,2012
5748,1335
5135,2798
3679,374
3334,1093
4115,904
4903,2448
5269,519
5417,417
969,1302
3386,2946
4937,2409
4975,2701
5495,458
3965,2249
221,1035
3323,2782
2418,461
5789,181
4410,421
4411,1023
5495,1397
2437,1642
2817,1109
3230,1278
0,2729
2545,421
4871,2701
2572,1278
5158,1977
1686,3171
5392,895
2924,417
5207,1115
446,1503
4479,376
5490,1403
3353,2782
1901,2012
4215,2023
870,518
947,738
551,738
1394,2181
4056,458
4100,730
3690,2552
3048,3085
1260,2366
5353,1290
425,2504
29,2504
1091,867
1039,677
1714,92
903,816
1338,744
737,1278
4221,3127
3622,2044
4804,2953
5127,2640
1407,2012
4146,2953
3273,1109
5907,536
5253,1998
3508,1915
4621,967
3458,108
2169,1022
3380,417
2356,848
4369,1685
2092,21
3855,3127
1921,139
971,519
5859,2158
4572,2953
2173,2080
337,2633
5406,146
5530,2656
4160,1696
502,2700
5218,849
3258,3056
3356,181
4674,1917
3576,2399
5596,243
3932,1280
4701,330
4389,967
1675,1022
364,2177
1042,1109
4142,2029
3004,2358
5540,1250
3382,1752
1995,1377
2549,2717
4885,2487
2571,32
4190,1696
4442,1917
4046,1917
2243,2418
2680,2419
4254,2620
931,1628
5425,896
3672,952
1065,2382
2591,849
3736,1876
3044,602
5002,1732
2433,448
1834,1809
2529,910
2317,2717
397,2633
1906,1685
2868,376
3661,12
5330,2729
1713,1290
3547,664
1115,2095
1154,2989
1484,1403
3529,243
1531,2158
4241,2923
2802,2358
5691,614
218,42
3886,480
2643,1547
1268,243
758,895
106,740
1678,1804
2752,1490
3927,1420
348,2717
1819,1285
3613,2950
4093,177
2241,1917
4791,707
3863,3098
4050,480
3480,327
1803,2630
581,602
3320,2297
2212,1337
808,1547
4571,2811
5438,2396
5176,2396
5890,1739
1416,1403
1891,1696
1591,2158
2405,1917
4320,2411
2162,2913
5543,877
3717,2118
1193,3051
4030,363
5682,1975
5158,2729
3766,2010
4019,204
3528,2596
2151,1219
3441,1661
516,1496
3558,2246
5050,1883
311,2030
2635,2729
2214,1009
1656,2179
4545,435
2435,1917
1294,1009
4362,1482
4088,2411
5177,877
3936,327
436,1917
40,1917
4106,738
174,1917
5767,1093
3613,51
681,967
4151,1420
1169,721
3266,2195
1841,1528
2211,307
4800,2997
194,290
4332,677
1393,614
928,2729
1981,784
563,1850
3699,2427
4446,964
4485,892
5863,2679
3941,1960
4603,2079
4405,374
1607,1482
943,2256
1674,1014
1351,738
1910,2422
5069,539
4150,2484
96,290
830,2729
5701,2701
1044,968
5600,1114
1343,1035
4579,2782
3137,2700
21,1809
359,1804
1288,2267
5052,2413
4436,1915
3398,2448
2751,1883
1662,1138
3293,1119
4033,1683
5901,1577
1849,964
5006,2418
5448,319
3309,1063
2311,2715
4541,1335
425,707
1275,877
4556,677
1419,2319
1596,1457
4421,452
3435,421
4882,847
3901,1914
4295,1279
2908,1658
1411,1677
5284,2547
889,2504
1309,1400
5510,1547
816,713
2657,1258
4909,391
277,435
2288,2889
5211,2419
1197,1344
5702,2656
1161,1098
230,1528
3592,2448
5259,2086
116,2180
460,1990
3452,1125
107,374
2063,677
3760,2409
666,2997
2942,2716
1073,877
4295,474
5341,556
2531,903
2405,1730
5497,2789
1603,1042
1410,647
5274,2717
4985,2614
5224,910
580,1883
2354,452
270,903
886,3121
1390,934
2092,452
2811,139
858,1073
2403,2788
2057,1397
4111,2989
2509,740
286,847
3708,1064
4030,1115
2741,2029
5174,1732
3040,376
5430,1917
5564,1917
3463,2953
5450,849
4063,474
5756,2087
2961,1022
5256,983
4897,1050
5627,926
3543,1377
2779,227
2421,519
3701,2717
3587,895
258,677
5765,1799
1016,1258
1859,2701
4462,2815
2311,2044
2708,926
3441,319
3623,2245
5815,573
3752,1901
832,2080
3826,1850
3608,2122
3615,849
5328,1394
5719,1804
1281,1125
1257,539
3414,2256
1807,417
1316,1119
388,1258
3862,2419
2800,1804
2079,2044
1206,1890
946,2717
3725,1367
751,2249
1000,2953
3911,968
690,1973
3529,674
4396,259
5676,1703
5120,290
3788,2066
127,1109
894,1022
2888,1809
937,160
2830,1804
2795,2749
5431,2811
3350,527
3675,849
5712,2272
4943,778
5101,2118
3433,1501
1685,1901
5852,1528
5194,1528
3893,927
4677,1009
4861,2816
1963,1064
4415,2729
5848,1005
2678,1009
4278,1677
2528,1250
3507,110
5031,194
4320,2842
1324,2245
1126,1506
5021,2889
5721,1580
4374,3078
2949,2411
1870,2189
3004,2118
4987,272
4331,1661
829,172
218,18
1811,269
138,1752
3168,1179
2347,249
3835,2396
3743,2807
2241,2482
4833,1683
385,1070
3084,892
4457,3089
334,1290
5010,2484
4960,677
2157,2195
2138,1953
4118,2842
3447,1883
773,1337
5269,2186
1265,1799
3966,2448
4709,277
4232,877
2735,896
5295,374
4440,1580
3510,892
803,2118
4803,851
4242,2504
5766,144
2206,1683
2901,784
2689,2591
4525,2038
4131,421
5270,2946
5380,108
5366,964
4722,862
3803,2807
2748,3171
1537,1332
2732,1914
4134,877
3105,964
3540,892
3550,1580
2215,1395
5255,2264
4909,1627
5050,2798
1304,1703
2462,1272
3460,374
309,2118
4986,1093
3320,2057
1947,1580
4975,180
4023,2177
3641,1883
2548,2709
3214,318
4814,986
4752,108
2893,677
1246,1883
984,1883
2887,862
4946,2044
2435,738
1728,876
4773,1335
2595,461
5255,1109
674,2596
4053,2177
3463,2900
2198,236
5343,2619
5348,519
5862,740
2527,677
1410,1883
3681,1258
5718,2681
924,677
662,677
106,984
1879,1580
4224,904
127,1272
2467,2504
3121,1042
3017,2382
3991,144
5583,2614
4554,2701
1178,1883
204,1677
2685,862
3117,519
3936,1376
5414,1115
2619,2494
3935,1151
703,277
2678,822
3946,3003
1423,374
3200,2624
5548,1465
486,2679
3845,2547
5920,290
5397,2989
5634,458
3369,2029
3419,1392
3732,391
4950,957
3046,63
2053,2059
4529,146
745,1977
4360,899
449,1457
4844,2409
317,749
3983,2080
3661,2029
27,421
1868,966
5376,957
978,1397
1312,519
3144,756
986,1258
4980,957
814,2494
5549,885
2223,376
3556,700
3656,2624
20,2633
4223,1917
3961,1917
4508,2086
987,1109
2561,556
3280,243
1179,1279
3140,1926
5012,1030
1008,1397
3719,290
5074,1127
1237,1634
3991,1917
1778,268
1272,1628
4100,1860
2591,556
3115,1465
2420,674
401,1520
5186,28
282,1828
3291,2630
5445,1420
2155,376
3189,2353
1733,3127
5534,1677
3001,3056
3641,1696
24,2701
3967,2620
3150,146
837,2989
4918,2842
5711,2478
485,817
1118,2450
3468,2118
2499,2256
4612,291
4323,188
4978,614
57,2999
1026,417
1273,2738
2020,2029
3914,892
3726,1595
5675,727
3199,2640
4153,127
4777,2960
5404,614
3086,3113
2850,2082
2177,1050
1129,895
3789,1543
1053,119
2634,737
3415,1302
4344,1765
4965,163
1472,480
780,1650
2239,1147
2602,1953
4307,1883
5088,2448
1139,2522
3059,2606
2350,1917
1274,2158
2456,3067
5221,2977
5362,738
2437,573
5418,1047
3988,3042
4764,2509
633,849
5285,1457
5223,579
3500,1009
5850,677
3443,2195
3692,1179
3804,1420
901,1014
1240,480
496,3180
3846,2585
1604,1696
3851,677
1318,1302
3589,677
3637,2411
230,28
4106,2889
401,849
5382,2679
4108,2181
2872,2729
2545,1580
1927,1009
4277,677
2119,1179
3753,677
3137,179
2347,814
3317,1278
2752,2031
5940,2798
3218,1272
4897,2233
862,1035
4807,2690
1433,1009
3391,2139
2143,610
5221,1017
1325,163
4038,2889
3382,1272
3258,2926
116,814
3251,2509
5446,2798
630,1035
5138,201
4193,3177
2378,2355
1980,1528
4681,2177
2919,2679
2852,1457
5247,2588
2365,3059
2119,374
2853,369
5158,826
3857,1915
2456,2396
4230,965
959,163
2210,677
1117,1503
4491,740
5738,2798
1746,1482
3900,272
3433,806
4276,2249
3739,2798
2819,354
1212,2679
2678,903
2984,421
5766,1998
1079,3089
5817,997
5896,1290
4473,1258
4141,519
4309,2547
5314,376
98,369
385,2119
4951,2953
3507,2798
3846,2264
1033,2340
29,1703
3272,2177
2705,2295
585,3089
623,1129
757,1883
8,1765
3836,1926
3980,2614
243,2012
132,2181
5328,967
5741,1136
5345,1136
732,1422
1451,1109
3789,1706
927,1109
201,1005
232,318
2138,1258
4160,895
4177,1064
2716,740
4180,581
5914,2195
3020,1151
103,847
1939,1048
4471,2450
4851,1917
5247,1917
5949,2189
5059,2620
4663,2620
1318,1115
1712,1042
5590,2256
1044,354
4140,1532
203,3121
1574,519
208,1021
5218,1337
1713,2583
2571,2614
699,1258
743,1530
5894,573
4813,470
28,272
839,2177
3320,1362
70,1437
4657,896
952,2054
3958,895
1752,417
4090,1014
4224,1014
4172,824
5079,1528
1228,417
2467,2614
4793,1696
4531,1696
3524,1542
2110,1064
790,1911
5695,2965
1496,3056
1546,2419
2218,1506
2008,2450
2784,1917
2863,2964
3286,3067
4358,2118
4855,480
3024,1377
2605,1393
3200,290
4113,2472
2948,1732
1317,2717
1210,376
3672,2729
4043,952
464,2249
586,926
2069,1009
3022,2620
5651,1703
5389,1703
3713,259
4993,1703
3740,2082
4022,1014
835,849
5369,1990
205,1207
3749,855
2694,1219
4609,1713
5428,2570
400,2614
417,2029
3815,2606
4954,435
5027,2411
3874,742
1241,1917
4267,2134
2553,2118
321,1917
1352,967
3991,738
4115,2494
1878,259
3158,1703
236,1809
2132,1307
2824,137
1115,2717
1791,1014
5267,3002
5464,1072
2966,1883
4124,2206
1106,1850
2861,177
416,1403
495,1696
5300,1580
5503,1185
3075,1826
3357,758
427,249
2321,2118
803,2980
1486,2256
2699,2478
3029,892
4995,1883
1853,737
3143,1179
3392,1883
2996,1883
1635,2729
2934,1005
3187,3171
525,1696
5160,2889
2252,2139
4898,2889
32,1009
719,249
2485,2118
3309,1067
4468,272
3455,892
2066,2134
3587,2509
3578,1457
2535,892
902,1804
2473,1734
217,1701
291,1650
743,993
3975,1278
324,1009
403,1302
458,1009
2939,194
4069,2633
3673,2633
5509,2080
5818,2835
3879,2509
5386,734
2273,1272
5535,268
3405,374
3143,374
1563,2802
1630,1580
5148,2259
3324,1883
488,1009
5935,2080
2877,605
3575,2633
2938,1258
1537,1739
842,194
2380,738
284,2118
4852,1335
1285,1703
3797,201
2498,2679
5495,1377
2606,677
1031,1005
1552,2397
230,3171
2654,2788
4330,822
4505,1577
2955,272
2849,2505
2069,822
3528,319
4727,1397
3278,144
1306,836
2445,1109
5867,2080
4081,2188
4160,2481
4012,139
5121,1701
3364,2547
4379,1064
4859,1701
375,677
2032,2633
4494,822
2723,272
4051,2696
1403,1119
3099,2249
4345,2419
5711,1917
969,2355
563,1667
1005,2012
5840,2327
179,738
437,2494
5919,2620
2334,1628
2475,1109
1234,3003
1817,1109
4632,1136
5908,926
2582,417
2568,519
3344,740
801,677
104,1503
183,1796
405,677
2043,139
4111,3127
4293,135
5885,1696
3787,2249
2975,119
3587,3127
913,329
4712,1250
5555,249
5664,2636
4838,1362
3826,110
725,1971
3020,1932
1977,2121
4408,2717
640,1109
5344,187
3750,2717
49,3085
3700,910
1947,966
3337,858
128,934
3304,2630
4009,2419
1079,1910
4833,614
1247,740
5765,1348
2040,376
2587,2989
5063,1830
3718,2620
3938,674
2608,833
94,2454
5839,2236
1988,1125
3292,1465
2232,1485
2,421
4150,1496
1357,1258
2914,1290
3373,1804
3798,290
4221,1147
2175,1890
5005,2949
3766,1506
5765,193
4772,2189
1995,1141
3521,2614
892,1279
4032,2564
312,2690
2182,967
4229,3078
3694,290
3737,926
3141,1804
2100,376
3779,1337
1260,2614
1599,2080
4176,973
945,1290
4694,2656
4561,814
5753,2411
3788,110
4729,2842
305,1869
2595,1486
3498,2980
2383,849
2341,3067
2444,2256
2385,895
1817,1377
2856,480
5825,1883
3736,1990
1859,290
1902,926
3385,1009
1993,290
3450,2158
5582,435
4718,2087
5783,2411
991,480
4064,1297
2863,146
5118,2960
1473,1917
1189,2158
2346,2256
2943,1014
847,2394
5300,1661
859,1465
3672,2355
4379,527
3766,1990
5335,1093
5015,1677
1627,290
209,602
1021,480
184,2989
2159,2780
1154,1009
1899,1917
4994,1739
3211,2118
2638,2256
2373,2739
2882,896
4157,1996
3919,892
4459,2334
11,967
4226,820
3882,1010
2920,2319
955,18
5103,1093
5533,677
3795,1765
2181,2919
3905,1933
1184,1009
3159,1554
5003,862
1772,1179
674,1661
3070,1482
2406,2256
964,2174
4897,3095
1321,2411
1455,2411
5932,2264
1467,1482
1114,2118
1220,824
1892,2385
4442,421
4965,2448
5280,1520
5789,1397
1283,614
3001,1503
4491,313
4969,877
2185,1883
1304,902
1128,2174
2341,2396
419,1677
2057,2637
1568,194
2180,758
5657,1628
72,815
619,984
2124,1580
5140,1109
436,2031
2834,2679
3906,1730
979,738
2853,1231
1286,1420
3656,2494
3418,3080
3394,2494
5257,2044
3132,2494
2862,2633
4421,82
1265,1482
2538,2509
2185,139
5170,1109
839,327
5555,2640
3609,1335
3392,2798
2764,2448
2516,2346
1795,2586
789,2842
3244,806
503,2448
2127,2012
3694,1042
156,2340
5311,1125
319,1580
895,2679
5279,2341
2013,1883
3195,2792
2419,319
5423,1531
1397,1385
3401,2860
3356,1397
185,1765
3428,519
5646,822
4300,448
1074,1109
1191,2448
4500,2953
4388,268
3586,2798
5578,2758
1937,3177
1990,2249
5345,1998
663,2679
2408,318
5505,967
1318,1627
583,2161
5394,1136
3642,3080
3666,1222
101,2417
3972,740
5312,2989
4180,1443
4956,910
4338,2029
3292,2701
1991,380
334,2396
3610,1290
5523,957
1459,519
1161,862
5364,146
2308,2716
2900,376
4252,1696
2311,735
5530,3067
1543,2095
4316,2620
5708,895
3502,417
5159,1619
2115,42
3890,1465
5949,957
4694,2953
2540,1911
3839,187
3608,1752
3733,700
2668,376
5266,146
3387,63
4868,1039
2829,2953
2632,1850
3666,417
44,1078
3000,556
2218,2018
2531,1017
5734,372
4810,1973
3743,1014
2382,2614
2533,2029
210,966
4090,2815
4790,1506
2410,3127
4960,1917
5777,2139
1233,1064
252,1377
1105,1064
4763,814
4492,2980
3243,849
3623,1070
3797,2189
858,2126
3688,1465
4206,896
3097,2717
770,966
4211,2179
2628,926
2707,1219
4990,1917
2601,1732
1125,376
1173,1356
1875,1628
2819,3123
4958,127
5321,933
3273,849
494,2953
1891,818
3231,3067
1285,1008
1228,474
1087,1023
3072,2256
4199,1014
3937,1014
4276,480
3604,3056
4270,665
3879,1009
2169,1701
4013,1009
4082,614
150,2547
5666,1503
5350,2960
2014,1009
1651,957
792,2953
3809,2118
3742,896
2553,2980
4824,2355
5581,1580
3060,2030
4223,445
3548,1030
1005,967
1916,824
3148,1096
2013,1696
227,1804
5055,194
2527,1917
3163,815
885,1023
3624,1964
699,1799
3023,2498
1072,849
810,849
3131,2031
4762,2012
266,1917
4332,738
4953,1580
3798,2494
2327,1482
3316,1030
1034,1496
5691,2448
920,1394
4347,2709
257,1050
2074,1009
4870,2484
843,1147
3945,2894
1474,1953
3320,2842
2558,75
2420,2585
3201,2396
4290,862
4090,2494
3302,758
2741,2411
5000,2715
242,2620
581,2086
4645,272
4940,1883
5305,318
2935,2627
2868,1405
5884,934
5335,1658
3229,2350
111,824
787,3093
4252,2448
5568,139
5690,1068
2450,1831
722,1917
2034,2118
3336,877
1113,984
4028,461
3215,2802
1448,2960
5882,2177
937,758
954,173
2378,615
5418,730
1863,3175
786,1528
4225,1914
5338,966
2848,2227
2447,1883
3624,2448
269,1009
3279,2413
2150,1138
3702,826
1897,692
5663,1473
4737,2439
623,194
144,2411
4960,1730
4956,268
3664,1473
3975,1335
5042,42
5424,144
655,1580
4050,2448
5144,1258
4748,1258
343,527
4302,417
5702,2717
1208,1005
1655,2448
612,1883
5531,2835
2883,1258
2215,570
582,1482
5932,146
572,1703
2931,3177
4674,181
3380,3003
1160,2627
3713,934
4931,1500
199,374
5732,2717
393,1179
1190,934
2833,740
5412,268
5232,2552
5908,849
70,2596
4046,181
218,2494
388,1185
2420,2264
2769,2418
5199,160
4362,417
363,374
1211,2161
2975,42
3568,556
5355,1804
2667,3080
320,677
58,677
2816,2614
1247,313
5673,1332
5394,1917
3839,268
5896,3067
4721,885
5602,2620
3673,730
1842,1627
1666,647
2540,1403
4264,417
4768,2394
3768,967
256,1042
2775,519
3203,966
5605,824
2397,2788
441,41
1392,1017
2923,2080
5650,1506
846,1258
5424,1917
2153,1115
1844,2989
2773,42
3045,2450
5930,1496
4521,1362
1212,268
1769,1125
4367,895
1480,1022
2901,227
3107,2547
2343,1397
4633,1014
560,1022
2953,2080
5706,2919
5718,1990
1272,1258
2132,2116
1010,1258
246,862
2606,1218
1899,1356
4187,146
3023,1506
427,119
3737,849
3871,849
1407,1833
2140,664
3962,967
178,2798
4531,895
3670,2256
5879,753
2713,1465
1398,966
5135,1009
2562,2989
3508,1147
719,119
3881,1917
4779,3067
2697,181
3357,1917
4931,2118
3962,2256
2164,849
4182,2030
381,474
4827,1014
40,181
2256,3067
4436,3078
1731,967
1170,2620
2341,896
1610,448
622,2788
3115,290
4527,1661
5896,2396
1094,2783
1087,1804
2176,2522
3300,1009
1522,1732
536,1701
1174,268
3230,1933
983,700
587,700
69,2989
4758,1035
3355,127
1775,2363
5247,2889
2821,193
5135,204
2633,896
4572,1030
5770,1883
4032,527
5284,677
979,1116
1280,290
280,1115
751,700
642,1696
4379,1739
894,1917
1925,967
574,249
4032,877
288,417
5129,924
1805,1050
5738,1005
1959,3180
3404,527
885,1804
1219,926
233,895
747,1116
1132,1681
3539,1883
356,3180
5810,1258
4918,862
3369,2411
812,952
3499,1703
777,177
2033,1035
3874,1580
2088,1496
3664,1770
85,3067
3998,892
2991,738
4897,924
5920,1022
4578,2864
4891,1109
789,187
3170,1420
4044,2176
4985,744
3703,1883
1098,1696
36,1081
1569,527
946,1302
3791,1703
1976,127
993,2811
3564,2478
1984,742
3608,1996
3663,1703
1961,758
3279,2494
4201,820
4285,1457
522,193
663,2118
3686,374
2724,1683
895,963
860,188
4649,421
4781,2792
4910,2448
5672,519
2499,2504
1726,302
677,2174
4013,1119
4142,1529
5756,2095
1442,1482
772,2411
72,522
522,1482
369,2960
3820,2417
1535,892
5418,2450
2824,1109
551,1661
55,1457
3534,2962
2708,934
2747,862
3497,3080
2411,2633
3796,2181
814,1482
1332,2411
520,1035
948,1482
2361,826
5876,268
1392,964
1462,1703
2635,806
882,862
1575,1580
4008,3003
4843,421
420,2494
3075,2798
2531,456
2854,1109
2448,421
4698,417
3000,934
5269,1926
4982,1115
2575,2633
2234,2340
852,3063
4479,494
4415,2953
5908,1280
2983,1115
5223,1177
3098,1627
5907,1809
136,1580
1042,1093
627,851
1799,1072
2375,2171
1210,677
814,677
3225,2341
5432,1701
5227,2989
5879,700
4508,269
3861,458
1729,2181
3300,2111
455,1683
5341,243
4263,1377
4555,2717
4221,1151
119,421
1635,452
2356,966
1474,1258
3043,1115
3755,3041
3392,2989
4407,1506
3698,63
4862,2086
4889,2189
510,2679
4080,330
4560,967
4792,2256
2046,144
4711,1136
1808,730
4270,1393
545,421
2391,556
283,421
5565,2179
1504,1258
439,934
5303,2179
4974,957
1782,448
2238,1253
5641,2174
3569,1696
2667,3056
3725,2209
3737,1280
4217,1917
5707,727
946,1115
5892,480
2060,1331
3603,1465
4737,1394
2696,2481
954,417
2750,2717
2914,839
3017,28
5388,573
749,1890
7,1253
4325,2739
4743,2498
1472,1696
1066,1008
1203,1279
2755,967
4651,1219
5394,738
3718,1014
3456,1014
1625,1911
586,556
2215,464
2230,1496
5260,1677
3303,957
2310,2953
5930,2411
2919,28
5035,2498
5326,984
1093,2989
1846,1506
2278,1917
5301,173
471,956
650,2419
5383,737
2755,2256
1642,952
1148,417
4432,892
2016,2856
5643,287
920,967
2989,1147
809,1890
3888,1179
1928,1696
1866,818
2265,527
4555,2396
341,2953
2180,1917
3262,1656
3321,573
3754,2118
5815,1683
5118,2509
5031,820
3532,204
4456,2575
292,967
524,2256
1990,480
3040,681
970,1030
3685,2139
109,2953
4627,2807
5742,2494
5901,272
362,2086
3316,737
4630,1765
5247,421
2012,1528
4958,318
2325,527
4727,2637
1000,1030
5804,1278
4369,677
2083,1179
837,2729
780,2195
5062,1580
5504,2679
1827,435
3511,2494
218,1933
3117,877
3513,877
2105,2631
5780,1042
4314,374
1609,2427
2667,1580
5100,3003
4623,1883
4757,1883
5834,1278
2434,820
2964,820
5280,1658
395,290
4321,2484
2256,3177
1053,1953
867,2729
1875,75
1295,1486
5074,1940
4415,806
1221,1914
1728,1718
5721,2690
5820,417
3452,1109
5021,966
4663,1258
337,820
5948,602
1906,677
4445,806
1313,2792
1647,1914
339,2586
1161,2960
4160,822
749,1703
3025,1422
2422,1883
2756,1005
3931,935
367,820
2965,590
3667,108
4099,519
3899,1397
2132,1555
3759,3080
3300,314
4664,2957
3203,2633
1252,984
1802,862
1775,1668
2625,1838
2819,2643
1315,1683
5823,849
2218,3177
224,892
403,2355
1602,2679
2844,421
4405,1915
3374,421
4857,1258
5215,966
5568,330
5796,2409
1647,1109
4646,1977
3608,1756
5640,2835
5731,2953
4614,2439
1966,862
3881,1356
3891,2044
238,194
4770,700
305,2170
4508,700
2672,1253
5346,1799
5769,2656
5719,849
526,826
4320,1403
3991,181
1236,2679
1100,2818
3519,1125
2590,1628
1709,647
1700,1093
5489,572
4045,417
130,1765
5445,2717
4779,2856
1336,816
1405,421
1823,934
489,1883
458,318
3254,2547
3154,1377
2428,519
2032,519
4461,480
3100,2080
20,92
4643,2214
2499,2614
5601,1917
2593,2249
5735,1917
1662,2679
5290,2964
2224,1628
4463,1465
4136,1070
4924,2614
5743,1219
4758,824
413,144
5258,1147
4855,1696
3115,1957
2647,391
1160,2818
1891,822
5846,2256
648,391
147,2095
2895,1809
4259,480
3294,2080
1446,556
2982,2717
5250,2575
2710,2029
4788,1009
4230,2933
3320,268
637,2080
4028,1486
583,2783
3737,556
319,458
4173,1086
3775,259
4062,1255
2723,2614
1713,2189
3093,1393
4684,1009
319,1397
563,37
3292,290
867,448
2104,1064
1543,2717
2245,2989
5915,1056
2336,2353
56,1926
147,1290
2313,1403
5434,194
3302,1917
2906,1917
5351,2411
4579,3063
3679,1086
255,42
4510,1014
4945,942
5050,204
1877,2189
4449,738
4788,204
5550,527
2286,896
3750,737
1508,602
2277,3062
4056,1975
3617,1147
5685,1883
1311,2717
4303,2606
1006,2835
2849,1009
5796,933
2983,1009
1880,1147
1231,2953
5393,1482
2891,2174
4458,2894
582,63
4473,1482
557,1696
5173,2647
5706,3110
1578,967
5272,374
1414,2256
719,1465
2279,1014
1341,2717
4297,2195
3526,820
3691,2385
5090,1831
5482,369
4219,2504
5411,2411
4609,969
619,480
5916,826
3168,1297
4826,2889
839,1917
5698,374
651,2620
2900,1482
3977,877
2418,18
621,1465
5879,1883
3349,527
563,1460
279,1701
17,1701
1206,1337
208,2989
5034,744
5156,2427
3017,3171
157,957
4401,2494
153,249
2656,2411
1739,2739
2934,2355
1869,2031
1595,2960
3419,892
5418,2023
5161,677
4586,180
2896,3002
1700,2195
3939,369
1891,2729
1776,527
1903,1800
5857,380
550,1009
1295,1917
4089,313
3899,2633
4559,2679
2704,738
3631,374
143,1035
669,327
5949,1258
5229,380
1507,3089
2708,1796
4922,637
4063,2633
2141,1914
601,1297
4818,1977
2910,964
5903,2953
934,194
669,677
2472,738
2391,3028
851,2411
2437,1683
2944,3177
5069,283
4506,1109
610,1009
489,2180
417,614
3144,2484
2698,677
5852,2614
2171,1914
512,851
2165,1345
3159,2957
5939,1455
4516,2177
1916,1580
3371,1335
4905,417
447,614
4643,417
3941,899
5555,1465
4887,777
1406,3171
3524,1550
3940,674
5898,1804
3224,1258
1125,677
729,677
3802,740
2064,1828
3449,1376
3638,2029
5314,63
732,1914
734,1960
3346,1628
5591,1280
2647,1627
4295,1023
5434,1296
4403,556
3069,2259
2295,421
648,1627
992,1437
2451,934
4049,967
4746,895
497,677
681,2484
5915,64
5082,63
1197,1088
2091,1530
1621,2547
1261,2012
2355,822
4063,1023
4293,1485
1406,2366
2347,180
2562,2054
1497,1730
2784,181
3185,1279
3909,556
3914,2620
829,1042
1453,3121
5854,700
3966,2029
2524,2701
965,1088
3508,1151
5910,1009
2649,895
3384,1115
789,862
2394,376
3061,3091
4518,1953
2068,2835
409,806
574,119
4505,967
4940,895
2199,2537
676,1335
1743,42
5411,480
886,2865
3002,417
500,1109
5799,1528
2941,895
1079,227
57,539
4611,3056
5678,1009
1001,2788
1527,2080
4624,2729
4424,1917
5148,1194
4310,849
5000,3016
3949,1809
2665,3067
731,3085
4181,3098
3076,2409
273,3173
4951,1030
5708,1009
4316,290
2447,895
2297,1890
3282,1696
4170,2158
5217,2842
659,1115
5638,2118
612,2989
1283,1696
2737,849
2344,2086
2700,967
4219,707
5688,892
1963,674
2099,1501
2830,259
2067,2717
252,1141
98,674
2773,664
1040,2096
629,1064
5830,194
5546,435
2800,2487
5530,2376
1146,2522
2505,849
5328,2427
1961,1917
1271,1470
1911,110
2700,2256
4771,2509
4714,1975
3169,1014
5043,753
3507,1009
93,1619
1896,926
1113,480
5202,1914
4729,4
1948,527
286,2953
2125,1917
3861,194
4040,2411
5533,738
3833,2118
5075,1580
4813,1580
408,849
160,1501
1982,1050
3534,738
1176,2118
2145,290
1673,480
5905,2946
1700,1337
2374,527
5858,2376
1023,2815
1417,2180
2640,1400
1296,1661
3942,2411
2656,2842
3656,327
5266,1683
1360,2585
4753,2818
5388,1114
3292,2494
28,2671
334,2189
895,2256
3267,1683
457,2030
2745,820
4276,1883
4694,2396
3684,1971
2008,527
1440,1009
381,2385
4339,892
5715,2798
2499,1703
5804,1335
3693,1683
680,1671
2600,2509
3708,2715
2612,1580
5222,421
1195,2494
1109,1030
3558,677
707,461
1512,1420
4146,847
5555,2701
4818,2408
3992,380
1559,677
2820,2633
1662,2118
1765,2997
5834,1335
4289,374
1894,374
4597,1658
951,979
3573,1335
5765,417
2282,1422
2132,2417
5855,2562
366,1457
1536,851
5426,1890
5740,2989
628,2396
3491,1683
2085,1258
2138,892
1040,620
3120,2679
1169,1030
4340,1628
4584,268
5417,1023
869,738
2192,374
1230,1683
139,892
4965,899
2470,318
3392,2054
4772,1258
3844,1397
4346,2547
3534,417
4511,2614
3738,1910
4561,1977
5770,2989
44,1005
1613,108
3896,806
5695,2815
4988,2953
2121,2012
2236,272
1413,2679
560,1457
5770,895
5508,895
5276,2080
2163,144
4964,2717
5360,2717
4279,2614
4857,376
934,1109
3901,2439
2566,2254
3708,2044
3312,2044
5007,320
1318,2977
2992,376
5349,1023
2506,1422
2943,2177
343,1580
2375,2659
4878,849
4890,674
1130,647
5390,2717
920,837
4631,1911
5765,1840
1857,1915
4897,2030
5117,1804
3604,2044
1467,417
3354,1115
3292,1957
1345,2679
2819,956
4314,110
3380,1023
4838,1049
4151,2563
709,1125
5117,3093
3157,1890
677,2341
1866,1977
5052,1917
2839,268
552,2080
3410,1023
3069,730
2487,1506
97,2439
1936,1403
243,2264
1032,2690
4432,896
4915,1804
1265,417
2650,1685
4950,1990
2780,977
242,1258
1338,895
3320,2419
3630,1147
770,1377
1811,1115
190,2788
2160,2989
2853,1455
4401,1933
824,1613
4869,1809
458,2953
2932,967
5609,1030
3952,1548
3747,2082
3723,1496
3707,963
1169,1998
368,966
2235,480
273,1860
1388,1547
5801,2139
2599,942
3344,1850
100,1151
4281,2174
1877,957
4043,1070
4900,2411
5426,1703
5560,1703
816,1506
1268,849
1018,674
2976,1050
181,177
5568,1005
5731,2689
5390,2396
5058,903
309,2614
5163,3171
3788,147
622,1613
2010,146
5413,313
643,1147
4516,327
3230,758
2328,2118
2595,18
2066,2118
5901,2504
3430,2509
1546,2082
3846,2195
3636,2385
2868,527
3885,3089
4482,1093
1904,1009
5443,313
4080,1086
5358,1703
4509,2889
1735,2139
4192,738
1759,1035
1285,2842
2598,824
5829,2227
125,2
335,778
2883,1185
4089,236
4194,2504
2656,1179
4874,1482
1749,2195
4779,2376
1429,527
300,1696
2232,851
2423,2139
494,249
3680,2633
4958,806
3428,877
5405,2249
489,814
2562,204
3007,820
5748,144
1859,461
4801,41
2359,784
880,820
4674,1397
3978,2633
3558,2047
3157,1703
1488,2396
3404,1580
2602,892
5867,1125
1694,1683
218,327
3881,421
3753,421
1172,820
5206,2547
4442,1397
2613,677
4270,2633
851,1179
455,1179
5710,2080
2148,2792
499,3171
714,127
3200,1376
135,2894
534,2411
1910,1873
1569,1580
1173,1580
3649,421
266,2596
4502,108
1257,527
2136,1627
2153,1042
5824,2717
4924,740
3642,2633
5490,1151
1135,2227
2603,1278
5259,464
2877,2012
3321,740
430,2411
4301,2454
1436,2340
4199,2177
2762,2439
931,892
535,892
4984,2861
4230,709
1069,1765
955,2417
4993,1634
3885,674
1120,2484
3656,1376
2575,519
5646,2953
4946,1064
2327,417
1014,2997
4288,1064
1776,1068
4167,2989
850,1842
5748,1917
5882,1917
273,518
5457,987
3356,2023
3712,904
895,272
5414,1290
4691,895
4756,1290
4350,602
4123,1377
5349,1804
2343,519
1593,21
1933,2341
3072,2614
3411,2080
3524,1957
4198,1147
3742,904
2105,2798
911,374
2535,1628
5682,2394
2280,1109
4896,896
5352,1701
5209,3113
5121,1014
4183,2717
3772,1685
170,1278
3380,1804
3354,391
1022,740
1872,910
543,2957
3563,1696
2852,2624
1348,1664
2604,2522
3466,43
928,2798
465,822
5437,3098
1698,730
2861,1397
2155,417
5885,1009
2598,1926
2555,1290
3410,1804
2340,1136
2078,1136
2212,1890
5665,2174
4997,1486
4369,1917
5074,952
4045,1039
2923,181
2527,181
1687,2419
5815,2118
4724,573
334,1628
4424,1035
4188,2256
1466,730
437,63
1909,2239
4961,2179
2829,896
3865,290
3801,2749
2658,1014
4733,2729
2938,839
1482,1613
2633,957
2870,146
3990,177
5901,707
625,1403
331,956
1480,1917
1552,1039
4926,1030
2615,2256
2353,2256
3027,480
5809,2811
122,967
3888,1748
483,946
3105,1302
944,2095
3905,1917
5753,435
4813,1503
1494,1973
5613,2118
1628,1973
587,2989
864,1577
4415,2396
1392,1696
4296,984
385,1542
722,181
4533,173
5663,892
1857,2964
3823,1703
874,952
3709,2355
4338,2334
914,1290
5148,1385
4040,1179
282,259
5936,677
3360,1420
426,1701
717,187
534,480
4027,1883
4579,2396
3473,1482
4624,826
5811,2079
565,1486
2571,2842
5334,2679
1473,880
2204,2267
960,480
4191,1883
1100,2180
3755,2484
4665,1739
797,2179
4279,1703
4593,2802
4526,1580
2810,2427
121,849
2493,1030
1237,1138
4392,1765
2554,1683
5555,180
3825,1883
4639,2396
494,1030
2349,527
1058,614
3077,677
5162,3080
4004,313
1211,75
3728,2889
4101,1185
3445,2012
5341,2264
3149,738
3749,3177
363,1671
3751,1560
901,2478
992,2596
4762,1833
2609,2679
1054,1030
305,1666
4541,144
1232,1302
495,2729
572,2195
5104,2701
5885,822
1710,2997
3475,2012
400,2842
3986,272
2709,2509
1554,1703
1284,1842
3101,1047
5262,816
320,2324
1474,1185
218,2047
579,1272
1914,3177
4309,144
5706,2927
5230,2409
3697,519
3003,862
3619,3080
687,1744
764,1964
4933,1664
2405,2633
4320,3127
5832,1696
1768,1258
3471,1115
4851,319
2053,2181
2915,3085
2180,421
2218,713
4513,674
5289,895
220,938
4325,1377
54,1400
3670,2614
4073,2095
3214,119
1034,862
4163,268
312,877
3760,63
4807,2999
5213,2189
4485,1258
4323,2620
2432,1022
1141,1109
2388,2413
5017,1496
215,1883
4177,2044
2060,2547
972,519
3847,3041
4895,1506
4965,2245
416,826
2114,2029
2587,2249
2215,391
5859,243
4878,556
734,354
1036,2382
4811,2717
5513,2989
1757,452
3854,1926
1235,1279
2350,966
466,539
1648,1448
3484,895
199,195
1002,519
5252,1147
5897,885
5014,2487
2144,2029
5303,146
1808,2080
3558,63
5335,2313
5170,556
667,421
4800,464
5663,839
4264,1393
4162,1116
4463,290
2580,2717
2866,859
1537,2906
4584,1748
157,1258
2072,1752
4601,1917
2839,2419
3280,849
4109,2394
4121,1465
894,181
5930,2472
4115,896
4877,1219
333,144
4799,1528
3537,2353
2429,1393
4282,1009
4268,1111
4588,527
5575,968
4670,2811
1232,1115
4702,814
4146,2811
478,3127
1990,1696
4108,75
665,2953
1004,2419
2504,1917
2564,1968
5548,461
5701,1457
3168,2082
2144,69
1918,480
1971,1804
4220,1420
5018,1400
3392,2729
3517,1677
2154,1696
5870,862
4951,2807
4187,2411
5431,1754
1129,2656
3011,2256
4224,2478
5222,1580
5005,3043
4554,892
3931,1667
3511,327
4954,1765
4608,374
969,839
2698,1917
1261,2179
5440,877
3700,1138
5675,1683
4990,1580
4369,738
1201,3067
3711,738
4511,2484
1137,49
627,2953
4032,1503
3378,2965
2633,2811
3087,2227
333,1917
1479,163
4748,892
2437,2118
2120,2411
2488,363
2384,1703
3731,2679
5570,2397
3863,2606
621,290
2964,1231
2279,1128
2716,1883
2146,1538
2557,1072
213,2158
5141,1883
2560,1528
827,2960
3694,1457
502,948
4773,144
4202,1109
256,892
4000,1914
5509,966
4392,452
89,2472
4889,1258
178,1009
2394,677
2113,435
3789,2633
2333,2653
1925,1138
4876,272
2035,1683
2449,734
5141,139
4509,3080
2346,2484
5593,448
2296,677
1630,816
5341,1890
914,1400
5174,2716
5632,376
387,1883
4520,1926
2059,2427
1295,2031
5345,319
1871,3130
4483,2798
4389,2382
60,2427
4055,816
856,1580
4746,2619
188,892
2163,1437
3230,144
5895,1136
5315,2547
5031,2788
3749,709
3721,2633
5400,376
1613,2690
4610,1977
5037,2044
5336,391
4379,2044
3179,1495
3928,78
2603,1335
3322,1022
1856,354
4533,417
4185,1397
5933,2717
5191,2080
843,1883
5003,2029
2745,637
260,744
5523,1506
5313,1696
4917,1696
5827,1917
3105,391
4729,2399
1754,2679
4863,2399
954,3003
5360,172
4121,2701
5869,49
714,318
4167,602
989,2997
4979,480
5032,1804
3676,1496
1878,2341
1052,313
5632,1799
47,986
1241,966
3612,730
4365,967
1383,268
3146,2620
3502,2255
3540,2547
5143,480
2276,2737
4236,1496
115,1278
5717,1506
5844,527
1047,1258
3263,926
4462,1250
599,2788
3911,1147
2013,822
786,2614
309,740
3807,2487
3958,2656
3646,849
4262,3067
2180,181
5334,2118
170,1335
3969,2256
5371,1219
2840,227
4285,18
1205,504
3608,1496
5523,1990
1397,674
3293,172
5172,1009
2238,1290
494,119
710,3127
232,119
2902,1455
438,2439
2286,957
3394,1917
3528,1917
5264,194
3545,2086
5835,1703
3340,2620
4639,896
619,1696
158,1109
557,818
5810,892
3655,2631
3257,1804
1529,1890
5335,784
2468,3041
1007,2717
735,2029
2426,2815
2207,1953
2885,885
4187,2842
4271,1035
3446,363
4375,3078
3578,290
799,1640
4536,1683
4035,1697
3926,973
1161,2029
2447,1009
2230,2472
2304,3175
4857,1482
3818,127
3253,2570
355,818
2487,3067
5787,2355
1043,2158
706,2738
439,2394
3347,892
5940,318
5504,3171
270,895
5089,677
5070,435
5619,677
5667,2411
2420,2195
44,2245
2547,435
4822,1272
3670,1703
3009,2186
3217,2889
3852,1185
3194,1185
4727,1385
5253,677
4002,1883
1328,1337
4702,574
1634,2575
4464,1914
2466,1385
2600,2139
499,3175
1230,1179
2004,573
266,1661
5212,272
2387,2031
3022,327
2310,1030
1280,892
2147,2729
3508,1883
1770,527
3072,2484
5350,2838
4417,2633
998,1179
514,3052
2264,1035
1247,1883
1018,2585
2754,862
4748,1457
985,193
3904,2233
5081,2798
3095,374
5423,283
5223,1161
4868,2690
5446,452
5905,966
98,1272
2849,2038
4370,2413
4609,709
1171,3177
3062,3085
1324,9
1097,784
5672,1926
5682,2614
1215,1005
2731,1036
4350,2700
3914,2547
2852,2494
4230,1063
1979,2340
2693,1683
950,2427
2008,1580
361,2032
1815,1185
4356,421
1474,892
106,1513
3105,1627
5001,1125
5393,417
1819,2058
998,374
4108,1258
4894,2167
4156,740
4240,1377
4290,740
3978,1377
3833,2716
4972,2989
5144,63
4003,3127
1713,1258
3597,2439
2417,822
2756,1042
3250,1577
5423,417
724,1683
5767,227
1231,3177
1733,1883
5893,2029
4981,2701
2644,986
5865,1701
3924,740
2900,417
4562,2717
5257,1064
4455,376
3531,1977
1022,744
5213,957
4643,3056
4693,2419
1819,1253
3804,42
3680,2450
4822,2240
4829,967
1199,2484
1025,3085
574,180
3645,2614
3984,2080
417,2448
21,2448
4935,3056
5575,1696
5892,1403
5740,1009
1743,2547
4807,3056
1894,2716
2952,1115
2069,2717
5218,146
3098,940
3369,1403
4224,1917
4506,849
4664,2189
1018,2264
5137,2409
5207,896
496,647
5642,824
4214,448
444,2177
1626,3086
5597,1081
2310,1998
5333,1008
5090,1250
699,417
520,2926
869,3080
3056,1064
4516,1917
1730,2096
5023,967
2540,1147
5828,2118
1853,217
1999,42
5667,480
2854,556
2366,967
5797,738
2548,2701
5934,1009
1125,417
3463,1014
1625,740
5462,1953
305,2341
2552,376
2130,3127
3264,3056
4418,1917
5949,1482
2014,700
4221,814
5492,1014
3682,536
3804,1465
5731,1030
3993,2118
1969,2620
381,1023
2024,2327
3662,69
4479,291
2105,37
3259,3062
210,1141
3570,480
2209,2080
5008,820
5460,163
4419,1179
398,1377
3703,1009
4553,1179
5065,573
4958,2396
1883,1506
2385,2656
5934,204
3484,1086
4643,291
653,556
5097,461
1057,417
4940,2729
1299,2394
258,966
695,967
1409,310
89,1911
5930,435
1262,1014
1654,1804
4180,8
4708,127
5122,2396
1441,1696
44,1387
2425,2620
4,268
4792,1703
218,1917
5039,1580
5627,2504
695,2256
2393,49
4151,2811
2769,2780
4756,2396
4723,4
2068,1420
4530,363
1493,3175
3650,1482
78,1506
4560,1703
5706,703
2495,2396
644,1917
4663,892
382,1917
4886,2627
5787,1042
885,259
4321,374
1194,1014
5418,421
4029,2417
2675,1990
183,926
4675,313
2369,1883
3823,1036
852,2189
3944,2494
1175,2842
1815,1482
4438,3002
1559,738
516,927
4308,677
5813,519
2365,2299
4839,313
4307,452
2137,1883
4965,2115
3561,2325
2859,2807
5770,822
765,2570
3712,2494
3046,2633
3927,1335
2769,820
4309,1437
2996,1765
2338,1765
607,1580
5829,2341
78,1990
2096,3171
3742,2494
4912,2080
2009,1482
968,2498
4724,2029
1107,2842
1743,2494
583,1344
10,1482
786,1703
366,363
5070,195
3542,2059
3653,1109
4150,1915
2126,3171
3504,986
4784,740
2198,41
5818,2717
1148,1503
4918,740
1776,2792
4365,756
4989,391
1657,2319
5482,674
3749,2860
5521,602
5452,2717
2441,1088
5142,1737
758,1883
634,127
1220,1914
3125,966
1311,1278
3752,1064
4151,1335
4679,700
2996,2249
1898,1977
1473,1047
2531,200
3005,1022
1848,1109
1961,986
5445,2835
1341,1278
940,934
3552,602
2979,740
5883,28
3615,1890
1464,1119
1020,139
3088,3127
5772,1917
4285,2624
295,2889
5396,849
3013,2953
4852,1917
1898,822
5060,2620
3277,2999
1465,940
4851,2
4634,1465
3488,967
351,2417
263,318
2233,519
3489,1377
870,730
3716,602
2251,2788
1802,1464
2989,2717
2777,2080
1629,755
4399,1009
2317,2095
4273,146
1564,2989
4901,3098
1066,268
4262,896
5298,290
3069,2080
952,139
1977,1064
882,2029
4706,2980
358,2783
4903,1050
5488,1703
3686,1086
4644,3041
5337,753
263,452
366,1331
2252,895
2741,2749
3935,2729
3811,973
2298,2179
3277,1039
1040,494
116,2095
3625,968
2451,2394
2468,1809
1976,3067
28,935
5413,374
2887,480
2171,1064
5280,784
794,1377
5730,1744
3977,1800
4393,1486
2624,1009
2703,1302
4772,1482
2365,2246
5321,2478
1289,2487
3880,1086
1128,849
1615,967
4378,2494
5780,1457
396,2620
4811,1595
2712,1014
900,2153
1746,3113
4014,527
3485,2627
334,2681
3229,1883
3563,1005
2034,2240
4680,738
404,2861
2480,1014
403,2636
1540,2082
3426,892
3727,820
2825,2180
5430,677
5569,1021
3406,1179
820,480
162,480
293,1717
3655,1883
4871,2376
1235,2385
2510,75
2419,1677
502,1302
3370,933
4176,2494
2748,2118
1278,742
4346,461
3239,2355
615,2118
1341,2030
5549,1658
91,2118
3472,836
1393,1631
4251,574
4349,1109
5192,108
5694,1258
4338,2448
632,2472
587,1009
4362,1344
1951,1400
2656,435
913,1179
3936,2633
1701,471
1976,2396
5157,272
501,2174
736,1482
5256,1971
1960,2802
3453,1883
5462,1258
3609,144
878,784
3161,1482
1724,1744
263,1420
4770,1115
2638,2838
2175,862
1607,1344
5387,2023
52,3078
983,204
3324,318
4678,2465
5294,519
2899,519
4800,1115
4855,822
2529,2679
1295,1580
402,2494
378,1908
1023,892
2998,1437
751,204
2147,1042
4938,2927
5765,1393
3919,1258
3160,452
1465,2176
4596,2409
465,749
1162,677
3493,2547
2985,3080
3957,961
1431,313
3869,2080
44,692
3571,3177
1618,139
5460,1696
5188,1008
3379,2418
5524,2620
2988,2038
3450,2069
2342,1109
1674,421
5244,1290
5837,1804
5548,1701
2435,519
3447,2737
1048,144
3765,2080
1819,21
136,816
3812,2835
5228,1696
5742,1917
5458,2158
2392,822
4362,1023
3388,63
1340,3177
493,272
367,1853
594,2798
1707,1658
4951,1014
5431,2405
5464,2353
5837,3093
2468,1756
5763,700
1800,1068
1590,1258
1688,2547
5334,28
1775,2701
4320,1147
2971,1064
5593,1420
4528,1850
1668,2080
3418,63
4161,336
1177,2782
4169,1917
492,2679
5602,193
4965,1070
557,822
273,1063
3931,813
5897,1804
3041,1244
2373,556
5325,824
2875,1706
263,2038
153,180
2608,1362
3,421
3676,2923
5319,1009
3927,290
630,519
814,3080
2951,1701
2440,2717
3665,290
3751,64
4088,1147
4828,957
3532,700
4108,1799
4199,1917
3803,1917
3937,1917
2232,2953
4412,2964
5150,2139
666,1115
2046,319
5511,2118
5840,896
5141,895
5518,845
526,2798
4912,1035
4836,259
3528,177
1446,1455
1286,42
799,1644
2616,849
4988,1030
20,1125
3979,49
5675,1179
546,417
1466,2080
3453,1696
1641,391
2962,146
1272,2214
3558,177
5776,480
3754,1809
1706,1917
5839,1960
5061,1666
4121,290
3608,2923
306,556
4855,2729
2346,1496
4326,2385
1831,1804
4393,1917
2990,1009
800,1064
848,2044
1345,2850
913,187
4058,2570
3294,2174
4507,2396
4068,814
4223,2637
4997,2031
1356,1696
3202,2585
1736,1917
4181,2411
1424,110
3377,896
3444,2118
5256,979
281,849
2242,1496
2012,1219
3206,1953
4518,1400
4671,2396
1386,1696
5498,862
1900,1917
1616,2158
1609,1179
3474,2118
3949,2411
1743,1933
1197,2174
4454,826
233,2656
1286,1465
3920,892
2230,2960
670,967
274,967
4489,820
3047,738
4093,820
2921,2319
1715,824
2257,3093
5605,1109
276,259
5727,2792
326,376
2392,2729
4937,421
2356,820
5924,862
43,1219
2379,989
470,2195
5328,2679
139,2620
1498,193
438,967
2716,1513
644,1035
831,3113
456,984
5239,1109
1273,1014
2422,2729
951,963
2085,892
3157,2195
4597,1642
4440,1658
3798,1437
1091,973
4960,2633
5023,703
1831,194
1547,435
3933,2012
247,968
1102,1482
5746,1448
4784,313
3130,2038
3605,3085
2478,1883
3140,1036
3594,452
5105,139
1596,677
4316,1376
1429,1503
5890,1577
2932,1272
5748,181
3337,2489
652,1030
4401,144
1302,2832
5536,2927
355,2729
5668,602
915,851
4107,3080
4612,1495
5868,2353
3903,806
2581,1580
631,2031
3618,822
2100,718
5570,417
3214,180
5368,2188
4509,966
567,1457
1465,2607
1879,1658
4205,740
4272,272
4800,391
4651,268
4711,319
3121,2059
2362,1253
3991,1161
895,1114
664,2679
4995,1017
1756,2382
1257,1503
4285,2547
5051,2080
4873,2717
3328,1756
5709,2989
14,318
3293,2701
4365,1752
2145,1376
5445,664
4531,2953
2703,391
514,1580
108,892
114,1838
3111,1125
905,647
3947,1397
4420,1809
4862,464
2742,1258
2974,2547
3314,895
5267,1681
3020,448
4931,1732
1342,2341
2954,2080
481,1258
563,1822
2877,1833
1836,2095
3035,2419
2493,904
91,2012
1914,2917
1193,3157
3342,849
3667,417
4878,2256
5281,1737
4644,2614
1404,1125
208,318
2348,2620
1491,1279
3399,602
3891,1064
1272,417
3330,2717
2139,2
1237,1362
1715,1926
2049,1048
4234,1403
1812,2798
623,910
2369,1403
2566,1917
3597,967
2640,2620
1876,1470
40,2023
4818,1050
3333,140
4207,896
5366,855
4139,1701
2752,2080
2029,1685
1509,895
2531,391
645,2547
5070,2964
5106,2621
753,2080
5214,1400
2191,700
472,1838
3536,849
5857,2031
1096,2419
614,201
891,2953
495,2953
5646,1030
3631,1086
3913,18
1826,952
5678,753
5879,2729
472,2188
1976,896
632,1911
2545,824
2144,480
2691,3093
61,2095
921,2953
4992,2118
1578,1008
5043,363
4072,2118
10,63
3234,2739
4689,1528
4518,892
4909,1302
4568,1009
3549,1030
2885,1804
1104,2256
1324,310
2506,1219
4610,1420
4214,1420
5405,1883
635,2717
3784,146
5143,1883
4035,1677
4260,75
58,1393
5655,2031
4984,1072
5746,1395
1804,2640
2483,2174
4969,1703
3503,1035
5466,2509
5216,1580
1826,1086
2328,2236
2531,875
3613,1580
5827,421
1902,1081
5614,313
5345,2340
4619,1482
1360,2195
5830,877
2683,2585
3345,984
100,1403
1719,3067
767,2620
2110,2134
3670,1683
1170,758
1254,1395
4585,3002
5246,267
4505,2484
713,290
4851,677
439,1219
164,1014
2693,1179
4589,677
5855,2977
1767,1953
537,64
3133,3171
589,1917
4357,519
535,2620
5810,201
376,1809
432,2118
5874,1125
3405,1765
5261,144
3119,1179
2126,3175
2234,1954
3760,421
1284,2334
4919,380
1044,2847
2656,2586
2620,677
2623,194
4285,2494
3619,2633
369,2708
3674,2340
1129,2396
449,193
5743,268
145,2411
671,1703
4117,816
1393,2627
947,820
2277,1627
694,374
83,2472
2715,1072
3649,2633
3387,2633
3542,1258
632,435
2294,1981
845,1482
449,1482
5079,1577
583,1482
1470,753
1344,1580
798,2575
5335,227
2418,677
3703,21
3075,452
2378,1278
1177,127
2462,1915
5065,2029
643,1883
4380,1926
5800,2249
2914,1258
3320,2700
1106,826
578,2427
5313,818
5830,556
5778,2086
5098,2327
2801,41
5521,740
1916,816
1365,713
3755,1500
4436,895
5618,1804
3008,519
3078,1258
4909,1115
1980,1740
5705,268
4996,2989
5869,110
798,1770
1887,236
5772,177
465,806
1308,2249
5427,2394
4257,556
5394,2
4165,967
519,1042
4600,895
4190,2717
515,519
5425,1917
2512,1577
4028,1608
5839,2688
2938,2917
1472,2249
5474,1809
3170,42
465,2095
1797,319
1475,268
2215,78
4744,243
2032,1125
2097,1520
5065,69
111,816
250,1914
3259,464
4871,957
1012,2614
2863,1403
2942,1696
4950,2189
106,822
4620,1496
2408,2701
327,417
5590,1179
1727,2717
215,1115
2940,2158
5273,2411
2136,2363
2427,849
5300,824
396,2624
5700,1697
1565,2547
5682,2057
745,1465
465,135
5437,2411
4267,573
3503,177
3437,1809
5715,2355
3992,2031
4479,2149
5943,1990
2813,3113
4442,2267
5139,2195
4290,2627
1647,1394
5047,2606
3197,1009
2913,1250
707,18
1190,926
3159,1656
2147,2656
1135,2158
4951,2494
3586,188
2292,3010
1982,2030
874,1070
3279,2889
4666,820
44,2306
990,464
1544,1804
3802,1883
1331,1696
1583,1917
4981,2494
4587,877
3865,892
1702,1050
3751,1544
767,18
130,895
1259,480
4490,1883
3088,2139
5169,3080
2521,1503
5601,1047
4590,1683
2217,2031
5405,2798
5687,1730
5098,1335
382,742
4581,816
560,1014
3609,1437
3996,1883
1862,527
3137,1627
3890,144
1882,1933
4247,2633
4331,1580
2516,4
3001,1739
1875,173
1309,1482
1047,1482
383,2256
3413,1683
5449,1915
529,738
5703,519
3540,677
4623,826
4459,2115
3774,1258
5787,2095
5203,2798
3078,2494
5602,63
4280,837
3299,1904
1217,738
3961,2023
4682,2537
3338,2798
5871,1392
2710,2448
3105,2977
3196,2341
2101,2340
1423,964
1175,862
5450,1520
28,2391
1566,2181
1530,272
3543,1109
3429,41
3608,1504
5127,1998
5891,2394
5920,880
5261,1998
1532,318
5326,895
1379,1042
5417,259
463,2504
3052,1222
3888,740
1467,108
1969,1258
4965,1074
5142,2656
937,1047
221,877
3719,2624
4260,1258
2116,904
5742,1116
2903,2977
4422,2717
5568,1717
3229,895
1737,1258
2580,2701
276,934
1405,519
3726,1701
1919,740
2965,822
3393,2989
4064,1696
5177,556
3857,1403
5810,2189
2673,421
4868,2430
4240,2861
781,1042
3052,417
4365,1809
5786,1014
1080,1109
4031,243
4452,2717
4822,1496
4617,2030
4837,1804
1767,1258
2557,1377
3732,1115
3890,1701
2107,2080
434,1119
126,966
5088,2554
3966,1696
3570,1696
5896,778
2529,268
4688,2620
1305,1577
5684,895
5455,1035
5119,1086
4255,2738
4083,2
3866,1465
1087,1125
1387,3080
3312,1064
627,2803
2544,926
3664,957
2671,2953
482,1136
1239,1115
4203,2174
1548,2624
3451,849
3055,849
1589,181
2215,3087
298,268
4267,3098
3424,2409
2457,2620
5695,1030
1340,2860
3057,895
1643,417
3604,1064
715,556
3836,2353
2239,448
1635,1465
2313,1151
2344,464
263,432
3036,957
386,2717
5317,2740
1203,2747
3061,1953
3273,146
3654,777
1988,987
66,268
3433,778
4088,480
5363,1580
2066,1809
3914,327
5071,1179
2433,290
1827,480
70,2080
4263,2174
355,2249
3734,1830
4061,727
821,1490
2443,1917
5053,758
5447,877
4096,2411
2508,814
5423,291
1042,146
5581,877
1650,2
1756,2118
5839,354
4383,374
4421,1420
1778,187
83,1911
184,2717
318,2717
29,2614
2221,1696
2735,1917
5770,1688
3578,327
474,1917
3712,327
1872,1138
5621,2504
5301,836
951,2256
610,2717
1725,1650
331,1050
3605,3089
5666,934
4420,2484
2154,1009
232,290
1687,2297
5078,1703
2157,2411
3707,1272
1121,573
1950,2118
881,1086
3558,1149
1108,2031
5867,816
2780,2575
5042,144
2552,1405
1048,445
2638,1179
396,290
2354,1420
3154,2227
4534,677
2092,1420
5643,2239
2138,75
3483,1914
2120,435
1302,3186
1496,1739
1976,2376
397,1804
5765,1828
178,188
3313,1883
5357,313
5544,139
4205,744
2140,1437
3604,2032
1154,2160
4034,862
1792,727
3834,2494
3922,2341
5138,2080
5217,3127
4453,1977
4909,2782
5005,2490
230,2980
2780,1770
4490,2798
90,2411
1179,877
5709,2054
1244,1272
1012,1703
1855,3146
4644,2484
4403,1109
1300,2335
3404,816
2067,3002
1003,836
1684,231
1770,1503
5576,1151
5302,2080
3466,2633
4221,1977
4191,822
2023,636
4392,2798
4984,458
5765,1023
780,1703
3765,421
4045,2690
4448,3080
4644,740
2101,677
363,1765
4993,2614
2649,1448
2661,519
364,677
345,435
460,2637
4288,2044
4849,391
563,1826
5033,700
2853,1443
4401,1921
2949,1151
4912,181
923,1580
2819,1078
742,2700
164,2494
2359,1093
3613,1316
774,3177
2773,144
2573,1022
317,2709
5301,1804
5705,2419
3551,1377
5452,1973
3998,376
4801,700
4782,458
3887,2989
401,313
5855,2363
4284,181
366,1258
1925,2679
3550,1125
802,2350
4726,1465
3265,1141
4046,1706
2057,2983
1947,1125
751,318
1305,1658
3947,946
4035,1547
1235,1828
204,1088
2215,1290
4887,1009
126,1397
5766,1917
870,2080
4502,417
4311,849
3653,849
2349,2983
3087,2158
1466,421
561,2264
5079,2118
326,677
2956,2614
5179,1009
4724,614
228,519
3170,99
3433,2953
4202,2195
695,2614
846,2783
789,2249
118,2044
3055,1280
3738,556
5158,290
1235,1023
1875,417
2909,2394
4686,480
3041,69
2053,2409
852,1258
1084,2547
1536,1136
2599,2353
1143,3127
3266,1850
463,2614
1277,3127
5005,1364
4081,2965
1202,2953
1856,2245
1176,1732
2348,1953
1090,268
3115,2620
5190,363
3213,711
4978,480
4071,1496
4970,1528
3561,1394
4821,3125
1700,1890
2538,2989
2685,1696
3595,1917
1494,2953
3020,1420
1485,1147
377,187
2347,2640
3145,2620
4993,1138
2751,249
4368,1086
5512,1703
2205,1244
5660,2355
83,1403
1730,1917
5353,892
248,1470
4658,101
1939,2256
5006,784
1121,1809
3027,2749
446,2394
4221,2729
1191,1050
5353,1831
5024,609
3582,527
4968,677
3987,1744
5938,1703
4224,933
1646,849
378,2640
5462,1185
3029,1482
167,885
728,952
3790,1580
1617,1050
5097,1437
45,895
783,824
2727,1302
4606,2139
5394,677
1340,1681
354,1650
1990,2729
4230,2791
3455,1482
4540,738
4880,806
4295,1873
664,2980
4396,2679
1446,1703
5045,92
2020,2729
3159,3002
2474,2145
3940,369
2019,2504
813,1009
1558,1917
2771,2139
3428,194
1289,938
1636,2739
1149,177
4156,2818
3810,2181
4290,2818
2433,2494
1005,2118
459,3113
3747,1078
4994,2382
1622,1528
5068,3085
1723,1580
4199,421
2098,1457
3679,1883
3574,369
1886,820
482,1030
3109,2484
4202,1658
5284,1397
2801,2139
5870,740
4940,806
3321,862
5172,2095
5545,391
5414,1628
5469,1335
114,984
174,1035
1308,964
2987,2679
3971,1883
1822,1185
4657,2588
4145,2413
5308,3080
4016,313
5853,2614
5796,2080
1844,1883
3623,1550
1470,2396
1377,3171
3047,3080
1065,2118
700,677
4100,1889
4432,376
3748,3127
3941,1078
4852,181
5346,1470
2008,1698
900,738
1515,1765
460,2129
5696,2788
2793,2382
4906,417
2416,180
3417,519
1011,3171
3339,3080
3578,1376
5111,822
5190,1115
4223,2080
4040,3127
5948,1696
3212,272
724,862
1891,1648
499,1683
1798,3177
3952,1967
4666,556
1775,1473
2568,1109
128,2679
4918,777
5336,1290
5801,2558
4387,2080
3390,2614
3797,2214
5780,2620
1881,2249
4417,1141
4933,2189
2450,2177
2152,1022
622,1093
4175,2547
3622,1809
2975,1998
2622,2634
5337,2989
4989,1717
3597,1752
1088,519
4293,2953
2727,1115
2791,376
320,2633
1834,2029
3510,63
130,2509
3024,1109
4464,556
4281,849
1473,2023
1246,2798
468,2504
2544,849
197,2418
4252,1050
1342,227
3766,2096
5839,3176
3597,3041
5933,2811
3106,2989
843,1977
2818,2522
2813,2178
1073,2439
1899,2023
813,822
5722,1086
3161,417
1182,2382
2574,849
1512,42
249,2177
3153,1465
125,421
3850,639
2943,2409
4106,824
5285,681
4278,527
300,2115
1819,1855
5645,435
3000,849
3514,1070
444,1490
2567,967
4050,1050
1703,2619
2799,2256
1687,2086
2349,2959
477,849
1306,2394
3345,480
2364,1547
4260,1799
1834,69
3788,1989
5937,435
3268,1953
3520,2174
3846,3098
2701,2256
824,556
5123,1800
1396,193
5132,573
99,2717
5025,2396
4501,2396
4186,1072
2388,1917
3907,2411
3962,2118
3287,259
2894,1496
1701,2118
2014,363
154,330
1028,1086
848,1650
4771,1883
4776,2227
4531,2396
4071,2411
5160,877
5688,2494
2410,2965
4636,877
5106,1580
3144,2960
3555,2494
1822,1482
796,1086
3229,2509
5063,1883
4405,1883
3842,2709
2400,2627
2746,820
2350,820
3305,2504
177,290
1703,1009
4380,1072
1349,2174
2163,1933
1519,1831
2429,2052
4378,1376
2356,1015
943,1671
2500,1703
5884,2382
5495,1109
4827,421
3896,851
4972,21
1018,2195
4344,452
5216,2633
5625,1340
5886,1115
4055,2012
194,1933
608,984
1819,379
2388,307
146,172
1328,1081
1775,1770
3033,1765
3747,354
2212,81
644,1580
843,2729
2734,1883
1999,2417
2338,1883
5869,2989
864,573
2985,2633
215,127
459,2739
4862,391
2008,2129
927,1272
3611,816
808,1580
412,1580
2160,2900
4321,1915
971,820
2271,1950
5005,2547
5323,1136
858,354
5593,2717
4101,3080
3015,2633
3287,877
2965,826
921,2396
5468,1490
3733,2095
4877,268
4973,730
2531,1473
1127,1683
905,2802
3866,2624
180,1580
2202,1971
5598,967
3277,539
352,374
3827,417
1814,519
2724,740
468,707
2156,1222
4105,2798
4435,458
5121,1917
3230,319
1578,2679
828,2181
3216,421
5153,674
4888,1157
120,374
3114,144
4312,243
301,1883
270,318
5380,1804
4215,1064
3867,2044
2754,740
2358,740
4490,2989
5183,2953
1210,2633
814,2633
2946,910
5243,1506
3882,2352
1977,1048
4986,1850
5151,1917
2204,458
951,837
3568,849
1391,1109
3793,967
5718,2149
2602,1258
2655,330
3491,602
2156,417
4067,1701
5172,700
2888,2029
937,380
1828,2803
3027,3127
2230,2029
4393,181
4570,1009
1997,2989
4762,2118
3521,602
5125,480
756,1658
5469,290
5892,1147
2829,2738
1601,895
4600,1009
173,519
3369,1147
3732,1953
425,740
29,740
1200,1490
4517,193
5367,363
3030,2620
3823,2256
3427,2256
4597,1650
2859,2738
5906,1580
5510,1580
5104,892
5543,1528
799,1331
5594,527
2813,1804
3532,737
1686,602
2830,1219
767,2547
4163,2297
2191,2989
382,1393
62,1977
2259,1403
4700,435
751,2953
2558,1470
4822,2118
933,2435
10,474
2665,778
3754,1496
1766,2409
5441,820
1019,674
2655,1753
1609,1671
893,2255
2015,3113
2323,1014
2178,2353
5631,1883
3278,1917
2137,1009
1129,1973
915,2953
2419,1661
3621,2256
3608,2960
3135,1050
4348,1272
5576,82
5698,1765
4497,614
2430,480
3508,2729
5817,2396
1404,1804
2167,1009
4095,984
4645,862
5371,1528
4285,327
2067,778
5462,892
4565,2596
5248,374
1803,1671
2517,1014
4158,1683
3542,1185
3848,1457
472,639
3946,1800
4378,1457
2944,1990
5912,539
5296,41
805,290
1142,3093
3296,1883
3826,1883
4612,2792
4550,1914
3949,2448
1005,2041
1023,2620
276,885
2456,896
1850,1086
4768,272
2519,2376
5915,2126
2914,1185
481,1482
4230,2848
1219,1219
940,1804
2430,614
2034,614
4703,816
5253,2946
4520,1109
3460,1883
879,1528
4895,986
4609,400
758,1009
2716,2139
5271,519
2715,194
91,3175
1075,127
4855,806
2114,2448
5832,2249
300,1070
1211,173
1040,291
2819,3176
3228,1883
4479,2397
5499,1258
4102,195
4931,1740
920,374
2144,2448
5886,391
2735,2889
5424,2023
4811,1042
5663,1258
4057,21
5798,2614
5479,2080
3664,1258
3268,1258
5718,2096
1941,934
662,92
2040,2633
2802,2956
4593,940
3693,3127
4508,78
177,2494
2773,1437
1792,2504
4063,1125
1114,374
548,1683
1055,3177
1647,837
3954,2121
2008,816
1423,1883
4148,674
4633,2409
940,194
2590,417
3748,740
4250,1890
124,574
3644,2080
4081,2835
4148,1613
1959,2802
5949,1039
2067,2335
2526,2095
341,2494
274,1272
2961,2023
5354,2327
3360,42
4485,417
4080,139
4173,330
1743,144
5564,824
4927,1701
2790,3080
839,677
443,677
844,1021
4232,910
4956,187
3887,3127
5661,1696
3678,2953
4459,1074
4208,674
5488,2118
3645,1500
5615,1701
5589,480
4339,376
1061,847
3819,2030
3917,3127
5722,1009
1723,966
5429,1696
969,1258
5856,1009
3056,2044
1705,2080
3455,63
583,1222
889,740
5920,1933
4226,849
2512,833
5585,896
4492,968
5652,2118
3124,1397
4584,1496
1263,1331
667,519
3807,1804
553,417
1530,2614
427,1998
1607,2080
953,1290
3294,2158
3712,1917
990,391
5180,968
837,1115
3920,2620
4223,177
2132,1901
5511,2236
2562,1485
476,1109
1684,987
3667,1393
900,2568
3866,290
3668,2749
3317,1014
400,1464
849,536
3886,1696
3655,1009
3876,1917
2372,957
5803,1482
5407,1482
4851,1035
5718,620
1743,1917
3542,1482
4056,1703
465,1485
747,417
477,556
3622,2939
3202,2353
1462,2614
5605,1093
794,1926
5642,194
122,1496
2763,2656
2864,2708
2169,1917
2055,849
1131,1696
4985,3078
463,1008
3481,2118
3956,2411
3928,363
640,146
2957,2118
2384,2256
4855,753
586,849
4333,1580
415,967
3013,737
1177,1290
1927,290
3157,2179
4708,2396
2409,973
1423,1696
1588,1009
273,2954
5345,738
5118,1513
1976,2811
5140,1272
4813,877
1093,249
3078,1482
2388,1035
4134,1528
3695,892
5818,1335
694,1671
1234,3113
5571,677
5301,816
4320,1883
5039,816
4027,318
5735,519
0,2953
903,2195
3766,1482
364,1917
384,849
5836,2264
445,2256
419,1035
1310,1014
432,2960
2531,1851
3391,2709
5208,1914
3998,677
990,1009
861,2319
1243,3175
3786,2484
4304,195
2894,2842
1407,1297
2212,4
997,3119
5133,2679
1322,435
1535,1482
3675,374
5836,1109
321,1035
3134,2679
4483,318
3259,1627
3603,1437
3355,1335
1727,2591
1677,784
1324,1420
758,2729
2222,2570
1857,1883
3694,2494
3852,3080
5132,1114
5528,1114
5825,2798
3853,272
410,2396
1237,862
3159,2335
4972,78
1737,1185
3826,2798
5185,1125
5563,519
3403,1914
3217,2690
1625,1883
4030,1258
5935,1064
1931,677
5814,2989
547,573
4081,1977
294,127
5634,1109
699,1344
2865,1457
1767,1185
1042,1683
4765,1828
3495,2792
3101,421
2060,1437
2273,2484
2603,144
4270,2788
4984,1377
5290,895
4949,602
4285,1376
5142,2717
2960,2633
448,1883
1229,2448
186,1883
1607,1088
3752,2044
5393,1023
783,1580
1206,1683
4181,1403
4198,818
4473,1023
3957,2449
5147,967
3380,1125
4505,1500
1459,816
3975,1685
735,2448
3426,2409
4919,1490
110,144
5351,1147
3606,1064
5371,833
5605,2195
4380,458
2303,2080
813,826
4180,2090
5809,1998
4028,2450
3759,1279
4354,2620
1269,1042
5350,895
1823,2382
5837,259
4782,1377
5876,187
3727,243
2746,556
246,1883
4336,1290
5518,2199
111,1658
2399,448
2175,740
4113,1403
2180,2023
5765,2426
4303,187
4382,480
2709,2717
5596,146
4515,1009
1571,602
1977,2044
4222,2450
2635,2953
4414,2620
2010,1403
2853,402
2603,1917
3081,2481
4049,2118
5075,824
620,730
3505,1496
1211,417
3971,2989
2056,243
2188,2614
54,1258
978,1377
1000,1136
1882,63
3162,1507
3657,1486
4715,639
2275,1455
3140,967
3406,1086
3688,18
3595,1547
4116,2939
3087,2272
4909,2575
2758,1050
1641,1290
1008,1377
1930,3113
4382,614
1448,895
4447,1009
1300,2717
236,2029
3529,146
1053,2059
1569,2353
5702,2396
4265,968
4010,2139
4109,2118
718,268
5162,173
4200,1482
955,1901
5485,1580
5223,1580
2420,3098
586,1280
749,2964
568,674
1915,896
383,2614
527,1050
2961,1917
4809,435
1512,664
3537,3016
3943,2206
4407,620
769,556
282,2158
289,885
4719,892
5297,2818
2432,1014
3784,614
2311,2939
3792,2195
1765,3180
5605,1658
5274,2807
1850,1009
2416,1420
1954,3052
445,1748
992,1917
1494,3067
1943,2139
2803,2997
3866,2494
2042,2118
3933,1272
4669,374
2200,1014
1102,742
116,1465
2453,2591
1804,1953
5250,1258
2717,1883
1356,2729
243,2179
2365,677
2647,363
2547,2411
3760,2633
3364,2633
1809,984
2677,1703
1760,2031
3253,2802
678,1703
3143,1883
519,892
5414,1258
648,1302
4784,862
2810,3171
2242,435
1409,1400
3344,826
3103,1703
2462,2838
1801,877
1104,1703
1284,2802
1217,1580
854,1528
4912,1397
75,1009
1941,1796
3558,2633
5764,1613
1202,2396
4490,1115
825,194
4746,2798
2101,738
84,2411
3873,2644
1844,2802
4263,1109
194,327
4890,1207
3555,1022
633,374
4108,417
5481,2614
415,2366
752,1005
3307,139
3481,2012
609,3171
3904,2115
970,144
4031,1890
5259,700
3072,272
5437,972
1626,2700
321,2889
1828,1868
401,374
2619,677
134,784
1397,369
2365,6
190,1093
2456,2376
2387,519
5393,1804
5527,1804
5854,2953
4771,2989
1139,2181
5244,2620
2470,180
4610,1701
272,2946
3794,2835
3369,1151
2562,119
2703,1290
4019,2953
4936,181
736,3080
5774,1280
3249,268
2870,1403
4141,849
4232,967
1689,904
255,1437
4510,2409
4722,602
220,2382
2599,536
3418,1393
5663,1799
4734,3056
2557,1064
4040,1147
884,2547
3002,926
2033,1064
2673,458
69,119
2211,3056
5530,896
3303,1039
476,1971
502,940
3573,2620
4724,1964
219,63
3409,1465
3617,448
1910,849
2655,1757
2751,1465
4093,377
5435,1009
2897,1290
3931,49
837,2327
4075,737
1880,448
2308,895
2647,1115
1260,740
1048,2547
3942,1147
1418,2080
5434,784
471,1977
2033,2353
4053,1917
1133,2096
3865,2620
4307,2965
5718,1482
325,3091
3878,573
3706,1809
433,2624
3208,778
4474,3078
5200,738
3782,1804
2264,946
5337,1009
2823,2630
2969,1701
1186,2080
4083,1917
5296,2139
2680,1009
5273,435
106,135
1308,1696
967,1403
5681,2889
4968,738
2066,1496
3069,942
4277,820
1967,3180
3368,1009
1193,2096
2399,1147
789,700
4724,2448
1456,1917
5258,2355
3438,435
3075,383
4031,1703
4144,1580
326,417
4753,2627
4407,1990
4738,2504
3136,1009
357,3113
1030,1701
1057,1804
97,1496
2478,2729
3973,1883
3849,127
1882,1917
4956,862
3681,1482
5162,738
2097,2256
2023,55
3654,3042
4034,2509
169,968
1483,1804
1089,187
872,1650
2107,2385
1979,2385
1755,1179
1096,2297
3358,2118
5733,2782
5851,3003
5130,991
1792,1219
1452,1528
3852,3003
4752,816
1925,1748
2403,2504
932,738
99,737
3597,2484
2564,163
1972,1005
3350,2792
1772,1883
3816,313
4593,944
1019,2585
3347,2494
1626,2997
4016,374
5208,1971
5936,458
2474,2340
5299,1335
1596,2596
2597,461
5936,1397
361,1272
2959,1042
3976,194
3466,92
4448,2633
1936,1883
1335,3171
3377,2494
5374,2798
852,1482
1084,327
2694,1683
2847,2679
3137,940
3123,1042
75,2729
519,1457
1570,1883
3528,2259
2776,934
1084,677
1569,1658
1614,677
1278,1482
4110,2614
2198,139
921,2376
5437,1403
4489,2418
750,2494
3143,2798
218,2633
1355,2079
3153,1042
3542,63
3371,181
616,2679
1743,1437
1342,1093
3508,452
3557,2788
4371,2547
3636,637
2849,2701
889,744
4879,2953
2138,1185
1176,1740
2184,1530
4438,1490
792,811
3099,2095
652,2494
3307,2798
41,2340
1820,1253
1920,3177
2369,2249
137,2802
4838,2363
2378,1022
3455,417
4435,1377
4805,910
1322,1915
2029,87
5248,2419
2751,2701
3897,1701
743,518
1400,2737
1102,3080
2199,3127
810,2679
1216,1115
4299,2620
4643,2430
1019,2264
1348,1042
3369,1932
1552,283
5695,1014
2429,556
968,986
1006,1278
2625,2188
3531,1701
3846,581
2624,2717
2204,1377
3716,700
970,1998
423,139
3688,2624
5245,2656
5195,849
1093,119
3932,2984
4935,2430
4255,1917
5286,967
2154,2953
5688,193
4122,2327
3814,2174
4423,1501
5256,2256
5431,3011
2999,1998
351,421
2723,602
3198,895
3726,1014
4013,290
1654,2788
5482,2195
1331,822
5164,573
5310,2842
1590,2214
5945,1138
420,376
5869,2082
5273,2960
3421,2256
2832,895
3362,895
4095,480
2417,1619
4017,3041
3611,2353
1479,1070
3349,2353
3659,1081
1458,755
4973,1917
661,1377
3071,1850
1649,700
188,376
4582,194
1073,2984
2262,2620
2051,1619
5337,2729
1878,2630
4144,1661
1351,3113
3939,2195
3968,3125
1602,480
5857,2206
1634,957
3024,849
4309,2637
2480,1917
718,2419
4105,363
3219,2256
2957,2256
5564,1580
4841,1185
3366,963
5023,2919
988,967
330,967
4184,1595
5125,1883
3380,1800
4068,1420
5281,2396
5718,2397
4845,2997
1834,614
383,1732
2993,573
954,2487
190,1337
534,1147
4462,2478
1478,952
4530,892
2532,363
1628,896
1662,480
3475,2195
5027,1883
3504,681
4354,851
2105,1989
1083,49
391,1219
5540,2633
5490,826
786,1748
3036,2498
460,2487
1637,3052
109,1506
937,1917
5460,2115
413,1917
17,1917
2493,758
4614,374
4366,272
756,2256
18,829
3101,1580
3314,2627
4995,1005
2656,2627
2615,374
433,290
228,824
276,1804
1874,2591
5607,2700
2503,1072
4657,3080
393,110
3999,3080
3047,2633
3319,877
4078,1683
4396,272
953,2396
1230,984
4874,836
2938,1185
1929,204
623,1703
4799,2382
3244,2396
3339,2633
385,1538
1613,2792
5209,910
2652,1703
969,2498
2058,964
1199,2960
5127,319
127,2411
4647,2900
4220,1335
2552,718
4479,283
1296,1580
3441,816
440,1595
1701,2797
460,527
1692,991
1048,697
205,8
62,1420
1715,1914
3766,2454
2164,2679
3638,956
439,1528
2188,2484
2534,677
5030,2614
2146,2258
4768,2614
1177,2396
2266,862
1144,4
5111,2953
2554,740
1484,826
3347,376
826,826
3321,3127
5,862
5555,2620
1936,2798
2528,458
4331,519
4479,417
5000,1809
5194,2614
5617,2717
393,1883
3156,966
3030,2547
3687,1356
2439,2079
3447,2835
3027,2249
3208,1506
5164,1809
2141,1109
5909,2717
1473,421
3534,2430
4909,1290
333,677
1010,1828
2199,1464
3672,859
5573,1455
4893,1696
3766,494
3074,1664
2532,1115
5353,2620
1041,2080
645,2080
2949,1403
1075,1664
3152,42
3346,1039
947,2418
4854,2118
5299,290
3124,1377
1178,2701
4430,1009
3,519
3857,1147
1968,376
937,2080
1219,1012
5374,814
5548,1933
3310,1917
3998,39
1164,1490
4951,896
4206,742
2860,2620
4555,896
4985,480
4990,824
2517,2
1066,2086
1023,1258
4863,2180
1566,2409
4198,2729
643,448
416,1977
238,2614
5255,2411
977,2953
3945,2256
3555,758
5454,527
1942,602
1511,1547
900,1393
4975,677
548,187
3609,1933
5011,896
2951,1933
2804,193
4779,738
2698,706
5310,374
3172,1528
3734,2729
4015,527
2917,1009
305,1341
838,1804
867,290
1738,1337
2066,614
2183,1953
3320,1399
1735,2729
2831,2174
1365,1506
2256,1677
5260,2889
394,1009
1273,1917
2223,39
5067,2494
583,1470
3200,1482
4547,738
5870,2818
2938,1482
3569,3042
1702,2030
332,1070
3336,1528
5521,1883
1465,3026
5696,194
1234,3093
5169,677
1388,527
870,2816
3363,1072
830,1697
326,474
1126,527
1169,1917
2067,3067
2375,968
3697,194
4973,738
5663,1185
4439,2494
2548,896
3595,1580
1645,2031
5031,1093
3243,374
5461,677
3699,1179
4803,677
5345,2946
2735,1661
1790,2385
2029,681
4407,2397
4362,934
1504,1799
179,3056
588,1009
3200,677
4113,2859
2284,2139
5944,272
892,2174
3381,2186
2866,2494
987,2411
4464,3089
389,18
4642,1109
2007,1457
4264,934
618,1009
561,2195
2269,2396
2543,3130
707,677
3699,374
3827,3003
4331,816
2299,1457
2789,2782
4138,421
1299,1528
3611,1658
2964,1093
4340,2999
3003,1021
5907,2029
1423,1005
4112,139
3494,1258
1152,3171
5746,391
919,2411
4255,1356
3513,2439
4862,78
1558,1580
2895,1114
5075,1125
317,1030
1072,374
3804,144
1147,3177
4271,2239
2430,2448
2726,1278
3920,1258
1645,421
599,1093
415,2504
3192,519
4990,1926
5386,1926
2930,519
1564,1021
1870,539
4186,1377
5517,1628
4918,2989
5422,2522
886,3028
3788,1489
5834,1685
5285,2409
5245,1290
4663,376
2703,2583
466,2792
3809,2716
5793,2815
5921,1280
2082,960
4812,849
1276,2782
1014,2782
2363,421
5804,880
5907,69
4926,1136
4380,1377
770,1109
5257,1650
3796,2080
468,744
3904,859
2752,2044
2685,822
3905,2023
2717,2989
4589,1901
3522,1696
3455,474
755,2679
5834,880
2069,2953
1823,268
3528,2450
4244,2620
1360,2264
4543,967
4598,674
4939,967
5640,1014
416,180
381,1125
2198,330
785,986
3034,602
5582,1009
277,21
5483,249
1622,2614
94,1068
2802,2696
5696,1296
2361,2953
3278,181
4940,2481
2099,2953
2983,1953
1006,1335
2745,849
5274,1014
3586,1465
568,1109
442,2690
3732,1290
5251,1030
2312,967
2673,946
3100,259
3667,1804
5133,28
5513,249
339,2188
1729,2080
1813,2717
1701,1752
541,602
2552,3056
76,2717
2151,268
5205,1035
4822,2960
2993,2240
606,2690
2763,2717
5280,805
3513,963
252,849
3700,3041
4173,1009
494,1136
989,1115
1338,2989
5663,1482
5295,1086
5868,1914
3975,1933
1881,1696
2939,849
3640,896
3244,896
3430,1086
5372,1683
337,556
2816,3078
537,3061
2163,1917
3751,2016
4133,2118
5299,2494
2525,2498
3237,1014
4851,1580
5852,1919
4618,820
996,727
2116,758
1743,18
4456,1990
5340,1744
1372,1014
976,1014
1320,824
2027,3160
5623,1278
5065,2448
289,1804
3929,194
5529,862
3846,2411
5329,2494
4935,877
2932,2256
738,849
194,1917
4929,308
3726,2494
402,2620
4030,1185
701,967
2748,3078
5456,2454
3871,374
1094,3113
1345,480
1892,3093
3922,1093
3722,1971
4071,435
4489,194
1132,372
1789,2591
2524,2811
1782,1420
247,1147
4359,313
3111,1036
683,1677
1676,435
3427,1272
1859,327
2531,168
1743,2596
4516,677
3596,677
1416,1420
745,461
5203,826
583,2385
3279,2690
2083,1883
2864,2448
3857,452
622,2313
4206,3080
2012,3171
3433,2376
5582,822
3658,2494
889,2842
3064,2509
5570,2690
4178,1971
915,1030
1345,614
4810,2413
419,1580
147,892
403,2575
320,820
4518,1258
3790,519
3418,2633
4307,1977
4957,2059
2803,1017
5243,201
2844,1580
1407,1842
289,194
4141,2439
4344,2798
1169,738
4665,1658
732,1703
4037,1335
845,1580
109,1697
5778,895
711,1765
3742,3080
5566,1012
2641,847
1204,1109
5593,2835
696,2396
1628,2376
2176,2181
4442,458
238,1703
2012,272
2375,1078
2111,1971
5765,259
570,1883
575,2227
2101,2946
5623,2835
1822,1279
5452,2953
218,677
634,2807
3659,1890
2499,740
5142,1973
2069,2095
3115,2177
2552,3003
2493,144
5094,1151
686,903
367,369
5417,1804
4928,1613
3899,946
494,144
5155,1804
4124,1064
2429,2788
3812,1701
4729,1403
2638,3127
915,2803
5824,3067
3747,2245
5423,279
5939,573
123,2079
5319,1619
3002,556
586,268
324,1022
1535,417
5031,1337
2512,2614
3486,376
2524,1685
2863,1151
5684,2656
2215,1115
5298,2620
590,2080
5450,1671
4031,849
3635,849
734,1078
2829,1917
5415,172
2861,674
5244,290
5039,824
4163,187
3251,859
146,1258
280,1258
1204,1377
462,740
1587,1115
3941,2245
833,3127
4489,1296
3403,849
2859,1917
1955,2450
1613,1023
3847,2960
3391,2717
120,1915
1233,967
1016,2430
3931,1907
2468,756
329,1500
4801,1009
2760,2096
5413,1765
258,2788
535,1376
2751,290
1046,2080
784,2080
1023,376
4950,1482
1064,1316
1568,849
1793,967
3016,1877
3014,1050
393,330
2186,3113
1924,3113
3376,1631
153,119
2570,1009
5364,2411
118,1064
824,1455
4683,2427
1054,1917
3277,2564
2472,824
579,1809
178,1465
5436,1883
5854,2396
747,1393
5349,194
607,824
5084,677
5144,1482
4071,2960
3105,363
2883,1482
4364,738
3510,1580
3238,892
5818,1022
4852,677
4382,2448
5017,744
4973,2889
5427,2305
3427,1703
3728,877
589,2
1912,2082
299,2118
612,363
1424,49
2205,614
1635,461
3631,1883
360,1081
3338,318
1228,1800
3410,194
4982,1258
1383,1179
4834,3080
725,1179
3065,2411
575,2174
2004,2960
2601,964
4280,2679
4407,2454
5534,458
2903,1302
1211,291
3174,1765
2823,784
4053,421
2879,1093
5482,1207
5076,519
1413,1179
5487,2305
4960,2788
3631,139
5637,2249
465,851
5771,2249
3966,2115
4064,960
5908,268
846,1482
493,2118
4083,421
4093,1109
1340,1990
5106,519
725,374
2545,816
2682,1279
5244,1392
906,1883
682,677
4173,1253
3412,374
27,1914
1899,1580
796,964
1637,1580
1817,2679
2686,3091
3166,318
3823,2537
3107,3121
2782,1109
4609,1002
5939,1809
622,784
859,2417
2755,1915
1611,1298
1459,1658
4358,602
3303,966
3785,740
3547,2080
1449,2633
850,1550
5920,1917
4656,417
5371,2614
5034,777
4294,967
1489,1658
5666,1219
2827,3080
3319,2788
3911,448
2851,1222
4353,1547
886,3085
1531,2069
2367,2341
4588,2353
1634,1258
3662,3127
4507,2953
1795,2115
5174,1696
382,519
3737,268
2849,1526
10,2633
5593,2811
439,272
3163,181
4651,1362
5518,947
1872,268
4112,330
1302,3121
1536,319
3533,1377
2425,417
1437,313
5332,942
962,986
4872,957
1350,2788
2771,1993
3105,1115
5823,1179
1060,740
3467,1696
3816,1850
1316,3177
3601,1696
1617,99
3905,1141
3931,110
3719,1917
4115,1917
2091,3173
4720,2256
580,1042
5158,1701
4927,1014
3739,290
4305,2953
2914,1116
801,637
1382,2080
3631,1696
2963,1008
4145,1917
2641,957
2961,181
2009,2178
552,1064
5932,2411
2532,1953
2344,2656
919,1797
2428,849
411,2522
3902,3098
2747,602
3655,188
5556,784
494,1998
4714,2195
3296,1009
3826,1009
3003,1696
1613,1804
2182,1732
4933,2498
5731,2478
992,181
823,2624
4505,2960
4104,172
2856,895
2635,896
3671,290
5266,614
3461,480
4340,1580
252,556
1038,1465
1910,1394
208,2701
3460,1009
1383,187
5548,677
5422,2258
2175,1850
5676,862
5280,862
1100,249
811,146
1444,1752
4078,1179
1980,1732
3630,2709
4065,1883
789,2989
2234,2780
4879,2396
936,1696
342,957
3496,2894
3420,2118
3895,2411
2871,2842
947,1296
5799,272
4856,1631
2332,2564
4171,1528
3732,892
50,556
1053,2
1488,896
3654,1009
5593,1335
2635,1030
830,896
2346,927
4004,1765
4491,1883
4909,2396
2328,2041
4270,194
1160,249
4945,1272
2901,2842
659,1953
4274,313
4564,1580
2864,2960
4030,892
1518,896
5623,1335
537,1963
440,2030
4844,816
4407,2535
320,393
1581,1595
249,1681
3511,677
1749,1179
1659,2417
2154,2396
1066,2842
2783,877
3336,272
1626,964
249,2031
4289,1883
710,3180
5450,1915
1054,738
751,737
345,49
1136,1302
3343,2382
1803,1765
1927,1831
3239,1278
1112,1093
4219,740
3866,1376
1280,677
5738,1042
5896,1628
1474,1482
1567,2427
2334,2340
4096,1838
937,2031
4543,837
5300,816
601,2082
2908,1114
5107,421
4859,319
3940,2264
3532,749
1049,1683
4760,313
852,2832
2115,2417
3615,1915
3004,1761
4425,966
3002,934
2319,1658
5483,119
4645,740
5333,1114
5486,1356
4030,1376
1513,1036
5593,664
976,2494
2175,2818
3992,2023
4943,2999
4886,21
266,1580
708,2679
2876,421
2480,421
4223,1397
5513,119
3882,1104
3961,1397
4986,602
4463,2547
5612,1064
4232,2614
4270,2906
4187,1151
5491,2989
1164,3080
3795,2798
4593,2778
4421,42
4641,1506
558,1580
3292,2177
2048,390
1299,272
296,1580
1884,3177
2524,319
5184,967
648,1473
1331,749
5887,895
3689,1998
4735,2080
5521,2989
2486,966
1426,986
4134,2614
4910,2835
5340,2419
2528,1377
1728,1324
694,313
2736,2080
3577,2696
5284,43
393,2802
4468,2086
3315,417
1605,1109
2345,330
4019,1701
819,2802
850,2115
2044,2095
3833,1696
4943,1039
107,1253
1143,647
100,82
260,2249
4064,1070
2534,1141
2011,3086
3668,1070
4910,2030
2515,2619
4729,1460
2294,2620
1876,417
2638,740
1612,2788
3716,2989
4259,1696
1038,2701
2634,217
5256,573
4626,177
3423,2363
4421,1465
1535,474
3202,674
1118,1125
3513,2256
4502,1804
4583,480
646,2069
2406,740
4321,480
563,314
1112,556
305,1776
5413,2627
1136,1115
565,2080
4646,1933
5640,2791
658,1490
3958,778
4512,2118
1160,2640
4603,1482
3517,1035
2204,2861
3074,2717
570,330
1747,895
709,674
3725,957
4698,938
729,2080
5906,816
3354,1953
4801,127
2454,1696
3230,1917
2113,1403
4838,948
2518,2620
3359,984
2163,177
5260,1580
1963,1809
3135,2030
3572,2031
3981,738
4019,1030
4320,204
4955,1883
2707,1179
3412,968
3553,2139
4396,1138
3076,2739
3747,692
4915,1703
144,1403
5275,3177
5290,1765
1887,1009
4502,194
3931,1159
4256,727
5632,2633
2965,814
1358,2385
5341,1703
2063,2174
5399,1119
2560,2980
5454,1580
3754,2960
1718,2139
2420,2411
4285,2596
2079,2118
1506,2256
1110,2256
3878,1683
5411,1883
1505,2031
5813,1109
5949,2690
3277,527
2051,1009
4797,677
2773,1933
3440,2396
21,1696
4487,3080
4463,2494
72,1661
1999,445
2737,374
2375,3176
3978,1109
3314,1883
1175,2627
1161,2729
3190,127
2656,1883
3437,2448
3797,539
216,1009
5061,2012
4314,277
1284,2570
1189,1744
1585,1744
1834,2448
4454,1977
1042,4
5744,2419
4247,2438
5295,903
4290,822
2256,3080
2232,2494
4639,1730
587,363
5083,458
2505,374
4903,1022
3726,2177
1613,1698
1635,1457
1609,236
5934,2701
2596,677
416,1420
5039,2788
572,1179
4615,740
5926,2059
702,471
220,3171
581,2396
2345,277
2024,3080
4214,1335
5329,1022
795,2355
5347,1039
1732,2679
3504,421
923,820
1835,1868
3020,42
3759,2633
5199,2080
3384,1258
851,1883
4588,1926
4878,2439
64,1503
2230,862
4484,822
5893,956
84,435
1963,1272
3695,2059
5417,2158
1320,1580
17,2596
3718,730
5600,330
176,374
1052,1765
2325,2792
5437,2029
15,2900
3680,1377
529,677
5307,458
3865,376
5386,751
3739,1957
4449,3056
5385,1280
5865,1917
629,2012
457,2494
5759,2430
3940,146
1802,2054
2480,986
193,2798
2650,1397
2784,1397
2840,740
4748,63
3507,1957
2473,946
2206,602
3532,2953
3692,956
884,1376
4416,1953
5579,2620
1124,836
3519,1967
2954,2158
3800,674
3977,2256
4292,1136
2091,1002
398,1109
2,1109
2957,2614
4918,1009
2812,1701
1267,740
2490,1650
2707,187
1425,2080
3949,1147
5919,1348
4270,1727
942,391
3798,1917
5768,2118
3615,2964
361,1577
2138,417
5216,824
2776,2394
5727,1528
3660,1394
2929,946
2556,1115
5252,1420
1589,2080
1673,2717
5605,784
1647,1496
1898,2835
5941,2396
3976,849
209,2095
235,1064
3640,2620
2215,1953
4420,2960
2331,3067
2202,967
4072,1496
3819,1050
4975,738
4918,204
3848,290
3161,1804
5453,1302
3586,290
2803,3062
1433,1136
1307,2717
3955,1850
3681,527
3082,1696
5518,1138
5645,2411
2453,2656
1763,1455
937,181
2099,3067
2909,2118
1090,2086
2539,895
844,2619
2580,896
5665,784
2409,1014
5845,1883
4484,2729
4035,1405
5937,2411
1066,187
3531,2811
2063,1316
1328,1850
2578,2139
1778,2086
2110,573
5780,892
5169,738
2383,1671
98,146
3441,824
4647,2319
629,536
2678,1030
135,967
836,1014
1228,1804
1519,290
1429,1528
5718,2084
3192,2190
2555,3067
2861,2585
3527,194
5461,738
3224,193
5585,2494
390,146
536,1661
3182,2411
2554,2842
3194,1482
2134,2256
4593,928
2182,984
3292,327
2261,2031
4083,1580
160,3067
3415,892
1018,3098
1720,172
122,2960
2417,2729
2381,820
1338,1009
1076,1009
3292,677
3557,194
4957,2494
2376,2139
3486,1482
5083,2633
4346,2340
5284,637
5707,740
158,146
4000,1703
993,193
165,2256
1654,3093
4204,1883
4462,421
4527,816
3942,1883
5019,1278
5803,3080
2050,2504
2205,163
3721,194
1694,1179
3436,964
5053,1047
1023,193
5259,1115
2332,877
4995,1042
4953,816
1257,1528
5202,1520
2179,820
2597,579
1086,892
2832,2139
349,2319
2505,1744
547,614
3002,1796
5387,519
1973,1883
2888,2448
4182,380
5935,2044
2230,2448
5289,1115
2993,1683
2046,1580
2884,2679
1163,738
3239,1335
3700,2484
3533,92
4223,2259
3560,1915
5939,69
4244,2547
3602,3080
1255,677
5453,1115
3670,740
3935,1977
2979,822
4555,904
3772,458
5008,849
2697,1109
3333,2259
5642,1926
3159,2860
5451,2358
4988,1136
2383,195
5010,895
4442,1377
4058,448
1193,1088
4338,2717
1877,966
5571,181
3537,2439
3606,2044
3344,2798
823,2494
1754,374
3175,2989
2206,3127
932,2629
4867,967
3626,417
3612,519
5288,2717
1053,677
4284,2080
2940,2341
1811,1258
1601,1448
4973,3056
5281,957
5613,1696
3672,1701
1774,1376
956,1683
1331,806
1350,1048
5548,1486
2628,2419
9,1580
4186,2861
2176,2295
1247,2798
5423,259
4177,1809
2843,2758
1288,1109
2807,849
4297,1911
2636,967
3214,2701
985,519
2795,2717
5336,1953
575,2341
2244,2614
4890,146
4436,1696
5024,146
5850,2174
4062,1455
5578,1486
4665,967
1473,458
4541,177
2519,1506
4336,1465
2496,556
1473,1397
2192,330
5907,614
3470,1701
4263,1337
2012,2614
1160,119
3531,664
2694,2419
1106,822
4941,1400
2391,2610
216,1253
4309,177
5491,1086
5706,2960
3159,2189
2173,2158
2608,2086
5123,101
2110,1809
931,417
2593,2717
2247,2080
4100,942
3623,1542
4705,527
1941,1219
3075,1148
3911,1420
43,2614
2235,1696
3920,193
5599,1908
67,2419
2068,1933
3933,2118
3243,1671
1357,417
961,417
4901,2509
4913,1580
5297,2509
1284,1070
4245,892
3708,2939
3312,2939
2356,121
4167,1009
2379,290
2186,3093
1331,135
1434,1014
16,2080
1036,187
3352,1025
2777,336
3353,2189
5584,445
5720,1272
5393,877
4331,824
2598,2256
4434,1703
1285,1830
5190,1457
4899,527
1626,3062
1860,1014
4900,1883
1462,187
381,1804
2277,1302
967,1147
3871,435
3890,677
1703,249
1221,2195
3401,2206
3132,1035
5582,2627
205,797
1683,536
5287,2679
442,2430
2085,1482
3432,738
1665,896
5751,1093
4329,2417
4940,127
2911,2729
5002,1005
3528,1385
178,290
5847,2494
2554,1179
1308,2729
4847,313
4219,744
2417,127
450,1917
3688,327
3586,2494
2158,2118
3192,877
0,2620
1468,1671
810,1671
1835,2596
2117,1528
2492,651
4727,369
1802,204
4346,677
4215,1914
75,700
2771,1005
2833,1883
3945,1272
2878,313
3744,2679
2285,738
2238,892
4074,339
3153,1457
1286,445
4020,1042
4574,2382
1070,820
1997,2900
2511,677
3283,1688
1760,2206
1121,2448
3931,411
4624,2095
1616,2427
5259,391
1915,2494
4401,2023
1199,3078
4215,1109
3874,816
1513,2679
3565,2690
856,3089
3430,21
3545,2977
5023,2716
5353,376
255,1933
2414,313
1552,2792
246,127
788,2396
5289,391
2317,380
1749,862
4440,1577
5912,2999
5727,967
567,892
3595,2690
5424,966
4593,1038
4813,812
2951,144
4986,740
1624,574
400,1883
4508,1115
2429,1910
108,1482
4189,1335
4529,1403
5718,1039
1378,1457
3668,1074
3847,2537
3797,730
3466,1125
4969,2614
4623,1977
256,1730
2125,2788
3954,1064
4694,1628
1053,2047
5571,1901
2651,2080
886,3065
3198,2249
5548,1917
3970,1008
2277,1115
1775,1628
1000,319
1528,2690
4491,895
5590,49
4568,1115
108,677
2986,2716
5776,2656
4327,1403
4802,1696
786,740
433,1376
1911,1115
1649,1115
3653,146
3832,2363
3727,849
4123,849
5764,2272
3861,849
263,1904
1999,181
3317,1917
1159,2419
3446,2327
1171,1490
4086,967
930,3121
4958,896
188,1730
489,904
4142,310
2569,1465
4246,2353
2422,1977
1455,2188
2506,2614
992,966
1429,967
3416,2835
5772,820
4421,664
5906,820
2361,1701
320,2788
248,1222
1108,2080
3701,1506
2437,1696
3609,1917
3743,1917
1585,2419
4659,2118
4086,2256
5471,1804
5870,1513
4498,480
3617,2717
5501,892
4410,2353
3343,1394
5936,820
1237,2086
1859,1840
2294,1014
275,2614
614,2080
1447,2835
5344,127
1795,1074
1036,268
3871,1671
4365,2960
2056,849
4745,2427
4762,1842
5541,1580
2852,2
5178,1528
28,643
248,417
3269,290
3071,2749
5445,2811
5183,2811
355,1977
439,2614
3137,1302
4305,3067
2825,249
5166,363
4254,1035
2732,435
3537,1394
1763,573
4330,1030
622,227
5642,1231
1581,2030
1470,2953
2168,1009
3414,1179
1571,753
4291,2206
4969,1138
3901,2960
4842,2494
4718,738
2622,2118
860,2620
2049,2256
3766,291
2895,964
5692,1883
5518,2484
690,896
473,3113
1190,1219
2786,1179
2819,1127
3662,2570
3974,1344
3210,194
3592,1050
4108,1344
4500,636
4290,826
771,2174
5031,272
5220,3177
2066,2960
3494,892
3280,374
2225,738
458,896
3857,1883
1475,1179
2975,677
5456,3080
5346,1222
172,2195
2713,677
526,249
3134,2427
1356,2396
542,193
5879,904
750,896
2381,877
1723,877
1797,1580
451,1014
2094,820
3625,1883
5132,862
32,1030
2481,677
17,1661
5005,2218
800,609
221,902
847,2118
518,896
2147,2494
5335,817
792,2596
682,738
286,738
3347,1730
5198,519
1609,374
5346,417
1342,784
3711,2946
2183,1400
4607,1017
1260,1883
998,1883
1982,2807
3613,2788
4972,1115
5810,2214
4631,822
5445,1335
66,2842
2184,1221
453,1036
5570,283
5167,2522
1366,1528
450,738
789,204
3170,1437
5424,1397
2447,1042
3199,677
3641,1022
5642,2788
3109,1915
1743,2417
3931,37
4925,895
5319,822
2256,2413
5217,2989
3773,2080
4801,78
669,637
116,461
1511,2417
3011,1915
5560,480
2063,2341
3336,2614
614,1088
3622,756
3692,2249
3718,1218
1820,139
865,2427
3850,2835
1266,519
5204,818
5856,249
1437,374
5915,829
433,1457
4247,966
2853,366
315,647
1196,2382
4121,2547
3859,2547
4155,1377
3628,2614
283,1109
4397,910
157,2690
5589,1009
1232,1258
2856,822
2754,2989
2707,2419
4207,1917
4909,2189
2106,2953
3221,2640
5915,2118
5452,896
4185,1377
5503,3113
2894,1464
3971,859
1708,3065
5520,249
2478,2717
2010,1151
1736,2080
4403,1455
3745,1455
3492,1009
3053,181
3975,1917
2270,2953
2244,1732
5945,2118
494,2059
5784,480
3168,1070
4362,1804
2656,895
5202,2195
3918,1009
4401,1917
2949,1147
2243,2419
402,376
890,1628
425,2989
5695,2478
1480,181
5609,1014
5287,963
1467,885
2172,674
5947,1009
1010,417
1034,1757
344,556
903,2240
1568,2630
2282,1219
1607,1804
1941,926
566,376
717,2989
2952,1953
851,2989
455,2989
1023,63
1918,1696
1016,3056
2432,1917
5023,2960
625,956
2383,2964
17,319
5106,1682
2609,1964
3378,1014
1440,1290
3716,1009
560,2409
1327,824
4553,1883
974,3180
4332,194
3320,1948
90,1147
2839,1086
5707,1683
2651,1035
4614,2509
1725,1809
367,674
3904,1595
5564,816
4717,1883
4321,1883
5859,2427
38,2835
1189,2179
5767,2838
5052,1580
1129,3067
647,849
1082,777
1634,1482
1768,1482
312,2256
627,1136
2282,1703
2990,2729
2589,2385
3668,163
1515,1009
1298,2472
1253,1009
3865,677
4864,2633
4093,312
2355,1400
3950,2478
5767,1683
3211,3078
3670,2838
3269,2494
1841,2118
2975,2047
3145,738
354,573
476,2256
233,2498
2050,1703
639,1496
2153,892
2638,2627
4897,2177
3539,1042
5810,417
1553,2590
2778,1883
3060,815
644,527
4391,1258
5112,826
2130,127
5250,201
5920,181
5856,2640
5314,1125
2059,1765
3346,2690
1099,1457
1885,2366
4058,452
2872,2807
2545,1658
4768,2305
5083,1377
2242,2411
1889,41
290,2227
2506,1703
5414,201
243,2411
4322,1437
1397,1272
3857,2798
1935,2079
5189,1022
4208,2089
4483,42
3574,231
2180,1129
2400,903
3883,986
4719,1258
1296,816
3223,2633
716,2227
3252,1119
1077,2206
5583,2989
1302,2324
5672,967
4770,2327
817,939
5734,1064
741,1883
4173,1290
4608,464
5227,2953
258,194
1044,1103
5578,1490
2828,2080
4025,1577
606,877
2356,3024
3126,956
4387,2158
2890,2177
2635,904
1938,1730
4956,2086
665,3177
1824,2382
1636,3085
3585,2409
538,369
3931,602
1057,934
4536,187
4131,2353
519,1258
3335,2419
2686,1973
3073,2419
4964,2327
5604,967
2278,458
4332,1296
548,3127
3776,849
5207,742
1033,2418
5088,1050
1373,1520
246,318
2278,1397
2305,1500
1620,1397
3630,2717
4698,1804
4613,1696
1517,895
4677,2620
3419,1901
860,2059
2407,1403
1871,3086
4865,2856
5718,291
1358,1023
4723,1460
597,144
4809,480
1070,556
3768,1496
1474,417
3506,1496
2451,2614
4774,2179
4777,1696
4897,1990
3020,290
1285,895
734,1546
1548,2059
4610,1933
3545,2363
4190,3067
3238,2620
5333,49
3972,895
1,648
3111,2256
1504,417
2132,1706
248,1279
5223,820
2776,1219
472,2835
801,1613
1983,2522
2315,1009
3060,1917
3958,3067
3273,2964
3677,573
2689,2913
1397,146
619,818
3786,2960
4383,964
5947,2729
5253,820
5218,1765
5710,2227
1699,3113
5390,2811
185,1465
1219,32
2153,839
5618,194
3840,163
1340,1490
2083,1009
5462,1344
2138,1470
2508,249
4889,1482
205,2090
5516,1580
1111,849
1727,3067
5244,892
4982,892
4193,2129
5031,784
5738,1400
3716,2729
5643,1540
1632,3180
5648,194
2509,1009
2366,3175
3508,2965
36,187
3368,2396
1465,973
3858,2031
1361,3067
4628,1683
4561,461
5839,1078
4156,2627
5633,421
5915,1073
674,824
3389,1179
2993,1179
489,290
430,1403
3964,2807
5079,1740
1840,2139
4555,2494
1484,814
1833,968
3044,363
3627,2633
5234,2782
4033,1631
2493,1014
3384,1185
4338,924
2086,101
2566,738
4484,749
4489,1093
180,824
3406,1883
5681,1377
869,2739
3863,2509
900,2052
5136,2782
5781,268
2720,2494
4838,1627
4879,1628
5300,1658
1794,2679
239,1030
4609,986
335,738
950,1765
2557,1914
3425,2633
1350,194
2585,2427
2912,570
4801,2095
427,677
4909,1628
5009,2798
5771,2367
3577,960
5915,1557
1283,2355
1824,2679
2153,1457
2481,734
3020,1042
103,738
810,1354
2852,677
1489,1642
5771,2717
5303,1151
1877,2690
2952,1258
719,677
3426,2080
4019,904
1221,2012
505,2596
2516,2798
2788,1042
5665,227
2526,1042
5924,1619
1338,318
5892,2835
902,3171
3046,519
2650,519
3772,1377
3348,2547
277,867
621,677
1882,2633
2278,2633
3045,1048
3263,2439
3235,391
4773,181
5695,1917
2876,458
5245,2620
2239,1335
3306,42
1031,3177
3978,849
4396,1362
3990,674
4900,895
2809,2619
844,318
5837,1219
5906,824
5575,1973
2825,119
1765,139
89,2859
3031,2439
3609,1921
2972,2798
5876,2086
4508,1953
1621,2080
1863,647
4857,417
3664,1039
1835,319
3491,330
5840,1116
3804,2547
5696,1337
725,1915
4087,2835
5558,1403
5637,1696
5668,1009
5272,1009
4909,957
4637,269
2880,1115
4800,1953
5196,1953
5576,1420
4650,2194
4333,2487
4646,1486
5250,2189
1206,3127
1473,1027
475,2679
1170,1218
3890,1917
2508,2640
5598,2118
4397,967
5224,187
3677,1809
4982,839
5436,1009
2096,602
2175,895
3851,3093
413,1397
2423,2717
2161,2717
239,1998
3224,2214
3169,63
4449,1507
4593,2949
4464,849
5890,2118
3658,1917
4921,2256
46,822
4397,2256
2465,849
3707,1809
2203,849
4574,1394
16,421
1941,849
4336,290
5860,374
2558,259
4497,1147
2453,2717
1298,1911
2752,1064
3436,1696
1792,2419
5555,677
4273,2570
5341,2411
2683,146
3531,1933
5899,2180
3397,2118
3330,896
1635,2620
3555,1014
2647,839
1002,1926
3235,1009
4439,1677
745,18
798,2096
3561,1179
581,1115
2897,1953
5915,2309
28,1131
3608,2688
5738,892
1853,1917
3768,2411
1927,2620
3766,1584
3506,2411
3232,1650
4918,749
4961,2139
358,3113
2531,1953
1653,1455
1369,1696
973,1696
1004,1009
5333,964
733,3175
2104,573
1257,2394
4705,1580
1129,896
4210,820
1746,1804
1801,1703
3561,374
4528,1883
2896,1677
2636,2504
3260,2139
5175,2633
1360,1179
2438,984
2639,2960
3377,2889
5804,2023
1055,1482
91,1964
1834,2940
2078,1580
5643,2105
4452,2396
2241,820
4252,1022
3548,677
2319,1642
4285,2633
4631,826
2587,2396
1649,127
5856,119
823,1482
2504,1580
1846,1580
4477,1298
2746,1113
4093,369
4943,539
3277,1503
3712,677
3316,677
4018,195
2199,1883
4060,3080
3664,3080
3640,2494
1016,1503
5923,940
1249,1482
2722,877
4437,2249
5932,1403
3975,1437
5062,1520
4646,144
26,1703
3326,991
139,1580
4497,21
3346,2397
2229,1883
3490,3085
5520,119
1936,318
2077,2243
4866,2547
4922,1890
4467,2249
3369,1977
1977,2012
3802,2798
3406,2798
5482,951
263,461
1180,1853
2517,421
2913,421
4530,1258
1610,1437
1801,1971
4230,966
746,3089
5476,1136
742,1627
3278,519
2829,2413
1115,677
5709,1115
537,2915
4420,2029
3661,1977
4131,1926
4480,2080
4719,376
2098,1376
4880,2953
1053,738
2066,1838
2121,1545
3798,181
580,1457
2815,421
2333,3121
1149,1385
199,1765
3929,637
682,421
1100,180
4171,2614
5423,320
4160,1701
5939,614
1033,2341
5482,146
1335,2679
951,996
2138,3003
3486,417
5919,1840
4886,2717
2163,966
702,642
4637,700
5065,1147
2692,2249
4187,1403
4646,1917
3529,1403
2896,1490
1562,2439
4726,2620
5385,2256
4829,1809
3543,2240
1160,180
1597,181
494,319
1743,2450
1044,2449
2656,2188
3874,1064
1303,1397
2179,2788
4264,1219
3025,1496
4101,2918
1763,69
3416,2815
1623,1752
152,740
3845,2174
3093,849
4270,1414
3249,1362
1155,1125
1941,1280
126,458
4620,480
2140,177
4306,290
4702,290
1023,417
3189,1496
5796,39
5425,1035
1163,3056
2975,1917
3415,2189
2503,2861
3958,896
4527,824
4126,480
72,2450
5204,2729
1587,1290
1635,18
2867,290
5885,1400
3940,2195
1961,942
1424,2989
4034,1830
455,3127
5288,363
246,2953
5879,2494
3622,573
1738,146
4055,2118
5881,877
3597,2960
2396,1809
252,1455
4328,964
1818,1014
1895,480
988,1496
329,2614
3206,1799
5907,2448
1180,1666
5347,539
2028,1009
2773,1917
2594,1420
4822,2411
1007,957
3932,2842
5253,877
4062,2134
5662,2802
5775,2679
2067,1876
3836,101
1513,2256
2326,824
1925,480
3661,2729
4000,2195
3003,2729
503,1050
2516,1887
2760,527
1356,737
3262,1677
1987,2297
60,480
1193,3190
162,1696
1545,609
2142,2585
2371,193
5738,1457
750,2620
1901,1964
101,2174
5357,1765
3230,1580
5121,734
891,758
4270,1093
3186,527
288,1219
2616,374
3717,163
5360,2413
2280,1179
3882,230
3321,1883
5196,1258
2653,1195
495,1697
168,1302
3647,2807
706,1917
5807,2351
3909,1272
3310,2633
1180,2739
4397,272
522,2739
2716,204
415,2118
1684,1683
3743,421
2693,1883
1246,1457
5785,2188
3245,2396
1459,2504
2639,2586
2603,677
302,2591
3602,2633
4484,806
3424,1580
2121,1842
2007,2494
551,824
5074,1022
5881,556
3119,1883
3760,1125
2332,1503
4498,862
5814,2717
633,1765
5468,2080
5070,1253
3504,2633
791,661
4570,1115
2427,2679
4483,180
4968,1161
5465,1967
5007,1089
4310,1915
310,738
659,892
1144,2627
4117,1520
1894,1627
3542,1023
3528,1125
4646,2803
5370,2080
5427,2614
4862,1115
4514,2095
402,677
2699,519
140,677
682,2946
3371,2080
4172,1577
1290,2802
3613,1613
2417,806
3957,2177
5810,1039
5130,1280
5813,556
106,2786
1671,2679
3135,1022
858,1078
5474,2029
300,3002
1310,421
5174,1737
4768,1049
4078,602
3589,1377
2429,227
1465,709
835,313
4992,1696
666,1258
284,964
800,2012
5590,110
538,2012
3984,1125
2659,2382
5721,2256
5487,2614
3353,1258
4435,243
3411,674
1238,144
2363,519
4321,895
596,677
2163,1397
3369,448
2515,1290
2907,2080
2508,119
5804,1917
3751,2435
5005,2466
4561,1486
421,272
1634,494
2895,1696
4440,967
3333,1141
258,1971
3387,1377
4877,187
4680,3056
2061,2409
1703,2701
4857,474
5834,1917
2563,1115
1200,2080
3034,700
938,2080
1413,3127
5948,2396
5664,2637
1338,2953
4561,331
5691,1050
1472,2953
4075,3067
3867,674
4383,968
1929,2640
5752,1703
1316,2413
1870,2999
2825,1465
3221,1465
5636,1528
3437,2029
2778,895
4679,737
5453,2575
1829,2409
1079,1911
5119,1009
5311,1179
4822,2708
1315,3127
251,2439
2853,1419
2961,2450
3207,1917
1390,268
1752,849
1886,849
1941,556
1977,967
965,1967
3835,173
3303,2564
5643,1544
2587,896
3666,926
340,417
3784,1147
5852,1883
1394,2080
2029,376
3087,2939
4472,2487
425,1464
1467,1804
40,1064
4116,573
5694,1482
4372,2256
2393,249
992,2450
1372,1917
5006,1081
5438,738
3624,1050
2564,1070
108,417
3143,188
3181,480
242,417
1154,1465
3259,1302
4181,3038
1497,1804
3314,1009
743,2096
4705,1503
5462,1482
4020,1400
5382,964
5204,2355
5330,2494
3189,2411
3977,1703
4484,753
800,536
526,1465
3991,820
5111,851
3344,1009
61,1136
4,602
1265,1804
1544,1219
3785,1883
206,3180
1761,2385
434,2815
3676,435
2356,2036
2311,573
3644,897
791,3052
457,1486
243,968
5556,1093
5299,1437
1527,3093
4478,2227
4476,1400
3820,2227
2053,2385
717,1009
144,1147
1417,1420
2621,2842
850,1538
1725,984
4194,2818
988,2411
1396,1482
4990,1971
5319,749
2481,738
4016,1765
2419,1580
4886,867
2470,579
4106,1658
482,738
5778,1448
5840,3080
4260,1344
1298,1297
5131,1048
2963,862
1676,2411
1925,1395
1018,2411
3592,1595
2635,2494
2365,2633
4058,82
5343,180
5919,1279
4227,1022
3874,1658
5748,1397
2999,677
2558,934
3848,1376
5374,2095
4230,1478
3586,1376
1574,1703
2458,703
5596,1915
928,2494
4973,2690
2063,1113
1949,1765
4067,144
2432,421
3108,2690
2989,1278
5334,602
1445,3171
2068,144
5612,2044
2091,1067
4078,3127
3722,1048
327,934
1811,2181
1945,2181
164,2633
4844,1125
5632,417
174,877
4260,1828
1350,1971
966,1042
5152,2409
759,749
4029,2080
266,816
5398,2815
2841,602
3259,1115
194,2633
1939,272
1768,2080
4361,1506
3609,181
1415,272
1604,3177
3746,452
5038,967
2524,144
502,1473
789,749
4247,1377
3655,1465
3393,1465
4224,1393
3136,119
1087,1345
1902,740
2192,1253
3182,1403
4245,2620
764,1042
4831,2717
3812,2738
4338,2030
2590,2430
334,2397
3727,2630
4362,926
2562,1136
5308,3056
1975,1376
3057,1115
3131,1064
3537,1752
147,1258
4159,1506
2579,1490
1106,2095
627,1868
2122,1022
4116,1809
819,2038
2746,849
4850,1804
4934,2441
388,539
121,195
563,1294
3641,1701
2600,2717
1700,740
4221,290
2328,2029
3537,3041
2105,1957
465,1136
2392,2953
599,1890
339,2717
2727,957
337,1890
4043,2620
4714,573
1639,1403
2934,2189
2232,1917
3722,727
3745,1650
1238,1998
2368,2717
4985,2729
2533,2030
303,966
1175,895
3525,2815
3415,957
990,1115
23,2080
706,1356
3063,2195
5074,2205
3923,609
2524,1917
3098,2189
5861,1272
183,268
1812,2620
2810,968
3708,2118
4677,290
2311,1809
4093,239
2794,2717
600,556
157,2430
3354,839
4589,820
886,2081
533,2717
587,2953
1196,28
1318,957
5430,877
2238,2620
5944,1098
4230,2580
3676,2960
4980,1580
2079,1809
1824,2980
1132,1706
3746,1420
1724,2749
2896,2970
291,2029
4613,1005
2185,892
1142,1081
2620,820
1942,1696
2675,527
4850,194
1315,1009
2561,1179
3669,2139
398,1337
1239,1953
814,1023
3431,1035
638,2487
3322,2031
457,1917
1647,435
1848,2411
3279,1580
2215,892
3392,1457
4223,1385
1215,1717
4577,1883
1686,1302
772,1147
5486,2633
2578,1883
3383,2842
3144,1513
2779,826
2034,480
5246,1833
2780,1990
1983,892
4220,1437
3753,1971
3333,1385
2621,1179
5463,2999
4121,677
2383,1765
174,824
3882,2381
5485,1068
4081,1278
5163,1017
502,2575
255,1917
2543,707
160,2811
5640,1356
3525,2494
3613,2341
872,573
2054,1482
3585,1047
3010,2802
2894,2627
3931,2623
4547,677
4552,1021
2638,1883
1934,784
2772,1883
4909,1258
2479,1072
4146,2962
2336,2484
4768,2716
2598,1703
929,2396
5452,904
1489,1272
995,1703
5857,2121
5246,1967
2577,1765
3466,1109
4180,452
2819,1298
1826,1042
2758,1022
5351,448
5285,2080
5524,376
4533,755
3393,2701
3979,2798
5426,972
4378,63
4068,1335
5855,2583
2861,369
2252,1042
858,1940
5868,2256
5859,1012
4919,2080
5688,376
175,1883
4731,2029
5005,1100
2248,519
5319,2953
2920,2080
2500,740
1180,2341
822,2633
2369,1977
2609,3127
2198,2095
4383,1696
5441,849
3975,181
900,1011
3152,144
3320,2172
4946,1809
1320,816
3811,2409
2278,519
2876,1377
2296,2788
5412,269
2962,1151
1623,1756
4918,700
2533,1977
5585,1917
5189,1917
2235,822
1704,2095
687,1253
2085,474
758,904
2138,108
111,1093
4737,480
2180,519
2381,243
3248,2080
4034,2989
5257,1455
47,519
1929,119
1686,1115
1760,1064
1144,2818
5170,2964
5574,573
4378,1486
1809,956
3636,849
370,391
3300,2620
2904,2620
3599,967
2472,519
3262,1547
4101,3056
5596,2964
883,2080
3558,1316
134,272
3100,2158
5025,896
62,1335
2419,2174
4592,1014
4931,480
4444,2082
3346,2564
5581,1528
1630,967
4696,3057
2156,259
626,330
1803,895
3319,926
3749,2954
2670,480
1121,2029
5414,75
2277,1717
2215,839
3001,1748
2890,1917
4103,2139
2570,249
751,217
1747,2656
2177,1486
1752,556
3677,984
2493,2
4494,1014
1630,2256
551,2788
3101,824
157,417
2438,480
5931,1883
5158,1933
3316,1917
5337,363
4719,1482
2773,177
5163,964
200,1403
2153,2189
5336,892
2696,896
2735,824
1821,3113
921,2856
1442,1804
75,1115
4059,1035
2715,1296
3668,3099
108,474
4072,2960
4160,2807
2298,2139
2501,778
1830,573
5286,374
2488,1482
5434,272
4035,1580
1562,2256
4169,1580
872,1809
3446,1185
3105,892
5075,1093
5639,3121
5377,3121
3421,374
814,1804
4608,1627
2765,1009
5261,2946
3864,1883
4545,1278
539,818
2127,163
1115,1917
5463,3080
2914,1482
5450,374
2473,1739
903,2411
3451,374
324,1014
663,480
2803,2782
2137,2729
3436,1005
2754,2139
334,2641
67,2297
3967,1580
5584,2417
732,435
1599,2272
854,2118
43,2842
4984,1109
4922,231
5763,847
427,738
3092,1730
1528,527
826,1009
2803,1627
5619,2788
5223,2788
5853,740
4175,2633
2387,1914
3913,2633
2384,862
5034,822
2144,3095
2072,1529
2354,461
1550,2356
3692,1883
433,2596
400,204
828,3125
1626,2351
1693,1883
5751,32
2938,108
2872,2494
3269,1376
4962,2989
1476,313
5426,1403
5505,1696
4782,1109
5405,1465
4548,124
2046,816
1098,1831
3732,1258
5289,1290
2410,1278
975,677
2138,1344
2164,313
3652,740
3194,3080
3390,740
2997,1977
2990,806
1304,2838
627,2596
2437,822
2833,822
651,738
2989,1335
2825,180
4019,160
2279,421
5300,1048
1198,318
3302,519
2474,1828
3816,740
834,41
607,816
4213,376
2917,119
5632,474
1239,1258
4374,2953
4713,2419
3016,1064
89,826
1169,677
5682,187
978,1109
2156,556
4138,2080
5333,1696
1269,1258
2816,602
3323,2096
2554,602
1635,2547
2745,1890
4207,1096
3839,700
3321,2989
3153,2624
5142,3067
4185,556
1728,267
5690,2118
850,2213
4587,2256
1008,1109
4514,2717
4593,3010
2356,967
1872,2086
4002,290
1749,740
1484,1977
1064,637
1306,2614
3632,1696
2045,2953
4163,2086
269,2059
4340,470
5821,480
1211,283
130,180
5259,1908
5555,738
3822,480
4619,2487
3559,1009
3297,1009
126,1377
4176,1917
3988,2620
724,2989
5211,1086
563,1351
3751,2118
3682,69
1830,1809
3017,3062
1047,417
4094,1703
1366,2614
2875,1666
5498,2432
1876,3093
3369,1420
1908,1850
5468,2031
106,2953
4490,363
5672,1272
5884,374
2295,983
4960,1975
951,1244
648,2189
1778,464
453,967
3491,1009
583,259
846,3113
2902,614
1174,700
3617,2811
4880,2396
5618,2325
850,1542
4286,2411
5707,862
2183,2620
2926,2139
273,218
3774,1482
4550,1703
3778,2355
3348,327
1733,290
3130,2319
4136,3002
2334,2385
4906,934
4054,2411
5537,2494
2629,1744
237,1850
2506,2842
2530,984
4827,1580
2659,1394
4565,1580
3672,2494
5862,749
841,1964
4784,1883
5570,2792
5938,744
5695,986
2949,3038
32,290
971,2195
2882,1035
4530,1185
5451,2696
1984,824
4243,374
5663,108
2101,820
5193,1125
3804,677
2954,2227
4803,2633
3932,862
2528,1072
5318,1012
1737,1482
2597,2340
5904,1109
2364,1580
4988,319
3269,1457
4002,1042
2527,820
3086,2504
92,290
4610,144
1626,2782
941,2679
3751,642
4950,966
5793,2409
2849,2002
1347,1677
3583,277
3700,862
1767,1482
4374,806
1077,1035
4323,1218
2599,2012
3366,2679
1635,2494
3770,1042
4255,2023
707,2633
1646,374
3747,1058
489,461
2146,2417
3175,78
3161,934
3364,2983
3725,2962
3388,1125
5284,1377
2998,2633
4985,2249
2765,1119
4151,2023
4860,268
3263,837
3617,1335
4818,42
5764,674
366,1185
739,2679
1880,1335
3406,2054
5942,946
702,2797
3596,1397
5160,910
5499,376
1462,41
120,1883
2656,21
4898,910
5032,910
5768,1732
3954,2044
2949,2717
5886,1953
3238,376
1656,1977
2544,2439
5174,2656
5873,967
2068,1921
3200,1023
4284,1397
1307,1042
5139,1911
4624,1465
4689,2614
5028,2080
2555,1258
4967,1804
913,2054
5301,926
1713,417
3946,1752
485,826
1137,2701
1395,1047
254,139
4492,1696
5634,2240
4610,1917
4660,1280
2294,2799
797,2818
1569,1577
4659,1809
261,2249
1295,816
3212,602
4473,1804
4816,480
3117,1496
3979,2989
4202,2472
778,674
2479,458
4031,146
2236,700
5257,573
3069,674
3148,967
343,1658
4851,824
3015,1377
1029,2363
1349,2341
5924,2729
5676,2627
2639,2029
2608,464
488,1258
4717,1009
1069,2701
2965,2953
828,2080
623,2614
5287,573
3403,146
5705,1086
5034,127
2553,1696
5939,2448
5523,291
416,42
3518,1035
3561,1671
5558,2729
2824,3098
1153,1998
2710,2030
3221,290
5722,127
1026,910
3073,3021
3703,973
4530,193
2573,1917
4063,727
1176,854
3823,2960
4439,1014
2656,639
4989,892
2525,1876
3597,927
4460,1302
2645,480
1211,259
1474,3113
1899,2353
1377,3180
4727,2585
2485,1696
1809,1147
4530,1482
5005,1775
961,1023
4469,1014
5947,753
145,1403
4146,738
1028,932
1081,2256
1859,860
341,2
2065,3180
2667,1528
3159,1990
3481,2041
4986,1883
595,1050
1875,3056
2546,1009
3750,1677
1745,3175
2375,1127
778,942
1230,2729
3749,2206
5208,1703
2683,2411
4572,738
4102,2509
4845,2782
2147,896
1622,2960
3050,892
5804,421
4436,1042
1468,49
5327,1021
1569,101
5060,677
65,3113
526,290
1725,614
2902,1179
3151,1883
4333,2792
315,1009
903,1179
4330,2494
4060,2633
2838,605
3798,2633
2977,1703
255,177
4489,272
5857,2125
2658,2889
366,193
4561,1868
5660,1022
116,18
5878,2413
4651,41
3443,1883
5920,2824
3733,2396
3664,539
4596,519
5176,3080
4090,2633
886,3053
1302,2739
1338,2396
1720,2498
1472,2396
732,2586
4808,2095
585,3098
5337,904
2818,2181
915,758
366,1482
2227,2679
2607,2900
721,892
4506,1915
3751,1073
5616,1258
213,2179
2429,1093
5748,1377
1701,354
5798,740
2597,677
4589,637
635,2811
3596,2633
745,2417
688,1883
721,1831
2156,934
3546,826
3555,380
598,677
4727,2264
1993,2633
876,2873
1041,2186
4821,2865
578,964
534,2355
3531,144
4897,2860
4207,2413
4022,2633
5593,2563
2883,108
5247,1926
5675,3127
4610,2803
5269,2439
1155,194
5275,941
2496,2264
32,2494
5919,1393
3415,1258
777,369
4750,2409
5765,926
1366,1703
2570,119
1510,139
2771,2095
2566,2629
1036,2700
458,2494
3257,268
5337,2327
4172,833
4277,849
672,3177
2508,180
5257,1809
1143,318
594,1042
2199,2054
3857,448
4554,376
3657,2080
2554,1464
5303,1403
1318,1258
2801,2095
660,2012
4941,1953
842,740
2578,2989
2385,1628
5446,2620
4577,895
2371,417
599,231
3900,3127
1086,1258
3655,290
1134,740
3713,268
5872,2620
4263,146
5789,2585
2177,1490
5635,2118
53,822
4172,967
3964,2738
4762,1964
5163,3062
4378,1035
2535,417
3056,1809
10,1125
4081,290
3000,187
2874,1014
1382,1377
5374,249
4553,2729
4787,681
2916,2179
4239,849
3908,2964
4156,814
4940,896
377,2989
2053,1023
1079,817
3739,1465
1634,1039
2119,330
3433,2856
2743,2409
2638,895
1172,227
5456,2129
248,1828
5741,3052
4218,1850
4660,2195
3242,1009
3345,1696
2896,372
4676,2139
4208,573
256,376
3671,2620
5269,963
310,3056
3507,1465
3983,1394
676,181
2300,2189
334,417
4212,1631
3011,480
1550,1876
4370,527
5593,1437
4151,1917
3860,1179
1265,926
293,1547
539,822
833,2989
5549,1138
1089,700
5688,1482
4795,2396
3119,952
2434,849
648,957
3356,2585
3908,3098
3939,2411
248,1023
3336,2118
1743,177
1971,2256
4304,2509
4712,1580
4400,527
872,69
175,895
3568,374
5485,1503
309,895
4800,1400
806,1701
2778,2729
54,376
2516,2729
2855,2195
3880,1400
2285,2796
1571,1009
1175,1009
1877,527
3768,435
4919,2031
5256,862
5287,2427
4030,1344
955,2174
4336,892
1178,1465
166,967
1019,3098
3545,1302
954,259
1700,49
1812,290
5554,677
3792,1179
4822,2448
3297,2139
3035,2139
5046,2341
844,249
5457,1683
5061,1683
3011,964
3923,2012
237,968
586,2842
1883,291
2578,2802
5121,421
4467,1883
4076,2227
4886,1278
970,738
3986,1021
4923,1345
4272,826
1128,1297
115,1917
397,849
1966,2396
2754,1688
4215,2012
804,2139
3123,2494
2999,738
2729,877
5216,816
4758,1658
2130,1457
5268,417
627,1661
1673,2709
2760,2792
4651,2700
3742,2889
1548,1482
5684,1042
4232,272
4870,2249
1513,2427
3388,1048
360,4
2299,892
4234,318
3151,2798
1508,1302
4421,144
3186,2792
1742,1883
1331,851
3609,1397
374,2504
4541,1377
2356,1776
4195,740
2913,2633
2863,826
553,934
639,2960
5176,3056
3311,2679
5804,181
3624,924
5816,1696
3443,2798
1343,272
5462,417
3356,1109
474,1580
320,1113
263,579
1899,1658
5194,602
1548,677
3991,2788
5734,2044
28,3156
4529,1151
587,2396
4334,3127
2796,139
631,1914
5834,181
5114,1023
420,2633
1765,2782
1806,2783
3124,1109
2231,2023
2693,2054
5740,896
4316,1393
3935,1701
4423,2953
5144,1023
5223,1316
3640,63
3166,180
2708,268
385,3177
3346,2999
2869,1125
3919,417
5130,2256
5770,896
4918,1619
2234,2829
3923,536
5454,2353
4327,1151
228,1658
5364,1147
2974,2080
3679,1115
2555,376
2507,2614
564,826
2625,2835
4951,1917
4763,2620
4367,2620
2163,2023
4506,2964
1409,63
4208,1809
4215,536
3325,967
2929,967
1296,1125
1803,2619
2534,1377
4831,1973
3661,135
4287,3041
2403,2614
2031,2
3357,2353
2693,3127
7,1258
1237,895
1758,2095
3668,2245
5889,1503
2490,1455
3553,952
4607,363
5696,1081
5770,1030
3459,2256
4739,290
3488,1496
1934,227
3224,3113
4267,480
5206,2385
5431,2503
4235,1696
983,1136
1358,259
2884,1732
5657,1503
5774,2842
2429,1337
488,376
2498,1696
5784,1086
2898,849
4560,2395
4403,2411
5896,738
2971,573
4929,1703
2002,711
5899,2729
4297,480
4577,2749
254,330
2212,1460
2155,926
1823,187
1508,1115
3065,1147
4488,1179
1707,12
2288,1455
1672,957
1446,614
4841,1482
627,319
155,2953
1936,249
5394,877
5864,1580
2171,1809
3518,2031
4581,1528
4323,738
630,967
284,330
915,1136
2410,290
1157,3113
1085,1547
3745,2195
472,3010
5949,2792
5453,2396
2767,527
1230,1147
2778,127
431,1696
1979,2174
1041,1625
4611,1528
2732,2411
2107,3113
1446,2842
4488,374
5859,1744
1891,1014
86,880
3570,2729
4093,784
3680,3089
5414,539
1933,2179
4710,194
2421,1179
488,1799
4559,964
3867,2134
3700,2960
317,1917
4111,2494
3725,738
5683,1114
1471,2498
502,2636
1090,1086
529,2739
3127,2509
2098,2596
147,193
2199,204
1545,1666
2727,2575
266,824
1011,1732
5558,826
5367,1258
5105,1258
260,1009
2990,2396
452,1179
1407,2082
3740,2335
2491,204
5223,2418
4214,1437
4293,1730
5386,1658
4100,2089
1170,1580
1496,2504
2210,1093
2156,1796
1261,163
2116,677
1529,1671
985,2739
382,194
561,2411
3109,374
2281,1683
56,963
59,480
5458,2069
179,1528
1394,2385
5031,504
5449,1017
5693,1377
452,374
273,2129
2408,677
250,1179
319,784
4097,3080
4589,2788
5639,2080
100,1420
571,1005
4607,1115
2012,862
4797,458
5633,730
968,1580
1678,2679
666,2181
4601,519
4749,417
4401,1397
4797,1397
5887,2717
5780,376
854,3171
401,1883
1211,934
3300,2547
361,2484
5932,1147
4053,1064
3866,2177
5625,1377
5420,1911
2863,452
5347,2564
3098,1258
5376,1804
5405,290
3364,1377
341,677
3572,2080
1832,2341
3523,3127
3127,3127
3065,2249
4657,3056
5885,2620
5702,2913
810,374
1054,734
1897,2177
135,2679
1773,421
4421,1998
5248,464
3971,2701
5144,1804
1713,2999
2418,2788
2652,740
3001,2614
5327,1696
4931,1696
4962,1009
1223,139
1844,2701
5445,1917
5818,1933
4436,2656
3276,1506
4386,849
4638,1070
5889,1584
2456,986
5260,824
843,1022
5394,824
3558,1377
915,144
2971,1809
2899,243
3976,1890
4800,839
3165,2614
2697,1048
5025,957
2523,895
4434,2179
2674,1064
3895,1147
3198,1973
1086,376
4446,2189
3818,2620
3983,967
233,1628
2996,1465
2450,1706
1722,967
5156,1009
462,2619
3473,1804
1293,2547
1589,1377
3764,290
1747,2717
2249,3113
2526,1701
3228,1973
1519,1547
1552,1495
2598,1577
2288,597
5887,2396
3244,1917
2998,2450
3378,1917
453,1752
4987,2139
4584,968
5086,2118
1894,2363
4963,964
1713,1039
3941,2030
4489,1081
1149,674
497,519
5094,1420
2388,3056
2579,372
2367,2179
3513,1179
586,187
2945,1661
1004,700
3891,573
4824,2498
2705,2174
1409,1917
2205,1070
505,2450
4855,1030
153,1998
5781,1195
249,1706
1006,1685
2955,1009
3034,1302
3543,1179
2863,1420
5499,1482
2026,3175
4176,2031
3025,435
5375,2355
1311,1917
1385,2620
275,833
4829,1098
4483,461
3158,964
5522,2782
4221,461
563,1465
5296,749
120,895
581,1290
736,3113
3513,374
355,1701
4500,815
1010,3093
3560,1883
4374,2396
2142,2195
5449,964
724,1009
5335,862
3189,435
4178,1703
4217,877
2450,1035
4714,1683
4425,1580
1006,880
240,3067
654,2118
587,896
1151,480
4912,1109
1247,188
3590,1883
4772,2792
1058,1420
2121,163
4340,1068
4443,2509
3056,2134
4059,1580
2531,34
4676,236
5252,1335
5930,1021
5809,2946
4814,1109
12,1496
5177,1915
3888,1883
4965,1278
3857,318
4698,934
1052,1009
797,2180
2614,2139
3799,313
337,2195
3600,2355
1451,2411
5148,581
5186,1627
848,2118
1715,1703
2224,1580
1828,1580
3187,1627
2175,2627
2075,1457
5517,3080
4468,2700
3814,1910
4855,1648
5381,940
969,1482
4219,3127
973,2355
317,738
5229,519
4719,417
5643,536
1716,369
1132,1072
805,677
671,862
867,2494
172,1703
538,1272
842,1683
1888,1765
2393,180
1424,318
1320,1658
3206,1222
5644,2989
4109,2716
4701,376
1060,41
1762,313
638,2792
2966,2701
5605,2472
4805,2419
1871,2700
2955,822
2772,1115
1764,2079
3739,2624
3458,2382
3766,283
2673,1109
5825,1465
4433,1500
105,2679
513,2504
2008,1658
5910,1014
2341,2999
5908,187
3826,1465
3846,1151
954,934
3223,1926
2153,1258
4477,1957
4585,1490
5483,2640
3690,1577
4913,2487
3507,2624
3846,2090
162,1119
1786,3127
1819,3075
4673,556
4977,967
5075,2256
2814,1125
5016,895
3206,417
5883,480
2753,849
5282,1014
3594,1465
32,2177
2183,1258
4072,2029
541,2054
945,417
1327,519
1707,740
3708,1752
2741,2717
4398,2953
2042,2716
4609,921
3907,1403
355,2803
1778,391
3820,2158
5269,967
4651,2086
4928,674
5946,2118
5879,896
4994,1671
833,2054
485,590
2479,1377
4258,290
5457,614
4048,480
5784,1009
4471,1337
3447,1014
3390,480
4011,3042
983,1998
181,556
2029,2080
2060,1393
5556,2313
3785,1009
3086,1008
844,119
937,1064
2122,1490
3108,2487
2757,1506
2099,1506
385,1490
1529,1915
3105,2189
226,2177
5868,1272
1819,2620
613,1125
4582,1703
4083,824
2801,2717
877,417
2006,2
2513,1496
4141,1179
2742,2487
4151,177
2433,1917
3732,193
220,268
323,1147
5121,1580
3641,1014
4859,1580
3789,1666
915,1998
515,2256
5797,816
1406,2989
1640,187
4950,2637
4540,2739
1718,1009
2401,1039
4694,173
3087,1744
4593,2750
3189,2960
3848,2596
5682,1216
3091,173
14,2620
545,2256
1235,259
1102,3113
2296,3093
3084,2385
5136,2396
2493,1917
65,1804
3721,727
5097,2633
4973,877
656,2245
4030,1482
568,146
494,1917
232,1917
5053,1580
2411,1703
3304,2509
1265,259
2046,824
3622,1098
3909,374
5936,1109
3487,681
3996,3002
5820,934
5166,2396
5565,2859
3760,1971
5271,1658
5162,934
599,1337
2615,1883
3797,2792
1536,1661
4208,2134
2148,3171
5345,1580
334,1039
4647,2181
1635,327
3660,2679
4174,2900
4554,677
5039,1658
5811,417
1828,1661
5072,1017
4180,1375
1900,194
2134,2118
5730,236
260,127
1472,2376
2456,1580
5063,904
5476,319
417,1050
21,1050
3911,1335
5384,730
4322,677
3926,677
3463,421
4632,2788
3638,2115
2557,2012
2328,1960
3785,822
244,2411
3862,1042
9,824
2471,3177
547,1631
5132,1017
2969,421
868,1457
1340,2206
3668,2115
3826,2701
5326,2953
4016,2798
320,312
5158,144
5748,1141
1943,2095
785,1580
4099,1520
5589,330
2354,1437
2161,1042
3401,2121
1528,2792
3847,895
607,1658
2188,2838
54,1482
5146,110
5330,1917
5743,2086
5508,2189
5862,2717
4260,1222
1825,2382
1030,421
4593,2563
345,318
2647,1258
3043,1258
2743,966
3877,895
4350,1115
3004,741
24,677
5056,1506
648,1258
2810,3127
1409,1356
2885,268
5703,2256
696,3177
1632,647
4868,2394
2803,3087
3137,2209
5161,926
4538,1701
4694,2214
358,1088
5786,1917
4645,1009
4352,1696
5128,1917
5281,2913
3311,268
5341,2964
587,2079
2206,2989
5449,2497
2562,2624
5471,2256
4260,417
2964,1850
5634,1496
1518,2588
3023,2430
1760,2121
1737,417
2993,2029
1375,967
5071,1009
676,966
5158,1917
903,1911
3021,290
4619,885
3182,1147
238,740
2962,1403
809,2249
2109,181
3374,2256
1576,849
5583,753
3537,1496
2888,1050
1680,2892
5689,1179
1375,2256
1991,1064
4520,2195
5299,1933
426,2080
2578,1009
403,2096
699,926
1356,2953
1211,320
4298,1035
177,63
5343,892
3538,758
3624,2030
5477,892
3080,3098
1173,967
5851,2796
2599,2236
4550,2195
656,448
5279,2570
5518,2586
4074,1677
519,1116
5140,2411
425,700
5334,964
4938,964
578,1696
3140,1809
5072,964
4951,2889
5190,1185
1988,2240
4421,445
4500,738
5245,892
3507,290
224,417
2246,1717
5007,3171
4542,2842
870,942
2365,96
1690,681
5050,2494
2073,2139
583,885
1183,2570
3697,1703
3932,2509
3415,1990
3766,527
799,2580
274,480
3075,2299
38,1701
3481,1297
3639,1883
3243,1883
4855,2376
4842,3080
5289,2079
1646,1671
5034,806
2351,3180
5899,318
3044,892
3558,1113
4475,2505
4102,1765
4172,2504
5380,2382
5576,42
3936,2227
3669,1883
3674,2227
2251,2195
2299,1677
848,2041
1614,820
571,1009
640,614
2224,1503
3920,2633
5296,2095
1187,194
884,193
4645,822
5445,1437
3905,820
5718,283
1810,2802
2139,1580
1877,1580
3699,1883
3990,369
106,1030
3165,1195
4643,934
2067,1677
3001,2484
5394,2788
5745,2079
1304,1883
1963,573
2419,816
5581,2614
5593,1685
5932,1151
1351,194
2493,738
5158,1730
476,2411
2776,272
2196,1683
4393,1109
1239,892
494,738
5738,1258
1758,1457
4081,1022
1954,3089
4019,144
4882,519
2528,1109
1676,2586
1175,318
1725,2448
3067,3080
3659,740
3201,3080
5336,1628
5518,1110
3983,837
2226,1683
1216,1258
2775,2679
3788,2059
3811,730
2152,421
2570,180
4402,417
5584,2080
1955,816
4223,674
3739,2547
3851,2788
3231,3080
5342,480
2150,2977
3165,740
2155,877
1458,1703
4458,2419
5729,2619
2996,2624
4608,2363
4541,1141
3104,1403
5606,1465
1237,391
4234,432
3036,2962
954,1796
3261,3080
2256,2999
3833,2717
5418,2353
5583,700
958,1915
5505,1009
381,1345
3887,2953
2765,2095
580,2494
3775,268
120,2509
5937,639
3801,2620
2232,319
1545,1833
1557,904
4728,2256
514,1093
1295,1658
4891,1496
479,2038
412,816
5931,1009
1440,1258
5638,1696
3131,2044
2747,1115
2905,1701
4801,1953
4507,1506
4539,1953
1041,1926
3639,1696
4989,2189
5247,727
5465,2118
2232,1608
5885,1014
3405,1465
1025,3086
2265,967
2320,674
5699,1009
676,1397
2183,376
1286,2080
52,2701
4183,1917
3725,1039
4993,968
5836,2411
5848,1482
2281,1850
4896,1035
2812,1486
3970,1809
2862,849
3708,1809
3312,1809
279,421
528,1125
2033,967
266,1125
2365,393
2112,2953
3105,957
942,1115
2067,1490
5868,2484
4696,573
5248,1086
2973,249
4172,573
736,2178
3604,1809
1176,1696
2155,556
2788,2189
5475,1250
3971,290
1537,2614
2827,3056
1815,1804
5634,2411
519,1547
2714,146
3674,2174
5090,1035
4073,193
3952,2118
877,474
1832,2158
2829,1035
4804,1580
844,1465
1429,2118
1687,464
2905,1030
1797,824
883,3113
401,895
146,376
5170,2842
3308,2174
4798,984
1267,1009
334,3056
3415,1482
4172,707
1999,177
3597,964
3251,327
4572,1580
3689,738
4348,374
1219,187
3557,784
2388,1800
3159,1677
3613,1093
4855,2807
75,2953
3781,677
4225,2411
3963,2411
2113,814
3806,2427
5801,1904
3153,327
2597,2324
1885,2118
3447,2494
1212,1086
5642,1093
1318,1482
1500,964
2458,2919
4951,421
5821,277
872,614
989,1953
5016,2509
2227,3171
3739,2494
5604,2679
5931,822
3873,2494
3482,2838
1257,2118
3217,877
1054,1035
658,1035
1086,1482
718,1086
2621,2509
5387,1109
3343,2679
4981,421
5657,2690
4153,1730
4287,2484
4237,677
4025,2484
4221,144
5804,1397
2724,1883
2462,1883
669,820
3717,1550
3743,519
3507,2494
5568,2059
4310,374
858,692
4540,836
5679,1109
2391,138
2977,2679
1246,2494
3044,1457
3441,1093
5834,1397
1087,1683
3826,2624
5347,2999
5524,417
4531,2413
536,1580
4278,1967
5369,1068
3653,1915
2065,318
403,1990
2531,1811
1237,1627
5786,1356
4091,3080
3277,877
4025,740
1155,1036
649,2396
5318,2419
4065,2798
5236,1828
3844,1109
5732,2409
2170,3121
694,1765
5244,376
5529,2989
2532,1258
5390,201
2666,2012
2853,1838
5843,146
221,1703
3455,1125
5381,2717
2115,2259
683,421
29,1883
2319,1500
2300,1258
3943,1064
2949,2835
4365,1696
2725,3127
4437,818
3708,2106
5356,2256
5579,1547
116,2417
465,319
451,421
1265,934
1736,519
2512,740
3771,1115
2105,2079
4030,63
4873,1506
2531,201
3231,3056
2457,1218
1760,2044
2830,268
3387,1125
1365,2454
2879,1850
694,2249
3588,849
4813,2394
3840,1070
980,2054
992,1125
4772,1804
4906,1804
530,313
1509,2583
457,966
4151,181
4753,249
1406,1115
116,1612
246,904
4883,480
3568,1671
2948,2717
3963,480
30,1279
1124,2341
1936,1465
5642,2195
5437,2729
5229,336
1860,2409
3558,202
844,2701
3389,1147
813,1136
1990,1701
2050,1752
3643,2195
2571,700
3574,146
126,1926
3933,2708
3095,2363
4891,2411
4598,3098
5718,877
2516,1932
2779,814
5155,1703
1125,849
204,1967
2996,290
428,2614
3864,2729
2872,1917
4085,2139
2118,3175
1240,957
1601,2656
2105,469
1210,556
1769,2240
4470,2889
5105,1185
953,2620
958,2964
4191,1030
2513,2923
2420,480
4579,2832
2158,480
5654,1400
5389,1883
482,2
4993,1883
5807,2396
700,1393
736,1804
3480,3089
75,2095
1584,1147
935,2953
539,2953
3853,2139
4906,194
5646,758
2453,778
4445,738
2087,2118
2354,18
1849,1014
398,3098
3266,2729
2934,1990
3230,820
5575,2396
2583,1009
2371,2816
3023,527
3682,163
5418,1658
1587,1953
54,63
3677,2448
4374,2376
2018,2139
1574,967
1357,2430
2854,2411
5717,1698
2117,2118
1697,2498
2722,1703
4878,374
2013,1014
2969,1580
1622,3078
2563,892
3807,2679
4965,3002
2745,374
5097,677
2259,1420
2032,2195
4169,816
1003,1528
4365,2448
3707,2448
2444,2139
1877,1503
3964,3043
5180,2782
4495,2679
4032,703
3034,2355
5582,318
3123,892
5831,1022
2116,738
3721,2504
4956,41
1260,753
4866,1279
4597,862
4903,380
2470,677
3659,313
4555,3080
842,1179
5718,1495
3999,2633
1877,2792
5086,272
2336,862
5345,2418
5770,904
171,193
4331,1093
446,2118
2618,3177
4442,1109
4046,1109
183,2647
3208,1730
4889,108
4995,1258
403,2421
1490,2504
4981,3080
3200,1088
5939,2029
1131,127
5358,2249
2500,862
2067,1734
3545,1473
3749,714
1770,2679
1999,287
2284,2900
2239,1437
2381,1520
2066,2448
3717,2115
1064,194
3844,1890
2488,3080
15,2258
3609,2023
1733,1457
5740,2327
136,1272
738,374
3441,1658
3974,2121
2231,421
1186,2227
919,1883
1311,421
1225,3121
3402,2080
1335,2700
3570,1664
335,519
2313,1335
3040,1849
2261,421
3354,1258
4997,1064
4436,2717
5419,1696
3775,2419
4479,320
2861,2264
3114,458
3747,2091
1212,391
2256,3056
3672,1917
4436,3067
5126,1070
3073,3086
523,2798
4100,674
5600,172
4330,1136
1157,3121
1417,42
3447,2738
40,1109
5642,1337
2546,1290
2615,895
3826,290
4956,1009
2012,602
1305,740
3964,1917
5483,1465
3702,1917
1577,2367
3910,2620
3653,2964
2381,849
4762,2082
2040,556
1773,966
3631,172
3250,480
4134,1732
4994,2590
3218,1696
539,806
461,1115
3470,1917
2649,1953
1066,700
548,2989
429,1577
4209,2256
2602,417
4386,1394
1046,987
4081,758
3300,193
404,1520
5624,892
2458,2358
2938,2995
3970,927
5016,1009
255,1397
5712,712
1395,2080
3413,1009
3120,1696
1272,926
1351,1219
1747,1973
2800,28
5766,194
1786,1147
4379,573
750,63
5032,1138
85,3056
622,817
2008,967
4650,1975
3444,480
3788,290
4323,1580
1417,1465
1322,639
2067,1547
3182,480
3655,892
2304,3180
1879,1496
4388,2729
4727,2195
2345,737
3883,527
1102,1804
1537,1732
5534,1914
4436,2396
5299,327
5684,892
5130,1272
5604,374
4821,3146
537,1244
1099,193
4516,820
699,259
1819,290
1356,1697
950,1009
2646,2139
717,249
4645,826
4779,1580
3498,2355
3839,204
3849,892
2966,2494
489,18
4758,1642
4078,1883
2717,2729
3801,851
3816,1883
2849,2848
1944,527
4731,2448
3972,2396
1376,1009
5297,2859
2767,1503
5946,2716
5812,272
404,849
2752,2134
3545,1770
3392,2494
2996,2494
1647,2411
4307,3059
623,2842
3799,374
2508,461
4827,816
4565,816
2079,2041
5091,108
5487,862
1846,527
1001,3175
1030,1661
2967,1914
4589,2341
1857,127
1776,3171
4396,2700
1514,3171
3622,862
3446,3080
3427,2838
3823,2838
4124,2012
648,2498
1019,2411
5556,817
105,2256
1915,482
2959,1457
3905,369
5280,2639
3017,1627
1174,1009
5687,519
1905,3177
2656,867
218,820
1749,1883
4416,1258
4020,1258
5876,391
3426,519
1284,1554
2268,758
5845,2798
4986,822
3324,2494
1679,363
3112,2803
4561,1612
1234,3130
1812,892
2218,1580
4974,2690
3460,1042
3664,283
3688,677
4068,144
1566,836
2442,2227
4446,1258
5676,895
5280,895
2360,882
1293,677
2347,2340
3429,2079
4909,201
2185,1258
5275,1490
5445,181
2458,3110
3975,2023
4610,319
4331,1658
3228,1042
5895,417
2099,3177
691,2679
462,2627
4080,1258
2249,3121
4028,2788
3882,519
5857,1064
5870,2989
2215,1258
900,759
3939,1403
5663,417
1678,272
2182,2249
401,2509
5948,778
7,892
17,1580
2770,2419
4344,2620
1665,1730
3664,417
3268,417
5326,2717
4164,740
2010,452
1447,1278
3372,2460
1587,1258
5453,957
2405,1890
5326,3067
118,2012
1735,2095
4300,1917
5768,968
1423,1042
5941,896
5655,1064
3036,417
4344,1465
5464,1496
3306,1998
3063,2240
2949,448
4454,290
2749,2080
4994,1732
2282,2614
1829,2080
2802,371
5166,2189
4672,2620
5200,2739
5919,2426
4379,1809
2534,556
4124,536
844,180
4163,464
2967,1377
2982,2409
4746,290
62,144
710,1119
4056,2472
4011,1009
4494,1917
4181,1420
4702,2620
4399,2811
3489,146
2938,2487
5529,1086
4223,2585
4264,2394
3961,2585
5862,737
2923,674
414,2639
705,1125
4485,1804
4331,1337
3703,1014
1963,2029
1304,895
4303,1009
304,966
2685,2953
1396,3113
2706,2487
5251,933
237,3127
811,1147
3717,1070
3264,2256
4601,824
2077,1003
72,1747
3764,327
4941,892
4951,1580
5035,527
3314,1030
561,1911
1822,3113
3575,3057
5326,2396
1284,1717
5718,934
2951,1917
327,926
4757,933
1647,2708
4140,964
129,1850
3555,2031
5014,1528
4415,2889
690,1917
2075,1465
2555,2856
4358,2355
4492,2355
3826,2494
4838,1302
717,330
183,2086
3213,1513
2504,824
64,2394
430,2717
2383,2749
3159,2970
4609,661
2010,1420
4384,1482
1464,1661
5160,1703
4898,1703
2718,2446
4636,1703
5011,1580
923,556
2105,1465
5145,1580
62,1917
2910,172
5358,2627
2710,1050
965,967
1770,2118
8,2620
118,536
845,1804
4974,2637
583,1804
1742,1009
2616,1765
4010,867
2196,1179
773,1147
1082,2656
2374,3171
1648,3067
4287,2838
4982,1185
4025,2838
2153,1482
1800,2118
434,2620
1227,2256
2405,1703
5132,1883
4221,1437
2132,1544
234,1219
320,239
4253,1914
3267,1883
5682,2700
2183,1482
2944,1580
3849,1457
2794,2575
3291,2627
1703,1030
3961,1109
5568,1258
946,1990
3850,1278
5856,1136
4316,519
5427,2716
3608,2684
912,127
2840,826
452,2586
2647,1185
470,2411
648,1185
2750,3003
5336,1258
5148,1207
4530,3080
3100,2069
5256,740
2016,1503
3578,2633
5426,1151
5209,2614
5498,2717
355,2811
773,2570
4753,119
5653,376
5948,2953
2794,1770
2245,2494
2365,2788
5858,27
1293,2047
3910,2059
3739,2177
4417,1109
5936,849
4155,1109
653,374
5916,1136
2347,677
5578,2080
1634,2690
5316,2080
3105,1258
572,1883
1713,539
4722,2095
3075,2547
105,3171
4274,2871
1775,3080
4908,1696
794,1703
1384,2700
2862,2439
5522,3087
1005,2115
5818,1917
2048,236
3531,319
2703,1628
2603,458
3840,1074
3504,1125
173,272
2819,1022
773,1765
1936,180
2603,1397
5350,2953
5414,2214
4791,2989
5174,1973
3085,2080
5255,1403
4439,63
4731,1403
5168,2158
2041,2798
3469,730
163,3125
5273,639
174,1971
2132,3101
4618,2630
537,2777
3269,2547
4012,376
452,1915
677,313
3149,910
3992,2353
3266,2249
4840,1696
1588,1136
2266,822
4234,2640
3766,320
5694,2739
748,903
3167,2620
5073,1116
3787,1547
1703,1998
4418,2353
2472,1048
5132,1696
2007,2409
4817,372
42,862
140,1397
3283,2953
1146,2080
5440,2980
3267,1696
431,822
1778,78
1022,2953
5050,1482
597,2023
4306,18
1420,2999
3749,100
170,1397
3143,290
2489,1752
1522,2717
4096,1147
1572,2080
2217,1064
2358,2989
4293,1661
3937,336
3549,1917
5464,2411
4982,193
3361,2620
940,268
3041,952
1859,43
2356,849
4232,3078
4958,738
596,1397
1716,674
2053,259
1132,1377
5798,1883
891,2
3217,1528
4437,2729
3354,1799
2733,957
3684,1179
3919,2739
1672,1506
4614,1086
4738,2842
987,1403
3170,177
5599,892
3575,1394
1233,1809
2993,480
5460,3177
54,417
4006,1580
1105,1809
4169,820
5638,1005
1047,1804
2157,1147
2537,614
5682,2997
732,480
5856,144
2275,614
3452,1179
470,480
644,2353
5083,1914
3546,814
3425,2739
772,818
502,957
5328,964
5599,2181
2373,2842
2087,2256
3902,826
5117,1683
2336,2960
2064,2272
183,1362
248,259
2531,957
1211,1804
4943,1503
5244,677
3445,1297
5024,1842
5511,1960
5855,1770
2983,677
1221,1179
3043,1482
5713,374
4044,1067
4157,944
5531,2023
323,968
758,896
5937,1021
2993,614
4656,1796
5083,1109
4654,2689
1672,1990
3833,1005
3528,369
4940,2494
2423,1400
3689,2946
924,784
2751,677
2811,1482
5545,2079
443,2174
870,1487
1176,1005
1429,3171
4218,2509
1117,2118
3075,2494
2894,204
2285,877
946,1482
5810,283
1835,1580
3663,1883
3558,369
2691,2504
4157,3172
5864,519
5564,227
5390,3080
500,614
510,1302
422,3175
3108,2792
4534,2341
1533,1400
5814,2095
3637,2355
3764,1376
1360,2411
2447,2494
5300,1093
3660,272
3646,374
2383,2509
98,984
3379,784
2441,2679
4889,2690
5462,108
1069,892
5392,1998
538,2195
1694,1883
1663,318
3159,3080
951,1021
5166,1628
452,1862
5768,1696
4562,201
5307,1109
649,2376
664,964
2242,2627
5098,181
3143,1042
5414,417
2881,1042
5018,417
1029,2782
2784,1109
2378,421
5552,1290
228,2504
2341,539
1238,677
3139,519
5436,1115
4073,2080
714,677
3962,2249
2012,2700
1305,2838
842,862
4293,319
416,461
703,1457
1546,2900
1754,1883
3662,452
112,2679
3006,1279
5622,2409
5651,895
843,1437
3431,519
4993,895
3995,2547
5048,602
5389,895
5860,480
3683,740
4177,2029
5245,1116
4321,2717
4054,3127
699,934
1502,1258
1134,862
977,2376
402,2633
4468,2363
4588,967
5746,1290
209,1457
5890,480
5258,1701
5685,1014
2450,2121
2825,1998
5915,1476
311,421
472,1278
773,452
293,1535
1518,3080
2839,1115
4379,1732
676,519
5520,2640
2402,2080
2350,1890
442,877
1744,2080
1257,272
2105,2059
14,3059
4396,2086
1447,1335
2391,2830
4497,448
2187,556
377,78
1244,1915
3885,69
405,1345
706,519
2170,2080
4866,2385
1497,1048
1687,391
2308,2953
5044,967
4849,2189
3825,2620
3187,2363
5310,1086
5444,1086
3527,711
4062,1809
3795,1465
106,904
334,539
3453,1701
1280,417
249,2121
2914,3113
120,21
3131,1650
3618,1014
3846,1403
181,674
4262,527
2853,1147
1478,2095
1514,1752
1108,1064
43,740
5347,1503
4251,2620
510,1115
2215,1799
1874,1506
2942,3067
4788,758
1552,2394
652,417
4950,527
3229,1030
725,895
4440,2118
4056,435
704,957
4811,2031
4017,480
887,849
4980,527
3319,1081
4016,1009
2469,2631
4456,527
1371,3113
5077,3089
1386,1701
2962,2729
2179,1337
5941,2376
4208,2118
5765,2150
5770,2494
5646,738
2977,2256
2175,814
3488,2960
1179,849
3739,327
4828,291
3300,2909
4437,2355
128,2086
4574,374
1010,259
2130,290
5301,1642
509,2717
3126,2729
4320,2709
543,1547
5013,421
852,3056
2268,1917
2111,1179
762,1850
2769,2842
682,1332
3507,327
4694,1580
685,849
2328,3099
1977,2118
3935,2494
4609,718
3549,738
3279,877
2422,290
1116,1035
484,2256
2829,1580
251,1496
1370,1302
1835,1661
4770,262
5589,1119
4017,964
4232,2838
5426,2818
5761,822
1007,2189
2141,2118
934,2842
872,1964
2532,1185
4459,3002
5892,1278
2414,2627
3892,2366
2356,959
5797,1703
724,753
3977,1915
5431,1068
2554,1883
1320,784
3216,1036
2531,933
4785,139
172,1179
851,2965
1391,435
1909,2118
3067,2633
3201,2633
2380,1703
4154,272
1381,3130
4344,1335
228,707
3729,1971
5698,2701
2396,2586
4989,1258
4225,862
2103,1021
1048,1385
3493,2633
3193,2341
848,573
1663,1688
2430,2355
5718,320
1306,862
4009,2900
4131,1577
1569,1272
3667,2382
396,1580
4087,1278
5862,2701
1772,1042
2524,677
1407,163
1728,3187
5357,1253
3261,2633
5336,376
749,1883
4835,2080
872,2448
2362,1258
3366,1114
4536,700
1272,877
5540,556
3530,956
3931,2054
5577,1377
383,1883
161,3002
1713,2690
2336,1915
455,1005
4607,1290
2788,1258
5500,376
255,2637
2466,1207
4143,2095
5220,1490
5399,2953
2974,1613
3213,3127
3462,421
1428,2679
659,1185
3004,2953
4151,1397
1704,1042
4753,1465
1473,1109
809,1883
3505,2188
1760,2105
674,1658
961,934
1357,934
2830,329
3795,2701
1950,1448
4078,2989
702,2171
4883,1696
5361,1506
4390,1009
4841,1470
4030,474
1919,822
1206,2054
4864,1804
4212,895
3214,2547
3114,1377
4513,69
2721,2614
3369,2835
1564,2701
1168,2701
5299,1917
1667,1890
218,637
1888,2798
446,2716
5224,2497
4508,75
308,2782
1488,3056
292,2249
3980,895
3837,3061
3090,2080
1517,2481
2902,2029
5541,1800
2529,700
567,2080
5830,2842
2475,1403
3464,1917
3832,3067
5200,194
915,319
5139,480
1804,417
1285,2481
3907,1147
1331,1136
1749,895
4500,1661
5558,814
5024,2570
3249,2086
4257,2842
413,458
1261,2245
1643,849
5163,2355
1601,3067
4507,738
2841,948
440,2
5772,369
5014,3171
1332,2835
4341,2139
5394,194
2949,1420
3938,968
2307,1953
3745,573
1129,1917
867,1917
3133,948
679,2620
4307,461
5396,1179
3689,1580
3021,892
1567,49
5906,1658
4957,1482
4079,984
548,1009
54,474
2497,2585
3049,3098
4270,1683
1871,3062
1513,1102
740,2118
4305,1677
4752,2366
3451,1765
5458,313
4879,3080
5256,2838
2274,2139
2513,435
3927,2633
3803,877
563,1640
5914,2249
5396,374
666,75
4063,2679
4851,1971
4527,1093
2280,614
979,1703
609,480
4826,1914
2288,2195
4874,2894
548,204
2564,3002
346,1009
4859,519
4757,2494
607,784
4091,2633
3227,313
3779,826
1141,2411
800,2118
2634,738
5691,1022
1529,49
4813,524
415,964
1246,892
1289,1528
3503,369
239,738
5705,139
5169,2788
5207,3080
305,2297
105,3175
5752,2614
3752,2012
5818,1921
659,1482
5050,63
663,2355
4791,2054
458,2889
2361,1868
1196,374
3608,3172
3479,1072
5442,2546
5053,519
5648,2614
5341,1151
2915,2427
2422,2494
328,1503
2024,2633
1609,139
3608,1078
743,1718
4786,1279
3819,1490
4863,2465
4169,556
5755,2080
1748,2176
4180,2408
3072,1448
4908,895
3507,1376
2266,826
3592,3177
5419,818
4156,2953
4290,2953
2318,2679
1299,2700
5884,2086
3069,2089
2497,1109
5260,946
857,1042
1655,1022
1873,2413
4662,2717
823,677
5754,700
5170,1403
4603,2487
1659,2080
4308,849
4160,1917
309,806
5073,2409
4271,967
551,1093
5143,896
2882,519
5630,1014
2328,899
1646,313
1496,1500
1215,1258
4436,1973
3016,1650
2013,2177
4210,849
1027,2900
1371,458
472,1335
510,1627
3784,448
447,1278
1371,1397
5899,249
3032,1752
1929,1136
2115,2080
1046,1048
3444,1696
937,2044
5787,193
4166,2620
3713,2086
3935,1933
2899,849
309,940
3478,1465
334,2690
2070,967
437,1125
4169,824
3929,1337
2599,1496
1487,2080
1967,2717
2156,926
1125,2630
1303,458
580,63
3789,1707
4071,639
1989,1917
4439,1035
4592,2031
650,2522
951,1696
3508,1465
2745,1671
2862,2256
4199,824
1380,1809
4771,461
10,849
4886,973
1725,2029
4712,820
1036,464
1822,3093
5177,2842
1868,1748
4202,2411
3940,2411
1121,952
4173,892
3526,1081
2144,1050
5881,1093
3699,1009
144,448
5634,435
4806,1744
5346,934
4692,2396
849,614
3495,2118
3574,2411
4758,1703
1512,177
2513,2960
2441,1394
820,3067
1324,880
3931,204
295,967
3679,892
1630,2118
4416,1185
5711,1971
1736,824
1390,187
5626,1109
2561,2627
1033,1081
4856,2396
1468,1009
3333,1194
5483,2494
581,957
5548,637
3354,1482
4367,892
4599,2181
5676,822
3063,1683
5530,2690
4752,1642
330,1496
5650,2792
1909,2041
4294,2484
267,1147
4737,21
3324,677
4640,2340
3527,1036
703,1677
4080,1185
933,2139
3954,2012
5511,354
4270,2248
2215,1185
4467,318
4976,195
2443,820
1988,1179
1770,3171
2819,518
3017,2977
5892,1335
2962,826
3146,2633
513,2842
83,814
260,2396
1731,964
476,2960
5182,421
2300,892
4956,78
3290,1042
4527,1658
1562,374
772,2729
474,820
4560,1017
4720,740
96,3089
1569,2484
2574,313
5583,1115
4616,2080
4960,1890
5798,2989
4609,909
4989,376
2277,1258
5673,1008
5074,2177
5382,78
4057,1335
2823,236
722,1272
1061,738
1868,272
603,1580
725,2509
3223,1109
2961,1109
2297,1883
4516,2788
5930,822
4122,2080
2703,1258
2307,1258
894,1914
1925,964
4163,391
4918,2953
4031,1403
3702,181
3387,1109
2719,421
1747,1042
5322,2255
1975,3121
3494,417
729,2227
2433,966
5074,1372
5210,2953
4064,1701
4487,1804
2603,1377
4948,2953
1481,519
2653,740
3874,1577
2210,2614
4880,1506
4221,2624
5883,952
3135,2177
1311,1047
4788,1917
5819,967
4805,2086
4787,2446
5131,2256
2975,1141
894,1109
4118,2095
4517,1804
3163,1377
1263,417
1311,1397
2853,1151
2636,2614
2925,2717
502,1258
1331,2803
1706,1926
3098,201
3369,664
3104,1147
4867,1809
3524,1706
5062,1496
3954,536
4651,464
3326,967
1767,108
2708,2086
4062,69
4547,1804
1999,1397
4232,480
1637,227
3791,2989
626,139
4072,1696
8,1258
4499,1009
218,2788
3320,371
45,2079
143,2614
721,376
98,1151
3078,1023
5695,1035
237,2249
5750,1496
882,2953
3745,2240
551,1658
3326,2256
246,1022
98,2090
1187,556
1973,1465
2190,2
4191,1014
2119,1290
2253,1290
4608,1302
3921,372
700,1377
5497,1400
774,2080
546,910
5329,1035
2437,818
3386,967
4416,1482
276,268
4827,824
4560,480
5439,1580
100,42
5167,892
1054,2255
228,227
3517,1800
542,2080
1328,2989
158,1151
354,2029
2133,1696
481,1804
2781,1917
5092,2411
1174,78
3020,1933
3799,1671
4960,1703
5335,826
877,1023
4586,738
2142,3098
2185,1482
5929,2504
2510,1804
5915,354
4497,1420
2386,1014
414,740
5426,1883
5560,1883
314,1290
606,910
4781,2118
2938,938
2138,885
3024,2964
5648,1703
3550,2256
4990,1703
4658,964
432,1696
5237,1580
3537,2960
132,2158
1314,3067
1448,3067
4015,1272
3958,738
2215,1482
2991,1703
3664,291
3734,1030
4618,784
5590,1883
1032,910
1508,839
5104,677
570,290
1893,2370
2933,1883
4560,964
1996,778
296,2158
3025,2411
3988,738
60,1127
130,2620
4729,1904
4863,1904
4541,1853
2996,892
5620,1883
2601,1302
5252,144
1363,461
1206,2729
2701,1883
1593,1677
908,820
5328,139
1006,1917
4738,862
3941,518
4142,2494
2318,2118
1205,814
4276,2494
3620,877
4198,2803
3788,461
4230,1560
5646,421
2358,204
3199,820
3342,374
3647,421
1596,820
5054,1448
1141,1179
4298,2633
1591,2139
1653,573
3640,2633
5271,2614
355,1933
1561,984
3137,1258
2755,964
2875,2012
3971,1457
1459,707
3377,718
1350,1703
4314,1042
4753,180
1777,2679
3255,2418
4072,2448
3635,195
4572,519
4028,2341
2,2195
4066,2633
5506,2080
1430,127
1877,816
3804,2633
58,784
896,1883
5523,1495
1324,640
4445,2629
167,3171
2337,2494
5876,78
2347,738
2685,3177
5094,42
2465,2679
178,327
4078,2054
425,204
2271,1093
2455,2900
5428,2547
1322,1883
2757,986
3930,2341
2877,1842
3754,2115
574,677
178,677
2236,2977
3755,2717
2979,806
4890,2090
3075,514
172,862
3711,2418
292,964
772,2355
4019,319
5230,2158
5722,2620
2771,1042
2180,2264
2278,1109
4518,417
1304,903
5099,2614
2286,2690
429,2366
4431,1926
1993,1125
797,318
3331,2547
3627,1377
208,677
2689,3080
3281,740
4181,2717
4336,376
5619,1337
4877,700
5560,1696
4863,2522
2984,2439
2230,1977
2455,2095
4267,956
2801,1042
4414,417
4548,417
2046,1109
205,1318
867,1437
650,2900
1149,369
5803,1804
5820,1219
3657,1377
4579,3113
3273,448
2218,812
3469,2080
3553,2717
4238,376
3677,2029
5590,1696
3542,1804
598,1397
1117,2716
2693,2798
2297,2798
5148,8
4200,1023
3709,1917
3447,1917
166,2679
489,1612
694,2798
3655,2620
570,1042
3954,967
4651,895
2183,417
5311,187
4655,1014
2900,243
5651,1009
1578,1017
1609,330
5334,1302
5389,1009
4286,1147
304,519
2601,1115
4607,973
1716,1890
2554,2989
1179,2439
3873,1917
4155,849
4375,3067
4246,967
2938,885
1897,1901
1224,3121
4947,1014
2156,849
2863,1465
2668,243
725,2619
3844,1337
3903,1917
4553,2965
790,1701
5568,1482
444,1064
2328,2245
3059,249
2706,885
3981,2739
5820,1703
2599,2708
3277,2394
1924,849
1358,2158
2132,1552
2188,895
5187,1009
3795,290
1620,1377
2218,2235
1859,1393
485,1977
5803,194
5379,2118
630,1577
1079,1403
4807,1138
2068,1917
2224,2430
1823,2086
1917,967
1299,2086
2428,1671
5511,3176
5783,1420
2178,1496
3957,409
416,1998
2312,1496
2618,1014
4607,1457
4292,2385
942,1290
2694,1009
2172,146
5286,964
5638,2355
488,1470
3105,1482
5859,1765
564,1465
915,2
5564,1093
3750,1405
383,895
3776,374
4084,527
3120,1009
1931,3093
4219,1883
3823,1883
4637,2396
4375,2396
1383,1009
684,1008
5202,862
362,957
2368,3067
2960,727
2189,2570
3312,2118
5805,374
767,2174
3726,2889
307,2189
2917,1030
3013,738
5351,1335
5646,2946
2819,3124
2230,2729
790,1030
5734,2012
2119,1400
3521,363
2253,1400
3695,1482
367,146
1284,1538
537,557
5294,2679
3826,1376
1288,2411
118,573
4056,1838
5260,816
1380,2939
3441,784
2861,2195
335,1739
4017,1883
3764,1437
4144,1658
4530,2633
5801,2079
1350,1195
2876,1914
1157,3052
3659,862
1289,3171
5590,2798
1686,363
4838,1473
2219,826
3941,3177
5818,181
1819,892
1423,892
889,204
2773,1385
3349,2484
3695,677
4450,21
1786,1883
3302,1914
29,2729
5518,1582
5419,822
2819,225
1038,677
1220,2411
2433,2633
1232,1482
537,3135
72,2052
1238,738
1587,892
305,2785
3631,1042
5888,519
143,1703
1521,272
1710,3177
545,1683
4614,21
4712,556
207,2627
1554,1883
78,527
4183,966
3889,519
5425,1926
2428,195
1395,1072
886,2915
2391,313
1133,2792
1768,1088
4699,2953
4748,1125
3922,817
5004,556
1048,1149
3302,1109
3355,181
3107,3085
4480,556
2369,904
5586,2409
5481,895
3645,1448
1064,1093
4833,859
60,2176
137,2396
3943,2044
534,1278
3218,822
4666,1850
3508,1335
2219,2249
2268,421
5790,310
5948,896
4251,2547
3425,519
3910,2
2055,313
797,2038
5675,2989
3364,243
3892,2614
2378,966
5182,3056
4108,926
2578,2717
5121,336
3895,818
5173,2189
4941,2620
1037,185
5106,967
2943,1125
4844,967
1325,63
2937,556
1247,2624
1999,2259
1302,3085
2737,2188
3857,1465
2416,2547
4491,290
5545,1953
2319,2614
2346,2717
4012,63
2000,2080
4220,177
3017,2363
2967,556
3046,849
4288,1809
2443,556
2942,2189
289,268
4643,1219
1320,227
4049,480
2376,2717
177,966
3938,1403
3668,1542
1114,1290
4927,1917
4531,1917
842,602
4152,3052
5828,1086
1756,1696
3210,849
3760,727
5678,738
4260,1804
287,730
3683,480
5758,2195
2396,2029
2117,2614
2514,1496
2657,1804
2150,1973
104,2716
5610,984
2182,1696
2519,527
3663,952
812,1490
4903,2031
4349,2411
2451,2086
5414,291
4838,2575
1424,1465
252,2964
2165,2631
3495,28
2244,480
413,1377
2390,2749
1132,1064
2689,1096
2921,2385
1685,2179
4,391
2726,1917
2464,1917
4391,1482
4172,2118
4468,948
4905,1703
5280,826
3726,2031
5374,461
4746,892
972,967
1328,602
2632,188
118,1809
312,2614
4847,1883
430,2835
4888,194
1278,2178
2465,1179
3664,1503
4364,194
1040,320
1657,2174
4737,964
1760,609
757,1917
2365,194
2045,778
4027,2494
749,2965
3903,738
1335,3062
2515,892
5927,421
2253,892
4615,1883
2688,820
66,464
3168,1457
5792,2448
1025,3021
3237,1035
4453,2494
5772,1422
1002,2256
606,2256
976,1035
33,2394
38,2738
1647,2960
2941,892
4331,784
4907,1883
4306,2417
5564,1658
3991,1093
679,290
474,824
4952,313
5554,2633
3713,2842
5688,2633
889,2729
2384,1883
2441,3171
3941,225
2141,435
4221,2494
1879,435
5129,2080
4324,1683
5817,2454
1190,2842
3303,877
3886,1457
2096,2355
2447,892
3278,820
5578,1125
4217,1971
5127,2946
1577,2729
522,3093
3726,421
5701,966
4379,1740
2787,2653
1274,2139
5520,2059
4897,2080
4224,1048
4205,806
4821,3024
2467,204
5111,319
1831,1683
2218,2129
1722,2679
478,892
1460,2679
372,1405
4849,1258
2619,194
2354,677
5824,376
2482,862
1819,518
2020,2494
4212,822
2764,3177
5632,556
2148,2679
2605,2366
2577,318
5731,2255
2735,1658
5328,330
4695,417
2880,1258
4235,2095
4261,1064
5491,2953
5465,1732
4536,2989
5593,1917
5405,2620
1981,822
2344,1628
2399,1335
2003,1335
3481,1074
2185,63
929,3177
810,1765
1708,2915
271,3177
1961,1109
5178,2614
4768,464
3044,1258
1296,1658
2316,519
4231,259
153,677
134,435
1548,2633
4956,700
5623,1917
3840,1542
4518,474
2212,2798
5517,2430
4302,849
5009,1465
2381,2984
3735,967
3528,674
1021,1022
1819,1002
126,1109
3632,2717
2863,1977
2541,1926
5139,1696
2692,2095
489,380
205,1375
2168,2095
3990,146
431,2095
5221,193
3046,1280
1487,421
3558,674
4996,1014
5283,290
4543,480
2989,1685
4947,2815
4907,1696
3534,1219
4776,2179
1371,1377
607,227
2849,1116
3690,1732
4862,1953
1,417
1317,2080
995,2029
632,1977
1294,376
2908,1696
4362,849
1454,99
3924,3067
932,926
4031,2964
5605,2411
5063,896
5221,1482
1859,1316
4396,3062
306,1403
5181,1302
2356,3061
3314,290
201,3080
1611,1372
2664,181
1738,1147
3324,1917
2928,1917
5239,2411
1548,1023
4485,259
4989,1482
2972,1465
1877,2430
2121,1070
796,2327
3451,2631
4113,1030
2267,895
3344,290
4345,2319
4078,2729
1199,2717
5707,1883
5010,2709
3102,1696
3914,820
4762,163
5464,435
3063,1179
2361,1661
4355,2256
3976,1671
2312,2708
1567,110
173,1008
2740,1465
4433,3078
3325,2118
5690,374
3375,892
4032,2919
434,2
3708,2041
3312,2041
5518,1021
5251,677
1247,290
851,290
3867,573
1064,1337
146,474
1519,1917
4146,173
3406,363
4531,738
2788,1482
5765,1837
1671,968
2277,2498
3405,892
3539,892
3186,1528
5428,2417
5767,1883
4058,1457
5252,1437
1090,464
3712,820
4851,1093
4950,2792
4268,2206
5147,862
3202,2411
3441,707
5836,1838
2121,1554
2952,1482
2556,1482
3728,1703
52,3067
1258,2118
1898,758
533,896
913,363
1278,1804
4681,1971
963,480
2437,2729
986,3093
3932,1883
3670,1883
1743,820
1065,1696
5545,1258
127,1147
5328,277
2487,1503
4373,313
1475,1005
4183,2633
2395,1914
50,146
3892,1703
5666,272
1460,882
2654,862
2716,2494
1379,1482
4847,2798
5475,677
2402,1580
3871,1765
4626,1109
3623,2417
4220,421
5123,1915
5531,986
1066,204
2896,2088
3171,41
3214,677
794,1179
1479,3002
5787,2080
5267,2044
1614,194
934,435
1661,1703
121,1086
1666,2047
2540,2803
1855,2700
867,2596
2283,1457
3133,1627
1345,3160
4664,2690
2164,1765
3442,2382
386,1734
1026,374
2123,421
72,820
1701,3172
1341,2637
2388,877
4380,837
2200,1580
489,327
1701,1078
4201,313
923,784
3273,452
4971,2409
2450,2105
1278,194
2322,2859
5426,2989
3982,2080
52,2396
5463,3056
1242,914
1581,380
60,5
837,3080
3075,63
4945,1346
5083,556
1736,1422
5148,951
3417,1520
1529,1883
4912,674
1324,2417
2069,319
2169,2243
5030,895
687,1042
4768,895
4620,2717
3508,2547
4919,1064
4358,2717
3305,1464
4096,2717
4808,2953
1545,2012
843,2494
743,1324
177,2633
3501,63
5899,1465
2361,319
4284,674
4146,2430
1675,2243
5429,1701
17,816
108,934
5767,1696
5901,1696
1489,740
2177,2080
1478,2079
41,2341
5148,146
4394,2158
1919,2953
2361,1608
1941,268
1984,1658
5007,2358
5021,2256
5184,1496
2620,556
2048,330
1149,1207
2701,895
1273,519
3991,1337
808,2634
4908,2729
1508,2079
1762,3127
3274,1696
2942,957
5296,2087
913,1115
4392,2620
5185,2256
5496,2118
773,2798
2650,556
867,181
2001,110
1808,1967
3174,1465
3942,290
659,417
4155,1337
2455,2717
1653,2029
345,2701
3796,2158
4156,249
4453,1933
110,2080
5464,2960
2045,1506
3867,1809
1360,1403
3533,243
3421,968
2068,177
2178,2789
2761,895
2312,2789
3198,896
1643,2630
4221,1933
3531,1486
3135,1486
4212,127
4215,2118
5107,979
1614,1296
5132,2729
662,849
2341,2564
622,484
4968,820
3791,1009
120,2717
1536,824
3267,2729
5383,1035
1862,1748
1895,1696
1268,1009
3861,435
3241,727
5421,738
880,146
3703,2478
4770,1185
692,849
4429,892
3873,2889
4439,1580
4508,1185
3818,738
4825,892
2138,1804
849,1964
4899,2504
1561,480
284,2717
654,1496
4948,2396
5335,590
3905,2585
5008,195
1763,614
338,2953
708,1732
3910,677
1241,2195
3056,573
3903,2889
3941,3181
4187,204
2148,2118
5744,236
1213,1086
1295,1650
1386,1014
4560,1883
5632,934
3911,1437
3119,2965
990,1953
2561,1883
4568,1185
1347,2190
3320,1908
3411,1272
2007,1482
3715,1683
2362,892
3143,1457
5933,1397
3254,2227
4862,1258
572,2729
5489,602
286,645
477,1179
1189,2139
2813,1703
4609,31
3745,1683
2798,1580
4723,318
2574,374
3107,3089
1105,1098
403,1580
4753,160
3732,108
5869,2701
2685,2807
5188,2717
3381,1756
5675,2054
5511,899
3439,421
2389,1883
5772,674
596,820
2516,904
3263,195
2318,3171
477,374
4630,2547
3988,3080
786,1883
4929,2614
4946,2029
4545,1685
4595,1048
4651,391
1574,2838
4965,1490
3905,2264
5032,268
2143,514
1600,272
3718,1125
3941,2860
1360,2505
1637,1093
2265,2382
2905,1022
1797,816
1480,1109
3820,2341
4902,2080
349,2417
1157,3085
2563,1258
333,194
2795,2547
5689,1147
5174,2953
4219,2989
4391,63
4220,181
627,1580
4500,2450
5911,967
2294,1218
5427,2086
4618,227
5868,2960
5386,1496
1372,421
2951,966
3823,895
3174,2701
232,677
3974,1064
725,21
2683,1151
5472,1455
4945,972
4792,1696
4856,2620
1499,2798
3772,556
57,272
4945,1911
5678,742
5442,2717
3589,849
5812,1496
4511,895
3251,2547
5121,824
3388,2256
4138,1064
5798,2729
2835,2080
4173,1250
4940,1917
3832,957
4386,2297
640,448
2853,407
1529,2798
3086,2830
4371,2174
1859,2178
2830,2086
3503,674
5065,1050
3418,2256
2207,417
1811,417
4108,259
4392,18
4884,480
3065,448
5045,1337
2677,2029
2018,895
1622,895
2938,1804
3003,2953
4529,1420
866,2080
1919,135
2282,187
1645,1064
5325,573
277,1685
1324,2177
3239,1917
3874,967
4180,485
4813,2118
4484,896
3861,1671
2229,1465
5259,892
2184,2
4156,1030
4290,1030
4324,614
2968,1804
4468,1302
4062,614
2997,290
476,740
1269,376
1007,376
2955,818
95,1048
3531,1917
3813,849
1034,2953
5184,2411
4800,1482
4423,778
4581,2118
4660,2411
3216,2256
5334,2355
432,818
2032,2240
5289,892
2393,1465
4815,1009
2421,480
4327,1420
3563,1990
5464,2586
183,464
2294,1836
1198,2953
1451,1147
2344,1953
4489,435
3918,1400
4568,1482
5325,707
5697,313
1825,2297
3152,177
3642,2256
5251,2478
5562,2340
3750,1035
4287,2960
4025,2960
3187,363
1246,2620
5186,1302
5003,1595
2417,896
3537,927
775,2446
3726,1580
2506,187
5460,3002
3187,1302
2192,1717
3286,527
5330,677
4803,194
3421,1883
1068,1917
806,1917
3805,2031
5403,374
5208,2350
3955,2729
5450,1883
2554,204
52,896
4895,2792
354,480
3847,1883
4824,108
1713,527
2122,1486
1996,3067
3853,2802
928,193
2853,1375
649,778
3197,1185
3252,892
3262,1580
502,1482
5280,509
2441,2370
1417,2047
3172,374
2210,1683
835,2631
4541,1109
4601,1914
3615,1883
638,1528
5886,1258
5672,740
5715,1376
709,1179
3073,2997
4207,2926
5363,2614
843,1933
1223,1400
958,1883
5566,1253
5853,2249
2847,964
1823,1395
2105,327
3065,2355
5916,319
2671,738
2137,2494
1877,877
1326,1528
4230,816
2265,2679
4665,744
4536,2054
3641,421
2595,1093
2128,1627
3935,144
230,1302
1070,784
1159,1765
5932,448
4030,2633
4768,2562
5121,1926
2590,934
3259,1258
5482,1151
3789,2012
506,2139
5870,2953
2587,3080
1080,2411
5445,2023
1403,1344
1176,2119
1981,826
3684,3127
1323,1580
1230,2355
4191,2177
1882,820
4485,934
5684,1258
1917,2504
2625,1278
2224,934
647,435
1101,605
3501,2080
1937,877
5488,1696
4818,181
1215,892
728,2494
246,1030
2527,1093
5593,177
5596,448
4734,2927
2442,231
1963,2448
4248,967
2794,2376
1285,318
4738,602
2859,519
5930,2953
961,194
2635,811
5627,700
434,677
3939,1151
5573,1403
5770,1917
4225,956
758,2494
3356,2264
295,1272
5716,2620
1647,1838
1268,1253
1368,3177
4821,2707
2534,1109
5751,2614
615,1627
1028,1042
3280,2619
3579,966
5609,1218
29,749
4699,2717
3549,2255
3905,1890
5259,839
5286,1696
587,2962
157,934
5341,1403
3187,1115
2634,2629
3009,1752
526,2494
2322,822
2389,2798
4030,1023
367,1683
1981,2249
4699,3067
3935,1917
2292,421
3485,2620
4175,1377
4278,2256
5663,1804
3913,1377
3696,2840
3059,1465
990,1258
580,3080
4324,1850
5184,2708
3229,2815
4227,1917
3189,1696
1311,2023
3300,2466
1228,268
3441,227
5710,2939
333,1109
603,2690
3863,859
2839,1290
2393,2701
3828,1804
5249,1009
2384,895
2496,1890
1867,376
1779,2249
2954,2179
1108,2044
3219,1696
2412,849
4382,1050
3072,895
2370,1377
5150,2319
3677,480
1366,740
3016,963
2004,2717
3137,2421
977,2096
230,1115
1407,1680
4198,2811
2496,146
5275,2206
3389,952
4127,127
4476,1035
1714,110
1823,2497
4312,2509
1284,1465
3918,892
4379,2041
1240,2856
918,1115
1656,290
238,602
754,1650
4699,2396
2121,1558
2435,967
3240,2118
5893,1595
2756,1547
4750,1580
4354,1580
1040,2394
3700,3042
1136,2856
3686,892
828,259
184,2409
1308,896
318,2409
3009,2370
5523,1503
5562,677
5741,2894
2554,2729
4383,1005
4205,2396
3567,2139
640,1147
4112,892
5882,1971
4710,2504
5632,1796
4608,1473
1110,480
2519,1580
2063,1337
5523,2792
2341,527
4516,194
5818,1397
2638,2965
4883,1119
2352,127
1756,1005
355,1486
2330,2031
3655,2494
3749,2129
5693,1109
204,2256
5250,539
4243,1883
5616,108
1701,3176
138,855
2910,2498
2244,1883
2182,1005
2039,3171
5341,2505
5692,1042
4226,374
5007,939
647,1671
4927,421
3827,1796
3346,934
5646,1047
2757,539
3550,2427
807,1744
3453,2494
3914,637
1171,2206
2535,877
5651,78
2120,2355
251,2960
3951,3121
809,2729
808,2504
4409,966
4787,2080
4582,2614
5707,2989
857,2396
4791,2953
2953,2679
3615,2798
3021,2059
5896,417
3709,181
3664,2690
2726,421
5835,895
3085,2983
413,820
889,749
3487,519
4306,1376
4817,2080
3712,637
4156,119
3882,1048
3321,2701
1820,1258
5948,957
2002,740
5097,1316
295,1703
2361,1612
3558,1109
5774,777
8,892
2334,2418
5302,967
1320,1093
3646,2619
998,1042
3975,1397
2419,1967
4669,2717
563,2807
2075,1376
750,2633
2171,1838
55,1088
4920,1023
3105,201
669,1890
3169,1125
5767,895
5483,1136
5462,259
161,3177
267,1883
4090,946
266,1658
2420,448
1470,3080
3012,2080
5140,1147
893,1756
1669,1977
895,139
4423,1506
3814,2179
4855,1917
3738,1403
5251,1917
4331,227
1746,2382
5915,2082
3979,1465
4330,2
2535,556
2755,330
5009,290
4656,926
1096,2465
5031,49
5346,3093
4960,1337
543,1535
932,556
658,2239
732,2188
2993,3127
307,1258
4536,1009
1306,2460
623,740
707,1377
4303,249
323,448
1090,1115
3490,146
4214,177
3020,1917
5148,984
146,3003
1364,1125
3919,259
4748,1804
355,144
4567,480
4572,824
2605,2614
1760,536
700,556
4535,1696
4566,1009
4170,1009
920,330
2883,1804
4872,527
3545,957
1778,1115
2595,1337
929,1547
979,910
287,2080
4346,2174
4838,2636
5366,1035
5545,2498
89,2095
66,391
5391,2031
4758,2118
425,2953
2338,2620
3527,2256
3501,1035
1517,2656
4536,204
2356,947
2851,926
4334,1009
1266,2256
1073,895
1775,413
1059,2717
3087,2334
4424,902
5208,984
1963,1403
3026,2620
3454,3067
4526,2118
548,700
649,1506
5628,2509
5000,2940
98,1403
2338,1465
4962,204
2265,2118
1692,2256
2366,480
2250,2749
827,2717
2237,1009
1545,2179
4909,1482
3069,573
4221,327
1423,2189
4119,2494
5571,820
1985,1138
3528,1272
622,1911
1489,1496
3522,1457
3145,1507
4483,677
1508,957
5300,707
305,3143
4090,1914
1891,1661
3379,2842
5700,1580
158,1403
4366,277
355,1917
109,2450
489,1917
35,249
3034,363
1996,896
2142,2411
4293,738
5566,1765
1913,3113
3167,892
64,2118
643,290
846,3093
4177,2448
2623,1179
5932,21
3949,1278
4544,2427
36,1009
1830,984
4734,272
1537,1671
3207,1580
215,193
800,3098
1872,1395
94,2118
4151,1385
5123,2484
4321,1042
4479,2382
5866,313
2531,250
4108,934
3717,1278
4113,1278
462,1009
4426,277
1719,1503
4859,2788
5489,740
903,1883
2441,2427
3633,1580
682,194
1640,1395
2478,2494
1177,173
2147,2889
215,1482
3720,236
4613,1042
2971,1838
4468,1627
4954,1335
5454,1658
5483,144
135,964
1372,1580
966,892
570,892
1948,2679
3321,904
2901,318
3075,1437
5599,1258
5469,1377
1157,3089
2110,2448
5076,2614
3298,139
1655,2807
2458,3131
4270,1992
5063,1628
1042,1826
641,1482
5837,268
4243,2798
1590,877
2667,272
4136,2177
1140,1580
123,738
1169,820
2778,1042
2264,2484
4738,1464
1883,2792
5257,2029
5224,391
616,1021
3288,740
2747,2079
3184,2080
52,2376
434,2478
3904,2177
153,738
2472,1093
2625,1335
2308,1628
4803,519
1074,2249
3529,21
3627,556
3749,2239
1065,1005
1803,180
4886,1685
1665,2690
607,1093
3979,2701
2470,1397
3764,2547
3872,2080
1172,313
1650,877
4181,2835
404,2427
111,862
2819,2490
4598,1403
312,2838
4729,2640
5928,2964
4924,2327
20,1683
743,2243
4134,895
789,144
218,1109
3697,2614
3879,376
78,2792
2982,2080
3791,2249
4255,2353
1621,674
2268,1047
5365,1696
2608,1115
476,2838
3666,268
4478,146
2867,63
1621,1613
3618,1917
1271,268
5257,69
4357,2256
4560,895
138,749
4997,1650
5689,480
1363,42
3596,1377
4150,2717
3009,1809
1813,1002
617,1915
603,519
2086,602
3851,1337
93,417
2691,187
2450,1064
5490,1933
3680,1455
5206,2174
5772,2585
3134,1696
2726,181
2127,1542
3594,2620
2849,2466
1331,1608
3729,2256
2760,2394
5590,1009
3463,824
3802,290
5364,1420
2621,2989
1812,376
900,1048
2235,2953
1044,2490
39,2409
3812,1917
1090,391
1012,700
4317,1086
824,1403
958,1403
1306,2086
5881,784
3174,290
1553,2717
5223,784
2114,2030
1341,2080
5840,194
1559,1219
5495,2411
249,1064
786,2989
1438,700
4891,984
2960,711
1673,1506
4696,2960
1447,1917
5681,2012
4184,2031
4855,738
3026,18
4693,1908
3946,927
923,227
305,1346
1834,1050
5557,1195
481,259
5739,677
2420,1147
7,376
1018,1403
1873,1917
2155,849
5672,2838
5405,2494
3469,1877
2490,573
4749,877
2612,2256
2990,896
2324,1035
2599,2960
601,1465
3631,892
2583,737
3498,1302
3804,820
991,896
2761,1009
1357,1219
1474,1804
1030,824
791,2528
2442,2195
1193,64
4809,1278
2256,527
5210,2376
1158,1009
1292,1009
3611,2118
4483,2047
5183,738
3044,1482
797,249
475,952
3795,892
5772,2264
3977,374
5888,1658
4178,2350
3799,1765
4248,837
4029,2227
4158,1883
4261,1072
4484,2807
5208,2838
273,3073
2434,2842
3825,892
5211,1042
2286,877
3024,614
1836,1580
5568,1279
4852,1109
4909,2397
4198,319
2083,1457
660,2179
956,1009
2296,2504
3702,677
44,1681
3306,677
5469,519
618,1953
3749,2186
3840,1550
4523,1580
1460,3171
2841,2977
5224,1627
4878,236
2947,1683
440,2031
1866,1580
5596,452
983,738
2877,163
1910,374
2390,1765
5299,1397
5751,740
5223,2341
2822,3085
4768,2700
4201,2818
2828,2341
4941,376
5660,63
3557,272
2292,1580
741,2494
5500,1279
75,2441
751,738
5285,1125
3500,677
4749,556
29,753
3059,180
4220,966
2535,934
3447,1982
4682,2717
1635,677
3254,2341
2858,2341
4821,3061
2928,3080
5105,376
5256,2989
3009,1756
5855,1628
1901,1550
5393,1008
4362,268
3436,1042
2469,1253
5530,2999
886,0
4058,42
899,2679
3662,42
5632,243
1795,3002
4392,2547
3712,2788
1871,2997
804,2038
690,2690
4459,1490
4242,2953
5902,2174
5475,417
5284,849
5483,1998
5180,2189
1981,509
551,2504
2046,1658
5857,1650
3610,417
4322,1377
2952,417
334,934
3421,895
1533,1258
3522,1701
3546,2095
5764,146
1758,1376
5932,1420
4904,1917
764,1457
1237,1115
4881,967
5010,3067
5421,2409
5247,2256
4161,1809
3894,1465
866,421
2791,849
4644,2717
3372,602
5383,3056
4528,290
2403,740
4323,824
955,2341
578,139
4934,1917
2437,2953
5622,39
5174,3067
1392,63
5015,2256
1617,181
3662,1465
1066,78
4267,1050
3952,480
3690,480
1862,2614
1144,119
958,895
2116,1218
3141,423
1505,1064
4421,177
202,2080
5857,2134
1920,1279
1761,2158
2119,2620
3571,946
1177,417
3642,3041
2171,2029
789,1998
5482,163
989,2059
4029,2174
383,2249
632,2953
2053,2158
2619,849
4703,2118
4374,896
4661,172
5256,1513
3716,896
302,1506
5147,2509
4574,2647
2581,1496
413,556
146,966
4411,374
1885,480
4144,784
4187,1420
1544,187
3225,2729
57,2614
5655,2134
3618,1677
4215,435
4824,1482
2155,1280
2239,1917
2635,1917
288,268
4550,2411
2447,2620
5076,1703
2354,177
337,1850
4927,1580
868,1486
5400,1800
5011,527
1747,896
1948,2118
2626,1804
2939,49
2049,480
2393,290
27,1809
2993,2729
4187,2709
1949,249
2752,573
3270,2256
2599,1297
3428,2842
5615,1580
40,1455
3175,2396
90,818
1210,849
2746,4
270,1917
3508,327
1168,3067
5091,1580
478,2620
2374,2118
482,2739
2175,188
5306,421
1836,1661
2142,1179
2653,1883
4174,2258
5299,2633
182,1696
598,820
3602,2032
2979,2807
4555,2889
2129,193
4715,892
38,1917
1886,435
4069,1683
4239,374
5607,1473
5078,1883
3631,1457
4477,2417
2192,892
4028,1093
1132,1666
2944,527
4181,1335
4224,1971
2770,374
4857,194
3475,163
4108,1796
193,892
2421,1883
654,2041
2596,194
2747,363
3508,461
4528,1042
5615,1125
3949,1335
1411,2370
3109,1883
2585,1883
2342,435
5081,1376
1634,2792
3499,2977
4581,272
200,127
3980,806
103,194
2002,1683
42,480
921,1580
563,1872
647,2509
1497,2679
2209,1195
4220,1397
5605,1911
5706,2717
2263,677
4121,637
5745,201
4303,119
5273,2835
4853,2249
3705,1890
1079,826
3250,2249
2123,1047
2508,1612
1527,2679
4464,1915
2949,42
4470,417
397,1179
5464,2029
1706,1109
5820,910
5162,910
3371,674
1318,2690
4608,1290
5437,2835
3830,996
177,92
1293,2633
4192,1577
606,1703
4181,664
2649,1628
2333,3085
2781,966
4388,1115
2605,740
2343,740
1419,2341
2971,2029
2467,806
4884,1696
4653,1009
5344,2620
5946,968
5335,814
3882,2825
3419,849
5437,2030
1146,3121
3389,448
92,677
4767,2989
5345,751
2708,464
4719,474
536,2788
3452,1147
954,268
3113,2620
1325,1901
5853,753
875,160
5460,1990
2244,895
752,1258
2261,1064
884,1377
1176,2717
5445,177
4925,1831
145,1977
35,119
3405,2620
4229,3067
3143,2620
5906,1703
3935,2031
450,519
1584,448
4615,1009
4093,146
2694,700
3131,1455
2847,1696
4,2095
5288,1482
5382,363
43,2989
3004,2811
4062,1964
4260,259
4148,984
519,474
2752,1809
1286,1141
5119,892
1869,967
2013,2409
3119,290
3938,1147
2830,187
2966,1014
5430,784
5564,784
551,2614
2072,737
5754,127
3689,820
370,1290
3749,1625
3525,1917
5392,677
2258,2590
5190,1482
463,700
2838,2118
262,417
1886,1671
2543,480
2734,1014
4279,2729
2195,3180
5512,1883
1121,1050
3423,1990
3017,1302
5338,2484
293,3113
5701,92
931,926
4764,677
5208,2411
3513,1883
1751,2385
889,700
4268,1035
1918,2498
1097,814
1873,1035
4459,1734
3848,1580
4366,2509
5818,1027
2502,1014
1003,2118
2840,1009
961,926
890,2214
3543,1883
3281,1883
3415,2637
2047,2504
3874,707
465,1661
2727,1482
2178,2960
2312,2960
899,2118
704,896
3181,2591
1388,1528
916,2472
2471,1677
276,2297
2691,862
5065,924
1063,2118
3952,374
1154,1482
2539,1030
2635,738
5148,2090
3646,1765
4797,1109
5294,1915
4378,1125
5152,519
2335,2139
4346,2341
5184,996
2687,1278
3069,2134
1909,984
3244,2889
1406,363
5605,1403
708,964
4182,2125
664,2355
5196,417
3153,677
2535,1796
3908,21
1506,1883
2960,1036
3022,1914
4135,966
1244,1883
4173,1258
310,2796
1435,3171
5437,1977
5468,2044
4072,2115
3697,740
1154,677
5266,2095
4956,1115
2470,2340
4032,2716
1174,363
952,1482
5804,458
5477,63
5914,818
1908,2802
3940,3127
4585,421
911,892
4507,730
434,738
2435,2504
911,1831
2843,986
1797,1658
1496,2484
3177,108
3679,1258
4753,1136
4835,946
5248,1115
1184,677
530,2139
972,2484
5558,2095
1183,452
3454,2079
4366,3127
3559,2095
663,2668
4362,2419
1247,1376
521,1272
2614,2038
4462,556
5644,1465
1984,1642
1700,1883
3572,987
5764,69
886,3090
4552,2701
5412,1115
4106,2614
2531,1222
5621,700
4909,494
5530,3056
354,2448
2866,946
4096,2835
5643,2179
3401,2044
1680,2547
3017,1115
3925,2953
5071,1953
3273,2798
2679,2059
4822,2188
2843,181
666,2161
4969,895
2324,2999
4559,2717
5204,1701
5352,2353
4724,2030
3891,2029
5542,1696
5210,957
848,862
3601,1701
5870,249
1351,2614
3531,181
4453,1917
4260,556
4339,849
5886,193
1625,904
5374,18
4959,1496
3303,2394
655,817
2565,967
5211,1717
39,319
402,1125
5603,1009
3896,1218
4152,3093
714,1397
4028,1337
3002,187
2157,2835
3707,1696
4087,1917
4221,1917
4429,2620
4033,2620
5886,1482
5466,896
1149,2264
1746,268
3133,2363
4198,1933
4855,742
5409,2082
3874,1809
5634,480
2900,849
5107,963
4541,2272
1006,1397
3979,290
2788,1547
5856,677
5904,2411
658,1064
718,1115
434,1356
4725,2739
3118,146
3159,901
1397,1403
2668,849
5455,1272
1936,2620
2729,2256
5139,2729
669,849
2176,2080
1823,464
4975,820
1329,895
680,2701
3670,1009
726,602
127,2717
4320,2811
4732,1035
2678,1917
838,1008
315,2953
5879,2889
4124,2118
5527,1683
2558,1219
3566,1009
4094,374
2296,1219
2908,2729
4802,1400
2665,527
2269,527
2656,973
3879,193
300,1490
3758,2118
5050,2633
5021,1703
3293,1035
4540,3093
5333,2729
2690,1496
4194,204
3708,2940
3932,204
2605,3078
1168,896
3991,784
4985,2396
5329,2206
4131,2484
77,290
1511,2174
2715,2842
3537,964
1407,1070
4862,2181
1923,2118
4812,374
436,573
1618,1482
5620,1042
2318,927
5188,2351
5742,1971
986,259
4468,1473
2016,1528
1756,2355
4626,369
4063,1195
1100,738
2822,3089
4111,677
107,290
3790,1036
4607,1258
3829,964
4178,2838
1853,194
3396,2802
2356,256
236,1050
2985,2679
3785,1042
5476,1828
852,2487
2356,1195
2500,1883
3286,2792
707,820
3781,519
5006,2818
1713,1503
964,2139
1721,2118
3216,1272
2301,892
1160,738
174,707
4831,2413
3656,231
3330,2690
2163,369
1614,1093
4169,227
898,1677
2856,2807
2044,677
4771,2547
5067,1377
3733,3080
4838,2079
5767,822
20,1179
5901,822
2781,2633
5017,2953
461,363
4320,1335
1155,1683
1484,461
5322,556
594,892
2569,1437
3821,3085
4117,1915
5115,1017
5674,2701
1417,1868
5876,1115
1729,2894
3509,2409
3151,2701
1475,2977
4436,2799
5437,664
3670,822
7,1482
783,1703
5693,849
4227,181
5748,556
1030,1580
5090,556
372,1580
1335,1627
4005,519
5584,1064
4734,2614
5047,859
4811,2080
5346,926
2068,1397
3876,1048
4356,2439
239,677
328,1658
3955,2095
3022,1890
2654,740
4572,751
551,1703
243,1550
3307,2059
2223,2439
731,2802
2911,2059
5461,849
5120,556
5679,2240
3506,956
1857,1335
5738,376
4898,2614
4108,243
4741,2630
3703,2409
3030,1377
2338,2547
2531,498
4518,1804
5284,1337
2976,2080
4158,2989
4777,1506
381,329
5551,2620
4948,2327
5280,814
3547,556
1449,1109
3364,849
4423,2856
3243,330
2931,967
2214,417
3026,2547
4495,480
4233,480
4577,290
3507,376
2667,2614
3006,2080
5707,2729
757,966
4241,2815
4597,1696
2308,2681
811,448
1246,376
406,2614
3978,146
1158,2249
5879,742
896,2249
2336,1696
1995,1403
2828,2158
4926,824
4974,1804
5798,753
4913,1528
5465,2041
5360,527
5439,820
1091,1377
1514,1480
1452,602
2634,1511
1037,2080
775,2080
5109,127
2683,1403
1726,3056
3538,1917
2858,2158
1175,2953
5702,1580
3386,1496
1676,2188
1340,2239
5901,2729
5913,1800
5469,820
5190,1405
147,417
4164,1009
301,2547
586,464
744,1804
2134,1696
2561,1009
4068,1486
5367,1482
5105,1482
4289,896
4600,2478
2239,177
4032,2960
1747,2189
5470,1580
365,2158
1814,967
5845,1457
991,2620
773,448
3187,2575
3932,2729
5064,1831
3670,2729
3159,527
113,2095
3972,3067
4727,2411
3008,1297
1149,146
1619,849
2443,1296
3921,1035
5896,1580
2521,2118
2017,895
1800,2358
2493,824
3857,461
5555,2418
5426,318
3299,2385
833,290
618,1799
5823,139
2557,435
843,1917
2452,2139
2861,3098
523,249
4771,2494
3981,877
2138,259
4421,1149
3156,1703
1581,2031
1632,1030
5839,1022
4383,1042
601,290
448,1014
5767,1119
5146,277
4605,862
5221,3080
4145,877
5017,806
1517,2396
3433,1580
5818,2023
5059,1971
4396,1627
3343,374
2226,614
4333,524
4486,1520
599,2472
3300,3121
5596,82
4268,287
3635,374
837,1482
484,2118
3846,3038
1351,1703
4064,2177
3802,2177
3812,421
1627,820
2504,1093
663,1302
2578,1042
4701,519
2538,677
4945,3131
4981,2788
4029,2341
4822,1977
3747,965
3430,1258
1974,1278
4172,1114
5667,1022
209,1482
3459,3127
1494,1580
4536,78
3966,2177
1316,527
2401,1503
4753,1998
4474,2583
656,1420
3321,160
3818,966
5413,1290
2104,2448
3277,2305
460,3171
4173,376
614,605
5196,474
3742,1129
204,2427
452,277
569,862
5666,2086
2772,1042
4909,417
2200,816
5352,1926
5362,2614
92,681
5732,1393
1611,421
4720,895
5267,1064
4919,2044
2634,519
3890,1377
213,2139
884,92
374,744
5482,1403
3381,2439
1101,2012
3484,1628
5908,464
1073,903
1467,268
128,1627
1427,3121
334,1503
3025,1464
3021,2
3064,1392
3907,2835
2859,1926
5447,1008
665,519
3249,391
587,3080
1776,2716
4374,2486
4465,1850
1684,3127
4175,556
167,2679
957,2798
3075,1177
3918,2620
175,1042
2123,730
3346,2394
3688,1377
2105,124
3295,2614
4071,2835
5924,1697
5039,2472
5416,2984
810,277
1742,2701
1739,740
2389,822
3123,63
4002,1917
4389,2363
1175,2095
2324,3056
2529,78
2949,664
5521,1465
5789,2411
5381,896
3686,2620
1265,268
5153,480
1354,1279
3900,859
2303,674
1819,2547
3894,290
4651,269
1326,2614
2300,376
1482,3127
3421,1009
3508,1917
1777,1732
2121,1542
2711,849
4593,449
3552,1465
1446,1403
4410,1496
4983,3078
3737,464
5662,892
280,2690
734,2860
2451,895
627,519
1986,2256
5257,614
3373,187
4124,2041
1872,464
557,2409
3420,1696
3451,1009
5599,1482
5733,1482
5184,2960
4435,2842
2902,952
355,181
1406,2327
2574,1086
1223,2620
3976,49
3692,290
4693,2319
797,1465
3247,3057
1863,2953
4609,2621
4218,2965
882,1014
1988,1147
260,2953
2916,2139
1775,1039
5009,461
709,1244
1485,1465
2223,1394
393,2701
2599,927
1117,480
439,602
1462,700
1615,1696
2090,1400
5106,1683
5593,1047
333,556
1515,1465
3337,1014
4293,1580
286,2430
5141,1677
1875,1219
1625,290
4001,1179
5377,3085
4250,1883
4541,369
60,3026
5593,1397
472,1250
4639,877
4585,1580
3296,2494
5425,1971
1046,963
5485,524
4146,1129
5753,1278
4309,369
3369,1437
2056,1765
2032,1179
4587,313
3532,677
5879,3080
4574,1017
1948,3171
1715,2411
3931,2079
825,2842
3079,2802
775,1035
379,1035
1513,964
4990,1642
4310,1883
5518,1761
1820,892
3642,1195
3864,1042
166,927
2143,2299
3206,1796
3705,231
4957,2633
4716,1258
3241,1036
1984,707
2132,605
3649,272
1193,2837
3263,236
38,2031
1294,2889
4223,2264
3961,2264
2853,2058
573,877
507,2509
5245,417
1637,784
2867,421
3455,1345
1989,677
2369,144
1069,677
2127,1550
1454,518
278,2807
471,758
2062,374
3266,1042
160,307
729,2679
982,681
5715,2409
5431,2650
596,3089
3354,108
5042,1377
1757,677
4938,2717
1378,92
4172,740
810,574
244,1883
908,1109
1321,1278
4831,376
1455,1278
2253,1258
3779,1977
5911,1008
1161,2494
3816,2798
4408,458
3554,2798
5693,556
2547,2644
1859,3024
90,2355
862,1114
103,308
5490,1136
5364,2717
4340,2394
798,2792
1079,590
3281,2989
1726,1340
234,1703
3849,63
4403,1403
4996,1917
5414,2430
988,822
5028,674
5938,895
1065,1042
1583,1971
3732,417
627,816
1092,421
1606,3086
4598,2029
2805,966
2447,1258
4725,1804
986,934
2713,1377
3563,1547
3014,1490
3747,1075
1171,1064
4221,177
76,2783
4016,1465
1516,2038
2703,1039
1144,180
4344,18
4889,1804
4906,1219
1239,417
3297,2717
5914,2729
4311,1009
2819,1372
4376,2158
1838,2439
5935,573
3839,1953
5015,573
5398,2031
2533,1917
432,2953
4436,896
2961,674
812,730
4208,480
5663,2487
5420,2729
1041,967
4009,2522
1803,1290
1872,895
2596,926
2033,1752
2365,239
1687,1115
3318,1850
2660,1850
1896,700
2328,1111
1748,2522
239,1218
595,99
1044,2177
4053,727
4490,1482
3332,967
4271,2118
2540,1933
3751,2082
2562,2
502,1039
5464,2627
4332,1081
826,1136
4243,1009
564,1136
676,1377
2116,824
3656,2195
5896,1503
3394,2195
1792,700
3528,2195
4638,1538
3951,3052
5746,2498
701,3127
601,1957
2079,1696
3533,849
5751,2842
4725,194
2939,110
669,1337
3606,573
791,3020
2849,1348
3972,896
5899,461
5405,892
1060,2656
2132,1707
931,556
4876,1302
2537,480
1232,3113
5630,421
900,2374
1700,2989
4714,1883
4002,1677
2580,527
486,290
2862,1179
4410,2411
4762,1550
1522,3067
758,1917
3349,2960
5183,1580
2308,778
1759,2256
3565,1272
2075,18
4564,784
3659,2627
3984,2195
4897,2125
862,927
1285,1030
5050,677
2870,1420
1679,957
3933,163
4788,677
4392,677
5055,1021
3433,1503
5362,1703
43,1009
5385,374
2331,738
4516,1093
548,363
4254,1093
2862,374
3342,1765
2803,3177
989,1799
2847,1005
42,1696
73,1009
469,1009
4770,3080
207,1009
507,712
5163,2782
5592,421
2171,614
2939,1883
2677,1883
43,204
4625,2325
4423,2376
1933,2139
2191,677
2647,1482
1074,1883
678,1883
5545,201
770,2411
4260,1796
388,1528
4646,519
5932,2717
3616,2633
5586,2080
3375,1258
842,1883
899,3171
2215,108
2872,2889
3451,1253
4497,1335
5090,1849
2499,806
3068,734
915,1580
160,738
22,2494
3525,421
1078,820
2012,1627
5374,2547
2060,1109
5007,1033
1134,1883
476,1883
460,2878
85,1503
580,1482
4418,1577
3941,2177
2707,2798
3556,1023
2632,2624
4937,829
2394,1520
2079,2448
3713,2700
3405,2547
2543,862
1751,1828
3573,1377
2597,2788
5490,1917
1180,2012
4800,1470
4850,833
5935,1809
4756,417
3369,42
5406,1465
605,734
2501,986
1150,268
3922,1911
1327,1658
933,41
3603,1377
5038,480
3016,1809
942,1258
3657,1613
4202,1147
3725,27
996,740
72,2341
707,637
1154,2080
5259,75
3596,556
3971,433
5609,1393
2744,1279
4277,1671
3504,967
3337,2547
4080,376
4838,957
3151,290
792,2788
2151,1115
1580,2080
1819,376
2215,376
4417,146
979,2614
2500,2989
4155,146
724,2095
2568,1403
498,1752
2998,987
2239,181
1060,2953
926,509
4668,896
948,268
1416,144
2555,417
1554,1017
3443,290
4620,855
2971,480
4855,1661
132,2341
1214,2080
1587,376
2912,839
3698,1748
3453,1917
4222,967
1825,2419
2907,2158
5741,707
808,1577
1551,1850
1945,1023
5914,2355
2833,896
2488,3113
5303,1420
3558,1337
1378,2080
5915,2176
3365,1696
717,119
3588,1179
317,2629
5587,2118
867,63
4239,1671
1484,1917
5598,964
367,1403
4617,2031
5627,204
3192,2118
666,1470
3021,1482
1536,572
3785,188
488,417
4593,856
1754,2717
3681,1528
1093,2
5876,127
2768,1009
5514,677
5517,194
3172,2590
2392,1661
4897,2206
862,1008
4172,984
811,1420
1563,1055
489,1177
5817,836
3812,1580
1216,193
2014,173
918,1290
3545,1990
3588,374
2175,1030
3806,1765
5322,1796
1249,1804
5525,435
5738,1482
4031,1883
5213,2792
4836,2842
27,1496
5347,2792
3383,127
2824,163
1394,2158
1067,1009
5537,2889
3021,677
2367,2139
2434,1671
1868,2980
4789,1683
2467,1030
5423,508
309,778
2499,753
4061,1883
4195,1883
1369,1697
963,1009
5476,519
5178,862
3712,194
1139,2174
5215,1683
607,2313
3131,2134
3943,2012
4609,1873
3782,374
2185,2633
220,1086
2269,1580
4225,1883
632,1030
2991,2504
5208,862
4019,2946
158,1147
5096,2341
5166,3080
2945,816
4105,1185
3143,2494
5335,822
374,2842
2186,1703
1929,2047
2393,461
4385,421
2427,1765
4545,144
5854,3080
1598,1883
2780,2792
4805,2700
4822,2115
3418,2325
5620,2095
3197,3080
2715,862
869,727
5783,1335
4062,1838
2777,2679
3443,1042
3508,1437
3888,904
3735,2382
2592,647
3717,1022
267,2729
1762,1883
5263,895
2419,1658
3771,1258
3239,1397
4987,2717
1580,1088
2409,2633
3906,2614
4324,3127
2359,826
4511,2953
4530,3003
4645,2953
4533,268
4338,1490
2939,2798
4842,1023
5346,556
5858,2394
715,236
4555,966
5427,895
2233,313
1178,677
3721,740
648,2397
5921,1403
3764,63
1641,3003
2262,3121
3931,176
5810,259
4574,2497
4389,2717
5390,3056
233,2690
895,1119
263,2340
2656,2644
1823,391
1718,2095
606,2679
2598,2639
3943,536
4065,1465
797,180
3711,2630
3291,1290
2885,602
3446,3113
4437,290
4516,1337
5567,1009
3105,376
2050,740
2074,2080
4598,1147
2447,376
4909,1039
4857,849
3933,1696
5526,2139
751,2629
469,1253
2913,556
1471,474
1768,2158
689,2690
5856,738
5859,1009
1941,2086
2232,572
2590,1219
3868,2590
1230,1701
1149,581
2121,1680
3072,2656
3022,849
4807,2960
4119,896
5681,1272
560,1125
3891,480
3896,824
1869,1809
2251,1911
1595,2738
4025,480
2736,1394
4209,3041
1159,895
2632,290
2406,2953
3705,2195
7,2080
5017,2396
355,319
3954,2118
2033,1809
4607,1185
3132,963
537,3184
5394,2504
4188,1009
793,895
1340,1064
1742,290
37,2080
5696,2842
4646,2052
2410,1917
4146,194
218,1337
309,2953
459,268
3521,896
5479,1272
597,1141
5177,2627
5261,820
5008,374
3891,614
2525,527
2702,1917
553,1219
3915,2139
2411,1179
4307,677
1089,1953
2901,814
903,2729
1223,1953
4105,1482
3019,1035
777,146
5423,939
89,1465
4169,1093
2381,374
108,926
4805,2997
1018,1147
4106,744
2693,1400
666,2385
2132,609
4348,277
3704,2427
3971,327
886,2159
471,1917
987,2965
725,2965
2532,1482
3075,2633
4608,2079
945,2739
4219,806
862,984
5700,816
5115,1883
2670,2355
4850,2366
5507,421
5634,2448
5930,1278
4648,2417
3971,677
5421,2340
4361,108
5259,1258
1380,573
5908,1115
1844,677
3323,1580
1824,964
4964,3003
2794,1990
2046,784
5289,1258
4191,986
2105,1364
1878,2139
3269,2633
4069,996
4645,2095
3533,2679
3659,2818
140,194
5460,1490
5682,371
1936,2494
845,1703
2357,272
321,1703
696,1580
2191,734
2399,1437
152,204
1339,1457
2786,1883
518,527
2958,3121
2562,677
886,2643
60,615
5440,2716
4385,3080
3055,21
2038,677
1458,2842
3481,2115
1583,1036
2796,1258
4914,391
5483,319
1061,173
1909,1960
4490,63
5381,2486
652,877
5919,849
4453,181
1698,2679
4733,2450
588,892
2498,1042
5445,966
3524,3101
4878,330
508,374
1299,1627
5645,2717
4979,2856
1536,816
4903,2080
3931,2701
4065,2701
3715,602
69,677
3104,448
4582,187
4738,700
2375,2490
2444,2095
5143,1917
934,2818
1612,2504
404,374
5032,2086
5937,2717
1501,421
5387,1496
585,1883
4191,2409
5268,1804
4163,1115
2633,2906
3278,1890
2581,272
4659,1696
4597,818
989,1185
2623,3127
3442,1732
4703,1244
2531,1848
4943,2394
586,391
4762,1070
3597,330
2241,1520
2676,1448
100,1437
5632,926
3651,2256
4983,480
263,677
698,605
1468,2701
31,519
3921,3056
1932,1115
3833,957
2281,2989
5149,2620
3695,1023
3674,146
835,1253
3486,849
4436,2189
5814,758
4043,1706
144,1335
5462,1804
4321,896
343,2484
5147,480
4106,1496
4942,1014
3770,1547
2608,1290
2386,2409
341,2788
2096,1115
3705,1337
1905,1547
2963,700
5593,2637
1267,2953
1606,2419
4426,1070
4836,187
1218,967
5695,820
1268,330
1001,740
1105,2029
2622,1696
2653,1009
3794,1917
163,3024
5268,194
2095,2179
1684,1147
4984,435
1057,268
60,2522
3613,4
5552,892
1078,556
2778,896
4679,738
7,417
523,1465
1834,2030
1307,1547
873,2783
2652,1696
1848,1147
5583,363
1324,1901
921,2450
3904,2031
1674,967
3031,2631
5023,2591
4393,2195
4711,784
1621,2272
246,2
1206,2030
2968,1528
1482,1147
4147,2139
4995,1482
4305,1035
4379,984
4489,2842
5452,2889
5837,2700
5125,2494
3392,1482
3039,2118
1277,2620
1676,639
4415,1580
3016,2134
5915,1078
3485,892
4797,1093
5277,2484
2560,1302
5227,677
1211,1219
3714,1883
229,2815
313,1008
2665,1503
5027,2494
624,2590
1749,2965
911,2620
4230,2150
2100,2256
1595,2498
2338,327
5089,1093
5094,1437
5223,1093
4827,1093
1913,2780
1977,2041
4712,1520
5159,519
3087,41
2603,1914
2470,2324
4030,1873
3727,374
5258,1437
3551,1838
2849,2320
338,1014
4300,421
1079,2180
5024,452
3749,1072
3687,194
4198,144
4941,417
5323,519
3160,677
5935,2029
1513,1883
1838,1451
2232,816
5859,1253
4310,2802
784,3171
5280,822
5424,2264
4592,421
758,2889
4065,904
1546,2181
3447,2023
3803,1658
3982,3121
100,445
138,737
2603,1109
3686,1258
5651,1115
814,727
5389,1115
628,1503
5807,1628
989,1482
1804,877
1938,877
5739,181
5148,1403
2722,2679
5578,987
1264,374
2451,1627
5445,1397
80,2802
5135,417
436,1683
5487,2562
2656,1278
1355,3121
3148,1740
4244,1377
2910,3080
1093,677
5871,458
2354,2633
1299,2997
12,574
4429,376
3940,1151
5836,1403
4879,3056
3483,3127
825,862
5919,2569
2961,2264
3692,1022
5280,367
1646,1765
5892,1685
4937,967
1294,3003
3909,2188
2147,2690
5540,2923
633,1042
3971,1376
4286,448
5898,187
3574,1151
5945,1696
4909,3056
5549,1696
1581,966
1223,1258
1261,1550
2840,2095
4349,1147
5054,2656
5845,1465
1872,391
4198,1917
5181,896
5873,480
5637,1701
1153,677
1027,2258
3592,2080
4062,2029
1515,1258
2850,2409
2745,895
2800,602
1831,740
3837,2850
4513,1147
2276,1356
581,3080
2694,1115
2362,376
1042,1977
1465,2080
1865,2953
5024,1070
1509,1628
1813,319
2720,1023
5646,824
2067,2121
5130,1496
4498,2717
1234,3086
2736,967
3830,2029
177,1125
1999,674
2656,2701
4108,1219
3724,290
3060,1064
3564,3041
4140,1696
523,2701
1149,1443
1206,1977
2066,2835
3403,1403
3420,818
4604,2554
4466,2620
2265,1732
5202,968
5241,896
2723,2583
128,78
1007,986
2163,674
4016,290
690,2999
3549,824
443,2341
3017,1717
4586,820
2273,1973
3976,110
5734,2118
2802,782
842,2989
1341,458
1513,1696
2294,1507
1251,1696
3481,1070
3259,2189
354,956
3382,310
505,1125
3061,3113
5571,784
1612,2614
4933,527
2066,2030
3300,3129
2950,1030
4273,1420
1134,2989
3682,952
127,2835
4807,573
4078,363
4909,291
4605,2509
3826,327
3003,1014
4607,892
1532,2
2533,2031
5042,820
2230,2030
4305,527
2054,1804
1605,480
2033,927
3907,1420
5825,677
4063,1179
3022,2195
3882,3053
4992,2396
733,3180
1707,1696
2440,527
5074,2206
4468,2396
459,2419
2723,3067
5034,2807
1701,1127
4020,1482
2695,2739
4286,2355
467,967
902,895
303,2256
4028,784
5414,934
5257,2448
1446,204
4517,194
4038,2411
5521,2494
5127,877
4884,1119
930,849
4677,1580
3013,173
3532,738
4325,374
1799,480
3101,1683
1594,1014
5615,816
4281,1765
3025,2627
4506,1883
1175,1030
2713,820
4547,194
5751,862
1797,784
4080,1482
415,753
2111,1883
349,2385
1407,1538
5901,806
1819,1482
1862,2118
2869,1683
4144,1093
5701,1125
2693,1457
2356,374
693,855
3353,1503
780,2729
3056,2448
169,2575
403,527
4178,862
5177,2818
572,2965
947,2842
1587,1482
2872,1580
3295,1683
3670,806
5221,1023
4040,1278
3353,2792
4972,1258
4758,740
5621,1115
5289,376
5891,2696
5918,1109
3216,2679
2,2411
5306,730
1613,2679
1217,2679
107,892
2724,904
5845,2701
4632,227
3238,1125
1872,1627
3759,2325
2245,677
2033,2484
4146,519
732,1883
5255,2835
4217,2614
1495,1088
43,318
3811,1926
5423,2419
2083,1258
335,1658
2121,1550
2953,1114
4918,217
3230,1422
2918,2059
3104,2249
5261,556
1302,2386
1324,2145
1119,2679
826,1868
869,2504
1330,647
1810,2038
3928,417
762,1883
4509,2614
4879,1393
4297,1977
238,1883
4725,926
14,677
1915,519
3062,3127
5632,849
5484,1917
1456,1109
4541,243
4890,1151
3885,1070
5264,49
2721,740
2459,740
2557,2029
4797,1337
1139,2341
3252,376
4373,1009
4068,181
5229,967
5408,2430
5735,573
1972,63
1717,1042
2863,42
3755,3067
3547,674
1320,817
556,421
3760,967
3458,602
3363,1496
1565,2341
3127,2717
4588,3041
1913,3024
1341,2044
2965,1608
3827,849
1810,2522
4115,727
4674,2411
851,904
4333,2118
2472,2614
4084,2353
5476,820
830,966
434,966
1494,946
2488,1804
2115,1064
3202,1147
1072,1253
812,2080
5351,2811
810,1253
211,2614
4521,75
3645,2656
2917,1917
3199,849
3383,2656
2727,1039
838,268
2863,2620
3424,967
4442,2411
4716,1482
3752,1964
1596,849
3132,2256
3951,3113
4125,1014
2041,1465
5376,1528
790,1917
1257,602
2914,1804
305,155
2879,2749
1645,1650
1272,910
1896,2989
4064,1677
2685,1917
4428,2139
1057,2419
3027,2620
3629,968
341,751
5260,1703
4190,1035
1335,2363
4986,188
4320,327
1023,556
2841,363
4706,1302
1366,895
3176,3093
2577,290
4888,784
5464,1883
2859,942
1121,2030
4046,2195
5202,1883
3409,820
919,2835
2841,1302
2500,1009
2357,3175
4435,435
2754,2811
1699,3175
1990,1661
791,1337
4643,1138
3301,2980
1716,146
754,1455
2631,1465
7,474
4582,862
62,181
2004,778
4654,738
5915,1940
3349,927
1327,2256
3670,753
5597,318
3133,1302
4390,1042
3380,1179
4,1115
42,818
3333,2272
1824,968
36,249
4709,1734
3964,1580
5396,1883
2199,1030
877,1804
3659,1883
4770,108
2697,2411
2064,1744
1941,2842
3460,892
5593,2023
1393,758
1929,738
5582,144
2722,374
2958,3125
700,1703
3427,1883
3396,318
3165,1883
663,2575
897,527
2143,697
5436,1258
5618,740
3075,677
5752,740
2861,2411
371,2174
3387,1703
2382,2376
2659,964
2473,1740
2211,1740
4472,2679
2741,2494
136,964
4255,1109
1029,1770
3871,180
887,374
5548,2788
5005,1048
4956,2095
2380,2838
2385,738
1927,1580
1732,2802
4941,474
2544,236
3369,319
463,204
3842,539
5050,417
5098,1397
2274,2038
3270,313
4230,2341
1360,1883
5842,2080
2275,2448
2877,1550
3235,1258
4835,1926
4857,2439
4832,1628
3598,2249
3283,3177
5372,818
3732,3003
5105,474
3661,319
2933,2798
2735,1093
5837,2086
5553,2327
4684,417
5718,2394
2171,2448
5939,1050
1386,421
4600,2409
5245,1393
474,1093
1169,194
3939,448
5518,993
3030,637
3534,2614
249,1914
5598,1696
4459,2177
2707,1115
570,2494
1284,1083
2841,1115
4529,664
4608,957
1027,2181
5662,2620
1540,2177
3696,848
5248,1290
4743,1532
4397,895
4113,1136
3803,910
632,1278
3641,2080
1749,2701
1350,740
2164,1253
5426,249
4044,218
3392,63
1385,734
466,2679
5483,2
1245,2417
173,1114
111,236
3693,2620
4309,674
5690,480
5695,824
115,1109
523,180
4313,1547
3745,2029
1064,504
1195,987
343,744
3846,2835
5293,1009
866,519
2579,1064
1882,1890
3800,1147
2735,1577
1618,2783
3397,1696
5558,1465
2495,3056
4680,967
5485,2118
4022,967
4548,259
2540,1486
2917,1998
413,1109
430,1278
648,417
3726,824
4065,290
2444,2717
988,2737
3247,3041
1702,2080
5931,1831
4965,1486
1276,925
623,2989
480,991
4924,896
5411,1014
2923,69
5197,681
1635,1393
594,2409
4190,527
623,895
3195,1696
2266,2953
2004,2953
5856,2946
1995,1147
4039,1297
129,2989
2650,849
5525,181
5294,964
5,2953
3482,3042
1980,2717
4597,2729
5871,194
1468,290
3063,614
4898,2842
35,2953
1019,1403
1158,249
2478,2031
644,967
375,2240
3321,1030
1737,1804
1288,480
5374,677
142,2419
954,2297
5107,1272
3307,1482
1576,1297
4217,1703
4075,307
5934,677
851,1014
4287,1883
3053,784
5464,2448
1585,1009
5287,277
5915,1566
4829,1119
474,2195
4414,877
4509,1703
1427,3052
1728,2980
4756,1580
2264,2960
4494,1580
3771,1185
309,3067
552,573
5340,1042
4008,374
2361,1580
1870,1528
2524,820
4198,1437
5839,2860
462,1030
1219,1009
4015,2484
3848,92
30,3093
5300,862
4568,2633
1614,784
2056,1883
1932,127
2971,2448
3631,2494
5420,2095
5776,1730
5487,1627
5203,1868
5361,2454
2119,892
2162,1528
3746,2417
5275,2121
5562,1397
4113,144
3664,2792
2874,421
2703,539
5380,602
4762,1721
3239,519
2844,1683
5571,1109
1887,892
3669,1042
2203,374
1807,374
3827,2382
3310,1109
161,1990
1988,1883
5806,602
2540,144
1280,1796
1806,1088
2597,2341
651,1036
2132,2012
4040,1335
1985,272
4593,730
2055,1765
5042,556
3935,2450
2708,78
1574,903
5178,602
1974,1022
4209,740
1666,677
4441,2029
5640,2353
2290,1258
3258,895
2014,3080
2210,740
4505,2953
3390,822
2994,822
878,826
1041,1756
5738,417
817,2802
3088,2177
44,600
226,1580
1840,2900
5510,967
3347,1125
5815,1014
4850,2614
4139,2788
1030,816
4793,2080
3846,1977
4470,1804
2130,380
4931,2953
1032,862
1887,1376
452,21
3318,2989
3886,63
1981,1977
118,1838
2034,1022
2910,2413
4293,572
5303,2717
842,2054
5625,2179
2354,1377
3145,1125
4882,2256
1880,181
4588,1809
3084,849
5307,1496
1303,1109
2540,1917
327,268
5948,738
4530,1804
3482,895
2222,2547
3072,2717
2330,2080
5422,2385
4997,1455
4055,1696
5710,573
331,2080
1036,1115
4030,885
2531,1023
5079,2396
3510,849
3152,1141
5337,742
20,3127
2570,1917
2608,2209
1782,181
5489,1513
1440,417
908,556
5457,2729
5586,2385
2308,2856
5555,820
3543,1147
3682,2245
2188,1973
4862,75
1558,1577
5216,573
1372,2353
5362,2842
3540,849
4186,435
1003,1732
4375,896
5476,877
393,1022
676,556
2663,172
285,2620
505,674
1768,259
2535,926
3249,269
4223,2195
1891,824
5797,1642
525,2080
4821,3053
1295,12
2183,474
2281,1009
4014,2960
3229,933
2289,1809
711,2620
3684,1513
614,967
2510,1219
552,1809
1942,1701
629,2029
5042,369
4584,2709
88,2614
5556,590
1614,1081
1686,957
366,1804
4000,968
383,1973
4185,2411
5374,2047
4973,1703
565,1455
415,1696
3794,2031
4117,964
4831,307
4065,2494
2816,363
4075,738
4159,2129
1065,2717
5311,1883
4922,610
5438,1658
2213,1009
4167,677
2178,2708
1154,2385
2654,1883
5646,1580
3168,2104
2163,2585
3242,363
1199,3067
2531,1291
2362,1482
4650,272
2105,2580
1088,984
5288,3003
2626,1528
5341,1883
5848,1125
2899,374
512,824
2516,2299
3342,1883
5513,2340
2884,1005
3599,2448
4587,862
3592,2031
950,1400
926,814
2514,2411
3331,2633
2223,2427
2906,1703
4890,82
5167,2080
3143,892
119,2411
2270,738
486,892
3528,1642
3891,2448
319,2472
5737,139
5119,1258
810,989
4289,2494
2343,435
2379,92
1376,1400
5937,2644
400,2811
1926,1278
4475,2095
5335,2953
366,194
423,1482
4910,2023
283,2411
5780,1125
852,3093
3804,1109
254,892
660,2334
3122,2243
1141,1883
430,2811
617,1883
1342,826
2448,2679
1528,2679
5413,2620
69,738
2254,1093
5072,2327
650,2181
600,374
2231,1109
5099,740
1327,1642
1094,882
1125,195
3807,602
3631,376
5401,1455
1457,1873
3747,1490
3592,421
2418,1093
2163,2264
3579,1125
5871,1377
4554,243
3872,1377
4178,895
4290,1136
3230,1910
1788,1828
4312,895
4651,1115
3701,1495
4738,2989
1682,2341
228,744
5543,1696
2965,1612
93,519
2264,1915
2849,2568
4664,946
5803,1219
5462,926
2532,417
4813,480
520,744
2913,1048
3224,910
2639,1977
3009,756
4845,957
2816,1115
1191,2080
4108,849
1823,78
1613,268
4372,895
5845,290
3804,1377
2300,417
194,1109
4977,480
3277,2614
3700,2717
1823,1017
3149,2614
2507,895
1015,1258
4064,1681
5246,2590
1617,2080
2458,2696
959,2080
1800,2696
2447,63
2440,3056
36,119
189,1115
4629,1086
249,2105
3919,926
5402,1009
2067,946
1451,448
2999,926
3713,269
1397,1151
5591,127
2382,957
2879,1009
1036,391
5289,1482
430,1335
5803,1703
2921,2174
3017,2636
4175,2959
5949,1528
3966,2031
5518,2473
2102,2256
2833,1014
5892,1933
749,1465
1869,1496
3061,3093
172,895
5307,2411
42,822
2516,2246
5675,363
3369,1933
4246,2960
610,1279
3363,2118
1279,2569
1899,1496
3561,3042
5815,3002
3194,1528
4405,1677
3661,1933
1324,218
4576,2498
2380,2708
2017,2656
568,1403
4410,2960
2877,1070
5203,2596
1161,1917
5170,204
2270,1035
1585,932
5805,1883
1044,2271
1390,464
3305,204
5335,2900
25,602
1795,1681
2707,2729
4073,2227
5250,2792
5122,2792
3544,1883
3962,2396
5082,2427
1267,249
3309,2016
3374,2411
320,146
2288,1964
743,1003
2215,173
2638,1030
4981,1971
4993,1042
5483,677
510,2872
4293,816
3603,369
2340,2504
4864,2325
1519,820
817,1302
3835,1658
4093,4
5215,862
3501,92
2757,2792
1979,1744
5308,272
1070,435
5335,2095
5748,2264
5364,1335
95,2256
5513,677
1772,892
3236,733
4000,1883
3738,1883
1114,892
4290,144
4436,2413
2877,1554
2555,1503
5337,3080
43,753
2001,1883
120,973
1744,2227
4385,2633
1930,3171
5426,119
1855,2997
480,727
1256,194
3314,2494
5311,2798
404,1671
3339,272
173,984
2893,1683
3073,2782
136,1102
3935,2023
3152,1385
4320,144
3588,1915
3813,313
1769,1883
5912,2614
2703,2690
2689,2792
2288,2448
2381,195
4046,2012
4252,2080
28,229
1215,1482
4069,3127
1894,1770
1799,1883
352,1457
1728,3171
5355,602
5919,2630
1536,1658
3890,2788
5227,1356
789,677
4420,2953
263,2324
5738,1279
455,2494
1668,272
5447,1480
2866,1125
5202,895
5935,480
4658,2717
3892,740
5628,2989
4050,2080
502,2690
5806,1009
5181,957
3018,1115
3906,1577
5284,146
5915,952
2002,3127
1334,2439
2375,2177
4290,1917
4028,227
5628,895
5848,3113
4288,2029
5738,474
1973,2547
2319,740
3659,2989
2081,2080
4502,268
2819,1063
4949,957
5310,2656
2192,376
3307,63
1765,2783
3441,817
4320,1917
5920,2585
1171,2044
902,1627
2375,1022
4004,2620
1669,42
1084,1109
2524,556
1982,2259
4318,2029
3585,946
3659,895
4841,1804
989,1222
767,2341
5681,2195
2699,1496
3518,2353
1983,2080
2420,2835
1995,1151
3165,2989
3970,1696
4484,1917
1127,2095
4200,2158
5936,435
817,1115
2708,269
4375,2913
4435,2964
2155,2537
3065,2758
3354,417
3187,2189
5088,2031
2035,2620
3384,259
4638,290
3898,480
3903,824
4364,1219
3266,1701
4579,3093
2619,1890
2755,2717
3374,480
4589,1337
5372,2729
1280,243
3382,2815
1087,602
598,1377
3939,1420
563,1356
4997,573
1592,2989
5826,2118
148,2080
3744,952
4186,1297
4988,2739
4965,1035
2819,608
4500,706
4536,363
4880,173
1803,2620
3632,896
954,1362
5442,3067
2348,3093
440,2080
118,2029
4908,127
2473,2041
3015,146
3954,1297
1129,3056
1538,1009
5815,2494
3475,1070
4631,758
1066,1953
3924,896
3156,2256
1153,417
5432,1975
4198,2596
791,967
2041,290
2232,824
2175,290
4666,1883
5480,2396
3680,2606
4786,2739
3168,1677
3211,3067
5845,2494
3937,727
4112,1482
43,700
920,973
4364,1703
4772,1528
342,2430
1187,2256
3759,3057
2365,1703
5097,2227
558,1496
2418,1337
5645,1278
4344,677
3294,2139
4082,677
3502,2842
411,2385
800,1968
4258,2596
1114,3067
1649,193
2657,1703
3851,1683
2498,892
5910,421
5920,1109
2632,892
5937,1278
1663,1030
3151,1457
3309,2797
5121,1658
5034,2413
3676,1278
2105,1348
4608,1258
246,1917
1851,677
1899,2411
1911,1482
4230,1837
959,1035
5282,421
3712,1093
4588,2484
4627,1658
4006,816
2162,3171
4736,2355
381,1179
4209,2838
1984,2118
3672,2633
3548,877
2185,1088
3387,1683
5630,730
3895,1335
2434,1765
2397,1883
3211,2396
1559,2504
2949,144
398,1883
1991,2134
344,2586
1032,2960
5280,2953
1973,2494
4187,1335
2444,2079
4906,268
2067,2129
1100,2340
2321,3177
1485,461
2634,1422
1638,1457
2128,2782
4198,181
199,892
1585,1042
1306,1627
5568,2080
5511,1546
4225,1977
319,435
4536,1115
8,1482
4175,1109
2091,1560
904,307
5353,556
143,2838
444,2012
363,892
2001,2798
4452,3080
4416,417
4020,417
1835,816
4156,1998
5140,448
4290,1998
2885,1017
404,2586
72,1093
2601,1258
375,313
143,744
220,964
2219,2095
5292,2158
5264,110
5170,448
5712,2717
364,1093
255,369
329,318
3085,674
5043,1804
2947,740
1028,1258
4424,1008
370,1258
4212,2815
4093,1403
4852,1455
5717,967
5896,2430
1322,2644
4080,417
4997,1809
5907,2030
5210,2856
1872,78
1175,904
5159,824
5207,1804
2215,417
4418,3041
4187,664
3624,1490
2177,1064
3161,268
5857,573
2782,1403
1012,2953
3882,967
772,1022
3907,2717
4927,824
1587,417
4660,480
3595,910
2237,1465
3357,1496
2161,2409
2056,895
232,519
5538,1917
3747,1681
2391,2871
116,2788
1871,1115
1300,2080
5359,2174
1038,2080
531,2249
2535,1280
3620,2256
1872,2656
4131,2960
404,1915
932,1280
1567,330
3206,926
1802,1136
1048,674
4477,2816
5255,1420
1676,2717
595,1860
655,1911
2422,63
2506,700
3418,1748
3905,146
2132,2179
2461,957
3749,3016
2352,1953
1667,1850
4972,1482
4342,1086
5372,2355
2297,1465
5055,204
3016,2118
1811,259
1945,259
694,1465
1578,2717
4215,163
3046,1179
5207,194
743,3020
5357,892
2356,1671
2522,2872
4449,1683
414,2737
4225,2729
467,1809
1293,1393
2891,2180
4513,163
1230,290
877,926
4972,677
572,290
1284,2970
4966,862
2004,3067
3372,948
3788,2324
2771,1482
3922,826
28,3051
5441,374
4190,1580
5659,1765
4766,2679
94,2358
3442,374
2652,1009
4968,1093
969,1804
2978,1179
756,1696
787,1009
391,1009
2760,3171
4904,519
4735,1272
4770,1219
663,2636
3056,2940
2679,738
817,70
2417,738
741,1014
4414,1796
5563,313
336,3180
2285,2504
4934,519
3036,194
2616,574
4171,2977
5797,2614
2077,2740
3401,2012
4201,2627
2833,2494
2437,2494
1009,2118
3903,718
3636,374
3751,1078
27,2960
2498,1457
3683,1883
1611,1405
664,1302
1684,1883
3501,1088
266,2195
1701,1298
5729,2079
821,3171
186,1677
1335,948
3690,960
2153,1580
5484,181
4773,1109
1891,1580
872,2355
2071,2679
3846,2412
5642,740
1743,369
5612,2029
2372,2792
5938,2953
3799,1253
5117,2989
3957,2593
1515,892
1028,2494
3827,268
1237,2079
5158,519
5827,1809
1220,1883
1351,2366
1363,1437
967,1437
1411,3171
3491,1258
5310,1290
3293,519
4031,448
3857,2547
2649,417
5690,1696
2803,1823
1760,2012
220,1395
3931,217
5025,2999
5336,417
5857,1809
2572,1109
1734,1730
4268,2239
4643,1362
5383,1926
1556,3121
2989,1397
3333,1207
4099,740
463,749
1160,677
3995,2080
5454,1577
3411,2029
3550,3127
3283,2783
2531,1458
1132,2012
3406,2624
4421,1141
2454,2177
1447,2023
4401,674
1586,3121
5177,895
3105,417
4056,639
5308,3041
0,816
2140,674
4993,2656
2111,3127
5655,1809
1042,2095
5061,1070
460,2679
3156,2984
4211,2620
4114,967
2010,42
5518,2477
1796,1022
2603,556
2207,556
1909,899
5186,957
1903,330
2266,1136
2605,602
2400,1136
4241,1681
4862,1799
3628,700
1928,2080
3712,1337
1723,2614
1270,2080
2041,1957
3519,1696
3187,957
4259,1506
5717,1532
3090,243
1032,1915
1123,1279
3411,69
5713,1009
4030,1804
5203,1661
2042,2717
5949,3171
5387,435
1082,1628
2534,146
2849,3190
1150,1008
1936,1917
4216,3098
3333,536
4260,926
4232,3042
310,967
2739,3180
2723,957
5262,1086
3968,902
5564,862
4862,1344
2730,3067
4965,2031
3179,2139
5550,964
870,28
3211,896
5883,615
1659,2174
2722,1671
5406,461
4848,2385
4421,820
1514,480
2653,753
4169,784
4767,2396
2864,973
4500,2052
2392,1917
955,2179
3825,193
5530,877
3977,964
329,2656
2984,2960
3075,2324
3267,2494
1725,1050
4812,1765
2138,1219
887,1671
1031,3113
3846,1420
2961,2195
4174,2417
4117,1883
5886,108
2422,1917
1756,1302
4027,677
1451,1420
5427,2977
50,1147
623,2729
4601,1703
2359,814
4764,2633
5533,1683
4473,1703
3776,277
5302,996
2764,2031
4340,2305
2131,2118
4314,892
52,2913
993,727
778,573
220,2497
2652,2729
3980,2709
3,927
992,2195
1331,1661
4291,2012
827,3067
3857,2494
5519,822
808,573
4328,2079
2504,1703
685,1671
2531,2560
1191,2031
1910,964
210,3098
2083,892
1338,738
4115,1971
5056,539
3662,1437
2745,1765
3004,713
829,1800
5765,2167
3602,2325
3892,2838
1564,677
4606,2181
660,1964
870,2740
2420,2355
1678,964
3290,1457
1230,2494
3499,1042
4631,144
3798,1109
2476,1883
2734,421
5590,2701
5194,2701
3721,862
4929,740
4314,1376
477,1883
3123,2633
2352,1258
5127,2418
1656,2494
1260,2494
2459,2818
1327,1272
1000,877
437,1703
2004,3177
5751,1464
4378,987
5176,967
2502,421
4312,2619
5009,2547
597,3089
4697,740
1555,2038
4544,3127
5693,146
2356,976
3911,181
3596,1109
4749,1280
3617,1397
1986,2382
4331,740
1034,2689
2546,1258
5023,2953
2728,740
887,195
1654,862
2232,2788
1146,2341
2758,2080
5853,2656
5125,1917
1871,2782
5071,2620
1714,2798
3528,951
4710,2614
5322,926
1607,642
3871,1290
5413,290
1782,1397
1508,3080
385,1088
2630,740
1872,1290
4434,1403
4117,1696
459,2700
5571,849
5027,1917
1677,822
1028,376
1754,1042
2143,63
527,2080
4577,2620
3493,556
4981,983
3401,967
3060,674
3535,967
4211,18
4232,895
2972,2547
4362,187
800,899
5705,1953
2818,2080
2849,1393
4101,3041
5643,2041
2587,1393
703,966
2625,1685
3060,1613
4080,474
1707,822
1390,1115
4198,1661
1739,2989
5400,2256
5770,1035
2893,1850
312,2249
3206,849
2022,833
583,268
1154,1023
4920,1804
397,1017
867,966
1823,2286
3072,1973
933,2717
1041,1496
382,2614
3558,146
5691,2031
3296,2620
2542,2158
3595,967
463,2953
38,2023
4467,896
2531,279
4296,1014
1371,849
3358,2717
4065,327
1373,895
5734,573
5875,1744
3067,2918
367,1151
546,2614
3168,2970
2111,1009
4203,2139
889,2953
1293,1316
4395,3063
4665,480
398,1403
5272,892
4301,2647
4736,2575
4399,738
4738,204
4795,738
2105,413
2666,480
1495,3113
4924,2811
1687,839
326,2439
4753,677
1979,2179
3765,573
143,480
4210,435
3241,573
111,1696
2981,3093
5089,784
5586,836
1685,2082
3526,2627
496,2
1598,1147
2475,1420
1513,2729
3822,2396
4066,1036
4717,2494
4321,2494
997,2620
4729,2319
2180,2411
5482,82
5616,836
1562,1086
3133,1770
5815,2177
1295,1496
3671,2385
1205,290
809,290
3699,1400
2723,2811
4940,2889
2519,1503
2166,2139
4081,2633
2880,1482
116,2174
2884,2355
2256,2032
4479,2679
2839,892
3751,1940
2853,790
1161,2031
2266,1030
2417,2889
4597,2900
5170,318
3635,1765
2953,1179
1707,2729
4252,421
5456,1089
2949,1437
5473,1258
5,1030
2228,1677
3358,2396
3074,2637
5008,2619
5211,1258
5044,2838
2716,677
5739,1377
2427,574
3696,1637
2778,2494
2516,2494
4768,1627
5031,509
2001,2802
3403,1765
4609,816
1986,2679
35,1030
915,820
5323,2788
5376,2614
5715,2080
5426,1977
4723,514
4172,411
4779,1577
460,2118
3882,837
5303,42
4322,1109
4148,956
2826,1730
4677,519
4957,2788
4043,2633
736,2366
5896,1495
2207,934
1811,934
2402,2341
3279,2614
1744,2341
3220,1253
1289,2700
587,738
5576,177
4989,417
3927,556
2540,181
1819,421
802,1831
2242,1278
3436,1258
1030,1658
4516,1890
4063,602
4877,1115
5271,480
2266,2803
5246,423
4762,1542
1148,374
3849,1023
320,1683
4232,2481
1298,318
749,1042
2232,1125
2872,519
3658,674
5327,1701
4286,2717
2794,3080
5745,2214
2362,417
2410,1397
194,231
3752,2029
5531,942
4951,2353
2896,2044
5917,1917
4212,2953
5855,1039
5597,249
732,1977
470,1977
2693,2624
2077,2126
2853,2347
2769,2619
4450,2717
1394,2069
5470,824
2266,1998
36,180
3157,1977
1155,740
1635,1377
1581,2080
1820,376
3434,1696
1185,2080
5634,639
5534,435
3636,110
3842,2430
4193,967
468,749
1211,268
1035,42
3903,1393
2115,674
3677,1050
2122,1064
374,1464
2861,1403
2608,957
5149,193
3396,249
183,1115
656,1335
3765,1809
1455,1917
1737,849
3707,1050
5223,1081
721,417
199,1998
5932,2709
372,1926
3034,957
4644,3067
2655,372
4697,2139
2529,1953
4181,2811
1909,2245
1582,1850
5794,2186
3609,2585
4271,984
2029,849
5740,2889
3899,3098
2321,2189
3713,464
1992,967
2486,2256
2899,1671
218,146
1128,2619
2931,2118
2647,3113
3043,3113
849,952
2473,2960
5596,1420
2387,1496
2839,839
1440,1393
3372,1302
3165,1009
4393,573
1096,2522
5247,862
161,1490
3564,2411
5319,738
3302,2411
2388,2256
2811,3113
3816,188
3119,1014
3457,1009
5595,2484
1464,824
550,3113
3387,1179
5015,862
989,1470
5483,738
116,1316
5025,1580
3099,897
2392,1035
5816,2079
4723,461
3935,2889
1077,536
1388,2118
4277,374
1098,824
1437,290
1877,1528
3840,3002
4031,318
1185,2698
5268,934
3314,677
4410,122
5000,1119
5216,1683
4531,1580
2800,1395
2853,1221
2894,1030
4045,374
2990,738
1083,327
3108,2679
1363,2596
4226,1883
934,204
1044,2816
1335,1302
1390,1009
2381,2350
2596,2504
5359,2341
2093,1883
5097,2341
2091,1056
1831,1883
4458,139
3974,2012
1272,1138
1277,1482
3609,2264
4151,369
4779,1658
5090,1520
4849,2397
5921,1448
1814,374
759,738
401,1030
2428,1765
523,461
3508,677
3317,1109
1656,2417
5804,1685
3211,2376
5835,1115
3374,862
2825,2340
5264,2989
3390,806
1934,826
965,964
3389,1335
789,738
3881,1797
2181,3177
5142,2999
4180,144
4407,1089
3856,986
494,820
578,1457
1407,3002
3630,1397
529,2504
5658,822
5405,376
4854,2717
2410,2633
3332,2679
4957,1125
2735,1642
5878,946
4257,2619
3861,2619
4954,2547
5215,602
1965,677
3470,519
3654,3080
1703,677
5851,1752
452,1883
4538,2080
5324,2989
2461,1258
599,590
5867,1696
3372,1115
3427,822
3007,236
5397,1023
703,2633
1131,3080
5772,146
3631,63
317,877
5627,1485
814,1683
3137,494
5060,849
5547,967
2873,421
476,2627
4543,330
5418,1496
2544,330
307,539
5024,1542
1161,3080
867,2633
4294,1696
1360,1977
2638,904
5382,2189
4074,2861
5547,2256
4595,1809
541,2059
5148,1204
1423,986
2229,2547
2234,2891
3509,1547
3882,3041
4480,1455
3974,536
4829,1050
3000,330
17,1658
5153,1147
2350,1911
2162,2614
5463,2504
3498,957
4260,1280
5442,2189
636,2080
2912,1799
3206,556
5845,327
5919,276
2741,1917
2897,2430
