u,i
5543,928
221,1020
5364,1451
3430,449
3471,450
5090,2151
3579,20
4367,1527
3135,1026
996,1016
4613,2980
1123,828
5829,2490
4805,706
5522,990
3880,2577
3989,1086
4078,2821
4601,2862
2734,1096
5379,978
406,921
1209,1016
1990,1581
3227,211
3264,1032
3288,1389
5898,230
5430,2865
1491,1116
2467,230
5266,1451
1288,1016
1362,1002
54,1903
2437,1748
3729,2300
4755,1235
128,1623
5112,984
5733,1331
1932,2515
2641,760
206,230
1286,1128
1752,598
5926,2665
3118,1099
3302,1674
3180,516
2918,516
2639,1101
4642,1479
3771,203
2064,2590
999,3020
1286,310
3965,971
1986,950
107,638
3391,2133
669,1573
3936,1667
5519,705
2236,832
1262,2841
2748,2441
169,2684
3627,1097
5829,638
4638,138
2501,1517
1269,1016
2100,1173
3764,1331
302,998
4316,1844
1986,1071
3373,1217
4023,2494
5341,3035
83,2617
284,2378
468,738
4730,666
5284,20
2209,1116
951,2841
237,2037
4399,3010
4614,2706
4652,1241
5624,2569
49,2740
5890,998
425,516
5383,1167
4113,1606
92,2558
199,469
209,3143
3385,2853
1962,2821
2807,661
4992,1016
1375,1038
1098,1026
3555,3035
3207,1800
4095,276
3611,2378
5670,1116
3555,2217
4804,2133
1091,986
1963,1181
2522,2865
5540,1006
3267,2753
3506,3035
2780,945
925,465
1269,1029
3948,1919
5839,1073
2499,666
3366,517
3409,1116
5281,1011
5944,1355
360,1181
5065,898
889,2205
2620,138
127,2407
2632,1195
4392,95
402,2346
3266,286
57,2577
582,1001
2316,666
4666,334
4955,2194
1154,638
5507,950
887,294
5944,1476
3430,128
2086,1372
5754,598
3466,990
1262,1110
4340,1517
4987,1099
2094,1906
5824,1007
1084,57
4399,2326
846,643
2852,2753
3153,1698
3320,643
3910,1640
152,2706
157,2821
2447,489
3949,2800
960,930
344,661
1596,2797
1918,633
1988,1372
5185,1730
952,517
439,935
2125,1606
3603,1116
4019,2980
158,1181
5612,2706
3451,1476
4879,1623
2816,965
5156,211
3659,193
1976,988
3626,2002
4751,2377
2201,1372
2774,968
4756,2492
2956,2702
3782,2515
5294,1084
4568,980
3857,1117
2864,898
2270,2374
2263,1203
3920,1173
3111,775
577,1020
1757,1331
131,2660
3474,1581
5244,2660
4162,706
1703,2034
736,1013
2503,2841
5822,193
3633,1116
4715,2841
675,774
5797,1560
1203,930
1841,921
468,1235
5662,1372
2422,2889
1238,1116
3929,1114
1527,2976
4156,2059
444,1026
2020,2091
3756,139
884,1298
3170,1476
246,489
1972,64
3754,2924
2405,2841
127,1026
5755,489
705,774
4626,638
680,2407
3901,1173
647,15
5427,1626
3140,28
643,310
2897,2256
2580,2549
1515,993
5025,1811
2726,2374
909,954
1198,828
1244,1173
1048,1298
838,2471
2693,211
3732,1071
795,1606
2758,2326
4580,643
5738,966
161,1963
4827,520
5052,2853
1067,493
387,2949
1533,0
5461,1331
2589,2490
1672,832
5717,1028
1603,998
2379,465
3557,666
3650,2880
3872,1724
5023,1105
5768,993
2791,638
3572,1203
3658,489
5358,1095
2106,2521
337,95
5609,677
3461,1372
2580,1623
4992,2923
5615,1919
1120,2426
4831,1285
4289,1002
5478,2853
1467,1487
3934,774
1537,2980
4815,294
1146,2829
3307,1844
2868,979
1395,1355
2966,1285
562,2549
4631,1116
3786,3010
171,449
4562,1016
3194,920
1946,2626
5857,1573
5478,988
2245,478
4774,606
5493,1525
892,1902
4954,1476
2371,294
1366,775
2405,1110
1395,1476
5655,1560
4989,945
4335,2407
3237,2660
1783,1292
3495,969
2454,1002
4300,3123
425,1389
4169,2374
531,2310
2909,1811
4982,3157
2310,994
794,2949
2833,998
3394,1331
3132,1331
1590,2065
2619,517
3744,2841
1977,1013
2440,20
3238,0
3286,980
3724,2374
2836,1683
5221,2126
2535,294
3548,1919
4296,321
3365,980
2613,1116
3375,1173
914,1903
2382,954
2619,2853
3980,3010
3424,1331
2636,1773
5306,2880
309,517
144,2924
5125,324
4266,2549
3545,2789
4811,2349
3999,2205
5651,1831
4859,848
2715,1285
1686,1372
1820,1372
1517,1563
887,1167
1367,2558
2014,2140
21,2975
3364,2862
2466,1483
5425,478
951,2091
4253,516
4729,2660
1988,138
4187,2377
606,861
5181,1020
671,2976
1442,2853
1512,1606
77,2466
2460,1116
2548,1000
335,775
4133,865
4342,2665
1511,1906
246,1228
3240,998
4635,968
2224,1024
1687,1085
2038,1837
2224,3010
4710,324
5713,1002
3665,881
1285,516
677,633
3346,2821
1685,1389
1895,970
2117,1837
733,3157
912,1173
561,2407
4255,1097
5662,138
5810,3005
4392,1331
1498,516
2890,1006
2876,1071
4024,935
4595,1919
4056,1116
4448,2660
5534,2841
3292,2706
3942,2034
5377,3123
604,2225
2279,2249
1868,1217
2169,2377
741,15
3461,943
3352,1939
2158,1730
439,882
4527,1906
4439,1793
4140,1002
2966,1903
3857,2111
2446,2133
5350,1421
746,1298
2382,2377
2903,1820
2060,2326
4720,759
5021,1919
4582,2515
4241,2976
4075,2684
1348,2800
768,2225
637,1476
921,1006
346,775
943,2980
542,2407
2077,465
4993,1039
3455,1020
5635,2492
2613,2660
846,832
4960,2848
4452,2378
4390,2466
4214,520
3553,774
719,498
1240,1173
1410,1813
5672,2495
4774,1116
5025,2684
5816,968
1936,1105
1122,1117
2490,230
2094,230
1713,2753
1787,2739
3110,1372
689,1006
2862,1270
708,1019
1769,1867
3653,2065
714,16
1010,832
5618,2151
4740,1919
2899,2091
1505,774
4595,1006
4469,2853
1315,2865
4913,1581
1537,1517
3579,1298
5048,1217
1094,3162
2329,928
5758,2841
4099,775
269,2490
4405,64
95,2374
577,2377
957,1844
301,493
43,1918
2345,643
5562,2377
4865,988
3629,1011
1628,1002
2777,1963
3713,2173
2968,1036
5738,95
4475,1476
2706,1036
5543,822
4794,1458
2989,1095
3947,310
287,450
1930,2471
92,211
2404,1573
1635,2065
2287,759
1764,489
2022,1013
3197,980
3505,1096
4826,1117
5882,638
2451,2853
1396,965
1611,661
272,2249
124,1331
4061,2482
4811,2980
5537,1623
862,1031
4117,1071
2524,1116
3198,3016
853,1211
2372,988
3322,1096
2422,1105
452,638
2711,3157
5603,930
682,1329
1315,1013
4450,493
1473,138
3078,921
3630,2151
393,2660
1558,1939
1169,666
269,2853
1716,310
2602,928
4603,1903
5119,1002
1829,2173
1991,774
1476,557
3417,57
2713,1173
5215,1235
3449,2490
4060,2378
5421,1569
3165,516
2893,57
171,517
4254,968
374,1105
1585,729
5150,1483
3596,968
2550,1640
645,1568
872,2779
3508,2841
1849,775
968,1026
1503,138
123,705
665,759
3290,2847
229,1626
2844,2797
2417,478
3642,2777
3768,930
975,921
1004,1393
3841,1674
983,516
2153,139
4137,2490
1676,968
2300,832
158,1867
643,2848
646,2853
4068,1084
1191,172
2200,2816
1426,978
4086,1626
4160,1575
4318,1195
610,2378
457,1116
2654,2003
195,1116
3156,2924
2576,1117
1153,1085
3894,638
4312,397
5471,127
608,2453
4878,2471
4073,2037
3025,1128
3449,638
1644,2490
97,2880
4035,2684
4195,1919
716,2400
1450,638
674,3157
5127,438
911,2841
775,994
4875,3075
3108,1018
5341,138
3906,998
5924,193
1827,1793
4069,2453
309,706
1837,2777
4022,2378
4330,2494
231,1015
3624,1285
5926,2225
1817,324
4365,2451
280,1173
230,1581
5834,2407
2040,1793
3640,1000
1148,2151
2743,489
5532,1776
2758,1026
3455,954
3876,230
3266,1698
1602,520
3305,606
459,1525
1118,2393
1440,229
3253,2173
3246,965
3015,1298
5157,34
4872,2790
1188,2344
107,1487
293,2660
408,661
2727,1016
2710,1372
3548,2471
5278,2660
4499,478
930,1002
33,2706
2745,1329
2698,1483
4080,1285
781,2865
3336,1016
5172,1217
3420,2407
3537,1006
5318,517
1868,2453
2322,1906
1558,1510
2217,2378
4206,2821
811,1724
1750,1451
1576,1298
5521,324
3415,1016
617,138
5514,1331
727,2521
3891,945
3929,1237
732,384
1200,489
2175,1563
4608,1000
3462,310
542,489
2242,1095
557,1026
2381,1173
5613,2249
5329,2490
2987,2151
5299,1793
354,1606
330,1020
533,1837
5793,638
4560,2393
272,1015
647,138
2920,2326
5697,1573
1101,2065
2952,329
3081,968
5257,520
3901,478
2062,1285
2693,2549
3001,450
5028,1451
4833,2407
1650,294
2467,516
545,1029
3802,1667
1902,478
4328,959
2757,992
2017,990
3111,1032
857,1560
2553,704
1966,1173
3709,2378
5214,5
2855,517
4455,1939
2079,821
5329,517
5446,1331
1853,478
1968,953
1527,1476
2248,1007
1348,1016
5687,1393
1819,2816
5921,1331
3899,2660
246,1793
2171,2975
4838,2350
3807,1085
483,1211
739,3123
5321,1006
3070,2549
2213,3157
2538,1456
3844,1906
5244,5
5072,2702
5240,2515
2327,1421
2356,661
3610,921
4878,1116
814,1203
1185,3065
3341,2490
612,1217
3012,1002
749,1451
4374,3010
2894,229
3265,2091
4086,1560
992,2377
1429,2378
2284,943
5591,1173
3961,1565
5344,478
5363,2706
158,2151
5129,324
4387,1902
3382,397
572,2205
5677,2344
2418,2865
4180,148
1642,2378
403,935
2765,2155
3507,1331
4393,1195
4577,1016
3109,2453
3248,2797
3305,1116
1226,450
1883,2706
2676,127
3488,5
334,54
616,935
848,2490
5261,2816
5827,1241
5751,2451
596,1451
1584,1097
1050,2853
5596,1116
3529,1211
2872,2927
100,1055
3192,128
815,1000
2296,2471
1613,980
2129,2065
3874,1919
5847,1866
5856,666
4417,2841
1614,1619
738,2739
4587,1037
3317,1476
951,1046
2546,138
1634,1039
4277,57
4733,337
815,1939
1410,1331
885,1217
3166,1051
1710,3020
4038,980
1851,1976
2061,1557
4970,960
2339,1013
3596,1278
4814,1844
5043,1667
676,1228
3785,1702
5770,2706
3089,1181
4185,2841
4223,1110
2638,1016
4281,334
3973,2167
3085,1476
3369,1006
5790,2126
1099,1001
1018,1867
842,1116
1248,2558
2676,2705
5837,666
5842,1010
4016,2739
1132,397
4836,2249
3327,945
5073,1667
4314,2847
4908,1105
453,1011
1009,1000
5916,666
933,2173
4000,930
1949,1329
3334,611
5025,1626
1227,1573
1134,1116
2574,2549
1526,1640
2350,2841
1078,1221
4705,2853
1274,638
2218,2133
3395,2698
5637,1372
5055,1919
4339,517
4492,759
784,2171
4394,2173
2742,1086
4099,2750
2330,2310
4269,2407
2411,986
927,1173
3549,1071
4048,489
1066,1776
3354,832
1153,469
4348,2407
1581,2865
4473,2853
2787,2670
2190,465
2362,986
1176,2816
5180,759
4476,643
3223,1251
224,3123
358,3123
4525,2225
2474,2853
5210,2853
4136,952
1403,2980
2585,1674
1439,3162
1745,465
4964,2797
2075,2326
3890,438
5445,2841
5395,3020
97,1217
2428,643
2216,2975
3074,1020
5870,2495
3050,397
1076,2706
3910,1026
1016,211
2278,3035
1390,2344
3405,1793
2864,2378
4889,2515
2583,2853
2824,2979
5205,2980
4009,2173
5797,1872
1285,1015
270,1037
5803,1623
4280,2407
5345,516
5770,1217
2568,286
4777,998
5897,1029
3658,1606
621,3186
4864,1640
5060,2747
3472,921
2183,1872
3764,2490
5684,921
2597,2155
5393,2398
2817,172
4548,128
5516,519
3823,2841
1799,2111
5696,1389
4772,1004
2084,294
1339,1372
420,1331
3629,1026
303,517
4539,1476
738,2660
1323,1364
5072,1939
5812,517
3582,685
3998,2549
2269,1013
2296,1116
481,294
5756,2342
1838,9
4290,1674
5513,1389
2311,2407
747,450
4523,2407
1074,1976
1936,1483
494,2155
3092,3157
3944,2205
5595,1872
139,1698
3861,1389
2326,1116
3804,2841
5251,1015
3272,2980
1675,1829
2685,2217
183,2155
5044,1476
5307,2344
2924,1479
1262,1919
71,1456
14,2871
4926,666
1084,1095
1409,2841
558,756
2805,1006
5905,2155
5581,1011
5851,643
1069,2140
1587,1837
2881,1001
1688,2377
3252,1173
213,2155
5881,2471
5717,1811
3504,1623
1018,633
1634,865
2418,3162
5073,1251
5417,1024
2444,1902
2500,2706
3023,2747
2978,1055
3090,64
5273,1016
1918,1563
465,1063
1850,611
5582,310
5317,2779
2094,3186
246,2453
2796,489
1786,2841
5902,1483
3723,2865
1830,2847
2664,2521
1661,860
3796,1623
4847,1029
1719,3016
3596,57
3434,2173
5729,2171
4900,397
3958,2853
675,2980
804,2865
1026,1517
1303,334
391,1006
2437,34
3734,930
3748,828
4269,5
5699,1016
5835,611
5017,2379
5817,1008
2630,2829
5190,92
5321,1329
4087,230
4171,2853
2841,1026
3049,9
4847,921
783,1237
576,1173
225,2407
3434,2065
45,2705
5623,2310
705,2980
1295,2028
3033,2660
5130,2377
1503,516
770,2880
217,3162
4195,1116
1311,2975
1201,1117
1657,2151
3040,310
4272,1565
5517,1776
5548,3075
2769,1015
5401,1564
3859,2335
1483,1217
5941,1020
5301,2151
1409,1002
1882,1451
1080,9
1875,2495
3382,949
5644,2490
408,1831
3223,138
3359,965
3023,1016
3503,2407
907,1020
4828,921
5690,2377
4246,2451
1815,643
5488,930
823,1292
1214,1702
1341,2975
334,2821
186,1903
2476,1557
5745,2249
4017,1581
5199,2490
4631,986
2792,1793
4519,516
5333,1029
25,3005
3194,3005
1021,489
2748,969
2765,384
3424,20
5924,450
1175,138
2350,2091
1357,1872
2852,1026
4628,193
3533,2407
591,1844
1537,756
5169,517
838,489
3787,1011
1519,1116
705,1128
1128,1002
4929,2521
5634,2310
1026,954
1635,15
148,2671
3560,968
5697,1575
3021,2151
3172,2549
2749,2217
5596,3186
338,324
3419,2426
5740,1393
1079,1719
3063,1101
4658,193
4706,1173
5220,1623
2808,2797
3773,968
3100,2151
4103,2829
3731,3186
1382,2171
2320,2225
3027,2841
5928,397
145,1097
1659,493
3324,324
103,1329
1323,1298
5707,2155
2085,2816
5015,1110
5855,858
5213,1354
5555,2515
4402,2344
5529,1331
4802,1002
5499,930
3172,1623
4416,1195
4877,2344
2411,478
5582,1867
1480,3123
5681,1055
10,993
1106,438
1118,1724
2916,2865
1424,1013
4295,1844
4195,2660
3768,1095
110,1116
146,1564
1770,832
2467,760
5287,643
2778,127
5350,928
3151,638
1036,1776
5620,294
5372,2407
2650,881
3598,1623
2987,1698
5905,921
4898,2753
2861,1101
3616,2660
560,1029
2179,478
369,0
90,2800
585,2779
1776,1027
2390,661
480,1036
3776,2797
713,978
3089,1867
644,878
4343,666
5253,1116
3627,230
2687,1298
1154,1623
672,2374
3993,2502
5591,128
4247,1372
434,516
4536,980
5771,998
3169,520
3243,469
588,2151
2343,478
5082,2173
4538,1026
2848,2865
699,935
5112,1298
3878,1919
3482,1919
1956,3186
3637,1564
4287,2841
218,2059
4549,2841
4096,1095
4597,1606
2086,2249
90,598
3887,921
4412,1560
234,54
408,1173
3892,1036
3220,643
5725,2171
3631,2163
3407,469
2247,2059
5072,2249
185,2003
3227,2753
4003,988
374,478
1028,1002
5379,716
5322,1902
3782,1285
669,1298
70,1235
4583,516
1525,990
4255,2377
3347,310
1306,1626
587,478
3250,2821
5220,1073
321,1002
3117,1016
4858,1623
3356,1298
1785,1331
4082,1173
4328,2626
5080,2490
1222,2157
1707,1906
4534,516
236,2880
5097,1905
4554,2151
139,961
1491,1793
1901,230
2692,1483
2718,489
1095,1298
1998,1560
1117,1811
2139,516
4837,1456
5690,1372
5263,1793
4943,2377
3723,3162
158,193
4705,2963
5407,1020
25,832
1291,2378
2286,980
3650,1866
1482,1451
2550,1026
4392,1456
1455,5
1455,1991
3640,2346
5593,2378
56,1084
2037,2841
2309,1085
3866,1117
5084,1683
3888,2862
3578,2407
5080,517
5534,1919
5009,2034
1504,1331
5131,2963
1659,2171
2175,1270
2624,1096
1564,1116
5767,666
2250,2841
3554,478
4905,930
171,1421
2578,1623
1272,944
2934,1029
3880,1173
1626,3162
4852,286
5229,1027
5640,1793
581,2753
4924,2377
1706,2862
1508,3143
4749,2753
2727,2133
2624,1217
951,2471
5564,1919
1799,2797
2623,1029
1847,1525
1829,2151
2946,450
5086,2789
5618,2155
2973,324
1445,993
5311,921
4659,2981
5411,859
2837,1217
2398,1813
689,2407
257,1730
4772,643
4089,384
4782,1331
1750,2797
5907,1211
2289,2028
4517,2753
716,968
5055,1116
5411,980
2899,230
4201,9
5333,1097
364,516
5657,2789
17,1906
5681,2975
3551,1095
493,1835
3031,1325
407,334
715,450
1570,1001
5629,1095
1659,1487
975,2777
4961,1575
4940,2684
1005,2131
3782,1903
3338,2155
5368,2865
5767,921
390,3026
2500,2453
2853,2571
2433,1002
3114,397
1834,148
4640,1116
3511,1036
2229,943
367,2490
3521,2249
4323,301
4973,2753
5639,2577
5286,998
1273,1020
2496,2455
1307,2590
868,3186
522,2549
1988,1002
3965,2374
2781,638
2325,2344
4778,3157
5353,1173
5105,1071
3861,1270
2224,949
1804,2349
997,2549
4710,20
162,930
4178,2374
5878,2980
1562,1015
159,2847
448,2455
5052,2349
1466,489
5695,2455
4682,3075
494,881
3303,2790
4002,1101
4141,1674
5383,1173
880,1331
522,1623
4440,2495
1372,1793
2363,1939
2726,1991
1349,2829
3295,1919
616,992
2455,2171
1887,1421
4263,95
219,2753
4663,968
700,2797
2431,2753
2598,1698
4632,1389
1118,1095
1290,384
5466,1292
3454,865
3712,1389
2960,64
577,1939
3653,1748
3909,1674
2722,2407
4085,2159
5317,2660
5666,828
1648,1031
2635,3162
3635,2862
4660,1084
5319,2706
2648,1640
4458,1623
1985,3016
5371,2344
5476,1606
3697,478
5300,1646
1752,2256
2227,2549
2667,2821
1485,1683
3945,1748
3358,2217
1675,1026
3142,2821
5389,1085
2846,1776
2990,478
72,1026
2553,211
3955,1389
3366,2980
4488,1623
4505,1038
296,1939
5313,1211
3484,2706
244,1483
3678,1525
116,2466
2549,1674
1879,2374
1965,2377
253,2471
2206,517
1433,2553
1529,1029
4467,2853
1318,2980
1127,2217
4257,828
4391,1811
3090,1476
4838,1039
423,1835
5831,1029
488,15
5438,2495
689,5
4555,1919
5360,2841
4801,928
5472,1096
1521,2750
3558,9
2990,720
4184,2915
5461,1203
5538,898
5565,1260
4904,2975
5573,2841
2001,2865
5177,397
3819,952
4380,1285
1632,2739
3349,774
1348,2980
723,3157
4607,15
902,1173
2034,2490
1406,935
1139,2577
2753,3143
108,1837
1075,2821
3365,489
2101,450
1473,881
5590,2377
4654,706
2324,1919
285,1389
5396,2777
2098,1872
3875,2173
1373,2865
10,2847
5335,57
2933,1919
5541,2377
5587,1032
3166,666
1853,2455
1607,1002
2947,1036
4972,1173
3984,1298
4161,2880
126,928
5121,478
3326,1032
2168,517
3271,1096
3538,1211
3792,310
2572,1095
4045,2705
5261,229
3604,1013
75,1902
679,848
4125,2176
4242,775
966,1844
2148,2753
5632,2616
3856,968
2624,2453
1908,1051
2701,1919
3322,3020
4910,416
3201,2205
3318,1329
5052,2980
1679,2396
344,225
3909,1016
2761,1906
1001,1020
2919,2492
5684,978
3079,0
3185,921
4711,1640
146,1674
280,1903
1070,1793
5347,2753
2064,2880
390,2034
166,2326
1621,95
36,230
2820,1173
1130,1026
1727,1016
2324,1006
4607,1667
3602,2377
3447,517
5128,881
463,2963
585,2660
2643,759
84,2378
511,230
3425,1963
5075,954
5350,930
417,2029
413,2553
3663,2249
5105,2065
4871,666
2317,2171
5505,952
3067,3157
2993,993
2466,1476
1256,2949
5659,638
3080,881
1292,2377
2384,2346
42,812
2232,2706
4789,489
1000,1976
112,1285
2297,1640
5339,138
3293,1110
158,2155
3116,16
4762,1029
5803,2753
3043,935
3805,2490
718,2492
4906,2471
589,2378
2688,478
5871,1167
3722,2455
599,2571
2541,953
4158,1036
4282,1331
2931,2865
4436,980
1146,2151
325,2453
1447,1096
1200,172
1074,1228
623,1063
5067,968
208,821
4014,2684
2090,384
920,2747
1333,930
624,1702
4803,666
570,1173
1836,2490
5914,611
4465,1573
5204,2407
3991,1919
696,760
703,1702
134,993
4396,921
2185,1331
2184,2126
1066,478
3884,517
3927,1116
4340,760
1841,969
2412,1724
5454,1013
2787,1372
4917,1037
5032,1024
2320,1906
2263,1372
3634,2705
1510,2037
617,1002
3024,9
2456,2706
1649,920
2967,1195
1886,2553
1819,1331
317,1006
866,16
3579,2217
2727,954
4128,998
3940,947
937,2111
696,1002
4958,930
723,2862
3230,1016
4813,54
76,1028
3799,1173
5327,2490
2216,1906
4642,172
5619,1844
624,2065
2941,95
3345,2171
3512,1116
4632,881
4576,986
1470,517
341,666
4059,2453
4864,1389
127,1905
1517,1006
2470,2846
2198,172
307,789
5095,2490
5649,1844
441,789
2139,760
4770,478
5131,1918
1440,759
306,2779
2866,2028
1006,9
3468,2133
1470,2853
2841,1217
5086,1623
3025,1563
3725,1237
1046,310
5308,2490
5702,1626
5151,520
2759,2841
3079,2028
785,949
1943,1006
2001,3162
227,2378
5841,1906
490,1031
1704,172
3330,2549
5778,2789
4835,2162
1103,1002
2022,1006
4165,2825
901,1016
1677,1237
3688,1476
3906,615
1509,2821
3011,968
2266,2800
3474,729
5150,2173
2923,2841
721,1085
4905,127
1615,1298
4464,2865
842,557
5217,1116
2352,1002
528,2841
3090,968
2245,2862
478,3020
2933,230
1350,2949
4631,9
2203,2865
1429,1027
5240,1285
4300,138
427,1217
1762,1173
5186,756
3959,1831
1481,2880
5430,1116
416,1095
457,1096
536,1389
3630,1097
18,2217
157,2790
345,397
642,2310
2953,2841
5212,2391
2421,2980
5554,2091
3281,1623
3484,225
822,965
3322,2378
4024,1667
4757,2750
4581,2753
2139,1015
34,2841
659,449
4874,1285
5289,1527
4989,1006
3984,1487
548,2567
5235,15
788,2256
3818,1683
182,2217
1195,1331
825,337
2962,1698
715,465
852,965
3473,2853
402,1173
5264,310
3072,294
4500,441
4806,1945
2065,2126
614,2490
3823,1919
2078,2065
5462,2515
3652,2037
403,994
3061,1044
1065,2133
810,3075
5898,2816
679,2326
1176,2378
3363,1116
3426,2862
1929,666
4164,384
3603,2037
843,2205
684,1623
1195,1573
5639,2003
3519,2797
5668,489
5439,666
1738,3020
3386,1221
2656,1116
3501,3157
3774,54
1117,1626
5375,2344
1951,3020
4117,2379
3549,875
3318,3157
4271,2028
4273,2626
3235,1173
4873,2133
726,2155
4699,2963
3914,478
4268,1730
5865,666
1723,2789
4219,525
136,1831
3603,64
1087,821
2033,965
452,310
5937,1939
252,959
5682,666
1960,1389
4520,2853
296,1002
2885,952
3427,1006
4631,1674
4247,516
2695,2777
4245,1867
4887,1105
5270,2829
1720,2841
3370,1640
3695,3157
2231,1101
245,138
4388,1623
2781,1016
2182,2377
2619,954
3572,2003
1022,998
5034,980
5135,1557
474,900
706,2455
1834,2044
2395,2377
3525,881
4714,517
5029,1575
4927,1793
2766,2549
6,1963
1403,2797
3586,2059
4367,638
5286,2665
4083,2865
4248,2407
1920,1037
906,1173
951,2407
5123,2378
4359,1228
5047,1565
2280,2777
4312,1116
4486,774
1390,993
4671,2217
4447,523
770,1019
4744,517
654,1073
2233,1389
4246,2455
2288,1096
4900,2979
4674,2407
5104,5
5102,1393
1294,881
4362,1354
1650,516
3522,1606
3687,1939
3102,1020
5258,1906
4406,643
2188,865
3877,1016
3393,1906
478,968
1937,465
2615,1575
4910,1573
5710,2151
3406,384
1298,478
1537,760
4137,1128
4534,2225
2483,638
298,1037
714,2184
5588,1902
4425,1006
3076,1906
194,2377
2138,1623
3778,1195
5512,3075
1269,945
5484,2747
1530,2706
652,2703
3214,2779
3367,1331
4574,1479
1852,1939
4161,1606
4295,1835
1826,489
2464,517
3775,2065
1168,489
2687,0
4829,1476
5163,598
3714,1560
1501,2126
4627,1527
1079,2891
1533,2344
2586,1116
3890,968
2873,2378
3310,2379
3668,2841
1119,489
1752,661
2657,2753
943,2249
5112,0
241,516
2133,1292
4015,2841
1668,438
3414,1389
4543,1011
2407,1006
180,1674
2601,1811
3425,1026
5548,1698
4543,193
147,1002
4274,3186
494,1046
20,638
2854,1173
2107,2407
5524,294
393,1674
3306,516
71,1623
1028,1919
85,1292
1181,966
4519,775
3056,1573
3374,2377
616,928
2099,1011
669,0
4208,2310
256,127
3585,1099
4385,960
4547,1776
4037,1674
3641,1674
5329,2980
3715,1623
5267,2065
3859,3065
917,1270
5129,1606
263,517
3647,930
2926,416
5753,9
4262,974
4035,517
375,2155
4062,2377
495,759
4526,1020
3724,1564
1838,310
1898,324
5895,1526
3672,2865
3966,1097
2975,1476
3028,2800
1347,975
643,2091
889,1329
2682,2126
4336,2616
3511,1456
495,1698
4888,1372
5720,1939
4999,193
5076,1837
5458,1939
2763,775
1882,1026
5909,1811
2786,1173
3696,1623
4412,1793
4150,1793
2610,3162
683,1116
3019,1640
438,1285
5861,1016
5162,1015
3727,643
4131,2453
4043,2377
762,1116
3021,666
1503,2777
1956,1096
1639,1389
5811,2821
2349,1027
1910,1623
5356,965
1168,986
5602,203
421,5
794,516
3067,489
412,2171
4297,2378
4677,384
5442,2173
991,2521
2321,2133
2233,2249
4962,516
3984,1100
4199,759
439,998
134,1116
2390,920
2227,633
2564,1487
4608,1866
4267,1573
86,321
275,1011
3002,666
4724,2980
3647,138
3867,2393
3447,1016
4278,1173
730,1820
3537,946
3814,1483
5560,2205
5477,450
5535,2377
3021,1029
2541,2378
5273,2377
1604,2963
2724,2728
3049,310
1984,740
2101,1325
248,211
1323,2980
1094,3157
4872,986
3153,138
1288,1939
3812,1006
3879,2753
4417,1116
4346,2862
259,2706
2083,638
873,2865
4287,1006
1618,2753
4025,1006
2115,1573
2683,2848
5410,517
5437,2377
881,16
5217,2862
588,666
1646,2034
4146,478
5674,2549
973,1002
2162,2853
1950,230
2824,986
5294,1510
3189,2841
2905,1096
5783,1674
5738,211
4492,1007
5333,2377
2998,1260
1862,2453
618,666
3398,2133
5010,1872
1598,128
2859,1101
4497,829
1563,1073
4543,945
2270,706
2318,225
2268,633
1905,1776
2190,3157
4950,774
884,1724
5440,2853
5927,2217
4201,1181
2269,1006
5156,2865
3392,517
2163,1748
3507,1029
29,2378
5538,2378
4585,1063
920,334
3148,1096
2198,1476
2461,2344
5787,638
2051,2217
4040,2660
1796,1173
4986,589
2529,2515
4411,92
4917,489
5464,1116
3392,2853
491,1096
3306,1389
2549,1181
3676,397
5634,1564
1891,952
4857,1872
3133,643
426,1906
3473,2963
106,2453
4497,1071
1833,3162
4090,953
1967,3162
5687,1575
3880,2829
1896,478
1535,1024
4900,1195
3592,2133
1054,2377
1704,1476
3111,517
4102,397
4112,1085
1471,450
2338,301
2625,1526
4325,1903
5698,128
5760,1006
4839,138
328,1640
519,3157
1069,1086
4875,2949
1315,95
5929,2626
4453,1270
3697,2684
5593,2182
5758,2515
3196,2173
5899,2225
5816,1702
931,2549
3543,2217
3586,2853
2791,138
3558,3020
3121,2753
5550,2980
5170,1298
5500,1173
519,1292
839,516
5800,2862
3548,1285
3403,638
3267,1006
5189,493
1042,286
529,704
372,986
4780,968
3286,2453
1538,2853
4568,1085
3241,2976
5751,2862
1269,450
1095,2512
4639,965
883,643
3137,1835
341,2346
5415,203
581,1510
189,2706
309,822
5832,720
2826,1421
4837,1623
5472,1905
413,2865
1024,2753
4971,2377
5883,1476
994,2847
3405,310
3415,998
4196,1563
2518,2702
3943,1117
4493,1032
3803,2800
3491,993
5019,2310
5941,1831
1235,2155
4294,822
1751,759
3870,2975
3760,2349
854,1002
2688,1837
3615,1702
4613,2790
2906,1013
1803,397
4358,1517
4939,974
3065,1006
1773,225
4913,1510
635,3035
866,1241
1535,2797
3908,5
1571,2225
2560,1773
2142,1031
3959,2451
3279,211
2145,1036
4082,2521
4508,643
5544,37
5628,2660
1079,1241
1419,1575
2895,2665
4514,2151
2779,2490
4171,2980
3634,789
1958,1331
1517,1063
2420,1096
1004,20
1360,1116
2046,2841
4792,294
2557,1101
2727,1024
3592,2980
1505,945
3938,1173
4800,643
3495,832
3275,2549
501,2065
2440,930
2259,2841
2548,729
2422,2310
1820,993
3260,2426
1491,0
2945,1331
3735,1487
4196,2865
5383,1903
966,1835
1857,57
5059,759
2267,1389
2964,2549
5457,3020
3404,2821
603,965
3122,1674
1437,2625
5052,756
5434,821
2612,2326
2156,1292
4974,1331
915,1237
924,2777
3169,968
1207,1116
1482,1055
5532,1329
4904,1006
4577,648
1927,3162
4827,759
4589,1116
2906,450
1574,2980
1920,1173
1620,881
75,1906
2590,1116
5484,1702
5692,685
4121,489
2858,638
800,95
1070,1905
3642,2706
3377,974
4519,2979
3585,1906
1386,1653
2265,2753
4817,2407
2012,2344
2843,286
2313,57
1695,3162
2247,1918
4308,1483
2479,2978
4442,1483
5447,1527
5739,881
1934,1872
4608,203
2956,1331
3052,1793
3212,1028
2773,2378
2644,1510
3149,2140
200,1389
3698,921
5045,2163
2634,2219
5254,1748
4628,2777
5290,3162
5063,2705
3688,1667
1298,2829
2571,1116
2087,774
5129,1487
5323,2521
4318,1016
204,986
2401,2398
3657,1270
1181,968
5537,2975
1812,2003
5659,1918
3670,980
3159,2979
1383,1331
4402,2821
2537,2407
147,1354
1439,2660
1881,3005
3034,998
1714,384
2080,1939
820,1110
73,2344
1673,1026
2886,1285
1334,1331
5575,1173
1624,2827
2307,1837
5913,643
467,928
2418,1116
1926,2374
1155,1036
2800,952
2330,774
2946,1006
4582,1331
4828,2821
2567,2407
953,821
4826,2482
4881,203
3088,1355
5827,310
5309,384
5541,1939
5262,1063
408,2455
530,2152
879,1811
319,2871
632,1116
2110,2841
4064,294
2818,1881
4079,1097
2568,1181
510,2853
4650,1623
1644,2553
1446,57
2860,2521
78,715
2993,2407
5780,127
2765,1237
5688,2753
1132,2378
4026,978
5323,1837
321,1116
3924,930
2136,211
2982,3157
3345,994
4393,1674
2777,1476
3341,57
3788,517
4244,1285
5546,310
1379,3157
3182,478
647,993
303,954
5913,1006
4900,1626
4855,2378
3399,2398
2575,968
4856,1031
415,2821
515,1776
2533,3186
2673,1476
3998,1939
436,2880
288,2753
3232,945
4410,2378
783,2466
936,759
2148,1510
3610,2702
3252,2994
680,15
5559,1568
5290,2841
5252,334
4498,397
312,1016
2053,1623
344,968
4186,310
3528,310
4789,2037
386,2133
4548,928
4436,2407
3257,1015
4618,2155
5831,2377
3537,1298
5712,965
5347,1510
3652,1773
1604,1918
5804,968
1635,1002
3161,489
5656,2790
2166,638
4556,230
4239,294
1584,1939
5051,172
2069,705
4166,3162
4451,1116
4492,1117
3618,2310
5304,1032
2329,1046
2788,1560
1377,828
200,2249
3347,1029
1683,871
4305,998
4704,478
5700,968
655,2829
1221,1483
5569,1451
3000,921
5783,1905
4196,3162
3406,2777
3910,324
1783,2162
2459,230
4809,127
14,1456
5248,1517
31,871
382,1623
22,1051
4411,1020
2759,1919
5854,2495
3830,1011
783,1903
4346,2059
2741,64
4972,2750
1698,253
3630,2377
770,2378
4066,729
2710,1919
2627,2379
3119,2841
5774,930
3769,1674
1310,1016
1188,1844
3581,2377
866,1793
4104,203
4496,956
224,2326
2667,2451
1194,2827
4043,193
5015,1292
674,3020
4738,489
323,1285
2016,949
4287,324
5054,954
2404,2980
4025,324
749,1393
3758,2949
5286,294
3350,643
5752,2753
509,1906
800,2378
848,1372
4530,1479
2637,478
5391,2976
5900,2853
4620,1372
979,1037
4950,1018
3150,1228
4165,2963
3153,516
350,2034
959,1095
5031,1128
2531,469
258,230
4423,2706
4313,848
2007,203
2910,2451
5718,1011
5666,821
774,2217
25,2853
963,921
4318,2131
2418,3157
1095,57
4144,517
4202,1919
3491,2847
232,1116
3716,979
1030,1096
4657,2728
3296,127
1444,2133
3989,1811
4997,1372
4212,1331
2314,1006
3066,2065
2959,1939
4994,2764
383,2453
4027,1285
4551,2194
4100,2029
1519,1674
5351,557
1975,493
4700,1270
1164,1217
2967,1241
3887,2150
2904,138
4638,1560
5634,64
990,1037
3836,643
1924,1844
3557,1228
4059,2378
4592,2841
1521,2393
934,2862
5285,324
5371,2350
4280,3020
4877,1024
5197,211
763,2980
307,714
269,193
322,1517
5797,1667
5592,1006
2884,1364
5905,1237
4248,1001
1169,1389
937,1820
2117,2131
5699,314
5076,3075
709,2865
5489,2490
4403,57
4236,3098
3540,1116
813,478
2967,1483
1914,230
372,1001
5413,2616
3675,294
1772,3035
2966,1029
443,881
1749,1331
3936,2284
3333,1991
3684,2706
2944,489
2715,666
1865,230
2071,2779
5757,2133
581,1525
5163,1623
2582,1039
2286,2209
1470,1623
847,2398
4340,832
4577,516
1230,1116
4511,2865
2782,1329
3850,416
2279,449
352,1372
696,953
5042,57
5733,1372
798,2398
282,1084
5266,2660
178,438
2401,1085
2783,921
4462,2865
697,774
2987,2377
2794,1016
4155,1173
4731,286
2205,2378
5259,2391
5489,638
1781,64
929,1016
149,1844
1735,2577
4027,2829
324,384
1537,643
4121,478
714,310
4038,2924
4962,828
2410,1211
4332,661
1080,138
820,965
5856,516
3898,2126
2048,2515
647,2471
1451,310
3938,478
2448,1173
4861,2853
1690,1235
3032,2133
3715,1372
5028,1569
4792,2753
1363,611
4735,2219
5549,517
5762,1793
5669,2797
5896,1793
5772,0
1878,2225
5823,2217
3075,1456
1741,1173
2851,516
1576,611
2961,2374
5731,1167
4337,2065
5352,2797
5147,1116
5229,1451
2221,1517
3618,1560
3367,517
524,2377
371,1906
1603,2407
3936,2660
1599,945
3452,1793
1200,970
2464,1918
5047,2871
5618,1640
3572,397
4790,1000
1039,1776
2806,1389
3288,638
3835,1036
5268,1527
5719,2217
5762,2853
5817,2789
3003,1674
811,2326
4639,2753
2767,643
2785,1451
3189,1046
4897,1476
363,3075
3517,2797
10,1001
3802,980
255,3020
766,984
310,704
5059,1016
1127,2949
833,516
2930,2219
5535,945
698,557
309,516
1880,3186
4982,15
1184,450
2476,1002
4207,921
3269,638
3291,397
2377,959
1317,979
5016,2753
5575,2451
81,1002
5356,2821
2935,2455
409,2790
1548,848
281,1292
2934,998
470,1228
3137,832
4885,203
2323,2830
5088,1020
5341,1237
5089,2184
3022,64
3299,638
606,2028
902,858
2153,1372
2650,2407
4357,986
1891,1372
3570,1101
4052,875
5166,832
1038,638
2048,1026
2559,1013
5004,2490
5454,1235
941,705
220,945
5001,1667
806,517
608,2747
4758,2205
5709,478
4535,2133
4297,2490
3483,1748
706,286
4209,2377
1062,1116
1012,1524
1041,2225
5129,3020
146,1117
3532,1640
4081,2865
4072,1096
5488,1906
1050,998
4226,516
1266,1525
1961,2841
3041,1487
5873,1195
618,294
2674,1730
5215,966
891,1355
571,1939
4537,1051
1006,1867
2824,1674
761,1016
4047,1389
955,64
2299,1560
62,1015
4516,1867
3691,478
1058,2407
1899,1037
345,2471
5911,3005
4531,1623
4030,1341
465,321
3887,1292
5652,2256
886,2300
4184,2976
5843,1329
2076,2841
2854,1674
3136,606
1934,1674
4250,2512
3956,2065
683,2880
3849,1939
1509,478
5182,1031
5569,1211
4225,2455
5725,1724
2707,1331
336,557
2325,1037
4608,1173
680,138
430,2407
244,968
4234,1228
4418,3035
1118,1532
1491,57
4492,998
4898,225
1350,2821
5053,1331
5096,469
1783,2151
4572,2684
4503,598
5929,2133
5867,1026
2369,1228
1128,1173
2711,3143
1370,706
2404,1451
3271,1036
151,2847
1610,2344
1603,1173
5409,821
1248,945
5348,2797
769,3162
1115,1355
4117,949
4521,1527
2905,1329
5944,1101
491,1905
5238,1582
3275,633
219,1217
1280,2065
5437,516
1796,935
2754,2853
4546,1476
3438,516
745,1906
3787,1195
5934,2490
1674,945
1889,2065
2842,1919
5545,1217
503,1097
3524,1724
5501,127
4845,1479
3267,1573
2742,1688
4258,1719
4566,1835
2716,2453
474,1564
2633,2455
4419,95
3555,1976
58,1097
3840,2374
2379,64
3730,516
4148,2490
3189,1101
5505,1939
5742,1623
5792,986
5721,517
3068,2797
1960,1837
5748,2865
911,2706
3578,95
4182,1027
372,1674
3409,57
272,2490
570,1918
4663,1071
4916,1251
3355,2975
4415,740
4294,450
5190,1002
4293,2706
5104,1487
2433,2407
764,1905
3045,1702
1763,2841
5751,517
2748,2684
4350,732
1366,1421
2316,775
3768,1279
3876,2310
4664,1831
3511,1623
2479,15
5772,310
1988,2407
1766,2065
2507,2706
2003,1483
253,1285
2727,760
3135,2800
3792,2841
1973,557
2183,138
2546,2176
4502,493
4278,2963
2552,1173
3932,2326
4238,1844
4644,1071
272,517
3598,2975
5699,1939
5912,1000
253,9
2512,313
3024,2151
600,1285
1047,2728
3499,229
4896,1026
646,2155
4440,517
5711,2407
7,1939
1557,1029
4229,2963
3016,489
3215,1867
70,9
1305,2205
2740,1116
2927,3157
3889,1582
355,1575
928,3157
1561,2841
3130,2173
4173,294
4553,1976
4897,1557
3968,828
2596,24
4547,212
1472,517
3153,881
3550,517
630,2453
3336,1002
3733,2853
3547,1939
1396,643
1372,57
3846,286
4517,225
150,15
4083,1919
4541,2797
5555,3075
1773,337
3707,127
1852,2616
4758,516
2160,517
4190,998
5339,1730
5841,2880
2899,1085
516,1011
4443,397
4978,1724
4651,1329
3364,138
148,1487
5074,1203
879,16
1395,1101
4051,2502
3416,1991
2160,2853
1647,1285
4727,1095
4995,92
5356,1037
2782,2378
259,1476
5615,968
5379,203
1647,2453
2891,2779
1040,994
2088,1674
2403,517
3043,1372
954,1479
3507,15
816,1020
1378,2975
2880,1085
3334,1026
3979,10
106,3075
4445,1237
2471,1560
981,2521
5718,1510
4274,2816
2075,1331
4458,3162
3231,3005
4886,2377
5356,2326
5662,1844
4308,2171
1505,949
4712,9
584,2821
317,2706
2425,397
3029,1329
4990,2205
3703,1014
913,2471
1727,998
5538,1027
1455,310
2286,2453
2210,1640
3533,310
4376,1524
2077,64
5186,2790
1163,138
3159,1560
3188,2490
4972,1518
5366,1674
5650,450
5297,3035
4409,2344
2336,998
345,2660
2105,1331
2370,2797
1907,821
3024,1372
3456,1029
3757,203
3993,968
4094,1020
544,1557
1989,1119
3159,2728
84,1084
4045,2821
4874,2151
220,450
2670,1517
3501,1674
4893,2393
2451,921
3091,1510
1578,2753
193,990
31,928
2572,2379
311,1211
540,3020
1978,1640
691,974
3218,2490
4076,2521
3264,2377
3644,1844
153,1793
1782,3162
1925,1521
2369,478
5913,2378
5459,710
5725,1095
3373,2549
990,489
2998,1211
2230,2800
2677,2028
3548,3075
3224,2426
3665,1674
762,1793
746,1260
736,2558
4428,384
2578,1002
3655,397
5336,2976
5422,2225
5583,2853
426,1026
1343,203
2395,1002
5394,1116
3584,638
1132,959
2288,2862
5115,2455
5249,2455
4853,2455
3083,881
3141,2549
3738,324
173,1519
3731,1331
3874,1905
3672,1919
5258,1228
5473,1116
4900,1483
1228,1835
4697,666
5869,1116
1311,557
2708,1354
5664,832
5595,998
1209,2495
675,2790
3452,2037
3748,2853
3266,1389
2667,2750
764,95
5294,1006
1517,1793
3141,1623
2024,2829
4226,384
872,2028
2811,930
3303,2853
4313,1026
154,1748
4574,3016
534,986
2733,1010
2134,193
1874,1020
5845,1001
838,2151
984,1451
2758,20
4712,1674
3869,2217
1677,1674
4194,516
4677,1195
3555,2515
2385,714
3388,1355
5341,2407
5442,998
5872,57
2620,1483
3444,2684
5715,2059
5813,416
5856,1015
4269,57
1738,2034
3255,3162
3577,998
1168,1918
1285,517
662,1292
2885,1939
3248,5
75,2515
3208,2821
173,2821
3385,10
2380,2706
4990,1776
1743,1331
3293,2407
1058,1228
2656,1298
1099,1000
956,1217
5051,968
534,1228
837,1000
202,489
3595,759
735,2975
1602,2789
4035,2980
4701,2841
5609,478
5882,1116
1366,2549
3759,2853
4175,516
1645,2378
3770,2453
4725,2151
1221,64
4447,1389
5696,2059
4216,1456
5154,1510
4806,2490
1432,1038
1511,1331
3314,2816
1910,2797
2032,2494
4642,1564
4081,1002
2577,79
4822,2205
5515,1903
3631,1476
4164,2205
3187,2482
5735,1906
4902,1905
5869,2660
1039,1228
901,998
5576,1095
4036,478
4798,3016
2122,1606
4020,1702
2941,2426
4097,2151
4739,1389
1444,230
3020,2490
5040,2549
5221,638
399,1016
788,828
5237,848
5251,517
5860,1793
4581,1217
706,1698
911,935
5613,1364
5683,1837
1194,2455
1075,1006
2265,1510
4755,57
5068,517
4923,1331
4407,771
475,489
2691,1389
3150,1674
1269,993
4803,2205
4524,2753
2824,1918
186,1029
1609,832
3030,37
3620,1071
4986,2555
5882,2841
2236,930
2893,3186
2721,450
147,1037
5090,397
3992,2111
2583,516
5490,1270
2928,965
1357,998
256,980
2737,2151
885,2171
2494,2393
2845,930
5126,993
3085,2080
258,1026
5053,1683
4110,3005
271,965
2969,1905
1343,2002
1372,2703
458,2777
5396,1793
2311,2393
5707,1389
98,1976
2837,1456
1835,1646
2616,1228
5938,1029
2729,1105
4711,643
2440,1002
4962,1945
3838,489
3621,2706
1856,1476
524,1037
3922,1614
381,1217
2244,2753
2545,1698
1705,489
581,3005
2537,1285
3184,2853
3607,1724
381,2385
584,3010
584,1024
904,2426
3345,1724
5443,3157
4172,2176
5017,16
3427,1793
2663,643
3943,2841
1988,1228
154,2379
5505,1002
4001,2065
5350,1919
341,2205
114,2980
1812,1002
3369,3020
5253,0
578,1623
46,2028
4965,2980
1197,1372
4748,2753
2886,1331
1902,666
2755,2797
3084,1575
3378,1793
2092,9
2283,1526
3756,921
775,2847
3564,1919
2906,1919
3276,2684
4871,1776
5538,519
3176,1285
3124,1095
5557,2747
4015,1037
3999,2490
4973,1006
702,2490
2629,2284
5437,881
3238,1116
538,1564
1615,959
2059,1939
4320,2841
3662,2841
2652,992
3342,1173
3825,95
2638,828
2987,945
3116,1355
404,517
3532,516
934,517
108,1458
5796,935
452,1002
2425,949
2917,1640
3872,1338
5245,832
5856,720
3068,1055
5322,1015
1368,974
4687,2490
4875,969
3244,759
5319,2703
387,2455
700,2915
2857,993
3506,1173
3146,2816
2397,1237
685,1331
3240,2451
5014,1020
1084,1565
1134,3143
2316,1837
3517,1002
5946,1000
4444,638
1558,438
5684,1525
849,1173
924,2515
2216,1606
500,2453
3523,2924
4390,294
2203,95
1175,821
2914,2816
250,1002
1162,64
5618,1026
4719,1903
3098,2344
3394,945
524,2702
4242,517
1561,978
4780,1095
664,2453
4475,230
3525,2862
5096,1331
2002,1623
1620,1329
5708,138
4538,286
2590,1793
4126,1510
3515,1585
2596,1086
3752,774
321,20
2017,2133
2141,1674
4018,930
4918,921
2891,2660
5386,1026
1779,2490
1485,57
4551,1393
5389,2492
4318,633
786,1776
2267,1032
2031,230
2848,489
4808,2217
5923,2133
5343,1329
888,1006
2008,1037
4699,998
4740,1036
103,965
2300,2377
4031,310
5092,2915
5348,2841
2755,3186
3882,2173
4544,2558
5764,2490
2204,1097
4035,954
4759,2217
3522,1372
5194,2374
182,965
3757,2407
1756,2398
2229,2847
3679,2753
3772,1483
5657,2549
4380,2800
3919,2176
4583,1173
5161,921
5169,516
2784,1793
3995,2171
1431,1002
1417,1067
973,2110
5474,334
5925,1024
23,2490
4039,965
713,493
2951,1906
1103,1173
4859,704
1225,2065
3513,2841
139,1389
830,489
4581,2453
3674,1483
5687,2549
747,2706
1757,2865
4178,1016
633,1372
5657,1623
5347,643
3738,2407
3330,2841
252,1451
773,2880
2750,2037
5542,2841
5600,2028
4442,1476
1351,1773
2414,1270
3543,2841
2142,2797
4470,2706
4864,2862
1674,1002
2489,397
254,450
2747,921
2155,1046
5687,1623
632,1793
3278,557
162,2847
1817,2219
4520,1251
4766,489
4537,666
3337,3123
2661,1820
3194,2549
1489,138
3514,2490
1769,2407
3230,516
3288,1918
3238,2326
690,1919
282,633
4764,2816
3530,1451
2389,1105
3082,1032
2860,2151
157,2853
3385,2790
3464,1097
2736,2344
4223,1674
4238,2706
5135,1002
5891,756
1383,1324
1508,2753
5240,1698
5653,1867
5753,1051
491,3143
2096,708
5745,2853
1965,1945
2357,2698
3198,1099
1789,965
2632,193
2229,1237
71,1510
124,2797
4004,2660
2846,2862
5888,1626
2410,2975
4903,1002
285,1173
1505,2374
1868,965
5739,1237
5388,2471
2547,2980
1267,1270
2046,1237
2605,706
5475,935
5602,2171
2665,2706
1438,2549
4020,1557
5613,2037
3168,294
4854,965
5931,2346
2896,2346
5000,3005
688,516
4320,1031
1240,1029
5784,643
1350,1389
4748,2003
1405,1096
1575,1773
4297,1084
3932,397
3166,1389
1067,54
1323,2949
4429,974
2135,1844
629,2797
4120,633
1484,1096
1468,2549
1506,2841
3314,2455
119,2466
4123,638
5186,2350
5370,2171
2240,3065
1271,1217
4008,1331
1310,2377
2253,789
1112,1867
747,1217
5861,193
3672,1116
3558,2034
3324,1867
3570,1105
5948,2821
3950,1097
2537,1487
472,2217
5470,1476
2065,2660
2992,310
738,875
3367,2173
1954,2829
4096,1565
636,2059
751,2800
4316,1568
5264,95
40,1476
145,775
4171,921
4830,1560
4842,3075
241,1237
3154,79
1882,2660
2083,1667
4113,1919
847,229
9,1116
267,1640
1048,1451
3295,2455
4945,1483
5434,1674
1815,1623
5058,2326
247,1173
524,1939
4865,965
4813,2495
1936,1095
5905,478
1612,3186
5924,2706
1865,397
2469,1329
326,1173
28,1479
4302,478
910,1867
4169,1117
4759,2151
5301,2205
4895,1517
851,2455
3640,1527
4760,1329
3452,1476
5080,516
2203,1331
2898,661
3378,1298
4677,1560
2961,2407
1583,1623
5872,193
2847,615
3287,1116
4354,1055
818,1002
4228,2865
4481,1096
5219,2028
5355,1623
3921,1173
4239,516
409,16
1245,517
5221,2037
1673,469
2920,2490
1232,992
695,1016
1562,2853
5568,1623
2512,975
4141,2344
5480,1510
4583,1228
1257,756
5605,1919
1854,517
393,193
969,1292
2048,1285
296,489
5582,740
4907,1096
3174,313
1784,2407
1839,128
3284,1905
2783,2377
5321,1867
5415,2963
3641,193
1406,1000
2280,1793
1736,875
3723,2706
1190,1116
2747,1902
2346,2790
4803,1389
5285,638
2420,1278
2368,859
5336,1623
272,24
2412,2326
1927,1116
344,1095
130,2829
2422,1095
4951,2455
3659,1674
603,1026
1833,2915
4264,1525
3706,968
4017,2816
2642,1512
2155,1919
4849,1626
694,1329
5083,1298
3025,984
2003,64
4680,127
4850,2753
3248,2490
2434,516
144,633
5056,643
565,2841
2270,822
1604,998
2325,1512
2034,2797
2139,2059
2889,1096
1603,1527
3427,1674
1961,1006
5486,870
3017,1510
1341,1298
4684,1939
5205,1116
3859,2994
3694,3186
1228,832
755,3123
3501,3020
4105,2003
653,3075
3640,1903
2922,1623
5895,516
1239,203
1884,1173
2187,945
2598,516
4470,1835
4635,1939
5556,821
5552,1116
1637,478
5011,2684
5787,2151
5706,2980
5019,64
3493,1331
3627,1560
1072,965
2188,1520
3165,2963
1706,1251
2833,9
23,2800
4973,1116
4711,1116
5501,2467
612,1623
22,2346
4031,2848
3308,2490
445,988
2752,286
4182,1031
3500,2660
2,2862
2863,1285
2784,9
3336,980
1784,1026
631,2841
2852,638
2731,2563
367,516
3813,1844
4403,2841
5831,1002
5707,478
4826,1483
2441,774
2826,2571
3299,3020
4108,449
1914,1028
3741,921
4207,2377
3771,1029
194,2924
3396,1640
3427,990
151,2059
3148,1575
5524,478
5770,1702
5675,2862
2210,1026
2726,2111
3342,128
4109,3010
2545,1016
2491,2702
751,2963
2854,310
5070,15
529,1867
5364,2182
5830,935
2526,2171
2519,2949
3448,2217
1550,1101
5175,2660
3270,1393
1656,1793
5692,2398
1105,1919
1351,3143
4537,1097
3429,928
5834,2747
2761,469
829,294
4900,1674
5426,1195
3308,638
4316,1623
3108,1479
296,1228
910,633
1483,37
3539,1702
3143,1702
4473,2775
1192,1285
5786,2706
5266,2182
5156,324
2635,20
1859,516
3072,775
3521,2853
434,1872
4087,1278
1590,1560
5205,2660
3675,516
2372,2764
94,2706
3492,314
4567,1097
1683,1724
5883,774
766,1298
998,638
2206,516
1805,172
294,2471
779,1991
3678,935
722,1228
2563,3005
1312,2225
1823,980
508,2171
2917,1776
5150,2091
2407,1674
2285,516
1357,921
1703,1329
1918,1217
999,3162
1627,516
4559,1623
5927,965
3306,2002
3206,832
644,2705
4431,2377
888,1116
1280,1640
4325,638
2620,1674
3411,2698
1950,2374
2258,2490
324,2471
2955,203
5448,1906
4737,2797
270,959
1939,0
5624,1085
1083,1476
3299,1181
1487,2091
1105,1006
3321,2660
5265,1906
1669,1573
3539,2065
4444,2171
5177,1793
2219,1451
5558,438
1929,1389
2693,324
2242,2374
2550,2490
1736,1748
2784,1674
3988,1110
5089,2848
3382,1071
1697,1002
3390,666
2440,1046
3916,2173
2364,2256
5,516
5910,516
2787,2847
1553,1748
973,1173
3418,1667
4538,1698
3858,1939
5040,633
1060,832
2199,1105
1569,2924
2352,1872
5471,1085
194,2374
218,516
4958,1237
4383,1006
4006,3005
448,978
1714,1292
4928,1331
1244,2346
2032,1867
523,334
4000,1241
5065,2797
5865,1389
2515,294
2258,2853
5508,2549
4596,1006
375,3065
466,968
2823,1844
3561,3005
5774,978
4046,310
1940,1002
5188,1820
2963,1329
3481,1026
4412,138
5223,57
3502,1085
1844,661
715,1793
4048,1029
436,2378
672,965
5424,986
2029,643
3763,2065
4002,2310
2271,2162
1794,2466
22,294
2601,2037
2763,2853
736,1623
4552,2225
5227,1640
78,1623
534,1674
888,2660
2510,1626
1321,1724
1266,3020
4215,2310
4349,324
5825,1451
1883,710
1830,1372
4765,2225
5744,294
2870,1114
2696,998
1923,1011
4017,3005
3607,2841
1692,95
3345,2841
1924,1421
919,2131
2394,138
3018,2217
2278,2407
430,1674
3417,465
5287,2980
4869,1006
3485,2326
221,517
2879,301
2695,2466
766,2037
2901,2800
4990,478
2280,9
5532,2747
5623,2111
4752,2821
3470,2728
5719,2344
4266,1844
5892,286
3428,516
288,1217
3166,1270
4611,832
5043,489
5203,478
2011,2184
4831,2821
397,1389
672,1557
1405,2374
4215,337
3055,1173
5560,2176
4206,517
4114,965
1318,685
5019,1071
447,2378
3338,478
2768,1116
3731,638
3056,2980
129,2217
4059,2426
3159,2398
5874,2753
2651,945
3435,2976
5801,1228
5331,1013
1640,1086
246,523
301,230
793,921
4749,1331
4912,3015
3191,1569
3993,759
3203,2626
5937,1991
1859,1389
1378,2779
464,2853
1966,2949
775,5
3925,517
5236,79
996,2862
1810,1389
1753,2841
944,1211
3186,1117
4144,3035
162,2407
1423,2377
3799,1051
5573,1606
3238,489
3384,2529
488,1116
92,1116
5472,2426
3010,2059
5140,1724
3920,294
5852,203
5463,2377
1082,1037
1178,516
2833,1837
4471,1565
3612,1575
5214,2841
305,1116
2581,2821
5076,921
445,2816
830,2398
5240,1029
3452,310
4498,2378
3830,1919
1743,638
1781,930
4365,2980
1316,1096
1872,294
2887,1026
4613,2853
1295,1976
777,64
264,2660
326,128
2103,2378
219,968
3269,310
93,2549
2209,1084
1956,638
4530,2037
5944,34
3282,774
2838,1026
3540,1298
4584,1748
3328,661
5155,517
2450,2378
2028,928
5942,2590
4994,865
4113,1116
68,1674
5047,2906
1783,1097
5305,986
5358,2310
5721,2133
5117,935
2768,2660
1486,1813
4330,821
930,2349
5417,638
2781,384
272,2349
5735,984
373,1906
2529,1331
4979,2398
3404,1006
1885,1000
5080,760
5905,2829
1151,2173
1433,1105
1003,1026
2825,1329
3310,2310
343,953
4247,1173
1840,705
3736,203
5291,2377
5050,1002
2649,1517
3831,2426
1754,638
183,1903
1656,1298
3101,3075
799,1906
3118,2490
3569,965
4758,2816
5305,1228
5672,756
5530,1575
244,1095
151,2853
1178,1939
151,638
1565,1116
2024,2862
2527,1793
80,2155
2358,523
436,1036
3015,2779
5944,397
494,2963
36,1331
2656,3075
115,2378
1882,1991
4284,2344
5449,1623
5283,1331
1572,1011
2348,478
5474,633
5119,2162
5349,2853
5447,1698
3167,517
2869,3075
5185,1698
5400,1623
2862,1867
1833,5
2798,2377
2404,2975
5360,2453
3460,1035
5562,638
3659,1918
4383,1195
4185,1476
1394,79
2003,1355
3918,1095
4725,666
17,2378
2314,988
1039,1837
1631,1483
2116,478
5024,1228
5373,1116
5521,2034
1116,1037
713,95
5641,638
5739,1173
2051,1517
5797,2346
2932,1037
629,2841
1216,1389
4509,489
4505,1013
231,2980
5692,2037
458,1976
2839,1748
4153,1793
5252,3162
5178,998
4273,2841
2843,1867
3901,1020
3192,294
5236,710
19,64
1481,1027
77,1237
130,1329
887,517
4614,138
3468,643
5340,2753
73,2515
250,1919
3410,2853
2496,2927
1383,1623
5803,3157
4282,2553
1398,2426
1615,2949
5352,1006
2198,789
4861,954
797,516
3235,1051
1244,1730
573,1525
1459,1389
4437,2841
4936,310
3506,1285
2329,2706
1334,1623
5895,881
5721,2980
1905,2378
5914,2880
2913,1939
3372,2453
2887,489
1849,1251
309,1866
4912,2841
4254,2841
5605,324
5844,2821
116,2225
1065,2374
3150,310
2145,1020
5899,478
1809,3020
4825,2549
3701,1581
4117,2728
2658,1016
2639,774
753,1698
4552,441
1539,2378
5350,2407
1081,517
1086,2847
3913,225
4014,2980
1257,2665
749,946
936,1038
616,1585
1337,1116
3011,2753
3656,2225
2909,2705
4829,1099
5071,2847
1394,1623
783,1698
2908,1019
3381,714
4088,1101
4568,2492
4697,2377
4031,301
132,2182
1744,2150
1656,2037
2048,1329
2681,1013
802,930
3342,493
4143,2205
2111,860
874,15
4153,2398
3905,1101
20,2126
1978,1270
2711,2841
2857,2407
1248,1919
1028,1421
1019,1867
5262,321
251,9
3441,1640
4222,2205
1395,397
2720,3075
4895,756
5421,2300
1006,1110
4084,1517
4232,2398
156,2660
4378,1698
1343,1698
2432,2379
4528,1228
4593,1623
4989,1623
1198,1051
5453,37
1184,1116
986,643
3851,2706
4205,760
1775,2789
1472,2980
4679,1811
5682,1028
5883,1018
4544,1623
2013,1614
3408,1355
2527,1606
5096,638
911,2391
2867,1674
3426,1372
1239,1173
5876,1015
4984,2797
2430,2841
458,1776
1181,710
3858,1002
938,952
1103,1285
1846,2790
2581,1024
2832,606
4038,1872
3644,1487
2591,1217
2424,57
3568,2660
5512,1906
2038,516
1014,3162
3094,1020
3127,968
2698,2777
480,1013
1805,1476
2634,1035
2289,1037
3865,2065
1482,1991
3110,1903
5006,2155
3146,1331
147,988
186,2377
3598,2660
406,2151
5507,865
758,2310
439,1776
527,1623
5570,921
3359,1331
2963,1331
69,516
5840,516
788,203
2701,1331
4019,1606
235,1451
5101,1116
5772,1055
2236,1002
3428,384
5241,2853
652,1776
1146,3065
4943,1173
2266,881
1154,2660
5567,1037
2993,2378
3800,1195
1076,1020
2731,2378
3144,1793
5314,1116
1635,489
2034,2975
5293,2225
4656,1116
456,1046
1184,324
3768,2374
5065,1055
2171,2980
617,1674
238,3075
2697,286
3643,2379
709,2660
520,2495
5131,2577
4269,2841
3204,1285
3873,2841
5323,2747
3785,2728
1844,1013
5027,1702
4485,2173
2088,2393
2988,2155
218,881
3069,1097
4822,775
2702,1569
5073,128
451,3075
5088,2880
3228,861
3830,1195
380,2377
3343,2797
5320,5
607,1336
5385,1117
4189,310
3807,1211
340,1517
2748,2853
4154,1026
3851,1217
2397,1872
1275,2963
523,1867
4107,685
4468,139
3181,1688
2489,643
2702,1919
1482,489
5749,2747
733,2091
3137,598
1562,1421
2032,138
1476,1906
1629,953
5497,1479
5350,5
711,1285
3665,2151
3854,2841
208,930
4461,1038
5357,2344
5725,2511
5095,2344
601,2847
451,1331
1088,225
4417,968
143,949
2328,1075
2092,310
662,1285
1560,1203
2864,1055
2886,2800
2074,1195
5613,2980
1934,138
3140,172
1134,2034
1378,2660
2068,2841
3637,978
5774,1585
1911,3123
417,2393
498,1298
714,2091
4389,1027
3365,1458
5402,666
5006,666
3658,1451
4250,1097
690,2407
1352,1560
1419,2553
510,756
4087,1564
4228,520
1141,64
2832,1116
4475,397
4580,2665
4067,1097
528,1298
4862,1331
4170,286
548,193
4918,1906
4328,643
5472,1260
2399,968
4140,1575
2655,2880
4221,517
4135,1002
4766,2037
2580,2706
3518,774
1121,2980
345,1298
3430,661
4634,1329
324,2407
7,2471
809,1698
4792,225
4415,2453
3570,2398
5721,954
5559,2841
4399,1462
3946,928
5025,921
654,1006
3733,3035
4072,286
3507,1002
3889,1067
2595,1674
5356,2374
4981,1036
5060,1329
5110,921
1749,1623
5402,1029
2602,1835
1105,1063
2115,1451
3481,2706
5454,438
4435,230
1410,881
1804,1037
2136,1510
5414,1039
2096,2377
4388,643
4327,633
3976,1867
1834,2111
5769,449
3511,1013
3949,2407
1829,986
3823,1773
2303,2037
364,1674
715,2426
5859,1776
2242,337
2106,705
640,37
1992,1623
2233,517
2350,1331
2150,2963
80,1097
5792,968
2466,230
4993,1517
1237,1195
2049,1110
5003,2205
2630,2553
3707,1719
785,1071
3784,1939
4677,759
2717,980
4875,478
2233,2853
3606,2310
3358,1013
3210,95
3255,1329
5216,2205
1472,954
5295,1037
1506,2753
2917,1270
5453,1623
4362,832
2044,1116
1101,489
4931,760
1782,1116
3243,1211
10,930
598,1329
3698,2249
4679,953
3392,516
5742,450
1162,1667
281,1918
398,517
2414,1329
2932,1026
444,633
5492,2490
571,2660
1175,1606
5841,2378
3396,1389
4831,2515
1995,1116
3552,1902
1754,2747
1115,774
198,1331
3214,3075
4959,714
523,2848
196,2490
523,633
2574,5
5762,1038
5459,1000
5133,1510
4875,720
2325,469
401,384
2423,775
3823,3075
3544,1674
806,1372
4801,1939
2117,705
5830,1623
19,1221
1449,2003
4871,722
2159,1116
2971,2980
1684,557
2553,1006
3270,95
2628,2577
565,1919
3643,2326
4878,2344
3221,2862
4666,438
5796,928
758,2728
4748,1002
708,921
42,1097
2962,881
4288,2478
1308,2377
3648,1623
3228,1037
2753,1939
2032,193
2080,1173
1569,203
578,2797
2823,1217
239,1116
3302,986
1321,2841
3556,2034
3782,2377
3823,2378
4535,2880
1945,719
1293,2779
147,1527
1484,95
3533,2841
3414,638
5486,1116
2366,2698
5873,64
291,2740
2734,2865
1650,1067
2956,1517
1144,441
2942,1582
5726,2037
4084,1372
5660,2171
5598,310
3982,1095
3161,2151
2309,1117
1526,1674
2166,2300
944,1026
1137,172
641,988
5135,2471
2143,1084
2146,2816
5873,2171
1499,1019
4727,956
4995,1939
134,928
4093,1084
1889,450
3026,2865
1190,449
5269,2407
5720,128
1432,965
3748,3035
4739,1195
2421,1479
4083,1793
5862,706
4733,2841
3549,1105
3857,1221
2771,774
4075,397
1647,1038
3345,1046
5814,2880
4375,100
5474,1011
992,2800
2540,1026
530,2217
4597,1906
4232,990
2408,2829
3349,643
4990,1837
3412,928
3174,1285
1620,2490
1639,517
1188,2567
680,1114
241,478
4714,2841
526,2862
2966,1026
2444,2378
871,1813
401,881
5699,203
327,666
399,2003
4198,2924
1623,2091
3581,1006
2521,1026
1475,1698
1289,2511
3639,193
2524,1031
1994,2034
2866,1963
4994,3016
2052,1221
5861,615
3034,1776
4383,2862
1697,993
3772,1476
4106,598
5303,324
776,2865
2137,1036
700,1298
4556,1329
4606,921
392,953
3711,1237
2126,1372
4487,704
4988,986
288,832
1401,1116
3875,1116
4434,2800
2691,1329
3138,557
624,1195
2047,998
3886,945
3669,193
2784,968
933,489
537,489
1614,1116
671,489
1643,2571
3692,1116
2162,921
1763,2407
2850,2490
4416,127
5424,1674
2093,821
2984,1029
1289,2753
5690,1793
631,2753
924,1837
3301,2133
2721,1329
4933,1292
235,1211
252,2841
4557,2173
1248,1116
5398,2789
3084,334
2227,3157
1186,9
1380,1006
2572,2374
2401,2492
2050,757
5680,2660
1690,2171
5243,2393
19,3020
4520,1244
327,921
2338,1389
4035,2249
4804,774
65,921
3267,1623
335,516
1868,945
3179,1510
4846,1939
1343,1016
3538,1793
4756,2396
4112,2065
757,2841
1178,2346
722,1837
2057,1002
4146,666
658,2310
5469,1285
1317,2949
93,57
3035,1623
3109,2326
5397,1116
3982,3123
4431,1000
2844,2028
561,1101
996,2490
3174,1903
177,172
3472,1331
2353,1939
3528,1906
1735,2829
3242,2037
5606,1640
602,321
2087,1002
4890,9
3795,1203
1099,2847
5593,2344
395,516
4013,2594
1847,1020
3306,517
267,1270
3044,517
5339,478
1552,2829
1853,2003
1915,666
2978,2378
3589,2037
1932,2821
2300,1002
2995,1527
177,64
3580,2217
4308,1724
992,1674
2554,1821
3300,1116
5948,478
4702,79
20,2975
832,638
4533,1024
1305,858
2411,954
1129,861
1127,2249
1017,1623
4556,2176
3534,2451
3589,172
3394,1919
3117,1116
3492,10
4290,2205
3638,64
236,2980
4453,1674
4711,20
3448,2155
4864,1016
500,286
968,2377
813,517
3407,2797
4962,2490
3611,2563
4304,2490
1553,34
1327,1906
2091,2827
3321,478
700,2976
304,2976
1476,1211
1125,230
1980,1010
4986,2066
5948,720
3129,1476
744,2753
4653,1331
446,1110
1809,2848
5603,1476
5551,1020
4274,517
3622,2577
2560,2753
3534,478
3651,1063
1147,3143
2730,949
2702,1116
1298,1097
3860,1173
4904,1623
807,1991
1676,225
4523,965
3788,516
2690,998
5116,1479
4235,1730
5692,2349
4484,2205
5012,2553
793,1046
4365,756
4919,2133
576,294
3415,1173
5602,1372
3153,1173
1054,821
1909,1372
584,643
4524,520
718,643
568,1867
286,720
2115,1211
4702,2549
5225,2553
4352,2665
4913,517
4470,2391
2097,1019
645,20
2083,2841
2747,2821
4595,1110
3055,493
4519,334
3495,2980
3223,2521
4087,2626
1759,2451
2934,203
1557,516
1827,2326
843,1698
3269,193
3434,489
4425,1867
5165,2660
1023,2797
4970,1667
4041,2924
4870,2217
4913,2853
1656,0
4331,2205
5265,1026
3620,127
2054,2490
3121,968
1293,1116
3094,2003
4741,1285
2528,1097
1418,64
103,1026
2536,1217
3518,1018
5073,2963
5434,2151
114,2841
1564,2747
2684,563
1619,993
4943,2853
2639,1086
5034,2217
4285,638
5689,2377
3430,1844
837,203
4980,1688
2022,1117
430,310
3785,1483
5574,2841
4860,2037
1567,1476
4679,3157
5711,3075
670,965
2387,986
4699,2577
3928,2471
2013,516
3365,2065
366,968
703,2310
615,2426
5787,2841
3442,1036
3046,1036
2975,2553
1122,1476
1428,2980
3200,2671
2527,1905
5593,2975
505,1019
3767,15
4956,1866
4290,1776
1261,1002
4501,10
1723,2753
1281,193
658,968
3015,1844
3519,1606
2278,1285
2975,230
3016,2217
1383,1372
4829,714
2000,294
5522,2398
983,1667
3275,1919
2626,1510
5425,516
2078,1116
660,2182
918,2706
1314,2706
2252,774
4701,2407
4043,2407
4771,2880
2687,1116
3769,2841
2002,1013
2418,3143
5338,2927
1979,1524
4161,2133
3013,54
4935,1527
5062,2800
5938,2205
3319,1329
3622,1101
4620,203
414,3065
3444,2492
2675,998
4552,1237
266,1918
579,2378
3263,2151
3848,2841
3564,1096
3524,1963
3737,1024
4957,2225
3284,1456
2620,15
501,1906
3216,1029
420,520
1991,1241
3403,2841
2491,1527
2565,1476
3647,986
5653,1110
2540,2880
5871,286
592,2963
124,643
4071,2482
4673,2816
4888,489
2320,2059
2389,2455
4376,2300
5286,2750
3099,1568
2772,1173
3508,2490
2412,2816
3262,1037
1280,1270
3420,2377
211,2453
3425,2492
5450,643
5782,1116
4839,489
1186,1837
5694,774
5931,2407
3527,1456
4437,1906
261,998
452,2515
691,2797
2508,2002
3478,517
462,759
3738,1905
1482,1606
5212,1939
43,775
738,2091
4014,756
2045,965
3846,2377
3885,1285
886,3157
1612,1837
2579,2821
4052,230
4628,1329
588,1285
1548,95
4757,1251
56,2407
3024,993
1525,2326
2523,2660
4090,1919
279,1698
3727,1867
5437,2407
4339,2660
2577,3162
3406,2455
1319,1211
3714,127
1148,1329
1769,1905
1475,1458
5752,203
1798,2377
2078,2660
3599,3035
2821,489
333,1116
3688,2326
584,2684
4311,1285
4562,2853
2342,2706
47,493
5143,2310
3508,638
1409,57
4454,516
2558,789
3647,1241
4373,1116
2702,16
3194,1939
4049,2453
4543,1793
4646,1211
1292,1872
4351,3020
3250,1016
4194,821
2069,517
4059,633
2229,1903
3435,954
4746,516
2072,1919
5076,2377
680,1237
105,1006
3441,705
1865,1626
3683,2453
3079,1026
5923,2249
859,2865
85,1027
4030,1285
2581,1015
2801,1018
4697,516
2238,1844
1708,2847
2708,1793
2033,2378
5249,1029
5786,968
5097,1389
2989,1483
5945,732
1999,286
1610,1228
5058,643
510,2344
5426,1564
754,489
3384,965
5507,1674
1880,1991
3703,193
897,16
993,1939
2244,2453
3421,1032
1788,2173
4971,2862
1684,1298
3160,2425
3518,2133
1845,2155
2831,1203
4254,1006
4226,1173
41,2660
810,1939
1230,310
2276,2378
2338,1270
2498,993
4468,935
2124,523
4388,3157
5714,2502
2679,516
5215,1623
4716,1939
2880,2492
5523,1510
32,1793
4263,3162
2224,875
529,384
2979,2205
3099,321
360,1329
3582,2949
2496,516
5094,286
4397,2344
5939,1573
1656,310
1633,821
1757,1116
2373,1119
2550,523
2436,2865
5590,638
192,1903
624,1560
2353,881
4182,2126
5818,2451
1812,1991
4114,945
143,2684
550,2779
170,1097
3964,1674
4246,2821
5825,397
1107,1421
2953,95
1974,1006
3357,1905
5544,643
1158,2140
4642,2003
521,1031
5571,517
3680,1097
5614,1116
1214,1483
942,1024
3693,1036
5892,1097
5818,128
64,2512
5050,2471
2025,1173
1674,2407
3553,2490
2914,517
3289,2151
3846,1251
5410,2225
5062,2976
1244,1776
5475,930
4005,1015
5001,2471
209,1331
4739,1010
370,2151
4909,1421
559,2841
2197,2569
4439,489
4857,1002
4731,1829
1283,2377
720,1217
2091,2816
5554,1573
838,980
710,1963
4115,2728
4652,489
1319,1024
5758,2800
4070,1036
950,2847
1060,2490
14,3162
2092,193
5120,1991
2226,3162
3487,2378
1042,1389
663,2790
947,334
200,2800
1332,2131
3089,1285
5126,493
3271,2753
5399,1820
444,945
1593,2660
1051,2377
5528,15
3953,2558
5625,1116
802,2841
1996,2821
1555,2553
5779,2980
4103,516
4373,2326
1940,2660
3564,2453
5489,666
4494,1606
4766,2028
2422,2111
4700,1674
3513,2407
685,1623
5405,968
1757,2660
747,57
5382,1479
3443,1116
3209,949
3453,1575
5452,2706
27,1128
3709,1006
4505,2374
4171,1037
5002,965
1970,2660
406,666
1075,2976
2998,1116
5357,2590
648,953
730,992
2131,1036
5274,2821
3543,2407
3653,64
5695,1831
2885,2407
4666,1918
1787,1906
27,1020
3631,1702
5663,832
3357,416
3586,2225
4374,1517
4883,1623
1323,984
3002,1945
5001,2847
106,1020
2174,1793
5799,2827
3507,1114
4627,2377
3424,1116
2013,384
843,2747
1748,2853
2166,2841
4580,2790
953,138
4697,1389
1264,2740
1838,1026
3569,945
4930,1331
5816,1195
3049,2407
3125,968
2379,2841
5803,438
5863,489
3177,2821
990,2622
2191,1329
5016,324
2511,516
1036,294
4737,643
1853,516
4943,2963
2942,968
459,1939
4019,2349
4024,478
8,1020
890,2391
1093,2225
1635,64
4102,1071
4924,1674
3778,193
5450,1195
1257,643
2633,2549
904,1013
4255,2747
4513,1285
2147,2841
2400,1035
2572,2310
404,138
705,1298
1777,1581
1080,2407
1935,935
3912,2344
3993,1020
1883,2502
3151,2660
4677,1918
5857,1963
3600,1476
1864,3162
2098,1114
3758,2816
5274,861
1829,172
769,946
4924,2963
4788,1116
2178,2800
5201,1285
2969,1084
5736,397
5746,1085
3082,961
3514,1372
2633,1623
3089,1674
33,1026
4723,2155
3615,1195
1872,1939
1144,1237
4279,946
552,1096
1634,2821
2740,968
2394,294
5683,921
5557,516
3327,1667
741,968
2456,2377
162,1032
4694,1575
5580,1173
924,3075
2524,2511
1631,1476
3424,324
1345,1119
1670,2865
5638,2841
2857,1674
2893,1331
1546,2829
1114,203
4171,2702
5632,2797
2574,1285
1529,2862
3800,1483
1749,2111
4065,2949
3368,1331
1470,1006
348,2326
2232,2753
1884,1518
2268,986
2545,998
29,1563
3642,2065
421,2841
4277,95
3466,1085
575,2490
1244,1831
1461,139
3319,1331
4666,321
3019,1793
1906,489
3181,1626
3468,865
4251,2065
5400,2797
1804,478
5808,2326
5319,1640
5312,2684
3830,1483
2961,3020
3942,1724
4969,1527
5932,3035
2252,2065
2279,1939
2795,1001
5751,516
1664,848
5399,1525
5781,2344
748,2310
3618,1748
2539,294
3774,2490
400,1038
4151,1016
579,286
4335,837
4624,2660
2953,1331
5558,57
5754,935
2306,1483
3328,225
2367,2173
4853,1702
1587,1015
3256,2271
3741,1037
730,1623
3839,2326
5212,1820
1184,1793
2595,310
3725,1029
4422,203
5382,16
643,2378
927,1908
2016,2589
507,1285
2964,1116
3836,2028
634,1097
923,971
3351,64
4414,1776
2970,2816
4300,1674
5287,2344
5564,666
2470,1483
4674,1097
1554,959
570,294
575,638
313,2853
1700,1013
3911,1569
2885,1173
3231,1581
3969,1510
1383,2797
139,1010
3203,1748
918,2963
1742,1195
2767,2349
633,993
5261,1015
3557,1458
1143,2034
4787,1095
5776,643
275,2453
2173,2549
1777,2549
705,2037
1685,516
3918,1585
3625,286
4324,812
565,2407
458,1527
5525,1182
4369,1228
4919,1372
1290,633
3834,1564
5362,666
5119,3123
5701,95
890,928
2657,2490
370,138
1777,1623
2647,1479
5025,980
4345,2453
5322,449
3789,774
714,1116
2221,324
693,993
1101,64
1278,1683
5055,2091
3382,127
1936,2326
3758,643
4429,2797
4656,1793
4737,2684
5492,2065
1132,2797
1908,1032
5560,1674
3652,661
2561,1331
5768,2377
5102,2553
4380,2797
4996,2800
808,2821
1969,2853
546,2821
4099,828
3794,2407
4258,821
1608,2847
4932,2492
5178,1730
2172,2660
2444,638
100,2182
1998,1046
4338,1524
4496,878
5807,2426
1569,1872
2056,2219
3739,1195
4117,64
844,2865
2947,212
1235,2521
5011,2492
4744,1919
814,478
5012,2865
4838,1517
4241,1298
1787,230
4449,1476
1453,2865
2224,756
782,2660
2542,1331
2881,1026
603,968
3717,1298
5856,517
2149,2797
1724,1867
867,489
4895,1004
4442,1702
4022,1116
2754,921
1317,954
1532,2865
1900,1046
429,2249
5310,465
1858,3035
3458,2471
4702,57
2651,685
1405,20
2573,1031
5539,1456
3371,516
5869,1331
1698,2753
5764,1574
3186,965
3243,1270
550,2660
5383,2377
5605,2453
1974,1116
2399,2571
5255,2865
2736,1173
3780,2377
2821,988
5720,1918
5756,1575
2428,10
3269,2841
3622,2205
5908,397
4029,2300
1307,774
2076,1285
1138,965
603,2378
2370,1991
5916,517
78,1510
3216,965
458,2963
5258,517
4606,2577
96,1793
4456,832
874,397
3905,1483
2129,64
3211,1560
5182,643
5158,57
5514,1116
2016,1355
3186,978
1033,1329
1212,1560
738,1906
2639,1748
3587,2490
292,1331
2866,478
2012,832
4980,2350
1597,2310
2794,2790
638,921
3370,1674
908,516
371,1331
5397,194
1042,1270
2492,3162
3230,2862
5083,1724
3317,2979
745,0
5805,928
3797,2155
1906,557
209,1683
4999,2521
3440,871
463,516
5666,998
4833,1963
2653,2706
5870,2225
352,1173
1356,2490
2748,2980
3092,2753
3822,643
3887,1038
676,516
4284,2660
1,2821
199,1116
271,2453
870,1055
3948,230
2447,1002
5446,1116
4004,3020
5818,493
628,704
5880,1573
3404,517
4111,2853
5484,2310
5921,1116
5236,1013
2010,1674
3737,397
1703,2426
4258,1331
706,516
2850,2065
1795,968
3832,2391
5587,718
220,1525
1753,3186
3561,2571
4996,1674
1271,1456
149,598
5646,1527
1303,1674
5701,968
1375,759
4135,1116
3374,1698
3873,1116
4043,1793
3599,1032
677,2151
3547,128
687,2344
3617,638
4407,757
4847,2490
1542,643
4759,2377
1526,1867
1782,1793
2498,1963
5280,1325
3628,2453
4065,2225
3669,2225
4185,1095
157,314
1386,517
1315,2034
1320,2378
3689,2059
4921,1099
1211,930
5423,34
2169,633
3132,2407
4570,2747
179,2934
583,2529
4898,2549
2995,3075
2219,1393
3366,1298
4104,998
1533,1331
1586,3143
2957,1773
2599,2028
3146,2426
2781,1776
3734,2862
4177,1476
4417,2626
1134,2753
5071,935
5721,2249
3909,1173
493,1939
3709,324
2475,1211
1630,1119
1523,2979
4429,2865
5431,994
3202,493
2488,921
2223,172
5294,1623
4750,705
4984,643
3189,968
1838,1270
4137,478
4156,720
205,2182
5456,2853
2443,2841
452,1793
56,1793
1873,998
2179,516
2597,275
4765,986
3629,193
2321,865
1316,1575
5268,294
1761,3157
2482,1456
5553,921
5866,1906
2984,2377
5236,1510
3458,1479
3582,1020
3150,1097
2594,2865
3325,1623
3547,2490
1578,3157
5021,2753
4135,2660
2634,1217
5757,1626
3033,1451
1453,3162
1630,314
147,2217
976,1776
217,1724
3476,974
5565,638
2020,2980
2956,450
5792,1095
638,2949
1213,965
72,57
5583,921
1293,2880
5698,1167
735,1606
2249,1002
2791,1285
3438,2853
5475,1095
3019,1674
390,2325
3227,1623
362,2492
3089,1918
1745,3162
3419,1793
1874,832
4907,759
2328,1002
3549,1085
5228,2800
2575,2865
4655,952
3848,1906
5515,1581
3402,1331
236,2797
2156,666
1625,478
2031,900
3853,1203
649,1623
3987,1203
1895,1241
250,1096
2234,478
439,1032
2872,994
4200,1203
1223,848
4165,2377
5636,945
5106,2702
5419,947
200,1918
5016,5
2392,1000
5895,2862
2569,138
581,2549
4368,2184
1075,1623
3518,1748
180,1976
5848,2521
875,286
2000,661
773,2490
2325,946
2755,1991
5823,1939
2519,960
1086,1903
482,705
1249,1372
2722,2753
3166,286
3324,1101
5451,1020
3692,1793
2473,965
3364,1173
3242,15
5530,1020
4289,965
1526,633
2706,944
3554,516
1575,1020
4421,2841
5288,2426
5587,1002
618,229
3374,2800
5086,2706
370,127
1285,921
4430,3075
5901,1872
5400,2344
579,1698
1248,1793
4882,203
4515,2853
635,812
1268,230
4067,2205
5579,774
3182,2980
3301,945
4438,2377
1267,759
2946,2703
728,2171
2534,1483
4879,1036
4912,984
1577,921
3351,1476
3483,878
5271,1331
4517,1623
4739,2490
2619,1298
4758,517
943,3035
1330,1458
2419,1910
3761,822
3792,172
1474,2671
4002,1702
2324,2841
5593,2779
3970,2393
4954,1331
4374,756
4178,881
3510,193
4666,1867
1264,2797
3413,489
1472,760
2196,2777
5589,3010
1879,2841
1695,3020
2237,334
795,1006
1163,1173
1178,1976
5089,1906
2341,2377
4643,1331
1312,478
4681,1623
2805,1020
797,2284
3032,16
3992,2044
4283,759
5200,2151
4085,774
2674,2028
4575,638
626,2173
1770,2790
3895,2111
629,2407
1522,998
3018,1020
4673,2378
1230,301
2352,930
3835,1013
4499,2225
4275,1285
1596,2344
2138,449
5207,1036
434,138
401,2176
976,2407
2237,1623
3123,1487
5272,1919
5585,2379
1104,2821
5627,1329
1898,1110
993,775
5881,2377
4757,921
2615,1919
5896,965
1228,1581
2386,1867
3345,489
5370,2841
5330,1456
2663,1623
1061,128
2508,517
3339,2660
5438,760
2181,2108
4455,1000
5382,865
1502,1002
5313,2980
5187,397
1283,2126
2580,1036
5076,2515
1798,1000
3474,1020
4262,1773
3797,1902
3396,1329
4700,1181
5400,2841
5796,2841
219,1623
4226,1527
2478,1698
1963,286
2431,1623
3172,2789
3674,1724
2072,2407
3913,20
4947,2980
5852,871
3971,2176
5483,516
1426,1020
1567,959
667,968
2692,1105
5426,1702
2418,2034
1003,1560
3902,2490
3081,1560
686,2378
1321,2660
2594,3162
4982,1173
5259,1939
3049,1793
3169,2841
411,638
1118,1254
4253,2949
1995,1298
3165,921
1706,1195
4827,1235
3163,57
3032,1560
4524,968
5513,516
4718,16
5014,832
2562,1116
3021,2862
2919,865
5218,2059
2936,3020
3230,986
2841,945
2753,832
5289,1939
867,1793
172,1002
3683,968
452,1285
2754,2225
2847,2453
3566,2140
2358,10
1680,95
1778,1421
95,230
2509,1640
2929,2980
451,1097
2617,1173
3851,57
554,286
1524,1016
490,759
4115,1564
5861,2515
1274,2827
252,1116
56,9
1086,3005
1446,1096
2726,1116
1162,2091
1277,92
4904,1724
2256,2133
1860,2133
4974,1002
5437,9
1280,1329
4032,2963
5911,1585
1809,2841
5401,1483
872,1211
3716,2205
4311,1331
1613,2377
3953,1623
1494,965
5486,1298
4252,1919
57,998
883,2797
3670,517
1175,2151
777,1095
3994,2563
932,1117
4820,1329
3357,2393
1841,2133
4451,1203
1034,1101
5611,138
4327,310
2792,2880
326,1051
3860,2455
1506,1096
3517,1298
1961,1905
2078,2490
1594,2377
1596,2975
2750,2065
1721,203
5513,1939
437,478
4620,2853
917,1640
2911,478
1345,2841
3888,2150
2907,1002
5034,921
1150,1582
5921,2407
3199,881
3870,3035
4305,2963
2624,384
5347,2549
80,3065
5360,1027
3419,1298
3123,253
3043,489
5142,2790
4378,1640
5692,2705
1843,2155
728,253
3574,2111
3873,2407
977,994
2935,138
397,1173
4506,2091
4535,1331
2386,633
450,16
4142,2797
214,3186
675,2349
2765,666
2426,3186
3412,1002
5814,3075
2613,1026
4041,1173
1548,1456
4619,921
794,2980
1331,704
2549,1270
1654,1623
1630,1000
840,1635
4424,416
2758,2841
2570,1329
536,1372
4259,1517
589,1006
1351,2753
5384,1626
5456,2963
4160,2706
4554,2862
4795,1002
1499,638
5016,449
5599,2490
5439,286
5814,2378
868,2003
2504,1096
2256,2980
2411,2625
3321,3075
1375,1016
4095,2698
4343,2800
4110,1020
3105,1730
4464,57
1713,1011
677,193
5264,1867
5756,2558
3109,2374
3138,3075
2068,2407
779,1372
4151,2980
5469,286
5073,286
3132,557
5405,759
1893,1063
47,928
1215,1939
2347,1270
4591,2003
5453,1510
5053,2034
5723,1105
643,959
1474,1116
2498,1173
1868,1006
2632,1173
1009,1016
469,1331
2688,516
4639,704
301,1195
5203,517
363,1844
3119,968
1997,2059
268,523
5486,2037
4471,2059
699,3190
959,148
1838,1285
5671,1036
4102,1667
5222,1698
5795,1331
5814,1573
3317,1626
516,1793
4757,881
3728,968
5474,1919
320,1329
2144,1476
5530,2753
237,1331
3487,1027
3690,1844
4836,881
5254,2855
386,865
5756,1524
5071,1421
5550,2853
2169,193
3232,1905
4956,128
1900,1237
1153,2471
2626,1866
4551,79
3300,1285
103,2684
5859,1329
2989,871
408,516
3505,1919
1808,2816
5836,1116
1013,2841
5591,760
3764,638
312,1976
866,1101
1184,1905
5327,2407
5487,2396
621,516
4186,1270
5380,1479
3243,643
4141,1793
1737,1071
5483,705
1644,2829
4261,2841
5596,2797
5653,1116
207,2862
4710,489
3865,397
5023,949
2896,2750
738,1037
2899,15
5896,1517
2243,2865
839,3075
4614,1195
4385,1372
572,516
3283,2378
5002,1011
4212,2841
5845,2225
5943,2797
4814,960
115,2980
2603,138
3174,930
1037,286
4344,516
4762,2490
906,1035
4791,1730
1785,2660
5842,1173
2292,1939
3281,2453
2596,2350
3833,980
3315,2037
925,230
1090,2549
2465,1372
591,2865
1188,1623
3779,1683
5090,1016
4691,1270
1456,2377
1970,2827
3121,2171
3838,2492
5901,706
4922,385
5402,1776
5197,324
234,1517
1681,1906
2651,2407
793,986
1108,2044
4585,965
2167,2065
2755,20
401,2862
3486,993
4971,1674
3142,954
1397,1100
4556,1203
5197,2660
1940,1793
1176,643
5329,2816
4510,1730
594,2173
2299,3123
3529,2797
2881,775
3839,478
2,1251
3880,516
4995,203
3312,998
2290,41
3298,1063
3811,416
5046,397
2083,1963
5151,450
5044,2310
4889,450
2855,493
3918,1939
3290,2407
3011,1006
494,666
3028,2407
1142,1116
2620,2841
1424,2034
3045,2310
5579,2065
1835,1568
1050,1527
1795,2435
2086,921
4393,2205
4670,756
5288,1623
5723,1026
5003,1905
5614,1793
4306,516
3038,321
1553,1626
4700,1867
4261,1002
2003,2091
2734,324
2973,606
5573,1203
867,1298
2429,1674
2942,1027
414,2750
5597,1331
3671,1173
1689,1406
1410,5
720,1773
4956,517
1382,172
1833,2848
1568,1116
4489,2034
1430,1640
1645,2797
5718,2789
5905,666
1674,2037
1574,2853
1550,1476
1806,1173
3690,139
5711,1029
5644,1793
1559,249
5134,230
5574,1963
2205,2841
5094,1097
3026,95
3117,1674
4209,1872
1628,1517
3414,1372
2469,1867
1772,478
2083,2326
4119,666
3795,2003
3690,489
3019,321
5445,1031
4722,2393
4985,1046
4541,1298
5169,2853
2612,1623
3799,661
406,2377
2990,2249
1851,1939
4621,998
5323,516
1990,822
4736,1510
3667,1939
5257,1919
5885,1976
685,1011
4959,2979
3073,3186
2677,3186
2507,294
3522,1026
4059,1002
1920,1517
4200,2173
4453,138
4640,230
5889,1866
2649,643
1269,15
919,2346
4300,310
2010,1181
2987,638
1214,1476
4946,2407
3657,1372
307,2492
45,2492
1093,203
1645,945
3529,2126
3727,384
5905,1029
5831,2800
4246,720
1990,2111
295,2374
350,95
2542,638
2917,286
3085,1560
5752,935
3209,1626
3403,2660
3823,1031
2902,2378
4523,705
4793,2515
2635,2034
61,1389
842,3186
5247,1702
3342,2155
728,1623
4809,1476
5072,2344
920,1793
600,2377
1649,1939
5412,988
2807,2225
4949,998
835,968
570,2205
1406,2706
4071,1483
1657,2059
970,2553
194,871
5108,1479
2057,2407
5708,986
1754,945
3390,1270
1678,1364
3101,1167
5102,3162
5737,1458
4952,2171
5840,2862
430,2841
707,638
5372,1939
1050,2963
5002,945
5239,2349
3812,2841
4497,1483
3232,3020
534,1097
1150,1329
2497,2571
23,881
1000,2553
2998,638
3545,1036
3966,2490
1841,954
2983,478
5755,172
1737,2065
2052,3123
2809,1116
1367,3020
4082,1389
5045,1702
5310,953
2264,2979
4064,517
69,1936
767,517
3377,1573
4371,2660
505,517
3194,1866
3192,1527
1538,1037
2928,2915
3979,3075
3013,478
1122,1095
2751,478
867,2037
2818,2225
3021,2059
1324,1724
1744,95
4277,1456
2883,139
4309,1674
5388,1667
5243,1020
2796,2880
848,2963
2376,79
5614,438
476,1105
4411,2853
1264,397
1260,921
3290,1173
2813,16
786,1001
1961,968
82,2871
3301,1002
235,898
5357,489
2432,2310
4178,1046
5816,20
633,1173
227,2471
2873,1006
5089,2660
4113,1331
703,2171
4039,1116
5885,1776
4565,2660
2509,729
2622,2821
5217,859
1149,1211
5860,965
1978,2490
4712,1101
2585,953
3065,2344
4452,2490
1991,968
4584,1626
4308,230
3019,1181
672,2979
863,1527
2191,2490
3213,1195
1781,2326
5217,980
4571,2037
2258,2665
5028,1724
2929,1372
489,10
3956,2407
1786,1623
4742,1101
1328,516
4203,2284
4936,1906
4831,2378
4067,1228
2697,1251
5768,2665
4006,952
4840,2841
5928,2425
4422,638
4210,230
1927,57
1202,2511
827,1173
2570,2378
2854,1908
4972,516
751,2346
5550,493
2031,1575
5527,2495
1630,1002
2077,230
5127,1329
3931,2471
2697,1372
5214,1217
4467,2451
685,945
1487,172
2901,384
4644,1626
3393,92
2524,397
435,2490
56,1905
1988,1097
546,1015
1716,638
3170,20
5436,1037
4135,2880
5272,2326
5031,1217
1703,1867
3267,2841
3045,2728
5552,2151
3110,3123
4263,1116
5023,2790
4770,2344
1437,930
5701,1456
1924,294
1879,1046
2724,1101
3935,2482
3257,1372
2541,1919
5149,2377
1978,759
297,203
4232,2705
5825,2660
4476,1116
580,2706
1910,1298
862,1372
2142,638
3427,965
5731,517
791,2660
5865,517
2453,759
4294,321
5290,57
2502,2378
5936,397
793,2706
4924,2151
1488,1016
4800,2344
2284,2155
4039,2660
4814,478
2541,993
151,2155
4060,2490
2167,523
333,1674
3442,1623
2664,1329
1124,2698
107,1331
4099,203
2010,310
5676,1116
4889,1002
2494,1820
3065,2841
720,1036
1203,2173
2081,2176
3393,1623
795,2378
5664,998
1303,310
4089,1097
28,930
1779,2225
2306,1476
1855,557
2804,935
2038,1173
2083,2407
3640,978
197,1116
4897,489
1187,1037
3611,1674
2518,1517
3781,1331
448,1866
1671,598
1580,968
1900,2407
1244,3005
812,1096
805,2140
3792,968
5600,2797
5355,2471
1874,139
1707,1719
4224,1793
304,2797
4793,489
3170,1564
4927,489
548,3157
513,921
5325,2979
2901,881
2944,1517
4148,1919
698,1906
2596,16
3389,1867
4263,2660
1472,2495
255,1565
1372,1096
2822,1002
4840,2183
184,2853
4181,1278
4740,1013
1849,203
3523,3035
763,988
1561,968
243,1181
5762,1640
2856,1525
3236,992
1228,2256
3508,1451
3551,64
1763,1331
144,2407
4170,2553
1713,1510
1819,2660
1081,516
5336,2471
5425,1237
2636,438
4845,921
3394,1285
3151,1298
1618,1623
3447,128
136,193
1010,986
1490,2377
3828,988
3410,1000
3654,1626
3370,1867
937,2393
3327,1002
2905,1013
4099,1976
4276,2841
1831,1623
4787,1101
881,54
5588,598
1371,1867
4196,2848
2563,1020
5921,478
1513,230
2726,489
2812,1724
3782,993
2643,2706
1266,2753
1627,517
5930,1237
3091,321
3366,2512
1974,1793
3977,2171
1306,1105
382,2706
2543,489
3807,3157
376,3157
4490,935
726,1698
1373,2034
1225,1116
1898,1919
4205,988
2627,2065
438,1002
5708,2706
4409,229
4020,3157
2432,1560
5474,324
618,1872
1337,310
5600,2126
891,489
703,1421
1214,2162
2432,2728
4170,1640
4870,294
3768,1071
1500,3162
1658,2553
2121,1560
4864,516
1319,643
4464,3026
708,489
1544,990
1244,2455
2579,2374
5872,2706
896,954
3542,1667
5235,1331
1993,1001
2717,1032
3259,1086
3505,324
1729,3143
2641,2205
1593,64
1789,3157
4511,1007
5352,1623
2544,57
3963,2865
1879,1101
4169,489
1681,1116
4518,643
5517,384
3686,1015
4567,2750
475,1018
368,138
2567,2377
3243,2660
3479,1476
3823,1020
5041,1623
1827,1355
51,2151
4318,1228
5263,2453
2364,1560
727,1010
2444,2980
2867,1097
3230,1674
2722,450
4807,2853
843,138
3818,1844
46,1026
3890,1195
266,1029
2957,1027
2580,3026
3163,1095
2277,1002
3378,1020
434,384
5267,64
5050,1527
342,1024
1562,2225
3499,2249
4555,2753
2826,1217
2535,516
4445,666
5768,760
4792,2171
5461,2037
1213,1024
1168,1776
536,516
1382,1476
3008,1867
5668,2515
2548,2377
5568,1116
5621,225
4676,949
617,2841
2133,1640
1938,2862
4445,1016
3643,1560
1745,1006
1225,2660
2206,1364
5862,516
5936,465
3038,3143
3621,1020
3805,2827
4399,1085
887,1389
2163,2162
2664,229
5673,2980
5885,1173
5616,2217
1242,1028
2052,2065
2685,517
3714,2379
5753,2451
570,1389
4579,3123
5060,1181
2510,930
798,1024
3890,1329
5440,1173
3771,1903
4810,1006
2052,1018
1252,965
4025,965
3275,2453
1802,2829
1311,1020
2292,478
5048,1063
917,1389
3895,2841
2355,9
2310,2747
4399,2374
1596,1906
3215,638
5180,953
4020,1560
861,1228
3546,1906
2849,2466
476,865
815,294
140,2865
2645,2407
4133,2605
2142,1298
4857,2407
5093,203
347,1623
146,172
5655,172
1204,520
4941,2549
1694,384
4187,2841
4378,1389
5114,2706
947,1389
2974,138
4658,211
2956,993
645,2219
1371,633
2336,3005
1441,1372
3184,2577
4488,968
5560,1251
3595,1919
2700,20
2094,2425
1717,489
2610,1524
4270,516
4309,1905
2986,1811
2910,998
147,666
1776,2789
2641,1776
1280,2622
4882,2706
801,638
3024,1285
4001,2728
3325,193
5061,493
262,589
948,1331
1776,1742
4475,1564
1939,1211
4359,1389
1952,921
1382,3020
4219,3035
2560,1006
4795,1919
2969,945
5717,16
1338,2684
2217,1606
2303,2841
3557,1640
2330,1483
938,2979
1356,523
929,1173
3849,2980
3224,3157
3978,2865
4542,1217
4669,2490
3354,5
3548,1002
3075,324
621,10
5521,2706
624,1476
1039,294
2448,2377
5071,928
1438,3157
3284,848
4612,1811
3612,2865
3075,2660
4959,1626
3663,881
3458,2398
4389,1510
5392,2151
3193,666
2890,2880
1006,2453
1966,2495
4989,980
450,20
2447,324
2493,965
2474,1918
5313,2797
4504,1167
129,1776
2421,2028
4322,638
2221,1674
4499,1237
2231,1867
3843,1835
2093,2162
3423,1020
1007,998
3280,3186
40,1963
3848,489
1098,1116
2538,2549
5487,1085
2407,1046
4888,2217
4936,1211
2536,1456
3103,1015
560,952
2291,871
2568,1674
2879,1270
4061,489
1743,1002
2216,1451
4076,1292
5562,2841
476,1483
2169,1110
3707,900
4660,0
5725,2310
5854,2949
658,965
5671,1027
4229,2702
1999,1867
280,3005
2632,1285
5696,2777
2022,2753
3634,2492
3221,633
2298,1116
3647,970
402,1389
5023,2684
5403,2151
5719,2616
1629,994
5724,516
1821,935
1845,1292
5484,9
2872,1095
5143,1702
425,740
2228,2979
5783,1096
5948,2853
838,909
827,2706
729,1905
2826,1393
2895,998
3244,1906
5037,717
5160,1831
5427,643
1776,2589
2700,759
638,969
4826,1702
2381,1945
722,2131
266,1097
2886,2841
3960,2490
3969,95
3698,2490
2877,1560
141,1331
4730,193
5688,1623
1624,1939
1782,310
3714,2205
5861,1285
5028,1055
4706,775
5802,2398
258,1623
3627,516
4628,1084
1682,79
1124,2003
1635,1724
100,1451
3531,1976
2410,0
3642,1026
5629,871
209,1623
333,1918
2518,1519
4760,193
2074,310
5634,986
2073,2300
522,1036
288,1623
536,705
2454,945
2497,1581
2941,1063
3657,516
3698,517
5011,714
597,2378
5585,949
4088,968
3692,968
2522,1116
868,2841
3757,1097
5861,1527
381,2753
2640,1071
3325,945
5262,1235
1607,965
4107,2378
397,2963
538,1919
3563,1002
5175,1724
2642,2349
3960,2853
2735,1116
4094,2853
4359,384
255,1338
3408,1101
3320,1217
3621,2377
4294,928
1286,1260
5825,1991
355,1919
2722,1002
2488,2821
5303,1128
3962,1623
1037,1458
5303,310
2562,2706
4857,489
3238,774
5538,1116
304,1055
970,2865
1467,1456
806,1976
3356,2981
1537,2949
3865,643
2096,203
2249,2660
4133,1626
4212,1919
4348,1285
3155,2173
3666,928
3824,1285
3798,64
1871,1024
3743,128
4488,1036
694,193
828,3162
957,832
5258,954
1524,2377
3561,1585
4399,2684
904,3157
4172,921
3823,2753
4518,1329
1603,2377
5405,2549
147,1902
3703,1116
4584,865
993,2862
695,953
576,1527
2539,1015
4081,15
421,2407
2865,1939
5293,1032
3419,310
678,2706
1793,2393
3288,1776
1719,1626
363,2816
769,57
2366,979
4491,2515
5561,968
46,2880
4146,760
4129,1116
5082,970
3729,1640
5451,1510
1091,1010
4881,2377
1426,1000
1985,469
1214,1117
2019,1285
4617,1055
4985,2205
1598,1228
1947,1116
3662,310
4493,467
3983,1119
361,1026
1292,138
1734,1237
1197,1298
1383,2471
5636,859
2833,2377
2573,1026
1661,1698
5761,1793
5169,1918
3763,2284
2139,2225
2254,980
3405,95
3955,2225
5505,3035
5584,2133
4421,1237
2411,1866
1843,2577
4176,881
4778,986
4465,489
2235,1640
2164,3157
5548,638
2117,2853
773,1128
2774,871
632,1906
1308,203
5100,1939
4580,2398
5423,1626
3317,1564
5003,286
944,946
985,489
5441,1451
3206,272
1536,1006
1173,954
5194,756
5512,1331
6,2797
2728,2862
5027,2979
5132,1046
1414,1016
3513,1331
5858,921
3831,1906
5211,1110
911,661
2062,5
2203,3162
2435,516
5879,980
1089,438
1696,1116
428,921
2503,2865
5529,2853
3368,1623
3545,1027
5458,2155
174,516
3352,861
3560,1793
3672,2034
1812,15
2185,489
4630,2003
3365,1325
4659,489
4349,1724
5338,1006
943,2949
642,1560
1375,2377
3438,3035
803,2151
2401,760
854,921
642,2728
1886,2300
5401,1476
201,1036
4284,1487
595,172
3124,337
2547,1228
2962,9
3724,1793
1563,2549
4467,1837
2292,2924
5890,1640
3059,2571
3749,1557
2522,3157
2618,2865
672,1560
4937,968
1136,203
5090,15
5427,832
969,1029
2889,1867
5587,821
1757,321
229,990
4035,2853
698,1963
3795,397
254,0
455,2205
3399,397
4777,952
5357,1298
3144,1110
327,478
3265,2797
4382,1096
3645,2789
1575,960
1167,1623
1786,1372
494,2577
1134,1217
215,3162
545,822
3045,20
3380,2225
4161,2790
5933,2747
3937,1096
520,2980
3639,1173
4669,493
1178,1674
5366,2407
3788,515
32,193
4247,1029
1630,980
2671,489
4696,2841
1275,294
3503,1285
526,930
4970,2821
2959,138
5937,2344
3239,2407
2652,1644
1267,1867
1513,1105
5792,2111
641,2344
3263,2471
227,489
3983,2797
2780,1011
5805,2346
3358,759
125,478
2943,2466
2129,1724
4390,1872
1979,2194
1401,2217
3533,1285
5816,1421
4792,1623
4852,1674
179,714
177,2065
772,1228
5450,1071
3022,1483
637,774
5186,732
771,774
3735,2816
4461,705
4545,1867
3127,193
1596,1116
1174,1918
1334,1116
4262,2976
649,1013
1461,928
3959,760
4771,638
4385,1097
3451,24
5519,1026
5364,1906
5760,1906
1622,1519
4720,1575
1060,998
2973,2880
595,898
4638,230
1283,1006
4237,1872
4583,294
5393,1560
78,2365
2423,1918
1573,1519
778,1019
2829,2377
3770,945
4818,1100
5254,1667
1364,1116
3855,2975
777,1585
4812,1285
4946,1285
498,2133
2403,1976
4008,1002
542,2176
5086,1036
1552,1581
2488,1037
2926,2660
2661,3143
3661,2880
3819,1251
1112,2706
4087,1002
5276,638
1530,775
2192,1389
5506,1100
5244,1329
130,138
2799,2326
5345,1906
5653,1793
942,1773
3908,1939
3142,2665
1132,1116
4298,138
1391,64
1002,1006
3664,266
2747,860
1096,2590
5506,1221
1034,1483
5127,2622
4793,1285
1207,1640
4963,3157
1532,3157
2291,994
4061,2827
3596,253
4892,15
5289,1866
0,1906
3570,1018
1619,1355
4855,1116
5548,2800
1606,2059
3975,20
978,2490
274,2374
3290,1903
19,1101
337,1905
2968,1623
5898,1866
2706,1623
4910,5
202,1451
5792,2379
3087,2217
4140,1026
812,1905
3539,1560
4153,965
3404,1372
3146,2797
460,965
4490,92
1002,1019
4978,1573
5362,516
7,2151
1280,438
4864,2225
357,1217
2776,756
238,1037
752,1487
3278,1906
2889,633
1841,1939
5007,998
3706,2841
3324,1793
5406,478
5910,2455
2073,1013
2038,9
3390,1329
978,517
3314,516
4840,1006
2727,756
5153,5
1775,2753
2837,1116
5566,1635
4277,334
5548,9
3865,1329
55,1939
2066,2407
1464,1844
3255,57
951,276
474,1105
4756,2705
3431,1976
2639,2979
2541,2407
5115,1820
4483,560
639,2377
699,2391
5425,1228
3367,1173
3105,1173
3485,2626
942,1331
3669,986
2593,998
134,2326
5941,1000
3900,2841
5708,2455
1952,2133
4827,2706
4450,2490
5187,16
1360,1211
4080,449
4238,1035
222,79
3699,986
366,2753
4237,1564
639,633
5264,384
219,1013
1829,3123
1664,1329
4318,1674
443,2155
3996,1623
1064,516
4065,1228
2743,16
5575,1939
4966,397
1669,2841
1760,2205
1746,92
1715,2728
3938,1389
5564,1026
457,1006
233,1527
1219,1329
326,294
2057,1674
3349,2980
3860,1698
4646,2378
3825,465
1077,1919
3351,774
2286,450
4321,1046
587,1237
5475,661
3257,2344
3238,2065
1572,2800
689,2453
1754,2777
3404,822
5269,1724
16,1421
679,3162
4354,1573
5247,2379
4046,1228
333,310
3674,1585
4276,1919
1501,1055
3479,1117
3534,1016
2300,1903
416,1476
2782,1906
4927,2374
4951,516
751,1237
1652,1867
3658,1991
4212,1116
3816,1116
2352,1046
2153,1331
2824,1270
4646,1573
1306,2398
1669,2975
337,321
1266,1013
1426,1002
2723,666
796,2821
906,478
4425,1116
4588,2800
5202,2205
3547,1372
2008,1623
1196,1479
2266,1918
4740,1393
3688,1991
276,1479
677,2577
985,478
1654,2034
3941,2171
5739,1097
4928,2841
4078,2176
5284,1456
2579,1331
5342,643
5216,2490
4695,832
2809,1793
732,3186
4,498
1038,489
2769,2660
3765,898
5322,930
298,450
3610,1024
3720,1421
5537,2841
5924,1035
344,337
1488,954
2530,1560
5207,1623
4801,935
5135,57
1449,1228
4071,1355
3413,3075
4550,2521
419,861
2263,2155
2528,1635
2182,998
5434,1292
4038,2346
325,2660
4926,822
3064,2140
3150,1389
1240,1010
3093,2841
1749,1116
5710,638
3609,1674
462,450
2733,54
355,324
744,1331
871,1372
3746,1945
4071,1476
5229,2028
76,643
3295,1026
2326,1393
915,661
4468,2344
5237,1623
5631,759
5767,2377
3397,2205
933,1203
2674,1581
2871,1866
1284,3123
3519,2841
5167,2466
2175,1116
1094,1013
2937,1173
3847,1623
3408,3010
4497,1476
2045,1006
512,1331
4039,1793
2843,986
3865,2660
608,1793
374,1626
5663,1623
2392,821
5487,1626
2760,988
2512,1640
812,3020
5275,952
1388,2133
5825,638
2676,1748
2196,128
5162,294
3142,760
3637,968
1395,2065
4330,666
4725,1195
3575,2490
5390,1585
1040,3005
92,2034
1721,2171
3049,2151
838,1329
2746,127
5468,2407
1151,1560
3367,1228
698,1026
3790,1331
5261,128
328,998
5476,1773
4739,1251
3772,230
4155,3186
1390,1024
473,1581
3594,638
5275,965
2556,3157
3203,2739
3872,2797
1540,968
998,685
3281,1575
695,2862
4625,1085
3021,2173
3673,2853
4936,489
106,1006
1706,1674
2497,2927
3158,2407
4037,1329
761,2398
3132,994
5488,965
1246,1918
587,821
1256,2377
3661,520
2458,2706
5488,2133
4316,1683
558,1517
737,2980
2201,2821
3371,2407
5145,1013
2373,1844
4195,1393
1731,2377
2011,2660
2078,1667
3234,1355
2914,1939
3031,1292
3528,1573
703,1117
3611,1867
2394,1903
4565,1606
635,2151
5415,1776
4668,3010
4725,1329
1772,1331
4642,1560
1326,1510
2730,1071
1322,2034
3000,666
787,478
4542,1329
5027,2310
5101,1027
667,1581
5887,953
1169,516
3206,1939
5427,968
4016,990
3109,20
5034,2205
2281,1329
4411,2980
1264,2739
4681,2841
3750,1285
3782,5
3806,2577
4155,516
4546,172
1780,0
3841,2800
861,1945
4851,2205
4458,1456
843,881
4234,516
2164,2622
1423,2853
1748,2155
2228,1560
72,1906
3403,1298
2305,1026
4777,2377
2062,1793
4779,760
4259,2451
1900,2963
1702,1221
3271,324
5413,1046
1008,1298
1620,2091
5476,1331
5760,861
3578,1006
2590,2326
4608,1521
4768,1510
5532,2660
415,969
664,1939
3427,1776
1553,2037
4645,127
4338,2865
3902,1251
877,1939
101,2435
4447,1051
1341,2797
2793,1086
5422,2155
2588,2374
3030,2490
4551,2865
690,1029
4838,643
1574,3035
190,2140
4526,822
3667,832
2767,2790
5852,921
1762,1285
132,1906
189,225
5457,1331
2687,57
2411,2862
537,3123
2760,3016
3225,1389
4059,1063
2636,994
872,898
8,2779
3437,2706
2422,2728
3926,1702
5177,230
161,1560
5192,2753
4185,2865
2781,3075
3082,2249
761,3016
2822,2847
3830,193
1839,2821
698,489
2995,294
3542,921
3282,2310
553,1037
1198,775
1623,1476
4942,1006
3488,2378
1115,1006
2309,986
3732,789
812,968
5456,998
946,968
3898,1724
405,92
854,2133
1702,1476
3226,1331
4380,2407
4063,2471
4698,2753
1649,832
2972,1451
2521,2747
3242,1046
3292,638
4436,1026
3778,1026
1844,253
3516,1026
4810,715
5195,2512
5945,1512
2715,2963
5943,685
4809,2705
1600,832
2885,930
3215,3020
3265,397
5696,1976
152,935
5274,2512
296,2377
5399,706
3926,2065
3205,1285
624,930
5591,2862
4581,1013
5063,1016
307,1748
4261,1560
5935,945
993,2490
929,2963
1562,661
4740,1006
115,2975
4666,2777
5822,516
2563,1000
975,1389
2867,1640
722,2377
920,1867
5771,1867
5093,2706
418,2151
3066,1476
3320,1329
4975,1667
1372,2378
317,1510
5642,706
2593,1000
4322,321
17,2975
2809,1298
1090,450
2998,2217
4232,1101
4290,517
1255,517
3352,5
1184,2034
4670,2495
1848,1031
1304,2853
1703,384
3186,2453
2852,1116
2327,211
4755,95
172,489
810,517
1006,2378
1214,1095
2833,1776
5312,2349
2062,438
2313,20
3065,1116
4118,2140
5642,9
4325,2847
5901,943
2236,968
385,489
235,959
4811,1020
3336,2747
810,638
5096,1906
1383,5
3363,2880
4975,2848
157,2702
5367,2140
2810,193
716,2171
3508,2975
4905,1557
4234,1389
5371,2821
868,993
3998,2344
4782,2426
945,3162
4658,633
647,1519
1633,2553
530,705
2815,1476
3610,1939
4403,1575
4484,517
3742,1866
2656,2880
3451,1128
54,2173
1327,2217
2244,1623
3574,1235
4436,705
4441,3035
5690,965
657,2880
1065,756
2875,968
5461,1667
5142,2853
1583,1096
3314,1015
5626,2377
870,2880
3351,2065
4929,759
5451,2790
4073,774
4274,10
4654,2217
4048,2407
2518,2249
5646,1016
651,1237
1940,57
4949,859
3266,193
1550,774
651,2176
919,1173
1757,57
1530,832
4651,643
4725,821
302,2665
3986,1421
2088,1096
4039,493
5735,1623
4422,2217
5769,978
2417,517
3635,1837
4208,1241
3628,666
4810,1575
909,2821
5582,334
637,2133
2001,2753
5079,945
4769,2217
1252,945
493,139
3485,1260
2554,1919
1007,2346
4945,2379
464,2821
244,337
3229,516
5433,921
1969,1939
2182,1000
4023,2777
4131,324
5872,968
2887,523
3841,1016
4175,138
5560,881
2325,756
3304,3026
723,493
2048,1939
4059,2407
1187,1085
1476,959
4795,489
2057,2173
4321,2821
608,1674
1819,1298
3385,921
3369,2374
0,1037
84,1674
3952,968
158,2377
3768,2379
4313,193
4807,2980
636,2150
4447,193
4762,1251
2124,1116
5166,1866
5725,1564
952,666
2516,1640
4056,2028
5243,1820
1731,138
361,1393
4714,1476
2754,2451
2995,2577
5648,822
5016,57
389,2660
1974,310
3641,968
4563,489
4613,2821
1132,489
3792,3123
946,1036
2486,2407
2761,397
5161,1872
5837,2155
3282,1560
1527,1018
2745,1355
5625,57
3880,203
1206,1606
2978,1563
3582,2495
5259,1131
5708,994
1881,203
3223,1101
4924,2346
5946,1051
3074,978
2105,1116
5880,1451
2031,2133
4142,324
4135,1331
520,756
2008,954
2388,2407
994,1844
383,1919
5866,469
18,774
1931,1902
2143,95
4673,1128
5931,598
1211,1024
3625,2205
5254,127
2998,57
5307,1939
5558,1292
2438,2349
3661,1569
2085,2490
5082,774
2685,2980
2439,1527
1207,1026
3679,1623
4811,954
3966,633
3572,1002
662,1640
779,993
3807,2037
4103,2853
5913,1116
4774,1331
2330,1476
1179,1866
2727,2344
5499,15
4031,469
5388,2133
1497,1623
2978,2865
5559,968
4057,643
3399,643
3669,2453
4784,2140
3442,1013
4887,2790
3273,9
3937,1221
544,1476
3243,1298
3914,1237
5416,138
1844,1623
281,1776
2010,1097
1738,638
5659,310
5585,2310
576,2862
4630,397
3016,1026
5254,2705
4364,921
451,881
1143,465
1162,478
931,57
4491,467
5038,865
2851,666
3599,2515
2185,2037
5387,1019
3616,469
1117,2398
4407,998
1676,1867
5320,965
2462,1793
4074,2515
2472,1020
3628,708
1761,3143
3691,2225
4106,1006
3426,493
4078,1173
2891,1906
1246,1007
3713,294
2197,34
3599,2407
2699,2379
2525,1031
3891,2515
2533,2841
5269,2841
272,478
3529,1116
1516,2036
1361,930
5015,450
738,1476
5430,1217
5008,1228
5851,493
1508,1623
3141,253
1009,1939
3812,2407
437,959
3641,310
5308,968
1519,2455
5220,2841
3124,20
2737,1560
3277,1016
185,1906
2616,516
4001,64
933,2065
5484,1867
554,1251
4172,1114
4867,2393
2195,230
3122,2310
737,1372
5219,1569
3068,1027
2060,1991
2829,516
3421,2377
5093,935
4508,16
8,2660
1173,1939
3134,2549
3610,2249
3061,1024
2512,516
1261,1005
2639,1560
4872,643
4920,1623
1319,946
5596,2660
1420,998
938,1483
5193,469
654,1724
1490,10
3405,2490
1027,774
1777,1006
4535,2980
3167,2847
4879,2753
5464,1228
3079,519
2086,2515
5374,517
5489,2453
3235,1032
5167,2173
5461,930
159,1903
1955,2217
3588,1564
1542,321
3080,2326
227,2037
528,1211
3131,1096
5424,230
5646,1097
1779,1173
554,1614
2911,2490
3143,1564
345,1211
1952,2821
4638,489
3232,2841
5675,980
5832,2684
3008,1110
5072,2407
5402,821
1049,2495
5173,998
302,760
5770,759
1766,1355
1981,489
5030,949
5276,2173
1091,1674
3202,1097
1134,95
4372,2706
2080,2225
4933,1016
5153,1285
1039,1026
2360,2508
5858,54
440,172
3437,1674
3623,2847
4889,2407
4405,2065
5432,1114
2115,2182
3028,2378
745,1451
1206,614
4267,1606
3243,2037
5711,2515
1873,1831
4569,2173
221,1976
4822,138
3552,1331
1117,3016
3390,286
5905,516
5528,2515
3241,2378
932,230
3986,3020
3239,1285
38,1976
3192,1698
4919,2407
3145,1623
655,2847
5812,998
1698,968
1656,3186
2905,1116
3464,2800
5037,2133
3173,2853
816,994
1542,1623
4969,952
4537,2490
2223,789
2818,2167
189,832
538,986
5798,16
2279,1364
2809,2347
2769,1228
5458,2577
1473,3186
3479,1095
3627,993
1237,2155
5019,1483
807,881
705,1099
4454,1674
4364,2949
1947,1793
787,643
639,516
3349,756
2115,1606
747,1510
1480,1095
3037,898
1039,1389
2283,961
2007,1026
4514,1203
3574,2271
4875,2377
26,666
3625,516
5339,1020
1187,469
3976,1793
292,822
2391,3123
4626,2841
3905,1095
5051,2310
2086,1026
3903,2217
3550,2853
4746,1674
4484,1674
1746,1372
5948,1020
934,1228
2854,1837
5469,1251
1014,3143
4500,1389
2912,1024
238,478
1382,1095
4801,2549
3512,1285
2970,965
5313,1906
1796,1903
4289,2374
5514,1667
2310,138
5285,1844
3416,5
4799,2853
2256,2790
1418,230
5215,324
1502,638
297,2455
3191,1055
3706,1006
5865,1372
2389,138
5634,1476
5879,489
1631,230
2422,1483
2461,2377
4417,465
3092,968
5125,1683
3652,2059
2728,1674
104,2706
2862,1674
3992,2393
1270,638
4384,1456
4537,1698
4356,1623
1060,2225
1468,64
415,1026
604,1945
783,2176
3259,34
5585,1560
2601,34
1271,3162
2038,3075
2699,2326
5935,2841
2437,865
766,960
2600,2549
2851,1902
2482,1510
2508,516
706,128
2924,1626
4472,643
301,2065
1956,3157
5629,1724
4397,2455
1873,1173
4235,2393
2012,1517
2843,1674
1160,1237
2211,643
5217,2453
5855,266
2756,968
3711,666
3210,384
2660,1674
2734,1623
5707,516
3305,2378
2675,225
5008,478
364,2205
4526,1000
3510,1026
1424,2865
2947,1623
4928,1919
3517,921
1495,301
5192,945
1458,1173
5744,1458
5035,998
5933,2377
1709,489
2588,1626
2677,2378
3792,2065
2245,2455
3026,3020
2448,828
5108,1476
5856,881
3458,1667
5077,2577
5531,2747
4318,310
3000,294
558,1037
2392,1872
1196,1028
3555,516
3689,516
2512,705
3849,2949
4663,1476
366,1510
1448,1020
3710,2790
2170,2173
5909,865
5587,2800
1230,1026
3964,2377
1075,1906
3506,516
987,1793
4239,138
4748,15
5672,2349
2086,718
1513,1085
4223,1096
4823,832
5461,1348
2880,993
4396,1024
5005,2300
672,1674
1334,1793
3570,2379
2856,1575
2980,1116
4119,1389
5072,489
5251,720
5330,1013
5886,1002
3404,2841
1558,2706
4478,2490
837,2155
1656,1026
3954,2490
3737,2492
3154,2171
3200,301
1405,2841
5493,1421
5158,2865
277,1939
5390,1939
4356,965
5407,1354
1952,1963
2447,2171
5881,2176
4872,1195
1608,1372
3392,2349
329,759
3118,1292
1308,2800
1509,2790
5919,1421
1378,92
1796,1837
5731,138
1274,1203
469,15
2174,965
1838,1016
2757,1020
1115,2378
700,1116
304,1116
5813,1116
1785,3075
173,138
1857,211
1513,172
1943,1217
3558,1456
4582,759
455,2453
4773,1724
4006,828
286,954
5205,1906
1772,517
5934,1298
5082,1018
3506,1939
3795,1813
1620,685
847,2684
2605,2706
26,2949
3720,2393
4451,397
1887,211
3721,1046
4062,1110
2594,1793
3609,310
3061,1939
647,2515
5726,2702
1440,2151
1629,2841
4246,2853
963,2980
4344,1173
2188,2310
4531,1036
1802,517
5539,953
3218,1364
3560,310
4057,1116
428,2821
266,1776
3129,1026
5820,1024
3707,774
4154,2217
4877,397
5162,1024
1167,945
2411,517
845,2880
1301,945
2624,1793
3353,1939
4213,2797
4681,1919
5352,2841
3886,2173
4457,3157
5030,2790
2616,397
3438,2949
117,2821
2717,1203
5191,1203
4640,1329
4967,1458
2083,1331
2109,337
1966,517
460,945
4555,2453
4472,469
1003,1372
1034,1476
2694,438
5801,2300
1290,1173
2057,3035
5130,1866
5195,2490
883,489
5650,1084
915,478
523,1674
3544,1776
5813,324
749,2660
3049,1016
3663,2407
3799,2002
2209,1793
3517,2841
834,489
1092,1013
94,2665
1128,478
4466,775
228,450
1778,294
2991,516
2163,2091
3650,1421
4658,945
5269,1099
2863,1270
5836,2378
8,1844
3594,1260
4898,1866
2188,1626
4836,988
5039,1051
4285,1114
5634,968
479,3186
2516,2623
3631,2310
2356,1173
4455,1525
1996,2853
2268,1097
1960,2176
4813,1004
5527,2037
2278,1519
4549,2880
1615,946
1121,1606
2203,1116
5706,992
1468,1421
3894,1902
623,1329
4489,1294
60,2155
1696,1285
2307,1173
3033,1573
4297,2521
837,1029
352,48
1107,661
596,2660
1162,1085
5702,2684
3324,968
2651,2151
5719,638
5435,2865
3635,3075
1325,968
3978,2660
4754,666
2536,1117
1670,2171
130,1325
3179,994
1749,20
837,921
2733,1173
4419,1844
1858,2407
5067,2065
4590,945
2859,760
5090,1002
30,828
1050,921
4310,2059
248,2219
3460,1623
3396,1867
2026,1173
3437,1905
185,1116
2676,760
814,92
1769,1776
3028,2151
1564,95
1725,952
2119,1071
3865,1793
2160,2829
904,1742
1437,256
1220,1719
1232,3005
4439,2065
4835,2065
4845,1026
1820,960
376,3020
495,2217
3714,2563
5381,1006
2497,2865
1379,1217
3450,2490
2340,666
4105,1667
4222,1020
3260,1575
4552,666
4027,1976
173,1119
773,2841
2757,954
5073,1829
898,1560
2546,1939
3750,2378
1169,2777
2654,489
1666,2829
615,3157
3614,1285
4448,959
859,1568
933,1517
4787,2374
3245,930
1932,1487
3291,1046
5282,138
490,3162
722,516
4686,1016
1448,2377
4068,1906
553,478
3390,759
2631,478
542,2800
5492,1116
2505,2059
3539,64
3816,638
3914,1173
385,2816
4215,1101
2740,2865
3848,1573
3965,172
3493,1116
3904,1919
1366,968
3472,10
4979,450
5101,2133
3000,954
2112,34
995,1698
4572,1560
1344,1623
3968,2577
248,2703
1383,1285
2682,2779
5531,2131
450,1117
4227,64
398,661
2447,1421
3450,2853
3450,638
4372,2374
5250,2377
5766,722
3632,1581
2880,2471
1161,1623
1359,1867
3298,15
3420,1698
3996,2797
5651,1903
1212,127
1585,638
3526,138
3808,1285
5707,2249
5311,2249
3002,138
311,2126
1916,1906
5266,557
2886,2407
238,2816
2130,1606
2060,638
4914,2549
2732,1674
5192,1510
881,643
5812,666
2386,2205
3114,1483
2919,2705
3640,775
5830,2706
3295,1006
3414,203
1189,1698
4763,57
4814,517
5721,1487
1440,1051
1703,1919
5705,1479
1715,990
483,489
5027,1564
4344,2059
5939,2841
1596,1298
2566,2028
1566,638
0,1015
3770,1006
4914,1623
2116,516
3286,139
5289,517
1739,2515
4516,301
785,1241
3909,2747
2703,986
204,1195
868,2407
4817,643
5075,1167
5319,1793
2024,1866
4269,20
5434,1285
3759,2924
459,1421
3059,1035
2226,3020
863,1016
1460,1006
68,1270
4660,1110
2571,1217
5062,861
4286,1128
3532,666
2300,2151
4388,2344
2590,2398
3493,2660
5468,2976
5027,759
5600,2378
1558,2453
2427,2865
3798,1724
5276,2217
935,1013
2569,1228
3572,1906
98,516
1132,1298
5733,921
4831,3035
5939,2975
4485,2398
496,2777
1262,324
78,2789
193,2739
3080,397
4847,2225
2796,638
3842,2706
4386,1372
4477,1002
4757,1285
5762,1329
2061,714
2713,640
4777,705
4658,1013
654,2841
3200,2155
1436,2059
4554,138
5581,1173
5899,516
2447,871
262,1270
2932,2377
2660,1918
5475,225
5685,1001
5743,3157
987,1674
1007,2821
2991,705
625,275
1628,953
5277,3098
2973,1331
79,516
2140,310
3186,2378
5712,2797
3631,2728
5923,2980
9,1211
1289,211
1256,2249
5573,881
3350,5
4757,1527
5932,1228
2608,1354
2993,1919
2169,489
2129,1585
4906,832
3670,2841
2104,774
2603,2407
2001,1844
3033,1991
5464,2816
223,1813
4063,557
3201,821
3402,2797
3001,2453
4145,2841
3572,993
4442,2310
2456,1872
503,3035
4474,3016
3041,310
3796,1906
5420,945
5621,935
2944,643
2097,1939
5547,2706
884,1451
1080,1097
390,2865
3700,2841
5827,774
2530,774
1797,1906
525,286
1736,1667
855,1918
5581,489
4791,858
5797,1016
4983,1028
2209,1298
2701,1006
4217,1037
595,1698
1825,1372
1620,2660
5068,2829
3244,2453
4319,230
5835,1015
64,1015
4556,2425
5468,1487
323,2407
3475,1568
1646,848
3466,1748
3252,1001
564,520
5132,2706
4034,2205
3382,64
2993,1006
3411,2980
3607,2626
802,1331
2192,203
664,643
972,759
3386,2923
3524,1810
298,2471
5341,1015
3333,64
5826,2750
5817,715
4380,2963
3563,489
2379,968
2740,3162
3136,3162
5908,2065
2807,1903
3877,127
5394,1026
5595,1016
3274,1820
5055,1331
5780,15
3287,2284
4590,450
3700,1110
3294,193
3430,1020
4274,1116
5568,3020
4642,2037
5306,3020
3702,661
4749,1116
4859,759
1216,314
197,3075
214,2490
4684,2155
2392,1674
4226,294
5439,516
1299,1517
3037,2378
4465,310
1720,1510
4067,1698
5755,1018
2408,1389
5190,980
1900,2151
2270,930
2906,848
3651,965
5454,1026
5550,2949
3298,1372
2458,2378
2592,2378
2000,517
3831,1606
3125,2841
90,2841
4506,469
4962,1237
5731,516
5581,986
5469,516
2582,643
3067,2378
5073,516
2533,1919
5408,2492
4167,2171
4172,2515
4843,2979
70,95
4884,2980
4185,2979
3681,965
4431,2217
5704,2490
2688,517
2350,1919
4217,2702
5781,229
1837,2862
216,2549
4399,2184
5062,1976
5289,935
1442,1020
5853,2963
244,1564
5557,1918
4669,998
2403,2455
462,740
4784,1702
5899,1389
3068,2091
4554,193
1259,1020
3394,1029
5646,2377
5689,2747
4190,2131
3130,2151
341,1389
2650,1285
5826,1032
79,1389
2400,2571
404,1674
4160,976
538,1674
2427,3162
3055,516
2733,2451
1852,2702
3898,1730
4328,789
4868,16
5709,2847
5747,1116
1478,2003
3355,1451
1144,666
5356,1002
2866,2980
691,1623
3559,1217
2055,294
3132,921
3647,1101
866,2378
2989,1101
3529,557
3958,2949
5078,2980
5454,1510
2032,310
337,2034
2529,1116
2854,2862
4449,971
1704,2171
457,638
2371,1173
4100,2480
208,1331
4353,2660
268,1116
5751,1918
5128,478
2643,2571
2846,1173
5339,661
282,2219
4136,2847
1135,1906
555,1331
457,759
85,1116
1167,2841
4823,1010
5845,2455
5506,774
487,638
5764,1298
1672,1027
1369,1026
758,1101
2535,1173
5393,2065
362,643
3999,2963
83,1228
3342,478
4121,2660
1380,2841
3897,2915
2216,898
3730,294
3785,230
5602,1421
3869,638
1465,1902
276,2037
589,1036
1026,1037
4596,1906
5432,2407
537,2566
5776,756
679,2915
4294,1046
5830,2453
2105,20
5847,2393
2,2407
3187,1479
731,2553
1412,965
3403,57
3716,517
3888,1038
5660,1483
3779,2034
2817,1128
1948,2665
3689,828
354,2980
2152,2660
2682,2660
4022,974
4569,1372
4464,1844
2745,959
5336,1773
4498,2660
4159,979
45,949
1457,2549
3716,2853
1951,1623
4000,397
4203,2217
1605,986
538,64
2780,953
3542,2471
4480,3020
4163,1623
4645,1101
5515,203
291,1355
4262,2797
989,2151
1304,2980
2322,489
1670,2549
2897,2706
4074,1285
2635,2706
2444,1906
4063,638
3323,828
1174,921
4042,286
4995,1372
4231,2171
1070,9
3525,1228
2396,2131
3891,1285
372,2862
4507,1517
2076,1372
4289,1331
1441,2847
3062,3123
2408,384
4287,2453
4994,100
1630,1285
577,1015
4025,2453
999,2385
1876,294
3488,1016
3906,775
1079,1936
652,1640
3408,2979
5189,2490
5244,211
268,2660
2215,3143
3842,2453
5439,1389
1612,1389
2620,2374
4487,3157
3752,1476
1756,1811
3886,15
5126,2326
2307,2853
2742,3010
2310,384
1742,1095
221,2706
460,1002
3284,95
257,148
4405,1748
4957,2490
1390,643
3291,2471
2009,2378
2028,2391
2895,2205
5469,1389
1666,1221
5016,2841
978,1372
1657,2155
5568,1331
3842,1527
4439,1517
3207,1016
1980,859
5270,1674
5547,225
1125,2065
4886,516
2269,2453
1207,643
2088,2378
4700,1292
992,489
3430,2256
1554,1919
1673,1116
2086,1285
2141,1221
2337,2853
5499,450
5657,1036
2166,2217
5287,2028
5089,57
969,1939
4565,57
370,1085
79,384
5323,2853
3618,1674
1264,1298
2163,1101
4154,193
4804,1241
158,384
2689,2379
5686,397
2859,2790
5687,1036
2946,1217
2242,1101
5439,705
5566,517
2202,1702
5216,633
5913,1793
2401,865
5212,928
35,2155
1074,2490
2237,3157
3810,2490
5539,1811
1786,1006
87,1793
553,2495
2432,1117
5577,1285
4639,1002
57,2853
1571,2249
4699,1016
1287,2490
2142,1055
3897,1331
2233,1173
321,2374
4972,128
5120,1046
2155,1748
5402,1698
1341,1006
1611,2816
2363,2451
4870,1837
2249,2349
2445,9
3589,397
5153,2162
2959,230
5528,1285
1458,1527
1967,2865
145,1101
1936,1071
2939,517
3228,2377
1106,321
2849,1526
2329,1002
235,2980
3394,1097
5596,638
675,1037
4467,1016
1074,517
3173,1623
1879,1476
4539,138
2412,1939
1794,2829
3215,2034
3015,1451
656,1963
219,3157
778,640
962,986
4618,138
5471,1811
3052,57
2040,1020
3146,1116
5157,1355
3190,930
3,2980
1104,517
3547,1167
3003,286
3120,871
3369,1575
3895,1096
1371,1800
612,994
839,2205
942,1623
5180,965
5157,1476
1926,1793
181,1939
2332,1020
618,516
4928,2407
5012,2549
2584,1241
3203,990
3996,2841
2453,2478
357,1872
842,638
2387,138
1143,337
1289,1623
117,1173
5141,2407
631,1623
3878,1573
5571,1237
5225,2549
5880,2975
3791,2853
1943,1329
2662,1016
1824,1903
4346,3075
1032,1674
1939,2378
3800,1101
2655,1013
2206,921
3830,980
1395,679
3721,1976
1494,2378
945,1116
5940,666
1602,3143
1593,2091
34,478
1476,523
2665,2374
5166,2706
2766,965
1890,1560
4963,1623
2805,139
4813,861
4653,643
4305,2377
5382,789
611,489
2930,1073
1082,2326
4045,760
4237,930
412,774
5004,1331
4011,2344
907,2702
4606,2490
3560,193
4570,1813
4014,2349
1328,517
5084,2034
204,1010
1109,1116
4015,1002
386,2707
3385,2821
2614,1483
1475,1173
1540,1568
4761,2549
2923,252
3637,1581
522,2753
5701,2841
1188,1116
641,489
1334,416
1599,1919
926,1116
5155,2853
3221,848
5196,1393
1223,2571
1648,54
2279,3075
722,828
2248,1510
622,1644
4311,1939
5381,2378
4706,2963
3770,1063
3544,2706
5357,1203
2358,3075
1288,2407
2005,2728
546,1016
2793,34
1081,128
1960,1228
2741,1564
3066,1095
146,2065
1963,1270
3138,3186
5172,3143
5535,980
5855,2419
3996,1002
3301,2426
5114,2155
1867,1976
2896,2377
2517,1563
4862,1116
5108,2569
4934,2453
1269,2515
3982,20
3550,2349
231,2028
3961,900
43,516
516,965
2307,935
5149,1560
5011,1626
5852,1976
1318,2821
3787,2706
4406,469
3651,859
2615,2219
2864,974
2520,935
4488,2753
2728,1867
4393,1698
5303,1919
1003,450
3425,489
488,1024
9,1026
207,516
477,2326
2607,759
3637,2065
2656,2378
569,1097
2133,2862
3451,397
4075,2705
2616,993
3659,1329
5620,2205
713,2310
594,2847
286,516
14,57
3854,1016
1650,1173
4809,714
5917,1674
5533,516
5919,57
2670,1000
2735,2378
2456,2963
3798,2841
422,2777
3636,2779
52,1517
4285,2407
2308,998
3134,2797
3060,633
3208,760
5888,865
4771,2300
4031,2490
2823,397
588,450
3191,2779
5290,2865
438,1674
3683,1026
1066,2963
4715,1173
2198,2065
3977,978
5563,516
5411,2862
208,2151
939,384
354,1451
1063,2665
1803,489
2221,1002
2859,2979
3523,2205
2124,1298
3573,1568
4251,1483
4378,2490
2048,2471
5216,1640
272,3075
3775,965
2581,756
5365,945
5313,489
1856,1483
1882,489
216,928
5510,774
3366,1211
1423,1372
5019,1476
4310,1016
2621,2225
704,2853
5162,478
358,230
126,661
3596,2841
2846,128
2758,1476
3281,1517
5289,253
4425,1905
717,1331
3733,3075
3826,1051
1035,1906
445,643
3982,1564
5692,643
1810,1902
4071,2841
5289,1421
1292,1976
1751,2490
2000,1016
3170,639
3550,3075
18,2003
2072,2841
282,1524
1414,2841
5898,1421
4538,1674
4858,861
2153,965
4840,1487
4630,2660
4002,1105
4864,2827
3890,1867
2954,2182
1723,2549
4378,638
4109,2665
4106,704
5661,138
2292,1016
533,998
127,310
2446,2880
3389,1292
5908,15
259,1698
4227,2162
591,2171
200,2515
1993,1097
577,775
3402,1002
38,9
647,1285
232,1006
3926,450
600,1173
3033,1364
5758,2407
679,5
2950,2827
2563,203
732,1063
2067,3005
1769,1096
4599,2155
4418,1097
445,1006
5753,1016
5827,965
4940,1667
4021,1626
5852,729
958,1002
1529,2777
3484,1421
404,2173
2026,2829
3694,1002
5827,2133
3712,1285
2012,2665
1288,1173
1981,1100
3650,2393
4712,2217
279,2407
396,1006
1418,465
1468,57
1607,2616
4711,1026
2882,2521
3933,1698
4370,2453
3838,643
987,1181
271,1011
4187,1285
1613,1872
1298,2800
5406,2490
3458,2344
526,1237
2067,1032
5470,970
3369,20
5616,1024
4112,64
2586,1331
2288,1674
1197,2344
2391,2553
3346,3005
4227,310
2647,789
2282,1105
635,2577
2306,230
3228,2003
2894,666
910,301
769,1116
956,3157
5144,921
1830,1698
2537,1331
1007,1173
2144,2797
1413,2349
2197,2660
210,2549
43,1389
5495,2841
4829,2980
1312,954
4261,1476
5233,2841
2571,1329
5262,95
3187,100
4006,203
1991,1279
3025,1270
2395,1103
5695,2377
1187,959
3871,15
2429,1919
5082,2379
4471,2225
3659,95
2470,230
3278,898
3612,20
3080,2374
673,1906
5939,1919
3764,2777
727,193
3688,15
104,968
2365,1116
3734,2346
797,666
625,2131
5621,2549
2247,1097
5210,1517
4597,2980
2522,1036
1257,2344
5832,517
3755,2139
5749,2963
4536,489
2538,980
4909,1525
3578,493
1133,965
3000,516
5789,3035
4281,2865
126,2797
336,2378
3464,2377
888,2891
2076,2797
2885,980
2683,1748
2817,1748
3137,935
3075,57
2340,2577
4040,968
3198,2379
5089,301
959,1724
319,869
4535,2344
810,1372
2140,193
3537,1027
5046,2065
5201,1939
5679,517
3958,1020
1318,1024
3104,2865
3565,2028
3408,2310
3835,1623
5278,2802
1837,128
2615,193
335,998
3667,1487
3853,2660
4863,79
3049,2377
3808,968
253,2622
1805,2310
2044,606
5562,1285
2150,1527
3578,1674
3669,1038
4223,2378
458,516
2930,1867
258,1919
1034,2140
1985,2133
5025,1016
481,1173
3798,2091
4094,921
2220,953
5322,2471
4520,1029
4840,253
60,2577
2708,1939
5860,1063
5533,705
830,2495
3758,2665
1430,2490
5310,138
81,2407
1564,2490
428,2451
5631,193
1018,1270
2301,16
4844,2065
778,2978
5456,2821
3448,2853
3844,638
351,1221
781,3020
3000,1939
1730,2378
5541,2407
3727,1221
3312,225
5669,2821
3544,1285
5581,722
5581,493
1,24
228,1235
16,1581
3330,2753
200,1173
2827,2398
3546,1331
4145,1919
3742,2963
5855,998
1003,1002
3544,2453
4165,2800
3760,2980
2903,2393
2695,1195
3118,1298
3240,995
4419,172
1430,517
4157,172
5241,775
373,2003
3353,643
906,517
3265,1991
3700,1919
5259,2549
3540,469
4180,1095
4071,2091
2696,1016
1724,1674
1314,1510
913,2398
3998,2515
4705,2377
3003,1698
4027,1001
3579,2797
3063,1483
1480,230
1826,638
184,2225
3749,2979
3933,2800
4826,2374
3642,638
3895,64
3826,193
1838,1372
3199,2512
2203,1793
3094,15
5238,1793
1528,2378
2729,1085
1989,1046
230,1294
4330,1389
3043,952
5858,2706
1293,2740
3440,1820
3958,1517
1098,57
358,1479
1462,2963
2773,310
3203,1355
5758,489
4051,927
2824,2490
281,1195
3273,138
1483,1036
4909,1217
614,2344
4616,1867
1624,517
4686,2377
1945,2558
3879,1116
2330,3123
878,138
1272,1526
4386,2344
661,1372
3353,1006
4263,1456
3203,1476
1973,1573
5569,1906
2157,1919
412,2065
4939,1510
5598,2378
4109,760
1772,2980
4155,2862
2861,1483
4979,1811
4435,930
2768,1026
3420,952
3282,1476
185,1793
4381,172
2913,2841
5413,1285
4540,2151
5813,438
4882,1097
2253,1748
2783,516
3393,2660
2154,1217
4096,1585
4834,1285
4772,2393
2796,1623
4429,1007
41,1906
1314,3162
2216,1573
4112,1071
4335,3035
3454,1071
1575,988
164,1976
3474,2706
4295,1421
5298,2853
198,1560
1189,952
3271,1623
2937,286
1192,203
127,633
2446,988
2549,1867
5321,1524
3803,666
5921,1031
3541,666
5946,2256
2651,1097
5461,1046
1085,1016
2912,643
2492,57
895,2841
1803,478
1426,2706
4819,2976
5060,1116
2768,1389
741,2374
763,2133
5873,172
3889,1793
1867,1173
2622,517
524,2790
3793,2728
2755,1046
4926,1237
4766,1019
447,557
5196,832
2942,643
1081,2829
458,1389
3118,2037
3018,2853
759,334
3851,1393
1010,1902
1199,2821
5492,2853
1006,965
5646,516
3244,2378
1537,2816
1069,2482
4885,832
4701,1011
232,2739
5139,2176
1374,314
4815,1527
1049,517
1918,966
96,2326
3114,1221
3955,1837
1441,489
947,1674
5620,1173
391,1456
3457,1331
877,1844
5605,1013
1625,2003
364,2750
2956,2217
652,450
260,1646
5490,16
598,1116
3334,1116
3659,2862
4111,1976
5062,478
3577,1517
4408,1674
4000,2374
1932,1372
5368,1487
3611,1101
2597,1237
3958,2377
5806,666
5521,1702
2902,1055
1002,1623
1778,1844
3914,2455
493,928
3165,2862
221,2455
350,2865
1616,2425
83,2521
1046,2797
4186,1867
2663,2880
2902,3162
749,1298
1989,2377
4193,2028
2223,100
5930,1698
2719,3162
5548,384
3459,2706
396,1116
3180,2059
771,2225
3292,2300
3677,2111
5033,921
4752,2665
165,954
4864,1674
304,1298
1605,172
283,2407
364,1837
372,1698
948,2797
4258,1046
1371,1173
1054,1237
3597,1071
4589,1331
697,2168
4974,1667
1070,1181
5822,1010
426,1116
4521,2853
1605,64
2057,1097
4008,1285
4333,2802
4350,756
5797,2377
664,1173
800,310
2074,2205
5014,921
1167,1006
898,64
2288,1905
2009,2490
2730,789
3315,1479
2248,520
4815,2963
5539,2728
19,95
4981,1683
3372,1195
3415,1831
772,598
4736,1623
2549,633
2561,1919
5264,1217
1812,2326
2810,2660
568,310
764,2171
1877,2455
2290,638
177,2374
1500,253
1677,1872
2155,450
3932,2471
5052,516
2405,1793
4967,1640
1715,1117
4984,1055
1365,1004
5045,2728
1404,666
1161,945
1696,57
4655,1001
2716,638
5338,994
2640,1811
2581,2665
3259,1560
2463,1626
5147,416
3085,2841
3510,95
4945,1221
581,2706
170,1674
3855,1298
5887,1623
1561,1939
131,3143
1860,20
786,859
1190,720
2534,230
5309,828
5892,1674
1644,661
2401,2855
4701,945
2003,1991
2872,225
5862,2963
2579,875
3584,2151
2209,1867
5581,2455
5536,992
484,2665
1028,1331
3705,1623
1786,2407
4639,1006
4137,1024
5744,648
2490,1476
3983,557
2436,193
5070,2626
321,1331
2100,998
5133,2157
2609,121
138,2378
773,2660
2862,301
14,2571
1492,95
525,1097
387,2853
3009,2980
2584,64
4473,2821
70,1456
3139,57
176,1623
64,1116
5926,517
38,1918
5377,1241
4797,666
4494,2880
5399,1000
5700,928
2276,1116
1388,2374
2410,1116
1885,965
3318,1456
5185,253
212,2219
1819,611
2791,1939
3018,935
4097,965
234,517
623,1524
1669,1606
3004,771
5884,1688
5834,1867
1623,2133
5926,2853
5935,2407
3142,2398
5618,2471
4747,1195
2345,1071
5313,1606
2942,832
1916,2880
490,1116
3812,2378
4336,1331
5325,2111
5228,2407
1529,1195
1116,760
2652,706
317,1575
3137,1421
3985,993
4470,2728
5377,1483
1223,2549
1956,1905
1383,57
3974,871
2745,2065
207,2346
859,3026
2239,1476
4300,1270
5081,1835
4157,1221
134,1575
258,1116
3795,2037
5330,95
2771,24
3301,1007
1332,1674
4107,2797
4121,517
2037,968
2367,2829
333,1640
1030,2800
1649,2549
2480,2706
5510,2133
1747,1623
3908,638
3161,1872
2576,953
3823,5
1464,517
4931,736
4731,1614
4836,1667
4263,2034
5897,2515
4209,980
2693,2706
1702,1099
967,2865
5358,1483
110,1487
1354,1813
1698,1623
1760,286
478,193
5767,2176
1415,517
3132,2753
4389,2789
5342,1623
3506,2176
2814,1131
1253,1623
319,321
2724,2140
3228,1939
2089,1629
5189,334
3310,1483
476,1702
1183,1298
997,2865
5116,3010
4383,1173
606,2980
4431,921
1862,1623
281,968
322,1006
4759,1918
2374,980
822,1063
839,478
1546,828
1138,774
1277,1872
3825,64
4945,2310
2949,2379
5739,1372
4128,1004
1759,828
3174,1945
3895,1476
5285,1331
3805,2980
5156,1217
5498,2378
2172,1906
1628,759
5582,1325
1179,1421
3971,2225
1123,1526
3067,2492
460,953
4328,1479
5154,1292
3617,2407
1237,1776
1419,1524
2155,397
3896,775
2256,2398
1786,5
432,1793
1447,310
552,2841
5027,1867
1001,489
1560,2173
144,1097
2702,1963
3280,1674
1795,2979
3414,1903
1607,3157
143,1101
3488,2377
2896,516
5210,756
4661,1517
5528,1331
5158,337
2627,1560
232,2378
4860,643
4409,1939
5694,2037
1143,20
2454,2800
3206,449
5707,1976
3379,606
1168,1016
4628,2471
2959,986
3043,2377
235,2797
648,980
2781,2377
5546,2553
2960,2379
2695,2862
3020,2393
1141,2310
4260,1294
2868,2790
3250,2855
1046,1026
3721,2706
4356,1002
5144,294
4951,128
4882,294
1599,2407
5214,2753
2598,2377
45,1626
2431,1217
2512,2862
5368,416
3150,638
4314,2173
1518,203
3180,517
4078,1667
5633,1101
3141,37
1935,2706
5445,1575
1931,1015
3316,2549
1318,2249
2008,1006
1980,1173
2890,1623
3847,1919
433,1563
5151,310
4606,2173
4491,1203
5492,2037
5222,2176
5339,775
1091,516
1529,2176
2145,193
369,2975
2112,16
3325,2453
1838,945
4207,2841
740,2393
3522,523
3895,3020
736,1456
2076,1002
1348,2249
947,1905
842,1623
668,2490
4414,138
5090,2407
976,2377
1258,1043
2486,2822
2813,1002
3489,1285
2422,1117
4001,3123
4101,92
4674,1674
1654,2706
2936,1338
4,2217
5085,1016
52,945
3192,998
5062,1298
4590,2471
1906,3186
1479,638
3975,2841
3402,993
733,2740
2942,1008
1443,2378
3566,1626
1926,3020
503,1002
1678,969
4300,1325
3918,994
3904,1096
542,930
1065,971
1922,1329
5729,2865
3513,945
4927,965
197,666
5062,2816
3524,2797
1910,1211
3596,1919
3319,1116
2634,1013
2701,20
3735,2980
1247,638
4826,2310
37,2865
2441,1372
2755,2471
3832,1866
5912,1939
5776,883
3737,2797
5886,489
2233,1837
951,2976
5130,1903
5689,1372
4942,1623
1936,2553
4286,2975
2123,2379
194,489
393,1867
2778,2310
2828,1902
5792,1241
2953,1116
4161,2980
4701,450
4207,881
2245,1029
2202,2379
1443,1573
1565,1270
3384,1073
4979,1626
5512,2126
5574,1018
4037,1867
4536,1285
2333,95
177,1195
3716,2980
1775,1036
4566,935
5672,1031
3129,968
1637,1331
5271,1919
4207,1002
3379,1116
1481,0
2515,516
808,954
5245,1903
546,954
3605,2065
3631,1071
1363,3162
2946,968
5360,2378
5284,1565
2402,2036
1946,1793
122,2841
2381,930
5058,993
4485,2151
4700,1285
2747,1024
1028,139
4431,1097
2461,2616
2092,2490
2266,2377
2543,965
2078,2326
4628,1116
4917,990
5454,966
3671,2577
5930,666
5157,2140
387,493
447,1298
5650,1026
997,3162
3366,2880
518,949
5029,1581
22,516
3074,493
5861,2377
2972,2660
1346,2003
4722,643
4768,759
2927,968
1079,2184
5874,2841
1521,314
2720,2853
5428,3020
920,848
4285,1285
918,775
3881,1195
4889,2217
1231,1006
3359,1793
2729,1626
2569,2162
139,2205
3420,1251
2217,1451
3003,2131
2382,1518
2325,984
164,986
921,965
3080,1331
898,1476
5695,516
4053,1837
4849,990
2664,1389
3665,1203
4709,2407
4031,1260
2737,1867
529,37
1069,1479
3208,2684
4538,310
3225,2853
2017,760
3610,449
4773,1116
2696,294
4382,965
3931,1029
510,2949
2093,489
769,2880
4368,20
771,1906
451,2490
945,1793
683,1793
643,2660
146,2379
3730,1389
1415,961
3574,95
2385,230
2707,15
134,2490
5091,2980
120,2326
268,9
856,2660
5911,992
1979,2171
2397,2455
4833,1372
843,1674
2295,2407
5810,1354
3986,978
207,1167
238,517
2122,1698
694,1285
4056,1451
4156,1389
549,2853
136,2455
549,638
3804,449
145,1228
926,1793
3961,1564
4123,2151
4995,2346
5575,935
762,638
82,2865
6,1298
3958,1037
3999,1038
1655,2841
2627,1991
3217,1002
5732,774
200,1285
1697,1037
4766,2378
2608,2880
4091,2963
2771,2349
2776,478
3015,2975
3022,1702
1074,2980
714,230
2173,1905
461,2753
1266,935
4232,1626
2926,193
4600,1793
999,1116
2893,16
5759,998
2089,2665
4436,2853
473,1006
2424,211
211,1006
1009,757
4579,1626
141,3162
3305,1128
2563,2706
4387,638
820,1006
2707,1667
788,2451
1368,2797
3107,2577
371,1116
1961,1096
3172,2706
3430,1015
5119,1203
4038,871
1061,516
3330,1013
4818,1211
1167,3157
5143,2728
633,2698
2214,1626
2369,517
438,15
1398,57
2726,1020
706,998
4505,1919
5869,324
1323,2623
2699,1560
3735,954
4514,921
5870,2949
204,1016
1771,2490
954,16
2143,1867
854,832
1585,1051
2499,2963
5873,968
597,3162
1877,2391
4303,1640
3606,1483
4560,1976
4732,1036
3410,1773
5588,203
4516,1640
2778,2728
758,2706
950,661
1836,2740
843,2521
3252,1372
547,1476
2235,759
4026,995
1513,774
5482,1389
3591,20
3947,1116
5411,1674
1163,661
3983,1298
1787,2740
5464,517
4237,2346
3038,1793
3700,2407
2153,2797
1592,20
208,1902
2300,1046
2876,2374
3769,965
498,2378
3734,2176
1926,310
5374,516
1148,16
2314,2378
4432,2706
4001,1702
3375,516
2979,516
4511,2706
1978,1116
51,1285
3931,1902
4383,2706
484,615
1031,1013
3357,324
2720,935
497,3065
528,2378
4690,1173
3807,789
371,2660
4614,2346
1195,2841
3874,321
1927,1006
3570,2310
2479,1519
3449,2249
4251,1476
4934,715
5056,2398
5503,643
728,1096
2206,2821
843,1837
2536,1006
3494,450
2909,1517
2246,1173
682,1919
2206,2003
2894,2377
420,1919
3028,2377
2560,2797
3580,638
5264,482
1814,203
3596,848
4708,789
2118,2829
3544,2378
5175,898
2363,2862
3232,1096
2559,1525
2984,2980
3567,3035
2455,2865
545,988
4153,2378
435,1116
1995,2880
1938,2346
1790,2182
1191,1099
4097,1022
4280,1372
3485,643
2134,945
1778,1835
2511,666
124,1116
1206,2841
4198,1976
4368,438
3080,1991
341,821
354,2975
2216,2182
2856,822
5321,965
1205,337
4154,859
2765,1872
1867,493
1041,643
4520,2377
4737,685
2209,193
827,2377
2379,2065
3451,1116
4728,865
3974,928
3602,1285
2731,9
1162,2626
1012,1110
5659,1640
5272,965
5270,138
473,832
1128,2490
4523,1372
2515,384
3738,1331
3533,633
732,9
145,478
3877,2163
3827,2571
4818,1963
774,945
1441,1903
4215,172
486,1939
5642,2346
3715,2515
4754,1389
996,2455
4924,1837
5096,3075
4165,2980
3630,2407
3905,397
4870,517
2079,1372
4550,1101
568,1456
2428,1260
112,193
1490,2963
833,478
3207,998
3747,2174
4605,2205
5947,1117
1507,1331
805,1813
3255,2880
1128,517
3984,2797
4182,1055
2119,397
3447,2821
1673,2037
2800,1024
1857,397
3383,1116
3658,1055
683,1298
5413,1331
3790,945
1756,988
5942,2880
1554,1793
3636,478
5210,2665
898,2162
1786,638
4222,2790
5530,1623
1202,2802
440,1018
435,2660
4968,1331
916,489
2053,2150
766,959
425,666
4568,2151
5767,489
1968,1517
1192,1067
5684,2706
1104,954
5307,2490
5680,1015
3218,611
5599,1844
3343,1020
1963,2378
108,666
1216,2821
5113,2853
5392,1285
5113,638
5751,666
5804,1724
2385,3010
5394,1331
1798,998
588,2471
3537,1007
4045,16
4294,2706
658,1483
2019,1640
761,2133
1613,952
3834,1001
1497,1006
638,1016
1951,3162
2183,516
5473,1331
1901,1355
2950,2378
2983,2326
5791,1906
1422,832
5271,1116
5164,2976
2707,930
3340,614
5847,1020
2865,92
3128,960
3453,2706
1765,3157
1168,952
2524,1748
1414,2176
4614,294
4311,2471
1384,1479
1145,968
4706,1051
261,921
3389,1674
2389,2728
1513,1071
3858,661
644,2379
1190,832
970,2549
5906,930
5455,2980
732,1674
1296,1487
3715,1026
3641,848
2519,1939
4828,930
5356,5
2916,1575
5359,2225
4335,1939
4023,2310
1038,1902
3068,397
69,54
2433,1872
2999,2549
165,516
982,775
1925,1173
4953,2217
5502,998
661,1097
4673,1116
2092,2747
700,2028
4468,1421
4917,1476
500,1674
796,2490
1393,2480
5531,881
3123,225
3804,1606
3990,2779
5752,1294
244,930
2267,2455
1257,2821
3563,2217
2552,2853
897,34
2079,943
2984,3035
3226,2797
4081,1096
2078,489
5649,994
1241,517
4310,138
294,643
1175,2378
392,986
239,478
8,57
512,2034
3294,2150
5109,2706
4240,2028
5852,2750
2689,2979
4184,2133
4084,2949
5416,1173
5457,945
3072,2451
689,2377
1816,1364
4703,971
5281,719
1525,397
2108,489
5941,2455
2806,1285
5318,1015
4473,960
5679,2980
1491,32
3287,1329
2886,2217
3719,986
4653,1793
1401,1270
2972,1991
368,1918
683,2976
1877,970
3688,2841
806,1097
4954,2660
2722,15
2930,3162
3566,865
4516,2205
3063,1476
1891,1026
4055,2490
760,1331
686,1116
295,1002
2829,2706
5501,2425
5938,1002
740,598
3830,1096
3890,1110
2567,1016
889,2155
3855,3075
3926,1329
4216,2034
594,2466
3543,1002
4336,638
2285,1037
1538,1517
903,1006
5402,1372
1157,2091
5092,2378
5716,2471
518,643
3331,1533
2424,563
1937,970
5651,1029
1802,516
4752,1906
3768,1241
4055,517
170,310
5490,1606
1560,2151
1599,1096
3445,1002
231,2949
4510,1097
1991,2374
5477,95
3491,1872
4611,1903
3558,2865
5900,952
1992,1027
590,1835
1352,172
729,3162
1078,1101
2842,968
5123,1031
703,1483
1255,2225
1907,2151
4768,2789
5651,921
3262,1002
2054,858
2056,1456
4198,2407
414,828
1649,3024
2599,2378
5383,1372
2979,384
1943,2747
1724,2151
1120,953
3360,1015
3721,2455
4402,2853
4297,1110
4104,1698
1323,2975
712,2821
2554,1036
3151,1026
5554,557
1368,3162
5638,965
2016,1626
908,666
5411,2494
5593,1451
844,3162
3530,2779
3924,949
3719,1483
4094,2821
2466,2091
398,3075
4417,64
2125,1569
4974,921
1772,1939
3766,777
1794,1698
56,1096
4918,760
744,450
2583,397
1129,1015
3672,95
5191,2841
4530,2866
2711,2797
3996,2407
2633,928
4116,1011
4322,1116
5029,2927
3045,1101
5032,0
1114,1831
5794,286
5749,1038
5778,1510
2734,1919
2813,980
55,992
1975,1867
3833,1073
889,666
5041,1217
5210,760
3666,438
1415,2173
2196,294
169,1279
2378,1991
2751,516
4859,193
1015,24
3356,2841
4177,2310
4677,2862
976,2247
2399,64
1979,710
2540,1006
2013,294
1915,954
2457,1237
5198,1581
552,1919
3833,965
5911,928
2430,2797
2752,633
2559,2453
2564,2797
2879,1640
5790,638
3470,2310
1228,1421
3866,95
5853,2155
2281,193
2675,1581
426,2490
5775,286
4889,193
5749,1051
2203,310
2562,1640
3804,614
4948,1002
1171,1560
3261,3075
5799,1811
4338,1487
475,1793
1160,1667
0,517
5814,1116
5445,2976
2496,2225
2251,1640
3433,2549
1912,1945
2029,1298
3870,3075
745,1573
2097,1173
2708,832
5077,2994
132,1575
416,1105
822,1793
3857,1564
5254,2398
5414,2350
5918,2378
5119,2173
752,1963
3228,2790
2464,1640
5422,1945
1947,1084
3659,2747
2764,1114
2750,950
3254,2927
3555,1872
5191,1002
213,2853
2825,2521
2964,2865
2737,193
756,1560
522,1393
2248,968
4314,1372
5109,1606
682,1116
1590,968
1098,1031
363,2797
4308,1557
5263,1026
1257,1024
5915,952
405,1976
2451,775
4130,2490
2750,1071
375,821
3625,517
5700,1000
4170,3020
2231,1674
923,397
4020,1046
1270,1902
1607,2490
1196,1458
2560,2344
3723,759
4635,1844
2217,3173
4158,1919
3485,1116
950,1173
1662,2133
3474,994
1803,3075
5031,1026
3043,1939
3461,1698
4984,685
4070,759
5042,2841
3151,489
1802,1389
5601,324
5876,2515
1669,2028
392,1525
454,3157
3587,1285
1999,1674
4905,1560
4077,3098
510,1517
2167,1487
30,2829
3418,15
3280,310
921,822
5255,2841
365,2590
5537,1773
2073,3020
5156,95
5529,2821
2828,1906
4665,1026
73,203
2860,138
2065,2378
2182,2963
401,1237
1564,1867
5294,968
5884,16
1656,638
3636,1298
3374,1527
2557,1793
4814,516
1820,517
1111,57
2033,1793
5570,1024
1165,2508
1423,1046
5573,2490
5015,1674
493,2344
3354,2753
4092,2453
5823,1618
1535,469
3381,2590
1941,928
243,1674
2493,438
2923,1483
3061,959
4002,1476
3501,965
2964,1026
4646,2975
3558,3162
292,489
4034,2862
5457,450
753,1372
5262,2426
2519,760
1216,1776
1742,1105
4307,661
5062,2028
172,2494
717,2065
2018,2171
5311,517
25,1020
3466,1479
751,666
3431,2949
1414,2407
4239,1173
1589,3162
3086,965
1723,3162
4490,489
5171,1116
3366,1019
3901,2346
3273,2777
5747,0
215,1036
645,95
1283,611
3284,1623
4607,2471
2506,1329
2081,2577
1459,1776
237,1963
712,3010
1949,1640
5060,9
5115,928
2107,2980
3826,859
5128,2853
1458,2342
258,1793
4814,1939
282,2150
1266,2549
5204,633
5612,1919
2711,2865
5051,2111
5555,1119
1878,1881
4918,10
255,1724
4164,2059
3672,1331
3990,2660
3298,2847
4566,1773
5691,1919
5116,1688
56,1285
3899,1724
4104,961
1375,1674
3527,1623
3119,337
4850,2471
1778,832
3051,1105
3063,2162
5425,1167
5931,1527
297,2256
1116,861
808,516
1613,1667
3596,1844
1072,2777
3221,2455
456,1525
471,1096
3160,230
5823,2344
4438,1372
3223,286
3230,1228
165,760
476,2379
1978,489
2083,2003
5734,2797
2007,961
4132,1036
1372,450
4536,3075
1494,2133
2177,1372
2528,138
2753,2471
2990,2155
1980,2521
712,2326
366,935
180,516
304,57
75,988
711,1872
5905,2800
3324,230
1567,1793
4251,849
5328,1476
5887,945
1449,1020
88,1866
2182,1837
2951,1116
4973,1773
2844,2976
5224,1355
5752,2706
3191,2037
3198,2979
4934,1027
2673,2865
4901,3065
457,945
5479,598
866,1867
1150,643
1065,3016
1609,928
4585,321
289,314
1488,2853
3334,1298
2236,1026
706,1097
3072,1527
5080,2249
21,2980
4281,95
554,1228
1256,517
177,1241
688,1228
865,2847
1550,2684
1426,928
2964,3162
4031,1640
4516,1389
5484,1026
1098,1099
4334,3075
1208,705
3522,945
4198,1228
4453,286
4067,516
173,489
2162,969
3392,2821
5787,2003
1344,980
2541,965
1028,2171
546,1939
1220,2378
67,2170
5666,666
542,1002
1454,64
2572,1483
4836,1902
5139,1674
4032,1582
4555,1623
5554,1364
363,1939
1404,1640
3790,1002
4330,229
990,2037
2224,921
2740,20
3082,952
1857,1393
819,2155
4768,1623
3541,1237
5316,2660
2441,2841
2157,1096
4246,760
5593,1211
5696,666
2141,334
4302,1298
71,2706
3675,1173
4981,1623
1025,3162
951,15
2998,2880
345,959
446,1011
3958,478
1497,3157
3625,9
259,138
3530,2660
2778,1564
1417,2639
4870,708
4820,1116
5675,1667
1222,2171
131,2841
5853,1902
5254,1085
447,1128
1894,1517
256,1560
1431,1527
2460,2194
400,1016
5087,2665
5502,921
773,1298
2712,2378
1590,1520
2409,2377
5623,2379
3861,666
344,2841
4771,1116
2613,1389
2303,638
1336,1640
880,606
3012,1623
3373,848
1747,945
4491,15
1182,1173
4988,821
5139,990
519,334
1883,991
3753,1483
5804,2841
4257,1016
4835,2979
1662,1517
2419,705
504,965
1161,1006
2138,1217
2893,1793
3836,959
3442,2789
5321,1640
1103,1001
1306,2821
2543,2205
5745,921
3205,2553
4554,2407
5543,935
3072,2963
4235,1644
2540,1116
4816,2821
1619,1002
4867,1820
4268,1003
586,2616
1133,1028
4584,714
1105,966
5900,2377
1466,945
2908,2976
3319,1793
2557,9
1414,489
2405,1867
5089,1640
3697,921
582,2847
5513,921
2846,1051
1932,1354
2794,861
2570,1116
1202,1020
2372,643
3201,2151
4364,832
3146,0
461,1510
4886,1173
3924,2482
421,2377
5930,2377
2833,708
3848,1211
5823,1002
1332,1251
2638,2455
4374,732
3185,2853
1337,1329
838,450
4181,337
4924,2862
3504,95
4552,775
443,3075
780,1906
5794,1698
71,1217
666,2558
3682,2841
4482,2665
411,1285
528,638
719,2155
1672,1026
1806,1026
2291,775
2408,128
4366,2490
5133,3157
4278,2377
4159,965
1774,2471
3947,557
3940,1564
2527,759
2551,1116
2840,990
4337,971
4803,478
1816,1421
2406,469
2962,2407
1984,1005
3625,1674
4451,1487
4169,2326
1576,685
2097,128
3288,2577
3437,2377
70,1867
5540,1939
5657,2753
2456,1000
3631,930
5321,848
4037,1389
1184,1329
4028,337
1820,493
10,15
4019,517
3561,871
4628,1793
268,310
980,1270
3724,2326
107,1116
1998,3010
743,3020
5881,138
2959,1476
2057,3065
5687,2753
169,947
3347,1292
5570,1939
2142,2880
5308,1939
320,1116
5105,1085
330,1575
5368,1724
5886,1421
841,64
4067,1389
1216,1173
560,2037
3122,127
4929,859
391,2753
4484,1906
1387,1028
1208,760
2715,1237
3164,1292
5548,1776
1749,2841
4557,2155
658,64
3003,1640
2220,211
2989,1476
1299,1329
4637,1626
901,2451
4929,980
763,760
2709,2590
4087,930
5386,438
1060,229
1999,1905
2594,1031
1436,516
1035,172
3365,945
1114,2451
362,1355
3757,1698
5464,1260
5825,2471
2830,1015
2310,2706
1627,986
5792,1476
2561,1793
491,193
1016,832
4137,643
124,2880
2125,2660
359,2225
5459,1037
2365,1329
1372,1110
976,881
4396,988
3224,2753
901,478
3700,2453
3674,774
157,2949
4448,397
766,24
4656,1329
2137,1623
4640,2553
657,1020
2116,517
4912,2975
4146,998
4223,1181
4130,2976
1769,638
4419,598
4852,1389
2574,1331
4382,945
2577,848
5189,516
1976,1116
1429,489
3547,1837
4188,1116
2116,2853
2758,2091
4733,2865
5187,1086
3797,965
5132,921
5686,2490
3463,1614
627,1235
3857,2184
1560,127
4772,1517
386,1028
5613,2133
5637,2490
360,1793
1215,2344
2815,1026
5656,517
3102,3005
3195,1018
4685,57
827,1939
3804,79
5833,3075
5623,1279
1815,2753
4363,945
2899,875
2907,965
4743,2398
2329,759
985,2003
5424,1564
147,2853
1327,949
2447,980
5651,294
2163,1221
563,324
3176,3075
4938,2344
3193,2490
827,1831
1780,2880
746,2660
2242,1221
831,489
1469,2466
5256,1872
1286,1298
2456,921
603,1793
3595,965
52,1919
2464,516
5637,517
5833,2378
5177,2976
1698,1013
199,397
1529,9
5820,2853
3105,54
3762,324
5319,1110
2091,1173
1740,2407
3531,2377
3605,2326
4474,789
5833,1331
158,1793
5282,1228
1309,3123
1204,2841
1703,310
4540,2577
2200,1116
440,230
3435,1097
1066,921
2332,1006
5532,1110
4439,953
1481,611
1866,3162
3349,3016
226,2378
66,928
4357,1557
2710,2800
4795,965
3649,2490
2814,871
3103,516
2213,3162
5537,1575
4728,3126
4635,2706
3320,450
5548,2407
305,1331
5119,15
4121,1667
3677,1919
3190,2326
1106,2777
552,3157
4535,489
1257,960
5612,1116
1918,211
3444,930
3953,1036
940,1024
3681,2563
4175,1903
88,1976
4431,1829
4531,1013
2872,704
5431,775
3591,1623
365,2284
4485,2065
3549,1626
15,2171
4989,1073
5865,478
3764,1285
4261,2091
2471,774
3603,2091
4176,1724
1652,1674
4245,1329
1571,517
3890,1101
1784,1793
867,172
2513,1939
569,478
171,1866
808,760
2652,822
2890,2865
679,57
1305,2963
4516,1270
1446,1919
4056,2975
5787,945
5799,16
3557,1867
2034,2880
1571,2853
3947,1793
5284,324
2856,1002
3121,253
2613,1015
519,1007
2298,1906
4617,2490
4531,1026
5288,968
3223,1698
630,57
943,517
12,3162
3336,821
3460,1116
3609,2407
4830,2490
4412,516
1074,1939
401,1173
1039,1918
103,1479
4012,2797
1567,2037
4812,1389
5495,2880
3924,2684
1997,2853
2420,1724
4550,1389
434,2747
4171,2790
1339,638
4173,1173
3689,2521
4644,3010
5838,1004
3243,2471
404,2346
4461,1051
5478,203
2131,2789
1420,2963
1976,2915
2707,1902
3765,1055
4401,2205
5222,1674
1247,2217
3233,965
3606,1476
3678,1581
1467,5
732,310
3803,2515
1165,1626
3906,950
599,2706
2519,2790
4078,2225
366,1421
2971,2133
5173,1903
1107,2853
4342,1517
54,139
2772,203
1530,1000
4348,1002
5000,928
1421,2225
4086,1002
1739,2800
3633,10
2590,1623
4627,1097
687,954
2387,1560
3001,965
5683,1372
2205,1260
1520,3143
4760,2151
2760,1024
2715,1776
3111,1776
3651,966
638,954
4857,1037
3807,1479
5909,2065
5589,397
2879,1389
4157,774
3350,974
3293,2426
3857,253
20,1026
1441,2217
930,15
1976,1292
4063,2344
4206,666
5112,1906
3352,1020
1332,998
936,998
5243,928
1586,2800
1536,2225
3735,2249
1572,2407
3681,1195
728,968
1222,79
1485,3162
5286,517
5392,2862
5626,2800
1474,2515
2899,930
4843,2162
2637,930
3645,2706
1880,1476
4674,138
4811,2853
3046,1623
2889,1905
957,1730
1910,2816
5416,2963
2004,2451
5450,1793
2661,2455
1255,2821
5508,980
2464,1389
2199,1872
4491,138
4601,2750
3935,1906
2923,1674
984,557
5910,2451
3045,1105
199,1270
2539,516
94,1742
3015,2660
818,3005
4751,708
2629,638
3978,1724
380,2779
270,921
5590,2217
256,986
3434,1331
5280,1237
4588,2407
4533,2471
5517,921
5085,998
2354,1867
1893,489
4954,20
5659,1270
583,2549
337,1096
2880,930
1044,1483
5660,2626
5180,1006
5359,1237
1728,2344
3884,1015
2139,666
4234,310
1784,438
3759,1020
3826,2205
3340,1036
2884,756
3166,1674
1509,1667
2610,1456
1887,832
2090,666
2759,2976
2862,1640
4264,2589
389,2841
1055,450
2378,1298
2326,2865
2004,828
4561,560
3938,1372
882,1919
2921,1991
2225,1241
3880,384
3572,2217
4315,2490
4403,2374
1493,1026
2966,2407
2584,127
1073,2426
4552,1945
3447,2451
2566,2702
5823,1354
945,3143
293,1002
4220,2374
2102,1026
4528,2490
2387,2407
613,1623
5740,2753
136,1698
2657,1773
841,1221
1137,2037
4333,2665
1267,1329
3791,921
327,1939
1316,1487
1397,2378
1676,1793
10,2003
3229,2349
498,774
4584,971
1831,95
2784,1181
5885,1831
4279,3075
3742,921
354,2981
3857,871
3826,1292
622,517
118,489
413,1575
1709,2091
4694,321
2417,2821
1782,95
192,1872
2568,775
4528,517
1291,1026
4223,1867
5603,1071
2578,968
644,949
3655,2349
2056,2549
676,1167
277,1421
3544,2747
158,9
5032,959
1137,64
503,2407
3832,935
4166,57
4255,1038
4307,1228
5914,1606
332,310
3952,1525
2437,2133
3784,1389
2621,493
969,2853
1067,1173
3064,16
1216,478
3105,2003
1950,968
1119,2797
4875,2853
2941,848
4217,2853
3529,1055
2056,1623
4107,2981
5155,921
3554,294
5500,138
3635,1939
5636,965
2559,968
2827,2705
2032,2205
872,1055
4783,2217
1892,1902
2269,1623
4017,994
2365,1331
2759,1487
2690,1653
1138,945
4259,756
4443,1331
5104,2797
4852,1270
4673,1793
3336,1010
5882,324
3996,1285
658,1476
2248,1456
2482,1623
914,1173
5785,2377
3292,2660
4656,1331
688,2816
3030,2660
3799,1939
4659,2797
5600,611
3153,1010
1023,1116
4526,992
4369,1237
5866,1026
3947,1285
4878,397
4904,1581
296,1016
1775,1623
887,666
3354,1939
4269,252
1996,2790
3391,774
1106,1235
3322,2660
4259,998
1747,1002
3556,1026
2821,1560
1040,1820
5078,1037
5264,1456
2917,1793
5434,1867
2762,1919
917,666
127,1035
1161,1063
3296,1560
4411,493
47,517
5477,1456
3161,1372
4044,965
3047,1270
306,1451
4347,2171
3213,2205
250,324
509,1487
1476,2471
4081,968
5736,2326
5202,1867
947,666
2889,3020
2104,2979
1380,1487
3797,2377
4831,1173
2315,3162
4641,2473
298,930
2610,2558
344,1046
2873,1211
4198,1674
2966,1173
5008,954
1677,138
4151,138
1716,1298
5455,1939
1604,828
4870,1020
2058,998
2832,2378
4069,3186
3816,2777
4556,1355
4521,314
3636,3075
3357,1674
3345,2374
2003,15
1958,2753
5738,1217
311,2976
2229,1001
474,230
4505,2706
5933,2853
1186,961
1172,1026
3137,2344
3966,1674
2694,54
2658,2346
913,2492
1997,2829
3587,3075
4320,2660
5175,959
4968,666
5396,1867
122,2407
3649,1674
717,2553
784,1560
3191,2028
4055,2133
4081,1331
5409,2065
2962,478
4455,1020
3799,1389
3250,127
1376,2374
2809,2865
4669,2706
1400,516
1821,775
3609,1228
3206,57
5188,3005
5568,1011
1413,980
4857,1939
831,1793
1404,1389
5851,2797
958,2800
4569,489
1052,449
4376,848
28,2866
3839,643
3467,1000
4568,789
3384,1002
3289,2162
2585,1063
1907,1902
3161,930
2280,1181
1356,2028
5704,2225
5895,1527
1399,1203
86,1006
198,15
5533,128
4719,1372
906,516
5400,2753
1596,1451
1575,611
3638,774
4267,1211
3465,294
4647,1203
4239,1903
4275,1331
491,3162
3029,666
3500,517
5687,716
735,1573
833,2862
3085,1241
246,1116
375,1001
5795,20
3790,993
2157,1905
1188,57
5842,775
2227,2378
926,57
4262,988
3250,2705
4783,2151
3317,1483
4929,2205
4896,2028
703,1476
2131,1623
5498,2133
3753,64
329,1006
4439,1560
3811,5
3711,821
1782,2378
877,57
4368,2848
151,1902
5949,1776
3703,1640
1212,2521
4940,3010
4484,1976
4787,1748
2044,1331
521,2344
1064,1051
1446,1116
3277,1010
2528,2841
3944,1702
4094,478
2509,384
797,478
52,324
2977,489
4333,760
5272,450
5814,2490
3436,774
3637,2979
65,2249
1663,821
3411,2407
5309,517
5895,2829
5485,2665
3809,2453
523,848
2345,397
3119,20
3871,1116
4819,2841
2649,1037
5469,1674
3886,2407
3428,775
3600,64
5147,1623
5386,1905
1162,2003
1024,1773
1072,1292
5020,3016
1388,774
4450,1173
5360,1623
5205,517
5320,2490
3033,2841
5132,978
1023,1292
1491,643
1467,20
1947,1640
5830,1020
3669,1776
3273,1776
2767,921
3675,1527
4055,2980
1409,15
4547,1456
5263,643
4915,1623
5476,1919
5750,1027
1102,2753
2778,521
1943,1117
1033,438
4293,822
2722,2841
2417,1976
3327,965
2458,2502
1181,2753
2196,516
3858,2816
4533,16
3327,2133
5565,1331
4419,2065
5276,1228
1776,832
2163,1278
1528,2753
2469,301
2441,993
190,2728
5503,2853
608,1026
2946,1623
3008,57
3517,2378
210,1919
5215,2157
3890,2660
5227,1228
483,1031
4134,1071
5701,64
3407,3186
4933,2407
1041,2490
4792,253
1865,1476
1894,945
2635,1623
3105,2326
2881,2847
5942,2378
4378,384
1678,832
2287,2862
878,2728
3525,2131
5636,1517
2498,2816
2215,1939
2781,2616
97,1116
2784,1867
3476,1451
3238,2037
5287,2797
1844,2706
3919,1203
3050,2740
1895,1476
317,2553
250,1331
2941,1292
1084,968
4518,2471
1278,1773
1309,1086
1087,2205
472,2841
4373,1329
114,881
1738,2660
5334,2764
5540,3098
342,516
268,301
5112,1116
5437,2862
2226,2865
3083,1991
4960,1476
1667,2901
4227,2379
5161,1237
3633,1906
114,1002
2999,2034
1041,2853
5389,2821
2297,301
442,2790
3264,1285
485,1211
5420,2171
5457,1235
2164,2660
4065,516
773,3075
5154,968
1609,1095
1769,1084
2025,1010
2051,16
4991,3162
4012,2841
1725,489
4870,2377
5692,2980
1819,1844
5408,1006
568,1101
1330,2848
3744,2797
3639,2515
4473,203
3964,2800
144,1002
841,2162
5713,193
5529,478
5787,1002
1000,2155
714,1569
5481,666
1546,2853
3150,193
3501,945
2303,1260
897,1626
3082,998
1554,1667
2282,2140
1230,523
1235,638
3551,1476
3886,5
1986,2492
1401,1573
5873,2065
3228,5
2445,2777
4076,1563
4872,2665
4579,871
974,3162
3584,2003
4833,1919
4248,1000
4733,520
1412,2378
2541,1963
316,489
5462,666
5558,1128
1153,397
1356,2217
2273,2377
4248,1939
3969,1063
1295,517
3887,2162
296,2173
2660,1776
4303,1582
1954,2553
5125,1919
1962,2377
4278,1000
902,936
5250,2853
131,2779
5272,397
1705,2980
889,1640
1137,1476
1178,1285
2382,2441
4281,1456
2397,1029
4959,1105
977,706
650,2297
3405,324
2126,1963
4911,3020
2432,986
4281,638
3345,953
4551,2219
1395,172
4234,1051
1864,2865
2196,1389
2917,1674
2951,2490
2429,1331
2293,2490
2356,294
3784,478
3541,2706
301,1483
2808,1623
5249,921
32,2490
240,978
3063,1095
4448,643
4384,1116
623,450
3553,959
1519,1002
5824,334
3833,1013
5070,397
2403,756
2236,1582
696,965
1069,1476
4118,1936
3068,2378
2410,2378
4972,2225
2580,2789
2263,638
4517,598
4913,598
979,1667
5485,760
3785,2140
2360,1510
4514,2515
5837,2151
3418,397
5202,1640
1408,1026
391,450
4992,598
5613,1211
5554,2028
5622,2980
3288,516
1975,1110
3811,557
903,1793
361,1510
593,3065
1749,2753
2559,1575
164,2393
3369,2841
129,1389
2156,138
342,2665
1490,314
2042,1056
5664,2344
1376,1195
51,1698
400,2377
3836,1031
503,812
2915,2378
3844,2841
5313,774
244,1046
4014,1037
2651,1285
5390,994
2831,2155
5711,3035
391,1510
2777,1101
62,517
5726,1623
1822,3123
2493,1867
2656,2797
3709,1569
1374,489
5861,2750
2442,64
5229,2739
1129,2378
2204,2407
430,2377
757,520
1280,1793
2792,1116
3179,1525
5679,2975
2468,2453
5434,138
2896,1173
5566,294
934,2553
4716,1844
5230,2065
870,2797
3416,2377
2100,1010
3979,2490
1264,1906
1603,1372
111,1698
2236,3005
2336,203
3282,1101
5620,1698
262,1867
1067,49
420,2453
2123,2310
3914,294
2485,3157
1673,1027
4211,517
5042,2660
1645,965
2127,968
504,2797
910,1270
3842,2377
2930,1063
4912,2779
5822,1051
569,2926
5808,1116
4416,397
1797,2490
4009,2490
4033,2847
4060,469
3960,1285
3898,2393
3156,1002
3166,229
1757,95
413,2571
1719,1560
5719,2471
5810,1835
1128,2553
3666,57
3411,1228
2833,1251
4344,1167
2597,2472
570,2225
5200,334
3302,9
2001,1623
829,1173
3981,2512
426,2217
3499,294
567,1173
5347,1027
2938,1718
4116,1919
4890,1084
3453,1117
4002,127
5557,1776
3979,638
5720,1016
1322,1456
1797,517
1642,643
5448,557
3293,310
5530,2841
359,1116
4784,2728
5818,2490
3796,638
1903,1623
3809,2563
4420,2451
4394,1001
4831,1793
5825,2880
5438,2205
4553,2980
4993,1037
4895,2451
230,598
1125,16
2570,1793
2735,2126
4755,1919
3311,1010
1869,928
3588,1776
4591,2225
2139,294
1748,638
3971,1285
5197,1217
1623,643
90,968
2232,1919
2746,2140
4451,875
1746,979
4592,2800
5454,321
1386,2393
5665,2490
4130,2217
1093,828
3753,1476
5818,517
1662,1510
1772,1116
3455,92
5681,1451
3351,1203
3695,1013
4529,2865
5122,935
903,1606
